Num_Acc,senc,catv,occutc,obs,obsm,choc,manv,num_veh
200800000788,0,7,0,0,2,3,19,A01
200800000788,0,2,0,0,2,1,1,B02
200800000789,0,10,0,0,2,1,1,A01
200800000789,0,7,0,0,2,1,13,B02
200800000790,0,7,0,1,0,2,17,A01
200800000790,0,7,0,0,0,6,24,B02
200800000791,0,2,0,0,2,1,2,A01
200800000791,0,1,0,0,2,4,2,B02
200800000792,0,7,0,8,0,1,1,A01
200800000793,0,7,0,0,2,7,15,A01
200800000793,0,30,0,0,2,1,1,B02
200800000794,0,7,0,0,2,3,1,A01
200800000794,0,7,0,0,2,3,1,B02
200800000795,0,7,0,0,1,3,1,A01
200800000796,0,15,0,13,0,2,1,A01
200800000797,0,7,0,13,0,3,1,A01
200800000798,0,7,0,0,2,7,1,A01
200800000798,0,7,0,0,2,1,1,B02
200800000799,0,32,0,0,0,0,1,A01
200800000800,0,7,0,0,1,3,1,A01
200800000801,0,7,0,0,2,7,15,A01
200800000801,0,2,0,0,2,1,1,B02
200800000802,0,7,0,0,2,1,1,B02
200800000802,0,7,0,0,2,7,19,A01
200800000803,0,7,0,13,0,1,1,A01
200800000804,0,7,0,0,1,1,1,A01
200800000805,0,7,0,13,0,3,1,A01
200800000806,0,7,0,0,2,3,15,B02
200800000806,0,30,0,0,2,1,1,A01
200800000807,0,7,0,13,0,0,1,A01
200800000808,0,7,0,0,1,4,4,A01
200800000809,0,17,0,0,2,3,13,A01
200800000809,0,7,0,0,2,1,1,B02
200800000810,0,7,0,0,2,1,1,A01
200800000810,0,7,0,0,2,4,15,B02
200800000811,0,10,0,0,1,2,1,A01
200800000812,0,2,0,0,2,1,1,A01
200800000812,0,7,0,0,2,4,0,B02
200800000813,0,10,0,0,2,1,23,C03
200800000813,0,10,0,0,2,2,15,A01
200800000813,0,10,0,1,2,1,1,B02
200800000814,0,7,0,0,2,3,2,A01
200800000814,0,2,0,0,2,1,1,B02
200800000815,0,17,0,2,0,3,1,A01
200800000816,0,7,0,0,0,1,14,A01
200800000817,0,7,0,0,1,3,1,A01
200800000818,0,7,0,0,2,1,1,A01
200800000818,0,7,0,0,2,5,1,B02
200800000819,0,7,0,0,2,3,1,A01
200800000819,0,7,0,0,2,3,1,B02
200800000820,0,7,0,0,2,3,1,B02
200800000820,0,32,0,0,2,8,15,A01
200800000821,0,7,0,2,0,9,1,A01
200800000822,0,7,0,0,1,3,2,A01
200800000823,0,7,0,0,0,1,15,A01
200800000823,0,32,0,0,0,1,1,B02
200800000824,0,7,0,0,2,3,1,A01
200800000824,0,1,0,0,2,7,19,B02
200800000825,0,7,0,0,1,2,1,A01
200800000826,0,2,0,0,2,1,17,A01
200800000826,0,10,0,0,2,1,2,B02
200800000827,0,7,0,0,1,1,1,A01
200800000828,0,7,0,0,2,3,13,A01
200800000828,0,7,0,0,2,3,1,B02
200800000829,0,7,0,13,0,1,13,A01
200800000830,0,7,0,0,2,2,13,A01
200800000830,0,7,0,0,2,1,1,B02
200800000831,0,10,0,0,1,2,1,A01
200800000832,0,33,0,0,2,1,17,A01
200800000832,0,14,0,0,2,6,15,B02
200800000833,0,31,0,0,4,1,1,A01
200800000833,0,39,0,0,2,7,1,B02
200800000834,0,30,0,0,0,4,11,A01
200800000834,0,10,0,0,2,2,1,B02
200800000835,0,7,0,13,0,1,2,A01
200800000836,0,7,0,12,0,5,1,A01
200800000837,0,33,0,0,2,5,15,B02
200800000837,0,7,0,0,2,1,9,A01
200800000838,0,7,0,0,2,1,15,A01
200800000838,0,2,0,0,2,1,1,B02
200800000839,0,7,0,0,2,1,13,A01
200800000839,0,7,0,0,2,1,1,B02
200800000840,0,15,0,0,2,3,23,A01
200800000840,0,30,0,1,0,8,13,B02
200800000841,0,33,0,0,2,1,17,A01
200800000841,0,7,0,0,2,3,15,B02
200800000842,0,33,0,0,0,8,0,A01
200800000843,0,7,0,0,2,2,1,A01
200800000843,0,7,0,0,2,2,1,B02
200800000844,0,7,0,0,2,2,15,A01
200800000844,0,99,0,0,2,1,1,B02
200800000845,0,7,0,0,2,7,1,A01
200800000845,0,30,0,0,2,3,1,B02
200800000846,0,7,0,13,0,9,1,A01
200800000847,0,10,0,0,2,3,13,A01
200800000847,0,10,0,0,2,3,21,B02
200800000848,0,7,0,0,1,3,1,A01
200800000849,0,2,0,13,0,1,14,A01
200800000850,0,14,0,0,2,1,2,A01
200800000850,0,7,0,0,2,4,2,B02
200800000850,0,7,0,0,2,4,2,C03
200800000850,0,7,0,0,2,4,2,D04
200800000851,0,7,0,0,2,3,9,A01
200800000851,0,7,0,0,2,5,1,B02
200800000851,0,7,0,0,2,0,1,C03
200800000852,0,7,0,0,2,1,1,A01
200800000852,0,21,0,0,0,0,1,B02
200800000853,0,7,0,0,2,2,15,A01
200800000853,0,2,0,0,2,1,1,B02
200800000854,0,7,0,0,6,1,1,A01
200800000855,0,17,0,0,2,8,17,A01
200800000855,0,7,0,0,2,3,1,B02
200800000856,0,7,0,0,2,1,1,A01
200800000856,0,10,0,0,2,1,1,B02
200800000857,0,7,0,13,0,9,1,A01
200800000858,0,2,0,0,2,1,1,B02
200800000858,0,7,0,0,0,2,0,A01
200800000859,0,7,0,0,2,0,1,A01
200800000859,0,10,0,0,0,0,10,B02
200800000860,0,7,0,0,2,4,2,A01
200800000860,0,7,0,0,2,1,15,B02
200800000860,0,7,0,0,2,1,5,C03
200800000860,0,7,0,0,2,1,1,D04
200800000861,0,10,0,0,2,4,15,A01
200800000861,0,7,0,1,0,2,1,B02
200800000862,0,7,0,0,0,0,1,A01
200800000863,0,7,0,13,0,1,13,A01
200800000864,0,3,0,0,2,7,19,A01
200800000864,0,7,0,0,2,1,1,B02
200800000865,0,10,0,8,0,1,1,A01
200800000866,0,7,0,0,2,8,13,A01
200800000866,0,7,0,0,2,1,1,B02
200800000866,0,33,0,0,2,1,1,C03
200800000867,0,32,0,0,2,3,2,A01
200800000867,0,15,0,0,2,4,4,B02
200800000868,0,7,0,0,1,2,1,A01
200800000869,0,7,0,0,2,2,17,A01
200800000869,0,21,0,0,2,3,15,B02
200800000870,0,7,0,0,2,3,13,A01
200800000870,0,14,0,0,2,3,1,B02
200800000871,0,7,0,0,2,3,9,A01
200800000871,0,31,0,0,2,2,1,B02
200800000872,0,17,0,0,0,6,10,A01
200800000872,0,7,0,0,2,3,1,B02
200800000872,0,7,0,13,2,1,21,C03
200800000873,0,7,0,0,0,0,11,A01
200800000873,0,33,0,0,2,0,21,B02
200800000874,0,33,0,8,0,9,1,A01
200800000875,0,7,0,0,2,1,13,A01
200800000875,0,7,0,0,2,1,1,B02
200800000876,0,30,0,9,0,1,1,A01
200800000877,0,7,0,0,2,8,16,A01
200800000877,0,17,0,0,2,2,1,B02
200800000878,0,7,0,13,0,2,1,A01
200800000879,0,7,0,0,2,3,13,A01
200800000879,0,7,0,0,2,3,1,B02
200800000880,0,7,0,0,1,2,1,A01
200800000881,0,7,0,0,2,2,5,A01
200800000881,0,7,0,0,2,1,1,B02
200800000881,0,7,0,0,2,1,2,C03
200800000882,0,7,0,8,0,1,1,A01
200800000883,0,7,0,0,1,1,1,A01
200800000884,0,30,0,14,0,7,1,A01
200800000885,0,7,0,1,1,1,1,A01
200800000886,0,7,0,0,2,3,13,A01
200800000886,0,7,0,0,2,3,13,B02
200800000887,0,7,0,0,2,1,9,A01
200800000887,0,2,0,0,2,7,1,B02
200800000888,0,7,0,0,2,3,0,B02
200800000888,0,30,0,0,2,1,13,A01
200800000889,0,7,0,0,2,3,17,A01
200800000889,0,7,0,0,2,3,1,B02
200800000890,0,7,0,0,1,2,21,A01
200800000891,0,10,0,0,1,2,1,A01
200800000892,0,33,0,13,0,1,19,A01
200800000893,0,7,0,13,0,1,1,A01
200800000894,0,7,0,0,2,8,9,A01
200800000894,0,2,0,0,2,1,1,B02
200800000895,1,99,0,0,1,0,2,A01
200800000896,0,15,0,0,2,3,15,A01
200800000896,0,33,0,0,2,7,17,B02
200800000897,0,7,0,0,1,1,1,A01
200800000898,0,15,0,16,0,2,1,A01
200800000899,0,10,0,0,2,3,13,A01
200800000899,0,7,0,0,0,3,1,B02
200800000900,0,7,0,0,2,1,5,A01
200800000900,0,7,0,0,2,1,21,B02
200800000901,0,10,0,0,1,2,1,A01
200800000902,0,7,0,0,2,7,5,A01
200800000902,0,7,0,0,2,1,1,B02
200800000902,0,7,0,0,2,1,1,C03
200800000903,0,7,0,0,2,1,1,A01
200800000903,0,15,0,0,2,1,16,B02
200800000904,0,7,0,0,2,8,1,B02
200800000904,0,7,0,0,2,1,1,A01
200800000905,0,37,0,0,2,7,1,A01
200800000905,0,37,0,0,2,1,0,B02
200800000906,0,7,0,0,0,6,1,A01
200800000906,0,31,0,0,2,2,2,B02
200800000907,0,7,0,8,0,1,1,A01
200800000908,0,7,0,0,2,3,1,A01
200800000908,0,7,0,0,2,2,1,B02
200800000909,0,7,0,1,0,1,0,A01
200800000910,0,31,0,0,2,1,0,A01
200800000910,0,10,0,0,2,6,11,B02
200800000911,0,10,0,0,2,1,13,A01
200800000911,0,7,0,0,2,1,1,B02
200800000912,0,7,0,0,2,3,13,A01
200800000912,0,1,0,0,2,0,13,B02
200800000913,0,7,0,0,1,7,1,A01
200800000914,0,7,0,0,2,1,15,A01
200800000914,0,7,0,0,2,1,1,B02
200800000915,0,7,0,0,2,1,1,A01
200800000915,0,30,0,0,2,1,19,B02
200800000916,0,7,0,0,0,5,15,A01
200800000916,0,33,0,0,2,1,1,B02
200800000917,0,7,0,14,0,1,2,A01
200800000917,0,7,0,0,0,4,23,B02
200800000918,0,7,0,0,1,7,16,A01
200800000919,0,7,0,0,2,7,19,A01
200800000919,0,7,0,0,2,2,1,B02
200800000919,0,7,0,0,2,1,1,C03
200800000920,0,7,0,13,0,0,13,A01
200800000921,0,7,0,2,0,9,1,A01
200800000922,0,33,0,11,0,1,1,A01
200800000923,0,30,0,0,2,1,2,A01
200800000923,0,7,0,0,2,2,11,B02
200800000924,0,7,0,13,0,3,17,A01
200800000925,0,7,0,0,2,3,1,A01
200800000925,0,10,0,0,2,3,1,B02
200800000926,0,17,0,0,2,2,2,A01
200800000926,0,7,0,0,0,6,1,B02
200800000927,0,7,0,0,2,3,13,A01
200800000927,0,7,0,3,2,3,1,B02
200800000927,0,7,0,0,2,1,21,C03
200800000928,0,7,0,2,0,3,1,A01
200800000929,0,7,0,0,1,2,16,A01
200800000930,0,7,0,2,0,8,0,A01
200800000931,0,30,0,0,2,1,1,A01
200800000931,0,3,0,0,0,4,1,B02
200800000932,0,7,0,0,0,5,15,A01
200800000932,0,33,0,0,0,1,1,B02
200800000933,0,2,0,0,2,1,2,A01
200800000933,0,7,0,0,2,5,2,B02
200800000934,0,7,0,13,0,2,19,A01
200800000935,0,7,0,13,0,1,1,A01
200800000936,0,33,0,0,2,7,17,A01
200800000936,0,7,0,0,2,8,21,B02
200800000937,0,7,0,2,0,2,1,A01
200800000938,0,2,0,6,0,1,1,A01
200800000939,0,7,0,0,2,1,1,A01
200800000939,0,7,0,0,2,1,1,B02
200800000940,0,7,0,0,1,3,1,A01
200800000941,0,7,0,0,2,1,17,A01
200800000941,0,7,0,0,2,1,1,B02
200800000942,0,7,0,0,2,8,1,A01
200800000942,0,14,0,0,2,3,1,B02
200800000943,0,7,0,0,2,3,5,A01
200800000943,0,7,0,0,2,3,1,B02
200800000944,0,7,0,0,0,9,1,A01
200800000945,0,17,0,4,0,8,19,A01
200800000946,0,7,0,0,2,1,13,A01
200800000946,0,7,0,0,2,3,1,B02
200800000947,0,30,0,0,2,6,19,A01
200800000947,0,37,0,0,2,3,1,B02
200800000948,0,7,0,2,0,1,1,A01
200800000949,0,7,0,0,5,1,1,A01
200800000950,0,7,0,0,0,1,1,A01
200800000950,0,7,0,0,1,8,1,B02
200800000951,0,7,0,0,2,3,1,A01
200800000951,0,30,0,0,2,1,0,B02
200800000952,0,10,0,13,0,9,13,A01
200800000953,0,7,0,0,2,3,13,A01
200800000953,0,17,0,2,2,8,21,B02
200800000954,0,7,0,0,2,3,13,A01
200800000954,0,10,0,0,0,2,1,B02
200800000955,0,7,0,2,0,9,1,A01
200800000956,0,15,0,16,0,8,1,A01
200800000957,0,7,0,0,0,1,1,A01
200800000958,0,7,0,2,0,3,13,A01
200800000959,0,7,0,6,0,1,1,A01
200800000960,0,7,0,8,0,1,1,A01
200800000961,0,31,0,0,2,1,1,B02
200800000961,0,7,0,0,2,6,15,A01
200800000962,0,7,0,2,0,1,1,A01
200800000963,0,7,0,8,0,1,1,A01
200800000964,0,7,0,0,1,7,1,A01
200800000965,0,7,0,0,2,1,13,A01
200800000965,0,7,0,0,2,1,1,B02
200800000966,0,33,0,3,0,7,0,A01
200800000967,0,31,0,0,0,3,1,A01
200800000968,0,31,0,13,0,1,14,A01
200800000969,0,7,0,0,2,1,19,A01
200800000969,0,7,0,0,2,1,1,B02
200800000970,0,7,0,0,1,3,1,A01
200800000971,0,7,0,13,0,3,1,A01
200800000972,0,7,0,8,0,8,1,A01
200800000973,0,7,0,6,0,7,1,A01
200800000974,0,33,0,8,0,1,21,A01
200800000975,0,7,0,0,2,1,13,A01
200800000975,0,7,0,0,2,1,1,B02
200800000975,0,10,0,0,2,2,1,C03
200800000976,0,7,0,0,0,3,13,A01
200800000976,0,7,0,0,2,3,1,B02
200800000976,0,10,0,0,0,1,1,C03
200800000977,0,7,0,0,2,3,13,A01
200800000977,0,7,0,0,2,3,1,B02
200800000978,0,7,0,13,0,1,1,A01
200800000979,0,10,0,0,2,1,1,A01
200800000979,0,17,0,0,2,3,1,B02
200800000980,0,7,0,0,2,2,15,A01
200800000980,0,2,0,0,2,1,1,B02
200800000981,0,7,0,0,2,1,15,A01
200800000981,0,7,0,0,2,3,1,B02
200800000982,0,7,0,0,1,2,1,A01
200800000983,0,7,0,0,1,2,17,A01
200800000984,0,7,0,0,2,8,13,A01
200800000984,0,7,0,0,2,3,1,B02
200800000985,0,7,0,0,2,1,13,A01
200800000985,0,7,0,0,2,1,21,B02
200800000986,0,10,0,0,6,2,1,A01
200800000987,0,7,0,6,0,2,1,A01
200800000988,0,7,0,0,1,6,4,A01
200800000989,0,10,0,0,1,2,2,A01
200800000990,0,7,0,0,1,1,15,A01
200800000991,0,32,0,0,2,8,13,A01
200800000991,0,7,0,0,2,8,1,B02
200800000992,0,7,0,0,2,3,13,A01
200800000992,0,7,0,0,2,3,1,B02
200800000993,0,7,0,13,0,1,1,A01
200800000994,0,7,0,0,2,7,14,A01
200800000994,0,7,0,0,2,3,1,B02
200800000995,0,30,0,0,2,1,13,A01
200800000995,0,7,0,0,2,3,1,B02
200800000996,0,33,0,0,2,1,17,A01
200800000996,0,7,0,0,2,3,1,B02
200800000997,0,7,0,0,1,3,1,A01
200800000998,0,7,0,11,0,1,1,A01
200800000999,0,7,0,0,2,3,15,A01
200800000999,0,2,0,0,2,8,1,B02
200800001000,0,7,0,16,0,3,1,A01
200800001001,0,7,0,13,0,9,1,A01
200800001002,0,7,0,0,0,9,0,A01
200800001003,0,7,0,2,0,1,13,A01
200800001004,0,31,0,13,0,1,0,A01
200800001005,0,7,0,0,2,1,1,A01
200800001005,0,17,0,0,0,3,1,B02
200800001006,0,7,0,0,1,1,1,A01
200800001007,0,31,0,0,2,1,1,B02
200800001007,0,7,0,0,2,3,15,A01
200800001008,0,7,0,0,1,2,1,A01
200800001009,0,7,0,0,2,7,1,A01
200800001009,0,15,0,0,2,1,21,B02
200800001010,0,7,0,0,2,5,19,A01
200800001010,0,7,0,0,2,1,1,B02
200800001011,0,7,0,0,2,2,15,A01
200800001011,0,31,0,0,2,1,1,B02
200800001012,0,7,0,0,2,1,1,A01
200800001012,0,7,0,0,2,7,1,B02
200800001013,0,7,0,13,0,1,0,A01
200800001014,0,7,0,0,2,3,1,A01
200800001014,0,31,0,0,2,2,12,B02
200800001015,0,7,0,0,2,1,21,A01
200800001015,0,7,0,0,2,1,1,B02
200800001016,0,7,0,0,1,1,1,A01
200800001017,0,7,0,0,1,2,1,A01
200800001018,0,7,0,0,2,3,13,A01
200800001018,0,17,0,0,2,3,1,B02
200800001019,0,3,0,0,2,2,1,A01
200800001019,0,7,0,0,2,3,1,B02
200800001020,0,7,0,0,0,8,15,A01
200800001020,0,7,0,0,2,1,1,B02
200800001021,0,7,0,6,0,3,1,A01
200800001022,0,7,0,0,2,2,17,A01
200800001022,0,7,0,0,2,8,15,B02
200800001023,0,7,0,0,2,3,1,A01
200800001023,0,7,0,0,2,3,13,B02
200800001024,0,7,0,0,2,3,13,A01
200800001024,0,7,0,0,2,3,1,B02
200800001025,0,7,0,0,0,1,1,A01
200800001026,0,7,0,11,0,1,1,A01
200800001027,0,7,0,0,2,3,2,A01
200800001027,0,2,0,0,0,4,2,B02
200800001028,0,7,0,0,2,2,19,A01
200800001028,0,7,0,0,2,7,1,B02
200800001029,0,7,0,0,0,3,14,A01
200800001029,0,7,0,0,2,2,1,B02
200800001030,0,7,0,0,1,3,15,A01
200800001031,0,7,0,2,0,1,1,A01
200800001032,0,17,0,0,2,8,11,A01
200800001032,0,7,0,0,2,7,1,B02
200800001033,0,15,0,3,0,3,0,A01
200800001034,0,7,0,13,0,3,13,A01
200800001035,0,7,0,1,9,1,1,A01
200800001035,0,99,0,0,2,3,15,B02
200800001036,0,7,0,0,2,2,13,A01
200800001036,0,33,0,0,2,1,1,B02
200800001037,0,7,0,0,2,1,1,A01
200800001037,0,33,0,0,6,1,13,B02
200800001038,0,7,0,3,2,1,13,A01
200800001038,0,7,0,3,2,1,1,B02
200800001038,0,7,0,3,2,2,11,C03
200800001039,0,7,0,2,0,9,11,A01
200800001040,0,7,0,13,0,1,1,A01
200800001041,0,2,0,0,2,1,1,A01
200800001041,0,10,0,0,2,1,1,B02
200800001042,0,7,0,8,0,3,21,A01
200800001043,0,7,0,0,1,1,16,A01
200800001044,0,7,0,0,2,1,1,A01
200800001044,0,7,0,0,2,1,13,B02
200800001045,0,32,0,0,2,1,1,A01
200800001045,0,10,0,0,2,2,1,B02
200800001046,0,7,0,0,2,1,0,A01
200800001046,0,99,0,0,2,1,0,B02
200800001047,0,7,0,0,2,8,15,A01
200800001047,0,30,0,0,2,1,1,B02
200800001048,0,7,0,0,2,1,21,A01
200800001048,0,7,0,0,2,1,1,B02
200800001049,0,7,0,0,2,7,13,A01
200800001049,0,7,0,0,2,3,1,B02
200800001050,0,7,0,0,2,1,17,A01
200800001050,0,7,0,0,2,1,1,B02
200800001050,0,7,0,0,2,2,1,C03
200800001051,0,10,0,0,2,3,1,A01
200800001051,0,7,0,0,2,3,1,B02
200800001052,0,99,0,13,0,8,14,A01
200800001053,0,13,0,13,0,1,19,A01
200800001054,0,30,0,6,0,0,1,A01
200800001055,0,30,0,15,0,2,1,A01
200800001056,0,7,0,0,0,0,1,A01
200800001057,0,33,0,8,0,7,1,A01
200800001058,0,7,0,16,0,1,1,A01
200800001059,0,30,0,0,2,1,9,A01
200800001059,0,10,0,0,2,1,1,B02
200800001060,0,7,0,6,0,1,1,A01
200800001061,0,7,0,2,0,1,1,A01
200800001062,0,7,0,0,2,2,15,A01
200800001062,0,7,0,0,2,1,1,B02
200800001063,0,7,0,13,0,8,1,A01
200800001064,0,7,0,0,1,2,1,A01
200800001065,0,7,0,0,1,1,1,A01
200800001066,0,33,0,0,2,1,13,A01
200800001066,0,33,0,0,2,1,1,B02
200800001067,0,7,0,6,0,2,13,A01
200800001068,0,7,0,0,2,1,1,A01
200800001068,0,7,0,0,0,4,23,B02
200800001069,0,7,0,0,2,1,5,A01
200800001069,0,7,0,0,2,1,1,B02
200800001069,0,7,0,15,2,8,1,C03
200800001070,0,7,0,0,2,8,15,A01
200800001070,0,31,0,0,2,7,17,B02
200800001071,0,13,0,0,0,0,1,A01
200800001072,0,15,0,0,1,3,15,A01
200800001073,0,7,0,0,2,3,13,A01
200800001073,0,34,0,0,2,1,1,B02
200800001074,0,7,0,0,0,3,23,A01
200800001074,0,30,0,0,0,1,1,B02
200800001075,0,30,0,0,0,0,1,A01
200800001076,0,33,0,13,0,1,1,A01
200800001077,0,7,0,13,0,2,1,A01
200800001078,0,7,0,0,2,1,17,A01
200800001078,0,7,0,0,2,8,2,B02
200800001078,0,7,0,0,2,3,1,C03
200800001079,0,30,0,6,0,1,1,A01
200800001080,0,7,0,0,2,2,1,A01
200800001080,0,7,0,0,2,1,1,B02
200800001081,0,7,0,0,1,1,1,A01
200800001082,0,7,0,0,9,3,15,A01
200800001082,0,1,0,0,2,8,1,B02
200800001083,0,7,0,0,0,9,1,A01
200800001084,0,7,0,0,2,7,1,A01
200800001084,0,2,0,0,2,8,16,B02
200800001085,0,2,0,0,0,7,1,A01
200800001086,0,7,0,0,2,8,13,A01
200800001086,0,7,0,0,2,3,1,B02
200800001087,0,33,0,0,2,1,17,A01
200800001087,0,7,0,0,0,3,15,B02
200800001088,0,33,0,0,2,1,1,B02
200800001088,0,7,0,0,2,3,23,A01
200800001089,0,7,0,0,1,2,1,A01
200800001090,0,7,0,0,2,3,17,A01
200800001090,0,7,0,0,2,7,17,B02
200800001091,0,2,0,0,0,7,1,A01
200800001092,0,7,0,0,2,2,15,A01
200800001092,0,33,0,0,2,1,1,B02
200800001093,0,7,0,13,0,3,13,A01
200800001094,0,7,0,13,0,2,1,A01
200800001095,0,7,0,2,0,1,1,A01
200800001096,0,7,0,0,2,1,17,A01
200800001096,0,7,0,0,2,3,1,B02
200800001096,0,7,0,0,2,1,0,C03
200800001097,0,33,0,2,0,1,1,A01
200800001098,0,7,0,0,2,3,21,A01
200800001098,0,7,0,0,2,3,13,B02
200800001099,0,14,0,0,1,1,1,A01
200800001100,0,7,0,4,0,3,1,A01
200800001101,0,15,0,0,1,2,1,A01
200800001102,0,7,0,0,2,1,1,A01
200800001102,0,7,0,0,2,2,1,B02
200800001102,0,7,0,0,2,3,1,C03
200800001103,0,7,0,0,2,1,13,A01
200800001103,0,7,0,0,2,3,1,B02
200800001104,0,7,0,0,0,3,1,A01
200800001104,0,30,0,0,2,1,1,B02
200800001105,0,7,0,2,0,2,1,A01
200800001106,0,7,0,2,0,1,1,A01
200800001107,0,38,0,0,2,3,1,A01
200800001107,0,7,0,0,2,1,9,B02
200800001108,0,7,0,0,2,3,15,A01
200800001108,0,30,0,0,2,1,13,B02
200800001109,0,7,0,0,2,5,1,A01
200800001109,0,7,0,0,2,1,1,B02
200800001110,0,7,0,0,1,4,4,A01
200800001111,0,7,0,0,0,7,19,A01
200800001111,0,33,0,0,2,1,1,B02
200800001112,0,7,0,2,0,1,14,A01
200800001113,0,7,0,0,2,1,13,A01
200800001113,0,7,0,0,2,1,1,B02
200800001114,0,31,0,3,0,1,1,A01
200800001115,0,31,0,0,0,1,1,A01
200800001116,0,33,0,0,5,7,0,A01
200800001117,0,30,0,0,2,3,1,A01
200800001117,0,7,0,0,2,3,23,B02
200800001118,0,33,0,0,2,3,13,A01
200800001118,0,7,0,0,0,3,1,B02
200800001119,0,7,0,0,2,8,1,A01
200800001119,0,7,0,0,2,1,1,B02
200800001120,0,1,0,0,0,0,1,A01
200800001121,0,10,0,0,2,1,1,A01
200800001121,0,33,0,0,2,8,1,B02
200800001122,0,7,0,0,2,1,1,A01
200800001122,0,10,0,0,2,1,1,B02
200800001122,0,7,0,0,2,2,1,C03
200800001123,0,7,0,2,2,1,13,A01
200800001123,0,7,0,0,2,2,1,B02
200800001124,0,7,0,10,0,2,1,A01
200800001125,0,7,0,16,0,1,1,A01
200800001126,1,7,0,0,1,3,1,A01
200800001127,0,7,0,0,0,3,1,A01
200800001127,0,7,0,0,0,3,1,B02
200800001128,0,7,0,0,0,2,14,A01
200800001129,0,15,0,0,2,1,1,A01
200800001129,0,7,0,0,2,3,1,B02
200800001130,0,30,0,0,0,0,1,A01
200800001131,0,7,0,0,2,1,12,A01
200800001131,0,7,0,0,2,4,1,B02
200800001131,0,7,0,0,2,1,1,C03
200800001132,0,7,0,2,0,1,1,A01
200800001133,0,15,0,0,2,1,1,A01
200800001133,0,7,0,0,2,4,15,B02
200800001134,0,7,0,13,0,2,1,A01
200800001135,0,7,0,0,0,9,0,A01
200800001136,0,10,0,0,2,5,19,B02
200800001136,0,2,0,0,2,1,1,A01
200800001137,0,7,0,13,0,1,1,A01
200800001138,0,14,0,2,0,3,0,A01
200800001139,0,7,0,0,2,3,13,A01
200800001139,0,7,0,0,2,3,1,B02
200800001140,0,7,0,2,0,3,13,A01
200800001141,0,7,0,0,2,8,1,A01
200800001141,0,7,0,0,2,1,1,B02
200800001142,0,7,0,13,0,3,13,A01
200800001143,0,7,0,0,2,8,15,A01
200800001143,0,17,0,0,2,1,2,B02
200800001144,0,7,0,0,1,3,1,A01
200800001145,0,7,0,0,2,1,1,A01
200800001145,0,33,0,0,2,1,5,B02
200800001146,0,7,0,16,2,7,15,A01
200800001146,0,7,0,0,2,1,1,B02
200800001147,0,7,0,6,0,2,1,A01
200800001148,0,2,0,0,2,7,19,A01
200800001148,0,7,0,0,9,1,1,B02
200800001148,0,7,0,13,0,1,21,C03
200800001149,0,10,0,0,0,1,9,A01
200800001149,0,10,0,0,0,2,1,B02
200800001150,0,7,0,2,0,8,1,A01
200800001151,0,7,0,0,2,2,15,A01
200800001151,0,30,0,0,2,3,1,B02
200800001152,0,7,0,0,2,4,1,A01
200800001152,0,17,0,0,2,2,2,B02
200800001153,0,7,0,0,2,3,15,A01
200800001153,0,7,0,0,2,3,1,B02
200800001154,0,7,0,13,0,0,1,A01
200800001155,0,7,0,0,2,1,1,A01
200800001155,0,7,0,0,2,2,1,B02
200800001156,0,7,0,0,2,1,13,A01
200800001156,0,7,0,0,2,2,1,B02
200800001157,0,7,0,2,0,1,14,A01
200800001158,0,10,0,8,0,1,1,A01
200800001159,0,7,0,2,0,1,13,A01
200800001160,0,7,0,0,0,2,1,A01
200800001160,0,30,0,0,2,7,19,B02
200800001161,0,10,0,0,0,4,23,A01
200800001161,0,7,0,0,0,4,23,B02
200800001161,0,10,0,14,0,1,1,C03
200800001162,0,33,0,1,0,1,1,A01
200800001162,0,10,0,0,0,6,23,B02
200800001163,0,7,0,8,0,6,1,A01
200800001164,0,7,0,0,1,3,1,A01
200800001165,0,33,0,16,0,1,1,A01
200800001166,0,7,0,2,0,1,1,A01
200800001167,0,7,0,0,2,1,9,A01
200800001167,0,33,0,0,2,7,21,B02
200800001168,0,7,0,0,0,0,0,A01
200800001168,0,99,0,0,0,0,0,B02
200800001169,0,7,0,4,0,0,1,A01
200800001170,0,2,0,0,2,1,1,A01
200800001170,0,7,0,0,2,7,15,B02
200800001170,0,7,0,0,2,3,1,C03
200800001171,0,33,0,0,2,8,13,A01
200800001171,0,7,0,0,2,8,0,B02
200800001172,0,33,0,0,2,1,1,A01
200800001172,0,7,0,0,2,4,1,B02
200800001173,0,7,0,0,2,1,17,A01
200800001173,0,7,0,0,2,3,1,B02
200800001174,0,7,0,0,2,3,1,A01
200800001174,0,7,0,0,2,3,13,B02
200800001175,0,7,0,13,0,9,1,A01
200800001176,0,7,0,0,2,3,2,A01
200800001176,0,10,0,0,2,5,6,B02
200800001177,0,7,0,0,2,3,9,A01
200800001177,0,7,0,0,2,2,1,B02
200800001178,0,33,0,2,0,1,1,A01
200800001179,0,32,0,0,2,1,6,A01
200800001179,0,7,0,0,2,3,1,B02
200800001180,0,7,0,0,2,3,13,A01
200800001180,0,14,0,0,2,8,1,B02
200800001181,0,30,0,6,0,2,0,A01
200800001182,0,7,0,0,2,3,17,A01
200800001182,0,7,0,0,2,3,1,B02
200800001183,0,7,0,8,0,1,1,A01
200800001184,0,7,0,0,2,2,17,A01