Num_Acc,senc,catv,occutc,obs,obsm,choc,manv,num_veh
200800001184,0,7,0,0,0,8,15,B02
200800001185,0,7,0,2,0,1,1,A01
200800001186,0,7,0,0,2,8,10,A01
200800001186,0,7,0,0,2,1,1,B02
200800001187,0,7,0,2,0,1,14,A01
200800001188,0,7,0,14,0,3,1,A01
200800001189,0,7,0,0,2,4,4,A01
200800001189,0,30,0,0,2,1,23,B02
200800001190,0,38,0,0,0,2,1,A01
200800001190,0,33,0,0,0,5,1,B02
200800001191,0,7,0,15,0,9,1,A01
200800001192,0,7,0,0,2,3,1,A01
200800001192,0,7,0,0,2,1,13,B02
200800001193,0,7,0,0,1,2,1,A01
200800001194,0,7,0,0,2,8,0,A01
200800001194,0,10,0,0,2,1,0,B02
200800001195,0,10,0,0,2,3,13,A01
200800001195,0,7,0,0,2,3,1,B02
200800001196,0,10,0,0,2,1,19,A01
200800001196,0,10,0,0,2,8,1,B02
200800001197,0,7,0,0,1,3,17,A01
200800001198,0,31,0,0,0,2,1,A01
200800001199,0,7,0,0,2,8,5,A01
200800001199,0,7,0,0,2,8,0,B02
200800001200,0,7,0,0,2,2,13,A01
200800001200,0,7,0,0,2,1,1,B02
200800001201,0,7,0,13,0,1,14,A01
200800001202,0,7,0,0,1,3,1,A01
200800001203,0,7,0,0,0,0,15,A01
200800001203,0,33,0,0,2,0,0,B02
200800001204,0,7,0,0,1,2,15,A01
200800001205,0,7,0,0,2,1,1,A01
200800001205,0,7,0,0,2,8,19,B02
200800001206,0,7,0,0,1,9,21,A01
200800001207,0,10,0,10,0,2,1,A01
200800001207,0,7,0,10,0,0,0,B02
200800001207,0,7,0,10,1,1,11,C03
200800001208,0,7,0,8,0,1,17,A01
200800001209,0,33,0,0,0,0,0,A01
200800001209,0,14,0,0,0,0,0,B02
200800001210,0,2,0,0,2,2,13,A01
200800001210,0,7,0,0,2,2,1,B02
200800001211,0,7,0,0,0,7,19,A01
200800001211,0,10,0,0,2,1,1,B02
200800001211,0,7,0,0,0,1,23,C03
200800001212,0,7,0,0,2,1,1,A01
200800001212,0,2,0,0,2,1,1,B02
200800001213,0,7,0,0,1,2,1,A01
200800001214,0,7,0,0,2,1,5,A01
200800001214,0,7,0,0,2,1,1,B02
200800001215,0,14,0,0,2,1,1,A01
200800001215,0,7,0,0,0,7,15,B02
200800001216,0,10,0,0,2,2,17,A01
200800001216,0,1,0,0,2,0,13,B02
200800001217,0,7,0,0,2,1,15,A01
200800001217,0,7,0,0,2,1,1,B02
200800001217,0,7,0,0,2,0,1,C03
200800001218,0,7,0,0,2,3,1,A01
200800001218,0,7,0,0,2,3,1,B02
200800001219,0,7,0,0,0,9,1,A01
200800001220,0,21,0,0,0,4,1,A01
200800001220,0,7,0,0,2,1,1,B02
200800001221,0,30,0,0,1,3,13,A01
200800001222,0,7,0,0,2,9,1,A01
200800001222,0,10,0,0,2,1,1,B02
200800001222,0,7,0,0,2,8,1,C03
200800001222,0,10,0,0,2,0,1,D04
200800001223,0,30,0,16,0,0,1,A01
200800001224,0,7,0,2,0,2,1,A01
200800001225,0,7,0,0,0,9,1,A01
200800001226,0,7,0,0,2,3,17,A01
200800001226,0,2,0,0,2,1,1,B02
200800001227,0,7,0,0,1,2,1,A01
200800001228,0,33,0,0,0,0,17,A01
200800001228,0,7,0,0,2,0,17,B02
200800001229,0,7,0,2,0,2,1,A01
200800001230,0,7,0,0,2,8,19,A01
200800001230,0,7,0,0,2,1,1,B02
200800001231,0,10,0,0,1,4,4,A01
200800001232,0,17,0,0,2,1,1,A01
200800001232,0,17,0,0,2,4,1,B02
200800001233,0,7,0,2,0,1,0,A01
200800001234,0,7,0,2,0,3,1,A01
200800001235,0,30,0,0,0,7,1,A01
200800001236,0,7,0,0,9,8,1,A01
200800001236,0,1,0,0,2,1,15,B02
200800001237,0,7,0,0,2,1,17,A01
200800001237,0,7,0,0,2,1,1,B02
200800001238,0,7,0,0,1,5,1,A01
200800001239,0,10,0,0,0,3,10,A01
200800001239,0,33,0,0,2,3,1,B02
200800001240,0,17,0,0,2,6,1,A01
200800001240,0,7,0,0,2,3,21,B02
200800001241,0,7,0,0,2,3,1,A01
200800001241,0,10,0,0,2,1,1,B02
200800001242,0,7,0,8,6,3,21,A01
200800001243,0,7,0,0,2,3,5,A01
200800001243,0,7,0,0,2,3,1,B02
200800001244,0,7,0,13,0,1,1,A01
200800001245,0,7,0,13,0,1,1,A01
200800001246,0,7,0,2,0,2,1,A01
200800001247,0,7,0,0,2,7,15,A01
200800001247,0,7,0,0,2,1,1,B02
200800001248,0,14,0,0,2,1,13,A01
200800001248,0,7,0,0,2,1,1,B02
200800001249,0,2,0,0,0,0,0,A01
200800001250,0,7,0,2,0,1,1,A01
200800001251,0,7,0,2,2,7,17,A01
200800001251,0,7,0,0,2,7,1,B02
200800001252,0,7,0,2,0,8,1,A01
200800001253,0,30,0,16,0,9,16,A01
200800001254,0,30,0,0,0,7,19,A01
200800001254,0,7,0,0,0,1,1,B02
200800001255,0,7,0,0,1,6,4,A01
200800001256,0,7,0,0,1,2,1,A01
200800001257,0,33,0,0,0,2,17,A01
200800001257,0,13,0,0,2,2,17,B02
200800001257,0,7,0,0,2,3,1,C03
200800001258,0,7,0,0,1,4,4,A01
200800001259,0,7,0,0,2,3,15,A01
200800001259,0,33,0,0,2,8,1,B02
200800001260,0,7,0,13,0,9,2,A01
200800001261,0,7,0,0,2,1,19,A01
200800001261,0,2,0,0,2,7,1,B02
200800001262,0,7,0,0,1,4,4,A01
200800001263,0,7,0,0,2,1,1,A01
200800001263,0,7,0,0,2,1,1,B02
200800001264,0,7,0,0,9,3,1,A01
200800001264,0,31,0,0,2,1,1,B02
200800001265,0,7,0,0,2,3,1,A01
200800001265,0,33,0,0,2,1,1,B02
200800001266,0,7,0,0,2,2,1,A01
200800001266,0,7,0,0,2,8,1,B02
200800001267,0,10,0,6,0,3,13,A01
200800001268,0,7,0,8,0,3,1,A01
200800001269,0,7,0,0,2,6,13,A01
200800001269,0,7,0,0,2,2,1,B02
200800001270,0,7,0,8,6,7,12,A01
200800001270,0,15,0,8,2,1,21,B02
200800001271,0,7,0,2,0,2,13,A01
200800001272,0,7,0,13,0,7,1,A01
200800001273,0,30,0,0,2,8,1,A01
200800001273,0,15,0,0,2,8,1,B02
200800001274,0,7,0,0,2,1,13,A01
200800001274,0,7,0,0,2,1,1,B02
200800001275,0,2,0,0,2,2,2,A01
200800001275,0,2,0,0,2,6,2,B02
200800001276,0,7,0,8,0,1,1,A01
200800001277,0,7,0,1,0,1,19,A01
200800001277,0,7,0,0,2,1,24,B02
200800001278,0,7,0,8,0,8,1,A01
200800001279,0,7,0,6,0,1,1,A01
200800001280,0,7,0,0,1,2,16,A01
200800001281,0,10,0,13,0,2,17,A01
200800001282,0,7,0,0,2,2,1,A01
200800001282,0,14,0,0,2,3,1,B02
200800001283,0,30,0,1,0,1,1,A01
200800001284,0,33,0,13,0,1,1,A01
200800001285,0,7,0,0,1,7,1,A01
200800001286,0,7,0,0,5,3,1,A01
200800001287,0,7,0,0,2,3,15,A01
200800001287,0,7,0,0,2,3,1,B02
200800001288,0,7,0,0,9,2,19,A01
200800001288,0,1,0,0,2,1,0,B02
200800001289,0,7,0,6,0,1,13,A01
200800001290,0,7,0,0,0,1,5,A01
200800001290,0,7,0,0,0,1,0,B02
200800001290,0,7,0,0,0,0,0,C03
200800001291,0,7,0,0,2,3,17,A01
200800001291,0,30,0,0,2,1,1,B02
200800001292,0,7,0,0,2,3,1,A01
200800001292,0,7,0,0,2,2,1,B02
200800001293,0,10,0,0,2,1,2,A01
200800001293,0,10,0,0,2,1,1,B02
200800001293,0,7,0,0,2,3,24,C03
200800001293,0,7,0,0,2,6,24,D04
200800001294,0,7,0,0,0,0,17,A01
200800001295,0,7,0,13,0,9,1,A01
200800001296,0,7,0,8,0,3,1,A01
200800001297,0,33,0,0,6,1,1,A01
200800001298,0,7,0,0,2,7,1,A01
200800001298,0,7,0,0,2,8,15,B02
200800001299,0,7,0,0,1,1,1,A01
200800001300,0,30,0,0,2,1,1,A01
200800001300,0,1,0,0,2,7,1,B02
200800001301,0,7,0,13,0,1,15,A01
200800001302,0,33,0,0,2,1,1,A01
200800001302,0,7,0,0,2,3,15,B02
200800001303,0,7,0,0,2,1,19,A01
200800001303,0,7,0,0,2,7,1,B02
200800001304,0,10,0,2,0,3,13,A01
200800001305,0,7,0,0,0,0,15,A01
200800001305,0,32,0,0,0,1,1,B02
200800001306,0,17,0,0,2,2,1,A01
200800001306,0,7,0,0,2,4,1,B02
200800001306,0,17,0,0,2,4,1,C03
200800001307,0,7,0,1,0,1,1,A01
200800001307,0,7,0,0,2,4,24,B02
200800001308,0,7,0,3,2,3,5,A01
200800001308,0,7,0,0,2,3,17,B02
200800001308,0,7,0,0,2,8,1,C03
200800001309,0,7,0,14,0,1,1,A01
200800001309,0,7,0,0,2,4,23,B02
200800001310,0,30,0,0,1,1,17,A01
200800001311,0,7,0,0,2,2,15,A01
200800001311,0,2,0,0,2,1,1,B02
200800001312,0,30,0,0,2,1,1,A01
200800001312,0,7,0,0,2,1,15,B02
200800001313,0,7,0,0,2,7,13,A01
200800001313,0,7,0,0,2,1,1,B02
200800001314,0,14,0,0,0,6,1,A01
200800001314,0,7,0,0,2,0,17,B02
200800001315,0,10,0,0,2,2,1,A01
200800001315,0,17,0,0,0,0,1,B02
200800001315,0,17,0,0,0,6,1,C03
200800001316,0,16,0,4,0,3,23,A01
200800001316,0,7,0,14,0,3,1,B02
200800001317,0,7,0,0,2,1,17,A01
200800001318,0,7,0,0,0,2,2,A01
200800001318,0,7,0,0,0,6,2,B02
200800001319,0,7,0,3,0,1,1,A01
200800001320,0,10,0,3,0,1,0,A01
200800001321,0,15,0,3,0,1,13,A01
200800001321,0,38,0,0,2,1,1,B02
200800001322,0,7,0,4,0,1,1,A01
200800001323,0,7,0,0,2,3,14,A01
200800001323,0,7,0,0,0,8,1,B02
200800001324,0,10,0,15,0,3,1,A01
200800001325,0,7,0,0,2,6,23,A01
200800001325,0,10,0,1,1,7,13,B02
200800001326,0,7,0,3,0,1,1,A01
200800001327,0,7,0,4,0,1,1,A01
200800001327,0,17,0,0,0,6,2,B02
200800001328,0,7,0,0,2,3,11,A01
200800001328,0,7,0,0,2,2,1,B02
200800001328,0,7,0,0,2,8,1,C03
200800001329,0,7,0,3,0,7,21,A01
200800001330,0,10,0,0,1,2,1,A01
200800001331,0,7,0,6,0,2,1,A01
200800001332,0,2,0,0,2,2,1,A01
200800001332,0,7,0,0,2,3,9,B02
200800001333,0,7,0,0,0,0,0,A01
200800001334,0,7,0,4,0,3,21,A01
200800001335,0,15,0,0,2,6,1,A01
200800001335,0,7,0,3,0,5,17,B02
200800001335,0,7,0,0,2,3,17,C03
200800001335,0,7,0,0,2,3,17,D04
200800001336,0,10,0,0,2,6,23,A01
200800001336,0,17,0,0,2,6,23,B02
200800001336,0,17,0,14,0,2,21,C03
200800001336,0,7,0,14,0,3,1,D04
200800001336,0,7,0,14,0,3,1,E05
200800001337,0,1,0,0,0,0,1,A01
200800001338,0,7,0,6,0,1,15,A01
200800001339,0,7,0,0,2,1,15,A01
200800001339,0,2,0,0,2,1,1,B02
200800001340,0,7,0,15,0,1,1,A01
200800001341,0,10,0,0,0,1,2,A01
200800001341,0,14,0,0,2,1,2,B02
200800001342,0,7,0,0,2,2,1,B02
200800001342,0,7,0,0,2,3,16,A01
200800001343,0,33,0,0,2,2,1,A01
200800001343,0,7,0,0,2,3,1,B02
200800001344,0,7,0,0,2,1,13,A01
200800001344,0,15,0,0,2,3,1,B02
200800001345,0,7,0,0,2,2,13,A01
200800001345,0,7,0,0,2,5,21,B02
200800001345,0,7,0,0,2,3,0,C03
200800001346,0,10,0,0,2,5,16,A01
200800001346,0,2,0,0,2,1,2,B02
200800001347,0,7,0,0,2,1,13,A01
200800001347,0,7,0,0,2,1,1,B02
200800001348,1,99,0,0,1,0,2,A01
200800001349,0,7,0,0,2,3,13,A01
200800001349,0,7,0,0,2,3,1,B02
200800001350,0,7,0,13,0,3,1,A01
200800001351,0,17,0,0,2,5,3,A01
200800001351,0,7,0,0,2,2,1,B02
200800001352,0,7,0,3,0,3,17,A01
200800001352,0,7,0,3,0,3,21,B02
200800001352,0,7,0,0,2,4,23,C03
200800001352,0,7,0,1,0,1,1,D04
200800001353,0,17,0,4,0,8,1,A01
200800001354,0,17,0,3,0,7,1,A01
200800001355,0,7,0,0,0,1,2,A01
200800001356,0,10,0,0,0,4,2,A01
200800001356,0,7,0,4,2,1,1,B02
200800001356,0,7,0,0,2,4,23,C03
200800001356,0,7,0,0,2,1,9,D04
200800001357,0,7,0,0,2,7,13,A01
200800001357,0,7,0,0,2,1,1,B02
200800001358,0,14,0,4,0,2,1,A01
200800001359,0,14,0,0,0,6,23,A01
200800001359,0,14,0,1,0,2,0,B02
200800001360,0,7,0,0,0,4,2,A01
200800001360,0,10,0,0,0,4,2,B02
200800001360,0,10,0,14,0,1,2,C03
200800001360,0,10,0,0,2,4,2,D04
200800001360,0,10,0,14,0,1,0,E05
200800001361,0,10,0,0,1,3,15,A01
200800001362,0,7,0,0,0,4,1,A01
200800001362,0,7,0,0,2,1,2,B02
200800001363,0,7,0,3,2,1,17,A01
200800001363,0,14,0,0,2,3,1,B02
200800001364,0,7,0,0,2,1,2,A01
200800001364,0,17,0,0,0,4,2,B02
200800001365,0,10,0,3,0,9,0,A01
200800001366,0,7,0,0,2,4,3,A01
200800001366,0,10,0,0,2,1,1,B02
200800001366,0,14,0,0,0,4,1,C03
200800001367,0,7,0,8,0,5,0,A01
200800001368,0,7,0,13,0,3,1,A01
200800001369,0,7,0,0,2,3,15,A01
200800001369,0,33,0,0,2,1,1,B02
200800001370,0,7,0,13,0,9,17,A01
200800001371,0,7,0,0,2,3,1,A01
200800001371,0,7,0,0,2,2,1,B02
200800001372,0,7,0,0,2,1,2,A01
200800001372,0,17,0,0,0,4,2,B02
200800001373,0,7,0,13,0,9,1,A01
200800001374,0,7,0,13,0,2,14,A01
200800001375,0,7,0,16,0,1,14,A01
200800001376,0,7,0,0,2,1,2,A01
200800001376,0,14,0,0,0,0,0,B02
200800001377,0,7,0,0,1,1,1,A01
200800001378,0,7,0,0,9,1,11,A01
200800001379,0,10,0,0,2,1,1,A01
200800001379,0,2,0,0,2,7,19,B02
200800001380,0,32,0,11,0,1,1,A01
200800001381,0,7,0,13,0,2,17,A01
200800001382,0,7,0,3,0,8,1,A01
200800001382,0,7,0,3,2,2,14,B02
200800001382,0,7,0,0,2,1,21,C03
200800001382,0,7,0,0,2,2,21,D04
200800001383,0,7,0,5,2,1,2,A01
200800001383,0,17,0,0,2,4,2,B02
200800001384,0,17,0,16,0,0,0,A01
200800001385,0,15,0,3,0,3,6,A01
200800001386,0,30,0,0,2,1,1,A01
200800001386,0,30,0,0,2,2,12,B02
200800001387,0,7,0,0,1,3,1,A01
200800001388,0,7,0,0,1,2,1,A01
200800001389,0,7,0,0,2,1,1,A01
200800001389,0,7,0,0,2,5,9,B02
200800001390,0,33,0,4,0,1,0,A01
200800001391,0,17,0,0,2,4,1,A01
200800001391,0,7,0,0,2,1,14,B02
200800001392,0,30,0,0,0,1,1,A01
200800001393,0,7,0,0,0,1,0,A01
200800001393,0,7,0,0,2,1,0,B02
200800001394,0,7,0,0,2,1,2,A01
200800001395,0,2,0,0,2,1,1,A01
200800001395,0,7,0,0,0,8,19,B02
200800001396,0,10,0,0,2,8,1,A01
200800001396,0,32,0,0,2,7,1,B02
200800001397,0,7,0,0,2,2,19,A01
200800001397,0,7,0,0,2,3,1,B02
200800001398,0,7,0,0,2,1,13,A01
200800001398,0,7,0,0,2,3,0,B02
200800001399,0,7,0,0,0,3,1,A01
200800001399,0,33,0,0,0,8,1,B02
200800001400,0,33,0,0,2,3,1,A01
200800001400,0,7,0,0,2,3,15,B02
200800001401,0,7,0,0,2,1,5,A01
200800001401,0,7,0,0,2,1,1,B02
200800001402,0,10,0,0,2,1,1,A01
200800001402,0,21,0,0,0,4,1,B02
200800001403,0,7,0,0,1,3,1,A01
200800001404,0,7,0,0,9,2,1,A01
200800001404,0,1,0,0,2,4,19,B02
200800001405,0,38,0,0,0,6,23,A01
200800001405,0,7,0,14,0,2,2,B02
200800001406,0,7,0,0,0,4,23,A01
200800001406,0,14,0,1,0,2,2,B02
200800001407,0,7,0,0,2,3,1,A01
200800001407,0,30,0,0,2,8,15,B02
200800001408,0,1,0,0,2,8,1,A01
200800001408,0,7,0,0,2,7,16,B02
200800001409,0,7,0,0,2,8,1,A01
200800001409,0,7,0,0,2,1,15,B02
200800001410,0,7,0,3,0,1,1,A01
200800001411,0,7,0,0,2,2,1,A01
200800001411,0,7,0,0,2,3,15,B02
200800001412,0,33,0,0,2,2,1,A01
200800001413,0,7,0,0,2,3,2,A01
200800001413,0,10,0,0,0,0,2,B02
200800001413,0,7,0,1,0,1,2,E05
200800001414,0,7,0,13,0,1,1,A01
200800001415,0,7,0,13,0,3,1,A01
200800001416,0,7,0,0,2,8,10,A01
200800001416,0,33,0,0,2,1,0,B02
200800001417,0,10,0,0,1,3,15,A01
200800001418,0,10,0,0,2,2,17,A01
200800001418,0,14,0,0,0,6,1,B02
200800001419,0,7,0,3,0,1,1,A01
200800001420,0,99,0,3,0,1,1,A01
200800001421,0,17,0,3,0,1,1,A01
200800001421,0,7,0,3,0,1,1,C03
200800001422,0,7,0,6,0,1,2,A01
200800001423,0,7,0,0,2,3,2,A01
200800001423,0,17,0,0,2,5,1,B02
200800001424,0,7,0,13,0,2,14,A01
200800001425,0,7,0,13,0,2,0,A01
200800001426,0,15,0,0,2,6,10,A01
200800001426,0,7,0,0,2,2,1,B02
200800001427,0,7,0,1,0,1,1,A01
200800001427,0,7,0,16,0,4,1,B02
200800001428,0,7,0,0,2,4,1,A01
200800001428,0,10,0,0,2,1,1,B02
200800001429,0,7,0,0,0,2,0,A01
200800001430,0,17,0,16,0,8,16,A01
200800001431,0,7,0,3,0,9,1,A01
200800001432,0,10,0,5,0,3,13,A01
200800001433,0,7,0,3,0,6,1,A01
200800001434,0,7,0,0,2,7,12,A01
200800001434,0,33,0,0,2,1,1,B02
200800001435,0,7,0,0,2,9,2,A01
200800001435,0,7,0,0,2,1,2,B02
200800001435,0,15,0,0,2,6,0,C03
200800001435,0,15,0,0,2,4,0,D04
200800001436,0,15,0,0,2,2,2,A01
200800001436,0,7,0,0,0,3,23,B02
200800001437,0,33,0,0,0,3,1,A01
200800001438,0,7,0,13,0,2,17,A01
200800001439,0,7,0,2,0,9,1,A01
200800001440,0,33,0,3,0,1,2,A01
200800001441,0,10,0,0,2,4,16,A01
200800001441,0,10,0,0,2,1,1,B02
200800001442,0,7,0,12,0,1,1,A01
200800001443,0,7,0,15,0,1,15,A01
200800001444,0,7,0,0,2,3,17,A01
200800001444,0,7,0,0,2,3,1,B02
200800001445,0,7,0,0,2,7,13,A01
200800001445,0,7,0,0,2,1,1,B02
200800001446,0,7,0,0,0,6,1,A01
200800001446,0,7,0,1,0,1,21,B02
200800001446,0,7,0,0,0,4,1,C03
200800001446,0,17,0,0,0,4,1,D04
200800001446,0,7,0,0,0,2,17,E05
200800001447,0,7,0,16,0,0,14,A01
200800001448,0,10,0,0,2,6,17,A01
200800001448,0,7,0,2,2,1,17,B02
200800001449,0,7,0,0,2,1,15,A01
200800001449,0,7,0,0,2,2,1,B02
200800001450,0,7,0,0,2,7,13,A01
200800001450,0,7,0,0,2,1,1,B02
200800001451,0,7,0,0,0,3,5,A01
200800001451,0,7,0,0,0,3,23,B02
200800001452,0,33,0,0,0,0,1,A01
200800001453,0,7,0,4,0,3,1,A01
200800001454,0,7,0,0,2,2,13,A01
200800001454,0,7,0,0,2,3,1,B02
200800001455,0,7,0,0,2,3,13,A01
200800001455,0,2,0,0,0,3,1,B02
200800001456,0,7,0,0,1,2,1,A01
200800001457,0,7,0,0,2,7,13,A01
200800001457,0,7,0,0,2,1,1,B02
200800001458,0,10,0,0,2,2,2,A01
200800001458,0,1,0,0,2,4,2,B02
200800001459,0,10,0,10,2,1,1,A01
200800001459,0,7,0,10,2,7,13,B02
200800001460,0,30,0,0,2,1,17,A01
200800001460,0,7,0,0,2,6,15,B02
200800001461,0,7,0,2,0,1,14,A01
200800001462,0,17,0,0,2,5,2,A01
200800001462,0,17,0,0,2,1,2,B02
200800001463,0,7,0,13,0,1,12,A01
200800001464,0,33,0,0,0,1,1,A01
200800001464,0,7,0,0,0,8,1,B02
200800001465,0,7,0,13,0,1,1,A01
200800001466,0,10,0,0,2,1,2,A01
200800001466,0,17,0,0,2,4,2,B02
200800001467,0,7,0,0,2,3,15,A01
200800001467,0,33,0,0,2,1,1,B02
200800001468,1,17,0,0,2,1,17,A01
200800001468,0,7,0,2,2,4,1,B02
200800001468,0,14,0,0,2,1,5,C03
200800001469,0,2,0,0,2,2,1,A01
200800001469,1,7,0,0,2,2,19,B02
200800001470,0,7,0,0,2,2,1,A01
200800001470,0,7,0,0,0,6,23,B02
200800001470,0,7,0,0,2,1,1,C03
200800001471,0,7,0,0,2,3,1,A01
200800001471,0,7,0,0,2,3,1,B02
200800001472,0,1,0,0,2,1,0,A01
200800001472,0,7,0,0,2,7,1,B02
200800001473,0,7,0,0,2,3,21,A01
200800001473,0,7,0,0,2,2,21,B02
200800001474,0,7,0,8,0,1,1,A01
200800001474,0,7,0,0,2,4,23,B02
200800001474,0,7,0,1,0,1,1,C03
200800001475,1,14,0,0,2,2,1,A01
200800001475,0,7,0,0,2,4,2,B02
200800001476,0,33,0,0,1,1,1,A01
200800001477,0,10,0,0,1,1,15,A01
200800001478,0,7,0,0,2,7,1,A01
200800001478,0,7,0,0,2,3,1,B01
200800001479,0,33,0,0,2,1,17,A01
200800001479,0,7,0,0,2,7,15,B01
200800001480,0,7,0,0,2,3,15,A01
200800001480,0,33,0,0,2,8,1,B01
200800001481,0,14,0,0,1,1,16,A01
200800001482,0,7,0,0,0,0,9,A01
200800001482,0,2,0,0,0,0,1,B01
200800001483,2,7,0,0,2,2,15,A01
200800001483,0,2,0,0,2,3,0,B01
200800001484,0,7,0,0,2,2,15,A01
200800001484,0,7,0,0,2,3,1,B01
200800001485,0,7,0,0,2,1,1,A01
200800001485,0,7,0,0,2,8,1,B01
200800001486,0,7,0,0,9,2,1,B01
200800001486,0,1,0,0,2,8,19,A01
200800001487,0,10,0,0,1,2,1,A01
200800001488,0,7,0,0,2,6,1,C01
200800001488,0,7,0,0,2,2,1,B01
200800001488,0,7,0,0,2,5,15,A01
200800001489,0,7,0,0,2,3,2,B01
200800001489,0,7,0,0,2,4,15,C01
200800001489,0,7,0,0,2,3,2,A01
200800001490,0,7,0,0,0,4,1,A01
200800001490,0,2,0,0,2,1,2,B01
200800001491,0,7,0,0,2,3,1,A01
200800001491,0,7,0,0,2,3,1,B01
200800001492,0,7,0,2,0,1,0,A01
200800001493,0,7,0,0,1,2,1,A01
200800001494,1,7,0,0,1,0,1,A01
200800001495,0,7,0,0,1,3,1,A01
200800001496,0,7,0,0,1,3,2,A01
200800001497,0,7,0,0,1,3,1,A01
200800001498,0,7,0,0,1,2,1,A01
200800001499,0,7,0,0,9,1,1,B01
200800001499,0,2,0,0,2,1,13,A01
200800001500,0,7,0,15,0,3,13,A01
200800001501,0,33,0,0,2,1,1,A01
200800001501,0,7,0,0,0,6,1,B01
200800001502,0,33,0,0,2,7,1,B01
200800001502,0,10,0,0,9,2,15,A01
200800001503,0,7,0,0,9,7,15,A01
200800001503,0,30,0,0,2,0,1,B01
200800001504,0,7,0,0,1,1,16,A01
200800001505,0,7,0,0,1,3,1,A01
200800001506,0,7,0,0,1,1,9,A01
200800001507,0,7,0,0,2,1,1,B01
200800001507,0,7,0,0,2,2,15,A01
200800001508,0,7,0,0,2,3,1,A01
200800001508,0,2,0,0,2,7,1,B01
200800001508,0,7,0,0,2,1,1,C01
200800001509,0,10,0,0,1,3,1,A01
200800001510,0,7,0,0,1,1,1,A01
200800001511,0,33,0,0,2,2,1,B01
200800001511,0,7,0,0,2,3,9,A01
200800001512,0,7,0,0,1,1,1,A01
200800001513,0,10,0,0,1,2,1,A01
200800001514,0,7,0,1,0,2,14,A01
200800001515,0,1,0,0,2,1,1,A01
200800001515,0,10,0,0,1,2,1,B01
200800001516,0,7,0,0,2,1,15,A01
200800001516,0,1,0,0,2,7,1,B01
200800001517,0,2,0,0,0,1,14,A01
200800001518,0,7,0,0,2,3,1,B01
200800001518,0,7,0,0,2,3,15,A01
200800001519,0,2,0,0,2,1,1,B01
200800001519,0,7,0,0,2,2,15,A01
200800001520,0,7,0,0,2,2,14,A01
200800001521,0,7,0,0,1,2,1,A01
200800001522,0,7,0,0,2,2,15,A01
200800001522,0,7,0,16,2,1,1,B01
200800001523,0,33,0,0,2,1,17,A01
200800001523,0,7,0,0,2,8,15,B01
200800001524,0,99,0,0,2,3,15,A01
200800001524,0,7,0,0,2,3,1,B01
200800001525,0,7,0,0,1,8,1,A01
200800001526,0,7,0,0,2,3,15,A01
200800001526,0,34,0,0,2,7,17,B01
200800001527,0,7,0,0,2,1,13,A01
200800001527,0,7,0,0,2,1,1,B01
200800001528,0,10,0,0,2,3,13,A01
200800001528,0,38,6,0,2,3,1,B01
200800001529,0,7,0,0,2,1,9,A01
200800001529,0,7,0,0,0,4,1,B01
200800001530,0,7,0,0,2,1,1,A01
200800001530,0,7,0,0,2,4,1,B01
200800001530,0,7,0,0,0,4,1,C01
200800001531,0,7,0,0,2,3,13,A01
200800001531,0,7,0,0,2,8,1,B01
200800001532,0,10,0,0,1,1,1,A01
200800001533,0,32,0,0,2,1,17,A01
200800001533,0,7,0,0,2,1,9,B01
200800001534,0,7,0,0,1,1,1,A01
200800001535,0,7,0,0,2,1,15,A01
200800001535,0,7,0,0,2,1,1,B01
200800001536,0,7,0,0,2,2,2,A01
200800001536,0,10,0,0,2,6,2,B01
200800001537,1,7,0,0,2,0,15,A01
200800001537,0,1,0,0,2,1,2,B01
200800001538,0,34,0,0,2,8,1,A01
200800001538,0,10,0,0,2,1,1,B01
200800001539,0,32,0,0,2,1,1,A01
200800001539,0,7,0,0,2,1,15,B01
200800001540,0,7,0,0,2,0,21,A01
200800001540,0,32,0,0,2,0,21,B01
200800001541,0,7,0,8,0,2,1,A01
200800001542,0,10,0,0,2,1,9,A01
200800001542,0,32,0,0,2,7,1,B01
200800001543,0,7,0,0,2,1,15,A01
200800001543,0,33,0,1,2,1,21,B01
200800001544,2,7,0,12,0,1,1,A01
200800001545,0,33,0,0,2,1,1,B01
200800001545,0,7,0,0,2,7,1,A01
200800001546,0,2,0,0,2,7,15,B01
200800001546,1,32,0,0,2,0,13,A01
200800001547,0,33,0,0,2,1,17,A01
200800001547,0,7,0,0,2,1,19,B01
200800001547,0,7,0,0,2,3,1,C01
200800001548,0,7,0,0,2,2,15,A01
200800001548,0,30,0,0,2,1,0,B01
200800001549,0,7,0,0,2,1,1,B01
200800001549,0,7,0,0,2,8,15,A01
200800001550,0,7,0,0,0,0,1,B01
200800001550,0,30,0,0,9,0,1,A01
200800001551,0,10,0,0,1,1,1,A01
200800001552,1,32,0,0,1,0,17,A01
200800001553,0,7,0,0,2,1,1,A01
200800001553,0,30,0,0,2,8,1,B01
200800001554,0,7,0,1,0,1,0,A01
200800001555,0,33,0,0,0,0,1,A01
200800001555,0,7,0,0,1,3,1,B01
200800001556,0,7,0,3,0,1,1,A01
200800001557,0,7,0,8,0,1,0,A01
200800001558,0,7,0,0,2,1,1,A01
200800001558,0,7,0,0,2,9,1,B01