Num_Acc,senc,catv,occutc,obs,obsm,choc,manv,num_veh
200800002680,0,7,0,1,0,2,1,A01
200800002680,0,7,0,0,2,4,1,B01
200800002681,0,7,0,0,0,3,9,B01
200800002681,0,7,0,0,2,2,1,A01
200800002682,0,7,0,0,1,7,1,A01
200800002682,0,7,0,0,1,3,1,B01
200800002683,0,7,0,13,0,1,1,A01
200800002684,0,7,0,0,2,1,2,B01
200800002684,0,7,0,0,2,4,2,A01
200800002684,0,13,0,0,2,4,2,C01
200800002685,0,7,0,0,2,1,1,A01
200800002685,0,7,0,2,2,5,16,B01
200800002686,0,7,0,0,1,0,0,A01
200800002687,0,99,0,0,1,7,0,A01
200800002688,0,7,0,0,1,1,1,A01
200800002689,0,7,0,0,2,1,1,A01
200800002689,0,7,0,0,2,6,1,B01
200800002690,0,7,0,0,9,0,16,A01
200800002690,0,32,0,0,9,1,1,B01
200800002691,0,7,0,0,2,6,1,A01
200800002691,0,31,0,0,2,1,1,B01
200800002692,0,7,0,0,1,3,1,A01
200800002693,0,7,0,1,2,1,1,B01
200800002693,0,7,0,0,2,2,1,A01
200800002694,0,99,0,0,1,1,0,A01
200800002695,0,7,0,0,2,1,2,A01
200800002695,0,7,0,0,2,4,1,B01
200800002696,0,7,0,0,2,1,1,B01
200800002696,0,7,0,0,2,6,0,A01
200800002697,0,33,0,0,2,8,16,B01
200800002697,0,10,0,0,2,2,15,A01
200800002698,0,30,0,0,0,0,15,A01
200800002699,0,10,0,13,0,2,0,A01
200800002700,0,7,0,12,0,1,6,A01
200800002701,0,7,0,0,2,1,1,A01
200800002701,0,7,0,1,2,3,1,B01
200800002702,0,10,0,13,0,7,1,B01
200800002702,0,7,0,15,0,4,2,A01
200800002703,0,10,0,0,1,0,1,A01
200800002704,0,7,0,3,0,3,1,A01
200800002705,0,33,0,0,0,9,9,A01
200800002706,0,7,0,0,2,1,2,A01
200800002706,0,7,0,0,0,4,2,B01
200800002707,0,7,0,0,2,3,5,A01
200800002707,0,2,0,0,2,3,1,B01
200800002708,0,7,0,0,2,3,1,B01
200800002708,0,7,0,0,2,1,0,A01
200800002709,0,7,0,0,2,4,11,A01
200800002709,0,7,0,0,2,1,1,B01
200800002710,0,7,0,0,1,1,1,A01
200800002711,1,7,0,0,0,0,0,A01
200800002712,0,7,0,6,0,9,1,A01
200800002713,0,7,0,0,2,1,5,B01
200800002713,0,7,0,0,2,1,0,A01
200800002714,0,10,0,0,2,5,15,A01
200800002714,0,2,0,0,2,1,1,B01
200800002715,0,10,0,0,2,5,17,A01
200800002715,0,13,0,2,0,1,1,B01
200800002716,0,7,0,0,1,3,15,A01
200800002717,0,7,0,2,0,1,13,A01
200800002718,0,7,0,0,2,2,15,A01
200800002718,0,2,0,0,2,7,1,B01
200800002719,0,7,0,0,2,8,2,A01
200800002719,0,7,0,0,2,1,2,B01
200800002719,0,7,0,0,2,4,2,C01
200800002720,0,7,0,0,2,1,1,A01
200800002720,0,7,0,0,2,3,1,B01
200800002721,0,7,0,0,2,0,9,A01
200800002721,0,2,0,0,2,1,21,B01
200800002722,0,7,0,0,2,1,2,B01
200800002722,0,7,0,0,2,6,2,A01
200800002723,0,7,0,0,2,1,2,A01
200800002723,0,7,0,0,2,4,2,B01
200800002724,0,7,0,15,0,9,1,A01
200800002725,0,7,0,0,2,1,15,A01
200800002725,0,7,0,0,2,1,2,B01
200800002726,0,7,0,15,0,2,2,A01
200800002727,0,7,0,0,2,1,2,A01
200800002727,0,7,0,0,2,4,2,B01
200800002728,0,7,0,0,2,1,19,B01
200800002728,0,7,0,0,2,8,1,A01
200800002729,0,7,0,0,2,8,2,A01
200800002729,0,14,0,0,2,3,6,B01
200800002729,0,7,0,0,2,1,2,C01
200800002729,0,37,1,0,2,8,2,D01
200800002730,0,7,0,0,2,4,15,A01
200800002730,0,7,0,0,2,1,2,B01
200800002731,0,7,0,0,1,0,0,A01
200800002732,0,7,0,0,2,3,15,B01
200800002732,0,7,0,0,2,2,1,A01
200800002733,0,7,0,0,2,3,13,A01
200800002733,0,7,0,0,2,1,1,B01
200800002734,0,7,0,0,0,9,1,A01
200800002735,0,7,0,0,0,0,1,A01
200800002736,0,7,0,0,2,7,1,B01
200800002736,0,7,0,0,2,3,1,A01
200800002737,0,7,0,0,2,6,15,B01
200800002737,0,7,0,0,2,3,1,A01
200800002738,0,7,0,0,2,3,9,A01
200800002738,0,2,0,0,2,1,1,B01
200800002739,0,15,0,0,2,1,2,A01
200800002739,0,7,0,0,2,4,2,B01
200800002740,0,30,0,0,0,0,1,A01
200800002741,0,7,0,0,1,1,15,A01
200800002742,2,7,0,0,2,2,6,A01
200800002742,0,7,0,0,2,8,1,B01
200800002743,0,30,0,0,2,1,1,B01
200800002743,0,7,0,0,2,3,15,A01
200800002744,0,14,0,0,2,2,12,A01
200800002744,0,7,0,0,2,8,1,B01
200800002745,0,7,0,15,0,9,1,A01
200800002746,0,7,0,6,0,1,16,A01
200800002747,0,7,0,0,1,1,1,A01
200800002748,0,7,0,0,2,3,15,B01
200800002748,0,31,0,0,2,7,1,A01
200800002749,0,7,0,0,2,3,13,A01
200800002749,0,7,0,0,2,5,1,B01
200800002750,0,7,0,0,1,4,1,A01
200800002750,0,7,0,0,2,4,2,B01
200800002750,0,7,0,14,0,1,2,C01
200800002751,0,7,0,0,2,6,2,A01
200800002751,0,32,0,0,2,1,1,B01
200800002752,0,31,0,0,2,5,2,B01
200800002752,0,33,0,0,2,1,2,A01
200800002753,0,7,0,8,2,1,19,A01
200800002753,0,33,0,0,2,1,1,B01
200800002754,0,7,0,0,2,1,0,A01
200800002754,0,7,0,0,0,4,0,B01
200800002755,0,31,0,0,1,1,1,A01
200800002756,0,7,0,0,2,3,16,B01
200800002756,0,7,0,0,2,2,1,A01
200800002757,0,32,0,0,2,8,2,A01
200800002757,0,7,0,0,2,8,15,B01
200800002758,0,7,0,0,1,1,1,A01
200800002759,0,30,0,0,2,7,1,A01
200800002759,0,7,0,0,9,8,15,B01
200800002760,0,30,0,0,0,0,0,A01
200800002761,0,7,0,0,2,2,2,A01
200800002761,0,30,0,0,0,6,2,B01
200800002762,0,7,0,0,2,7,15,A01
200800002762,0,33,0,0,2,1,1,B01
200800002763,0,7,0,0,2,2,15,B01
200800002763,0,33,0,0,2,1,17,A01
200800002764,0,7,0,0,2,1,1,A01
200800002764,0,7,0,0,2,1,1,B01
200800002765,0,7,0,0,2,1,1,B01
200800002765,0,7,0,0,2,1,1,A01
200800002766,0,7,0,0,2,9,1,B01
200800002766,0,7,0,0,2,1,16,A01
200800002767,0,7,0,0,2,1,1,A01
200800002767,0,7,0,0,2,1,1,B01
200800002767,0,7,0,0,2,1,1,C01
200800002768,0,7,0,0,2,1,1,A01
200800002768,0,14,0,0,2,3,1,B01
200800002769,0,7,0,0,2,1,0,B01
200800002769,0,7,0,0,2,1,13,A01
200800002770,0,31,0,0,0,4,1,C01
200800002770,0,7,0,14,0,1,1,A01
200800002770,0,7,0,14,0,9,1,B01
200800002771,0,7,0,0,2,1,2,A01
200800002771,0,7,0,0,2,4,2,B01
200800002771,0,7,0,0,2,4,2,C01
200800002772,0,7,0,0,2,8,1,B01
200800002772,0,7,0,0,2,4,11,A01
200800002772,0,10,0,0,2,1,1,C01
200800002773,0,7,0,0,1,7,0,A01
200800002774,0,7,0,5,0,9,13,A01
200800002775,0,7,0,0,1,1,1,A01
200800002776,0,30,0,14,0,7,1,A01
200800002777,0,7,0,0,2,2,1,B01
200800002777,0,7,0,0,2,1,15,A01
200800002778,0,7,0,0,2,1,1,A01
200800002778,0,7,0,0,2,4,23,B01
200800002778,0,7,0,0,0,4,23,C01
200800002779,0,7,0,0,2,2,16,B01
200800002779,0,2,0,0,2,7,15,A01
200800002780,0,7,0,0,2,3,13,A01
200800002780,0,7,0,0,2,1,1,B01
200800002781,0,2,0,0,0,8,1,A01
200800002782,0,7,0,0,2,8,22,A01
200800002782,0,1,0,0,2,0,1,B01
200800002783,0,7,0,0,2,1,0,A01
200800002783,0,7,0,0,2,4,1,B01
200800002784,0,7,0,4,0,3,13,A01
200800002785,0,7,0,0,2,3,15,A01
200800002785,0,32,0,0,2,1,17,B01
200800002786,1,7,0,0,2,1,2,A01
200800002786,0,7,0,0,2,5,15,B01
200800002787,0,7,0,4,0,4,13,A01
200800002788,0,33,0,0,2,1,1,A01
200800002788,0,7,0,0,2,5,15,B01
200800002789,0,7,0,0,1,1,1,A01
200800002790,0,7,0,0,2,1,1,A01
200800002790,0,30,0,0,2,4,23,B01
200800002791,0,7,0,0,2,2,14,A01
200800002791,0,14,0,0,2,3,1,B01
200800002792,0,31,0,0,2,1,17,B01
200800002792,0,10,0,0,2,3,9,A01
200800002793,0,7,0,0,2,2,1,A01
200800002793,0,7,0,0,2,8,1,B01
200800002794,0,7,0,0,2,2,1,A01
200800002794,0,7,0,0,0,4,23,B01
200800002795,0,15,0,0,2,8,13,A01
200800002795,0,31,0,0,2,4,1,B01
200800002796,0,7,0,0,2,1,1,A01
200800002796,0,7,0,0,2,4,1,B01
200800002796,0,7,0,0,2,4,1,C01
200800002797,0,7,0,0,1,1,1,A01
200800002798,0,7,0,4,0,6,13,A01
200800002799,0,7,0,4,2,6,14,A01
200800002799,0,15,0,0,2,7,1,B01
200800002800,0,7,0,0,2,4,4,A01
200800002800,0,7,0,0,2,7,22,B01
200800002801,0,7,0,4,0,3,13,A01
200800002802,0,1,0,0,1,1,1,A01
200800002803,0,7,0,0,2,2,12,A01
200800002803,0,31,0,0,2,8,1,B01
200800002803,0,7,0,0,2,6,1,C01
200800002804,0,7,0,0,2,1,1,A01
200800002804,0,7,0,0,0,4,1,C01
200800002804,0,7,0,0,2,4,1,B01
200800002805,0,7,0,0,2,1,1,E01
200800002805,0,7,0,0,2,2,1,C01
200800002805,0,7,0,0,2,1,1,A01
200800002805,0,7,0,0,2,9,1,D01
200800002805,0,7,0,0,2,4,1,B01
200800002806,0,7,0,4,0,8,1,A01
200800002807,0,7,0,1,0,2,1,A01
200800002808,0,7,0,1,0,7,0,A01
200800002809,0,33,0,0,2,7,1,B01
200800002810,0,30,0,0,1,8,1,A01
200800002811,0,2,0,0,2,1,1,A01
200800002811,0,7,0,0,2,8,1,B01
200800002812,0,7,0,0,1,3,1,A01
200800002813,0,7,0,0,1,2,1,A01
200800002814,0,14,0,0,2,7,12,A01
200800002814,0,7,0,0,2,7,1,B01
200800002815,0,7,0,0,1,2,1,A01
200800002816,0,30,0,0,2,2,15,A01
200800002816,0,7,0,0,2,3,1,B01
200800002817,0,7,0,0,2,0,11,A01
200800002817,0,31,0,0,2,8,1,B01
200800002818,0,7,0,0,1,1,1,A01
200800002819,0,31,0,1,0,1,1,A01
200800002820,0,2,0,0,2,1,1,A01
200800002820,0,7,0,0,2,5,15,B01
200800002821,2,7,0,0,2,1,15,A01
200800002821,0,31,0,0,2,1,1,B01
200800002822,0,7,0,0,2,2,1,B01
200800002822,0,7,0,0,2,1,15,A01
200800002823,0,36,0,8,0,0,1,A01
200800002824,0,2,0,0,2,1,16,A01
200800002824,0,7,0,0,2,7,1,B01
200800002825,0,7,0,0,2,5,15,A01
200800002825,0,33,0,0,2,3,1,B01
200800002826,0,7,0,4,0,3,1,A01
200800002827,0,7,0,0,2,1,15,A01
200800002827,0,31,0,0,2,1,1,B01
200800002828,0,7,0,0,2,1,15,A01
200800002828,0,2,0,0,2,1,1,B01
200800002829,0,7,0,0,2,2,9,A01
200800002829,0,1,0,0,2,0,23,B01
200800002830,0,7,0,9,0,9,1,A01
200800002831,0,7,0,0,2,1,15,A01
200800002831,0,7,0,0,2,3,1,B01
200800002832,0,7,0,0,1,2,1,A01
200800002833,0,7,0,4,2,7,17,A01
200800002833,0,13,0,0,2,0,1,B01
200800002834,0,7,0,0,1,2,1,A01
200800002835,0,33,0,0,2,8,18,A01
200800002835,0,7,0,0,2,7,16,B01
200800002836,0,36,0,12,0,1,14,A01
200800002837,0,7,0,0,2,8,1,B01
200800002837,0,7,0,0,2,7,1,C01
200800002838,0,33,0,1,0,9,1,A01
200800002839,0,7,0,0,2,4,4,A01
200800002840,0,7,0,0,2,8,10,A01
200800002840,0,31,0,0,2,1,17,B01
200800002841,0,7,0,0,2,1,1,A01
200800002842,0,7,0,0,2,1,1,A01
200800002842,0,7,0,0,2,4,1,B01
200800002843,0,7,0,0,2,8,9,A01
200800002843,0,36,0,0,2,1,0,B01
200800002844,0,7,0,0,2,1,0,A01
200800002844,0,33,0,0,2,1,0,B01
200800002845,0,7,0,0,2,7,14,A01
200800002845,0,33,0,8,2,3,0,B01
200800002846,0,7,0,0,1,1,1,A01
200800002847,0,34,0,1,2,3,18,A01
200800002847,0,7,0,0,2,2,20,B01
200800002848,0,2,0,0,2,2,7,A01
200800002848,0,7,0,0,2,8,15,B01
200800002849,0,7,0,0,0,0,19,A01
200800002849,0,31,0,1,0,1,21,B01
200800002850,0,7,0,0,2,1,1,A01
200800002850,0,7,0,0,2,4,1,B01
200800002851,0,2,0,0,2,3,17,B01
200800002851,0,34,0,0,2,2,17,A01
200800002852,0,7,0,0,2,3,19,A01
200800002852,0,30,0,0,2,1,1,B01
200800002853,0,7,0,0,2,4,4,A01
200800002853,0,30,0,0,2,1,1,B01
200800002854,0,7,0,0,0,3,6,A01
200800002855,0,14,0,0,2,1,14,A01
200800002855,0,7,0,0,2,8,1,B01
200800002856,0,7,0,0,2,3,1,A01
200800002856,0,7,0,0,2,8,1,B01
200800002857,0,7,0,0,2,1,1,A01
200800002857,0,7,0,0,2,4,1,B01
200800002858,0,1,0,0,2,1,9,B01
200800002858,0,7,0,0,2,1,1,A01
200800002859,0,2,0,0,2,1,1,B01
200800002859,0,7,0,0,2,3,9,A01
200800002860,0,17,0,0,2,1,16,B01
200800002860,0,2,0,0,2,8,0,A01
200800002861,0,30,0,0,2,2,1,B01
200800002861,0,7,0,0,2,1,15,A01
200800002862,0,7,0,0,2,1,1,A01
200800002862,0,7,0,0,2,4,23,B01
200800002863,0,7,0,0,2,8,11,A01
200800002863,0,30,0,0,2,1,1,B01
200800002864,0,7,0,0,1,1,15,A01
200800002865,0,7,0,0,1,1,1,A01
200800002866,0,7,0,0,2,7,15,A01
200800002866,0,30,0,0,2,1,1,B01
200800002867,0,7,0,0,2,2,1,A01
200800002867,0,30,0,0,2,1,15,B01
200800002868,1,7,0,0,2,1,15,A01
200800002868,0,2,0,0,2,1,1,B01
200800002869,0,2,0,0,2,1,1,A01
200800002869,0,7,0,0,2,1,1,B01
200800002870,1,7,0,0,1,0,1,A01
200800002871,0,7,0,0,2,1,1,B01
200800002871,0,7,0,0,2,3,1,A01
200800002872,0,7,0,6,2,3,1,B01
200800002872,0,7,0,0,2,1,1,A01
200800002873,1,7,0,0,2,5,15,A01
200800002873,0,33,0,0,2,1,1,B01
200800002874,0,40,0,0,1,0,1,A01
200800002875,0,7,0,0,2,8,11,A01
200800002875,0,33,0,0,2,3,1,B01
200800002876,0,31,0,0,2,1,1,B01
200800002876,0,7,0,0,2,5,1,A01
200800002877,0,7,0,0,1,7,1,A01
200800002878,0,30,0,0,1,1,17,A01
200800002879,0,7,0,11,2,3,15,A01
200800002879,0,7,0,11,2,2,1,B01
200800002880,0,7,0,0,2,4,4,A01
200800002880,0,7,0,0,2,2,1,B01
200800002881,0,7,0,0,2,3,1,A01
200800002882,0,2,0,0,2,3,1,B01
200800002882,0,10,0,0,2,2,1,A01
200800002883,0,7,0,0,2,3,15,A01
200800002883,0,33,0,0,2,3,1,B01
200800002884,0,7,0,0,2,2,2,A01
200800002884,0,2,0,0,0,4,23,B01
200800002885,0,7,0,0,1,2,1,A01
200800002886,0,40,0,0,2,1,1,A01
200800002886,0,2,0,0,4,8,1,B01
200800002887,0,7,0,0,1,3,15,A01
200800002888,0,7,0,0,2,1,1,A01
200800002888,1,14,0,0,2,0,0,B01
200800002889,0,7,0,0,2,8,1,B01
200800002889,0,7,0,0,2,1,9,A01
200800002890,0,7,0,0,2,1,15,A01
200800002890,0,30,0,0,2,1,1,B01
200800002891,0,7,0,0,0,0,15,A01
200800002891,0,1,0,12,0,1,1,B01
200800002892,0,7,0,0,1,6,4,A01
200800002893,0,33,0,0,2,1,1,B01
200800002893,0,10,0,0,2,3,15,A01
200800002894,0,7,0,0,0,3,1,B01
200800002894,0,7,0,0,2,1,1,A01
200800002895,0,10,0,1,0,2,1,A01
200800002895,0,7,0,0,0,3,22,B01
200800002896,0,7,0,15,2,7,21,B01
200800002896,0,7,0,0,2,1,15,A01
200800002897,0,33,0,7,0,1,1,A01
200800002898,0,2,0,0,2,8,1,B01
200800002898,0,7,0,0,2,1,1,A01
200800002899,0,7,0,0,1,2,1,A01
200800002900,0,33,0,0,2,2,15,B01
200800002900,0,7,0,0,2,2,1,A01
200800002901,0,10,0,0,1,3,1,A01
200800002902,0,1,0,0,2,3,15,A01
200800002902,0,7,0,0,2,7,17,B01
200800002903,0,7,0,0,2,3,1,B01
200800002903,0,7,0,0,0,1,1,A01
200800002904,1,7,0,0,2,0,15,A01
200800002904,0,33,0,0,2,0,1,B01
200800002905,0,7,0,0,1,1,15,A01
200800002906,0,1,0,1,2,1,23,A01
200800002906,1,10,0,0,2,0,16,B01
200800002907,0,30,0,0,2,0,1,A01
200800002907,1,7,0,0,0,0,1,B01
200800002908,0,7,0,0,1,3,1,A01
200800002909,0,2,0,0,2,1,1,B01
200800002909,0,7,0,0,2,7,9,A01
200800002910,0,2,0,0,2,2,17,A01
200800002910,0,7,0,0,2,8,15,B01
200800002911,0,33,0,0,2,0,1,A01
200800002911,0,7,0,0,2,2,1,B01
200800002912,0,7,0,0,2,3,15,A01
200800002912,0,33,0,0,2,1,1,B01
200800002913,0,33,0,0,1,8,1,A01
200800002914,0,7,0,0,0,0,1,A01
200800002914,0,1,0,0,0,0,19,B01
200800002915,0,7,0,1,1,2,1,A01
200800002916,1,7,0,0,0,0,0,A01
200800002917,0,7,0,0,2,3,15,A01
200800002917,0,10,0,0,2,3,1,B01
200800002918,0,7,0,0,2,2,10,A01
200800002918,0,2,0,0,2,1,1,B01
200800002919,0,7,0,14,0,1,1,A01
200800002919,0,10,0,14,0,4,23,B01
200800002919,0,7,0,0,0,4,23,C01
200800002920,0,7,0,0,2,3,1,B01
200800002920,0,7,0,0,2,2,1,A01
200800002921,0,7,0,0,2,5,15,A01
200800002921,0,33,0,0,2,1,1,B01
200800002921,0,7,0,0,2,1,1,C01
200800002922,0,7,0,0,2,1,1,B01
200800002922,0,1,0,0,2,1,1,A01
200800002923,0,7,0,0,2,1,1,A01
200800002923,0,1,0,0,0,4,1,B01
200800002923,0,1,0,0,0,4,1,C01
200800002924,0,7,0,0,1,3,1,A01
200800002925,1,10,0,0,2,1,1,A01
200800002925,0,10,0,0,2,3,1,B01
200800002926,0,2,0,0,2,1,1,B01
200800002926,0,7,0,0,2,2,1,A01
200800002927,0,7,0,0,2,1,1,A01
200800002927,0,7,0,0,2,9,2,B01
200800002927,0,7,0,0,2,4,2,C01
200800002928,0,7,0,0,2,8,21,A01
200800002928,0,32,0,0,2,7,1,B01
200800002929,0,7,0,0,1,1,15,A01
200800002930,0,7,0,0,1,0,16,A01
200800002931,0,32,0,0,1,1,1,A01
200800002932,0,2,0,14,0,1,1,A01
200800002933,0,33,0,0,2,0,1,A01
200800002933,0,33,0,0,2,4,1,B01
200800002934,0,7,0,0,1,1,16,A01
200800002935,0,7,0,0,2,7,15,A01
200800002935,0,31,0,0,2,1,1,B01
200800002936,0,7,0,0,2,3,13,A01
200800002936,0,7,0,0,2,3,1,B01
200800002937,0,7,0,0,2,3,1,A01
200800002937,0,32,0,0,0,4,2,B01
200800002938,0,32,0,0,2,1,2,A01
200800002938,0,7,0,0,2,2,16,B01
200800002939,0,7,0,0,2,2,1,B01
200800002939,0,7,0,0,2,6,9,A01
200800002940,1,7,0,0,1,0,15,A01
200800002941,0,2,0,0,2,1,1,A01
200800002941,0,7,0,0,2,7,1,B01
200800002942,0,7,0,0,2,7,16,A01
200800002942,0,1,0,0,2,1,1,B01
200800002943,0,7,0,0,2,1,1,A01
200800002943,0,7,0,0,2,9,2,B01
200800002943,0,7,0,0,2,4,2,C01
200800002944,0,2,0,0,2,1,1,A01
200800002944,0,7,0,0,2,4,23,B01
200800002945,0,7,0,1,0,1,2,A01
200800002945,0,7,0,0,2,4,24,B01
200800002946,0,31,0,0,2,1,1,B01
200800002946,0,7,0,0,2,8,20,A01
200800002947,0,7,0,0,2,1,1,B01
200800002947,0,7,0,0,2,8,1,A01
200800002948,0,7,0,0,2,4,1,A01
200800002948,0,1,0,0,2,1,1,B01
200800002949,0,7,0,0,1,1,15,A01
200800002950,0,7,0,0,2,2,15,A01
200800002950,0,2,0,0,2,2,1,B01
200800002951,0,33,0,0,2,3,1,B01
200800002951,0,7,0,0,0,3,1,A01
200800002952,0,7,0,0,2,7,15,A01
200800002952,0,2,0,0,2,1,1,B01
200800002953,0,7,0,0,1,3,15,A01
200800002954,0,7,0,0,2,2,1,B01
200800002954,0,7,0,0,2,1,1,A01
200800002955,0,7,0,15,0,2,1,B01
200800002955,0,7,0,0,2,1,1,A01
200800002956,0,33,0,0,0,0,16,B01
200800002956,0,7,0,0,0,0,16,A01
200800002957,0,7,0,0,2,1,1,A01
200800002957,0,7,0,0,2,4,1,B01
200800002958,0,7,0,0,0,0,15,A01
200800002958,0,2,0,15,0,1,1,B01
200800002959,0,7,0,0,2,3,1,A01
200800002959,0,10,0,0,2,3,1,B01
200800002960,0,7,0,0,2,8,1,A01
200800002960,0,37,15,0,2,3,1,B01
200800002961,0,7,0,6,0,6,1,B01
200800002961,0,7,0,6,2,3,1,A01
200800002962,0,7,0,0,2,1,1,A01
200800002962,0,7,0,0,0,6,1,B01
200800002963,0,2,0,0,0,7,1,A01
200800002964,0,7,0,0,2,1,15,A01
200800002964,0,7,0,0,0,3,1,B01
200800002965,0,1,0,0,0,4,1,B01
200800002965,0,7,0,0,2,1,1,A01
200800002966,0,7,0,0,1,1,1,A01
200800002967,0,7,0,0,1,3,1,A01
200800002968,0,7,0,0,1,3,15,A01
200800002969,2,7,0,0,2,1,13,A01
200800002969,0,7,0,0,2,1,1,B01
200800002970,0,7,0,0,9,3,16,A01
200800002970,0,1,0,0,2,7,1,B01
200800002971,0,7,0,0,2,3,16,A01
200800002971,0,30,0,0,2,5,1,B01
200800002972,0,7,0,0,2,8,19,A01
200800002972,0,7,0,0,2,1,1,B01
200800002973,0,14,0,0,2,1,1,A01
200800002973,0,7,0,0,0,4,15,B01
200800002974,0,7,0,0,2,3,13,A01
200800002974,0,10,0,0,2,3,1,B01
200800002975,0,31,0,0,2,1,1,B01
200800002975,0,7,0,0,2,2,15,A01
200800002976,0,7,0,0,1,1,1,A01
200800002977,0,30,0,0,2,1,2,A01
200800002977,0,7,0,0,2,4,2,B01
200800002978,0,10,0,0,2,1,15,A01
200800002978,0,33,0,0,2,8,1,B01
200800002979,0,7,0,0,1,1,1,A01
200800002980,0,7,0,0,2,1,21,B01
200800002980,0,7,0,0,2,1,1,C01
200800002980,0,2,0,0,2,3,9,A01
200800002981,0,7,0,0,1,2,1,A01
200800002982,0,7,0,0,2,1,2,A01
200800002982,0,7,0,0,2,4,1,B01
200800002983,0,2,0,0,0,0,0,A01
200800002984,0,7,0,0,2,4,1,B01
200800002984,0,7,0,0,2,1,1,A01
200800002985,0,7,0,0,2,4,2,A01
200800002985,0,7,0,0,2,9,2,B01
200800002986,0,2,0,7,0,1,14,A01
200800002987,0,30,0,0,2,1,0,A01
200800002987,0,10,0,0,2,3,1,B01
200800002988,0,33,0,12,0,1,13,A01
200800002989,0,30,0,16,0,0,0,A01
200800002990,0,7,0,7,0,8,13,A01
200800002991,0,7,0,0,2,1,2,A01
200800002991,0,7,0,0,2,4,2,B01
200800002992,0,10,0,0,2,1,1,A01
200800002992,0,7,0,0,2,4,23,B01
200800002993,0,7,0,0,1,0,0,A01
200800002994,0,30,0,0,2,1,5,A01
200800002994,0,7,0,0,2,3,1,B01
200800002995,0,1,0,0,2,4,14,B01
200800002995,0,7,0,0,2,1,1,A01
200800002996,0,7,0,1,0,7,14,A01
200800002997,0,7,0,4,0,1,0,A01
200800002998,0,7,0,15,0,1,14,A01
200800002999,0,7,0,9,0,1,13,A01
200800003000,0,7,0,0,2,1,1,A01
200800003000,0,7,0,0,2,4,9,B01
200800003000,0,7,0,0,2,7,1,C01
200800003001,0,14,0,0,2,1,1,B01
200800003001,0,7,0,0,2,7,13,A01
200800003002,0,7,0,0,2,7,15,A01
200800003002,0,31,0,0,2,1,1,B01
200800003003,0,10,0,0,2,1,14,A01
200800003003,0,10,0,0,0,4,23,B01
200800003004,0,10,0,0,2,3,1,B01
200800003004,0,10,0,0,2,1,13,A01
200800003005,0,7,0,0,2,1,1,A01
200800003005,0,7,0,0,2,4,1,B01
200800003006,0,7,0,13,0,5,1,A01
200800003007,0,7,0,12,0,2,14,A01
200800003008,0,7,0,0,2,3,9,A01
200800003008,0,1,0,0,2,1,1,B01
200800003009,0,33,0,0,1,1,1,A01
200800003010,0,7,0,0,2,3,0,A01
200800003010,0,33,0,0,2,1,0,B01
200800003011,0,7,0,0,2,2,15,A01
200800003011,0,33,0,0,2,1,1,B01
200800003012,0,32,0,0,1,1,1,A01
200800003013,0,1,0,0,4,4,19,A01
200800003013,0,40,0,0,2,2,1,B01
200800003014,0,32,0,0,2,1,1,A01
200800003014,0,10,0,0,0,4,1,B01
200800003015,0,32,0,0,2,1,0,A01
200800003015,1,99,0,0,0,0,0,B01
200800003016,0,7,0,0,2,7,15,A01
200800003016,0,30,0,0,2,1,21,B01
200800003017,0,30,0,0,2,5,1,A01
200800003017,0,7,0,0,2,2,21,B01
200800003018,0,7,0,0,2,1,15,A01
200800003018,0,7,0,0,2,1,1,B01
200800003018,0,7,0,0,2,3,23,C01
200800003019,0,40,0,0,2,2,1,B01
200800003019,0,10,0,0,4,1,1,A01
200800003020,0,30,0,0,2,1,23,B01
200800003020,0,7,0,0,2,3,15,A01
200800003021,0,30,0,0,2,7,1,B01
200800003021,0,7,0,0,2,1,9,A01
200800003022,0,7,0,0,0,2,1,B01
200800003022,0,30,0,0,2,1,1,A01
200800003023,0,33,0,3,0,1,12,A01
200800003024,0,7,0,0,1,1,1,A01
200800003025,0,30,0,0,2,1,3,A01
200800003025,0,10,0,0,2,2,16,B01
200800003026,0,7,0,0,2,1,9,A01
200800003026,0,33,0,0,2,7,1,B01
200800003027,0,7,0,0,2,2,16,A01
200800003027,0,37,1,0,0,5,16,B01
200800003028,0,37,2,0,1,1,1,A01
200800003029,0,7,0,0,2,7,15,A01
200800003029,0,2,0,0,2,1,1,B01
200800003030,0,30,0,0,2,1,2,A01
200800003030,0,7,0,0,2,5,2,B01
200800003030,0,7,0,0,2,7,16,C01
200800003031,0,1,0,0,0,1,1,A01
200800003032,0,7,0,0,2,0,11,A01
200800003032,0,33,0,0,2,1,1,B01
200800003033,0,7,0,0,2,8,9,B01
200800003033,0,32,0,0,2,1,1,A01
200800003034,0,1,0,0,2,1,1,A01
200800003034,0,7,0,0,2,1,1,B01
200800003035,0,7,0,0,1,4,23,A01
200800003036,0,7,0,0,2,4,1,B01
200800003036,0,7,0,0,2,1,2,A01
200800003037,0,3,0,0,1,1,1,A01
200800003038,2,7,0,0,2,3,0,A01
200800003038,0,7,0,15,2,1,15,B01
200800003039,0,7,0,0,2,8,19,A01
200800003039,0,32,0,0,2,1,1,B01
200800003040,0,31,0,0,2,1,1,A01
200800003040,0,7,0,0,0,7,1,B01
200800003041,0,7,0,0,2,1,2,A01
200800003041,0,7,0,0,1,4,2,B01
200800003042,0,33,0,14,0,0,1,A01
200800003043,0,7,0,0,2,7,1,A01