Num_Acc,senc,catv,occutc,obs,obsm,choc,manv,num_veh
200800003043,0,7,0,0,2,1,1,B01
200800003044,0,7,0,0,1,0,1,A01
200800003045,0,7,0,0,2,7,15,A01
200800003045,0,33,0,0,2,1,1,B01
200800003046,0,7,0,0,2,8,15,A01
200800003046,0,31,0,0,2,1,1,B01
200800003047,0,7,0,0,1,2,1,A01
200800003048,0,2,0,0,2,1,13,A01
200800003048,0,7,0,0,2,6,1,B01
200800003049,0,33,0,0,2,1,13,A01
200800003049,0,7,0,0,2,2,21,B01
200800003050,0,7,0,0,2,1,16,A01
200800003050,0,1,0,0,2,0,1,B01
200800003051,0,7,0,0,2,0,15,A01
200800003051,0,7,0,0,2,0,1,B01
200800003052,0,7,0,0,1,0,1,A01
200800003053,0,7,0,0,2,0,1,A01
200800003053,0,30,0,0,2,0,1,B01
200800003054,0,7,0,0,2,1,0,A01
200800003054,0,7,0,0,2,1,1,B01
200800003055,0,33,0,0,2,1,1,A01
200800003055,0,7,0,0,2,5,1,B01
200800003056,0,7,0,0,2,2,15,A01
200800003056,0,37,0,0,2,0,1,B01
200800003057,0,2,0,0,0,0,0,A01
200800003058,0,7,0,0,1,2,1,A01
200800003059,0,7,0,0,1,2,16,A01
200800003060,0,7,0,9,0,7,1,A01
200800003061,0,7,0,9,0,1,1,A01
200800003062,0,7,0,0,2,1,2,A01
200800003062,0,7,0,0,2,4,2,B01
200800003063,0,7,0,0,1,1,1,A01
200800003064,1,7,0,0,2,1,13,A01
200800003064,0,10,0,0,2,1,2,B01
200800003064,0,7,0,0,2,1,2,C01
200800003064,0,7,0,0,2,4,2,D01
200800003065,0,7,0,0,2,1,1,B01
200800003065,0,7,0,0,2,7,19,A01
200800003066,0,7,0,3,0,9,1,A01
200800003067,0,7,0,0,2,8,9,B01
200800003067,0,7,0,9,2,2,1,A01
200800003068,0,7,0,0,2,0,1,A01
200800003068,0,7,0,0,2,4,0,B01
200800003069,0,7,0,0,2,1,16,A01
200800003069,0,7,0,0,2,0,1,B01
200800003070,0,30,0,0,0,0,0,A01
200800003071,0,7,0,1,0,3,1,A01
200800003072,0,2,0,0,2,1,1,A01
200800003072,0,1,0,0,2,8,15,B01
200800003073,0,7,0,0,2,1,19,A01
200800003073,0,10,0,0,2,8,1,B01
200800003074,0,7,0,0,2,1,1,A01
200800003074,0,7,0,0,2,4,1,B01
200800003075,0,31,0,0,2,0,0,A01
200800003075,0,10,0,0,2,5,15,B01
200800003076,0,7,0,0,2,4,1,A01
200800003076,0,7,0,0,2,0,1,B01
200800003076,0,7,0,0,2,9,1,C01
200800003076,0,7,0,0,2,0,1,D01
200800003077,0,10,0,13,0,0,1,A01
200800003078,0,7,0,0,2,0,24,A01
200800003078,0,1,0,1,0,0,1,B01
200800003079,0,1,0,0,2,1,1,B01
200800003079,0,7,0,0,2,6,9,A01
200800003080,0,7,0,0,2,3,1,B01
200800003080,0,7,0,6,2,1,1,A01
200800003081,0,7,0,0,2,3,1,B01
200800003081,0,2,0,0,2,1,1,A01
200800003082,0,7,0,11,0,1,13,A01
200800003083,0,7,0,0,1,0,0,A01
200800003084,0,33,0,0,2,3,1,A01
200800003084,0,7,0,0,2,2,1,B01
200800003085,0,2,0,0,0,9,0,A01
200800003086,0,7,0,11,0,1,14,A01
200800003087,0,2,0,0,2,0,1,A01
200800003087,0,7,0,0,2,0,23,B01
200800003088,0,7,0,0,1,0,1,A01
200800003089,0,1,0,0,2,0,5,A01
200800003089,0,1,0,0,2,1,1,B01
200800003090,0,7,0,0,2,8,15,A01
200800003090,0,7,0,0,2,0,1,B01
200800003091,0,2,0,0,2,9,1,A01
200800003091,0,10,0,0,2,5,15,B01
200800003092,0,1,0,0,0,0,0,A01
200800003093,0,3,0,0,2,1,15,A01
200800003093,0,7,0,0,2,1,1,B01
200800003094,0,7,0,0,2,0,0,A01
200800003094,0,2,0,0,2,0,0,B01
200800003095,0,7,0,0,0,0,16,A01
200800003095,0,32,0,0,0,0,1,B01
200800003096,0,7,0,0,2,1,15,A01
200800003096,0,37,0,0,2,8,1,B01
200800003097,0,7,0,0,2,1,15,A01
200800003097,0,2,0,0,2,0,0,B01
200800003098,0,7,0,0,2,1,9,A01
200800003098,0,7,0,0,0,5,1,B01
200800003099,0,7,0,16,2,3,5,A01
200800003099,0,2,0,0,0,7,24,B01
200800003100,0,7,0,0,1,2,1,A01
200800003101,0,2,0,0,2,1,2,A01
200800003101,0,7,0,0,2,4,2,B01
200800003102,0,7,0,0,1,1,1,A01
200800003103,0,7,0,0,2,3,9,A01
200800003103,0,2,0,0,2,2,1,B01
200800003104,0,7,0,0,1,2,1,A01
200800003105,0,2,0,0,0,0,1,A01
200800003106,0,2,0,0,2,8,1,B01
200800003106,0,7,0,0,2,3,15,A01
200800003107,0,7,0,0,0,0,10,A01
200800003107,0,31,0,0,0,0,1,B01
200800003108,0,7,0,0,2,3,20,A01
200800003108,0,2,0,0,2,1,1,B01
200800003109,0,7,0,0,1,1,15,A01
200800003110,0,7,0,0,2,2,1,B01
200800003110,0,7,0,0,2,5,15,A01
200800003111,0,7,0,2,0,1,1,A01
200800003112,0,7,0,0,1,2,1,A01
200800003113,0,7,0,0,1,2,1,A01
200800003114,0,7,0,0,2,2,16,A01
200800003114,0,30,0,1,2,1,12,B01
200800003115,0,7,0,0,1,1,16,A01
200800003116,0,13,0,0,1,4,4,A01
200800003117,0,2,0,0,2,1,1,A01
200800003117,0,7,0,0,2,5,23,B01
200800003118,0,2,0,0,2,1,1,A01
200800003118,0,7,0,0,2,4,23,B01
200800003119,0,7,0,0,0,1,1,B01
200800003119,0,7,0,0,2,3,1,A01
200800003120,0,7,0,0,0,7,15,A01
200800003120,0,30,0,0,2,1,1,B01
200800003121,0,7,0,0,2,3,9,A01
200800003121,0,7,0,0,2,1,1,B01
200800003122,0,7,0,0,2,1,1,A01
200800003122,0,30,0,0,0,4,1,B01
200800003123,0,2,0,0,0,0,1,B01
200800003123,0,7,0,0,0,0,1,A01
200800003124,0,7,0,0,0,7,15,A01
200800003124,0,7,0,0,2,1,1,B01
200800003124,0,7,0,0,2,1,1,C01
200800003125,0,33,0,0,2,1,1,A01
200800003125,0,7,0,0,2,8,15,B01
200800003126,0,7,0,6,0,1,1,A01
200800003127,0,30,0,0,2,1,1,A01
200800003127,0,7,0,0,2,1,1,B01
200800003128,0,7,0,0,2,1,15,A01
200800003128,0,7,0,0,2,8,1,B01
200800003129,0,7,0,0,2,1,15,A01
200800003129,0,30,0,0,2,8,1,B01
200800003130,0,32,0,0,2,1,1,B01
200800003130,0,7,0,6,2,7,1,A01
200800003131,0,2,0,0,2,3,1,B01
200800003131,0,7,0,0,2,2,15,A01
200800003132,0,7,0,0,0,6,1,A01
200800003132,0,31,0,0,0,1,1,B01
200800003133,0,7,0,0,1,1,15,A01
200800003134,0,10,0,0,1,0,15,A01
200800003135,0,2,0,0,0,8,21,A01
200800003136,0,7,0,0,1,7,1,A01
200800003137,0,7,0,0,2,1,1,A01
200800003137,0,2,0,0,2,1,1,B01
200800003138,0,32,0,0,2,1,1,A01
200800003138,1,7,0,0,2,6,11,B01
200800003139,0,33,0,1,1,1,1,A01
200800003140,0,7,0,0,1,1,1,A01
200800003141,0,7,0,0,2,6,4,A01
200800003141,0,32,0,0,2,7,1,B01
200800003142,0,33,0,0,2,0,1,A01
200800003142,0,7,0,0,2,7,10,B01
200800003143,0,7,0,0,2,1,2,A01
200800003143,0,7,0,0,2,4,2,B01
200800003144,0,7,0,0,2,7,15,A01
200800003144,0,32,0,0,2,1,1,B01
200800003145,0,7,0,0,2,3,15,A01
200800003145,0,7,0,0,2,3,13,B01
200800003146,0,7,0,0,1,1,1,A01
200800003147,0,7,0,1,0,1,9,A01
200800003147,0,7,0,0,2,4,0,B01
200800003147,0,7,0,0,2,1,0,C01
200800003148,0,7,0,0,1,1,15,A01
200800003149,0,7,0,0,2,1,15,A01
200800003149,0,33,0,0,2,1,1,B01
200800003150,0,7,0,0,1,1,1,A01
200800003151,0,7,0,0,2,1,2,A01
200800003151,0,7,0,0,2,4,2,B01
200800003152,0,33,0,0,0,0,1,A01
200800003152,0,33,0,0,0,0,2,B01
200800003152,0,7,0,14,0,1,2,C01
200800003153,0,7,0,0,2,7,16,A01
200800003153,0,1,0,0,2,1,1,B01
200800003154,0,10,0,0,2,1,1,A01
200800003154,0,7,0,0,2,1,13,B01
200800003155,0,7,0,0,1,3,15,A01
200800003156,0,10,0,0,1,1,1,A01
200800003157,0,30,0,0,2,1,17,A01
200800003157,0,7,0,0,2,3,13,B01
200800003158,0,30,0,0,2,1,1,B01
200800003158,0,7,0,0,2,3,9,A01
200800003159,0,32,0,0,2,8,1,B01
200800003159,0,7,0,0,2,1,15,A01
200800003160,0,7,0,0,2,3,1,A01
200800003160,0,1,0,0,2,1,15,B01
200800003161,0,10,0,0,2,3,9,A01
200800003161,0,30,0,0,2,7,1,B01
200800003162,0,7,0,0,2,1,15,A01
200800003162,0,2,0,0,2,1,1,B01
200800003163,0,7,0,0,0,4,23,A01
200800003163,0,32,0,15,0,1,1,B01
200800003164,0,7,0,0,1,8,3,A01
200800003165,0,7,0,0,2,3,5,A01
200800003165,0,7,0,0,2,3,1,B01
200800003166,0,7,0,0,1,8,20,A01
200800003167,0,7,0,0,1,1,0,A01
200800003168,0,7,0,0,1,2,1,A01
200800003169,0,7,0,8,0,1,1,A01
200800003170,0,30,0,0,2,1,1,A01
200800003170,0,7,0,0,2,7,1,B01
200800003171,0,7,0,0,2,3,15,A01
200800003171,0,2,0,0,2,2,1,B01
200800003172,0,7,0,0,1,1,1,A01
200800003173,0,99,0,0,2,1,15,A01
200800003173,0,7,0,0,2,1,1,B01
200800003174,0,7,0,0,2,2,9,A01
200800003174,0,7,0,0,2,1,1,B01
200800003175,0,7,0,0,2,3,1,B01
200800003175,0,7,0,0,0,1,0,C01
200800003175,0,7,0,3,2,1,0,A01
200800003175,0,7,0,0,2,1,1,D01
200800003176,0,7,0,0,0,3,1,A01
200800003176,0,7,0,0,0,6,1,B01
200800003177,0,30,0,0,2,3,15,B01
200800003177,0,33,0,0,2,1,1,A01
200800003178,0,7,0,0,1,1,1,A01
200800003179,0,7,0,0,2,7,1,A01
200800003179,0,7,0,0,2,3,1,B01
200800003180,0,7,0,0,2,1,16,A01
200800003180,0,1,0,0,2,1,23,B01
200800003180,0,7,0,0,2,1,23,C01
200800003181,0,7,0,0,2,1,15,A01
200800003181,0,7,0,0,2,1,1,B01
200800003182,0,7,0,0,0,0,1,A01
200800003182,0,7,0,0,9,6,1,B01
200800003183,0,7,0,0,2,3,9,A01
200800003183,0,7,0,0,2,2,1,B01
200800003184,0,7,0,0,1,7,1,A01
200800003185,0,99,0,12,0,1,1,A01
200800003186,0,7,0,0,0,2,9,A01
200800003186,0,1,0,0,2,9,1,B01
200800003186,0,7,0,14,0,1,1,C01
200800003186,0,7,0,14,0,1,1,D01
200800003187,0,7,0,0,2,7,1,B01
200800003187,0,7,0,0,2,3,0,A01
200800003188,0,7,0,0,2,1,15,A01
200800003188,0,7,0,0,2,1,1,B01
200800003189,0,7,0,0,0,2,1,A01
200800003190,0,7,0,0,1,1,0,A01
200800003191,0,37,60,0,2,4,0,A01
200800003191,0,7,0,0,0,5,0,B01
200800003192,0,7,0,0,2,4,1,B01
200800003192,0,7,0,0,2,1,1,A01
200800003193,0,7,0,0,2,1,2,A01
200800003193,0,37,1,0,2,4,2,B01
200800003194,0,7,0,15,0,1,0,A01
200800003195,0,7,0,0,2,4,1,C01
200800003195,0,7,0,0,2,4,1,B01
200800003195,0,7,0,0,2,1,1,A01
200800003195,0,7,0,0,2,4,1,D01
200800003196,0,2,0,0,2,1,1,A01
200800003196,0,2,0,0,2,1,1,B01
200800003197,0,7,0,0,1,1,2,A01
200800003198,0,7,0,2,2,8,15,A01
200800003198,0,7,0,0,2,3,1,B01
200800003199,0,7,0,0,1,2,1,A01
200800003200,0,7,0,0,1,4,4,A01
200800003201,0,7,0,0,1,1,16,A01
200800003202,0,2,0,0,2,1,1,B01
200800003202,0,7,0,0,2,3,1,A01
200800003203,0,2,0,0,2,1,0,B01
200800003203,0,7,0,0,2,7,19,A01
200800003204,0,30,0,0,2,7,1,B01
200800003204,0,7,0,0,2,8,1,A01
200800003205,0,7,0,0,0,3,15,B01
200800003205,0,7,0,0,0,3,16,A01
200800003206,0,7,0,0,2,5,17,A01
200800003206,0,30,0,0,2,1,0,B01
200800003207,0,1,0,0,2,5,15,A01
200800003207,0,7,0,0,2,5,1,B01
200800003208,0,7,0,0,2,8,15,A01
200800003208,0,33,0,0,2,1,1,B01
200800003209,0,7,0,0,2,3,17,A01
200800003209,0,31,0,0,2,3,0,B01
200800003210,0,2,0,0,2,0,0,A01
200800003210,1,7,0,0,2,0,0,B01
200800003211,0,2,0,0,2,7,17,A01
200800003211,0,1,0,0,2,8,13,B01
200800003212,0,7,0,0,2,8,22,A01
200800003212,0,1,0,1,0,1,1,B01
200800003213,0,7,0,0,2,1,1,B01
200800003213,0,7,0,0,2,3,0,A01
200800003214,0,2,0,0,0,4,1,A01
200800003214,1,7,0,0,2,0,0,B01
200800003215,0,7,0,0,2,1,2,A01
200800003215,0,7,0,0,2,1,2,B01
200800003215,0,7,0,0,0,4,2,C01
200800003215,0,7,0,0,2,1,2,D01
200800003216,0,7,0,0,2,3,1,B01
200800003216,0,7,0,0,2,2,1,A01
200800003217,0,7,0,0,1,1,1,A01
200800003218,0,7,0,0,2,3,15,A01
200800003218,0,33,0,0,2,1,1,B01
200800003219,0,7,0,1,2,0,0,A01
200800003220,0,7,0,0,2,1,2,A01
200800003220,0,7,0,0,2,4,1,B01
200800003221,0,10,0,0,2,1,13,A01
200800003221,0,7,0,0,2,1,1,B01
200800003222,0,7,0,0,2,8,1,A01
200800003222,0,10,0,0,2,1,1,B01
200800003223,0,7,0,0,1,6,4,A01
200800003224,0,7,0,0,1,2,20,A01
200800003225,0,7,0,0,2,3,13,A01
200800003225,0,10,0,0,2,3,21,B01
200800003226,0,7,0,0,1,3,0,A01
200800003227,0,7,0,0,2,1,2,A01
200800003227,0,7,0,0,0,4,2,B01
200800003228,0,7,0,0,1,2,1,A01
200800003229,0,30,0,0,2,6,1,B01
200800003229,0,7,0,0,2,3,1,A01
200800003230,0,7,0,0,2,3,2,A01
200800003230,0,7,0,0,2,4,23,B01
200800003231,0,7,0,0,1,1,1,A01
200800003232,0,7,0,0,2,6,2,B01
200800003232,0,7,0,0,2,3,2,A01
200800003233,0,37,0,1,0,5,15,A01
200800003233,0,7,0,0,2,3,22,B01
200800003234,0,7,0,1,2,3,1,B01
200800003234,0,7,0,0,2,7,1,A01
200800003235,0,7,0,0,1,0,2,A01
200800003236,0,30,0,1,2,1,2,A01
200800003236,0,7,0,0,9,4,1,B01
200800003237,0,7,0,0,2,5,1,B01
200800003237,0,7,0,0,2,3,1,A01
200800003238,0,7,0,0,9,6,17,A01
200800003238,0,1,0,0,2,7,1,B01
200800003239,0,7,0,0,1,3,1,A01
200800003240,0,7,0,0,2,1,1,B01
200800003240,0,30,0,0,2,1,9,A01
200800003241,0,7,0,3,0,2,1,A01
200800003242,0,10,0,0,1,3,1,A01
200800003243,0,7,0,0,1,2,1,A01
200800003244,0,7,0,15,0,0,1,A01
200800003245,0,30,0,0,2,1,1,A01
200800003245,0,7,0,0,9,8,1,B01
200800003246,0,1,0,0,0,0,13,A01
200800003246,0,7,0,0,0,0,1,B01
200800003247,0,7,0,0,2,3,1,B01
200800003247,0,7,0,0,2,2,1,A01
200800003248,0,7,0,0,2,1,13,A01
200800003248,0,7,0,0,2,1,1,B01
200800003249,0,31,0,0,1,1,1,A01
200800003250,0,7,0,0,2,8,1,A01
200800003250,0,2,0,0,2,0,0,B01
200800003251,0,7,0,0,1,1,16,A01
200800003252,0,21,0,0,1,1,1,A01
200800003253,0,2,0,1,0,1,1,A01
200800003254,0,7,0,0,2,1,2,A01
200800003254,0,7,0,0,2,6,1,B01
200800003254,0,7,0,0,2,5,1,C01
200800003254,0,7,0,0,2,4,1,D01
200800003255,0,31,0,0,2,1,1,B01
200800003255,0,7,0,0,2,3,16,A01
200800003256,0,7,0,4,0,1,1,A01
200800003256,0,7,0,4,0,1,1,B01
200800003257,0,7,0,0,1,2,0,A01
200800003258,0,7,0,0,2,4,14,A01
200800003258,0,2,0,0,2,1,1,B01
200800003259,0,7,0,0,2,1,1,A01
200800003259,0,7,0,0,2,1,2,B01
200800003259,0,7,0,0,2,1,1,C01
200800003259,0,7,0,0,2,4,1,D01
200800003260,0,7,0,0,2,1,13,A01
200800003260,0,7,0,0,2,1,1,B01
200800003261,2,2,0,0,1,1,0,A01
200800003262,0,7,0,0,1,1,2,A01
200800003263,0,7,0,0,2,3,1,A01
200800003263,0,2,0,0,2,1,1,B01
200800003264,1,7,0,0,2,0,9,A01
200800003264,0,7,0,0,2,7,1,B01
200800003265,0,7,0,0,1,1,1,A01
200800003266,0,2,0,0,2,1,0,A01
200800003266,0,7,0,0,2,7,0,B01
200800003267,0,7,0,0,2,3,1,A01
200800003267,0,7,0,0,2,3,1,B01
200800003268,0,7,0,0,2,9,5,A01
200800003268,0,7,0,0,2,3,0,B01
200800003269,0,7,0,0,0,0,0,A01
200800003270,0,7,0,0,2,1,13,A01
200800003270,0,7,0,0,2,8,1,B01
200800003271,0,33,0,3,0,0,1,A01
200800003272,0,30,0,0,2,0,1,B01
200800003272,1,7,0,0,2,0,16,A01
200800003273,0,7,0,0,2,3,2,A01
200800003273,0,7,0,0,2,5,2,B01
200800003274,0,7,0,0,2,2,15,A01
200800003274,0,2,0,0,2,1,1,B01
200800003275,0,1,0,0,1,1,1,A01
200800003276,0,1,0,0,2,8,13,A01
200800003277,0,33,0,0,1,1,1,A01
200800003278,0,7,0,0,2,8,16,A01
200800003278,0,33,0,1,2,1,1,B01
200800003279,1,30,0,0,1,1,18,A01
200800003280,2,7,0,0,2,0,3,A01
200800003280,0,7,0,0,0,8,1,B01
200800003281,0,18,0,0,0,0,15,A01
200800003281,0,32,0,12,0,2,1,B01
200800003282,0,2,0,0,2,0,17,A01
200800003282,0,1,0,0,2,0,15,B01
200800003283,1,7,0,0,1,1,1,A01
200800003284,0,7,0,0,2,3,15,A01
200800003284,0,33,0,11,2,1,1,B01
200800003285,0,7,0,0,2,8,1,B01
200800003285,0,7,0,0,2,1,1,A01
200800003286,0,7,0,0,1,0,15,A01
200800003287,0,33,0,0,1,0,1,A01
200800003288,0,33,0,0,2,8,15,B01
200800003288,0,10,0,0,2,1,1,A01
200800003289,0,7,0,0,2,2,1,B01
200800003289,0,7,0,0,2,3,15,A01
200800003290,0,7,0,0,1,1,15,A01
200800003291,0,7,0,0,2,1,15,A01
200800003291,0,2,0,0,2,1,1,B01
200800003292,0,7,0,0,1,3,1,A01
200800003293,0,7,0,0,1,1,1,A01
200800003294,0,7,0,0,1,4,20,A01
200800003295,0,7,0,0,2,1,2,A01
200800003295,0,7,0,0,0,4,2,C01
200800003295,0,7,0,0,2,9,2,B01
200800003296,0,7,0,13,0,0,14,A01
200800003297,0,37,0,0,0,0,0,A01
200800003298,0,2,0,0,0,0,0,B01
200800003298,0,7,0,1,0,0,0,A01
200800003299,0,7,0,0,1,0,0,A01
200800003300,0,7,0,0,1,2,1,B01
200800003301,0,15,0,0,2,7,16,A01
200800003301,0,1,0,0,2,1,1,B01
200800003302,0,7,0,5,0,3,1,A01
200800003303,0,7,0,0,2,1,1,A01
200800003303,0,7,0,0,2,4,23,B01
200800003304,0,7,0,0,1,1,1,A01
200800003305,0,7,0,0,2,6,4,A01
200800003305,0,31,0,0,2,1,1,B01
200800003306,0,33,0,0,5,1,1,B01
200800003307,0,30,0,0,2,1,1,A01
200800003308,0,7,0,0,2,7,1,A01
200800003308,0,7,0,0,2,1,1,B01
200800003309,0,1,0,0,2,8,15,B01
200800003309,0,7,0,0,2,1,19,A01
200800003310,0,7,0,0,2,1,1,B01
200800003310,0,7,0,0,2,1,1,C01
200800003310,0,7,0,0,2,4,0,D01
200800003310,0,7,0,0,2,5,1,A01
200800003311,0,7,0,0,1,1,2,A01
200800003312,0,7,0,0,2,7,17,A01
200800003312,0,1,0,0,2,3,1,B01
200800003312,0,1,0,0,2,8,1,C01
200800003313,0,7,0,0,1,0,1,A01
200800003314,0,7,0,0,1,0,1,A01
200800003315,0,7,0,0,2,1,2,A01
200800003315,0,7,0,0,2,4,1,B01
200800003316,0,7,0,0,1,0,1,A01
200800003317,0,7,0,0,1,4,4,A01
200800003318,1,7,0,0,2,0,1,A01
200800003318,0,30,0,0,2,1,1,B01
200800003319,0,2,0,0,2,1,1,A01
200800003319,0,7,0,0,2,3,1,B01
200800003320,0,14,0,0,2,1,1,A01
200800003320,0,7,0,0,2,4,23,B01
200800003321,0,37,0,0,2,1,15,A01
200800003321,0,7,0,0,2,3,1,B01
200800003322,0,10,0,0,2,4,4,A01
200800003322,0,33,0,0,2,1,1,B01
200800003323,0,7,0,0,2,0,1,B01
200800003323,0,7,0,0,2,0,19,A01
200800003324,0,7,0,0,1,7,1,A01
200800003325,0,7,0,0,1,1,1,A01
200800003326,0,2,0,0,1,1,13,A01
200800003327,0,7,0,0,1,1,15,A01
200800003328,0,2,0,0,2,1,1,B01
200800003328,0,7,0,0,2,8,15,A01
200800003329,0,2,0,0,1,1,1,A01
200800003330,0,7,0,0,2,3,15,A01
200800003330,0,14,0,0,2,1,1,B01
200800003331,0,30,0,0,2,1,2,A01
200800003331,0,7,0,0,2,4,2,B01
200800003332,0,2,0,0,2,1,17,A01
200800003332,0,99,0,0,0,3,2,B01
200800003333,0,13,0,0,0,5,1,A01
200800003333,0,2,0,0,2,3,1,B01
200800003334,0,7,0,0,2,0,15,A01
200800003334,0,2,0,0,2,7,3,B01
200800003335,0,7,0,0,2,3,15,A01
200800003335,0,30,0,0,2,1,1,B01
200800003336,0,7,0,14,0,1,1,A01
200800003337,0,30,0,0,0,8,1,A01
200800003338,0,7,0,3,0,1,1,A01
200800003339,0,7,0,0,1,1,1,A01
200800003340,0,33,0,0,2,3,15,A01
200800003340,0,7,0,0,2,1,1,B01
200800003341,0,31,0,0,2,0,2,A01
200800003341,0,7,0,0,2,4,2,B01
200800003342,0,7,0,8,0,1,1,A01
200800003343,0,15,0,0,2,1,2,A01
200800003343,0,7,0,0,2,4,2,B01
200800003344,0,7,0,0,1,2,1,B01
200800003345,0,30,0,1,0,1,1,A01
200800003346,0,2,0,12,0,0,1,A01
200800003347,0,7,0,0,2,5,1,A01
200800003347,0,30,0,0,2,1,1,B01
200800003348,0,30,0,0,0,0,1,A01
200800003349,0,7,0,0,1,1,1,A01
200800003350,0,7,0,0,1,4,4,A01
200800003351,0,7,0,0,2,8,13,A01
200800003351,0,33,0,0,2,7,1,B01
200800003352,0,7,0,9,0,1,1,A01
200800003353,0,7,0,0,2,8,15,A01
200800003353,0,7,0,0,2,3,1,B01
200800003354,0,2,0,0,0,1,1,A01
200800003355,0,33,0,14,0,0,0,A01
200800003356,0,7,0,0,2,7,15,A01
200800003356,0,31,0,0,2,1,1,B01
200800003357,0,37,0,0,1,1,9,A01
200800003358,0,7,0,0,1,2,1,A01
200800003359,0,33,0,0,0,1,17,A01
200800003359,0,7,0,0,0,1,23,B01
200800003360,0,7,0,0,0,4,2,A01
200800003360,0,34,0,0,2,1,2,B01
200800003360,0,7,0,0,0,8,1,C01
200800003361,0,30,0,0,2,7,1,B01
200800003361,0,7,0,0,0,1,9,A01
200800003362,0,7,0,0,0,2,9,B01
200800003362,0,1,0,0,0,1,5,A01
200800003363,0,33,0,1,0,2,1,A01
200800003364,0,7,0,0,0,4,1,B01
200800003364,0,7,0,0,0,1,2,A01
200800003365,0,7,0,0,0,0,0,A01
200800003365,0,30,0,0,0,0,0,B01
200800003366,0,33,0,0,0,0,0,A01
200800003366,0,33,0,0,0,0,0,B01
200800003367,0,7,0,0,2,7,15,A01
200800003367,0,1,0,0,2,1,1,B01
200800003368,0,7,0,0,0,2,1,A01
200800003368,0,1,0,0,0,0,9,B01
200800003369,0,32,0,0,2,1,2,A01
200800003369,0,7,0,0,2,3,16,B01
200800003370,0,32,0,0,2,7,0,B01
200800003370,0,7,0,0,0,0,0,A01
200800003371,0,7,0,1,0,0,0,A01
200800003372,0,31,0,0,0,0,0,A01
200800003373,0,33,0,0,0,0,0,A01
200800003373,0,7,0,0,0,0,0,B01
200800003374,0,2,0,0,0,0,0,A01
200800003374,0,7,0,0,0,0,0,B01
200800003375,0,37,1,0,2,1,2,A01
200800003375,0,32,0,0,2,1,15,B01
200800003376,0,31,0,1,0,0,1,A01
200800003376,0,7,0,0,2,3,24,B01
200800003377,0,2,0,0,0,2,0,A01
200800003378,0,7,0,0,0,0,0,A01
200800003379,0,7,0,1,0,0,0,A01
200800003380,0,7,0,0,0,0,0,A01
200800003380,0,2,0,0,0,0,0,B01
200800003381,0,7,0,0,0,0,1,B01
200800003381,0,7,0,0,0,0,4,A01
200800003382,0,10,0,0,1,2,1,A01
200800003383,0,31,0,0,2,1,17,A01
200800003383,0,7,0,0,2,8,13,B01
200800003384,0,7,0,0,0,0,0,A01
200800003384,0,2,0,0,0,0,0,B01
200800003385,0,7,0,0,0,0,0,A01
200800003385,0,33,0,0,0,0,0,B01
200800003386,0,7,0,0,0,0,0,A01
200800003387,0,7,0,0,2,1,2,A01
200800003387,0,7,0,0,2,4,2,B01
200800003387,0,7,0,0,2,4,1,C01
200800003388,0,7,0,0,1,1,1,A01
200800003389,1,32,0,0,1,1,1,A01
200800003390,0,7,0,0,1,1,1,A01
200800003391,0,2,0,0,2,3,18,A01
200800003391,0,7,0,0,2,5,1,B01
200800003392,0,32,0,0,2,2,1,B01
200800003392,0,7,0,0,2,6,16,A01
200800003393,0,34,0,0,2,7,1,B01
200800003393,0,7,0,0,2,2,15,A01
200800003394,0,7,0,0,2,2,1,B01
200800003394,0,7,0,0,2,2,15,A01
200800003395,0,7,0,1,1,3,1,A01
200800003396,0,30,0,0,1,1,1,A01
200800003397,0,7,0,0,2,8,2,A01
200800003397,0,32,0,0,2,8,2,B01
200800003398,0,7,0,0,0,5,15,A01
200800003398,0,30,0,0,0,1,1,B01
200800003399,0,7,0,0,1,3,15,A01
200800003400,0,7,0,0,1,3,1,A01
200800003401,0,31,0,0,0,1,1,A01
200800003402,0,7,0,0,2,6,1,A01
200800003402,0,33,0,0,2,2,9,B01
200800003403,1,7,0,0,2,1,1,A01
200800003403,0,7,0,0,2,1,1,B01
200800003403,0,32,0,0,2,4,1,C01
200800003404,0,10,0,0,2,3,1,A01
200800003404,0,30,0,0,2,4,1,B01
200800003405,0,7,0,0,2,2,15,A01
200800003405,0,31,0,0,2,1,1,B01
200800003406,0,7,0,0,1,2,1,A01
200800003407,0,7,0,0,2,8,11,A01
200800003407,0,33,0,0,2,7,1,B01
200800003408,0,7,0,0,2,3,1,A01
200800003408,0,32,0,0,2,2,15,B01
200800003409,2,33,0,0,2,0,0,A01
200800003409,0,32,0,0,2,2,1,B01
200800003410,0,14,0,0,1,7,1,A01
200800003411,0,2,0,0,2,1,1,A01
200800003411,0,7,0,0,2,1,1,B01
200800003412,0,7,0,0,2,5,15,B01
200800003412,0,32,0,0,2,1,14,A01
200800003413,0,32,0,1,0,1,1,A01
200800003413,0,7,0,0,2,6,23,B01
200800003414,0,30,0,0,2,8,2,B01
200800003414,0,7,0,0,9,3,2,A01
200800003415,0,10,0,0,2,1,2,A01
200800003415,0,7,0,0,2,4,23,B01
200800003415,0,7,0,0,2,4,23,C01
200800003416,0,7,0,0,9,3,15,A01
200800003416,0,30,0,0,2,1,17,B01
200800003417,0,30,0,0,2,1,17,B01
200800003417,0,7,0,0,9,3,15,A01
200800003418,0,30,0,0,2,2,17,A01