Num_Acc,senc,catv,occutc,obs,obsm,choc,manv,num_veh
200800003418,0,7,0,0,9,3,15,B01
200800003419,0,7,0,0,2,1,15,A01
200800003419,0,2,0,0,2,1,1,B01
200800003420,0,7,0,0,2,4,12,A01
200800003420,0,33,0,0,2,1,1,B01
200800003421,0,7,0,14,0,1,1,A01
200800003422,0,7,0,0,2,2,15,A01
200800003422,0,2,0,0,2,1,1,B01
200800003423,0,33,0,0,0,7,1,A01
200800003424,0,10,0,0,2,1,1,A01
200800003424,0,7,0,0,2,4,1,B01
200800003425,0,33,0,0,2,1,1,A01
200800003425,0,7,0,0,2,5,9,B01
200800003426,0,7,0,0,1,1,1,A01
200800003427,0,10,0,0,1,1,15,A01
200800003428,0,31,0,9,0,1,1,A01
200800003429,0,31,0,0,0,1,1,A01
200800003430,0,33,0,1,2,1,1,A01
200800003430,0,7,0,0,2,3,9,B01
200800003430,0,7,0,0,2,6,24,C01
200800003431,0,7,0,0,2,3,15,A01
200800003431,0,31,0,0,2,7,5,B01
200800003432,0,7,0,0,2,1,1,A01
200800003432,0,7,0,0,2,4,1,B01
200800003433,0,7,0,0,2,2,1,A01
200800003433,0,1,0,0,2,1,19,B01
200800003434,0,7,0,0,2,2,15,A01
200800003434,0,31,0,0,2,1,1,B01
200800003435,0,10,0,0,2,8,15,A01
200800003435,0,31,0,0,2,2,1,B01
200800003436,0,30,0,0,2,1,1,A01
200800003436,0,7,0,0,2,3,1,B01
200800003437,0,30,0,0,2,2,17,A01
200800003437,0,10,0,0,2,8,15,B01
200800003438,0,32,0,0,1,1,17,A01
200800003439,0,10,0,0,1,0,1,A01
200800003440,0,30,0,0,1,3,21,A01
200800003441,0,7,0,0,2,3,15,A01
200800003441,0,30,0,0,2,5,17,B01
200800003442,0,7,0,11,0,1,1,A01
200800003443,0,7,0,0,2,4,0,B01
200800003443,0,7,0,0,2,1,0,A01
200800003444,0,7,0,0,2,6,24,B01
200800003444,0,2,0,0,2,1,1,A01
200800003445,0,32,0,0,2,8,1,B01
200800003445,0,7,0,0,2,1,15,A01
200800003446,0,7,0,0,1,4,4,A01
200800003447,0,32,0,0,0,0,1,A01
200800003448,0,7,0,0,2,1,15,B01
200800003448,0,33,0,0,2,7,1,A01
200800003449,0,7,0,0,1,1,1,A01
200800003450,0,31,0,0,2,1,1,A01
200800003450,0,7,0,0,2,8,15,B01
200800003451,0,7,0,1,2,4,2,B01
200800003451,0,7,0,0,2,1,2,A01
200800003452,0,7,0,0,2,1,0,A01
200800003452,0,33,0,0,2,7,0,B01
200800003453,0,7,0,0,1,2,0,A01
200800003454,0,33,0,0,2,1,2,B01
200800003454,0,7,0,0,2,2,2,A01
200800003455,0,7,0,0,2,5,0,B01
200800003455,0,2,0,0,2,1,0,A01
200800003456,0,30,0,0,2,1,16,B01
200800003456,0,7,0,0,2,2,2,A01
200800003457,0,33,0,0,1,1,0,A01
200800003458,0,7,0,0,1,4,4,A01
200800003459,0,7,0,0,1,1,1,A01
200800003460,0,7,0,0,1,2,0,A01
200800003461,0,7,0,0,1,1,1,A01
200800003462,0,7,0,0,1,1,15,A01
200800003463,0,2,0,0,2,1,1,B01
200800003463,0,7,0,0,2,3,16,A01
200800003464,0,33,0,0,2,0,1,A01
200800003464,0,10,0,0,2,0,17,B01
200800003465,0,7,0,0,0,1,10,A01
200800003465,0,33,0,0,0,0,23,B01
200800003466,0,7,0,0,0,8,1,B01
200800003466,0,7,0,0,0,1,1,A01
200800003467,0,37,1,0,0,1,16,A01
200800003468,0,33,0,14,0,1,1,A01
200800003469,0,7,0,0,0,3,15,A01
200800003469,0,33,0,0,0,0,17,B01
200800003470,0,7,0,0,0,0,0,A01
200800003471,0,30,0,0,0,1,1,A01
200800003471,0,7,0,0,0,1,1,B01
200800003472,0,7,0,0,0,0,12,A01
200800003472,0,33,0,0,2,0,1,B01
200800003473,0,7,0,0,0,3,15,B01
200800003473,0,32,0,0,0,0,0,A01
200800003474,0,7,0,0,2,3,20,A01
200800003474,0,32,0,0,2,0,2,B01
200800003475,0,7,0,0,0,0,15,A01
200800003476,0,13,0,0,0,1,15,A01
200800003477,0,7,0,1,0,1,0,A01
200800003478,0,7,0,0,2,3,0,A01
200800003478,0,33,0,0,2,2,0,B01
200800003479,0,34,0,0,0,8,1,A01
200800003479,0,7,0,0,2,2,2,B01
200800003480,0,7,0,0,1,4,4,A01
200800003481,0,7,0,0,2,1,0,A01
200800003481,0,33,0,0,2,1,1,B01
200800003482,0,7,0,4,2,2,11,A01
200800003482,0,7,0,0,2,2,2,B01
200800003483,0,7,0,0,2,2,0,A01
200800003483,0,30,0,0,2,3,0,B01
200800003484,0,37,30,0,2,7,0,A01
200800003484,0,14,0,0,9,8,0,B01
200800003485,0,7,0,0,1,6,1,A01
200800003485,0,31,0,0,2,1,21,B01
200800003486,0,30,0,0,2,1,0,B01
200800003486,0,99,0,0,2,4,0,A01
200800003487,0,10,0,0,2,1,1,A01
200800003487,0,7,0,0,2,2,1,B01
200800003488,0,30,0,0,1,1,1,A01
200800003489,0,7,0,0,1,1,11,A01
200800003490,0,7,0,0,2,2,12,A01
200800003490,0,30,0,0,2,3,16,B01
200800003491,0,7,0,4,0,1,1,A01
200800003492,0,33,0,0,2,1,1,B01
200800003492,0,7,0,0,2,3,1,A01
200800003493,0,34,0,0,2,1,1,A01
200800003493,1,7,0,0,2,1,10,B01
200800003494,0,7,0,0,1,2,1,A01
200800003495,0,7,0,0,1,1,1,A01
200800003496,0,32,0,0,2,7,17,A01
200800003496,0,7,0,0,2,3,15,B01
200800003497,0,7,0,0,2,4,0,B01
200800003497,0,30,0,0,2,1,0,A01
200800003498,0,99,0,0,2,1,10,B01
200800003498,0,7,0,0,2,2,1,A01
200800003499,0,10,0,0,2,4,23,A01
200800003499,0,2,0,0,2,1,1,B01
200800003500,0,2,0,0,1,1,17,A01
200800003501,0,7,0,0,2,3,15,A01
200800003501,0,31,0,0,2,7,17,B01
200800003502,0,7,0,0,1,3,1,A01
200800003503,0,7,0,0,1,7,1,A01
200800003504,0,7,0,0,1,1,15,A01
200800003505,1,37,1,0,0,0,14,A01
200800003505,0,30,0,0,0,0,15,B01
200800003506,0,7,0,15,2,1,1,B01
200800003506,1,7,0,0,2,0,16,A01
200800003507,0,32,0,0,1,1,18,A01
200800003508,0,33,0,0,1,1,1,A01
200800003509,0,31,0,1,2,1,17,A01
200800003509,0,7,0,0,2,8,15,B01
200800003510,0,7,0,12,0,2,14,A01
200800003511,0,7,0,0,2,3,13,A01
200800003511,0,7,0,0,2,3,1,B01
200800003512,0,7,0,0,1,3,15,A01
200800003513,0,31,0,0,2,2,2,A01
200800003513,0,7,0,0,2,5,2,B01
200800003513,0,7,0,0,2,6,2,C01
200800003514,0,31,0,0,1,1,1,A01
200800003514,0,7,0,0,2,3,23,B01
200800003515,0,2,0,0,2,1,2,A01
200800003515,0,10,0,0,2,6,1,B01
200800003516,0,7,0,0,1,2,14,A01
200800003517,0,7,0,0,1,3,1,A01
200800003518,1,10,0,0,9,2,1,A01
200800003518,0,7,0,0,1,0,24,B01
200800003519,0,7,0,8,0,3,0,A01
200800003520,0,7,0,14,2,1,1,A01
200800003520,0,7,0,0,2,0,1,B01
200800003520,0,7,0,0,2,1,1,C01
200800003521,0,32,0,0,0,1,1,A01
200800003522,0,32,0,0,0,0,1,A01
200800003523,0,7,0,0,1,3,15,A01
200800003524,0,7,0,0,2,5,15,A01
200800003524,0,33,0,0,2,1,1,B01
200800003525,0,7,0,0,2,1,1,A01
200800003525,0,7,0,0,2,4,23,B01
200800003526,0,30,0,0,2,8,18,A01
200800003526,0,7,0,0,2,7,16,B01
200800003527,0,7,0,0,1,1,1,A01
200800003528,0,10,0,0,2,1,1,A01
200800003528,0,7,0,0,0,4,1,B01
200800003529,0,7,0,0,1,2,1,A01
200800003530,0,2,0,0,0,0,1,A01
200800003531,0,7,0,0,1,2,1,A01
200800003532,0,2,0,0,2,0,1,B01
200800003532,0,7,0,0,0,0,1,A01
200800003533,0,7,0,0,1,0,1,A01
200800003534,0,7,0,0,2,1,15,A01
200800003534,0,32,0,0,2,1,1,B01
200800003535,0,32,0,0,2,1,1,A01
200800003535,1,99,0,0,2,6,2,B01
200800003536,0,2,0,0,2,1,1,A01
200800003536,0,7,0,0,2,6,15,B01
200800003537,0,7,0,0,2,1,15,A01
200800003537,0,10,0,0,2,2,1,B01
200800003538,0,10,0,0,1,1,0,A01
200800003539,0,7,0,0,2,2,14,A01
200800003539,0,33,0,0,2,8,1,B01
200800003540,0,2,0,11,0,7,11,A01
200800003541,0,10,0,0,2,3,1,B01
200800003541,0,7,0,0,2,7,1,A01
200800003542,0,7,0,0,1,1,0,A01
200800003543,0,34,0,0,0,8,2,B01
200800003543,0,7,0,0,0,1,24,A01
200800003544,0,2,0,0,1,0,5,A01
200800003545,0,33,0,0,0,7,14,B01
200800003545,0,7,0,0,2,2,19,A01
200800003546,0,7,0,0,1,7,1,A01
200800003547,0,7,0,0,0,6,1,B01
200800003547,0,30,0,0,2,1,1,A01
200800003548,0,7,0,0,0,1,1,A01
200800003549,1,7,0,0,2,3,2,A01
200800003549,0,34,0,0,2,2,1,B01
200800003550,0,7,0,0,2,2,16,A01
200800003550,0,33,0,8,2,3,2,B01
200800003551,0,2,0,0,2,1,2,B01
200800003551,0,7,0,0,2,3,2,A01
200800003552,1,33,0,0,1,1,0,A01
200800003553,0,33,0,0,2,1,1,B01
200800003553,0,7,0,4,2,7,15,A01
200800003554,0,10,0,0,2,4,1,A01
200800003554,0,10,0,0,2,1,0,B01
200800003555,0,7,0,1,0,2,1,A01
200800003555,0,7,0,1,2,6,0,B01
200800003555,0,7,0,0,2,6,0,C01
200800003556,0,33,0,0,2,2,17,A01
200800003556,0,10,0,0,2,3,10,B01
200800003557,0,7,0,0,1,4,20,A01
200800003558,0,7,0,0,0,0,0,B01
200800003558,0,7,0,0,0,0,0,A01
200800003559,0,7,0,8,0,1,20,A01
200800003560,0,7,0,0,1,3,2,A01
200800003561,0,2,0,0,0,0,0,A01
200800003562,1,7,0,0,1,1,0,A01
200800003563,0,33,0,0,2,7,1,A01
200800003563,0,7,0,0,2,8,11,B01
200800003564,0,7,0,0,2,2,9,A01
200800003564,0,7,0,0,2,3,1,B01
200800003565,0,7,0,0,1,1,0,A01
200800003566,0,7,0,0,1,1,1,A01
200800003567,0,7,0,0,1,1,9,A01
200800003568,0,7,0,3,2,8,21,A01
200800003569,0,7,0,0,1,8,2,A01
200800003570,0,33,0,0,2,1,1,A01
200800003570,0,7,0,0,2,8,9,B01
200800003571,0,7,0,0,2,3,1,B01
200800003571,0,7,0,0,2,3,15,A01
200800003572,0,7,0,1,2,6,1,A01
200800003572,0,7,0,0,2,7,0,B01
200800003573,0,14,0,0,2,1,2,A01
200800003574,0,7,0,0,2,2,1,B01
200800003574,0,7,0,1,2,1,1,A01
200800003575,0,7,0,0,1,1,2,A01
200800003576,0,7,0,0,9,3,0,A01
200800003576,0,10,0,0,2,2,0,B01
200800003576,0,1,0,0,0,0,0,C01
200800003577,0,7,0,0,1,3,15,A01
200800003578,0,7,0,0,1,8,2,A01
200800003579,0,7,0,0,2,3,1,A01
200800003579,0,32,0,0,2,4,1,B01
200800003579,0,7,0,0,2,4,1,C01
200800003580,1,7,0,0,1,1,1,A01
200800003581,0,30,0,0,0,3,11,A01
200800003581,0,7,0,0,0,2,11,B01
200800003582,0,10,0,6,0,1,1,A01
200800003583,0,7,0,0,1,1,1,A01
200800003584,0,7,0,0,1,2,0,A01
200800003585,0,10,0,0,0,1,9,A01
200800003585,0,2,0,0,0,8,9,B01
200800003586,0,7,0,0,2,1,15,A01
200800003586,0,7,0,0,2,3,1,B01
200800003587,0,10,0,0,2,2,15,A01
200800003587,0,30,0,0,2,2,1,B01
200800003588,0,7,0,0,1,2,1,A01
200800003589,0,7,0,0,9,0,0,B01
200800003589,0,30,0,0,2,3,0,A01
200800003590,0,7,0,0,1,2,1,A01
200800003591,0,7,0,0,2,2,15,A01
200800003591,0,7,0,0,2,3,21,B01
200800003592,0,10,0,5,0,8,0,A01
200800003593,0,10,0,0,2,1,2,A01
200800003593,0,7,0,0,0,4,2,B01
200800003593,0,7,0,0,0,4,0,C01
200800003594,0,30,0,0,0,0,0,A01
200800003595,0,7,0,0,2,2,11,A01
200800003595,0,13,0,0,2,3,1,B01
200800003596,0,33,0,0,1,1,0,A01
200800003597,0,7,0,0,0,1,1,B01
200800003597,0,10,0,0,0,4,1,A01
200800003598,0,7,0,0,2,3,22,A01
200800003598,0,2,0,1,0,1,1,B01
200800003599,0,7,0,0,2,1,17,A01
200800003599,0,37,1,0,2,1,0,B01
200800003600,1,31,0,0,1,3,0,A01
200800003601,0,7,0,0,2,7,12,A01
200800003601,0,30,0,0,2,8,17,B01
200800003602,0,7,0,0,2,0,2,A01
200800003602,0,7,0,0,2,1,2,B01
200800003602,0,7,0,0,0,4,2,C01
200800003603,0,30,0,0,2,7,17,A01
200800003603,0,7,0,0,2,8,15,B01
200800003604,0,7,0,2,0,1,0,A01
200800003605,0,7,0,0,2,3,1,A01
200800003605,0,7,0,0,2,8,13,B01
200800003606,0,7,0,0,0,1,2,A01
200800003607,0,7,0,0,0,1,2,A01
200800003608,0,7,0,0,1,1,0,A01
200800003609,0,7,0,0,2,1,1,A01
200800003609,0,7,0,0,0,4,1,B01
200800003610,0,30,0,0,5,0,21,A01
200800003611,0,7,0,0,2,1,0,B01
200800003611,0,2,0,0,0,0,0,A01
200800003612,0,7,0,0,2,1,1,A01
200800003612,0,33,0,0,0,7,2,B01
200800003613,0,7,0,0,0,0,0,A01
200800003613,0,33,0,0,0,0,0,B01
200800003614,0,7,0,7,0,4,4,A01
200800003615,0,3,0,0,0,1,0,A01
200800003615,0,13,0,0,0,0,0,B01
200800003616,0,7,0,0,2,3,1,A01
200800003616,0,7,0,0,2,3,1,B01
200800003617,1,7,0,0,1,0,1,A01
200800003618,0,7,0,0,2,1,2,A01
200800003618,0,7,0,0,2,4,2,B01
200800003619,0,7,0,0,2,1,1,B01
200800003619,0,37,0,9,2,3,1,A01
200800003620,0,7,0,0,1,8,1,A01
200800003621,0,7,0,0,0,2,0,A01
200800003621,0,1,0,0,0,1,0,B01
200800003622,0,37,2,9,0,7,2,A01
200800003623,0,7,0,0,6,7,0,A01
200800003623,0,7,0,0,0,6,0,B01
200800003624,0,7,0,0,1,3,1,A01
200800003625,0,7,0,0,1,1,1,A01
200800003626,0,2,0,0,2,2,2,A01
200800003626,0,7,0,0,2,3,11,B01
200800003627,0,34,0,0,1,2,1,A01
200800003628,0,7,0,1,0,3,0,A01
200800003629,0,2,0,0,1,1,0,A01
200800003630,0,30,0,0,0,0,0,A01
200800003631,0,99,0,0,0,0,0,A01
200800003631,0,33,0,0,0,0,0,B01
200800003632,0,7,0,0,2,3,13,A01
200800003632,0,7,0,0,2,3,1,B01
200800003633,0,33,0,0,2,8,0,B01
200800003633,0,7,0,0,2,3,15,A01
200800003634,0,7,0,0,2,1,13,A01
200800003634,0,7,0,0,2,1,1,B01
200800003635,0,32,0,0,2,7,17,A01
200800003635,0,7,0,0,2,3,15,B01
200800003636,0,33,0,0,2,7,17,A01
200800003636,0,7,0,0,2,6,15,B01
200800003636,0,7,0,0,2,3,23,C01
200800003637,0,30,0,0,2,8,0,A01
200800003637,0,17,0,0,0,2,0,B01
200800003638,0,32,0,14,0,1,1,A01
200800003639,0,30,0,0,2,1,1,B01
200800003639,0,7,0,0,2,1,15,A01
200800003640,0,30,0,0,0,8,1,A01
200800003640,0,7,0,0,0,0,15,B01
200800003641,1,30,0,0,1,8,1,A01
200800003642,0,32,0,0,2,5,12,B01
200800003642,0,10,0,0,2,3,9,A01
200800003643,0,32,0,0,2,1,2,A01
200800003643,0,7,0,0,2,4,15,B01
200800003644,0,2,0,0,0,0,0,A01
200800003644,0,7,0,0,0,0,0,B01
200800003645,0,7,0,0,1,1,1,A01
200800003646,0,7,0,0,0,7,0,A01
200800003647,0,7,0,6,0,1,1,A01
200800003648,0,7,0,0,2,1,15,A01
200800003648,0,7,0,0,2,3,1,B01
200800003649,0,7,0,6,2,1,2,A01
200800003649,0,3,0,0,0,4,2,B01
200800003650,0,7,0,0,2,3,1,B01
200800003650,0,10,0,0,2,2,15,A01
200800003651,0,7,0,0,0,1,11,A01
200800003651,0,33,0,0,0,8,2,B01
200800003652,0,7,0,0,1,1,16,A01
200800003653,0,7,0,0,2,8,1,B01
200800003653,0,7,0,0,2,7,9,A01
200800003654,0,7,0,0,2,1,1,B01
200800003654,0,7,0,0,2,6,9,A01
200800003655,0,7,0,0,1,3,2,A01
200800003656,0,7,0,0,1,1,1,A01
200800003657,0,7,0,8,0,2,1,A01
200800003658,0,99,0,0,1,1,1,A01
200800003659,0,2,0,0,1,1,1,A01
200800003660,0,7,0,0,0,5,12,A01
200800003660,0,1,0,0,0,3,2,B01
200800003661,0,7,0,0,2,8,10,A01
200800003661,0,10,0,0,2,2,17,B01
200800003662,0,31,0,0,2,1,2,B01
200800003662,0,7,0,0,2,7,15,A01
200800003663,0,7,0,15,0,1,1,A01
200800003664,0,7,0,0,1,3,1,A01
200800003665,0,7,0,0,2,2,20,A01
200800003665,0,33,0,0,2,1,1,B01
200800003666,0,7,0,0,1,3,1,A01
200800003667,0,7,0,0,1,3,0,A01
200800003668,2,7,0,0,2,3,0,A01
200800003668,0,7,0,0,1,6,0,B01
200800003669,0,7,0,0,1,3,1,A01
200800003670,0,10,0,0,2,1,1,A01
200800003670,0,38,1,0,2,8,1,B01
200800003671,1,30,0,0,2,1,0,A01
200800003671,0,7,0,0,9,8,15,B01
200800003672,0,15,0,0,2,7,1,A01
200800003672,0,7,0,0,2,7,1,B01
200800003672,1,15,0,0,0,0,0,C01
200800003673,0,7,0,15,0,2,0,A01
200800003674,0,7,0,0,0,1,15,A01
200800003674,0,33,0,0,0,8,21,B01
200800003675,0,37,2,0,0,0,7,A01
200800003676,0,35,0,0,2,0,17,A01
200800003676,0,7,0,0,2,3,0,B01
200800003677,1,7,0,0,1,0,0,A01
200800003678,0,7,0,0,2,3,16,B01
200800003678,0,34,0,0,2,2,1,A01
200800003679,0,33,0,9,0,0,1,A01
200800003680,0,7,0,0,2,8,15,A01
200800003680,0,30,0,0,2,8,1,B01
200800003681,0,30,0,0,1,1,17,A01
200800003682,0,7,0,0,2,2,17,A01
200800003682,0,7,0,0,2,3,15,B01
200800003683,0,7,0,0,1,1,1,A01
200800003684,0,7,0,0,2,2,15,A01
200800003684,0,2,0,0,2,1,1,B01
200800003685,0,7,0,0,2,3,15,A01
200800003685,0,31,0,0,2,1,17,B01
200800003686,0,30,0,0,2,1,17,A01
200800003686,0,7,0,0,1,3,15,B01
200800003687,0,7,0,0,2,4,0,B01
200800003687,0,7,0,0,0,0,0,A01
200800003688,0,7,0,0,1,3,2,A01
200800003689,0,7,0,0,0,7,9,B01
200800003689,0,30,0,0,0,7,2,A01
200800003690,0,7,0,0,1,4,0,A01
200800003691,0,7,0,8,0,3,0,A01
200800003692,0,7,0,0,0,0,0,B01
200800003692,0,7,0,0,0,0,0,A01
200800003693,0,7,0,0,0,4,1,B01
200800003693,0,30,0,0,2,1,1,A01
200800003694,0,10,0,1,2,6,0,A01
200800003694,0,31,0,1,0,7,0,B01
200800003695,0,7,0,3,0,9,16,A01
200800003696,0,33,0,0,0,0,2,A01
200800003697,0,13,0,0,2,1,1,A01
200800003697,0,7,0,0,2,5,1,B01
200800003698,0,7,0,0,2,7,1,A01
200800003698,0,7,0,0,2,1,1,B01
200800003699,0,7,0,0,1,4,4,A01
200800003700,0,7,0,0,2,1,0,A01
200800003700,0,7,0,0,0,3,1,B01
200800003701,0,37,1,0,2,3,13,A01
200800003701,0,7,0,0,0,2,14,B01
200800003702,0,37,46,14,0,0,0,A01
200800003703,0,31,0,0,2,8,18,A01
200800003703,0,7,0,0,0,7,23,B01
200800003704,0,7,0,0,1,1,0,A01
200800003705,0,33,0,0,2,4,1,B01
200800003705,1,7,0,0,2,0,9,A01
200800003705,0,10,0,1,2,4,0,C01
200800003706,0,10,0,0,1,2,1,A01
200800003707,0,10,0,1,0,7,1,A01
200800003707,0,7,0,0,0,8,1,B01
200800003708,0,10,0,0,2,8,0,A01
200800003708,0,33,0,0,2,9,0,B01
200800003709,0,30,0,0,1,1,0,A01
200800003710,0,3,0,0,0,1,1,A01
200800003711,0,7,0,0,1,1,1,A01
200800003712,0,7,0,0,2,1,1,A01
200800003712,0,7,0,0,0,4,1,B01
200800003713,0,33,0,0,2,1,1,A01
200800003713,0,10,0,0,2,2,11,B01
200800003714,0,7,0,0,2,2,16,B01
200800003714,0,31,0,0,2,3,7,A01
200800003715,1,10,0,0,2,2,0,A01
200800003715,0,10,0,0,2,3,1,B01
200800003716,0,7,0,0,2,7,1,A01
200800003716,0,7,0,0,2,1,1,B01
200800003717,0,7,0,0,2,1,21,A01
200800003717,2,7,0,0,2,1,2,B01
200800003718,0,7,0,0,1,1,2,A01
200800003719,0,7,0,0,0,4,2,C01
200800003719,0,7,0,0,2,4,1,B01
200800003719,0,7,0,0,2,1,1,A01
200800003720,0,7,0,0,1,1,1,A01
200800003721,0,7,0,0,1,2,1,A01
200800003722,0,7,0,0,1,6,4,A01
200800003723,0,7,0,0,1,8,15,A01
200800003724,0,7,0,0,0,0,15,B01
200800003724,0,33,0,12,0,9,1,A01
200800003725,0,7,0,0,2,1,2,A01
200800003725,0,7,0,0,0,4,0,B01
200800003725,0,31,0,0,2,1,2,C01
200800003726,0,17,0,0,2,2,1,B01
200800003726,0,7,0,0,2,3,0,A01
200800003727,0,7,0,0,2,1,2,A01
200800003727,0,7,0,0,0,4,2,B01
200800003728,0,7,0,0,2,0,1,A01
200800003728,0,31,0,0,2,8,1,B01
200800003729,0,7,0,0,1,2,1,A01
200800003730,0,37,1,12,1,2,1,A01
200800003731,0,33,0,0,2,1,1,A01
200800003731,0,10,0,0,2,8,0,B01
200800003732,0,7,0,0,2,7,15,A01
200800003732,0,34,0,0,2,1,1,B01
200800003733,0,30,0,0,2,1,1,B01
200800003733,0,7,0,0,2,3,9,A01
200800003734,0,7,0,0,2,2,15,A01
200800003734,0,7,0,0,2,8,0,B01
200800003735,0,13,0,14,0,4,4,A01
200800003735,0,30,0,0,2,1,23,B01
200800003736,0,2,0,0,2,1,0,A01
200800003736,0,33,0,0,2,2,1,B01
200800003737,0,7,0,0,1,8,15,A01
200800003738,0,7,0,0,2,0,0,A01
200800003738,0,33,0,0,2,1,1,B01
200800003739,0,7,0,0,2,2,9,A01
200800003739,0,7,0,0,2,3,0,B01
200800003740,0,99,0,0,1,5,12,A01
200800003741,0,10,0,0,1,3,1,A01
200800003742,0,7,0,2,0,7,13,A01
200800003743,0,7,0,13,0,2,1,A01
200800003744,0,17,0,14,0,0,1,A01
200800003745,0,7,0,0,2,0,9,A01
200800003745,0,31,0,0,2,0,1,B01
200800003746,0,7,0,0,2,3,2,A01
200800003746,0,30,0,0,2,5,2,B01
200800003747,0,33,0,0,2,1,3,A01
200800003747,0,7,0,0,2,3,15,B01
200800003748,0,7,0,0,2,8,15,B01
200800003748,0,7,0,0,2,1,1,A01
200800003749,0,7,0,0,2,2,1,B01
200800003749,0,2,0,0,2,0,0,A01
200800003750,0,7,0,0,9,1,13,A01
200800003751,0,7,0,0,2,1,16,A01
200800003751,0,1,0,0,2,7,1,B01
200800003752,1,37,1,0,2,8,13,A01
200800003752,0,7,0,0,2,8,1,B01
200800003753,0,7,0,0,0,0,15,A01
200800003753,0,2,0,0,0,0,1,B01
200800003754,0,7,0,0,2,4,15,A01
200800003754,0,7,0,0,2,4,1,B01
200800003754,0,7,0,0,2,1,1,C01
200800003755,0,7,0,6,0,1,1,A01
200800003756,0,7,0,0,1,1,1,A01
200800003757,0,10,0,0,2,1,1,A01
200800003757,0,2,0,1,2,8,15,B01
200800003758,0,2,0,0,2,8,1,A01
200800003758,0,7,0,0,2,8,1,B01
200800003759,0,7,0,0,2,3,13,A01
200800003759,0,7,0,0,2,8,1,B01
200800003760,0,7,0,0,2,3,15,B01
200800003760,0,3,0,0,2,1,1,A01
200800003761,0,1,0,0,1,1,21,A01
200800003762,0,7,0,0,2,1,15,A01
200800003762,0,2,0,0,2,8,1,B01
200800003763,0,33,0,0,2,1,17,A01
200800003763,0,7,0,0,9,1,23,C01
200800003763,0,7,0,0,9,8,15,B01
200800003764,0,7,0,0,1,3,0,A01
200800003765,0,7,0,0,1,1,1,A01
200800003766,0,7,0,0,2,7,15,A01
200800003766,0,7,0,0,2,1,1,B01
200800003767,0,7,0,0,2,6,15,A01
200800003768,0,7,0,0,2,1,1,B01
200800003768,0,13,0,0,2,3,23,C01
200800003768,0,7,0,0,2,3,15,A01
200800003769,0,7,0,0,2,8,10,A01
200800003769,0,33,0,0,2,1,1,B01
200800003770,0,7,0,0,2,1,1,A01
200800003770,0,7,0,0,2,4,23,B01
200800003771,0,7,0,0,9,1,0,A01
200800003772,0,7,0,3,2,1,1,A01
200800003772,0,7,0,0,2,1,1,B01
200800003773,0,30,0,12,0,8,1,A01
200800003774,0,2,0,0,2,1,17,A01
200800003774,0,7,0,0,2,3,15,B01
200800003775,0,7,0,3,2,8,10,A01
200800003775,0,7,0,0,2,1,1,B01
200800003776,0,7,0,0,1,1,1,A01
200800003777,0,7,0,0,2,8,9,A01
200800003777,0,1,0,0,0,1,1,B01
200800003778,0,7,0,0,2,1,1,A01
200800003778,0,7,0,0,2,4,1,B01
200800003779,0,2,0,12,0,1,1,A01
200800003780,0,7,0,0,1,0,15,A01
200800003781,0,7,0,0,2,3,19,A01
200800003781,0,31,0,0,2,1,1,B01
200800003782,0,7,0,0,1,1,1,A01
200800003783,0,7,0,0,2,5,23,A01
200800003783,0,33,0,0,2,0,0,B01
200800003784,0,7,0,0,1,1,15,A01
200800003785,0,7,0,0,1,2,1,A01
200800003786,0,7,0,9,0,1,13,A01
200800003787,0,7,0,0,1,2,16,A01
200800003788,0,7,0,0,2,2,16,A01
200800003788,0,1,0,0,2,1,1,B01
200800003789,0,7,0,0,2,1,15,A01
200800003789,0,7,0,0,2,3,1,B01
200800003790,0,7,0,6,0,1,1,A01
200800003791,0,2,0,0,2,1,1,B01
200800003791,0,7,0,0,2,2,1,A01
200800003792,0,7,0,0,2,0,0,A01
200800003792,0,31,0,0,2,0,0,B01
200800003793,0,7,0,0,2,1,9,A01
200800003793,0,2,0,1,2,1,1,B01
200800003794,0,13,0,0,2,2,12,A01
200800003794,0,7,0,4,2,1,1,B01
200800003795,0,7,0,0,2,3,11,A01
200800003795,0,2,0,0,2,7,1,B01
200800003796,0,7,0,0,0,0,16,A01
200800003796,0,31,0,2,0,0,1,B01
200800003797,0,7,0,0,2,1,1,A01
200800003797,0,7,0,0,2,3,1,C01
200800003797,0,7,0,0,2,5,1,B01
200800003798,0,7,0,0,2,7,16,A01
200800003798,0,32,0,0,2,8,16,B01
200800003799,0,10,0,0,2,1,1,B01
200800003800,0,7,0,0,1,1,1,A01
200800003801,0,14,0,0,2,1,1,A01
200800003801,0,7,0,0,2,4,1,B01
200800003802,0,7,0,1,0,1,14,A01
200800003803,0,7,0,0,2,2,1,A01
200800003804,0,7,0,14,0,2,1,A01
200800003805,0,7,0,0,2,1,13,A01
200800003805,0,7,0,0,2,1,1,B01
200800003806,0,7,0,0,1,3,15,A01
200800003807,0,7,0,0,2,5,9,A01
200800003807,0,2,0,0,2,1,1,B01
200800003808,0,2,0,0,2,1,1,A01
200800003808,0,7,0,0,2,2,15,B01
200800003809,0,30,0,0,1,1,17,A01
200800003810,0,2,0,0,2,1,1,A01
200800003810,0,7,0,0,2,1,15,B01