Num_Acc,senc,catv,occutc,obs,obsm,choc,manv,num_veh
200800004188,0,33,0,0,0,8,0,A01
200800004189,0,7,0,0,0,1,1,A01
200800004190,0,10,0,0,1,2,1,A01
200800004191,0,7,0,0,0,7,15,A01
200800004191,0,7,0,0,2,1,1,B01
200800004192,0,7,0,0,2,1,15,A01
200800004192,0,7,0,0,2,1,1,B01
200800004193,0,14,0,0,2,1,1,A01
200800004193,0,7,0,0,2,4,1,B01
200800004194,0,30,0,0,2,2,2,B01
200800004194,0,7,0,0,2,8,2,A01
200800004195,0,7,0,0,2,2,1,B01
200800004195,0,7,0,15,2,3,1,A01
200800004196,0,7,0,0,0,9,14,A01
200800004197,0,2,0,0,0,1,1,A01
200800004197,0,7,0,0,2,7,1,B01
200800004198,0,7,0,0,2,6,10,A01
200800004198,0,2,0,0,2,1,1,B01
200800004199,0,33,0,12,0,1,1,A01
200800004200,0,7,0,0,2,1,1,A01
200800004200,0,7,0,0,0,4,0,B01
200800004201,0,7,0,0,2,4,2,A01
200800004201,0,7,0,0,2,1,2,B01
200800004202,0,7,0,0,1,8,1,A01
200800004203,0,7,0,15,0,9,0,A01
200800004204,0,7,0,0,2,3,15,B01
200800004204,0,7,0,0,2,2,1,A01
200800004205,0,7,0,0,2,3,2,A01
200800004206,0,7,0,0,2,4,15,B01
200800004206,0,32,0,0,2,1,2,A01
200800004207,0,7,0,0,1,1,1,A01
200800004208,0,13,0,8,0,6,20,A01
200800004209,0,7,0,0,2,3,15,A01
200800004209,0,2,0,0,2,9,1,B01
200800004210,0,7,0,0,2,1,15,A01
200800004210,0,33,0,0,2,1,1,B01
200800004211,0,7,0,0,1,1,1,A01
200800004212,0,14,0,0,2,1,1,B01
200800004212,0,10,0,0,2,7,1,A01
200800004213,0,7,0,0,2,1,15,A01
200800004213,0,7,0,0,2,1,1,B01
200800004214,0,7,0,3,0,1,1,A01
200800004215,0,7,0,8,0,1,1,A01
200800004216,0,7,0,0,2,8,15,A01
200800004216,0,2,0,0,2,1,1,B01
200800004217,0,7,0,0,0,3,15,A01
200800004217,0,7,0,9,2,1,1,B01
200800004218,0,30,0,0,2,3,13,A01
200800004218,0,7,0,0,0,3,1,B01
200800004219,0,7,0,0,2,1,1,A01
200800004219,0,7,0,0,0,4,1,B01
200800004220,0,7,0,0,2,7,10,A01
200800004220,0,33,0,0,2,1,1,B01
200800004221,0,7,0,0,1,3,1,A01
200800004222,0,7,0,0,2,2,9,A01
200800004222,0,1,0,0,2,7,1,B01
200800004223,1,7,0,0,2,2,2,A01
200800004223,0,1,0,0,0,8,2,B01
200800004224,1,7,0,0,2,3,10,A01
200800004224,0,33,0,0,2,7,17,B01
200800004225,0,7,0,0,2,7,13,A01
200800004225,0,7,0,0,2,1,1,B01
200800004226,0,30,0,0,2,3,1,B01
200800004226,0,7,0,0,2,2,1,A01
200800004227,0,7,0,0,2,7,15,A01
200800004227,0,2,0,0,2,1,1,B01
200800004228,0,10,0,0,2,4,2,A01
200800004228,0,10,0,0,0,4,0,B01
200800004229,0,7,0,0,1,1,1,A01
200800004230,0,2,0,0,2,7,15,B01
200800004230,0,7,0,0,2,3,1,A01
200800004231,0,7,0,0,1,1,1,A01
200800004232,0,7,0,0,2,7,1,A01
200800004232,0,33,0,0,2,2,1,B01
200800004233,0,7,0,0,2,2,15,A01
200800004233,0,30,0,0,2,1,1,B01
200800004234,0,7,0,0,2,1,1,A01
200800004234,0,7,0,0,2,8,1,B01
200800004235,0,7,0,0,2,1,1,A01
200800004235,0,30,0,0,2,4,1,B01
200800004236,0,10,0,0,2,9,1,A01
200800004236,0,7,0,0,2,3,1,D01
200800004236,0,17,0,0,0,4,1,B01
200800004236,0,14,0,14,0,1,1,C01
200800004236,0,7,0,1,0,3,1,E01
200800004237,0,7,0,0,1,1,1,A01
200800004238,0,7,0,0,9,1,1,A01
200800004238,0,1,0,0,2,1,1,B01
200800004239,0,7,0,0,0,1,2,A01
200800004240,0,33,0,0,2,1,0,B01
200800004240,0,7,0,0,0,5,15,A01
200800004241,0,7,0,0,2,8,1,A01
200800004241,0,7,0,0,2,3,9,B01
200800004242,0,7,0,0,2,1,15,B01
200800004242,0,7,0,0,2,2,1,A01
200800004243,0,33,0,0,2,1,1,A01
200800004243,0,7,0,0,2,4,1,B01
200800004244,0,30,0,0,2,7,17,A01
200800004244,0,7,0,0,2,8,1,B01
200800004245,0,33,0,6,0,1,15,A01
200800004246,0,7,0,0,1,2,1,A01
200800004247,0,7,0,0,2,1,1,A01
200800004247,0,7,0,0,2,4,1,B01
200800004247,0,7,0,0,2,4,1,C01
200800004248,0,7,0,0,2,2,16,A01
200800004248,0,30,0,0,2,3,2,B01
200800004249,0,32,0,0,1,5,1,A01
200800004250,0,7,0,0,1,2,17,A01
200800004251,0,7,0,8,0,1,1,A01
200800004252,0,32,0,0,0,0,1,A01
200800004253,0,7,0,0,2,2,2,A01
200800004253,0,7,0,0,2,2,2,B01
200800004253,0,7,0,0,0,4,2,C01
200800004253,0,7,0,0,0,0,23,D01
200800004254,0,7,0,0,1,1,1,A01
200800004255,0,7,0,0,1,1,1,A01
200800004256,0,7,0,0,2,2,12,A01
200800004256,0,1,0,0,2,4,1,B01
200800004257,0,32,0,0,2,1,17,A01
200800004257,0,37,1,0,2,3,2,B01
200800004258,0,33,0,0,2,1,1,A01
200800004258,0,10,0,0,0,5,1,B01
200800004259,0,7,0,0,1,1,1,A01
200800004260,0,31,0,0,1,1,1,A01
200800004261,0,14,0,0,2,3,1,B01
200800004261,0,7,0,0,2,3,1,A01
200800004262,0,10,0,0,1,2,15,A01
200800004263,0,7,0,13,0,0,21,B01
200800004263,1,7,0,0,0,0,13,A01
200800004264,0,2,0,0,2,1,1,B01
200800004264,0,7,0,0,2,1,15,A01
200800004265,0,7,0,0,1,1,1,A01
200800004266,1,7,0,1,1,1,1,A01
200800004267,0,7,0,0,2,1,15,B01
200800004267,0,10,0,0,2,2,1,A01
200800004268,0,7,0,0,1,1,1,A01
200800004269,0,7,0,0,2,1,15,A01
200800004269,0,7,0,0,2,7,1,B01
200800004270,0,7,0,0,1,1,1,A01
200800004271,0,7,0,0,2,2,15,A01
200800004271,0,2,0,0,2,1,1,B01
200800004272,0,7,0,0,2,8,15,B01
200800004272,0,7,0,0,2,1,1,A01
200800004273,0,2,0,0,2,1,17,A01
200800004273,0,7,0,0,2,3,15,B01
200800004274,0,7,0,0,2,2,1,A01
200800004274,0,1,0,0,2,4,1,B01
200800004275,0,7,0,0,1,2,1,A01
200800004276,0,7,0,0,0,3,1,A01
200800004276,0,7,0,0,2,3,1,B01
200800004277,0,7,0,0,2,3,11,A01
200800004277,0,2,0,0,2,5,1,B01
200800004278,0,7,0,4,0,3,1,A01
200800004279,0,7,0,0,2,3,9,A01
200800004279,0,1,0,0,2,1,1,B01
200800004280,0,2,0,0,2,1,1,B01
200800004280,0,10,0,0,2,3,9,A01
200800004281,0,7,0,0,1,1,1,A01
200800004282,0,2,0,0,2,2,1,B01
200800004282,0,7,0,0,2,3,9,A01
200800004283,0,33,0,0,2,1,1,A01
200800004283,0,7,0,0,2,4,1,B01
200800004283,0,7,0,0,2,4,1,C01
200800004284,0,7,0,0,2,6,1,B01
200800004284,0,2,0,0,2,0,1,A01
200800004285,0,7,0,0,2,2,16,A01
200800004285,0,1,0,0,2,1,1,B01
200800004286,0,7,0,0,1,3,1,A01
200800004287,0,1,0,0,2,1,1,A01
200800004287,0,7,0,0,2,4,1,B01
200800004288,0,7,0,0,2,1,1,A01
200800004288,0,1,0,0,2,4,1,B01
200800004289,0,7,0,0,2,3,9,A01
200800004289,0,2,0,0,2,1,1,B01
200800004290,0,7,0,0,1,3,1,A01
200800004291,0,33,0,0,2,1,17,A01
200800004291,0,7,0,0,2,8,15,B01
200800004292,0,7,0,0,1,1,16,A01
200800004293,0,7,0,0,1,2,1,A01
200800004294,0,7,0,0,2,3,9,A01
200800004294,0,30,0,0,2,0,1,B01
200800004295,0,7,0,0,2,7,15,A01
200800004295,0,33,0,0,2,1,1,B01
200800004296,0,2,0,8,0,1,1,A01
200800004297,0,7,0,0,2,7,15,A01
200800004297,0,2,0,0,2,1,1,B01
200800004298,0,2,0,0,1,1,1,A01
200800004299,0,31,0,0,2,8,1,B01
200800004299,1,7,0,0,2,0,15,A01
200800004300,0,7,0,0,2,1,15,A01
200800004300,0,30,0,0,0,1,1,B01
200800004301,0,2,0,0,2,1,15,A01
200800004301,0,2,0,0,2,1,1,B01
200800004302,0,7,0,0,2,2,15,B01
200800004302,0,7,0,0,2,2,19,A01
200800004303,0,7,0,0,1,0,2,A01
200800004304,1,7,0,0,1,2,0,A01
200800004305,0,7,0,0,9,1,13,A01
200800004305,0,1,0,0,2,1,0,B01
200800004306,0,7,0,0,2,1,9,A01
200800004306,0,33,0,0,2,1,17,B01
200800004306,0,33,0,0,2,1,17,C01
200800004307,0,7,0,0,1,1,1,A01
200800004308,0,30,0,0,2,1,1,A01
200800004308,0,10,0,0,2,7,1,B01
200800004309,0,7,0,2,0,1,1,A01
200800004310,1,7,0,0,2,1,2,A01
200800004310,0,7,0,0,2,4,23,B01
200800004311,0,7,0,0,2,3,17,A01
200800004311,0,7,0,0,2,3,1,B01
200800004312,0,7,0,0,1,0,23,A01
200800004313,0,1,0,0,2,1,5,B01
200800004313,0,7,0,0,2,6,4,A01
200800004314,0,33,0,0,0,0,1,A01
200800004315,0,7,0,2,0,1,14,A01
200800004316,0,7,0,0,1,1,1,A01
200800004317,0,32,0,1,2,1,1,A01
200800004317,0,7,0,0,2,3,15,B01
200800004317,0,7,0,0,2,8,24,C01
200800004318,0,2,0,0,2,1,15,B01
200800004318,0,30,0,0,2,4,13,A01
200800004319,0,7,0,0,1,1,1,A01
200800004320,0,7,0,0,2,1,1,B01
200800004320,0,7,0,0,2,8,15,A01
200800004321,0,7,0,0,1,2,1,A01
200800004322,0,7,0,0,1,1,1,A01
200800004323,0,7,0,0,2,8,19,A01
200800004323,0,33,0,0,2,8,21,B01
200800004324,0,7,0,0,1,6,4,A01
200800004325,0,32,0,0,2,0,13,A01
200800004325,0,10,0,0,2,3,1,B01
200800004326,0,7,0,0,1,0,0,A01
200800004327,0,30,0,0,2,8,13,A01
200800004327,0,37,1,0,2,8,1,B01
200800004328,0,7,0,0,1,0,1,A01
200800004329,0,7,0,0,2,8,15,A01
200800004329,0,33,0,0,2,1,17,B01
200800004330,0,7,0,0,2,2,15,A01
200800004330,0,2,0,0,2,1,1,B01
200800004331,0,33,0,0,2,3,1,B01
200800004331,0,7,0,0,2,8,15,A01
200800004332,0,14,0,0,9,1,2,A01
200800004332,0,30,0,0,2,4,2,B01
200800004333,0,7,0,0,1,2,1,A01
200800004334,0,15,0,0,2,1,1,B01
200800004334,0,7,0,0,2,8,11,A01
200800004335,0,7,0,0,2,2,0,A01
200800004335,0,7,0,0,2,1,2,B01
200800004336,0,7,0,0,2,8,1,B01
200800004336,0,10,0,12,2,1,1,A01
200800004337,0,7,0,0,2,3,1,A01
200800004337,0,7,0,0,2,1,15,B01
200800004338,0,30,0,0,2,7,1,A01
200800004338,0,7,0,0,2,3,1,B01
200800004339,0,7,0,12,2,3,17,A01
200800004339,0,33,0,13,2,1,1,B01
200800004340,0,7,0,0,1,3,1,A01
200800004341,0,7,0,0,1,1,1,A01
200800004342,0,32,0,0,1,2,1,A01
200800004343,0,7,0,8,2,1,5,A01
200800004343,0,7,0,0,2,7,1,B01
200800004344,0,2,0,0,1,1,13,A01
200800004345,0,7,0,0,2,1,1,A01
200800004345,0,7,0,0,2,1,13,B01
200800004346,0,7,0,0,2,8,10,A01
200800004346,0,32,0,0,2,1,2,B01
200800004347,0,7,0,0,2,2,12,A01
200800004347,0,33,0,1,2,8,1,B01
200800004348,2,2,0,0,1,8,2,A01
200800004349,0,10,0,13,0,0,1,A01
200800004350,0,33,0,0,2,9,1,A01
200800004350,0,7,0,0,2,3,19,B01
200800004351,0,2,0,0,2,2,15,A01
200800004351,0,7,0,0,2,1,1,B01
200800004352,0,33,0,0,2,7,3,A01
200800004352,0,7,0,0,2,3,10,B01
200800004353,0,7,0,0,2,1,15,A01
200800004353,0,33,0,0,2,1,1,B01
200800004354,0,7,0,0,2,2,12,A01
200800004354,0,37,0,0,2,3,1,B01
200800004355,0,1,0,0,2,1,1,B01
200800004355,0,1,0,0,2,1,1,C01
200800004355,0,7,0,0,9,8,19,A01
200800004356,0,2,0,0,2,7,17,A01
200800004356,1,7,0,0,2,8,17,B01
200800004357,0,7,0,0,2,1,13,A01
200800004357,0,7,0,0,2,1,1,B01
200800004358,0,7,0,0,2,3,9,A01
200800004358,0,30,0,0,2,2,1,B01
200800004359,0,30,0,0,1,1,1,A01
200800004360,0,7,0,0,1,1,15,A01
200800004361,0,7,0,0,2,1,2,A01
200800004361,0,7,0,0,0,4,2,B01
200800004362,0,7,0,0,0,2,0,B01
200800004362,0,7,0,0,0,0,0,A01
200800004363,0,7,0,0,1,1,1,A01
200800004364,0,7,0,7,0,9,1,A01
200800004365,0,7,0,0,2,7,14,A01
200800004365,0,30,0,0,2,8,1,B01
200800004366,0,7,0,0,2,6,0,A01
200800004366,0,7,0,0,2,7,0,B01
200800004367,0,7,0,0,1,1,16,A01
200800004368,0,7,0,0,2,3,15,A01
200800004368,0,1,0,0,2,7,15,B01
200800004369,0,7,0,0,2,1,15,A01
200800004369,0,7,0,0,2,1,1,B01
200800004370,0,2,0,0,2,1,1,B01
200800004370,0,7,0,0,2,3,15,A01
200800004371,0,7,0,0,1,4,4,A01
200800004372,0,7,0,0,1,3,1,B01
200800004372,0,7,0,0,1,3,1,A01
200800004373,0,7,0,2,0,1,1,A01
200800004374,0,7,0,0,2,4,16,B01
200800004374,1,7,0,0,2,2,1,A01
200800004375,0,2,0,0,2,1,18,A01
200800004375,0,7,0,0,2,3,15,B01
200800004376,0,7,0,0,1,1,0,A01
200800004377,0,7,0,13,0,1,1,A01
200800004378,0,7,0,0,2,6,9,A01
200800004378,0,33,0,0,2,1,1,B01
200800004379,0,7,0,13,0,2,1,A01
200800004380,0,7,0,0,1,1,1,A01
200800004381,0,7,0,0,2,1,1,A01
200800004381,0,7,0,0,0,4,2,B01
200800004382,0,30,0,0,2,1,15,A01
200800004382,0,7,0,0,2,1,1,B01
200800004382,0,30,0,0,2,1,15,C01
200800004383,0,7,0,0,1,2,1,A01
200800004384,0,7,0,6,0,1,1,A01
200800004385,0,10,0,0,2,2,15,A01
200800004385,0,2,0,0,2,1,2,B01
200800004386,0,2,0,12,0,1,2,A01
200800004387,0,7,0,0,2,3,9,A01
200800004387,0,2,0,0,2,7,2,B01
200800004388,0,7,0,8,2,3,2,A01
200800004388,0,7,0,0,2,5,2,B01
200800004389,0,7,0,0,1,0,2,A01
200800004390,0,7,0,0,0,9,15,A01
200800004391,0,7,0,0,1,2,1,A01
200800004392,0,7,0,0,1,1,1,A01
200800004393,0,7,0,0,2,3,15,B01
200800004393,0,2,0,0,2,1,1,A01
200800004394,0,7,0,0,2,2,5,A01
200800004394,0,2,0,0,2,1,1,B01
200800004395,0,2,0,6,0,1,0,A01
200800004396,0,7,0,0,1,3,1,A01
200800004397,0,7,0,0,2,1,15,A01
200800004397,0,7,0,0,2,3,1,B01
200800004398,0,10,0,0,2,4,2,B01
200800004398,0,7,0,0,2,1,2,A01
200800004399,0,30,0,0,2,1,1,B01
200800004399,0,7,0,0,2,3,20,A01
200800004400,0,7,0,0,2,2,15,A01
200800004400,0,2,0,0,2,1,1,B01
200800004401,0,7,0,0,1,1,1,A01
200800004402,0,33,0,0,2,1,2,A01
200800004402,0,7,0,0,2,4,2,B01
200800004403,0,2,0,0,2,1,9,A01
200800004403,0,7,0,0,2,4,23,B01
200800004404,0,2,0,0,2,1,19,A01
200800004404,0,7,0,0,2,3,19,B01
200800004405,0,1,0,0,2,1,17,A01
200800004405,0,7,0,0,2,3,15,B01
200800004406,0,7,0,0,2,1,15,A01
200800004406,0,7,0,0,2,3,1,B01
200800004407,0,1,0,0,2,7,1,B01
200800004407,0,7,0,0,2,1,1,A01
200800004408,0,7,0,0,2,3,1,A01
200800004409,0,7,0,0,0,0,15,A01
200800004409,0,7,0,6,0,3,21,B01
200800004410,0,7,0,0,2,1,2,A01
200800004410,0,7,0,0,2,1,2,B01
200800004411,0,7,0,0,2,1,1,A01
200800004411,0,7,0,0,2,1,1,B01
200800004412,0,30,0,16,0,1,2,A01
200800004413,0,7,0,0,2,3,9,A01
200800004413,0,32,0,0,2,1,1,B01
200800004414,0,10,0,0,2,3,10,A01
200800004414,0,7,0,0,2,1,1,B01
200800004415,0,7,0,0,1,2,1,A01
200800004416,0,1,0,1,0,1,2,A01
200800004417,0,7,0,0,2,1,1,B01
200800004417,0,7,0,0,2,3,9,A01
200800004418,0,7,0,0,2,2,1,B01
200800004418,0,14,0,0,2,1,9,A01
200800004419,0,7,0,0,1,2,1,A01
200800004420,0,30,0,16,0,8,2,A01
200800004421,0,7,0,0,2,1,2,A01
200800004421,0,14,0,0,2,8,2,B01
200800004422,0,31,0,0,2,1,1,B01
200800004422,0,7,0,0,2,3,9,A01
200800004423,0,14,0,0,2,8,2,B01
200800004423,0,7,0,0,2,3,16,A01
200800004424,0,7,0,13,0,9,1,A01
200800004425,0,2,0,0,2,4,1,B01
200800004425,0,7,0,0,2,3,1,A01
200800004426,0,7,0,0,2,1,2,A01
200800004426,0,7,0,0,2,3,15,B01
200800004427,0,7,0,0,1,1,9,A01
200800004428,0,7,0,0,1,1,1,A01
200800004429,0,33,0,0,2,2,17,B01
200800004429,0,10,0,0,2,8,15,A01
200800004430,0,2,0,14,0,0,1,A01
200800004431,0,2,0,0,2,1,1,B01
200800004431,0,7,0,0,2,8,9,A01
200800004432,0,10,0,0,2,4,23,B01
200800004432,0,7,0,1,0,1,2,A01
200800004433,0,7,0,0,1,3,1,A01
200800004434,0,7,0,0,2,2,2,A01
200800004434,0,1,0,0,2,4,1,B01
200800004435,0,7,0,0,1,1,1,A01
200800004436,0,7,0,0,2,7,2,B01
200800004436,0,7,0,0,2,1,15,A01
200800004437,0,7,0,0,2,1,2,B01
200800004437,0,7,0,0,2,1,15,A01
200800004437,0,7,0,0,2,1,1,C01
200800004438,0,7,0,0,2,3,9,A01
200800004438,0,1,0,0,2,1,2,B01
200800004439,0,7,0,0,2,2,15,A01
200800004439,0,30,0,0,2,1,2,B01
200800004440,0,7,0,0,1,1,15,A01
200800004441,0,7,0,6,0,1,19,A01
200800004442,0,7,0,0,2,3,11,A01
200800004442,0,13,0,0,2,3,2,B01
200800004443,1,7,0,0,0,0,0,A01
200800004444,0,7,0,0,2,3,9,A01
200800004444,0,2,0,0,2,1,1,B01
200800004445,0,7,0,0,2,2,15,A01
200800004445,0,7,0,0,2,1,15,B01
200800004446,1,7,0,0,1,2,1,A01
200800004447,0,30,0,14,0,1,1,A01
200800004448,0,7,0,0,2,3,15,A01
200800004448,0,7,0,0,2,1,1,B01
200800004449,0,7,0,0,2,3,1,A01
200800004449,0,7,0,0,2,2,1,B01
200800004450,0,7,0,0,2,3,0,A01
200800004450,0,7,0,8,2,3,0,B01
200800004451,0,7,0,0,1,1,1,A01
200800004452,0,7,0,6,0,2,1,B01
200800004452,0,7,0,0,2,3,1,A01
200800004453,0,7,0,0,2,1,1,A01
200800004453,0,1,0,0,2,7,1,B01
200800004454,0,1,0,0,1,4,5,A01
200800004455,0,30,0,0,2,7,17,A01
200800004455,0,7,0,0,2,3,15,B01
200800004456,0,7,0,0,1,3,0,A01
200800004456,0,7,0,0,1,3,1,B01
200800004457,0,7,0,3,2,1,2,A01
200800004457,0,7,0,0,0,4,2,B01
200800004458,0,7,0,8,0,8,1,A01
200800004459,0,7,0,0,1,1,1,A01
200800004459,0,7,0,0,2,1,2,B01
200800004459,0,7,0,0,2,1,2,C01
200800004460,0,1,0,9,0,1,1,A01
200800004461,1,7,0,0,1,0,0,A01
200800004462,0,10,0,6,0,1,14,A01
200800004463,0,2,0,0,2,1,2,A01
200800004463,0,7,0,0,2,4,2,B01
200800004464,0,37,6,0,0,2,1,A01
200800004465,0,10,0,0,1,2,1,A01
200800004466,0,7,0,0,1,1,21,A01
200800004466,0,3,0,0,2,4,24,B01
200800004467,0,7,0,0,2,1,1,A01
200800004467,0,30,0,0,2,2,1,B01
200800004468,0,7,0,0,1,1,1,A01
200800004469,0,7,0,0,1,1,17,A01
200800004470,0,7,0,0,1,2,1,A01
200800004471,0,7,0,6,0,1,2,A01
200800004472,0,7,0,0,2,1,2,B01
200800004472,0,7,0,0,2,3,2,A01
200800004473,0,7,0,0,0,3,9,A01
200800004473,0,2,0,0,2,1,2,B01
200800004474,2,7,0,9,0,1,2,A01
200800004475,0,32,0,0,2,1,2,A01
200800004475,0,7,0,0,2,1,15,B01
200800004476,0,7,0,0,2,1,2,A01
200800004476,0,7,0,0,2,3,2,B01
200800004477,0,7,0,15,0,8,2,A01
200800004478,0,7,0,0,9,1,2,A01
200800004478,0,1,0,0,2,1,2,B01
200800004479,0,1,0,0,2,1,2,A01
200800004479,0,7,0,0,0,5,2,B01
200800004480,0,1,0,0,2,1,0,A01
200800004480,0,7,0,0,1,1,0,B01
200800004481,0,7,0,0,2,1,0,B01
200800004481,0,7,0,0,2,8,0,A01
200800004482,0,7,0,0,2,7,1,A01
200800004482,0,7,0,0,2,8,1,B01
200800004483,0,7,0,0,0,0,1,A01
200800004484,0,7,0,0,0,8,1,A01
200800004485,0,7,0,0,9,1,15,A01
200800004486,0,7,0,0,2,4,2,B01
200800004486,0,7,0,0,2,1,2,A01
200800004487,0,7,0,0,2,1,0,B01
200800004487,0,7,0,0,2,1,5,A01
200800004488,0,7,0,0,1,1,1,A01
200800004489,0,37,10,0,1,0,1,A01
200800004490,0,7,0,0,2,7,15,A01
200800004490,0,33,0,0,2,8,1,B01
200800004491,0,7,0,0,2,3,1,B01
200800004491,0,7,0,0,2,3,15,A01
200800004492,0,7,0,0,0,6,11,A01
200800004492,0,30,0,0,2,1,1,B01
200800004493,1,7,0,0,2,5,0,A01
200800004493,0,33,0,0,2,1,1,B01
200800004494,0,7,0,0,2,4,2,A01
200800004494,0,7,0,0,2,1,2,B01
200800004495,0,7,0,0,2,1,2,A01
200800004495,0,7,0,0,2,4,2,B01
200800004496,0,7,0,0,1,1,1,A01
200800004497,0,7,0,0,2,5,0,B01
200800004497,0,30,0,0,2,1,0,A01
200800004498,0,7,0,0,1,3,24,A01
200800004498,0,1,0,0,2,1,1,B01
200800004499,0,2,0,0,0,1,1,A01
200800004500,0,7,0,0,2,1,2,A01
200800004500,0,7,0,0,2,4,1,B01
200800004501,0,14,0,0,2,8,1,B01
200800004501,0,7,0,0,2,8,9,A01
200800004502,0,7,0,0,2,1,2,A01
200800004502,0,7,0,0,2,4,2,B01
200800004503,0,7,0,0,2,1,9,A01
200800004503,0,1,0,0,0,0,1,B01
200800004504,1,7,0,0,1,2,1,A01
200800004505,0,7,0,0,2,1,2,A01
200800004505,0,7,0,0,2,4,1,B01
200800004506,0,7,0,0,2,1,1,A01
200800004506,0,30,0,0,2,1,1,B01
200800004507,0,10,0,0,1,1,1,A01
200800004508,0,10,0,0,1,1,1,A01
200800004509,0,7,0,0,1,2,1,A01
200800004510,0,2,0,0,1,0,1,A01
200800004511,0,7,0,0,2,6,1,A01
200800004511,0,7,0,0,2,3,1,B01
200800004512,0,7,0,0,1,1,1,A01
200800004513,0,7,0,0,2,2,15,A01
200800004513,0,31,0,0,2,1,1,B01
200800004514,0,7,0,0,1,1,1,A01
200800004515,0,10,0,0,1,3,1,A01
200800004516,0,10,0,0,2,3,22,A01
200800004516,0,1,0,1,0,1,1,B01
200800004517,0,10,0,0,2,1,1,B01
200800004517,0,1,0,0,2,7,1,A01
200800004518,0,30,0,0,1,1,2,A01
200800004519,0,7,0,0,2,1,2,A01
200800004519,0,10,0,0,2,4,1,B01
200800004520,0,2,0,0,2,1,0,A01
200800004520,0,7,0,0,1,8,0,B01
200800004521,0,10,0,4,2,3,13,A01
200800004521,0,7,0,0,2,2,21,B01
200800004522,0,32,0,0,2,1,1,A01
200800004522,0,7,0,0,2,4,22,B01
200800004523,0,7,0,0,2,1,9,A01
200800004523,0,33,0,0,2,1,0,B01
200800004524,0,34,0,0,2,7,18,A01
200800004524,0,32,0,1,2,8,18,B01
200800004525,0,7,0,0,1,3,1,A01
200800004526,0,7,0,0,0,4,2,B01
200800004526,0,7,0,0,2,2,23,A01
200800004527,0,7,0,0,0,6,10,A01
200800004527,0,32,0,0,2,1,1,B01
200800004528,0,7,0,0,2,3,1,B01
200800004528,0,7,0,0,4,1,1,A01
200800004529,0,7,0,0,1,1,15,A01
200800004530,0,7,0,0,2,5,16,A01
200800004530,0,7,0,0,2,3,1,B01
200800004531,1,7,0,0,1,1,1,A01
200800004532,0,2,0,0,0,2,1,A01
200800004532,1,7,0,0,0,0,11,B01
200800004533,0,7,0,0,0,2,1,A01
200800004534,0,31,0,1,0,1,14,A01
200800004535,0,7,0,0,2,0,15,A01
200800004535,0,32,0,0,2,1,7,B01
200800004536,0,7,0,0,0,4,7,B01
200800004536,0,7,0,0,2,1,7,A01
200800004537,0,7,0,0,0,5,12,A01
200800004537,0,30,0,0,0,1,1,B01
200800004538,0,37,0,0,1,1,7,A01
200800004539,0,33,0,0,1,0,1,A01
200800004540,0,31,0,0,1,1,1,A01
200800004541,0,7,0,0,2,1,2,A01
200800004541,0,7,0,0,2,9,2,B01
200800004541,0,7,0,0,2,4,2,C01
200800004542,0,1,0,0,2,2,1,B01
200800004542,0,7,0,0,9,2,1,A01
200800004543,0,37,2,0,2,3,17,A01
200800004544,0,10,0,12,0,1,1,A01
200800004545,0,7,0,0,0,4,4,A01
200800004546,0,7,0,0,2,2,2,A01
200800004546,0,32,0,0,2,6,2,B01
200800004547,0,7,0,0,0,2,7,A01
200800004548,0,7,0,0,0,0,2,B01
200800004548,1,7,0,0,0,0,2,A01
200800004549,0,10,0,0,2,2,1,A01
200800004549,0,7,0,0,2,3,15,B01
200800004550,0,7,0,0,2,6,15,A01
200800004550,0,31,0,0,2,1,1,B01
200800004551,0,2,0,0,0,7,17,A01
200800004551,0,7,0,0,0,8,15,B01
200800004552,0,30,0,0,0,7,11,A01
200800004552,0,33,0,0,2,8,1,B01
200800004553,1,7,0,0,1,3,1,A01
200800004554,0,32,0,0,1,1,17,A01
200800004555,0,32,0,0,2,8,18,A01
200800004555,1,7,0,0,2,7,14,B01
200800004556,0,30,0,0,1,1,1,A01
200800004557,0,37,1,0,1,2,7,A01
200800004558,0,32,0,0,0,8,15,B01
200800004558,0,14,0,0,0,1,14,A01
200800004559,0,7,0,0,2,8,10,A01
200800004559,0,30,0,0,2,1,17,B01
200800004560,0,10,0,0,2,3,15,A01
200800004560,0,34,0,0,2,1,1,B01
200800004561,0,37,30,0,1,2,7,A01
200800004562,0,7,0,15,0,8,15,A01
200800004563,0,34,0,0,2,1,17,A01
200800004563,0,30,0,0,2,1,17,B01
200800004564,0,7,0,15,1,3,13,A01
200800004565,0,33,0,0,2,8,18,A01
200800004565,0,10,0,0,2,7,16,B01
200800004566,0,7,0,0,1,2,1,A01
200800004567,0,33,0,0,0,7,1,A01
200800004567,1,33,0,0,2,8,18,B01
200800004568,0,32,0,0,2,5,16,A01
200800004568,0,32,0,0,2,3,1,B01
200800004569,0,33,0,0,0,0,13,A01
200800004569,0,37,0,0,0,8,7,B01
200800004570,0,7,0,0,1,2,15,A01
200800004571,0,7,0,11,0,1,1,A01
200800004572,0,7,0,0,1,1,15,A01
200800004572,0,1,0,0,2,8,1,B01
200800004573,0,32,0,0,1,3,21,A01
200800004574,0,3,0,1,2,3,24,B01
200800004574,0,7,0,1,2,8,21,A01
200800004575,0,7,0,0,1,7,1,A01