Num_Acc,senc,catv,occutc,obs,obsm,choc,manv,num_veh
200800004576,0,7,0,0,1,1,1,A01
200800004577,0,32,0,0,1,1,1,A01
200800004578,2,7,0,0,2,3,1,A01
200800004578,0,33,0,0,2,7,2,B01
200800004579,0,33,0,0,0,9,1,A01
200800004580,0,7,0,0,2,7,12,A01
200800004580,0,31,0,0,0,8,18,B01
200800004580,0,10,0,0,0,6,1,C01
200800004581,0,7,0,0,1,3,1,A01
200800004582,0,30,0,0,1,2,1,A01
200800004583,0,30,0,0,2,7,1,B01
200800004583,0,33,0,0,2,1,1,A01
200800004584,0,33,0,0,0,0,1,A01
200800004584,1,2,0,0,0,0,1,B01
200800004585,0,7,0,1,1,1,1,A01
200800004586,0,32,0,12,0,0,1,A01
200800004587,0,7,0,0,1,7,7,A01
200800004588,0,30,0,0,2,0,1,A01
200800004589,0,1,0,0,2,6,16,B01
200800004589,0,10,0,0,2,2,16,A01
200800004590,0,34,0,0,0,6,7,A01
200800004590,0,7,0,0,0,4,23,B01
200800004591,0,7,0,0,2,1,1,A01
200800004591,0,1,0,0,0,0,0,B01
200800004592,0,7,0,0,0,7,14,A01
200800004592,0,1,0,0,2,0,1,B01
200800004593,0,30,0,0,0,0,16,A01
200800004594,0,7,0,0,1,2,15,A01
200800004595,0,32,0,0,2,1,1,B01
200800004595,0,10,0,0,2,8,9,A01
200800004596,0,7,0,0,2,1,1,B01
200800004596,0,2,0,0,2,1,1,A01
200800004597,0,32,0,0,0,0,1,A01
200800004598,0,34,0,0,1,0,1,A01
200800004599,0,7,0,0,1,4,4,A01
200800004600,0,7,0,0,0,5,15,A01
200800004600,0,30,0,0,2,1,1,B01
200800004601,0,1,0,0,2,1,19,B01
200800004601,0,7,0,0,2,1,1,A01
200800004602,0,34,0,0,2,1,17,A01
200800004602,0,30,0,0,2,1,1,B01
200800004603,0,32,0,0,0,7,1,A01
200800004604,0,10,0,0,2,3,15,A01
200800004604,0,30,0,0,2,5,17,B01
200800004605,0,2,0,0,2,6,15,A01
200800004605,0,7,0,0,9,2,1,B01
200800004606,0,7,0,0,0,8,15,A01
200800004606,0,33,0,0,2,0,1,B01
200800004607,0,37,25,0,1,2,1,A01
200800004608,0,32,0,0,0,0,1,A01
200800004609,0,2,0,0,2,8,1,B01
200800004609,0,7,0,0,2,1,1,A01
200800004610,0,7,0,0,0,8,1,A01
200800004610,0,7,0,0,2,7,23,B01
200800004610,0,30,0,0,2,0,18,C01
200800004611,0,7,0,0,2,3,11,A01
200800004611,0,32,0,0,2,3,1,B01
200800004612,0,33,0,0,2,8,18,A01
200800004612,0,7,0,0,2,0,1,B01
200800004612,0,7,0,0,2,7,1,C01
200800004613,0,7,0,0,1,1,1,A01
200800004614,0,30,0,0,0,0,13,A01
200800004614,0,10,0,0,0,3,13,B01
200800004614,0,7,0,0,0,3,1,C01
200800004615,0,7,0,0,1,8,1,A01
200800004616,0,7,0,0,1,2,1,A01
200800004617,0,7,0,14,0,1,14,A01
200800004618,0,2,0,0,0,1,1,A01
200800004619,0,7,0,0,0,5,2,B01
200800004619,0,2,0,0,2,7,2,A01
200800004620,0,7,0,15,0,1,14,A01
200800004621,0,7,0,0,1,7,1,A01
200800004622,0,7,0,0,2,8,1,B01
200800004622,0,31,0,0,2,1,1,A01
200800004623,0,37,10,0,1,2,7,A01
200800004624,0,7,0,0,0,7,1,A01
200800004624,0,33,0,12,2,1,7,B01
200800004624,1,7,0,0,0,0,14,C01
200800004625,0,15,0,0,2,2,12,A01
200800004625,0,7,0,0,2,6,1,B01
200800004626,0,7,0,0,2,1,2,A01
200800004626,0,7,0,0,2,4,2,B01
200800004626,0,7,0,0,2,4,2,C01
200800004627,0,33,0,0,2,4,12,A01
200800004627,0,7,0,0,2,6,1,B01
200800004628,0,32,0,0,0,7,1,B01
200800004628,0,7,0,0,0,1,15,A01
200800004629,0,32,0,0,2,0,21,A01
200800004630,0,32,0,0,0,1,0,A01
200800004631,0,7,0,0,2,2,14,A01
200800004631,0,32,0,0,2,8,1,B01
200800004632,0,7,0,0,0,1,15,B01
200800004632,0,2,0,0,0,1,1,A01
200800004633,0,2,0,0,1,1,1,A01
200800004634,1,7,0,11,2,3,12,A01
200800004634,0,36,0,11,2,3,1,B01
200800004635,0,32,0,0,1,1,1,A01
200800004636,1,14,0,0,9,7,18,A01
200800004636,0,30,0,0,2,8,1,B01
200800004637,0,31,0,0,1,1,7,A01
200800004638,0,7,0,0,1,3,1,A01
200800004639,0,2,0,14,0,1,14,A01
200800004640,0,7,0,0,2,1,1,A01
200800004640,0,7,0,15,2,8,1,B01
200800004641,0,32,0,0,2,7,17,B01
200800004641,0,7,0,0,2,6,10,A01
200800004642,0,7,0,0,0,3,15,A01
200800004642,0,33,0,0,2,1,17,B01
200800004643,0,30,0,0,2,3,2,A01
200800004643,0,10,0,0,0,5,2,B01
200800004644,0,7,0,0,0,5,12,A01
200800004644,0,33,0,0,2,9,1,B01
200800004645,0,10,0,0,2,2,9,A01
200800004645,0,32,0,1,2,8,1,B01
200800004646,0,1,0,1,0,1,2,A01
200800004646,0,10,0,0,0,4,23,B01
200800004647,0,30,0,0,2,5,1,A01
200800004647,0,7,0,0,0,3,9,B01
200800004648,0,7,0,0,0,5,1,B01
200800004648,0,30,0,0,0,0,9,A01
200800004649,0,30,0,0,1,2,1,A01
200800004650,0,30,0,0,2,1,2,A01
200800004650,0,7,0,0,0,5,23,B01
200800004651,0,7,0,0,2,7,14,A01
200800004651,0,33,0,12,0,7,1,B01
200800004652,0,7,0,0,2,3,9,A01
200800004652,0,33,0,0,2,1,1,B01
200800004653,0,33,0,0,0,8,1,A01
200800004654,0,38,27,0,2,1,2,A01
200800004654,0,7,0,0,2,4,2,B01
200800004655,0,32,0,0,2,1,2,A01
200800004655,0,7,0,0,2,4,2,B01
200800004656,0,32,0,0,2,1,1,B01
200800004656,0,32,0,0,2,8,1,A01
200800004657,0,7,0,0,1,6,4,A01
200800004658,0,32,0,0,0,8,13,A01
200800004659,0,32,0,0,0,1,1,A01
200800004659,0,7,0,0,0,6,9,B01
200800004660,0,32,0,0,0,8,16,A01
200800004661,0,7,0,0,0,2,9,A01
200800004661,0,31,0,0,0,1,1,B01
200800004661,0,7,0,0,0,1,2,C01
200800004662,0,32,0,0,0,2,1,B01
200800004662,0,7,0,0,0,0,1,A01
200800004663,0,7,0,0,2,7,16,A01
200800004663,0,2,0,0,2,8,1,B01
200800004664,0,7,0,0,0,6,1,B01
200800004664,0,32,0,0,2,6,2,A01
200800004665,0,7,0,0,0,0,0,A01
200800004666,0,7,0,0,1,3,1,A01
200800004667,0,31,0,0,1,6,0,A01
200800004668,0,7,0,0,1,3,1,A01
200800004669,0,2,0,12,0,1,1,A01
200800004670,0,1,0,0,1,1,0,A01
200800004671,1,7,0,0,2,5,15,A01
200800004671,0,32,0,0,2,8,1,B01
200800004672,0,14,0,0,0,0,1,A01
200800004672,0,33,0,12,0,0,12,B01
200800004673,0,32,0,0,0,7,0,A01
200800004674,0,7,0,0,0,0,0,B01
200800004674,0,32,0,0,2,3,2,A01
200800004675,0,7,0,0,2,6,16,B01
200800004675,0,37,1,0,2,2,1,A01
200800004676,0,7,0,0,0,1,2,A01
200800004676,0,7,0,0,2,9,2,B01
200800004676,0,10,0,0,0,4,2,C01
200800004677,0,32,0,0,0,1,0,A01
200800004677,0,7,0,0,0,4,2,B01
200800004678,0,32,0,0,1,3,0,A01
200800004679,0,7,0,0,1,2,1,A01
200800004680,0,10,0,0,0,0,10,A01
200800004680,0,2,0,0,0,2,1,B01
200800004681,0,7,0,0,1,1,1,A01
200800004682,0,2,0,0,0,0,0,A01
200800004683,0,33,0,0,2,7,15,A01
200800004683,0,7,0,0,2,8,1,B01
200800004684,0,13,0,0,2,1,5,A01
200800004684,0,2,0,0,2,3,15,B01
200800004685,0,7,0,0,1,3,1,A01
200800004686,0,7,0,0,0,3,19,B01
200800004686,0,10,0,0,0,2,19,A01
200800004687,0,33,0,1,2,0,13,A01
200800004687,0,31,0,0,2,1,2,B01
200800004687,0,33,0,0,0,0,2,C01
200800004688,0,7,0,0,2,2,2,A01
200800004688,0,7,0,0,0,4,2,B01
200800004689,0,1,0,0,0,1,2,A01
200800004689,0,1,0,0,0,8,2,B01
200800004690,0,13,0,0,1,0,19,A01
200800004691,0,30,0,0,0,0,11,A01
200800004692,0,1,0,0,2,1,17,A01
200800004692,0,32,0,0,2,1,17,B01
200800004693,0,30,0,0,9,8,0,A01
200800004694,0,32,0,0,2,0,1,B01
200800004694,0,2,0,0,2,6,1,A01
200800004695,0,7,0,0,1,2,0,A01
200800004696,0,7,0,0,1,3,15,A01
200800004697,0,37,17,0,2,4,0,C01
200800004697,0,7,0,0,2,1,2,A01
200800004697,0,7,0,1,2,9,2,B01
200800004698,0,37,0,1,0,0,1,A01
200800004699,0,10,0,0,1,5,1,A01
200800004700,0,10,0,0,2,2,15,A01
200800004700,0,33,0,0,2,8,2,B01
200800004701,0,33,0,12,0,3,0,A01
200800004702,0,32,0,0,0,3,0,A01
200800004703,0,7,0,0,2,6,1,B01
200800004703,0,2,0,0,2,1,1,A01
200800004704,0,7,0,1,0,9,1,A01
200800004705,0,31,0,0,2,1,1,A01
200800004705,1,7,0,0,2,5,12,B01
200800004706,0,2,0,0,0,3,0,A01
200800004707,0,32,0,0,1,1,2,A01
200800004708,1,2,0,0,1,1,2,A01
200800004709,0,10,0,0,1,2,1,A01
200800004710,0,7,0,0,2,2,0,A01
200800004710,0,10,0,0,2,6,1,B01
200800004711,0,37,1,0,1,1,1,A01
200800004712,0,31,0,0,2,1,2,A01
200800004712,0,7,0,0,2,5,16,B01
200800004713,0,31,0,0,0,7,1,A01
200800004713,0,7,0,0,0,0,1,B01
200800004714,0,31,0,0,2,8,3,A01
200800004714,0,7,0,0,0,5,2,B01
200800004715,0,33,0,0,2,3,1,A01
200800004715,0,7,0,0,2,5,1,B01
200800004715,0,7,0,0,2,8,1,C01
200800004716,0,7,0,0,1,2,1,A01
200800004717,0,30,0,0,0,9,0,A01
200800004718,0,7,0,0,2,3,15,A01
200800004718,0,2,0,1,2,1,1,B01
200800004719,0,30,0,0,0,0,2,A01
200800004720,0,7,0,0,0,3,11,A01
200800004720,0,33,0,0,2,2,1,B01
200800004721,0,32,0,0,2,3,1,B01
200800004721,0,7,0,0,2,2,15,A01
200800004722,0,7,0,0,1,5,4,A01
200800004723,0,7,0,0,2,1,0,A01
200800004723,0,33,0,0,2,1,1,B01
200800004724,0,32,0,0,0,0,2,A01
200800004725,0,30,0,0,2,2,1,A01
200800004725,0,7,0,0,0,8,15,B01
200800004726,0,7,0,0,0,0,0,A01
200800004726,0,7,0,0,0,4,0,B01
200800004727,0,7,0,0,2,1,5,A01
200800004727,0,7,0,14,2,1,2,B01
200800004728,0,7,0,0,1,1,2,A01
200800004729,0,7,0,0,2,5,12,A01
200800004729,0,32,0,0,2,3,2,B01
200800004730,0,17,0,0,2,2,14,A01
200800004730,0,7,0,0,2,4,2,B01
200800004730,0,7,0,1,0,1,2,C01
200800004731,0,30,0,14,2,1,0,A01
200800004731,0,7,0,14,0,3,23,B01
200800004732,0,37,1,0,1,1,7,A01
200800004733,0,32,0,14,0,7,21,A01
200800004734,0,30,0,0,2,1,0,A01
200800004734,0,7,0,0,0,6,23,B01
200800004735,0,30,0,0,2,3,2,A01
200800004735,0,32,0,0,0,2,2,B01
200800004736,1,7,0,0,1,1,0,A01
200800004737,0,30,0,0,2,1,1,B01
200800004737,0,7,0,0,2,7,1,A01
200800004738,0,1,0,0,2,8,1,A01
200800004738,0,7,0,0,9,1,2,B01
200800004739,0,2,0,0,0,0,0,A01
200800004740,0,31,0,0,1,1,1,A01
200800004741,2,7,0,0,0,0,0,A01
200800004742,0,30,0,0,2,3,0,A01
200800004742,0,7,0,0,2,7,0,B01
200800004743,0,2,0,0,0,7,10,A01
200800004743,0,2,0,0,0,1,1,B01
200800004744,0,32,0,0,1,1,2,A01
200800004745,0,7,0,0,2,2,2,A01
200800004745,0,7,0,0,2,4,2,B01
200800004746,0,7,0,0,2,1,2,A01
200800004746,0,7,0,0,0,4,2,B01
200800004747,0,30,0,14,2,7,2,A01
200800004747,0,7,0,0,2,7,1,B01
200800004748,0,2,0,0,0,7,2,A01
200800004749,0,7,0,0,1,0,1,A01
200800004750,0,2,0,0,2,4,15,A01
200800004750,0,33,0,0,2,1,21,B01
200800004751,0,7,0,9,0,3,0,A01
200800004752,0,32,0,15,0,2,2,A01
200800004753,0,32,0,14,0,0,12,A01
200800004754,0,7,0,14,0,1,16,A01
200800004755,0,7,0,7,2,3,0,B01
200800004755,0,7,0,0,2,7,0,A01
200800004756,0,7,0,0,0,5,19,A01
200800004756,0,1,0,0,2,1,1,B01
200800004757,0,34,0,0,2,1,17,A01
200800004757,0,7,0,0,2,3,9,B01
200800004758,0,7,0,0,2,2,15,A01
200800004758,0,33,0,15,2,3,1,B01
200800004759,0,7,0,0,2,7,12,A01
200800004759,0,33,0,0,2,8,1,B01
200800004760,0,30,0,1,0,2,0,A01
200800004761,0,1,0,0,0,1,2,B01
200800004761,0,7,0,0,2,8,24,A01
200800004762,0,30,0,0,2,1,1,B01
200800004762,0,7,0,0,0,7,0,A01
200800004763,0,7,0,0,2,2,2,A01
200800004763,0,1,0,0,2,4,2,B01
200800004764,0,1,0,0,0,0,2,A01
200800004765,0,32,0,0,2,1,1,A01
200800004765,0,34,0,0,2,7,16,B01
200800004766,0,7,0,0,2,2,15,A01
200800004766,0,33,0,0,2,8,2,B01
200800004767,0,33,0,0,0,0,16,A01
200800004768,0,7,0,1,0,3,20,A01
200800004768,0,2,0,0,0,1,2,B01
200800004769,0,7,0,0,0,1,1,A01
200800004770,0,30,0,0,1,1,2,A01
200800004771,0,33,0,0,0,6,1,B01
200800004771,0,7,0,0,2,1,15,A01
200800004772,0,31,0,0,2,1,17,A01
200800004772,0,7,0,0,2,3,15,B01
200800004773,0,30,0,0,1,1,3,A01
200800004774,0,31,0,12,0,7,15,A01
200800004775,0,7,0,4,0,2,0,A01
200800004776,0,7,0,0,2,2,12,A01
200800004776,0,32,0,0,2,8,3,B01
200800004777,0,10,0,0,0,8,11,A01
200800004777,0,34,0,0,0,7,2,B01
200800004778,0,32,0,0,2,3,1,A01
200800004778,0,7,0,0,2,2,1,B01
200800004779,0,30,0,0,2,0,1,B01
200800004779,0,10,0,0,2,0,15,A01
200800004780,0,32,0,0,2,6,1,B01
200800004780,0,7,0,0,2,3,1,A01
200800004781,0,1,0,0,0,4,1,B01
200800004781,0,30,0,0,2,4,1,A01
200800004782,0,33,0,0,2,6,2,A01
200800004782,0,7,0,0,0,6,2,B01
200800004783,0,30,0,0,2,7,2,A01
200800004783,0,32,0,0,1,0,2,B01
200800004784,0,7,0,0,2,3,10,A01
200800004784,0,30,0,0,2,1,1,B01
200800004785,0,31,0,0,2,1,15,B01
200800004785,0,7,0,0,2,1,5,A01
200800004786,0,7,0,1,1,2,1,A01
200800004787,0,31,0,0,0,7,2,A01
200800004788,0,30,0,0,1,4,1,A01
200800004789,0,7,0,0,2,3,13,A01
200800004789,0,1,0,0,0,5,15,B01
200800004790,0,7,0,0,0,2,1,A01
200800004791,2,7,0,8,1,3,16,A01
200800004792,0,31,0,0,2,6,11,A01
200800004792,1,7,0,0,0,0,0,B01
200800004793,1,7,0,0,0,0,0,A01
200800004794,0,7,0,0,0,8,0,A01
200800004794,0,33,0,0,0,7,0,B01
200800004795,0,7,0,0,0,3,13,A01
200800004795,0,30,0,0,0,8,1,B01
200800004796,0,30,0,0,1,6,1,A01
200800004797,0,7,0,0,0,0,16,A01
200800004797,0,2,0,0,0,0,18,B01
200800004798,0,1,0,0,2,4,2,A01
200800004798,0,10,0,0,0,4,2,B01
200800004799,0,7,0,0,1,3,0,A01
200800004800,0,7,0,0,9,3,15,A01
200800004800,0,1,0,0,2,8,1,B01
200800004801,1,7,0,0,1,3,4,A01
200800004802,0,32,0,0,2,3,1,B01
200800004802,0,7,0,0,2,1,15,A01
200800004803,0,33,0,0,2,0,21,A01
200800004803,0,7,0,0,0,0,11,B01
200800004804,0,7,0,0,2,7,14,A01
200800004804,0,30,0,1,2,1,1,B01
200800004805,0,32,0,0,0,7,1,A01
200800004805,0,32,0,0,0,8,1,B01
200800004806,0,30,0,0,0,0,1,A01
200800004807,1,7,0,0,0,0,1,A01
200800004807,0,33,0,0,2,8,1,B01
200800004808,1,7,0,0,2,6,4,A01
200800004809,0,32,0,0,0,0,1,A01
200800004810,0,7,0,0,2,3,9,B01
200800004810,0,32,0,0,2,1,5,A01
200800004811,0,7,0,0,0,2,1,A01
200800004812,0,3,0,0,2,1,5,A01
200800004812,0,7,0,0,2,1,0,B01
200800004813,0,30,0,0,1,0,17,A01
200800004814,0,33,0,1,0,1,1,A01
200800004815,0,7,0,0,0,4,2,B01
200800004815,0,7,0,0,2,1,2,A01
200800004816,0,33,0,0,0,7,1,A01
200800004816,1,7,0,0,2,5,12,B01
200800004817,0,31,0,0,2,2,18,A01
200800004817,0,7,0,0,0,3,12,B01
200800004818,0,33,0,0,2,2,11,A01
200800004818,0,7,0,0,0,6,2,B01
200800004818,0,10,0,0,0,1,2,C01
200800004819,0,7,0,0,0,6,15,A01
200800004819,0,33,0,0,2,1,17,B01
200800004820,0,7,0,13,0,1,13,A01
200800004821,0,33,0,0,0,4,0,A01
200800004821,0,10,0,0,2,2,0,B01
200800004822,0,7,0,13,0,0,0,A01
200800004823,0,15,0,3,0,8,9,A01
200800004823,0,7,0,3,0,1,1,B01
200800004824,0,7,0,3,2,4,1,A01
200800004824,0,7,0,0,2,2,3,B01
200800004824,0,7,0,0,2,7,2,C01
200800004825,0,7,0,0,0,4,0,A01
200800004825,0,7,0,0,2,3,21,B01
200800004825,1,99,0,0,0,0,0,C01
200800004826,0,7,0,13,0,9,0,A01
200800004827,0,7,0,0,2,4,2,A01
200800004827,0,7,0,0,2,4,2,B01
200800004827,0,7,0,0,2,4,2,C01
200800004827,0,7,0,0,2,1,2,D01
200800004828,0,7,0,3,0,8,21,A01
200800004829,0,7,0,3,2,8,9,A01
200800004829,0,7,0,0,2,1,1,B01
200800004829,0,15,0,0,2,2,1,C01
200800004830,0,7,0,0,2,2,17,A01
200800004831,0,33,0,0,0,7,15,A01
200800004832,0,7,0,3,0,1,16,A01
200800004833,0,7,0,4,2,1,21,A01
200800004833,1,7,0,0,0,0,18,B01
200800004834,0,7,0,3,2,7,6,A01
200800004834,0,7,0,14,0,1,0,B01
200800004834,0,7,0,0,2,8,14,C01
200800004835,0,17,0,0,2,4,2,A01
200800004835,0,7,0,0,2,1,2,B01
200800004836,0,7,0,0,2,4,2,A01
200800004836,0,7,0,0,2,4,2,B01
200800004836,0,7,0,0,2,1,2,C01
200800004837,0,7,0,0,2,0,1,A01
200800004837,0,14,0,0,2,0,9,B01
200800004838,0,7,0,3,0,3,1,A01
200800004839,0,7,0,0,2,5,12,A01
200800004839,0,7,0,13,2,3,2,B01
200800004840,0,7,0,0,2,2,12,A01
200800004840,0,32,0,0,2,8,1,B01
200800004841,0,7,0,4,0,1,18,A01
200800004842,0,7,0,0,2,5,1,A01
200800004842,0,33,0,0,2,1,2,B01
200800004842,0,7,0,0,2,1,2,C01
200800004843,0,7,0,0,2,8,13,A01
200800004843,0,7,0,0,2,3,21,B01
200800004844,0,7,0,4,0,8,2,A01
200800004844,0,7,0,0,0,1,2,B01
200800004845,0,7,0,0,2,4,2,A01
200800004845,0,7,0,0,2,1,2,B01
200800004846,0,7,0,3,0,1,1,A01
200800004847,0,33,0,0,2,7,0,A01
200800004847,0,7,0,0,2,3,0,B01
200800004848,0,15,0,0,0,0,0,A01
200800004848,0,15,0,0,0,0,0,B01
200800004848,0,10,0,0,0,0,0,C01
200800004849,0,7,0,4,0,3,1,A01
200800004850,0,33,0,0,0,0,0,A01
200800004851,0,7,0,0,0,6,11,A01
200800004851,0,7,0,0,2,2,17,B01
200800004852,0,15,0,0,2,8,11,A01
200800004852,0,7,0,0,2,7,2,B01
200800004853,0,33,0,0,2,3,3,A01
200800004853,0,7,0,0,2,7,12,B01
200800004854,0,7,0,0,2,1,2,A01
200800004854,0,7,0,0,0,4,2,B01
200800004855,0,7,0,0,2,4,12,A01
200800004855,0,33,0,0,2,1,3,B01
200800004856,0,7,0,0,2,1,0,A01
200800004856,0,33,0,0,0,4,3,B01
200800004857,0,7,0,0,0,4,2,A01
200800004857,0,14,0,0,2,1,2,B01
200800004858,0,31,0,0,2,0,3,A01
200800004858,1,10,0,0,2,0,12,B01
200800004859,0,7,0,0,0,0,0,A01
200800004859,0,7,0,3,2,4,1,B01
200800004859,0,17,0,0,0,0,0,C01
200800004860,0,7,0,0,2,8,2,A01
200800004860,0,33,0,4,2,1,2,B01
200800004861,0,7,0,0,0,6,2,A01
200800004861,0,33,0,0,2,1,2,B01
200800004862,0,7,0,0,2,4,2,A01
200800004862,0,33,0,0,2,1,2,B01
200800004863,0,7,0,0,2,4,2,A01
200800004863,0,7,0,0,2,4,2,B01
200800004863,0,7,0,0,2,4,2,C01
200800004863,0,7,0,0,2,1,2,D01
200800004864,0,33,0,0,0,8,0,A01
200800004865,0,7,0,0,2,2,1,A01
200800004865,0,7,0,0,2,3,19,B01
200800004866,0,10,0,0,0,4,23,A01
200800004866,0,7,0,0,0,4,23,C01
200800004866,0,7,0,0,0,4,23,B01
200800004866,0,13,0,0,0,1,2,D01
200800004867,0,10,0,0,0,0,0,A01
200800004867,0,7,0,0,0,0,0,B01
200800004867,0,7,0,0,2,4,2,C01
200800004867,0,10,0,0,2,4,2,D01
200800004868,0,7,0,3,0,1,14,A01
200800004869,0,10,0,0,0,4,0,A01
200800004869,0,7,0,0,2,4,2,B01
200800004870,0,31,0,0,0,0,0,A01
200800004871,0,7,0,3,0,1,0,A01
200800004872,0,7,0,4,0,3,0,A01
200800004873,0,7,0,3,0,3,0,A01
200800004874,0,7,0,0,2,1,2,A01
200800004874,0,7,0,0,2,4,2,B01
200800004874,0,7,0,0,0,4,2,C01
200800004875,0,7,0,4,0,1,1,A01
200800004876,0,10,0,13,0,8,1,A01
200800004877,0,7,0,0,0,9,0,A01
200800004878,0,7,0,0,0,4,2,A01
200800004878,0,7,0,0,2,4,2,B01
200800004878,0,7,0,0,2,1,2,C01
200800004878,0,7,0,0,2,4,2,D01
200800004879,0,33,0,0,0,0,2,A01
200800004880,0,7,0,0,2,1,2,A01
200800004880,0,7,0,0,0,4,2,B01
200800004881,0,15,0,0,2,2,2,B01
200800004881,0,7,0,0,0,6,11,A01
200800004882,0,7,0,13,0,2,0,A01
200800004883,0,7,0,0,0,4,2,A01
200800004883,0,7,0,0,2,1,2,B01
200800004884,0,33,0,0,0,8,2,A01
200800004885,0,15,0,4,1,2,2,A01
200800004886,0,15,0,4,0,7,0,A01
200800004887,0,7,0,0,0,0,2,A01
200800004887,0,7,0,0,2,1,2,C01
200800004887,0,7,0,14,0,4,2,B01
200800004888,0,7,0,0,2,1,1,A01
200800004888,0,7,0,0,0,5,1,B01
200800004889,0,7,0,0,2,4,14,A01
200800004889,0,7,0,0,0,7,1,B01
200800004890,0,7,0,0,0,0,0,A01
200800004891,0,7,0,4,0,3,13,A01
200800004892,0,7,0,4,0,3,13,A01
200800004893,0,7,0,0,2,1,13,A01
200800004893,0,7,0,0,2,2,0,B01
200800004893,0,7,0,0,2,2,1,C01
200800004894,0,7,0,3,0,1,1,A01
200800004895,0,7,0,0,2,1,2,A01
200800004895,0,7,0,0,0,4,2,B01
200800004896,0,7,0,0,0,1,1,A01
200800004896,0,7,0,0,0,1,1,B01
200800004896,0,10,0,0,2,4,1,C01
200800004897,0,7,0,0,0,4,2,A01
200800004897,0,7,0,0,2,1,2,B01
200800004898,0,7,0,0,0,4,2,A01
200800004898,0,7,0,0,2,4,2,B01
200800004898,0,7,0,0,2,4,2,C01
200800004898,0,13,0,0,2,1,2,D01
200800004899,0,7,0,0,2,1,2,A01
200800004899,0,7,0,0,2,7,2,B01
200800004900,0,7,0,4,0,2,14,A01
200800004901,0,7,0,0,2,4,2,A01
200800004901,0,7,0,0,2,1,2,B01
200800004902,0,7,0,4,0,2,0,A01
200800004903,0,7,0,0,2,1,2,B01
200800004903,0,32,0,0,2,4,2,A01
200800004904,0,10,0,4,0,3,0,A01
200800004905,0,33,0,0,0,9,1,A01
200800004906,0,7,0,0,2,1,2,A01
200800004906,0,7,0,0,0,4,2,B01
200800004906,0,7,0,0,0,4,2,C01
200800004907,0,7,0,0,0,4,2,B01
200800004907,0,7,0,0,2,1,2,A01
200800004908,0,7,0,0,2,4,1,C01
200800004908,0,7,0,0,0,4,23,B01
200800004908,0,7,0,0,2,1,2,A01
200800004909,0,7,0,4,0,2,1,A01
200800004910,0,7,0,3,0,1,0,A01
200800004911,0,7,0,0,2,8,11,A01
200800004911,0,33,0,0,2,2,2,B01
200800004912,0,10,0,3,0,1,1,A01
200800004913,0,7,0,5,0,1,0,A01
200800004914,0,7,0,3,0,1,1,A01
200800004915,0,7,0,0,0,1,0,A01
200800004916,0,7,0,0,2,1,2,B01
200800004916,0,7,0,0,0,0,2,A01
200800004917,0,7,0,3,0,1,0,A01
200800004918,0,7,0,3,0,2,0,A01
200800004919,0,33,0,0,0,0,0,A01
200800004919,0,10,0,0,0,0,0,B01
200800004920,0,7,0,0,0,5,0,B01
200800004920,0,33,0,0,2,0,0,A01
200800004921,1,99,0,0,0,0,0,B01
200800004921,0,33,0,0,2,0,0,A01
200800004922,0,37,1,0,2,6,11,B01
200800004922,0,7,0,0,2,7,1,A01
200800004923,0,33,0,14,0,0,2,A01
200800004924,0,7,0,4,0,1,1,A01
200800004925,0,33,0,0,0,1,1,A01
200800004926,0,10,0,0,0,4,2,A01
200800004926,0,7,0,0,2,1,0,B01
200800004927,0,10,0,0,2,8,0,B01
200800004927,0,10,0,1,0,2,14,A01
200800004928,0,7,0,0,2,2,1,A01
200800004928,0,7,0,0,2,1,1,B01
200800004929,0,30,0,0,0,7,1,B01
200800004929,0,2,0,0,0,5,1,C01
200800004929,0,99,0,0,2,1,1,A01
200800004930,0,7,0,0,2,1,0,A01
200800004930,0,13,0,0,2,3,0,B01
200800004931,0,7,0,0,1,1,2,A01
200800004932,0,7,0,0,2,3,0,A01
200800004932,0,33,0,0,2,1,13,B01
200800004933,0,7,0,0,2,3,15,A01
200800004933,0,30,0,0,2,1,1,B01
200800004934,0,7,0,0,1,1,15,A01
200800004935,0,7,0,0,1,6,4,A01
200800004936,0,33,0,0,2,1,17,A01
200800004936,0,7,0,0,2,1,15,B01
200800004937,0,37,20,0,1,2,1,A01
200800004938,0,33,0,0,2,3,2,B01
200800004938,0,30,0,0,2,5,2,A01
200800004939,0,7,0,0,2,1,15,A01
200800004939,0,32,0,0,2,3,1,B01
200800004940,0,7,0,0,1,3,2,A01
200800004941,0,7,0,0,1,0,1,A01
200800004942,0,7,0,0,9,1,2,A01
200800004943,0,7,0,0,9,0,0,A01
200800004943,0,1,0,0,2,0,15,B01
200800004944,0,7,0,0,1,2,2,A01
200800004945,0,33,0,0,2,8,17,A01
200800004945,0,7,0,0,2,1,16,B01
200800004946,0,7,0,0,1,5,11,A01
200800004947,0,7,0,0,2,7,15,A01
200800004947,0,7,0,0,2,1,1,B01
200800004948,0,7,0,0,2,5,0,A01
200800004948,0,33,0,0,2,7,2,B01
200800004949,0,2,0,0,2,0,5,A01
200800004949,0,10,0,0,2,3,15,B01
200800004950,0,33,0,0,2,1,2,A01
200800004950,0,7,0,0,2,7,15,B01
200800004951,0,7,0,0,1,3,0,A01