Num_Acc,senc,catv,occutc,obs,obsm,choc,manv,num_veh
200800004952,0,10,0,0,2,2,12,A01
200800004952,0,7,0,0,2,3,14,B01
200800004953,0,7,0,0,2,1,0,A01
200800004953,0,7,0,0,2,3,0,B01
200800004954,0,7,0,1,2,2,0,A01
200800004954,0,7,0,0,2,3,15,B01
200800004955,0,7,0,1,0,2,0,A01
200800004956,0,7,0,0,1,2,0,A01
200800004957,0,7,0,0,2,3,9,A01
200800004957,0,7,0,0,0,5,1,B01
200800004958,0,7,0,0,1,6,15,A01
200800004959,0,10,0,0,0,7,10,A01
200800004959,0,33,0,0,0,1,0,B01
200800004960,0,7,0,0,2,0,2,A01
200800004960,0,7,0,0,2,0,2,B01
200800004960,0,7,0,0,2,0,2,C01
200800004961,0,2,0,0,1,3,15,A01
200800004962,0,7,0,0,2,6,2,B01
200800004962,0,7,0,0,2,2,1,A01
200800004963,0,7,0,0,2,3,1,B01
200800004963,0,7,0,0,1,2,15,A01
200800004964,0,7,0,0,2,1,2,A01
200800004964,0,7,0,0,2,4,0,B01
200800004965,0,7,0,0,1,1,1,A01
200800004966,0,7,0,0,2,1,2,A01
200800004966,0,7,0,0,0,4,2,B01
200800004967,0,14,0,0,0,4,2,A01
200800004967,0,7,0,0,2,1,2,B01
200800004967,0,7,0,0,2,1,2,C01
200800004968,1,7,0,0,1,1,1,A01
200800004969,0,7,0,0,2,1,0,A01
200800004969,0,7,0,0,2,1,0,B01
200800004970,0,7,0,0,1,1,0,A01
200800004971,0,7,0,0,1,0,0,A01
200800004972,0,7,0,0,1,0,0,A01
200800004973,0,7,0,0,1,1,2,A01
200800004974,0,32,0,0,2,0,2,A01
200800004974,0,7,0,0,0,0,0,B01
200800004975,1,7,0,0,2,0,2,A01
200800004975,0,31,0,0,0,0,2,B01
200800004976,1,32,0,0,1,0,0,A01
200800004977,0,7,0,0,2,1,2,A01
200800004977,0,7,0,0,2,4,2,B01
200800004977,0,7,0,0,2,4,2,C01
200800004978,0,7,0,0,1,1,0,A01
200800004979,0,10,0,0,0,0,0,A01
200800004979,0,33,0,0,0,0,0,B01
200800004980,0,7,0,0,0,0,0,A01
200800004981,0,2,0,0,0,0,0,A01
200800004981,0,7,0,0,0,0,0,B01
200800004982,0,30,0,0,2,1,2,A01
200800004982,0,14,0,0,0,6,3,B01
200800004983,0,7,0,0,2,1,2,A01
200800004983,0,7,0,0,2,4,2,B01
200800004984,0,7,0,0,1,1,0,A01
200800004985,0,7,0,0,1,2,1,A01
200800004986,0,7,0,0,2,1,1,A01
200800004986,0,2,0,0,2,1,1,B01
200800004987,0,7,0,0,2,0,1,A01
200800004987,0,1,0,0,2,0,0,B01
200800004988,0,7,0,0,0,6,0,A01
200800004988,0,2,0,0,2,1,1,B01
200800004989,0,7,0,0,2,2,1,A01
200800004989,0,2,0,0,2,1,1,B01
200800004990,0,7,0,0,1,3,0,A01
200800004991,0,30,0,1,2,7,15,B01
200800004991,0,7,0,0,2,1,24,C01
200800004991,0,7,0,0,2,1,1,A01
200800004992,0,7,0,0,2,1,1,A01
200800004992,0,1,0,0,2,4,1,B01
200800004993,1,34,0,0,1,4,5,A01
200800004994,0,7,0,0,2,5,10,A01
200800004994,0,33,0,0,2,8,1,B01
200800004995,0,7,0,0,1,1,1,A01
200800004996,0,7,0,0,1,2,16,A01
200800004997,0,7,0,0,1,2,1,A01
200800004998,0,7,0,0,2,3,1,A01
200800004998,0,33,0,0,2,2,15,B01
200800004999,0,7,0,0,2,2,15,A01
200800004999,0,2,0,0,2,1,1,B01
200800005000,0,7,0,9,2,3,1,A01
200800005000,0,1,0,0,2,2,14,B01
200800005001,0,7,0,0,2,1,2,A01
200800005001,0,14,0,0,2,5,1,B01
200800005002,0,37,0,0,1,7,16,A01
200800005003,0,7,0,1,0,3,13,A01
200800005004,0,7,0,1,0,1,21,A01
200800005005,0,7,0,1,1,0,0,A01
200800005006,0,14,0,0,1,1,1,A01
200800005007,0,7,0,0,2,6,10,A01
200800005007,0,32,0,0,2,0,1,B01
200800005008,0,7,0,0,2,1,15,A01
200800005008,0,33,0,0,2,8,1,B01
200800005009,0,10,0,0,9,1,0,A01
200800005010,0,7,0,0,2,1,2,A01
200800005010,0,7,0,0,2,4,23,B01
200800005011,0,7,0,3,0,1,0,A01
200800005012,0,7,0,0,2,5,9,A01
200800005012,0,2,0,0,2,1,1,B01
200800005013,0,7,0,0,0,1,2,A01
200800005013,0,7,0,0,0,4,2,B01
200800005014,0,14,0,0,2,2,15,A01
200800005014,0,7,0,0,2,2,1,B01
200800005015,0,7,0,0,0,9,0,A01
200800005016,0,7,0,4,0,0,2,A01
200800005017,0,15,0,4,0,8,16,A01
200800005018,0,7,0,0,2,1,0,A01
200800005018,0,7,0,0,2,4,0,B01
200800005018,1,7,0,0,0,0,0,C01
200800005019,0,33,0,0,2,1,1,A01
200800005019,0,7,0,0,2,6,19,B01
200800005020,0,2,0,0,2,1,1,A01
200800005020,0,7,0,0,2,6,15,B01
200800005021,0,7,0,0,2,3,15,A01
200800005021,0,33,0,1,2,0,17,B01
200800005022,0,7,0,0,2,1,1,A01
200800005022,0,7,0,0,2,4,2,B01
200800005023,0,7,0,0,2,2,0,A01
200800005023,0,33,0,0,2,8,1,B01
200800005024,0,7,0,0,2,8,1,A01
200800005024,0,7,0,0,2,1,1,B01
200800005025,0,7,0,0,2,1,1,A01
200800005025,0,7,0,0,2,4,1,B01
200800005026,0,10,0,0,0,1,0,B01
200800005026,0,10,0,0,0,3,1,A01
200800005027,0,7,0,0,0,3,1,B01
200800005027,0,31,0,0,2,1,1,A01
200800005028,0,7,0,0,0,6,20,A01
200800005029,0,13,0,0,0,7,9,A01
200800005030,0,7,0,0,2,3,13,A01
200800005030,0,7,0,0,2,3,0,B01
200800005031,0,7,0,0,2,2,1,B01
200800005031,0,7,0,0,2,5,1,A01
200800005032,0,7,0,0,2,3,10,A01
200800005032,0,7,0,0,2,2,2,B01
200800005033,0,7,0,0,0,8,15,A01
200800005033,0,37,62,0,2,1,1,B01
200800005034,0,7,0,0,0,1,2,A01
200800005034,0,7,0,0,0,4,23,B01
200800005035,0,32,0,0,2,1,1,A01
200800005035,0,7,0,0,0,4,1,B01
200800005036,0,2,0,0,2,1,1,A01
200800005036,0,37,1,0,2,2,1,B01
200800005037,0,7,0,0,2,3,11,A01
200800005037,0,7,0,0,2,3,1,B01
200800005038,0,7,0,0,2,8,21,A01
200800005038,0,33,0,0,2,7,1,B01
200800005039,0,7,0,0,1,1,1,A01
200800005040,0,7,0,0,1,1,1,A01
200800005041,2,7,0,1,0,1,21,A01
200800005042,0,33,0,1,0,1,12,A01
200800005043,0,2,0,1,0,1,16,A01
200800005044,0,7,0,15,0,1,15,B01
200800005044,1,7,0,0,2,2,15,A01
200800005045,0,34,0,0,2,2,17,A01
200800005045,0,7,0,0,2,6,15,B01
200800005046,0,7,0,0,1,2,1,A01
200800005047,0,7,0,0,2,1,1,A01
200800005047,0,7,0,0,2,1,1,B01
200800005048,0,33,0,0,2,1,1,A01
200800005049,0,7,0,0,2,3,1,A01
200800005049,0,33,0,0,2,1,1,B01
200800005050,0,7,0,0,9,3,22,A01
200800005050,0,1,0,1,0,1,1,B01
200800005051,0,30,0,0,2,1,1,A01
200800005051,0,7,0,0,2,6,1,B01
200800005052,0,10,0,0,2,1,1,A01
200800005052,0,14,0,0,2,1,23,B01
200800005053,0,7,0,0,1,3,15,A01
200800005054,0,7,0,0,1,3,15,A01
200800005055,0,33,0,0,2,1,1,B01
200800005055,0,7,0,0,2,3,15,A01
200800005056,0,7,0,0,2,8,1,B01
200800005056,0,7,0,0,2,1,1,A01
200800005057,0,7,0,0,1,0,1,A01
200800005058,0,7,0,0,1,0,1,A01
200800005059,0,7,0,0,1,1,0,A01
200800005060,0,7,0,0,2,3,15,A01
200800005060,0,2,0,0,2,2,17,B01
200800005061,0,30,0,0,2,1,1,A01
200800005061,0,7,0,0,2,1,1,B01
200800005062,0,33,0,0,2,1,2,A01
200800005062,0,2,0,0,2,7,19,B01
200800005063,0,7,0,0,2,1,2,A01
200800005063,0,7,0,0,0,4,2,B01
200800005064,0,7,0,0,2,1,1,A01
200800005064,0,7,0,0,2,1,0,B01
200800005064,0,7,0,0,2,4,1,C01
200800005065,0,14,0,0,2,2,1,A01
200800005065,0,7,0,0,0,8,15,B01
200800005066,0,7,0,0,1,1,1,A01
200800005067,1,7,0,0,1,7,0,A01
200800005068,0,31,0,0,2,8,1,A01
200800005068,0,7,0,0,2,1,15,B01
200800005069,0,7,0,8,0,1,0,A01
200800005070,0,30,0,0,0,0,0,A01
200800005071,0,15,0,0,2,4,0,A01
200800005071,0,7,0,0,2,1,0,B01
200800005071,0,7,0,0,2,3,0,C01
200800005072,0,10,0,0,2,1,1,A01
200800005072,0,2,0,0,2,4,1,B01
200800005073,0,7,0,1,0,3,13,A01
200800005074,1,2,0,0,2,0,0,A01
200800005074,0,30,0,0,2,1,1,B01
200800005075,0,7,0,0,1,2,0,A01
200800005076,0,7,0,0,1,3,1,A01
200800005077,0,7,0,0,2,7,22,A01
200800005077,0,31,0,1,0,0,1,B01
200800005078,0,7,0,0,2,7,22,A01
200800005078,0,2,0,1,0,1,1,B01
200800005079,0,7,0,0,2,3,15,A01
200800005079,0,34,0,0,2,1,1,B01
200800005080,0,7,0,0,2,3,22,A01
200800005080,0,1,0,1,0,1,0,B01
200800005081,0,7,0,0,2,2,16,A01
200800005081,0,30,0,0,2,3,1,B01
200800005082,0,7,0,0,2,1,2,B01
200800005082,0,7,0,0,2,4,23,C01
200800005082,0,7,0,0,2,3,1,A01
200800005083,0,30,0,0,0,3,0,A01
200800005084,0,10,0,0,2,1,1,A01
200800005084,0,10,0,0,2,9,1,B01
200800005084,0,10,0,0,2,9,1,C01
200800005084,0,10,0,0,0,6,1,D01
200800005085,0,7,0,0,2,1,1,B01
200800005085,0,31,0,0,2,1,5,A01
200800005086,0,13,0,0,2,4,19,A01
200800005086,0,7,0,0,2,3,1,B01
200800005087,0,7,0,0,1,1,1,A01
200800005088,0,10,0,0,1,2,15,A01
200800005089,0,33,0,0,2,1,1,B01
200800005089,0,7,0,0,2,3,1,A01
200800005090,0,7,0,0,2,2,17,A01
200800005090,0,37,29,0,2,6,23,B01
200800005091,0,7,0,0,2,1,13,A01
200800005091,0,7,0,0,2,1,1,B01
200800005092,0,7,0,0,2,1,1,A01
200800005092,0,7,0,0,2,4,2,B01
200800005092,0,7,0,0,2,4,2,C01
200800005093,0,33,0,0,2,0,1,B01
200800005093,0,7,0,0,2,1,1,A01
200800005094,1,7,0,0,1,4,4,A01
200800005095,0,7,0,0,2,8,15,A01
200800005095,0,2,0,0,2,1,1,B01
200800005096,1,10,0,0,2,6,11,A01
200800005096,0,32,0,0,2,8,1,B01
200800005097,0,7,0,0,2,3,15,A01
200800005097,0,34,0,0,2,8,1,B01
200800005098,0,10,0,0,1,1,15,A01
200800005099,0,7,0,0,2,3,15,A01
200800005099,0,33,0,0,2,9,1,B01
200800005099,0,7,0,0,2,8,1,C01
200800005100,0,7,0,0,1,7,1,A01
200800005101,2,7,0,0,2,1,6,A01
200800005101,0,7,0,0,2,1,1,B01
200800005102,0,7,0,0,1,1,15,A01
200800005103,0,34,0,16,0,7,1,A01
200800005104,0,7,0,0,2,1,15,A01
200800005104,0,33,0,0,2,0,1,B01
200800005105,0,7,0,0,2,1,1,A01
200800005105,0,7,0,0,2,4,1,B01
200800005105,0,7,0,0,2,4,1,C01
200800005106,0,7,0,0,2,3,9,A01
200800005106,0,7,0,0,2,2,1,B01
200800005107,0,7,0,0,2,1,2,A01
200800005107,0,7,0,0,2,4,23,C01
200800005107,0,7,0,0,2,4,23,B01
200800005108,1,7,0,0,1,0,1,A01
200800005109,0,7,0,0,2,1,1,A01
200800005109,0,7,0,0,2,1,1,B01
200800005110,0,30,0,0,2,0,2,B01
200800005110,0,7,0,0,2,0,1,A01
200800005111,0,7,0,0,1,3,1,A01
200800005112,0,7,0,0,1,2,1,A01
200800005113,0,7,0,0,2,1,10,A01
200800005113,0,7,0,0,2,7,15,B01
200800005114,0,7,0,0,1,2,2,A01
200800005115,0,7,0,0,2,3,15,A01
200800005115,0,30,0,16,2,3,10,B01
200800005116,0,7,0,0,2,1,2,A01
200800005116,0,7,0,0,2,4,2,B01
200800005117,0,7,0,0,1,2,1,A01
200800005118,0,7,0,0,1,4,20,A01
200800005119,0,7,0,15,0,1,16,A01
200800005120,1,7,0,1,1,2,1,A01
200800005121,0,7,0,0,2,2,1,A01
200800005121,0,7,0,0,2,3,9,B01
200800005122,0,7,0,0,1,1,1,A01
200800005123,0,7,0,0,2,1,1,A01
200800005123,0,7,0,0,2,1,1,B01
200800005123,0,7,0,0,2,4,1,C01
200800005124,0,7,0,0,2,1,1,A01
200800005124,0,33,0,0,2,1,1,B01
200800005125,0,7,0,0,9,3,15,A01
200800005125,0,34,0,0,2,1,1,B01
200800005126,0,7,0,0,1,7,1,A01
200800005127,0,7,0,0,2,1,1,A01
200800005127,0,7,0,0,0,4,1,B01
200800005128,0,7,0,0,1,1,1,A01
200800005129,0,7,0,0,1,1,1,A01
200800005130,0,7,0,0,2,4,13,A01
200800005130,0,33,0,0,2,1,1,B01
200800005131,0,33,0,0,2,2,1,A01
200800005131,0,7,0,0,2,2,1,B01
200800005132,0,7,0,0,2,1,1,A01
200800005132,0,14,0,0,2,4,23,B01
200800005133,0,7,0,0,2,1,15,A01
200800005133,0,7,0,0,2,1,1,B01
200800005134,0,1,0,0,2,5,0,B01
200800005134,0,7,0,0,9,3,0,A01
200800005135,0,7,0,0,0,2,0,A01
200800005136,0,7,0,0,2,1,1,A01
200800005136,0,7,0,0,2,2,1,B01
200800005137,0,1,0,0,2,0,0,A01
200800005137,0,7,0,0,9,1,1,B01
200800005138,0,3,0,0,2,1,1,A01
200800005138,0,7,0,0,0,4,0,B01
200800005139,0,34,0,0,0,1,1,A01
200800005140,0,2,0,14,0,7,1,A01
200800005141,0,7,0,0,2,6,19,B01
200800005141,0,30,0,0,2,1,1,A01
200800005142,0,7,0,0,1,3,1,A01
200800005143,0,7,0,0,1,2,16,A01
200800005144,0,7,0,0,1,2,1,A01
200800005145,0,10,0,0,1,2,1,A01
200800005146,0,7,0,0,1,2,17,A01
200800005147,0,7,0,0,1,2,9,A01
200800005148,0,10,0,0,2,1,1,A01
200800005148,0,33,0,0,2,4,1,B01
200800005149,0,10,0,0,2,1,15,B01
200800005149,0,30,0,0,2,1,1,A01
200800005150,0,10,0,0,1,2,1,A01
200800005151,0,7,0,0,1,1,1,A01
200800005152,0,15,0,12,0,7,1,A01
200800005153,0,10,0,0,2,1,1,A01
200800005153,0,7,0,0,2,3,0,B01
200800005153,0,7,0,0,2,1,0,C01
200800005154,0,7,0,6,0,1,9,A01
200800005155,0,33,0,0,2,1,0,A01
200800005155,0,10,0,0,2,8,15,B01
200800005156,0,3,0,0,2,1,15,A01
200800005156,0,33,0,1,2,1,1,B01
200800005157,0,10,0,0,2,1,9,A01
200800005157,0,2,0,0,2,1,17,B01
200800005158,0,31,0,0,2,1,1,A01
200800005158,0,7,0,0,2,3,15,B01
200800005159,0,7,0,0,2,4,9,A01
200800005159,0,33,0,0,2,1,1,B01
200800005160,0,7,0,0,1,2,1,A01
200800005161,0,7,0,16,0,9,1,A01
200800005162,0,7,0,0,2,1,0,B01
200800005162,0,7,0,0,2,7,0,A01
200800005163,1,7,0,0,1,0,1,A01
200800005164,0,7,0,0,2,1,13,A01
200800005164,0,7,0,0,2,1,1,B01
200800005165,0,17,0,0,2,8,1,A01
200800005165,0,7,0,0,2,7,1,B01
200800005166,0,10,0,1,0,1,14,A01
200800005166,0,33,0,0,0,0,20,B01
200800005166,0,7,0,0,0,5,20,C01
200800005166,0,7,0,0,0,4,20,D01
200800005167,0,7,0,0,2,8,1,A01
200800005167,0,33,0,0,2,7,17,B01
200800005168,0,33,0,0,1,1,1,A01
200800005169,0,33,0,0,2,1,1,B01
200800005169,0,7,0,0,2,1,1,A01
200800005170,0,7,0,0,2,1,1,A01
200800005170,0,7,0,0,2,4,1,B01
200800005171,0,7,0,0,1,7,1,A01
200800005172,0,2,0,0,2,1,1,A01
200800005172,0,7,0,0,2,4,1,B01
200800005173,0,33,0,0,2,1,13,A01
200800005173,0,7,0,0,0,1,1,B01
200800005174,0,7,0,0,2,1,5,A01
200800005174,0,7,0,0,2,1,1,B01
200800005175,0,7,0,0,2,0,14,A01
200800005175,0,33,0,0,2,0,1,B01
200800005176,0,7,0,0,2,3,9,A01
200800005176,0,33,0,0,2,1,1,B01
200800005177,0,7,0,0,0,0,1,A01
200800005178,0,7,0,0,2,0,11,A01
200800005178,0,2,0,0,2,0,1,B01
200800005179,0,7,0,8,0,9,1,A01
200800005180,0,7,0,0,2,3,1,B01
200800005180,0,7,0,1,2,9,1,A01
200800005181,0,7,0,0,2,1,2,A01
200800005181,0,7,0,0,2,5,2,B01
200800005182,0,7,0,0,2,3,9,A01
200800005182,0,34,0,0,2,3,1,B01
200800005183,0,37,1,0,2,0,13,A01
200800005183,0,7,0,0,2,0,1,B01
200800005184,0,7,0,0,1,1,1,A01
200800005185,0,7,0,0,1,1,1,A01
200800005186,0,7,0,15,0,0,1,A01
200800005187,0,7,0,7,0,0,1,A01
200800005188,0,7,0,0,2,3,15,A01
200800005188,0,33,0,0,2,2,1,B01
200800005189,0,7,0,0,2,1,2,A01
200800005189,0,7,0,0,2,1,2,B01
200800005189,0,7,0,0,2,4,2,C01
200800005190,0,33,0,0,0,0,1,A01
200800005191,0,7,0,0,2,4,2,B01
200800005191,0,2,0,0,2,1,16,A01
200800005192,0,7,0,0,2,3,15,A01
200800005192,0,33,0,0,2,7,17,B01
200800005193,0,34,0,0,2,3,1,A01
200800005193,0,37,1,0,2,5,0,B01
200800005194,0,7,0,0,2,3,13,A01
200800005194,0,1,0,0,2,8,1,B01
200800005195,0,7,0,0,2,5,15,A01
200800005195,0,37,27,0,2,3,1,B01
200800005196,0,7,0,0,1,2,9,A01
200800005197,0,2,0,0,2,1,1,A01
200800005197,0,7,0,0,0,6,0,B01
200800005198,0,7,0,0,2,7,15,A01
200800005198,0,32,0,0,2,1,1,B01
200800005199,0,7,0,0,0,4,2,B01
200800005199,0,32,0,0,2,1,2,A01
200800005200,0,7,0,0,2,8,2,B01
200800005200,0,7,0,0,2,1,2,A01
200800005201,0,1,0,0,1,1,1,A01
200800005202,0,10,0,0,1,3,1,A01
200800005203,0,7,0,0,2,8,22,A01
200800005203,0,1,0,1,0,1,1,B01
200800005204,0,1,0,0,2,7,19,A01
200800005204,0,7,0,0,9,1,1,B01
200800005205,0,30,0,1,0,1,1,A01
200800005205,0,7,0,0,2,6,24,B01
200800005206,0,10,0,0,2,7,17,A01
200800005206,0,7,0,0,2,1,1,B01
200800005207,0,30,0,0,2,5,4,A01
200800005207,0,7,0,0,2,4,4,B01
200800005208,0,7,0,0,1,4,4,A01
200800005209,0,7,0,0,1,1,1,A01
200800005210,0,7,0,0,2,7,1,A01
200800005210,0,7,0,0,2,1,1,B01
200800005211,0,10,0,0,2,3,9,A01
200800005211,0,1,0,0,2,1,1,B01
200800005212,0,7,0,0,9,1,1,A01
200800005212,0,1,0,0,2,7,1,B01
200800005213,0,7,0,0,2,1,1,B01
200800005213,0,7,0,0,2,1,1,A01
200800005214,0,7,0,0,9,1,1,A01
200800005214,0,1,0,0,2,7,19,B01
200800005215,0,7,0,8,2,1,1,A01
200800005215,0,7,0,0,2,8,9,B01
200800005215,0,7,0,0,2,2,24,C01
200800005216,0,1,0,0,2,7,19,A01
200800005216,0,7,0,0,9,1,1,B01
200800005217,0,14,0,0,1,4,4,A01
200800005218,0,7,0,0,1,3,1,A01
200800005219,0,7,0,0,2,8,1,B01
200800005219,0,2,0,0,2,1,1,A01
200800005220,0,7,0,0,2,3,15,A01
200800005220,0,33,0,0,2,2,1,B01
200800005221,0,7,0,0,1,1,1,A01
200800005222,0,7,0,0,2,2,0,A01
200800005222,0,1,0,0,2,1,1,B01
200800005223,0,3,0,1,0,8,1,A01
200800005224,0,30,0,0,2,1,1,B01
200800005224,0,10,0,1,2,2,1,A01
200800005225,0,10,0,0,2,3,15,A01
200800005225,0,2,0,0,2,1,1,B01
200800005226,0,7,0,8,2,8,1,B01
200800005226,0,7,0,0,2,1,1,A01
200800005227,0,7,0,0,2,1,1,A01
200800005227,0,30,0,0,2,4,23,B01
200800005228,1,7,0,0,2,1,1,B01
200800005228,0,31,0,8,2,8,1,A01
200800005229,0,7,0,0,2,1,1,A01
200800005229,1,7,0,0,2,1,5,B01
200800005230,0,7,0,0,1,1,1,A01
200800005231,0,33,0,0,2,1,2,A01
200800005231,0,7,0,0,2,8,15,B01
200800005232,0,10,0,0,1,7,14,A01
200800005233,0,7,0,0,2,8,10,A01
200800005233,0,33,0,0,2,1,1,B01
200800005234,0,32,0,0,1,1,2,B01
200800005235,0,7,0,1,0,3,2,A01
200800005236,1,7,0,0,1,3,15,A01
200800005237,0,7,0,0,1,2,0,A01
200800005238,0,7,0,0,1,2,2,A01
200800005239,0,36,0,1,0,1,2,A01
200800005240,0,10,0,0,2,1,1,A01
200800005240,0,10,0,0,2,3,15,B01
200800005241,0,7,0,0,1,7,16,A01
200800005242,0,7,0,0,2,2,12,A01
200800005242,0,31,0,0,2,1,2,B01
200800005243,0,32,0,7,0,1,2,A01
200800005244,0,30,0,0,2,0,18,A01
200800005244,0,7,0,0,2,0,22,B01
200800005245,0,32,0,11,0,1,21,A01
200800005246,0,32,0,0,2,8,21,A01
200800005247,1,7,0,0,1,0,1,A01
200800005248,0,7,0,0,2,7,12,A01
200800005248,0,34,0,0,2,8,2,B01
200800005249,0,31,0,0,2,2,1,A01
200800005249,1,7,0,0,0,3,9,B01
200800005250,1,30,0,0,1,1,7,A01
200800005251,0,7,0,15,2,1,14,A01
200800005251,0,7,0,0,2,4,1,B01
200800005252,0,34,0,0,1,1,1,A01
200800005253,0,7,0,0,2,1,2,A01
200800005253,0,7,0,0,2,4,2,B01
200800005253,0,7,0,0,2,4,2,C01
200800005253,0,7,0,0,2,4,2,D01
200800005253,0,7,0,0,0,4,2,E01
200800005254,0,7,0,0,0,3,22,B01
200800005254,0,34,0,1,0,3,18,A01
200800005255,0,7,0,0,2,3,1,B01
200800005255,0,7,0,0,2,3,15,A01
200800005256,0,2,0,0,2,3,1,A01
200800005256,0,7,0,0,2,2,1,B01
200800005257,0,7,0,0,2,6,15,A01
200800005257,0,30,0,0,2,2,1,B01
200800005258,0,2,0,0,2,7,2,A01
200800005258,0,7,0,0,2,6,2,B01
200800005258,0,7,0,0,2,6,23,C01
200800005259,0,7,0,1,1,1,1,A01
200800005260,0,33,0,0,1,2,1,A01
200800005261,0,7,0,0,2,3,15,A01
200800005261,0,33,0,0,2,2,17,B01
200800005262,0,30,0,0,2,1,17,A01
200800005262,0,7,0,0,2,8,15,B01
200800005263,0,32,0,0,0,1,1,B01
200800005263,0,7,0,0,0,6,10,A01
200800005264,0,30,0,0,0,1,1,B01
200800005264,0,1,0,0,0,3,11,A01
200800005265,0,7,0,0,0,0,2,A01
200800005265,0,7,0,0,0,0,2,B01
200800005265,0,7,0,0,0,0,2,C01
200800005266,0,34,0,0,2,8,1,B01
200800005266,0,7,0,0,2,8,10,A01
200800005267,0,37,5,0,0,7,0,A01
200800005268,0,7,0,0,0,4,23,B01
200800005268,0,2,0,0,2,1,2,A01
200800005269,0,7,0,0,2,1,2,A01
200800005269,0,7,0,0,2,4,2,B01
200800005270,0,32,0,0,2,7,1,A01
200800005270,0,7,0,0,2,1,1,B01
200800005271,0,30,0,0,2,2,13,A01
200800005271,0,7,0,0,2,3,23,B01
200800005272,0,34,0,0,2,0,21,A01
200800005273,0,2,0,0,0,3,5,A01
200800005274,0,32,0,0,0,3,18,A01
200800005274,1,15,0,0,2,5,16,B01
200800005275,0,34,0,0,1,3,11,A01
200800005276,0,7,0,0,2,3,15,A01
200800005276,0,30,0,1,0,1,1,B01
200800005277,0,7,0,0,1,8,15,A01
200800005278,0,30,0,0,0,0,21,A01
200800005279,0,7,0,0,0,1,1,A01
200800005279,0,7,0,0,0,4,24,B01
200800005280,1,32,0,0,1,1,1,A01
200800005281,0,31,0,0,2,1,2,A01
200800005281,0,7,0,0,2,4,23,B01
200800005282,0,7,0,5,0,2,1,A01
200800005283,0,33,0,0,2,3,3,B01
200800005283,0,7,0,0,2,5,12,A01
200800005284,0,10,0,0,9,7,16,A01
200800005284,0,1,0,0,2,8,7,B01
200800005285,0,32,0,0,2,1,2,A01
200800005285,0,7,0,0,2,4,23,B01
200800005286,0,2,0,0,2,1,18,A01
200800005286,0,7,0,0,2,7,16,B01
200800005287,0,2,0,0,1,1,1,A01
200800005288,0,30,0,0,2,7,17,B01
200800005288,0,7,0,0,2,3,13,A01
200800005289,0,7,0,0,1,2,1,A01
200800005290,0,2,0,0,2,1,1,B01
200800005290,0,7,0,0,2,3,9,A01
200800005291,0,7,0,0,2,6,9,A01
200800005291,0,30,0,0,2,1,1,B01
200800005292,0,32,0,0,1,1,0,A01
200800005293,0,7,0,0,1,4,4,A01
200800005294,0,32,0,0,0,0,1,A01
200800005295,0,7,0,0,1,1,15,A01
200800005296,0,7,0,0,2,7,12,A01
200800005296,0,32,0,0,2,8,1,B01
200800005297,0,38,8,0,2,7,22,A01
200800005297,0,1,0,1,0,1,18,B01
200800005298,0,32,0,0,2,1,1,B01
200800005298,0,7,0,0,2,7,1,A01
200800005299,0,7,0,5,0,3,1,A01
200800005300,0,10,0,0,0,4,2,B01
200800005300,0,7,0,0,2,1,2,A01
200800005300,0,7,0,0,2,1,2,C01
200800005301,0,7,0,0,2,1,0,A01
200800005301,0,7,0,0,2,2,0,B01
200800005302,0,7,0,0,1,3,1,A01
200800005303,0,1,0,12,2,0,2,A01
200800005303,0,37,10,0,9,0,17,B01
200800005304,0,33,0,1,1,1,21,B01
200800005304,0,7,0,0,0,7,1,C01
200800005304,0,7,0,1,0,4,24,A01
200800005305,0,30,0,0,0,0,0,A01
200800005306,0,7,0,0,1,4,4,A01
200800005307,0,30,0,0,1,7,2,A01
200800005308,1,7,0,0,2,5,11,B01
200800005308,0,30,0,0,2,3,2,A01
200800005309,0,32,0,0,0,8,1,A01
200800005310,0,32,0,0,2,1,1,A01
200800005310,0,7,0,0,2,7,16,B01
200800005311,0,30,0,14,1,0,21,A01
200800005312,0,31,0,1,2,1,21,A01
200800005313,0,7,0,0,0,1,15,A01
200800005314,0,7,0,0,1,1,16,A01
200800005315,0,14,0,0,2,3,2,A01
200800005315,0,32,0,0,0,4,2,B01
200800005316,0,7,0,0,1,2,1,A01
200800005317,0,7,0,0,2,1,2,A01
200800005317,0,7,0,0,2,4,2,B01
200800005317,0,7,0,0,0,4,2,D01
200800005317,0,7,0,0,2,4,2,C01
200800005318,0,30,0,0,0,0,0,B01
200800005318,0,32,0,0,0,8,0,A01
200800005319,0,2,0,0,0,7,0,A01
200800005320,0,7,0,15,1,1,1,A01
200800005321,0,7,0,0,2,3,1,A01
200800005321,0,30,0,0,2,7,1,B01
200800005322,0,33,0,4,0,2,2,A01
200800005323,0,7,0,0,2,8,22,A01
200800005323,0,37,50,1,0,5,1,B01
200800005324,0,7,0,0,2,3,10,A01
200800005324,0,32,0,0,0,1,1,B01
200800005325,0,7,0,0,2,3,1,B01
200800005325,0,7,0,0,2,2,1,A01
200800005326,0,7,0,0,2,2,1,A01
200800005326,0,7,0,0,2,8,1,B01
200800005327,0,7,0,0,2,8,10,A01
200800005327,0,7,0,0,2,1,1,B01
200800005328,0,1,0,0,1,1,2,A01
200800005329,0,7,0,0,0,8,16,B01
200800005329,0,34,0,0,2,1,1,A01