Num_Acc,senc,catv,occutc,obs,obsm,choc,manv,num_veh
200800005330,0,7,0,0,0,2,5,A01
200800005330,0,7,0,0,2,1,1,B01
200800005331,0,10,0,0,1,1,20,A01
200800005332,0,7,0,0,2,3,13,A01
200800005332,0,30,0,0,2,7,17,B01
200800005333,0,10,0,1,2,1,2,A01
200800005333,0,7,0,0,2,1,2,B01
200800005333,0,7,0,0,0,4,23,C01
200800005334,0,32,0,0,2,1,17,A01
200800005334,0,7,0,0,2,8,10,B01
200800005335,0,34,0,0,1,2,1,A01
200800005336,0,7,0,0,1,6,4,A01
200800005337,0,34,0,15,2,7,1,B01
200800005337,0,10,0,0,2,8,15,A01
200800005338,0,1,0,0,0,4,2,B01
200800005338,0,7,0,0,0,2,2,A01
200800005339,0,33,0,14,2,0,21,A01
200800005340,0,33,0,0,1,0,1,A01
200800005341,2,7,0,0,1,3,1,A01
200800005342,0,33,0,15,0,1,1,A01
200800005342,0,7,0,0,0,3,15,B01
200800005343,0,7,0,0,1,1,16,A01
200800005344,0,31,0,0,1,1,0,A01
200800005345,0,7,0,0,2,2,15,A01
200800005345,0,1,0,0,2,1,1,B01
200800005346,0,32,0,0,1,1,2,A01
200800005347,0,7,0,0,2,6,11,A01
200800005347,0,33,0,0,0,2,1,B01
200800005348,0,32,0,0,0,8,3,A01
200800005348,0,34,0,0,2,7,0,B01
200800005349,0,7,0,0,0,5,12,A01
200800005349,0,33,0,0,2,1,3,B01
200800005350,0,7,0,0,2,3,15,B01
200800005350,0,33,0,0,2,2,7,A01
200800005351,0,7,0,0,0,8,10,A01
200800005351,0,33,0,0,2,1,1,B01
200800005352,0,7,0,0,2,4,4,A01
200800005352,0,2,0,1,2,1,1,B01
200800005353,0,10,0,0,2,1,2,A01
200800005353,0,20,0,0,0,4,2,B01
200800005354,0,32,0,14,0,7,1,A01
200800005355,0,10,0,0,0,0,15,B01
200800005355,0,30,0,0,2,8,1,A01
200800005356,0,7,0,0,2,7,22,A01
200800005356,0,1,0,0,2,1,1,B01
200800005357,0,7,0,0,0,4,23,B01
200800005357,0,7,0,0,2,2,2,A01
200800005358,0,30,0,0,1,3,2,A01
200800005359,0,7,0,0,0,3,15,A01
200800005360,0,32,0,0,2,1,1,A01
200800005360,0,7,0,0,2,5,1,B01
200800005361,0,1,0,0,0,7,17,A01
200800005361,0,1,0,0,0,8,1,B01
200800005362,0,2,0,0,0,2,1,A01
200800005363,0,7,0,0,1,2,1,A01
200800005364,0,7,0,0,2,2,15,A01
200800005364,0,30,0,0,2,3,1,B01
200800005365,2,7,0,0,2,1,2,C01
200800005365,0,7,0,0,0,6,23,A01
200800005365,0,7,0,0,0,6,23,B01
200800005366,0,10,0,0,2,1,1,B01
200800005366,0,2,0,0,2,7,1,A01
200800005367,0,1,0,1,1,1,1,A01
200800005368,0,32,0,0,1,1,1,A01
200800005369,1,34,0,0,1,0,0,A01
200800005370,0,7,0,1,0,3,16,B01
200800005370,2,7,0,0,2,2,1,A01
200800005371,0,7,0,0,1,6,1,A01
200800005372,0,32,0,0,1,3,1,A01
200800005373,0,1,0,0,0,1,7,A01
200800005374,0,2,0,0,0,0,0,A01
200800005375,0,7,0,1,1,2,1,A01
200800005376,1,7,0,0,0,0,0,A01
200800005377,0,32,0,0,2,1,1,B01
200800005377,0,1,0,0,2,1,15,A01
200800005378,0,7,0,0,2,2,1,A01
200800005378,0,34,0,0,2,3,1,B01
200800005379,0,31,0,0,1,1,0,A01
200800005380,0,7,0,0,1,1,1,A01
200800005381,0,33,0,0,2,1,17,A01
200800005381,0,3,0,0,9,3,10,B01
200800005382,0,33,0,0,2,4,1,A01
200800005382,0,7,0,0,2,3,1,B01
200800005382,1,7,0,0,0,0,0,C01
200800005383,0,7,0,0,0,2,16,A01
200800005383,0,2,0,1,0,1,1,B01
200800005384,0,33,0,0,0,8,1,A01
200800005385,0,30,0,0,2,8,11,A01
200800005385,0,7,0,0,2,7,1,B01
200800005386,0,32,0,0,1,1,1,A01
200800005387,0,7,0,14,2,6,7,B01
200800005387,0,10,0,0,2,2,16,A01
200800005388,0,7,0,0,2,3,2,A01
200800005388,0,7,0,0,2,3,2,B01
200800005388,0,7,0,0,0,4,2,C01
200800005389,0,1,0,0,1,1,1,A01
200800005390,0,10,0,0,0,3,22,A01
200800005390,0,1,0,1,2,2,1,B01
200800005391,0,30,0,0,0,4,1,B01
200800005391,0,33,0,0,2,1,18,A01
200800005392,0,7,0,0,2,6,20,A01
200800005392,0,31,0,0,2,1,9,B01
200800005393,0,2,0,0,2,1,5,A01
200800005393,0,7,0,0,0,1,1,B01
200800005394,0,33,0,11,0,1,21,A01
200800005395,0,32,0,0,2,2,18,A01
200800005395,0,7,0,0,9,2,16,B01
200800005396,0,7,0,0,2,3,15,A01
200800005396,0,30,0,0,2,1,1,B01
200800005397,0,32,0,0,2,3,1,B01
200800005397,0,7,0,0,0,1,1,A01
200800005398,0,33,0,0,2,7,2,B01
200800005398,0,10,0,0,2,3,2,A01
200800005399,0,7,0,0,2,3,10,A01
200800005399,0,31,0,0,2,2,17,B01
200800005400,0,7,0,0,1,3,1,A01
200800005401,0,7,0,0,1,2,16,A01
200800005402,0,32,0,0,1,1,1,A01
200800005403,0,32,0,0,2,6,1,B01
200800005403,0,10,0,0,2,2,1,A01
200800005404,0,7,0,0,1,3,1,A01
200800005405,0,34,0,0,2,8,15,A01
200800005405,0,32,0,0,2,8,17,B01
200800005406,0,30,0,0,0,3,18,A01
200800005407,0,7,0,1,0,1,1,B01
200800005407,0,1,0,1,2,3,9,A01
200800005408,0,10,0,0,0,0,5,A01
200800005408,0,33,0,0,0,1,1,B01
200800005409,0,32,0,0,1,3,1,A01
200800005410,0,7,0,0,1,2,1,A01
200800005411,0,2,0,0,2,1,7,A01
200800005411,0,13,0,0,0,6,7,B01
200800005412,0,30,0,1,0,1,0,A01
200800005413,0,7,0,15,0,1,1,A01
200800005414,0,30,0,0,2,7,17,A01
200800005414,0,7,0,0,0,8,13,B01
200800005415,0,31,0,0,1,1,17,A01
200800005416,0,7,0,0,2,1,1,A01
200800005417,0,2,0,0,2,1,1,A01
200800005418,0,7,0,0,2,5,16,B01
200800005418,0,31,0,0,2,1,18,A01
200800005419,0,30,0,0,0,0,1,A01
200800005420,0,30,0,0,1,1,1,A01
200800005421,0,7,0,0,2,2,1,A01
200800005421,0,32,0,0,0,1,1,B01
200800005422,0,31,0,0,1,2,1,A01
200800005423,0,34,0,0,0,0,5,A01
200800005423,0,7,0,0,0,3,13,B01
200800005424,0,33,0,0,2,0,21,A01
200800005425,0,7,0,0,1,6,4,A01
200800005426,0,7,0,0,1,2,1,A01
200800005427,0,32,0,0,1,1,17,A01
200800005428,0,7,0,0,0,0,15,A01
200800005428,0,33,0,0,0,0,17,B01
200800005429,0,3,0,0,2,4,2,B01
200800005429,0,7,0,0,2,1,2,A01
200800005430,0,10,0,11,0,2,21,A01
200800005431,0,7,0,0,2,7,15,A01
200800005431,0,33,0,0,2,1,1,B01
200800005432,0,7,0,0,2,3,15,A01
200800005432,0,2,0,0,2,2,17,B01
200800005433,0,7,0,0,0,5,9,A01
200800005433,0,31,0,0,2,3,1,B01
200800005434,0,32,0,0,0,8,2,A01
200800005435,0,7,0,0,2,6,1,A01
200800005435,1,14,0,0,0,0,0,C01
200800005435,0,32,0,0,2,3,1,B01
200800005436,0,7,0,0,0,5,12,A01
200800005436,0,32,0,0,0,1,1,B01
200800005437,0,33,0,0,2,3,11,A01
200800005437,0,10,0,0,0,5,1,B01
200800005438,0,2,0,1,2,5,17,B01
200800005438,0,7,0,0,2,3,15,A01
200800005439,0,30,0,1,2,2,2,A01
200800005439,0,7,0,0,0,6,23,B01
200800005440,0,7,0,0,2,2,2,A01
200800005440,0,2,0,0,2,4,2,B01
200800005441,0,7,0,0,2,3,22,A01
200800005441,0,1,0,1,0,7,17,B01
200800005442,0,32,0,0,2,2,17,A01
200800005442,0,30,0,0,2,3,15,B01
200800005443,0,7,0,1,0,2,2,A01
200800005444,0,7,0,11,0,3,15,A01
200800005445,0,7,0,0,0,6,2,B01
200800005445,1,7,0,0,2,2,2,A01
200800005446,0,2,0,14,2,3,21,A01
200800005446,0,37,12,14,2,5,7,B01
200800005447,0,7,0,0,2,2,16,A01
200800005447,0,37,21,0,2,3,7,B01
200800005448,0,7,0,0,1,1,1,A01
200800005449,0,31,0,12,0,0,1,A01
200800005450,0,32,0,9,2,6,15,A01
200800005450,0,7,0,9,2,2,17,B01
200800005451,0,7,0,0,9,3,13,A01
200800005451,0,31,0,0,2,2,1,B01
200800005452,0,7,0,0,2,8,15,B01
200800005452,0,33,0,0,2,0,17,A01
200800005453,0,10,0,1,0,3,22,A01
200800005453,0,1,0,1,0,1,17,B01
200800005454,0,7,0,0,2,3,13,A01
200800005454,0,32,0,0,2,1,5,B01
200800005455,0,7,0,0,2,8,13,A01
200800005455,0,33,0,0,2,0,1,B01
200800005456,0,7,0,0,0,1,2,A01
200800005456,0,7,0,0,0,4,23,B01
200800005456,0,7,0,0,0,4,23,C01
200800005457,0,7,0,0,2,6,1,B01
200800005457,0,15,0,0,2,2,12,A01
200800005458,0,33,0,0,2,1,2,A01
200800005458,0,7,0,0,0,4,2,B01
200800005459,0,7,0,0,2,0,2,A01
200800005459,0,2,0,0,2,8,2,B01
200800005460,0,7,0,7,2,6,11,A01
200800005460,0,7,0,0,2,2,1,B01
200800005461,0,7,0,0,0,4,2,A01
200800005461,0,7,0,0,0,1,23,B01
200800005462,0,7,0,0,2,6,15,A01
200800005462,0,30,0,0,2,1,17,B01
200800005463,0,7,0,0,0,3,15,A01
200800005463,0,33,0,0,0,1,17,B01
200800005464,0,7,0,0,0,2,16,A01
200800005464,0,30,0,0,2,8,18,B01
200800005465,0,7,0,0,0,1,1,A01
200800005465,0,30,0,0,2,7,1,B01
200800005465,0,7,0,0,0,1,1,C01
200800005466,0,32,0,15,0,1,13,A01
200800005467,0,33,0,0,0,0,1,A01
200800005468,0,7,0,0,9,8,15,B01
200800005468,0,32,0,0,2,1,1,A01
200800005469,0,34,0,15,0,7,0,A01
200800005470,0,7,0,0,2,3,2,A01
200800005470,0,7,0,1,2,1,2,B01
200800005471,0,10,0,0,1,1,1,A01
200800005472,0,32,0,0,2,9,14,A01
200800005472,0,7,0,0,2,8,2,B01
200800005472,0,7,0,0,2,5,1,C01
200800005472,0,7,0,0,2,8,1,D01
200800005473,0,7,0,0,2,3,1,B01
200800005473,0,7,0,0,2,2,1,A01
200800005474,0,7,0,0,1,1,15,A01
200800005475,0,32,0,0,1,0,21,A01
200800005476,0,32,0,0,2,8,1,A01
200800005476,1,7,0,0,2,5,16,B01
200800005477,0,7,0,0,1,4,4,A01
200800005478,0,7,0,0,2,2,15,A01
200800005478,0,30,0,0,2,1,1,B01
200800005479,0,7,0,0,2,2,15,A01
200800005479,0,30,0,0,2,1,1,B01
200800005480,0,31,0,0,0,8,1,A01
200800005481,0,33,0,1,0,2,21,A01
200800005482,0,31,0,0,1,1,1,A01
200800005483,0,7,0,15,2,8,1,B01
200800005483,0,7,0,0,2,8,1,A01
200800005484,0,33,0,0,2,0,21,A01
200800005485,0,2,0,0,1,7,1,A01
200800005486,0,32,0,0,2,3,15,B01
200800005486,0,7,0,0,0,6,2,A01
200800005487,0,7,0,0,1,2,14,A01
200800005488,0,7,0,0,2,2,1,B01
200800005488,0,7,0,16,2,9,1,A01
200800005489,0,31,0,14,0,3,0,A01
200800005490,0,30,0,0,1,0,1,A01
200800005491,0,32,0,0,1,7,21,A01
200800005492,0,30,0,0,2,8,21,A01
200800005493,0,32,0,0,0,3,1,A01
200800005494,0,7,0,0,1,1,15,A01
200800005495,0,7,0,0,1,1,7,A01
200800005496,0,30,0,0,0,7,1,B01
200800005496,0,30,0,0,2,1,1,A01
200800005497,0,7,0,0,2,1,2,B01
200800005497,0,7,0,0,0,4,2,C01
200800005497,0,7,0,0,0,0,2,A01
200800005498,0,7,0,0,2,1,13,A01
200800005498,0,7,0,0,0,1,1,B01
200800005499,0,30,0,12,2,8,13,A01
200800005499,0,1,0,0,2,8,17,B01
200800005500,0,7,0,0,0,1,2,A01
200800005500,0,7,0,0,0,4,23,B01
200800005501,0,34,0,0,0,8,21,A01
200800005502,0,31,0,0,0,0,21,A01
200800005503,0,34,0,0,2,1,2,A01
200800005503,0,10,0,0,0,5,2,B01
200800005504,0,7,0,0,2,7,17,A01
200800005504,0,32,0,0,2,8,1,B01
200800005505,0,32,0,0,1,1,15,A01
200800005506,0,7,0,0,2,8,10,A01
200800005506,0,32,0,0,2,1,1,B01
200800005507,0,31,0,0,1,4,1,A01
200800005508,0,30,0,0,2,2,5,A01
200800005508,0,7,0,0,9,3,15,B01
200800005509,0,32,0,0,1,1,1,A01
200800005510,0,7,0,0,0,6,11,A01
200800005510,0,33,0,0,0,1,1,B01
200800005511,1,13,0,0,0,1,14,C01
200800005511,0,30,0,0,0,8,1,A01
200800005511,0,7,0,0,0,8,1,B01
200800005512,0,1,0,14,0,1,1,A01
200800005513,0,10,0,11,0,3,1,A01
200800005514,0,10,0,0,2,1,2,A01
200800005514,0,7,0,0,2,4,2,B01
200800005515,0,7,100,14,0,1,1,A01
200800005516,0,32,0,14,0,7,7,A01
200800005516,0,7,0,0,2,1,7,B01
200800005517,0,7,0,0,0,6,4,A01
200800005518,0,1,0,0,0,4,12,B01
200800005518,0,7,0,0,0,1,1,A01
200800005519,0,33,0,0,1,0,1,A01
200800005520,0,7,0,0,2,4,2,D01
200800005520,0,7,0,0,2,1,2,A01
200800005520,0,7,0,0,2,4,2,B01
200800005520,0,10,0,0,2,4,2,C01
200800005521,0,32,0,0,2,3,5,A01
200800005521,0,7,0,0,0,6,22,B01
200800005522,0,14,0,0,2,1,2,A01
200800005522,0,7,0,0,2,4,2,B01
200800005523,0,14,0,0,1,1,15,A01
200800005524,0,31,0,0,2,0,18,A01
200800005524,0,7,0,0,2,0,16,B01
200800005525,0,7,0,0,2,2,1,A01
200800005525,0,1,0,12,2,3,1,B01
200800005526,0,31,0,0,2,2,1,A01
200800005526,1,10,0,0,2,8,9,B01
200800005527,0,33,0,0,2,4,2,B01
200800005527,0,30,0,0,2,1,2,A01
200800005528,0,30,0,0,2,4,2,A01
200800005528,0,7,0,0,0,4,2,B01
200800005529,0,7,0,0,0,0,15,A01
200800005530,0,7,0,0,2,7,14,A01
200800005530,0,33,0,0,2,9,18,B01
200800005530,0,10,0,0,2,8,1,C01
200800005531,0,30,0,0,2,1,1,A01
200800005531,0,7,0,0,2,1,9,B01
200800005532,0,33,0,0,0,4,1,A01
200800005532,0,7,0,0,2,2,1,B01
200800005533,0,7,0,0,2,8,1,B01
200800005533,0,7,0,0,2,2,1,A01
200800005534,0,1,0,0,1,1,1,A01
200800005535,0,33,0,0,0,7,1,A01
200800005536,0,30,0,0,2,1,1,B01
200800005536,0,7,0,0,2,3,1,A01
200800005537,0,2,0,0,0,0,18,A01
200800005538,0,7,0,0,1,1,1,A01
200800005539,0,7,0,0,1,1,1,A01
200800005540,0,7,0,0,1,1,7,A01
200800005541,0,7,0,0,9,3,15,B01
200800005541,0,32,0,0,2,1,17,A01
200800005542,0,1,0,0,2,1,1,B01
200800005542,0,7,0,0,0,2,9,A01
200800005543,0,7,0,0,0,3,22,A01
200800005543,0,31,0,1,0,2,1,B01
200800005543,0,7,0,0,2,3,1,C01
200800005544,0,7,0,7,0,3,1,A01
200800005545,0,7,0,0,2,1,2,A01
200800005545,0,33,0,0,2,4,2,B01
200800005545,0,7,0,0,2,4,2,C01
200800005546,0,10,0,0,0,5,12,A01
200800005546,0,31,0,0,2,3,18,B01
200800005547,0,33,0,0,2,1,13,A01
200800005547,0,7,0,0,2,4,1,B01
200800005548,0,33,0,0,0,0,21,A01
200800005549,0,7,0,0,0,1,2,A01
200800005549,0,7,0,0,0,4,2,B01
200800005550,0,32,0,0,1,1,1,A01
200800005551,0,33,0,0,2,8,1,B01
200800005551,0,7,0,0,0,2,12,A01
200800005552,0,3,0,0,2,5,1,A01
200800005552,0,33,0,0,2,1,1,B01
200800005553,0,31,0,0,2,7,1,A01
200800005553,0,7,0,0,2,8,1,B01
200800005554,0,7,0,0,2,1,2,A01
200800005554,0,32,0,0,2,1,6,B01
200800005555,0,30,0,1,2,1,16,A01
200800005555,0,7,0,1,2,1,1,B01
200800005556,0,37,3,0,1,2,1,A01
200800005557,0,7,0,1,1,2,17,A01
200800005557,0,7,0,0,2,3,15,B01
200800005558,0,37,10,1,1,7,0,A01
200800005559,0,7,0,0,0,4,0,D01
200800005559,0,7,0,0,0,5,0,C01
200800005559,0,7,0,0,0,4,0,B01
200800005559,0,7,0,0,0,2,0,A01
200800005560,0,7,0,0,0,0,0,B01
200800005560,0,33,0,0,0,0,3,A01
200800005561,0,10,0,0,2,1,2,C01
200800005561,0,7,0,0,2,4,2,B01
200800005561,0,7,0,0,0,4,2,A01
200800005562,0,14,0,0,0,4,2,E01
200800005562,0,7,0,0,0,2,0,D01
200800005562,0,7,0,0,0,4,2,C01
200800005562,0,10,0,0,0,4,2,B01
200800005562,0,7,0,0,0,1,2,A01
200800005563,0,7,0,0,2,6,0,C01
200800005563,0,7,0,0,2,7,0,B01
200800005563,0,7,0,0,2,1,0,A01
200800005564,0,7,0,0,0,1,0,A01
200800005565,0,7,0,4,0,1,0,A01
200800005566,0,10,0,3,0,2,0,A01
200800005567,0,33,0,0,2,2,3,B01
200800005567,0,7,0,0,2,6,11,A01
200800005568,0,7,0,0,2,8,0,B01
200800005568,0,34,0,0,2,7,0,A01
200800005569,0,32,0,0,0,8,0,A01
200800005570,0,7,0,0,2,4,2,D01
200800005570,0,7,0,0,2,4,2,C01
200800005570,0,7,0,0,2,4,2,B01
200800005570,0,7,0,0,2,1,2,A01
200800005571,0,17,0,0,0,0,0,B01
200800005571,0,7,0,0,0,0,0,A01
200800005572,0,17,0,0,2,5,12,A01
200800005572,0,10,0,0,2,1,1,C01
200800005572,0,10,0,3,2,3,1,B01
200800005573,0,7,0,0,2,1,0,B01
200800005573,0,7,0,0,0,4,0,A01
200800005574,0,7,0,0,2,1,0,B01
200800005574,0,7,0,0,0,0,0,A01
200800005575,0,34,0,0,0,0,1,A01
200800005576,0,7,0,13,0,9,1,A01
200800005577,0,10,0,4,2,3,11,B01
200800005577,0,7,0,0,2,6,1,A01
200800005578,0,7,0,5,0,1,0,A01
200800005579,0,7,0,0,2,1,0,B01
200800005579,0,7,0,4,0,1,0,A01
200800005580,0,15,0,0,2,3,0,B01
200800005580,0,7,0,3,2,3,0,A01
200800005581,0,7,0,0,0,1,2,A01
200800005582,0,7,0,0,2,9,19,B01
200800005582,0,15,0,0,0,4,2,A01
200800005583,0,7,0,3,0,1,1,A01
200800005584,0,7,0,4,2,1,2,C01
200800005584,0,7,0,0,2,4,2,B01
200800005584,0,10,0,0,2,4,2,A01
200800005585,0,7,0,0,2,4,0,B01
200800005585,0,7,0,0,2,1,0,A01
200800005586,0,7,0,0,0,4,0,A01
200800005586,1,14,0,0,0,1,0,B01
200800005587,0,7,0,0,0,1,0,A01
200800005588,0,7,0,4,0,3,1,A01
200800005589,0,7,0,4,0,1,0,A01
200800005590,0,7,0,13,0,1,21,A01
200800005591,0,7,0,0,0,2,1,C01
200800005591,0,7,0,0,0,4,1,B01
200800005591,0,7,0,0,2,1,12,A01
200800005592,0,7,0,0,0,8,2,B01
200800005592,0,31,0,0,2,7,1,A01
200800005593,0,7,0,4,0,3,21,A01
200800005594,0,15,0,0,2,8,3,B01
200800005594,0,7,0,4,2,1,3,A01
200800005595,0,7,0,0,9,9,0,A01
200800005596,0,7,0,4,0,1,2,A01
200800005597,0,31,0,0,2,1,2,B01
200800005597,0,7,0,0,0,6,1,A01
200800005598,0,33,0,0,2,8,2,B01
200800005598,0,7,0,0,2,3,11,A01
200800005599,0,33,0,0,2,1,2,C01
200800005599,0,7,0,0,9,1,1,B01
200800005599,0,10,0,0,0,0,2,A01
200800005600,0,7,0,7,0,1,1,A01
200800005601,0,7,0,13,0,9,1,A01
200800005602,0,7,0,0,2,5,12,A01
200800005602,0,32,0,0,2,1,3,B01
200800005603,0,7,0,13,0,2,14,A01
200800005604,0,7,0,6,0,2,1,A01
200800005605,0,33,0,0,0,8,1,A01
200800005606,0,33,0,0,2,8,3,C01
200800005606,0,10,0,0,2,7,1,B01
200800005606,0,7,0,0,2,6,11,A01
200800005607,0,7,0,14,0,0,21,C01
200800005607,0,7,0,0,0,0,21,B01
200800005607,0,7,0,4,9,9,12,A01
200800005608,0,15,0,4,2,1,0,A01
200800005608,0,7,0,0,2,1,2,B01
200800005608,0,7,0,0,0,0,2,C01
200800005609,0,7,0,0,2,2,14,A01
200800005609,0,33,0,0,0,8,1,B01
200800005610,0,7,0,0,0,0,0,A01
200800005611,0,10,0,4,2,2,2,A01
200800005611,1,15,0,0,2,2,12,B01
200800005612,0,32,0,0,0,0,3,A01
200800005613,0,7,0,0,0,6,0,A01
200800005613,0,15,0,0,2,2,21,B01
200800005614,0,7,0,0,2,4,2,A01
200800005614,0,7,0,0,2,4,2,B01
200800005614,0,7,0,0,2,1,2,C01
200800005615,0,7,0,0,2,1,2,A01
200800005615,0,10,0,0,2,1,2,B01
200800005615,0,10,0,0,2,1,2,C01
200800005615,0,7,0,0,2,1,2,D01
200800005616,0,7,0,0,2,1,2,A01
200800005616,0,7,0,0,2,4,2,B01
200800005616,0,7,0,0,2,8,2,C01
200800005617,0,10,0,0,2,3,19,A01
200800005617,0,7,0,3,2,5,1,B01
200800005618,0,7,0,0,2,2,1,A01
200800005619,0,7,0,4,0,3,1,A01
200800005620,0,33,0,0,0,8,2,A01
200800005621,0,7,0,0,2,1,2,A01
200800005621,0,7,0,0,0,4,2,B01
200800005622,0,7,0,0,0,6,1,A01
200800005622,0,7,0,0,2,2,14,B01
200800005623,0,7,0,0,2,4,0,A01
200800005623,0,7,0,0,2,1,2,B01
200800005624,0,33,0,0,0,0,2,A01
200800005625,0,7,0,0,2,4,2,A01
200800005625,0,15,0,0,2,7,12,B01
200800005626,0,7,0,0,0,4,2,A01
200800005626,0,10,0,0,2,1,2,B01
200800005627,0,7,0,0,2,1,0,A01
200800005627,0,15,0,0,2,2,1,B01
200800005628,0,7,0,0,2,2,1,A01
200800005628,0,33,0,0,2,8,2,B01
200800005629,0,7,0,3,0,3,0,A01
200800005630,0,7,0,0,0,4,2,A01
200800005630,0,7,0,0,2,1,2,B01
200800005631,0,7,0,0,0,1,0,A01
200800005632,0,7,0,0,0,0,0,A01
200800005632,0,7,0,0,0,0,0,B01
200800005633,0,7,0,0,0,0,0,A01
200800005633,0,7,0,0,0,0,0,B01
200800005634,0,7,0,0,0,0,0,A01
200800005634,0,10,0,0,0,0,0,B01
200800005634,0,7,0,0,0,0,0,C01
200800005634,0,10,0,0,0,0,0,D01
200800005635,0,7,0,0,0,0,0,A01
200800005636,0,7,0,0,0,0,0,A01
200800005636,0,7,0,0,0,0,0,B01
200800005636,0,7,0,0,0,0,0,C01
200800005636,0,7,0,0,0,0,0,D01
200800005637,0,7,0,0,1,0,0,A01
200800005638,0,7,0,4,0,0,0,A01
200800005639,0,7,0,0,0,0,0,A01
200800005640,0,7,0,0,0,0,0,A01
200800005640,0,7,0,0,0,0,0,B01
200800005641,0,7,0,0,0,0,0,A01
200800005641,0,17,0,0,0,0,0,B01
200800005642,0,17,0,0,1,0,0,A01
200800005643,0,17,0,0,0,0,0,A01
200800005643,0,33,0,0,2,1,1,B01
200800005644,0,7,0,0,0,0,0,A01
200800005645,0,7,0,3,0,0,0,A01
200800005646,0,7,0,0,0,0,0,A01
200800005646,0,15,0,0,0,0,0,B01
200800005646,0,7,0,0,0,0,0,C01
200800005646,0,7,0,0,2,1,1,D01
200800005647,0,7,0,0,2,1,0,A01
200800005647,0,7,0,0,2,4,0,B01
200800005648,0,7,0,0,0,0,0,A01
200800005648,0,7,0,0,0,0,0,B01
200800005648,0,7,0,0,0,0,0,C01
200800005649,0,10,0,0,0,0,0,A01
200800005649,0,10,0,0,0,0,0,B01
200800005650,0,7,0,0,0,0,0,A01
200800005651,0,7,0,0,0,0,0,A01
200800005651,0,7,0,0,0,0,0,B01
200800005652,0,10,0,0,0,0,0,A01
200800005652,0,7,0,0,0,0,0,B01
200800005652,0,7,0,0,0,0,0,C01
200800005652,0,10,0,0,0,0,0,D01
200800005653,0,10,0,0,0,0,0,A01
200800005653,0,7,0,0,0,0,0,B01
200800005654,0,7,0,0,0,0,0,A01
200800005655,0,7,0,0,0,0,0,A01
200800005656,0,10,0,0,2,1,0,A01
200800005656,0,7,0,0,2,4,0,B01
200800005657,0,7,0,0,0,0,0,A01
200800005657,0,7,0,0,0,0,0,B01
200800005658,0,7,0,3,0,0,0,A01
200800005659,0,10,0,0,2,0,0,A01
200800005659,0,17,0,0,2,0,0,B01
200800005660,0,7,0,0,0,0,0,A01
200800005661,0,7,0,0,0,0,0,A01
200800005662,0,7,0,4,0,0,0,A01
200800005663,0,7,0,0,2,1,0,A01
200800005663,0,7,0,0,2,4,0,B01
200800005664,0,7,0,0,0,0,0,A01
200800005664,0,33,0,0,0,0,0,B01
200800005665,0,7,0,0,2,1,1,A01
200800005665,0,10,0,0,0,4,2,B01
200800005666,0,7,0,0,2,0,17,A01
200800005666,0,14,0,0,2,0,7,B01
200800005667,0,7,0,0,0,0,0,A01
200800005667,0,7,0,0,2,0,0,F01
200800005667,0,7,0,0,0,0,0,B01
200800005667,0,7,0,0,0,0,0,C01
200800005667,0,7,0,0,0,0,0,D01
200800005667,0,7,0,0,0,0,0,E01
200800005668,0,7,0,0,0,0,0,A01
200800005669,0,7,0,4,0,0,0,A01
200800005670,0,10,0,0,0,0,0,A01
200800005670,0,7,0,0,0,0,0,B01
200800005670,0,7,0,0,0,0,0,C01
200800005671,0,7,0,0,0,0,0,A01
200800005671,0,7,0,0,0,0,0,B01
200800005672,0,7,0,0,0,0,0,A01
200800005673,0,7,0,0,0,0,0,A01
200800005674,0,7,0,0,0,0,0,A01
200800005675,0,17,0,0,0,0,0,A01
200800005675,0,7,0,0,0,0,0,F01
200800005675,0,17,0,0,0,0,0,B01
200800005675,0,7,0,0,0,0,0,C01
200800005675,0,7,0,0,0,0,0,D01
200800005675,0,7,0,0,0,0,0,E01
200800005676,0,33,0,0,2,8,0,A01
200800005676,0,7,0,0,2,7,12,B01
200800005676,0,13,0,0,2,4,0,C01
200800005677,0,7,0,0,0,0,0,A01
200800005677,0,7,0,0,0,0,0,B01
200800005677,0,7,0,0,0,0,0,C01
200800005678,0,17,0,13,0,0,0,A01
200800005679,0,33,0,0,2,0,0,A01
200800005679,1,7,0,0,0,0,0,B01
200800005680,0,7,0,0,2,1,0,A01
200800005680,0,7,0,0,2,4,0,B01
200800005681,0,17,0,1,0,0,0,A01
200800005681,0,7,0,0,2,0,0,B01
200800005682,0,10,0,0,2,0,0,A01
200800005682,0,10,0,0,2,0,0,B01
200800005683,0,7,0,0,0,0,0,A01
200800005684,0,7,0,0,0,0,0,A01
200800005685,0,7,0,0,0,0,0,A01
200800005686,0,7,0,3,0,0,0,A01
200800005687,0,7,0,3,0,0,0,A01
200800005688,0,10,0,0,0,0,0,A01
200800005689,0,7,0,0,0,0,0,A01
200800005689,0,7,0,0,0,0,0,B01
200800005689,0,7,0,0,0,0,0,C01
200800005690,0,17,0,0,2,1,0,A01
200800005690,0,17,0,0,2,4,0,B01
200800005691,0,7,0,0,2,1,2,A01
200800005691,0,17,0,0,2,4,2,B01
200800005692,0,17,0,0,2,1,2,A01
200800005692,0,17,0,0,2,4,2,B01
200800005693,0,17,0,0,2,0,12,A01