Num_Acc,senc,catv,occutc,obs,obsm,choc,manv,num_veh
200800005693,0,7,0,0,2,8,2,B01
200800005694,0,7,0,3,0,0,0,A01
200800005695,0,33,0,0,0,0,0,A01
200800005695,0,7,0,0,0,0,0,B01
200800005696,0,7,0,0,0,0,0,A01
200800005696,0,7,0,0,0,0,0,B01
200800005697,0,17,0,0,2,1,2,A01
200800005697,0,7,0,0,0,4,2,B01
200800005698,0,7,0,0,2,3,2,A01
200800005698,0,7,0,0,2,5,2,B01
200800005699,0,7,0,4,0,2,2,A01
200800005700,0,7,0,4,0,2,2,A01
200800005701,0,7,0,4,0,1,2,A01
200800005702,0,7,0,0,2,1,2,A01
200800005702,0,7,0,0,2,4,2,B01
200800005702,0,7,0,0,0,4,2,C01
200800005703,0,15,0,0,2,1,12,A01
200800005703,0,10,0,0,2,8,2,B01
200800005704,0,17,0,0,2,2,12,A01
200800005704,0,7,0,0,0,6,2,B01
200800005705,0,15,0,0,1,2,2,A01
200800005706,0,7,0,0,2,4,2,B01
200800005707,0,7,0,3,0,3,2,A01
200800005707,0,7,0,14,0,8,2,B01
200800005708,0,33,0,0,0,7,2,A01
200800005709,0,7,0,4,0,1,2,A01
200800005709,0,7,0,0,2,3,2,B01
200800005710,0,7,0,0,2,6,11,A01
200800005710,0,33,0,0,2,1,2,B01
200800005711,0,7,0,4,0,1,2,A01
200800005712,0,7,0,4,0,1,2,A01
200800005713,0,10,0,0,2,2,2,A01
200800005713,0,7,0,0,2,6,2,B01
200800005714,0,33,0,0,0,7,12,A01
200800005714,0,7,0,0,2,1,2,B01
200800005715,0,10,0,0,2,2,12,A01
200800005715,0,7,0,0,2,8,2,B01
200800005715,0,7,0,0,2,3,2,C01
200800005716,0,7,0,4,2,3,2,A01
200800005716,0,7,0,0,2,1,2,B01
200800005717,0,17,0,4,0,8,2,A01
200800005718,0,7,0,0,2,1,2,A01
200800005718,0,17,0,0,0,4,2,B01
200800005719,0,15,0,0,2,1,12,A01
200800005719,0,10,0,0,2,8,2,B01
200800005720,0,7,0,0,2,1,2,A01
200800005720,0,7,0,0,2,4,0,B01
200800005720,0,7,0,0,0,4,2,C01
200800005721,0,7,0,0,2,1,2,E01
200800005721,0,10,0,0,2,4,2,D01
200800005721,0,7,0,0,2,4,2,C01
200800005721,0,10,0,0,2,4,2,B01
200800005721,0,38,9,0,0,4,23,A01
200800005722,0,7,0,0,2,1,2,D01
200800005722,0,7,0,0,2,0,2,C01
200800005722,0,7,0,0,2,1,1,A01
200800005722,0,7,0,0,0,4,12,B01
200800005723,0,7,0,0,2,1,2,D01
200800005723,0,7,0,0,2,1,2,C01
200800005723,0,7,0,0,2,4,23,B01
200800005723,0,7,0,0,0,4,23,A01
200800005724,0,7,0,13,2,1,2,C01
200800005724,0,7,0,0,2,1,2,B01
200800005724,0,7,0,0,0,4,1,A01
200800005725,0,7,0,4,2,2,14,A01
200800005725,0,7,0,0,2,2,21,C01
200800005725,0,7,0,0,2,2,1,B01
200800005726,0,7,0,0,2,4,23,B01
200800005726,0,7,0,0,2,1,2,D01
200800005726,0,7,0,0,2,1,2,C01
200800005726,0,7,0,0,0,5,23,A01
200800005727,0,17,0,0,2,1,2,C01
200800005727,0,7,0,0,2,4,1,B01
200800005727,0,7,0,0,0,4,1,A01
200800005728,0,7,0,3,2,3,2,A01
200800005728,0,7,0,3,2,1,2,B01
200800005729,0,7,0,3,0,2,1,A01
200800005730,0,7,0,0,0,1,1,A01
200800005731,0,7,0,4,2,1,2,A01
200800005731,0,7,0,0,2,4,2,B01
200800005732,2,7,0,0,2,1,5,A01
200800005732,0,7,0,0,2,1,1,B01
200800005733,0,7,0,4,2,3,17,A01
200800005733,0,7,0,0,2,8,1,B01
200800005734,0,7,0,4,0,3,1,A01
200800005735,0,7,0,3,0,1,21,A01
200800005735,0,7,0,0,2,1,1,B01
200800005736,0,7,0,0,2,1,9,A01
200800005736,0,15,0,0,0,4,1,B01
200800005737,0,10,0,0,2,1,2,A01
200800005737,0,7,0,0,0,4,2,B01
200800005738,0,7,0,0,0,9,1,A01
200800005739,0,7,0,4,0,1,17,A01
200800005740,0,15,0,0,2,2,12,A01
200800005740,0,7,0,0,0,8,1,B01
200800005741,0,10,0,4,0,3,1,A01
200800005742,0,17,0,3,2,3,11,A01
200800005742,0,17,0,0,2,5,1,B01
200800005743,0,7,0,13,0,9,2,A01
200800005743,0,7,0,0,0,0,0,B01
200800005744,0,7,0,4,0,1,1,A01
200800005745,0,7,0,4,2,2,0,A01
200800005745,0,7,0,0,2,3,0,B01
200800005746,1,14,0,0,2,1,2,A01
200800005746,0,7,0,3,0,4,2,B01
200800005747,0,15,0,0,2,2,12,A01
200800005747,0,7,0,3,0,8,1,B01
200800005748,0,13,0,0,2,2,9,A01
200800005748,0,7,0,4,2,3,1,B01
200800005749,0,10,0,0,2,4,2,E01
200800005749,0,7,0,0,2,6,2,D01
200800005749,0,7,0,0,2,8,23,C01
200800005749,0,7,0,0,2,8,23,B01
200800005749,2,7,0,1,2,2,14,A01
200800005750,0,7,0,3,2,1,4,B01
200800005750,0,7,0,0,2,1,2,A01
200800005751,0,7,0,0,2,8,21,C01
200800005751,0,7,0,0,0,4,0,B01
200800005751,0,7,0,3,0,7,0,A01
200800005752,0,7,0,0,2,1,2,C01
200800005752,0,7,0,0,2,4,2,B01
200800005752,0,7,0,0,2,4,2,A01
200800005753,0,7,0,4,0,3,13,A01
200800005754,0,7,0,3,0,8,13,A01
200800005754,0,7,0,0,9,1,1,B01
200800005755,0,7,0,0,0,1,1,A01
200800005756,0,7,0,4,0,1,1,A01
200800005757,0,7,0,4,0,3,1,A01
200800005758,0,7,0,7,0,1,1,A01
200800005759,0,7,0,4,0,1,0,A01
200800005760,0,7,0,0,2,1,2,C01
200800005760,0,7,0,0,2,0,2,B01
200800005760,0,7,0,0,2,4,2,A01
200800005761,0,7,0,3,0,7,1,A01
200800005762,0,10,0,3,0,2,1,A01
200800005763,0,7,0,0,2,1,2,C01
200800005763,0,7,0,0,2,4,2,B01
200800005763,0,10,0,0,0,4,2,A01
200800005764,0,7,0,0,2,5,12,B01
200800005764,0,34,0,0,2,8,2,A01
200800005765,0,33,0,0,9,1,1,C01
200800005765,0,7,0,0,9,7,1,B01
200800005765,0,17,0,0,0,0,1,A01
200800005766,0,7,0,14,0,1,17,A01
200800005767,0,7,0,3,0,1,1,A01
200800005768,0,7,0,4,0,1,13,A01
200800005769,0,7,0,0,0,4,2,A01
200800005769,0,7,0,1,0,1,2,B01
200800005770,0,7,0,0,2,1,2,B01
200800005770,0,7,0,0,0,4,2,A01
200800005771,0,7,0,0,0,9,1,A01
200800005772,0,7,0,0,2,2,17,B01
200800005772,0,7,0,0,0,8,1,A01
200800005773,0,10,0,0,2,3,1,C01
200800005773,0,10,0,0,2,1,1,B01
200800005773,0,10,0,0,0,4,1,A01
200800005774,0,10,0,0,2,1,12,B01
200800005774,0,7,0,0,2,4,1,A01
200800005775,0,7,0,0,2,1,2,C01
200800005775,0,7,0,0,2,4,2,B01
200800005775,0,7,0,0,2,4,2,A01
200800005776,0,7,0,0,2,2,1,B01
200800005776,0,7,0,3,2,6,11,A01
200800005777,1,7,0,0,0,0,0,A01
200800005777,0,7,0,3,2,8,1,B01
200800005778,0,7,0,1,0,2,14,A01
200800005779,0,7,0,0,2,1,1,D01
200800005779,0,7,0,0,0,8,0,C01
200800005779,0,7,0,3,2,2,1,B01
200800005779,0,7,0,0,0,6,0,A01
200800005780,0,7,0,0,2,1,1,B01
200800005780,0,7,0,4,0,4,1,A01
200800005781,0,7,0,0,2,1,2,C01
200800005781,0,7,0,0,2,4,2,B01
200800005781,0,7,0,0,2,4,2,A01
200800005782,0,7,0,0,0,4,1,A01
200800005782,0,7,0,0,2,4,1,B01
200800005782,0,7,0,0,2,1,1,C01
200800005783,0,7,0,0,2,1,2,C01
200800005783,0,7,0,0,2,4,23,B01
200800005783,0,10,0,0,0,4,23,A01
200800005784,0,7,0,4,0,1,21,A01
200800005784,1,7,0,0,0,0,18,B01
200800005785,0,7,0,0,2,1,2,B01
200800005785,0,7,0,0,2,4,1,A01
200800005786,0,10,0,0,2,2,12,A01
200800005786,0,10,0,0,2,8,1,B01
200800005787,0,7,0,0,0,1,0,A01
200800005788,0,7,0,0,0,0,2,A01
200800005788,0,7,0,0,0,0,2,F01
200800005788,0,7,0,0,0,0,2,E01
200800005788,0,10,0,0,0,0,2,D01
200800005788,0,7,0,0,0,0,2,C01
200800005788,0,7,0,0,0,0,2,B01
200800005789,0,7,0,0,2,1,1,B01
200800005789,0,7,0,0,0,4,1,A01
200800005790,0,7,0,0,2,4,1,B01
200800005790,0,7,0,0,2,1,12,A01
200800005791,0,33,0,0,0,7,14,A01
200800005792,0,7,0,3,0,2,1,A01
200800005793,0,7,0,1,2,2,12,B01
200800005793,0,7,0,0,0,6,1,A01
200800005794,0,17,0,0,2,2,11,B01
200800005794,0,7,0,0,0,4,2,A01
200800005795,0,7,0,0,2,2,1,B01
200800005795,0,38,10,0,2,3,1,A01
200800005796,0,10,0,0,2,1,2,B01
200800005796,0,7,0,0,2,4,2,A01
200800005797,0,7,0,7,0,4,1,A01
200800005798,0,7,0,0,0,1,13,A01
200800005799,0,10,0,0,2,1,1,C01
200800005799,0,7,0,0,2,1,1,B01
200800005799,0,7,0,0,2,4,1,A01
200800005800,0,7,0,0,1,2,2,C01
200800005800,0,7,0,0,0,5,23,A01
200800005800,0,7,0,1,0,1,2,B01
200800005801,0,7,0,0,2,7,1,A01
200800005801,0,7,0,0,2,3,11,B01
200800005802,0,7,0,0,2,1,2,B01
200800005802,0,7,0,0,0,4,0,A01
200800005803,0,7,0,0,2,2,2,C01
200800005803,0,7,0,0,2,6,2,B01
200800005803,0,7,0,0,0,4,2,A01
200800005804,0,7,0,0,2,2,1,B01
200800005804,0,7,0,4,2,3,11,A01
200800005805,0,7,0,0,2,1,1,E01
200800005805,0,7,0,0,2,4,13,D01
200800005805,0,7,0,0,2,1,2,C01
200800005805,0,7,0,0,2,4,2,B01
200800005805,0,7,0,0,2,4,1,A01
200800005806,0,7,0,0,2,1,2,B01
200800005806,0,7,0,0,0,4,2,A01
200800005807,0,7,0,0,2,2,1,B01
200800005807,0,7,0,4,2,3,1,A01
200800005808,0,10,0,0,2,1,2,C01
200800005808,0,7,0,0,2,4,2,B01
200800005808,0,7,0,0,0,5,2,A01
200800005809,0,33,0,13,0,1,1,A01
200800005810,0,10,0,0,2,1,2,C01
200800005810,0,10,0,0,2,4,2,B01
200800005810,0,7,0,0,0,4,2,A01
200800005811,0,7,0,4,0,1,13,A01
200800005812,0,7,0,16,0,0,0,A01
200800005813,0,15,0,0,0,4,2,A01
200800005813,0,7,0,0,2,1,2,B01
200800005814,0,7,0,3,0,2,2,A01
200800005815,0,7,0,0,2,7,2,A01
200800005816,0,33,0,0,0,0,2,B01
200800005816,0,7,0,0,0,0,12,A01
200800005817,0,7,0,0,2,7,2,C01
200800005817,0,7,0,0,2,4,2,B01
200800005817,0,7,0,1,2,1,2,A01
200800005818,0,7,0,0,0,8,2,D01
200800005818,0,10,0,0,0,5,1,C01
200800005818,0,7,0,0,0,7,12,B01
200800005818,0,33,0,0,2,1,3,A01
200800005819,0,7,0,0,0,4,2,B01
200800005819,0,7,0,0,2,1,1,A01
200800005820,0,33,0,0,0,8,1,B01
200800005820,0,7,0,0,2,2,12,A01
200800005821,0,7,0,3,0,1,14,A01
200800005822,0,7,0,0,0,5,17,B01
200800005822,0,7,0,0,2,3,1,A01
200800005823,0,33,0,12,0,1,1,A01
200800005824,0,10,0,5,0,1,13,A01
200800005825,0,7,0,0,2,1,2,A01
200800005825,0,7,0,0,0,4,2,B01
200800005826,0,7,0,0,6,3,2,A01
200800005827,0,33,0,3,0,7,11,A01
200800005828,0,7,0,0,2,1,2,A01
200800005828,0,7,0,0,0,4,2,B01
200800005829,0,7,0,2,0,8,21,A01
200800005830,0,7,0,0,2,0,11,A01
200800005830,0,32,0,0,2,1,2,B01
200800005831,0,7,0,3,0,8,21,A01
200800005832,0,7,0,6,2,7,0,A01
200800005832,0,7,0,0,2,6,0,B01
200800005833,0,13,0,0,2,1,2,A01
200800005833,0,7,0,0,2,4,2,B01
200800005834,0,7,0,4,0,2,0,A01
200800005835,0,7,0,0,0,1,9,A01
200800005835,0,7,0,0,0,2,0,B01
200800005836,0,7,0,13,0,1,0,A01
200800005837,0,7,0,0,2,1,2,A01
200800005837,0,7,0,0,2,4,2,B01
200800005837,0,7,0,0,0,4,2,C01
200800005838,0,15,0,0,2,3,1,B01
200800005838,0,7,0,0,2,1,2,A01
200800005839,0,7,0,0,0,2,17,A01
200800005839,0,7,0,0,2,1,1,B02
200800005840,0,33,0,0,0,7,16,A01
200800005841,1,7,0,0,1,1,16,A01
200800005842,0,31,0,0,1,3,1,A01
200800005843,0,7,0,1,0,7,1,A01
200800005843,0,7,0,0,0,8,0,B02
200800005844,0,7,0,0,2,3,15,A01
200800005844,0,7,0,0,0,0,0,B02
200800005845,0,7,0,13,0,1,1,A01
200800005846,0,14,0,2,0,1,14,A01
200800005847,0,17,0,0,2,3,1,A01
200800005847,0,10,0,0,2,3,3,B02
200800005847,0,7,0,0,0,0,2,C03
200800005848,0,7,0,0,2,1,1,A01
200800005848,0,7,0,0,2,1,1,B02
200800005849,0,1,0,0,2,5,19,A01
200800005849,0,7,0,0,9,2,21,B02
200800005850,0,7,0,10,0,1,1,A01
200800005851,0,7,0,0,2,1,13,A01
200800005851,0,1,0,0,2,1,1,B02
200800005851,0,1,0,0,2,1,1,C03
200800005851,0,1,0,0,2,1,1,D04
200800005851,0,1,0,0,2,1,1,E05
200800005852,0,7,0,3,2,1,1,A01
200800005852,0,7,0,0,0,4,1,B02
200800005853,0,30,0,0,2,1,1,B02
200800005853,0,7,0,0,2,1,1,A01
200800005854,0,30,0,0,2,1,17,A01
200800005854,0,21,0,0,2,8,15,B02
200800005855,0,7,0,2,0,1,14,A01
200800005856,0,7,0,0,2,3,15,A01
200800005856,0,1,0,0,2,1,1,B02
200800005857,0,7,0,0,2,1,1,A01
200800005857,0,7,0,0,2,8,1,B02
200800005858,0,7,0,0,2,1,13,A01
200800005858,0,2,0,0,2,1,1,B02
200800005859,0,17,0,13,0,1,1,A01
200800005860,0,7,0,0,0,1,13,A01
200800005860,0,38,0,0,0,2,1,B02
200800005861,0,7,0,2,0,1,1,A01
200800005862,0,33,0,8,0,7,0,A01
200800005863,0,7,0,0,1,7,1,A01
200800005864,0,7,0,0,2,2,1,B02
200800005864,0,7,0,0,2,3,15,A01
200800005865,0,7,0,2,0,5,1,A01
200800005866,0,7,0,0,1,2,2,A01
200800005867,0,10,0,0,2,3,19,A01
200800005867,0,31,0,0,2,1,1,B02
200800005868,0,7,0,0,2,1,13,A01
200800005868,0,7,0,0,2,1,1,B02
200800005869,0,7,0,0,9,2,2,A01
200800005869,0,1,0,0,2,4,2,B02
200800005870,0,7,0,0,2,3,13,A01
200800005870,0,7,0,0,1,3,1,B02
200800005871,0,2,0,14,0,1,1,A01
200800005871,0,7,0,0,0,4,15,B02
200800005872,0,17,0,0,0,8,1,A01
200800005873,0,33,0,2,0,1,1,A01
200800005874,0,7,0,0,2,8,10,A01
200800005874,0,2,0,0,2,1,1,B02
200800005875,0,7,0,0,2,3,1,A01
200800005875,0,2,0,0,2,1,1,B02
200800005875,0,2,0,6,0,0,1,C03
200800005876,0,7,0,0,1,1,17,A01
200800005877,0,7,0,13,0,9,0,A01
200800005878,0,7,0,0,2,2,13,A01
200800005878,0,7,0,0,2,3,1,B02
200800005879,0,7,0,6,0,3,1,A01
200800005880,0,7,0,13,0,2,16,A01
200800005881,0,7,0,0,2,3,13,A01
200800005881,0,10,0,0,2,3,21,B02
200800005882,0,7,0,2,0,1,0,A01
200800005883,0,7,0,0,1,3,1,A01
200800005884,0,7,0,0,2,1,1,A01
200800005884,0,7,0,0,2,8,19,B02
200800005885,0,7,0,0,2,3,13,A01
200800005885,0,10,0,0,2,3,1,B02
200800005886,0,17,0,0,2,0,1,A01
200800005886,0,7,0,0,2,3,16,C03
200800005887,0,7,0,0,2,1,19,A01
200800005887,0,14,0,0,2,3,1,B02
200800005888,0,17,0,0,0,6,16,A01
200800005888,0,7,0,0,0,1,1,B02
200800005889,0,7,0,0,2,7,19,A01
200800005889,0,7,0,0,2,1,21,B02
200800005890,0,7,0,0,0,9,1,A01
200800005891,0,1,0,0,0,2,16,A01
200800005892,0,10,0,0,2,2,2,A01
200800005893,0,7,0,0,2,1,1,A01
200800005893,0,2,0,0,2,7,16,B02
200800005894,0,7,0,0,0,0,17,A01
200800005895,0,7,0,3,0,2,1,A01
200800005896,0,7,0,6,0,2,1,A01
200800005897,0,7,0,0,2,1,1,A01
200800005897,0,7,0,0,2,1,1,B02
200800005898,0,7,0,13,0,2,1,A01
200800005899,0,7,0,6,0,3,1,A01
200800005900,0,7,0,0,0,1,1,A01
200800005901,0,7,0,0,0,8,3,A01
200800005901,0,7,0,0,0,8,1,B02
200800005902,0,7,0,0,2,1,13,A01
200800005902,0,15,0,0,2,1,1,B02
200800005903,0,7,0,13,0,9,1,A01
200800005904,0,2,0,0,2,1,1,A01
200800005904,0,7,0,0,2,2,15,B02
200800005905,0,7,0,0,2,3,12,A01
200800005905,0,7,0,0,2,3,1,B02
200800005906,0,31,0,0,2,1,21,A01
200800005906,0,7,0,0,2,8,15,B02
200800005907,0,30,0,0,2,2,15,A01
200800005907,0,7,0,0,2,3,1,B02
200800005908,0,7,0,0,2,3,1,A01
200800005908,0,7,0,0,2,3,1,B02
200800005908,0,7,0,0,2,8,1,C03
200800005909,0,7,0,0,2,1,2,A01
200800005909,0,7,0,0,2,4,2,B02
200800005910,0,7,0,2,0,9,1,A01
200800005911,0,33,0,12,0,1,1,A01
200800005912,0,31,0,0,2,1,1,A01
200800005913,0,7,0,7,0,1,1,A01
200800005914,0,7,0,1,0,2,1,A01
200800005915,0,7,0,0,2,2,15,A01
200800005915,0,33,0,0,2,1,13,B02
200800005916,0,7,0,0,2,1,13,A01
200800005916,0,10,0,0,2,1,1,B02
200800005917,0,7,0,0,0,7,14,A01
200800005918,0,7,0,0,2,5,1,A01
200800005918,0,2,0,0,2,4,1,B02
200800005919,0,20,0,0,2,1,1,A01
200800005919,0,10,0,0,2,1,1,B02
200800005919,0,7,0,0,0,4,1,C03
200800005919,0,7,0,0,0,1,1,D04
200800005920,0,35,0,1,0,1,1,A01
200800005921,0,33,0,0,0,8,17,A01
200800005922,0,30,0,0,2,1,1,B02
200800005922,0,7,0,0,2,1,1,A01
200800005923,0,7,0,3,0,1,1,A01
200800005924,0,17,0,0,2,2,13,A01
200800005924,0,7,0,0,2,1,1,B02
200800005925,0,7,0,0,2,7,1,A01
200800005925,0,31,0,0,2,1,1,B02
200800005926,0,7,0,0,1,8,1,A01
200800005927,0,17,0,0,1,2,1,A01
200800005928,0,7,0,0,0,0,2,A01
200800005929,0,10,0,16,0,3,1,A01
200800005930,0,33,0,0,0,0,15,A01
200800005931,0,7,0,0,2,7,13,A01
200800005931,0,10,0,0,2,1,1,B02
200800005931,0,7,0,0,2,1,2,C03
200800005932,0,10,0,0,2,3,15,A01
200800005932,0,2,0,0,2,1,1,B02
200800005933,0,7,0,0,1,1,1,A01
200800005934,0,7,0,13,0,9,2,A01
200800005935,0,7,0,2,0,1,1,A01
200800005936,0,7,0,1,2,2,1,A01
200800005936,0,7,0,0,2,6,1,B02
200800005937,0,7,0,0,2,3,13,A01
200800005937,0,7,0,0,2,3,1,B02
200800005938,0,7,0,0,2,7,1,A01
200800005938,0,7,0,0,2,3,0,B02
200800005939,0,7,0,0,0,6,9,A01
200800005939,0,33,0,0,2,1,1,B02
200800005940,0,7,0,0,2,7,9,A01
200800005940,0,7,0,0,2,2,1,B02
200800005941,0,7,0,0,2,1,2,A01
200800005941,0,7,0,0,2,4,2,B02
200800005942,0,7,0,0,1,1,1,A01
200800005943,0,7,0,13,0,3,1,A01
200800005944,0,7,0,2,0,1,1,A01
200800005945,0,7,0,0,2,3,1,A01
200800005945,0,7,0,0,2,8,1,B02
200800005946,0,14,0,0,2,1,2,A01
200800005946,0,7,0,0,2,4,2,B02
200800005946,0,7,0,0,0,4,23,C03
200800005947,0,7,0,0,1,2,1,A01
200800005948,0,7,0,0,2,1,13,A01
200800005948,0,33,0,0,2,1,1,B02
200800005949,0,7,0,0,2,1,1,A01
200800005949,0,7,0,0,0,3,1,B02
200800005949,0,7,0,0,0,2,1,C03
200800005950,0,7,0,0,2,1,17,A01
200800005950,0,7,0,0,2,1,2,B02
200800005951,0,7,0,0,2,2,1,B02
200800005951,0,7,0,0,0,5,1,A01
200800005952,0,7,0,6,1,2,13,A01
200800005953,0,30,0,0,2,1,15,B02
200800005953,0,10,0,0,2,2,1,A01
200800005954,0,7,0,2,0,7,1,A01
200800005955,0,7,0,0,2,7,13,A01
200800005955,0,7,0,0,2,1,1,B02
200800005956,0,7,0,0,2,1,2,A01
200800005956,0,1,0,0,0,0,1,B02
200800005957,0,7,0,0,2,2,17,A01
200800005958,0,30,0,0,0,0,0,A01
200800005958,0,10,0,0,1,3,1,B02
200800005959,0,7,0,0,0,3,15,A01
200800005959,0,33,0,0,2,1,1,B02
200800005960,0,10,0,0,2,1,13,A01
200800005960,0,38,0,0,2,3,1,B02
200800005961,0,37,0,0,2,3,1,A01
200800005961,0,10,0,0,2,1,13,B02
200800005962,0,7,0,0,0,3,13,A01
200800005962,0,7,0,0,0,3,1,B02
200800005963,0,7,0,0,0,3,15,A01
200800005963,0,33,0,0,2,1,1,B02
200800005964,0,33,0,0,6,1,1,A01
200800005965,0,7,0,2,0,8,1,A01
200800005966,0,7,0,0,2,7,20,A01
200800005966,0,2,0,0,2,1,18,B02
200800005967,0,10,0,0,2,2,1,A01
200800005967,0,1,0,0,0,4,1,B02
200800005968,0,7,0,2,0,9,1,A01
200800005969,0,2,0,0,0,2,15,A01
200800005970,0,7,0,0,0,4,1,A01
200800005970,0,7,0,0,2,1,1,B02
200800005971,0,7,0,0,1,1,1,A01
200800005972,0,7,0,0,1,2,1,A01
200800005973,0,7,0,0,2,1,1,A01
200800005973,0,2,0,0,2,1,15,B02
200800005974,0,7,0,1,0,5,0,A01
200800005975,0,2,0,0,2,3,13,A01
200800005975,0,10,0,0,2,3,14,B02
200800005976,0,33,0,0,2,8,1,A01
200800005976,0,7,0,0,2,5,15,B02
200800005977,0,7,0,0,2,0,20,A01
200800005977,0,2,0,12,0,1,21,B02
200800005978,0,7,0,0,2,1,1,A01
200800005978,0,7,0,0,2,3,15,B02
200800005979,0,7,0,0,2,1,1,A01
200800005979,0,7,0,0,2,4,15,B02
200800005980,0,7,0,0,2,2,1,A01
200800005980,0,7,0,0,2,3,16,B02
200800005981,0,7,0,0,2,3,19,B02
200800005981,0,7,0,0,2,1,1,A01
200800005982,0,7,0,0,2,1,1,A01
200800005982,0,2,0,0,2,1,13,B02
200800005983,0,7,0,0,0,0,1,A01
200800005984,0,7,0,0,1,8,15,A01
200800005985,0,30,0,14,2,1,2,A01
200800005985,0,7,0,0,0,6,2,B02
200800005986,0,7,0,2,0,1,1,A01
200800005987,0,7,0,13,0,7,1,A01
200800005988,0,7,0,8,0,2,1,A01
200800005989,0,31,0,0,0,8,1,A01
200800005990,0,33,0,0,2,1,15,A01
200800005990,0,7,0,0,2,1,1,B02
200800005990,0,7,0,0,2,3,1,C03
200800005991,0,7,0,0,2,8,19,A01
200800005991,0,7,0,0,2,1,1,B02
200800005992,0,33,0,14,0,4,1,A01
200800005993,0,3,0,0,0,5,6,A01
200800005993,0,7,0,0,2,2,21,B02
200800005994,0,7,0,0,2,7,1,A01
200800005994,0,33,0,0,2,1,15,B02
200800005995,0,7,0,6,0,1,1,A01
200800005996,0,7,0,0,2,1,1,A01
200800005996,0,15,0,0,2,8,1,B02
200800005996,0,10,0,0,2,1,1,C03
200800005997,0,7,0,0,2,2,15,A01
200800005997,0,33,0,0,2,1,1,B02
200800005998,0,7,0,0,2,2,15,A01
200800005998,0,7,0,0,2,1,1,B02
200800005999,0,10,0,0,2,7,17,A01
200800005999,0,30,0,0,2,3,1,B02
200800006000,0,33,0,0,2,1,21,A01
200800006000,0,7,0,0,2,6,16,B02
200800006001,0,7,0,0,1,1,1,A01
200800006002,0,21,0,0,2,3,11,A01
200800006002,0,33,0,0,2,1,17,B02
200800006003,0,15,0,0,2,3,2,A01
200800006003,0,3,0,0,2,5,15,B02
200800006004,0,33,0,13,2,1,21,A01
200800006004,0,7,0,13,0,6,17,B02
200800006005,0,7,0,0,9,2,1,A01
200800006006,0,7,0,0,2,1,13,A01
200800006006,0,7,0,0,2,1,1,B02
200800006006,0,7,0,0,2,2,1,C03
200800006007,0,7,0,0,0,2,1,A01
200800006007,0,1,0,0,0,4,1,B02
200800006008,0,7,0,0,1,4,23,A01
200800006009,0,10,0,2,0,2,13,A01
200800006010,0,7,0,0,0,8,1,A01
200800006010,0,7,0,0,2,1,1,B02
200800006011,0,7,0,0,2,2,15,A01
200800006011,0,30,0,0,2,1,1,B02
200800006012,0,7,0,0,2,7,15,A01
200800006012,0,33,0,0,2,1,1,B02
200800006013,0,7,0,0,2,3,15,A01
200800006013,0,1,0,0,2,8,1,B02
200800006014,0,2,0,0,2,2,15,A01
200800006014,0,7,0,0,2,1,1,B02
200800006015,0,7,0,0,2,1,13,A01
200800006015,0,7,0,0,2,1,2,B02
200800006016,0,7,0,0,2,7,1,A01
200800006016,0,7,0,0,2,1,1,B02
200800006017,0,7,0,13,2,9,1,A01
200800006017,0,7,0,0,2,1,1,B02
200800006018,0,7,0,2,0,3,1,A01
200800006019,0,7,0,0,0,4,1,A01
200800006019,0,1,0,0,2,1,1,B02
200800006020,0,7,0,0,2,2,15,A01
200800006020,0,2,0,0,2,1,1,B02
200800006021,0,7,0,0,2,7,15,A01
200800006021,0,30,0,0,2,1,1,B02
200800006022,0,33,0,0,0,0,0,A01
200800006023,0,7,0,0,2,8,13,A01
200800006023,0,33,0,13,2,7,17,B02
200800006024,0,7,0,0,0,1,19,A01
200800006024,0,1,0,0,0,8,1,B02
200800006025,0,2,0,0,0,0,1,A01
200800006026,0,7,0,2,0,8,1,A01
200800006027,0,21,0,0,2,8,15,A01
200800006027,0,7,0,0,2,7,17,B02
200800006028,0,7,0,14,0,1,1,A01
200800006028,0,7,0,0,0,4,15,B02
200800006028,0,15,0,0,2,3,1,C03
200800006029,0,7,0,0,2,6,19,A01
200800006029,0,7,0,0,2,6,1,B02
200800006030,0,7,0,0,2,2,17,A01
200800006030,0,1,0,0,0,6,1,C03
200800006031,0,7,0,0,2,2,17,A01
200800006031,0,30,0,0,2,1,1,B02
200800006032,0,33,0,0,2,1,2,A01
200800006032,0,7,0,0,0,5,23,B02
200800006033,0,7,0,0,2,3,19,A01
200800006033,0,33,0,0,2,1,1,B02
200800006034,0,10,0,0,2,1,1,A01
200800006034,0,7,0,0,2,7,15,B02
200800006035,0,7,0,0,2,5,15,A01
200800006035,0,7,0,0,2,1,1,B02
200800006035,0,7,0,0,2,1,23,C03
200800006035,0,7,0,0,2,1,23,D04
200800006036,0,7,0,0,1,3,1,A01
200800006037,0,33,0,0,2,1,1,A01
200800006037,0,7,0,0,2,3,15,B02
200800006038,0,10,0,0,1,3,23,A01
200800006039,0,7,0,0,2,4,4,A01
200800006039,0,31,0,0,2,1,1,B02
200800006040,0,7,0,8,0,1,1,A01
200800006041,0,7,0,0,2,1,13,A01
200800006041,0,7,0,0,2,1,1,B02
200800006042,0,7,0,0,2,4,1,A01
200800006042,0,33,0,0,2,1,2,B02
200800006043,0,7,0,0,2,3,1,A01
200800006043,0,2,0,0,2,1,19,B02
200800006044,0,7,0,0,2,7,1,A01