Num_Acc,senc,catv,occutc,obs,obsm,choc,manv,num_veh
200800006430,0,7,0,8,0,1,21,A01
200800006431,0,7,0,0,2,7,15,A01
200800006431,0,31,0,0,2,1,1,B02
200800006432,0,7,0,0,2,3,13,A01
200800006432,0,7,0,0,2,3,1,B02
200800006433,0,7,0,13,0,1,1,A01
200800006434,0,7,0,0,0,1,2,A01
200800006434,0,7,0,0,0,1,1,B02
200800006435,0,7,0,0,0,1,1,A01
200800006436,0,13,0,0,2,1,5,A01
200800006436,0,33,0,0,2,1,1,B02
200800006437,0,7,0,0,2,3,1,A01
200800006437,0,7,0,0,2,2,15,B02
200800006438,0,10,0,13,0,9,1,A01
200800006439,0,7,0,0,2,1,1,A01
200800006439,0,7,0,0,2,6,1,B02
200800006440,0,2,0,0,0,8,21,A01
200800006440,0,7,0,0,0,1,15,B02
200800006441,0,7,0,0,2,3,1,A01
200800006441,0,10,0,0,2,2,1,B02
200800006441,0,7,0,0,2,1,2,C03
200800006442,0,30,0,0,0,0,1,A01
200800006443,0,30,0,12,0,7,1,A01
200800006444,0,7,0,6,0,3,13,A01
200800006445,0,7,0,0,2,2,17,A01
200800006445,0,36,0,0,2,8,15,B02
200800006446,0,7,0,0,2,3,15,A01
200800006446,0,2,0,0,2,1,1,B02
200800006447,0,7,0,0,2,8,19,A01
200800006447,0,10,0,0,2,1,1,B02
200800006448,0,10,0,8,0,2,14,A01
200800006449,0,7,0,0,2,3,19,A01
200800006449,0,1,0,0,2,1,1,B02
200800006450,0,7,0,0,2,1,17,A01
200800006450,0,15,0,0,2,1,1,B02
200800006451,0,30,0,0,0,8,13,A01
200800006452,0,7,0,6,0,8,2,A01
200800006453,0,7,0,2,0,3,1,A01
200800006454,0,7,0,0,2,8,19,B02
200800006454,0,7,0,0,2,1,1,A01
200800006455,0,7,0,0,2,1,17,A01
200800006455,0,2,0,0,2,1,1,B02
200800006455,0,15,0,0,0,0,1,C03
200800006456,0,7,0,0,2,4,15,A01
200800006456,0,3,0,0,2,1,2,B02
200800006457,0,7,0,0,0,8,15,A01
200800006457,0,2,0,0,2,1,13,B02
200800006458,0,7,0,0,2,1,0,A01
200800006458,0,7,0,0,2,1,0,B02
200800006459,0,7,0,0,2,1,17,A01
200800006459,0,7,0,0,2,1,1,B02
200800006459,0,7,0,0,2,8,1,C03
200800006459,0,17,0,0,2,4,1,D04
200800006460,0,7,0,0,2,3,15,A01
200800006460,0,7,0,0,2,3,1,B02
200800006461,0,7,0,0,2,0,2,A01
200800006461,1,7,0,0,0,0,2,B02
200800006462,0,10,0,0,2,1,1,A01
200800006462,0,33,0,0,2,1,13,B02
200800006463,0,7,0,6,0,2,1,A01
200800006464,0,7,0,13,0,9,1,A01
200800006465,0,7,0,0,0,9,1,A01
200800006466,0,36,0,0,2,1,1,A01
200800006466,0,7,0,0,2,2,19,B02
200800006467,0,7,0,0,2,1,1,B02
200800006467,0,7,0,0,2,7,19,A01
200800006468,0,30,0,0,0,1,5,A01
200800006468,0,7,0,0,0,3,1,B02
200800006469,0,33,0,16,0,1,1,A01
200800006470,0,33,0,0,2,1,2,A01
200800006470,0,33,0,0,0,4,2,B02
200800006471,0,10,0,6,0,2,1,A01
200800006472,0,33,0,0,2,7,17,A01
200800006472,0,7,0,0,2,1,1,B02
200800006473,0,2,0,9,0,2,1,A01
200800006474,0,7,0,0,2,3,17,A01
200800006474,0,7,0,0,2,3,0,B02
200800006475,0,7,0,0,0,3,1,A01
200800006475,0,2,0,0,0,1,13,B02
200800006476,0,10,0,0,2,5,17,A01
200800006476,0,1,0,0,2,1,1,B02
200800006477,0,7,0,2,0,7,0,A01
200800006478,0,7,0,0,0,3,13,A01
200800006478,0,20,0,0,0,3,1,B02
200800006479,0,7,0,1,0,2,1,A01
200800006480,0,7,0,16,0,3,13,A01
200800006481,0,7,0,2,0,3,1,A01
200800006482,0,30,0,1,0,0,0,A01
200800006483,0,10,0,0,0,7,15,A01
200800006483,0,33,0,0,0,8,1,B02
200800006484,0,7,0,0,2,3,0,A01
200800006484,0,7,0,0,2,3,0,B02
200800006485,0,7,0,4,0,3,1,A01
200800006485,0,10,0,4,0,3,1,B02
200800006486,0,33,0,0,2,1,1,A01
200800006486,0,7,0,0,2,3,16,B02
200800006487,0,7,0,0,2,1,24,A01
200800006487,0,7,0,1,0,1,13,B02
200800006488,0,30,0,0,2,1,1,A01
200800006488,0,7,0,0,2,7,1,B02
200800006489,0,7,0,0,1,1,1,A01
200800006490,0,7,0,0,2,3,1,A01
200800006490,0,7,0,0,2,3,5,B02
200800006491,0,7,0,0,2,3,1,A01
200800006491,0,7,0,0,2,1,19,B02
200800006492,0,7,0,13,0,2,1,A01
200800006493,0,7,0,0,2,5,15,A01
200800006493,0,33,0,0,2,1,1,B02
200800006494,0,31,0,0,2,8,17,A01
200800006494,0,14,0,0,2,9,1,B02
200800006494,0,7,0,0,2,8,1,C03
200800006495,0,30,0,0,2,4,1,A01
200800006496,0,7,0,0,0,1,15,A01
200800006496,0,2,0,0,2,1,1,B02
200800006497,0,7,0,0,2,1,2,A01
200800006497,0,7,0,0,2,4,15,B02
200800006498,0,7,0,13,0,1,13,A01
200800006499,0,7,0,0,2,1,5,A01
200800006499,0,7,0,0,2,1,1,B02
200800006500,0,7,0,0,2,2,13,A01
200800006500,0,14,0,0,2,2,1,B02
200800006501,0,7,0,0,2,6,19,A01
200800006501,0,31,0,0,2,1,0,B02
200800006502,0,7,0,2,0,3,1,A01
200800006503,0,7,0,13,0,3,14,A01
200800006504,0,7,0,0,0,1,1,A01
200800006505,0,1,0,0,2,1,1,A01
200800006505,0,7,0,0,2,1,1,B02
200800006506,0,7,0,0,2,1,17,A01
200800006506,0,7,0,0,2,1,0,B02
200800006507,0,10,0,0,1,2,13,A01
200800006508,0,7,0,0,0,3,19,A01
200800006508,0,33,0,0,0,1,0,B02
200800006509,0,7,0,6,0,1,1,A01
200800006509,0,7,0,0,2,3,24,B02
200800006510,0,7,0,0,2,3,19,A01
200800006510,0,7,0,0,2,1,1,B02
200800006511,0,7,0,0,0,3,1,A01
200800006511,0,7,0,3,0,1,13,B02
200800006512,0,7,0,2,0,7,14,A01
200800006513,0,7,0,0,0,5,20,A01
200800006513,0,33,0,0,2,2,1,B02
200800006514,0,7,0,0,2,1,1,A01
200800006514,0,10,0,0,2,7,1,B02
200800006515,0,30,0,0,2,2,1,A01
200800006515,0,7,0,0,2,6,1,B02
200800006516,0,7,0,0,0,2,1,A01
200800006516,0,7,0,0,0,2,0,B02
200800006517,0,10,0,0,2,7,1,A01
200800006517,0,7,0,0,2,1,1,B02
200800006518,0,7,0,0,1,1,1,A01
200800006519,0,7,0,0,2,8,19,A01
200800006519,0,30,0,0,2,1,1,B02
200800006520,0,3,0,6,0,2,1,A01
200800006521,0,7,0,0,0,7,19,A01
200800006521,0,10,0,0,0,1,1,B02
200800006522,0,7,0,0,0,2,15,A01
200800006522,0,7,0,0,0,3,1,B02
200800006522,0,13,0,0,0,8,23,C03
200800006523,0,7,0,0,0,0,1,A01
200800006524,0,7,0,0,2,3,17,A01
200800006524,0,7,0,0,2,3,1,B02
200800006525,0,33,0,0,2,3,2,A01
200800006525,0,7,0,0,2,5,23,B02
200800006526,0,7,0,0,0,1,1,A01
200800006527,0,2,0,0,2,3,1,A01
200800006527,0,7,0,0,2,7,15,B02
200800006528,0,10,0,2,2,1,13,A01
200800006528,0,7,0,0,2,2,1,B02
200800006529,0,7,0,0,2,5,15,A01
200800006529,0,7,0,0,2,5,1,B02
200800006530,0,7,0,8,0,1,1,A01
200800006531,0,7,0,0,2,3,1,A01
200800006531,0,14,0,0,2,6,15,B02
200800006532,0,33,0,3,0,7,1,A01
200800006533,0,2,0,0,0,0,14,A01
200800006534,0,7,0,1,0,3,22,A01
200800006534,0,33,0,1,0,2,1,B02
200800006535,0,7,0,0,2,1,13,A01
200800006535,0,3,0,0,2,2,1,B02
200800006536,0,3,0,0,0,2,16,A01
200800006536,0,2,0,0,2,1,1,B02
200800006537,0,7,0,13,0,3,1,A01
200800006538,0,10,0,0,2,2,15,A01
200800006538,0,2,0,0,2,1,1,B02
200800006539,0,7,0,0,2,3,13,A01
200800006539,0,7,0,0,2,3,1,B02
200800006540,0,30,0,1,0,1,0,A01
200800006541,0,7,0,0,2,3,13,A01
200800006542,0,7,0,0,2,2,19,A01
200800006542,0,7,0,0,2,3,1,B02
200800006543,0,7,0,0,0,0,14,A01
200800006544,0,7,0,0,2,1,1,A01
200800006544,0,33,0,0,2,1,19,B02
200800006545,0,7,0,0,2,1,15,A01
200800006545,0,1,0,0,2,8,1,B02
200800006546,0,33,0,0,2,7,1,A01
200800006546,0,7,0,0,2,1,1,B02
200800006547,0,7,0,8,0,1,1,A01
200800006548,0,7,0,0,0,1,1,A01
200800006549,1,7,0,0,1,2,1,A01
200800006550,0,7,0,0,2,3,13,A01
200800006550,0,7,0,0,2,3,1,B02
200800006551,0,31,0,12,0,1,1,A01
200800006552,0,33,0,10,0,1,2,A01
200800006553,0,7,0,0,2,1,14,A01
200800006553,0,7,0,0,2,1,1,B02
200800006554,0,3,0,0,0,1,1,A01
200800006554,0,7,0,0,0,1,1,B02
200800006555,0,7,0,0,1,3,15,A01
200800006556,0,7,0,0,2,1,13,A01
200800006556,0,7,0,0,2,1,1,B02
200800006557,0,7,0,6,0,1,1,A01
200800006558,0,7,0,0,2,3,1,A01
200800006558,0,7,0,0,2,3,1,B02
200800006559,0,7,0,3,2,1,1,A01
200800006559,0,7,0,0,2,1,1,B02
200800006560,0,7,0,0,2,2,15,A01
200800006560,0,7,0,0,2,1,1,B02
200800006561,0,7,0,2,0,2,1,A01
200800006562,0,7,0,0,1,1,1,A01
200800006563,0,7,0,8,0,7,1,A01
200800006564,0,14,0,0,2,3,1,A01
200800006564,0,7,0,0,2,1,1,B02
200800006565,0,7,0,0,0,9,13,A01
200800006566,0,7,0,0,2,1,13,A01
200800006566,0,7,0,0,2,1,1,B02
200800006567,0,7,0,13,0,2,14,A01
200800006568,0,7,0,0,0,8,10,A01
200800006568,0,33,0,0,2,2,2,B02
200800006569,0,7,0,13,0,1,1,A01
200800006570,0,7,0,0,1,1,1,A01
200800006571,0,7,0,0,2,1,15,A01
200800006571,0,30,0,0,2,1,1,B02
200800006572,0,7,0,0,2,3,1,A01
200800006572,0,7,0,0,2,3,1,B02
200800006572,0,7,0,0,2,8,1,C03
200800006573,0,7,0,0,2,3,10,A01
200800006573,0,7,0,0,2,2,1,B02
200800006574,0,10,0,0,2,3,13,A01
200800006574,0,17,0,0,2,3,1,B02
200800006575,0,2,0,8,0,1,0,A01
200800006576,0,3,0,2,0,3,1,A01
200800006577,0,7,0,0,2,0,19,A01
200800006577,0,7,0,13,2,1,21,B02
200800006578,0,7,0,0,2,7,1,A01
200800006578,0,7,0,0,2,2,15,B02
200800006579,0,33,0,13,0,8,15,A01
200800006580,0,7,0,0,2,3,13,A01
200800006580,0,2,0,0,2,1,1,B02
200800006581,0,32,0,0,2,1,2,A01
200800006581,0,7,0,0,0,0,20,B02
200800006582,0,7,0,2,0,3,13,A01
200800006583,0,7,0,13,0,2,14,A01
200800006584,0,7,0,0,1,2,1,A01
200800006585,0,30,0,0,0,8,1,A01
200800006586,0,7,0,0,2,2,1,A01
200800006586,0,2,0,0,2,8,15,B02
200800006587,0,7,0,2,0,5,1,A01
200800006588,0,7,0,0,0,0,0,A01
200800006589,0,7,0,13,0,2,1,A01
200800006590,0,7,0,0,1,8,1,A01
200800006591,0,7,0,0,0,0,14,A01
200800006592,0,30,0,0,2,1,13,A01
200800006592,0,7,0,0,2,1,1,B02
200800006593,0,33,0,0,0,0,1,A01
200800006594,0,7,0,8,0,1,1,A01
200800006595,0,33,0,10,0,1,1,A01
200800006596,0,99,0,0,2,2,17,A01
200800006596,0,2,0,0,2,8,15,B02
200800006597,0,10,0,0,2,7,13,A01
200800006597,0,10,0,0,2,1,1,B02
200800006598,0,7,0,8,0,2,1,A01
200800006599,0,7,0,5,0,3,1,A01
200800006600,0,7,0,0,2,1,15,A01
200800006600,0,2,0,0,2,1,1,B02
200800006601,0,7,0,0,2,8,15,A01
200800006601,0,2,0,0,2,1,17,B02
200800006602,0,7,0,0,2,3,0,A01
200800006602,0,31,0,0,2,7,0,B02
200800006603,0,7,0,2,0,2,1,A01
200800006604,0,7,0,0,2,1,1,A01
200800006604,0,10,0,0,0,8,0,B02
200800006605,0,7,0,0,2,2,16,A01
200800006605,0,7,0,0,2,3,15,B02
200800006606,0,7,0,0,0,2,1,A01
200800006607,0,7,0,0,2,1,13,A01
200800006607,0,7,0,0,2,1,12,B02
200800006608,0,7,0,0,2,1,5,A01
200800006608,0,15,0,0,2,1,1,B02
200800006609,0,7,0,0,1,7,1,A01
200800006610,0,7,0,0,9,2,14,A01
200800006610,0,1,0,0,2,1,1,B02
200800006611,0,7,0,0,2,6,1,A01
200800006611,0,7,0,0,2,1,19,B02
200800006612,0,7,0,0,2,3,13,A01
200800006612,0,7,0,0,2,3,1,B02
200800006613,0,7,0,2,0,5,1,A01
200800006614,0,7,0,0,0,2,16,A01
200800006615,0,7,0,3,0,1,9,A01
200800006616,0,17,0,0,0,1,1,A01
200800006616,0,13,0,0,0,8,1,B02
200800006617,0,7,0,2,0,3,1,A01
200800006618,0,7,0,0,2,2,17,A01
200800006618,0,7,0,0,2,3,1,B02
200800006619,0,7,0,0,2,3,13,A01
200800006619,0,7,0,0,2,3,1,B02
200800006620,0,7,0,0,2,1,1,A01
200800006620,0,7,0,0,2,7,13,B02
200800006621,0,7,0,0,1,1,1,A01
200800006622,0,7,0,8,0,1,1,A01
200800006623,0,7,0,0,2,3,16,A01
200800006623,0,30,0,0,2,1,1,B02
200800006624,0,7,0,0,2,7,13,A01
200800006624,0,7,0,0,2,1,1,B02
200800006625,0,7,0,6,0,3,15,A01
200800006626,0,33,0,0,0,1,1,A01
200800006627,0,13,0,8,0,8,0,A01
200800006628,0,7,0,0,2,3,19,B02
200800006628,0,7,0,0,2,1,1,A01
200800006629,0,7,0,6,0,1,14,A01
200800006630,0,10,0,0,0,0,0,A01
200800006630,0,7,0,2,9,1,0,B02
200800006631,0,7,0,6,0,7,21,A01
200800006632,0,7,0,0,2,3,13,A01
200800006632,0,7,0,0,2,3,1,B02
200800006633,0,2,0,14,0,7,21,A01
200800006634,0,7,0,0,1,7,1,A01
200800006635,0,10,0,0,1,4,4,A01
200800006636,0,7,0,0,1,2,2,A01
200800006637,0,7,0,0,2,1,19,A01
200800006637,0,33,0,0,2,1,1,B02
200800006638,0,10,0,0,0,9,1,A01
200800006639,0,7,0,0,0,9,1,A01
200800006640,0,7,0,0,2,3,15,A01
200800006640,0,30,0,0,2,1,1,B02
200800006641,0,15,0,0,1,2,1,A01
200800006642,0,7,0,13,2,8,1,A01
200800006642,0,7,0,0,2,7,1,B02
200800006643,0,7,0,0,1,1,1,A01
200800006644,0,14,0,0,0,1,13,A01
200800006645,0,7,0,0,1,2,1,A01
200800006646,0,7,0,0,1,2,1,A01
200800006647,0,7,0,0,2,3,2,A01
200800006647,0,7,0,0,2,5,6,B02
200800006648,0,7,0,0,2,2,15,A01
200800006648,0,2,0,0,2,1,1,B02
200800006649,0,7,0,0,9,7,17,A01
200800006649,0,1,0,0,2,4,2,B02
200800006650,0,3,0,0,2,3,13,A01
200800006650,0,3,0,0,0,0,0,B02
200800006651,0,33,0,0,0,7,1,A01
200800006652,0,10,0,0,1,3,1,A01
200800006653,0,7,0,0,1,2,1,A01
200800006654,0,99,0,16,0,0,1,A01
200800006655,0,7,0,2,0,1,1,A01
200800006656,0,7,0,0,2,3,17,A01
200800006656,0,7,0,0,2,3,1,B02
200800006657,0,2,0,0,2,1,2,A01
200800006657,0,15,0,1,0,6,2,B02
200800006658,0,7,0,2,0,1,14,A01
200800006659,0,7,0,0,2,3,13,A01
200800006659,0,7,0,0,2,3,5,B02
200800006660,0,7,0,0,9,2,15,A01
200800006660,0,1,0,0,2,1,1,B02
200800006661,0,10,0,0,0,1,1,A01
200800006662,0,7,0,0,2,3,1,A01
200800006662,0,1,0,0,2,1,13,B02
200800006663,0,7,0,0,1,2,1,A01
200800006664,0,7,0,0,2,3,1,A01
200800006664,0,7,0,0,2,3,13,B02
200800006665,0,33,0,13,0,0,1,A01
200800006666,0,14,0,0,1,4,4,A01
200800006667,0,7,0,0,2,3,1,A01
200800006667,0,7,0,0,2,3,13,B02
200800006668,0,30,0,0,0,0,1,A01
200800006669,0,7,0,2,0,2,0,A01
200800006670,0,30,0,1,0,2,2,A01
200800006670,0,7,0,0,0,6,0,B02
200800006671,0,7,0,0,0,9,1,A01
200800006672,0,7,0,0,2,2,1,A01
200800006672,0,7,0,0,2,3,0,B02
200800006673,0,7,0,0,0,4,23,A01
200800006673,0,7,0,0,2,4,23,B02
200800006673,0,10,0,0,2,1,1,C03
200800006674,0,7,0,6,2,1,21,A01
200800006674,0,7,0,0,0,0,19,B02
200800006675,0,7,0,0,2,1,13,A01
200800006675,0,7,0,0,2,1,1,B02
200800006676,0,14,0,10,0,3,13,A01
200800006677,0,7,0,16,0,0,1,A01
200800006678,0,7,0,0,1,1,1,A01
200800006679,0,7,0,2,0,7,1,A01
200800006680,0,33,0,16,0,8,1,A01
200800006681,0,33,0,0,0,2,1,A01
200800006682,0,7,0,0,0,1,1,A01
200800006683,0,7,0,0,2,1,19,B02
200800006683,0,15,0,0,2,3,1,A01
200800006684,0,7,0,2,0,2,1,A01
200800006685,0,7,0,6,0,1,0,A01
200800006686,0,33,0,11,0,0,1,A01
200800006687,0,10,0,0,2,1,2,A01
200800006687,0,7,0,0,2,4,23,B02
200800006687,0,10,0,0,2,4,23,C03
200800006688,0,7,0,0,1,6,1,A01
200800006689,0,7,0,0,9,5,1,A01
200800006690,0,30,0,0,2,1,13,A01
200800006690,0,17,0,0,2,3,1,B02
200800006691,0,7,0,0,2,1,13,A01
200800006691,0,7,0,0,2,1,1,B02
200800006692,0,7,0,0,2,3,21,A01
200800006692,0,7,0,0,2,8,1,B02
200800006692,0,7,0,0,2,1,1,C03
200800006693,0,30,0,1,0,1,1,A01
200800006694,0,10,0,0,2,3,13,A01
200800006694,0,7,0,0,2,1,1,B02
200800006695,0,17,0,0,0,7,15,A01
200800006696,0,7,0,0,9,1,2,A01
200800006696,0,30,0,0,0,4,2,B02
200800006697,0,7,0,13,0,1,0,A01
200800006698,0,7,0,0,2,2,2,A01
200800006698,0,2,0,0,0,4,2,B02
200800006699,0,7,0,0,2,6,15,A01
200800006699,0,32,0,0,2,1,16,B02
200800006700,0,33,0,0,2,1,21,A01
200800006700,0,7,0,0,2,7,15,B02
200800006701,0,31,0,14,0,8,0,A01
200800006701,0,31,0,0,0,0,0,B02
200800006702,0,7,0,0,2,3,13,A01
200800006702,0,7,0,0,2,3,1,B02
200800006702,0,7,0,0,2,5,1,C03
200800006702,0,7,0,16,0,1,21,D04
200800006703,0,15,0,0,2,6,1,A01
200800006703,0,7,0,0,2,3,1,B02
200800006704,0,10,0,0,2,2,11,A01
200800006704,0,7,0,0,2,2,19,B02
200800006705,0,30,0,1,0,1,1,A01
200800006705,0,17,0,0,0,4,23,B02
200800006706,0,7,0,0,2,3,13,A01
200800006706,0,7,0,0,2,3,1,B02
200800006707,0,33,0,0,2,1,1,A01
200800006707,0,7,0,0,0,5,15,B02
200800006708,0,33,0,0,2,8,0,A01
200800006708,0,7,0,0,2,7,15,B02
200800006709,0,7,0,0,0,4,15,A01
200800006709,0,30,0,0,2,1,1,B02
200800006710,0,7,0,6,0,1,1,A01
200800006711,0,7,0,0,0,9,1,A01
200800006712,0,7,0,0,6,1,13,A01
200800006712,0,7,0,0,2,1,1,B02
200800006713,0,7,0,2,0,8,14,A01
200800006714,0,7,0,0,2,2,17,A01
200800006714,0,7,0,0,2,2,1,B02
200800006715,0,7,0,0,2,1,13,A01
200800006715,0,7,0,0,2,1,1,B02
200800006716,0,7,0,13,0,2,14,A01
200800006717,0,10,0,0,2,3,15,A01
200800006717,0,7,0,0,2,1,1,B02
200800006718,0,15,0,0,2,7,1,A01
200800006718,0,1,0,0,2,9,14,B02
200800006719,0,7,0,0,9,7,17,A01
200800006719,0,1,0,0,2,8,13,B02
200800006720,0,7,0,13,0,3,1,A01
200800006721,0,7,0,0,2,1,1,A01
200800006721,0,7,0,0,2,7,19,B02
200800006722,0,17,0,16,0,7,1,A01
200800006723,0,7,0,2,0,1,14,A01
200800006724,0,34,0,0,2,8,19,A01
200800006724,0,7,0,0,2,2,1,B02
200800006725,0,7,0,1,0,1,1,A01
200800006725,0,15,0,0,0,4,24,B02
200800006726,0,7,0,0,2,2,1,A01
200800006726,0,7,0,0,2,2,13,B02
200800006727,0,33,0,0,2,1,2,A01
200800006727,0,7,0,0,2,5,15,B02
200800006728,0,7,0,13,0,1,1,A01
200800006729,0,7,0,0,0,1,11,A01
200800006729,0,30,0,0,0,1,1,B02
200800006730,0,30,0,12,0,0,13,A01
200800006731,0,7,0,13,0,1,14,A01
200800006732,0,7,0,16,0,1,0,A01
200800006733,0,7,0,0,1,2,1,A01
200800006734,0,7,0,16,6,9,21,A01
200800006735,0,7,0,0,2,7,17,A01
200800006735,0,31,0,0,2,4,1,B02
200800006736,0,7,0,16,0,9,14,A01
200800006737,0,7,0,0,2,1,13,A01
200800006737,0,7,0,0,2,1,1,B02
200800006738,0,7,0,0,2,2,1,A01
200800006738,0,1,0,0,2,1,19,B02
200800006739,0,7,0,0,2,2,14,A01
200800006739,0,7,0,0,2,8,1,B02
200800006740,0,7,0,0,2,2,17,A01
200800006740,0,17,0,0,0,0,1,B02
200800006741,0,7,0,0,2,7,6,A01
200800006741,0,7,0,0,2,1,1,B02
200800006742,0,7,0,0,2,1,13,A01
200800006742,0,17,0,0,2,3,1,B02
200800006743,0,7,0,2,0,1,1,A01
200800006744,0,7,0,0,0,8,0,A01
200800006745,0,7,0,0,2,2,2,A01
200800006745,0,1,0,0,2,4,2,B02
200800006745,0,1,0,0,2,8,2,C03
200800006746,0,7,0,13,6,1,1,A01
200800006747,0,7,0,0,0,0,0,A01
200800006747,0,7,0,0,2,5,1,B02
200800006748,0,7,0,0,2,1,13,A01
200800006748,0,7,0,0,2,8,21,B02
200800006748,0,7,0,0,2,1,21,C03
200800006749,0,7,0,1,9,1,1,A01
200800006750,0,7,0,0,2,7,1,A01
200800006750,0,7,0,0,2,1,16,B02
200800006751,0,7,0,0,2,2,2,A01
200800006751,0,31,0,0,2,4,2,B02
200800006752,0,2,0,0,2,1,17,A01
200800006752,0,7,0,0,2,6,15,B02
200800006753,0,7,0,0,0,0,10,A01
200800006753,0,33,0,0,2,1,17,C03
200800006754,0,7,0,13,0,1,1,A01
200800006755,0,7,0,2,0,3,14,A01
200800006756,0,7,0,0,6,1,21,A01
200800006757,0,33,0,0,0,0,1,A01
200800006758,0,7,0,0,0,3,13,A01
200800006759,1,7,0,0,2,3,13,A01
200800006759,0,7,0,0,2,3,1,B02
200800006760,0,7,0,13,0,9,14,A01
200800006761,0,30,0,0,2,1,13,A01
200800006761,0,7,0,0,9,3,1,B02
200800006762,0,7,0,0,2,3,15,A01
200800006762,0,30,0,0,2,1,1,B02
200800006763,0,7,0,13,0,0,13,A01
200800006764,0,7,0,0,0,1,13,A01
200800006764,0,14,0,0,2,3,1,B02
200800006765,0,7,0,13,2,9,21,A01
200800006765,0,7,0,0,0,0,13,B02
200800006766,0,7,0,0,9,2,1,A01
200800006766,0,1,0,0,2,1,1,B02
200800006767,0,7,0,0,2,7,13,A01
200800006767,0,17,0,0,2,1,1,B02
200800006768,0,7,0,0,2,1,17,A01
200800006768,0,7,0,0,2,1,1,B02
200800006768,0,14,0,0,2,8,17,C03
200800006769,0,7,0,0,2,1,1,A01
200800006769,0,17,0,0,0,3,1,B02
200800006770,0,7,0,16,0,2,15,A01
200800006771,0,7,0,0,2,1,1,A01
200800006771,0,10,0,0,2,3,1,B02
200800006771,0,10,0,0,2,1,1,C03
200800006772,0,7,0,13,0,3,1,A01
200800006773,0,30,0,0,2,1,1,A01
200800006773,0,7,0,0,2,3,19,B02
200800006774,0,1,0,0,0,7,1,B02
200800006774,0,7,0,8,2,2,1,A01
200800006775,0,7,0,0,2,1,13,A01
200800006775,0,10,0,0,2,2,1,B02
200800006776,0,7,0,0,2,3,13,A01
200800006776,0,17,0,0,2,3,2,B02
200800006777,0,7,0,0,0,2,15,A01
200800006777,0,7,0,0,0,1,1,B02
200800006778,0,7,0,6,0,2,1,A01
200800006779,0,7,0,15,2,1,1,B02
200800006779,0,7,0,13,2,8,1,A01
200800006780,0,7,0,0,2,2,1,A01
200800006780,0,7,0,0,2,3,1,B02
200800006781,0,33,0,0,2,1,1,B02
200800006781,0,10,0,0,2,3,16,A01
200800006782,0,7,0,0,2,3,15,A01
200800006782,0,7,0,0,2,3,1,B02
200800006783,0,7,0,13,0,1,1,A01
200800006784,0,7,0,0,0,1,14,A01
200800006785,0,7,0,0,0,3,16,A01
200800006785,0,30,0,0,0,3,15,B02
200800006786,0,7,0,0,1,7,21,A01
200800006787,0,7,0,8,0,3,1,A01
200800006788,0,7,0,0,2,7,15,A01
200800006788,0,31,0,0,2,1,1,B02
200800006789,0,7,0,0,2,8,15,A01
200800006789,0,7,0,0,2,3,1,B02
200800006790,0,7,0,0,1,2,1,A01
200800006791,0,7,0,0,2,1,13,A01
200800006791,0,7,0,0,2,1,1,B02
200800006792,0,33,0,0,2,1,1,A01
200800006792,0,7,0,0,2,7,19,B02
200800006793,0,7,0,2,0,1,0,A01
200800006794,0,7,0,0,0,9,0,A01
200800006795,0,7,0,0,2,1,17,A01
200800006795,0,7,0,0,2,1,1,B02
200800006796,0,7,0,0,2,3,15,A01
200800006796,0,17,0,0,2,3,1,B02
200800006797,0,7,0,8,0,2,1,A01
200800006798,0,7,0,2,0,1,0,A01
200800006799,0,7,0,0,2,3,13,A01
200800006799,0,7,0,0,2,3,1,B02
200800006800,0,7,0,6,0,1,1,A01
200800006801,0,17,0,0,0,1,1,A01
200800006802,0,31,0,5,0,3,0,A01
200800006803,0,7,0,4,0,9,17,A01
200800006804,0,7,0,0,2,3,15,A01
200800006804,0,33,0,0,2,1,1,B02
200800006805,0,7,0,0,2,3,23,A01
200800006805,0,7,0,0,2,3,13,B02
200800006806,0,2,0,0,2,7,15,A01
200800006806,0,7,0,0,2,2,1,B02
200800006807,0,33,0,0,2,3,17,A01
200800006807,0,14,0,0,2,3,1,B02
200800006807,0,7,0,0,2,3,1,C03
200800006808,0,32,0,0,6,1,1,A01
200800006809,0,33,0,2,0,1,13,A01
200800006810,0,7,0,0,1,1,0,A01
200800006811,0,7,0,0,2,1,19,A01
200800006811,0,30,0,0,2,5,1,B02
200800006812,0,7,0,0,2,1,1,A01
200800006812,0,7,0,0,2,1,1,B02
200800006813,0,33,0,6,0,1,1,A01
200800006814,0,7,0,0,2,8,19,A01
200800006814,0,1,0,0,2,8,1,B02
200800006815,0,7,0,0,0,3,13,A01
200800006815,0,17,0,0,2,3,21,B02
200800006816,0,7,0,0,1,7,1,A01
200800006817,0,7,0,0,2,2,13,A01
200800006817,0,7,0,0,2,5,1,B02
200800006817,0,7,0,0,2,1,1,C03
200800006818,0,7,0,0,2,3,1,A01
200800006818,0,7,0,0,2,3,1,B02
200800006819,0,7,0,0,2,2,17,A01
200800006819,0,7,0,0,2,3,1,B02
200800006820,0,15,0,8,2,7,2,A01
200800006820,0,21,0,0,0,4,23,B02
200800006821,0,33,0,2,0,1,1,A01
200800006822,0,7,0,0,2,1,15,A01
200800006822,0,2,0,0,2,3,1,B02