Num_Acc,senc,catv,occutc,obs,obsm,choc,manv,num_veh
200800006823,0,7,0,0,2,3,1,A01
200800006823,0,14,0,0,2,3,1,B02
200800006824,0,37,0,0,0,3,15,A01
200800006824,0,7,0,0,0,1,1,B02
200800006825,0,10,0,0,1,1,11,A01
200800006826,0,7,0,0,1,1,1,A01
200800006827,0,33,0,1,0,1,1,A01
200800006828,0,7,0,0,0,3,0,A01
200800006829,0,10,0,0,2,4,2,A01
200800006829,0,15,0,0,2,2,2,B02
200800006830,0,15,0,4,0,1,1,A01
200800006831,0,7,0,0,0,9,1,A01
200800006832,0,7,0,16,0,1,14,A01
200800006833,0,10,0,4,0,2,1,A01
200800006833,0,7,0,14,0,3,17,B02
200800006833,0,7,0,14,0,3,1,C03
200800006834,0,10,0,0,1,0,1,A01
200800006835,0,7,0,8,0,1,1,A01
200800006836,0,2,0,0,2,1,1,A01
200800006836,0,7,0,0,2,8,16,B02
200800006837,0,7,0,0,2,4,15,A01
200800006837,0,33,0,0,2,1,1,B02
200800006838,0,33,0,0,2,1,17,A01
200800006838,0,7,0,0,2,3,15,B02
200800006839,0,10,0,0,2,1,13,A01
200800006839,0,7,0,0,2,1,1,B02
200800006840,0,7,0,0,9,1,15,A01
200800006840,0,99,0,0,2,1,1,B02
200800006841,0,7,0,0,1,2,1,A01
200800006842,0,7,0,13,0,1,1,A01
200800006842,0,7,0,0,0,4,23,B02
200800006842,0,7,0,1,0,1,1,C03
200800006843,0,7,0,2,0,8,1,A01
200800006844,0,7,0,0,2,3,1,A01
200800006844,0,14,0,0,2,1,1,B02
200800006845,0,30,0,0,2,1,2,A01
200800006845,0,7,0,0,2,4,2,B02
200800006846,0,10,0,13,0,1,1,A01
200800006847,0,7,0,0,2,2,15,A01
200800006847,0,2,0,0,2,1,1,B02
200800006848,0,7,0,2,0,3,13,A01
200800006849,0,7,0,0,0,8,15,A01
200800006849,0,33,0,0,0,1,17,B02
200800006850,0,7,0,0,2,3,1,A01
200800006850,0,17,0,0,2,3,1,B02
200800006851,0,7,0,0,1,3,1,A01
200800006852,0,7,0,8,0,6,1,A01
200800006853,0,7,0,0,2,1,1,A01
200800006853,0,7,0,0,2,1,13,B02
200800006854,0,7,0,5,0,0,13,A01
200800006855,0,7,0,2,0,3,1,A01
200800006856,0,7,0,6,0,3,0,A01
200800006857,0,7,0,0,2,0,1,A01
200800006857,0,7,0,0,2,1,1,B02
200800006858,0,7,0,0,2,3,1,A01
200800006858,0,7,0,0,2,3,17,B02
200800006859,0,7,0,0,2,3,13,A01
200800006859,0,7,0,0,2,2,1,B02
200800006860,0,7,0,0,2,5,15,A01
200800006860,0,30,0,0,2,2,1,B02
200800006861,0,7,0,0,2,8,13,A01
200800006861,0,15,0,0,2,6,1,B02
200800006862,0,7,0,3,0,6,13,A01
200800006863,0,7,0,13,0,9,1,A01
200800006864,0,7,0,13,0,1,0,A01
200800006865,0,32,0,0,0,1,1,A01
200800006866,0,7,0,0,0,3,13,A01
200800006866,0,7,0,0,0,3,13,B02
200800006867,0,7,0,13,0,2,1,A01
200800006868,0,7,0,0,0,2,11,A01
200800006868,0,7,0,0,0,3,1,B02
200800006869,0,7,0,0,2,3,13,A01
200800006869,0,7,0,0,2,3,1,B02
200800006870,0,33,0,0,2,1,5,A01
200800006870,0,10,0,0,2,3,10,B02
200800006871,0,30,0,0,2,1,1,A01
200800006871,0,7,0,0,2,4,23,B02
200800006872,0,30,0,0,2,1,2,A01
200800006872,0,7,0,0,2,8,15,B02
200800006873,0,30,0,0,1,1,1,A01
200800006874,0,2,0,0,2,1,1,A01
200800006874,0,33,0,0,2,3,1,B02
200800006875,0,7,0,0,2,3,2,A01
200800006875,0,10,0,0,2,5,15,B02
200800006876,0,33,0,0,2,1,13,A01
200800006876,0,7,0,0,2,1,0,B02
200800006877,0,31,0,0,2,1,19,A01
200800006877,0,10,0,0,2,3,1,B02
200800006878,0,7,0,6,0,1,1,A01
200800006879,0,33,0,13,0,8,13,A01
200800006880,0,10,0,0,0,9,1,A01
200800006880,0,7,0,14,0,1,1,B02
200800006881,0,33,0,13,0,1,1,A01
200800006882,0,7,0,3,0,3,1,A01
200800006882,0,33,0,3,0,0,1,B02
200800006883,0,7,0,0,2,5,15,A01
200800006883,0,7,0,0,2,1,1,B02
200800006884,0,7,0,0,2,2,11,A01
200800006884,2,32,0,0,2,8,13,B02
200800006885,0,7,0,0,9,1,0,A01
200800006885,0,30,0,0,2,1,15,B02
200800006886,0,14,0,0,1,2,1,A01
200800006887,0,7,0,3,0,1,1,A01
200800006888,0,7,0,2,0,1,1,A01
200800006889,0,7,0,0,2,2,15,A01
200800006889,0,7,0,0,2,3,1,B02
200800006890,0,7,0,0,1,2,19,A01
200800006891,0,7,0,0,1,2,0,A01
200800006892,0,7,0,13,0,1,14,A01
200800006892,0,7,0,1,0,2,1,B02
200800006893,0,31,0,0,2,1,1,A01
200800006893,0,7,0,0,2,1,15,B02
200800006894,0,10,0,8,0,1,6,A01
200800006895,0,7,0,0,2,1,13,A01
200800006895,0,7,0,0,2,1,1,B02
200800006895,0,7,0,0,2,7,1,C03
200800006896,0,7,0,0,1,3,1,A01
200800006897,0,7,0,0,0,3,1,A01
200800006897,0,13,0,0,0,3,15,B02
200800006898,0,7,0,0,2,3,13,A01
200800006898,0,7,0,0,2,3,1,B02
200800006899,1,7,0,0,1,1,1,A01
200800006900,0,32,0,0,0,3,1,A01
200800006900,0,10,0,0,0,3,15,B02
200800006901,0,7,0,0,2,2,15,A01
200800006901,0,30,0,0,2,1,1,B02
200800006902,0,7,0,0,1,7,1,A01
200800006902,0,7,0,0,1,1,1,B02
200800006903,0,14,0,0,2,7,14,A01
200800006903,0,30,0,0,2,1,1,B02
200800006904,0,7,0,0,2,3,15,A01
200800006904,0,7,0,0,2,1,1,B02
200800006905,0,7,0,0,2,3,16,A01
200800006905,0,2,0,0,2,1,1,B02
200800006906,0,7,0,15,0,1,1,A01
200800006907,0,7,0,0,2,7,12,A01
200800006907,0,33,0,0,2,8,18,B02
200800006908,0,99,0,0,2,1,13,A01
200800006908,0,30,0,0,2,1,1,B02
200800006909,0,31,0,12,0,7,1,A01
200800006910,0,7,0,0,9,8,1,A01
200800006910,0,1,0,0,2,1,1,B02
200800006911,0,7,0,0,2,1,19,A01
200800006911,0,2,0,0,2,7,1,B02
200800006912,0,7,0,0,2,3,5,A01
200800006912,0,17,0,0,2,3,1,B02
200800006913,0,7,0,0,2,6,15,A01
200800006913,0,32,0,0,2,1,17,B02
200800006914,0,10,0,0,2,7,1,B02
200800006914,0,7,0,0,2,3,15,A01
200800006915,0,33,0,0,2,9,1,B02
200800006915,0,7,0,0,2,2,1,C03
200800006915,0,7,0,0,2,8,16,A01
200800006916,0,30,0,11,0,1,1,A01
200800006917,0,7,0,0,2,3,1,A01
200800006917,0,7,0,0,2,3,1,B02
200800006917,0,33,0,0,2,1,17,C03
200800006918,1,7,0,0,2,1,2,A01
200800006918,0,7,0,0,2,4,15,B02
200800006919,0,7,0,0,2,7,15,A01
200800006919,0,7,0,0,2,8,1,B02
200800006919,0,7,0,0,2,8,23,C03
200800006920,0,7,0,0,0,0,1,A01
200800006921,0,33,0,10,0,1,1,A01
200800006922,0,7,0,13,2,1,13,A01
200800006922,0,17,0,13,2,2,1,B02
200800006923,0,30,0,0,2,1,1,A01
200800006923,0,10,0,0,2,2,1,B02
200800006924,0,33,0,6,0,2,1,A01
200800006925,0,7,0,0,2,1,15,A01
200800006925,0,7,0,0,2,1,1,B02
200800006926,0,7,0,3,2,4,1,A01
200800006926,0,15,0,0,2,1,1,B02
200800006927,0,7,0,0,2,3,1,A01
200800006927,0,17,0,0,2,3,1,B02
200800006928,0,7,0,13,0,3,1,A01
200800006929,0,30,0,0,2,1,2,A01
200800006929,0,7,0,0,0,4,15,B02
200800006930,0,7,0,0,2,3,1,A01
200800006930,0,7,0,0,2,3,1,B02
200800006930,0,7,0,0,2,3,1,C03
200800006931,0,7,0,0,0,0,1,C03
200800006932,0,7,0,0,0,3,1,A01
200800006933,0,7,0,0,1,2,2,A01
200800006934,0,7,0,2,0,3,13,A01
200800006935,0,7,0,0,0,0,1,A01
200800006936,0,7,0,2,0,2,1,A01
200800006937,0,7,0,0,2,7,13,A01
200800006937,0,7,0,0,2,1,1,B02
200800006937,0,7,0,0,2,1,1,C03
200800006938,0,7,0,0,2,7,13,A01
200800006938,0,7,0,0,2,1,1,B02
200800006939,0,7,0,13,0,3,13,A01
200800006940,0,7,0,0,1,2,1,A01
200800006941,0,7,0,0,0,3,13,A01
200800006941,0,7,0,0,0,3,1,B02
200800006942,0,33,0,0,0,8,13,A01
200800006942,0,7,0,0,0,8,1,B02
200800006943,0,7,0,10,0,1,13,A01
200800006944,0,7,0,0,0,1,1,A01
200800006945,0,7,0,13,0,2,1,A01
200800006946,0,7,0,0,2,1,15,A01
200800006946,0,7,0,0,2,3,1,B02
200800006947,0,7,0,6,0,1,0,A01
200800006948,0,34,0,0,2,3,1,A01
200800006948,0,7,0,0,2,2,15,B02
200800006949,0,7,0,0,1,2,15,A01
200800006950,0,7,0,0,2,3,1,A01
200800006950,0,7,0,0,2,1,1,B02
200800006951,0,33,0,0,0,1,1,A01
200800006952,0,14,0,2,0,1,1,A01
200800006953,0,7,0,0,2,3,1,A01
200800006953,0,7,0,0,2,3,1,B02
200800006954,0,7,0,0,1,3,1,A01
200800006955,0,33,0,0,2,1,13,A01
200800006955,0,7,0,0,2,6,1,B02
200800006956,0,10,0,0,1,2,1,A01
200800006957,0,10,0,0,2,1,1,A01
200800006957,0,10,0,0,2,5,13,B02
200800006958,0,7,0,0,2,7,0,A01
200800006958,0,33,0,0,2,1,1,B02
200800006959,0,7,0,13,0,7,1,A01
200800006960,0,7,0,2,0,3,1,A01
200800006961,0,7,0,0,2,3,17,A01
200800006961,0,7,0,0,2,3,1,B02
200800006962,0,7,0,0,2,5,10,A01
200800006962,0,33,0,0,0,1,1,B02
200800006963,0,7,0,13,0,2,14,A01
200800006964,0,30,0,0,0,1,1,A01
200800006965,0,7,0,2,0,3,1,A01
200800006966,0,14,0,0,2,5,4,A01
200800006966,0,7,0,0,2,2,1,B02
200800006967,0,7,0,0,1,1,1,A01
200800006968,0,7,0,6,0,1,15,A01
200800006969,0,10,0,0,2,1,1,B02
200800006969,0,7,0,0,2,1,6,A01
200800006970,0,7,0,6,0,2,1,A01
200800006971,0,7,0,0,2,2,1,A01
200800006971,0,7,0,0,2,6,1,B02
200800006972,0,17,0,0,2,7,16,A01
200800006972,0,2,0,0,2,8,18,B02
200800006973,0,2,0,0,0,7,17,A01
200800006974,0,10,0,0,0,6,15,A01
200800006974,0,33,0,2,2,1,1,B02
200800006975,0,7,0,0,2,1,13,A01
200800006975,0,7,0,0,2,3,1,B02
200800006976,0,7,0,13,0,9,14,A01
200800006977,0,33,0,0,0,8,1,A01
200800006978,0,30,0,13,0,1,1,A01
200800006979,0,7,0,6,0,1,1,A01
200800006980,0,7,0,13,0,2,1,A01
200800006981,0,7,0,0,2,1,1,A01
200800006981,0,31,0,0,2,4,1,B02
200800006982,0,7,0,0,2,1,13,A01
200800006982,0,7,0,0,2,1,1,B02
200800006982,0,7,0,0,2,1,1,C03
200800006983,0,7,0,10,0,7,1,A01
200800006984,0,7,0,8,0,1,0,A01
200800006985,0,10,0,7,0,8,1,A01
200800006986,0,33,0,0,2,1,17,A01
200800006986,0,7,0,0,2,2,1,B02
200800006986,0,7,0,0,9,3,2,C03
200800006987,0,7,0,0,2,1,13,A01
200800006987,0,7,0,0,2,1,1,B02
200800006988,0,10,0,0,1,1,15,A01
200800006989,0,31,0,0,2,1,2,A01
200800006989,0,7,0,0,2,4,2,B02
200800006990,0,7,0,2,0,0,6,A01
200800006990,0,7,0,0,2,1,1,B02
200800006991,0,2,0,0,2,1,1,A01
200800006991,0,7,0,0,2,6,15,B02
200800006992,0,7,0,6,0,2,1,A01
200800006993,0,7,0,0,2,1,6,A01
200800006993,0,7,0,0,2,8,1,B02
200800006993,0,14,0,0,2,8,1,C03
200800006994,0,1,0,0,2,0,14,A01
200800006995,0,7,0,0,2,1,13,A01
200800006995,0,7,0,0,2,1,1,B02
200800006996,0,33,0,0,0,0,1,A01
200800006997,0,7,0,13,0,3,1,A01
200800006998,0,7,0,2,0,8,1,A01
200800006999,0,30,0,6,0,1,1,A01
200800007000,0,7,0,0,2,1,17,A01
200800007000,0,7,0,0,2,6,1,B02
200800007000,0,10,0,0,2,1,1,C03
200800007000,0,7,0,6,2,1,1,D04
200800007001,0,7,0,0,9,2,0,A01
200800007001,0,2,0,0,0,4,0,B02
200800007002,0,2,0,0,2,2,1,A01
200800007002,0,7,0,0,2,1,1,B02
200800007003,0,7,0,0,1,1,21,A01
200800007004,0,7,0,0,2,6,1,A01
200800007004,0,33,0,0,2,6,1,B02
200800007005,0,7,0,0,2,7,1,A01
200800007005,0,7,0,0,2,1,1,B02
200800007006,0,15,0,0,1,2,1,A01
200800007007,0,7,0,8,0,2,2,A01
200800007008,0,7,0,0,2,3,13,A01
200800007008,0,7,0,0,0,1,1,B02
200800007008,0,10,0,0,2,3,21,C03
200800007009,0,10,0,0,9,7,1,A01
200800007009,0,1,0,0,2,1,1,B02
200800007009,0,1,0,0,2,1,1,C03
200800007010,0,7,0,0,2,3,15,A01
200800007010,0,7,0,0,2,1,1,B02
200800007011,0,10,0,0,2,1,19,A01
200800007011,0,7,0,0,2,2,1,B02
200800007012,0,7,0,0,4,2,1,A01
200800007012,0,39,0,0,2,1,1,B02
200800007013,0,14,0,0,2,5,12,A01
200800007013,0,10,0,0,2,1,1,B02
200800007014,0,7,0,13,0,2,1,A01
200800007015,0,2,0,0,2,1,17,A01
200800007015,0,7,0,0,2,3,1,B02
200800007016,0,7,0,6,0,1,1,A01
200800007017,0,7,0,0,2,3,20,A01
200800007017,0,30,0,0,2,1,1,B02
200800007018,0,7,0,0,6,3,1,A01
200800007019,0,7,0,2,0,2,1,A01
200800007020,0,7,0,0,2,3,19,A01
200800007020,0,7,0,0,2,2,1,B02
200800007021,0,14,0,0,2,3,19,A01
200800007021,0,33,0,0,2,1,1,B02
200800007022,0,31,0,0,0,0,1,A01
200800007023,0,7,0,0,0,8,19,A01
200800007023,0,7,0,0,0,1,1,B02
200800007024,0,7,0,0,2,1,15,A01
200800007024,0,7,0,0,2,1,1,B02
200800007025,0,10,0,10,0,1,1,A01
200800007026,0,7,0,0,2,1,1,A01
200800007026,0,2,0,0,0,0,13,B02
200800007027,0,7,0,0,2,1,1,A01
200800007027,0,7,0,0,2,7,19,B02
200800007028,0,7,0,0,1,2,1,A01
200800007029,0,7,0,2,0,1,1,A01
200800007030,0,7,0,13,2,1,21,A01
200800007030,0,10,0,16,0,6,2,B02
200800007031,0,33,0,12,0,0,1,A01
200800007032,0,36,0,0,2,1,21,A01
200800007032,0,33,0,0,2,1,21,B02
200800007033,0,7,0,2,0,1,1,A01
200800007034,0,7,0,2,0,1,1,A01
200800007035,0,10,0,13,0,1,14,A01
200800007036,0,30,0,6,0,7,15,A01
200800007037,0,7,0,0,2,1,1,A01
200800007037,0,7,0,0,2,7,19,B02
200800007038,0,7,0,0,0,3,10,A01
200800007038,0,36,0,0,2,1,1,B02
200800007039,0,33,0,0,0,1,19,A01
200800007039,0,7,0,0,2,2,1,B02
200800007039,0,7,0,0,2,1,1,C03
200800007040,0,7,0,15,0,7,0,A01
200800007041,0,7,0,0,2,1,13,A01
200800007041,0,14,0,0,2,3,1,B02
200800007042,0,14,0,2,0,2,1,A01
200800007043,0,7,0,0,6,2,1,A01
200800007044,0,7,0,13,0,2,0,A01
200800007045,0,33,0,0,2,1,21,A01
200800007045,0,10,0,0,2,3,1,B02
200800007046,0,33,0,0,2,1,1,A01
200800007046,0,31,0,0,2,8,1,B02
200800007046,0,31,0,0,0,0,1,C03
200800007047,0,7,0,0,2,3,13,A01
200800007047,0,7,0,0,2,3,1,B02
200800007048,0,7,0,0,2,1,1,A01
200800007048,0,7,0,0,2,4,1,B02
200800007049,0,7,0,0,1,3,1,A01
200800007050,0,7,0,0,2,3,1,A01
200800007050,0,7,0,0,2,3,1,B02
200800007051,0,2,0,0,1,1,2,A01
200800007052,0,7,0,0,1,7,1,A01
200800007053,0,33,0,0,2,1,1,A01
200800007053,0,7,0,0,2,5,15,B02
200800007054,0,33,0,12,0,1,1,A01
200800007055,0,7,0,0,2,2,19,B02
200800007055,0,7,0,0,2,1,1,A01
200800007056,0,7,0,0,2,1,15,A01
200800007056,0,33,0,0,2,1,1,B02
200800007057,0,3,0,6,0,1,1,A01
200800007058,0,21,0,13,0,5,1,A01
200800007059,0,30,0,0,1,3,1,A01
200800007060,0,2,0,0,9,1,2,A01
200800007060,0,1,0,0,0,4,2,B02
200800007061,0,33,0,0,2,1,1,B02
200800007061,0,10,0,0,2,8,19,A01
200800007062,0,7,0,13,0,3,1,A01
200800007063,0,7,0,16,0,9,1,A01
200800007064,0,33,0,14,2,1,2,A01
200800007064,0,7,0,0,2,6,2,B02
200800007065,0,7,0,0,2,3,13,A01
200800007065,0,17,0,0,2,3,1,B02
200800007066,0,7,0,0,2,3,13,A01
200800007066,0,15,0,0,2,3,1,B02
200800007067,0,7,0,8,0,7,19,A01
200800007068,0,7,0,0,2,5,1,A01
200800007068,0,7,0,0,2,6,1,B02
200800007069,0,7,0,0,1,7,21,A01
200800007070,0,7,0,0,2,7,13,A01
200800007070,0,7,0,0,2,1,1,B02
200800007071,0,7,0,0,2,3,13,A01
200800007071,0,14,0,0,2,8,1,B02
200800007072,0,38,0,0,2,2,1,A01
200800007072,0,7,0,0,2,1,1,B02
200800007073,0,7,0,0,6,1,1,A01
200800007074,0,32,0,0,2,1,1,A01
200800007074,0,7,0,0,2,3,1,B02
200800007075,0,7,0,0,2,7,19,A01
200800007075,0,7,0,0,2,1,1,B02
200800007076,0,7,0,0,0,9,13,A01
200800007077,0,7,0,0,1,1,1,A01
200800007078,0,7,0,0,2,2,9,A01
200800007078,0,7,0,0,2,5,1,B02
200800007079,0,7,0,8,0,1,1,A01
200800007080,0,7,0,0,2,5,15,A01
200800007080,0,33,0,0,2,1,1,B02
200800007081,0,7,0,0,0,6,19,A01
200800007081,0,33,0,0,0,1,1,B02
200800007082,0,7,0,8,0,3,14,A01
200800007083,0,10,0,0,2,3,15,A01
200800007083,0,30,0,0,2,1,1,B02
200800007084,0,31,0,0,2,2,17,A01
200800007084,0,7,0,0,2,3,15,B02
200800007085,0,7,0,0,2,1,1,A01
200800007085,0,7,0,0,2,4,1,B02
200800007085,0,7,0,0,2,4,1,C03
200800007085,0,7,0,0,2,4,1,D04
200800007086,0,7,0,0,2,7,13,A01
200800007086,0,7,0,0,2,1,1,B02
200800007087,0,7,0,2,0,3,13,A01
200800007088,0,7,0,0,2,1,16,A01
200800007088,0,7,0,0,2,1,1,B02
200800007089,0,7,0,0,2,3,15,A01
200800007089,0,7,0,0,2,1,1,B02
200800007090,0,7,0,2,0,3,1,A01
200800007091,0,7,0,13,0,2,14,A01
200800007092,0,30,0,12,0,1,1,A01
200800007093,0,7,0,0,1,2,21,A01
200800007094,0,7,0,4,0,3,1,A01
200800007095,0,7,0,3,0,1,1,A01
200800007096,0,2,0,0,2,1,1,A01
200800007096,0,7,0,0,2,3,15,B02
200800007097,0,17,0,4,2,9,21,A01
200800007097,0,7,0,4,0,8,21,B02
200800007097,0,7,0,4,2,0,21,C03
200800007098,0,2,0,0,2,1,1,B02
200800007098,0,7,0,0,2,5,1,A01
200800007099,0,31,0,13,0,1,1,A01
200800007100,0,7,0,3,0,3,13,A01
200800007101,0,10,0,0,2,1,1,A01
200800007101,0,15,0,0,2,4,1,B02
200800007102,0,7,0,0,2,6,17,A01
200800007102,0,7,0,0,2,3,1,B02
200800007103,0,7,0,3,0,2,12,A01
200800007104,0,7,0,0,0,9,17,A01
200800007105,0,7,0,0,0,4,2,A01
200800007105,0,37,0,0,2,1,2,B02
200800007106,0,10,0,0,2,1,14,A01
200800007106,0,15,0,0,0,6,1,B02
200800007107,0,17,0,0,0,1,14,A01
200800007108,0,10,0,3,0,2,1,A01
200800007109,0,17,0,3,0,7,15,A01
200800007110,0,38,0,0,2,2,2,A01
200800007110,0,7,0,0,0,6,2,B02
200800007111,0,7,0,0,2,6,0,A01
200800007111,0,17,0,0,2,2,1,B02
200800007112,0,7,0,0,2,2,17,A01
200800007112,0,17,0,0,0,8,1,B02
200800007113,0,7,0,3,2,7,13,A01
200800007113,0,7,0,0,2,1,1,B02
200800007114,0,7,0,0,2,1,1,A01
200800007114,0,7,0,0,2,3,1,B02
200800007115,0,7,0,0,2,2,17,A01
200800007115,0,7,0,0,2,6,1,B02
200800007116,0,7,0,0,0,9,1,A01
200800007117,0,7,0,0,2,1,2,A01
200800007117,0,17,0,0,0,4,0,B02
200800007118,0,7,0,0,0,0,0,A01
200800007119,0,7,0,4,0,3,1,A01
200800007119,0,7,0,0,2,1,1,B02
200800007119,0,7,0,0,0,0,0,C03
200800007120,0,10,0,0,2,2,1,A01
200800007120,0,7,0,0,2,5,17,B02
200800007121,0,10,0,0,2,2,17,A01
200800007121,0,17,0,0,0,6,1,B02
200800007122,0,7,0,0,1,0,14,A01
200800007123,0,7,0,0,2,1,16,A01
200800007123,0,7,0,0,2,3,15,B02
200800007124,0,7,0,0,0,0,15,A01
200800007124,0,2,0,0,0,1,1,B02
200800007125,0,33,0,0,2,1,1,A01
200800007125,0,10,0,0,0,3,10,B02
200800007126,0,7,0,0,2,8,11,A01
200800007126,0,7,0,0,2,3,17,B02
200800007127,0,7,0,0,2,0,17,A01
200800007127,0,1,0,0,2,0,2,B02
200800007128,0,7,0,0,1,2,1,A01
200800007129,0,33,0,0,2,1,0,A01
200800007129,0,7,0,6,2,8,1,B02
200800007130,0,7,0,0,2,2,1,A01
200800007130,0,17,0,0,0,0,1,B02
200800007130,0,7,0,14,0,1,1,C03
200800007131,0,7,0,4,0,1,1,A01
200800007132,0,7,0,0,1,7,13,A01
200800007132,0,17,0,0,1,1,1,B02
200800007133,0,7,0,4,0,9,21,A01
200800007134,0,14,0,13,0,2,1,A01
200800007135,0,10,0,0,1,2,1,A01
200800007136,0,7,0,0,2,1,2,A01
200800007136,0,15,0,0,0,6,1,B02
200800007137,0,7,0,13,0,2,1,A01
200800007138,0,1,0,13,0,2,1,A01
200800007139,0,7,0,10,0,3,0,A01
200800007140,0,7,0,0,0,0,0,A01
200800007141,0,7,0,0,2,1,15,A01
200800007141,0,36,0,0,2,1,1,B02
200800007142,0,7,0,0,2,2,14,A01
200800007142,0,17,0,0,2,3,21,B02
200800007142,0,17,0,0,0,0,1,C03
200800007142,0,7,0,0,2,1,1,D04
200800007142,0,7,0,0,2,8,1,E05
200800007143,0,7,0,3,0,3,1,A01
200800007144,0,7,0,13,0,1,14,A01
200800007145,0,38,0,13,0,7,1,A01
200800007146,0,7,0,16,0,1,1,A01
200800007147,0,7,0,0,2,7,13,A01
200800007147,0,7,0,0,2,1,1,B02
200800007148,0,7,0,0,2,1,17,A01
200800007148,0,7,0,0,2,6,15,B02
200800007148,0,7,0,0,2,8,1,C03
200800007149,0,7,0,0,2,1,2,A01
200800007149,0,16,0,0,0,4,23,B02
200800007150,0,7,0,3,2,1,2,A01
200800007150,0,17,0,0,2,4,2,B02
200800007151,0,7,0,0,2,2,2,A01
200800007151,0,7,0,0,2,3,1,B02
200800007152,0,7,0,4,0,1,0,A01
200800007153,0,7,0,3,0,3,13,A01
200800007154,0,14,0,3,0,3,13,A01
200800007154,0,7,0,0,2,2,2,B02
200800007154,0,7,0,13,0,6,2,C03
200800007155,0,7,0,13,0,0,1,A01
200800007156,0,33,0,0,2,1,2,A01
200800007156,0,17,0,0,0,5,2,B02
200800007157,0,7,0,0,2,3,13,A01
200800007157,0,14,0,0,2,6,1,B02
200800007157,0,20,0,0,2,2,1,C03
200800007158,0,15,0,0,2,2,12,A01
200800007158,0,7,0,0,0,6,1,B02
200800007159,0,30,0,0,0,8,1,A01
200800007160,0,17,0,1,0,2,2,A01
200800007160,0,7,0,0,0,6,23,B02
200800007161,0,14,0,0,2,3,1,A01
200800007161,0,7,0,0,2,3,1,B02
200800007162,0,7,0,13,0,1,21,A01
200800007163,0,7,0,0,2,8,2,A01
200800007163,0,38,0,0,2,3,2,B02
200800007163,0,7,0,0,2,8,24,C03
200800007163,0,7,0,0,0,5,24,D04
200800007164,0,10,0,0,2,4,2,A01
200800007164,0,17,0,0,2,1,2,B02
200800007165,0,7,0,0,2,2,15,A01
200800007165,0,33,0,0,2,1,1,B02
200800007166,0,7,0,16,0,9,17,A01
200800007167,0,14,0,0,2,8,22,A01
200800007167,0,1,0,1,0,1,1,B02
200800007168,0,17,0,0,0,5,2,A01
200800007168,0,99,0,3,2,3,2,B02
200800007169,0,10,0,0,2,2,16,A01
200800007169,0,13,0,0,2,3,1,B02
200800007170,0,7,0,0,1,1,1,A01
200800007171,0,7,0,0,2,2,13,A01
200800007171,0,7,0,0,2,1,1,B02
200800007172,0,30,0,0,2,8,1,A01
200800007172,0,30,0,0,2,7,17,B02
200800007173,0,31,0,0,2,1,2,A01
200800007173,0,7,0,0,2,4,2,B02
200800007174,0,7,0,0,2,1,9,A01
200800007174,0,7,0,0,0,2,1,B02
200800007175,0,7,0,0,1,1,1,A01
200800007176,0,7,0,3,0,3,21,A01
200800007177,0,7,0,1,0,7,13,A01
200800007178,0,7,0,0,2,3,1,A01
200800007178,0,21,0,0,2,7,15,B02
200800007179,0,10,0,2,0,1,1,A01
200800007180,0,7,0,0,2,1,1,A01
200800007180,0,7,0,2,0,8,1,B02
200800007181,0,7,0,0,2,1,17,A01
200800007181,0,14,0,0,2,4,17,B02
200800007182,0,7,0,0,2,1,15,A01
200800007182,0,7,0,0,2,3,1,B02
200800007183,0,7,0,12,0,1,1,A01
200800007184,0,7,0,0,2,3,1,A01
200800007184,0,32,0,0,2,1,1,B02
200800007185,0,7,0,0,2,2,15,A01
200800007185,0,1,0,0,2,2,1,B02
200800007186,0,7,0,0,2,1,13,A01
200800007186,0,30,0,0,2,1,1,B02
200800007187,0,7,0,0,1,3,1,A01
200800007188,0,7,0,0,2,3,9,A01
200800007188,0,1,0,0,2,4,9,B02
200800007189,0,7,0,6,0,3,13,A01
200800007190,0,7,0,0,2,1,15,A01
200800007190,0,30,0,0,2,8,1,B02
200800007191,0,2,0,0,2,1,17,A01
200800007191,0,7,0,0,2,8,15,B02
200800007192,0,14,0,0,2,6,16,A01
200800007192,0,1,0,0,2,9,16,B02
200800007193,0,31,0,0,2,2,9,A01
200800007193,0,7,0,0,2,3,1,B02
200800007194,0,7,0,0,2,3,19,A01
200800007194,0,2,0,0,2,1,1,B02
200800007195,0,7,0,0,2,2,15,A01
200800007195,0,2,0,0,2,1,1,B02
200800007196,0,7,0,0,2,2,17,A01
200800007196,0,15,0,0,0,6,1,B02
200800007197,0,7,0,0,0,1,2,A01
200800007198,0,30,0,0,0,0,1,A01
200800007199,0,10,0,2,0,3,1,A01
200800007200,0,7,0,13,0,2,1,A01
200800007201,0,7,0,0,2,1,2,A01
200800007201,0,15,0,0,2,6,2,B02
200800007202,0,2,0,0,2,1,1,A01
200800007202,0,7,0,0,2,1,15,B02
200800007203,0,7,0,3,0,1,14,A01
200800007203,0,7,0,1,0,1,2,B02
200800007204,0,7,0,13,0,9,17,A01
200800007205,0,7,0,0,2,2,15,A01
200800007205,0,30,0,0,2,1,1,B02
200800007206,0,7,0,0,0,0,19,A01
200800007206,0,7,0,6,0,1,21,B02
200800007207,0,7,0,3,0,1,1,A01