Num_Acc,senc,catv,occutc,obs,obsm,choc,manv,num_veh
200800007208,0,7,0,3,0,9,0,A01
200800007209,0,10,0,0,2,3,2,A01
200800007209,0,17,0,0,0,0,2,B02
200800007210,0,7,0,0,2,2,13,A01
200800007210,0,2,0,0,2,2,1,B02
200800007211,0,7,0,0,2,2,2,A01
200800007211,0,31,0,0,2,4,2,B02
200800007212,0,7,0,13,0,3,1,A01
200800007213,0,7,0,4,0,8,0,A01
200800007213,0,7,0,13,0,0,1,B02
200800007213,0,7,0,13,2,1,1,C03
200800007213,0,7,0,0,0,0,1,D04
200800007213,0,7,0,0,0,0,1,E05
200800007213,0,7,0,1,0,1,1,F06
200800007214,0,7,0,0,2,8,9,A01
200800007214,0,7,0,0,2,1,1,B02
200800007215,0,17,0,0,9,0,23,A01
200800007215,0,7,0,14,0,1,1,B01
200800007216,0,33,0,0,2,3,0,A01
200800007217,0,7,0,0,2,3,1,A01
200800007217,0,30,0,0,2,1,15,B02
200800007218,0,20,0,0,1,3,1,A01
200800007219,0,7,0,4,0,1,1,A01
200800007220,0,7,0,0,2,8,11,A01
200800007220,0,7,0,0,2,7,17,B02
200800007220,0,17,0,0,2,3,1,C03
200800007221,0,17,0,0,2,6,2,A01
200800007221,0,10,0,0,2,2,17,B02
200800007222,0,17,0,0,2,6,13,A01
200800007222,0,7,0,4,2,2,1,B02
200800007223,0,7,0,0,2,2,1,A01
200800007223,0,1,0,0,0,8,19,B02
200800007224,0,7,0,13,0,1,17,A01
200800007225,0,10,0,4,0,2,21,A01
200800007226,0,33,0,0,2,8,5,A01
200800007226,0,7,0,0,2,8,5,B02
200800007227,0,33,0,0,2,1,5,A01
200800007227,0,10,0,0,2,1,5,B02
200800007228,0,7,0,0,1,2,1,A01
200800007229,0,7,0,0,1,1,1,A01
200800007230,0,7,0,3,0,9,1,A01
200800007231,0,7,0,6,0,1,14,A01
200800007232,0,7,0,0,2,7,13,A01
200800007232,0,7,0,0,2,1,1,B02
200800007232,0,7,0,0,2,1,2,C03
200800007233,0,33,0,0,2,2,1,A01
200800007233,0,7,0,0,2,1,15,B02
200800007234,0,7,0,0,2,1,1,B02
200800007234,0,7,0,0,2,7,19,A01
200800007235,0,7,0,13,0,7,1,A01
200800007236,0,7,0,13,0,9,1,A01
200800007237,0,7,0,0,0,2,16,A01
200800007237,0,33,0,0,0,1,1,B02
200800007238,0,7,0,0,0,3,13,A01
200800007238,0,7,0,0,0,3,1,B02
200800007239,0,7,0,15,0,1,1,A01
200800007240,0,33,0,0,2,3,1,A01
200800007240,0,7,0,0,2,5,17,B02
200800007241,0,7,0,0,2,3,15,A01
200800007241,0,33,0,0,2,1,17,B02
200800007242,0,7,0,0,2,3,1,A01
200800007242,0,7,0,0,2,3,17,B02
200800007243,0,33,0,2,0,1,1,A01
200800007244,0,10,0,16,0,7,14,A01
200800007245,0,7,0,0,2,1,13,A01
200800007245,0,7,0,0,2,1,1,B02
200800007246,0,7,0,1,1,3,1,A01
200800007246,0,14,0,0,0,6,23,B02
200800007247,0,7,0,6,0,1,1,A01
200800007248,0,7,0,2,0,1,1,A01
200800007249,0,7,0,0,1,1,1,A01
200800007250,0,7,0,13,0,1,14,A01
200800007251,0,2,0,0,2,3,0,A01
200800007251,0,7,0,0,2,3,4,B02
200800007251,0,7,0,0,2,3,5,C03
200800007252,0,2,0,15,0,1,0,A01
200800007253,0,7,0,0,1,2,1,A01
200800007254,0,7,0,0,1,3,15,A01
200800007255,0,7,0,13,0,2,0,A01
200800007256,0,7,0,13,0,7,1,A01
200800007257,0,7,0,13,0,1,1,A01
200800007258,0,7,0,0,2,2,1,A01
200800007258,0,7,0,0,2,6,11,B02
200800007259,0,1,0,0,2,1,1,B01
200800007259,0,7,0,0,2,1,15,A01
200800007260,0,7,0,0,1,3,15,A01
200800007261,0,7,0,0,2,2,1,B01
200800007261,0,1,0,0,2,1,1,A01
200800007262,0,7,0,0,2,3,15,B01
200800007262,0,33,0,0,2,1,21,A01
200800007263,0,7,0,0,2,2,15,A01
200800007263,0,7,0,0,2,1,1,B01
200800007264,0,1,0,0,2,8,1,B01
200800007264,0,7,0,0,2,1,0,A01
200800007265,0,7,0,0,2,1,1,C01
200800007265,0,7,0,0,2,6,1,B01
200800007265,0,7,0,0,2,3,19,A01
200800007266,0,7,0,0,1,1,1,A01
200800007267,0,7,0,0,2,3,1,A01
200800007267,0,2,0,0,2,1,1,B01
200800007268,0,7,0,0,2,1,19,A01
200800007268,0,7,0,0,1,5,1,B01
200800007269,0,7,0,2,0,7,17,A01
200800007270,0,7,0,0,1,6,4,A01
200800007271,0,2,0,0,2,1,0,A01
200800007271,0,7,0,0,2,2,1,B01
200800007272,0,7,0,0,1,3,1,A01
200800007273,0,2,0,0,2,1,1,A01
200800007273,0,13,0,0,2,3,9,B01
200800007274,0,7,0,0,2,0,9,A01
200800007274,0,2,0,0,2,7,1,B01
200800007275,0,7,0,0,2,2,15,A01
200800007275,0,33,0,0,2,1,1,B01
200800007276,0,37,20,0,2,7,17,A01
200800007276,0,1,0,0,2,6,1,B01
200800007277,0,7,0,0,1,1,1,A01
200800007278,0,2,0,14,0,1,1,A01
200800007278,0,7,0,0,9,4,23,B01
200800007279,0,17,0,0,0,0,1,A01
200800007279,0,7,0,0,2,1,1,B01
200800007279,0,7,0,0,2,1,13,C01
200800007280,0,7,0,6,0,1,16,A01
200800007281,0,7,0,0,1,1,1,A01
200800007282,0,7,0,6,0,1,1,A01
200800007283,0,2,0,15,0,1,2,A01
200800007284,0,7,0,0,2,3,13,A01
200800007284,0,7,0,0,2,3,1,B01
200800007285,0,7,0,0,1,5,1,A01
200800007286,0,30,0,0,1,1,2,A01
200800007287,0,7,0,0,0,6,2,A01
200800007287,0,33,0,0,2,1,2,B01
200800007288,0,33,0,0,2,1,17,A01
200800007288,0,7,0,0,2,3,15,B01
200800007289,0,2,0,0,2,1,9,B01
200800007289,0,7,0,0,2,2,9,A01
200800007290,0,7,0,13,0,7,2,A01
200800007291,0,7,0,0,1,8,4,A01
200800007292,0,7,0,0,1,4,4,A01
200800007293,0,7,0,0,1,1,1,A01
200800007294,0,7,0,0,2,3,1,B01
200800007294,0,2,0,0,2,1,1,A01
200800007295,0,7,0,0,2,2,16,B01
200800007295,0,2,0,0,2,2,18,A01
200800007296,0,7,0,0,1,4,4,A01
200800007297,0,7,0,0,1,1,2,A01
200800007297,0,7,0,0,0,4,2,B01
200800007298,0,7,0,0,2,2,15,A01
200800007298,0,2,0,0,2,1,1,B01
200800007299,0,7,0,1,2,1,1,B01
200800007299,0,7,0,0,2,2,1,A01
200800007300,0,1,0,0,2,1,5,A01
200800007300,0,7,0,0,2,3,1,B01
200800007301,0,7,0,0,2,8,2,A01
200800007301,0,33,0,0,2,7,2,B01
200800007302,0,7,0,8,0,1,1,A01
200800007303,0,1,0,0,2,8,19,A01
200800007303,0,10,0,0,2,3,1,B01
200800007304,0,7,0,0,2,7,15,A01
200800007304,0,30,0,0,2,7,1,B01
200800007305,0,15,0,0,2,1,1,B01
200800007305,0,7,0,0,2,1,11,A01
200800007305,0,10,0,0,2,3,1,C01
200800007306,0,7,0,0,2,1,1,A01
200800007306,0,7,0,0,2,1,15,B01
200800007307,0,7,0,6,0,1,11,A01
200800007308,0,7,0,0,1,3,1,A01
200800007309,0,7,0,0,2,5,15,A01
200800007309,0,33,0,0,2,1,1,B01
200800007310,0,7,0,0,2,7,1,B01
200800007310,0,7,0,0,2,1,1,A01
200800007311,0,33,0,0,2,3,1,A01
200800007311,0,7,0,0,2,3,1,B01
200800007312,0,10,0,0,2,1,19,A01
200800007312,0,7,0,1,2,5,2,B01
200800007313,0,7,0,0,1,4,4,A01
200800007314,0,7,0,0,2,0,2,A01
200800007314,0,33,0,0,0,4,2,B01
200800007315,0,7,0,0,1,6,1,A01
200800007316,0,31,0,0,2,1,1,A01
200800007316,0,7,0,0,2,8,1,B01
200800007317,0,13,0,0,1,0,15,A01
200800007318,0,7,0,0,2,3,0,A01
200800007318,0,33,0,0,2,1,1,B01
200800007319,0,7,0,0,2,6,15,A01
200800007319,0,2,0,0,2,1,1,B01
200800007320,0,2,0,0,0,0,0,A01
200800007320,0,7,0,0,0,0,0,B01
200800007321,0,7,0,0,1,3,1,A01
200800007322,0,7,0,0,2,6,15,B01
200800007322,0,32,0,0,2,1,17,A01
200800007323,0,30,0,0,2,1,1,A01
200800007323,0,7,0,0,2,4,15,B01
200800007324,0,7,0,0,2,2,15,A01
200800007324,0,2,0,0,2,1,1,B01
200800007325,0,7,0,0,2,3,9,A01
200800007325,0,2,0,0,2,1,1,B01
200800007326,0,14,0,0,2,8,1,A01
200800007326,0,7,0,0,2,3,1,B01
200800007326,0,33,0,0,2,1,1,C01
200800007327,0,7,0,0,2,3,15,A01
200800007327,0,2,0,0,2,1,1,B01
200800007328,0,7,0,0,1,2,1,A01
200800007329,0,7,0,0,1,2,1,A01
200800007330,0,7,0,0,1,2,1,A01
200800007331,0,30,0,0,2,1,1,B01
200800007331,0,7,0,0,2,1,15,A01
200800007332,0,7,0,0,2,2,1,A01
200800007332,0,1,0,0,2,7,1,B01
200800007333,0,7,0,0,2,2,1,B01
200800007333,0,7,0,0,2,1,1,A01
200800007334,0,7,0,0,2,1,15,A01
200800007334,0,33,0,0,2,7,1,B01
200800007335,0,7,0,0,2,1,2,A01
200800007335,0,7,0,0,2,4,2,B01
200800007336,0,7,0,0,2,1,1,B01
200800007336,0,7,0,0,2,7,15,A01
200800007337,0,7,0,0,2,1,2,A01
200800007337,0,10,0,0,2,4,2,B01
200800007338,0,17,0,0,1,8,15,A01
200800007339,0,7,0,0,1,2,1,A01
200800007340,0,7,0,0,2,2,15,A01
200800007340,0,33,0,1,2,7,1,B01
200800007341,0,7,0,0,2,3,9,A01
200800007341,0,2,0,0,2,7,1,B01
200800007342,0,7,0,0,2,3,10,A01
200800007342,0,30,0,0,2,1,2,B01
200800007343,0,7,0,0,2,8,20,A01
200800007343,0,33,0,0,2,1,17,B01
200800007344,0,7,0,0,2,1,15,A01
200800007344,0,33,0,0,2,1,1,B01
200800007345,0,2,0,0,2,1,1,B01
200800007345,0,7,0,0,2,1,15,A01
200800007346,0,7,0,0,2,7,15,A01
200800007346,0,32,0,0,2,1,1,B01
200800007347,0,31,0,0,2,1,1,A01
200800007347,0,7,0,0,2,3,0,B01
200800007348,0,7,0,0,2,3,15,B01
200800007348,0,7,0,0,2,1,1,A01
200800007349,0,7,0,0,2,2,15,A01
200800007349,0,30,0,0,2,1,8,B01
200800007350,0,30,0,0,2,1,15,A01
200800007350,0,7,0,0,2,3,15,B01
200800007351,0,31,0,0,1,1,1,A01
200800007352,0,7,0,0,2,2,10,A01
200800007352,0,33,0,0,2,1,1,B01
200800007353,0,7,0,0,2,1,0,A01
200800007353,0,2,0,0,2,1,0,B01
200800007354,0,14,0,0,2,0,13,A01
200800007354,0,7,0,0,2,1,1,B01
200800007355,0,7,0,0,2,2,1,A01
200800007355,0,32,0,0,2,8,1,B01
200800007356,0,10,0,0,2,1,2,A01
200800007356,0,7,0,0,2,4,1,B01
200800007357,0,7,0,0,1,1,1,A01
200800007358,0,7,0,0,2,2,0,A01
200800007359,0,30,0,1,2,1,2,A01
200800007359,0,7,0,0,2,4,23,B01
200800007360,0,7,0,0,2,1,0,A01
200800007360,0,30,0,0,2,1,1,B01
200800007361,0,7,0,0,2,2,20,A01
200800007361,0,32,0,0,2,1,0,B01
200800007362,0,10,0,0,2,1,1,A01
200800007362,0,7,0,0,2,3,1,B01
200800007363,0,7,0,0,2,3,2,A01
200800007363,0,7,0,0,2,1,1,B01
200800007364,0,7,0,0,1,1,1,A01
200800007365,0,10,0,0,0,6,15,A01
200800007365,0,32,0,0,2,1,1,B01
200800007366,0,31,0,0,2,1,17,A01
200800007366,0,7,0,0,0,8,15,B01
200800007367,0,7,0,8,0,2,15,A01
200800007368,0,30,0,0,0,0,0,A01
200800007369,0,7,0,0,2,2,13,A01
200800007369,0,7,0,0,2,1,1,B01
200800007370,0,33,0,1,2,1,17,A01
200800007370,0,7,0,0,0,8,15,B01
200800007371,0,7,0,0,2,1,2,A01
200800007371,0,33,0,0,0,4,1,B01
200800007372,0,7,0,0,2,1,1,A01
200800007372,0,7,0,0,0,4,1,B01
200800007373,1,30,0,0,1,1,17,A01
200800007374,0,2,0,12,0,1,0,A01
200800007375,0,30,0,8,0,0,0,A01
200800007376,0,30,0,0,2,1,13,A01
200800007376,0,7,0,0,0,8,1,B01
200800007377,0,31,0,0,0,0,1,A01
200800007378,0,30,0,0,0,0,1,A01
200800007379,0,30,0,0,0,0,0,A01
200800007380,0,7,0,0,2,1,2,A01
200800007380,0,7,0,0,2,4,2,B01
200800007380,0,7,0,0,0,4,2,C01
200800007381,0,7,0,0,2,8,15,A01
200800007381,0,10,0,0,2,3,1,B01
200800007382,0,30,0,0,2,1,2,A01
200800007382,0,7,0,0,0,4,1,B01
200800007383,0,30,0,0,0,0,0,A01
200800007384,0,7,0,0,0,9,0,A01
200800007385,0,7,0,2,0,1,13,A01
200800007386,0,2,0,0,0,0,0,A01
200800007387,0,32,0,0,1,3,1,A01
200800007388,1,7,0,0,1,0,0,A01
200800007389,0,2,0,0,2,1,17,A01
200800007389,0,2,0,0,2,1,1,B01
200800007390,0,7,0,0,1,1,1,A01
200800007391,0,33,0,12,0,1,1,A01
200800007391,0,33,0,0,0,7,2,B01
200800007391,1,10,0,0,0,0,15,C01
200800007392,0,7,0,0,0,4,4,A01
200800007392,0,2,0,0,2,1,1,B01
200800007393,0,2,0,0,1,1,1,A01
200800007394,0,7,0,0,1,1,1,A01
200800007395,0,32,0,0,2,1,1,B01
200800007395,0,7,0,0,0,3,15,A01
200800007396,1,32,0,0,2,1,1,A01
200800007396,0,33,0,0,2,1,23,B01
200800007397,0,32,0,0,0,1,1,A01
200800007397,0,30,0,0,2,1,17,B01
200800007398,0,7,0,1,0,1,14,A01
200800007399,0,7,0,0,2,3,15,B01
200800007399,0,7,0,0,2,1,1,A01
200800007400,0,33,0,0,2,1,1,B01
200800007400,0,7,0,0,2,2,15,A01
200800007401,0,7,0,0,2,4,23,C01
200800007401,0,7,0,0,2,4,23,B01
200800007401,0,7,0,0,2,1,2,A01
200800007402,0,7,0,0,2,8,0,A01
200800007402,0,31,0,0,2,1,1,B01
200800007403,0,7,0,0,2,3,2,B01
200800007403,0,7,0,0,2,1,2,A01
200800007404,0,7,0,0,2,5,22,C01
200800007404,0,7,0,0,2,9,23,B01
200800007404,0,7,0,0,2,2,1,A01
200800007405,0,2,0,0,2,1,1,B01
200800007405,0,7,0,0,2,3,15,A01
200800007406,0,13,0,6,2,8,1,B01
200800007406,0,13,0,0,2,1,1,A01
200800007407,0,7,0,0,2,1,2,A01
200800007407,0,7,0,1,2,6,2,B01
200800007408,0,2,0,0,1,1,1,A01
200800007409,0,37,1,0,2,5,15,B01
200800007409,0,33,0,0,2,8,3,A01
200800007410,0,7,0,6,2,8,1,A01
200800007410,1,7,0,0,2,3,17,B01
200800007411,0,7,0,0,2,2,9,B01
200800007411,0,1,0,0,2,0,2,A01
200800007412,1,7,0,0,2,0,0,A01
200800007412,0,33,0,0,2,1,0,B01
200800007413,0,2,0,0,1,1,0,A01
200800007414,0,10,0,0,1,4,4,A01
200800007415,0,7,0,0,2,4,23,E01
200800007415,0,7,0,14,2,4,23,D01
200800007415,0,7,0,14,2,4,23,C01
200800007415,0,7,0,14,2,8,1,B01
200800007415,0,7,0,0,2,1,9,A01
200800007416,0,7,0,0,2,2,14,B01
200800007416,0,31,0,0,2,3,2,A01
200800007417,0,7,0,0,2,8,15,B01
200800007417,0,2,0,0,2,1,5,A01
200800007418,0,2,0,0,2,1,1,B01
200800007418,0,2,0,0,2,5,9,A01
200800007419,0,33,0,0,2,1,1,B01
200800007419,0,7,0,0,2,1,15,A01
200800007420,0,7,0,0,1,3,1,A01
200800007421,0,7,0,0,2,6,15,B01
200800007421,0,31,0,0,2,1,1,A01
200800007422,0,2,0,0,2,3,2,B01
200800007422,0,7,0,0,2,3,15,A01
200800007423,0,7,0,0,2,4,23,C01
200800007423,0,7,0,14,2,4,2,B01
200800007423,0,7,0,14,0,1,1,A01
200800007424,0,7,0,0,0,4,2,D01
200800007424,0,10,0,14,0,4,2,C01
200800007424,0,7,0,14,0,4,2,B01
200800007424,0,10,0,14,0,1,2,A01
200800007425,0,7,0,0,2,3,9,A01
200800007425,0,31,0,1,2,1,2,C01
200800007425,0,33,0,0,2,2,2,B01
200800007426,0,2,0,0,2,1,1,B01
200800007426,0,7,0,0,2,4,4,A01
200800007427,0,7,0,0,2,4,1,B01
200800007427,0,7,0,14,0,1,1,A01
200800007428,0,7,0,8,0,3,0,A01
200800007429,0,7,0,1,2,6,1,B01
200800007429,0,7,0,0,2,1,1,A01
200800007430,0,32,0,0,2,8,1,B01
200800007430,0,7,0,0,2,0,1,A01
200800007431,0,7,0,0,2,8,9,A01
200800007431,0,2,0,0,2,1,2,B01
200800007432,1,1,0,0,2,4,2,A01
200800007432,0,32,0,0,2,1,1,B01
200800007433,0,7,0,0,0,0,9,B01
200800007433,0,2,0,0,0,0,5,A01
200800007434,0,7,0,0,1,2,1,A01
200800007435,0,2,0,0,4,3,1,B01
200800007435,0,38,0,0,2,7,1,A01
200800007436,0,33,0,0,0,4,2,B01
200800007436,0,7,0,6,2,1,2,A01
200800007437,0,14,0,0,2,1,2,C01
200800007437,0,7,0,0,2,3,2,B01
200800007437,0,33,0,0,2,0,13,A01
200800007438,0,2,0,0,2,3,17,B01
200800007438,0,32,0,0,2,1,15,A01
200800007439,0,7,0,2,0,0,0,A01
200800007440,0,7,0,0,1,0,17,A01
200800007441,0,33,0,0,2,8,17,B01
200800007441,0,7,0,0,2,8,15,A01
200800007442,0,32,0,0,2,7,1,A01
200800007442,0,7,0,0,2,3,1,B01
200800007443,0,7,0,0,2,7,0,A01
200800007443,0,2,0,0,2,1,0,B01
200800007444,0,33,0,0,0,1,1,A01
200800007445,0,7,0,0,2,7,1,C01
200800007445,0,32,0,0,2,1,1,B01
200800007445,0,7,0,0,2,8,20,A01
200800007446,0,33,0,0,2,1,1,B01
200800007446,0,7,0,1,2,5,1,A01
200800007447,0,2,0,14,0,1,2,A01
200800007447,0,2,0,0,0,0,23,B01
200800007448,0,1,0,0,2,1,19,B01
200800007448,0,7,0,0,1,3,1,A01
200800007449,0,33,0,0,2,1,1,B01
200800007449,0,7,0,0,2,5,19,A01
200800007450,0,1,0,0,0,8,1,B01
200800007450,0,15,0,0,2,0,14,A01
200800007451,0,7,0,0,2,1,1,B01
200800007451,0,7,0,0,2,7,1,A01
200800007452,0,32,0,0,2,1,21,B01
200800007452,0,7,0,0,2,3,15,A01
200800007453,0,7,0,0,1,1,1,A01
200800007454,0,33,0,0,2,1,1,B01
200800007454,0,7,0,0,2,3,9,A01
200800007455,0,7,0,0,0,4,2,B01
200800007455,0,7,0,14,0,1,2,A01
200800007456,0,33,0,0,1,1,1,A01
200800007457,0,32,0,0,2,1,1,B01
200800007457,0,7,0,0,2,0,15,A01
200800007458,0,7,0,0,2,2,18,A01
200800007458,0,33,0,0,2,3,1,B01
200800007459,0,7,0,0,2,3,2,B01
200800007459,0,2,0,0,2,2,2,A01
200800007460,0,32,0,1,2,1,13,A01
200800007460,0,7,0,0,2,3,21,B01
200800007461,0,10,0,0,1,2,1,A01
200800007462,0,2,0,0,2,1,7,A01
200800007462,0,7,0,0,2,5,16,B01
200800007463,0,7,0,0,1,1,1,A01
200800007464,0,7,0,0,2,1,1,A01
200800007464,0,33,0,0,2,1,1,B01
200800007465,0,7,0,0,2,3,15,A01
200800007465,0,2,0,0,2,1,1,B01
200800007466,0,2,0,0,0,1,13,A01
200800007466,0,7,0,1,0,1,14,B01
200800007467,0,7,0,0,2,2,8,A01
200800007467,0,33,0,0,2,1,1,B01
200800007468,0,33,0,0,2,1,18,A01
200800007468,0,7,0,0,2,7,16,B01
200800007469,0,7,0,0,2,3,13,A01
200800007469,0,7,0,0,2,3,1,B01
200800007470,0,7,0,0,2,1,16,A01
200800007470,0,2,0,0,2,4,16,B01
200800007471,0,7,0,0,1,1,1,A01
200800007472,0,7,0,0,2,1,2,A01
200800007472,0,7,0,0,2,4,2,B01
200800007472,1,7,0,0,2,4,2,C01
200800007473,1,7,0,0,0,0,1,A01
200800007473,0,31,0,0,0,0,1,B01
200800007474,0,2,0,0,2,1,1,A01
200800007474,0,37,0,0,2,2,1,B01
200800007475,0,7,0,0,1,4,4,A01
200800007476,0,33,0,1,2,9,21,A01
200800007476,0,7,0,0,2,0,10,B01
200800007477,0,7,0,9,0,1,0,A01
200800007478,0,2,0,0,0,0,1,A01
200800007479,0,2,0,0,2,8,9,A01
200800007479,0,10,0,0,2,1,1,B01
200800007480,0,7,0,2,0,1,0,A01
200800007481,0,7,0,0,0,7,15,A01
200800007481,0,2,0,0,2,1,1,B01
200800007482,0,2,0,0,2,1,1,A01
200800007482,0,33,0,0,2,2,1,B01
200800007483,1,33,0,1,1,0,0,A01
200800007484,0,7,0,0,2,8,11,A01
200800007484,0,14,0,0,2,1,1,B01
200800007485,1,7,0,0,0,0,1,A01
200800007485,0,33,0,0,0,7,1,B01
200800007486,0,99,0,1,2,1,9,A01
200800007486,0,10,0,0,2,1,1,B01
200800007487,0,2,0,0,1,1,1,A01
200800007488,0,33,0,0,2,7,1,A01
200800007488,0,7,0,0,2,3,1,B01
200800007489,0,33,0,0,1,1,1,A01
200800007490,0,7,0,0,1,1,9,A01
200800007491,0,7,0,0,2,1,2,A01
200800007491,0,7,0,0,2,4,2,B01
200800007491,0,7,0,0,2,4,2,C01
200800007491,0,7,0,0,2,8,9,D01
200800007492,0,10,0,0,0,8,20,A01
200800007492,0,2,0,0,2,1,1,B01
200800007493,0,7,0,0,2,1,1,A01
200800007493,0,7,0,0,2,4,1,B01
200800007494,0,7,0,5,2,3,0,A01
200800007494,0,7,0,6,2,3,0,B01
200800007495,0,7,0,0,2,2,1,B01
200800007495,0,2,0,0,2,1,1,A01
200800007496,0,32,0,0,2,1,1,B01
200800007496,0,7,0,0,2,4,4,A01
200800007497,0,7,0,0,2,7,10,A01
200800007497,0,32,0,0,2,1,1,B01
200800007498,0,7,0,0,2,3,15,A01
200800007498,0,31,0,0,2,9,1,B01
200800007499,0,2,0,0,2,1,2,A01
200800007499,0,2,0,0,2,1,2,B01
200800007499,0,7,0,0,2,4,1,C01
200800007499,0,7,0,0,0,0,9,D01
200800007500,0,7,0,0,2,2,16,A01
200800007500,0,33,0,0,2,1,1,B01
200800007501,0,7,0,0,2,1,1,A01
200800007501,0,7,0,0,1,1,1,B01
200800007502,1,7,0,0,2,7,2,A01
200800007502,0,1,0,0,2,8,2,B01
200800007503,0,7,0,16,0,1,13,A01
200800007504,0,33,0,0,2,7,1,B01
200800007504,0,7,0,0,2,1,15,A01
200800007505,0,7,0,0,1,5,2,B01
200800007505,0,30,0,0,2,1,2,A01
200800007506,0,7,0,0,2,8,1,A01
200800007506,0,14,0,0,2,1,1,B01
200800007507,0,7,0,0,2,1,1,B01
200800007507,0,7,0,0,2,3,1,A01
200800007508,0,7,0,0,1,1,15,A01
200800007509,0,7,0,0,1,1,1,A01
200800007510,0,20,0,0,2,2,17,A01
200800007510,0,7,0,0,0,3,15,B01
200800007511,0,7,0,16,0,9,1,A01
200800007512,0,7,0,0,0,1,2,A01
200800007512,0,7,0,0,0,4,2,B01
200800007513,0,2,0,0,2,1,1,B01
200800007513,0,7,0,0,2,8,15,A01
200800007514,0,1,0,0,1,1,1,A01
200800007515,0,7,0,0,2,3,15,A01
200800007515,0,30,0,0,2,1,1,B01
200800007516,0,3,0,8,0,9,1,A01
200800007517,0,7,0,0,2,1,1,B01
200800007517,0,2,0,1,0,1,1,C01
200800007517,0,7,0,0,2,3,16,A01
200800007518,0,7,0,0,2,2,16,A01
200800007518,0,30,0,0,2,1,2,B01
200800007519,0,33,0,0,2,8,17,A01
200800007519,0,7,0,0,2,8,1,B01
200800007520,0,7,0,0,2,2,15,A01
200800007520,0,33,0,0,2,1,1,B01
200800007521,0,2,0,0,2,1,5,A01
200800007521,0,10,0,0,2,2,1,B01
200800007522,0,7,0,13,0,3,1,A01
200800007522,0,30,0,0,2,3,15,B01
200800007523,0,33,0,12,0,0,1,A01
200800007524,0,2,0,0,2,1,17,A01
200800007524,0,7,0,0,9,3,15,B01
200800007525,0,7,0,0,2,3,15,A01
200800007525,0,30,0,0,2,2,1,B01
200800007526,0,10,0,0,2,2,2,A01
200800007526,0,1,0,0,2,1,2,B01
200800007527,0,7,0,0,1,2,1,A01
200800007528,0,7,0,0,2,1,15,A01
200800007528,0,2,0,0,2,1,1,B01
200800007529,0,2,0,0,2,1,1,B01
200800007529,0,7,0,0,2,7,1,A01
200800007530,0,7,0,13,0,9,1,A01
200800007531,0,33,0,0,2,7,1,B01
200800007531,0,10,0,0,0,5,19,A01
200800007532,1,7,0,0,1,1,1,A01
200800007533,0,30,0,0,1,1,1,A01
200800007534,0,33,0,8,0,1,17,A01
200800007535,0,7,0,0,2,7,1,B01
200800007535,0,7,0,0,2,1,19,A01
200800007536,0,31,0,12,0,1,1,A01
200800007537,0,7,0,0,0,1,2,A01
200800007537,1,7,0,1,0,2,2,B01
200800007538,0,7,0,0,0,0,0,B01
200800007538,1,7,0,0,2,0,0,A01
200800007539,1,38,0,0,2,1,2,A01
200800007539,0,7,0,0,2,4,2,B01
200800007540,0,7,0,0,2,2,15,A01
200800007540,0,33,0,0,2,1,1,B01
200800007541,0,36,0,0,0,7,15,A01
200800007542,1,7,0,1,0,1,2,A01
200800007542,0,7,0,0,2,4,23,B01
200800007543,0,2,0,15,2,6,1,A01
200800007543,1,7,0,0,2,0,2,B01
200800007544,0,37,0,0,1,7,20,A01
200800007545,0,7,0,0,0,0,17,A01
200800007545,0,1,0,0,0,0,1,B01
200800007546,0,7,0,2,0,0,0,A01
200800007547,0,7,0,0,2,1,1,A01
200800007547,0,7,0,0,2,4,1,B01
200800007548,0,7,0,0,2,3,9,A01
200800007548,0,31,0,0,2,1,1,B01
200800007549,0,99,0,0,2,0,15,A01
200800007549,0,7,0,0,2,0,1,B01
200800007549,0,7,0,0,2,0,1,C01
200800007550,0,7,0,0,1,1,1,A01
200800007551,0,7,0,0,2,7,16,A01
200800007551,0,1,0,0,2,1,5,B01
200800007552,0,7,0,0,2,3,15,A01
200800007552,0,32,0,0,2,1,0,B01
200800007553,0,31,0,0,2,2,17,A01
200800007553,0,7,0,0,2,8,15,B01
200800007554,0,7,0,0,1,7,16,A01
200800007555,0,7,0,0,2,1,13,A01
200800007555,0,37,1,0,2,3,1,B01
200800007556,0,7,0,3,2,5,17,A01
200800007556,0,99,0,0,2,1,1,B01
200800007557,0,7,0,0,1,1,1,A01
200800007558,0,7,1,0,2,2,15,A01
200800007558,0,30,0,0,2,1,2,B01
200800007559,0,7,0,0,0,8,23,B01
200800007559,0,7,0,0,1,2,14,A01
200800007560,0,7,0,0,2,1,18,A01
200800007560,0,7,0,0,2,5,16,B01
200800007561,0,7,0,0,0,3,19,A01
200800007561,0,7,0,0,0,3,0,B01
200800007562,1,7,0,0,1,1,1,A01
200800007563,0,7,0,0,2,1,2,A01
200800007563,0,7,0,0,2,4,2,B01
200800007564,1,7,0,0,1,1,10,A01
200800007565,0,7,0,0,2,8,10,A01
200800007565,0,33,0,0,0,0,0,B01
200800007566,0,7,0,0,2,3,9,A01
200800007566,0,30,0,0,2,2,14,B01
200800007567,0,7,0,0,2,1,2,A01
200800007567,0,7,0,0,0,4,2,B01
200800007568,1,7,0,0,1,4,4,A01
200800007569,0,30,0,0,2,5,19,A01