Num_Acc,senc,catv,occutc,obs,obsm,choc,manv,num_veh
200800007569,0,7,0,0,2,1,1,B01
200800007570,0,33,0,0,2,1,1,B01
200800007570,0,99,0,0,2,5,1,A01
200800007571,0,7,0,0,2,6,10,A01
200800007571,0,32,0,0,2,1,1,B01
200800007572,0,7,0,0,1,1,0,A01
200800007573,0,7,0,0,2,3,15,A01
200800007573,0,30,0,0,2,1,17,B01
200800007574,0,7,0,0,2,1,1,A01
200800007574,0,7,0,0,0,4,1,B01
200800007575,0,33,0,1,0,8,1,A01
200800007576,1,34,0,0,1,7,2,A01
200800007577,0,7,0,0,1,2,2,A01
200800007578,0,34,0,1,1,0,0,A01
200800007579,0,7,0,0,2,4,2,A01
200800007579,0,7,0,0,0,0,2,B01
200800007579,1,7,0,0,0,0,0,C01
200800007580,0,7,0,0,2,1,1,A01
200800007580,0,7,0,0,0,4,1,B01
200800007581,0,7,0,0,2,8,15,A01
200800007581,0,30,0,0,2,1,14,B01
200800007582,0,30,0,0,2,1,1,A01
200800007582,0,7,0,0,2,3,15,B01
200800007583,0,10,0,0,0,1,2,A01
200800007583,0,10,0,0,0,4,2,B01
200800007584,0,7,0,3,0,3,1,A01
200800007585,0,14,0,0,2,2,15,A01
200800007585,0,7,0,0,2,6,15,B01
200800007586,0,7,0,0,2,8,11,A01
200800007586,0,30,0,0,2,2,1,B01
200800007587,1,7,0,0,1,4,4,A01
200800007588,0,2,0,0,0,0,0,A01
200800007589,0,7,0,13,0,0,19,A01
200800007590,0,7,0,0,2,3,15,A01
200800007590,0,32,0,0,2,1,1,B01
200800007591,0,2,0,0,2,1,2,A01
200800007591,0,7,0,0,2,3,1,B01
200800007592,0,30,0,0,2,1,3,B01
200800007592,1,7,0,0,2,1,3,A01
200800007593,0,7,0,0,0,9,1,A01
200800007594,0,7,0,0,2,5,1,B01
200800007594,0,7,0,0,2,1,1,A01
200800007595,1,1,0,0,1,1,0,A01
200800007596,0,7,0,1,0,7,14,A01
200800007596,0,7,0,1,0,0,0,B01
200800007596,0,7,0,0,2,7,24,C01
200800007597,0,30,0,0,1,1,1,A01
200800007598,0,7,0,0,1,4,4,A01
200800007599,1,15,0,0,2,0,9,A01
200800007599,0,7,0,0,2,1,1,B01
200800007600,0,7,0,0,2,2,1,A01
200800007600,0,7,0,0,2,3,1,B01
200800007601,0,7,0,0,2,3,15,A01
200800007601,0,30,0,0,2,7,1,B01
200800007602,0,7,0,0,2,8,9,A01
200800007602,0,34,0,0,2,2,17,B01
200800007603,0,7,0,0,2,7,15,A01
200800007603,0,30,0,0,2,1,1,B01
200800007604,0,32,0,0,2,1,1,A01
200800007604,0,7,0,0,2,1,15,B01
200800007605,0,30,0,0,2,1,13,A01
200800007605,0,7,0,0,2,3,1,B01
200800007606,1,7,0,0,2,3,13,A01
200800007606,0,30,0,0,2,7,21,B01
200800007607,0,33,0,0,2,1,1,A01
200800007607,0,7,0,0,2,3,9,B01
200800007608,0,7,0,0,1,7,2,A01
200800007609,0,30,0,0,2,9,2,A01
200800007609,0,7,0,0,2,6,23,B01
200800007610,0,30,0,0,2,1,5,A01
200800007610,0,7,0,0,2,3,2,B01
200800007611,0,33,0,0,2,1,0,A01
200800007611,0,7,0,0,2,7,2,B01
200800007612,0,30,0,0,2,1,2,A01
200800007612,0,7,0,0,2,3,9,B01
200800007613,2,7,0,0,1,1,1,A01
200800007614,0,14,0,0,2,5,2,A01
200800007614,0,2,0,0,2,1,2,B01
200800007615,1,7,0,0,0,0,0,A01
200800007615,0,7,0,0,0,8,15,B01
200800007616,0,7,0,0,2,3,16,A01
200800007616,0,7,0,0,2,3,1,B01
200800007617,0,7,0,0,1,2,1,A01
200800007618,0,7,0,0,2,1,2,A01
200800007618,0,7,0,0,2,4,2,B01
200800007619,0,7,0,0,1,1,15,A01
200800007620,0,7,0,0,1,2,1,A01
200800007621,0,7,0,0,0,1,2,A01
200800007621,0,7,0,0,0,4,2,B01
200800007622,0,7,0,12,0,2,1,A01
200800007623,0,7,0,8,0,1,1,A01
200800007624,0,7,0,2,0,1,1,A01
200800007625,0,7,0,0,2,2,9,A01
200800007625,0,32,0,0,2,7,17,B01
200800007626,0,7,0,0,2,8,0,A01
200800007626,0,7,0,0,2,3,0,B01
200800007627,0,2,0,0,2,7,1,A01
200800007627,0,7,0,0,2,6,15,B01
200800007628,0,7,0,0,0,0,1,A01
200800007628,0,33,0,0,2,1,21,B01
200800007628,0,7,0,0,2,8,1,C01
200800007629,0,32,0,0,1,1,1,A01
200800007630,0,30,0,0,2,8,19,A01
200800007630,0,7,0,0,2,1,1,B01
200800007631,0,30,0,0,2,1,7,A01
200800007631,0,7,0,0,2,2,16,B01
200800007632,0,7,0,0,2,2,1,B01
200800007632,0,7,0,0,2,3,1,A01
200800007633,0,7,0,0,1,1,1,A01
200800007634,0,7,0,0,1,3,1,A01
200800007635,0,7,0,14,0,1,2,A01
200800007636,0,10,0,0,2,1,6,A01
200800007636,0,7,0,0,2,3,1,B01
200800007637,0,10,0,0,2,2,2,A01
200800007637,0,7,0,0,2,6,2,B01
200800007638,0,7,0,0,2,1,2,A01
200800007638,0,7,0,0,2,4,2,B01
200800007639,0,7,0,0,2,1,2,A01
200800007639,0,7,0,0,0,4,3,B01
200800007639,0,7,0,0,2,1,2,C01
200800007640,0,7,0,0,2,8,1,A01
200800007640,0,32,0,0,2,7,17,B01
200800007641,1,7,0,0,0,0,0,A01
200800007641,0,30,0,0,0,1,1,B01
200800007642,0,7,0,0,1,2,15,A01
200800007643,0,7,0,0,1,2,1,A01
200800007644,0,10,0,0,2,6,13,A01
200800007644,0,33,0,0,2,7,1,B01
200800007645,0,7,0,0,2,5,1,B01
200800007645,0,7,0,0,2,3,16,A01
200800007646,0,7,0,0,2,1,1,A01
200800007646,0,7,0,0,2,1,1,B01
200800007647,0,7,0,0,2,1,1,A01
200800007647,0,7,0,0,2,3,1,B01
200800007648,0,33,0,0,2,9,1,A01
200800007648,0,31,0,0,2,3,1,B01
200800007649,0,32,0,0,0,0,1,A01
200800007649,0,7,0,0,0,6,1,B01
200800007650,0,2,0,0,1,1,1,A01
200800007651,0,2,0,0,2,3,0,B01
200800007651,1,7,0,0,9,0,0,A01
200800007652,0,99,0,0,2,1,1,A01
200800007652,0,99,0,1,2,7,1,B01
200800007653,0,7,0,0,9,3,15,A01
200800007653,0,30,0,0,2,1,17,B01
200800007654,0,2,0,0,0,0,1,A01
200800007655,0,32,0,0,0,0,0,A01
200800007656,0,7,0,0,2,8,13,A01
200800007656,0,7,0,0,2,2,15,B01
200800007657,0,32,0,1,0,0,1,A01
200800007658,0,7,0,0,1,0,1,A01
200800007659,0,30,0,0,2,1,17,A01
200800007659,0,7,0,0,9,6,15,B01
200800007660,0,7,0,0,2,3,15,A01
200800007660,0,31,0,0,2,8,1,B01
200800007661,0,10,0,1,2,3,17,A01
200800007661,0,15,0,0,2,3,1,B01
200800007662,0,34,0,0,2,1,1,A01
200800007662,0,15,0,0,2,3,3,B01
200800007663,0,7,0,0,2,4,1,A01
200800007663,0,7,0,0,2,4,1,B01
200800007664,0,7,0,1,2,3,15,B01
200800007664,0,32,0,0,2,3,5,A01
200800007665,0,7,0,0,2,1,2,A01
200800007665,0,7,0,0,2,1,2,B01
200800007666,0,2,0,1,2,1,17,A01
200800007666,0,7,0,0,2,3,15,B01
200800007667,0,7,0,0,2,1,2,B01
200800007667,2,7,0,0,2,1,1,A01
200800007668,0,33,0,11,0,1,1,A01
200800007669,0,7,0,1,2,2,1,A01
200800007670,0,30,0,0,2,3,1,A01
200800007670,0,7,0,0,2,1,1,B01
200800007671,0,30,0,0,0,3,1,A01
200800007672,0,7,0,0,0,2,2,A01
200800007672,0,7,0,0,0,4,2,B01
200800007672,0,38,0,0,0,6,2,C01
200800007673,1,7,0,0,2,3,16,B01
200800007673,0,7,0,0,2,3,15,A01
200800007674,0,37,0,0,2,2,1,A01
200800007674,0,7,0,0,2,4,1,B01
200800007674,0,7,0,0,2,4,1,C01
200800007675,0,7,0,0,2,7,16,B01
200800007675,0,7,0,0,2,3,9,A01
200800007676,0,30,0,0,1,8,1,A01
200800007677,0,7,0,0,1,2,2,A01
200800007678,0,7,0,0,2,2,0,A01
200800007678,0,7,0,0,2,3,1,B01
200800007679,0,30,0,0,0,0,0,A01
200800007680,0,7,0,0,2,1,1,A01
200800007680,0,10,0,0,2,5,15,B01
200800007681,0,7,0,0,2,2,19,A01
200800007681,0,1,0,0,2,3,19,B01
200800007682,0,7,0,0,1,3,1,A01
200800007683,0,30,0,0,1,1,1,A01
200800007684,0,1,0,0,1,1,2,A01
200800007685,0,2,0,0,2,7,1,B01
200800007685,0,7,0,0,2,2,15,A01
200800007686,1,7,0,0,2,1,10,A01
200800007686,0,33,0,0,2,1,2,B01
200800007687,0,10,0,0,1,2,1,A01
200800007688,0,7,0,0,0,0,0,A01
200800007688,0,30,0,0,0,0,0,B01
200800007689,0,7,0,8,0,1,13,A01
200800007690,0,30,0,0,1,1,1,A01
200800007691,0,32,0,0,2,1,1,A01
200800007691,0,7,0,0,2,0,9,B01
200800007692,0,7,0,0,2,1,2,A01
200800007692,0,7,0,0,2,4,2,B01
200800007693,0,7,0,2,0,1,0,A01
200800007694,0,30,0,0,2,2,2,A01
200800007694,0,7,0,0,2,3,1,B01
200800007695,0,7,0,0,2,1,2,A01
200800007695,0,7,0,0,0,4,2,B01
200800007696,0,30,0,12,0,0,1,A01
200800007697,0,34,0,4,0,7,0,A01
200800007698,1,34,0,0,0,0,0,A01
200800007699,0,7,0,0,2,4,2,A01
200800007699,1,7,0,0,0,0,0,B01
200800007700,0,30,0,0,0,0,0,A01
200800007700,0,7,0,0,0,0,0,B01
200800007701,0,7,0,0,0,0,0,B01
200800007701,0,32,0,0,0,0,0,A01
200800007702,0,31,0,2,2,8,21,A01
200800007702,0,7,0,0,2,1,23,B01
200800007703,0,2,0,0,0,0,0,A01
200800007704,0,30,0,0,2,1,2,A01
200800007704,0,7,0,0,0,6,1,B01
200800007705,0,7,0,0,2,2,19,A01
200800007705,0,32,0,0,2,1,1,B01
200800007706,0,37,43,0,2,1,0,A01
200800007706,0,13,0,0,2,7,0,B01
200800007707,0,30,0,0,2,1,15,B01
200800007707,0,7,0,0,2,2,1,A01
200800007708,0,34,0,0,2,1,17,A01
200800007708,0,7,0,0,2,3,1,B01
200800007709,0,7,0,0,0,1,2,A01
200800007709,0,7,0,0,0,4,1,B01
200800007710,0,7,0,0,2,8,15,A01
200800007710,0,32,0,0,2,1,1,B01
200800007711,0,7,0,0,2,1,2,A01
200800007711,0,7,0,0,1,4,2,B01
200800007711,0,7,0,0,2,4,2,C01
200800007712,0,30,0,0,2,1,2,A01
200800007712,0,7,0,0,2,4,24,B01
200800007713,0,32,0,0,1,1,2,B01
200800007714,0,7,0,0,2,1,9,A01
200800007714,0,7,0,8,2,7,2,B01
200800007715,0,7,0,0,0,0,0,A01
200800007715,0,33,0,0,0,0,14,B01
200800007716,0,7,0,0,2,1,2,A01
200800007716,0,7,0,0,2,4,23,B01
200800007717,0,7,0,0,2,3,15,A01
200800007717,0,31,0,0,2,2,2,B01
200800007718,0,99,0,0,2,2,9,A01
200800007718,0,37,50,0,2,1,2,B01
200800007719,0,7,0,0,2,1,2,A01
200800007719,0,7,0,0,2,1,2,B01
200800007719,0,7,0,0,2,4,0,C01
200800007720,0,7,0,1,2,2,15,A01
200800007720,0,7,0,0,2,3,0,B01
200800007721,0,14,0,0,2,2,9,A01
200800007721,0,7,0,0,2,8,9,B01
200800007722,0,7,0,0,2,1,15,B01
200800007722,0,2,0,0,2,8,15,A01
200800007723,0,37,0,0,1,2,7,A01
200800007724,0,7,0,0,2,1,2,A01
200800007724,0,7,0,0,2,4,2,B01
200800007725,1,7,0,0,0,0,0,A01
200800007726,0,7,0,0,0,0,15,A01
200800007726,0,31,0,0,2,0,21,B01
200800007727,1,7,0,0,1,0,0,A01
200800007728,0,7,0,0,2,2,2,A01
200800007728,0,7,0,0,0,4,2,B01
200800007729,0,7,0,0,2,2,15,A01
200800007729,0,32,0,0,2,1,1,B01
200800007730,0,7,0,0,2,1,13,A01
200800007730,0,7,0,0,2,2,1,B01
200800007731,0,7,0,0,1,3,15,A01
200800007732,0,7,0,0,2,3,11,A01
200800007732,0,1,0,0,2,1,0,B01
200800007733,0,7,0,0,2,1,0,A01
200800007733,0,7,0,0,2,4,0,B01
200800007733,0,7,0,0,2,6,23,C01
200800007734,0,7,0,1,0,9,1,A01
200800007735,0,7,0,0,9,7,17,A01
200800007735,0,1,0,0,2,0,2,B01
200800007736,0,14,0,0,2,1,2,A01
200800007736,0,32,0,0,0,4,15,B01
200800007737,0,33,0,0,2,2,17,B01
200800007737,0,7,0,0,2,3,20,A01
200800007738,0,7,0,0,2,3,15,A01
200800007738,0,34,0,0,2,3,1,B01
200800007739,0,7,0,0,2,1,15,A01
200800007739,0,7,0,0,2,8,1,B01
200800007740,0,7,0,0,2,3,15,A01
200800007740,0,30,0,0,2,2,17,B01
200800007741,0,30,0,0,0,1,13,A01
200800007742,0,33,0,0,2,0,1,A01
200800007742,0,7,0,0,2,0,16,B01
200800007743,0,7,0,0,2,1,5,A01
200800007743,0,30,0,0,2,9,1,B01
200800007744,0,7,0,6,0,1,2,A01
200800007745,0,7,0,0,2,1,16,A01
200800007745,0,7,0,0,2,4,23,B01
200800007746,0,31,0,0,0,0,1,A01
200800007747,0,7,0,0,2,1,15,A01
200800007747,0,30,0,0,2,1,17,B01
200800007748,0,32,0,0,2,0,0,A01
200800007748,0,33,0,0,2,0,0,B01
200800007749,0,7,0,0,0,1,19,A01
200800007749,0,31,0,0,0,6,7,B01
200800007750,0,1,0,0,1,1,5,A01
200800007751,0,7,0,0,1,1,0,A01
200800007752,0,30,0,0,2,1,2,A01
200800007752,0,10,0,0,0,5,1,B01
200800007753,0,10,0,14,0,3,21,A01
200800007753,0,7,0,14,0,2,21,B01
200800007753,0,7,0,14,0,2,21,C01
200800007754,0,7,0,6,0,1,0,A01
200800007755,0,7,0,0,2,1,2,A01
200800007755,0,7,0,0,2,4,23,B01
200800007755,0,7,0,0,2,4,23,C01
200800007756,0,20,0,0,2,8,15,A01
200800007756,0,33,0,0,2,1,1,B01
200800007757,0,7,0,0,2,1,2,A01
200800007757,0,7,0,0,0,4,2,B01
200800007758,0,33,0,0,2,2,1,A01
200800007758,0,1,0,0,2,3,15,B01
200800007759,0,7,0,0,1,3,1,B01
200800007759,0,2,0,0,2,2,1,A01
200800007760,0,2,0,0,1,1,1,A01
200800007761,0,7,0,1,0,2,1,A01
200800007762,0,32,0,0,2,1,1,A01
200800007762,0,7,0,0,2,1,17,B01
200800007763,0,7,0,0,1,1,0,A01
200800007764,0,7,0,0,1,1,1,A01
200800007765,0,7,0,0,2,1,1,A01
200800007765,0,7,0,0,2,4,1,B01
200800007765,0,7,0,0,0,4,1,C01
200800007766,0,7,0,0,2,1,2,A01
200800007766,0,7,0,0,2,4,2,B01
200800007767,0,7,0,0,9,1,2,A01
200800007767,0,31,0,0,2,8,2,B01
200800007768,0,7,0,0,2,2,2,A01
200800007768,0,34,0,0,2,1,2,B01
200800007769,0,7,0,0,1,1,4,A01
200800007770,0,34,0,0,1,1,1,A01
200800007771,0,7,0,8,0,0,0,A01
200800007772,0,7,0,6,0,1,14,A01
200800007773,0,7,0,0,1,5,4,A01
200800007774,0,7,0,0,2,3,15,A01
200800007774,0,34,0,0,2,1,1,B01
200800007775,0,7,0,0,0,0,0,A01
200800007775,0,7,0,0,0,0,0,B01
200800007776,0,33,0,0,0,8,2,A01
200800007777,0,7,0,0,2,3,2,A01
200800007777,0,33,0,0,2,1,2,B01
200800007778,0,7,0,0,1,1,0,A01
200800007779,0,2,0,0,2,8,9,A01
200800007779,0,33,0,0,2,8,19,B01
200800007780,0,7,0,0,2,1,1,A01
200800007780,0,7,0,0,2,0,0,B01
200800007781,0,31,0,0,0,7,1,A01
200800007782,0,2,0,0,1,1,1,A01
200800007782,0,7,0,0,9,6,2,B01
200800007782,0,7,0,0,9,3,3,C01
200800007783,0,14,0,0,2,3,9,A01
200800007783,0,31,0,0,1,1,1,B01
200800007784,0,7,0,0,2,1,5,A01
200800007784,0,7,0,0,2,1,2,B01
200800007785,0,7,0,0,1,0,23,A01
200800007786,0,7,0,0,2,8,10,A01
200800007786,0,7,0,0,2,1,1,B01
200800007787,0,33,0,0,2,1,1,B01
200800007787,0,10,0,0,2,3,15,A01
200800007788,0,7,0,0,2,7,10,A01
200800007788,0,33,0,0,2,1,1,B01
200800007789,0,2,0,0,2,2,19,A01
200800007789,0,7,0,0,2,1,2,B01
200800007790,0,7,0,15,0,9,2,A01
200800007791,0,7,0,0,2,1,12,A01
200800007791,0,14,0,0,0,7,16,B01
200800007792,0,14,0,0,1,8,5,A01
200800007793,0,10,0,16,0,9,0,A01
200800007794,0,7,0,0,9,6,2,A01
200800007794,0,30,0,0,9,8,9,B01
200800007795,0,7,0,0,2,8,15,A01
200800007795,0,30,0,0,2,0,2,B01
200800007796,1,7,0,0,0,0,9,A01
200800007796,0,30,0,0,2,1,1,B01
200800007797,0,33,0,0,2,3,1,B01
200800007797,0,7,0,0,2,7,9,A01
200800007798,0,7,0,0,1,2,1,A01
200800007799,0,7,0,0,2,2,12,A01
200800007799,0,2,0,0,2,4,1,B01
200800007800,0,10,0,1,0,3,0,A01
200800007800,0,1,0,0,0,1,1,B01
200800007801,0,7,0,0,1,1,1,A01
200800007802,0,7,0,0,2,3,19,A01
200800007802,0,31,0,0,2,1,1,B01
200800007803,0,7,0,0,1,3,11,A01
200800007803,1,7,0,0,0,0,19,B01
200800007804,0,10,0,0,1,2,1,A01
200800007805,0,31,0,0,2,1,2,B01
200800007805,0,7,0,0,2,2,15,A01
200800007806,0,7,0,0,1,2,1,A01
200800007807,0,30,0,7,0,1,1,A01
200800007808,1,99,0,0,2,5,12,A01
200800007808,0,7,0,0,0,3,2,B01
200800007809,0,7,0,0,1,3,16,A01
200800007810,1,7,0,0,9,1,1,A01
200800007810,0,1,0,0,0,4,2,B01
200800007811,0,7,0,0,2,1,1,B01
200800007811,0,7,0,0,2,1,15,A01
200800007812,1,7,0,0,1,0,0,A01
200800007813,0,7,0,0,2,7,13,A01
200800007813,0,7,0,0,0,1,1,B01
200800007814,0,33,0,0,0,0,1,A01
200800007815,0,7,0,0,2,3,9,A01
200800007815,0,7,0,0,2,3,13,B01
200800007815,0,33,0,0,0,7,1,C01
200800007816,1,7,0,0,2,1,1,A01
200800007816,0,7,0,0,0,4,1,B01
200800007817,0,7,0,13,0,9,14,A01
200800007818,0,2,0,0,1,0,1,A01
200800007819,0,7,0,0,1,1,15,A01
200800007820,0,7,0,6,0,1,1,A01
200800007821,0,7,0,0,1,3,1,A01
200800007822,0,7,0,0,2,1,13,A01
200800007822,0,7,0,0,2,1,2,B01
200800007823,0,7,0,0,2,1,13,A01
200800007823,0,17,0,0,2,7,1,B01
200800007823,0,7,0,0,2,1,1,C01
200800007823,0,7,0,0,2,7,1,D01
200800007824,0,30,0,0,2,4,15,A01
200800007824,0,33,0,0,2,1,1,B01
200800007825,0,7,0,0,2,3,15,B01
200800007825,0,2,0,0,2,2,17,A01
200800007826,0,10,0,0,2,3,20,A01
200800007826,0,33,0,0,2,7,1,B01
200800007827,0,10,0,0,2,2,15,A01
200800007827,0,33,0,0,2,2,1,B01
200800007828,0,10,0,0,1,1,1,A01
200800007829,0,7,0,0,2,1,5,A01
200800007829,0,30,0,0,2,1,1,B01
200800007830,0,7,0,0,1,1,1,A01
200800007831,0,7,0,0,2,8,1,B01
200800007831,0,2,0,0,2,1,1,A01
200800007832,0,30,0,1,0,7,1,A01
200800007832,0,7,0,0,2,8,24,B01
200800007833,0,30,0,0,2,1,1,A01
200800007833,0,7,0,0,2,4,1,B01
200800007834,0,30,0,0,2,1,1,A01
200800007834,0,7,0,0,2,3,1,B01
200800007835,0,7,0,0,2,3,15,A01
200800007835,0,30,0,0,2,1,17,B01
200800007836,0,7,0,0,2,7,15,A01
200800007836,0,7,0,0,2,1,1,B01
200800007837,0,7,0,16,0,1,14,A01
200800007838,0,7,0,0,2,1,1,B01
200800007838,0,7,0,14,2,8,1,A01
200800007839,0,7,0,0,2,1,1,A01
200800007839,0,7,0,0,2,4,1,B01
200800007839,0,7,0,0,2,4,1,C01
200800007840,0,7,0,7,0,2,14,A01
200800007841,0,33,0,0,2,1,1,A01
200800007841,0,7,0,0,2,4,1,B01
200800007842,0,7,0,0,2,2,1,A01
200800007842,0,1,0,0,2,5,1,B01
200800007843,0,7,0,0,2,1,1,A01
200800007843,0,7,0,0,2,1,1,B01
200800007843,0,7,0,0,2,4,1,C01
200800007844,0,7,0,0,2,7,15,A01
200800007844,0,7,0,0,2,1,1,B01
200800007845,0,7,0,0,2,3,9,A01
200800007845,0,33,0,0,2,2,7,B01
200800007846,0,7,0,0,2,4,23,A01
200800007846,0,33,0,0,2,1,2,B01
200800007847,0,7,0,0,0,1,1,A01
200800007848,0,7,0,0,2,1,1,A01
200800007848,0,1,0,0,2,7,1,B01
200800007849,0,30,0,0,1,5,1,A01
200800007850,0,7,0,0,2,8,10,A01
200800007850,0,7,0,0,2,1,1,B01
200800007851,0,7,0,3,0,3,9,A01
200800007852,0,7,0,0,1,1,1,A01
200800007853,0,7,0,0,2,2,15,A01
200800007853,0,7,0,0,2,3,1,B01
200800007854,0,30,0,0,2,1,1,B01
200800007854,0,7,0,0,2,2,15,A01
200800007855,0,7,0,0,2,1,13,A01
200800007855,0,7,0,0,2,3,1,B01
200800007856,0,7,0,0,2,3,1,B01
200800007856,0,2,0,0,2,1,1,A01
200800007857,0,7,0,0,2,8,15,A01
200800007857,0,30,0,0,2,1,1,B01
200800007858,0,17,0,0,2,8,13,A01
200800007858,0,7,0,0,2,8,1,B01
200800007859,0,7,0,0,2,1,1,A01
200800007859,0,7,0,0,2,4,1,B01
200800007859,0,7,0,0,2,4,1,C01
200800007859,0,7,0,0,2,4,1,D01
200800007860,0,7,0,0,1,3,1,A01
200800007861,0,7,0,0,2,1,1,A01
200800007861,0,7,0,0,2,3,1,B01
200800007862,0,30,0,0,2,1,0,A01
200800007862,0,30,0,0,2,8,1,B01
200800007863,0,7,0,0,2,3,0,A01
200800007863,0,7,0,0,2,1,1,B01
200800007864,0,7,0,0,2,8,17,A01
200800007864,0,33,0,0,2,7,17,B01
200800007865,0,2,0,0,1,1,1,A01
200800007866,0,7,0,0,2,7,1,A01
200800007866,0,7,0,0,2,1,1,B01
200800007867,0,7,0,0,0,1,1,A01
200800007868,0,2,0,0,0,1,1,A01
200800007869,0,7,0,0,2,1,2,A01
200800007869,0,7,0,0,0,4,15,B01
200800007870,0,7,0,15,2,9,13,A01
200800007870,0,7,0,0,2,1,1,B01
200800007871,0,7,0,0,0,9,14,A01
200800007872,0,7,0,0,2,3,15,A01
200800007872,0,7,0,0,2,2,1,B01
200800007873,0,2,0,0,0,7,23,A01
200800007874,0,7,0,4,2,1,1,A01
200800007874,0,7,0,0,2,3,1,B01
200800007875,0,7,0,0,0,0,11,A01
200800007875,0,7,0,3,0,8,1,B01
200800007876,0,10,0,0,1,1,1,A01
200800007877,0,2,0,0,0,1,1,A01
200800007878,0,7,0,0,1,8,1,A01
200800007879,0,7,0,0,0,8,15,B01
200800007879,0,2,0,0,2,1,17,A01
200800007880,0,7,0,1,0,2,1,A01
200800007881,0,7,0,0,2,7,15,A01
200800007881,0,33,0,0,2,1,1,B01
200800007882,0,7,0,0,5,9,1,A01
200800007883,0,7,0,0,2,1,13,A01
200800007883,0,7,0,0,2,1,2,B01
200800007883,0,7,0,0,2,6,2,C01
200800007884,0,7,0,0,1,7,4,A01
200800007885,0,7,0,0,9,2,16,A01
200800007885,0,1,0,0,2,3,5,B01
200800007886,0,2,0,0,2,1,1,A01
200800007886,0,99,0,0,2,8,9,B01
200800007887,0,37,1,0,1,2,1,A01
200800007888,0,7,0,0,2,5,1,B01
200800007888,0,7,0,0,2,1,9,A01
200800007889,0,7,0,0,2,3,9,B01
200800007889,0,30,0,0,2,1,5,A01
200800007890,0,7,0,0,2,3,1,B01
200800007890,0,10,0,0,2,1,15,A01
200800007891,1,3,0,0,2,2,15,B01
200800007891,0,2,0,0,2,1,1,A01
200800007892,0,7,0,0,2,3,15,A01
200800007892,0,33,0,0,2,1,1,B01
200800007893,0,33,0,0,2,1,17,A01
200800007893,0,7,0,0,2,3,15,B01
200800007894,0,7,0,0,2,8,15,B01
200800007894,0,2,0,0,2,8,17,A01
200800007895,0,7,0,0,2,1,2,A01
200800007895,0,7,0,0,2,4,2,B01
200800007896,0,7,0,0,2,1,15,A01
200800007896,0,2,0,0,2,1,1,B01
200800007897,0,7,0,0,2,2,2,A01
200800007897,0,7,0,0,1,6,2,B01
200800007898,0,7,0,0,2,7,1,A01
200800007898,0,1,0,0,2,8,1,B01
200800007899,0,7,0,0,2,7,9,A01
200800007899,0,7,0,0,2,1,1,B01
200800007900,0,10,0,0,2,1,2,A01
200800007900,0,7,0,0,2,1,0,B01
200800007901,0,10,0,0,1,1,1,A01
200800007902,0,7,0,0,2,1,2,A01
200800007902,0,10,0,0,2,5,16,B01
200800007903,0,7,0,0,2,1,2,A01
200800007903,0,7,0,0,2,4,2,B01
200800007903,0,7,0,0,2,4,2,C01
200800007903,0,7,0,0,2,4,2,D01
200800007904,0,7,0,0,2,5,15,A01
200800007904,0,2,0,0,2,1,9,B01
200800007905,0,10,0,0,2,1,1,A01
200800007905,0,10,0,0,2,4,2,B01
200800007905,0,7,0,0,2,8,1,C01
200800007906,0,2,0,0,2,1,1,A01
200800007906,0,7,0,0,2,3,1,B01
200800007907,0,2,0,0,2,7,17,A01
200800007907,0,7,0,0,2,8,15,B01
200800007908,0,7,0,0,1,1,1,A01
200800007909,0,1,0,0,2,1,1,B01
200800007909,0,10,0,0,2,3,1,A01
200800007910,0,1,0,0,2,8,1,B01
200800007911,0,7,0,11,0,1,13,A01
200800007912,0,37,1,0,1,2,1,A01
200800007913,0,7,0,0,2,1,1,B01
200800007913,0,7,0,0,2,7,1,A01
200800007914,0,7,0,0,2,3,20,A01
200800007914,0,2,0,0,2,1,1,B01
200800007915,0,2,0,0,2,5,16,A01
200800007915,0,7,0,0,2,3,23,B01
200800007916,1,1,0,0,2,1,1,A01
200800007916,0,1,0,0,2,1,1,B01
200800007917,0,31,0,0,2,1,1,A01
200800007917,0,1,0,0,2,2,15,B01
200800007918,0,7,0,0,1,2,1,A01
200800007919,0,7,0,0,1,1,1,A01
200800007920,0,7,0,0,2,1,2,A01
200800007920,0,7,0,0,2,4,23,B01
200800007920,0,3,0,0,2,4,23,C01
200800007921,0,2,0,0,2,1,2,A01
200800007921,0,7,0,0,2,6,1,B01
200800007922,0,7,0,0,2,3,11,A01
200800007922,0,33,0,0,2,2,1,B01
200800007923,1,7,0,0,0,0,12,A01
200800007923,0,7,0,12,0,3,1,B01
200800007924,0,7,0,0,1,1,1,A01
200800007925,0,7,0,0,1,2,1,A01
200800007926,0,7,0,0,2,2,19,A01
200800007926,0,33,0,0,2,1,1,B01
200800007927,0,7,0,0,2,4,1,A01
200800007927,0,7,0,0,2,3,23,B01
200800007928,0,7,0,0,1,3,1,A01
200800007929,0,7,0,0,2,7,1,B01
200800007929,0,7,0,0,2,1,1,A01
200800007930,0,7,0,0,1,1,1,A01
200800007931,0,2,0,0,2,1,1,B01
200800007931,0,7,0,0,2,3,15,A01
200800007932,0,7,0,0,2,1,2,A01
200800007932,0,2,0,0,2,4,2,B01
200800007933,0,7,0,0,1,2,1,A01
200800007934,0,2,0,0,0,9,0,A01
200800007935,0,7,0,0,2,1,1,A01
200800007935,0,7,0,0,2,3,15,B01