Num_Acc,senc,catv,occutc,obs,obsm,choc,manv,num_veh
200800007936,0,7,0,0,2,8,10,A01
200800007936,0,2,0,0,2,1,1,B01
200800007937,0,7,0,0,1,3,1,A01
200800007938,0,7,0,0,2,3,15,A01
200800007938,0,31,0,0,2,1,1,B01
200800007939,0,7,0,0,2,8,1,B01
200800007939,0,7,0,0,2,1,1,A01
200800007940,0,30,0,0,2,1,2,A01
200800007940,0,7,0,0,2,4,2,B01
200800007941,0,7,0,0,1,1,1,A01
200800007942,0,2,0,0,2,1,2,A01
200800007942,0,7,0,0,2,4,2,B01
200800007943,0,2,0,0,2,1,2,A01
200800007943,0,10,0,0,2,6,1,B01
200800007944,0,7,0,0,2,3,15,A01
200800007944,0,2,0,0,2,1,17,B01
200800007945,0,13,0,0,2,2,17,A01
200800007945,0,30,0,0,2,6,15,B01
200800007946,0,7,0,0,0,9,13,A01
200800007947,0,30,0,0,0,7,1,A01
200800007948,0,7,0,1,2,1,15,A01
200800007948,0,7,0,0,2,1,1,B01
200800007949,0,7,0,0,2,1,2,A01
200800007949,0,7,0,0,2,4,2,B01
200800007949,0,7,0,0,2,4,2,C01
200800007950,0,7,0,3,0,1,1,A01
200800007951,0,10,0,0,2,1,15,A01
200800007951,0,7,0,0,2,1,0,B01
200800007952,0,7,0,0,2,1,1,A01
200800007952,0,7,0,0,2,1,1,B01
200800007953,0,7,0,0,2,7,15,A01
200800007953,0,7,0,0,2,2,1,B01
200800007954,0,7,0,0,1,3,1,A01
200800007955,0,7,0,0,0,1,1,A01
200800007956,0,7,0,6,0,6,1,A01
200800007957,0,7,0,2,0,7,1,A01
200800007958,0,7,0,0,2,1,2,A01
200800007958,0,7,0,0,2,4,2,B01
200800007959,0,10,0,0,2,3,1,B01
200800007959,0,1,0,0,2,4,19,A01
200800007960,0,7,0,0,2,1,2,A01
200800007960,0,7,0,0,2,4,2,B01
200800007961,0,7,0,0,2,1,2,A01
200800007961,0,7,0,0,2,4,2,B01
200800007962,0,7,0,0,1,2,1,A01
200800007963,0,2,0,0,2,8,15,A01
200800007963,0,7,0,0,2,1,2,B01
200800007964,0,30,0,15,0,1,2,A01
200800007965,0,7,0,0,0,8,10,A01
200800007965,0,7,0,0,2,2,21,B01
200800007966,0,7,0,0,2,1,1,B01
200800007966,0,7,0,0,2,8,19,A01
200800007967,0,7,0,0,2,3,1,A01
200800007967,0,7,0,0,2,1,1,B01
200800007968,0,7,0,0,2,7,17,A01
200800007968,0,2,0,0,2,8,1,B01
200800007969,0,7,0,0,1,3,1,A01
200800007970,0,7,0,0,2,2,15,A01
200800007970,0,7,0,0,2,3,1,B01
200800007971,0,7,0,0,1,1,1,A01
200800007972,0,7,0,0,1,1,15,A01
200800007973,0,7,0,0,2,1,15,A01
200800007973,0,33,0,0,2,1,17,B01
200800007974,0,7,0,1,0,2,1,A01
200800007975,0,7,0,0,2,3,13,A01
200800007975,0,34,0,0,2,1,1,B01
200800007976,0,13,0,10,0,5,15,A01
200800007977,0,7,0,1,0,3,1,A01
200800007978,0,32,0,0,5,6,1,A01
200800007979,0,2,0,0,2,1,1,A01
200800007979,0,7,0,0,0,5,1,B01
200800007980,0,33,0,0,1,1,0,A01
200800007981,0,7,0,0,1,1,1,A01
200800007982,0,2,0,0,2,1,0,A01
200800007982,0,7,0,0,2,6,2,B01
200800007983,1,30,0,0,0,0,0,A01
200800007984,0,7,0,0,1,1,1,A01
200800007985,0,7,0,0,2,1,1,A01
200800007985,0,1,0,0,2,2,0,B01
200800007986,0,7,0,0,2,1,1,A01
200800007986,0,2,0,0,2,1,1,B01
200800007987,0,7,0,0,2,1,17,A01
200800007987,0,7,0,0,2,1,1,B01
200800007988,0,7,0,0,2,2,0,A01
200800007988,0,30,0,0,2,1,1,B01
200800007989,0,1,0,0,2,8,11,A01
200800007989,0,37,0,0,2,2,1,B01
200800007990,0,7,0,0,0,6,4,A01
200800007991,0,7,0,0,2,2,15,A01
200800007991,0,30,0,0,2,1,1,B01
200800007992,0,7,0,0,1,1,1,A01
200800007993,0,7,0,0,1,1,1,A01
200800007994,0,7,0,0,1,1,1,A01
200800007995,0,7,0,0,2,6,4,A01
200800007995,0,30,0,0,2,1,1,B01
200800007996,0,7,0,11,0,1,1,A01
200800007997,0,31,0,0,2,7,1,A01
200800007997,0,7,0,0,2,3,15,B01
200800007998,0,30,0,0,2,1,1,A01
200800007998,1,7,0,0,2,2,15,B01
200800007999,0,1,0,0,2,1,15,A01
200800007999,1,7,0,0,0,0,0,B01
200800008000,0,7,0,2,0,3,1,A01
200800008001,0,7,0,0,2,8,9,A01
200800008001,0,33,0,0,2,1,1,B01
200800008002,0,7,0,8,0,7,1,A01
200800008003,0,7,0,4,2,7,1,A01
200800008003,0,7,0,4,0,9,1,B01
200800008004,0,7,0,0,2,1,19,A01
200800008004,0,33,0,15,2,1,1,B01
200800008005,0,7,0,0,2,3,20,A01
200800008005,0,10,0,0,2,2,1,B01
200800008006,0,7,0,0,2,3,9,A01
200800008006,0,7,0,0,2,7,1,B01
200800008007,0,7,0,0,2,1,15,A01
200800008007,0,33,0,0,2,1,1,B01
200800008008,0,7,0,0,2,6,1,B01
200800008008,0,2,0,0,2,1,1,A01
200800008008,0,7,0,0,2,2,23,C01
200800008009,0,7,0,9,0,3,1,A01
200800008010,0,7,0,0,2,5,15,A01
200800008010,0,2,0,0,2,1,1,B01
200800008011,0,10,0,0,2,1,1,A01
200800008011,0,7,0,0,2,3,15,B01
200800008012,0,7,0,0,2,1,20,A01
200800008012,0,7,0,0,2,1,1,B01
200800008013,0,30,0,0,0,0,1,A01
200800008014,0,7,0,0,2,7,24,A01
200800008014,0,30,0,1,0,1,1,B01
200800008015,0,7,0,0,2,1,1,A01
200800008015,0,7,0,0,2,4,1,B01
200800008016,0,7,0,1,0,4,20,A01
200800008016,0,7,0,0,2,4,24,B01
200800008017,0,7,0,0,2,3,1,B01
200800008017,0,7,0,0,2,1,15,A01
200800008018,0,7,0,0,1,7,1,A01
200800008019,0,2,0,0,0,0,15,A01
200800008020,0,7,0,0,2,5,9,A01
200800008020,0,7,0,0,2,8,2,B01
200800008021,0,7,0,4,0,1,2,A01
200800008022,0,7,0,0,2,3,9,A01
200800008022,0,32,0,0,2,5,2,B01
200800008023,0,7,0,0,2,2,15,A01
200800008023,0,1,0,0,2,1,1,B01
200800008024,0,7,0,0,2,7,15,A01
200800008024,0,7,0,0,2,1,1,B01
200800008025,0,7,0,0,2,3,19,B01
200800008025,0,7,0,0,2,1,15,A01
200800008026,0,7,0,0,2,7,20,A01
200800008026,0,1,0,0,2,1,18,B01
200800008027,0,30,0,0,2,1,18,A01
200800008027,0,7,0,0,2,7,16,B01
200800008028,0,7,0,0,2,0,9,A01
200800008028,0,1,0,0,2,0,1,B01
200800008029,0,7,0,0,1,1,1,A01
200800008030,0,7,0,3,0,1,14,A01
200800008031,0,7,0,0,2,1,1,B01
200800008031,0,7,0,0,2,8,11,A01
200800008032,0,7,0,0,2,8,15,B01
200800008032,0,7,0,0,2,1,1,A01
200800008033,0,7,0,0,2,2,15,A01
200800008033,0,1,0,0,2,1,1,B01
200800008034,0,7,0,0,2,1,1,A01
200800008034,0,10,0,0,2,4,1,B01
200800008034,0,7,0,0,2,4,1,C01
200800008035,0,7,0,0,2,3,24,A01
200800008035,0,1,0,0,2,0,1,B01
200800008036,0,10,0,0,2,3,1,B01
200800008036,0,2,0,0,2,1,1,A01
200800008037,0,10,0,0,1,3,1,A01
200800008038,0,7,0,0,1,1,16,A01
200800008039,0,7,0,0,2,1,1,A01
200800008039,0,30,0,0,2,4,1,B01
200800008040,0,10,0,0,1,3,1,A01
200800008041,0,7,0,0,1,1,1,A01
200800008042,0,30,0,1,0,1,1,A01
200800008043,0,7,0,0,2,3,15,A01
200800008043,0,7,0,0,2,1,1,B01
200800008044,0,7,0,0,1,1,1,A01
200800008045,0,7,0,0,2,5,15,A01
200800008045,0,30,0,0,2,3,1,B01
200800008046,0,7,0,1,1,2,1,A01
200800008047,0,7,0,0,2,1,15,A01
200800008047,0,33,0,0,2,8,15,B01
200800008048,0,30,0,0,2,7,1,B01
200800008048,0,7,0,0,2,2,1,A01
200800008049,0,7,0,0,2,1,1,A01
200800008049,0,7,0,0,2,4,1,B01
200800008050,0,7,0,0,1,2,16,A01
200800008051,0,7,0,0,1,2,1,A01
200800008052,0,33,0,0,2,1,17,B01
200800008052,0,7,0,0,2,8,15,A01
200800008053,0,2,0,0,2,7,17,B01
200800008053,0,7,0,0,9,1,15,A01
200800008054,0,7,0,10,0,0,1,A01
200800008055,0,10,0,0,1,2,1,A01
200800008056,0,7,0,0,2,1,20,A01
200800008056,0,7,0,0,2,1,1,B01
200800008057,0,30,0,12,0,1,1,A01
200800008058,0,2,0,0,2,1,13,A01
200800008058,0,7,0,0,2,1,1,B01
200800008059,0,7,0,0,1,1,1,A01
200800008060,0,17,0,0,2,1,12,A01
200800008060,0,7,0,3,2,6,1,B01
200800008061,0,2,0,0,2,1,1,A01
200800008061,0,7,0,0,2,4,1,B01
200800008062,0,1,0,0,2,3,1,B01
200800008062,0,7,0,0,2,2,0,A01
200800008063,0,7,0,0,2,8,24,C01
200800008063,0,7,0,0,2,6,24,B01
200800008063,0,7,0,1,1,7,0,A01
200800008064,0,7,0,2,0,1,1,A01
200800008065,0,7,0,0,2,1,1,A01
200800008065,0,7,0,0,2,3,15,B01
200800008066,0,7,0,0,1,3,1,A01
200800008067,0,7,0,0,2,0,15,A01
200800008067,0,7,0,0,2,2,1,B01
200800008068,0,7,0,0,2,1,1,A01
200800008068,0,7,0,0,2,8,1,B01
200800008069,0,99,0,0,0,0,0,A01
200800008069,0,7,0,0,0,0,0,B01
200800008070,0,7,0,0,1,1,1,A01
200800008071,0,30,0,0,2,7,12,A01
200800008071,0,7,0,0,2,3,1,B01
200800008072,0,2,0,0,1,1,1,A01
200800008073,0,33,0,0,1,1,1,A01
200800008074,0,31,0,0,9,1,1,A01
200800008074,0,7,0,0,0,0,0,B01
200800008075,0,7,0,0,2,3,9,B01
200800008075,0,7,0,0,2,1,2,A01
200800008076,0,10,0,6,0,9,14,A01
200800008077,0,7,0,15,1,0,2,A01
200800008078,0,7,0,0,1,3,19,B01
200800008078,0,7,0,0,2,1,21,A01
200800008079,0,99,0,0,1,4,4,A01
200800008080,0,7,0,0,0,6,10,A01
200800008080,0,33,0,0,2,1,2,B01
200800008081,0,7,0,0,2,1,2,A01
200800008081,0,7,0,0,2,4,2,B01
200800008082,0,7,0,8,0,1,2,A01
200800008083,0,14,0,0,2,1,15,A01
200800008083,0,33,0,0,2,1,1,B01
200800008084,0,7,0,0,2,9,1,A01
200800008084,0,7,0,0,2,1,5,B01
200800008084,0,7,0,0,0,0,24,C01
200800008085,0,7,0,16,0,0,2,A01
200800008086,0,33,0,0,0,1,2,A01
200800008087,0,14,0,0,2,1,2,A01
200800008087,0,7,0,0,2,4,2,B01
200800008088,0,7,0,0,1,1,1,A01
200800008089,0,33,0,0,2,3,0,A01
200800008089,0,2,0,0,2,2,0,B01
200800008090,0,7,0,0,2,3,2,A01
200800008090,0,7,0,0,2,2,2,B01
200800008091,0,7,0,0,0,8,15,A01
200800008091,0,33,0,0,2,1,17,B01
200800008092,0,7,0,0,2,3,13,A01
200800008092,0,7,0,0,2,3,1,B01
200800008093,0,7,0,0,1,1,1,A01
200800008094,0,7,0,0,1,1,15,A01
200800008095,0,7,0,0,1,1,0,A01
200800008096,0,7,0,0,2,5,9,A01
200800008096,0,30,0,14,0,1,1,B01
200800008097,0,33,0,0,0,8,1,A01
200800008097,0,33,0,0,0,4,1,B01
200800008097,0,33,0,0,0,8,1,C01
200800008098,0,30,0,6,0,1,0,A01
200800008099,0,7,0,0,6,1,2,A01
200800008099,0,7,0,0,2,1,2,B01
200800008100,0,7,0,0,2,1,2,A01
200800008100,0,7,0,0,0,4,23,B01
200800008101,0,2,0,0,0,0,0,A01
200800008102,0,7,0,0,0,9,1,A01
200800008103,2,7,0,0,2,3,23,A01
200800008103,0,7,0,0,2,2,2,B01
200800008104,0,7,0,14,0,1,2,A01
200800008104,0,7,0,14,0,4,23,B01
200800008104,0,7,0,0,0,4,23,C01
200800008105,0,7,0,0,2,2,15,A01
200800008105,0,7,0,0,2,3,1,B01
200800008106,0,2,0,0,2,3,17,A01
200800008106,0,7,0,0,2,3,15,B01
200800008107,0,7,0,0,2,1,19,A01
200800008107,0,33,0,0,2,1,17,B01
200800008108,0,7,0,0,9,8,9,A01
200800008108,0,1,0,0,2,3,2,B01
200800008109,0,7,0,0,1,1,1,A01
200800008110,0,7,0,0,2,7,1,A01
200800008110,0,7,0,0,2,1,1,B01
200800008111,0,7,0,0,1,2,2,A01
200800008112,0,7,0,2,0,2,1,A01
200800008113,0,7,0,0,2,1,2,A01
200800008113,0,7,0,0,0,4,23,B01
200800008114,0,7,0,0,2,7,0,B01
200800008114,0,7,0,0,2,3,16,A01
200800008115,0,32,0,0,2,2,17,A01
200800008115,0,7,0,0,2,3,15,B01
200800008116,0,7,0,0,0,3,19,A01
200800008116,0,33,0,0,2,2,1,B01
200800008117,0,7,0,0,2,2,11,A01
200800008117,0,7,0,10,2,3,1,B01
200800008118,0,7,0,0,1,4,4,A01
200800008119,0,7,0,0,2,1,1,A01
200800008120,0,7,0,0,2,3,15,A01
200800008120,0,32,0,0,2,2,1,B01
200800008121,0,7,0,0,2,3,1,A01
200800008121,0,7,0,0,2,5,1,B01
200800008122,0,2,0,0,2,0,0,A01
200800008122,0,2,0,0,2,0,0,B01
200800008123,0,7,0,0,2,3,1,A01
200800008123,0,30,0,0,2,4,23,B01
200800008124,0,7,0,0,2,2,10,A01
200800008124,0,31,0,0,2,1,1,B01
200800008125,0,7,0,0,2,1,9,B01
200800008125,0,7,0,0,2,7,1,A01
200800008126,0,7,0,0,2,4,4,A01
200800008127,0,7,0,0,1,1,1,A01
200800008128,0,7,0,0,2,1,2,A01
200800008128,0,7,0,0,2,4,1,B01
200800008129,0,7,0,0,2,1,15,A01
200800008129,0,31,0,0,2,8,1,B01
200800008129,0,7,0,0,0,0,0,C01
200800008130,0,30,0,0,2,1,2,A01
200800008130,0,7,0,0,2,6,1,B01
200800008131,0,32,0,0,2,7,1,B01
200800008131,0,7,0,0,2,0,9,A01
200800008132,0,7,0,0,2,1,1,A01
200800008132,0,7,0,0,2,4,15,B01
200800008133,0,7,0,0,2,9,1,A01
200800008133,0,7,0,0,2,4,23,B01
200800008133,0,7,0,0,2,9,23,C01
200800008134,0,7,0,0,2,1,6,B01
200800008134,0,2,0,0,2,1,17,A01
200800008135,0,33,0,0,2,0,1,B01
200800008135,0,7,0,0,2,2,1,A01
200800008136,0,7,0,0,1,1,13,A01
200800008136,0,7,0,0,2,3,15,B01
200800008137,0,2,0,0,2,1,1,A01
200800008137,0,7,0,0,2,4,23,B01
200800008138,0,7,0,0,2,1,9,A01
200800008138,0,1,0,0,0,5,1,B01
200800008139,0,7,0,0,2,6,13,A01
200800008139,0,2,0,0,2,8,17,B01
200800008140,0,7,0,0,1,7,1,A01
200800008141,0,2,0,0,2,1,16,B01
200800008141,0,7,0,0,2,2,15,A01
200800008142,0,7,0,0,2,1,1,B01
200800008142,0,1,0,0,2,1,1,A01
200800008143,0,7,0,0,2,2,9,B01
200800008143,0,7,0,0,2,3,15,A01
200800008144,0,7,0,0,2,5,15,A01
200800008144,0,33,0,0,2,1,1,B01
200800008145,0,2,0,0,2,8,15,A01
200800008145,0,7,0,0,2,1,1,B01
200800008146,0,1,0,5,0,1,1,A01
200800008147,0,7,0,0,2,2,10,A01
200800008147,0,7,0,0,2,2,1,B01
200800008148,0,7,0,2,0,9,1,A01
200800008149,0,2,0,0,0,9,1,A01
200800008150,0,7,0,0,2,3,15,A01
200800008150,0,33,0,0,2,1,17,B01
200800008150,0,7,0,0,2,1,1,C01
200800008151,0,7,0,0,2,8,11,A01
200800008151,0,14,0,0,2,2,1,B01
200800008152,0,7,0,0,1,2,1,A01
200800008153,0,2,0,0,2,2,5,A01
200800008153,0,7,0,0,2,3,1,B01
200800008154,0,14,0,0,2,2,14,A01
200800008154,0,7,0,0,2,3,1,B01
200800008155,0,1,0,0,2,3,9,A01
200800008155,0,7,0,0,2,1,1,B01
200800008156,0,7,0,0,2,2,9,A01
200800008156,0,31,0,0,2,2,1,B01
200800008157,0,7,0,0,1,1,1,A01
200800008158,0,7,0,0,2,3,1,A01
200800008158,0,7,0,4,2,6,11,B01
200800008159,0,30,0,1,0,1,1,B01
200800008159,0,7,0,0,2,3,22,A01
200800008160,0,2,0,0,0,0,0,A01
200800008161,0,7,0,0,1,2,16,A01
200800008162,0,1,0,0,2,3,1,A01
200800008162,0,7,0,0,9,3,15,B01
200800008163,0,7,0,0,1,1,1,A01
200800008164,0,30,0,0,2,1,1,A01
200800008164,0,7,0,0,2,4,1,B01
200800008165,0,33,0,0,2,4,1,B01
200800008166,0,7,0,4,0,3,13,A01
200800008167,0,7,0,0,2,1,1,A01
200800008167,0,7,0,0,2,4,1,B01
200800008168,0,33,0,3,2,1,18,A01
200800008168,0,7,0,0,2,2,14,B01
200800008169,0,7,0,0,1,3,15,A01
200800008170,0,30,0,0,2,1,1,A01
200800008170,0,7,0,0,2,6,15,B01
200800008171,2,7,0,0,2,3,0,A01
200800008171,0,7,0,0,2,3,1,B01
200800008172,0,7,0,0,2,1,1,A01
200800008172,0,7,0,0,2,1,1,B01
200800008173,0,32,0,0,2,1,1,A01
200800008173,0,7,0,0,2,4,1,B01
200800008174,0,2,0,8,0,1,14,A01
200800008175,0,1,0,0,1,1,1,A01
200800008176,0,2,0,0,2,1,1,A01
200800008176,0,7,0,0,2,4,1,B01
200800008177,0,7,0,0,2,2,1,A01
200800008178,0,1,0,0,2,2,15,A01
200800008178,0,7,0,0,2,1,1,B01
200800008179,0,10,0,0,1,2,16,A01
200800008180,0,7,0,0,2,1,1,A01
200800008180,0,7,0,0,2,4,1,B01
200800008181,0,7,0,0,2,2,1,A01
200800008182,0,14,0,0,2,2,14,A01
200800008182,0,7,0,4,2,6,1,B01
200800008183,0,33,0,0,2,7,16,A01
200800008183,0,7,0,0,2,3,2,B01
200800008184,0,7,0,0,2,1,15,A01
200800008184,0,33,0,1,2,1,1,B01
200800008185,0,7,0,0,2,1,15,A01
200800008185,0,33,0,0,2,1,1,B01
200800008186,0,7,0,0,2,1,2,A01
200800008186,0,7,0,0,2,4,2,B01
200800008186,0,7,0,2,2,4,2,C01
200800008187,0,7,0,0,2,1,15,A01
200800008187,0,30,0,0,2,1,1,B01
200800008188,0,7,0,0,0,1,14,A01
200800008189,0,7,0,0,1,3,16,A01
200800008190,0,31,0,0,1,1,1,A01
200800008191,0,31,0,0,2,1,1,B01
200800008191,0,7,0,0,2,3,15,A01
200800008192,0,33,0,0,1,1,1,A01
200800008193,0,7,0,0,2,3,15,A01
200800008193,0,33,0,0,2,1,17,B01
200800008194,0,1,0,0,2,1,15,A01
200800008194,0,7,0,0,2,1,1,B01
200800008195,0,7,0,1,0,3,13,A01
200800008196,0,7,0,0,2,1,1,A01
200800008196,0,7,0,0,2,4,23,B01
200800008197,0,1,0,0,1,1,1,B01
200800008198,0,7,0,4,0,3,13,A01
200800008199,0,33,0,0,2,1,1,A01
200800008200,0,7,0,0,2,3,16,B01
200800008200,0,1,0,0,2,1,1,A01
200800008201,0,7,0,0,2,1,9,A01
200800008201,0,7,0,0,2,1,1,B01
200800008202,0,7,0,0,2,1,15,A01
200800008202,0,1,0,0,2,3,1,B01
200800008203,0,7,0,0,2,2,1,A01
200800008204,0,7,0,0,2,1,15,A01
200800008204,0,7,0,0,2,1,1,B01
200800008205,0,2,0,0,2,3,1,A01
200800008205,0,7,0,0,2,4,23,B01
200800008206,0,7,0,0,2,1,15,A01
200800008206,0,7,0,0,2,3,1,B01
200800008207,0,31,0,14,0,9,21,A01
200800008208,0,7,0,0,2,1,9,A01
200800008208,0,2,0,0,2,3,1,B01
200800008209,0,7,0,0,2,3,15,A01
200800008209,0,7,0,0,2,2,21,B01
200800008210,0,7,0,0,2,3,1,A01
200800008210,0,7,0,0,2,6,1,B01
200800008210,0,7,0,0,2,8,1,C01
200800008211,0,31,0,0,2,1,13,A01
200800008211,0,7,0,0,2,1,1,B01
200800008212,0,30,0,0,2,1,1,A01
200800008212,0,7,0,0,2,3,15,B01
200800008213,0,7,0,0,2,1,17,A01
200800008213,0,1,0,0,2,4,1,B01
200800008214,0,7,0,0,2,1,2,A01
200800008214,0,7,0,0,0,4,2,B01
200800008215,0,7,0,0,1,2,16,A01
200800008216,0,7,0,0,1,3,2,A01
200800008217,0,7,0,0,2,1,1,A01
200800008217,0,7,0,0,2,4,1,B01
200800008218,0,7,0,0,1,2,1,A01
200800008219,0,31,0,0,1,1,1,A01
200800008220,0,7,0,0,2,0,1,A01
200800008220,0,33,0,0,2,0,1,B01
200800008221,0,2,0,0,1,0,17,A01
200800008222,0,7,0,0,2,1,13,A01
200800008222,0,7,0,0,2,8,1,B01
200800008222,0,10,0,0,2,3,1,C01
200800008223,0,7,0,0,2,1,1,A01
200800008223,0,7,0,0,2,1,1,B01
200800008224,0,7,0,0,2,3,1,A01
200800008224,0,7,0,0,2,1,2,B01
200800008224,0,7,0,0,2,3,1,C01
200800008225,0,2,0,0,1,1,1,A01
200800008226,0,30,0,0,2,1,1,B01
200800008226,0,7,0,0,0,1,16,A01
200800008227,0,38,2,0,0,0,17,A01
200800008228,0,2,0,0,2,1,1,A01
200800008228,0,7,0,0,0,4,1,B01
200800008229,0,30,0,0,2,1,1,A01
200800008229,0,7,0,0,0,6,1,B01
200800008230,0,1,0,0,2,1,18,A01
200800008230,0,7,0,0,2,6,23,B01
200800008231,0,7,0,0,1,2,16,A01
200800008232,0,7,0,0,0,5,16,A01
200800008232,0,31,0,0,0,8,7,B01
200800008233,0,7,0,14,0,3,1,A01
200800008234,0,7,0,0,2,1,1,A01
200800008234,0,10,0,0,2,1,1,B01
200800008235,0,2,0,15,0,8,1,A01
200800008235,0,7,0,0,0,6,24,B01
200800008236,0,20,0,0,2,4,4,A01
200800008236,0,7,0,0,0,8,1,B01
200800008237,0,1,0,0,0,0,1,A01
200800008237,0,30,0,0,2,0,0,B01
200800008238,0,7,0,0,1,2,1,A01
200800008239,0,7,0,12,2,6,15,A01
200800008239,0,33,0,0,2,1,1,B01
200800008240,0,2,0,0,2,1,1,A01
200800008240,0,7,0,0,2,7,16,B01
200800008241,0,7,0,0,0,0,15,A01
200800008241,0,33,0,0,2,8,1,B01
200800008241,0,10,0,0,0,2,23,C01
200800008242,0,10,0,0,1,0,16,A01
200800008243,0,7,0,0,0,9,1,A01
200800008244,0,7,0,0,2,5,15,A01
200800008244,0,2,0,0,2,1,1,B01
200800008245,0,7,0,0,2,2,10,A01
200800008245,0,7,0,0,2,1,1,B01
200800008246,0,7,0,0,2,0,1,B01
200800008246,0,1,0,0,2,1,1,A01
200800008247,0,7,0,0,1,1,1,A01
200800008248,0,1,0,0,2,1,5,A01
200800008248,0,7,0,0,2,3,16,B01
200800008249,0,7,0,0,1,1,1,A01
200800008250,0,7,0,0,2,7,12,A01
200800008250,0,32,0,0,0,3,1,B01
200800008251,0,7,0,0,2,1,15,A01
200800008251,0,7,0,0,2,1,1,B01
200800008252,1,7,0,0,2,0,16,A01
200800008252,0,1,0,0,2,0,1,B01
200800008253,0,7,0,0,2,1,16,A01
200800008253,0,10,0,0,2,2,15,B01
200800008254,0,7,0,0,1,1,1,A01
200800008255,0,7,0,0,1,1,1,A01
200800008256,0,7,0,14,0,2,2,A01
200800008256,0,7,0,14,0,4,23,B01
200800008256,0,10,0,0,0,0,23,C01
200800008257,0,40,0,0,2,2,1,B01
200800008257,0,7,0,0,4,1,1,A01
200800008258,0,7,0,0,2,1,1,A01
200800008258,0,7,0,6,0,1,2,B01
200800008259,0,7,0,0,1,2,16,A01
200800008260,0,7,0,0,2,1,2,A01
200800008260,0,7,0,0,2,4,23,B01
200800008260,0,7,0,0,2,4,23,C01
200800008260,0,7,0,0,0,4,23,D01
200800008261,0,7,0,0,0,7,15,A01
200800008261,0,7,0,0,2,2,1,B01
200800008262,0,7,0,0,2,1,1,A01
200800008262,0,7,0,0,0,4,2,B01
200800008263,0,7,0,0,0,3,1,B01
200800008263,0,7,0,0,2,1,1,A01
200800008264,0,7,0,0,2,1,1,B01
200800008264,0,7,0,0,0,1,1,A01
200800008265,0,2,0,0,2,1,1,B01
200800008265,0,7,0,0,2,3,15,A01
200800008266,0,2,0,0,1,8,1,A01
200800008267,0,7,0,0,2,5,4,A01
200800008267,0,32,0,0,0,8,0,B01
200800008268,0,17,0,1,0,5,15,A01
200800008269,0,40,0,0,1,2,1,A01
200800008270,0,7,0,1,0,3,1,A01
200800008271,0,16,0,0,2,5,16,A01
200800008271,0,1,0,0,2,4,16,B01
200800008272,0,7,0,0,2,1,2,A01
200800008272,0,7,0,0,0,5,1,B01
200800008273,0,1,0,0,0,5,1,B01
200800008273,0,7,0,0,2,1,19,A01
200800008274,0,7,0,0,1,3,1,A01
200800008275,0,7,0,0,0,7,1,B01
200800008275,0,15,0,0,2,1,19,A01
200800008276,0,7,0,0,0,3,15,A01
200800008276,0,31,0,0,2,1,1,B01
200800008277,0,7,0,0,2,7,15,A01
200800008277,0,30,0,0,2,1,1,B01
200800008278,0,7,0,0,2,7,22,A01
200800008278,0,1,0,14,0,1,18,B01
200800008279,0,7,0,0,1,2,1,A01
200800008280,0,7,0,0,2,1,2,A01
200800008280,0,7,0,0,2,4,23,B01
200800008280,0,7,0,0,0,4,23,C01
200800008281,0,7,0,0,0,8,16,B01
200800008281,0,15,0,0,2,2,16,A01
200800008282,0,7,0,0,2,1,2,A01
200800008282,0,7,0,0,0,4,2,B01
200800008283,0,7,0,9,0,8,15,A01
200800008283,0,14,0,0,2,2,1,B01
200800008284,0,7,0,0,1,4,4,A01
200800008285,0,10,0,0,2,3,13,A01
200800008285,0,14,0,0,0,3,1,B01
200800008286,0,1,0,0,4,1,1,A01
200800008286,0,40,0,0,2,1,1,B01
200800008287,0,7,0,0,2,5,15,A01
200800008287,0,31,0,0,2,1,1,B01
200800008288,0,30,0,0,2,1,17,A01
200800008288,0,7,0,0,2,3,15,B01
200800008289,0,37,20,0,2,0,13,A01
200800008289,0,1,0,0,0,0,15,B01
200800008290,0,7,0,0,0,5,1,B01
200800008290,0,14,0,0,2,2,15,A01
200800008291,0,7,0,0,0,5,1,A01
200800008291,0,2,0,0,2,1,2,B01
200800008292,1,7,0,0,2,2,16,A01
200800008292,0,2,0,0,2,3,7,B01
200800008293,0,1,0,0,1,1,1,A01
200800008294,0,7,0,0,0,2,15,A01
200800008294,0,1,0,0,2,1,1,B01
200800008295,0,7,0,0,2,1,1,B01
200800008295,0,7,0,0,0,3,19,A01
200800008296,0,37,1,0,2,1,1,B01
200800008296,0,14,0,0,0,3,1,A01
200800008297,0,7,0,0,2,0,1,A01
200800008297,0,1,0,0,2,3,1,B01
200800008298,0,32,0,14,0,3,0,A01
200800008299,0,7,0,0,1,4,4,A01
200800008300,0,7,0,0,0,3,6,A01
200800008300,0,33,0,0,2,1,1,B01
200800008301,0,7,0,0,2,1,1,B01
200800008301,0,7,0,0,0,2,19,A01
200800008302,0,7,0,0,2,1,19,B01
200800008302,0,1,0,0,0,8,19,A01
200800008303,0,7,0,0,2,1,15,B01
200800008303,0,2,0,0,0,8,18,A01
200800008304,0,7,0,0,2,1,1,B01
200800008304,0,7,0,0,0,3,15,A01
200800008305,0,2,0,0,2,1,15,A01
200800008305,1,7,0,0,0,0,15,B01
200800008306,0,7,0,0,0,6,1,B01
200800008306,0,1,0,0,2,1,15,A01
200800008307,0,7,0,0,2,1,1,B01
200800008307,0,7,0,0,0,7,1,A01