Num_Acc,senc,catv,occutc,obs,obsm,choc,manv,num_veh
200800008308,0,33,0,0,2,3,1,A01
200800008308,1,7,0,0,0,0,13,B01
200800008309,0,7,0,0,2,1,9,A01
200800008309,0,31,0,0,0,2,21,B01
200800008310,0,7,0,7,0,1,1,A01
200800008311,0,7,0,0,0,6,16,A01
200800008311,0,7,0,0,2,1,15,B01
200800008312,0,7,0,0,1,2,1,A01
200800008313,0,2,0,0,2,1,1,A01
200800008313,0,10,0,0,1,1,15,B01
200800008314,0,7,0,0,2,1,15,A01
200800008314,0,1,0,0,2,1,0,B01
200800008315,0,33,0,0,2,2,17,A01
200800008315,0,7,0,0,0,3,1,B01
200800008316,0,7,0,0,0,3,9,A01
200800008316,0,7,0,0,2,2,1,B01
200800008317,0,1,0,13,0,0,14,A01
200800008318,0,33,0,0,2,1,1,B01
200800008318,0,7,0,0,2,1,15,A01
200800008319,0,7,0,0,1,3,9,A01
200800008319,0,2,0,0,0,7,1,B01
200800008320,0,14,0,0,2,4,4,A01
200800008320,0,7,0,0,2,7,6,B01
200800008321,0,7,0,0,2,1,2,A01
200800008321,0,7,0,0,2,4,1,B01
200800008322,0,7,0,8,0,1,1,A01
200800008323,0,2,0,9,0,7,0,A01
200800008324,0,30,0,0,0,0,1,A01
200800008325,0,7,0,0,2,8,10,A01
200800008325,0,33,0,0,2,1,1,B01
200800008326,0,7,0,0,2,3,15,A01
200800008326,0,30,0,0,2,1,1,B01
200800008327,0,7,0,0,2,8,13,A01
200800008327,0,7,0,0,2,2,1,B01
200800008328,0,7,0,0,2,3,15,B01
200800008328,0,2,0,0,2,1,17,A01
200800008329,0,7,0,0,1,1,1,A01
200800008330,0,15,0,0,1,2,1,A01
200800008331,0,7,0,0,1,1,17,A01
200800008332,0,30,0,1,0,1,1,A01
200800008332,0,7,0,0,2,3,24,B01
200800008333,0,7,0,0,6,0,0,A01
200800008334,0,7,0,0,2,1,9,A01
200800008334,0,31,0,0,2,7,15,B01
200800008335,0,7,0,0,2,1,2,A01
200800008335,0,7,0,0,2,4,1,B01
200800008336,1,7,0,0,2,1,15,A01
200800008336,0,7,0,0,2,1,1,B01
200800008337,0,7,0,0,2,1,1,B01
200800008337,0,7,0,0,2,8,1,A01
200800008338,0,2,0,0,2,1,1,A01
200800008338,0,7,0,0,2,3,15,B01
200800008339,0,7,0,0,2,1,2,A01
200800008339,0,7,0,0,2,1,2,B01
200800008339,0,7,0,0,2,4,2,C01
200800008340,0,1,0,0,2,1,2,A01
200800008341,0,7,0,1,2,3,15,A01
200800008341,0,2,0,0,2,1,1,B01
200800008342,1,30,0,0,1,1,16,A01
200800008343,0,7,0,0,2,1,2,A01
200800008343,0,33,0,0,2,4,1,B01
200800008344,0,7,0,0,2,8,9,A01
200800008344,0,7,0,0,2,1,1,B01
200800008344,0,38,1,0,0,8,2,C01
200800008345,0,7,0,6,0,1,0,A01
200800008346,0,7,0,0,2,7,10,A01
200800008346,0,30,0,0,2,1,1,B01
200800008347,0,7,0,0,4,3,16,A01
200800008347,0,40,0,0,2,1,1,B01
200800008348,0,7,0,0,2,3,10,A01
200800008348,0,32,0,0,2,1,1,B01
200800008349,0,7,0,0,2,3,9,A01
200800008349,0,33,0,0,2,1,1,B01
200800008350,0,7,0,0,2,3,5,A01
200800008350,0,7,0,0,2,3,1,B01
200800008351,0,33,0,15,0,2,1,B01
200800008351,0,7,0,0,0,0,14,A01
200800008352,0,32,0,0,2,2,17,A01
200800008352,0,7,0,0,2,8,15,B01
200800008353,0,7,0,0,1,1,15,A01
200800008354,0,7,0,0,2,1,1,A01
200800008354,0,7,0,0,0,4,23,B01
200800008355,0,7,0,0,2,8,15,A01
200800008355,0,32,0,0,2,1,17,B01
200800008356,1,7,0,0,1,0,1,A01
200800008357,0,1,0,0,1,1,1,A01
200800008358,0,33,0,0,2,1,17,A01
200800008358,0,7,0,0,2,6,15,B01
200800008359,0,7,0,7,0,2,1,A01
200800008360,0,7,0,0,2,8,9,A01
200800008360,0,30,0,0,2,1,1,B01
200800008361,0,7,0,0,2,7,15,A01
200800008361,0,33,0,0,2,1,1,B01
200800008362,0,7,0,0,2,8,10,A01
200800008362,0,2,0,0,2,1,1,B01
200800008363,0,7,0,0,2,0,17,B01
200800008363,0,7,0,0,2,8,13,A01
200800008364,0,7,0,0,0,0,15,A01
200800008364,0,33,0,0,0,0,1,B01
200800008365,0,40,0,0,1,2,1,A01
200800008366,0,7,0,0,2,8,13,A01
200800008366,0,30,0,0,2,7,2,B01
200800008367,0,7,0,0,1,6,4,A01
200800008368,0,1,0,0,2,8,6,A01
200800008368,0,32,0,1,2,1,1,B01
200800008369,0,7,0,0,2,7,13,A01
200800008369,0,7,0,0,2,1,1,B01
200800008370,0,32,0,14,0,1,1,A01
200800008371,0,7,0,0,1,1,21,A01
200800008372,0,7,0,0,2,1,15,A01
200800008372,0,7,0,0,2,8,1,B01
200800008373,0,7,0,0,2,8,13,A01
200800008373,0,33,0,0,2,7,1,B01
200800008374,0,7,0,6,0,1,1,A01
200800008375,0,7,0,0,2,3,1,A01
200800008376,0,30,0,0,0,7,1,A01
200800008377,0,7,0,0,2,1,19,A01
200800008377,0,7,0,0,2,1,2,B01
200800008377,0,7,0,0,2,3,1,C01
200800008378,0,31,0,0,2,1,1,B01
200800008378,0,7,0,0,2,8,1,A01
200800008379,0,7,0,0,2,2,14,A01
200800008379,0,7,0,0,0,6,1,B01
200800008380,0,7,0,2,6,7,21,A01
200800008381,0,7,0,0,2,8,15,A01
200800008381,0,31,0,0,2,1,1,B01
200800008382,0,33,0,0,2,1,17,A01
200800008382,0,10,0,0,2,8,15,B01
200800008383,0,7,0,0,2,3,15,A01
200800008383,0,7,0,0,2,2,1,B01
200800008384,0,7,0,0,2,3,15,A01
200800008384,0,32,0,0,2,1,1,B01
200800008385,0,7,0,0,1,1,15,A01
200800008386,0,7,0,0,2,7,16,B01
200800008386,0,14,0,0,2,3,16,A01
200800008387,0,31,0,0,2,2,1,A01
200800008387,0,10,0,0,2,6,1,B01
200800008388,0,31,0,0,2,1,1,B01
200800008388,0,7,0,0,2,8,15,A01
200800008389,0,10,0,0,1,2,1,A01
200800008390,1,7,0,0,0,0,0,B01
200800008390,0,30,0,0,2,7,0,A01
200800008391,1,7,0,0,1,0,0,A01
200800008392,0,7,0,0,1,1,1,A01
200800008392,0,33,0,0,1,1,1,B01
200800008393,0,7,0,0,2,0,0,A01
200800008393,0,30,0,0,2,0,0,B01
200800008394,0,7,0,0,2,5,15,A01
200800008394,0,2,0,0,2,1,1,B01
200800008395,0,7,0,0,1,2,15,A01
200800008396,0,33,0,8,0,9,21,A01
200800008397,0,1,0,0,2,1,1,A01
200800008397,0,37,0,0,2,6,23,B01
200800008398,0,7,0,0,2,1,0,A01
200800008398,0,7,0,0,2,9,0,B01
200800008398,0,7,0,0,2,9,0,C01
200800008398,0,7,0,0,2,4,0,D01
200800008399,0,7,0,0,1,2,16,A01
200800008399,0,1,0,0,0,0,0,B01
200800008400,0,33,0,0,0,0,21,A01
200800008401,1,7,0,0,1,0,0,A01
200800008402,0,7,0,0,2,7,15,A01
200800008402,0,30,0,0,2,9,1,B01
200800008403,0,7,0,0,2,1,1,B01
200800008403,0,7,0,0,2,9,1,A01
200800008404,0,14,0,0,2,0,15,A01
200800008404,0,7,0,0,2,0,1,B01
200800008405,0,7,0,0,2,3,10,A01
200800008405,0,31,0,0,2,1,1,B01
200800008406,0,7,0,9,0,0,1,A01
200800008407,0,7,0,3,0,3,1,A01
200800008408,0,10,0,0,0,6,23,A01
200800008408,0,7,0,1,0,2,14,B01
200800008409,0,10,0,0,2,0,10,A01
200800008409,0,30,0,0,2,0,1,B01
200800008410,1,7,0,0,1,0,15,A01
200800008411,0,37,0,0,1,2,1,A01
200800008412,0,7,0,0,2,1,2,A01
200800008412,0,10,0,0,2,4,23,B01
200800008413,0,30,0,0,1,1,1,A01
200800008414,0,32,0,0,0,0,1,A01
200800008415,0,7,0,0,2,1,15,A01
200800008415,0,2,0,0,2,7,1,B01
200800008416,0,7,0,0,1,0,1,A01
200800008417,0,7,0,0,2,8,15,A01
200800008417,0,33,0,0,2,1,1,B01
200800008418,0,7,0,0,2,1,16,B01
200800008418,0,32,0,0,2,9,16,A01
200800008419,0,7,0,3,0,9,17,A01
200800008420,0,30,0,0,2,1,2,A01
200800008420,0,7,0,0,0,4,16,B01
200800008421,0,7,0,0,2,1,15,A01
200800008421,0,1,0,0,2,1,1,B01
200800008422,0,7,0,0,2,1,1,A01
200800008422,0,2,0,0,2,4,1,B01
200800008423,0,7,0,0,2,2,2,A01
200800008423,0,30,0,0,0,4,1,B01
200800008424,0,7,0,0,2,1,1,B01
200800008424,0,7,0,1,2,2,1,A01
200800008425,0,10,0,0,1,2,16,A01
200800008426,0,7,0,0,2,8,15,A01
200800008426,0,33,0,0,2,1,1,B01
200800008427,0,7,0,0,2,1,9,A01
200800008427,0,2,0,0,2,7,9,B01
200800008428,0,7,0,0,2,8,15,A01
200800008428,0,7,0,0,2,2,1,B01
200800008429,0,3,0,0,2,1,1,A01
200800008429,0,7,0,0,2,4,1,B01
200800008430,0,7,0,0,1,2,1,A01
200800008431,0,30,0,0,2,5,17,A01
200800008431,0,7,0,0,0,2,15,B01
200800008432,0,30,0,0,2,3,1,B01
200800008432,0,7,0,0,2,3,15,A01
200800008433,0,7,0,0,2,1,15,A01
200800008433,0,1,0,0,2,1,1,B01
200800008434,0,7,0,8,0,1,1,A01
200800008435,0,7,0,15,2,7,1,A01
200800008435,0,1,0,0,2,0,23,B01
200800008436,0,7,0,0,1,1,1,A01
200800008437,0,7,0,0,2,1,1,A01
200800008437,0,7,0,0,2,4,23,B01
200800008438,0,7,0,0,2,1,1,A01
200800008438,0,7,0,0,0,4,1,B01
200800008439,0,7,0,0,2,1,1,B01
200800008439,0,7,0,0,2,8,1,A01
200800008440,0,7,0,0,2,1,15,A01
200800008440,0,7,0,0,2,1,1,B01
200800008441,0,7,0,0,2,8,22,A01
200800008441,0,1,0,1,2,1,2,B01
200800008442,0,7,0,0,0,8,9,B01
200800008442,0,30,0,0,2,1,1,A01
200800008443,0,7,0,0,2,6,1,B01
200800008443,0,7,0,0,2,1,1,A01
200800008444,0,7,0,0,2,1,1,B01
200800008444,0,7,0,0,2,3,23,C01
200800008444,0,7,0,0,2,3,17,A01
200800008445,0,30,0,0,2,1,1,A01
200800008445,0,7,0,0,0,4,1,B01
200800008446,0,7,0,0,1,1,1,A01
200800008447,0,7,0,0,2,5,1,A01
200800008447,0,7,0,0,2,1,1,B01
200800008448,0,99,0,0,2,5,15,A01
200800008448,0,7,0,0,2,1,1,B01
200800008449,0,30,0,4,0,1,1,A01
200800008450,0,7,0,0,1,3,15,A01
200800008451,0,7,0,0,2,8,15,A01
200800008451,0,33,0,0,2,1,1,B01
200800008452,0,2,0,0,2,1,19,A01
200800008452,0,7,0,0,2,8,15,B01
200800008453,0,7,0,0,2,1,15,A01
200800008453,0,2,0,0,2,1,1,B01
200800008454,0,7,0,0,2,1,1,B01
200800008454,0,7,0,0,2,8,0,A01
200800008455,0,30,0,0,2,1,1,B01
200800008455,0,7,0,0,2,8,1,A01
200800008456,0,33,0,0,2,1,0,B01
200800008456,0,7,0,0,2,8,15,A01
200800008456,0,7,0,0,9,1,23,C01
200800008457,0,7,0,0,2,2,15,A01
200800008457,0,7,0,0,2,1,1,B01
200800008458,0,2,0,0,2,1,1,B01
200800008458,0,7,0,0,2,3,19,A01
200800008459,0,7,0,1,0,1,14,A01
200800008460,0,7,0,0,1,2,1,A01
200800008461,0,7,0,0,2,2,16,A01
200800008461,0,1,0,0,2,3,1,B01
200800008462,0,1,0,0,2,1,16,A01
200800008462,0,1,0,0,2,1,1,B01
200800008463,0,7,0,0,2,4,2,A01
200800008463,0,7,0,0,2,1,2,B01
200800008464,0,7,0,0,1,1,1,A01
200800008465,0,7,0,0,1,1,16,A01
200800008466,0,7,0,0,2,9,1,A01
200800008466,0,7,0,0,2,1,1,B01
200800008467,0,7,0,0,1,1,1,A01
200800008468,0,7,0,0,2,7,16,A01
200800008468,0,2,0,0,2,1,1,B01
200800008469,0,7,0,0,2,1,2,A01
200800008469,0,7,0,0,2,4,2,B01
200800008470,0,7,0,0,2,1,15,A01
200800008470,0,30,0,0,2,1,1,B01
200800008471,0,7,0,0,1,1,15,A01
200800008472,0,7,0,0,2,1,2,A01
200800008472,0,7,0,0,2,4,2,B01
200800008473,0,10,0,0,2,1,2,A01
200800008473,0,7,0,0,0,4,2,B01
200800008474,0,7,0,0,2,1,1,A01
200800008474,0,7,0,0,2,4,1,B01
200800008475,0,30,0,0,2,8,1,A01
200800008475,0,30,0,0,2,7,17,B01
200800008476,0,7,0,0,2,2,15,A01
200800008476,0,30,0,0,2,1,1,B01
200800008477,0,7,0,0,2,1,2,A01
200800008477,0,7,0,0,2,4,2,B01
200800008478,0,7,0,0,1,2,1,A01
200800008479,0,7,0,0,1,3,15,A01
200800008480,0,7,0,6,2,7,1,A01
200800008480,0,7,0,0,2,1,1,B01
200800008481,0,7,0,0,2,3,15,A01
200800008481,0,31,0,0,2,3,1,B01
200800008482,0,7,0,0,2,5,15,A01
200800008482,0,30,0,0,2,1,1,B01
200800008483,0,7,0,0,2,3,9,A01
200800008483,0,1,0,0,2,1,1,B01
200800008484,0,7,0,3,2,1,1,A01
200800008484,0,7,0,0,2,1,2,B01
200800008485,0,33,0,2,0,1,1,A01
200800008486,0,7,0,0,1,1,1,A01
200800008487,0,7,0,0,9,1,0,A01
200800008488,0,7,0,0,2,0,1,A01
200800008488,0,7,0,0,2,0,1,B01
200800008489,0,7,0,16,0,7,1,A01
200800008490,0,7,0,0,2,2,1,A01
200800008490,0,30,0,0,2,1,1,B01
200800008491,0,99,0,15,2,9,1,A01
200800008491,0,7,0,0,2,1,1,B01
200800008492,0,7,0,0,2,5,15,A01
200800008492,0,2,0,0,2,1,1,B01
200800008493,1,30,0,0,1,1,1,A01
200800008494,0,14,0,0,1,1,1,A01
200800008495,0,33,0,0,2,1,1,B01
200800008495,0,7,0,0,2,2,1,A01
200800008496,0,30,0,0,2,1,0,B01
200800008496,0,7,0,0,2,2,9,A01
200800008497,0,7,0,0,2,9,19,B01
200800008497,0,14,0,0,0,2,1,A01
200800008498,0,7,0,0,2,2,1,B01
200800008498,0,30,0,0,2,1,16,A01
200800008499,0,7,0,0,2,3,9,A01
200800008499,0,2,0,0,2,1,1,B01
200800008500,0,2,0,0,2,1,1,B01
200800008500,0,7,0,0,2,1,16,A01
200800008501,0,7,0,0,2,1,2,A01
200800008501,0,7,0,0,2,4,2,B01
200800008502,0,7,0,0,1,3,1,A01
200800008503,0,3,0,1,2,1,5,A01
200800008503,0,7,0,0,2,1,1,B01
200800008504,0,7,0,1,0,1,15,A01
200800008505,0,7,0,0,2,6,15,A01
200800008505,0,2,0,0,2,1,1,B01
200800008506,0,7,0,1,0,2,1,A01
200800008507,0,7,0,0,0,1,1,A01
200800008508,0,7,0,6,0,1,1,A01
200800008509,0,7,0,0,1,1,0,A01
200800008510,0,7,0,13,0,1,0,A01
200800008511,0,7,0,0,2,1,1,B01
200800008511,0,7,0,0,2,6,4,A01
200800008512,0,33,0,0,0,2,1,A01
200800008513,0,36,0,13,0,1,0,A01
200800008514,0,7,0,0,1,2,1,A01
200800008515,0,7,0,0,1,4,4,A01
200800008516,0,2,0,0,2,8,1,B01
200800008516,0,3,0,0,2,1,1,A01
200800008517,0,7,0,0,1,1,1,A01
200800008518,0,7,0,0,1,3,1,A01
200800008519,0,7,0,0,2,4,20,A01
200800008519,0,2,0,0,2,1,1,B01
200800008520,0,2,0,0,2,1,1,B01
200800008520,0,7,0,0,2,2,1,A01
200800008521,0,7,0,0,0,1,2,A01
200800008521,0,7,0,0,0,4,2,B01
200800008522,0,7,0,0,2,2,16,A01
200800008522,0,31,0,0,2,8,1,B01
200800008523,0,7,0,0,2,7,15,A01
200800008523,0,2,0,0,2,1,1,B01
200800008524,0,7,0,0,2,1,15,A01
200800008524,0,2,0,0,2,1,1,B01
200800008525,0,14,0,0,2,1,1,A01
200800008525,0,7,0,0,2,4,23,B01
200800008526,0,7,0,14,0,1,1,A01
200800008527,0,33,0,0,2,3,1,B01
200800008527,0,13,0,0,2,7,15,A01
200800008528,0,7,0,0,2,1,1,A01
200800008528,0,7,0,0,2,7,1,B01
200800008528,0,7,0,0,2,1,21,C01
200800008529,0,7,0,1,2,3,23,B01
200800008529,0,7,0,0,2,3,16,A01
200800008530,0,7,0,0,1,3,15,A01
200800008530,0,7,0,0,2,2,1,B01
200800008531,0,7,0,0,1,3,1,A01
200800008532,0,7,0,6,0,2,14,A01
200800008533,0,7,0,0,2,1,0,A01
200800008534,0,7,0,0,2,1,1,A01
200800008534,0,7,0,0,2,4,23,C01
200800008534,0,7,0,0,2,5,23,B01
200800008535,0,7,0,0,1,0,1,A01
200800008536,0,7,0,0,1,6,4,A01
200800008537,0,7,0,1,1,1,1,A01
200800008538,0,30,0,0,2,1,18,A01
200800008538,0,7,0,0,0,7,1,B01
200800008539,0,7,0,0,9,6,11,A01
200800008539,0,30,0,0,2,1,17,B01
200800008540,0,7,0,0,1,3,15,A01
200800008541,0,7,0,0,1,7,21,A01
200800008542,0,7,0,0,1,8,0,A01
200800008543,1,7,0,0,0,0,0,A01
200800008543,0,2,0,0,0,8,1,B01
200800008544,0,7,0,0,9,1,1,B01
200800008544,0,37,0,0,2,5,1,A01
200800008545,0,7,0,0,2,3,9,A01
200800008545,0,1,0,0,2,1,1,B01
200800008546,0,7,0,0,2,3,15,A01
200800008546,0,7,0,0,2,1,1,B01
200800008547,0,30,0,0,2,1,1,B01
200800008547,0,7,0,0,2,3,9,A01
200800008548,0,30,0,0,2,1,1,B01
200800008548,0,7,0,0,2,3,13,A01
200800008549,0,7,0,0,2,1,1,A01
200800008549,0,7,0,0,2,1,1,B01
200800008549,0,10,0,0,0,3,1,C01
200800008549,0,7,0,0,2,1,1,D01
200800008550,0,30,0,0,2,1,1,B01
200800008550,0,7,0,0,2,3,9,A01
200800008551,0,7,0,0,1,3,15,A01
200800008552,0,7,0,0,2,3,15,B01
200800008552,0,7,0,0,2,1,1,A01
200800008553,0,7,0,0,1,1,1,A01
200800008554,1,7,0,0,2,0,18,A01
200800008554,0,7,0,0,2,2,2,B01
200800008555,0,7,0,0,2,7,15,A01
200800008555,0,7,0,0,2,1,1,B01
200800008556,0,7,0,0,1,1,1,A01
200800008557,0,7,0,0,2,0,0,A01
200800008557,0,31,0,0,2,0,1,B01
200800008558,0,33,0,0,2,1,1,A01
200800008558,0,7,0,0,2,4,1,B01
200800008559,0,7,0,0,2,2,1,B01
200800008559,0,7,0,0,2,6,1,A01
200800008560,0,7,0,0,1,1,1,A01
200800008561,0,1,0,0,2,8,21,A01
200800008561,0,15,0,0,2,7,1,B01
200800008562,0,7,0,14,0,1,13,A01
200800008563,0,2,0,0,2,1,17,A01
200800008563,0,7,0,0,2,3,15,B01
200800008564,0,7,0,0,2,7,14,A01
200800008564,0,33,0,1,2,1,1,B01
200800008565,0,17,0,0,2,7,16,A01
200800008565,0,1,0,0,2,1,1,B01
200800008566,1,7,0,0,1,1,1,A01
200800008567,0,7,0,0,1,1,1,A01
200800008568,0,7,0,8,0,1,0,A01
200800008569,0,7,0,0,2,2,15,A01
200800008569,0,33,0,0,2,1,1,B01
200800008570,0,7,0,0,2,1,17,A01
200800008570,0,7,0,0,2,8,15,B01
200800008571,0,7,0,0,2,1,15,A01
200800008571,0,7,0,0,2,1,1,B01
200800008572,0,7,0,0,2,7,15,A01
200800008572,0,30,0,0,2,1,1,B01
200800008573,0,1,0,0,1,1,1,A01
200800008574,0,7,0,0,2,1,13,A01
200800008574,0,7,0,0,2,1,1,B01
200800008575,0,7,0,0,2,6,15,A01
200800008575,0,33,0,0,2,7,1,B01
200800008576,1,7,0,0,2,3,13,A01
200800008576,0,2,0,0,2,1,17,B01
200800008577,0,7,0,1,0,1,2,A01
200800008577,0,7,0,0,2,4,23,B01
200800008578,0,30,0,1,0,1,1,A01
200800008578,0,7,0,0,2,4,0,B01
200800008579,1,7,0,0,2,1,1,A01
200800008579,0,7,0,0,2,4,1,B01
200800008580,0,7,0,0,1,1,1,A01
200800008581,0,2,0,0,2,8,1,A01
200800008581,0,7,0,0,0,0,16,B01
200800008582,0,7,0,2,0,1,13,A01
200800008583,0,30,0,0,2,1,1,A01
200800008583,0,10,0,0,2,4,1,B01
200800008584,0,7,0,0,2,4,2,A01
200800008584,0,7,0,0,2,1,2,B01
200800008585,0,7,0,0,2,8,0,B01
200800008585,0,7,0,0,2,1,0,A01
200800008586,0,7,0,0,2,4,2,A01
200800008586,0,7,0,0,1,1,1,B01
200800008587,0,30,0,0,2,8,1,A01
200800008587,0,7,0,0,2,3,0,B01
200800008588,0,7,0,0,2,1,1,C01
200800008588,0,7,0,0,0,8,0,A01
200800008588,0,7,0,0,2,8,1,B01
200800008589,0,2,0,0,2,1,1,A01
200800008589,0,10,0,0,2,5,15,B01
200800008590,0,7,0,0,0,0,0,A01
200800008591,0,10,0,0,2,0,15,A01
200800008591,0,7,0,0,2,3,1,B01
200800008592,0,7,0,1,4,0,10,A01
200800008592,0,40,0,0,2,2,1,B01
200800008593,0,7,0,0,2,7,16,A01
200800008593,0,1,0,0,2,8,1,B01
200800008594,0,7,0,0,2,1,0,A01
200800008594,0,7,0,0,2,1,1,B01
200800008595,0,7,0,0,1,1,1,A01
200800008596,0,7,0,0,1,1,1,A01
200800008597,0,7,0,0,2,1,9,A01
200800008597,0,33,0,0,2,1,1,B01
200800008598,0,33,0,0,2,1,15,A01
200800008598,0,7,0,0,2,6,1,B01
200800008599,0,2,0,0,2,1,15,A01
200800008599,0,7,0,0,2,3,1,B01
200800008600,0,7,0,0,2,1,19,A01
200800008600,0,7,0,0,2,1,1,B01
200800008601,0,7,0,0,2,1,19,B01
200800008601,0,7,0,0,2,1,15,A01
200800008602,0,7,0,0,1,1,1,A01
200800008603,0,7,0,0,2,1,1,A01
200800008603,0,7,0,0,2,4,2,B01
200800008603,0,7,0,0,2,4,2,C01
200800008604,0,7,0,0,2,4,23,C01
200800008604,0,7,0,0,2,4,23,B01
200800008604,0,7,0,0,2,1,1,A01
200800008605,0,7,0,0,2,1,1,B01
200800008605,0,7,0,0,2,1,1,C01
200800008605,0,7,0,0,2,0,1,A01
200800008606,0,7,0,0,2,4,9,B01
200800008606,0,7,0,4,2,1,13,A01
200800008607,0,30,0,0,2,7,1,B01
200800008607,0,7,0,0,2,1,1,A01
200800008608,0,7,0,0,2,1,13,A01
200800008608,0,7,0,0,2,1,1,B01
200800008609,0,7,0,0,2,1,0,A01
200800008609,0,7,0,0,2,1,0,B01
200800008610,2,7,0,0,4,1,0,A01
200800008610,0,40,0,0,2,1,1,B01
200800008611,0,34,0,0,2,1,0,A01
200800008611,0,7,0,0,0,1,0,B01
200800008612,0,7,0,0,2,0,15,A01
200800008612,0,7,0,0,2,3,1,B01
200800008612,0,7,0,0,2,1,24,C01
200800008613,0,7,0,0,1,2,1,A01
200800008614,0,2,0,0,2,1,1,A01
200800008614,0,7,0,0,2,0,0,B01
200800008615,0,2,0,0,2,1,2,A01
200800008615,0,7,0,0,2,5,20,B01
200800008616,0,7,0,0,2,3,11,A01
200800008616,0,33,0,0,2,0,1,B01
200800008617,0,7,0,2,0,1,1,A01
200800008618,0,7,0,0,2,7,15,A01
200800008618,0,2,0,0,2,1,1,B01
200800008619,0,7,0,0,2,1,15,A01
200800008619,0,7,0,0,2,2,21,B01
200800008620,0,33,0,0,5,8,1,B01
200800008621,0,7,0,0,2,2,15,A01
200800008621,0,2,0,0,2,1,1,B01
200800008622,0,7,0,0,2,1,13,A01
200800008622,0,7,0,0,2,1,5,B01
200800008622,0,7,0,0,2,3,2,C01
200800008623,1,99,0,0,1,2,1,A01
200800008624,0,10,0,9,0,2,6,A01
200800008625,0,7,0,0,2,4,2,B01
200800008625,0,7,0,0,0,4,1,A01
200800008625,0,7,0,0,0,4,2,C01
200800008626,0,7,0,0,1,1,1,B01
200800008627,0,7,0,0,1,1,15,A01
200800008628,0,1,0,0,2,1,1,B01
200800008628,0,7,0,0,2,1,0,A01
200800008629,0,30,0,0,0,2,1,A01
200800008630,0,2,0,0,2,1,1,A01
200800008630,0,2,0,0,2,3,15,B01
200800008631,0,2,0,0,1,2,1,A01
200800008632,0,7,0,0,2,2,16,A01
200800008632,0,2,0,0,2,1,1,B01
200800008633,0,7,0,0,2,7,23,A01
200800008633,0,1,0,0,2,3,1,B01
200800008634,0,2,0,0,2,1,1,B01
200800008634,0,7,0,0,2,1,9,A01
200800008635,0,7,0,0,1,1,16,A01
200800008636,0,7,0,6,0,1,1,A01
200800008637,0,30,0,0,0,3,1,A01
200800008638,0,10,0,0,2,1,1,A01
200800008638,0,7,0,0,2,4,1,B01
200800008639,0,10,0,0,2,8,15,A01
200800008639,0,30,0,0,2,1,1,B01
200800008640,0,7,0,4,0,3,1,A01
200800008641,0,7,0,0,1,3,0,A01
200800008642,0,1,0,0,2,1,15,A01
200800008642,0,7,0,0,2,1,1,B01
200800008643,0,2,0,0,2,1,15,A01
200800008643,0,7,0,0,2,1,1,B01
200800008644,0,1,0,0,2,7,19,A01
200800008644,0,7,0,0,2,1,1,B01
200800008645,0,7,0,0,1,3,1,A01
200800008646,0,7,0,0,2,1,1,A01
200800008646,0,7,0,0,2,4,1,B01
200800008647,0,7,0,4,0,1,1,A01
200800008648,0,2,0,0,0,0,1,A01
200800008649,0,10,0,0,2,1,1,A01
200800008649,0,13,0,0,2,8,0,B01
200800008649,0,10,0,0,2,1,1,C01
200800008649,0,7,0,0,2,1,1,D01
200800008649,0,7,0,0,2,1,1,E01
200800008650,0,7,0,0,2,1,1,A01
200800008650,0,7,0,0,2,4,1,B01
200800008651,0,2,0,0,2,1,1,A01
200800008651,0,7,0,0,0,4,1,B01
200800008652,0,7,0,0,2,1,9,A01
200800008652,0,7,0,0,2,1,1,B01
200800008653,0,7,0,0,2,3,9,A01
200800008653,0,33,0,0,2,1,1,B01
200800008654,0,2,0,0,0,0,1,A01
200800008655,0,7,0,0,2,1,15,A01
200800008655,0,33,0,0,2,1,1,B01
200800008656,0,7,0,2,0,8,16,A01
200800008657,0,7,0,0,2,1,1,A01
200800008657,0,7,0,0,2,1,1,B01
200800008657,0,7,0,0,2,4,1,C01
200800008658,1,7,0,0,2,1,15,A01
200800008658,0,7,0,0,2,8,1,B01
200800008659,0,7,0,0,2,2,1,A01
200800008659,0,7,0,0,2,3,1,B01
200800008660,0,7,0,0,2,1,1,A01
200800008660,0,7,0,0,2,1,1,B01
200800008660,0,7,0,0,2,4,1,C01
200800008661,0,7,0,0,2,2,1,B01
200800008661,0,7,0,0,2,0,15,A01
200800008662,0,7,0,0,2,2,9,A01
200800008662,0,2,0,0,2,1,1,B01
200800008663,0,7,0,0,2,1,1,B01
200800008663,0,7,0,3,2,1,1,A01
200800008664,0,10,0,0,2,7,1,A01
200800008664,0,7,0,0,2,1,1,B01
200800008665,0,2,0,0,0,7,1,B01
200800008665,0,7,0,1,2,1,15,A01
200800008666,0,7,0,0,2,1,15,A01
200800008666,0,1,0,0,0,7,1,B01
200800008667,0,2,0,0,2,3,2,A01
200800008667,0,7,0,0,2,2,2,B01
200800008668,0,7,0,0,2,1,2,A01
200800008668,0,31,0,0,2,4,23,B01
200800008669,0,7,0,0,2,3,15,A01
200800008669,0,2,0,0,2,1,1,B01
200800008670,0,7,0,0,2,1,1,A01
200800008670,0,2,0,0,2,1,15,B01
200800008671,0,7,0,4,0,2,14,A01
200800008672,0,2,0,0,2,1,1,A01
200800008672,0,7,0,0,2,3,1,B01
200800008673,0,7,0,8,0,1,14,A01