Num_Acc,senc,catv,occutc,obs,obsm,choc,manv,num_veh
200800008674,0,2,0,0,2,4,23,A01
200800008674,1,7,0,0,2,1,2,B01
200800008675,0,33,0,0,2,1,1,A01
200800008675,0,7,0,0,2,4,1,B01
200800008676,0,7,0,0,2,8,22,A01
200800008676,0,1,0,0,2,7,1,B01
200800008677,1,7,0,0,1,1,15,A01
200800008678,0,2,0,0,0,0,1,A01
200800008679,0,30,0,0,2,1,1,A01
200800008679,0,10,0,0,2,4,1,B01
200800008680,0,13,0,0,1,1,1,A01
200800008681,0,7,0,0,2,2,15,A01
200800008681,0,2,0,0,2,1,1,B01
200800008681,0,7,0,0,2,1,1,E01
200800008682,0,3,0,0,2,3,1,A01
200800008683,0,7,0,0,2,2,15,A01
200800008683,0,2,0,0,2,1,1,B01
200800008684,0,7,0,0,2,1,15,A01
200800008684,0,2,0,0,2,1,1,B01
200800008685,0,7,0,0,2,3,1,B01
200800008685,0,30,0,0,2,1,9,A01
200800008686,0,7,0,0,1,4,4,A01
200800008687,0,2,0,0,2,1,1,B01
200800008687,0,7,0,0,2,1,15,A01
200800008688,0,7,0,0,1,2,2,A01
200800008689,0,7,0,0,1,2,0,A01
200800008690,0,7,0,13,0,5,1,A01
200800008691,0,7,0,0,1,1,0,A01
200800008692,0,10,0,5,2,5,0,A01
200800008692,0,7,0,0,2,1,1,B01
200800008693,0,32,0,0,2,1,2,A01
200800008693,0,7,0,0,0,4,1,B01
200800008694,0,7,0,0,0,2,15,A01
200800008694,0,2,0,0,2,1,1,B01
200800008695,0,2,0,0,2,6,18,A01
200800008695,1,7,0,0,2,0,1,B01
200800008696,0,7,0,0,2,3,1,A01
200800008696,0,33,0,0,2,1,0,C01
200800008696,0,14,0,0,2,6,1,B01
200800008697,0,30,0,0,0,1,1,A01
200800008698,0,33,0,0,2,8,13,B01
200800008698,0,2,0,0,2,8,13,A01
200800008699,0,7,0,0,2,1,1,A01
200800008699,0,7,0,0,2,4,2,B01
200800008699,0,7,0,0,2,4,23,C01
200800008700,1,7,0,0,1,1,1,A01
200800008701,0,2,0,0,2,1,2,A01
200800008701,0,99,0,0,0,4,2,B01
200800008702,0,7,0,14,2,1,1,B01
200800008702,0,7,0,10,0,8,1,A01
200800008703,0,2,0,0,2,1,1,B01
200800008703,1,7,0,0,2,3,13,A01
200800008704,0,33,0,0,2,1,1,B01
200800008704,0,7,0,0,2,3,10,A01
200800008705,0,7,0,0,2,3,15,A01
200800008705,0,7,0,0,2,7,1,B01
200800008706,0,7,0,0,2,1,5,A01
200800008706,0,7,0,0,2,1,1,B01
200800008707,0,7,0,0,1,2,1,A01
200800008708,0,7,0,0,1,2,1,A01
200800008709,0,7,0,0,2,2,1,A01
200800008710,0,7,0,0,2,1,0,A01
200800008710,0,7,0,0,2,4,23,B01
200800008711,0,1,0,0,2,1,1,A01
200800008711,0,7,0,0,2,7,1,B01
200800008712,0,33,0,0,2,1,1,A01
200800008712,0,7,0,0,2,4,1,B01
200800008713,0,7,0,0,2,1,15,A01
200800008713,0,7,0,0,2,2,1,B01
200800008714,0,33,0,0,0,2,2,A01
200800008715,0,7,0,8,0,2,2,A01
200800008716,0,1,0,0,1,1,2,A01
200800008717,0,7,0,0,1,1,1,A01
200800008718,0,7,0,0,1,1,1,A01
200800008719,0,30,0,0,2,1,1,B01
200800008719,0,37,2,0,2,1,15,A01
200800008720,0,7,0,0,1,3,15,A01
200800008721,0,7,0,0,1,2,0,A01
200800008722,0,7,0,0,2,3,17,A01
200800008722,0,2,0,0,2,8,1,B01
200800008723,0,7,0,0,1,7,1,A01
200800008724,0,7,0,0,1,1,1,A01
200800008725,0,7,0,0,1,0,1,A01
200800008726,0,2,0,0,2,1,16,A01
200800008726,0,10,0,0,2,5,15,B01
200800008727,1,7,0,0,1,0,0,A01
200800008728,1,7,0,0,1,1,1,A01
200800008729,0,40,0,0,1,1,1,A01
200800008730,0,7,0,0,2,2,1,A01
200800008730,0,7,0,0,2,6,20,B01
200800008731,0,3,0,0,2,1,1,A01
200800008731,0,7,0,0,2,4,23,B01
200800008732,1,7,0,0,1,1,15,A01
200800008733,0,7,0,0,2,8,11,A01
200800008733,0,33,0,0,2,3,1,B01
200800008734,0,7,0,0,1,3,12,A01
200800008735,0,2,0,0,2,1,5,A01
200800008735,0,7,0,0,2,3,15,B01
200800008736,0,13,0,0,1,1,16,A01
200800008737,0,7,0,0,1,1,11,A01
200800008738,0,7,0,0,2,2,1,A01
200800008738,0,7,0,0,2,3,11,B01
200800008739,0,7,0,0,1,0,1,A01
200800008740,0,37,1,0,1,7,1,A01
200800008741,0,7,0,0,2,6,15,B01
200800008741,0,7,0,0,2,3,2,A01
200800008742,0,7,0,0,2,7,10,A01
200800008742,0,7,0,0,2,1,1,B01
200800008743,0,2,0,0,2,7,1,B01
200800008743,0,7,0,0,2,1,1,A01
200800008744,1,7,0,0,1,2,1,A01
200800008745,0,30,0,0,1,1,1,A01
200800008746,0,7,0,0,2,1,2,A01
200800008746,0,33,0,0,2,4,2,B01
200800008747,1,7,0,0,1,0,1,A01
200800008748,0,7,0,7,2,7,5,A01
200800008748,0,7,0,0,2,1,1,B01
200800008749,0,7,0,0,2,2,0,A01
200800008749,0,7,0,0,2,0,1,B01
200800008750,0,7,0,0,1,3,15,A01
200800008751,0,7,0,0,2,7,15,A01
200800008751,0,33,0,0,2,1,1,B01
200800008752,0,7,0,0,1,2,1,A01
200800008753,0,2,0,0,2,1,2,A01
200800008753,0,7,0,0,0,4,15,B01
200800008754,0,7,0,0,2,1,13,A01
200800008754,0,7,0,0,2,3,1,B01
200800008754,0,7,0,0,2,1,1,C01
200800008755,0,7,0,0,1,3,1,A01
200800008756,0,10,0,0,2,2,1,B01
200800008756,0,10,0,0,2,3,9,A01
200800008757,0,10,0,0,1,1,1,A01
200800008758,0,7,0,0,2,2,15,A01
200800008758,0,7,0,0,2,1,1,B01
200800008759,0,7,0,0,2,1,1,A01
200800008759,0,7,0,0,2,7,1,B01
200800008760,0,7,0,1,0,2,15,A01
200800008761,0,7,0,0,1,1,1,A01
200800008762,0,7,0,0,1,1,1,A01
200800008763,0,2,0,0,0,0,1,A01
200800008764,0,1,0,0,2,1,1,B01
200800008764,0,7,0,0,2,1,1,A01
200800008765,0,33,0,8,0,1,1,A01
200800008766,0,2,0,0,0,5,1,A01
200800008767,0,7,0,12,0,9,1,A01
200800008768,0,7,0,0,1,1,1,A01
200800008769,0,7,0,0,0,1,1,A01
200800008769,0,2,0,0,2,7,1,B01
200800008770,0,30,0,0,0,7,1,A01
200800008771,0,30,0,0,2,8,18,A01
200800008771,0,7,0,0,2,2,16,B01
200800008772,0,7,0,0,2,1,1,B01
200800008772,0,2,0,0,0,0,1,A01
200800008773,0,30,0,1,0,1,1,A01
200800008774,0,7,0,0,2,1,15,A01
200800008774,0,7,0,0,2,1,1,B01
200800008775,0,7,0,11,0,1,1,A01
200800008776,0,33,0,0,2,1,1,A01
200800008776,0,7,0,0,2,8,1,B01
200800008777,0,7,0,0,2,1,1,A01
200800008777,0,7,0,0,2,1,1,B01
200800008778,0,7,0,0,2,1,1,A01
200800008778,0,7,0,0,0,4,1,B01
200800008779,0,7,0,0,2,1,1,A01
200800008779,0,7,0,0,2,3,1,B01
200800008780,0,2,0,1,0,1,0,A01
200800008781,1,7,0,0,1,1,1,A01
200800008782,0,7,0,0,2,1,1,B01
200800008782,0,2,0,0,2,1,15,A01
200800008783,0,7,0,0,1,1,1,A01
200800008784,0,7,0,0,2,1,1,A01
200800008784,0,7,0,0,2,1,1,B01
200800008784,0,7,0,0,2,3,1,C01
200800008785,0,7,0,0,2,1,1,A01
200800008785,0,1,0,0,2,7,1,B01
200800008786,0,7,0,0,2,1,1,A01
200800008786,0,7,0,0,2,4,23,B01
200800008787,0,10,0,0,1,0,4,A01
200800008788,0,33,0,0,2,1,1,B01
200800008788,0,7,0,0,2,7,15,A01
200800008789,0,7,0,0,1,6,1,A01
200800008790,0,7,0,0,0,1,1,A01
200800008791,0,30,0,0,2,2,1,B01
200800008791,0,7,0,0,2,8,11,A01
200800008792,0,7,0,0,2,1,1,B01
200800008792,0,7,0,0,2,3,15,A01
200800008793,0,7,0,0,2,3,9,A01
200800008793,0,30,0,0,2,1,1,B01
200800008794,0,7,0,0,2,4,2,B01
200800008794,0,7,0,0,2,1,2,A01
200800008795,0,7,0,0,1,1,1,A01
200800008796,0,7,0,0,2,2,15,A01
200800008796,0,7,0,0,2,1,2,B01
200800008797,0,7,0,2,0,9,1,A01
200800008798,0,31,0,0,2,1,1,A01
200800008798,0,7,0,0,2,1,1,B01
200800008799,0,10,0,0,2,1,19,A01
200800008799,0,7,0,0,2,5,1,B01
200800008800,0,7,0,0,1,1,0,A01
200800008801,0,7,0,0,1,2,0,A01
200800008802,0,7,0,0,1,2,1,A01
200800008803,0,7,0,0,0,9,0,A01
200800008804,0,7,0,0,2,4,0,B01
200800008804,0,7,0,0,2,1,2,A01
200800008805,0,7,0,0,2,2,1,B01
200800008805,0,7,0,0,2,3,15,A01
200800008806,0,2,0,15,0,1,21,A01
200800008806,0,7,0,0,0,0,9,B01
200800008807,0,7,0,0,1,1,0,A01
200800008808,0,7,0,0,1,3,1,A01
200800008809,1,7,0,0,9,1,0,A01
200800008809,0,1,0,0,2,4,1,B01
200800008810,0,7,0,0,1,1,1,A01
200800008811,0,7,0,0,2,2,15,A01
200800008811,0,2,0,0,2,1,1,B01
200800008812,0,7,0,0,1,2,1,A01
200800008813,2,7,0,0,2,1,5,A01
200800008813,0,7,0,6,2,1,1,B01
200800008814,0,37,1,0,1,7,20,A01
200800008815,0,7,0,0,2,3,15,B01
200800008815,0,7,0,0,2,1,1,A01
200800008816,0,2,0,0,2,1,17,A01
200800008816,0,7,0,0,2,8,13,B01
200800008816,0,7,0,0,2,6,23,C01
200800008816,0,7,0,0,2,1,23,D01
200800008817,0,2,0,0,2,1,1,B01
200800008817,0,7,0,0,1,1,9,A01
200800008818,0,10,0,0,2,1,2,A01
200800008818,0,7,0,0,2,4,23,B01
200800008819,0,7,0,0,2,3,1,B01
200800008819,0,7,0,0,2,3,5,A01
200800008820,0,10,0,0,1,4,4,A01
200800008821,0,7,0,0,2,7,15,A01
200800008821,0,2,0,0,2,1,1,B01
200800008822,0,7,0,0,2,3,19,A01
200800008822,0,2,0,0,2,1,1,B01
200800008823,0,7,0,0,0,9,1,A01
200800008824,0,7,0,0,1,1,15,A01
200800008825,0,7,0,0,2,1,1,A01
200800008825,0,7,0,0,2,1,1,B01
200800008826,0,7,0,0,2,8,9,A01
200800008826,0,7,0,0,2,1,1,B01
200800008827,0,2,0,0,2,1,1,A01
200800008827,0,7,0,0,0,7,1,B01
200800008828,0,7,0,0,1,2,1,A01
200800008829,0,7,0,0,2,3,9,A01
200800008829,0,2,0,0,2,1,1,B01
200800008830,0,30,0,0,1,1,1,A01
200800008831,0,7,0,0,2,1,1,A01
200800008831,0,7,0,0,2,1,1,B01
200800008832,0,7,0,0,2,1,1,A01
200800008832,0,7,0,0,2,3,1,B01
200800008833,0,37,4,0,2,1,2,A01
200800008833,0,31,0,0,2,4,2,B01
200800008834,0,7,0,0,2,1,2,A01
200800008834,0,7,0,0,2,4,2,B01
200800008835,0,37,1,0,2,7,1,A01
200800008835,0,1,0,0,2,8,0,B01
200800008836,0,7,0,0,2,2,1,A01
200800008836,0,1,0,0,2,8,1,B01
200800008837,0,7,0,0,1,1,1,A01
200800008838,0,7,0,0,0,0,1,A01
200800008839,0,2,0,1,0,7,1,A01
200800008840,0,7,0,0,0,0,0,A01
200800008841,0,2,0,0,0,0,0,A01
200800008842,0,7,0,14,0,9,1,A01
200800008843,0,7,0,0,2,6,1,B01
200800008843,0,30,0,0,2,1,1,A01
200800008844,0,7,0,0,2,3,1,B01
200800008844,0,7,0,0,2,1,1,A01
200800008845,0,30,0,0,2,7,1,B01
200800008845,0,7,0,0,2,3,20,A01
200800008846,0,7,0,0,1,1,1,A01
200800008847,0,7,0,0,2,1,1,B01
200800008847,0,7,0,0,2,1,16,A01
200800008848,0,7,0,0,2,1,13,A01
200800008848,0,10,0,0,2,1,2,B01
200800008849,0,7,0,0,1,3,15,A01
200800008850,0,7,0,0,2,3,1,B01
200800008850,0,7,0,0,2,2,15,A01
200800008851,0,7,0,0,1,3,15,A01
200800008852,0,7,0,0,2,1,2,B01
200800008852,0,32,0,0,2,3,15,A01
200800008853,0,7,0,0,0,8,2,B01
200800008853,0,15,0,0,2,3,2,A01
200800008854,0,30,0,0,2,1,2,B01
200800008854,0,7,0,0,2,7,16,A01
200800008855,0,7,0,0,2,3,0,A01
200800008855,0,33,0,0,0,1,0,B01
200800008856,0,7,0,0,2,4,24,B01
200800008856,0,7,0,0,2,3,0,D01
200800008856,0,7,0,0,2,5,24,C01
200800008856,0,7,0,1,0,1,1,A01
200800008857,0,7,0,0,1,1,1,A01
200800008858,0,2,0,0,2,1,1,A01
200800008858,0,7,0,0,2,2,1,B01
200800008859,0,7,0,8,0,7,17,A01
200800008860,0,7,0,0,1,1,1,A01
200800008861,0,33,0,15,0,0,0,A01
200800008862,0,7,0,9,0,9,1,A01
200800008863,0,7,0,0,2,3,15,A01
200800008863,0,7,0,0,2,3,1,B01
200800008864,0,2,0,1,2,4,1,A01
200800008864,1,7,0,0,2,1,1,B01
200800008865,0,7,0,0,0,0,1,A01
200800008865,0,33,0,0,0,7,1,B01
200800008866,0,7,0,7,0,9,1,A01
200800008867,0,2,0,0,0,7,1,A01
200800008868,0,7,0,0,2,5,15,A01
200800008868,0,33,0,0,2,1,1,B01
200800008869,0,7,0,0,2,1,15,A01
200800008869,0,7,0,0,2,3,1,B01
200800008870,1,10,0,0,2,0,14,A01
200800008870,0,30,0,0,2,3,1,B01
200800008871,0,7,0,0,1,1,1,A01
200800008872,0,10,0,9,0,2,0,A01
200800008873,0,7,0,0,2,3,1,B01
200800008873,0,7,0,0,2,3,17,A01
200800008874,0,30,0,0,2,2,17,A01
200800008874,0,7,0,8,2,8,13,B01
200800008875,0,7,0,14,0,1,1,A01
200800008875,0,7,0,0,2,4,23,B01
200800008876,0,7,0,0,2,2,1,B01
200800008876,0,1,0,0,2,1,19,A01
200800008877,0,7,0,1,0,1,1,A01
200800008878,0,7,0,0,2,1,2,A01
200800008878,0,1,0,0,2,0,0,B01
200800008879,0,7,0,0,1,0,1,A01
200800008880,0,7,0,0,2,4,23,A01
200800008880,0,10,0,0,2,4,23,B01
200800008880,1,7,0,14,0,0,0,C01
200800008881,0,7,0,0,9,6,15,A01
200800008881,0,30,0,0,2,1,1,B01
200800008882,0,7,0,0,2,0,16,A01
200800008882,0,2,0,0,2,0,1,B01
200800008883,0,1,0,0,2,1,1,B01
200800008883,0,7,0,0,2,1,1,A01
200800008884,0,7,0,0,1,1,1,A01
200800008885,0,2,0,0,2,0,1,A01
200800008885,0,7,0,0,2,1,16,B01
200800008886,0,7,0,0,2,5,16,A01
200800008886,0,2,0,0,2,1,17,B01
200800008887,0,7,0,13,0,1,2,A01
200800008888,0,7,0,0,2,3,13,A01
200800008888,0,31,0,0,2,1,2,B01
200800008889,0,33,0,0,2,1,1,A01
200800008889,0,7,0,0,2,5,15,B01
200800008890,0,33,0,0,2,1,1,B01
200800008890,0,7,0,0,2,2,1,A01
200800008891,0,7,0,4,0,9,2,A01
200800008892,0,7,0,0,1,4,4,A01
200800008893,0,7,0,0,2,6,1,B01
200800008893,0,7,0,0,2,1,1,A01
200800008894,0,7,0,2,0,8,1,A01
200800008895,0,7,0,0,2,2,15,A01
200800008895,0,31,0,0,2,1,1,B01
200800008896,0,7,0,14,0,1,1,A01
200800008896,0,7,0,14,2,5,23,B01
200800008896,0,7,0,0,2,4,23,C01
200800008896,0,7,0,0,2,4,23,D01
200800008896,0,7,0,0,9,3,23,E01
200800008897,0,7,0,0,2,1,2,A01
200800008897,0,7,0,0,2,4,2,B01
200800008898,0,7,0,0,2,1,15,A01
200800008898,0,7,0,0,2,1,1,B01
200800008899,0,7,0,0,1,1,1,A01
200800008900,0,2,0,0,2,1,1,A01
200800008900,0,7,0,0,2,6,1,B01
200800008901,0,7,0,0,2,7,15,A01
200800008901,0,7,0,0,2,1,1,B01
200800008902,0,7,0,0,1,1,1,A01
200800008903,0,7,0,1,0,1,1,A01
200800008904,0,7,0,0,2,2,15,A01
200800008904,0,33,0,0,2,1,1,B01
200800008905,0,7,0,1,0,3,13,A01
200800008906,0,2,0,0,2,0,0,A01
200800008906,0,7,0,0,2,0,1,B01
200800008907,0,7,0,11,1,2,21,A01
200800008908,0,14,0,1,0,7,1,A01
200800008909,0,30,0,0,2,1,15,A01
200800008909,0,10,0,0,2,0,1,B01
200800008910,0,7,0,0,9,6,15,A01
200800008910,0,36,0,0,2,1,1,B01
200800008911,0,7,0,8,0,1,14,A01
200800008912,0,2,0,0,2,1,17,A01
200800008912,0,7,0,0,2,6,15,B01
200800008913,0,7,0,15,0,1,14,A01
200800008914,0,1,0,0,1,1,2,A01
200800008915,0,7,0,0,2,2,1,A01
200800008916,0,7,0,6,0,1,1,A01
200800008917,0,7,0,0,2,4,23,A01
200800008917,1,7,0,14,0,1,1,B01
200800008918,0,7,0,0,1,1,1,A01
200800008919,0,7,0,0,1,1,15,A01
200800008920,0,30,0,0,9,1,1,A01
200800008920,0,1,0,0,9,4,1,B01
200800008921,0,7,0,0,1,0,4,A01
200800008922,0,30,0,0,1,0,7,A01
200800008923,0,7,0,0,2,2,1,B01
200800008923,0,2,0,0,2,1,1,A01
200800008924,0,2,0,0,2,1,1,A01
200800008924,0,7,0,0,2,6,1,B01
200800008925,0,7,0,0,1,3,1,A01
200800008926,0,2,0,0,2,1,1,A01
200800008926,0,7,0,0,2,1,23,B01
200800008927,0,14,0,0,1,0,16,A01
200800008928,0,7,0,0,2,2,16,A01
200800008928,0,2,0,0,2,1,2,B01
200800008929,0,3,0,0,2,1,1,A01
200800008929,0,7,0,0,2,0,1,B01
200800008930,0,7,0,0,2,6,1,A01
200800008930,0,34,0,0,2,1,1,B01
200800008931,0,7,0,0,1,1,1,A01
200800008932,0,7,0,0,2,3,22,A01
200800008932,0,1,0,1,0,1,1,B01
200800008933,0,1,0,0,2,1,1,B01
200800008933,0,7,0,0,2,0,15,A01
200800008934,0,2,0,0,2,1,1,A01
200800008934,1,7,0,0,9,1,15,B01
200800008935,1,30,0,0,2,1,15,B01
200800008935,0,30,0,0,0,8,15,A01
200800008936,0,2,0,0,2,7,1,A01
200800008936,0,7,0,0,2,3,1,B01
200800008937,0,7,0,1,0,1,1,A01
200800008938,1,7,0,0,1,1,0,A01
200800008939,1,7,0,0,2,1,1,C01
200800008939,0,30,0,0,0,4,1,A01
200800008939,0,7,0,3,0,2,21,B01
200800008940,0,7,0,0,1,1,1,A01
200800008941,0,7,0,0,2,5,1,B01
200800008941,0,7,0,14,2,3,0,A01
200800008942,0,7,0,0,2,1,1,A01
200800008942,0,7,0,0,2,4,23,B01
200800008942,0,7,0,0,2,4,15,C01
200800008943,0,7,0,0,1,0,15,A01
200800008944,0,7,0,0,1,0,1,A01
200800008945,0,7,0,0,2,8,1,B01
200800008945,0,7,0,0,2,1,1,A01
200800008946,0,7,0,0,2,4,15,B01
200800008946,0,7,0,0,2,1,2,A01
200800008947,0,7,0,0,2,8,1,C01
200800008947,1,7,0,0,2,0,15,A01
200800008947,0,2,0,0,2,1,1,B01
200800008948,0,7,0,0,2,8,13,A01
200800008948,0,33,0,1,2,9,17,B01
200800008949,0,10,0,0,2,3,15,A01
200800008949,0,2,0,0,2,1,1,B01
200800008950,0,7,0,0,1,0,1,A01
200800008951,0,35,0,1,2,7,1,A01
200800008951,0,7,0,0,2,3,15,B01
200800008952,0,2,0,0,2,0,1,A01
200800008952,0,7,0,0,2,3,15,B01
200800008953,0,7,0,1,2,1,15,A01
200800008953,0,7,0,0,2,1,1,B01
200800008954,0,7,0,1,2,1,1,A01
200800008954,0,7,0,0,2,1,1,B01
200800008955,0,7,0,0,2,8,1,A01
200800008955,0,7,0,0,2,1,1,B01
200800008956,0,7,0,0,2,0,16,A01
200800008956,0,2,0,0,2,7,1,B01
200800008957,0,7,0,0,2,0,20,A01
200800008958,0,7,0,0,1,1,1,A01
200800008959,0,7,0,0,2,3,20,A01
200800008959,0,7,0,0,2,1,1,B01
200800008960,0,7,0,0,2,2,22,A01
200800008960,0,31,0,0,2,3,18,B01
200800008961,0,7,0,1,2,1,1,A01
200800008962,0,2,0,0,2,1,1,B01
200800008962,0,7,0,0,2,2,15,A01
200800008963,0,2,0,0,2,3,1,B01
200800008963,0,7,0,0,2,3,1,A01
200800008964,0,7,0,1,0,7,15,A01
200800008965,0,30,0,1,0,3,1,B01
200800008965,0,7,0,0,9,0,22,A01
200800008966,0,7,0,0,2,1,13,A01
200800008966,0,7,0,0,2,1,1,B01
200800008967,0,7,0,0,2,2,15,A01
200800008967,0,2,0,0,2,1,1,B01
200800008968,0,7,0,0,2,1,2,A01
200800008968,0,33,0,0,1,4,0,B01
200800008969,0,7,0,0,1,2,16,A01
200800008970,0,7,0,0,2,3,13,A01
200800008970,0,7,0,0,2,3,1,B01
200800008971,0,7,0,0,0,3,1,A01
200800008972,0,2,0,0,1,1,0,A01
200800008973,0,7,0,0,2,3,1,A01
200800008973,0,2,0,0,2,4,13,B01
200800008974,0,7,0,0,0,7,15,A01
200800008974,0,7,0,0,0,1,1,B01
200800008975,0,7,0,8,0,1,14,A01
200800008976,0,7,0,0,2,7,5,A01
200800008976,0,7,0,0,2,1,1,B01
200800008977,1,7,0,0,1,2,1,A01
200800008978,0,7,0,0,2,1,1,A01
200800008978,0,7,0,0,2,4,1,B01
200800008978,0,7,0,0,2,4,1,C01
200800008978,0,7,0,0,2,4,1,D01
200800008978,0,7,0,0,2,4,1,E01
200800008979,0,7,0,0,1,1,1,A01
200800008980,0,31,0,0,2,1,1,B01
200800008980,0,7,0,0,2,6,15,A01
200800008981,0,7,0,0,1,1,1,A01
200800008982,0,7,0,0,2,2,9,A01
200800008982,0,1,0,0,2,4,1,B01
200800008983,0,7,0,0,2,3,1,A01
200800008983,0,7,0,0,2,5,23,B01
200800008984,0,7,0,0,1,4,4,A01
200800008985,0,7,0,0,2,3,9,A01
200800008985,0,30,0,0,2,1,1,B01
200800008986,0,7,0,0,1,1,1,A01
200800008987,0,2,0,1,0,2,1,A01
200800008988,0,7,0,0,1,1,1,A01
200800008989,0,7,0,0,1,0,1,A01
200800008990,0,7,0,0,1,1,1,A01
200800008991,0,7,0,0,2,3,15,A01
200800008991,0,33,0,0,2,1,1,B01
200800008992,0,7,0,0,2,2,17,A01
200800008992,0,7,0,0,2,3,15,B01
200800008993,0,37,1,0,1,7,1,A01
200800008994,0,7,0,0,2,3,15,A01
200800008994,0,1,0,0,2,1,1,B01
200800008995,0,7,0,8,0,2,1,A01
200800008996,0,33,0,8,0,1,1,A01
200800008997,0,7,0,8,0,1,1,A01
200800008998,0,7,0,0,1,4,4,A01
200800008999,1,7,0,0,1,7,1,A01
200800009000,0,7,0,1,0,7,14,A01
200800009001,0,7,0,0,2,2,15,A01
200800009001,0,30,0,0,2,7,1,B01
200800009002,0,7,0,0,2,1,2,B01
200800009002,0,7,0,0,2,1,11,A01
200800009003,0,1,0,0,0,0,0,A01
200800009004,0,10,0,0,2,8,10,A01
200800009004,0,7,0,0,2,1,1,B01
200800009005,0,7,0,0,0,6,23,A01
200800009005,0,2,0,1,0,1,2,B01
200800009006,0,7,0,0,1,2,15,A01
200800009007,0,7,0,0,9,7,1,A01
200800009007,0,1,0,0,2,7,1,B01
200800009008,2,7,0,8,0,1,14,A01
200800009008,0,7,0,0,0,0,16,B01
200800009009,0,7,0,0,2,5,15,A01
200800009009,0,32,0,0,2,1,1,B01
200800009010,0,7,0,0,1,1,2,A01
200800009011,0,33,0,0,2,9,17,A01
200800009011,0,15,0,0,0,3,15,B01
200800009012,0,7,0,0,1,2,1,A01
200800009013,0,2,0,0,0,0,13,B01
200800009013,0,10,0,0,0,0,16,A01
200800009014,0,7,0,0,0,1,5,A01
200800009014,0,7,0,0,0,1,0,B01
200800009014,0,7,0,0,0,1,0,C01
200800009014,0,7,0,0,0,1,0,D01
200800009015,0,7,0,1,0,3,1,A01
200800009016,0,7,0,15,0,7,1,A01
200800009017,1,7,0,0,2,1,1,A01
200800009017,0,1,0,0,0,0,19,B01
200800009018,0,7,0,0,2,1,1,A01
200800009018,0,7,0,0,2,1,1,B01
200800009019,0,7,0,6,0,1,13,A01
200800009020,0,30,0,0,2,1,2,A01
200800009020,0,7,0,0,2,4,2,B01
200800009021,0,7,0,0,2,3,15,A01
200800009021,0,33,0,0,2,0,1,B01
200800009022,0,33,0,0,1,1,1,A01
200800009023,0,7,0,0,2,3,1,A01
200800009023,0,7,0,1,2,5,0,B01
200800009024,0,2,0,1,2,1,17,A01
200800009024,0,7,0,0,2,3,15,B01
200800009025,0,7,0,0,2,7,15,A01
200800009025,0,33,0,0,2,1,1,B01
200800009026,0,7,0,0,4,1,1,A01
200800009026,0,39,0,0,0,6,1,B01
200800009027,0,2,0,2,0,7,14,A01
200800009028,0,7,0,0,2,1,1,B01
200800009028,0,7,0,0,2,8,1,A01
200800009029,0,7,0,0,2,8,1,B01
200800009029,0,7,0,0,2,1,1,A01
200800009030,0,7,0,0,1,1,15,A01
200800009031,0,7,0,0,1,1,15,A01
200800009032,0,7,0,0,9,0,13,A01
200800009032,0,1,0,0,2,8,21,B01
200800009033,0,7,0,0,0,3,15,A01
200800009033,0,30,0,0,2,1,1,B01
200800009034,0,7,0,0,2,8,9,A01
200800009034,0,30,0,6,2,1,1,B01
200800009035,0,7,0,0,2,0,1,A01
200800009035,0,7,0,0,2,6,1,C01
200800009035,0,7,0,0,2,3,1,D01
200800009035,0,38,2,0,2,8,1,B01
200800009036,0,7,0,0,2,1,15,A01
200800009036,0,1,0,0,2,1,15,B01
200800009037,0,7,0,0,2,1,1,B01
200800009037,0,7,0,0,2,8,1,A01
200800009038,0,30,0,0,0,8,0,A01
200800009039,0,7,0,0,2,1,1,A01
200800009039,0,7,0,0,2,8,1,B01
200800009040,0,7,0,0,2,3,1,B01
200800009040,0,7,0,0,2,3,1,C01
200800009040,0,7,0,0,2,0,1,A01
200800009041,0,7,0,0,2,5,16,A01
200800009041,0,33,0,0,2,1,1,B01
200800009042,0,7,0,0,1,0,15,A01
200800009043,0,13,0,0,1,8,0,A01
200800009044,0,7,0,0,2,1,1,A01
200800009044,0,7,0,0,2,8,1,B01
200800009045,0,7,0,0,2,1,1,A01
200800009045,0,7,0,0,2,1,0,B01
200800009046,0,7,0,0,2,5,10,A01
200800009046,0,30,0,0,2,1,1,B01
200800009047,0,7,0,0,2,8,20,A01
200800009047,0,33,0,0,2,1,1,B01
200800009048,0,2,0,0,2,1,2,A01
200800009048,0,31,0,0,2,8,0,B01
200800009049,0,33,0,0,2,1,1,A01
200800009049,0,7,0,0,2,4,1,B01
200800009049,0,7,0,0,9,1,1,C01
200800009050,0,7,0,0,2,2,1,B01
200800009050,0,2,0,0,2,1,1,A01
200800009051,0,7,0,0,2,8,11,A01
200800009051,0,2,0,0,2,7,1,B01
200800009051,0,7,0,0,2,8,1,C01
200800009051,0,7,0,0,2,6,1,D01
200800009052,0,7,0,0,2,7,1,A01
200800009052,0,1,0,0,2,1,19,B01
200800009053,0,7,0,0,1,0,0,A01
200800009054,0,7,0,0,0,0,0,A01
200800009055,0,33,0,0,2,1,1,A01
200800009055,0,7,0,0,2,4,1,B01
200800009056,0,30,0,12,0,1,1,A01
200800009057,0,14,0,0,2,2,0,A01
200800009057,0,7,0,0,2,1,0,B01
200800009058,0,37,41,0,2,7,1,A01
200800009058,0,30,0,0,2,8,1,B01
200800009059,0,7,0,0,2,0,0,A01
200800009060,0,7,0,0,2,2,22,A01