Num_Acc,senc,catv,occutc,obs,obsm,choc,manv,num_veh
200800009439,0,7,0,0,1,1,2,A01
200800009440,0,7,0,0,2,1,15,A01
200800009440,0,33,0,0,2,7,1,B01
200800009440,0,7,0,0,2,1,1,C01
200800009441,0,7,0,0,2,1,1,A01
200800009441,0,7,0,1,2,4,23,B01
200800009442,0,33,0,0,1,8,15,A01
200800009443,0,32,0,1,0,1,1,A01
200800009443,0,7,0,0,0,4,23,B01
200800009444,0,2,0,3,1,1,1,A01
200800009445,0,30,0,0,2,1,1,A01
200800009445,0,7,0,0,2,1,1,B01
200800009446,0,7,0,0,2,3,14,A01
200800009446,0,1,0,0,2,4,1,B01
200800009447,0,31,0,0,2,1,17,A01
200800009447,0,7,0,0,2,3,15,B01
200800009448,0,33,0,0,2,1,2,B01
200800009448,0,7,0,0,2,1,15,A01
200800009449,0,7,0,0,2,1,1,B01
200800009449,0,7,0,0,2,2,1,A01
200800009450,0,2,0,0,0,5,1,A01
200800009451,0,30,0,0,2,1,1,A01
200800009451,0,7,0,0,2,3,15,B01
200800009452,0,30,0,12,0,1,16,A01
200800009453,0,7,0,0,2,3,1,A01
200800009453,0,2,0,0,2,2,17,B01
200800009454,0,7,0,0,2,8,1,B01
200800009454,0,7,0,0,2,2,1,A01
200800009455,0,7,0,6,2,2,1,B01
200800009455,0,7,0,0,2,1,1,A01
200800009456,0,7,0,0,2,1,1,A01
200800009456,0,7,0,0,2,4,1,B01
200800009457,0,2,0,0,2,1,1,B01
200800009457,0,7,0,0,2,8,15,A01
200800009458,0,7,0,0,2,1,1,A01
200800009458,0,7,0,0,2,4,1,B01
200800009458,0,7,0,0,2,4,1,C01
200800009459,0,30,0,16,0,0,1,A01
200800009460,1,7,0,0,1,4,4,A01
200800009461,1,7,0,0,2,1,15,A01
200800009461,0,7,0,0,2,4,1,B01
200800009462,0,7,0,0,2,7,15,A01
200800009462,0,7,0,0,2,1,1,B01
200800009463,0,7,0,0,2,1,1,A01
200800009464,0,7,0,4,2,3,9,A01
200800009464,0,7,0,4,2,7,1,B01
200800009465,0,7,0,0,2,3,1,A01
200800009465,0,7,0,1,2,7,1,B01
200800009466,0,2,0,0,2,1,1,A01
200800009466,0,7,0,0,2,4,1,B01
200800009467,0,2,0,0,2,1,1,A01
200800009467,0,30,0,0,1,7,23,B01
200800009468,0,7,0,0,1,1,1,A01
200800009469,0,2,0,0,2,1,16,A01
200800009469,0,7,0,0,2,5,16,B01
200800009470,1,2,0,0,2,1,1,A01
200800009470,0,7,0,0,2,4,1,B01
200800009471,0,7,0,3,0,1,1,A01
200800009472,0,7,0,0,2,1,1,A01
200800009472,0,7,0,0,2,4,1,B01
200800009473,0,7,0,0,1,2,1,A01
200800009474,0,2,0,0,2,1,13,A01
200800009474,0,7,0,0,2,5,1,B01
200800009475,0,7,0,0,2,1,1,A01
200800009475,0,7,0,0,2,4,23,B01
200800009475,0,7,0,0,2,4,1,C01
200800009476,0,7,0,0,2,5,4,A01
200800009476,0,7,0,0,2,1,1,B01
200800009477,0,7,0,0,2,2,1,B01
200800009477,1,7,0,0,1,2,15,A01
200800009478,0,37,1,0,0,2,1,B01
200800009478,0,7,0,0,0,8,9,A01
200800009479,1,10,0,0,1,2,1,A01
200800009480,0,33,0,0,0,7,0,A01
200800009481,0,7,0,0,2,6,2,A01
200800009481,0,7,0,0,2,1,2,B01
200800009482,0,7,0,0,2,2,15,A01
200800009482,0,2,0,0,2,1,19,B01
200800009483,0,7,0,0,1,2,1,A01
200800009484,0,7,0,0,1,1,2,A01
200800009485,1,7,0,0,2,4,0,A01
200800009485,0,1,0,0,2,1,1,B01
200800009486,0,7,0,13,0,1,13,A01
200800009487,0,30,0,0,2,1,19,B01
200800009487,0,7,0,0,2,8,19,A01
200800009488,0,7,0,0,2,1,2,A01
200800009488,0,7,0,0,2,8,15,B01
200800009489,0,33,0,0,2,6,1,A01
200800009489,0,2,0,0,2,1,15,B01
200800009490,0,30,0,0,2,1,0,B01
200800009490,0,7,0,0,2,7,15,A01
200800009491,0,7,0,0,1,2,9,A01
200800009492,0,7,0,0,2,3,1,B01
200800009492,0,7,0,0,2,2,13,A01
200800009493,0,7,0,0,0,0,0,A01
200800009493,0,7,0,0,1,4,2,B01
200800009494,0,7,0,0,2,3,0,B01
200800009494,0,30,0,0,2,0,0,A01
200800009495,0,7,0,0,2,3,1,B01
200800009495,0,7,0,0,2,1,13,A01
200800009496,0,7,0,0,1,2,1,A01
200800009497,0,33,0,0,2,8,15,B01
200800009497,0,7,0,0,2,3,1,A01
200800009498,0,30,0,0,2,8,13,A01
200800009498,0,7,0,0,2,7,17,B01
200800009499,0,30,0,0,2,8,0,B01
200800009500,0,7,0,0,2,8,15,B01
200800009500,0,33,0,0,2,1,1,A01
200800009501,0,7,0,0,2,8,1,B01
200800009501,0,7,0,0,2,2,1,A01
200800009502,0,7,0,0,2,1,1,B01
200800009502,0,2,0,0,2,8,19,A01
200800009503,1,7,0,0,2,8,15,A01
200800009503,0,32,0,0,2,8,1,B01
200800009504,0,30,0,0,2,2,1,B01
200800009504,0,7,0,0,2,3,9,A01
200800009505,0,10,0,0,2,1,0,A01
200800009505,0,33,0,0,2,7,0,B01
200800009506,0,7,0,0,1,1,2,A01
200800009507,0,7,0,0,2,1,2,A01
200800009507,0,7,0,0,2,4,2,B01
200800009508,0,33,0,0,2,1,2,A01
200800009508,0,7,0,0,0,7,1,B01
200800009509,0,15,0,0,2,6,10,A01
200800009509,0,7,0,0,2,1,1,B01
200800009510,0,7,0,0,2,8,12,A01
200800009510,0,33,0,0,2,8,2,B01
200800009510,0,10,0,0,0,0,20,C01
200800009511,0,7,0,0,0,2,1,A01
200800009511,0,2,0,0,0,9,1,B01
200800009512,0,7,0,0,2,6,1,B01
200800009512,0,33,0,0,2,1,17,A01
200800009513,0,30,0,0,2,1,1,B01
200800009513,0,7,0,0,2,7,15,A01
200800009514,0,7,0,0,9,3,1,B01
200800009514,0,31,0,0,2,1,1,A01
200800009515,0,7,0,0,2,1,2,A01
200800009515,0,32,0,0,0,4,2,B01
200800009516,1,7,0,0,2,6,17,A01
200800009516,0,33,0,0,2,2,1,B01
200800009517,1,7,0,0,1,0,1,A01
200800009517,0,33,0,0,0,9,1,B01
200800009518,0,7,0,0,2,8,19,A01
200800009518,0,2,0,0,2,1,1,B01
200800009519,0,7,0,0,2,1,1,A01
200800009519,1,7,0,0,2,1,15,B01
200800009520,0,1,0,0,2,8,1,A01
200800009520,0,7,0,0,2,1,15,B01
200800009521,0,10,0,0,1,2,2,A01
200800009522,1,7,0,0,0,0,0,A01
200800009523,0,7,0,0,2,2,15,B01
200800009523,0,2,0,0,2,1,5,A01
200800009524,0,7,0,0,0,1,0,A01
200800009525,0,7,0,0,2,4,1,A01
200800009525,0,7,0,0,2,4,1,B01
200800009525,0,7,0,0,2,1,1,C01
200800009526,0,2,0,0,2,1,17,A01
200800009526,0,7,0,0,0,8,15,B01
200800009527,0,31,0,0,2,1,13,A01
200800009527,0,7,0,0,2,1,1,B01
200800009528,0,33,0,14,2,1,6,A01
200800009528,0,7,0,0,2,6,1,B01
200800009529,0,7,0,4,2,1,0,A01
200800009529,0,7,0,0,0,4,23,B01
200800009529,0,7,0,0,0,4,23,C01
200800009530,0,10,0,0,1,1,15,A01
200800009531,0,99,0,14,0,1,1,A01
200800009531,0,34,0,0,0,4,23,B01
200800009532,0,32,0,0,2,1,16,A01
200800009532,0,7,0,0,2,5,16,B01
200800009533,0,7,0,1,0,3,13,A01
200800009533,0,7,0,0,2,3,23,B01
200800009534,0,7,0,0,2,3,10,A01
200800009534,0,2,0,0,2,7,17,B01
200800009534,0,30,0,0,2,5,1,C01
200800009534,0,30,0,14,0,1,1,D01
200800009535,1,2,0,0,1,1,1,A01
200800009536,0,7,0,0,2,3,15,A01
200800009536,0,30,0,0,2,1,1,B01
200800009537,0,32,0,8,0,0,13,A01
200800009538,0,7,0,0,2,7,15,A01
200800009538,0,30,0,0,2,1,1,B01
200800009539,0,32,0,1,0,9,0,A01
200800009540,0,7,0,0,2,3,5,A01
200800009540,0,7,0,0,2,3,1,B01
200800009541,0,7,0,1,0,1,1,A01
200800009541,0,7,0,0,2,7,23,B01
200800009542,0,2,0,0,2,1,1,B01
200800009542,0,7,0,0,2,2,1,A01
200800009543,0,7,0,0,0,3,16,A01
200800009543,0,30,0,0,0,1,1,B01
200800009544,0,7,0,0,2,2,15,A01
200800009544,0,2,0,0,2,1,1,B01
200800009545,0,7,0,0,2,1,2,A01
200800009545,0,99,0,0,2,3,15,B01
200800009546,0,31,0,0,2,0,21,B01
200800009546,0,7,0,0,2,0,15,A01
200800009547,0,7,0,0,2,4,2,B01
200800009547,0,7,0,0,2,1,2,A01
200800009548,0,33,0,0,2,1,1,B01
200800009548,0,1,0,0,2,3,15,A01
200800009549,0,33,0,0,2,0,1,B01
200800009549,0,7,0,0,2,0,9,A01
200800009550,0,7,0,0,0,2,0,A01
200800009551,0,33,0,0,2,2,2,B01
200800009551,0,7,0,0,2,3,15,A01
200800009552,0,10,0,0,2,6,2,B01
200800009552,0,31,0,0,2,1,2,A01
200800009553,0,7,0,0,1,3,9,A01
200800009554,0,7,0,0,1,4,4,A01
200800009555,0,7,0,8,0,7,1,A01
200800009556,0,7,0,0,0,4,2,B01
200800009556,0,7,0,0,2,1,2,A01
200800009557,0,30,0,0,1,1,1,A01
200800009558,0,7,0,0,2,8,0,A01
200800009558,0,33,0,0,2,2,1,B01
200800009559,0,7,0,0,2,7,19,A01
200800009559,0,7,0,0,2,1,1,B01
200800009560,0,7,0,0,1,2,1,A01
200800009561,0,99,0,0,2,7,15,A01
200800009561,0,7,0,0,2,2,1,B01
200800009562,0,7,0,0,2,3,9,A01
200800009562,0,1,0,0,2,7,1,B01
200800009563,0,7,0,0,1,1,0,A01
200800009563,0,7,0,0,1,4,0,B01
200800009564,0,7,0,0,2,1,2,A01
200800009564,0,7,0,0,2,4,2,B01
200800009565,0,7,0,0,2,7,15,A01
200800009565,0,32,0,0,2,1,1,B01
200800009566,0,7,0,3,2,1,0,A01
200800009566,0,7,0,3,2,9,1,C01
200800009566,0,33,0,12,2,9,0,B01
200800009567,0,7,0,0,2,7,14,A01
200800009567,0,15,0,0,2,8,1,B01
200800009568,0,7,0,0,2,1,1,A01
200800009568,0,15,0,0,2,4,1,B01
200800009569,0,7,0,0,2,2,0,A01
200800009569,0,30,0,0,2,8,1,B01
200800009570,1,7,0,0,2,1,1,A01
200800009570,0,7,0,12,2,7,1,B01
200800009571,0,7,0,0,2,8,1,B01
200800009571,0,7,0,0,2,1,1,A01
200800009572,0,7,0,0,2,1,1,A01
200800009572,0,30,0,0,2,1,0,B01
200800009573,0,2,0,0,2,2,3,A01
200800009574,0,33,0,0,2,1,1,A01
200800009574,0,7,0,0,2,2,15,B01
200800009575,0,33,0,0,2,8,17,A01
200800009575,0,7,0,0,2,8,2,B01
200800009576,0,30,0,0,2,1,1,B01
200800009576,0,7,0,0,2,1,1,C01
200800009576,0,7,0,0,2,3,23,A01
200800009577,0,7,0,0,9,6,15,A01
200800009577,0,30,0,0,2,1,1,B01
200800009578,0,7,0,0,2,7,15,A01
200800009578,0,2,0,0,2,1,1,B01
200800009579,0,7,0,0,2,3,11,A01
200800009579,0,30,0,0,2,7,1,B01
200800009580,0,7,0,0,2,3,13,A01
200800009580,0,17,0,0,2,6,1,B01
200800009581,0,7,0,0,1,1,1,A01
200800009582,0,7,0,0,2,1,1,A01
200800009582,0,7,0,0,2,5,1,B01
200800009583,0,7,0,0,2,3,15,A01
200800009583,0,7,0,9,2,1,1,B01
200800009584,0,7,0,0,1,2,1,A01
200800009585,0,2,0,0,2,1,1,B01
200800009585,0,7,0,0,2,2,19,A01
200800009586,0,7,0,0,2,3,9,A01
200800009586,0,1,0,0,2,1,2,B01
200800009587,0,15,0,0,2,2,2,A01
200800009587,0,7,0,0,0,4,1,B01
200800009588,0,7,0,0,1,7,17,A01
200800009589,0,7,0,0,2,2,15,A01
200800009589,0,7,0,0,2,2,1,B01
200800009590,0,2,0,0,2,1,13,A01
200800009590,0,7,0,0,2,3,1,B01
200800009591,0,7,0,0,2,1,15,A01
200800009591,0,7,0,0,2,3,1,B01
200800009592,0,10,0,0,2,5,19,A01
200800009592,0,7,0,0,2,1,1,B01
200800009593,0,7,0,0,1,0,1,A01
200800009594,0,2,0,0,2,1,17,B01
200800009594,0,7,0,0,2,1,19,A01
200800009595,0,7,0,0,1,3,16,A01
200800009596,0,7,0,0,1,1,1,A01
200800009597,0,7,0,0,2,1,2,A01
200800009597,0,7,0,0,2,4,2,B01
200800009598,0,7,0,0,2,6,9,A01
200800009598,0,31,0,0,2,1,1,B01
200800009599,0,2,0,0,2,1,1,B01
200800009599,0,7,0,0,2,7,1,A01
200800009600,0,7,0,0,1,5,4,A01
200800009601,0,7,0,0,2,8,0,A01
200800009601,0,7,0,0,2,1,1,B01
200800009602,0,7,0,0,1,1,1,A01
200800009603,0,7,0,0,2,2,15,A01
200800009603,0,2,0,0,2,1,1,B01
200800009604,0,33,0,16,0,9,1,A01
200800009605,0,7,0,0,2,1,1,A01
200800009605,0,7,0,0,2,4,2,B01
200800009606,0,2,0,0,2,1,19,A01
200800009606,0,7,0,0,2,6,19,B01
200800009607,0,1,0,0,2,7,19,A01
200800009607,0,37,0,0,1,2,1,B01
200800009608,0,7,0,0,1,1,0,A01
200800009609,0,7,0,0,2,2,15,A01
200800009609,0,7,0,0,2,1,1,B01
200800009610,0,7,0,0,2,7,15,A01
200800009610,0,7,0,0,2,1,1,B01
200800009611,1,7,0,0,2,1,14,A01
200800009611,0,2,0,0,2,3,2,B01
200800009612,0,2,0,0,2,1,2,A01
200800009612,0,7,0,0,2,4,1,B01
200800009613,0,7,0,0,2,1,2,A01
200800009613,0,7,0,0,2,4,1,B01
200800009614,0,30,0,0,2,8,15,A01
200800009614,0,7,0,0,2,3,2,B01
200800009615,0,7,0,0,1,1,1,A01
200800009616,0,30,0,6,0,2,1,A01
200800009617,0,7,0,0,1,1,1,A01
200800009618,0,7,0,0,1,1,16,A01
200800009619,0,7,0,3,0,1,2,A01
200800009620,0,7,0,15,0,1,2,A01
200800009621,0,7,0,0,2,3,15,A01
200800009621,0,7,0,0,2,8,2,B01
200800009622,0,14,0,0,2,1,2,A01
200800009622,0,30,0,0,2,4,2,B01
200800009623,0,30,0,16,0,8,2,A01
200800009624,0,7,0,0,2,8,2,B01
200800009624,0,7,0,1,2,1,2,A01
200800009625,0,7,0,0,2,1,2,B01
200800009625,0,7,0,0,2,1,2,A01
200800009626,0,10,0,3,2,1,2,A01
200800009626,0,15,0,0,2,4,2,B01
200800009627,0,30,0,0,2,1,2,A01
200800009627,0,7,0,0,2,4,2,B01
200800009628,0,33,0,0,0,7,1,A01
200800009629,0,7,0,0,2,3,15,A01
200800009629,0,7,0,0,2,1,1,B01
200800009630,0,7,0,3,0,9,1,A01
200800009631,0,2,0,0,0,0,0,A01
200800009632,0,7,0,0,1,2,1,A01
200800009633,0,7,0,6,0,1,1,A01
200800009634,0,7,0,0,2,1,2,A01
200800009634,0,7,0,0,2,4,1,B01
200800009635,0,37,0,0,1,7,1,A01
200800009636,0,7,0,0,2,3,1,B01
200800009636,0,30,0,0,2,4,1,A01
200800009637,0,33,0,0,2,1,2,A01
200800009637,0,7,0,0,2,5,1,B01
200800009638,0,2,0,0,2,1,1,B01
200800009638,0,7,0,0,2,3,9,A01
200800009639,0,7,0,16,0,1,2,A01
200800009640,0,7,0,0,2,2,2,B01
200800009640,0,7,0,0,2,3,2,A01
200800009641,0,30,0,0,2,1,2,A01
200800009641,0,7,0,0,2,6,2,B01
200800009642,0,7,0,9,0,9,0,A01
200800009643,0,7,0,0,2,0,2,A01
200800009643,0,30,0,0,2,7,2,B01
200800009644,0,7,0,0,1,4,4,A01
200800009645,0,7,0,0,1,2,16,A01
200800009646,0,2,0,0,2,1,17,A01
200800009646,0,7,0,0,2,6,1,B01
200800009647,0,7,0,0,1,8,1,A01
200800009648,0,7,0,0,1,1,16,A01
200800009649,0,2,0,0,2,2,17,A01
200800009649,0,7,0,0,0,8,2,B01
200800009650,0,7,0,0,2,2,15,A01
200800009650,0,2,0,0,2,1,2,B01
200800009651,0,7,0,0,1,1,2,A01
200800009652,0,7,0,0,1,1,1,A01
200800009653,0,7,0,0,2,1,13,A01
200800009653,0,7,0,0,2,1,1,B01
200800009654,0,10,0,0,1,1,1,A01
200800009655,0,7,0,2,0,8,1,A01
200800009656,0,7,0,0,1,1,1,A01
200800009657,0,7,0,0,2,1,13,A01
200800009657,0,7,0,0,2,1,1,B01
200800009658,0,7,0,0,2,8,24,A01
200800009658,0,1,0,14,0,1,1,B01
200800009659,0,31,0,12,0,7,13,A01
200800009660,0,15,0,0,1,2,20,A01
200800009661,0,7,0,0,1,1,1,A01
200800009662,0,7,0,0,2,5,1,A01
200800009662,0,1,0,0,2,0,9,B01
200800009663,0,7,0,0,1,1,0,A01
200800009664,0,2,0,0,2,1,18,A01
200800009664,0,7,0,0,2,7,16,B01
200800009665,0,30,0,0,0,0,0,A01
200800009666,0,1,0,0,2,4,11,A01
200800009666,0,7,0,0,9,2,0,B01
200800009667,0,7,0,0,0,3,22,A01
200800009667,0,1,0,1,0,1,1,B01
200800009668,0,7,0,2,0,2,1,A01
200800009669,0,10,0,0,2,8,13,A01
200800009669,0,30,0,0,2,7,17,B01
200800009670,0,7,0,0,0,1,1,A01
200800009670,0,7,0,0,0,3,15,C01
200800009670,0,7,0,0,0,7,1,B01
200800009671,1,7,0,1,0,3,1,A01
200800009671,0,7,0,0,2,4,23,B01
200800009672,0,7,0,11,1,2,2,A01
200800009673,0,7,0,1,0,3,2,A01
200800009673,0,7,0,0,0,5,0,B01
200800009674,0,7,0,0,2,5,2,A01
200800009674,0,1,0,0,2,4,2,B01
200800009675,0,2,0,0,2,3,1,B01
200800009675,1,7,0,0,2,5,9,A01
200800009676,0,1,0,0,0,4,1,B01
200800009676,0,7,0,0,1,3,15,A01
200800009677,0,7,0,8,0,1,1,A01
200800009678,0,32,0,0,2,1,17,A01
200800009678,0,7,0,0,2,3,13,B01
200800009679,0,7,0,0,2,1,1,A01
200800009679,0,32,0,0,2,4,0,B01
200800009680,0,7,0,0,2,1,1,A01
200800009680,0,1,0,0,2,1,1,B01
200800009681,0,2,0,0,2,1,1,A01
200800009681,0,7,0,0,2,5,23,B01
200800009682,0,7,0,3,0,1,1,A01
200800009683,0,7,0,0,2,1,1,A01
200800009683,0,7,0,0,2,1,15,B01
200800009684,0,7,0,0,1,0,1,A01
200800009685,1,7,0,0,2,2,10,A01
200800009685,0,30,0,0,2,3,2,B01
200800009686,0,7,0,0,1,4,4,A01
200800009687,0,99,0,1,0,1,2,A01
200800009688,0,30,0,0,2,1,17,A01
200800009688,0,7,0,0,2,3,9,B01
200800009689,0,7,0,0,1,1,2,A01
200800009690,0,7,0,1,0,1,2,A01
200800009691,0,7,0,0,2,8,2,A01
200800009691,0,30,0,1,2,1,2,B01
200800009692,0,7,0,0,2,3,2,A01
200800009692,0,7,0,0,2,8,2,B01
200800009693,0,7,0,0,2,1,2,A01
200800009693,0,7,0,0,2,1,2,B01
200800009694,0,7,0,0,2,4,11,A01
200800009694,0,10,0,0,2,1,1,B01
200800009695,0,7,0,0,1,1,0,A01
200800009696,0,7,0,0,1,1,1,A01
200800009697,0,7,0,1,0,1,1,A01
200800009698,0,10,0,0,1,2,1,A01
200800009699,0,7,0,0,2,7,1,B01
200800009699,0,13,0,0,2,8,17,A01
200800009700,0,7,0,0,1,1,1,A01
200800009701,0,7,0,0,2,3,9,A01
200800009701,0,7,0,0,2,2,1,B01
200800009702,0,7,0,0,0,6,2,B01
200800009702,0,2,0,0,2,1,2,A01
200800009703,0,7,0,0,2,2,1,A01
200800009703,0,99,0,0,2,3,1,B01
200800009704,0,7,0,0,2,8,1,B01
200800009704,0,2,0,0,2,1,17,A01
200800009705,0,7,0,0,1,3,1,A01
200800009706,0,7,0,0,2,3,0,A01
200800009706,0,7,0,0,2,4,0,B01
200800009707,0,7,0,0,0,2,24,A01
200800009707,0,7,0,0,1,2,4,B01
200800009708,0,7,0,14,0,2,1,A01
200800009709,0,13,0,0,2,8,0,C01
200800009709,0,7,0,0,2,4,0,B01
200800009709,0,7,0,0,2,7,0,A01
200800009710,0,7,0,0,2,8,1,B01
200800009710,0,7,0,0,2,3,15,A01
200800009711,0,7,0,0,2,8,18,A01
200800009711,0,37,15,0,2,7,16,B01
200800009712,0,33,0,0,2,4,9,B01
200800009712,0,7,0,0,2,2,9,A01
200800009712,0,30,0,0,2,4,9,C01
200800009713,0,7,0,0,2,2,1,A01
200800009713,0,7,0,0,2,3,15,B01
200800009714,0,7,0,0,1,1,1,A01
200800009715,0,33,0,0,2,4,12,A01
200800009715,0,7,0,0,2,1,1,B01
200800009716,0,7,0,0,0,0,15,B01
200800009716,0,31,0,0,0,3,1,A01
200800009717,0,31,0,0,2,1,1,A01
200800009717,0,7,0,0,0,8,15,B01
200800009718,0,7,0,0,1,1,1,A01
200800009719,0,7,0,1,0,1,1,A01
200800009720,0,7,0,0,1,1,1,A01
200800009721,0,7,0,0,2,1,2,A01
200800009721,0,7,0,0,2,4,2,B01
200800009722,0,7,0,0,1,2,1,A01
200800009723,0,30,0,15,2,1,18,A01
200800009723,0,7,0,0,2,2,16,B01
200800009724,0,33,0,0,0,1,1,A01
200800009725,0,7,0,12,2,1,1,A01
200800009726,0,7,0,0,2,8,15,A01
200800009726,0,2,0,0,2,1,3,B01
200800009727,0,7,0,0,1,3,15,A01
200800009728,0,30,0,0,0,0,0,A01
200800009729,0,7,0,0,2,3,15,A01
200800009729,0,33,0,0,2,1,1,B01
200800009730,0,30,0,0,1,1,1,A01
200800009731,0,7,0,0,1,1,1,A01
200800009732,0,2,0,0,2,1,3,A01
200800009732,0,7,0,0,2,3,9,B01
200800009732,0,7,0,0,2,3,1,C01
200800009733,0,7,0,0,1,1,1,A01
200800009734,0,2,0,0,1,1,1,A01
200800009735,0,7,0,0,2,8,1,B01
200800009735,0,7,0,0,2,7,1,A01
200800009736,0,7,0,0,2,5,1,A01
200800009736,0,31,0,0,2,1,1,B01
200800009737,0,7,0,6,2,8,1,A01
200800009737,0,10,0,0,2,1,1,B01
200800009738,0,7,0,0,0,3,15,A01
200800009738,0,33,0,0,0,1,1,B01
200800009739,0,2,0,0,2,1,11,A01
200800009739,0,7,0,0,2,6,11,B01
200800009740,0,10,0,0,1,2,1,A01
200800009741,0,1,0,0,9,1,2,A01
200800009741,0,1,0,0,9,8,19,B01
200800009742,0,7,0,0,1,2,1,A01
200800009743,0,10,0,0,1,2,2,A01
200800009744,0,31,0,0,2,1,11,A01
200800009744,0,7,0,0,2,4,2,B01
200800009745,0,7,0,0,2,3,15,A01
200800009745,0,31,0,0,2,8,1,B01
200800009746,0,7,0,0,1,1,17,A01
200800009747,0,7,0,0,1,1,1,A01
200800009748,0,2,0,0,2,0,18,A01
200800009748,1,7,0,0,2,0,16,B01
200800009749,1,7,0,0,1,1,0,A01
200800009750,0,7,0,0,2,7,12,A01
200800009750,0,33,0,0,2,7,0,B01
200800009751,0,2,0,0,1,1,21,A01
200800009752,0,7,0,0,2,7,15,A01
200800009752,0,31,0,0,2,1,2,B01
200800009753,0,32,0,0,1,1,0,A01
200800009754,0,37,3,0,1,7,1,A01
200800009755,0,7,0,0,2,1,1,A01
200800009755,0,7,0,0,2,4,23,B01
200800009756,0,2,0,0,2,7,1,B01
200800009756,0,7,0,0,0,1,1,A01
200800009757,0,7,0,0,0,2,17,A01
200800009758,0,7,0,1,0,2,1,A01
200800009759,0,2,0,0,2,1,21,A01
200800009759,0,7,0,0,0,0,10,B01
200800009760,0,7,0,1,0,4,4,A01
200800009761,0,10,0,1,2,3,1,A01
200800009761,1,7,0,0,2,1,15,B01
200800009762,0,7,0,0,0,8,16,B01
200800009762,0,7,0,0,0,3,1,A01
200800009763,0,2,0,0,1,1,1,A01
200800009764,0,32,0,0,0,1,0,B01
200800009764,0,99,0,0,0,2,0,A01
200800009765,0,7,0,1,2,9,9,A01
200800009765,0,7,0,0,2,5,1,B01
200800009766,0,7,0,0,1,2,1,A01
200800009767,0,7,0,1,0,2,2,A01
200800009767,0,7,0,1,0,9,23,B01
200800009767,0,7,0,0,0,4,2,C01
200800009768,0,7,0,0,2,3,15,A01
200800009768,0,31,0,0,2,1,1,B01
200800009769,0,7,0,1,0,2,1,A01
200800009770,0,10,0,0,1,2,1,A01
200800009771,0,7,0,0,1,2,1,A01
200800009772,0,33,0,0,2,1,1,A01
200800009772,0,7,0,0,2,8,10,B01
200800009773,0,32,0,0,1,1,1,A01
200800009774,0,7,0,0,2,5,1,A01
200800009774,0,1,0,0,2,3,1,B01
200800009775,0,32,0,0,2,1,21,A01
200800009775,0,32,0,0,2,4,1,B01
200800009776,0,32,0,0,2,1,1,A01
200800009776,0,32,0,0,2,1,1,B01
200800009777,0,7,0,0,2,3,1,B01
200800009777,0,33,0,0,2,1,1,A01
200800009778,0,10,0,0,2,1,1,A01
200800009778,0,7,0,0,2,1,1,B01
200800009778,0,7,0,0,2,4,1,C01
200800009779,0,7,0,0,2,5,1,B01
200800009779,2,7,0,9,2,3,5,A01
200800009780,0,7,0,0,2,6,10,A01
200800009780,0,33,0,0,2,1,1,B01
200800009781,0,30,0,0,2,2,1,A01
200800009781,0,31,0,0,2,1,15,B01
200800009782,0,7,0,0,1,1,1,A01
200800009783,0,7,0,0,9,6,15,A01
200800009783,0,33,0,0,2,2,17,B01
200800009784,0,10,0,0,9,0,10,A01
200800009784,0,33,0,0,2,0,21,B01
200800009785,0,10,0,0,9,3,9,A01
200800009785,0,33,0,0,2,1,17,B01
200800009786,0,30,0,0,2,1,17,A01
200800009786,0,7,0,0,2,3,15,B01
200800009787,0,1,0,0,2,1,23,B01
200800009787,0,7,0,0,9,3,15,A01
200800009788,0,7,0,0,2,3,10,A01
200800009788,0,30,0,0,2,1,0,B01
200800009789,0,33,0,0,2,1,2,A01
200800009789,0,7,0,0,2,4,2,B01
200800009790,0,7,0,0,2,3,22,A01
200800009790,0,1,0,1,0,1,1,B01
200800009791,0,2,0,0,2,1,21,A01
200800009791,0,7,0,0,2,3,2,B01
200800009792,0,7,0,0,2,5,12,A01
200800009792,0,2,0,0,2,3,1,B01
200800009793,0,7,0,0,2,5,1,A01
200800009793,0,7,0,0,2,1,1,B01
200800009794,0,33,0,0,1,1,1,A01
200800009795,0,7,0,0,1,7,1,A01
200800009796,0,7,0,0,1,3,15,A01
200800009797,0,10,0,0,2,2,12,A01
200800009797,0,1,0,0,2,1,1,B01
200800009798,0,1,0,0,2,1,1,A01
200800009798,0,7,0,0,2,2,16,B01
200800009799,0,7,0,0,2,8,1,A01
200800009799,0,2,0,0,2,1,5,B01
200800009800,0,7,0,0,2,2,15,A01
200800009800,0,31,0,0,2,1,1,B01
200800009801,0,31,0,0,2,2,1,A01
200800009801,0,7,0,0,2,3,15,B01
200800009802,0,33,0,0,2,1,1,A01
200800009802,0,7,0,0,2,8,15,B01
200800009803,0,7,0,15,0,1,1,A01
200800009804,0,7,0,1,0,0,13,A01
200800009805,0,7,0,0,2,3,17,A01
200800009805,0,2,0,0,2,7,17,B01
200800009806,0,7,0,0,2,3,1,A01
200800009806,0,30,0,0,2,1,1,B01
200800009807,0,31,0,0,2,1,1,A01
200800009807,0,7,0,0,2,3,9,B01
200800009808,0,33,0,0,2,1,1,A01
200800009808,0,1,0,0,2,0,9,B01
200800009809,0,7,0,0,2,1,15,A01
200800009809,0,1,0,0,2,8,19,B01
200800009810,0,7,0,0,2,2,1,B01
200800009810,0,2,0,0,2,1,1,A01