Num_Acc,senc,catv,occutc,obs,obsm,choc,manv,num_veh
200800009811,0,37,15,0,2,1,1,A01
200800009811,0,7,0,0,2,4,23,B01
200800009812,0,32,0,0,2,7,17,A01
200800009812,0,7,0,0,2,3,15,B01
200800009813,0,1,0,0,2,1,5,A01
200800009813,0,2,0,0,2,1,9,B01
200800009814,0,10,0,0,2,1,1,A01
200800009814,0,10,0,0,2,4,1,B01
200800009814,0,7,0,0,2,4,23,C01
200800009815,0,10,0,0,2,2,9,A01
200800009815,0,7,0,0,2,8,1,B01
200800009816,0,30,0,0,1,8,1,A01
200800009817,0,10,0,0,2,3,1,B01
200800009817,0,7,0,0,2,3,1,A01
200800009818,0,7,0,0,2,7,22,A01
200800009818,0,30,0,0,2,8,9,B01
200800009819,0,7,0,0,2,8,9,B01
200800009819,0,7,0,0,2,1,1,A01
200800009820,0,7,0,0,2,4,1,C01
200800009820,0,7,0,0,2,1,1,B01
200800009820,0,7,0,0,2,1,1,A01
200800009821,0,7,0,0,1,4,4,A01
200800009822,0,7,0,0,1,8,4,A01
200800009823,0,2,0,0,2,1,1,B01
200800009823,0,7,0,0,2,8,15,A01
200800009824,0,7,0,0,0,0,15,B01
200800009824,0,2,0,0,0,0,1,A01
200800009825,0,7,0,0,1,7,1,A01
200800009826,0,37,1,0,1,0,0,A01
200800009827,0,33,0,0,2,0,1,B01
200800009827,0,7,0,0,2,0,0,A01
200800009828,0,7,0,14,0,2,2,A01
200800009829,0,33,0,0,1,1,0,A01
200800009830,0,33,0,0,2,1,0,B01
200800009830,0,7,0,0,2,5,0,A01
200800009831,0,7,0,0,2,6,16,B01
200800009831,0,32,0,0,2,1,1,A01
200800009832,0,30,0,0,2,5,0,B01
200800009832,0,7,0,0,9,3,4,A01
200800009833,0,30,0,0,2,1,0,A01
200800009833,0,7,0,0,2,1,0,B01
200800009834,0,30,0,0,2,1,1,B01
200800009834,0,7,0,0,2,2,0,A01
200800009835,0,33,0,0,2,1,1,A01
200800009836,0,32,0,0,1,1,0,A01
200800009837,0,7,0,0,2,4,0,B01
200800009837,0,99,0,1,0,4,4,A01
200800009838,0,7,0,0,1,0,1,A01
200800009839,0,7,0,0,2,3,0,A01
200800009839,0,7,0,0,2,1,1,B01
200800009840,0,7,0,0,2,3,9,A01
200800009840,0,32,0,0,2,1,1,B01
200800009841,0,37,0,0,2,8,1,B01
200800009841,0,30,0,0,2,1,1,A01
200800009842,0,32,0,0,2,1,17,A01
200800009842,0,7,0,0,2,3,15,B01
200800009843,0,7,0,0,1,1,1,A01
200800009844,0,7,0,0,1,3,15,A01
200800009845,0,7,0,0,2,2,15,A01
200800009845,0,7,0,0,2,2,1,B01
200800009846,2,7,0,0,1,0,0,A01
200800009847,0,7,0,0,0,0,1,A01
200800009847,0,7,0,0,0,0,1,B01
200800009848,0,7,0,0,2,3,17,A01
200800009848,0,7,0,0,2,3,16,B01
200800009849,0,7,0,0,2,3,1,A01
200800009849,0,33,0,0,2,7,1,B01
200800009850,0,10,0,0,1,3,1,A01
200800009851,0,32,0,0,2,3,13,A01
200800009851,0,7,0,0,2,5,1,B01
200800009852,0,7,0,0,2,7,15,A01
200800009852,0,33,0,0,2,1,16,B01
200800009853,0,99,0,0,1,2,2,A01
200800009854,0,7,0,0,1,1,1,A01
200800009855,0,7,0,0,2,1,2,A01
200800009855,0,7,0,0,2,4,2,B01
200800009855,0,7,0,0,2,4,1,C01
200800009856,0,7,0,0,1,2,15,A01
200800009857,0,2,0,0,1,1,17,A01
200800009858,0,7,0,0,2,3,15,A01
200800009858,0,31,0,0,2,1,1,B01
200800009859,0,7,0,0,2,4,2,A01
200800009859,0,7,0,0,2,4,2,B01
200800009859,0,7,0,0,2,1,2,C01
200800009860,0,31,0,0,2,1,3,A01
200800009860,0,10,0,0,2,3,5,B01
200800009860,0,7,0,0,2,6,23,C01
200800009861,0,33,0,0,2,0,17,A01
200800009861,0,10,0,0,2,0,1,B01
200800009861,0,7,0,0,2,3,5,C01
200800009862,0,7,0,0,2,1,1,B01
200800009862,0,7,0,7,2,2,1,A01
200800009863,0,7,0,0,1,8,1,A01
200800009864,0,30,0,7,0,1,1,A01
200800009864,0,30,0,16,0,0,1,B01
200800009865,0,7,0,0,2,2,15,A01
200800009865,0,33,0,0,2,1,1,B01
200800009866,0,7,0,0,1,7,21,A01
200800009867,0,10,0,0,2,5,17,A01
200800009867,0,31,0,0,2,1,1,B01
200800009868,0,33,0,0,0,0,1,A01
200800009869,0,7,0,0,1,1,14,A01
200800009870,0,33,0,11,0,1,1,A01
200800009871,0,7,0,0,2,3,1,A01
200800009871,0,1,0,0,2,8,1,B01
200800009872,0,7,0,15,1,3,1,A01
200800009873,0,2,0,8,0,1,1,A01
200800009874,0,10,0,0,2,7,1,A01
200800009874,0,2,0,0,2,8,11,B01
200800009875,0,7,0,0,2,2,15,A01
200800009875,0,31,0,0,2,1,1,B01
200800009876,2,7,0,0,1,4,4,A01
200800009877,0,10,0,0,2,1,1,A01
200800009877,0,7,0,0,2,4,23,B01
200800009878,0,14,0,6,1,0,0,A01
200800009879,0,7,0,8,0,1,2,A01
200800009880,0,7,0,0,2,1,1,A01
200800009880,0,7,0,0,2,4,23,B01
200800009881,0,33,0,0,2,1,2,A01
200800009881,0,7,0,0,2,3,15,B01
200800009882,0,2,0,0,1,1,1,A01
200800009883,0,2,0,0,0,5,1,A01
200800009884,0,32,0,0,2,7,1,A01
200800009884,0,7,0,0,2,3,15,B01
200800009885,0,7,0,0,2,3,15,A01
200800009885,0,32,0,0,2,3,1,B01
200800009886,0,7,0,0,2,2,2,A01
200800009886,0,7,0,0,2,4,23,B01
200800009887,0,7,0,0,1,3,16,A01
200800009888,0,2,0,0,2,1,2,A01
200800009888,0,7,0,0,2,4,23,B01
200800009889,0,33,0,0,2,1,1,A01
200800009889,0,7,0,0,2,5,23,B01
200800009890,0,10,0,0,2,5,0,A01
200800009890,0,1,0,0,2,1,0,B01
200800009891,0,7,0,0,1,1,1,A01
200800009892,0,33,0,0,1,1,0,A01
200800009893,0,33,0,0,1,1,0,A01
200800009894,0,7,0,0,2,6,2,B01
200800009894,0,7,0,0,2,3,2,A01
200800009895,0,30,0,0,2,1,21,B01
200800009895,0,7,0,0,0,0,0,A01
200800009896,0,7,0,0,2,1,9,A01
200800009896,0,30,0,0,2,7,1,B01
200800009897,0,7,0,0,0,2,16,B01
200800009897,0,33,0,0,0,3,2,A01
200800009898,0,7,0,0,0,8,15,A01
200800009898,0,33,0,0,2,2,1,C01
200800009898,0,33,0,0,2,1,1,B01
200800009899,0,7,0,0,2,4,1,B01
200800009899,0,7,0,0,2,1,2,A01
200800009900,0,7,0,0,0,4,1,B01
200800009900,0,7,0,0,2,1,1,A01
200800009901,0,30,0,1,0,1,0,A01
200800009902,0,30,0,1,0,8,0,A01
200800009903,0,33,0,0,0,7,3,B01
200800009903,0,7,0,0,0,3,10,A01
200800009904,1,7,0,0,2,1,2,A01
200800009904,0,7,0,0,0,4,16,B01
200800009905,0,7,0,0,1,1,0,A01
200800009906,0,7,0,14,0,1,1,B01
200800009906,0,7,0,0,0,6,23,A01
200800009907,0,30,0,0,2,1,2,B01
200800009907,0,7,0,0,0,4,2,A01
200800009908,0,7,0,9,2,1,1,A01
200800009908,0,7,0,0,2,4,9,B01
200800009909,0,7,0,0,0,3,15,A01
200800009909,0,7,0,0,0,3,1,B01
200800009910,0,1,0,0,2,1,1,B01
200800009910,0,7,0,0,2,3,1,A01
200800009911,0,7,0,0,1,1,0,A01
200800009912,0,7,0,0,2,1,1,B01
200800009912,0,2,0,0,2,2,0,A01
200800009913,0,7,0,0,2,8,2,A01
200800009913,0,33,0,0,2,9,2,B01
200800009914,0,7,0,0,1,1,1,A01
200800009915,0,7,0,0,0,1,0,B01
200800009915,0,7,0,0,0,7,0,A01
200800009916,0,7,0,0,1,2,1,A01
200800009917,0,7,0,0,1,1,0,A01
200800009918,0,10,0,0,1,3,1,A01
200800009919,0,7,0,0,1,4,4,A01
200800009920,0,7,0,0,2,3,16,A01
200800009920,0,1,0,0,2,1,1,B01
200800009921,0,7,0,0,2,1,2,A01
200800009921,0,7,0,0,2,4,2,B01
200800009922,1,7,0,0,1,0,0,A01
200800009923,0,7,0,0,2,1,1,A01
200800009923,0,10,0,0,0,4,4,B01
200800009924,0,7,0,15,0,2,15,A01
200800009925,0,40,0,0,1,1,2,A01
200800009926,0,37,1,0,1,5,9,A01
200800009927,0,7,0,0,0,1,0,A01
200800009928,0,7,0,0,0,1,10,A01
200800009928,0,13,0,0,0,3,1,B01
200800009928,0,14,0,0,0,3,2,C01
200800009929,0,7,0,0,0,6,4,A01
200800009930,0,7,0,0,0,3,15,B01
200800009930,0,33,0,0,2,7,3,A01
200800009931,0,14,0,15,0,1,0,A01
200800009932,0,7,0,0,2,1,1,A01
200800009932,0,7,0,0,2,4,1,B01
200800009933,0,15,0,0,0,0,21,A01
200800009934,0,33,0,0,1,3,0,A01
200800009935,0,7,0,0,2,1,15,A01
200800009935,0,33,0,0,2,8,0,B01
200800009936,0,7,0,0,1,1,0,A01
200800009937,0,7,0,1,0,1,1,A01
200800009938,0,33,0,0,2,0,0,A01
200800009938,0,7,0,12,0,2,0,F01
200800009938,0,15,0,0,0,0,0,B01
200800009938,0,13,0,4,0,3,0,C01
200800009938,0,7,0,4,0,2,0,D01
200800009938,0,7,0,0,2,1,0,E01
200800009939,2,31,0,0,1,1,0,A01
200800009940,1,7,0,0,0,0,0,A01
200800009941,1,7,0,0,0,0,0,A01
200800009941,0,31,0,0,0,0,0,B01
200800009942,0,7,0,0,1,1,1,A01
200800009943,0,7,0,0,1,3,0,A01
200800009944,0,30,0,0,0,1,2,B01
200800009944,1,10,0,0,2,1,5,A01
200800009945,0,7,0,0,0,6,1,B01
200800009945,0,7,0,0,0,3,1,A01
200800009946,0,7,0,0,2,8,10,A01
200800009946,0,7,0,0,2,2,13,B01
200800009947,0,15,0,0,1,3,1,A01
200800009948,0,7,0,0,2,5,12,A01
200800009948,0,37,30,0,0,3,1,B01
200800009949,0,7,0,0,0,6,0,B01
200800009949,0,33,0,0,0,1,0,A01
200800009950,0,2,0,0,2,1,14,A01
200800009950,0,10,0,0,2,1,15,B01
200800009951,0,33,0,0,0,3,2,A01
200800009952,0,7,0,0,0,0,0,A01
200800009952,0,37,0,0,0,0,0,B01
200800009953,0,7,0,0,0,1,23,A01
200800009954,0,7,0,0,1,7,17,A01
200800009955,0,7,0,0,1,1,2,A01
200800009956,0,33,0,0,2,3,17,A01
200800009956,0,10,0,0,2,0,0,C01
200800009956,0,7,0,0,2,4,0,B01
200800009957,0,7,0,8,0,1,0,A01
200800009958,0,7,0,0,1,2,1,A01
200800009958,0,1,0,0,2,8,14,B01
200800009959,0,7,0,0,0,1,0,A01
200800009959,0,33,0,0,0,7,0,B01
200800009960,0,7,0,9,0,1,1,A01
200800009961,0,7,0,0,1,1,0,A01
200800009962,0,3,0,1,0,1,1,A01
200800009962,0,7,0,0,0,2,0,B01
200800009963,0,15,0,0,1,2,1,A01
200800009964,0,7,0,0,1,3,1,A01
200800009965,0,32,0,0,2,1,2,B01
200800009965,0,7,0,0,0,6,2,A01
200800009966,1,7,0,0,2,1,2,A01
200800009966,0,7,0,0,2,4,2,B01
200800009966,0,10,0,0,2,4,2,C01
200800009967,0,37,1,0,2,3,15,B01
200800009967,0,30,0,0,2,1,1,A01
200800009968,1,30,0,0,0,0,0,B01
200800009968,0,32,0,0,0,3,1,A01
200800009969,0,30,0,0,2,1,13,A01
200800009969,0,7,0,0,2,3,0,B01
200800009970,0,10,0,0,1,3,11,A01
200800009971,1,7,0,0,0,0,2,A01
200800009972,0,2,0,0,2,0,13,A01
200800009972,0,14,0,0,0,0,1,B01
200800009973,0,10,0,0,2,1,15,A01
200800009973,0,7,0,0,2,3,14,B01
200800009974,0,34,0,1,0,8,16,A01
200800009975,0,7,0,10,0,3,0,A01
200800009976,0,7,0,0,0,3,15,A01
200800009976,0,30,0,0,2,2,17,B01
200800009977,1,7,0,0,0,0,15,A01
200800009977,0,30,0,0,2,3,1,B01
200800009978,0,7,0,0,2,1,1,A01
200800009978,0,7,0,0,2,4,1,B01
200800009979,0,10,0,0,1,1,1,A01
200800009980,0,7,0,0,2,3,24,A01
200800009980,0,33,0,1,0,2,1,B01
200800009981,0,7,0,0,0,2,9,A01
200800009981,0,33,0,0,0,7,2,B01
200800009982,0,10,0,0,0,1,2,A01
200800009982,0,2,0,0,0,0,2,B01
200800009983,0,7,0,0,0,4,2,A01
200800009983,0,7,0,0,2,1,2,B01
200800009984,0,7,0,0,2,1,0,A01
200800009984,0,30,0,0,2,0,0,B01
200800009985,0,7,0,0,2,7,15,A01
200800009985,0,33,0,0,2,1,1,B01
200800009986,1,7,0,0,1,0,0,A01
200800009987,0,32,0,0,2,8,18,B01
200800009987,0,7,0,0,2,7,16,A01
200800009988,0,7,0,0,1,7,2,A01
200800009989,0,7,0,14,1,2,2,A01
200800009990,0,7,0,0,2,3,17,A01
200800009990,0,2,0,0,2,7,17,B01
200800009991,0,7,0,1,0,2,14,A01
200800009992,0,7,0,0,1,3,15,A01
200800009993,0,7,0,0,0,2,2,A01
200800009994,1,30,0,1,0,2,3,A01
200800009994,0,30,0,16,2,3,9,B01
200800009995,0,7,0,0,2,2,9,A01
200800009995,0,7,0,0,2,1,0,B01
200800009996,0,30,0,0,2,1,5,A01
200800009996,0,30,0,0,0,8,1,B01
200800009997,0,7,0,0,2,1,1,B01
200800009997,0,7,0,0,2,2,1,A01
200800009998,0,30,0,0,2,1,1,A01
200800009998,0,7,0,0,0,3,1,B01
200800009999,0,7,0,0,0,0,17,A01
200800009999,0,7,0,0,0,8,0,B01
200800010000,0,30,0,0,2,1,5,A01
200800010000,0,7,0,0,2,1,1,B01
200800010001,0,7,0,0,2,1,2,A01
200800010001,0,7,0,0,2,4,2,B01
200800010002,0,99,0,0,0,3,11,A01
200800010002,0,32,0,0,0,3,1,B01
200800010003,0,7,0,1,2,1,1,B01
200800010003,0,7,0,0,2,2,1,A01
200800010004,0,7,0,0,0,3,9,A01
200800010004,0,1,0,0,0,1,1,B01
200800010005,0,7,0,0,1,1,1,A01
200800010006,0,7,0,0,1,2,11,A01
200800010007,0,30,0,0,2,7,11,A01
200800010007,0,7,0,0,2,2,13,B01
200800010008,0,37,30,0,2,2,1,B01
200800010008,0,7,0,0,2,1,1,A01
200800010009,0,7,0,0,1,1,2,A01
200800010010,0,7,0,0,2,1,1,A01
200800010010,0,7,0,0,2,8,1,B01
200800010011,0,32,0,9,0,1,1,A01
200800010012,0,1,0,0,2,1,13,A01
200800010012,0,1,0,0,2,0,1,B01
200800010013,0,7,0,0,0,3,11,B01
200800010013,0,2,0,0,0,2,17,A01
200800010014,0,7,0,0,2,2,2,A01
200800010014,0,1,0,0,2,0,0,B01
200800010015,0,7,0,8,0,1,16,A01
200800010016,0,7,0,0,1,8,0,A01
200800010017,0,7,0,0,2,3,0,A01
200800010017,0,7,0,0,2,1,0,B01
200800010018,0,7,0,0,2,5,0,A01
200800010018,0,33,0,0,2,3,0,B01
200800010019,0,7,0,0,0,0,9,A01
200800010019,0,2,0,0,2,7,21,B01
200800010020,0,7,0,1,0,1,14,A01
200800010021,0,37,1,0,1,3,0,A01
200800010021,0,7,0,1,1,6,0,B01
200800010022,0,7,0,0,1,1,2,A01
200800010023,0,7,0,0,1,3,1,A01
200800010024,0,7,0,0,1,7,0,A01
200800010025,0,37,0,0,1,3,9,A01
200800010026,0,7,0,0,2,3,0,A01
200800010026,0,31,0,0,2,1,2,B01
200800010027,0,31,0,0,1,8,1,A01
200800010028,0,14,0,0,2,3,0,A01
200800010028,0,14,0,0,2,1,2,B01
200800010029,0,7,0,0,2,3,15,A01
200800010029,0,30,0,0,2,2,17,B01
200800010030,0,7,0,8,0,1,20,A01
200800010031,0,30,0,1,0,1,2,A01
200800010032,0,7,0,0,2,4,1,B01
200800010032,0,7,0,0,2,1,1,A01
200800010033,1,7,0,0,1,3,0,A01
200800010034,0,7,0,0,9,5,16,A01
200800010034,0,1,0,0,0,1,18,B01
200800010035,0,7,0,0,2,8,16,B01
200800010035,1,7,0,0,0,1,1,A01
200800010036,0,14,0,0,2,1,1,A01
200800010036,0,7,0,0,2,4,23,B01
200800010037,1,13,0,0,2,1,2,A01
200800010037,0,7,0,0,2,9,2,B01
200800010037,0,7,0,0,0,4,2,C01
200800010038,0,30,0,0,2,1,9,A01
200800010038,0,7,0,0,2,2,15,B01
200800010039,0,32,0,0,1,1,11,A01
200800010040,0,7,0,15,2,7,2,B01
200800010040,0,7,0,0,2,1,2,A01
200800010041,0,7,0,13,0,0,0,A01
200800010042,0,7,0,0,1,1,2,A01
200800010043,0,2,0,0,2,1,1,A01
200800010043,0,7,0,0,2,3,15,B01
200800010044,0,7,0,0,2,7,1,B01
200800010044,0,7,0,0,2,1,1,A01
200800010045,0,7,0,0,1,8,1,A01
200800010046,0,33,0,0,1,1,1,A01
200800010047,0,30,0,0,2,1,17,A01
200800010047,0,7,0,0,2,3,9,B01
200800010048,0,34,0,0,1,1,1,A01
200800010049,0,10,0,0,1,2,1,A01
200800010050,0,33,0,0,2,1,1,B01
200800010050,0,7,0,0,2,3,9,A01
200800010051,0,7,0,0,2,8,10,A01
200800010051,0,7,0,0,2,1,1,B01
200800010052,0,7,0,0,2,3,1,B01
200800010052,0,7,0,0,2,1,1,A01
200800010053,0,2,0,0,1,7,1,A01
200800010054,0,7,0,0,1,0,0,A01
200800010055,0,7,0,0,9,1,1,A01
200800010056,0,7,0,0,2,4,1,C01
200800010056,0,7,0,0,2,6,1,B01
200800010056,0,7,0,0,2,2,2,A01
200800010057,0,33,0,0,1,3,3,A01
200800010058,0,7,0,0,0,4,2,B01
200800010058,0,7,0,0,2,1,2,A01
200800010059,0,7,0,0,1,8,0,A01
200800010060,0,7,0,8,0,1,6,A01
200800010061,0,7,0,0,1,2,1,A01
200800010062,0,37,0,0,1,2,0,A01
200800010063,0,7,0,0,2,1,1,B01
200800010063,0,7,0,0,2,3,11,A01
200800010064,0,10,0,0,1,3,0,A01
200800010065,0,7,0,0,2,1,0,A01
200800010065,0,7,0,0,2,2,0,B01
200800010066,0,7,0,0,0,4,0,D01
200800010066,0,7,0,14,0,4,0,C01
200800010066,0,7,0,14,0,4,0,B01
200800010066,0,7,0,14,0,1,0,A01
200800010067,1,37,0,0,1,0,0,A01
200800010068,0,7,0,0,0,3,1,B01
200800010068,0,33,0,0,2,3,14,A01
200800010069,0,7,0,0,1,1,21,A01
200800010070,0,7,0,0,2,7,2,B01
200800010070,0,7,0,0,2,1,2,A01
200800010071,1,34,0,0,1,0,0,A01
200800010072,0,31,0,14,0,0,1,A01
200800010073,0,10,0,0,0,5,16,A01
200800010073,0,30,0,0,2,3,1,B01
200800010074,0,33,0,0,2,1,1,A01
200800010074,0,30,0,0,0,4,1,B01
200800010075,0,7,0,0,2,1,1,A01
200800010075,0,7,0,0,2,4,1,B01
200800010075,0,7,0,0,0,4,0,C01
200800010076,0,7,0,0,1,1,1,A01
200800010077,0,33,0,0,0,8,9,A01
200800010078,0,33,0,0,2,7,1,A01
200800010078,0,7,0,0,2,3,11,B01
200800010079,1,30,0,0,0,0,0,A01
200800010080,0,7,0,0,2,1,1,A01
200800010080,0,7,0,0,0,4,23,B01
200800010081,0,2,0,0,2,1,3,A01
200800010081,0,7,0,0,2,6,15,B01
200800010082,0,31,0,0,2,2,2,B01
200800010082,0,7,0,0,2,3,16,A01
200800010083,0,7,0,0,0,3,10,A01
200800010083,0,31,0,0,2,1,0,B01
200800010084,0,7,0,0,2,1,1,A01
200800010084,0,7,0,0,2,8,16,B01
200800010084,0,7,0,0,2,8,23,C01
200800010084,0,7,0,0,2,6,23,D01
200800010085,0,32,0,0,2,1,17,A01
200800010085,0,7,0,0,2,3,15,B01
200800010086,0,2,0,0,0,8,10,A01
200800010086,0,30,0,14,2,1,1,B01
200800010087,0,7,0,0,2,3,1,B01
200800010087,0,7,0,0,2,1,1,A01
200800010088,0,7,0,0,1,2,1,A01
200800010089,0,7,0,0,0,4,0,B01
200800010089,0,7,0,0,2,1,0,A01
200800010090,1,31,0,0,1,0,0,A01
200800010091,0,7,0,0,1,2,1,A01
200800010092,0,15,0,0,0,7,11,C01
200800010092,0,7,0,0,2,3,1,B01
200800010092,0,7,0,0,2,1,11,A01
200800010093,1,7,0,0,2,0,16,A01
200800010093,0,33,0,0,2,7,16,B01
200800010094,0,99,0,0,0,0,0,A01
200800010095,0,7,0,15,2,7,15,A01
200800010095,0,7,0,0,2,1,2,B01
200800010096,0,7,0,0,2,1,1,B01
200800010096,0,7,0,0,2,2,11,A01
200800010097,0,2,0,0,2,1,16,B01
200800010097,0,7,0,0,2,7,16,A01
200800010098,0,7,0,0,2,7,15,A01
200800010098,0,7,0,0,2,1,2,B01
200800010099,0,30,0,0,2,1,9,A01
200800010099,0,7,0,0,2,8,1,B01
200800010100,0,30,0,0,2,1,0,A01
200800010100,0,7,0,0,2,7,0,B01
200800010101,0,7,0,0,2,1,2,A01
200800010101,0,7,0,0,2,4,2,B01
200800010101,0,7,0,0,0,4,2,C01
200800010102,0,7,0,0,1,3,2,A01
200800010103,2,7,0,0,2,9,2,A01
200800010103,0,7,0,0,2,9,2,B01
200800010104,0,7,0,0,2,1,2,A01
200800010104,0,15,0,0,0,4,0,B01
200800010105,0,1,0,0,2,1,1,A01
200800010105,0,7,0,0,2,3,1,B01
200800010106,0,7,0,0,2,1,2,A01
200800010106,0,7,0,0,2,4,2,B01
200800010107,0,7,0,0,1,2,1,A01
200800010108,0,7,0,0,1,2,1,A01
200800010109,0,7,0,0,1,2,1,A01
200800010110,0,7,0,0,2,3,1,B01
200800010110,0,7,0,0,2,2,1,A01
200800010111,0,32,0,0,2,2,3,A01
200800010111,0,7,0,0,0,8,17,B01
200800010112,0,7,0,0,2,2,1,A01
200800010112,0,7,0,0,2,2,21,B01
200800010113,0,7,0,0,2,1,1,A01
200800010113,0,7,0,0,2,8,1,B01
200800010114,0,30,0,0,2,7,1,A01
200800010114,0,7,0,0,2,1,1,B01
200800010115,0,30,0,0,2,1,5,B01
200800010115,0,7,0,0,2,1,5,A01
200800010116,0,7,0,0,2,7,1,B01
200800010116,0,7,0,0,2,1,1,A01
200800010117,0,7,0,0,1,7,1,A01
200800010118,0,7,0,0,2,2,1,A01
200800010118,0,7,0,0,2,6,0,B01
200800010119,0,14,0,0,2,3,0,A01
200800010119,0,33,0,0,2,5,1,B01
200800010119,0,7,0,0,2,2,0,C01
200800010120,0,7,0,0,2,3,11,A01
200800010120,0,33,0,0,2,3,1,B01
200800010121,0,2,0,0,1,0,0,A01
200800010122,0,7,0,0,2,3,15,A01
200800010122,0,33,0,0,2,1,1,B01
200800010123,0,7,0,0,2,2,0,A01
200800010123,0,37,7,0,2,1,1,B01
200800010124,0,32,0,14,0,7,0,A01
200800010125,0,7,0,0,1,3,1,A01
200800010126,0,32,0,0,2,7,17,A01
200800010126,0,7,0,0,2,3,15,B01
200800010127,0,7,0,0,1,2,0,A01
200800010128,0,7,0,0,1,3,0,A01
200800010129,0,7,0,0,2,8,10,A01
200800010129,0,32,0,0,2,1,17,B01
200800010130,0,7,0,0,2,2,15,A01
200800010130,0,2,0,0,2,1,1,B01
200800010131,0,2,0,0,2,2,0,A01
200800010131,0,7,0,0,2,2,1,B01
200800010132,0,7,0,0,2,3,2,A01
200800010132,0,7,0,6,2,7,2,B01
200800010133,0,7,0,0,2,2,0,B01
200800010133,0,7,0,0,2,2,0,A01
200800010134,0,7,0,0,2,2,15,A01
200800010134,0,33,0,0,2,8,1,B01
200800010135,0,7,0,0,2,1,2,A01
200800010135,0,7,0,0,2,4,23,B01
200800010136,0,2,0,0,1,0,5,A01
200800010137,0,30,0,0,2,1,1,B01
200800010137,0,7,0,0,0,2,1,A01
200800010138,0,7,0,0,2,1,2,A01
200800010138,0,7,0,0,2,4,2,B01
200800010139,0,7,0,0,2,1,2,A01
200800010139,0,7,0,0,2,4,2,B01
200800010140,0,7,0,0,1,1,1,A01
200800010141,0,10,0,0,2,2,2,A01
200800010141,0,7,0,0,0,4,2,B01
200800010142,0,7,0,0,2,3,9,A01
200800010142,0,2,0,0,2,1,2,B01
200800010143,0,33,0,0,0,1,0,B01
200800010143,0,15,0,0,0,8,0,A01
200800010144,0,7,0,0,0,1,2,A01
200800010144,0,7,0,0,0,7,15,B01
200800010145,0,7,0,0,2,1,2,A01
200800010145,0,7,0,0,0,4,2,B01
200800010146,0,37,1,0,1,0,0,A01
200800010147,0,7,0,0,1,1,0,A01
200800010148,0,7,0,1,2,3,1,A01
200800010148,0,7,0,1,2,5,0,B01
200800010148,0,7,0,1,2,2,1,C01
200800010149,0,7,0,0,2,1,11,A01
200800010149,0,7,0,0,2,1,1,B01
200800010150,0,7,0,0,2,6,9,A01
200800010150,0,33,0,0,2,1,1,B01
200800010151,0,30,0,0,0,0,1,A01
200800010152,0,37,4,0,2,0,2,A01
200800010153,1,7,0,0,1,0,1,A01
200800010154,0,37,1,0,0,0,1,A01
200800010154,0,7,0,0,0,0,1,B01
200800010155,0,7,0,0,2,8,0,A01
200800010155,0,7,0,0,2,1,1,B01
200800010156,0,7,0,0,2,5,2,A01
200800010156,0,14,0,0,2,3,2,B01
200800010157,0,7,0,0,1,0,1,A01
200800010158,0,7,0,0,2,3,11,A01
200800010158,0,33,0,0,2,1,0,B01
200800010159,0,7,0,0,1,1,0,A01
200800010160,0,7,0,0,2,3,0,B01
200800010160,0,14,0,0,2,3,15,A01
200800010161,0,7,0,0,2,5,4,B01
200800010161,0,2,0,0,2,2,1,A01
200800010162,0,10,0,0,1,3,10,A01
200800010163,0,2,0,1,0,1,12,A01
200800010163,0,14,0,0,2,4,24,B01
200800010164,0,2,0,0,2,0,0,A01
200800010164,0,7,0,0,2,0,0,B01
200800010165,0,7,0,0,2,2,12,A01
200800010165,0,1,0,0,2,3,1,B01
200800010166,0,7,0,0,2,3,11,B01
200800010166,0,7,0,0,2,2,1,A01
200800010167,0,34,0,0,2,2,18,A01
200800010167,0,7,0,0,2,5,16,B01
200800010168,0,10,0,0,0,1,1,A01
200800010169,0,7,0,0,2,3,10,A01
200800010169,0,31,0,0,2,8,1,B01
200800010170,0,7,0,1,0,2,0,A01
200800010171,0,10,0,0,1,6,4,A01
200800010172,0,31,0,0,2,1,2,A01
200800010172,0,7,0,0,2,2,2,B01
200800010173,0,7,0,0,2,2,15,B01
200800010173,0,32,0,0,2,1,1,A01
200800010174,0,7,0,1,1,1,1,A01
200800010175,0,7,0,0,2,3,15,A01
200800010175,0,33,0,0,2,1,1,B01
200800010176,0,7,0,0,1,7,1,A01
200800010177,0,7,0,0,2,3,16,A01
200800010177,0,7,0,0,2,2,1,B01
200800010178,0,7,0,15,0,1,1,A01
200800010179,0,7,0,0,0,3,15,A01
200800010179,0,33,0,0,2,1,17,B01
200800010180,0,7,0,0,1,2,0,A01
200800010181,0,7,0,0,2,4,16,A01
200800010181,0,7,0,0,2,1,1,B01
200800010182,0,7,0,0,1,2,15,A01
200800010183,0,2,0,1,0,1,1,A01
200800010184,0,7,0,0,2,0,1,A01
200800010185,0,14,0,0,0,8,4,A01
200800010185,0,32,0,0,2,1,1,B01
200800010186,0,7,0,0,2,2,15,A01
200800010186,0,34,0,0,2,1,1,B01
200800010187,0,7,0,2,0,2,2,A01
200800010188,0,7,0,0,0,6,19,A01
200800010188,0,33,0,0,2,1,1,B01
200800010189,0,7,0,0,2,1,0,A01
200800010189,0,7,0,0,2,4,0,B01
200800010190,0,7,0,6,0,1,0,A01
200800010191,0,7,0,0,2,2,15,A01
200800010191,0,33,0,0,2,1,1,B01