Num_Acc,senc,catv,occutc,obs,obsm,choc,manv,num_veh
200800010920,0,14,0,0,1,3,16,A01
200800010921,0,7,0,0,2,1,2,A01
200800010921,0,7,0,0,0,4,23,B01
200800010922,0,33,0,0,1,2,1,A01
200800010923,0,30,0,0,1,0,1,A01
200800010924,0,7,0,1,0,2,14,A01
200800010925,0,7,0,0,2,1,2,A01
200800010925,0,7,0,0,2,4,23,B01
200800010925,0,7,0,0,0,4,23,C01
200800010926,0,7,0,4,2,5,12,A01
200800010926,0,14,0,0,2,8,1,B01
200800010926,0,7,0,0,2,1,1,C01
200800010927,0,7,0,0,0,2,15,A01
200800010927,0,2,0,1,2,1,1,B01
200800010928,1,7,0,0,1,2,7,A01
200800010929,0,7,0,0,1,2,1,A01
200800010930,1,7,0,0,1,1,15,A01
200800010931,0,10,0,0,0,7,17,A01
200800010931,0,1,0,0,0,8,13,B01
200800010932,0,1,0,0,0,8,21,A01
200800010933,0,33,0,0,2,7,1,A01
200800010933,1,7,0,0,0,0,18,B01
200800010934,0,7,0,0,0,5,1,A01
200800010934,0,30,0,0,2,8,1,B01
200800010935,0,30,0,0,0,8,1,A01
200800010936,0,32,0,0,1,7,1,A01
200800010937,0,7,0,0,1,2,15,A01
200800010938,0,30,0,0,2,1,17,A01
200800010938,0,7,0,0,2,3,15,B01
200800010939,0,7,0,0,2,9,2,C01
200800010939,0,7,0,0,2,1,2,A01
200800010939,0,7,0,0,2,4,2,D01
200800010939,0,7,0,0,2,0,2,B01
200800010940,0,10,0,14,0,1,14,A01
200800010941,0,34,0,0,0,7,1,B01
200800010941,0,7,0,0,2,3,9,A01
200800010942,0,30,0,0,0,1,1,B01
200800010942,0,7,0,0,2,1,15,A01
200800010943,0,7,0,0,0,8,10,A01
200800010943,0,30,0,0,2,7,17,B01
200800010944,0,2,0,0,1,1,1,A01
200800010945,0,7,0,0,2,1,11,A01
200800010945,0,7,0,0,2,9,2,B01
200800010945,0,7,0,0,2,5,2,C01
200800010945,0,7,0,0,0,4,2,D01
200800010946,0,2,0,0,0,1,2,A01
200800010946,0,7,0,0,0,0,23,B01
200800010947,0,30,0,0,2,1,17,A01
200800010947,0,1,0,0,2,8,15,B01
200800010948,0,7,0,1,2,3,11,A01
200800010948,0,33,0,1,2,7,17,B01
200800010949,0,31,0,15,0,1,1,A01
200800010950,0,32,0,0,0,0,1,A01
200800010951,0,32,0,0,1,2,1,A01
200800010952,0,7,0,0,9,3,16,B01
200800010952,0,1,0,0,2,2,1,A01
200800010953,0,2,0,0,1,8,1,A01
200800010954,0,7,0,0,1,1,15,A01
200800010955,0,7,0,0,0,1,2,A01
200800010955,0,7,0,0,0,4,23,B01
200800010956,0,32,0,0,1,1,1,A01
200800010957,0,7,0,0,9,3,15,A01
200800010957,0,32,0,0,0,7,1,B01
200800010958,0,7,0,0,2,7,1,A01
200800010958,0,34,0,0,0,8,18,B01
200800010959,1,7,0,0,2,1,1,A01
200800010959,0,7,0,0,2,8,1,B01
200800010960,1,7,0,0,2,0,17,A01
200800010960,0,30,0,0,2,6,1,B01
200800010960,0,7,0,0,2,8,1,C01
200800010961,0,33,0,0,1,7,21,A01
200800010961,0,1,0,0,2,3,23,B01
200800010962,0,31,0,0,2,7,1,A01
200800010962,1,7,0,0,2,0,16,B01
200800010963,0,32,0,0,0,2,15,B01
200800010963,0,30,0,0,0,6,1,A01
200800010964,0,7,0,0,0,3,15,A01
200800010964,0,30,0,0,2,5,17,B01
200800010965,0,30,0,0,1,1,1,A01
200800010966,0,2,0,0,0,0,1,A01
200800010967,0,7,0,0,1,2,9,A01
200800010968,0,7,0,1,2,3,9,A01
200800010968,0,7,0,0,2,2,1,B01
200800010969,0,7,0,0,2,5,20,B01
200800010969,0,1,0,0,2,1,18,A01
200800010970,0,2,0,12,0,2,13,A01
200800010971,0,7,0,0,2,2,2,A01
200800010971,0,32,0,0,0,4,2,B01
200800010972,0,32,0,0,1,8,1,A01
200800010973,0,30,0,0,0,2,1,B01
200800010973,0,7,0,0,0,2,11,A01
200800010974,0,2,0,0,1,1,1,A01
200800010975,0,33,0,0,2,3,1,A01
200800010975,1,7,0,0,0,0,15,B01
200800010976,0,10,0,0,2,2,15,A01
200800010976,0,32,0,0,2,1,1,B01
200800010977,0,7,0,0,2,8,15,A01
200800010977,0,32,0,0,2,2,17,B01
200800010978,0,7,0,0,0,1,1,A01
200800010979,0,7,0,0,2,4,2,B01
200800010979,0,7,0,0,2,1,2,A01
200800010979,0,7,0,0,2,4,2,C01
200800010980,0,10,0,0,1,4,4,A01
200800010981,0,7,0,0,1,3,1,A01
200800010982,0,33,0,0,0,8,1,A01
200800010983,0,10,0,0,1,5,4,A01
200800010984,0,7,0,0,0,1,2,A01
200800010984,0,7,0,0,0,5,2,B01
200800010985,0,7,0,0,0,2,23,B01
200800010985,0,33,0,0,0,1,1,A01
200800010986,0,33,0,0,2,7,1,B01
200800010986,0,7,0,0,2,3,10,A01
200800010987,0,32,0,0,1,1,1,A01
200800010988,0,1,0,0,2,1,1,B01
200800010988,0,13,0,0,2,5,17,A01
200800010989,0,7,0,0,1,2,15,A01
200800010990,0,34,0,0,1,7,1,A01
200800010991,0,7,0,0,2,3,15,A01
200800010991,0,32,0,1,2,5,1,B01
200800010992,0,10,0,0,1,4,20,A01
200800010993,0,30,0,0,2,8,18,B01
200800010993,0,7,0,0,2,2,16,A01
200800010994,0,7,0,0,0,0,17,A01
200800010994,0,2,0,0,0,0,1,B01
200800010995,0,33,0,0,2,6,1,A01
200800010995,1,7,0,0,2,2,15,B01
200800010996,0,7,0,0,2,1,2,A01
200800010996,0,7,0,0,0,4,23,B01
200800010997,0,37,1,0,1,0,7,A01
200800010998,0,2,0,0,1,7,1,A01
200800010999,0,7,0,0,1,3,15,A01
200800011000,0,7,0,0,2,2,1,A01
200800011000,0,1,0,0,2,8,19,B01
200800011001,0,37,2,0,2,3,7,B01
200800011001,0,10,0,0,2,5,16,A01
200800011002,0,7,0,0,2,1,16,B01
200800011002,0,30,0,0,2,7,1,A01
200800011003,0,32,0,1,2,1,21,A01
200800011004,0,7,0,0,1,1,1,A01
200800011005,0,7,0,1,2,3,2,A01
200800011005,0,7,0,0,0,5,12,B01
200800011006,0,7,0,0,2,5,15,A01
200800011006,0,30,0,0,2,1,1,B01
200800011007,0,1,0,0,0,1,1,A01
200800011008,0,31,0,0,0,1,1,A01
200800011008,0,1,0,0,0,8,15,B01
200800011009,0,32,0,0,0,0,1,A01
200800011010,0,30,0,0,2,1,1,A01
200800011010,0,7,0,0,2,8,9,B01
200800011011,0,7,0,0,2,4,2,B01
200800011011,0,7,0,0,2,2,2,A01
200800011012,0,30,0,0,0,0,1,A01
200800011013,0,32,0,0,2,1,2,A01
200800011013,0,32,0,0,0,4,2,B01
200800011014,0,7,0,0,0,6,15,A01
200800011014,0,2,0,0,0,1,1,B01
200800011015,0,7,0,0,2,1,1,B01
200800011015,0,31,0,1,2,8,1,A01
200800011016,0,7,0,0,0,8,15,B01
200800011016,0,33,0,0,0,1,1,A01
200800011017,0,31,0,0,2,1,1,B01
200800011017,0,7,0,0,0,5,1,A01
200800011018,0,7,0,0,2,5,12,A01
200800011018,0,33,0,0,2,1,1,B01
200800011019,0,7,0,0,2,2,1,A01
200800011019,0,7,0,8,2,3,1,B01
200800011020,0,32,0,4,2,7,1,C01
200800011020,0,7,0,1,0,2,13,B01
200800011020,0,7,0,0,2,6,23,A01
200800011021,0,33,0,0,1,1,1,A01
200800011022,0,30,0,0,2,1,1,A01
200800011022,0,7,0,0,2,6,1,B01
200800011023,2,7,0,0,2,6,9,A01
200800011023,0,33,0,0,2,1,1,B01
200800011024,0,2,0,0,2,3,15,A01
200800011024,0,30,0,1,2,1,17,B01
200800011025,0,7,0,0,1,2,15,A01
200800011026,0,1,0,0,2,4,2,B01
200800011026,0,1,0,0,2,1,2,A01
200800011027,0,30,0,0,2,1,2,A01
200800011027,0,7,0,0,2,5,23,B01
200800011028,0,32,0,0,2,7,17,B01
200800011028,0,7,0,0,0,3,10,A01
200800011029,0,32,0,0,2,6,15,B01
200800011029,0,7,0,0,2,2,15,A01
200800011030,1,7,0,0,0,0,4,A01
200800011030,0,33,0,0,2,1,2,B01
200800011031,0,7,0,0,2,3,15,A01
200800011031,0,32,0,1,2,2,1,B01
200800011032,0,7,0,0,0,8,1,C01
200800011032,0,33,0,0,2,5,3,A01
200800011032,0,10,0,0,0,5,15,B01
200800011033,0,7,0,0,0,3,15,B01
200800011033,0,32,0,0,2,2,17,A01
200800011034,0,7,0,0,1,3,1,A01
200800011035,1,7,0,0,0,2,1,A01
200800011036,0,1,0,1,0,1,14,A01
200800011037,0,7,0,0,2,3,16,B01
200800011037,0,33,0,0,2,1,1,A01
200800011038,0,7,0,0,1,1,1,A01
200800011039,0,3,0,1,0,1,14,A01
200800011040,0,7,0,0,1,1,10,A01
200800011041,0,32,0,0,2,8,17,A01
200800011041,0,7,0,0,2,8,15,B01
200800011042,0,7,0,0,1,3,1,A01
200800011043,0,7,0,0,2,2,10,A01
200800011043,0,30,0,0,2,3,1,B01
200800011044,0,32,0,0,2,4,2,A01
200800011044,0,32,0,0,2,1,2,B01
200800011045,0,7,0,0,0,0,2,A01
200800011045,0,7,0,0,0,4,2,B01
200800011046,0,7,0,0,2,2,1,A01
200800011046,0,10,0,1,2,8,1,B01
200800011047,0,32,0,14,0,1,2,A01
200800011047,0,7,0,0,2,6,23,B01
200800011048,0,30,0,0,1,1,1,A01
200800011049,0,7,0,0,2,2,12,A01
200800011049,0,31,0,0,2,1,1,B01
200800011050,0,30,0,0,2,7,1,B01
200800011050,0,7,0,0,0,7,22,A01
200800011051,0,30,0,0,0,8,21,A01
200800011052,0,10,0,0,0,2,2,A01
200800011052,0,7,0,0,0,6,23,B01
200800011053,0,7,0,0,2,1,2,A01
200800011053,0,33,0,0,0,4,23,B01
200800011054,0,31,0,0,0,0,21,A01
200800011055,0,7,0,0,0,3,2,C01
200800011055,0,10,0,0,2,8,2,B01
200800011055,0,33,0,0,2,5,15,A01
200800011056,0,7,0,0,2,2,12,A01
200800011056,0,32,0,0,2,8,1,B01
200800011057,0,7,0,0,2,3,15,A01
200800011057,0,31,0,0,2,2,17,B01
200800011058,0,32,0,0,2,1,2,A01
200800011058,0,10,0,0,0,4,2,B01
200800011059,0,7,0,0,2,2,1,A01
200800011059,0,32,0,0,2,1,1,B01
200800011059,0,7,0,0,2,6,23,C01
200800011060,0,7,0,0,2,3,10,A01
200800011060,0,2,0,1,2,3,1,B01
200800011061,0,34,0,0,1,2,17,A01
200800011062,0,2,0,14,0,1,0,A01
200800011063,0,32,0,0,2,4,23,B01
200800011063,0,7,0,0,2,1,2,A01
200800011064,0,31,0,0,2,0,21,A01
200800011065,0,7,0,0,2,5,14,A01
200800011065,0,2,0,1,2,3,1,B01
200800011066,0,33,0,14,0,8,1,A01
200800011067,0,7,0,0,2,1,1,B01
200800011067,0,10,0,0,2,7,1,A01
200800011068,0,33,0,0,2,1,1,A01
200800011068,0,7,0,0,2,7,15,B01
200800011069,0,2,0,0,2,1,17,B01
200800011069,0,7,0,0,2,8,15,A01
200800011070,0,7,0,0,1,2,1,A01
200800011071,0,7,0,0,1,3,9,A01
200800011072,0,2,0,14,0,3,21,A01
200800011073,0,7,0,0,2,1,15,A01
200800011073,0,33,0,0,2,3,1,B01
200800011074,0,33,0,0,2,0,21,A01
200800011075,0,7,0,1,9,5,22,A01
200800011075,0,1,0,1,0,1,18,B01
200800011076,0,10,0,0,2,3,1,B01
200800011076,0,7,0,0,1,2,13,A01
200800011077,0,7,0,0,2,6,15,B01
200800011077,0,2,0,0,2,1,1,A01
200800011078,0,7,0,0,0,4,24,B01
200800011078,0,30,0,1,0,1,21,A01
200800011079,0,7,0,0,1,3,20,A01
200800011080,0,14,0,0,0,2,16,B01
200800011080,0,34,0,0,2,8,18,A01
200800011081,0,32,0,0,2,1,1,B01
200800011081,0,7,0,0,2,3,15,A01
200800011082,0,7,0,0,1,1,1,A01
200800011083,1,33,0,0,1,1,1,A01
200800011084,0,7,0,0,0,5,13,A01
200800011085,0,33,0,0,1,1,1,A01
200800011086,0,33,0,0,2,1,12,A01
200800011086,0,7,0,0,2,3,1,B01
200800011087,0,13,0,0,1,2,16,A01
200800011088,1,7,0,0,0,0,1,B01
200800011088,0,33,0,0,2,8,1,A01
200800011089,0,32,0,0,0,6,21,A01
200800011090,0,32,0,0,0,6,1,B01
200800011090,0,10,0,0,2,1,1,A01
200800011091,0,7,0,0,2,1,1,B01
200800011091,0,7,0,0,2,7,1,A01
200800011092,0,7,0,0,2,3,9,A01
200800011092,0,33,0,0,2,1,1,B01
200800011093,0,34,0,0,0,0,1,A01
200800011094,0,30,0,0,2,1,1,A01
200800011094,0,7,0,0,0,5,15,B01
200800011095,0,32,0,0,2,2,1,A01
200800011095,0,7,0,0,0,3,9,B01
200800011096,0,7,0,0,0,6,15,B01
200800011096,0,32,0,0,0,1,17,A01
200800011097,0,7,0,0,0,6,1,B01
200800011097,0,32,0,0,2,1,1,A01
200800011098,0,7,0,0,0,5,15,A01
200800011098,0,32,0,0,2,1,1,B01
200800011099,0,7,0,0,2,1,1,A01
200800011099,0,30,0,0,2,8,1,B01
200800011100,0,7,0,0,2,3,1,A01
200800011100,0,33,0,0,2,1,5,B01
200800011101,0,33,0,0,2,1,1,B01
200800011101,0,7,0,0,0,2,14,A01
200800011102,0,7,0,8,0,6,1,A01
200800011102,0,7,0,0,2,8,0,B01
200800011103,0,7,0,0,1,1,1,A01
200800011104,0,7,0,0,2,3,15,A01
200800011104,0,2,0,0,2,1,17,B01
200800011105,1,30,0,0,0,8,1,A01
200800011106,0,30,0,0,1,1,18,A01
200800011107,0,7,0,0,2,3,15,A01
200800011107,0,32,0,0,2,1,1,B01
200800011108,0,10,0,0,1,3,15,A01
200800011109,0,33,0,0,2,8,7,A01
200800011109,0,37,1,0,2,8,11,B01
200800011110,0,7,0,0,2,1,2,A01
200800011110,0,7,0,0,0,6,23,B01
200800011111,0,7,0,2,0,2,21,A01
200800011111,0,7,0,0,2,6,1,B01
200800011112,0,7,0,0,9,5,15,A01
200800011112,0,34,0,0,0,1,1,B01
200800011113,0,7,0,0,2,8,10,A01
200800011113,0,33,0,0,2,5,1,B01
200800011114,0,30,0,0,1,1,1,A01
200800011115,0,7,0,0,2,8,22,A01
200800011115,0,30,0,1,0,1,1,B01
200800011116,0,7,0,0,0,8,15,A01
200800011116,0,30,0,0,2,2,17,B01
200800011117,1,7,0,0,0,3,1,A01
200800011118,0,34,0,4,0,8,1,A01
200800011119,0,7,0,0,1,8,7,A01
200800011120,0,7,0,0,2,8,15,A01
200800011120,0,32,0,0,2,2,1,B01
200800011121,0,7,0,0,0,1,15,A01
200800011121,0,33,0,0,0,8,1,B01
200800011122,0,7,0,0,2,8,13,A01
200800011122,0,31,0,0,2,7,1,B01
200800011123,0,31,0,0,0,0,21,A01
200800011124,0,7,0,0,2,1,15,A01
200800011124,0,30,0,0,2,8,1,B01
200800011125,0,10,0,0,2,3,15,A01
200800011125,0,31,0,0,2,8,17,B01
200800011126,0,7,0,0,1,4,4,A01
200800011127,0,2,0,0,2,1,1,A01
200800011127,0,7,0,0,2,2,16,B01
200800011128,0,7,0,0,1,3,1,A01
200800011129,0,32,0,0,1,1,15,A01
200800011130,0,33,0,0,2,0,21,A01
200800011131,0,7,0,0,2,7,12,A01
200800011131,0,32,0,12,2,3,1,B01
200800011132,0,7,0,0,2,2,16,A01
200800011132,0,32,0,0,2,8,1,B01
200800011133,0,2,0,0,2,8,1,B01
200800011133,0,7,0,0,2,5,16,A01
200800011134,0,32,0,0,1,7,1,A01
200800011135,0,7,0,0,0,5,15,A01
200800011135,0,1,0,0,2,0,1,B01
200800011136,0,32,0,0,2,7,17,A01
200800011136,1,7,0,0,0,0,15,B01
200800011137,0,7,0,0,1,7,1,A01
200800011138,0,30,0,0,1,1,1,A01
200800011139,0,7,0,0,2,2,15,A01
200800011139,0,32,0,0,2,8,1,B01
200800011140,0,7,0,0,9,7,22,A01
200800011140,0,30,0,1,0,1,18,B01
200800011141,0,7,0,0,9,4,4,A01
200800011141,0,1,0,0,2,1,23,B01
200800011142,0,7,0,0,1,1,1,A01
200800011143,0,7,0,0,2,3,15,A01
200800011143,0,1,0,0,2,1,1,B01
200800011144,0,7,0,0,0,2,1,A01
200800011144,0,7,0,0,2,2,2,B01
200800011144,0,33,0,0,2,1,2,C01
200800011145,0,7,0,0,2,2,12,A01
200800011145,0,32,0,0,2,8,1,B01
200800011146,0,31,0,0,1,3,17,A01
200800011147,0,7,0,0,1,1,1,A01
200800011148,0,7,0,0,9,6,2,B01
200800011148,0,33,0,0,2,2,2,A01
200800011149,0,7,0,0,2,3,15,A01
200800011149,0,33,0,1,2,7,17,B01
200800011150,0,7,0,0,2,8,1,B01
200800011150,0,7,0,4,2,1,13,A01
200800011151,0,2,0,0,2,3,1,A01
200800011151,0,7,0,0,2,2,16,B01
200800011152,0,7,0,0,2,3,10,A01
200800011152,0,30,0,0,2,1,7,B01
200800011153,0,32,0,14,0,8,13,A01
200800011154,0,7,0,0,1,1,1,A01
200800011155,0,33,0,14,0,1,21,A01
200800011156,0,7,0,0,0,8,1,B01
200800011156,0,7,0,0,0,3,1,A01
200800011157,0,7,0,0,2,1,15,A01
200800011157,0,30,0,0,2,8,1,B01
200800011158,0,7,0,0,0,4,20,A01
200800011159,0,7,0,0,0,4,12,B01
200800011159,0,32,0,0,2,1,1,A01
200800011160,0,7,0,0,1,3,1,A01
200800011161,0,7,0,0,0,7,22,A01
200800011161,0,1,0,0,2,3,1,B01
200800011162,0,33,0,1,0,2,14,A01
200800011163,0,10,0,0,0,4,2,B01
200800011163,0,10,0,0,2,1,2,A01
200800011164,0,10,0,0,2,8,15,A01
200800011164,0,33,0,0,2,1,16,B01
200800011165,1,2,0,0,0,0,0,A01
200800011166,1,30,0,0,1,1,1,A01
200800011167,0,7,0,0,1,3,16,A01
200800011168,0,7,0,0,2,3,2,A01
200800011168,0,7,0,0,0,5,23,B01
200800011169,0,32,0,0,2,2,1,B01
200800011169,0,14,0,0,2,3,1,A01
200800011170,0,7,0,0,1,2,1,A01
200800011171,0,7,0,0,0,1,1,A01
200800011171,0,1,0,0,0,4,15,B01
200800011172,0,7,0,0,1,7,1,A01
200800011173,0,37,0,0,1,2,1,A01
200800011174,0,7,0,0,1,1,15,A01
200800011175,0,7,0,0,2,3,9,A01
200800011175,0,30,0,0,2,2,1,B01
200800011176,0,30,0,0,1,1,1,A01
200800011177,2,30,0,1,1,1,15,A01
200800011178,0,7,0,0,2,8,15,B01
200800011178,0,34,0,0,2,1,17,A01
200800011179,0,31,0,0,2,1,1,B01
200800011179,0,7,0,0,2,2,15,A01
200800011180,0,30,0,0,2,1,1,A01
200800011181,0,37,20,0,1,2,7,A01
200800011182,0,30,0,0,1,1,1,A01
200800011183,0,13,0,0,1,3,17,A01
200800011184,0,33,0,0,2,2,9,B01
200800011184,0,2,0,0,2,1,1,A01
200800011185,0,1,0,0,2,8,1,A01
200800011185,1,37,0,0,2,5,17,B01
200800011186,0,34,0,0,1,2,3,A01
200800011187,0,32,0,0,2,1,1,A01
200800011187,0,30,0,0,2,3,10,B01
200800011188,0,32,0,0,1,1,1,A01
200800011188,0,37,0,0,1,0,23,B01
200800011189,0,1,0,0,0,1,1,A01
200800011190,0,32,0,0,2,2,1,A01
200800011191,0,7,0,0,2,8,15,A01
200800011191,0,31,0,0,2,1,1,B01
200800011192,0,10,0,0,1,3,1,A01
200800011193,0,30,0,0,2,8,1,B01
200800011193,0,7,0,0,0,7,14,A01
200800011194,0,1,0,0,0,1,1,A01
200800011195,0,7,0,0,0,4,23,B01
200800011195,0,7,0,0,2,1,2,A01
200800011196,0,7,0,0,2,1,5,A01
200800011196,0,7,0,0,2,2,15,B01
200800011197,0,30,0,0,2,7,7,A01
200800011197,0,7,0,0,2,2,16,B01
200800011198,0,32,0,0,1,3,1,A01
200800011199,0,10,0,0,2,4,2,B01
200800011199,0,10,0,0,2,5,2,A01
200800011200,1,7,0,0,1,3,1,A01
200800011201,0,13,0,0,2,2,16,A01
200800011201,0,2,0,0,2,8,18,B01
200800011202,0,7,0,0,2,7,15,A01
200800011202,0,33,0,0,2,1,1,B01
200800011203,0,32,0,0,1,1,1,A01
200800011204,0,30,0,15,0,1,1,A01
200800011205,0,32,0,0,2,1,1,A01
200800011205,0,7,0,0,2,7,15,B01
200800011206,0,30,0,0,2,1,1,B01
200800011206,0,7,0,0,2,1,15,A01
200800011207,0,7,0,7,0,1,1,A01
200800011208,0,7,0,0,2,8,24,B01
200800011208,0,2,0,1,1,3,14,A01
200800011209,0,32,0,0,2,1,1,A01
200800011209,0,20,0,0,2,8,1,B01
200800011210,0,15,0,0,2,2,12,A01
200800011210,0,7,0,4,2,6,1,B01
200800011210,0,17,0,0,2,2,1,C01
200800011211,0,31,0,0,0,8,1,A01
200800011212,0,33,0,0,2,2,1,A01
200800011212,0,7,0,0,0,2,15,B01
200800011213,0,32,0,15,0,5,1,A01
200800011214,0,7,0,0,2,1,12,A01
200800011214,0,7,0,0,2,6,1,B01
200800011215,0,7,0,0,2,5,15,A01
200800011215,0,33,0,0,2,1,1,B01
200800011216,0,7,0,0,2,7,1,B01
200800011216,0,7,0,0,2,1,1,A01
200800011216,0,10,0,0,2,8,24,C01
200800011217,0,10,0,0,2,2,1,A01
200800011217,0,1,0,0,2,1,19,B01
200800011218,0,7,0,0,2,2,11,A01
200800011218,0,33,0,0,2,8,1,B01
200800011219,0,33,0,0,2,7,14,A01
200800011219,1,7,0,0,0,0,1,C01
200800011219,1,37,29,0,2,0,7,B01
200800011220,0,1,0,0,1,1,7,A01
200800011221,0,1,0,1,2,1,18,A01
200800011221,0,7,0,0,2,7,22,B01
200800011222,0,32,0,12,0,3,0,A01
200800011223,0,33,0,11,0,7,1,A01
200800011224,0,33,0,0,2,4,2,A01
200800011224,0,33,0,0,2,1,2,B01
200800011224,0,7,0,0,2,6,1,C01
200800011225,0,2,0,0,1,1,17,A01
200800011226,0,7,0,6,2,1,14,A01
200800011226,0,7,0,6,2,6,1,B01
200800011227,0,7,0,6,0,1,14,A01
200800011228,0,7,0,0,2,2,15,A01
200800011228,0,31,0,0,2,1,1,B01
200800011229,0,7,0,0,1,2,1,A01
200800011230,0,30,0,12,0,2,1,A01
200800011231,0,2,0,0,2,1,18,A01
200800011231,0,7,0,0,2,2,16,B01
200800011232,0,7,0,0,2,4,23,C01
200800011232,0,10,0,0,2,4,23,D01
200800011232,0,10,0,0,2,1,2,A01
200800011232,0,10,0,6,2,4,23,B01
200800011233,0,7,0,0,2,7,1,A01
200800011233,0,7,0,8,2,3,1,B01
200800011234,0,30,0,12,0,1,1,A01
200800011235,0,1,0,0,0,1,1,A01
200800011236,1,2,0,0,1,0,17,A01
200800011237,0,34,0,0,2,1,1,B01
200800011237,0,14,0,0,2,3,1,A01
200800011238,1,7,0,0,2,6,10,A01
200800011238,0,33,0,0,2,2,1,B01
200800011239,0,31,0,12,0,8,1,A01
200800011240,0,7,0,0,2,8,1,A01
200800011240,0,31,0,0,2,1,1,B01
200800011241,0,7,0,0,2,6,23,A01
200800011241,0,30,0,0,2,1,2,B01
200800011242,0,10,0,0,2,8,1,A01
200800011242,0,13,0,0,2,2,1,B01
200800011243,0,30,0,0,1,1,0,A01
200800011244,0,7,0,0,2,1,2,A01
200800011244,0,7,0,0,2,4,2,B01
200800011244,0,7,0,0,2,1,2,C01
200800011245,0,7,0,0,2,1,2,A01
200800011245,0,10,0,0,2,3,2,B01
200800011245,0,7,0,0,0,4,2,C01
200800011245,0,7,0,0,0,8,1,D01
200800011246,0,31,0,0,2,1,2,A01
200800011246,0,7,0,0,0,5,2,B01
200800011247,0,33,0,12,0,8,1,A01
200800011248,0,15,0,0,2,2,12,A01
200800011248,0,7,0,4,0,6,1,B01
200800011248,0,7,0,0,2,1,1,C01
200800011249,0,7,0,0,2,8,11,A01
200800011249,0,31,0,0,2,2,1,B01
200800011250,0,7,0,0,2,0,2,A01
200800011250,0,7,0,0,2,4,2,B01
200800011250,0,7,0,0,2,1,2,C01
200800011250,0,7,0,0,2,1,2,D01
200800011251,0,7,0,0,2,3,13,A01
200800011251,0,31,0,0,2,7,3,B01
200800011252,0,7,0,0,2,1,2,A01
200800011252,0,7,0,0,2,4,2,B01
200800011253,0,7,0,0,2,1,11,A01
200800011253,0,7,0,0,2,4,2,B01
200800011253,0,7,0,0,2,4,2,C01
200800011254,0,15,0,0,2,1,12,A01
200800011254,0,7,0,5,0,4,1,B01
200800011255,0,7,0,0,0,6,12,A01
200800011255,0,32,0,0,2,2,3,B01
200800011256,0,33,0,0,2,1,1,A01
200800011256,0,13,0,0,2,6,11,B01
200800011257,0,10,0,0,2,9,2,A01
200800011257,0,7,0,0,2,1,2,F01
200800011257,0,7,0,0,2,9,2,C01
200800011257,0,7,0,0,2,9,2,B01
200800011257,0,7,0,0,2,9,2,D01
200800011257,0,7,0,0,2,4,2,E01
200800011258,0,7,0,0,2,2,12,A01
200800011258,0,33,0,0,2,1,1,B01
200800011259,1,7,0,0,0,0,11,A01
200800011259,0,33,0,5,0,1,1,B01
200800011260,0,33,0,0,2,5,2,A01
200800011260,0,7,0,0,0,0,2,B01
200800011261,0,32,0,0,2,0,2,B01
200800011261,0,32,0,0,2,1,2,A01
200800011262,0,7,0,0,2,4,1,C01
200800011262,0,7,0,5,2,2,16,A01
200800011262,0,7,0,0,2,3,1,B01
200800011263,0,16,0,0,2,2,12,A01
200800011263,0,7,0,4,2,8,1,B01
200800011264,0,31,0,0,2,1,2,A01
200800011264,0,7,0,0,0,4,23,B01
200800011265,0,7,0,0,2,1,2,A01
200800011265,0,7,0,0,2,9,2,B01
200800011265,0,7,0,0,2,9,2,C01
200800011265,0,7,0,0,2,4,2,D01
200800011266,0,33,0,0,0,7,21,A01
200800011267,0,7,0,0,2,3,11,A01
200800011267,0,33,0,0,2,2,1,B01
200800011268,0,31,0,0,2,7,3,A01
200800011268,0,32,0,0,2,3,12,B01
200800011268,0,7,0,0,0,7,1,C01
200800011269,0,33,0,0,0,1,1,A01
200800011270,0,7,0,0,2,4,16,A01
200800011270,0,37,16,0,2,1,2,B01
200800011270,0,14,0,0,2,1,2,C01
200800011271,0,10,0,0,2,1,2,A01
200800011271,0,7,0,0,2,4,2,B01
200800011271,0,10,0,0,0,4,2,C01
200800011272,0,7,0,0,2,2,12,A01
200800011272,0,33,0,0,2,8,3,B01
200800011273,0,33,0,0,2,7,21,A01
200800011274,0,2,0,0,0,1,13,A01
200800011275,0,7,0,0,2,7,12,A01
200800011275,0,32,0,0,2,8,3,B01
200800011276,0,33,0,12,2,8,14,A01
200800011276,0,7,0,0,9,8,1,B01
200800011277,0,7,0,0,2,4,23,C01
200800011277,0,7,0,0,2,1,2,A01
200800011277,0,7,0,0,2,4,23,B01
200800011278,0,7,0,14,0,1,2,A01
200800011278,0,7,0,0,2,4,23,B01
200800011279,0,7,0,0,2,4,2,B01
200800011279,0,7,0,0,2,1,2,A01
200800011280,0,7,0,0,2,4,2,B01
200800011280,2,7,0,0,2,1,2,A01
200800011280,0,7,0,5,0,4,2,C01
200800011281,0,33,0,0,2,7,12,A01
200800011281,0,15,0,0,0,8,1,B01
200800011282,0,7,0,0,2,3,12,A01
200800011282,0,32,0,0,2,2,3,B01
200800011283,0,7,0,0,2,7,12,A01