Num_Acc,senc,catv,occutc,obs,obsm,choc,manv,num_veh
200800011283,0,31,0,0,2,1,3,B01
200800011284,0,32,0,4,2,1,3,B01
200800011284,0,7,0,0,2,6,11,A01
200800011285,0,32,0,0,0,0,1,A01
200800011286,0,7,0,0,0,4,2,B01
200800011286,0,2,0,0,2,1,2,A01
200800011287,0,7,0,0,2,1,1,A01
200800011287,0,7,0,0,2,1,1,B01
200800011288,0,7,0,0,1,1,0,A01
200800011289,0,7,0,0,1,1,0,A01
200800011290,0,15,0,0,2,6,23,B01
200800011290,0,30,0,1,0,2,1,A01
200800011291,0,7,0,0,1,1,1,A01
200800011292,0,7,0,0,2,8,15,A01
200800011292,0,7,0,0,2,1,1,B01
200800011293,0,7,0,0,2,6,1,C01
200800011293,0,99,0,0,2,3,1,B01
200800011293,0,2,0,0,2,1,17,A01
200800011294,0,7,0,0,2,1,1,B01
200800011294,0,10,0,0,2,2,15,A01
200800011295,0,15,0,0,2,8,10,A01
200800011295,0,2,0,0,2,1,21,B01
200800011296,0,7,0,0,1,2,1,A01
200800011297,0,7,0,0,1,1,1,A01
200800011298,0,2,0,0,1,1,17,A01
200800011299,0,7,0,0,1,3,1,A01
200800011300,0,1,0,12,0,1,1,A01
200800011301,0,7,0,0,1,3,1,A01
200800011302,0,33,0,0,2,8,1,A01
200800011302,0,7,0,0,2,5,23,B01
200800011303,0,7,0,0,9,4,15,A01
200800011303,0,33,0,0,2,1,1,B01
200800011304,0,7,0,15,1,2,14,A01
200800011305,0,7,0,6,0,1,17,A01
200800011306,0,7,0,0,2,2,16,A01
200800011306,0,32,0,0,2,3,1,B01
200800011307,0,7,0,0,1,2,15,A01
200800011308,0,7,0,2,0,8,13,A01
200800011309,0,30,0,0,2,2,1,B01
200800011309,0,7,0,0,2,3,9,A01
200800011310,0,33,0,3,0,1,13,A01
200800011311,0,7,0,0,1,3,1,A01
200800011312,0,10,0,0,2,2,1,B01
200800011312,0,7,0,0,2,3,9,A01
200800011313,0,7,0,0,1,4,4,A01
200800011314,0,7,0,1,0,1,14,A01
200800011315,0,7,0,0,2,1,2,A01
200800011315,0,7,0,0,2,4,2,B01
200800011316,0,7,0,0,2,1,1,B01
200800011316,0,7,0,0,2,8,10,A01
200800011317,0,2,0,0,2,1,17,A01
200800011317,0,7,0,0,2,3,15,B01
200800011318,0,2,0,0,2,1,1,A01
200800011318,0,7,0,0,2,2,1,B01
200800011319,0,31,0,0,2,1,1,B01
200800011319,0,7,0,0,2,2,9,A01
200800011320,0,13,0,0,1,4,4,A01
200800011321,0,7,0,0,0,1,1,A01
200800011321,0,7,0,0,0,4,1,B01
200800011322,0,30,0,0,2,1,17,A01
200800011322,0,7,0,0,2,1,15,B01
200800011323,0,7,0,0,2,1,1,A01
200800011323,0,7,0,0,0,4,23,B01
200800011324,0,30,0,0,2,1,1,A01
200800011324,0,10,0,0,2,1,15,B01
200800011325,0,33,0,0,2,1,17,A01
200800011325,0,7,0,0,0,6,15,B01
200800011326,0,7,0,0,2,2,15,A01
200800011326,0,30,0,0,2,5,2,B01
200800011326,0,7,0,0,0,8,23,C01
200800011327,0,30,0,0,2,1,1,A01
200800011327,0,30,0,0,2,1,1,B01
200800011328,0,7,0,0,2,3,15,B01
200800011328,0,31,0,0,2,1,0,A01
200800011329,0,7,0,0,1,1,1,A01
200800011330,0,7,0,0,0,1,2,A01
200800011330,0,2,0,0,0,4,0,B01
200800011331,0,30,0,0,2,1,1,A01
200800011331,0,20,0,0,2,4,15,B01
200800011332,0,7,0,0,2,2,1,B01
200800011332,0,30,0,0,2,8,18,A01
200800011333,0,7,0,0,0,3,0,A01
200800011333,0,7,0,0,0,3,23,B01
200800011333,0,7,0,0,0,8,0,C01
200800011334,0,30,0,0,1,1,1,A01
200800011335,0,7,0,0,2,2,15,A01
200800011335,0,33,0,0,2,1,1,B01
200800011336,0,7,0,0,2,3,15,A01
200800011336,0,32,0,0,2,1,1,B01
200800011337,0,10,0,0,2,8,13,A01
200800011337,0,2,0,0,2,7,21,B01
200800011338,0,7,0,0,2,1,1,A01
200800011338,0,7,0,0,2,1,1,B01
200800011339,0,32,0,0,2,3,18,A01
200800011339,0,7,0,0,2,2,16,B01
200800011340,0,2,0,0,1,1,1,A01
200800011341,0,2,0,0,2,1,15,A01
200800011341,0,7,0,0,0,1,1,B01
200800011342,0,2,0,0,2,3,1,B01
200800011342,0,7,0,0,2,7,15,A01
200800011343,0,7,0,0,0,6,13,A01
200800011343,0,33,0,0,2,1,1,B01
200800011344,2,7,0,0,2,0,0,A01
200800011344,0,7,0,0,2,3,1,B01
200800011345,0,20,0,0,2,3,22,B01
200800011345,1,37,0,1,2,2,17,A01
200800011346,0,31,0,0,1,2,1,A01
200800011347,0,7,0,0,2,3,1,A01
200800011347,0,7,0,0,2,8,1,B01
200800011348,0,31,0,0,0,1,1,A01
200800011348,0,14,0,0,2,4,23,B01
200800011349,0,2,0,0,2,7,1,B01
200800011349,0,7,0,0,2,3,15,A01
200800011350,0,33,0,0,2,8,14,A01
200800011350,1,7,0,0,2,5,15,B01
200800011351,0,7,0,0,2,3,15,B01
200800011351,0,32,0,0,2,1,17,A01
200800011352,0,2,0,0,2,1,1,B01
200800011352,0,7,0,0,2,3,15,A01
200800011353,0,7,0,0,2,2,15,A01
200800011353,0,33,0,0,2,7,1,B01
200800011354,0,2,0,0,2,1,2,A01
200800011354,0,13,0,0,2,6,2,B01
200800011355,1,7,0,0,2,0,10,A01
200800011355,0,32,0,0,2,7,1,B01
200800011356,0,7,0,0,2,2,1,A01
200800011356,0,7,0,0,2,6,2,B01
200800011356,0,7,0,0,2,4,24,C01
200800011357,0,2,0,0,2,1,1,A01
200800011357,0,7,0,0,2,5,15,B01
200800011358,0,7,0,0,2,2,15,A01
200800011358,0,7,0,0,2,1,1,B01
200800011358,0,10,0,0,2,6,1,C01
200800011358,0,10,0,0,2,3,1,D01
200800011359,0,7,0,0,2,2,15,A01
200800011359,0,31,0,0,2,1,1,B01
200800011360,0,7,0,0,2,3,1,A01
200800011360,0,7,0,0,2,8,23,C01
200800011360,0,2,0,0,2,0,1,B01
200800011361,0,33,0,0,2,0,1,A01
200800011361,0,7,0,0,2,0,9,B01
200800011362,0,7,0,0,2,3,15,A01
200800011362,0,33,0,0,2,1,1,B01
200800011363,0,2,0,0,2,1,2,A01
200800011363,0,7,0,0,2,4,2,B01
200800011364,0,7,0,0,2,1,2,A01
200800011364,0,10,0,0,2,4,2,B01
200800011364,0,7,0,0,2,4,2,C01
200800011365,0,10,0,0,2,2,15,A01
200800011365,0,33,0,0,2,1,1,B01
200800011366,0,7,0,0,2,3,5,A01
200800011366,0,10,0,0,2,3,1,B01
200800011367,0,7,0,0,2,1,0,A01
200800011367,0,7,0,0,2,1,0,B01
200800011368,0,2,0,0,1,7,14,A01
200800011369,0,7,0,16,0,1,14,A01
200800011370,0,33,0,0,2,8,1,B01
200800011370,0,7,0,0,2,4,4,A01
200800011371,0,7,0,0,2,2,15,A01
200800011371,0,30,0,0,2,1,1,B01
200800011372,0,7,0,0,2,7,15,A01
200800011372,0,30,0,0,2,1,1,B01
200800011373,0,7,0,0,2,1,15,A01
200800011373,0,30,0,0,2,1,1,B01
200800011374,0,7,0,0,2,9,0,A01
200800011374,0,33,0,0,2,1,0,B01
200800011375,0,7,0,0,2,6,10,A01
200800011375,0,7,0,0,2,1,1,B01
200800011376,0,7,0,0,2,6,0,A01
200800011376,0,30,0,0,2,1,0,B01
200800011377,0,7,0,0,2,1,15,A01
200800011377,0,32,0,0,2,1,17,B01
200800011378,0,31,0,0,2,1,2,A01
200800011378,0,7,0,0,2,4,1,B01
200800011379,0,2,0,0,2,1,0,A01
200800011380,0,10,0,0,2,2,1,A01
200800011380,0,1,0,0,2,1,1,B01
200800011381,0,7,0,0,4,1,0,A01
200800011381,0,1,0,0,2,4,0,B01
200800011382,0,30,0,0,2,1,1,B01
200800011382,0,7,0,0,2,3,1,A01
200800011383,0,7,0,0,2,1,1,A01
200800011383,0,7,0,0,2,4,1,B01
200800011383,0,7,0,0,2,4,1,C01
200800011384,0,7,0,0,2,6,1,A01
200800011384,0,2,0,0,2,1,1,B01
200800011385,0,7,0,0,2,8,0,A01
200800011385,0,7,0,0,2,1,0,B01
200800011386,0,32,0,0,2,1,1,A01
200800011387,0,7,0,0,2,1,0,A01
200800011388,0,2,0,0,2,1,0,A01
200800011388,0,7,0,0,2,1,1,B01
200800011389,2,7,0,0,1,1,15,A01
200800011390,0,7,0,0,2,3,0,A01
200800011390,0,33,0,0,2,5,0,B01
200800011391,0,30,0,0,2,1,1,A01
200800011391,0,7,0,0,2,4,1,B01
200800011392,0,2,0,0,2,1,3,A01
200800011392,0,32,0,0,2,4,1,B01
200800011392,0,7,0,0,2,1,1,C01
200800011393,0,30,0,12,2,1,14,A01
200800011393,0,32,0,0,2,1,1,B01
200800011394,0,7,0,0,1,1,1,A01
200800011395,0,2,0,0,2,7,1,B01
200800011395,0,7,0,0,2,1,9,A01
200800011396,0,30,0,0,1,1,17,A01
200800011397,0,7,0,0,2,7,15,A01
200800011397,0,7,0,0,2,1,1,B01
200800011398,0,7,0,5,0,1,0,A01
200800011399,0,33,0,0,2,1,17,A01
200800011399,0,7,0,0,2,3,10,B01
200800011400,2,7,0,0,1,3,1,A01
200800011401,0,7,0,0,1,8,15,A01
200800011402,0,7,0,0,2,1,0,A01
200800011402,0,33,0,0,2,1,1,B01
200800011403,1,7,0,0,2,7,17,A01
200800011403,0,32,0,0,2,8,1,B01
200800011404,0,7,0,0,2,4,1,A01
200800011405,0,7,0,0,1,1,15,A01
200800011406,0,7,0,0,2,1,1,A01
200800011406,0,30,0,0,0,6,10,B01
200800011407,0,30,0,0,2,1,1,A01
200800011407,0,7,0,0,0,4,15,B01
200800011408,0,33,0,0,2,1,2,A01
200800011408,0,7,0,0,0,4,1,B01
200800011409,0,30,0,0,0,0,0,A01
200800011410,0,7,0,0,1,1,17,A01
200800011411,0,2,0,0,2,1,17,A01
200800011411,0,7,0,0,0,8,15,B01
200800011412,0,7,0,1,0,0,0,A01
200800011413,0,30,0,0,2,1,1,A01
200800011413,0,7,0,0,0,4,23,B01
200800011414,0,33,0,0,2,1,21,A01
200800011414,0,30,0,0,0,6,23,B01
200800011414,0,7,0,0,0,8,23,C01
200800011415,0,30,0,0,0,0,0,A01
200800011416,0,7,0,0,2,1,1,B01
200800011416,0,7,0,0,2,1,13,A01
200800011417,0,7,0,1,0,3,13,A01
200800011418,0,31,0,0,2,1,1,B01
200800011418,0,10,0,0,2,2,15,A01
200800011419,0,7,0,6,0,9,0,A01
200800011420,0,2,0,0,0,0,0,A01
200800011421,0,7,0,8,0,3,13,A01
200800011422,0,7,0,0,0,7,10,A01
200800011422,0,30,0,0,2,1,1,B01
200800011423,0,7,0,0,1,2,1,A01
200800011424,0,7,0,0,1,2,1,A01
200800011425,0,7,0,0,2,2,1,A01
200800011425,0,34,0,0,0,6,23,B01
200800011426,0,7,0,0,0,8,9,A01
200800011426,0,32,0,0,2,1,1,B01
200800011427,0,30,0,0,1,1,1,A01
200800011428,0,33,0,0,2,8,13,A01
200800011428,0,33,0,0,0,8,13,B01
200800011429,0,2,0,0,0,3,1,A01
200800011429,1,2,0,0,2,7,17,B01
200800011430,0,2,0,12,0,7,1,A01
200800011431,0,10,0,8,0,8,14,A01
200800011432,0,33,0,6,0,9,1,A01
200800011433,0,7,0,6,0,3,1,A01
200800011434,0,32,0,0,2,8,1,A01
200800011434,0,7,0,0,0,7,1,B01
200800011435,0,33,0,0,2,1,1,A01
200800011435,0,7,0,0,0,4,20,B01
200800011436,0,7,0,0,0,3,9,A01
200800011436,0,31,0,0,2,1,1,B01
200800011437,0,7,0,0,2,5,23,B01
200800011437,0,2,0,0,2,1,1,A01
200800011438,0,2,0,1,0,2,14,A01
200800011439,0,7,0,0,2,1,1,A01
200800011439,0,7,0,0,2,4,1,B01
200800011439,0,7,0,0,2,4,1,C01
200800011440,0,7,0,0,2,8,1,B01
200800011440,0,7,0,0,2,1,1,A01
200800011441,0,7,0,0,2,6,1,A01
200800011441,0,7,0,0,2,6,0,B01
200800011442,0,3,0,0,2,1,1,A01
200800011442,0,2,0,0,2,5,16,B01
200800011443,0,7,0,0,1,7,1,A01
200800011444,0,7,0,0,2,2,12,A01
200800011444,0,2,0,0,2,3,1,B01
200800011445,0,7,0,0,1,1,1,A01
200800011446,0,7,0,0,2,4,23,A01
200800011446,0,7,0,0,2,1,1,B01
200800011447,0,7,0,0,2,4,2,A01
200800011447,0,33,0,0,2,1,2,B01
200800011448,0,7,0,0,1,1,15,A01
200800011449,0,7,0,14,0,1,1,A01
200800011449,0,7,0,14,2,4,2,B01
200800011449,0,7,0,14,2,4,2,C01
200800011449,0,10,0,0,2,4,2,D01
200800011450,1,7,0,0,2,0,0,A01
200800011450,0,34,0,0,2,0,1,B01
200800011451,0,33,0,0,1,1,1,A01
200800011452,0,7,0,0,2,3,1,A01
200800011452,0,33,0,0,2,9,23,B01
200800011452,0,7,0,0,2,6,23,C01
200800011453,0,10,0,0,1,0,0,A01
200800011454,0,7,0,0,0,0,0,A01
200800011454,0,2,0,0,0,0,0,B01
200800011455,0,2,0,14,0,1,1,A01
200800011455,0,7,0,0,2,6,2,B01
200800011456,0,33,0,0,1,8,1,A01
200800011457,0,33,0,0,2,1,12,A01
200800011457,0,7,0,0,2,6,1,B01
200800011458,0,10,0,0,2,2,15,A01
200800011458,0,2,0,0,2,1,2,B01
200800011459,0,7,0,0,2,1,11,A01
200800011459,0,32,0,0,2,1,1,B01
200800011460,0,2,0,14,0,1,7,A01
200800011461,0,7,0,0,2,2,13,A01
200800011461,0,33,0,0,2,1,1,B01
200800011461,0,7,0,0,2,6,1,C01
200800011462,0,7,0,0,2,7,9,A01
200800011462,0,33,0,0,2,7,1,B01
200800011463,0,33,0,0,2,1,1,B01
200800011463,0,7,0,0,2,2,1,A01
200800011464,0,2,0,0,1,1,1,A01
200800011465,0,2,0,0,2,1,15,A01
200800011465,0,2,0,0,2,1,1,B01
200800011466,0,7,0,0,2,1,1,B01
200800011466,0,7,0,0,2,2,1,A01
200800011467,0,7,0,0,2,2,9,A01
200800011467,0,32,0,0,2,1,1,B01
200800011468,0,31,0,0,2,2,9,A01
200800011468,0,7,0,0,2,2,1,B01
200800011469,0,40,0,0,2,3,1,B01
200800011469,0,2,0,0,4,1,1,A01
200800011470,0,7,0,0,2,5,16,A01
200800011470,0,34,0,0,2,1,1,B01
200800011471,0,7,0,0,2,2,13,A01
200800011471,0,10,0,0,2,7,1,B01
200800011471,0,7,0,0,2,6,24,C01
200800011471,0,7,0,0,2,2,1,D01
200800011472,0,30,0,0,1,1,1,A01
200800011473,0,7,0,0,2,5,10,A01
200800011473,0,2,0,0,2,1,1,B01
200800011474,0,7,0,0,2,3,0,A01
200800011474,0,7,0,0,2,3,1,B01
200800011475,0,7,0,0,2,6,23,A01
200800011475,0,33,0,0,2,9,1,B01
200800011475,0,7,0,0,2,3,1,C01
200800011476,0,7,0,0,2,0,16,A01
200800011476,0,31,0,0,2,8,0,B01
200800011477,0,7,0,0,1,1,19,A01
200800011478,0,7,0,0,1,1,1,A01
200800011479,0,7,0,0,1,8,1,A01
200800011480,0,2,0,12,0,7,14,A01
200800011481,0,7,0,0,2,3,15,A01
200800011481,0,2,0,0,2,1,0,B01
200800011482,0,7,0,0,2,1,13,A01
200800011482,0,7,0,0,2,1,1,B01
200800011482,0,14,0,0,0,0,23,C01
200800011483,0,2,0,0,2,7,15,A01
200800011483,0,10,0,0,2,3,1,B01
200800011484,0,10,0,0,0,4,2,B01
200800011484,0,7,0,0,2,1,2,A01
200800011485,0,7,0,0,2,2,15,A01
200800011485,0,7,0,0,2,2,1,B01
200800011486,0,7,0,0,2,2,19,A01
200800011486,0,33,0,0,2,8,1,B01
200800011487,0,34,0,0,1,7,1,A01
200800011488,0,2,0,0,2,1,1,B01
200800011488,0,7,0,0,2,5,19,A01
200800011489,0,31,0,0,2,7,10,A01
200800011489,0,2,0,0,2,1,1,B01
200800011490,0,7,0,0,2,1,1,A01
200800011490,0,7,0,0,2,4,1,B01
200800011491,0,7,0,0,2,3,15,A01
200800011491,0,2,0,0,2,0,1,B01
200800011492,0,7,0,0,2,3,10,A01
200800011492,0,33,0,0,2,1,1,B01
200800011493,0,7,0,0,2,2,15,A01
200800011493,0,31,0,0,2,2,1,B01
200800011494,0,7,0,0,2,1,1,B01
200800011494,0,32,0,0,2,1,1,A01
200800011495,0,7,0,0,2,0,0,A01
200800011495,0,2,0,0,2,1,0,B01
200800011496,0,33,0,0,2,1,1,B01
200800011496,0,10,0,0,2,3,9,A01
200800011497,0,7,0,1,0,1,14,A01
200800011498,0,7,0,0,1,2,15,A01
200800011499,0,37,1,0,2,3,15,A01
200800011499,0,7,0,0,2,5,15,B01
200800011500,0,7,0,0,2,3,15,A01
200800011500,0,32,0,1,2,1,1,B01
200800011501,0,7,0,0,2,2,1,A01
200800011501,0,2,0,0,2,1,1,B01
200800011502,0,7,0,0,2,2,15,A01
200800011502,0,33,0,0,2,1,1,B01
200800011503,0,7,0,0,2,2,1,B01
200800011503,0,7,0,0,2,1,1,A01
200800011504,0,2,0,0,2,1,1,B01
200800011504,0,7,0,0,2,1,15,A01
200800011505,0,2,0,0,2,8,16,B01
200800011505,0,7,0,0,2,3,1,A01
200800011506,0,33,0,0,1,1,1,A01
200800011507,0,7,0,0,1,2,1,A01
200800011508,0,7,0,0,2,7,15,A01
200800011508,0,34,0,0,2,1,1,B01
200800011509,0,2,0,0,2,1,1,A01
200800011509,0,7,0,0,2,1,17,B01
200800011510,0,7,0,0,2,3,15,A01
200800011510,0,32,0,0,2,8,1,B01
200800011511,0,7,0,0,2,1,9,B01
200800011511,0,7,0,0,2,1,1,A01
200800011512,0,10,0,0,2,2,11,A01
200800011512,0,7,0,0,2,1,1,B01
200800011512,0,7,0,0,2,4,23,C01
200800011513,0,7,0,0,2,1,9,A01
200800011513,0,31,0,0,2,1,17,B01
200800011514,0,7,0,0,1,2,1,A01
200800011515,0,7,0,0,2,1,1,A01
200800011515,0,31,0,0,2,4,0,B01
200800011516,0,7,0,6,1,1,1,A01
200800011516,0,14,0,0,2,1,1,B01
200800011517,0,7,0,0,2,2,1,A01
200800011517,0,10,0,0,2,3,1,B01
200800011518,0,33,0,14,0,1,1,A01
200800011518,0,7,0,0,0,3,23,B01
200800011519,0,20,0,3,0,2,9,A01
200800011520,0,2,0,0,2,9,0,A01
200800011521,0,7,0,0,2,8,1,A01
200800011521,0,10,0,0,2,1,1,B01
200800011522,0,7,0,0,2,8,1,A01
200800011522,0,30,0,0,2,1,1,B01
200800011523,0,7,0,1,2,0,14,A01
200800011524,0,7,0,0,2,1,2,A01
200800011524,0,7,0,14,0,1,2,B01
200800011524,0,33,0,0,0,4,2,C01
200800011525,0,31,0,0,2,3,1,A01
200800011525,0,7,0,0,2,2,0,B01
200800011525,1,7,0,0,0,0,13,C01
200800011526,0,7,0,5,0,1,1,A01
200800011527,0,7,0,0,1,1,0,A01
200800011528,0,7,0,0,2,1,1,A01
200800011528,0,7,0,0,2,3,1,B01
200800011529,0,7,0,0,2,3,1,A01
200800011529,0,7,0,0,2,1,15,B01
200800011530,0,7,0,14,0,1,2,A01
200800011530,0,7,0,14,0,4,2,B01
200800011530,0,7,0,0,0,4,2,C01
200800011531,0,30,0,0,0,1,0,A01
200800011532,0,7,0,0,2,3,15,A01
200800011532,0,33,0,0,2,1,5,B01
200800011533,0,7,0,0,0,4,1,B01
200800011533,0,7,0,0,2,0,0,A01
200800011534,0,2,0,0,1,0,0,A01
200800011535,0,7,0,0,2,1,0,A01
200800011535,0,34,0,0,2,9,1,B01
200800011536,0,2,0,0,1,1,1,A01
200800011537,0,7,0,0,2,1,1,A01
200800011537,0,7,0,0,2,4,1,B01
200800011538,0,7,0,4,0,1,21,A01
200800011539,0,2,0,0,2,1,0,A01
200800011539,0,7,0,0,2,1,0,B01
200800011540,0,7,0,0,1,1,1,A01
200800011541,0,37,0,0,2,1,1,A01
200800011541,0,2,0,0,2,0,11,B01
200800011542,0,2,0,0,2,1,1,A01
200800011542,0,7,0,0,2,3,9,B01
200800011543,0,10,0,0,0,0,0,A01
200800011543,0,7,0,0,0,0,0,B01
200800011544,0,7,0,0,1,2,1,A01
200800011545,0,7,0,0,2,0,15,A01
200800011545,0,2,0,0,2,1,1,B01
200800011546,0,7,0,0,2,2,9,A01
200800011546,0,32,0,0,2,1,1,B01
200800011547,0,33,0,0,2,3,1,B01
200800011547,0,7,0,0,2,2,1,A01
200800011548,0,31,0,0,2,1,17,A01
200800011548,0,33,0,0,2,1,15,B01
200800011549,0,7,0,1,0,9,14,A01
200800011550,0,7,0,8,0,1,14,A01
200800011551,0,2,0,0,2,1,1,A01
200800011551,0,7,0,0,2,1,1,B01
200800011552,0,2,0,0,2,1,1,A01
200800011552,0,7,0,0,2,1,1,B01
200800011553,0,7,0,0,2,3,9,A01
200800011553,0,33,0,0,2,1,1,B01
200800011553,0,33,0,0,0,9,1,C01
200800011554,0,7,0,0,1,2,16,A01
200800011555,0,7,0,0,1,1,1,A01
200800011556,0,21,0,0,2,1,13,A01
200800011556,0,7,0,0,9,1,1,B01
200800011557,0,1,0,0,2,1,16,B01
200800011557,0,7,0,0,2,1,14,A01
200800011558,0,2,0,11,0,1,16,A01
200800011559,0,7,0,0,0,0,0,A01
200800011560,0,7,0,0,2,1,15,A01
200800011560,0,2,0,0,2,1,1,B01
200800011561,0,7,0,0,2,1,16,A01
200800011561,0,30,0,0,2,1,1,B01
200800011562,0,7,0,0,2,1,1,B01
200800011562,0,7,0,0,2,8,1,A01
200800011563,0,2,0,0,2,3,1,B01
200800011563,0,10,0,0,2,3,15,A01
200800011564,0,7,0,0,2,1,1,A01
200800011564,0,7,0,0,2,4,1,B01
200800011564,0,7,0,0,2,4,1,C01
200800011564,0,7,0,0,2,4,1,D01
200800011565,0,7,0,0,2,3,13,A01
200800011565,0,1,0,0,2,7,13,B01
200800011566,0,7,0,0,2,2,1,B01
200800011566,2,7,0,0,2,2,5,A01
200800011567,0,2,0,0,2,1,1,A01
200800011567,0,10,0,0,0,4,2,B01
200800011568,0,7,0,0,2,2,16,A01
200800011568,0,2,0,0,2,1,2,B01
200800011569,0,2,0,0,0,0,1,A01
200800011570,0,7,0,0,2,1,2,A01
200800011570,0,7,0,0,0,4,2,B01
200800011571,0,7,0,0,2,3,1,A01
200800011571,0,7,0,0,2,1,1,B01
200800011571,0,17,0,0,0,0,23,C01
200800011572,0,2,0,0,2,1,17,A01
200800011572,0,2,0,0,2,1,17,B01
200800011572,0,7,0,0,2,3,15,C01
200800011573,0,7,0,0,2,2,1,A01
200800011573,0,7,0,0,2,1,1,B01
200800011574,0,7,0,0,1,2,1,A01
200800011575,0,7,0,0,1,1,1,A01
200800011576,0,2,0,8,0,1,0,A01
200800011577,0,7,0,0,2,8,13,A01
200800011577,0,17,0,0,2,8,1,B01
200800011577,0,7,0,0,9,1,1,C01
200800011578,0,30,0,0,2,8,2,B01
200800011578,0,7,0,0,2,8,2,C01
200800011578,1,7,0,0,2,1,0,A01
200800011579,0,7,0,0,2,6,2,B01
200800011579,0,7,0,0,2,2,1,A01
200800011580,0,7,0,0,0,2,10,A01
200800011580,0,31,0,0,2,1,1,B01
200800011581,0,7,0,8,0,2,1,A01
200800011582,0,7,0,1,0,2,1,A01
200800011582,0,7,0,1,2,6,24,B01
200800011583,0,7,0,0,2,8,13,A01
200800011583,0,15,0,0,2,8,21,B01
200800011583,0,7,0,0,2,1,1,C01
200800011584,1,7,0,0,2,6,11,A01
200800011584,0,7,0,0,2,2,1,B01
200800011585,0,7,0,0,2,1,1,A01
200800011585,0,7,0,0,0,4,1,B01
200800011586,0,2,0,15,0,1,2,A01
200800011587,0,7,0,0,2,3,15,A01
200800011587,0,31,0,0,2,1,17,B01
200800011588,0,7,0,0,2,1,15,A01
200800011588,0,31,0,0,2,1,1,B01
200800011589,0,10,0,0,1,4,4,A01
200800011590,2,7,0,0,2,3,16,A01
200800011590,0,30,0,0,2,1,1,B01
200800011590,0,7,0,0,2,8,23,C01
200800011591,0,7,0,0,2,1,1,A01
200800011591,0,7,0,0,2,4,23,B01
200800011592,0,7,0,2,0,1,13,A01
200800011593,0,13,0,0,2,7,0,A01
200800011593,0,1,0,0,2,1,2,B01
200800011594,0,2,0,0,2,1,1,A01
200800011594,0,7,0,0,9,5,2,B01
200800011595,0,13,0,2,0,1,1,A01
200800011596,0,7,0,0,1,1,1,A01
200800011597,0,7,0,0,9,0,15,A01
200800011597,0,30,0,0,2,7,17,B01
200800011597,0,99,0,0,2,1,1,C01
200800011598,0,2,0,0,1,1,17,A01
200800011599,0,32,0,3,0,7,1,A01
200800011600,0,7,0,0,2,1,15,A01
200800011600,0,7,0,0,2,3,0,C01
200800011600,0,34,0,0,2,1,1,B01
200800011601,0,7,0,0,0,4,1,A01
200800011601,0,33,0,0,2,1,2,B01
200800011602,0,7,0,0,1,3,4,A01
200800011603,0,7,0,0,2,3,15,A01
200800011603,0,2,0,0,2,1,17,B01
200800011604,0,7,0,0,1,2,1,A01
200800011605,0,7,0,0,1,1,1,A01
200800011606,0,7,0,4,0,3,2,A01
200800011607,0,33,0,0,2,6,0,B01
200800011607,0,7,0,0,2,3,0,A01
200800011608,0,7,0,0,2,1,1,B01
200800011608,1,7,0,0,2,1,5,A01
200800011609,0,7,0,0,0,1,1,B01
200800011609,0,7,0,0,0,1,1,A01
200800011610,0,7,0,0,2,1,15,A01
200800011610,0,7,0,0,2,1,1,B01
200800011611,0,7,0,0,2,3,1,B01
200800011611,0,3,0,0,2,2,9,A01
200800011612,0,7,0,0,1,2,1,A01
200800011613,0,15,0,0,2,0,15,A01
200800011613,0,30,0,0,2,9,2,B01
200800011614,0,14,0,0,1,1,0,A01
200800011615,0,33,0,1,0,2,5,A01
200800011616,0,7,0,0,1,0,4,A01
200800011617,0,7,0,0,0,0,2,A01
200800011618,0,7,0,0,0,8,15,A01
200800011618,0,32,0,0,2,1,1,B01
200800011619,0,30,0,0,1,1,0,A01
200800011620,0,7,0,2,0,1,13,A01
200800011621,0,7,0,0,2,3,15,B01
200800011621,0,30,0,0,2,1,1,A01
200800011622,0,33,0,0,2,1,21,B01
200800011622,0,7,0,0,2,0,9,A01
200800011623,0,1,0,0,2,8,19,A01
200800011623,0,30,0,0,2,1,1,B01
200800011624,0,7,0,0,1,3,2,A01
200800011624,0,7,0,0,1,1,2,B01
200800011625,1,7,0,0,1,2,2,A01
200800011626,0,33,0,8,0,1,21,A01
200800011627,0,7,0,15,2,2,0,A01
200800011627,0,7,0,0,2,9,24,B01
200800011628,0,7,0,0,2,3,15,A01
200800011628,0,32,0,0,2,2,0,B01
200800011629,0,30,0,0,2,1,5,A01
200800011629,0,7,0,0,2,1,1,B01
200800011630,0,7,0,0,2,0,1,A01
200800011630,1,99,0,0,0,0,0,B01
200800011631,0,34,0,0,0,7,1,B01
200800011631,1,7,0,0,0,0,13,A01
200800011632,0,7,0,0,2,5,4,A01
200800011632,0,34,0,0,2,1,1,B01
200800011633,0,7,0,8,0,8,1,A01
200800011634,0,30,0,0,0,0,5,A01
200800011634,0,30,0,0,2,0,21,B01
200800011635,0,7,0,0,2,6,10,A01
200800011635,0,32,0,0,2,1,0,B01
200800011636,0,7,0,0,2,2,9,A01
200800011636,0,32,0,0,2,1,1,B01
200800011637,0,33,0,0,2,0,13,A01
200800011637,0,7,0,0,0,6,1,B01
200800011638,0,33,0,0,2,1,17,A01
200800011638,0,7,0,0,2,8,9,B01
200800011639,0,7,0,15,0,1,21,A01