Num_Acc,senc,catv,occutc,obs,obsm,choc,manv,num_veh
200800011640,0,7,0,0,2,5,1,A01
200800011640,0,15,0,0,2,3,1,B01
200800011640,1,7,0,0,0,0,0,C01
200800011641,0,7,0,0,2,3,17,A01
200800011641,0,7,0,1,2,3,1,B01
200800011642,0,7,0,0,2,3,1,A01
200800011642,0,7,0,0,0,5,0,B01
200800011643,0,7,0,8,0,1,0,A01
200800011644,0,31,0,0,2,7,2,A01
200800011644,0,10,0,0,2,8,2,B01
200800011645,0,7,0,0,2,4,2,A01
200800011645,0,7,0,0,2,1,2,B01
200800011646,0,30,0,0,2,1,2,A01
200800011646,0,7,0,0,2,4,2,B01
200800011647,0,7,0,0,2,1,19,A01
200800011647,0,30,0,0,2,8,1,B01
200800011648,0,32,0,0,2,1,1,A01
200800011648,0,7,0,0,0,6,13,B01
200800011649,0,31,0,0,0,7,2,A01
200800011650,0,7,0,0,2,3,15,A01
200800011650,0,30,0,0,2,7,17,B01
200800011651,0,7,0,0,1,2,1,A01
200800011652,0,7,0,0,5,1,1,A01
200800011653,0,7,0,0,1,1,15,A01
200800011654,0,7,0,0,2,8,14,A01
200800011654,0,13,0,0,2,1,14,B01
200800011655,0,7,0,0,2,8,1,A01
200800011655,0,30,0,0,2,1,1,B01
200800011656,0,40,0,0,1,8,2,A01
200800011657,0,7,0,0,1,4,4,A01
200800011658,0,33,0,0,2,8,1,A01
200800011658,0,7,0,0,0,5,16,B01
200800011659,0,33,0,0,2,1,1,A01
200800011659,1,7,0,0,0,0,0,B01
200800011660,0,30,0,0,2,1,15,A01
200800011660,0,7,0,0,2,3,1,B01
200800011661,0,7,0,0,2,1,17,A01
200800011661,0,7,0,0,0,8,15,B01
200800011662,0,30,0,0,2,6,17,A01
200800011662,0,7,0,0,2,6,23,B01
200800011663,0,7,0,0,2,3,15,A01
200800011663,0,31,0,0,2,3,1,B01
200800011664,0,7,0,0,2,1,2,A01
200800011664,0,7,0,0,2,4,2,B01
200800011664,0,7,0,0,0,4,2,C01
200800011665,0,2,0,0,2,3,1,A01
200800011665,0,99,0,0,2,2,16,B01
200800011666,0,7,0,1,0,1,12,A01
200800011667,0,2,0,0,0,0,0,A01
200800011668,0,7,0,0,2,3,10,A01
200800011668,0,34,0,0,2,0,0,B01
200800011669,0,30,0,0,0,8,1,A01
200800011670,0,7,0,0,1,5,1,A01
200800011671,0,7,0,0,2,1,9,A01
200800011671,0,7,0,0,2,4,2,B01
200800011672,0,33,0,0,2,3,18,A01
200800011672,0,10,0,0,2,2,16,B01
200800011673,0,7,0,0,2,1,9,A01
200800011673,0,32,0,0,2,1,1,B01
200800011674,0,31,0,0,2,1,2,A01
200800011674,1,7,0,0,2,8,15,B01
200800011675,0,7,0,0,2,1,2,A01
200800011675,0,7,0,0,2,4,2,B01
200800011676,0,7,0,0,2,2,0,A01
200800011676,0,32,0,0,2,3,0,B01
200800011677,0,32,0,0,2,1,2,A01
200800011677,0,7,0,0,2,5,12,B01
200800011678,0,30,0,0,2,1,17,A01
200800011678,0,7,0,0,0,8,15,B01
200800011679,0,7,0,1,0,1,1,A01
200800011680,0,7,0,6,0,9,0,A01
200800011681,0,30,0,0,2,8,19,A01
200800011681,0,7,0,0,2,2,0,B01
200800011682,0,7,0,0,2,2,15,A01
200800011682,0,7,0,0,2,1,1,B01
200800011682,0,7,0,0,2,8,24,C01
200800011683,0,7,0,0,2,7,16,A01
200800011683,0,7,0,0,0,0,0,B01
200800011684,0,7,0,0,1,6,4,A01
200800011685,0,33,0,0,2,8,3,A01
200800011685,0,7,0,0,2,7,1,B01
200800011686,0,7,0,0,1,0,0,A01
200800011687,0,7,0,0,1,1,0,A01
200800011688,0,7,0,3,0,1,1,A01
200800011689,0,7,0,0,2,3,11,A01
200800011689,0,34,0,0,2,7,17,B01
200800011690,0,99,0,0,0,0,0,A01
200800011690,0,7,0,0,0,0,0,B01
200800011691,0,7,0,14,0,1,2,A01
200800011691,0,7,0,14,0,0,2,B01
200800011691,0,7,0,0,0,4,0,C01
200800011692,1,7,0,0,1,0,0,A01
200800011693,0,7,0,0,2,3,15,A01
200800011693,0,30,0,0,2,2,17,B01
200800011694,0,7,0,11,0,1,9,A01
200800011694,0,7,0,0,0,0,0,B01
200800011695,0,7,0,0,2,1,13,A01
200800011695,0,7,0,0,2,1,1,B01
200800011696,0,7,0,0,2,3,19,A01
200800011696,0,33,0,0,2,2,1,B01
200800011697,2,7,0,0,2,1,2,A01
200800011697,0,7,0,0,2,4,2,B01
200800011697,0,7,0,0,0,4,2,C01
200800011698,0,7,0,8,0,0,2,A01
200800011699,0,7,0,0,2,4,2,A01
200800011699,0,32,0,0,2,1,2,B01
200800011700,0,34,0,0,2,0,1,A01
200800011700,0,32,0,0,2,2,1,B01
200800011701,0,30,0,0,1,1,1,A01
200800011702,0,7,0,3,0,2,1,A01
200800011703,0,7,0,0,1,1,1,A01
200800011704,0,31,0,0,0,9,15,A01
200800011705,0,37,30,0,2,3,9,B01
200800011705,0,7,0,0,2,2,1,A01
200800011706,0,7,0,0,2,2,13,A01
200800011706,0,33,0,0,2,3,1,B01
200800011707,0,7,0,0,2,2,9,A01
200800011707,0,33,0,0,2,1,1,B01
200800011708,0,30,0,1,2,1,0,A01
200800011708,0,7,0,0,2,1,1,B01
200800011709,0,7,0,0,2,8,15,A01
200800011709,0,7,0,0,2,2,15,B01
200800011710,0,7,0,0,2,2,2,A01
200800011710,0,7,0,0,2,3,2,B01
200800011711,0,7,0,0,0,3,1,B01
200800011711,0,31,0,0,2,7,1,A01
200800011712,0,7,0,0,2,3,16,A01
200800011712,0,33,0,0,2,1,17,B01
200800011713,1,15,0,0,1,4,2,A01
200800011714,0,7,0,0,2,1,2,A01
200800011714,0,7,0,0,0,4,2,B01
200800011715,2,7,0,0,2,1,15,A01
200800011715,0,7,0,0,2,0,1,B01
200800011716,0,33,0,0,1,1,1,A01
200800011717,0,32,0,0,2,1,17,A01
200800011717,0,7,0,0,2,3,15,B01
200800011718,0,7,0,0,2,3,10,A01
200800011718,0,7,0,0,2,2,1,B01
200800011719,0,7,0,0,0,0,0,B01
200800011719,0,7,0,0,2,3,1,A01
200800011720,0,7,0,8,0,1,0,A01
200800011721,0,7,0,0,2,1,2,A01
200800011721,0,7,0,0,2,4,2,B01
200800011721,0,7,0,0,2,4,0,C01
200800011722,0,32,0,0,2,1,2,B01
200800011722,0,7,0,0,2,3,15,A01
200800011723,0,7,0,0,2,2,15,A01
200800011723,1,34,0,0,0,7,18,B01
200800011724,0,7,0,0,2,1,5,A01
200800011724,0,10,0,0,2,3,11,B01
200800011724,0,10,0,0,2,1,1,C01
200800011725,0,2,0,0,2,1,1,B01
200800011725,0,7,0,0,2,1,15,A01
200800011726,0,16,0,0,2,2,9,A01
200800011726,0,7,0,0,2,0,0,B01
200800011727,0,7,0,0,2,1,2,A01
200800011727,0,7,0,0,2,4,2,B01
200800011728,0,7,0,0,2,1,5,A01
200800011728,0,7,0,0,2,1,1,B01
200800011729,0,7,0,0,2,3,2,A01
200800011729,0,33,0,0,2,7,16,B01
200800011730,0,7,0,0,2,3,1,A01
200800011730,0,7,0,0,2,2,1,B01
200800011731,0,32,0,0,2,2,1,A01
200800011731,0,7,0,0,2,8,20,B01
200800011732,0,7,0,0,2,4,4,A01
200800011732,0,7,0,0,2,2,1,B01
200800011733,0,7,0,0,2,1,2,A01
200800011733,0,7,0,0,0,4,23,B01
200800011734,0,40,0,0,1,1,1,A01
200800011735,0,7,0,0,1,7,0,A01
200800011736,0,7,0,0,1,1,1,A01
200800011737,0,7,0,0,2,2,5,A01
200800011737,0,7,0,0,2,1,1,B01
200800011738,0,33,0,0,2,2,2,A01
200800011738,0,7,0,0,2,0,0,B01
200800011739,0,33,0,1,2,7,13,A01
200800011739,0,7,0,0,0,8,10,B01
200800011740,0,7,0,0,1,2,0,A01
200800011741,0,7,0,0,2,8,15,A01
200800011741,0,30,0,0,2,2,17,B01
200800011742,0,32,0,0,2,1,12,A01
200800011742,0,7,0,0,0,6,0,B01
200800011743,0,7,0,0,2,5,15,A01
200800011743,0,32,0,0,2,1,1,B01
200800011744,0,7,0,8,0,1,0,A01
200800011745,0,14,0,2,0,2,1,A01
200800011746,0,7,0,0,0,2,20,A01
200800011746,0,30,0,0,0,6,24,B01
200800011747,0,7,0,0,2,2,1,A01
200800011747,0,7,0,0,2,3,1,B01
200800011748,1,7,0,0,0,6,0,A01
200800011748,0,32,0,0,2,2,1,B01
200800011749,0,33,0,0,2,1,2,A01
200800011749,0,7,0,0,2,4,2,B01
200800011750,0,10,0,0,2,2,2,A01
200800011750,0,7,0,0,2,4,2,B01
200800011751,0,33,0,0,0,0,1,A01
200800011752,0,7,0,0,1,0,2,A01
200800011753,0,7,0,0,0,5,16,A01
200800011753,0,32,0,0,2,3,1,B01
200800011754,0,2,0,0,0,8,13,A01
200800011754,0,7,0,0,0,7,1,B01
200800011755,0,7,0,0,2,1,9,A01
200800011755,0,34,0,0,2,7,0,B01
200800011756,0,7,0,0,0,4,23,B01
200800011756,1,7,0,0,2,0,1,A01
200800011757,0,7,0,0,2,2,9,A01
200800011757,0,32,0,0,2,3,1,B01
200800011758,0,10,0,1,0,1,24,B01
200800011758,0,10,0,1,0,4,24,C01
200800011758,0,15,0,1,0,2,2,A01
200800011759,0,7,0,0,2,2,15,A01
200800011759,0,33,0,0,2,1,17,B01
200800011760,0,7,0,0,2,1,2,A01
200800011760,0,7,0,0,2,4,2,B01
200800011761,0,7,0,0,2,3,0,B01
200800011761,0,33,0,0,2,1,15,A01
200800011762,0,7,0,0,2,7,16,A01
200800011762,0,30,0,0,2,1,16,B01
200800011763,0,7,0,0,2,8,19,A01
200800011763,0,1,0,0,2,8,0,B01
200800011764,0,7,0,0,2,3,3,A01
200800011764,0,32,0,0,2,5,3,B01
200800011765,0,7,0,15,2,3,16,A01
200800011765,0,7,0,0,2,0,15,B01
200800011766,0,7,0,0,2,3,15,A01
200800011766,0,33,0,0,2,9,17,B01
200800011767,0,2,0,0,0,0,9,A01
200800011767,0,7,0,0,2,0,1,B01
200800011768,0,32,0,0,1,1,1,A01
200800011769,0,2,0,0,2,1,15,A01
200800011769,0,7,0,0,2,1,1,B01
200800011770,0,7,0,0,0,3,13,A01
200800011770,0,30,0,0,2,1,17,B01
200800011771,0,10,0,0,2,1,2,A01
200800011771,0,7,0,0,2,9,2,B01
200800011771,0,7,0,0,0,4,2,C01
200800011772,0,7,0,0,1,2,1,A01
200800011773,0,7,0,0,2,2,16,A01
200800011773,0,30,0,0,2,1,18,B01
200800011774,0,17,0,14,0,3,16,A01
200800011775,0,7,0,0,2,1,1,A01
200800011775,0,7,0,0,0,4,2,B01
200800011776,0,7,0,0,2,3,15,A01
200800011776,0,33,0,0,2,1,1,B01
200800011777,0,7,0,13,0,2,1,A01
200800011778,0,31,0,0,2,3,7,A01
200800011778,0,7,0,0,2,7,16,B01
200800011779,0,7,0,0,2,7,15,A01
200800011779,0,33,0,0,2,1,0,B01
200800011780,0,7,0,0,1,2,1,A01
200800011781,0,7,0,0,2,1,17,A01
200800011781,0,7,0,0,2,4,1,B01
200800011782,0,10,0,0,0,0,2,A01
200800011782,0,10,0,0,0,0,23,B01
200800011783,0,31,0,0,2,2,1,B01
200800011783,0,10,0,0,2,7,15,A01
200800011784,0,7,0,0,2,2,15,A01
200800011784,0,30,0,0,2,1,1,B01
200800011785,0,33,0,0,1,2,1,A01
200800011786,0,33,0,0,2,1,1,B01
200800011786,0,7,0,0,2,3,15,A01
200800011787,0,7,0,8,0,1,1,A01
200800011788,0,7,0,0,2,8,0,A01
200800011788,0,7,0,0,2,7,0,B01
200800011789,0,7,0,0,2,1,1,A01
200800011789,0,7,0,0,2,4,2,B01
200800011790,0,7,0,0,1,2,15,A01
200800011791,0,30,0,0,2,1,2,A01
200800011791,0,7,0,0,0,2,16,B01
200800011792,0,2,0,0,2,8,1,A01
200800011792,0,7,0,2,2,6,16,B01
200800011793,0,7,0,0,2,3,22,A01
200800011793,0,34,0,0,2,1,2,B01
200800011793,0,7,0,0,2,4,23,C01
200800011794,0,36,0,0,2,3,1,A01
200800011794,0,7,0,0,2,6,17,B01
200800011794,0,7,0,0,2,3,0,C01
200800011795,0,7,0,0,2,1,1,A01
200800011795,0,7,0,0,2,1,1,B01
200800011796,0,7,0,0,2,7,12,A01
200800011796,0,33,0,0,2,3,1,B01
200800011797,0,7,0,0,2,1,2,A01
200800011797,0,7,0,0,2,1,2,B01
200800011797,0,7,0,0,2,4,2,C01
200800011798,0,7,0,0,2,5,9,A01
200800011798,0,32,0,0,2,2,9,B01
200800011799,0,7,0,0,2,3,1,B01
200800011799,0,99,0,0,2,1,1,A01
200800011800,2,7,0,15,0,1,1,A01
200800011800,0,7,0,9,0,1,2,B01
200800011801,0,7,0,0,2,4,23,B01
200800011801,0,7,0,1,2,1,2,A01
200800011802,0,7,0,0,2,1,5,A01
200800011802,0,2,0,0,2,1,1,B01
200800011803,0,7,0,0,2,3,15,B01
200800011803,0,33,0,0,2,1,17,A01
200800011804,0,30,0,0,0,0,0,A01
200800011805,0,7,0,1,0,1,2,A01
200800011805,0,7,0,0,0,4,24,B01
200800011805,0,7,0,0,0,4,24,C01
200800011806,0,7,0,0,2,3,6,A01
200800011806,0,33,0,0,2,1,1,B01
200800011807,0,10,0,0,2,0,0,A01
200800011807,0,31,0,0,9,1,1,B01
200800011808,0,7,0,0,2,7,10,A01
200800011808,0,30,0,1,2,1,1,B01
200800011809,0,7,0,0,2,1,9,A01
200800011809,0,7,0,0,2,1,1,B01
200800011810,0,7,0,0,1,1,0,A01
200800011811,0,34,0,0,2,5,1,A01
200800011811,0,7,0,0,2,1,1,B01
200800011812,0,2,0,0,2,3,19,A01
200800011812,0,7,0,0,2,1,0,B01
200800011813,0,7,0,0,2,1,1,A01
200800011813,0,7,0,0,2,4,2,B01
200800011813,0,7,0,0,0,4,2,C01
200800011814,0,7,0,0,2,1,15,A01
200800011814,0,30,0,0,0,8,1,B01
200800011815,0,32,0,1,2,1,0,A01
200800011815,0,7,0,0,2,1,0,B01
200800011816,0,14,0,0,0,8,15,A01
200800011816,0,31,0,0,2,7,17,B01
200800011817,0,32,0,0,1,2,1,A01
200800011818,0,7,0,0,2,1,2,A01
200800011818,0,33,0,0,2,1,2,B01
200800011819,0,7,0,0,2,1,2,A01
200800011819,0,7,0,0,2,1,23,B01
200800011819,0,7,0,0,2,1,23,C01
200800011819,0,7,0,0,2,4,23,D01
200800011820,0,7,0,0,2,7,1,A01
200800011820,0,7,0,0,2,3,1,B01
200800011821,0,31,0,0,2,1,17,A01
200800011821,0,7,0,0,2,8,19,B01
200800011822,0,7,0,0,2,1,5,A01
200800011822,0,30,0,0,2,1,15,B01
200800011823,0,7,0,0,1,2,1,A01
200800011824,0,7,0,0,2,1,2,A01
200800011824,0,7,0,0,2,4,2,B01
200800011825,0,10,0,0,1,2,1,A01
200800011826,0,14,0,8,0,1,0,A01
200800011827,0,7,0,0,1,3,1,A01
200800011828,0,7,0,12,2,9,0,A01
200800011828,0,7,0,0,2,8,0,B01
200800011829,0,17,0,0,2,1,2,A01
200800011829,0,7,0,0,0,4,2,B01
200800011830,0,14,0,0,2,2,12,A01
200800011830,0,13,0,0,0,6,23,B01
200800011831,0,7,0,13,0,1,14,A01
200800011832,0,7,0,0,2,2,1,A01
200800011832,0,7,0,2,2,1,1,B01
200800011833,0,7,0,0,2,4,19,A01
200800011833,0,33,0,0,2,1,2,B01
200800011834,0,7,0,13,2,7,15,A01
200800011834,0,7,0,0,2,1,1,B01
200800011835,0,7,0,0,1,7,1,A01
200800011836,0,7,0,2,0,2,1,A01
200800011837,0,7,0,13,0,2,0,A01
200800011838,0,7,0,0,1,2,1,A01
200800011839,1,7,0,1,1,1,0,A01
200800011840,0,1,0,0,2,1,16,A01
200800011840,0,7,0,0,0,8,1,B01
200800011841,1,7,0,0,1,0,0,A01
200800011842,0,32,0,0,2,3,3,A01
200800011842,0,7,0,0,0,5,20,B01
200800011843,0,7,0,0,1,6,4,A01
200800011844,0,2,0,0,2,1,19,A01
200800011844,0,7,0,0,2,8,1,B01
200800011845,0,7,0,0,0,3,15,A01
200800011845,0,2,0,0,2,1,17,B01
200800011846,0,7,0,0,2,2,15,A01
200800011846,0,7,0,0,0,1,1,B01
200800011847,0,7,0,0,1,1,1,A01
200800011848,0,7,0,0,1,2,1,A01
200800011849,0,7,0,8,0,1,6,A01
200800011850,0,7,0,0,2,1,1,A01
200800011850,0,7,0,0,2,2,1,B01
200800011851,0,7,0,0,2,3,15,B01
200800011851,0,7,0,0,2,1,1,A01
200800011852,0,7,0,0,2,3,16,A01
200800011852,0,33,0,0,2,1,1,B01
200800011853,0,2,0,0,2,3,17,A01
200800011853,0,7,0,0,0,3,15,B01
200800011854,0,2,0,8,0,2,1,A01
200800011855,0,3,0,0,2,1,15,A01
200800011855,0,7,0,0,2,1,1,B01
200800011856,0,7,0,0,2,2,9,A01
200800011856,0,33,0,0,2,1,1,B01
200800011857,1,7,0,0,1,4,4,A01
200800011858,0,7,0,0,1,2,1,A01
200800011859,0,2,0,0,1,1,1,A01
200800011860,0,7,0,0,2,3,15,A01
200800011860,0,2,0,0,2,1,17,B01
200800011861,0,7,0,0,1,1,1,A01
200800011862,0,7,0,0,2,8,1,B01
200800011862,0,2,0,0,2,1,1,A01
200800011863,0,33,0,0,2,1,17,A01
200800011863,0,7,0,0,2,8,15,B01
200800011864,0,7,0,0,2,1,1,A01
200800011865,0,10,0,0,2,2,9,A01
200800011865,0,1,0,0,2,5,1,B01
200800011866,0,7,0,0,2,3,15,A01
200800011866,0,2,0,0,2,6,1,B01
200800011867,0,7,0,0,2,1,1,A01
200800011867,0,7,0,0,2,7,15,B01
200800011868,0,7,0,0,1,2,1,A01
200800011869,0,33,0,0,1,1,1,A01
200800011870,0,1,0,0,2,1,1,A01
200800011870,0,7,0,0,2,3,1,B01
200800011871,0,7,0,0,2,1,13,A01
200800011871,0,7,0,0,2,3,1,B01
200800011872,0,7,0,0,2,8,15,A01
200800011872,0,30,0,0,2,1,1,B01
200800011873,0,30,0,0,2,1,15,A01
200800011873,0,7,0,0,2,5,1,B01
200800011874,0,7,0,0,2,3,15,A01
200800011874,0,32,0,0,2,2,1,B01
200800011875,0,7,0,0,2,1,1,A01
200800011875,0,7,0,0,2,4,1,B01
200800011875,0,7,0,0,2,4,1,C01
200800011876,0,30,0,0,2,2,2,A01
200800011876,0,7,0,0,2,6,23,B01
200800011877,0,7,0,0,2,1,1,A01
200800011877,0,7,0,1,2,7,1,B01
200800011878,0,7,0,2,0,1,1,A01
200800011879,0,10,0,0,9,3,0,A01
200800011879,0,30,0,0,2,1,0,B01
200800011880,0,7,0,0,0,9,1,A01
200800011881,0,2,0,0,2,1,1,A01
200800011881,0,7,0,0,9,4,1,B01
200800011882,0,7,0,8,0,7,1,A01
200800011883,0,33,0,0,2,1,1,A01
200800011883,0,7,0,0,2,4,1,B01
200800011884,0,30,0,0,0,7,0,A01
200800011885,0,7,0,0,2,1,1,B01
200800011885,0,7,0,0,2,7,19,A01
200800011886,0,7,0,0,2,8,19,A01
200800011886,0,31,0,0,2,1,1,B01
200800011887,0,7,0,0,2,1,1,B01
200800011887,0,7,0,0,2,8,19,A01
200800011888,0,1,0,1,0,0,1,A01
200800011889,0,7,0,0,2,3,16,A01
200800011889,0,7,0,0,2,2,1,B01
200800011890,0,7,0,0,0,8,16,B01
200800011890,0,7,0,0,2,1,1,A01
200800011891,0,7,0,0,2,2,15,A01
200800011891,0,30,0,0,2,1,1,B01
200800011892,0,7,0,0,2,2,9,A01
200800011892,0,2,0,0,2,1,1,B01
200800011893,0,7,0,13,0,1,1,A01
200800011894,0,7,0,0,2,8,9,A01
200800011894,0,2,0,0,2,1,1,B01
200800011895,0,7,0,0,2,4,2,A01
200800011895,0,31,0,0,0,4,23,B01
200800011896,0,7,0,0,2,3,22,A01
200800011896,0,1,0,1,2,1,1,B01
200800011896,0,7,0,0,2,3,1,C01
200800011897,0,7,0,0,2,3,13,A01
200800011897,0,7,0,0,2,3,1,B01
200800011897,0,7,0,0,2,1,1,C01
200800011897,0,7,0,0,2,1,1,D01
200800011898,0,30,0,0,2,1,17,A01
200800011898,0,7,0,0,2,3,15,B01
200800011899,0,7,0,0,1,2,1,A01
200800011900,0,7,0,14,0,1,2,A01
200800011900,0,7,0,0,2,4,2,B01
200800011901,0,7,0,0,2,7,15,A01
200800011901,0,7,0,0,2,1,2,B01
200800011902,2,7,0,0,1,1,2,A01
200800011903,0,7,0,0,2,1,1,A01
200800011903,0,7,0,0,2,3,15,B01
200800011904,0,7,0,0,2,8,9,A01
200800011904,0,2,0,0,2,1,2,B01
200800011905,0,2,0,0,2,1,13,B01
200800011905,0,7,0,0,2,1,2,A01
200800011906,0,7,0,0,1,3,1,A01
200800011907,0,7,0,0,1,2,1,A01
200800011908,0,7,0,0,2,1,2,A01
200800011908,0,7,0,0,2,3,9,C01
200800011908,0,7,0,0,2,4,1,B01
200800011909,0,7,0,0,2,1,1,A01
200800011909,0,7,0,0,2,8,1,B01
200800011910,0,7,0,0,2,3,9,A01
200800011910,0,7,0,0,2,2,1,B01
200800011911,0,33,0,0,2,1,2,A01
200800011911,0,7,0,0,2,5,2,B01
200800011912,0,7,0,0,2,2,9,A01
200800011912,0,2,0,0,2,1,1,B01
200800011913,0,7,0,0,2,2,9,A01
200800011913,0,7,0,9,2,8,1,B01
200800011914,0,7,0,0,1,7,1,A01
200800011915,0,7,0,0,2,1,1,A01
200800011915,0,7,0,0,2,4,2,B01
200800011916,0,7,0,8,0,1,1,A01
200800011917,0,7,0,0,1,1,1,A01
200800011918,0,7,0,0,0,9,1,A01
200800011919,0,7,0,0,2,3,9,A01
200800011919,0,30,0,0,2,1,1,B01
200800011920,0,7,0,0,2,2,15,A01
200800011920,0,7,0,0,2,1,1,B01
200800011921,0,7,0,0,1,3,15,A01
200800011922,0,2,0,0,5,1,1,A01
200800011923,0,7,0,0,1,1,1,A01
200800011924,0,7,0,0,2,3,19,A01
200800011924,0,7,0,0,2,1,1,B01
200800011925,0,7,0,0,1,2,1,A01
200800011926,0,10,0,0,2,2,1,A01
200800011926,0,1,0,0,2,1,1,B01
200800011927,0,7,0,0,2,3,1,B01
200800011927,0,7,0,0,2,1,1,A01
200800011928,0,7,0,0,2,3,15,A01
200800011928,0,2,0,0,2,1,1,B01
200800011929,0,3,0,0,1,3,1,A01
200800011930,0,7,0,0,2,1,1,B01
200800011930,0,2,0,0,2,8,1,A01
200800011931,0,10,0,0,2,1,1,A01
200800011931,0,7,0,0,2,2,1,B01
200800011932,0,7,0,0,1,2,1,A01
200800011933,0,2,0,0,2,1,17,A01
200800011933,0,7,0,0,2,3,15,B01
200800011934,0,7,0,0,2,1,1,C01
200800011934,0,7,0,0,2,7,15,A01
200800011934,0,7,0,0,2,1,1,B01
200800011935,0,7,0,0,2,3,16,A01
200800011935,0,31,0,0,2,1,1,B01
200800011936,0,7,0,0,2,1,1,A01
200800011936,0,2,0,0,2,4,11,B01
200800011937,0,7,0,0,2,1,2,A01
200800011937,0,7,0,0,2,4,23,B01
200800011938,0,7,0,0,1,1,1,A01
200800011939,0,7,0,0,2,8,24,A01
200800011939,0,37,1,1,0,5,1,B01
200800011940,0,7,0,0,2,1,1,A01
200800011940,0,7,0,0,2,3,1,B01
200800011941,0,2,0,0,2,2,10,A01
200800011941,0,7,0,0,2,3,1,B01
200800011942,0,2,0,0,2,2,1,A01
200800011942,0,7,0,0,2,3,7,B01
200800011943,0,2,0,1,0,2,0,A01
200800011944,0,7,0,0,1,3,1,A01
200800011945,0,2,0,0,2,1,1,A01
200800011945,0,7,0,0,2,8,15,B01
200800011946,0,7,0,0,2,8,10,A01
200800011946,0,2,0,0,2,1,1,B01
200800011947,0,7,0,0,2,1,1,B01
200800011947,0,2,0,0,2,5,1,A01
200800011948,0,7,0,0,2,1,2,A01
200800011948,0,7,0,0,2,4,1,B01
200800011949,0,10,0,0,2,1,1,A01
200800011949,0,7,0,0,2,1,1,B01
200800011949,0,7,0,0,2,2,2,C01
200800011950,0,2,0,0,2,1,2,A01
200800011950,0,7,0,0,2,4,15,B01
200800011951,0,2,0,0,2,1,17,A01
200800011951,0,7,0,0,2,8,15,B01
200800011952,0,7,0,0,2,2,15,A01
200800011952,0,7,0,0,2,2,1,B01
200800011953,0,7,0,0,2,8,1,B01
200800011953,0,2,0,0,2,0,1,A01
200800011953,0,10,0,0,0,0,0,C01
200800011954,0,7,0,0,2,3,1,A01
200800011954,0,33,0,0,2,2,3,B01
200800011955,0,7,0,0,1,1,1,A01
200800011956,0,33,0,0,2,1,2,B01
200800011956,0,7,0,0,2,3,10,A01
200800011957,1,13,0,0,0,1,0,A01
200800011958,0,33,0,0,2,1,1,B01
200800011958,0,7,0,0,2,6,9,A01
200800011959,0,33,0,0,6,1,1,A01
200800011960,0,7,0,0,2,7,1,B01
200800011960,0,7,0,0,2,1,16,A01
200800011961,0,7,0,6,0,8,0,A01
200800011962,0,7,0,0,2,7,16,A01
200800011962,0,30,0,0,2,8,18,B01
200800011963,0,30,0,0,2,3,1,B01
200800011963,0,7,0,0,2,3,15,A01
200800011964,0,7,0,0,1,1,1,A01
200800011965,0,2,0,0,2,1,1,B01
200800011965,0,7,0,0,2,3,23,A01
200800011966,0,7,0,0,2,1,9,A01
200800011966,0,2,0,0,2,7,17,B01
200800011967,0,7,0,0,1,1,1,A01
200800011968,0,2,0,6,0,7,14,A01
200800011969,0,1,0,0,2,8,2,A01
200800011969,0,7,0,0,2,7,2,B01
200800011970,0,7,0,0,2,4,1,A01
200800011970,0,7,0,0,2,4,2,B01
200800011970,0,7,0,0,2,1,2,C01
200800011971,0,17,0,0,2,1,2,B01
200800011971,0,7,0,0,2,8,9,A01
200800011972,0,7,0,0,2,0,15,A01
200800011972,0,7,0,0,2,1,2,B01
200800011973,0,7,0,0,1,3,1,B01
200800011973,0,2,0,0,2,1,15,A01
200800011974,0,7,0,2,0,3,13,A01
200800011975,1,7,0,0,2,7,15,A01
200800011975,0,2,0,0,2,1,1,B01
200800011976,0,30,0,0,2,1,17,A01
200800011976,1,7,0,0,2,1,15,B01
200800011977,0,7,0,0,1,1,1,A01
200800011978,0,7,0,0,2,1,1,A01
200800011978,0,7,0,0,2,4,2,B01
200800011979,0,7,0,0,2,3,1,A01
200800011979,0,2,0,0,2,4,2,B01
200800011980,0,7,0,0,2,8,9,A01
200800011980,0,2,0,0,2,7,1,B01
200800011981,0,7,0,6,0,3,0,A01
200800011982,0,30,0,11,0,1,1,A01
200800011983,0,7,0,6,0,7,1,A01
200800011984,0,7,0,0,2,7,15,A01
200800011984,0,7,0,0,2,2,1,B01
200800011985,0,7,0,0,2,1,14,A01
200800011985,0,14,0,0,2,2,1,B01
200800011986,0,7,0,0,0,1,1,A01
200800011987,0,7,0,2,0,5,1,A01
200800011988,0,7,0,0,1,1,1,A01
200800011989,0,7,0,0,2,1,2,A01
200800011989,0,7,0,0,2,4,2,B01
200800011990,0,7,0,0,1,2,1,A01
200800011991,0,7,0,0,2,1,2,A01
200800011991,0,7,0,0,2,4,2,B01
200800011991,0,7,0,0,0,4,2,C01
200800011992,0,7,0,0,1,4,4,A01
200800011993,0,10,0,0,1,4,4,A01
200800011994,0,30,0,0,2,1,16,A01
200800011994,0,7,0,0,2,3,1,B01
200800011995,0,2,0,0,1,1,17,A01
200800011996,0,30,0,0,2,8,18,A01
200800011996,0,7,0,0,2,7,1,B01
200800011997,0,7,0,6,2,3,1,B01
200800011997,0,7,0,0,2,1,0,A01
200800011998,0,7,0,0,2,2,15,A01
200800011998,0,7,0,0,2,1,1,B01
200800011999,0,7,0,13,9,9,13,A01