Num_Acc,senc,catv,occutc,obs,obsm,choc,manv,num_veh
200800012000,0,7,0,0,0,3,9,A01
200800012000,0,2,0,0,0,1,1,B01
200800012001,0,7,0,0,2,1,1,A01
200800012001,0,7,0,0,0,4,23,B01
200800012002,0,2,0,0,2,3,1,B01
200800012002,0,7,0,0,2,2,19,A01
200800012003,0,7,0,0,2,1,9,A01
200800012003,0,1,0,0,2,1,1,B01
200800012004,0,7,0,0,2,3,20,A01
200800012004,0,30,0,0,2,2,17,B01
200800012005,0,2,0,0,2,7,17,A01
200800012005,0,7,0,0,0,8,1,B01
200800012006,0,7,0,0,2,2,15,A01
200800012006,0,7,0,0,2,1,1,B01
200800012007,0,7,0,0,2,2,1,B01
200800012007,0,2,0,0,2,3,19,A01
200800012008,0,7,0,0,0,0,9,B01
200800012008,0,33,0,0,0,7,1,A01
200800012009,0,30,0,0,2,2,17,A01
200800012009,0,7,0,0,2,8,15,B01
200800012010,0,7,0,7,0,3,1,A01
200800012011,0,33,0,0,2,1,1,B01
200800012011,0,7,0,0,2,1,15,A01
200800012012,0,7,0,0,2,3,15,B01
200800012012,0,7,0,0,2,3,1,A01
200800012013,0,2,0,0,2,8,1,A01
200800012013,1,7,0,0,2,0,16,B01
200800012014,0,2,0,0,2,1,1,B01
200800012014,0,7,0,0,2,1,15,A01
200800012015,0,7,0,0,2,7,15,A01
200800012015,0,33,0,0,2,1,1,B01
200800012016,0,7,0,0,2,3,15,A01
200800012016,0,30,0,0,2,2,1,B01
200800012017,0,10,0,0,2,3,15,A01
200800012017,0,33,0,0,2,9,17,B01
200800012018,0,7,0,0,2,1,13,A01
200800012018,0,7,0,0,2,1,1,B01
200800012019,0,1,0,0,2,7,1,B01
200800012019,0,10,0,0,2,3,13,A01
200800012020,0,7,0,0,1,2,1,A01
200800012021,0,7,0,8,0,1,1,A01
200800012022,0,7,0,0,2,7,16,A01
200800012022,0,31,0,0,2,1,1,B01
200800012023,0,7,0,0,2,8,15,A01
200800012023,0,2,0,0,2,1,1,B01
200800012024,0,3,0,0,1,7,1,A01
200800012025,0,7,0,0,2,8,24,B01
200800012025,0,7,0,1,0,1,20,A01
200800012026,0,7,0,0,2,1,1,B01
200800012026,0,7,0,0,2,3,15,A01
200800012027,0,2,0,0,0,0,1,A01
200800012028,0,7,0,0,2,8,15,A01
200800012028,0,33,0,0,2,1,1,B01
200800012029,1,7,0,0,2,3,16,A01
200800012029,0,7,0,0,2,8,23,B01
200800012030,0,7,0,0,2,1,1,A01
200800012030,0,7,0,0,2,4,23,B01
200800012031,0,7,0,0,2,1,11,A01
200800012031,0,2,0,0,2,1,1,B01
200800012032,0,7,0,0,1,1,16,A01
200800012033,0,37,0,0,2,1,1,B01
200800012033,0,7,0,0,2,2,15,A01
200800012034,0,99,0,0,1,2,2,A01
200800012035,0,7,0,0,2,3,9,A01
200800012035,0,33,0,0,2,8,1,B01
200800012036,0,7,0,0,9,8,15,A01
200800012036,0,1,0,0,2,1,15,B01
200800012037,0,7,0,0,2,1,1,A01
200800012037,0,7,0,0,2,4,1,B01
200800012038,0,2,0,0,1,7,1,A01
200800012039,0,30,0,0,2,1,1,A01
200800012039,0,7,0,0,2,4,1,B01
200800012040,0,7,0,0,2,8,9,A01
200800012040,0,7,0,0,2,1,1,B01
200800012041,0,7,0,0,2,1,1,A01
200800012041,0,7,0,0,2,4,1,B01
200800012042,1,7,0,0,2,2,17,A01
200800012042,0,1,0,0,2,1,1,B01
200800012043,0,7,0,8,0,1,2,A01
200800012044,0,7,0,0,2,7,20,A01
200800012044,0,2,0,0,2,8,20,B01
200800012045,0,2,0,0,2,7,2,B01
200800012045,1,7,0,0,2,8,13,A01
200800012046,0,7,0,0,2,3,1,B01
200800012046,0,7,0,0,2,1,9,A01
200800012047,0,7,0,0,1,2,2,A01
200800012048,0,7,0,0,1,1,1,A01
200800012049,0,7,0,0,1,1,1,A01
200800012050,0,7,0,0,2,0,4,A01
200800012050,0,7,0,0,2,3,21,B01
200800012051,0,7,0,0,0,9,1,A01
200800012052,0,38,0,0,2,2,1,A01
200800012052,0,7,0,0,2,3,1,B01
200800012053,0,7,0,0,2,1,1,A01
200800012053,0,7,0,0,2,4,23,B01
200800012053,0,7,0,0,2,4,23,C01
200800012054,0,7,0,0,2,1,1,B01
200800012054,0,7,0,0,2,1,1,A01
200800012055,0,37,0,0,2,3,15,B01
200800012055,0,2,0,0,2,1,1,A01
200800012056,0,7,0,0,2,1,1,A01
200800012056,0,7,0,0,0,4,1,B01
200800012057,0,7,0,0,0,8,10,A01
200800012057,0,2,0,0,2,1,2,B01
200800012058,0,10,0,0,2,1,1,A01
200800012058,0,7,0,0,2,4,1,B01
200800012059,0,37,0,0,1,7,16,A01
200800012060,0,31,0,0,2,8,1,B01
200800012060,0,7,0,0,2,3,1,A01
200800012061,0,7,0,0,2,1,13,A01
200800012061,0,7,0,4,2,2,1,B01
200800012061,0,7,0,0,2,2,1,C01
200800012062,1,30,0,0,1,0,0,A01
200800012063,0,30,0,0,2,6,1,A01
200800012063,0,15,0,0,2,2,15,B01
200800012064,0,1,0,0,1,1,1,A01
200800012065,0,7,0,0,2,1,1,B01
200800012065,0,7,0,0,2,3,23,C01
200800012065,0,7,0,0,2,1,1,A01
200800012066,0,7,0,0,2,2,12,A01
200800012066,0,30,0,0,2,3,1,B01
200800012067,0,7,0,0,2,1,1,A01
200800012067,0,7,0,0,0,4,2,B01
200800012068,0,7,0,0,2,3,15,A01
200800012068,0,2,0,0,2,1,1,B01
200800012069,0,7,0,0,1,2,1,A01
200800012070,0,7,0,0,2,2,1,A01
200800012070,0,30,0,0,2,1,1,B01
200800012071,0,7,0,8,0,1,1,A01
200800012072,0,30,0,0,2,0,17,A01
200800012072,0,7,0,0,2,0,15,B01
200800012073,0,7,0,0,1,3,15,A01
200800012074,0,10,0,0,1,2,1,A01
200800012075,0,7,0,0,2,3,1,A01
200800012075,0,7,0,0,2,4,15,B01
200800012075,0,7,0,0,2,8,1,C01
200800012076,0,7,0,0,1,4,20,A01
200800012077,0,7,0,1,2,8,15,B01
200800012077,0,7,0,0,2,1,1,A01
200800012078,0,7,0,0,1,1,1,A01
200800012079,0,7,0,1,2,1,9,A01
200800012079,0,7,0,1,2,2,1,B01
200800012079,0,7,0,1,0,4,24,C01
200800012080,0,7,0,0,2,1,1,B01
200800012080,0,7,0,0,2,1,13,A01
200800012081,0,7,0,0,2,1,15,A01
200800012081,0,33,0,0,2,1,1,B01
200800012082,0,1,0,0,2,2,1,A01
200800012082,0,7,0,0,2,3,1,B01
200800012083,0,7,0,0,2,7,15,A01
200800012083,0,30,0,0,2,1,21,B01
200800012084,0,7,0,0,2,8,0,A01
200800012084,0,7,0,0,0,8,0,B01
200800012085,0,7,0,13,0,8,1,A01
200800012086,0,7,0,13,0,9,1,A01
200800012087,0,7,0,10,0,1,0,A01
200800012088,0,7,0,0,2,1,13,A01
200800012088,0,7,0,0,2,1,1,B01
200800012088,0,7,0,0,2,1,1,C01
200800012089,0,7,0,15,1,2,0,A01
200800012089,0,1,0,0,2,0,1,B01
200800012090,0,7,0,0,1,1,1,A01
200800012091,0,7,0,0,1,3,1,A01
200800012092,0,7,0,0,1,2,1,A01
200800012093,0,7,0,0,1,3,1,A01
200800012094,0,7,0,0,2,3,15,B01
200800012094,0,31,0,0,2,1,17,A01
200800012095,0,7,0,13,0,1,13,A01
200800012096,0,7,0,0,2,2,15,A01
200800012096,0,2,0,0,2,1,1,B01
200800012097,0,30,0,0,2,1,1,B01
200800012097,0,7,0,0,2,1,1,A01
200800012098,0,7,0,0,1,1,1,A01
200800012099,0,7,0,0,0,0,12,A01
200800012100,1,99,0,0,1,0,0,A01
200800012101,0,33,0,0,2,3,1,A01
200800012101,0,7,0,0,2,2,0,B01
200800012102,0,7,0,4,0,1,21,A01
200800012103,0,7,0,0,1,1,0,A01
200800012104,0,7,0,0,0,1,1,A01
200800012105,0,7,0,1,0,1,0,A01
200800012105,0,15,0,0,2,0,24,B01
200800012106,0,7,0,14,0,1,2,A01
200800012106,0,7,0,0,0,4,2,B01
200800012107,0,7,0,0,2,4,15,A01
200800012107,0,10,0,0,2,1,1,B01
200800012108,0,7,0,0,0,0,1,A01
200800012108,0,7,0,0,0,1,2,B01
200800012109,0,2,0,0,2,1,2,B01
200800012109,1,7,0,0,2,4,2,A01
200800012110,0,7,0,0,1,0,0,A01
200800012111,0,7,0,0,2,8,23,B01
200800012111,0,2,0,0,2,1,1,A01
200800012112,0,2,0,0,1,0,21,A01
200800012113,0,7,0,0,2,7,0,B01
200800012113,0,7,0,0,2,1,0,A01
200800012114,0,15,0,0,0,0,0,A01
200800012115,0,7,0,0,2,1,1,B01
200800012115,0,7,0,0,2,7,1,A01
200800012116,0,7,0,0,2,3,1,B01
200800012116,0,7,0,0,2,7,1,A01
200800012117,0,7,0,13,0,9,2,A01
200800012117,0,7,0,0,2,1,2,B01
200800012118,0,30,0,0,0,0,16,A01
200800012119,0,7,0,0,2,2,2,A01
200800012119,0,7,0,0,2,3,2,B01
200800012119,0,7,0,0,0,4,2,C01
200800012120,0,7,0,0,2,6,15,A01
200800012120,0,7,0,0,2,1,1,B01
200800012121,0,33,0,0,2,1,2,A01
200800012121,0,7,0,0,2,4,2,B01
200800012122,0,30,0,0,0,1,0,A01
200800012123,0,31,0,14,0,8,17,A01
200800012123,0,7,0,0,0,3,23,B01
200800012124,0,7,0,0,2,1,2,A01
200800012124,0,7,0,0,0,4,2,B01
200800012125,0,32,0,0,0,0,1,A01
200800012126,0,31,0,14,9,7,2,A01
200800012126,1,7,0,0,0,1,2,B01
200800012127,0,2,0,0,2,1,2,A01
200800012127,0,7,0,0,2,4,4,B01
200800012128,0,7,0,6,0,1,2,A01
200800012129,0,99,0,0,2,3,11,A01
200800012129,0,7,0,0,2,3,1,B01
200800012130,1,7,0,0,2,1,19,A01
200800012130,0,7,0,0,2,7,1,B01
200800012131,0,7,0,0,2,1,2,A01
200800012131,0,7,0,0,2,1,2,B01
200800012131,0,7,0,0,2,4,2,C01
200800012132,0,7,0,0,0,9,12,A01
200800012133,0,7,0,0,0,3,15,A01
200800012133,0,31,0,0,2,1,17,B01
200800012134,0,7,0,0,2,1,15,B01
200800012134,0,30,0,0,2,7,1,A01
200800012135,0,99,0,0,2,1,1,A01
200800012135,0,7,0,0,2,6,15,B01
200800012136,0,7,0,0,2,2,19,A01
200800012136,0,33,0,0,2,9,1,B01
200800012137,0,7,0,0,2,2,1,A01
200800012137,0,7,0,0,2,1,15,B01
200800012138,0,7,0,6,0,2,1,A01
200800012139,0,7,0,0,2,3,1,A01
200800012139,0,7,0,0,2,3,1,B01
200800012140,0,7,0,0,2,1,13,A01
200800012140,0,7,0,0,2,1,1,B01
200800012140,0,14,0,0,2,3,1,C01
200800012141,0,7,0,0,2,8,1,B01
200800012141,0,7,0,0,2,1,1,A01
200800012142,0,7,0,0,2,4,2,A01
200800012142,0,7,0,0,2,4,2,B01
200800012143,0,7,0,0,2,2,9,A01
200800012143,0,2,0,9,2,6,2,B01
200800012144,0,7,0,0,2,2,15,A01
200800012144,0,2,0,0,2,1,1,B01
200800012145,0,32,0,0,2,2,17,A01
200800012145,0,33,0,0,2,8,15,B01
200800012146,0,33,0,12,0,1,1,A01
200800012147,0,7,0,15,2,1,1,A01
200800012147,0,7,0,0,2,3,1,B01
200800012148,0,7,0,10,0,9,16,A01
200800012149,0,7,0,0,1,2,1,A01
200800012150,0,7,0,8,0,1,1,A01
200800012151,0,7,0,10,2,3,13,A01
200800012151,0,7,0,0,2,4,1,B01
200800012152,0,7,0,0,2,1,2,A01
200800012152,0,7,0,0,2,4,2,B01
200800012152,0,7,0,0,2,4,2,C01
200800012152,0,7,0,0,0,4,23,D01
200800012153,0,7,0,0,1,0,4,A01
200800012154,0,7,0,0,2,3,9,A01
200800012154,0,33,0,0,2,1,17,B01
200800012155,0,7,0,4,2,5,17,A01
200800012155,0,15,0,0,2,8,1,B01
200800012156,0,7,0,4,0,9,14,A01
200800012157,0,37,2,0,1,2,1,A01
200800012158,0,7,0,0,2,1,1,A01
200800012158,0,7,0,0,2,4,1,B01
200800012159,0,7,0,0,2,3,15,A01
200800012159,0,2,0,0,2,7,1,B01
200800012160,0,2,0,0,2,6,1,A01
200800012160,0,7,0,0,2,3,15,B01
200800012161,0,2,0,0,2,7,1,A01
200800012161,0,7,0,0,2,1,1,B01
200800012162,0,7,0,0,1,1,15,A01
200800012163,0,31,0,0,2,1,2,A01
200800012163,0,37,1,0,2,4,1,B01
200800012164,0,7,0,0,2,2,15,A01
200800012164,0,31,0,0,2,2,1,B01
200800012165,0,7,0,0,2,5,12,A01
200800012165,0,37,100,0,2,3,1,B01
200800012166,0,7,0,0,2,2,2,A01
200800012166,0,7,0,0,2,4,1,B01
200800012167,0,7,0,0,2,1,2,A01
200800012167,0,7,0,0,2,1,2,B01
200800012167,0,7,0,0,2,4,1,C01
200800012168,0,7,0,0,2,1,12,A01
200800012168,0,7,0,0,2,4,1,B01
200800012169,0,7,0,0,2,1,1,A01
200800012169,0,7,0,0,2,4,1,B01
200800012170,0,1,0,0,1,1,1,A01
200800012171,0,7,0,0,2,2,1,A01
200800012171,0,7,0,0,2,8,9,B01
200800012172,0,7,0,0,2,7,12,A01
200800012172,0,33,0,0,2,8,1,B01
200800012173,0,30,0,0,2,8,7,A01
200800012173,0,7,0,0,2,2,16,B01
200800012174,0,7,0,0,2,3,10,A01
200800012174,0,7,0,0,2,1,13,B01
200800012174,0,7,0,0,2,3,23,C01
200800012174,0,7,0,0,2,1,1,D01
200800012175,0,7,0,0,2,3,13,A01
200800012175,0,7,0,0,2,1,1,B01
200800012176,0,30,0,0,2,1,11,A01
200800012176,0,7,0,0,2,2,1,B01
200800012177,1,7,0,0,2,1,9,A01
200800012177,0,7,0,0,2,7,1,B01
200800012178,0,30,0,10,0,3,1,A01
200800012179,0,7,0,3,0,7,1,A01
200800012180,0,10,0,0,2,1,1,A01
200800012180,0,10,0,0,2,6,15,B01
200800012181,0,7,0,11,0,1,13,A01
200800012182,0,7,0,0,2,1,2,A01
200800012182,0,7,0,0,2,4,1,B01
200800012182,0,7,0,0,2,8,1,C01
200800012183,0,7,0,0,2,7,16,A01
200800012183,0,31,0,0,2,1,1,B01
200800012184,0,7,0,0,2,2,16,A01
200800012184,0,31,0,0,2,3,7,B01
200800012185,0,7,0,0,2,7,9,A01
200800012185,0,7,0,0,2,1,1,B01
200800012186,0,7,0,6,0,1,1,A01
200800012187,0,7,0,0,1,0,1,A01
200800012188,0,7,0,0,1,1,1,A01
200800012188,0,37,59,0,1,4,23,B01
200800012189,0,2,0,0,2,3,1,A01
200800012189,0,7,0,0,2,7,16,B01
200800012190,0,7,0,0,2,5,4,A01
200800012190,0,2,0,0,2,3,1,B01
200800012191,0,7,0,0,2,3,15,A01
200800012191,0,31,0,0,2,7,17,B01
200800012192,0,31,0,0,2,6,16,A01
200800012192,0,7,0,0,2,6,1,B01
200800012193,0,33,0,0,2,1,1,A01
200800012193,0,7,0,0,2,3,15,B01
200800012194,0,7,0,0,2,1,1,A01
200800012194,0,7,0,0,2,1,1,B01
200800012194,0,7,0,0,2,4,1,C01
200800012195,0,7,0,0,2,0,7,A01
200800012195,0,30,0,0,2,0,1,B01
200800012196,0,7,0,0,2,1,15,A01
200800012196,0,30,0,0,2,1,1,B01
200800012197,0,7,0,0,2,3,15,A01
200800012197,0,33,0,0,2,5,1,B01
200800012198,0,2,0,0,0,1,1,A01
200800012198,0,7,0,0,2,1,15,B01
200800012199,0,7,0,0,2,3,15,A01
200800012199,0,30,0,0,2,9,17,B01
200800012200,0,7,0,8,0,7,0,A01
200800012201,0,7,0,0,2,1,1,A01
200800012201,0,1,0,0,2,8,0,B01
200800012202,0,7,0,3,0,9,13,A01
200800012203,0,7,0,5,0,2,14,A01
200800012204,0,7,0,0,2,2,15,A01
200800012204,0,33,0,0,2,7,17,B01
200800012205,0,37,1,0,2,0,17,A01
200800012205,0,1,0,0,2,6,1,B01
200800012206,0,7,0,0,2,3,15,A01
200800012206,0,7,0,0,2,3,1,B01
200800012207,0,7,0,0,2,2,15,A01
200800012207,0,33,0,0,2,1,8,B01
200800012208,0,7,0,0,2,1,14,A01
200800012208,0,1,0,0,2,7,1,B01
200800012209,0,7,0,0,2,3,16,A01
200800012210,0,7,0,0,2,2,1,A01
200800012210,0,7,0,0,2,0,15,B01
200800012211,0,7,0,0,1,3,1,A01
200800012212,0,7,0,0,2,1,0,A01
200800012212,0,7,0,0,2,1,0,B01
200800012213,0,7,0,0,2,6,1,B01
200800012213,0,31,0,0,2,1,1,A01
200800012214,0,2,0,0,2,1,1,A01
200800012214,0,7,0,0,2,4,1,B01
200800012215,0,7,0,0,2,3,9,A01
200800012215,0,33,0,0,2,1,1,B01
200800012216,0,7,0,0,0,0,1,A01
200800012217,0,7,0,0,2,2,15,A01
200800012217,0,32,0,0,2,1,18,B01
200800012218,0,7,0,0,2,1,1,A01
200800012218,0,1,0,0,2,1,0,B01
200800012219,0,7,0,0,2,2,15,A01
200800012219,0,33,0,0,2,1,18,B01
200800012220,0,7,0,0,2,1,1,A01
200800012220,0,7,0,0,2,4,23,B01
200800012221,0,7,0,1,2,4,1,A01
200800012222,0,7,0,8,2,9,13,A01
200800012223,0,10,0,0,1,1,15,A01
200800012224,0,30,0,0,2,7,1,A01
200800012224,0,7,0,0,2,3,15,B01
200800012225,0,7,0,0,2,1,1,A01
200800012225,0,7,0,0,2,4,1,B01
200800012226,0,7,0,0,2,1,6,A01
200800012226,0,1,0,0,2,4,1,B01
200800012227,0,7,0,0,2,3,2,A01
200800012227,0,7,0,0,2,4,2,B01
200800012228,0,7,0,0,0,1,1,A01
200800012228,0,7,0,0,2,4,0,B01
200800012229,0,7,0,11,0,3,1,A01
200800012230,0,7,0,0,2,1,15,A01
200800012230,0,2,0,0,2,3,1,B01
200800012231,0,33,0,0,2,1,1,B01
200800012231,0,7,0,0,2,3,15,A01
200800012232,0,7,0,0,2,1,13,A01
200800012232,0,7,0,0,2,1,1,B01
200800012233,0,7,0,0,1,5,1,A01
200800012234,0,7,0,0,2,2,15,A01
200800012234,0,31,0,0,2,1,1,B01
200800012235,0,2,0,0,2,1,19,A01
200800012235,0,7,0,0,2,1,1,B01
200800012236,0,7,0,0,0,2,2,B01
200800012236,0,30,0,0,2,3,2,A01
200800012237,0,30,0,0,0,0,1,A01
200800012238,0,7,0,0,2,3,1,A01
200800012238,0,7,0,0,0,1,1,B01
200800012239,0,30,0,0,2,1,1,A01
200800012239,0,7,0,0,2,4,23,B01
200800012240,0,7,0,6,0,3,6,A01
200800012241,0,7,0,0,2,7,14,A01
200800012241,0,1,0,0,2,0,1,B01
200800012242,0,7,0,0,0,3,19,B01
200800012242,0,30,0,0,2,1,19,A01
200800012243,0,7,0,0,0,3,15,A01
200800012243,0,33,0,0,2,3,1,B01
200800012244,0,7,0,0,2,1,1,B01
200800012244,0,7,0,0,2,2,15,A01
200800012245,0,10,0,0,0,2,16,A01
200800012245,0,30,0,0,2,3,1,B01
200800012246,0,15,0,0,2,7,16,A01
200800012246,0,7,0,0,0,3,1,B01
200800012247,0,7,0,12,2,8,15,A01
200800012247,0,7,0,0,2,1,1,B01
200800012248,0,7,0,0,4,1,15,A01
200800012248,0,40,0,0,2,2,1,B01
200800012249,0,7,0,0,1,3,16,A01
200800012250,0,7,0,0,0,3,1,B01
200800012250,0,3,0,0,2,2,1,A01
200800012251,0,1,0,0,0,5,1,B01
200800012251,0,10,0,0,2,3,16,A01
200800012252,0,7,0,6,2,3,15,B01
200800012252,0,7,0,7,2,2,1,A01
200800012253,0,33,0,0,2,1,1,B01
200800012253,0,7,0,0,2,2,10,A01
200800012254,0,2,0,14,0,1,1,A01
200800012254,0,7,0,0,0,4,23,B01
200800012255,0,7,0,0,2,3,15,A01
200800012255,0,31,0,6,0,8,1,B01
200800012256,0,7,0,0,2,6,1,B01
200800012256,0,7,0,0,0,2,1,A01
200800012257,0,7,0,0,1,3,15,A01
200800012258,0,7,0,0,1,2,16,A01
200800012259,0,10,0,0,1,2,1,A01
200800012260,0,30,0,0,2,8,1,B01
200800012260,0,7,0,0,0,2,1,A01
200800012261,0,7,0,0,0,2,19,A01
200800012261,0,1,0,0,2,1,19,B01
200800012262,0,7,0,0,0,0,14,A01
200800012262,0,33,0,0,0,0,1,B01
200800012262,0,7,0,0,0,0,1,C01
200800012263,0,2,0,0,2,1,1,A01
200800012263,0,7,0,0,0,2,16,B01
200800012264,0,7,0,0,0,3,1,B01
200800012264,0,2,0,0,2,8,1,A01
200800012265,0,7,0,0,1,0,15,A01
200800012266,0,33,0,0,0,1,1,A01
200800012267,0,40,0,0,1,2,1,A01
200800012268,0,2,0,0,0,7,16,A01
200800012268,0,33,0,0,2,1,1,B01
200800012269,0,7,0,14,0,1,1,A01
200800012269,0,7,0,14,0,4,23,B01
200800012270,0,37,1,0,9,5,1,A01
200800012271,0,1,0,0,2,1,1,B01
200800012271,0,7,0,0,0,3,15,A01
200800012272,0,7,0,0,1,3,16,A01
200800012273,0,7,0,14,0,1,1,A01
200800012273,0,7,0,0,0,4,23,B01
200800012274,0,31,0,0,2,5,16,B01
200800012274,0,7,0,0,2,0,15,A01
200800012275,2,7,0,0,2,1,15,A01
200800012275,0,7,0,0,0,3,1,B01
200800012276,0,7,0,1,0,2,1,A01
200800012277,0,7,0,0,2,3,15,A01
200800012277,0,2,0,0,0,1,1,B01
200800012278,0,7,0,0,2,1,1,A01
200800012278,0,7,0,0,0,3,15,B01
200800012279,0,7,0,14,0,1,1,A01
200800012279,0,7,0,0,0,4,15,B01
200800012280,0,7,0,0,2,1,15,B01
200800012280,0,2,0,0,2,1,1,A01
200800012281,0,7,0,0,0,3,15,B01
200800012281,0,30,0,0,2,2,17,A01
200800012282,0,7,0,0,1,1,1,A01
200800012283,0,7,0,2,0,1,1,A01
200800012284,0,2,0,11,0,0,0,A01
200800012285,0,7,0,0,2,3,15,A01
200800012285,0,2,0,0,0,5,17,B01
200800012286,0,30,0,0,2,3,21,A01
200800012286,0,7,0,0,0,5,14,B01
200800012287,0,33,0,0,2,2,2,A01
200800012287,0,7,0,0,0,4,24,B01
200800012288,0,33,0,0,0,7,1,A01
200800012289,0,7,0,0,2,1,1,B01
200800012289,0,7,0,1,0,7,1,A01
200800012290,0,2,0,0,0,3,1,B01
200800012290,0,7,0,0,2,2,16,A01
200800012291,0,7,0,0,0,3,15,A01
200800012291,0,33,0,0,2,1,1,B01
200800012292,0,7,0,0,1,1,19,A01
200800012293,0,1,0,0,2,1,1,B01
200800012293,0,7,0,0,0,3,16,A01
200800012294,0,7,0,0,0,3,1,B01
200800012294,0,7,0,0,2,1,1,A01
200800012295,0,7,0,0,0,3,15,B01
200800012295,0,7,0,0,2,1,1,A01
200800012296,0,1,0,0,0,0,1,B01
200800012296,0,7,0,0,2,3,16,A01
200800012297,0,7,0,0,2,1,1,A01
200800012297,0,7,0,8,0,4,23,B01
200800012298,0,2,0,1,0,2,1,A01
200800012299,0,7,0,0,0,3,1,B01
200800012299,0,30,0,0,2,1,1,A01
200800012300,0,7,0,0,2,2,1,B01
200800012300,0,30,0,1,0,7,1,A01
200800012301,0,7,0,1,0,1,1,A01
200800012301,0,7,0,1,0,4,23,B01
200800012301,0,7,0,0,0,4,23,C01
200800012302,0,7,0,0,1,1,1,A01
200800012303,0,1,0,0,1,1,1,A01
200800012304,1,7,0,0,0,5,15,A01
200800012304,0,33,0,0,2,2,1,B01
200800012305,0,7,0,0,0,6,15,B01
200800012305,0,2,0,0,2,2,17,A01
200800012306,0,2,0,0,2,1,8,A01
200800012306,0,7,0,0,0,1,23,B01
200800012307,0,7,0,0,2,1,14,A01
200800012307,0,30,0,0,0,5,16,B01
200800012308,0,7,0,0,2,6,9,A01
200800012308,0,33,0,0,2,2,21,B01
200800012309,0,30,0,1,0,2,1,A01
200800012310,1,7,0,0,2,0,14,C01
200800012310,0,33,0,14,0,8,3,A01
200800012310,0,7,0,0,0,2,23,B01
200800012311,0,33,0,0,0,3,1,A01
200800012311,0,7,0,0,2,1,17,B01
200800012312,0,7,0,0,1,1,16,A01
200800012313,0,7,0,0,2,1,1,A01
200800012313,0,7,0,0,2,4,23,B01
200800012313,0,7,0,0,2,4,23,C01
200800012313,0,7,0,0,0,4,23,D01
200800012314,0,35,0,1,0,0,1,A01
200800012315,0,33,0,2,2,1,1,A01
200800012315,0,10,0,0,0,4,2,B01
200800012315,0,7,0,0,0,4,1,C01
200800012316,0,7,0,0,2,0,1,A01
200800012316,0,33,0,0,0,4,18,B01
200800012317,0,20,0,0,2,0,10,A01
200800012317,0,1,0,0,0,0,1,B01
200800012318,0,33,0,0,2,1,17,A01
200800012318,0,7,0,0,0,6,15,B01
200800012319,1,2,0,0,1,0,1,A01
200800012320,0,7,0,0,2,3,15,A01
200800012320,0,1,0,0,0,3,1,B01
200800012321,0,7,0,0,2,3,17,B01
200800012321,0,7,0,0,2,2,5,A01
200800012322,0,30,0,0,2,1,2,A01
200800012322,0,10,0,0,0,6,1,B01
200800012323,0,33,0,0,2,3,17,A01
200800012323,0,7,0,0,0,3,15,B01
200800012324,0,7,0,0,2,3,15,A01
200800012324,0,33,0,0,0,8,1,B01
200800012325,0,10,0,0,0,5,15,A01
200800012325,0,2,0,0,2,1,1,B01
200800012326,0,1,0,0,2,1,1,B01
200800012326,0,33,0,0,2,1,15,A01
200800012327,0,7,0,0,1,2,1,A01
200800012328,0,7,0,0,0,4,1,B01
200800012328,0,2,0,0,2,1,2,A01
200800012329,0,7,0,0,2,8,1,B01
200800012329,0,33,0,0,2,1,1,A01
200800012330,0,7,0,0,2,2,15,A01
200800012330,0,30,0,0,2,1,1,B01
200800012331,0,7,0,0,2,3,9,A01
200800012331,0,30,0,0,2,1,1,B01
200800012332,0,7,0,0,1,2,1,A01
200800012333,0,33,0,16,2,0,0,A01
200800012333,0,7,0,0,9,1,23,B01
200800012334,0,33,0,15,0,0,1,A01
200800012335,0,33,0,2,0,0,0,A01
200800012336,0,7,0,0,1,3,1,A01
200800012337,0,7,0,9,0,7,14,A01
200800012338,0,7,0,13,0,2,14,A01
200800012339,0,10,0,11,0,8,9,A01
200800012340,0,7,0,0,2,8,9,A01
200800012340,0,7,0,0,2,1,1,B01
200800012341,0,7,0,0,2,2,10,A01
200800012341,0,34,0,0,2,1,1,B01
200800012342,0,7,0,0,1,2,1,A01
200800012343,0,7,0,0,2,7,1,A01
200800012343,0,7,0,0,2,1,1,B01
200800012344,0,2,0,0,2,0,1,B01
200800012344,1,7,0,0,2,0,17,A01
200800012345,0,33,0,0,2,8,17,A01
200800012345,0,7,0,0,2,4,15,B01
200800012346,0,7,0,2,0,1,14,A01
200800012347,0,7,0,0,1,3,1,A01
200800012348,0,30,0,0,0,0,1,A01
200800012349,0,7,0,0,1,1,15,A01
200800012350,0,7,0,0,2,3,9,A01
200800012350,0,30,0,0,2,1,1,B01
200800012351,0,10,0,0,2,8,10,A01
200800012351,0,33,0,0,2,1,1,B01
200800012352,0,7,0,0,2,1,10,A01
200800012352,0,30,0,0,2,1,1,B01
200800012353,0,7,0,0,2,1,2,A01
200800012353,0,7,0,0,0,4,2,B01
200800012354,0,33,0,0,2,1,1,A01
200800012354,0,99,0,0,2,4,1,B01
200800012355,0,32,0,0,1,1,0,A01
200800012356,0,33,0,3,0,0,19,A01
200800012357,0,33,0,0,2,1,1,A01
200800012357,0,7,0,0,0,4,1,B01
200800012358,0,7,0,0,2,2,1,B01
200800012358,0,30,0,0,2,1,1,A01
200800012359,0,10,0,0,1,1,1,A01
200800012360,1,7,0,0,1,1,1,A01