Num_Acc,senc,catv,occutc,obs,obsm,choc,manv,num_veh
200800012361,0,7,0,0,2,3,15,A01
200800012361,0,7,0,0,2,1,1,B01
200800012362,0,7,0,0,1,7,1,A01
200800012363,0,33,0,0,0,4,1,A01
200800012363,1,7,0,0,0,0,0,B01
200800012364,0,7,0,0,2,5,15,A01
200800012364,0,1,0,0,2,1,1,B01
200800012365,0,7,0,0,2,1,11,A01
200800012365,0,7,0,0,2,1,1,B01
200800012366,0,1,0,0,1,1,0,A01
200800012367,0,7,0,0,2,7,15,A01
200800012367,0,1,0,0,2,1,0,B01
200800012368,0,7,0,0,2,1,13,A01
200800012368,0,7,0,0,0,1,1,B01
200800012369,0,7,0,0,2,3,15,B01
200800012369,0,7,0,0,2,3,17,A01
200800012370,0,10,0,6,0,1,15,A01
200800012371,0,7,0,0,2,8,1,B01
200800012371,0,7,0,0,2,1,1,A01
200800012372,0,33,0,1,0,8,1,A01
200800012373,0,7,0,0,2,1,2,A01
200800012373,0,7,0,0,2,4,2,B01
200800012374,0,33,0,0,2,2,1,A01
200800012374,0,7,0,0,2,3,1,B01
200800012375,0,7,0,0,2,0,14,A01
200800012375,0,33,0,0,2,7,2,B01
200800012376,0,10,0,0,2,1,2,A01
200800012376,0,7,0,0,2,4,1,B01
200800012376,0,7,0,0,2,4,1,C01
200800012377,0,7,0,0,2,4,4,A01
200800012377,0,33,0,0,2,1,2,B01
200800012378,0,2,0,0,2,1,1,B01
200800012378,0,7,0,0,2,2,10,A01
200800012379,0,30,0,0,2,1,9,A01
200800012379,0,7,0,0,2,2,1,B01
200800012380,0,17,0,0,1,1,1,A01
200800012381,0,7,0,0,1,1,1,A01
200800012382,0,7,0,0,2,1,2,A01
200800012382,0,7,0,0,2,4,2,B01
200800012383,0,40,0,0,2,3,1,B01
200800012383,0,7,0,0,4,1,0,A01
200800012384,0,7,0,11,0,1,11,A01
200800012385,0,10,0,13,0,3,1,A01
200800012386,0,7,0,0,2,1,15,A01
200800012386,0,7,0,0,2,3,1,B01
200800012387,0,7,0,0,2,7,15,A01
200800012387,0,34,0,0,2,1,1,B01
200800012388,0,33,0,3,0,0,1,A01
200800012389,0,7,0,0,2,3,13,A01
200800012389,0,32,0,0,2,1,17,B01
200800012390,0,34,0,1,2,1,2,A01
200800012390,0,7,0,0,2,2,16,B01
200800012391,0,7,0,0,2,2,1,A01
200800012391,0,30,0,0,0,4,1,B01
200800012392,0,7,0,0,2,1,23,C01
200800012392,1,7,0,0,2,1,0,A01
200800012392,0,7,0,0,0,6,16,B01
200800012393,0,1,0,0,0,0,0,A01
200800012394,0,10,0,0,2,1,15,A01
200800012394,0,1,0,0,2,7,1,B01
200800012395,0,7,0,0,2,7,9,B01
200800012395,0,1,0,0,2,9,9,A01
200800012396,0,32,0,1,0,1,1,A01
200800012397,0,7,0,0,2,1,2,A01
200800012397,0,7,0,0,2,4,2,B01
200800012398,0,7,0,8,0,8,1,A01
200800012399,0,37,1,0,1,7,8,A01
200800012400,0,7,0,0,2,1,15,A01
200800012400,0,7,0,0,2,1,1,B01
200800012401,0,2,0,1,0,1,14,A01
200800012402,0,7,0,2,0,8,13,A01
200800012403,0,1,0,0,2,8,13,A01
200800012403,0,31,0,0,2,8,1,B01
200800012404,0,7,0,0,2,6,1,B01
200800012404,0,2,0,0,2,1,1,A01
200800012405,0,7,0,0,2,2,1,A01
200800012405,0,1,0,0,2,1,19,B01
200800012406,0,10,0,0,2,5,2,A01
200800012406,0,30,0,0,0,1,2,B01
200800012407,0,7,0,0,2,8,1,B01
200800012407,0,7,0,0,2,1,15,A01
200800012408,0,33,0,1,2,1,15,A01
200800012408,0,2,0,0,2,1,15,B01
200800012409,0,7,0,0,2,1,1,A01
200800012409,0,1,0,0,2,0,15,B01
200800012410,0,33,0,0,2,7,0,A01
200800012410,0,7,0,0,2,7,0,B01
200800012411,0,30,0,0,1,0,1,A01
200800012412,0,32,0,0,2,2,0,A01
200800012412,0,7,0,0,2,0,15,B01
200800012413,0,7,0,0,2,5,15,A01
200800012413,0,7,0,0,2,2,1,B01
200800012414,0,7,0,0,2,2,16,B01
200800012414,0,1,0,0,2,9,1,A01
200800012415,0,10,0,0,2,1,1,A01
200800012415,0,10,0,0,2,4,1,B01
200800012415,0,7,0,0,2,0,1,C01
200800012416,0,7,0,0,2,2,15,A01
200800012416,0,1,0,0,2,0,0,B01
200800012417,0,2,0,0,1,0,0,A01
200800012418,0,7,0,0,2,1,1,A01
200800012418,0,7,0,0,2,4,1,B01
200800012419,0,7,0,0,2,2,1,A01
200800012419,0,1,0,0,2,4,1,B01
200800012420,0,7,0,0,2,1,15,A01
200800012420,0,7,0,0,2,1,1,B01
200800012421,0,7,0,0,1,3,16,A01
200800012422,0,7,0,0,2,7,15,A01
200800012422,0,2,0,0,2,1,1,B01
200800012423,0,7,0,1,0,1,1,A01
200800012424,0,10,0,1,0,9,1,A01
200800012425,0,10,0,0,1,4,20,A01
200800012426,0,7,0,0,2,3,15,A01
200800012426,0,1,0,0,2,2,1,B01
200800012427,0,7,0,0,2,1,1,A01
200800012427,0,7,0,0,2,4,1,B01
200800012428,0,10,0,13,0,1,1,A01
200800012429,0,7,0,0,1,2,0,A01
200800012430,0,1,0,0,0,0,0,A01
200800012431,0,7,0,0,1,2,17,A01
200800012432,0,7,0,0,2,8,15,A01
200800012432,0,7,0,9,0,1,1,B01
200800012432,0,7,0,0,2,8,23,C01
200800012433,0,7,0,0,2,2,15,A01
200800012433,0,7,0,0,2,1,15,B01
200800012434,0,7,0,0,2,2,15,A01
200800012434,0,30,0,0,2,8,1,B01
200800012435,0,33,0,0,0,8,2,A01
200800012436,0,1,0,1,0,1,1,A01
200800012437,0,33,0,0,2,1,2,A01
200800012437,0,31,0,0,2,1,2,B01
200800012437,1,7,0,0,2,4,15,C01
200800012438,0,7,0,6,0,1,6,A01
200800012439,0,10,0,0,2,1,0,A01
200800012439,0,7,0,13,2,8,1,B01
200800012439,0,7,0,0,2,4,1,C01
200800012440,0,7,0,0,2,1,15,A01
200800012440,0,2,0,0,2,8,1,B01
200800012441,0,7,0,0,2,1,15,A01
200800012441,0,2,0,0,2,1,15,B01
200800012442,0,7,0,0,2,1,2,A01
200800012442,0,7,0,0,2,4,2,B01
200800012442,0,7,0,0,0,4,2,C01
200800012443,0,7,0,2,0,1,1,A01
200800012444,0,1,0,0,2,1,1,A01
200800012444,0,7,0,0,2,1,1,B01
200800012445,0,1,0,0,2,4,1,B01
200800012445,0,7,0,0,2,3,9,A01
200800012446,0,2,0,9,0,1,1,A01
200800012447,0,7,0,0,1,3,1,A01
200800012448,0,7,0,15,0,1,1,A01
200800012448,0,7,0,0,9,1,1,B01
200800012449,0,7,0,0,2,1,15,A01
200800012449,0,33,0,0,2,3,1,B01
200800012450,0,7,0,0,2,1,1,A01
200800012450,0,2,0,0,2,6,1,B01
200800012451,0,7,0,0,2,3,22,A01
200800012451,0,1,0,0,2,7,1,B01
200800012452,0,30,0,0,2,1,5,A01
200800012452,0,7,0,0,2,3,9,B01
200800012453,0,7,0,0,2,8,19,A01
200800012453,0,7,0,0,2,1,1,B01
200800012454,0,7,0,0,1,7,1,A01
200800012455,0,7,0,0,1,7,1,A01
200800012456,0,7,0,0,2,9,17,A01
200800012457,0,30,0,0,2,1,1,B01
200800012457,0,7,0,0,2,7,1,A01
200800012458,0,7,0,1,0,8,9,A01
200800012458,0,7,0,0,2,1,1,B01
200800012459,0,7,0,0,2,1,15,A01
200800012459,0,7,0,0,2,1,1,B01
200800012460,0,7,0,0,0,8,15,A01
200800012460,0,2,0,0,2,1,1,B01
200800012461,0,7,0,0,2,1,1,A01
200800012461,0,7,0,0,2,7,15,B01
200800012462,0,7,0,0,1,7,1,A01
200800012463,0,7,0,0,2,5,15,A01
200800012463,0,30,0,0,2,1,7,B01
200800012464,0,7,0,0,2,3,15,A01
200800012464,0,7,0,0,2,3,1,B01
200800012465,0,2,0,0,2,1,1,A01
200800012465,0,10,0,0,2,4,1,B01
200800012466,0,7,0,0,2,8,20,A01
200800012466,0,30,0,0,2,1,17,B01
200800012467,0,7,0,0,2,2,1,B01
200800012467,0,2,0,0,2,1,1,A01
200800012468,0,7,0,0,1,7,1,A01
200800012469,0,7,0,0,2,6,9,A01
200800012469,0,33,0,0,2,2,1,B01
200800012470,0,7,0,0,1,1,1,A01
200800012471,0,33,0,0,0,1,17,A01
200800012472,1,7,0,0,2,7,0,A01
200800012472,0,2,0,0,2,1,1,B01
200800012473,0,33,0,0,2,1,2,A01
200800012473,0,7,0,0,2,4,2,B01
200800012474,0,7,0,0,1,2,1,A01
200800012475,0,1,0,0,1,1,10,A01
200800012476,0,1,0,0,2,1,19,A01
200800012476,0,7,0,0,2,3,1,B01
200800012477,0,7,0,0,1,1,1,A01
200800012478,0,7,0,0,2,8,15,A01
200800012478,0,2,0,0,2,2,17,B01
200800012479,0,7,0,0,2,2,1,B01
200800012479,0,7,0,0,2,1,1,A01
200800012480,0,7,0,0,2,3,15,B01
200800012480,0,30,0,0,0,7,17,A01
200800012481,0,7,0,0,0,8,16,C01
200800012481,0,7,0,0,0,8,15,B01
200800012481,0,7,0,0,2,1,1,A01
200800012482,0,7,0,0,1,2,1,A01
200800012483,0,30,0,0,2,1,2,A01
200800012483,0,1,0,0,2,4,1,B01
200800012484,0,30,0,0,2,1,1,B01
200800012484,0,7,0,0,2,8,15,A01
200800012485,0,32,0,0,2,7,1,B01
200800012485,0,7,0,0,2,3,9,A01
200800012486,0,7,0,0,2,2,1,A01
200800012486,0,1,0,0,2,2,15,B01
200800012487,0,7,0,0,2,3,1,A01
200800012487,0,2,0,0,2,2,15,B01
200800012488,0,15,0,0,2,1,16,A01
200800012488,0,1,0,0,2,8,1,B01
200800012489,0,7,0,0,2,1,12,A01
200800012489,0,7,0,0,2,4,23,B01
200800012489,0,7,0,0,2,4,23,C01
200800012489,0,7,0,0,2,4,23,D01
200800012490,0,40,0,0,2,1,1,B01
200800012490,0,30,0,0,4,2,1,A01
200800012491,0,30,0,0,1,1,9,A01
200800012492,0,7,0,0,2,1,1,A01
200800012492,0,1,0,0,2,1,5,B01
200800012493,0,7,0,2,0,3,1,A01
200800012494,0,7,0,0,1,3,1,A01
200800012495,0,1,0,0,2,3,1,A01
200800012495,0,7,0,0,2,2,16,B01
200800012496,0,7,0,0,2,1,13,A01
200800012496,0,7,0,0,2,3,1,B01
200800012497,0,33,0,0,1,1,1,A01
200800012498,0,7,0,0,2,1,15,A01
200800012498,0,7,0,0,2,3,1,B01
200800012499,0,7,0,0,2,2,15,B01
200800012499,0,7,0,0,2,7,1,A01
200800012500,0,7,0,0,1,1,1,A01
200800012501,0,7,0,0,1,1,15,A01
200800012501,0,30,0,0,2,1,1,B01
200800012502,0,7,0,0,2,1,16,A01
200800012502,0,1,0,0,2,7,1,B01
200800012503,0,31,0,1,0,1,15,A01
200800012503,0,7,0,0,2,6,24,B01
200800012504,1,2,0,0,1,1,1,A01
200800012505,0,7,0,0,0,1,2,A01
200800012505,0,7,0,0,0,4,2,B01
200800012506,0,1,0,0,1,1,1,A01
200800012507,0,7,0,0,1,1,1,A01
200800012508,0,30,0,0,2,1,1,A01
200800012508,0,7,0,0,2,7,1,B01
200800012509,0,7,0,0,2,1,1,A01
200800012509,0,7,0,0,2,3,1,B01
200800012510,0,7,0,0,2,7,13,A01
200800012510,0,7,0,0,2,1,1,B01
200800012511,0,7,0,2,0,1,1,A01
200800012512,0,7,0,0,9,3,9,A01
200800012512,0,1,0,0,2,1,1,B01
200800012513,0,2,0,0,2,1,15,A01
200800012513,0,7,0,0,2,3,1,B01
200800012514,0,7,0,9,0,9,1,A01
200800012515,0,7,0,15,0,6,1,A01
200800012516,0,7,0,0,2,1,15,A01
200800012516,0,1,0,1,2,1,1,B01
200800012517,0,7,0,0,2,1,2,A01
200800012517,0,7,0,0,2,4,23,B01
200800012517,0,7,0,0,2,4,23,C01
200800012518,0,7,0,0,6,1,1,A01
200800012518,0,7,0,0,6,1,1,B01
200800012519,0,7,0,0,2,3,5,A01
200800012519,0,7,0,0,2,3,1,B01
200800012520,0,7,0,0,1,1,1,A01
200800012521,0,7,0,0,2,3,15,A01
200800012521,0,7,0,0,2,2,1,B01
200800012522,0,7,0,0,2,4,2,B01
200800012522,0,30,0,0,2,1,0,A01
200800012523,0,7,0,0,2,1,2,A01
200800012523,0,7,0,0,2,4,23,B01
200800012523,0,7,0,0,2,4,23,C01
200800012524,0,1,0,0,2,1,1,A01
200800012524,0,7,0,0,2,2,1,B01
200800012525,0,7,0,0,1,1,15,A01
200800012526,0,7,0,0,2,1,15,A01
200800012526,0,7,0,0,2,1,1,B01
200800012527,1,7,0,0,1,1,0,A01
200800012528,0,7,0,0,1,1,1,A01
200800012529,0,2,0,0,2,1,9,A01
200800012529,0,7,0,0,2,6,1,B01
200800012530,0,7,0,0,2,1,2,A01
200800012530,0,7,0,0,2,4,2,B01
200800012531,0,2,0,0,2,1,2,A01
200800012531,0,7,0,0,2,4,1,B01
200800012532,0,7,0,0,2,1,2,A01
200800012532,0,7,0,0,2,1,2,B01
200800012532,0,7,0,0,2,1,2,C01
200800012532,0,7,0,0,2,1,2,D01
200800012532,0,7,0,0,2,1,2,E01
200800012533,0,30,0,0,1,1,0,A01
200800012534,0,7,0,0,1,1,1,A01
200800012535,0,33,0,0,0,8,0,A01
200800012536,0,7,0,2,0,1,1,A01
200800012537,0,7,0,0,0,8,15,A01
200800012537,0,2,0,0,2,1,17,B01
200800012538,0,7,0,0,0,1,15,A01
200800012538,0,30,0,0,0,1,1,B01
200800012539,0,2,0,0,2,1,1,A01
200800012539,0,2,0,0,0,4,11,B01
200800012540,0,7,0,0,2,8,15,A01
200800012540,0,2,0,0,2,1,1,B01
200800012540,0,7,0,0,2,3,23,C01
200800012541,0,7,0,0,2,3,15,A01
200800012541,0,7,0,0,2,1,1,B01
200800012542,0,30,0,0,2,1,2,A01
200800012542,0,7,0,0,2,4,2,B01
200800012543,0,7,0,0,1,1,1,A01
200800012544,0,7,0,0,2,3,0,B01
200800012544,0,2,0,0,2,1,1,A01
200800012545,0,2,0,0,0,1,0,A01
200800012546,0,10,0,0,2,8,17,A01
200800012546,0,1,0,0,2,8,1,B01
200800012547,0,7,0,0,2,3,1,B01
200800012547,0,7,0,0,2,1,1,A01
200800012548,0,35,0,0,2,2,15,A01
200800012548,0,7,0,0,2,1,1,B01
200800012549,1,7,0,0,2,1,15,A01
200800012549,0,30,0,0,2,6,1,B01
200800012550,0,7,0,0,1,0,15,A01
200800012551,0,7,0,0,1,2,14,A01
200800012552,0,7,0,0,0,2,16,A01
200800012552,0,2,0,0,2,1,1,B01
200800012553,0,33,0,15,2,2,17,B01
200800012553,0,7,0,0,9,3,15,A01
200800012554,0,7,0,0,2,5,5,A01
200800012554,0,7,0,0,2,1,1,B01
200800012555,0,7,0,0,1,1,1,A01
200800012556,0,7,0,0,2,7,15,A01
200800012556,0,7,0,0,2,1,1,B01
200800012557,0,40,0,0,1,1,1,A01
200800012558,0,7,0,0,2,2,1,A01
200800012558,0,7,0,0,2,3,1,B01
200800012559,0,7,0,0,2,3,15,A01
200800012559,0,7,0,0,2,3,1,B01
200800012559,0,7,0,1,2,2,1,C01
200800012560,0,7,0,0,9,3,0,A01
200800012560,0,30,0,0,2,5,1,B01
200800012561,0,7,0,0,1,2,16,A01
200800012562,0,7,0,0,2,8,15,B01
200800012562,0,7,0,0,2,1,1,A01
200800012563,0,7,0,0,0,3,15,B01
200800012563,0,30,0,0,2,1,1,A01
200800012564,0,7,0,0,2,1,1,A01
200800012564,0,7,0,0,2,4,21,B01
200800012565,0,7,0,0,1,1,1,A01
200800012566,0,7,0,0,1,2,15,A01
200800012567,0,10,0,0,2,1,2,A01
200800012567,0,7,0,0,0,4,2,B01
200800012568,0,7,0,0,1,5,4,A01
200800012569,0,7,0,0,2,1,1,A01
200800012569,0,7,0,1,2,7,1,B01
200800012570,0,7,0,0,2,1,1,B01
200800012570,2,7,0,0,2,1,5,A01
200800012571,0,7,0,0,1,2,1,A01
200800012572,0,7,0,0,2,3,9,A01
200800012572,0,7,0,0,2,2,1,B01
200800012573,0,7,0,0,2,3,9,B01
200800012573,0,7,0,0,2,2,1,A01
200800012574,0,35,0,13,0,1,15,A01
200800012575,0,7,0,0,2,8,24,A01
200800012575,0,30,0,0,2,1,1,B01
200800012576,0,7,0,0,0,0,1,A01
200800012576,0,33,0,0,0,8,1,B01
200800012577,0,7,0,2,0,1,1,A01
200800012578,0,2,0,6,0,1,1,A01
200800012579,0,7,0,0,2,3,19,A01
200800012579,0,30,0,0,2,1,1,B01
200800012580,0,7,0,0,2,1,19,A01
200800012580,0,7,0,0,2,1,23,C01
200800012580,0,3,0,0,2,9,1,B01
200800012581,0,7,0,0,2,2,9,A01
200800012581,0,7,0,0,2,3,1,B01
200800012582,0,7,0,1,0,2,1,A01
200800012583,0,7,0,0,2,3,1,B01
200800012583,0,30,0,0,2,1,1,A01
200800012584,0,7,0,0,1,1,1,A01
200800012585,0,30,0,0,2,3,16,A01
200800012585,0,7,0,0,2,2,9,B01
200800012586,0,2,0,0,2,1,0,B01
200800012586,0,7,0,0,2,3,0,A01
200800012587,0,7,0,8,0,1,1,A01
200800012588,1,7,0,0,1,3,1,A01
200800012589,0,7,0,0,2,8,11,A01
200800012589,0,7,0,0,2,1,2,F01
200800012589,0,7,0,0,2,7,2,B01
200800012589,0,7,0,0,2,1,2,G01
200800012589,0,15,0,0,2,1,2,C01
200800012589,0,7,0,0,2,1,2,H01
200800012589,0,7,0,0,2,1,2,D01
200800012589,1,7,0,0,2,1,2,I01
200800012589,0,7,0,0,2,1,2,E01
200800012590,0,2,0,0,2,2,15,A01
200800012590,0,7,0,0,2,1,1,B01
200800012591,0,7,0,0,2,7,16,A01
200800012591,0,30,0,0,2,1,1,B01
200800012592,0,7,0,0,2,7,1,A01
200800012592,0,30,0,0,2,1,1,B01
200800012593,0,7,0,0,2,5,16,A01
200800012593,0,32,0,0,2,8,7,B01
200800012594,0,31,0,8,0,2,0,A01
200800012595,0,31,0,0,2,1,2,A01
200800012595,0,7,0,0,2,5,1,B01
200800012596,0,7,0,0,2,1,1,A01
200800012596,0,7,0,0,2,3,1,B01
200800012597,0,7,0,0,2,1,1,A01
200800012597,0,10,0,0,2,4,1,B01
200800012597,0,7,0,0,2,4,1,C01
200800012598,0,7,0,0,2,1,1,A01
200800012598,0,7,0,0,2,4,1,B01
200800012598,0,7,0,0,2,4,1,C01
200800012599,0,2,0,1,2,3,0,A01
200800012599,0,7,0,0,2,2,0,B01
200800012599,0,7,0,0,0,0,0,C01
200800012600,0,7,0,0,1,1,1,A01
200800012601,0,2,0,0,2,1,18,A01
200800012601,0,7,0,0,2,2,16,B01
200800012602,0,10,0,0,2,3,1,B01
200800012602,0,7,0,0,2,1,15,A01
200800012603,0,2,0,0,2,1,2,A01
200800012603,0,7,0,0,2,6,1,B01
200800012604,0,34,0,0,1,1,1,A01
200800012605,0,1,0,0,1,1,1,A01
200800012606,0,7,0,5,2,0,1,A01
200800012606,0,14,0,0,2,1,0,B01
200800012607,0,14,0,0,2,2,16,A01
200800012607,0,1,0,0,2,1,1,B01
200800012608,0,7,0,0,1,2,17,A01
200800012609,0,7,0,0,2,7,19,A01
200800012609,0,1,0,0,2,1,1,B01
200800012610,0,10,0,0,0,0,9,A01
200800012610,0,30,0,0,0,0,1,B01
200800012611,0,7,0,0,1,1,1,A01
200800012612,0,7,0,0,2,1,0,A01
200800012612,0,30,0,0,2,1,0,B01
200800012613,0,30,0,0,2,1,13,A01
200800012613,0,7,0,0,2,2,1,B01
200800012614,0,2,0,0,2,8,1,A01
200800012614,0,7,0,0,2,7,16,B01
200800012615,0,10,0,0,2,2,15,A01
200800012615,0,31,0,0,2,1,8,B01
200800012616,0,15,0,4,0,3,13,A01
200800012616,0,7,0,0,9,1,1,B01
200800012617,0,33,0,0,2,8,9,A01
200800012618,0,7,0,1,1,1,1,A01
200800012619,0,33,0,0,2,1,1,A01
200800012619,0,7,0,0,2,1,15,B01
200800012620,0,2,0,0,1,1,2,A01
200800012621,0,7,0,0,2,3,9,B01
200800012621,0,2,0,0,2,0,1,A01
200800012622,0,7,0,0,2,3,0,A01
200800012622,0,30,0,0,2,1,0,B01
200800012623,0,7,0,0,1,1,15,A01
200800012624,0,7,0,0,1,1,1,A01
200800012625,0,7,0,0,2,3,15,A01
200800012625,0,2,0,0,2,1,15,B01
200800012626,0,33,0,0,0,0,17,A01
200800012627,0,7,0,1,0,8,0,A01
200800012628,0,7,0,0,1,1,2,A01
200800012629,0,7,0,0,2,1,1,B01
200800012629,0,2,0,0,2,0,16,A01
200800012630,0,7,0,0,2,1,9,A01
200800012630,0,33,0,0,2,7,1,B01
200800012631,0,2,0,0,2,0,1,B01
200800012631,0,7,0,0,2,1,9,A01
200800012632,0,2,0,0,1,1,1,A01
200800012633,0,7,0,0,1,7,0,A01
200800012634,0,7,0,0,1,1,1,A01
200800012635,0,30,0,0,2,8,6,A01
200800012635,0,7,0,1,2,3,1,B01
200800012636,0,2,0,1,0,1,1,B01
200800012636,0,7,0,0,2,3,1,A01
200800012637,0,7,0,0,2,1,1,A01
200800012637,0,7,0,0,2,0,1,B01
200800012638,0,33,0,0,2,1,1,A01
200800012639,0,30,0,0,2,1,17,A01
200800012639,0,7,0,0,2,3,15,B01
200800012640,0,1,0,1,0,1,1,A01
200800012640,0,7,0,0,9,5,1,B01
200800012641,0,2,0,0,0,0,1,A01
200800012641,1,7,0,0,0,0,1,B01
200800012642,0,7,0,0,2,8,1,B01
200800012642,0,31,0,0,2,1,1,A01
200800012643,0,7,0,0,1,1,1,A01
200800012644,0,7,0,0,2,1,16,A01
200800012644,0,7,0,0,2,3,1,B01
200800012645,0,7,0,0,2,5,15,A01
200800012645,0,10,0,0,2,1,1,B01
200800012646,2,7,0,8,0,7,14,A01
200800012647,0,7,0,0,2,3,15,A01
200800012647,0,7,0,0,2,1,1,B01
200800012648,0,7,0,1,1,4,3,A01
200800012649,0,7,0,0,2,3,15,A01
200800012649,0,7,0,0,2,8,1,B01
200800012650,0,7,0,0,2,1,2,A01
200800012650,0,7,0,0,2,9,23,B01
200800012650,0,7,0,0,2,4,23,C01
200800012651,0,7,0,0,2,2,2,A01
200800012651,0,7,0,0,2,4,1,B01
200800012652,0,32,0,0,0,0,1,B01
200800012652,0,7,0,0,0,0,15,A01
200800012653,0,7,0,0,1,4,4,A01
200800012654,0,7,0,0,2,2,1,B01
200800012654,2,7,0,0,2,1,1,A01
200800012654,0,7,0,0,2,0,1,C01
200800012655,0,7,0,1,0,1,20,A01
200800012656,0,7,0,0,2,1,1,B01
200800012656,0,30,0,0,2,1,1,A01
200800012657,0,7,0,0,2,5,16,B01
200800012657,0,31,0,0,2,0,1,A01
200800012658,0,7,0,0,2,9,2,A01
200800012658,0,7,0,0,2,6,23,B01
200800012658,0,7,0,0,2,1,2,C01
200800012659,0,2,0,0,1,1,1,A01
200800012660,0,31,0,0,2,1,13,A01
200800012660,0,7,0,0,2,2,1,B01
200800012661,0,7,0,0,2,6,9,A01
200800012661,0,31,0,0,2,1,1,B01
200800012662,0,37,0,0,2,3,1,A01
200800012662,0,7,0,0,2,4,15,B01
200800012663,0,7,0,2,0,1,1,A01
200800012664,0,30,0,0,2,0,0,A01
200800012664,0,15,0,0,2,6,1,B01
200800012665,0,7,0,13,0,8,1,A01
200800012666,0,31,0,0,0,0,0,A01
200800012667,0,31,0,0,1,7,1,A01
200800012668,0,7,0,0,1,3,1,A01
200800012669,0,7,0,13,0,1,13,A01
200800012670,2,7,0,0,2,1,1,B01
200800012670,0,7,0,0,2,7,1,A01
200800012671,1,7,0,0,0,2,1,A01
200800012671,0,1,0,0,2,8,1,B01
200800012672,0,1,0,6,0,1,0,A01
200800012673,0,30,0,0,2,2,1,B01
200800012673,0,7,0,0,2,6,15,A01
200800012674,0,7,0,0,1,1,1,A01
200800012675,0,2,0,0,2,1,1,A01
200800012675,0,7,0,0,2,4,1,B01
200800012676,0,3,0,12,0,2,1,A01
200800012677,0,37,1,0,1,1,1,A01
200800012678,0,7,0,0,2,1,15,A01
200800012678,0,7,0,0,2,2,1,B01
200800012679,0,7,0,0,2,1,1,A01
200800012679,0,1,0,0,2,8,19,B01
200800012680,0,7,0,0,2,2,15,A01
200800012680,0,2,0,0,2,1,1,B01
200800012681,0,7,0,0,2,1,15,A01
200800012681,0,2,0,0,2,1,1,B01
200800012682,0,2,0,0,0,8,1,A01
200800012683,0,7,0,0,2,5,16,A01
200800012683,0,1,0,0,2,1,1,B01
200800012684,0,7,0,0,2,7,20,A01
200800012684,0,2,0,0,2,1,1,B01
200800012685,0,7,0,0,2,1,9,A01
200800012685,0,33,0,0,2,5,1,B01
200800012686,0,1,0,0,0,0,1,A01
200800012687,0,7,0,0,2,1,9,A01
200800012687,0,7,0,0,2,4,1,B01
200800012688,0,7,0,0,2,3,15,A01
200800012688,0,1,0,0,2,1,1,B01
200800012689,0,7,0,0,2,3,15,A01
200800012689,0,7,0,0,2,2,17,B01
200800012690,0,7,0,0,2,3,15,A01
200800012690,0,2,0,0,2,1,1,B01
200800012691,0,7,0,0,2,1,1,A01
200800012691,0,7,0,0,0,0,1,C01
200800012691,0,7,0,0,0,0,1,B01
200800012692,0,7,0,0,2,1,2,A01
200800012692,0,1,0,0,2,4,1,B01
200800012693,0,99,0,0,2,8,17,A01
200800012693,0,7,0,0,2,8,15,B01
200800012694,0,7,0,0,2,3,2,B01
200800012694,0,7,0,0,2,2,2,A01
200800012695,0,1,0,0,2,8,19,A01
200800012695,0,7,0,0,2,2,2,B01
200800012696,0,7,0,14,0,3,0,A01
200800012697,0,2,0,0,2,1,0,A01
200800012697,0,7,0,0,0,4,0,B01
200800012698,0,7,0,0,2,3,15,A01
200800012698,0,7,0,0,2,1,1,B01
200800012699,0,7,0,0,2,2,5,A01
200800012699,0,10,0,0,2,3,24,B01
200800012700,0,7,0,0,2,1,1,A01
200800012700,0,7,0,0,2,4,1,B01
200800012701,0,7,0,15,0,1,1,A01
200800012702,0,7,0,0,2,1,9,A01
200800012702,0,30,0,0,2,2,1,B01
200800012703,0,10,0,12,0,2,1,A01
200800012704,0,7,0,0,2,1,1,A01
200800012704,0,7,0,0,2,8,10,B01
200800012705,0,1,0,0,2,4,1,B01
200800012705,0,7,0,0,9,3,2,A01
200800012706,0,7,0,2,0,1,2,A01
200800012707,0,7,0,0,2,3,1,B01
200800012707,0,7,0,0,2,1,15,A01
200800012708,0,7,0,1,0,2,1,A01
200800012709,0,7,0,0,2,1,1,A01
200800012709,0,7,0,0,2,4,1,B01
200800012710,0,7,0,0,2,7,16,A01
200800012710,0,30,0,0,2,8,1,B01
200800012711,0,7,0,16,0,9,1,A01
200800012712,0,10,0,0,2,3,19,A01
200800012712,0,10,0,0,2,1,1,B01
200800012713,0,1,0,0,2,1,1,A01
200800012713,0,7,0,0,2,2,17,B01
200800012714,0,2,0,0,2,1,1,A01
200800012714,0,7,0,0,2,5,15,B01
200800012715,0,7,0,6,0,1,13,A01
200800012716,0,30,0,0,2,1,1,A01
200800012716,0,7,0,0,2,6,15,B01
200800012717,0,7,0,0,1,1,9,A01
200800012718,0,30,0,11,0,1,13,A01
200800012719,0,7,0,0,2,1,17,A01
200800012719,0,7,0,0,2,1,1,B01
200800012719,0,7,0,0,2,1,1,C01
200800012720,0,7,0,13,0,1,14,A01
200800012721,0,7,0,0,2,1,2,A01
200800012721,0,7,0,0,2,4,23,B01
200800012721,0,7,0,0,2,4,23,C01
200800012722,0,10,0,0,1,1,15,A01
200800012723,0,2,0,0,2,8,18,A01
200800012723,0,2,0,0,2,7,1,B01
200800012724,0,7,0,0,2,2,15,A01