Num_Acc,senc,catv,occutc,obs,obsm,choc,manv,num_veh
200800012724,0,7,0,0,2,1,1,B01
200800012725,0,7,0,5,0,2,14,A01
200800012726,2,1,0,0,1,1,1,A01
200800012727,0,7,0,8,0,1,13,A01
200800012728,0,2,0,0,2,1,1,B01
200800012728,0,7,0,0,2,2,1,A01
200800012729,0,7,0,0,2,4,23,A01
200800012729,0,7,0,0,2,1,2,B01
200800012730,0,7,0,0,2,3,1,A01
200800012730,0,7,0,0,2,4,1,B01
200800012730,0,7,0,0,2,4,23,C01
200800012731,0,7,0,0,2,2,9,A01
200800012731,0,2,0,0,2,3,1,B01
200800012731,0,7,0,0,2,6,23,C01
200800012732,0,7,0,15,0,1,14,A01
200800012733,0,33,0,0,2,7,17,A01
200800012733,0,7,0,0,2,6,15,B01
200800012734,0,7,0,0,2,3,15,B01
200800012734,0,33,0,0,2,1,1,A01
200800012735,0,2,0,6,0,1,1,A01
200800012736,0,7,0,0,2,3,15,B01
200800012736,0,2,0,0,2,1,1,A01
200800012737,0,7,0,0,0,0,0,A01
200800012738,0,33,0,12,0,7,14,A01
200800012739,0,15,0,3,0,1,1,A01
200800012740,0,7,0,0,1,1,1,A01
200800012741,0,7,0,0,1,2,1,A01
200800012742,0,7,0,0,1,4,4,A01
200800012743,0,7,0,0,2,3,16,B01
200800012743,0,31,0,0,2,2,1,A01
200800012744,0,7,0,0,1,1,21,A01
200800012745,0,31,0,0,2,1,21,A01
200800012745,0,10,0,0,2,1,1,B01
200800012746,0,7,0,0,2,1,1,A01
200800012746,0,7,0,0,2,4,1,B01
200800012746,0,7,0,0,2,4,23,C01
200800012747,0,10,0,0,2,1,13,A01
200800012747,0,7,0,0,2,1,1,B01
200800012748,0,7,0,13,0,1,1,A01
200800012749,0,7,0,0,1,1,21,A01
200800012750,0,7,0,13,0,1,14,A01
200800012751,0,7,0,0,2,1,13,A01
200800012751,0,7,0,0,2,1,0,B01
200800012752,0,30,0,6,0,1,13,A01
200800012753,2,7,0,0,2,1,0,A01
200800012753,0,7,0,0,2,4,23,B01
200800012753,0,7,0,0,2,4,2,C01
200800012754,0,7,0,0,1,1,2,A01
200800012755,0,2,0,0,0,7,0,A01
200800012756,0,10,0,0,2,7,23,A01
200800012756,0,7,0,14,0,1,1,B01
200800012757,0,2,0,0,2,1,15,B01
200800012757,0,7,0,0,2,3,9,A01
200800012758,0,7,0,13,0,1,1,A01
200800012759,0,7,0,0,2,3,15,A01
200800012759,0,30,0,0,2,1,1,B01
200800012760,0,7,0,0,1,1,1,A01
200800012761,0,7,0,0,0,4,1,A01
200800012761,0,7,0,0,2,1,1,B01
200800012762,0,7,0,16,0,6,1,A01
200800012762,0,7,0,13,2,1,1,B01
200800012763,0,7,0,0,2,3,1,B01
200800012763,0,7,0,0,2,8,15,A01
200800012764,0,7,0,8,2,3,1,A01
200800012764,0,7,0,8,2,3,1,B01
200800012765,0,7,0,15,0,8,1,B01
200800012765,0,7,0,0,2,1,1,A01
200800012766,0,7,0,0,2,1,2,A01
200800012766,0,7,0,0,2,4,23,B01
200800012766,0,7,0,0,2,4,23,C01
200800012767,0,1,0,0,2,1,1,A01
200800012767,0,7,0,0,2,2,1,B01
200800012768,0,7,0,8,0,3,16,A01
200800012769,0,30,0,0,2,1,16,A01
200800012769,0,7,0,0,2,6,23,B01
200800012770,0,7,0,0,0,0,11,A01
200800012770,0,37,20,0,0,0,1,B01
200800012771,0,7,0,0,2,3,1,B01
200800012771,0,30,0,0,2,1,15,A01
200800012772,0,2,0,0,2,1,1,A01
200800012772,0,7,0,0,2,1,1,B01
200800012773,0,7,0,0,1,6,4,A01
200800012774,0,7,0,0,2,1,15,A01
200800012774,0,7,0,0,2,1,1,B01
200800012775,0,7,0,0,1,2,1,A01
200800012776,0,7,0,0,1,3,15,A01
200800012777,0,1,0,0,2,1,2,A01
200800012777,0,7,0,0,2,4,23,B01
200800012778,0,7,0,0,2,1,1,A01
200800012778,0,7,0,0,2,4,23,B01
200800012778,0,7,0,0,2,4,23,C01
200800012779,0,7,0,0,2,1,15,A01
200800012779,0,33,0,0,2,1,1,B01
200800012780,0,7,0,0,2,4,1,A01
200800012780,1,10,0,0,2,1,1,B01
200800012781,0,7,0,0,1,0,1,A01
200800012782,0,7,0,0,2,3,9,A01
200800012782,0,33,0,0,2,4,1,B01
200800012783,0,7,0,0,2,1,15,A01
200800012783,0,2,0,0,2,1,1,B01
200800012784,0,30,0,0,2,1,1,A01
200800012784,0,7,0,0,2,5,2,B01
200800012785,1,7,0,0,1,1,1,A01
200800012786,0,30,0,0,2,7,1,A01
200800012786,1,7,0,0,2,0,15,B01
200800012787,0,7,0,0,2,1,9,A01
200800012787,0,7,0,0,2,5,1,B01
200800012788,0,7,0,2,0,3,17,A01
200800012789,0,7,0,0,2,1,1,A01
200800012789,0,7,0,0,2,1,1,B01
200800012790,0,7,0,0,2,4,16,A01
200800012790,0,7,0,0,2,1,1,B01
200800012791,0,7,0,0,1,1,1,A01
200800012792,0,7,0,0,2,0,1,B01
200800012792,0,7,0,0,2,3,1,A01
200800012793,0,33,0,0,0,8,1,A01
200800012794,0,2,0,0,2,1,17,A01
200800012794,0,7,0,0,2,3,15,B01
200800012795,0,2,0,0,0,0,1,A01
200800012796,0,7,0,11,0,1,1,A01
200800012797,0,7,0,0,2,4,16,B01
200800012797,0,7,0,0,2,1,1,A01
200800012798,0,7,0,0,1,1,1,A01
200800012799,0,30,0,0,2,1,17,A01
200800012799,0,7,0,0,2,8,1,B01
200800012800,0,7,0,0,1,4,4,A01
200800012801,0,7,0,0,0,1,1,A01
200800012802,0,33,0,0,2,8,1,A01
200800012802,0,7,0,0,2,8,1,B01
200800012802,0,7,0,0,2,3,1,C01
200800012803,0,7,0,4,0,9,1,A01
200800012804,0,7,0,0,2,7,1,A01
200800012804,0,7,0,0,2,1,1,B01
200800012805,0,7,0,0,2,4,1,A01
200800012805,0,7,0,0,2,1,1,B01
200800012805,0,7,0,0,2,1,1,C01
200800012806,0,2,0,11,0,1,1,A01
200800012807,0,2,0,0,2,1,1,A01
200800012807,0,7,0,0,2,3,1,B01
200800012808,0,7,0,0,2,8,1,B01
200800012808,0,1,0,0,2,1,1,A01
200800012809,0,7,0,0,2,1,1,A01
200800012809,0,7,0,0,2,1,1,B01
200800012809,0,7,0,0,2,4,1,C01
200800012810,0,7,0,0,2,6,11,A01
200800012810,0,7,0,0,2,1,1,B01
200800012811,0,1,0,0,0,0,0,A01
200800012812,0,7,0,0,2,4,2,A01
200800012812,0,2,0,0,2,1,17,B01
200800012813,0,7,0,0,2,4,23,B01
200800012813,0,30,0,14,2,1,2,A01
200800012814,0,7,0,3,2,3,9,A01
200800012814,0,7,0,0,2,1,1,B01
200800012815,0,7,0,0,2,1,16,A01
200800012815,0,1,0,0,2,7,1,B01
200800012816,0,7,0,0,2,1,19,A01
200800012816,0,7,0,0,2,3,0,B01
200800012817,0,30,0,0,2,1,1,A01
200800012817,0,7,0,0,2,2,1,B01
200800012818,0,10,0,0,1,4,4,A01
200800012819,0,7,0,0,1,7,1,A01
200800012820,0,7,0,0,2,3,1,B01
200800012820,0,1,0,0,2,4,23,A01
200800012821,0,7,0,0,2,1,15,B01
200800012821,0,1,0,0,2,1,0,A01
200800012822,0,7,0,0,1,1,15,A01
200800012823,0,7,0,10,0,1,0,A01
200800012824,1,1,0,0,1,1,1,A01
200800012825,0,7,0,0,2,1,2,A01
200800012825,0,7,0,0,2,4,2,B01
200800012826,0,7,0,0,2,4,2,C01
200800012826,0,7,0,0,2,4,2,B01
200800012826,0,7,0,0,2,1,2,A01
200800012827,0,7,0,0,2,4,1,B01
200800012827,0,2,0,14,0,1,2,A01
200800012828,0,33,0,0,2,1,1,B01
200800012828,0,7,0,0,2,1,9,A01
200800012829,0,7,0,0,1,3,15,A01
200800012830,0,7,0,0,2,1,2,A01
200800012830,0,7,0,0,2,4,23,B01
200800012831,0,7,0,0,9,3,17,B01
200800012831,0,2,0,0,2,1,1,A01
200800012832,0,14,0,0,2,2,0,B01
200800012832,0,7,0,0,2,1,17,A01
200800012833,0,7,0,0,2,1,1,B01
200800012833,0,7,0,0,2,1,13,A01
200800012834,0,7,0,0,2,1,5,B01
200800012834,0,10,0,0,2,1,1,A01
200800012835,0,30,0,12,0,1,1,A01
200800012836,0,7,0,0,1,1,15,A01
200800012837,0,7,0,0,1,1,0,A01
200800012838,0,33,0,0,0,7,1,A01
200800012839,0,2,0,0,0,0,1,A01
200800012839,0,7,0,0,0,0,15,B01
200800012840,0,30,0,0,2,1,1,B01
200800012840,0,7,0,0,2,2,15,A01
200800012841,0,2,0,0,2,0,1,B01
200800012842,0,33,0,3,2,8,17,A01
200800012842,0,7,0,0,2,4,1,B01
200800012843,0,7,0,0,9,3,11,A01
200800012843,0,2,0,0,2,1,1,B01
200800012844,0,7,0,0,2,8,9,A01
200800012844,0,2,0,0,2,1,1,B01
200800012845,0,7,0,15,0,7,0,A01
200800012846,0,7,0,0,1,8,1,A01
200800012847,0,7,0,0,2,3,1,A01
200800012847,0,7,0,0,2,5,1,B01
200800012848,0,7,0,0,2,1,0,A01
200800012848,0,7,0,0,2,1,1,B01
200800012849,0,7,0,0,1,3,1,A01
200800012850,0,7,0,0,1,4,4,A01
200800012851,0,7,0,0,0,0,9,A01
200800012851,0,2,0,0,2,2,21,B01
200800012851,0,7,0,0,2,4,23,C01
200800012852,0,7,0,0,1,1,0,A01
200800012853,0,7,0,0,2,2,15,A01
200800012853,0,33,0,0,2,1,1,B01
200800012854,0,2,0,0,2,2,1,A01
200800012854,0,7,0,0,2,3,9,B01
200800012855,0,7,0,0,2,1,17,A01
200800012855,0,7,0,0,2,8,15,B01
200800012856,0,7,0,0,1,0,1,A01
200800012857,0,10,0,0,2,3,15,B01
200800012857,0,10,0,0,2,1,1,A01
200800012858,0,7,0,15,0,1,1,A01
200800012859,0,10,0,0,2,6,15,B01
200800012859,0,2,0,0,2,0,17,A01
200800012860,0,2,0,0,2,1,17,B01
200800012860,0,7,0,0,2,1,9,A01
200800012861,0,7,0,0,2,3,1,D01
200800012861,0,7,0,0,2,8,1,C01
200800012861,0,33,0,0,2,0,1,B01
200800012861,0,7,0,0,2,5,15,A01
200800012862,0,7,0,0,2,1,1,B01
200800012862,0,14,0,0,2,7,1,A01
200800012863,0,7,0,0,0,4,2,C01
200800012863,0,7,0,0,2,4,23,B01
200800012863,0,7,0,14,0,1,2,A01
200800012864,0,7,0,0,2,2,1,B01
200800012864,0,7,0,0,2,3,9,A01
200800012865,0,7,0,0,2,0,1,B01
200800012865,0,1,0,0,2,0,0,A01
200800012866,0,7,0,0,1,2,1,A01
200800012867,0,7,0,0,1,7,2,A01
200800012868,0,7,0,0,0,8,19,B01
200800012868,0,14,0,0,0,8,11,A01
200800012869,0,7,0,0,1,2,1,A01
200800012870,0,7,0,0,2,3,0,B01
200800012870,0,31,0,0,2,1,0,A01
200800012871,0,7,0,2,0,8,14,A01
200800012872,0,1,0,0,2,1,16,A01
200800012872,0,7,0,0,2,2,1,B01
200800012873,0,30,0,0,1,1,1,A01
200800012874,0,31,0,11,0,1,1,A01
200800012875,0,33,0,0,0,3,1,A01
200800012876,0,7,0,0,1,3,1,A01
200800012877,0,7,0,0,2,1,1,B01
200800012877,2,7,0,0,2,1,1,A01
200800012878,0,7,0,0,1,1,1,A01
200800012879,0,7,0,0,1,1,16,A01
200800012880,0,7,0,14,0,1,1,A01
200800012881,0,7,0,0,2,6,10,A01
200800012881,0,33,0,0,2,1,1,B01
200800012881,0,7,0,0,9,6,24,C01
200800012882,0,7,0,0,1,1,16,A01
200800012883,0,7,0,0,2,2,11,A01
200800012883,0,33,0,0,2,1,21,B01
200800012884,0,7,0,0,2,1,15,B01
200800012884,0,30,0,0,2,0,1,A01
200800012885,0,7,0,0,1,1,1,A01
200800012886,0,10,0,0,0,7,15,A01
200800012886,2,7,0,0,2,1,19,B01
200800012887,0,7,0,0,2,2,2,A01
200800012887,0,1,0,0,2,1,3,B01
200800012888,0,10,0,0,2,6,16,A01
200800012888,0,30,0,0,2,1,1,B01
200800012889,0,7,0,0,2,3,9,A01
200800012889,0,7,0,0,2,2,1,B01
200800012890,0,30,0,0,2,1,1,A01
200800012890,0,7,0,0,9,2,16,B01
200800012891,0,7,0,0,2,1,1,A01
200800012891,0,1,0,0,2,1,1,B01
200800012892,1,7,0,0,1,0,0,A01
200800012893,1,7,0,0,1,3,1,A01
200800012894,0,7,0,0,1,2,1,A01
200800012895,0,7,0,0,1,1,1,A01
200800012896,0,1,0,0,2,1,1,A01
200800012896,0,7,0,0,2,8,15,B01
200800012897,0,33,0,0,2,1,1,A01
200800012897,0,7,0,0,2,6,15,B01
200800012898,0,7,0,0,2,1,2,A01
200800012898,0,7,0,0,2,3,15,B01
200800012899,0,7,0,0,2,3,0,A01
200800012899,0,7,0,0,2,1,1,B01
200800012900,0,7,0,0,1,0,1,A01
200800012901,0,7,0,0,2,1,2,A01
200800012901,0,7,0,0,2,5,10,B01
200800012902,0,7,0,15,2,3,17,A01
200800012902,0,10,0,0,2,1,2,B01
200800012903,0,7,0,0,1,1,1,A01
200800012904,0,7,0,0,2,3,1,A01
200800012904,0,7,0,0,2,1,15,B01
200800012905,0,7,0,0,1,2,2,A01
200800012906,0,15,0,0,2,7,20,A01
200800012906,0,30,0,0,2,9,0,B01
200800012907,0,7,0,14,0,1,1,A01
200800012907,0,7,0,14,2,9,23,B01
200800012907,0,7,0,0,2,4,23,C01
200800012908,0,7,0,0,2,1,1,B01
200800012908,0,2,0,0,2,1,15,A01
200800012909,0,7,0,0,9,3,15,B01
200800012909,0,30,0,0,2,1,17,A01
200800012910,0,7,0,0,2,1,15,A01
200800012910,0,1,0,0,2,1,1,B01
200800012911,0,7,0,0,9,8,24,A01
200800012911,0,1,0,1,0,1,1,B01
200800012912,1,7,0,0,0,0,0,A01
200800012913,0,7,0,0,2,2,15,A01
200800012913,0,33,0,0,2,1,1,B01
200800012914,0,7,0,0,1,1,15,A01
200800012915,0,7,0,0,1,1,15,A01
200800012916,1,7,0,0,0,0,11,A01
200800012916,0,33,0,0,2,0,1,B01
200800012917,0,2,0,1,0,1,0,A01
200800012918,0,33,0,15,2,1,1,A01
200800012918,0,7,0,0,9,4,1,B01
200800012919,0,7,0,0,2,2,15,A01
200800012919,0,30,0,0,2,1,2,B01
200800012920,0,7,0,0,1,0,16,A01
200800012921,0,14,0,5,0,1,1,A01
200800012922,0,7,0,0,2,1,1,B01
200800012922,0,7,0,0,2,1,15,A01
200800012923,1,1,0,0,1,0,1,A01
200800012924,0,7,0,0,2,3,2,A01
200800012924,0,7,0,0,2,1,2,B01
200800012925,0,1,0,0,2,8,19,A01
200800012925,0,7,0,0,2,1,1,B01
200800012926,0,7,0,0,2,2,20,A01
200800012926,0,1,0,0,2,1,1,B01
200800012927,0,7,0,0,9,1,20,A01
200800012927,0,30,0,0,2,1,1,B01
200800012928,0,33,0,0,2,1,17,A01
200800012928,0,7,0,0,2,3,15,B01
200800012929,0,10,0,0,2,8,10,A01
200800012929,0,7,0,0,2,1,1,B01
200800012930,1,34,0,1,1,1,1,A01
200800012931,0,30,0,2,0,1,1,A01
200800012932,0,7,0,0,1,1,1,A01
200800012933,0,2,0,0,2,1,2,B01
200800012933,0,7,0,0,2,3,16,A01
200800012934,0,7,0,0,2,2,20,A01
200800012934,0,30,0,0,2,1,2,B01
200800012935,0,7,0,0,1,1,2,A01
200800012936,0,7,0,0,2,1,15,A01
200800012936,0,7,0,0,2,4,15,B01
200800012937,0,7,0,0,1,7,1,A01
200800012938,0,2,0,0,2,1,2,A01
200800012938,0,14,0,0,2,4,2,B01
200800012939,0,14,0,6,0,1,1,A01
200800012940,0,7,0,0,2,3,2,A01
200800012940,0,7,0,0,2,4,2,B01
200800012941,2,7,0,0,2,1,1,A01
200800012941,0,1,0,0,2,0,1,B01
200800012942,0,7,0,0,2,1,1,A01
200800012942,0,7,0,0,2,4,1,B01
200800012942,0,7,0,0,2,4,1,C01
200800012942,0,7,0,0,2,4,1,D01
200800012942,0,7,0,0,2,4,1,E01
200800012943,0,2,0,0,2,1,1,B01
200800012943,0,7,0,0,2,0,9,A01
200800012944,0,30,0,0,2,1,1,A01
200800012944,1,7,0,0,9,8,10,B01
200800012945,1,7,0,0,0,0,0,A01
200800012946,0,10,0,0,1,1,1,A01
200800012947,0,7,0,0,2,3,1,B01
200800012947,0,2,0,0,2,1,1,A01
200800012948,0,13,0,0,1,1,1,A01
200800012949,0,7,0,0,1,2,1,A01
200800012950,0,7,0,0,1,3,1,A01
200800012951,0,7,0,0,1,2,1,A01
200800012952,0,2,0,0,2,0,19,A01
200800012952,0,7,0,0,2,0,15,B01
200800012953,0,7,0,14,2,1,1,A01
200800012953,0,1,0,15,2,0,1,B01
200800012954,0,33,0,0,2,1,1,A01
200800012954,0,7,0,0,2,6,15,B01
200800012955,0,7,0,2,0,9,1,A01
200800012956,0,7,0,0,1,0,1,A01
200800012957,0,7,0,0,2,1,15,A01
200800012957,0,7,0,0,2,3,1,B01
200800012958,0,7,0,0,2,9,16,B01
200800012958,0,7,0,1,2,5,1,A01
200800012959,0,7,0,1,2,1,1,A01
200800012960,0,7,0,0,1,0,1,A01
200800012961,0,7,0,0,2,8,16,B01
200800012961,0,7,0,1,2,1,1,A01
200800012962,0,7,0,0,1,0,4,A01
200800012963,0,7,0,0,2,1,1,A01
200800012963,0,7,0,0,2,1,1,B01
200800012964,0,7,0,0,1,2,1,A01
200800012965,0,7,0,1,2,1,1,A01
200800012965,0,7,0,0,2,6,1,B01
200800012966,0,7,0,0,1,0,1,A01
200800012967,0,31,0,0,2,8,1,A01
200800012967,0,7,0,0,2,3,1,B01
200800012968,0,2,0,14,2,9,19,A01
200800012968,0,7,0,0,2,1,1,B01
200800012969,0,7,0,0,2,9,6,A01
200800012969,0,7,0,0,2,5,1,B01
200800012970,0,7,0,0,2,1,1,A01
200800012970,0,7,0,0,2,1,15,B01
200800012971,0,7,0,0,2,1,15,A01
200800012971,0,7,0,0,2,9,1,B01
200800012972,0,7,0,14,2,2,1,A01
200800012972,0,2,0,0,2,1,1,B01
200800012973,0,7,0,0,1,0,1,A01
200800012974,0,7,0,0,2,1,1,A01
200800012974,0,7,0,0,2,8,20,B01
200800012975,0,1,0,0,2,1,16,B01
200800012975,0,7,0,0,2,1,1,A01
200800012976,0,2,0,1,0,1,1,A01
200800012977,0,2,0,0,2,0,13,A01
200800012977,0,7,0,0,2,1,16,B01
200800012978,0,7,0,0,2,3,19,A01
200800012978,0,2,0,0,2,0,1,B01
200800012979,0,7,0,0,1,2,1,A01
200800012980,0,7,0,0,2,1,9,A01
200800012980,0,2,0,0,2,9,1,B01
200800012981,0,7,0,0,2,1,15,A01
200800012981,0,7,0,0,2,1,1,B01
200800012982,0,7,0,0,2,9,2,A01
200800012982,0,7,0,0,2,4,1,B01
200800012983,0,7,0,0,1,2,1,A01
200800012984,0,99,0,13,0,7,1,A01
200800012985,0,14,0,0,0,3,21,A01
200800012985,0,7,0,0,0,1,13,B01
200800012986,0,10,0,0,0,8,10,A01
200800012986,0,33,0,0,2,1,0,B01
200800012987,0,7,0,0,9,3,1,A01
200800012987,0,1,0,0,2,9,0,B01
200800012988,0,7,0,0,1,3,2,A01
200800012989,0,37,1,0,9,0,0,B01
200800012989,0,2,0,0,2,3,0,A01
200800012990,0,7,0,0,0,1,2,A01
200800012990,0,7,0,0,0,6,2,B01
200800012991,0,7,0,0,2,3,13,A01
200800012991,0,7,0,0,2,3,1,B01
200800012992,0,7,0,0,2,1,1,A01
200800012992,0,7,0,0,2,1,1,B01
200800012993,0,7,0,0,0,0,0,A01
200800012993,0,30,0,0,0,0,17,B01
200800012994,0,2,0,0,0,4,2,B01
200800012994,0,7,0,0,2,1,2,A01
200800012995,0,7,0,0,0,2,15,A01
200800012995,0,1,0,0,0,3,13,B01
200800012996,0,7,0,16,0,0,0,A01
200800012997,0,2,0,0,2,8,1,A01
200800012997,1,7,0,0,2,8,13,B01
200800012998,0,7,0,0,2,5,15,A01
200800012998,0,1,0,0,2,1,1,B01
200800012999,1,7,0,0,2,2,21,A01
200800012999,0,1,0,0,2,4,0,B01
200800013000,0,30,0,0,2,1,1,B01
200800013000,0,7,0,0,2,3,19,A01
200800013001,0,7,0,0,1,3,1,A01
200800013002,0,7,0,0,2,1,15,A01
200800013002,0,30,0,0,2,1,1,B01
200800013003,0,10,0,0,2,2,16,A01
200800013003,0,30,0,0,2,1,1,B01
200800013004,0,7,0,0,2,2,15,A01
200800013004,0,2,0,0,2,1,1,B01
200800013005,0,7,0,0,2,3,9,A01
200800013005,0,30,0,0,2,7,9,B01
200800013006,0,7,0,0,2,4,10,A01
200800013006,0,33,0,0,2,1,1,B01
200800013007,0,7,0,0,1,1,1,A01
200800013008,0,7,0,0,2,1,1,B01
200800013008,0,7,0,0,2,7,1,A01
200800013009,0,7,0,0,0,3,15,A01
200800013009,0,31,0,0,2,1,17,B01
200800013010,0,7,0,0,2,2,13,A01
200800013010,0,7,0,0,2,3,1,B01
200800013011,0,7,0,0,1,1,1,A01
200800013012,0,7,0,0,0,4,23,A01
200800013012,0,30,0,0,2,1,1,B01
200800013013,0,7,0,0,2,2,16,A01
200800013013,0,33,0,0,0,8,23,B01
200800013014,0,7,0,0,2,2,19,A01
200800013014,0,7,0,0,2,1,1,B01
200800013015,0,31,0,0,2,1,1,B01
200800013015,0,3,0,0,2,3,19,A01
200800013016,0,33,0,0,1,1,0,A01
200800013017,0,7,0,0,1,2,11,A01
200800013018,0,7,0,0,0,4,23,B01
200800013018,0,30,0,1,0,1,2,A01
200800013019,0,7,0,0,2,3,1,B01
200800013019,0,7,0,15,2,3,1,A01
200800013020,0,7,0,0,2,8,1,B01
200800013020,0,7,0,0,2,1,15,A01
200800013021,0,7,0,0,2,1,2,A01
200800013021,0,7,0,0,0,4,23,B01
200800013022,0,10,0,0,2,2,15,A01
200800013022,0,2,0,1,2,1,1,B01
200800013023,0,7,0,0,2,3,15,A01
200800013023,0,2,0,0,2,1,17,B01
200800013024,0,14,0,0,2,1,1,A01
200800013024,0,1,0,0,2,8,19,B01
200800013025,0,7,0,0,1,2,1,A01
200800013026,0,2,0,0,2,3,9,A01
200800013026,0,7,0,0,2,2,1,B01
200800013027,0,33,0,0,2,1,1,B01
200800013027,0,7,0,0,2,6,9,A01
200800013028,0,30,0,0,0,7,13,A01
200800013029,0,1,0,16,0,1,16,A01
200800013030,0,7,0,0,2,2,1,A01
200800013030,0,30,0,0,2,1,1,B01
200800013031,0,7,0,0,2,1,1,B01
200800013031,0,7,0,0,2,7,1,A01
200800013032,0,7,0,0,1,2,1,A01
200800013033,0,7,0,0,1,2,16,A01
200800013034,0,7,0,6,0,7,1,A01
200800013035,0,32,0,0,2,1,13,A01
200800013035,0,7,0,0,2,3,0,B01
200800013036,0,7,0,0,2,2,15,A01
200800013036,0,30,0,0,2,1,1,B01
200800013037,0,7,0,0,0,1,0,A01
200800013037,0,7,0,0,0,8,1,B01
200800013038,0,37,5,0,2,1,1,A01
200800013038,0,7,0,0,0,4,16,B01
200800013039,0,7,0,0,2,1,15,A01
200800013039,0,2,0,0,0,1,1,B01
200800013040,0,7,0,0,2,4,23,A01
200800013040,0,7,0,14,0,1,1,B01
200800013041,0,7,0,3,0,1,1,A01
200800013042,1,7,0,0,9,1,15,A01
200800013042,0,1,0,0,2,6,1,B01
200800013043,0,7,0,0,2,1,9,A01
200800013043,0,7,0,0,2,7,1,B01
200800013044,0,7,0,0,2,1,17,A01
200800013044,0,30,0,0,2,1,1,B01
200800013045,0,7,0,0,2,1,9,A01
200800013045,0,7,0,0,2,2,17,B01
200800013046,0,7,0,0,2,1,15,A01
200800013046,0,7,0,0,2,1,1,B01
200800013047,0,7,0,0,2,1,9,A01
200800013047,0,30,0,0,2,1,9,B01
200800013048,0,7,0,0,2,3,1,A01
200800013048,0,30,0,0,2,1,1,B01
200800013049,0,7,0,0,2,3,15,A01
200800013049,0,2,0,0,2,2,1,B01
200800013050,0,7,0,0,1,3,1,A01
200800013051,0,10,0,0,2,8,10,A01
200800013051,0,33,0,0,2,1,1,B01
200800013052,0,7,0,0,2,8,1,B01
200800013052,0,7,0,0,2,7,15,A01
200800013053,0,2,0,0,1,1,1,A01
200800013054,1,7,0,0,0,0,15,A01
200800013054,0,7,0,1,0,3,1,B01
200800013055,1,30,0,0,1,1,1,A01
200800013056,0,2,0,0,2,1,15,A01
200800013056,0,7,0,0,0,3,1,B01
200800013057,0,7,0,0,9,1,15,A01
200800013057,0,33,0,0,2,1,16,B01
200800013058,0,7,0,0,2,1,16,A01
200800013058,0,7,0,0,2,3,1,B01
200800013059,0,2,0,0,0,0,1,A01
200800013060,0,7,0,0,9,1,1,B01
200800013060,0,30,0,0,2,2,1,A01
200800013061,0,7,0,0,2,1,1,B01
200800013061,0,7,0,0,2,7,1,A01
200800013062,1,7,0,0,1,2,1,A01
200800013063,0,2,0,0,2,1,1,B01
200800013063,0,7,0,0,2,7,1,A01
200800013064,0,7,0,0,1,2,1,A01
200800013065,0,7,0,0,0,5,2,B01
200800013065,0,2,0,0,2,1,2,A01
200800013066,0,7,0,0,2,1,15,A01
200800013066,0,1,0,0,2,1,0,B01
200800013067,0,7,0,0,2,7,16,B01
200800013067,0,7,0,0,2,1,1,A01
200800013068,0,7,0,0,2,3,0,A01
200800013068,0,7,0,0,2,3,0,B01
200800013069,0,7,0,0,2,1,2,A01
200800013069,0,7,0,0,2,4,23,B01
200800013070,0,7,0,0,2,0,0,A01
200800013071,0,7,0,0,1,1,1,A01
200800013072,0,7,0,2,0,1,13,A01
200800013073,0,7,0,14,0,1,0,A01
200800013074,0,7,0,0,9,1,1,A01
200800013074,0,1,0,0,2,7,1,B01
200800013075,0,7,0,0,2,3,15,A01
200800013075,0,7,0,9,2,3,1,B01
200800013075,0,1,0,0,2,4,1,C01
200800013076,0,7,0,0,2,5,12,A01
200800013076,0,13,0,0,2,3,1,B01
200800013077,0,7,0,1,0,1,0,A01
200800013078,0,2,0,0,2,1,13,A01
200800013078,0,7,0,0,2,1,1,B01
200800013079,0,7,0,0,2,2,0,A01
200800013079,0,7,0,0,2,1,0,B01
200800013080,0,2,0,6,0,8,1,A01
200800013081,0,7,0,0,0,0,0,A01
200800013081,0,2,0,6,0,1,0,B01
200800013082,0,30,0,0,1,1,1,A01
200800013083,0,7,0,6,0,2,0,A01
200800013084,0,7,0,0,2,1,2,A01
200800013084,0,7,0,0,2,4,2,B01
200800013085,0,7,0,0,4,2,16,A01
200800013085,0,40,0,0,2,3,1,B01
200800013086,0,7,0,0,2,2,0,A01
200800013086,0,7,0,0,2,1,0,B01
200800013087,0,10,0,0,2,7,1,B01
200800013087,0,7,0,0,2,1,0,A01
200800013088,0,7,0,12,0,1,1,A01
200800013089,0,7,0,0,2,1,0,A01
200800013089,0,7,0,0,2,0,0,B01
200800013090,0,7,0,6,2,8,1,B01
200800013090,0,7,0,0,2,1,1,A01
200800013091,0,7,0,0,1,1,15,A01
200800013092,0,7,0,0,2,1,0,A01
200800013092,0,7,0,0,2,3,0,B01
200800013093,0,7,0,9,0,7,6,A01
200800013094,0,7,0,4,0,1,0,A01
200800013095,0,7,0,0,2,1,15,A01
200800013096,0,7,0,0,2,3,11,A01
200800013096,0,33,0,0,2,1,1,B01
200800013097,0,7,0,0,2,1,1,A01
200800013097,0,7,0,0,2,4,0,B01
200800013098,0,7,0,0,1,7,1,A01
200800013099,0,7,0,6,2,8,1,B01
200800013099,0,7,0,0,2,2,1,A01
200800013100,0,10,0,0,2,7,0,B01
200800013100,0,7,0,0,2,3,9,A01
200800013101,0,7,0,15,0,9,0,A01
200800013102,0,7,0,0,2,1,1,B01