Num_Acc,senc,catv,occutc,obs,obsm,choc,manv,num_veh
200800013102,0,7,0,0,2,3,1,A01
200800013103,0,7,0,6,0,1,1,A01
200800013104,0,2,0,0,2,1,1,A01
200800013104,0,7,0,0,2,1,16,B01
200800013105,0,7,0,1,0,1,0,A01
200800013106,0,7,0,2,0,5,0,A01
200800013107,0,7,0,0,2,1,1,A01
200800013107,0,7,0,0,2,4,1,B01
200800013108,0,2,0,12,0,1,1,A01
200800013109,0,7,0,0,2,1,1,A01
200800013109,0,7,0,0,2,4,23,B01
200800013109,0,7,0,0,2,4,23,C01
200800013110,0,7,0,0,2,2,15,A01
200800013110,0,33,0,0,2,1,1,B01
200800013111,0,33,0,12,0,1,1,A01
200800013112,0,7,0,0,2,1,1,A01
200800013112,0,7,0,0,2,4,15,B01
200800013113,0,1,0,0,2,4,1,B01
200800013113,0,7,0,0,2,3,15,A01
200800013114,0,7,0,0,1,1,1,A01
200800013115,0,7,0,6,0,2,1,A01
200800013116,0,33,0,0,2,1,2,A01
200800013116,0,7,0,0,0,4,2,B01
200800013117,0,30,0,0,2,1,2,A01
200800013117,0,7,0,0,2,4,1,B01
200800013118,0,7,0,0,1,1,1,A01
200800013119,0,7,0,0,2,3,2,A01
200800013119,0,30,0,0,2,7,1,B01
200800013120,0,7,0,0,2,2,12,A01
200800013120,0,1,0,0,2,3,1,B01
200800013121,0,7,0,2,0,1,1,A01
200800013122,0,30,0,0,2,1,2,A01
200800013122,0,7,0,0,0,4,0,B01
200800013123,0,7,0,0,2,1,2,B01
200800013123,0,7,0,0,2,4,1,A01
200800013123,0,7,0,0,2,4,1,C01
200800013124,0,1,0,0,2,4,9,A01
200800013124,0,7,0,0,2,1,1,B01
200800013125,0,7,0,0,1,1,1,A01
200800013126,0,7,0,0,1,1,1,A01
200800013127,0,30,0,0,2,8,17,A01
200800013127,0,99,0,0,2,3,1,B01
200800013128,0,7,0,0,2,1,2,A01
200800013128,0,10,0,0,2,4,2,B01
200800013128,0,7,0,0,2,4,2,C01
200800013128,0,10,0,0,2,4,2,D01
200800013129,0,7,0,0,2,2,13,A01
200800013129,0,33,0,0,2,1,17,B01
200800013130,0,2,0,12,0,1,0,A01
200800013131,0,30,0,0,0,7,1,A01
200800013132,0,2,0,2,0,1,14,A01
200800013133,0,7,0,0,1,1,1,A01
200800013134,0,7,0,0,2,1,0,A01
200800013134,0,7,0,0,0,4,1,B01
200800013135,0,7,0,0,2,1,15,A01
200800013135,0,30,0,0,2,1,1,B01
200800013136,0,7,0,0,9,2,15,A01
200800013136,0,2,0,0,2,1,1,B01
200800013137,0,2,0,0,2,7,1,A01
200800013137,0,7,0,0,9,1,1,B01
200800013138,0,7,0,13,0,1,1,A01
200800013139,0,2,0,0,1,1,1,A01
200800013140,0,7,0,0,1,1,1,A01
200800013141,0,7,0,8,0,1,1,A01
200800013142,0,7,0,0,1,0,0,A01
200800013143,0,7,0,6,0,2,1,A01
200800013144,0,7,0,0,1,1,1,A01
200800013145,0,7,0,0,2,2,16,A01
200800013145,0,30,0,0,0,8,16,B01
200800013146,1,7,0,0,2,5,1,A01
200800013146,0,2,0,0,2,1,1,B01
200800013147,0,2,0,0,2,1,5,A01
200800013147,0,7,0,0,2,5,0,B01
200800013148,0,7,0,0,2,3,1,B01
200800013148,0,7,0,0,2,1,15,A01
200800013149,0,7,0,0,2,7,13,A01
200800013149,0,7,0,0,2,1,1,B01
200800013150,0,7,0,0,1,1,15,A01
200800013151,0,2,0,0,2,1,2,A01
200800013151,0,7,0,0,2,5,15,B01
200800013152,0,7,0,0,2,8,15,A01
200800013152,0,30,0,0,2,8,1,B01
200800013153,0,2,0,0,0,1,1,A01
200800013154,0,7,0,0,2,8,16,A01
200800013154,0,10,0,0,2,1,1,B01
200800013155,0,7,0,0,2,2,16,A01
200800013155,0,7,0,0,2,2,1,B01
200800013156,0,7,0,0,0,7,0,A01
200800013156,0,1,0,0,2,1,1,B01
200800013157,0,7,0,0,2,5,16,A01
200800013157,0,30,0,0,2,1,1,B01
200800013158,0,30,0,0,0,0,0,A01
200800013159,0,7,0,0,2,1,13,A01
200800013159,0,7,0,0,2,1,1,B01
200800013160,0,7,0,0,1,2,15,A01
200800013161,0,2,0,0,2,1,1,B01
200800013161,0,7,0,0,2,3,9,A01
200800013162,0,7,0,9,0,2,14,A01
200800013163,0,7,0,0,2,1,13,A01
200800013163,0,14,0,0,2,1,1,B01
200800013164,0,7,0,0,2,4,2,B01
200800013164,0,7,0,0,2,1,1,A01
200800013165,0,2,0,0,6,0,21,A01
200800013166,0,7,0,0,2,3,1,B01
200800013166,0,30,0,0,2,1,13,A01
200800013167,0,7,0,13,0,9,21,A01
200800013168,0,1,0,0,2,1,5,B01
200800013168,0,30,0,0,2,1,15,A01
200800013169,0,7,0,0,2,7,17,B01
200800013169,0,30,0,0,2,8,13,A01
200800013170,0,7,0,0,2,8,10,A01
200800013170,0,30,0,0,2,1,17,B01
200800013171,0,2,0,0,2,1,1,B01
200800013171,0,7,0,0,2,1,15,A01
200800013172,0,30,0,1,0,1,0,A01
200800013173,0,7,0,0,2,1,1,B01
200800013173,0,2,0,0,2,8,9,A01
200800013174,0,33,0,8,0,1,13,A01
200800013175,0,7,0,0,1,2,15,A01
200800013176,0,7,0,11,0,2,14,A01
200800013177,0,7,0,0,2,1,1,B01
200800013177,0,7,0,0,0,7,1,A01
200800013177,0,7,0,0,0,1,23,C01
200800013178,0,1,0,0,2,1,1,A01
200800013178,0,7,0,0,2,3,15,B01
200800013179,0,10,0,0,1,4,4,A01
200800013180,0,1,0,0,0,5,1,B01
200800013180,0,7,0,0,2,1,1,A01
200800013181,1,33,0,0,1,1,1,A01
200800013182,0,7,0,0,2,2,1,A01
200800013182,0,7,0,0,0,1,1,B01
200800013183,0,7,0,0,2,0,20,A01
200800013183,0,33,0,0,2,1,1,B01
200800013184,0,7,0,0,1,3,1,A01
200800013185,0,30,0,0,2,1,1,A01
200800013185,0,7,0,0,0,6,15,B01
200800013186,0,33,0,0,2,1,1,A01
200800013186,0,7,0,0,2,6,23,B01
200800013187,0,2,0,0,2,1,1,A01
200800013187,0,7,0,0,0,3,1,B01
200800013188,0,7,0,0,2,3,9,A01
200800013188,0,33,0,0,2,1,1,B01
200800013189,0,7,0,0,2,6,13,A01
200800013189,0,7,0,0,2,1,1,B01
200800013190,0,14,0,0,2,5,20,A01
200800013190,0,33,0,0,2,1,1,B01
200800013191,0,7,0,0,1,1,1,A01
200800013192,0,7,0,0,2,2,15,A01
200800013193,0,33,0,0,1,1,1,A01
200800013194,0,7,0,0,2,0,1,A01
200800013194,0,2,0,0,2,0,1,B01
200800013195,0,7,0,0,0,3,1,A01
200800013195,0,30,0,0,2,1,1,B01
200800013196,0,7,0,0,2,6,15,B01
200800013196,0,33,0,0,2,1,17,A01
200800013197,0,33,0,0,0,8,1,A01
200800013198,0,7,0,13,0,9,13,A01
200800013199,0,7,0,0,2,3,15,A01
200800013199,0,33,0,0,2,8,1,B01
200800013200,0,7,0,0,2,2,0,A01
200800013200,0,31,0,0,2,7,1,B01
200800013201,0,7,0,15,0,1,6,A01
200800013202,0,7,0,0,2,2,12,A01
200800013202,0,7,0,0,2,3,1,B01
200800013203,0,7,0,0,2,3,10,A01
200800013203,0,2,0,0,2,2,17,B01
200800013204,0,1,0,0,0,7,1,A01
200800013204,0,1,0,0,2,8,1,B01
200800013205,0,7,0,0,2,2,15,A01
200800013205,0,33,0,0,2,1,1,B01
200800013206,0,10,0,0,1,1,1,A01
200800013207,1,37,0,0,2,7,16,A01
200800013207,0,7,0,0,2,8,1,B01
200800013208,0,7,0,0,2,1,15,A01
200800013208,0,2,0,0,2,7,1,B01
200800013209,0,7,0,0,2,3,15,A01
200800013209,0,2,0,0,2,1,1,B01
200800013210,0,33,0,16,0,8,15,A01
200800013211,0,7,0,0,1,1,21,A01
200800013212,0,30,0,0,2,7,1,B01
200800013212,0,7,0,0,2,1,15,A01
200800013213,0,1,0,0,2,7,1,B01
200800013213,0,7,0,0,2,1,1,A01
200800013214,0,1,0,0,2,7,1,B01
200800013214,0,7,0,0,2,1,15,A01
200800013215,0,7,0,0,2,3,1,A01
200800013215,0,1,0,0,2,1,1,B01
200800013216,0,7,0,0,2,8,15,A01
200800013216,0,7,0,0,2,1,1,B01
200800013217,0,7,0,0,1,2,14,A01
200800013218,0,7,0,0,1,1,1,A01
200800013219,0,7,0,0,2,1,1,A01
200800013219,0,7,0,0,2,4,1,B01
200800013220,0,40,0,0,2,1,1,B01
200800013220,0,2,0,0,2,1,0,A01
200800013221,0,10,0,0,2,7,15,A01
200800013221,0,33,0,15,2,1,1,B01
200800013222,0,30,0,0,2,1,1,B01
200800013222,0,7,0,0,2,1,16,A01
200800013223,0,7,0,2,0,3,0,A01
200800013224,0,30,0,0,1,1,1,A01
200800013225,0,7,0,0,2,1,1,A01
200800013225,0,7,0,0,2,4,1,B01
200800013226,0,30,0,0,2,2,1,B01
200800013226,0,7,0,0,2,3,16,A01
200800013227,0,7,0,0,1,1,1,A01
200800013228,0,21,0,0,0,8,15,A01
200800013229,0,7,0,0,2,1,1,B01
200800013229,2,7,0,0,2,1,16,A01
200800013230,0,7,0,0,2,3,20,A01
200800013230,0,2,0,0,2,7,1,B01
200800013231,0,1,0,0,2,4,1,B01
200800013231,0,7,0,0,2,4,4,A01
200800013232,0,7,0,0,2,1,1,A01
200800013232,0,1,0,0,2,3,1,B01
200800013233,0,7,0,0,1,2,1,A01
200800013234,0,7,0,0,1,4,4,A01
200800013235,0,30,0,0,1,1,1,A01
200800013236,0,7,0,0,2,7,1,A01
200800013236,0,30,0,0,2,8,1,B01
200800013237,0,7,0,2,0,1,1,A01
200800013238,0,7,0,10,0,3,1,A01
200800013239,0,7,0,0,1,1,15,A01
200800013239,0,2,0,0,2,1,1,B01
200800013240,0,7,0,3,0,1,1,A01
200800013241,0,7,0,0,2,8,1,A01
200800013241,0,7,0,0,2,1,15,B01
200800013242,0,33,0,0,0,0,1,A01
200800013242,0,7,0,0,0,0,20,B01
200800013243,0,7,0,0,2,2,9,A01
200800013243,0,1,0,0,2,1,1,B01
200800013244,0,7,0,0,2,8,1,B01
200800013244,0,7,0,0,2,1,1,A01
200800013245,0,7,0,0,1,1,15,A01
200800013246,0,7,0,0,4,1,15,A01
200800013246,0,40,0,0,2,8,1,B01
200800013247,0,1,0,0,2,1,1,A01
200800013247,0,1,0,0,2,1,1,B01
200800013248,0,38,0,0,0,7,1,B01
200800013248,0,7,0,0,2,1,15,A01
200800013249,0,7,0,12,0,2,1,A01
200800013250,0,7,0,0,1,2,1,A01
200800013251,0,7,0,0,2,1,13,A01
200800013251,0,7,0,0,2,1,1,B01
200800013252,0,7,0,0,2,1,16,B01
200800013252,0,33,0,0,2,1,5,A01
200800013253,0,40,0,0,1,7,15,A01
200800013254,0,1,0,0,2,1,1,B01
200800013254,0,1,0,0,2,8,19,A01
200800013255,0,7,0,0,2,3,1,A01
200800013255,0,10,0,0,2,2,1,B01
200800013256,0,7,0,0,2,1,1,A01
200800013256,0,37,30,0,2,4,1,B01
200800013257,0,7,0,0,1,1,15,A01
200800013258,0,7,0,0,2,3,15,A01
200800013258,0,1,0,0,2,1,1,B01
200800013259,0,7,0,0,2,8,1,B01
200800013259,1,7,0,0,2,1,1,A01
200800013260,0,7,0,0,2,4,23,B01
200800013260,0,7,0,0,2,1,2,A01
200800013261,0,2,0,0,2,1,1,B01
200800013261,0,7,0,0,2,6,15,A01
200800013262,1,7,0,0,2,1,2,A01
200800013262,0,7,0,0,2,4,1,B01
200800013263,0,7,0,0,2,6,0,A01
200800013263,0,2,0,0,2,1,1,B01
200800013264,0,33,0,0,0,0,16,A01
200800013265,0,2,0,0,2,1,17,A01
200800013265,0,7,0,0,2,3,15,B01
200800013266,0,7,0,0,2,2,15,A01
200800013266,0,31,0,0,2,1,1,B01
200800013267,0,7,0,0,1,2,1,A01
200800013268,0,7,0,0,2,6,1,A01
200800013268,0,7,0,9,2,0,1,B01
200800013269,0,7,0,0,1,1,0,A01
200800013270,0,7,0,0,2,2,15,A01
200800013270,0,2,0,1,2,1,19,B01
200800013271,0,2,0,0,2,1,16,A01
200800013271,0,7,0,0,2,6,0,B01
200800013272,0,15,0,0,2,1,0,A01
200800013272,0,7,0,0,9,4,0,B01
200800013273,0,7,0,0,2,3,15,A01
200800013273,0,30,0,0,2,1,1,B01
200800013274,0,7,0,0,1,6,1,A01
200800013275,0,7,0,0,0,3,15,A01
200800013275,0,2,0,0,2,2,17,B01
200800013276,0,2,0,0,2,1,19,A01
200800013276,0,7,0,0,2,3,0,B01
200800013277,0,7,0,0,1,3,1,A01
200800013278,0,7,0,0,2,3,15,A01
200800013278,0,33,0,0,2,8,21,B01
200800013279,0,7,0,0,2,4,2,B01
200800013279,0,7,0,0,2,4,2,F01
200800013279,0,17,0,0,2,1,2,A01
200800013279,0,7,0,0,2,4,2,G01
200800013279,0,7,0,0,2,4,2,C01
200800013279,0,7,0,0,0,4,2,H01
200800013279,0,7,0,0,2,4,2,D01
200800013279,0,7,0,0,2,4,2,E01
200800013280,0,7,0,0,1,1,16,A01
200800013281,1,99,0,0,1,1,1,A01
200800013282,0,37,0,0,2,3,0,A01
200800013282,0,33,0,0,2,1,1,B01
200800013283,0,7,0,0,2,7,16,A01
200800013283,0,30,0,0,2,8,1,B01
200800013284,0,7,0,0,2,1,5,A01
200800013284,0,2,0,0,2,1,1,B01
200800013284,0,10,0,0,2,1,1,C01
200800013285,0,7,0,0,1,1,1,A01
200800013286,1,99,0,0,1,1,1,A01
200800013287,0,37,0,6,0,1,1,A01
200800013288,0,7,0,0,2,1,1,A01
200800013288,0,7,0,0,0,4,23,C01
200800013288,0,7,0,0,0,4,23,B01
200800013289,0,30,0,0,2,7,1,A01
200800013289,0,7,0,0,2,1,1,B01
200800013290,0,7,0,0,2,1,1,A01
200800013290,0,7,0,0,2,4,1,B01
200800013290,0,7,0,0,2,4,1,C01
200800013291,0,7,0,0,1,3,1,A01
200800013292,0,14,0,0,1,2,0,A01
200800013293,0,7,0,0,2,2,0,B01
200800013293,0,7,0,0,2,3,0,A01
200800013294,0,32,0,0,2,0,2,B01
200800013294,0,7,0,0,0,0,2,A01
200800013295,0,7,0,11,0,1,1,A01
200800013296,0,33,0,0,2,1,15,B01
200800013296,0,7,0,0,2,6,10,A01
200800013297,0,1,0,0,2,1,0,A01
200800013297,0,7,0,0,2,1,9,B01
200800013298,0,30,0,0,2,1,1,A01
200800013298,0,7,0,0,2,4,16,B01
200800013299,0,7,0,0,2,2,15,A01
200800013299,0,37,20,0,2,3,2,B01
200800013300,0,7,0,0,1,1,1,A01
200800013301,0,7,0,0,2,8,15,B01
200800013301,0,7,0,0,2,1,1,A01
200800013302,0,7,0,0,2,3,9,A01
200800013302,0,7,0,0,2,3,1,B01
200800013303,0,7,0,0,2,3,2,A01
200800013303,0,33,0,0,2,9,21,B01
200800013303,0,33,0,0,2,9,2,C01
200800013304,0,7,0,0,1,2,1,A01
200800013305,0,30,0,0,2,1,1,B01
200800013305,0,7,0,0,2,8,15,A01
200800013306,0,30,0,0,2,1,1,A01
200800013306,0,7,0,0,2,3,15,B01
200800013307,0,7,0,0,2,2,1,B01
200800013307,0,7,0,15,2,1,1,A01
200800013308,0,2,0,0,2,1,1,B01
200800013308,0,7,0,0,2,4,4,A01
200800013309,0,32,0,0,2,1,1,A01
200800013309,0,7,0,0,2,8,1,B01
200800013310,0,36,0,0,1,1,14,A01
200800013311,0,2,0,0,2,3,1,B01
200800013311,0,7,0,0,2,3,15,A01
200800013312,0,7,0,0,2,8,1,A01
200800013312,0,7,0,0,2,1,1,B01
200800013313,0,33,0,0,2,1,1,B01
200800013313,0,7,0,0,2,5,20,A01
200800013314,0,7,0,0,1,2,1,A01
200800013315,0,7,0,1,2,3,20,B01
200800013315,0,7,0,0,2,2,1,A01
200800013316,0,7,0,0,2,2,1,B01
200800013316,0,1,0,0,2,1,15,A01
200800013317,0,7,0,0,1,4,4,A01
200800013318,0,1,0,0,2,7,2,B01
200800013318,0,13,0,0,9,7,2,A01
200800013319,0,7,0,0,2,3,2,A01
200800013319,0,1,0,0,2,4,2,B01
200800013320,0,7,0,0,2,1,19,A01
200800013320,0,7,0,0,2,6,1,C01
200800013320,0,33,0,0,2,1,1,B01
200800013321,0,7,0,0,0,7,1,A01
200800013322,2,7,0,0,2,3,1,A01
200800013322,0,7,0,0,2,3,1,B01
200800013323,0,7,0,0,2,8,16,B01
200800013323,0,15,0,0,2,6,16,A01
200800013324,0,14,0,8,2,3,13,A01
200800013324,0,7,0,0,2,1,1,B01
200800013325,0,7,0,0,2,1,1,A01
200800013325,0,7,0,0,2,1,15,B01
200800013326,0,7,0,0,1,2,1,A01
200800013327,0,1,0,0,0,0,1,A01
200800013327,0,7,0,0,0,0,15,B01
200800013328,0,33,0,0,2,1,17,A01
200800013328,0,7,0,0,2,6,15,B01
200800013329,0,7,0,0,2,3,15,A01
200800013329,0,3,0,0,2,1,1,B01
200800013330,0,7,0,0,2,2,15,A01
200800013330,0,2,0,0,2,1,1,B01
200800013331,0,7,0,0,1,2,1,A01
200800013332,0,1,0,0,2,1,9,B01
200800013332,1,7,0,0,2,2,9,A01
200800013333,0,7,0,0,1,2,1,A01
200800013334,0,33,0,0,0,1,1,A01
200800013335,0,7,0,0,0,4,4,A01
200800013335,0,30,0,0,0,1,2,B01
200800013336,0,37,1,0,1,2,1,A01
200800013337,0,7,0,0,1,0,4,A01
200800013338,0,14,0,0,2,1,15,A01
200800013338,0,7,0,0,2,1,1,B01
200800013339,0,7,0,0,1,2,1,A01
200800013340,0,7,0,0,0,8,1,B01
200800013340,0,33,0,0,2,1,5,A01
200800013341,0,7,0,0,1,1,15,A01
200800013342,0,2,0,0,2,1,1,B01
200800013342,0,10,0,0,0,5,15,A01
200800013343,0,7,0,0,1,2,1,A01
200800013344,0,7,0,0,0,3,1,B01
200800013344,0,15,0,0,2,7,12,A01
200800013345,0,99,0,16,0,2,1,A01
200800013346,0,7,0,0,2,1,1,A01
200800013346,0,7,0,0,0,4,1,B01
200800013347,0,7,0,0,0,7,1,B01
200800013347,0,33,0,0,2,1,1,A01
200800013348,0,33,0,16,0,8,1,A01
200800013349,0,7,0,0,2,1,1,A01
200800013349,0,7,0,0,2,4,1,B01
200800013349,0,7,0,0,2,4,1,C01
200800013349,0,7,0,0,0,4,23,D01
200800013350,0,7,0,0,1,1,1,A01
200800013351,0,2,0,0,1,1,1,A01
200800013352,0,7,0,0,1,1,1,A01
200800013353,1,7,0,0,2,1,1,A01
200800013353,0,1,0,0,0,4,1,B01
200800013354,0,7,0,0,2,1,9,A01
200800013354,0,1,0,0,0,7,1,B01
200800013355,0,2,0,16,0,1,1,A01
200800013356,1,7,0,0,2,0,1,A01
200800013356,0,7,0,0,0,1,1,B01
200800013357,0,7,0,0,1,7,1,B01
200800013358,0,7,0,3,0,1,1,A01
200800013359,0,7,0,0,2,2,15,A01
200800013359,0,33,0,0,0,1,1,B01
200800013360,0,7,0,0,2,1,1,A01
200800013360,0,7,0,0,0,8,1,B01
200800013361,0,7,0,0,0,3,15,B01
200800013361,0,7,0,0,2,1,1,A01
200800013362,0,7,0,0,0,8,15,B01
200800013362,0,2,0,0,2,1,1,A01
200800013363,0,7,0,0,2,1,10,A01
200800013363,0,2,0,0,0,1,1,B01
200800013364,0,7,0,0,1,2,1,A01
200800013365,0,7,0,0,2,2,1,A01
200800013365,0,2,0,0,0,1,1,B01
200800013366,0,2,0,0,2,7,12,A01
200800013366,0,2,0,0,2,7,1,B01
200800013367,0,7,0,0,2,3,13,A01
200800013367,0,7,0,0,2,1,1,B01
200800013368,0,34,0,0,2,7,17,A01
200800013368,0,7,0,0,0,8,15,B01
200800013369,0,33,0,0,1,2,1,A01
200800013370,0,7,0,0,2,6,9,A01
200800013370,0,33,0,0,2,2,1,B01
200800013371,0,38,1,0,2,1,5,A01
200800013371,0,2,0,0,2,1,5,B01
200800013372,0,7,0,0,2,3,13,A01
200800013372,0,7,0,0,2,3,0,B01
200800013373,0,14,0,0,1,4,4,A01
200800013374,0,7,0,0,1,1,1,A01
200800013375,0,7,0,0,2,5,15,A01
200800013375,0,2,0,0,0,1,1,B01
200800013376,0,7,0,0,0,1,1,B01
200800013376,0,7,0,0,2,6,0,A01
200800013377,0,7,0,0,1,3,0,A01
200800013377,0,30,0,0,2,2,2,B01
200800013378,0,7,0,0,9,3,2,A01
200800013378,0,1,0,0,2,2,2,B01
200800013379,0,7,0,0,9,3,15,B01
200800013379,0,32,0,0,2,1,1,A01
200800013380,0,33,0,0,2,5,2,A01
200800013380,0,7,0,0,2,6,10,B01
200800013381,0,30,0,0,0,1,1,A01
200800013382,0,30,0,0,2,1,1,B01
200800013382,0,7,0,0,2,2,11,A01
200800013383,0,7,0,0,2,4,2,B01
200800013383,0,7,0,0,2,1,1,A01
200800013384,0,7,0,0,1,0,1,A01
200800013385,0,7,0,0,2,1,13,A01
200800013385,0,7,0,0,2,1,1,B01
200800013386,0,2,0,0,2,1,1,B01
200800013386,0,7,0,0,0,3,15,A01
200800013387,0,1,0,0,2,5,2,B01
200800013387,0,7,0,0,9,0,0,A01
200800013388,0,2,0,12,0,2,1,A01
200800013389,0,2,0,0,0,8,1,A01
200800013390,0,7,0,0,2,8,2,A01
200800013390,0,10,0,0,2,3,2,B01
200800013391,0,7,0,0,2,1,1,B01
200800013391,0,7,0,0,2,1,15,A01
200800013392,0,7,0,13,0,9,1,A01
200800013393,0,7,0,0,2,7,1,B01
200800013393,0,7,0,0,2,1,1,A01
200800013394,0,7,0,3,0,1,1,A01
200800013395,0,7,0,0,1,1,15,A01
200800013396,0,7,0,0,1,3,1,A01
200800013397,0,7,0,8,0,3,1,A01
200800013398,0,7,0,0,2,4,2,B01
200800013398,0,7,0,0,2,1,2,A01
200800013399,0,30,0,0,0,8,15,A01
200800013400,0,31,0,0,0,7,1,A01
200800013401,0,7,0,13,2,1,13,A01
200800013401,0,7,0,13,2,1,1,B01
200800013402,0,14,0,0,0,3,15,B01
200800013402,0,30,0,0,2,1,17,A01
200800013403,0,7,0,0,2,3,13,A01
200800013403,0,30,0,0,2,1,1,B01
200800013404,0,7,0,0,1,2,1,A01
200800013405,0,7,0,0,2,1,1,A01
200800013405,0,7,0,0,2,4,1,B01
200800013406,0,2,0,0,0,0,0,A01
200800013407,1,7,0,0,2,0,0,A01
200800013407,0,33,0,0,0,4,16,B01
200800013408,1,7,0,14,0,1,1,A01
200800013408,0,7,0,0,0,4,23,B01
200800013409,0,30,0,0,2,7,15,B01
200800013409,0,7,0,0,2,3,1,A01
200800013410,0,7,0,0,2,1,2,A01
200800013410,0,7,0,0,2,4,23,B01
200800013410,0,7,0,0,2,4,23,C01
200800013410,0,7,0,0,2,4,23,D01
200800013411,0,7,0,0,2,7,12,A01
200800013411,0,7,0,0,2,8,1,B01
200800013412,0,7,0,0,2,2,17,B01
200800013412,0,15,0,0,2,3,11,A01
200800013413,0,15,0,0,2,2,12,A01
200800013413,0,7,0,0,2,3,1,B01
200800013414,0,7,0,15,0,1,1,A01
200800013415,0,7,0,14,0,1,1,A01
200800013415,0,7,0,0,0,4,23,B01
200800013416,0,7,0,0,2,1,1,A01
200800013416,0,7,0,0,2,8,1,B01
200800013416,0,7,0,0,2,1,1,C01
200800013417,0,7,0,0,1,1,1,A01
200800013418,0,33,0,0,2,1,1,B01
200800013418,0,7,0,0,2,7,1,A01
200800013419,0,2,0,0,2,1,17,A01
200800013419,0,7,0,0,2,2,15,B01
200800013420,0,7,0,15,0,0,0,A01
200800013421,0,7,0,0,2,1,9,A01
200800013421,0,2,0,0,2,1,1,B01
200800013422,0,7,0,0,2,7,15,A01
200800013422,0,2,0,0,2,1,1,B01
200800013423,0,2,0,0,2,1,1,A01
200800013423,0,7,0,0,2,3,1,B01
200800013424,0,7,0,0,2,3,1,A01
200800013424,0,33,0,1,2,1,1,B01
200800013425,1,7,0,0,2,1,1,A01
200800013425,0,7,0,0,2,1,23,B01
200800013426,0,2,0,0,2,8,13,A01
200800013426,0,7,0,12,2,2,1,B01
200800013427,0,7,0,1,0,2,2,A01
200800013427,0,7,0,0,2,3,24,B01
200800013428,0,10,0,0,1,8,15,A01
200800013429,0,2,0,0,2,1,1,B01
200800013429,0,7,0,0,2,1,15,A01
200800013430,0,7,0,0,2,3,13,A01
200800013430,0,7,0,0,0,3,1,B01
200800013431,0,7,0,2,2,1,1,A01
200800013432,0,1,0,12,0,0,2,A01
200800013433,0,7,0,9,2,2,15,A01
200800013433,0,2,0,12,0,8,1,B01
200800013434,0,30,0,0,0,0,0,A01
200800013435,0,7,0,0,9,1,19,A01
200800013435,0,30,0,0,2,7,1,B01
200800013436,0,7,0,0,2,2,15,A01
200800013436,0,30,0,1,2,3,1,B01
200800013437,1,2,0,0,0,0,0,A01
200800013437,0,7,0,11,0,8,15,B01
200800013438,0,31,0,0,0,0,0,A01
200800013439,0,33,0,8,0,1,1,A01
200800013440,0,7,0,0,2,1,15,A01
200800013440,0,7,0,6,2,1,1,B01
200800013441,0,7,0,0,2,1,15,A01
200800013441,0,7,0,0,2,1,15,B01
200800013442,0,7,0,0,1,2,1,A01
200800013443,0,7,0,0,1,2,13,A01
200800013444,0,30,0,0,2,1,1,A01
200800013444,0,99,0,0,2,1,1,B01
200800013445,0,7,0,1,2,3,0,A01
200800013445,0,30,0,1,0,1,1,B01
200800013446,0,13,0,0,1,1,1,A01
200800013447,0,7,0,0,2,7,15,A01
200800013447,0,7,0,0,2,2,1,B01
200800013448,0,7,0,0,2,3,11,A01
200800013448,0,33,0,1,2,3,1,B01
200800013448,0,7,0,0,2,3,0,C01
200800013449,0,7,0,0,1,2,1,A01
200800013450,0,7,0,13,0,2,1,A01
200800013451,0,7,0,0,2,2,15,A01
200800013451,0,2,0,0,2,1,0,B01
200800013452,0,7,0,0,2,8,19,A01
200800013452,0,7,0,0,2,3,19,B01
200800013453,0,7,0,0,2,3,11,A01
200800013453,0,30,0,0,2,8,1,B01
200800013454,0,7,0,0,2,2,1,B01
200800013454,0,7,0,0,2,2,15,A01
200800013455,0,7,0,0,1,3,1,A01
200800013456,0,2,0,0,2,1,3,A01
200800013456,0,15,0,0,2,6,1,B01
200800013456,0,14,0,0,2,0,0,C01
200800013457,0,7,0,3,0,9,1,A01
200800013458,0,7,0,0,2,2,15,A01
200800013458,0,30,0,0,2,5,5,B01
200800013459,0,7,0,0,2,1,2,A01
200800013459,0,7,0,0,2,4,1,B01
200800013460,0,7,0,0,2,7,16,A01
200800013460,0,31,0,0,2,3,1,B01
200800013461,0,7,0,0,1,2,17,A01
200800013462,0,7,0,0,1,1,1,A01
200800013463,0,7,0,9,0,3,7,A01
200800013464,0,30,0,1,0,1,0,A01
200800013465,0,7,0,0,2,6,4,B01
200800013465,0,7,0,0,2,2,13,A01
200800013466,0,2,0,0,2,1,1,A01
200800013466,0,7,0,0,2,4,1,B01
200800013467,0,7,0,0,2,2,12,A01
200800013467,0,33,0,0,2,1,2,B01
200800013468,0,7,0,0,9,3,12,A01
200800013468,0,2,0,0,2,3,1,B01
200800013469,0,10,0,0,2,2,1,A01
200800013469,0,7,0,0,2,6,15,B01
200800013470,0,7,0,0,2,1,13,A01
200800013470,0,7,0,0,2,1,1,B01
200800013471,0,2,0,0,0,0,0,A01
200800013472,0,30,0,0,6,1,1,A01
200800013473,0,7,0,1,0,3,13,A01
200800013474,0,7,0,8,0,1,0,A01
200800013475,0,7,0,0,0,3,19,A01
200800013475,0,7,0,0,2,1,2,B01
200800013476,0,7,0,0,1,3,15,A01
200800013477,0,7,0,0,0,6,1,B01
200800013477,0,14,0,0,2,2,1,A01