Num_Acc,senc,catv,occutc,obs,obsm,choc,manv,num_veh
200800013478,0,33,0,0,2,1,1,A01
200800013478,0,10,0,0,2,3,1,B01
200800013479,0,7,0,0,2,1,2,B01
200800013479,0,7,0,0,2,6,13,A01
200800013480,0,7,0,0,2,3,19,A01
200800013480,0,7,0,2,2,1,2,B01
200800013481,0,30,0,0,0,0,1,A01
200800013482,0,7,0,0,2,3,19,A01
200800013482,0,33,0,0,2,1,1,B01
200800013483,0,13,0,1,2,7,1,A01
200800013483,0,7,0,0,0,8,23,C01
200800013483,0,37,9,0,2,1,1,B01
200800013484,0,7,0,0,1,1,1,A01
200800013485,0,7,0,0,2,2,11,A01
200800013485,0,31,0,0,2,1,1,B01
200800013486,1,7,0,0,1,2,1,A01
200800013487,0,7,0,0,0,8,1,B01
200800013487,0,2,0,0,2,1,1,A01
200800013488,0,7,0,0,2,1,17,A01
200800013488,0,7,0,0,0,1,1,B01
200800013489,0,1,0,1,0,0,2,A01
200800013490,0,7,0,0,1,3,1,A01
200800013491,0,7,0,0,2,1,13,A01
200800013491,0,7,0,0,2,3,1,B01
200800013492,0,33,0,0,9,3,0,A01
200800013492,0,30,0,0,9,1,0,B01
200800013493,0,7,0,0,2,9,17,A01
200800013493,0,7,0,0,2,9,1,B01
200800013493,0,7,0,0,2,1,1,C01
200800013493,0,7,0,0,2,8,1,D01
200800013494,1,7,0,0,0,0,1,A01
200800013494,0,30,0,0,2,3,10,B01
200800013495,0,7,0,0,1,1,2,A01
200800013496,0,7,0,14,0,1,0,A01
200800013496,0,7,0,0,2,1,2,B01
200800013497,0,7,0,0,0,4,4,A01
200800013497,0,32,0,0,2,1,2,B01
200800013498,0,2,0,0,2,1,5,A01
200800013498,0,13,0,0,2,1,1,B01
200800013499,0,2,0,0,2,7,1,B01
200800013499,0,7,0,0,2,3,1,A01
200800013500,0,7,0,0,0,5,12,A01
200800013500,0,7,0,0,0,3,2,B01
200800013501,0,30,0,15,0,1,9,A01
200800013502,0,7,0,0,1,3,15,A01
200800013503,0,7,0,0,2,2,17,A01
200800013503,0,7,0,6,0,3,15,B01
200800013504,1,16,0,0,2,1,2,C01
200800013504,0,7,0,0,2,4,1,A01
200800013504,0,7,0,0,0,4,16,B01
200800013505,0,7,0,0,2,7,20,A01
200800013505,0,2,0,0,2,1,1,B01
200800013506,0,7,0,0,2,3,9,A01
200800013506,0,7,0,0,2,5,2,B01
200800013507,0,32,0,0,1,0,1,A01
200800013508,0,2,0,0,2,1,17,A01
200800013508,0,10,0,0,2,3,15,B01
200800013509,0,7,0,0,2,3,1,A01
200800013509,0,7,0,0,2,6,1,B01
200800013510,0,7,0,0,2,2,15,A01
200800013510,0,33,0,0,2,1,2,B01
200800013511,0,14,0,0,2,3,2,A01
200800013511,0,31,0,0,2,5,2,B01
200800013512,0,7,0,0,2,3,16,A01
200800013512,0,10,0,0,2,1,1,B01
200800013513,0,7,0,3,0,1,1,A01
200800013514,0,32,0,0,1,8,1,A01
200800013514,0,7,0,0,0,1,23,B01
200800013515,0,32,0,15,0,1,1,A01
200800013516,0,7,0,0,1,2,21,A01
200800013517,0,7,0,0,1,2,19,A01
200800013517,0,37,10,0,2,3,1,B01
200800013518,0,10,0,0,2,0,2,A01
200800013518,0,2,0,0,0,0,2,B01
200800013519,0,1,0,0,1,1,2,A01
200800013520,1,7,0,0,1,0,0,A01
200800013521,0,7,0,0,2,3,10,A01
200800013521,0,7,0,0,2,2,1,B01
200800013521,0,7,0,0,0,1,15,C01
200800013522,0,33,0,0,2,1,0,B01
200800013522,0,3,0,0,2,0,0,A01
200800013523,0,7,0,0,2,1,0,A01
200800013523,0,7,0,0,2,3,15,B01
200800013524,1,7,0,7,0,1,0,A01
200800013525,0,33,0,0,2,1,15,A01
200800013525,0,7,0,0,0,6,15,B01
200800013526,0,7,0,0,2,1,2,A01
200800013526,0,7,0,0,0,4,2,B01
200800013527,0,7,0,0,2,1,2,A01
200800013527,0,7,0,0,0,4,2,B01
200800013528,0,30,0,0,2,1,1,A01
200800013528,0,10,0,0,0,1,15,B01
200800013529,0,38,1,0,2,1,2,A01
200800013529,0,7,0,0,0,4,23,B01
200800013530,0,7,0,0,0,0,0,A01
200800013530,0,2,0,0,2,0,0,B01
200800013531,0,7,0,0,1,1,0,A01
200800013532,0,7,0,0,1,1,0,A01
200800013533,0,7,0,0,2,1,5,A01
200800013533,0,7,0,0,2,3,1,B01
200800013534,0,7,0,0,2,1,1,B01
200800013534,0,7,0,0,2,1,1,A01
200800013535,0,33,0,0,0,0,1,A01
200800013536,0,7,0,0,2,1,2,A01
200800013536,0,7,0,0,2,5,1,B01
200800013537,0,10,0,0,2,1,2,A01
200800013537,0,7,0,0,0,4,23,B01
200800013538,0,33,0,0,2,1,1,B01
200800013538,0,7,0,0,2,2,9,A01
200800013539,0,15,0,2,2,8,1,A01
200800013539,0,33,0,0,2,1,1,B01
200800013540,0,7,0,0,2,7,11,A01
200800013540,0,30,0,0,2,8,1,B01
200800013541,0,7,0,0,2,1,17,A01
200800013541,0,7,0,0,2,1,1,B01
200800013542,0,31,0,0,0,7,1,A01
200800013543,0,33,0,0,2,4,17,A01
200800013543,0,7,0,0,2,3,1,B01
200800013544,0,7,0,0,2,1,16,A01
200800013544,0,7,0,0,2,3,1,B01
200800013545,0,10,0,0,2,2,15,A01
200800013545,0,31,0,0,2,1,1,B01
200800013546,0,2,0,0,2,1,1,A01
200800013546,0,7,0,0,2,8,1,B01
200800013547,0,7,0,0,2,5,15,A01
200800013547,0,30,0,0,2,0,1,B01
200800013548,0,30,0,1,0,1,21,A01
200800013549,0,7,0,0,2,5,16,A01
200800013549,0,2,0,0,2,1,1,B01
200800013550,0,7,0,0,0,2,15,A01
200800013550,0,33,0,0,2,1,1,B01
200800013551,0,7,0,0,0,1,15,B01
200800013551,0,7,0,0,2,1,1,A01
200800013552,0,7,0,0,2,1,2,A01
200800013552,0,7,0,0,0,4,23,B01
200800013553,0,7,0,8,0,1,1,A01
200800013554,0,7,0,0,2,3,16,B01
200800013554,0,1,0,0,2,1,1,A01
200800013555,0,33,0,0,2,7,16,B01
200800013555,0,7,0,0,2,3,16,A01
200800013556,0,7,0,0,2,1,1,B01
200800013556,0,7,0,0,2,3,1,A01
200800013557,0,7,0,0,2,1,1,A01
200800013557,0,1,0,0,2,7,1,B01
200800013558,0,7,0,0,1,3,1,A01
200800013559,0,7,0,0,2,6,1,B01
200800013559,0,2,0,0,2,1,1,A01
200800013560,0,7,0,0,1,3,1,A01
200800013561,0,7,0,0,2,3,11,A01
200800013561,0,33,0,0,0,1,0,B01
200800013561,0,7,0,0,2,6,0,C01
200800013562,0,7,0,0,0,1,2,A01
200800013562,0,7,0,0,0,4,0,B01
200800013562,0,7,0,0,0,4,2,C01
200800013563,0,7,0,0,2,8,9,A01
200800013563,0,7,0,0,2,1,1,B01
200800013564,0,7,0,0,2,3,15,B01
200800013564,0,7,0,0,2,2,19,A01
200800013565,0,7,0,0,2,3,1,B01
200800013565,0,7,0,0,2,1,0,A01
200800013566,0,7,0,0,1,3,2,A01
200800013567,0,7,0,0,1,1,1,A01
200800013568,0,7,0,0,1,1,0,B01
200800013569,0,34,0,0,1,1,1,A01
200800013570,0,37,1,0,0,0,1,A01
200800013570,0,2,0,0,0,8,1,B01
200800013571,0,7,0,0,2,3,15,A01
200800013571,0,7,0,0,2,2,1,B01
200800013572,0,7,0,0,1,1,1,A01
200800013573,0,7,0,0,2,5,2,B01
200800013573,0,31,0,0,2,1,2,A01
200800013574,0,37,60,0,1,5,1,A01
200800013575,0,7,0,0,2,1,9,A01
200800013575,0,2,0,0,2,2,17,B01
200800013576,0,1,0,0,2,1,1,B01
200800013576,0,7,0,0,2,2,15,A01
200800013577,0,7,0,0,2,8,0,B01
200800013577,0,33,0,0,2,1,1,A01
200800013578,0,7,0,0,2,3,9,A01
200800013578,0,37,1,0,2,1,1,B01
200800013579,0,7,0,0,1,1,1,A01
200800013580,0,7,0,0,1,1,2,A01
200800013581,0,10,0,0,1,4,4,A01
200800013582,0,34,0,0,2,1,1,B01
200800013582,0,10,0,0,0,8,15,A01
200800013583,0,33,0,1,0,1,1,A01
200800013584,0,17,0,0,2,2,21,B01
200800013584,0,7,0,0,2,3,19,A01
200800013585,0,7,0,0,2,6,15,B01
200800013585,0,7,0,0,2,1,1,A01
200800013586,0,7,0,0,2,5,10,A01
200800013586,0,2,0,0,2,1,1,B01
200800013587,0,2,0,0,2,1,17,A01
200800013587,0,7,0,0,2,6,15,B01
200800013588,0,7,0,13,0,9,1,A01
200800013589,0,7,0,0,2,7,12,A01
200800013589,0,37,0,0,2,3,1,B01
200800013590,0,7,0,0,2,1,15,A01
200800013590,0,7,0,0,2,3,1,B01
200800013591,0,1,0,0,2,1,1,A01
200800013591,0,7,0,0,2,4,1,B01
200800013592,0,7,0,9,0,9,1,A01
200800013592,0,7,0,0,9,3,1,B01
200800013593,0,7,0,0,2,1,1,B01
200800013593,0,30,0,0,2,2,1,A01
200800013594,0,7,0,0,2,1,1,A01
200800013594,0,7,0,0,2,4,23,B01
200800013594,0,7,0,0,2,4,23,C01
200800013595,0,7,0,0,2,7,15,A01
200800013595,0,2,0,0,2,1,1,B01
200800013596,0,7,0,0,2,7,15,B01
200800013596,0,7,0,0,2,1,1,A01
200800013597,0,1,0,0,0,0,15,B01
200800013597,0,7,0,0,0,0,9,A01
200800013598,0,7,0,0,2,1,1,A01
200800013598,0,7,0,0,2,4,1,B01
200800013599,0,1,0,0,2,7,1,B01
200800013599,0,7,0,0,2,3,8,A01
200800013600,1,14,0,0,2,1,9,A01
200800013600,0,31,0,0,2,7,1,B01
200800013601,0,7,0,0,2,2,15,B01
200800013601,0,33,0,8,2,1,1,A01
200800013602,0,1,0,0,2,1,1,A01
200800013602,0,7,0,0,2,4,1,B01
200800013603,0,7,0,0,2,5,4,A01
200800013603,0,1,0,0,2,1,1,B01
200800013604,0,7,0,0,2,4,16,A01
200800013604,0,2,0,0,2,1,1,B01
200800013605,0,7,0,0,2,1,1,A01
200800013605,0,7,0,0,2,4,15,B01
200800013606,0,7,0,0,2,8,1,A01
200800013606,0,14,0,0,2,8,1,B01
200800013607,0,7,0,0,1,1,1,A01
200800013608,0,7,0,14,0,9,1,A01
200800013609,0,7,0,0,2,1,1,B01
200800013609,0,2,0,0,2,1,1,A01
200800013610,0,7,0,0,2,3,1,B01
200800013610,0,35,0,0,2,0,15,A01
200800013611,0,7,0,0,2,3,15,B01
200800013611,0,37,1,0,2,1,1,A01
200800013612,0,7,0,0,2,1,1,A01
200800013612,0,7,0,0,2,1,1,B01
200800013612,0,7,0,0,2,4,1,C01
200800013613,0,7,0,0,1,1,1,A01
200800013614,0,7,0,0,2,1,1,A01
200800013614,0,7,0,0,2,4,1,B01
200800013615,0,1,0,0,1,1,1,A01
200800013616,0,7,0,0,2,1,16,A01
200800013616,0,2,0,0,2,7,1,B01
200800013617,0,1,0,0,1,1,1,A01
200800013618,0,1,0,0,2,1,15,A01
200800013618,0,7,0,0,2,2,17,B01
200800013619,0,7,0,0,2,1,1,B01
200800013619,0,1,0,0,2,2,1,A01
200800013620,0,7,0,1,0,1,1,A01
200800013621,0,10,0,0,1,1,1,A01
200800013622,0,7,0,0,2,1,1,A01
200800013622,0,7,0,0,2,4,23,B01
200800013623,0,7,0,0,0,2,19,A01
200800013623,0,7,0,0,2,1,1,B01
200800013624,0,10,0,15,2,8,15,A01
200800013624,0,15,0,0,2,1,1,B01
200800013625,0,7,0,13,0,3,13,A01
200800013626,0,7,0,2,0,1,13,A01
200800013627,0,7,0,2,0,2,20,A01
200800013628,0,10,0,2,0,1,0,A01
200800013629,0,7,0,0,2,1,0,A01
200800013629,0,7,0,0,2,2,0,B01
200800013630,0,7,0,0,2,3,1,B01
200800013630,0,33,0,0,2,1,1,A01
200800013631,0,7,0,1,2,2,19,A01
200800013631,0,32,0,0,2,1,1,B01
200800013632,0,1,0,0,1,1,1,A01
200800013633,0,33,0,0,2,1,2,A01
200800013633,0,7,0,0,2,4,1,B01
200800013634,0,33,0,0,2,1,1,B01
200800013634,0,7,0,0,2,1,15,A01
200800013635,0,7,0,0,2,5,15,A01
200800013635,0,33,0,0,2,1,2,B01
200800013636,0,7,0,0,1,1,16,A01
200800013637,0,7,0,13,0,1,13,A01
200800013637,1,7,0,0,2,1,2,B01
200800013638,0,7,0,0,2,1,15,A01
200800013638,0,33,0,0,2,1,1,B01
200800013639,0,33,0,6,2,1,2,A01
200800013639,0,33,0,0,2,6,23,B01
200800013640,0,7,0,0,2,4,23,C01
200800013640,0,7,0,0,2,4,23,B01
200800013640,0,7,0,0,2,1,2,A01
200800013641,1,99,0,0,1,0,0,A01
200800013642,0,7,0,0,1,7,15,A01
200800013643,0,7,0,0,2,4,0,B01
200800013643,0,7,0,0,2,1,2,A01
200800013644,0,37,0,0,2,6,2,A01
200800013644,0,1,0,0,2,0,2,B01
200800013645,0,2,0,0,0,2,2,A01
200800013646,0,7,0,0,0,0,1,B01
200800013646,0,7,0,0,2,2,12,A01
200800013647,0,7,0,0,1,2,16,A01
200800013648,0,7,0,0,2,3,1,B01
200800013648,0,33,0,0,2,8,1,A01
200800013649,0,7,0,0,0,6,11,B01
200800013649,0,30,0,0,2,2,17,A01
200800013650,0,2,0,0,2,6,19,B01
200800013650,0,7,0,0,2,3,1,A01
200800013651,0,7,0,0,0,6,15,A01
200800013651,0,33,0,0,2,1,1,B01
200800013652,0,30,0,0,1,1,1,A01
200800013653,0,33,0,0,2,1,17,A01
200800013653,0,7,0,0,2,3,15,B01
200800013654,0,7,0,0,9,2,1,A01
200800013654,0,1,0,0,2,7,19,B01
200800013655,0,7,0,0,2,3,15,A01
200800013655,0,33,0,0,2,1,1,B01
200800013656,0,7,0,0,1,6,4,A01
200800013657,0,31,0,0,1,8,1,A01
200800013658,0,7,0,0,2,3,16,A01
200800013658,0,33,0,0,2,1,1,B01
200800013659,0,7,0,0,2,6,11,A01
200800013659,0,32,0,0,2,1,1,B01
200800013660,0,7,0,0,2,2,15,A01
200800013660,0,33,0,0,2,8,1,B01
200800013661,0,7,0,0,0,4,1,B01
200800013661,1,7,0,0,2,1,2,A01
200800013662,0,7,0,0,0,2,15,A01
200800013662,0,30,0,0,0,6,15,B01
200800013663,0,7,0,0,1,1,2,A01
200800013664,0,7,0,0,2,3,15,A01
200800013664,0,30,0,0,2,1,1,B01
200800013665,0,33,0,0,2,0,2,B01
200800013665,0,7,0,0,2,3,2,A01
200800013666,0,7,0,1,0,2,1,A01
200800013667,0,7,0,0,2,2,9,A01
200800013667,0,7,0,0,0,6,1,B01
200800013667,0,7,0,0,0,6,1,C01
200800013668,0,31,0,0,2,1,1,B01
200800013668,0,7,0,0,2,0,9,A01
200800013669,0,32,0,0,2,3,17,A01
200800013669,0,1,0,0,2,0,13,B01
200800013670,0,7,0,0,2,7,9,A01
200800013670,0,7,0,0,2,1,1,B01
200800013671,0,32,0,0,0,7,2,A01
200800013672,0,31,0,0,2,1,1,A01
200800013672,0,17,0,0,2,5,1,B01
200800013673,0,7,0,0,1,3,1,A01
200800013674,0,32,0,0,1,1,1,A01
200800013675,0,7,0,0,2,3,1,B01
200800013675,0,7,0,0,2,8,1,A01
200800013676,0,31,0,0,2,4,2,B01
200800013676,0,7,0,0,2,1,2,A01
200800013677,0,7,0,0,0,2,0,A01
200800013677,0,31,0,0,0,8,15,B01
200800013678,0,7,0,0,2,3,1,A01
200800013678,0,33,0,0,2,2,16,B01
200800013679,0,7,0,0,2,2,1,B01
200800013679,0,7,0,0,0,3,15,A01
200800013680,0,13,0,0,2,4,1,B01
200800013680,0,7,0,0,2,1,2,A01
200800013681,0,7,0,0,1,1,1,A01
200800013682,0,32,0,0,2,4,23,B01
200800013682,0,7,0,0,2,1,2,A01
200800013683,0,7,0,0,0,4,1,B01
200800013683,0,7,0,0,2,1,2,A01
200800013684,0,3,0,0,1,1,2,A01
200800013685,0,33,0,0,2,1,13,A01
200800013685,0,7,0,0,2,1,1,B01
200800013686,0,31,0,0,0,8,1,B01
200800013686,0,7,0,0,0,0,1,A01
200800013687,0,7,0,0,2,1,15,B01
200800013687,0,2,0,0,2,1,17,A01
200800013688,0,7,0,0,1,1,15,A01
200800013689,0,7,0,0,2,2,1,B01
200800013689,0,7,0,0,2,6,9,A01
200800013690,0,7,0,0,2,4,2,D01
200800013690,0,7,0,0,2,4,2,E01
200800013690,0,7,0,0,2,4,2,C01
200800013690,0,7,0,0,2,4,2,B01
200800013690,0,7,0,0,2,1,2,A01
200800013691,0,7,0,13,0,3,0,A01
200800013692,0,2,0,0,2,7,1,B01
200800013692,0,7,0,0,2,3,11,A01
200800013693,0,99,0,0,2,8,1,B01
200800013693,0,99,0,0,2,1,19,A01
200800013694,0,7,0,0,0,4,2,B01
200800013694,1,7,0,0,2,1,2,A01
200800013695,0,7,0,0,2,4,1,B01
200800013695,0,13,0,0,2,1,2,A01
200800013696,0,30,0,0,1,8,21,A01
200800013697,0,32,0,0,1,1,0,A01
200800013698,0,7,0,0,1,2,2,A01
200800013699,0,7,0,0,2,6,11,B01
200800013699,0,7,0,0,2,2,1,A01
200800013700,0,10,0,0,0,0,12,B01
200800013700,0,31,0,15,0,0,12,A01
200800013701,0,7,0,0,2,2,1,B01
200800013701,0,7,0,0,2,3,16,A01
200800013702,0,33,0,0,2,1,1,B01
200800013702,0,7,0,0,2,2,15,A01
200800013703,0,7,0,0,0,8,1,A01
200800013703,0,2,0,0,2,1,1,B01
200800013704,0,1,0,0,2,1,1,A01
200800013704,0,7,0,0,2,2,1,B01
200800013705,0,3,0,0,2,7,15,A01
200800013705,0,31,0,0,2,1,1,B01
200800013706,0,7,0,0,2,8,16,A01
200800013706,0,31,0,0,2,1,1,B01
200800013707,0,34,0,0,2,3,19,A01
200800013707,0,7,0,0,2,1,1,B01
200800013708,0,33,0,0,2,1,1,A01
200800013708,0,7,0,0,2,6,15,B01
200800013709,0,7,0,0,1,3,1,A01
200800013710,0,32,0,0,2,2,12,B01
200800013710,0,7,0,0,2,3,1,A01
200800013711,0,20,0,0,2,2,17,A01
200800013711,0,10,0,0,2,8,15,B01
200800013712,0,30,0,0,2,1,1,A01
200800013712,0,7,0,0,2,7,15,B01
200800013713,0,7,0,0,2,2,15,A01
200800013713,0,31,0,0,2,3,18,B01
200800013714,0,7,0,0,2,1,2,A01
200800013714,0,7,0,0,2,4,2,B01
200800013715,0,33,0,0,2,1,9,A01
200800013715,0,7,0,0,2,5,1,B01
200800013716,0,7,0,0,2,1,15,A01
200800013716,0,7,0,0,2,8,1,B01
200800013717,0,7,0,0,2,8,11,A01
200800013717,0,14,0,0,2,2,1,B01
200800013717,0,10,0,0,2,7,1,C01
200800013718,0,7,0,0,2,5,16,A01
200800013718,0,37,25,0,2,3,1,B01
200800013719,0,7,0,0,2,8,15,A01
200800013719,0,7,0,0,2,2,1,B01
200800013720,0,7,0,13,0,1,14,A01
200800013721,0,7,0,0,2,1,19,A01
200800013721,0,7,0,0,2,1,23,C01
200800013721,0,7,0,0,2,3,1,B01
200800013722,0,7,0,0,1,2,1,A01
200800013723,0,14,0,0,2,1,2,A01
200800013723,0,7,0,0,2,4,23,B01
200800013723,0,7,0,0,0,4,23,C01
200800013724,0,33,0,0,2,2,2,A01
200800013724,0,7,0,0,2,3,15,B01
200800013725,0,7,0,2,0,8,1,A01
200800013726,0,1,0,0,2,1,1,B01
200800013726,0,7,0,0,2,3,9,A01
200800013727,0,7,0,0,1,0,2,A01
200800013727,0,39,0,0,0,0,23,B01
200800013728,1,7,0,0,1,2,14,A01
200800013729,0,7,0,0,1,5,1,A01
200800013730,0,7,0,0,0,3,19,A01
200800013730,0,34,0,0,2,1,1,B01
200800013731,0,33,0,12,0,2,2,A01
200800013732,0,2,0,11,0,1,2,A01
200800013733,0,7,0,0,2,1,2,A01
200800013734,0,2,0,0,2,2,1,B01
200800013734,0,7,0,0,2,1,9,A01
200800013735,0,10,0,0,2,0,0,A01
200800013735,0,30,0,0,9,8,1,B01
200800013736,0,7,0,0,0,8,10,A01
200800013736,0,30,0,0,2,1,1,B01
200800013737,0,7,0,0,2,2,15,A01
200800013737,0,33,0,0,2,1,0,B01
200800013738,0,1,0,0,2,1,2,A01
200800013738,0,37,1,0,9,4,2,B01
200800013739,0,1,0,0,0,7,1,A01
200800013740,0,7,0,0,2,1,1,A01
200800013740,0,7,0,0,2,4,2,B01
200800013740,0,10,0,0,2,1,1,C01
200800013741,0,33,0,6,0,1,1,A01
200800013742,0,7,0,0,1,1,1,A01
200800013743,1,7,0,0,0,0,11,C01
200800013743,0,2,0,0,2,8,21,A01
200800013743,0,7,0,0,2,5,1,B01
200800013744,0,7,0,3,0,1,1,A01
200800013745,0,7,0,12,1,2,1,A01
200800013746,0,7,0,0,2,2,1,B01
200800013746,0,7,0,0,2,5,1,A01
200800013747,0,7,0,0,2,3,19,A01
200800013747,0,7,0,0,2,2,1,B01
200800013748,0,7,0,0,2,2,1,B01
200800013748,0,7,0,0,2,2,19,A01
200800013749,0,10,0,15,0,1,1,A01
200800013750,0,7,0,8,0,1,1,A01
200800013751,0,2,0,0,2,1,17,A01
200800013751,0,7,0,0,2,3,15,B01
200800013752,0,7,0,0,1,2,1,A01
200800013753,0,2,0,0,2,1,2,A01
200800013753,0,7,0,0,2,4,2,B01
200800013754,0,7,0,0,2,8,1,B01
200800013754,0,7,0,0,2,1,1,A01
200800013755,0,7,0,0,2,1,13,A01
200800013755,0,7,0,0,2,3,1,B01
200800013756,0,7,0,0,2,1,2,A01
200800013756,0,7,0,0,2,4,2,B01
200800013757,0,7,0,15,0,1,1,A01
200800013758,0,7,0,0,1,1,0,A01
200800013759,0,30,0,12,0,7,2,A01
200800013760,0,30,0,0,2,8,1,B01
200800013760,0,7,0,0,2,2,9,A01
200800013761,0,7,0,0,1,4,4,A01
200800013762,0,33,0,3,0,8,1,A01
200800013763,0,7,0,4,0,8,2,A01
200800013764,0,7,0,6,0,1,2,A01
200800013765,0,30,0,0,0,8,1,A01
200800013766,0,7,0,8,0,1,1,A01
200800013767,0,7,0,4,0,1,1,A01
200800013768,0,7,0,0,0,9,1,A01
200800013769,0,7,0,0,2,9,5,A01
200800013769,0,7,0,0,2,5,1,B01
200800013770,0,7,0,0,1,2,1,A01
200800013771,0,2,0,0,2,5,2,B01
200800013771,0,10,0,0,2,1,2,A01
200800013772,0,10,0,13,0,0,1,A01
200800013773,0,7,0,3,0,1,2,A01
200800013774,0,7,0,0,2,0,9,A01
200800013774,0,30,0,0,2,1,0,B01
200800013775,0,31,0,0,0,7,1,A01
200800013776,0,7,0,0,2,3,9,B01
200800013776,0,2,0,0,2,7,0,A01
200800013777,0,7,0,0,2,1,2,A01
200800013777,0,7,0,0,2,4,1,B01
200800013778,0,30,0,12,0,0,1,A01
200800013779,0,7,0,0,2,2,1,B01
200800013779,0,7,0,0,2,3,9,A01
200800013780,0,10,0,0,2,3,2,A01
200800013780,0,7,0,0,2,4,23,B01
200800013781,0,7,0,11,0,1,1,A01
200800013782,0,37,2,6,2,1,1,B01
200800013782,0,7,0,0,2,1,16,A01
200800013783,0,7,0,0,2,1,2,A01
200800013783,0,7,0,0,2,4,1,B01
200800013784,0,2,0,16,0,7,2,A01
200800013785,0,10,0,0,2,1,2,A01
200800013785,0,10,0,0,2,9,23,B01
200800013785,0,7,0,0,2,3,1,C01
200800013786,0,7,0,0,2,4,1,A01
200800013786,0,7,0,0,2,1,2,F01
200800013786,0,7,0,0,2,9,2,B01
200800013786,0,7,0,0,2,1,2,C01
200800013786,0,10,0,0,2,4,2,D01
200800013786,0,7,0,0,2,9,2,E01
200800013787,0,7,0,0,2,4,1,B01
200800013787,0,7,0,0,2,1,2,A01
200800013788,0,7,0,3,0,9,1,A01
200800013789,0,7,0,0,1,5,2,A01
200800013790,0,10,0,0,2,3,1,B01
200800013790,0,31,0,0,2,1,2,A01
200800013791,0,30,0,0,2,1,2,A01
200800013791,0,7,0,0,2,2,15,B01
200800013792,0,7,0,0,2,1,1,A01
200800013792,0,7,0,0,2,4,0,B01
200800013793,0,30,0,0,0,0,2,A01
200800013794,0,7,0,0,0,9,1,A01
200800013795,0,33,0,0,2,1,1,A01
200800013795,0,7,0,0,0,6,0,B01
200800013796,0,7,0,4,0,1,2,A01
200800013797,0,7,0,11,0,1,2,A01
200800013798,0,7,0,16,0,9,2,A01
200800013799,0,7,0,2,0,1,2,A01
200800013800,0,7,0,0,1,1,2,A01
200800013801,0,7,0,0,2,1,9,A01
200800013801,0,33,0,0,2,1,21,B01
200800013802,0,7,0,0,2,3,2,B01
200800013802,0,7,0,0,2,1,19,A01
200800013803,0,7,0,0,0,0,0,A01
200800013804,0,2,0,0,2,1,0,A01
200800013804,0,7,0,0,2,7,15,B01
200800013805,0,2,0,0,2,1,13,A01
200800013805,0,37,1,0,2,1,1,B01
200800013806,0,7,0,13,0,1,1,A01
200800013807,0,7,0,0,1,2,1,A01
200800013808,0,7,0,0,1,1,1,A01
200800013809,0,7,0,0,2,8,15,B01
200800013809,0,33,0,0,2,1,17,A01
200800013810,0,7,0,0,2,0,19,A01
200800013810,0,7,0,6,2,1,1,B01
200800013811,0,30,0,1,0,1,1,B01
200800013812,0,7,0,0,2,3,19,A01
200800013812,0,33,0,0,2,1,1,B01
200800013813,0,2,0,0,0,0,16,A01
200800013814,0,7,0,0,2,1,16,A01
200800013814,0,7,0,0,2,5,2,B01
200800013815,0,7,0,0,2,1,1,A01
200800013815,0,7,0,0,2,4,1,B01
200800013815,0,7,0,0,2,4,15,C01
200800013816,0,10,0,0,1,2,1,A01
200800013817,0,7,0,0,2,1,0,B01
200800013817,0,7,0,0,2,6,0,A01
200800013818,0,2,0,0,2,8,0,A01
200800013818,0,7,0,0,2,5,0,B01
200800013819,0,30,0,9,2,8,5,A01
200800013819,0,7,0,0,2,2,9,B01
200800013820,0,7,0,0,1,2,14,A01
200800013821,0,37,1,0,2,1,2,A01
200800013821,0,10,0,0,2,4,2,B01
200800013821,0,7,0,0,2,4,2,C01
200800013822,0,7,0,0,0,0,21,B01
200800013822,0,33,0,0,0,2,21,A01
200800013823,0,7,0,0,0,1,1,A01
200800013824,0,7,0,0,2,0,0,B01
200800013824,0,7,0,0,2,0,0,A01
200800013825,0,7,0,15,0,1,2,A01
200800013826,0,1,0,0,2,2,1,B01
200800013826,1,10,0,0,2,3,1,A01
200800013827,0,7,0,0,2,3,13,A01
200800013827,0,10,0,0,2,3,2,B01
200800013828,0,7,0,0,2,3,16,B01
200800013828,0,34,0,0,2,5,21,A01
200800013829,0,33,0,0,2,1,1,B01
200800013829,0,21,0,0,2,7,19,A01
200800013830,0,33,0,0,2,1,2,A01
200800013830,0,7,0,0,2,3,15,B01
200800013831,0,7,0,0,2,3,1,B01
200800013831,0,3,0,0,2,1,15,A01
200800013832,0,7,0,0,9,1,1,B01
200800013832,0,7,0,6,0,1,14,A01
200800013833,0,7,0,8,0,2,1,A01
200800013834,1,7,0,0,1,1,1,A01
200800013835,0,7,0,0,2,1,1,A01
200800013835,0,7,0,1,2,4,1,B01
200800013836,0,7,0,0,1,1,1,A01
200800013837,1,10,0,0,2,0,9,A01
200800013837,0,7,0,15,0,1,21,B01
200800013838,0,7,0,0,2,2,9,A01
200800013838,0,32,0,0,2,8,1,B01
200800013839,0,7,0,0,2,1,1,B01
200800013839,0,7,0,0,2,7,1,A01
200800013840,0,7,0,2,2,1,9,A01
200800013840,0,10,0,5,2,1,21,B01
200800013841,0,7,0,0,2,4,1,B01
200800013841,0,7,0,0,2,1,1,A01
200800013842,0,30,0,16,0,1,1,A01
200800013843,0,7,0,0,9,1,1,A01
200800013843,0,1,0,0,2,4,1,B01