Num_Acc,senc,catv,occutc,obs,obsm,choc,manv,num_veh
200800014224,0,7,0,0,2,4,1,B01
200800014225,0,31,0,0,2,2,1,A01
200800014225,0,7,0,0,2,3,15,B01
200800014226,0,33,0,0,0,7,0,A01
200800014227,0,7,0,0,2,6,15,A01
200800014227,0,2,0,0,2,1,17,B01
200800014228,0,31,0,0,2,1,0,A01
200800014228,0,7,0,0,2,1,0,B01
200800014229,0,7,0,1,2,1,2,A01
200800014229,0,7,0,0,2,4,4,B01
200800014230,0,7,0,0,2,1,1,A01
200800014230,0,7,0,0,2,1,1,B01
200800014231,1,7,0,0,1,0,4,A01
200800014232,0,7,0,0,2,7,10,A01
200800014232,0,2,0,0,2,1,1,B01
200800014233,0,2,0,0,2,1,1,A01
200800014233,0,31,0,0,2,2,9,B01
200800014234,0,7,0,6,2,1,1,A01
200800014234,0,7,0,0,2,1,1,B01
200800014235,0,7,0,0,1,1,1,A01
200800014236,0,7,0,0,2,3,16,A01
200800014236,0,33,0,0,2,2,1,B01
200800014237,0,34,0,0,0,2,0,A01
200800014238,0,33,0,0,2,1,1,B01
200800014238,0,7,0,0,2,8,1,A01
200800014239,0,7,0,1,0,2,0,A01
200800014240,0,10,0,0,2,7,16,A01
200800014240,0,30,0,0,2,1,0,B01
200800014241,0,31,0,0,2,7,1,B01
200800014241,0,13,0,0,2,8,11,A01
200800014242,0,7,0,0,2,3,20,A01
200800014242,0,30,0,0,2,1,21,B01
200800014243,0,7,0,0,2,2,16,B01
200800014243,0,33,0,0,2,2,18,A01
200800014244,0,7,0,0,2,2,10,A01
200800014244,0,34,0,0,2,1,1,B01
200800014245,1,7,0,0,0,0,0,A01
200800014245,0,34,0,0,2,7,0,B01
200800014246,0,13,0,0,2,4,23,A01
200800014246,0,7,0,0,2,4,23,B01
200800014247,0,7,0,0,0,2,0,A01
200800014247,0,32,0,0,0,7,1,B01
200800014248,0,7,0,0,1,1,1,A01
200800014249,0,33,0,0,2,1,2,A01
200800014249,0,7,0,0,0,5,2,B01
200800014250,0,33,0,0,2,1,3,A01
200800014250,0,13,0,1,2,8,3,B01
200800014250,0,7,0,0,2,2,1,C01
200800014251,0,33,0,0,2,1,0,A01
200800014251,0,7,0,0,9,3,0,B01
200800014252,0,7,0,0,1,2,23,A01
200800014253,2,30,0,0,1,1,17,A01
200800014254,0,7,0,0,2,1,9,B01
200800014254,0,7,0,0,2,7,9,A01
200800014255,0,7,0,0,1,1,1,A01
200800014256,0,30,0,0,2,3,1,A01
200800014256,0,7,0,0,0,5,1,B01
200800014257,0,7,0,0,2,1,1,A01
200800014257,0,7,0,0,2,7,16,B01
200800014258,0,7,0,0,2,3,19,A01
200800014258,0,37,0,0,2,2,19,B01
200800014259,0,10,0,0,1,2,1,A01
200800014260,0,1,0,0,2,1,2,A01
200800014260,0,7,0,0,0,4,23,B01
200800014261,0,7,0,0,1,3,1,A01
200800014262,0,7,0,0,2,1,1,A01
200800014262,0,7,0,0,2,1,1,B01
200800014263,0,10,0,0,1,1,1,A01
200800014264,0,7,0,0,0,3,15,A01
200800014264,0,1,0,0,0,1,1,B01
200800014265,0,7,0,0,1,1,1,A01
200800014266,0,34,0,0,2,1,1,B01
200800014266,0,7,0,0,2,2,15,A01
200800014267,0,7,0,0,2,3,15,A01
200800014267,0,37,0,0,2,2,7,B01
200800014268,0,7,0,0,2,8,15,B01
200800014268,0,10,0,0,2,1,1,A01
200800014268,0,7,0,0,2,1,23,C01
200800014268,0,7,0,0,2,1,1,D01
200800014268,0,7,0,0,2,1,1,E01
200800014269,0,7,0,0,0,5,16,A01
200800014269,0,7,0,0,2,3,1,B01
200800014270,0,31,0,0,2,1,17,A01
200800014270,0,15,0,0,0,3,15,B01
200800014271,0,10,0,11,0,1,6,A01
200800014272,0,32,0,0,9,0,1,A01
200800014273,0,7,0,0,2,3,1,B01
200800014273,0,7,0,0,2,6,15,A01
200800014274,0,10,0,0,2,1,2,A01
200800014274,0,33,0,0,2,4,23,B01
200800014275,0,2,0,0,2,1,11,A01
200800014275,0,10,0,0,2,5,1,B01
200800014276,0,33,0,0,0,4,0,A01
200800014276,0,7,0,0,2,3,1,B01
200800014277,0,14,0,0,2,2,16,A01
200800014277,0,32,0,0,2,1,1,B01
200800014278,0,7,0,0,2,1,16,A01
200800014278,0,7,0,0,2,6,1,B01
200800014279,0,7,0,0,2,3,11,A01
200800014279,0,2,0,0,2,8,1,B01
200800014280,0,7,0,0,2,5,1,A01
200800014280,0,7,0,0,2,1,1,B01
200800014281,0,7,0,0,2,7,15,A01
200800014281,0,32,0,0,2,1,1,B01
200800014282,0,7,0,0,2,3,20,A01
200800014282,0,2,0,0,2,1,1,B01
200800014283,2,7,0,0,2,8,1,A01
200800014283,0,7,0,0,2,1,1,B01
200800014284,0,7,0,0,2,3,1,A01
200800014284,0,7,0,0,2,1,1,B01
200800014285,0,7,0,0,2,4,23,B01
200800014285,2,7,0,0,2,1,2,A01
200800014286,0,7,0,0,2,3,15,B01
200800014286,0,31,0,0,2,1,17,A01
200800014287,0,33,0,0,2,1,1,A01
200800014287,0,7,0,0,2,1,15,B01
200800014288,0,7,0,0,2,1,15,A01
200800014288,0,7,0,0,2,3,1,B01
200800014289,0,7,0,0,2,1,1,A01
200800014289,0,34,0,1,2,7,1,B01
200800014290,0,2,0,1,2,1,2,A01
200800014290,0,7,0,0,0,7,22,B01
200800014291,0,7,0,0,1,1,1,A01
200800014292,0,7,0,0,1,1,1,A01
200800014293,0,7,0,0,2,1,1,A01
200800014293,0,7,0,0,0,4,15,B01
200800014294,0,2,0,1,0,1,1,A01
200800014295,0,7,0,0,2,1,1,B01
200800014295,0,7,0,0,2,1,1,A01
200800014296,0,7,0,0,0,0,15,A01
200800014296,0,7,0,11,0,2,1,B01
200800014297,0,7,0,0,2,1,14,B01
200800014297,0,7,0,1,2,1,1,A01
200800014298,0,7,0,0,2,2,15,A01
200800014298,0,30,0,0,2,1,1,B01
200800014299,0,7,0,0,2,1,1,A01
200800014299,0,31,0,0,0,4,1,B01
200800014300,0,7,0,0,2,9,1,A01
200800014300,0,7,0,0,2,1,1,B01
200800014301,0,7,0,0,2,3,15,A01
200800014301,0,2,0,0,2,8,1,B01
200800014302,0,33,0,0,2,1,1,B01
200800014302,0,7,0,0,2,7,15,A01
200800014303,0,7,0,0,1,1,1,A01
200800014304,0,32,0,0,2,1,1,A01
200800014304,0,7,0,0,2,8,1,B01
200800014305,0,30,0,0,2,1,1,A01
200800014305,0,7,0,0,2,4,1,B01
200800014306,0,7,0,1,0,1,1,A01
200800014307,0,7,0,0,2,2,15,A01
200800014307,0,7,0,0,2,3,1,B01
200800014308,0,7,0,0,1,1,1,A01
200800014309,0,7,0,14,2,5,17,A01
200800014309,0,37,2,0,2,2,9,B01
200800014310,0,30,0,0,2,9,1,A01
200800014310,0,7,0,0,2,4,1,B01
200800014311,0,30,0,0,2,1,1,B01
200800014311,2,7,0,0,2,8,15,A01
200800014312,0,33,0,0,1,1,1,A01
200800014313,0,33,0,0,2,1,17,A01
200800014313,0,7,0,0,2,6,1,B01
200800014314,0,7,0,0,1,3,15,A01
200800014315,0,2,0,0,0,0,0,A01
200800014315,0,7,0,0,0,0,0,B01
200800014316,0,7,0,0,0,0,0,A01
200800014316,0,33,0,0,0,0,0,B01
200800014317,0,33,0,0,2,1,2,A01
200800014317,0,10,0,0,2,5,1,B01
200800014318,0,7,0,0,1,0,0,A01
200800014319,0,7,0,1,2,7,9,A01
200800014319,0,7,0,0,0,3,1,B01
200800014320,0,7,0,0,1,1,1,A01
200800014321,0,7,0,0,1,1,15,A01
200800014322,0,33,0,0,0,9,14,A01
200800014322,0,7,0,0,0,0,14,B01
200800014323,0,33,0,0,2,1,1,A01
200800014323,0,7,0,0,2,6,1,B01
200800014324,0,34,0,0,2,3,18,A01
200800014324,0,7,0,0,2,2,16,B01
200800014325,0,1,0,0,1,1,1,A01
200800014326,1,7,0,0,0,0,0,A01
200800014327,0,3,0,9,0,2,1,A01
200800014328,0,7,0,0,2,5,10,A01
200800014328,0,2,0,0,2,8,1,B01
200800014329,0,7,0,15,0,3,1,B01
200800014329,0,7,0,0,2,2,15,A01
200800014330,0,7,0,0,1,1,1,A01
200800014331,0,2,0,0,2,1,0,A01
200800014331,0,7,0,0,2,2,15,B01
200800014332,0,33,0,0,2,1,1,A01
200800014332,0,15,0,0,0,6,11,B01
200800014333,0,7,0,0,1,1,1,A01
200800014333,0,37,1,0,1,8,1,B01
200800014334,0,7,0,0,1,1,1,A01
200800014335,1,7,0,0,2,1,1,A01
200800014335,0,7,0,0,0,4,1,B01
200800014336,0,7,0,0,2,1,1,A01
200800014336,0,7,0,0,2,8,1,B01
200800014337,0,7,0,0,1,1,1,A01
200800014338,0,7,0,0,1,1,1,A01
200800014339,0,31,0,0,2,1,1,B01
200800014339,1,7,0,0,2,0,13,A01
200800014340,0,7,0,8,0,6,1,A01
200800014341,0,10,0,0,1,2,1,A01
200800014342,0,7,0,7,0,1,13,A01
200800014342,0,7,0,6,0,1,14,B01
200800014343,0,7,0,0,2,2,15,A01
200800014343,0,7,0,0,2,1,1,B01
200800014344,0,35,0,1,0,1,0,A01
200800014345,0,31,0,0,2,1,1,B01
200800014345,0,10,0,0,2,2,15,A01
200800014346,0,33,0,0,2,1,1,A01
200800014346,0,30,0,0,2,3,15,B01
200800014347,0,37,1,0,2,6,15,A01
200800014347,0,34,0,0,2,1,1,B01
200800014348,0,7,0,0,2,2,10,A01
200800014348,0,37,17,0,2,3,1,B01
200800014349,0,7,0,0,2,3,15,A01
200800014350,0,7,0,0,2,7,15,A01
200800014350,0,33,0,0,2,1,1,B01
200800014351,0,30,0,16,0,8,1,A01
200800014352,0,7,0,0,1,2,17,A01
200800014353,0,32,0,0,2,1,17,A01
200800014353,0,7,0,0,2,7,15,B01
200800014354,0,7,0,0,1,4,4,A01
200800014355,0,7,0,0,1,1,1,A01
200800014356,0,7,0,0,2,3,15,B01
200800014356,0,2,0,0,2,1,17,A01
200800014357,0,7,0,0,2,8,15,A01
200800014357,0,2,0,0,2,1,1,B01
200800014358,0,7,0,0,2,3,15,A01
200800014358,0,30,0,0,2,1,1,B01
200800014359,0,30,0,0,2,7,0,A01
200800014359,0,7,0,0,2,3,0,B01
200800014360,0,33,0,0,2,1,1,A01
200800014360,0,7,0,0,2,5,1,B01
200800014361,0,33,0,6,2,3,1,B01
200800014361,0,13,0,0,2,2,9,A01
200800014362,0,30,0,0,2,7,1,A01
200800014362,1,1,0,0,2,8,5,B01
200800014363,0,7,0,0,1,5,1,A01
200800014364,0,7,0,0,2,3,1,B01
200800014364,0,7,0,0,2,2,15,A01
200800014365,0,7,0,0,2,1,5,A01
200800014365,0,7,0,0,2,1,1,B01
200800014366,0,7,0,0,2,3,15,A01
200800014366,0,7,0,0,2,2,1,B01
200800014367,0,36,0,2,0,8,0,A01
200800014368,0,7,0,0,1,6,4,A01
200800014369,0,7,0,0,2,3,16,A01
200800014369,0,33,0,0,2,5,1,B01
200800014370,0,7,0,0,2,2,9,A01
200800014370,0,1,0,0,2,1,1,B01
200800014371,0,7,0,0,2,2,17,A01
200800014371,0,7,0,0,2,6,14,B01
200800014372,0,7,0,1,1,1,1,B01
200800014373,0,7,0,0,1,2,2,A01
200800014374,0,7,0,0,1,0,15,A01
200800014375,0,10,0,0,1,1,0,A01
200800014376,0,7,0,0,2,5,16,A01
200800014376,0,7,0,0,2,1,1,B01
200800014376,0,7,0,0,2,3,23,C01
200800014377,0,34,0,0,0,8,1,A01
200800014378,0,30,0,14,0,1,1,A01
200800014379,0,7,0,0,2,6,6,A01
200800014379,0,7,0,0,2,3,1,B01
200800014380,0,7,0,0,2,2,1,A01
200800014380,0,1,0,0,2,6,1,B01
200800014381,0,7,0,2,0,2,1,A01
200800014382,0,7,0,0,2,1,1,A01
200800014382,0,7,0,0,2,4,1,B01
200800014383,0,7,0,0,1,2,1,A01
200800014384,0,7,0,9,0,7,1,A01
200800014385,0,7,0,0,1,1,1,A01
200800014386,0,7,0,9,0,7,1,A01
200800014387,0,7,0,0,1,3,1,A01
200800014388,1,7,0,0,9,2,9,B01
200800014388,0,1,0,0,2,0,1,A01
200800014389,0,7,0,0,2,5,15,A01
200800014389,0,7,0,0,2,1,1,B01
200800014390,0,15,0,0,2,2,2,A01
200800014390,0,7,0,0,2,4,2,B01
200800014391,0,7,0,0,1,7,1,A01
200800014392,0,7,0,0,2,1,1,B01
200800014392,0,7,0,0,2,3,1,A01
200800014393,0,7,0,0,9,1,1,A01
200800014394,0,7,0,0,1,1,1,A01
200800014395,0,7,0,0,1,1,1,A01
200800014396,0,3,0,0,2,2,15,A01
200800014396,0,7,0,15,2,1,1,B01
200800014397,0,33,0,0,2,1,1,A01
200800014397,0,7,0,0,2,5,15,B01
200800014397,0,7,0,0,0,1,1,C01
200800014398,0,2,0,0,2,1,5,A01
200800014398,0,7,0,0,2,1,1,B01
200800014399,0,7,0,0,1,4,4,A01
200800014400,0,2,0,0,1,1,17,A01
200800014401,0,7,0,1,1,2,1,A01
200800014402,0,31,0,0,2,1,1,B01
200800014402,0,7,0,0,2,2,15,A01
200800014403,2,7,0,0,2,1,0,A01
200800014403,0,7,0,0,2,8,9,B01
200800014404,0,7,0,0,2,3,2,A01
200800014404,0,2,0,0,0,4,15,B01
200800014405,0,7,0,0,1,1,1,A01
200800014406,0,7,0,0,2,8,15,A01
200800014406,0,7,0,0,2,3,1,B01
200800014407,0,7,0,0,2,3,16,B01
200800014407,0,33,0,0,2,3,1,A01
200800014408,0,30,0,0,2,8,1,A01
200800014408,0,7,0,0,2,1,9,B01
200800014409,0,7,0,0,2,8,15,B01
200800014409,0,7,0,0,2,3,1,A01
200800014410,0,7,0,0,2,6,9,A01
200800014410,0,2,0,0,2,1,1,B01
200800014411,0,2,0,0,2,1,18,A01
200800014411,0,7,0,0,2,1,9,B01
200800014412,0,30,0,0,1,1,1,A01
200800014413,0,7,0,0,2,6,10,A01
200800014413,0,2,0,0,2,1,1,B01
200800014414,0,7,0,0,2,1,1,A01
200800014414,0,7,0,0,0,4,0,B01
200800014415,0,7,0,4,0,6,1,A01
200800014415,0,15,0,0,2,2,12,B01
200800014416,0,7,0,3,2,6,14,A01
200800014416,0,17,0,0,2,2,1,B01
200800014416,0,7,0,0,2,1,1,C01
200800014416,0,7,0,0,2,8,1,D01
200800014417,0,7,0,4,0,7,9,A01
200800014418,0,16,0,0,2,2,12,A01
200800014418,0,7,0,0,2,6,1,B01
200800014419,0,10,0,0,2,1,1,A01
200800014419,0,7,0,0,2,4,2,D01
200800014419,0,7,0,0,2,4,2,B01
200800014419,0,7,0,0,2,4,2,C01
200800014419,0,7,0,0,2,4,2,E01
200800014420,0,7,0,4,0,1,13,A01
200800014421,0,32,0,0,2,3,2,A01
200800014421,0,7,0,0,2,0,11,B01
200800014422,0,7,0,0,2,7,12,B01
200800014422,0,33,0,0,2,8,1,A01
200800014423,0,33,0,0,2,6,2,A01
200800014423,0,10,0,0,2,7,13,B01
200800014424,0,33,0,0,0,0,2,A01
200800014424,0,7,0,0,0,0,2,B01
200800014425,0,15,0,0,2,6,2,A01
200800014425,0,7,0,0,2,0,0,B01
200800014426,0,7,0,0,0,6,11,A01
200800014426,0,33,0,0,2,1,1,B01
200800014427,0,33,0,0,2,3,3,B01
200800014427,0,7,0,0,2,7,12,A01
200800014428,0,7,0,0,2,3,17,A01
200800014428,0,7,0,0,2,3,1,B01
200800014429,0,7,0,0,2,6,11,A01
200800014429,0,33,0,0,2,1,3,B01
200800014430,0,32,0,0,2,1,3,A01
200800014430,0,15,0,0,2,7,1,B01
200800014430,0,7,0,0,2,5,1,C01
200800014430,0,10,0,0,2,3,11,D01
200800014431,0,33,0,0,2,8,0,A01
200800014432,0,7,0,0,0,4,23,A01
200800014432,0,10,0,0,0,4,23,B01
200800014432,0,7,0,0,0,1,2,C01
200800014433,0,7,0,0,0,6,0,A01
200800014433,0,7,0,0,0,5,0,B01
200800014433,0,33,0,0,0,1,0,C01
200800014434,0,10,0,4,0,3,16,A01
200800014435,0,7,0,13,0,1,12,A01
200800014436,0,7,0,0,2,8,1,A01
200800014436,0,7,0,0,2,6,1,B01
200800014436,0,33,0,0,2,2,1,C01
200800014437,0,15,0,1,0,2,2,B01
200800014437,0,7,0,0,0,7,23,A01
200800014438,0,7,0,0,2,4,2,A01
200800014438,0,7,0,0,2,4,2,B01
200800014438,0,7,0,0,2,4,2,C01
200800014438,0,7,0,0,2,1,2,D01
200800014439,0,7,0,0,2,4,1,A01
200800014439,0,7,0,0,2,1,2,B01
200800014440,0,7,0,0,2,8,12,A01
200800014440,0,7,0,0,0,5,1,B01
200800014441,0,7,0,0,0,4,1,A01
200800014441,0,7,0,0,0,1,1,B01
200800014442,0,7,0,0,0,4,2,A01
200800014442,0,33,0,0,0,1,12,B01
200800014443,0,33,0,0,0,0,2,A01
200800014444,0,7,0,4,0,4,1,A01
200800014445,0,7,0,0,0,0,0,A01
200800014445,0,7,0,0,0,0,0,B01
200800014445,0,7,0,0,0,0,0,C01
200800014446,0,33,0,13,0,8,21,A01
200800014447,0,33,0,0,0,0,2,A01
200800014448,0,33,0,3,0,8,2,A01
200800014449,0,7,0,0,0,8,21,A01
200800014450,0,7,0,0,0,0,0,A01
200800014451,0,7,0,0,0,7,14,A01
200800014451,0,33,0,0,0,8,0,B01
200800014451,0,7,0,0,0,8,1,C01
200800014452,0,7,0,0,2,4,2,A01
200800014452,0,10,0,0,2,1,2,B01
200800014453,0,7,0,13,0,9,0,A01
200800014454,0,7,0,0,0,0,0,A01
200800014455,0,7,0,4,0,3,1,A01
200800014456,0,7,0,16,0,9,9,A01
200800014457,0,7,0,0,0,6,1,A01
200800014457,0,7,0,4,2,1,0,B01
200800014458,0,33,0,0,2,3,2,A01
200800014458,0,10,0,0,2,5,2,B01
200800014459,0,7,0,0,2,3,9,A01
200800014459,0,15,0,0,2,2,1,B01
200800014459,0,7,0,0,2,2,1,C01
200800014460,0,7,0,0,2,1,2,A01
200800014460,0,17,0,0,2,4,2,B01
200800014461,0,7,0,0,0,4,23,A01
200800014461,0,7,0,1,0,1,2,B01
200800014462,0,7,0,0,0,9,0,A01
200800014463,0,7,0,0,1,3,1,A01
200800014464,0,7,0,4,0,1,23,A01
200800014464,0,7,0,0,2,1,14,B01
200800014464,0,7,0,0,2,8,14,C01
200800014465,0,7,0,3,0,3,1,A01
200800014466,0,7,0,0,2,1,2,A01
200800014466,0,7,0,0,0,4,2,B01
200800014467,0,7,0,0,0,0,0,A01
200800014468,0,7,0,0,0,0,0,A01
200800014469,0,7,0,0,0,3,1,A01
200800014470,0,7,0,4,0,3,0,A01
200800014471,0,7,0,4,0,3,0,A01
200800014472,0,7,0,4,2,1,0,A01
200800014472,0,7,0,0,0,6,0,B01
200800014473,0,7,0,0,2,8,2,A01
200800014473,0,7,0,0,2,7,1,B01
200800014474,0,33,0,4,0,3,13,A01
200800014475,0,7,0,4,0,3,1,A01
200800014476,0,7,0,0,0,0,0,A01
200800014477,0,7,0,4,0,1,0,A01
200800014478,0,7,0,0,0,1,1,A01
200800014478,0,14,0,0,0,2,0,B01
200800014478,0,7,0,0,0,2,0,C01
200800014479,0,7,0,0,0,5,0,A01
200800014479,0,7,0,0,0,8,2,B01
200800014479,0,7,0,3,2,3,1,C01
200800014480,0,7,0,0,2,1,2,A01
200800014480,0,10,0,0,0,4,2,B01
200800014481,0,7,0,4,2,5,1,A01
200800014481,0,7,0,0,2,3,1,B01
200800014481,0,7,0,0,2,8,1,C01
200800014481,1,7,0,0,2,1,1,D01
200800014482,1,7,0,0,0,0,0,A01
200800014482,0,7,0,0,2,7,2,B01
200800014483,0,7,0,4,0,1,0,A01
200800014484,0,7,0,4,0,0,13,A01
200800014485,0,7,0,0,2,1,0,A01
200800014485,0,7,0,0,2,4,2,B01
200800014485,0,7,0,0,0,7,2,C01
200800014486,0,7,0,0,2,2,21,A01
200800014486,0,7,0,0,2,4,9,B01
200800014486,0,7,0,0,2,4,9,C01
200800014487,0,33,0,0,0,0,0,A01
200800014488,0,33,0,0,2,1,3,B01
200800014488,0,7,0,0,2,6,2,A01
200800014489,0,7,0,0,2,4,2,C01
200800014489,0,7,0,0,2,0,2,D01
200800014489,0,7,0,0,2,4,2,B01
200800014489,0,7,0,0,2,1,2,A01
200800014490,0,7,0,4,0,3,0,A01
200800014491,0,7,0,0,0,5,1,B01
200800014491,0,31,0,0,2,1,3,A01
200800014492,0,7,0,0,2,1,9,D01
200800014492,0,7,0,0,2,1,9,C01
200800014492,0,7,0,0,2,4,9,B01
200800014492,0,7,0,0,2,4,9,A01
200800014493,0,33,0,0,0,0,0,A01
200800014494,0,7,0,4,0,3,9,A01
200800014495,0,33,0,0,2,1,1,B01
200800014495,1,10,0,0,0,0,0,A01
200800014496,0,15,0,0,2,2,9,A01
200800014496,0,7,0,0,2,6,0,B01
200800014497,0,7,0,4,0,1,0,A01
200800014497,0,7,0,0,0,8,0,B01
200800014498,0,33,0,0,0,7,0,A01
200800014499,0,15,0,0,0,4,1,A01
200800014499,0,15,0,0,2,1,2,B01
200800014499,0,15,0,0,2,1,2,C01
200800014500,0,7,0,0,2,2,2,A01
200800014500,0,7,0,3,0,6,2,B01
200800014501,0,14,0,0,2,6,17,A01
200800014501,0,7,0,0,2,6,1,B01
200800014501,0,99,0,0,2,1,2,C01
200800014502,0,32,0,0,0,1,21,A01
200800014503,0,7,0,0,0,6,11,A01
200800014503,0,7,0,0,0,2,1,B01
200800014504,0,7,0,0,0,4,2,A01
200800014504,0,7,0,0,2,1,2,B01
200800014505,0,7,0,0,0,4,2,A01
200800014505,0,7,0,0,2,4,2,B01
200800014505,0,7,0,0,0,1,2,C01
200800014505,0,7,0,0,2,1,2,D01
200800014506,0,32,0,0,2,5,3,A01
200800014506,0,7,0,0,2,5,12,B01
200800014507,0,7,0,0,2,2,0,A01
200800014507,0,14,0,0,2,2,0,B01
200800014508,0,10,0,5,2,8,2,A01
200800014508,0,15,0,0,0,2,12,B01
200800014509,0,7,0,0,2,1,0,A01
200800014509,0,7,0,0,2,4,0,B01
200800014510,0,7,0,4,0,1,11,A01
200800014511,0,10,0,3,0,6,1,A01
200800014511,0,7,0,0,2,1,14,B01
200800014512,0,31,0,0,0,3,3,A01
200800014513,0,31,0,0,2,3,3,A01
200800014513,0,7,0,0,2,2,9,B01
200800014514,0,7,0,0,2,3,2,C01
200800014514,0,7,0,0,2,1,2,B01
200800014514,0,7,0,0,0,4,1,A01
200800014515,0,7,0,3,0,1,16,A01
200800014516,0,7,0,0,0,4,1,A01
200800014516,0,7,0,0,2,1,2,B01
200800014517,0,33,0,16,0,1,0,A01
200800014518,0,7,0,0,2,3,0,A01
200800014518,0,7,0,0,2,1,0,B01
200800014519,0,7,0,0,2,3,1,A01
200800014519,0,7,0,0,2,3,0,B01
200800014520,0,7,0,0,0,4,24,A01
200800014520,0,7,0,1,0,1,1,B01
200800014521,0,7,0,0,0,3,0,A01
200800014521,0,7,0,0,0,2,23,B01
200800014521,0,7,0,0,0,7,23,C01
200800014522,0,7,0,12,0,3,0,A01
200800014523,0,7,0,0,0,4,0,A01
200800014523,0,7,0,0,0,1,0,B01
200800014524,0,7,0,0,2,7,11,A01
200800014524,0,7,0,0,2,8,1,B01
200800014525,0,10,0,0,2,5,1,A01
200800014525,0,33,0,0,2,1,17,B01
200800014525,0,33,0,0,2,3,1,C01
200800014526,0,99,0,0,0,8,1,A01
200800014527,0,10,0,0,2,5,1,A01
200800014527,0,10,0,0,2,4,1,B01
200800014527,0,15,0,0,2,1,1,C01
200800014528,0,7,0,0,0,4,2,A01
200800014528,0,33,0,0,2,1,2,B01
200800014529,0,7,0,0,2,4,14,A01
200800014529,0,32,0,0,2,1,1,B01
200800014530,0,7,0,0,2,5,12,A01
200800014530,0,33,0,0,2,8,3,B01
200800014531,0,7,0,0,0,0,0,A01
200800014532,0,34,0,0,0,7,9,A01
200800014533,0,7,0,0,2,4,1,A01
200800014533,0,7,0,0,2,1,1,B01
200800014534,0,7,0,4,0,3,0,A01
200800014535,0,7,0,0,2,1,11,A01
200800014535,0,7,0,0,0,3,2,B01
200800014536,0,7,0,2,0,1,1,A01
200800014537,0,7,0,0,2,5,0,A01
200800014537,0,33,0,0,2,7,2,B01
200800014538,0,7,0,0,0,4,0,A01
200800014538,0,7,0,0,2,1,2,B01
200800014538,0,7,0,0,2,1,2,C01
200800014538,0,7,0,0,2,1,2,D01
200800014539,0,10,0,1,1,8,3,B01
200800014539,0,10,0,0,0,6,23,A01
200800014540,0,10,0,0,2,1,0,B01
200800014540,0,7,0,0,2,1,1,A01
200800014541,0,7,0,0,0,7,1,A01
200800014541,0,15,0,0,0,8,1,B01
200800014541,0,17,0,0,2,8,21,C01
200800014542,0,7,0,4,0,3,1,A01
200800014543,0,7,0,0,0,4,2,A01
200800014543,0,33,0,0,2,1,2,B01
200800014544,0,7,0,0,2,1,2,A01
200800014544,0,7,0,0,2,8,11,B01
200800014545,0,7,0,4,0,3,2,A01
200800014546,0,7,0,0,2,0,11,A01
200800014546,0,33,0,0,2,0,0,B01
200800014547,0,7,0,4,2,2,14,A01
200800014547,0,7,0,0,2,1,2,B01
200800014548,0,7,0,0,2,7,1,A01
200800014548,2,10,0,0,2,3,12,B01
200800014549,0,7,0,3,0,1,21,A01
200800014550,0,7,0,13,0,1,2,A01
200800014551,0,31,0,0,0,0,2,A01
200800014552,0,7,0,4,0,1,2,A01
200800014553,0,7,0,4,0,1,1,A01
200800014554,0,7,0,0,0,1,0,A01
200800014555,0,7,0,0,0,1,2,A01
200800014555,0,7,0,0,0,4,2,B01
200800014556,0,7,0,0,2,1,2,A01
200800014556,0,7,0,0,2,4,2,B01
200800014557,0,7,0,0,1,0,0,A01
200800014558,0,7,0,0,0,1,1,A01
200800014559,0,7,0,0,1,1,1,A01
200800014560,0,7,0,0,0,0,1,A01
200800014561,0,10,0,0,2,0,1,C01
200800014561,0,13,0,0,2,1,2,A01
200800014561,0,7,0,0,2,4,2,B01
200800014562,0,7,0,0,2,0,15,A01
200800014562,0,31,0,0,2,1,1,B01
200800014563,0,7,0,0,2,0,2,A01
200800014563,0,7,0,0,2,4,2,B01
200800014564,0,7,0,0,2,1,2,A01
200800014564,0,7,0,0,2,4,2,B01
200800014565,0,7,0,0,2,1,2,A01
200800014565,0,7,0,0,2,4,2,B01
200800014565,0,7,0,0,2,4,2,C01
200800014566,0,7,0,1,2,0,1,B01
200800014566,0,7,0,0,2,0,1,A01
200800014567,0,31,0,0,2,2,1,A01
200800014567,0,7,0,0,2,1,9,B01
200800014568,0,14,0,0,2,2,2,A01
200800014568,0,7,0,0,2,8,18,B01
200800014569,0,7,0,0,2,3,1,A01
200800014569,0,37,1,0,2,7,1,B01
200800014570,0,7,0,0,2,3,13,A01
200800014570,0,7,0,0,2,3,1,B01
200800014571,0,7,0,15,0,1,1,A01
200800014572,0,7,0,0,2,2,1,A01
200800014572,0,7,0,0,0,5,16,B01
200800014573,0,7,0,0,0,8,2,B01
200800014573,0,2,0,0,2,1,0,A01
200800014574,0,7,0,0,2,1,1,A01
200800014574,0,33,0,0,2,7,1,B01
200800014575,0,7,0,1,0,1,9,A01
200800014576,0,7,0,0,0,0,0,C01
200800014576,0,7,0,0,2,7,15,A01
200800014576,0,7,0,0,2,2,1,B01
200800014577,0,7,0,0,0,1,1,A01
200800014577,0,7,0,0,0,4,15,B01
200800014578,0,7,0,1,2,3,1,A01
200800014578,0,7,0,1,2,1,1,B01
200800014579,0,7,0,0,0,0,0,A01
200800014579,0,37,10,0,2,2,0,B01
200800014580,0,7,0,0,1,1,11,A01
200800014581,0,7,0,0,2,0,0,A01
200800014581,0,17,0,0,0,0,0,B01