Num_Acc,senc,catv,occutc,obs,obsm,choc,manv,num_veh
200800014944,0,1,0,0,2,1,0,B01
200800014945,0,32,0,0,2,1,17,A01
200800014945,0,7,0,0,2,3,0,B01
200800014946,0,7,0,0,2,1,5,A01
200800014946,0,7,0,0,2,1,1,B01
200800014947,0,30,0,0,0,8,2,A01
200800014948,0,2,0,0,2,1,1,A01
200800014948,0,7,0,0,2,5,1,B01
200800014949,0,30,0,0,1,1,1,A01
200800014950,0,32,0,0,2,1,1,A01
200800014950,0,7,0,0,2,1,15,B01
200800014951,0,32,0,0,1,1,12,A01
200800014952,0,30,0,0,0,7,15,A01
200800014952,0,7,0,0,0,3,1,B01
200800014953,0,7,0,0,1,6,20,A01
200800014954,0,7,0,0,2,0,12,A01
200800014954,0,30,0,0,2,0,1,B01
200800014955,0,13,0,0,1,4,20,A01
200800014956,0,10,0,0,2,1,2,A01
200800014956,0,7,0,0,2,4,2,B01
200800014957,0,7,0,0,1,6,4,A01
200800014958,0,33,0,0,2,1,1,A01
200800014958,0,7,0,0,0,5,9,B01
200800014959,0,33,0,0,1,2,1,A01
200800014960,0,30,0,0,2,1,2,A01
200800014960,0,7,0,0,2,5,20,B01
200800014961,0,7,0,0,1,6,4,A01
200800014962,0,7,0,0,0,3,15,A01
200800014962,0,33,0,1,0,2,1,B01
200800014963,0,7,0,14,0,2,1,A01
200800014964,0,7,0,0,0,5,24,B01
200800014964,0,30,0,0,0,1,13,A01
200800014965,0,7,0,0,0,7,1,A01
200800014965,0,32,0,0,0,8,13,B01
200800014966,0,37,0,0,1,1,7,A01
200800014967,0,7,0,0,2,2,12,A01
200800014967,0,32,0,0,2,3,18,B01
200800014968,0,7,0,0,0,5,14,A01
200800014968,0,30,0,0,0,3,7,B01
200800014969,0,2,0,0,2,2,0,A01
200800014969,0,32,0,0,0,8,0,B01
200800014970,0,7,0,0,0,1,0,A01
200800014970,0,7,0,0,0,8,0,B01
200800014971,0,7,0,0,1,6,4,A01
200800014972,1,7,0,0,0,0,2,A01
200800014972,0,1,0,0,0,5,2,B01
200800014973,0,32,0,0,2,1,7,A01
200800014973,0,7,0,0,2,7,16,B01
200800014974,0,7,0,0,2,2,16,A01
200800014974,0,32,0,0,2,8,1,B01
200800014975,0,32,0,0,2,8,1,B01
200800014975,0,7,0,0,0,1,1,A01
200800014976,0,30,0,0,9,2,13,A01
200800014976,0,2,0,0,9,8,10,B01
200800014977,0,2,0,1,2,7,1,A01
200800014977,1,7,0,0,2,0,9,B01
200800014978,0,33,0,0,2,1,2,A01
200800014978,0,7,0,0,0,4,23,B01
200800014979,0,38,2,0,1,2,7,A01
200800014980,1,32,0,0,1,1,5,A01
200800014981,0,7,0,0,1,2,1,A01
200800014982,0,7,0,0,2,2,15,A01
200800014982,0,33,0,0,2,2,1,B01
200800014983,0,7,0,15,1,1,24,A01
200800014984,0,30,0,0,2,1,1,A01
200800014984,0,7,0,0,2,8,7,B01
200800014985,0,30,0,0,0,8,1,A01
200800014986,1,7,0,0,0,3,7,A01
200800014987,0,30,0,14,0,1,1,A01
200800014988,1,7,0,0,0,0,16,A01
200800014988,0,30,0,9,2,1,7,B01
200800014989,0,7,0,0,2,8,11,A01
200800014989,0,33,0,0,2,1,1,B01
200800014990,0,7,0,0,0,7,16,A01
200800014990,0,30,0,0,0,8,7,B01
200800014991,0,7,0,0,1,3,1,A01
200800014992,0,32,0,0,1,1,3,A01
200800014993,0,7,0,9,0,1,2,A01
200800014994,0,7,0,0,0,8,15,A01
200800014994,0,30,0,0,2,2,1,B01
200800014995,0,32,0,0,1,1,1,A01
200800014996,0,7,0,0,0,0,0,A01
200800014997,0,7,0,9,0,1,2,A01
200800014998,0,33,0,0,1,1,1,A01
200800014999,0,1,0,0,2,1,1,B01
200800014999,0,7,0,0,9,8,1,A01
200800015000,0,7,0,0,2,3,1,B01
200800015000,0,7,0,0,2,1,1,A01
200800015001,0,33,0,1,0,1,21,A01
200800015002,0,32,0,0,2,1,1,B01
200800015002,0,7,0,0,2,3,10,A01
200800015003,0,32,0,1,0,1,14,A01
200800015004,0,7,0,0,2,3,15,B01
200800015004,0,2,0,0,2,2,1,A01
200800015005,0,30,0,1,0,1,1,A01
200800015006,0,32,0,0,0,8,21,A01
200800015007,0,31,0,0,2,1,1,B01
200800015007,0,7,0,0,2,2,1,A01
200800015008,0,30,0,0,2,7,17,B01
200800015008,0,7,0,0,9,3,13,A01
200800015009,0,30,0,0,2,0,1,B01
200800015009,0,7,0,0,0,0,11,A01
200800015010,0,7,0,0,0,7,22,A01
200800015010,0,2,0,0,2,7,18,B01
200800015011,0,7,0,0,2,6,10,A01
200800015011,0,30,0,0,2,1,1,B01
200800015012,0,10,0,0,1,4,4,A01
200800015013,0,7,0,0,0,3,15,A01
200800015013,0,34,0,0,2,2,1,B01
200800015014,0,7,0,0,2,4,2,B01
200800015014,0,37,29,0,2,1,2,A01
200800015015,0,32,0,0,2,1,2,B01
200800015015,0,7,0,0,0,3,9,A01
200800015016,0,30,0,0,1,1,21,A01
200800015017,0,2,0,0,0,7,2,A01
200800015018,0,2,0,8,2,1,17,B01
200800015018,0,7,0,0,2,3,15,A01
200800015019,0,30,0,0,1,1,1,A01
200800015020,0,32,0,1,2,7,18,A01
200800015020,0,10,0,0,2,2,12,B01
200800015021,0,7,0,0,1,0,1,A01
200800015022,0,33,0,0,1,3,1,A01
200800015023,0,30,0,0,2,1,1,A01
200800015023,0,7,0,0,2,3,1,B01
200800015024,0,2,0,0,1,7,1,A01
200800015025,0,31,0,0,1,7,1,A01
200800015026,0,7,0,0,1,2,1,A01
200800015027,0,13,0,0,2,3,13,B01
200800015027,0,33,0,0,2,2,17,A01
200800015028,0,7,0,0,1,7,1,A01
200800015029,0,31,0,0,2,7,17,A01
200800015029,0,7,0,0,2,3,15,B01
200800015030,0,7,0,0,2,3,10,B01
200800015030,0,32,0,0,2,1,5,A01
200800015031,0,10,0,0,1,4,4,A01
200800015032,0,31,0,0,2,1,2,A01
200800015032,0,7,0,0,2,5,23,B01
200800015033,0,31,0,0,2,7,17,B01
200800015033,0,7,0,0,2,3,10,A01
200800015034,0,30,0,0,0,7,1,A01
200800015035,0,31,0,0,2,5,17,A01
200800015035,0,7,0,0,2,3,15,B01
200800015036,0,7,0,0,2,3,10,A01
200800015036,0,32,0,0,2,1,1,B01
200800015037,0,7,0,0,1,4,20,A01
200800015038,0,7,0,0,0,1,16,B01
200800015038,0,7,0,0,2,3,7,A01
200800015039,0,31,0,12,2,1,1,B01
200800015039,0,7,0,0,2,7,15,A01
200800015040,0,32,0,0,0,2,1,A01
200800015041,0,20,0,0,2,8,2,A01
200800015041,0,33,0,0,2,7,23,B01
200800015042,0,7,0,0,0,3,10,A01
200800015042,0,30,0,0,2,7,1,B01
200800015043,0,30,0,0,1,7,1,A01
200800015044,0,7,0,0,1,1,15,A01
200800015045,0,7,0,0,2,8,1,B01
200800015045,0,32,0,0,2,1,1,A01
200800015046,0,32,0,0,0,8,21,A01
200800015047,0,7,0,0,0,3,0,B01
200800015047,0,2,0,0,0,1,1,A01
200800015048,0,1,0,2,0,0,1,A01
200800015049,0,7,0,0,0,8,22,A01
200800015049,0,32,0,1,0,1,1,B01
200800015050,0,7,0,0,2,1,2,A01
200800015050,0,7,0,0,2,4,23,C01
200800015050,0,7,0,0,2,5,23,B01
200800015051,0,37,1,0,0,0,21,A01
200800015052,0,7,0,0,1,2,16,A01
200800015053,0,7,0,0,2,6,10,A01
200800015053,0,30,0,0,2,1,1,B01
200800015054,0,7,0,0,1,3,15,A01
200800015055,0,32,0,0,2,7,17,B01
200800015055,0,7,0,0,2,8,15,A01
200800015056,0,10,0,0,2,7,16,B01
200800015056,0,31,0,0,2,8,18,A01
200800015057,0,7,0,0,1,7,1,A01
200800015058,0,32,0,0,2,3,17,B01
200800015058,0,7,0,1,2,3,9,A01
200800015059,0,7,0,0,2,1,1,B01
200800015059,0,32,0,0,2,3,1,A01
200800015060,0,7,0,0,9,8,15,A01
200800015060,0,2,0,0,2,1,2,B01
200800015061,0,33,0,0,0,7,2,A01
200800015062,0,32,0,0,0,5,0,A01
200800015062,0,10,0,0,2,3,11,B01
200800015063,0,32,0,0,0,7,0,B01
200800015063,0,7,0,0,0,0,0,A01
200800015064,0,30,0,0,2,8,17,A01
200800015064,0,10,0,0,0,8,15,B01
200800015065,0,33,0,0,1,1,3,A01
200800015066,0,32,0,0,1,0,0,A01
200800015067,0,7,0,1,0,1,12,A01
200800015068,0,32,0,0,2,3,5,A01
200800015068,0,7,0,0,2,3,1,B01
200800015069,0,32,0,8,0,0,9,A01
200800015070,0,10,0,0,1,6,4,A01
200800015071,0,10,0,0,2,8,22,A01
200800015071,0,32,0,0,2,7,1,B01
200800015072,0,37,16,0,9,1,7,A01
200800015072,0,1,0,0,2,4,15,B01
200800015073,0,7,0,0,2,2,15,A01
200800015073,0,32,0,0,2,1,1,B01
200800015074,0,7,0,0,2,3,1,A01
200800015074,0,30,0,0,2,2,15,B01
200800015075,0,7,0,0,1,2,7,A01
200800015076,0,20,0,0,2,1,2,A01
200800015076,0,32,0,0,2,5,2,B01
200800015077,0,33,0,12,1,0,1,A01
200800015078,0,7,0,0,0,5,1,A01
200800015078,0,1,0,0,0,0,7,B01
200800015079,0,2,0,8,0,1,1,A01
200800015080,0,7,0,0,0,6,23,B01
200800015080,0,2,0,0,2,1,2,A01
200800015081,0,30,0,0,0,8,1,A01
200800015082,0,33,0,0,2,0,12,A01
200800015082,0,7,0,0,2,0,2,C01
200800015082,0,7,0,0,2,0,0,B01
200800015083,0,30,0,0,0,0,21,A01
200800015084,0,34,0,0,0,0,1,A01
200800015085,0,15,0,0,0,0,15,A01
200800015085,0,31,0,0,2,0,1,B01
200800015086,0,30,0,0,2,1,1,B01
200800015086,0,7,0,0,0,7,9,A01
200800015087,0,32,0,0,1,1,1,A01
200800015088,0,7,0,0,2,4,7,A01
200800015088,0,7,0,0,2,4,16,B01
200800015089,0,7,0,0,2,3,1,B01
200800015089,0,30,0,0,2,1,1,A01
200800015090,1,7,0,0,0,1,1,A01
200800015091,0,7,0,0,2,4,2,B01
200800015091,0,33,0,0,2,1,2,A01
200800015092,0,7,0,0,0,3,15,A01
200800015092,0,2,0,0,2,1,17,B01
200800015093,0,37,15,0,1,5,1,A01
200800015094,0,30,0,0,2,1,16,B01
200800015094,0,1,0,0,2,1,1,A01
200800015095,0,32,0,0,2,1,1,A01
200800015096,0,34,0,0,2,2,1,B01
200800015096,0,7,0,0,2,3,11,A01
200800015097,0,7,0,0,1,4,4,A01
200800015098,0,2,0,15,0,0,0,A01
200800015099,0,7,0,0,0,4,4,A01
200800015100,0,1,0,0,2,1,2,B01
200800015100,0,32,0,0,2,1,5,A01
200800015101,0,32,0,0,1,1,1,A01
200800015102,0,7,0,0,2,1,2,A01
200800015102,0,33,0,0,0,4,23,B01
200800015103,0,31,0,0,2,3,1,B01
200800015103,0,7,0,0,2,2,1,A01
200800015104,0,7,0,0,2,2,15,A01
200800015104,0,33,0,0,2,1,1,B01
200800015105,0,30,0,0,2,1,1,A01
200800015105,1,7,0,0,2,0,15,B01
200800015106,0,32,0,0,0,8,9,A01
200800015106,0,7,0,1,9,2,1,B01
200800015107,0,7,0,0,0,2,16,A01
200800015107,0,1,0,0,2,3,1,B01
200800015108,0,7,0,1,0,1,1,A01
200800015109,0,7,0,0,1,0,2,A01
200800015110,0,7,0,0,0,8,1,B01
200800015110,0,33,0,0,2,2,13,A01
200800015111,0,7,0,1,0,1,1,A01
200800015112,0,7,0,0,1,0,1,A01
200800015113,0,2,0,0,0,7,1,B01
200800015113,0,10,0,0,0,8,9,A01
200800015114,1,7,0,0,0,0,15,A01
200800015114,0,34,0,0,2,5,17,B01
200800015115,0,32,0,0,2,3,21,A01
200800015115,0,7,0,0,2,2,1,B01
200800015116,0,34,0,0,2,7,17,A01
200800015116,0,7,0,0,0,8,15,B01
200800015117,0,7,0,0,1,2,1,A01
200800015118,0,7,0,1,1,4,20,A01
200800015119,0,7,0,0,0,1,2,A01
200800015119,0,7,0,0,0,4,23,B01
200800015120,0,33,0,0,0,3,1,A01
200800015120,0,7,0,0,2,2,16,B01
200800015121,0,37,10,0,9,2,2,A01
200800015121,0,1,0,0,0,4,23,B01
200800015122,0,30,0,0,1,0,1,A01
200800015123,0,7,0,0,9,3,9,A01
200800015123,0,34,0,0,2,7,1,B01
200800015124,0,7,0,0,2,1,1,A01
200800015124,0,32,0,0,2,4,3,B01
200800015124,0,7,0,0,2,4,1,C01
200800015125,0,2,0,0,1,1,5,A01
200800015126,0,32,0,0,0,0,1,A01
200800015127,0,2,0,0,2,2,2,A01
200800015127,0,7,0,0,2,6,15,B01
200800015128,0,7,0,0,0,7,15,A01
200800015128,0,32,0,0,0,2,1,B01
200800015129,0,2,0,0,0,5,1,A01
200800015130,0,7,0,0,1,2,0,A01
200800015131,0,7,0,0,2,8,15,A01
200800015131,0,33,0,0,2,7,17,B01
200800015132,0,32,0,0,1,1,1,A01
200800015133,0,7,0,0,2,2,16,A01
200800015133,0,30,0,0,2,8,1,B01
200800015134,1,30,0,0,1,1,1,A01
200800015135,0,7,0,0,2,3,15,B01
200800015135,0,33,0,0,2,7,17,A01
200800015136,0,31,0,0,2,7,1,B01
200800015136,0,7,0,0,2,1,9,A01
200800015137,0,7,0,0,1,1,16,A01
200800015138,0,2,0,0,0,7,1,A01
200800015139,0,32,0,0,2,7,21,A01
200800015139,0,33,0,0,2,8,1,B01
200800015140,0,7,0,0,1,1,15,A01
200800015141,0,1,0,11,0,7,1,A01
200800015142,0,7,0,0,1,3,1,A01
200800015143,0,7,0,0,2,2,9,A01
200800015143,0,32,0,1,2,3,1,B01
200800015144,0,32,0,0,0,0,0,A01
200800015145,0,32,0,0,9,8,21,A01
200800015146,0,13,0,0,1,1,1,A01
200800015147,0,10,0,0,2,1,2,A01
200800015147,0,7,0,0,2,4,23,B01
200800015148,0,32,0,0,1,2,1,A01
200800015149,0,30,0,0,2,8,23,A01
200800015149,0,7,0,0,2,7,1,B01
200800015150,0,7,0,0,2,1,2,A01
200800015150,0,7,0,0,2,4,23,C01
200800015150,0,7,0,0,2,4,23,B01
200800015151,0,7,0,0,2,8,15,A01
200800015151,0,34,0,0,2,1,1,B01
200800015152,0,7,0,0,0,3,10,A01
200800015152,0,32,0,0,0,2,17,B01
200800015153,0,7,0,0,1,2,1,A01
200800015154,0,7,0,0,2,7,16,A01
200800015154,0,32,0,0,2,1,1,B01
200800015155,0,33,0,0,2,0,1,A01
200800015155,1,7,0,0,0,0,14,B01
200800015156,0,7,0,0,1,6,20,A01
200800015157,0,32,0,0,2,3,18,A01
200800015157,0,7,0,0,2,2,22,B01
200800015158,0,2,0,0,2,1,1,A01
200800015158,0,7,0,0,0,7,1,B01
200800015159,0,32,0,0,2,2,1,B01
200800015159,0,30,0,0,2,8,1,A01
200800015160,0,7,0,0,2,0,15,B01
200800015160,0,30,0,0,2,1,1,A01
200800015161,0,32,0,0,1,1,1,A01
200800015162,0,7,0,0,2,6,15,A01
200800015162,0,7,0,0,2,3,0,B01
200800015163,0,2,0,0,2,1,1,A01
200800015163,0,14,0,0,2,4,2,B01
200800015164,0,33,0,0,2,2,12,B01
200800015164,0,30,0,0,0,3,0,A01
200800015165,0,2,0,0,2,2,0,A01
200800015165,0,7,0,0,2,2,9,B01
200800015166,0,2,0,1,2,3,2,A01
200800015166,0,37,15,0,2,5,2,B01
200800015167,0,7,0,0,1,2,1,A01
200800015168,0,13,0,0,2,3,1,B01
200800015168,0,30,0,0,2,1,1,A01
200800015169,0,7,0,0,2,1,10,A01
200800015169,0,33,0,1,2,8,2,B01
200800015170,0,7,0,0,2,1,2,A01
200800015170,0,7,0,0,0,4,2,B01
200800015171,0,7,0,0,2,6,17,A01
200800015171,0,10,0,0,0,4,24,C01
200800015171,0,33,0,0,2,7,1,B01
200800015172,0,7,0,0,2,3,10,A01
200800015172,0,33,0,0,2,1,1,B01
200800015173,0,7,0,0,1,3,1,A01
200800015174,0,7,0,0,1,4,4,A01
200800015175,0,32,0,0,2,3,7,A01
200800015175,0,7,0,0,2,2,12,B01
200800015176,0,7,0,0,2,1,1,A01
200800015176,0,7,0,1,2,7,1,B01
200800015177,1,7,0,0,0,0,1,A01
200800015178,0,30,0,0,2,1,17,A01
200800015178,0,7,0,0,2,3,11,B01
200800015178,0,7,0,0,2,3,1,C01
200800015179,0,7,0,0,1,8,1,A01
200800015180,0,7,0,0,1,8,1,A01
200800015181,0,30,0,1,0,2,13,A01
200800015182,0,7,0,0,2,8,15,B01
200800015182,0,7,0,0,2,1,1,A01
200800015183,0,7,0,0,1,7,1,A01
200800015184,0,7,0,0,2,3,1,B01
200800015184,0,7,0,0,2,2,1,A01
200800015185,0,7,0,0,0,2,15,A01
200800015185,0,7,0,0,0,6,1,B01
200800015186,0,32,0,0,1,8,1,A01
200800015187,0,30,0,0,0,0,1,A01
200800015188,0,1,0,0,2,8,9,A01
200800015188,0,7,0,1,2,2,1,B01
200800015189,0,32,0,0,0,8,0,A01
200800015190,0,7,0,0,0,3,10,A01
200800015190,0,2,0,0,2,1,2,B01
200800015191,0,33,0,1,2,2,1,B01
200800015191,0,10,0,0,2,5,4,A01
200800015192,1,7,0,0,9,1,1,A01
200800015192,0,30,0,0,2,1,1,B01
200800015193,0,34,0,0,2,7,1,A01
200800015194,0,32,0,0,2,7,1,B01
200800015194,0,7,0,0,2,8,13,A01
200800015195,0,33,0,12,0,0,1,A01
200800015196,0,7,0,0,0,3,15,A01
200800015197,0,7,0,8,0,3,21,A01
200800015198,0,32,0,0,2,1,1,A01
200800015198,0,7,0,0,2,4,4,B01
200800015199,0,32,0,0,0,0,21,A01
200800015200,1,7,0,0,2,0,1,B01
200800015200,0,32,0,0,2,1,1,A01
200800015201,0,7,0,0,1,2,7,A01
200800015202,0,7,0,0,0,1,15,B01
200800015202,0,2,0,0,0,1,1,A01
200800015203,0,7,0,0,1,1,1,A01
200800015204,0,1,0,1,0,3,1,A01
200800015204,0,7,0,0,9,3,22,B01
200800015205,0,1,0,0,2,1,2,B01
200800015205,0,1,0,0,2,4,2,A01
200800015205,1,1,0,0,2,6,13,C01
200800015206,0,7,0,1,0,2,1,A01
200800015207,0,7,0,0,2,2,14,A01
200800015207,0,33,0,8,2,3,1,B01
200800015208,0,32,0,14,0,1,21,A01
200800015209,0,7,0,14,0,1,2,A01
200800015210,0,7,0,0,2,2,16,A01
200800015210,0,32,0,0,2,3,7,B01
200800015211,0,2,0,0,0,4,1,B01
200800015211,1,10,0,0,0,0,0,A01
200800015212,0,7,0,0,1,5,1,A01
200800015213,0,7,0,0,0,2,2,A01
200800015213,0,7,0,9,0,3,1,B01
200800015214,0,7,0,0,2,3,13,A01
200800015214,0,30,0,14,2,2,2,B01
200800015215,0,32,0,16,2,1,2,A01
200800015215,0,7,0,16,2,3,13,B01
200800015216,0,7,0,0,2,2,11,A01
200800015216,0,2,0,0,2,1,0,B01
200800015217,0,7,0,0,2,8,15,A01
200800015217,0,32,0,0,2,1,2,B01
200800015218,0,7,0,0,2,1,1,B01
200800015218,0,7,0,0,0,8,1,A01
200800015219,0,7,0,0,2,3,15,A01
200800015219,0,33,0,0,2,1,1,B01
200800015220,1,7,0,0,2,8,0,A01
200800015220,0,1,0,0,2,1,19,B01
200800015221,0,7,0,0,2,1,2,A01
200800015221,0,2,0,0,2,8,9,B01
200800015222,0,32,0,0,0,0,1,A01
200800015223,0,7,0,0,1,2,1,A01
200800015224,0,7,0,0,2,4,1,B01
200800015224,0,7,0,0,2,1,0,A01
200800015225,0,32,0,0,2,2,1,A01
200800015225,0,7,0,0,2,2,1,B01
200800015226,0,7,0,0,2,3,1,A01
200800015226,0,33,0,0,0,4,1,B01
200800015227,0,10,0,0,0,0,15,A01
200800015227,0,1,0,0,2,0,2,B01
200800015228,0,7,0,0,0,1,1,A01
200800015228,0,1,0,0,2,4,12,B01
200800015229,0,7,0,0,2,1,9,B01
200800015229,0,7,0,0,2,7,9,A01
200800015230,0,7,0,0,1,1,1,A01
200800015231,0,7,0,0,2,2,1,A01
200800015231,0,2,0,0,2,1,1,B01
200800015232,0,2,0,0,2,3,2,B01
200800015232,0,14,0,0,9,7,2,A01
200800015233,0,7,0,0,2,0,0,A01
200800015233,0,32,0,0,2,6,2,B01
200800015234,0,7,0,0,1,0,17,A01
200800015235,0,7,0,0,0,2,0,A01
200800015235,0,1,0,0,2,8,2,B01
200800015235,0,1,0,0,9,4,0,C01
200800015236,0,7,0,0,0,3,15,B01
200800015236,0,33,0,0,2,3,17,A01
200800015237,0,7,0,14,0,1,1,A01
200800015238,0,7,0,0,1,2,1,A01
200800015239,0,7,0,0,2,1,15,B01
200800015239,0,30,0,0,2,7,1,A01
200800015240,0,7,0,1,2,1,9,A01
200800015240,0,7,0,0,2,1,1,B01
200800015241,1,7,0,0,2,2,14,A01
200800015241,0,2,0,0,2,3,1,B01
200800015242,0,7,0,1,2,2,1,A01
200800015242,0,7,0,0,0,8,9,B01
200800015243,0,2,0,0,2,1,5,A01
200800015243,0,32,0,0,2,1,1,B01
200800015244,1,7,0,0,1,3,1,A01
200800015245,0,34,0,0,1,3,1,A01
200800015246,0,7,0,0,2,8,15,B01
200800015246,0,2,0,0,2,2,17,A01
200800015247,0,7,0,0,2,1,2,A01
200800015247,0,33,0,0,2,4,16,B01
200800015248,0,10,0,0,1,3,15,A01
200800015249,0,7,0,0,2,8,1,B01
200800015249,0,7,0,0,2,1,1,A01
200800015250,0,7,0,9,0,8,15,A01
200800015250,0,33,0,9,0,1,1,B01
200800015251,0,7,0,4,0,3,6,A01
200800015252,0,7,0,0,0,0,0,A01
200800015253,0,7,0,1,0,3,5,A01
200800015253,0,32,0,0,0,1,0,B01
200800015254,0,7,0,1,1,2,1,A01
200800015254,0,7,0,0,2,3,22,B01
200800015255,0,14,0,0,0,4,23,B01
200800015255,0,2,0,14,0,1,2,A01
200800015256,0,30,0,0,2,3,1,A01
200800015256,0,7,0,0,2,3,15,B01
200800015257,0,7,0,0,0,2,14,A01
200800015257,0,33,0,8,2,3,7,B01
200800015258,0,30,0,7,0,1,1,A01
200800015259,0,7,0,0,0,4,20,A01
200800015260,0,2,0,0,2,0,18,A01
200800015260,0,7,0,0,0,0,16,B01
200800015261,0,30,0,0,2,1,1,A01
200800015261,0,7,0,0,2,2,15,B01
200800015262,0,7,0,0,2,1,7,A01
200800015262,0,7,0,15,2,8,1,B01
200800015263,0,7,0,0,0,0,1,A01
200800015264,0,32,0,1,2,7,1,B01
200800015264,0,10,0,0,2,5,23,C01
200800015264,0,7,0,0,2,3,22,A01
200800015265,0,7,0,0,0,2,1,A01
200800015266,0,30,0,0,1,4,1,A01
200800015267,0,32,0,0,1,1,1,A01
200800015268,0,7,0,0,1,1,1,A01
200800015269,0,7,0,0,2,5,16,A01
200800015269,0,1,0,0,2,8,2,B01
200800015270,0,32,0,0,2,1,2,A01
200800015270,0,7,0,0,0,4,2,B01
200800015271,0,7,0,0,2,3,15,A01
200800015271,0,2,0,0,2,1,1,B01
200800015272,0,32,0,0,2,1,2,A01
200800015272,0,7,0,0,0,5,2,B01
200800015273,0,33,0,0,2,1,8,A01
200800015273,0,7,0,0,2,5,15,B01
200800015274,0,7,0,0,1,2,2,A01
200800015275,0,32,0,1,2,1,11,A01
200800015275,0,7,0,0,2,8,11,B01
200800015276,0,7,0,0,1,3,1,A01
200800015277,0,7,0,0,1,1,1,A01
200800015278,0,34,0,0,2,0,17,A01
200800015278,0,38,1,0,0,0,15,B01
200800015279,0,7,0,0,1,1,1,A01
200800015280,0,2,0,0,2,4,2,A01
200800015280,0,7,0,0,0,4,23,B01
200800015281,1,7,0,0,0,0,15,B01
200800015281,0,33,0,0,2,0,1,A01
200800015282,0,30,0,0,2,1,7,A01
200800015282,0,7,0,0,2,3,16,B01
200800015283,0,7,0,0,0,7,13,A01
200800015283,0,2,0,0,0,8,1,B01
200800015284,0,31,0,0,1,1,1,A01
200800015285,0,32,0,0,2,1,7,A01
200800015285,0,13,0,0,2,2,1,B01
200800015286,0,32,0,1,0,8,15,A01
200800015287,0,7,0,0,2,1,15,A01
200800015287,0,30,0,0,2,1,7,B01
200800015288,0,37,15,0,0,2,1,A01
200800015289,0,32,0,0,1,1,1,A01
200800015290,0,33,0,0,2,7,17,A01
200800015290,0,10,0,0,2,8,15,B01
200800015291,0,7,0,0,2,8,11,A01
200800015291,0,33,0,0,2,2,2,B01
200800015292,0,30,0,0,2,1,17,B01
200800015292,0,1,0,0,2,1,13,A01
200800015293,0,1,0,0,2,4,23,A01
200800015293,1,7,0,0,2,4,2,B01
200800015294,0,32,0,0,0,0,21,A01
200800015295,0,30,0,0,2,1,1,B01
200800015295,0,7,0,0,2,3,1,A01
200800015296,0,33,0,0,0,8,17,B01
200800015296,0,7,0,0,0,8,22,A01
200800015297,0,1,0,0,1,1,1,A01
200800015298,0,7,0,0,2,3,10,A01
200800015298,0,33,0,0,2,1,7,B01
200800015299,0,7,0,0,1,2,1,A01
200800015300,0,32,0,0,1,8,1,A01
200800015301,0,7,0,0,0,1,1,B01
200800015301,0,32,0,0,0,1,1,A01
200800015302,0,30,0,0,2,1,1,A01
200800015302,1,7,0,0,2,3,5,B01
200800015303,0,7,0,0,1,2,7,A01
200800015304,0,7,0,1,0,2,20,A01
200800015305,0,7,0,0,1,2,1,A01
200800015306,0,7,0,0,1,1,2,A01
200800015307,0,32,0,0,1,2,1,A01
200800015308,1,7,0,0,0,0,0,A01
200800015309,0,7,0,0,1,1,1,A01
200800015310,0,7,0,14,0,3,2,A01
200800015311,0,32,0,11,0,6,1,A01
200800015312,0,7,0,0,1,2,0,A01
200800015313,0,2,0,0,0,2,2,A01
200800015314,0,7,0,1,0,3,0,A01
200800015314,0,30,0,0,0,1,0,B01
200800015315,1,7,0,0,0,1,1,B01
200800015315,0,32,0,0,0,2,1,A01
200800015316,0,10,0,8,0,1,0,A01
200800015317,0,7,0,0,0,0,15,A01
200800015317,0,30,0,0,2,7,5,B01
200800015318,0,2,0,0,0,1,1,B01
200800015318,0,7,0,0,0,2,1,A01
200800015319,0,33,0,0,1,1,7,A01
200800015320,0,7,0,0,0,3,9,A01
200800015320,0,30,0,0,2,1,1,B01
200800015321,0,7,0,0,0,1,1,A01
200800015322,0,7,0,0,1,2,1,A01
200800015322,0,10,0,0,2,1,1,B01
200800015323,0,10,0,0,2,0,9,A01
200800015323,0,7,0,0,0,6,1,B01
200800015324,0,10,0,0,1,2,1,A01
200800015325,0,7,0,0,1,2,1,A01
200800015326,0,30,0,0,0,0,1,A01
200800015327,0,7,0,15,0,3,12,A01
200800015327,0,7,0,0,2,1,21,B01
200800015328,0,7,0,1,0,7,9,C01
200800015328,0,32,0,1,2,4,2,B01
200800015328,0,7,0,1,2,1,2,A01
200800015329,0,32,0,1,2,2,16,A01
200800015330,0,30,0,0,0,4,0,B01
200800015330,0,30,0,14,0,1,2,A01
200800015331,0,7,0,0,1,3,0,A01
200800015332,0,7,0,0,1,1,1,A01
200800015333,0,7,0,0,2,1,1,A01
200800015333,0,10,0,0,2,4,2,B01
200800015334,0,7,0,0,1,6,4,A01
200800015335,0,10,0,0,0,4,16,B01
200800015335,0,30,0,0,2,1,1,A01
200800015336,0,33,0,0,1,1,1,A01
200800015337,0,30,0,0,0,0,1,A01
200800015338,0,10,0,15,2,8,14,A01
200800015339,0,7,0,0,1,1,11,A01
200800015340,0,32,0,0,2,7,1,A01
200800015340,0,7,0,0,2,3,9,B01
200800015341,0,7,0,12,0,2,14,A01