Num_Acc,senc,catv,occutc,obs,obsm,choc,manv,num_veh
200800015342,0,7,0,0,0,6,15,B01
200800015342,0,30,0,0,0,1,1,A01
200800015343,0,30,0,0,1,1,1,A01
200800015344,0,7,0,0,2,6,15,A01
200800015344,0,30,0,0,2,2,15,B01
200800015345,1,10,0,0,0,1,1,A01
200800015345,0,1,0,0,0,2,1,B01
200800015346,0,31,0,0,0,8,2,B01
200800015346,0,7,0,0,2,2,12,A01
200800015347,0,7,0,12,2,1,1,A01
200800015347,0,7,0,12,2,6,1,B01
200800015348,0,7,0,8,2,2,1,B01
200800015348,0,7,0,0,2,0,0,A01
200800015349,0,32,0,4,0,0,6,A01
200800015349,0,7,0,0,1,2,1,B01
200800015350,0,7,0,0,2,3,12,A01
200800015350,0,7,0,0,0,5,23,B01
200800015351,0,7,0,14,0,2,11,A01
200800015352,0,30,0,0,0,2,1,B01
200800015352,0,10,0,0,2,3,9,A01
200800015353,0,30,0,0,2,2,1,A01
200800015353,0,30,0,0,2,3,2,B01
200800015354,0,7,0,0,0,1,2,A01
200800015355,0,32,0,12,0,2,0,A01
200800015356,0,7,0,0,0,2,1,A01
200800015357,0,33,0,0,2,1,18,A01
200800015357,0,20,0,0,0,2,16,B01
200800015358,0,7,0,0,1,2,1,A01
200800015359,0,34,0,0,2,4,23,A01
200800015359,1,30,0,0,2,1,2,B01
200800015360,0,30,0,0,0,6,17,A01
200800015360,0,7,0,0,0,0,15,B01
200800015361,0,7,0,0,0,2,22,A01
200800015361,0,1,0,0,0,3,18,B01
200800015362,0,7,0,3,0,2,14,A01
200800015363,0,31,0,0,2,7,1,B01
200800015363,0,7,0,0,2,3,13,A01
200800015364,0,7,0,0,1,2,1,A01
200800015365,0,30,0,0,0,0,1,A01
200800015366,0,10,0,0,2,8,15,A01
200800015366,0,31,0,0,2,1,17,B01
200800015367,0,30,0,0,2,1,17,A01
200800015367,0,10,0,0,2,3,10,B01
200800015368,1,7,0,0,0,0,10,A01
200800015368,0,30,0,0,2,7,1,B01
200800015369,0,37,10,14,2,6,2,B01
200800015369,0,33,0,0,2,1,17,A01
200800015370,0,7,0,0,2,1,9,A01
200800015370,0,32,0,0,2,1,13,B01
200800015371,0,7,0,0,0,2,10,A01
200800015371,0,30,0,0,2,8,1,B01
200800015372,0,7,0,0,1,2,1,A01
200800015373,1,31,0,0,1,2,16,A01
200800015373,0,7,0,0,1,3,1,B01
200800015374,1,7,0,0,1,2,1,A01
200800015375,0,37,0,0,2,0,0,B01
200800015375,0,32,0,0,2,7,2,A01
200800015376,0,7,0,0,0,3,9,A01
200800015376,0,30,0,0,0,2,1,B01
200800015377,0,33,0,0,2,1,1,B01
200800015377,0,7,0,0,2,2,15,A01
200800015378,0,31,0,0,1,1,2,A01
200800015379,0,2,0,0,1,1,1,A01
200800015380,0,32,0,0,1,1,17,A01
200800015381,0,31,0,0,2,1,1,B01
200800015381,0,7,0,0,2,2,15,A01
200800015382,0,30,0,10,0,1,12,A01
200800015383,1,7,0,0,1,0,4,A01
200800015384,0,37,0,0,2,3,7,B01
200800015384,0,7,0,0,2,5,1,A01
200800015385,0,30,0,0,2,8,7,A01
200800015385,0,7,0,0,2,7,16,B01
200800015386,0,10,0,0,1,3,1,A01
200800015387,0,7,0,0,1,2,1,A01
200800015388,0,32,0,4,0,2,2,A01
200800015388,0,33,0,0,2,1,22,B01
200800015389,0,7,0,0,2,8,15,A01
200800015389,0,32,0,0,2,1,7,B01
200800015390,0,7,0,0,2,7,1,A01
200800015390,0,37,0,0,2,3,1,B01
200800015391,0,30,0,0,2,8,2,A01
200800015391,0,7,0,0,0,5,23,B01
200800015392,0,33,0,0,2,1,1,B01
200800015392,0,10,0,0,2,8,1,A01
200800015393,0,7,0,0,2,2,15,A01
200800015393,0,31,0,0,2,1,1,B01
200800015394,0,7,0,0,2,1,9,A01
200800015394,0,33,0,0,0,7,5,B01
200800015395,0,10,0,0,1,1,1,A01
200800015396,0,32,0,0,1,5,1,A01
200800015397,0,7,0,11,0,1,11,A01
200800015398,1,7,0,0,1,0,0,A01
200800015399,0,7,0,0,2,1,15,A01
200800015399,0,7,0,11,2,3,1,B01
200800015400,0,32,0,0,1,1,2,A01
200800015401,0,32,0,0,2,8,9,A01
200800015401,0,32,0,0,2,8,9,B01
200800015402,0,2,0,8,0,1,1,A01
200800015403,0,7,0,0,2,5,12,A01
200800015403,0,31,0,12,2,1,7,B01
200800015404,0,10,0,0,2,3,1,B01
200800015404,0,30,0,8,2,1,1,A01
200800015405,0,7,0,0,1,3,1,A01
200800015406,0,37,0,0,0,2,7,A01
200800015407,1,7,0,0,1,1,1,A01
200800015408,0,7,0,1,2,7,22,A01
200800015408,0,2,0,0,2,1,1,B01
200800015409,0,33,0,0,2,1,1,A01
200800015409,1,10,0,0,2,4,11,B01
200800015410,0,30,0,0,1,3,1,A01
200800015411,0,7,0,0,1,1,1,A01
200800015412,0,7,0,6,0,4,2,A01
200800015412,0,7,0,7,2,1,2,B01
200800015413,0,7,0,0,2,1,2,A01
200800015413,0,7,0,0,0,4,2,B01
200800015414,0,7,0,0,2,2,15,A01
200800015414,0,31,0,0,2,7,1,B01
200800015415,0,2,0,12,0,3,17,A01
200800015416,0,7,0,0,2,4,15,A01
200800015416,0,33,0,0,2,1,2,B01
200800015417,0,7,0,0,2,3,15,B01
200800015417,0,31,0,1,2,1,1,A01
200800015418,0,32,0,0,0,1,1,A01
200800015419,0,7,0,0,2,6,5,A01
200800015419,0,32,0,0,2,1,2,B01
200800015419,0,32,0,0,2,1,2,C01
200800015420,0,32,0,0,2,1,2,A01
200800015420,0,7,0,0,0,6,2,B01
200800015421,0,10,0,0,2,3,11,A01
200800015421,0,33,0,0,2,1,1,B01
200800015422,0,7,0,0,2,1,2,A01
200800015422,0,7,0,0,0,4,2,B01
200800015423,0,7,0,0,1,1,19,A01
200800015424,0,31,0,0,0,7,12,A01
200800015425,0,31,0,0,0,3,0,A01
200800015426,0,32,0,0,2,1,1,A01
200800015426,0,7,0,0,0,3,1,B01
200800015427,0,32,0,0,2,1,1,B01
200800015427,0,7,0,0,0,0,24,A01
200800015428,0,33,0,1,0,1,15,A01
200800015429,0,1,0,0,0,0,1,B01
200800015429,0,10,0,0,0,0,17,A01
200800015430,0,7,0,0,2,5,15,A01
200800015430,0,31,0,0,2,1,19,B01
200800015431,0,33,0,0,1,1,1,A01
200800015432,0,32,0,0,2,1,2,A01
200800015432,0,7,0,0,2,6,15,B01
200800015433,0,33,0,0,2,1,1,B01
200800015433,0,7,0,0,2,2,1,A01
200800015434,0,7,0,0,2,3,1,A01
200800015434,0,32,0,0,2,7,1,B01
200800015435,0,10,0,0,1,3,15,A01
200800015436,0,2,0,0,0,0,1,A01
200800015437,0,10,0,0,2,3,2,A01
200800015437,0,7,0,0,2,5,2,B01
200800015437,0,32,0,0,2,2,2,C01
200800015437,0,7,0,0,2,4,2,D01
200800015438,0,7,0,0,2,1,2,A01
200800015438,0,7,0,0,0,4,2,B01
200800015439,0,7,0,0,2,7,12,A01
200800015439,0,33,0,0,2,3,3,B01
200800015440,0,7,0,0,2,6,1,B01
200800015440,0,17,0,0,0,2,12,A01
200800015441,0,7,0,4,2,3,14,A01
200800015441,0,17,0,4,0,7,1,B01
200800015442,0,31,0,0,2,1,3,A01
200800015442,0,7,0,0,2,4,11,B01
200800015443,0,33,0,4,2,1,2,A01
200800015443,0,7,0,0,2,6,2,B01
200800015444,0,7,0,0,2,4,4,A01
200800015444,0,7,0,0,2,7,17,B01
200800015444,0,7,0,0,2,1,2,C01
200800015445,0,33,0,0,0,7,1,A01
200800015446,0,7,0,4,2,3,13,A01
200800015446,0,7,0,4,0,4,1,B01
200800015447,0,33,0,0,2,3,1,B01
200800015447,0,33,0,0,2,2,3,A01
200800015447,0,10,0,0,0,7,1,C01
200800015448,0,7,0,1,2,1,2,A01
200800015448,0,7,0,0,0,4,2,B01
200800015449,0,7,0,0,2,1,2,A01
200800015449,0,7,0,0,2,4,2,B01
200800015450,0,33,0,0,0,8,1,A01
200800015451,0,33,0,0,0,8,1,A01
200800015452,0,7,0,12,0,3,12,A01
200800015453,0,31,0,0,0,1,2,A01
200800015454,0,32,0,0,0,0,0,A01
200800015455,0,33,0,0,2,8,3,A01
200800015455,0,10,0,0,2,7,12,B01
200800015455,0,7,0,0,2,6,1,C01
200800015456,0,7,0,0,2,1,2,A01
200800015456,0,7,0,0,2,4,2,B01
200800015457,0,31,0,16,0,8,3,A01
200800015458,0,14,0,0,2,1,2,A01
200800015458,0,7,0,0,2,4,2,B01
200800015458,0,10,0,0,0,6,12,C01
200800015459,0,7,0,0,1,1,1,A01
200800015460,0,7,0,0,2,2,12,A01
200800015460,0,31,0,0,2,3,3,B01
200800015460,0,7,0,0,0,6,1,C01
200800015461,0,33,0,0,2,7,3,A01
200800015461,0,7,0,0,0,5,1,B01
200800015461,1,7,0,0,2,8,13,C01
200800015462,0,33,0,0,2,0,21,A01
200800015462,0,7,0,0,1,2,1,B01
200800015463,0,7,0,7,0,1,1,A01
200800015464,0,33,0,0,2,2,17,A01
200800015464,0,7,0,0,0,6,1,B01
200800015465,0,17,0,0,0,4,12,A01
200800015465,0,7,0,0,0,5,1,B01
200800015466,0,7,0,0,2,1,2,A01
200800015466,0,7,0,0,0,4,2,B01
200800015467,0,7,0,0,0,3,12,B01
200800015467,0,7,0,0,0,4,1,C01
200800015467,0,33,0,0,2,7,3,A01
200800015468,0,33,0,6,2,7,2,A01
200800015468,0,7,0,0,0,6,1,B01
200800015469,2,7,0,0,2,2,2,A01
200800015469,0,7,0,0,0,6,2,B01
200800015470,0,33,0,0,0,0,1,A01
200800015471,0,33,0,0,2,1,3,A01
200800015471,0,10,0,0,0,6,1,B01
200800015472,0,7,0,0,0,6,11,A01
200800015472,0,31,0,0,2,2,2,B01
200800015473,0,31,0,0,2,1,1,A01
200800015473,1,10,0,0,2,8,11,B01
200800015474,0,31,0,0,2,2,2,A01
200800015474,0,10,0,0,0,2,2,B01
200800015474,0,10,0,5,0,6,2,C01
200800015475,0,7,0,0,2,7,12,A01
200800015475,0,33,0,4,2,8,1,B01
200800015476,0,10,0,0,2,1,2,A01
200800015476,0,7,0,0,0,4,2,B01
200800015477,0,7,0,0,2,7,12,A01
200800015477,0,33,0,0,0,8,1,B01
200800015478,0,32,0,4,0,7,1,A01
200800015479,0,32,0,0,2,1,11,A01
200800015479,0,7,0,0,2,5,1,B01
200800015480,0,7,0,0,2,1,2,A01
200800015480,0,7,0,0,2,4,2,B01
200800015480,0,7,0,0,2,4,2,C01
200800015480,0,7,0,0,2,1,2,D01
200800015481,0,7,0,0,2,1,2,A01
200800015481,0,7,0,0,0,4,2,B01
200800015481,0,32,0,0,2,1,2,C01
200800015482,0,7,0,0,2,1,2,A01
200800015482,0,7,0,0,2,4,2,B01
200800015482,0,10,0,0,2,4,2,C01
200800015482,0,7,0,0,0,5,2,D01
200800015483,0,33,0,0,2,8,3,A01
200800015483,0,7,0,0,0,7,2,C01
200800015483,0,7,0,0,0,7,11,B01
200800015484,0,31,0,0,2,1,2,A01
200800015484,0,7,0,0,0,4,2,B01
200800015485,0,32,0,0,0,7,1,A01
200800015486,0,7,0,0,2,7,1,B01
200800015486,0,30,0,0,2,1,1,A01
200800015487,0,7,0,0,2,1,2,A01
200800015487,0,7,0,0,0,4,2,B01
200800015488,0,7,0,0,2,3,1,B01
200800015488,0,7,0,0,2,7,15,A01
200800015489,0,7,0,0,2,0,1,B01
200800015489,0,7,0,0,2,0,1,A01
200800015490,0,7,0,0,1,1,1,A01
200800015491,1,7,0,0,1,2,1,A01
200800015492,0,7,0,0,1,1,15,A01
200800015493,0,7,0,0,2,3,19,A01
200800015493,0,2,0,0,2,1,1,B01
200800015494,0,32,0,0,2,1,1,A01
200800015494,0,7,0,0,2,5,1,B01
200800015495,0,7,0,0,2,8,15,A01
200800015495,0,30,0,0,2,7,1,B01
200800015496,0,7,0,0,2,0,15,A01
200800015496,0,2,0,0,2,0,15,B01
200800015497,0,7,0,0,1,4,4,A01
200800015498,0,7,0,0,2,3,10,A01
200800015498,0,33,0,0,2,1,1,B01
200800015499,0,2,0,0,2,4,1,A01
200800015499,0,10,0,0,2,1,1,B01
200800015500,0,2,0,0,2,7,1,A01
200800015500,0,10,0,0,2,3,16,B01
200800015501,0,30,0,1,0,0,1,A01
200800015502,0,7,0,0,1,1,1,A01
200800015503,0,37,62,0,1,5,1,A01
200800015504,0,7,0,0,2,3,15,A01
200800015504,0,30,0,0,2,3,1,B01
200800015505,0,30,0,0,0,0,16,A01
200800015506,0,7,0,15,0,1,1,A01
200800015507,0,2,0,0,2,1,1,A01
200800015507,0,7,0,0,2,2,15,B01
200800015508,0,7,0,0,2,3,15,A01
200800015508,0,7,0,0,2,1,1,B01
200800015509,0,7,0,0,2,3,15,B01
200800015509,0,30,0,0,2,2,17,A01
200800015510,0,2,0,8,0,1,1,A01
200800015511,0,7,0,3,0,8,13,A01
200800015512,0,7,0,0,2,1,2,A01
200800015512,0,7,0,0,2,4,2,B01
200800015513,0,7,0,0,2,3,1,A01
200800015513,0,7,0,0,2,1,1,B01
200800015514,0,32,0,0,1,1,21,A01
200800015515,0,7,0,0,2,4,16,A01
200800015515,0,7,0,0,2,1,16,B01
200800015516,0,7,0,0,2,8,9,A01
200800015516,0,30,0,0,2,1,1,B01
200800015517,0,7,0,0,1,1,1,A01
200800015518,0,1,0,0,2,0,1,B01
200800015518,0,10,0,0,2,0,15,A01
200800015519,0,7,0,0,2,1,15,B01
200800015519,0,30,0,0,2,7,1,A01
200800015520,0,2,0,14,2,2,17,A01
200800015520,0,13,0,0,1,6,1,B01
200800015520,0,7,0,0,2,3,1,C01
200800015521,0,7,0,0,2,5,13,A01
200800015521,0,1,0,0,2,4,1,B01
200800015522,0,7,0,0,2,3,15,A01
200800015522,0,33,0,0,2,2,2,B01
200800015523,0,33,0,0,0,0,2,A01
200800015524,0,3,0,1,2,3,13,A01
200800015524,0,7,0,0,2,8,21,B01
200800015524,0,10,0,0,2,6,0,C01
200800015525,0,7,0,0,2,5,15,A01
200800015525,0,33,0,0,2,2,21,B01
200800015526,0,7,0,6,2,7,24,A01
200800015526,0,33,0,0,0,0,1,B01
200800015527,0,7,0,0,2,8,16,A01
200800015527,0,33,0,0,2,9,1,B01
200800015528,0,33,0,2,2,9,13,A01
200800015528,0,7,0,2,2,3,1,B01
200800015529,0,7,0,4,0,2,14,A01
200800015530,0,7,0,4,0,6,13,A01
200800015531,0,7,0,0,2,2,5,A01
200800015531,0,31,0,0,2,1,0,B01
200800015532,0,7,0,0,2,2,2,A01
200800015532,0,2,0,0,2,4,2,B01
200800015533,0,7,0,0,2,5,4,A01
200800015533,0,1,0,0,2,1,1,B01
200800015534,0,7,0,12,0,3,0,A01
200800015535,0,7,0,0,2,2,15,A01
200800015535,0,30,0,0,2,1,1,B01
200800015536,1,31,0,0,0,0,0,A01
200800015537,0,7,0,0,2,1,1,A01
200800015537,0,7,0,0,2,4,1,B01
200800015538,0,7,0,0,2,2,10,A01
200800015538,0,33,0,0,2,2,1,B01
200800015539,0,7,0,0,2,1,1,A01
200800015539,0,7,0,0,2,4,11,B01
200800015540,0,7,0,0,2,7,1,A01
200800015540,0,7,0,0,2,3,15,B01
200800015541,0,40,0,0,1,3,1,A01
200800015542,0,15,0,0,1,0,1,A01
200800015542,0,7,0,0,9,4,0,B01
200800015543,0,7,0,0,1,2,1,A01
200800015544,0,7,0,12,2,1,13,A01
200800015544,0,7,0,0,2,3,1,B01
200800015544,0,7,0,10,2,1,1,C01
200800015545,0,7,0,0,2,8,10,A01
200800015545,0,31,0,1,2,1,2,B01
200800015546,0,7,0,0,2,1,1,B01
200800015546,0,7,0,0,2,2,15,A01
200800015547,0,33,0,0,2,3,1,A01
200800015547,0,7,0,0,2,5,1,B01
200800015548,0,10,0,0,1,3,1,A01
200800015549,0,15,0,0,2,2,14,A01
200800015549,0,7,0,4,2,8,1,B01
200800015550,0,30,0,0,0,1,17,A01
200800015550,0,3,0,0,2,1,15,B01
200800015551,0,7,0,0,1,1,2,A01
200800015552,0,33,0,0,0,7,1,A01
200800015553,0,7,0,0,2,3,1,B01
200800015553,0,7,0,0,2,1,1,A01
200800015554,0,30,0,0,0,0,0,A01
200800015555,0,7,0,0,0,2,15,A01
200800015555,0,33,0,0,0,7,2,B01
200800015556,0,2,0,0,2,1,15,A01
200800015556,0,7,0,0,2,1,1,B01
200800015557,0,2,0,0,2,1,17,A01
200800015557,0,10,0,0,2,3,15,B01
200800015558,0,30,0,0,0,8,1,A01
200800015559,0,7,0,0,2,2,15,A01
200800015559,0,32,0,0,2,1,1,B01
200800015560,0,7,0,0,1,4,4,A01
200800015561,0,7,0,0,2,3,15,A01
200800015561,0,30,0,0,2,1,1,B01
200800015562,0,33,0,0,2,7,2,B01
200800015562,0,7,0,0,2,8,2,A01
200800015563,0,33,0,0,2,7,11,A01
200800015563,1,7,0,0,2,0,0,B01
200800015564,0,3,0,0,2,1,2,A01
200800015564,0,3,0,0,2,4,0,B01
200800015565,0,37,1,0,1,1,15,A01
200800015566,0,33,0,0,2,1,16,A01
200800015566,0,7,0,0,2,1,1,B01
200800015567,1,7,0,0,1,1,15,A01
200800015568,0,7,0,0,1,1,2,A01
200800015569,1,99,0,0,1,1,1,A01
200800015570,0,7,0,0,1,4,4,A01
200800015571,0,38,0,0,2,1,1,A01
200800015571,0,7,0,0,2,8,15,B02
200800015572,0,7,0,2,0,6,1,A01
200800015573,0,10,0,0,2,2,1,A01
200800015574,0,7,0,0,0,9,21,A01
200800015575,0,10,0,0,2,2,1,A01
200800015575,0,2,0,0,2,1,13,B02
200800015576,0,31,0,9,0,1,2,A01
200800015577,0,7,0,8,0,3,1,A01
200800015578,0,7,0,0,2,1,13,A01
200800015578,0,7,0,0,2,3,1,B02
200800015579,0,7,0,6,1,3,13,A01
200800015580,0,7,0,6,0,1,1,A01
200800015581,0,33,0,0,2,1,1,A01
200800015581,0,7,0,0,0,5,15,B02
200800015581,0,7,0,0,2,3,1,C03
200800015582,0,10,0,8,0,2,1,A01
200800015583,0,7,0,13,0,1,1,A01
200800015584,0,7,0,0,0,5,14,A01
200800015584,0,33,0,0,0,7,0,B02
200800015585,0,7,0,0,2,2,1,A01
200800015585,0,7,0,0,2,3,15,B02
200800015586,0,7,0,8,0,1,1,A01
200800015587,0,7,0,0,2,2,1,A01
200800015587,0,7,0,0,2,1,1,B02
200800015588,0,7,0,0,2,3,13,A01
200800015588,0,7,0,0,2,3,1,B02
200800015588,0,7,0,0,2,6,2,C03
200800015589,0,7,0,0,0,0,0,A01
200800015590,0,7,0,0,0,1,0,A01
200800015591,0,10,0,13,0,1,13,A01
200800015592,0,7,0,0,1,3,1,A01
200800015593,0,7,0,2,0,8,1,A01
200800015594,0,7,0,0,2,3,1,A01
200800015594,0,7,0,0,2,1,13,B02
200800015595,0,31,0,16,0,7,0,A01
200800015596,0,7,0,16,2,2,1,A01
200800015596,0,7,0,0,2,1,1,B02
200800015597,0,10,0,2,0,8,1,A01
200800015597,0,10,0,0,9,3,1,B02
200800015598,0,7,0,2,0,1,1,A01
200800015599,0,7,0,8,0,3,16,A01
200800015600,0,7,0,13,0,1,19,A01
200800015601,0,30,0,5,0,1,13,A01
200800015601,0,7,0,0,2,1,1,B02
200800015602,0,7,0,15,0,8,13,A01
200800015603,0,7,0,2,0,1,1,A01
200800015604,0,7,0,13,0,1,1,A01
200800015605,0,7,0,0,2,3,13,A01
200800015605,0,7,0,0,2,3,1,B02
200800015606,0,10,0,16,0,9,2,A01
200800015607,0,7,0,5,0,8,1,A01
200800015608,0,7,0,0,0,0,0,A01
200800015608,0,7,0,0,2,3,1,B02
200800015609,0,7,0,2,0,1,1,A01
200800015610,0,10,0,0,2,3,1,A01
200800015610,0,7,0,0,2,7,13,B02
200800015611,0,7,0,16,0,2,21,A01
200800015612,0,7,0,15,0,1,1,A01
200800015613,0,7,0,13,0,1,13,A01
200800015614,0,7,0,0,0,9,1,A01
200800015615,0,7,0,0,1,3,1,A01
200800015616,0,7,0,6,0,1,13,A01
200800015617,0,7,0,0,2,8,1,A01
200800015617,0,10,0,0,2,1,1,B02
200800015618,0,7,0,0,2,1,13,A01
200800015618,0,7,0,0,2,3,1,B02
200800015619,0,7,0,0,0,3,0,A01
200800015619,0,7,0,0,0,8,0,B02
200800015620,0,7,0,0,2,4,1,A01
200800015620,0,10,0,0,2,4,15,B02
200800015621,0,7,0,2,0,0,13,A01
200800015622,0,7,0,0,2,1,13,A01
200800015622,0,7,0,0,2,1,1,B02
200800015623,0,7,0,0,2,1,15,A01
200800015623,0,7,0,0,2,3,1,B02
200800015623,0,7,0,0,2,1,23,C03
200800015624,0,7,0,6,0,1,1,A01
200800015625,0,7,0,16,0,1,0,A01
200800015626,0,7,0,8,0,1,0,A01
200800015627,0,7,0,7,0,1,1,A01
200800015628,0,7,0,0,2,3,1,A01
200800015628,0,7,0,0,2,6,1,B02
200800015628,0,10,0,0,2,1,1,C03
200800015629,0,7,0,1,0,1,2,A01
200800015629,0,7,0,0,0,4,0,B02
200800015630,0,7,0,0,0,0,0,A01
200800015630,0,7,0,0,2,8,0,B02
200800015631,0,7,0,0,1,2,1,A01
200800015632,0,7,0,2,0,4,1,A01
200800015633,0,7,0,0,0,9,1,A01
200800015634,0,7,0,0,2,5,15,A01
200800015634,0,7,0,0,2,1,1,B02
200800015635,0,7,0,0,2,4,23,A01
200800015635,0,7,0,0,2,1,2,B02
200800015636,0,33,0,13,0,1,16,A01
200800015637,0,30,0,16,0,1,1,A01
200800015638,0,7,0,0,2,1,1,A01
200800015638,0,10,0,0,2,1,1,B02
200800015638,0,10,0,0,2,6,15,C03
200800015639,0,30,0,0,2,1,13,A01
200800015639,0,7,0,0,2,2,1,B02
200800015640,0,30,0,0,2,1,1,A01
200800015641,0,7,0,0,2,2,13,A01
200800015641,0,7,0,0,2,2,1,B02
200800015642,0,10,0,0,2,3,1,A01
200800015642,0,10,0,0,2,3,17,B02
200800015643,0,7,0,0,1,7,1,A01
200800015644,0,7,0,0,2,6,19,A01
200800015644,0,7,0,0,2,1,1,B02
200800015645,0,7,0,2,6,1,21,A01
200800015646,0,7,0,13,0,9,1,A01
200800015647,0,7,0,0,2,3,15,A01
200800015647,0,33,0,0,2,1,1,B02
200800015648,0,7,0,0,0,1,1,A01
200800015648,0,7,0,0,0,1,1,B02
200800015649,0,7,0,0,0,0,1,A01
200800015649,0,7,0,0,2,7,15,B02
200800015650,0,7,0,0,1,1,1,A01
200800015651,0,7,0,8,0,3,1,A01
200800015652,0,7,0,16,0,1,1,A01
200800015653,0,30,0,0,0,0,23,A01
200800015654,0,7,0,0,2,3,13,A01
200800015654,0,7,0,0,2,3,1,B02
200800015655,0,7,0,0,2,7,15,A01
200800015655,0,33,0,0,2,1,1,B02
200800015656,0,7,0,13,0,2,1,A01
200800015657,0,7,0,0,2,3,1,A01
200800015657,0,7,0,0,2,3,1,B02
200800015658,0,7,0,0,2,1,1,A01
200800015658,0,7,0,0,2,4,19,B02
200800015659,0,7,0,2,0,2,1,A01
200800015660,0,33,0,0,2,1,1,A01
200800015660,0,7,0,0,2,3,1,B02
200800015661,0,2,0,0,2,1,1,A01
200800015661,0,10,0,0,2,3,1,B02
200800015662,0,33,0,14,0,1,1,A01
200800015663,0,7,0,0,2,3,13,A01
200800015663,0,7,0,0,2,3,1,B02
200800015664,0,7,0,0,2,1,1,A01
200800015664,0,7,0,0,2,1,1,B02
200800015665,0,7,0,8,0,1,14,A01
200800015666,0,30,0,0,2,7,1,A01
200800015666,0,7,0,0,2,2,19,B02
200800015667,0,3,0,0,0,1,1,A01
200800015667,0,7,0,0,0,3,1,B02
200800015668,0,7,0,0,0,1,1,A01
200800015668,0,1,0,0,2,6,2,B02
200800015669,0,7,0,0,2,8,10,A01
200800015669,0,7,0,0,2,1,1,B02
200800015670,0,7,0,0,2,2,15,A01
200800015670,0,7,0,0,2,3,2,B02
200800015671,0,7,0,0,1,8,1,A01
200800015672,0,7,0,0,1,1,1,A01
200800015673,0,2,0,0,2,3,1,A01
200800015673,0,7,0,0,2,3,19,B02
200800015674,0,7,0,15,1,2,1,A01
200800015675,0,7,0,0,9,8,15,A01
200800015675,0,1,0,0,2,8,23,B02
200800015676,0,7,0,0,2,3,10,A01
200800015676,0,7,0,0,2,1,1,B02
200800015677,0,2,0,0,0,6,19,B02
200800015677,0,7,0,0,2,1,1,A01
200800015678,0,33,0,7,0,1,2,A01
200800015679,0,7,0,2,0,1,0,A01
200800015680,0,10,0,0,1,2,2,A01
200800015681,0,3,0,0,2,1,1,A01
200800015681,0,7,0,0,2,3,1,B02
200800015682,0,7,0,0,2,5,1,A01
200800015682,0,7,0,0,2,1,1,B02
200800015683,0,7,0,0,0,9,1,A01
200800015684,0,7,0,0,2,3,1,A01
200800015685,0,7,0,0,2,3,19,A01
200800015685,0,7,0,1,0,1,2,B02
200800015686,0,7,0,8,0,2,1,A01
200800015687,0,7,0,0,2,1,13,A01
200800015687,0,7,0,0,0,8,20,B02
200800015688,0,7,0,8,0,8,17,A01
200800015689,0,7,0,0,0,1,5,A01
200800015689,0,7,0,0,0,1,1,B02
200800015690,0,7,0,13,0,2,1,A01
200800015691,0,7,0,0,9,2,5,A01
200800015691,0,7,0,0,0,3,0,B02
200800015692,0,7,0,0,2,1,16,A01
200800015692,0,7,0,0,2,2,1,B02
200800015693,0,10,0,8,0,9,1,A01
200800015694,0,7,0,0,0,0,1,A01
200800015695,0,7,0,2,0,1,19,A01
200800015696,0,7,0,0,2,1,5,A01
200800015696,0,7,0,0,2,1,5,B02
200800015697,0,7,0,0,0,4,23,A01
200800015697,0,7,0,0,0,4,23,B02
200800015697,0,1,0,0,2,1,1,C03
200800015698,0,30,0,0,0,9,1,A01
200800015699,0,10,0,0,2,1,17,A01
200800015699,0,7,0,0,2,4,15,B02
200800015700,0,7,0,0,2,1,2,B02
200800015700,0,10,0,0,2,4,2,A01
200800015701,0,7,0,6,0,3,1,A01
200800015702,0,31,0,0,2,1,15,A01
200800015702,0,7,0,0,2,7,1,B02
200800015703,0,7,0,0,2,7,19,A01
200800015703,0,7,0,0,2,1,1,B02
200800015704,0,7,0,8,0,1,1,A01
200800015705,0,7,0,0,2,8,19,A01
200800015705,0,1,0,0,2,1,1,B02
200800015705,0,1,0,0,2,1,1,C03
200800015705,0,1,0,0,2,1,1,D04
200800015706,0,2,0,12,0,0,0,A01
200800015707,0,7,0,0,2,3,9,A01
200800015707,0,31,0,0,2,1,1,B02
200800015708,0,33,0,13,0,1,14,A01
200800015709,0,7,0,0,1,3,1,A01
200800015710,0,7,0,2,0,0,1,A01
200800015711,0,7,0,13,0,8,1,A01
200800015712,0,7,0,13,0,1,13,A01
200800015713,0,7,0,0,0,2,19,A01
200800015713,0,7,0,0,2,1,1,B02
200800015714,0,10,0,2,0,1,13,A01
200800015715,0,2,0,0,0,1,0,A01
200800015715,0,7,0,0,0,3,0,B02
200800015716,0,7,0,0,0,5,1,A01
200800015716,0,10,0,0,0,2,0,B02
200800015717,0,30,0,0,5,1,1,A01
200800015718,0,30,0,0,2,3,15,A01
200800015718,0,7,0,0,2,6,1,B02
200800015719,0,7,0,0,2,2,13,A01
200800015719,0,7,0,0,2,3,1,B02
200800015719,0,7,0,0,2,1,1,C03
200800015720,0,10,0,0,2,2,13,A01
200800015720,0,7,0,0,2,3,1,B02
200800015721,0,7,0,0,2,1,1,A01
200800015721,0,7,0,0,2,7,19,B02
200800015722,0,10,0,0,2,3,19,A01