Num_Acc,senc,catv,occutc,obs,obsm,choc,manv,num_veh
200800015722,0,7,0,0,2,1,1,B02
200800015723,0,7,0,0,2,1,13,A01
200800015723,0,7,0,0,2,3,1,B02
200800015723,0,7,0,0,2,5,1,C03
200800015724,0,7,0,0,6,3,21,A01
200800015725,0,7,0,0,2,3,15,A01
200800015725,0,7,0,0,2,1,1,B02
200800015726,0,7,0,0,0,8,19,A01
200800015726,0,10,0,0,0,1,1,B02
200800015727,0,33,0,0,2,3,1,A01
200800015727,0,10,0,0,2,7,9,B02
200800015728,0,7,0,0,2,1,15,A01
200800015728,0,30,0,0,2,1,1,B02
200800015729,0,31,0,3,0,8,1,A01
200800015730,0,3,0,0,2,1,19,A01
200800015730,0,10,0,0,2,7,1,B02
200800015731,0,7,0,13,0,7,1,A01
200800015732,0,7,0,0,2,3,13,A01
200800015732,0,7,0,0,2,3,1,B02
200800015733,0,7,0,13,0,7,1,A01
200800015734,0,30,0,0,2,1,13,A01
200800015734,0,7,0,0,2,2,1,B02
200800015735,0,7,0,0,2,1,13,A01
200800015735,0,17,0,0,2,3,1,B02
200800015736,0,7,0,0,9,7,19,A01
200800015736,0,1,0,0,2,0,1,B02
200800015737,0,7,0,0,2,5,13,A01
200800015737,0,7,0,0,2,1,1,B02
200800015738,0,99,0,16,0,0,0,A01
200800015739,0,10,0,0,2,3,13,A01
200800015739,0,7,0,0,2,3,1,B02
200800015740,0,7,0,0,2,8,14,A01
200800015740,0,7,0,0,2,1,0,B02
200800015741,0,36,0,13,0,3,1,A01
200800015742,0,10,0,6,2,3,1,A01
200800015742,0,7,0,0,0,3,1,B02
200800015743,0,37,0,0,0,0,1,A01
200800015744,0,7,0,0,2,3,13,A01
200800015744,0,21,0,0,2,3,1,B02
200800015745,0,33,0,0,2,1,1,A01
200800015745,0,7,0,0,2,7,15,B02
200800015746,0,7,0,8,0,3,1,A01
200800015747,0,7,0,0,2,1,2,A01
200800015747,0,7,0,0,2,8,15,B02
200800015748,0,7,0,0,1,2,21,A01
200800015749,1,30,0,0,0,0,17,A01
200800015749,0,30,0,0,2,8,13,B02
200800015749,0,7,0,0,2,8,1,C03
200800015750,0,30,0,8,0,7,1,A01
200800015751,0,33,0,6,0,2,14,A01
200800015752,0,33,0,0,2,1,2,A01
200800015752,0,7,0,0,2,6,15,B02
200800015753,0,7,0,0,2,4,13,A01
200800015753,0,14,0,0,2,3,1,B02
200800015754,0,7,0,0,2,1,13,A01
200800015754,0,7,0,0,2,1,1,B02
200800015755,0,7,0,0,2,4,1,A01
200800015755,0,1,0,0,2,1,1,B02
200800015756,0,7,0,2,0,9,13,A01
200800015757,0,2,0,3,0,8,14,A01
200800015758,0,7,0,0,2,3,15,B02
200800015758,0,15,0,0,2,3,1,A01
200800015759,0,7,0,0,2,3,13,A01
200800015759,0,14,0,0,2,3,1,B02
200800015760,0,7,0,0,1,1,1,A01
200800015761,0,7,0,0,9,2,14,A01
200800015761,0,1,0,0,0,0,1,B02
200800015762,0,17,0,0,2,1,1,A01
200800015762,0,7,0,0,2,4,15,B02
200800015763,0,7,0,3,0,6,5,A01
200800015763,0,7,0,0,2,1,0,B02
200800015764,0,10,0,6,0,9,13,A01
200800015765,0,7,0,8,0,2,14,A01
200800015766,0,10,0,2,0,1,1,A01
200800015767,0,99,0,0,0,0,13,A01
200800015768,0,7,0,0,2,1,1,A01
200800015768,0,7,0,0,2,8,19,B02
200800015769,0,7,0,0,2,3,15,A01
200800015769,0,7,0,0,2,3,1,B02
200800015770,0,7,0,0,1,3,1,A01
200800015771,0,7,0,8,0,7,1,A01
200800015772,0,7,0,0,1,5,20,A01
200800015773,0,7,0,0,2,1,5,A01
200800015773,0,7,0,0,2,1,1,B02
200800015774,0,7,0,0,2,1,1,A01
200800015774,0,17,0,0,2,3,1,B02
200800015775,0,7,0,0,2,1,1,A01
200800015775,0,2,0,0,2,1,1,B02
200800015776,0,7,0,0,2,1,15,A01
200800015776,0,33,0,0,2,1,21,B02
200800015777,0,7,0,0,1,3,1,A01
200800015778,0,7,0,0,2,1,1,A01
200800015778,0,7,0,0,2,7,15,B02
200800015779,0,33,0,7,0,8,1,A01
200800015780,0,33,0,0,2,1,17,A01
200800015780,0,7,0,0,2,3,1,B02
200800015781,0,30,0,0,0,0,0,A01
200800015782,0,7,0,2,0,7,1,A01
200800015783,0,3,0,8,0,2,14,A01
200800015784,0,7,0,0,2,2,13,A01
200800015784,0,7,0,0,2,1,1,B02
200800015785,0,7,0,0,2,1,1,A01
200800015785,0,7,0,0,2,3,19,B02
200800015786,0,10,0,0,1,7,1,A01
200800015787,0,7,0,15,0,1,1,A01
200800015788,0,7,0,0,2,7,15,A01
200800015788,0,1,0,0,2,1,1,B02
200800015789,0,7,0,0,2,3,1,A01
200800015789,0,7,0,0,0,3,17,B02
200800015790,0,31,0,11,0,1,1,A01
200800015791,0,7,0,0,2,8,19,B02
200800015791,0,1,0,0,2,1,1,A01
200800015792,0,33,0,3,0,7,1,A01
200800015793,0,10,0,0,2,3,1,A01
200800015793,0,10,0,0,2,3,15,B02
200800015794,0,2,0,0,2,1,1,A01
200800015794,0,10,0,0,2,4,23,B02
200800015795,0,30,0,0,2,5,13,A01
200800015795,0,7,0,0,2,2,13,B02
200800015796,0,7,0,0,1,2,1,A01
200800015797,0,31,0,0,2,1,1,A01
200800015797,0,7,0,0,2,1,1,B02
200800015798,0,30,0,0,2,1,1,A01
200800015798,0,7,0,0,0,5,23,B02
200800015799,0,7,0,0,0,1,1,A01
200800015800,0,7,0,0,2,1,17,A01
200800015800,0,10,0,0,2,6,15,B02
200800015801,0,7,0,0,2,1,13,A01
200800015801,0,7,0,0,2,1,0,B02
200800015802,0,10,0,0,9,3,15,A01
200800015802,0,1,0,0,2,1,17,B02
200800015803,0,7,0,0,2,1,15,A01
200800015803,0,33,0,0,2,7,1,B02
200800015804,0,30,0,0,2,1,1,A01
200800015804,0,7,0,0,9,4,16,B02
200800015805,0,7,0,0,2,1,1,A01
200800015805,0,7,0,0,0,4,15,B02
200800015806,0,7,0,6,0,7,1,A01
200800015807,0,10,0,0,2,3,10,A01
200800015807,0,7,0,0,2,1,1,B02
200800015808,0,2,0,0,0,7,19,A01
200800015809,0,7,0,0,2,2,5,A01
200800015809,0,7,0,0,2,5,1,B02
200800015810,0,7,0,0,2,1,1,A01
200800015810,0,7,0,0,2,3,15,B02
200800015811,0,7,0,13,0,1,17,A01
200800015811,0,7,0,13,0,1,21,B02
200800015812,0,7,0,8,0,1,13,A01
200800015813,0,7,0,8,0,8,1,A01
200800015814,0,15,0,0,2,1,1,A01
200800015814,0,14,0,0,2,1,1,B02
200800015815,0,7,0,0,2,7,15,A01
200800015815,0,17,0,0,2,2,1,B02
200800015816,0,7,0,0,2,3,2,A01
200800015816,0,7,0,0,0,5,15,B02
200800015817,0,7,0,0,2,6,1,A01
200800015817,0,7,0,0,2,3,1,B02
200800015818,0,7,0,0,2,1,2,A01
200800015818,0,7,0,0,1,4,2,B02
200800015819,0,2,0,1,0,1,2,A01
200800015819,0,13,0,0,0,6,0,B02
200800015820,0,7,0,0,2,2,2,A01
200800015820,0,7,0,0,2,8,19,B02
200800015821,0,7,0,0,2,1,1,A01
200800015821,0,7,0,0,2,7,13,B02
200800015822,0,7,0,0,4,2,1,A01
200800015822,0,39,0,0,2,3,1,B02
200800015823,0,7,0,0,2,2,1,A01
200800015823,0,15,0,0,2,2,15,B02
200800015824,0,7,0,0,2,8,13,A01
200800015824,0,10,0,0,2,3,1,B02
200800015825,0,7,0,0,2,1,1,A01
200800015825,0,7,0,0,2,3,1,B02
200800015826,0,7,0,0,2,1,5,A01
200800015826,0,7,0,0,2,1,1,B02
200800015827,0,7,0,0,2,1,5,A01
200800015827,0,10,0,0,2,1,1,B02
200800015828,0,30,0,0,1,1,0,A01
200800015829,0,31,0,0,2,1,2,A01
200800015829,0,7,0,0,2,5,16,B02
200800015830,0,7,0,0,2,3,15,A01
200800015830,0,7,0,0,2,2,1,B02
200800015831,0,2,0,0,1,1,1,A01
200800015832,0,7,0,0,2,3,13,A01
200800015832,0,10,0,0,0,3,1,B02
200800015832,0,7,0,0,2,8,1,C03
200800015833,0,31,0,8,0,8,1,A01
200800015834,0,7,0,0,2,3,15,A01
200800015834,0,33,0,0,2,5,17,B02
200800015835,0,31,0,1,0,7,1,A01
200800015836,0,7,0,13,0,1,13,A01
200800015837,0,7,0,0,2,8,1,A01
200800015837,0,15,0,0,2,8,1,B02
200800015838,0,7,0,13,0,9,1,A01
200800015839,0,7,0,0,1,2,1,A01
200800015840,0,30,0,0,2,1,1,A01
200800015840,0,7,0,0,2,3,1,B02
200800015841,0,7,0,0,2,3,13,A01
200800015841,0,7,0,0,2,3,1,B02
200800015842,0,10,0,0,2,7,13,A01
200800015842,0,7,0,0,2,1,1,B02
200800015843,0,7,0,0,0,8,15,A01
200800015843,0,7,0,0,2,1,17,B02
200800015844,0,7,0,0,2,4,1,A01
200800015844,0,7,0,0,2,1,1,B02
200800015845,0,33,0,0,2,1,17,A01
200800015845,0,7,0,0,2,3,15,B02
200800015846,0,33,0,8,0,8,1,A01
200800015847,0,7,0,0,2,3,16,A01
200800015847,0,10,0,0,2,3,1,B02
200800015848,0,30,0,0,2,1,1,A01
200800015848,0,7,0,0,0,4,1,B02
200800015849,0,33,0,14,0,1,1,A01
200800015850,0,7,0,0,1,2,1,A01
200800015851,0,7,0,0,2,5,15,A01
200800015851,0,99,0,0,2,2,1,B02
200800015852,0,7,0,0,2,3,13,A01
200800015852,0,14,0,0,2,3,14,B02
200800015853,0,30,0,0,2,8,1,A01
200800015853,0,7,0,0,2,3,1,B02
200800015854,0,7,0,0,2,3,13,A01
200800015854,0,7,0,0,2,3,1,B02
200800015855,0,7,0,0,2,1,15,A01
200800015855,0,7,0,6,2,1,1,B02
200800015856,0,10,0,0,2,8,1,A01
200800015856,0,2,0,0,2,1,19,B02
200800015857,0,10,0,0,2,1,13,A01
200800015857,0,7,0,0,2,1,1,B02
200800015858,0,33,0,0,2,1,1,A01
200800015858,0,7,0,0,2,1,1,B02
200800015859,0,2,0,0,2,1,2,A01
200800015859,0,2,0,0,0,7,10,B02
200800015860,0,7,0,6,0,1,0,A01
200800015861,0,33,0,0,2,3,17,A01
200800015861,0,21,0,0,2,6,15,B02
200800015862,0,7,0,0,2,1,5,A01
200800015862,0,7,0,0,2,1,1,B02
200800015863,0,14,0,0,2,5,17,A01
200800015863,0,32,0,0,2,3,15,B02
200800015864,0,7,0,6,0,1,1,A01
200800015865,0,7,0,0,2,2,1,A01
200800015865,0,1,0,0,0,4,1,B02
200800015866,0,33,0,0,2,7,17,A01
200800015866,0,17,0,0,2,6,1,B02
200800015866,0,7,0,0,9,1,23,C03
200800015867,0,1,0,0,2,8,2,B02
200800015867,0,7,0,0,2,7,17,A01
200800015868,0,7,0,0,0,2,15,A01
200800015868,0,2,0,0,2,1,1,B02
200800015869,0,7,0,0,0,1,21,A01
200800015869,0,7,0,0,0,8,0,B02
200800015870,0,15,0,0,0,7,16,A01
200800015870,0,1,0,0,2,8,1,B02
200800015871,0,7,0,0,2,3,19,A01
200800015871,0,7,0,0,2,1,1,B02
200800015872,0,7,0,13,0,9,1,A01
200800015873,0,31,0,0,2,1,2,A01
200800015873,0,10,0,0,2,3,1,B02
200800015874,0,7,0,0,0,8,15,A01
200800015874,0,33,0,0,2,1,1,B02
200800015875,0,10,0,0,1,3,1,A01
200800015876,0,33,0,13,0,2,15,A01
200800015877,0,10,0,0,2,7,15,A01
200800015877,0,7,0,0,2,3,1,B02
200800015878,0,7,0,2,0,3,1,A01
200800015879,0,7,0,0,2,3,13,A01
200800015879,0,7,0,0,2,3,1,B02
200800015880,0,7,0,0,1,1,17,A01
200800015881,0,33,0,0,0,0,16,A01
200800015881,0,7,0,0,0,0,13,B02
200800015882,0,7,0,13,0,8,1,A01
200800015883,0,7,0,0,1,3,4,A01
200800015884,0,7,0,0,2,2,16,A01
200800015884,0,30,0,0,2,3,19,B02
200800015885,0,7,0,0,0,0,14,A01
200800015886,0,30,0,0,2,1,1,A01
200800015886,0,7,0,0,2,4,1,B02
200800015887,0,7,0,2,0,2,14,A01
200800015888,0,7,0,0,2,2,13,A01
200800015888,0,7,0,0,2,1,1,B02
200800015889,0,7,0,0,2,7,15,A01
200800015889,0,31,0,0,2,1,1,B02
200800015890,0,7,0,0,0,3,9,A01
200800015890,0,2,0,0,2,1,15,B02
200800015891,0,7,0,13,2,7,13,A01
200800015891,0,7,0,0,2,5,17,B02
200800015891,0,3,0,0,2,3,0,C03
200800015892,0,10,0,13,0,3,13,A01
200800015893,0,7,0,0,0,5,15,A01
200800015893,0,33,0,0,0,1,1,B02
200800015894,0,7,0,13,0,3,16,A01
200800015895,0,7,0,13,0,9,14,A01
200800015896,0,7,0,0,2,3,15,A01
200800015896,0,33,0,0,2,1,1,B02
200800015897,0,3,0,0,2,8,19,A01
200800015897,0,10,0,0,2,1,1,B02
200800015898,0,99,0,0,2,8,24,A01
200800015898,0,30,0,1,0,1,17,B02
200800015899,0,7,0,8,2,9,1,A01
200800015899,0,17,0,0,2,3,1,B02
200800015900,0,30,0,8,0,1,1,A01
200800015901,0,10,0,2,0,1,1,A01
200800015902,0,10,0,13,0,2,19,A01
200800015903,0,7,0,0,2,1,1,B02
200800015903,0,7,0,0,2,3,15,A01
200800015904,0,10,0,0,1,3,1,A01
200800015905,0,30,0,0,2,5,1,A01
200800015905,0,30,0,0,2,1,9,B02
200800015906,0,33,0,0,2,1,1,A01
200800015906,0,1,0,0,2,8,9,B02
200800015907,0,7,0,0,2,3,1,A01
200800015907,0,7,0,0,2,2,19,B02
200800015908,0,7,0,0,2,3,13,A01
200800015908,0,7,0,0,2,3,1,B02
200800015909,0,7,0,6,0,3,13,A01
200800015910,0,7,0,0,1,3,1,A01
200800015911,0,7,0,16,0,9,0,A01
200800015912,0,10,0,8,0,7,0,A01
200800015913,0,7,0,0,0,1,1,A01
200800015913,0,7,0,0,0,1,0,B02
200800015914,0,30,0,0,2,1,1,A01
200800015914,0,7,0,0,2,1,1,B02
200800015915,0,7,0,15,0,1,0,A01
200800015916,0,7,0,8,0,7,1,A01
200800015917,0,31,0,9,0,1,1,A01
200800015918,0,7,0,0,2,7,1,A01
200800015918,0,30,0,0,2,1,1,B02
200800015919,0,7,0,0,9,8,13,A01
200800015919,0,30,0,0,2,1,2,B02
200800015920,0,7,0,13,0,1,1,A01
200800015921,0,10,0,0,1,1,1,A01
200800015922,0,7,0,0,2,1,13,A01
200800015922,0,7,0,0,2,1,1,B02
200800015923,0,7,0,0,2,1,1,A01
200800015923,0,31,0,0,2,1,17,B02
200800015924,0,7,0,0,0,4,23,A01
200800015924,0,7,0,0,2,1,1,B02
200800015925,0,30,0,0,6,1,1,A01
200800015926,0,7,0,0,0,3,1,A01
200800015927,0,7,0,13,0,7,13,A01
200800015928,0,37,0,0,1,5,1,A01
200800015929,0,7,0,0,2,7,1,A01
200800015929,0,7,0,0,2,1,1,B02
200800015930,0,2,0,0,2,1,1,A01
200800015930,0,7,0,0,2,3,17,B02
200800015931,0,7,0,13,0,9,1,A01
200800015932,0,17,0,0,2,1,13,A01
200800015932,0,17,0,0,2,6,1,B02
200800015932,0,7,0,0,2,1,1,C03
200800015933,0,2,0,0,2,1,1,A01
200800015933,0,15,0,0,0,4,23,B02
200800015934,0,7,0,6,0,1,13,A01
200800015935,0,7,0,2,0,1,1,A01
200800015936,0,7,0,0,2,2,1,A01
200800015936,0,21,0,0,2,4,1,B02
200800015937,0,7,0,0,2,8,1,A01
200800015937,0,7,0,0,2,1,1,B02
200800015938,0,21,0,0,2,6,2,A01
200800015938,0,10,0,0,2,1,2,B02
200800015939,0,14,0,6,0,2,1,A01
200800015940,0,7,0,13,0,0,1,A01
200800015941,0,7,0,0,2,1,13,A01
200800015941,0,7,0,0,0,1,1,B02
200800015942,0,7,0,8,0,2,13,A01
200800015943,0,10,0,0,2,8,19,A01
200800015943,0,33,0,0,2,1,1,B02
200800015944,0,2,0,0,2,1,1,A01
200800015944,0,2,0,0,2,1,1,B02
200800015945,0,30,0,6,0,1,1,A01
200800015946,0,7,0,2,0,1,0,A01
200800015947,0,7,0,3,0,7,19,A01
200800015948,0,10,0,8,0,1,1,A01
200800015949,0,7,0,0,2,3,1,A01
200800015949,0,7,0,0,2,3,1,B02
200800015949,0,7,0,0,2,3,1,C03
200800015950,0,7,0,2,0,7,1,A01
200800015951,0,7,0,0,2,6,4,A01
200800015951,0,2,0,0,2,1,1,B02
200800015952,0,7,0,0,2,2,1,A01
200800015952,0,10,0,0,2,3,16,B02
200800015953,0,7,0,0,2,8,13,A01
200800015953,0,7,0,0,2,1,1,B02
200800015954,0,10,0,0,2,6,1,A01
200800015954,0,10,0,0,2,2,17,B02
200800015955,0,7,0,2,0,8,1,A01
200800015956,0,10,0,2,0,1,1,A01
200800015957,0,15,0,0,2,7,19,A01
200800015957,0,7,0,0,2,1,1,B02
200800015958,0,7,0,0,2,3,1,A01
200800015958,0,7,0,0,2,3,1,B02
200800015959,0,14,0,13,0,2,1,A01
200800015960,0,7,0,2,0,2,1,A01
200800015961,0,7,0,6,0,1,1,A01
200800015962,0,7,0,8,0,8,1,A01
200800015963,0,17,0,0,2,1,13,A01
200800015963,0,38,0,0,2,1,1,B02
200800015963,0,17,0,0,2,6,1,C03
200800015964,0,7,0,0,2,1,13,A01
200800015964,0,7,0,0,2,1,1,B02
200800015965,0,15,0,0,2,3,1,A01
200800015965,0,7,0,0,2,4,15,B02
200800015966,0,7,0,0,2,1,13,A01
200800015966,0,7,0,0,2,1,1,B02
200800015967,0,7,0,9,0,1,1,A01
200800015968,0,7,0,0,2,2,15,A01
200800015968,0,30,0,0,2,1,1,B02
200800015969,0,7,0,1,0,1,1,A01
200800015969,0,7,0,0,2,1,24,B02
200800015970,0,7,0,0,2,1,1,A01
200800015970,0,7,0,0,2,6,19,B02
200800015971,0,7,0,0,2,2,17,A01
200800015971,0,7,0,0,2,6,15,B02
200800015972,0,7,0,8,0,1,14,A01
200800015973,0,7,0,6,0,2,14,A01
200800015974,0,7,0,0,1,3,1,A01
200800015975,0,7,0,0,2,1,13,A01
200800015975,0,38,0,0,2,3,1,B02
200800015976,0,14,0,0,2,1,1,A01
200800015976,0,7,0,0,2,3,1,B02
200800015977,0,7,0,0,2,3,17,A01
200800015977,0,7,0,0,2,3,16,B02
200800015978,0,7,0,0,2,1,15,A01
200800015978,0,33,0,0,2,0,1,B02
200800015979,0,7,0,0,2,3,13,A01
200800015979,0,7,0,0,2,3,1,B02
200800015980,0,7,0,0,2,3,1,A01
200800015980,0,7,0,0,2,3,1,B02
200800015981,0,7,0,2,5,8,1,A01
200800015982,0,7,0,4,2,3,13,A01
200800015982,0,7,0,4,2,3,1,B02
200800015982,0,7,0,0,2,1,1,C03
200800015983,0,33,0,0,0,1,1,A01
200800015984,0,7,0,0,0,4,2,A01
200800015984,0,7,0,0,0,1,0,B02
200800015985,0,7,0,0,2,3,1,A01
200800015985,0,37,0,0,2,3,1,B02
200800015986,0,7,0,5,2,1,1,A01
200800015986,0,10,0,0,2,3,1,B02
200800015987,0,7,0,8,0,9,1,A01
200800015988,0,7,0,2,0,1,1,A01
200800015989,0,7,0,13,0,8,1,A01
200800015990,0,33,0,0,2,1,1,A01
200800015990,0,7,0,0,0,4,23,B02
200800015991,0,14,0,0,0,9,1,A01
200800015992,0,7,0,0,2,3,1,B02
200800015992,0,7,0,0,2,1,1,A01
200800015993,0,7,0,0,0,3,15,A01
200800015993,0,2,0,8,0,1,1,B02
200800015994,0,14,0,0,2,2,1,A01
200800015994,0,99,0,0,0,4,1,B02
200800015995,0,17,0,2,0,2,14,A01
200800015996,0,7,0,0,2,1,17,A01
200800015996,0,17,0,0,2,1,1,B02
200800015997,0,30,0,3,0,9,1,A01
200800015998,0,10,0,16,0,3,1,A01
200800015999,0,17,0,0,2,3,1,A01
200800015999,0,7,0,0,2,5,15,B02
200800015999,0,7,0,0,2,3,1,C03
200800016000,0,7,0,2,0,1,1,A01
200800016001,0,7,0,0,1,2,1,A01
200800016002,0,7,0,0,2,3,1,A01
200800016002,0,7,0,0,2,1,1,B02
200800016002,0,7,0,0,2,3,1,C03
200800016003,0,10,0,0,1,1,1,A01
200800016004,0,7,0,13,2,1,19,A01
200800016004,0,7,0,8,2,7,1,B02
200800016005,0,30,0,0,0,0,0,A01
200800016006,0,33,0,0,2,1,1,A01
200800016006,0,7,0,0,0,5,15,B02
200800016007,0,33,0,16,0,1,1,A01
200800016008,0,33,0,0,2,1,1,A01
200800016008,0,7,0,0,2,6,1,B02
200800016009,0,3,0,0,2,4,15,A01
200800016009,0,7,0,0,2,1,1,B02
200800016010,0,7,0,13,0,1,1,A01
200800016011,0,7,0,0,9,5,15,A01
200800016011,0,30,0,0,2,0,21,B02
200800016012,0,7,0,0,2,3,1,A01
200800016012,0,7,0,0,2,3,1,B02
200800016013,0,7,0,13,0,3,13,A01
200800016014,0,7,0,0,2,1,21,A01
200800016014,0,7,0,0,2,1,1,B02
200800016015,0,7,0,2,0,1,1,A01
200800016016,0,7,0,2,0,3,1,A01
200800016017,0,7,0,0,2,3,1,A01
200800016017,0,1,0,0,0,4,15,B02
200800016018,0,7,0,2,0,1,1,A01
200800016019,0,7,0,6,0,1,1,A01
200800016020,0,10,0,0,2,1,1,A01
200800016020,0,7,0,0,2,8,1,B02
200800016021,0,31,0,6,0,1,1,A01
200800016022,0,7,0,2,0,3,13,A01
200800016023,0,7,0,0,1,1,1,A01
200800016024,0,7,0,0,2,3,15,A01
200800016024,0,32,0,0,2,7,1,B02
200800016025,0,7,0,16,0,9,1,A01
200800016026,0,7,0,2,0,1,1,A01
200800016027,0,30,0,0,2,1,1,A01
200800016027,0,7,0,0,9,8,15,B02
200800016028,0,7,0,0,2,8,1,A01
200800016028,0,2,0,0,2,8,1,B02
200800016029,0,7,0,0,2,1,17,A01
200800016029,0,14,0,0,2,3,1,B02
200800016029,0,7,0,0,2,1,1,C03
200800016030,0,7,0,0,0,1,1,A01
200800016030,0,7,0,0,0,1,13,B02
200800016031,0,17,0,0,2,7,13,A01
200800016031,0,17,0,0,2,2,21,B02
200800016032,0,7,0,0,2,3,13,A01
200800016032,0,7,0,0,2,3,0,B02
200800016032,0,7,0,0,2,3,1,C03
200800016032,0,7,0,0,2,1,1,D04
200800016033,0,7,0,0,2,1,1,B02
200800016033,0,7,0,0,0,7,19,A01
200800016034,0,7,0,2,0,1,1,A01
200800016035,0,7,0,13,0,1,1,A01
200800016036,0,30,0,0,2,1,13,A01
200800016036,0,7,0,0,2,3,1,B02
200800016037,0,7,0,0,2,1,1,A01
200800016037,0,17,0,0,2,1,1,B02
200800016038,0,7,0,0,2,1,1,A01
200800016038,0,7,0,0,2,3,19,B02
200800016039,0,7,0,8,0,1,0,A01
200800016040,0,10,0,0,2,1,15,A01
200800016040,0,7,0,0,2,3,1,B02
200800016040,0,7,0,0,2,1,23,C03
200800016041,0,7,0,0,2,2,13,A01
200800016041,0,15,0,0,2,5,1,B02
200800016042,0,7,0,8,0,9,1,A01
200800016043,0,7,0,13,0,1,1,A01
200800016044,0,7,0,13,0,2,1,A01
200800016045,0,2,0,0,2,8,1,A01
200800016045,0,7,0,0,2,5,1,B02
200800016046,0,7,0,13,0,7,1,A01
200800016046,0,7,0,1,0,4,1,B02
200800016046,0,7,0,0,2,1,1,C03
200800016047,0,33,0,13,5,1,1,A01
200800016048,0,7,0,13,0,3,19,A01
200800016049,0,7,0,13,0,1,19,A01
200800016050,0,7,0,0,0,1,19,A01
200800016050,0,2,0,0,0,1,13,B02
200800016051,0,33,0,6,0,7,1,A01
200800016052,0,14,0,0,9,3,15,A01
200800016052,0,30,0,0,2,8,1,B02
200800016053,0,7,0,2,0,3,1,A01
200800016054,0,10,0,13,0,2,1,A01
200800016055,0,7,0,0,2,3,1,A01
200800016055,0,7,0,0,2,6,1,B02
200800016055,0,2,0,0,2,1,1,C03
200800016056,0,10,0,0,0,1,1,A01
200800016056,0,3,0,0,0,1,1,B02
200800016057,0,7,0,0,2,3,15,A01
200800016057,0,7,0,0,2,1,1,B02
200800016058,0,7,0,13,0,7,1,A01
200800016059,0,7,0,0,2,1,2,A01
200800016059,0,7,0,0,2,4,2,B02
200800016059,0,7,0,0,2,4,2,C03
200800016060,0,7,0,2,0,1,1,A01
200800016061,0,7,0,1,5,1,1,A01
200800016062,0,33,0,0,0,3,21,A01
200800016063,0,7,0,0,0,7,19,A01
200800016063,0,7,0,0,2,3,1,B02
200800016064,0,7,0,0,2,1,13,A01
200800016064,0,7,0,0,2,1,1,B02
200800016065,0,7,0,4,0,2,1,A01
200800016066,0,1,0,0,0,0,9,A01
200800016066,0,1,0,0,2,1,1,B02
200800016066,0,1,0,0,2,7,1,C03
200800016067,0,7,0,0,2,1,13,A01
200800016067,0,13,0,0,2,3,1,B02
200800016068,0,7,0,0,2,1,13,A01
200800016068,0,7,0,0,2,1,2,B02
200800016069,0,7,0,8,0,8,13,A01
200800016070,0,30,0,0,2,3,10,A01
200800016070,0,7,0,0,2,2,17,B02
200800016071,0,32,0,0,2,8,9,A01
200800016071,0,7,0,0,2,2,1,B02
200800016072,0,7,0,2,0,1,14,A01
200800016073,0,7,0,0,2,2,5,A01
200800016073,0,1,0,0,0,1,1,B02
200800016074,0,7,0,0,2,0,1,A01
200800016074,0,7,0,0,2,3,1,B02
200800016075,0,7,0,0,2,1,5,A01
200800016075,0,7,0,0,2,1,2,B02
200800016076,0,13,0,0,0,8,1,A01
200800016076,0,7,0,0,0,8,17,B02
200800016077,0,7,0,3,2,4,1,A01
200800016077,0,7,0,0,2,1,2,B02
200800016077,0,7,0,0,6,2,1,C03
200800016078,0,7,0,8,0,1,13,A01
200800016079,0,7,0,1,2,1,1,A01
200800016079,0,7,0,0,2,4,1,B02
200800016079,0,7,0,1,0,5,24,C03
200800016080,0,7,0,0,2,3,1,B02
200800016080,0,7,0,0,2,3,1,A01
200800016081,0,30,0,10,0,1,1,A01
200800016082,0,7,0,10,0,1,14,A01
200800016083,0,7,0,2,0,5,1,A01
200800016084,0,7,0,0,2,1,13,A01
200800016084,0,10,0,0,2,1,1,B02
200800016085,0,7,0,0,1,2,1,A01
200800016086,0,7,0,1,0,2,2,A01
200800016086,0,10,0,0,2,5,2,B02
200800016087,0,7,0,0,2,1,13,A01
200800016087,0,7,0,0,2,3,1,B02
200800016088,0,7,0,0,2,1,13,A01
200800016088,0,14,0,0,2,1,1,B02
200800016089,0,7,0,0,1,1,1,A01
200800016090,0,31,0,12,0,2,1,A01
200800016091,0,7,0,2,0,3,1,A01
200800016092,0,7,0,2,0,8,14,A01
200800016093,0,7,0,0,2,3,13,A01
200800016093,0,7,0,0,2,3,1,B02
200800016094,0,7,0,13,0,5,14,A01
200800016095,0,7,0,0,2,8,13,A01
200800016095,0,7,0,0,2,3,1,B02
200800016096,0,10,0,0,2,2,13,A01
200800016096,0,10,0,0,2,5,1,B02
200800016097,0,7,0,3,0,1,1,A01
200800016098,0,7,0,0,0,2,0,A01
200800016099,0,7,0,0,2,1,1,A01
200800016099,0,7,0,1,0,4,1,B02
200800016099,0,7,0,0,0,4,15,C03
200800016100,0,7,0,13,0,3,1,A01
200800016101,0,7,0,0,2,3,1,A01
200800016101,0,7,0,0,2,3,1,B02
200800016102,0,10,0,8,2,3,13,A01
200800016102,0,15,0,13,2,3,21,B02
200800016103,0,7,0,0,0,0,0,A01
200800016103,0,7,0,0,2,3,19,B02
200800016104,0,7,0,0,2,8,1,A01