Num_Acc,senc,catv,occutc,obs,obsm,choc,manv,num_veh
200800016104,0,7,0,0,2,3,1,B02
200800016104,0,7,0,0,2,1,1,C03
200800016105,0,10,0,2,0,1,1,A01
200800016106,0,10,0,2,0,1,1,A01
200800016107,0,7,0,0,1,4,20,A01
200800016108,0,7,0,0,1,3,1,A01
200800016109,0,2,0,0,2,8,15,A01
200800016109,0,7,0,0,2,7,1,B02
200800016110,0,10,0,0,0,8,20,A01
200800016110,0,7,0,1,2,1,1,B02
200800016111,0,7,0,0,0,8,1,A01
200800016111,0,7,0,0,2,1,1,B02
200800016112,0,7,0,0,0,0,0,A01
200800016112,0,10,0,0,2,3,5,B02
200800016113,0,7,0,2,0,3,1,A01
200800016114,0,7,0,15,1,1,20,A01
200800016115,0,7,0,0,2,3,1,A01
200800016115,0,14,0,0,2,3,1,B02
200800016116,0,7,0,0,2,2,13,A01
200800016116,0,7,0,0,2,2,1,B02
200800016117,0,7,0,0,0,0,0,A01
200800016118,0,7,0,8,0,8,14,A01
200800016119,0,7,0,0,2,3,13,A01
200800016119,0,17,0,0,2,3,1,B02
200800016120,0,7,0,2,0,2,2,A01
200800016121,0,10,0,0,2,1,13,A01
200800016121,0,7,0,0,2,1,1,B02
200800016122,0,36,0,13,0,3,1,A01
200800016123,0,7,0,2,0,1,1,A01
200800016124,0,7,0,13,0,2,1,A01
200800016125,0,7,0,13,0,2,1,A01
200800016126,0,31,0,0,2,3,1,A01
200800016126,0,10,0,0,2,3,15,B02
200800016127,0,10,0,13,0,3,1,A01
200800016128,0,7,0,6,0,3,0,A01
200800016129,0,7,0,13,0,2,1,A01
200800016130,0,7,0,0,2,8,13,A01
200800016130,0,7,0,0,2,3,1,B02
200800016131,1,7,0,0,1,3,1,A01
200800016132,0,7,0,0,0,1,0,A01
200800016132,0,30,0,0,2,1,1,B02
200800016133,0,30,0,0,2,1,5,A01
200800016133,0,7,0,0,2,7,15,B02
200800016134,0,7,0,0,1,2,1,A01
200800016135,0,7,0,0,0,6,10,A01
200800016135,0,14,0,0,2,1,1,B02
200800016136,0,30,0,0,2,1,1,A01
200800016136,0,7,0,0,0,8,1,B02
200800016137,0,30,0,0,2,4,15,A01
200800016137,0,10,0,0,2,3,17,B02
200800016138,0,7,0,0,0,1,19,A01
200800016138,0,7,0,0,0,6,1,B02
200800016138,0,7,0,0,0,3,23,C03
200800016139,0,33,0,5,0,7,1,A01
200800016140,0,10,0,6,0,3,5,A01
200800016141,0,7,0,0,2,2,19,A01
200800016141,0,7,0,0,2,1,1,B02
200800016142,0,2,0,0,2,8,13,A01
200800016142,0,7,0,0,2,8,1,B02
200800016143,0,33,0,0,2,1,2,A01
200800016143,0,7,0,0,0,2,2,B02
200800016144,0,7,0,0,2,3,0,A01
200800016144,0,2,0,0,2,7,0,B02
200800016145,0,7,0,0,2,3,13,A01
200800016145,0,15,0,0,2,3,1,B02
200800016145,0,7,0,0,2,8,1,C03
200800016146,0,1,0,0,2,1,1,A01
200800016146,0,7,0,0,2,6,1,B02
200800016147,0,7,0,2,0,1,1,A01
200800016148,0,7,0,0,0,1,2,A01
200800016148,0,7,0,0,2,4,23,B02
200800016148,0,7,0,0,0,4,23,C03
200800016149,0,2,0,0,2,1,13,A01
200800016149,0,10,0,0,2,3,0,B02
200800016150,0,10,0,0,2,1,2,A01
200800016150,0,10,0,0,2,4,2,B02
200800016150,0,10,0,0,2,3,1,C03
200800016151,0,7,0,0,2,3,13,A01
200800016151,0,14,0,0,2,3,1,B02
200800016151,0,10,0,0,2,1,1,C03
200800016152,0,7,0,0,2,1,17,A01
200800016152,0,33,0,0,2,3,1,B02
200800016152,0,33,0,0,2,1,1,C03
200800016153,0,10,0,0,2,2,19,A01
200800016153,0,30,0,0,2,1,1,B02
200800016154,0,2,0,0,0,0,0,A01
200800016155,0,7,0,4,0,1,1,A01
200800016156,0,7,0,0,2,1,2,A01
200800016156,0,7,0,0,2,4,2,B02
200800016157,0,15,0,0,2,3,1,B02
200800016157,0,15,0,0,2,3,1,C03
200800016157,0,7,0,0,2,8,9,A01
200800016158,0,1,0,1,0,1,1,A01
200800016158,0,15,0,0,0,6,0,B02
200800016159,0,7,0,6,0,8,1,A01
200800016160,0,31,0,13,0,0,1,A01
200800016161,0,7,0,0,2,8,15,A01
200800016161,0,33,0,0,2,1,17,B02
200800016162,0,7,0,0,2,7,15,A01
200800016162,0,2,0,0,2,1,1,B02
200800016163,0,7,0,13,0,1,14,A01
200800016164,0,10,0,2,0,9,1,A01
200800016165,0,7,0,0,2,1,13,A01
200800016165,0,7,0,0,2,1,1,B02
200800016166,0,7,0,16,0,8,0,A01
200800016166,0,7,0,0,2,1,0,B02
200800016167,0,7,0,0,2,1,13,A01
200800016167,0,10,0,0,2,1,1,B02
200800016168,0,7,0,0,2,3,1,A01
200800016168,0,2,0,0,2,7,15,B02
200800016169,0,30,0,13,0,1,1,A01
200800016170,0,33,0,13,0,1,15,A01
200800016171,0,30,0,10,0,8,1,A01
200800016172,0,7,0,0,1,1,21,A01
200800016173,0,30,0,0,0,8,13,A01
200800016174,0,7,0,0,2,3,0,A01
200800016174,0,10,0,0,2,3,1,B02
200800016175,0,30,0,4,0,1,1,A01
200800016176,0,31,0,0,2,1,17,A01
200800016176,0,7,0,0,2,3,15,B02
200800016176,0,10,0,0,9,1,23,C03
200800016177,0,7,0,0,2,1,1,A01
200800016177,0,1,0,0,0,4,13,B02
200800016178,0,17,0,16,0,2,1,A01
200800016179,0,7,0,0,0,1,16,A01
200800016180,0,7,0,13,0,9,0,A01
200800016181,0,30,0,0,2,1,15,A01
200800016181,0,7,0,0,2,3,17,B02
200800016182,0,7,0,0,9,1,1,A01
200800016182,0,1,0,0,0,4,2,B02
200800016182,0,1,0,0,0,4,2,C03
200800016182,0,1,0,0,0,4,2,D04
200800016183,0,7,0,2,0,1,1,A01
200800016184,0,7,0,0,2,2,17,A01
200800016184,0,7,0,0,2,6,17,B02
200800016184,0,7,0,0,2,1,1,C03
200800016184,0,7,0,0,2,1,1,D04
200800016185,0,7,0,0,1,1,1,A01
200800016186,0,7,0,0,0,8,9,A01
200800016186,0,33,0,0,2,1,0,B02
200800016187,0,21,0,0,0,7,1,A01
200800016188,0,7,0,8,0,1,1,A01
200800016189,0,7,0,0,2,3,1,A01
200800016189,0,32,0,0,2,1,1,B02
200800016190,0,30,0,12,0,1,1,A01
200800016191,0,7,0,0,0,8,2,A01
200800016191,0,33,0,0,2,1,2,B02
200800016192,0,7,0,2,0,3,1,A01
200800016193,0,7,0,6,0,3,13,A01
200800016194,0,15,0,0,1,2,0,A01
200800016195,0,99,0,0,2,1,19,A01
200800016195,0,7,0,0,9,3,1,B02
200800016196,0,7,0,0,0,0,0,A01
200800016197,0,17,0,0,0,7,23,A01
200800016197,0,17,0,8,2,3,21,B02
200800016197,0,7,0,8,2,3,21,C03
200800016198,0,15,0,0,2,3,1,A01
200800016198,0,7,0,0,2,8,19,B02
200800016199,0,31,0,0,0,8,1,A01
200800016200,0,10,0,0,2,1,1,A01
200800016200,0,7,0,16,2,7,1,B02
200800016201,0,7,0,0,2,8,15,A01
200800016201,0,7,0,0,2,1,1,B02
200800016202,0,33,0,0,6,2,1,A01
200800016203,0,7,0,6,0,1,1,A01
200800016204,0,7,0,0,2,6,15,A01
200800016204,0,7,0,0,2,2,1,B02
200800016205,0,7,0,0,2,1,13,A01
200800016205,0,7,0,0,2,1,1,B02
200800016206,0,7,0,0,0,7,1,A01
200800016206,0,7,0,0,2,3,9,B02
200800016207,0,7,0,2,0,8,1,A01
200800016208,0,7,0,0,2,1,15,A01
200800016208,0,33,0,0,2,3,1,B02
200800016209,0,7,0,16,0,1,1,A01
200800016210,0,7,0,0,2,2,15,A01
200800016210,0,33,0,0,2,1,1,B02
200800016211,0,7,0,0,2,3,1,A01
200800016211,0,21,0,0,2,3,15,B02
200800016211,0,17,0,0,9,3,1,C03
200800016212,0,7,0,0,2,2,15,A01
200800016212,0,2,0,0,2,1,1,B02
200800016213,0,7,0,0,0,0,0,A01
200800016213,0,7,0,0,2,3,1,B02
200800016214,0,7,0,0,2,8,9,A01
200800016214,0,33,0,0,2,7,1,B02
200800016215,0,7,0,0,2,8,1,A01
200800016215,0,7,0,0,2,1,1,B02
200800016216,0,31,0,0,2,1,1,A01
200800016216,0,7,0,0,2,2,1,B02
200800016217,0,7,0,0,2,7,13,A01
200800016217,0,7,0,0,2,1,1,B02
200800016218,0,7,0,13,0,5,1,A01
200800016219,0,10,0,0,1,5,20,A01
200800016220,0,7,0,0,2,2,15,A01
200800016220,0,31,0,0,2,1,1,B02
200800016221,0,7,0,0,2,3,1,A01
200800016221,0,7,0,0,2,2,1,B02
200800016221,0,7,0,0,2,6,1,C03
200800016222,0,7,0,2,0,1,1,A01
200800016223,0,7,0,9,2,8,19,A01
200800016223,0,7,0,0,2,1,1,B02
200800016224,0,7,0,0,2,2,15,A01
200800016224,0,7,0,0,2,3,1,B02
200800016225,0,7,0,0,2,7,2,A01
200800016225,0,32,0,0,2,8,13,B02
200800016226,0,7,0,0,2,3,17,A01
200800016226,0,1,0,0,2,1,1,B02
200800016227,0,7,0,14,0,1,1,A01
200800016228,0,17,0,0,2,5,19,A01
200800016228,0,7,0,0,2,2,1,B02
200800016229,0,7,0,0,2,3,1,A01
200800016229,0,7,0,0,2,3,1,B02
200800016230,0,7,0,0,2,2,19,A01
200800016230,0,7,0,0,2,3,1,B02
200800016230,0,7,0,0,2,3,23,C03
200800016231,0,33,0,13,0,1,1,A01
200800016232,0,7,0,0,2,1,1,A01
200800016232,0,7,0,0,2,1,13,B02
200800016233,0,10,0,2,0,1,1,A01
200800016234,0,7,0,0,1,2,0,A01
200800016235,0,7,0,2,0,7,1,A01
200800016236,0,7,0,16,0,9,1,A01
200800016237,0,10,0,0,2,3,1,B02
200800016237,0,10,0,0,2,3,1,A01
200800016238,0,7,0,0,0,8,19,A01
200800016238,0,7,0,0,0,3,1,B02
200800016239,0,30,0,0,0,0,1,A01
200800016240,0,7,0,0,2,4,23,A01
200800016240,0,7,0,0,2,1,2,B02
200800016241,0,2,0,0,9,1,17,A01
200800016241,0,20,0,0,2,1,19,B02
200800016242,0,7,0,13,0,9,1,A01
200800016243,0,10,0,2,0,1,1,A01
200800016244,0,7,0,0,2,1,1,A01
200800016244,0,2,0,0,2,1,13,B02
200800016245,0,2,0,0,2,1,1,A01
200800016245,0,7,0,0,2,3,23,C03
200800016245,0,7,0,1,2,2,19,B02
200800016246,0,7,0,2,0,2,1,A01
200800016247,0,7,0,0,9,2,21,A01
200800016247,0,1,0,0,2,1,13,B02
200800016248,0,33,0,16,0,1,1,A01
200800016249,0,7,0,13,0,3,1,A01
200800016250,0,10,0,0,2,3,1,A01
200800016250,0,7,0,0,2,7,1,B02
200800016251,0,7,0,0,0,4,13,A01
200800016251,0,7,0,0,0,3,0,B02
200800016252,0,7,0,0,2,3,13,A01
200800016252,0,38,0,0,2,3,1,B02
200800016253,0,7,0,0,2,2,1,A01
200800016253,0,7,0,0,2,1,1,C03
200800016253,0,7,0,0,2,6,16,B02
200800016254,0,7,0,0,2,3,1,A01
200800016254,0,30,0,0,2,8,1,B02
200800016255,0,7,0,0,2,8,13,A01
200800016255,0,7,0,0,2,8,1,B02
200800016256,0,7,0,0,2,1,1,A01
200800016256,0,7,0,0,2,7,15,B02
200800016257,0,7,0,0,2,1,5,A01
200800016257,0,7,0,0,2,1,1,B02
200800016258,0,33,0,0,0,8,1,A01
200800016259,0,7,0,13,0,1,1,A01
200800016260,0,7,0,5,1,2,14,A01
200800016261,0,7,0,0,2,2,1,A01
200800016261,0,10,0,0,2,2,1,B02
200800016262,0,7,0,8,0,1,1,A01
200800016263,0,7,0,0,0,3,0,A01
200800016263,0,14,0,0,0,3,15,B02
200800016264,0,33,0,0,2,7,17,A01
200800016265,0,7,0,1,0,8,1,A01
200800016266,0,33,0,0,2,7,9,A01
200800016266,0,7,0,0,2,8,1,B02
200800016267,0,1,0,0,2,4,15,B02
200800016267,0,7,0,0,2,2,15,A01
200800016268,0,7,0,3,0,1,13,A01
200800016269,0,7,0,3,2,8,0,A01
200800016269,0,7,0,0,2,1,0,B02
200800016270,0,7,0,0,2,7,13,A01
200800016270,0,14,0,0,2,3,1,B02
200800016271,0,7,0,2,0,9,1,A01
200800016272,0,7,0,0,2,1,13,A01
200800016272,0,34,0,0,2,1,1,B02
200800016273,0,7,0,0,2,8,13,A01
200800016273,0,7,0,0,2,8,1,B02
200800016273,0,7,0,0,2,1,1,C03
200800016273,0,7,0,0,2,3,1,D04
200800016274,0,7,0,16,0,1,13,A01
200800016274,0,7,0,0,0,2,1,B02
200800016275,0,10,0,0,2,3,17,A01
200800016275,0,7,0,0,0,5,15,B02
200800016276,0,7,0,0,2,2,13,A01
200800016276,0,15,0,0,2,3,1,B02
200800016277,0,7,0,16,0,1,13,A01
200800016278,0,7,0,0,2,1,1,A01
200800016278,0,7,0,0,2,4,23,B02
200800016278,0,7,0,0,2,4,23,C03
200800016279,0,15,0,0,0,8,16,A01
200800016279,0,30,0,0,0,7,1,B02
200800016280,0,7,0,0,2,2,13,A01
200800016280,0,10,0,0,2,5,1,B02
200800016281,0,7,0,2,0,8,1,A01
200800016282,0,7,0,0,0,8,15,A01
200800016282,0,33,0,0,0,1,2,B02
200800016283,0,10,0,2,0,9,24,A01
200800016284,0,7,0,6,0,2,14,A01
200800016285,0,7,0,0,2,1,13,A01
200800016285,0,7,0,0,2,1,1,B02
200800016286,0,7,0,0,2,1,1,A01
200800016286,0,7,0,0,2,1,1,B02
200800016287,0,7,0,0,2,1,1,B02
200800016287,0,7,0,0,2,3,15,A01
200800016288,0,7,0,6,2,1,15,B02
200800016288,0,7,0,0,2,1,1,A01
200800016289,0,7,0,13,0,2,1,A01
200800016290,0,7,0,2,0,1,1,A01
200800016291,0,7,0,0,2,3,1,A01
200800016291,0,15,0,0,2,3,1,B02
200800016291,0,7,0,0,2,6,1,C03
200800016292,0,7,0,13,0,3,1,A01
200800016293,0,30,0,6,0,2,1,A01
200800016294,0,7,0,12,1,2,1,A01
200800016295,0,7,0,2,0,6,17,A01
200800016296,0,7,0,0,0,2,1,A01
200800016297,0,7,0,0,2,3,1,A01
200800016297,0,33,0,0,2,8,9,B02
200800016298,0,7,0,13,0,1,0,A01
200800016299,0,7,0,0,0,9,1,A01
200800016300,0,7,0,0,2,3,15,A01
200800016300,0,7,0,0,2,3,16,B02
200800016301,0,7,0,0,2,3,15,A01
200800016301,0,7,0,0,2,3,13,B02
200800016302,0,7,0,0,2,3,19,B02
200800016302,0,7,0,0,2,3,1,A01
200800016303,0,30,0,0,0,1,1,A01
200800016304,0,7,0,0,0,0,19,A01
200800016304,0,1,0,0,2,0,1,B02
200800016305,0,7,0,2,0,3,13,A01
200800016306,0,17,0,13,0,3,13,A01
200800016307,0,33,0,0,0,1,1,A01
200800016308,0,7,0,0,2,3,1,A01
200800016308,0,2,0,0,2,8,1,B02
200800016309,0,7,0,0,0,0,1,A01
200800016310,0,2,0,0,2,1,1,A01
200800016310,0,7,0,0,2,2,1,B02
200800016311,0,7,0,0,1,3,1,A01
200800016312,0,14,0,0,2,1,2,A01
200800016312,0,30,0,0,0,4,2,B02
200800016313,0,31,0,0,2,1,1,A01
200800016313,0,7,0,0,2,5,19,B02
200800016314,0,7,0,2,0,1,1,A01
200800016315,0,7,0,2,0,1,1,A01
200800016316,0,7,0,0,2,1,15,A01
200800016316,0,7,0,0,2,1,1,B02
200800016317,0,7,0,0,2,2,1,A01
200800016317,0,10,0,0,2,2,1,B02
200800016318,0,7,0,0,2,1,13,A01
200800016318,0,7,0,0,2,2,0,B02
200800016319,0,7,0,0,2,8,17,A01
200800016319,0,10,0,0,2,8,1,B02
200800016320,0,7,0,13,0,3,13,A01
200800016321,0,7,0,0,2,3,13,A01
200800016321,0,7,0,0,2,3,1,B02
200800016322,0,7,0,0,2,5,13,A01
200800016322,0,7,0,0,2,1,1,B02
200800016323,0,7,0,16,0,1,1,A01
200800016324,0,30,0,0,2,1,1,B02
200800016324,0,7,0,0,2,2,15,A01
200800016325,0,7,0,0,2,1,1,A01
200800016325,0,7,0,0,2,3,1,B02
200800016326,0,7,0,0,2,3,13,A01
200800016326,0,7,0,0,0,0,1,B02
200800016327,0,7,0,0,2,8,13,A01
200800016327,0,7,0,0,2,8,1,B02
200800016328,0,7,0,0,2,3,1,A01
200800016328,0,7,0,0,2,1,1,B02
200800016328,0,7,0,0,2,3,1,C03
200800016328,0,33,0,0,2,1,0,D04
200800016329,0,7,0,2,0,3,1,A01
200800016330,0,33,0,13,0,1,1,A01
200800016331,0,7,0,13,0,3,1,A01
200800016332,0,7,0,0,2,2,1,A01
200800016332,0,10,0,0,2,3,1,B02
200800016333,0,7,0,0,2,3,1,A01
200800016333,0,7,0,0,2,1,5,B02
200800016334,0,33,0,0,0,4,23,A01
200800016334,0,7,0,14,0,1,2,B02
200800016335,0,7,0,6,0,1,13,A01
200800016336,0,7,0,0,2,7,15,A01
200800016336,0,33,0,0,2,8,17,B02
200800016337,0,2,0,0,2,1,13,A01
200800016337,0,7,0,0,2,3,1,B02
200800016338,0,7,0,0,2,2,13,A01
200800016338,0,7,0,0,2,2,1,B02
200800016339,0,7,0,0,2,7,13,A01
200800016339,0,10,0,0,2,1,1,B02
200800016340,0,7,0,0,0,2,1,A01
200800016341,0,7,0,0,0,1,0,A01
200800016341,0,2,0,0,0,1,0,B02
200800016342,0,7,0,1,0,8,14,A01
200800016343,0,3,0,2,0,1,1,A01
200800016344,0,33,0,0,6,1,1,A01
200800016345,0,3,0,1,1,2,1,A01
200800016345,0,7,0,0,2,8,24,B02
200800016346,0,7,0,0,2,3,13,A01
200800016346,0,14,0,0,2,3,1,B02
200800016347,0,7,0,0,2,3,17,A01
200800016347,0,7,0,0,2,3,1,B02
200800016348,0,30,0,0,2,1,15,B02
200800016348,0,7,0,0,2,3,1,A01
200800016349,0,7,0,2,0,3,1,A01
200800016350,0,7,0,0,0,8,1,A01
200800016351,0,30,0,0,2,1,2,A01
200800016351,0,10,0,0,0,5,2,B02
200800016352,0,7,0,0,1,1,1,A01
200800016353,0,30,0,0,2,1,5,A01
200800016353,0,7,0,0,2,3,1,B02
200800016354,0,7,0,0,2,7,19,A01
200800016354,0,7,0,0,2,2,1,B02
200800016355,0,7,0,6,0,7,1,A01
200800016356,0,7,0,6,0,1,1,A01
200800016357,0,7,0,3,0,9,1,A01
200800016358,0,7,0,13,0,8,19,A01
200800016359,0,7,0,0,2,1,1,A01
200800016359,0,7,0,0,0,8,19,B02
200800016360,0,7,0,13,0,1,1,A01
200800016361,0,7,0,0,0,2,13,A01
200800016361,0,7,0,0,0,2,0,B02
200800016362,0,10,0,0,2,3,15,A01
200800016362,0,10,0,0,2,2,1,B02
200800016363,0,17,0,13,0,1,1,A01
200800016364,0,7,0,14,0,9,1,A01
200800016365,2,7,0,0,2,2,15,A01
200800016365,0,7,0,0,2,3,1,B02
200800016366,0,7,0,13,0,3,0,A01
200800016367,0,7,0,0,2,1,13,A01
200800016367,0,7,0,0,2,3,1,B02
200800016367,0,7,0,0,0,8,1,C03
200800016368,0,7,0,0,0,1,0,A01
200800016369,0,2,0,0,2,1,13,A01
200800016369,0,7,0,0,2,3,14,B02
200800016370,0,7,0,0,2,1,1,A01
200800016370,0,21,0,0,2,8,19,B02
200800016371,0,7,0,2,0,0,2,A01
200800016372,0,30,0,0,2,7,15,A01
200800016372,0,38,0,0,2,1,1,B02
200800016373,0,7,0,0,2,6,17,A01
200800016373,0,17,0,0,2,8,1,B02
200800016373,0,15,0,0,2,3,2,C03
200800016374,0,7,0,0,0,1,1,A01
200800016375,0,7,0,0,2,2,17,A01
200800016375,0,30,0,0,2,1,1,B02
200800016376,0,7,0,0,2,1,1,A01
200800016376,0,1,0,0,2,8,9,B02
200800016377,0,7,0,2,0,8,1,A01
200800016378,0,7,0,0,2,8,15,A01
200800016378,0,33,0,0,2,1,2,B02
200800016379,0,7,0,0,1,3,19,A01
200800016380,0,7,0,0,2,2,19,A01
200800016380,0,2,0,0,2,1,9,B02
200800016381,0,7,0,0,1,1,1,A01
200800016382,0,7,0,0,2,7,17,A01
200800016382,0,7,0,0,2,3,15,B02
200800016383,0,7,0,0,2,8,15,A01
200800016383,0,32,0,0,2,1,17,B02
200800016384,0,7,0,0,2,2,19,A01
200800016384,0,2,0,0,2,1,1,B02
200800016385,0,33,0,0,2,1,1,A01
200800016385,0,7,0,0,2,3,1,B02
200800016386,0,7,0,0,1,1,1,A01
200800016387,0,2,0,0,2,1,1,B02
200800016387,0,7,0,0,2,8,1,A01
200800016388,0,7,0,2,0,1,14,A01
200800016389,0,7,0,0,1,2,20,A01
200800016390,0,33,0,0,1,1,2,A01
200800016391,0,2,0,0,2,1,1,A01
200800016391,0,7,0,0,2,8,16,B02
200800016392,0,7,0,12,0,3,13,A01
200800016393,0,7,0,0,0,3,15,A01
200800016393,0,7,0,0,0,2,1,B02
200800016394,0,31,0,0,0,0,1,A01
200800016395,0,10,0,0,1,5,4,A01
200800016396,0,30,0,0,0,2,1,A01
200800016397,0,7,0,6,0,2,21,A01
200800016398,0,7,0,13,0,9,13,A01
200800016399,0,7,0,0,2,4,1,A01
200800016399,0,7,0,0,2,1,1,B02
200800016400,0,7,0,0,0,6,0,A01
200800016400,0,7,0,1,0,2,1,B02
200800016401,0,7,0,0,0,1,1,A01
200800016401,0,7,0,0,2,1,5,B02
200800016402,0,7,0,0,2,3,15,A01
200800016402,0,33,0,0,2,7,1,B02
200800016403,0,7,0,0,2,1,15,B02
200800016403,0,7,0,0,2,2,1,A01
200800016404,0,7,0,5,0,3,1,A01
200800016405,0,2,0,0,2,3,17,A01
200800016405,0,7,0,0,2,3,1,B02
200800016406,0,7,0,0,2,3,9,A01
200800016406,0,7,0,0,2,1,1,B02
200800016407,0,7,0,2,0,1,1,A01
200800016408,0,7,0,8,0,3,1,A01
200800016409,0,7,0,0,1,2,1,A01
200800016410,0,7,0,0,0,9,1,A01
200800016411,0,7,0,0,2,3,20,A01
200800016411,0,30,0,0,2,4,1,B02
200800016412,0,7,0,2,0,1,14,A01
200800016413,0,7,0,0,2,8,13,A01
200800016413,0,7,0,0,2,8,1,B02
200800016414,0,7,0,0,2,3,1,A01
200800016414,0,7,0,0,2,1,1,B02
200800016415,0,31,0,0,2,7,1,A01
200800016415,0,7,0,0,0,7,15,B02
200800016416,0,7,0,0,2,1,1,A01
200800016416,0,7,0,0,2,2,15,B02
200800016417,0,2,0,0,2,1,21,A01
200800016417,0,7,0,0,2,2,15,B02
200800016418,0,2,0,0,1,0,1,A01
200800016418,0,7,0,0,1,1,1,B02
200800016418,0,7,0,0,0,0,0,C03
200800016418,0,17,0,0,1,3,1,D04
200800016418,0,7,0,0,1,1,1,E05
200800016418,0,7,0,0,1,1,2,F06
200800016419,0,7,0,2,0,1,13,A01
200800016420,0,7,0,13,0,2,1,A01
200800016421,0,7,0,15,0,3,11,A01
200800016422,0,33,0,0,5,1,1,A01
200800016423,0,3,0,0,2,4,1,A01
200800016423,0,7,0,0,2,2,1,B02
200800016423,0,10,0,13,0,1,1,C03
200800016423,0,7,0,13,0,1,1,D04
200800016424,0,10,0,2,0,1,0,A01
200800016425,0,7,0,0,0,0,0,A01
200800016425,0,7,0,0,2,1,1,B02
200800016426,0,7,0,0,6,0,0,A01
200800016427,0,7,0,0,0,9,14,A01
200800016428,0,33,0,13,0,1,1,A01
200800016429,0,7,0,2,0,2,1,A01
200800016430,0,7,0,3,0,3,1,A01
200800016431,0,7,0,0,0,2,1,A01
200800016432,0,7,0,0,0,9,1,A01
200800016433,0,7,0,0,1,0,17,A01
200800016434,0,7,0,3,0,1,1,A01
200800016435,0,33,0,16,0,9,1,A01
200800016436,0,7,0,0,0,8,23,A01
200800016436,0,7,0,0,0,1,1,B02
200800016437,0,7,0,0,1,1,1,A01
200800016438,0,7,0,13,0,3,13,A01
200800016439,0,3,0,0,2,1,5,A01
200800016439,0,7,0,0,2,1,1,B02
200800016440,0,7,0,0,9,2,17,A01
200800016440,0,1,0,0,2,1,15,B02
200800016440,0,7,0,0,0,0,0,C03
200800016441,0,17,0,0,2,3,15,A01
200800016441,0,30,0,0,2,1,1,B02
200800016442,0,7,0,0,2,3,19,A01
200800016442,0,33,0,0,2,7,21,B02
200800016443,0,7,0,0,0,9,1,A01
200800016444,0,7,0,2,0,1,19,A01
200800016445,0,7,0,13,0,2,1,A01
200800016446,0,7,0,0,2,1,15,A01
200800016446,0,2,0,0,2,1,1,B02
200800016447,0,7,0,5,0,2,1,A01
200800016448,0,7,0,13,0,9,21,A01
200800016448,0,7,0,0,0,0,15,B02
200800016449,0,15,0,0,2,2,1,A01
200800016449,0,7,0,0,2,3,9,B02
200800016450,0,7,0,0,2,1,1,B02
200800016450,0,2,0,0,2,8,1,A01
200800016451,0,7,0,0,2,3,1,A01
200800016451,0,7,0,0,2,1,19,B02
200800016452,0,7,0,0,2,1,13,A01
200800016452,0,7,0,0,2,1,1,B02
200800016452,0,7,0,0,2,3,1,C03
200800016452,0,7,0,0,2,3,1,D04
200800016453,0,7,0,0,2,1,0,A01
200800016453,0,7,0,0,2,1,0,B02
200800016454,0,7,0,13,0,3,1,A01
200800016455,0,33,0,0,1,1,2,A01
200800016455,0,7,0,0,2,3,15,B02
200800016456,0,7,0,13,0,1,1,A01
200800016457,0,30,0,1,0,1,16,A01
200800016458,0,7,0,0,2,1,1,A01
200800016458,0,7,0,0,2,0,1,B02
200800016458,0,7,0,0,2,1,1,C03
200800016459,0,14,0,0,1,3,1,A01
200800016460,0,14,0,0,2,3,21,A01
200800016460,0,21,0,0,2,5,15,B02
200800016461,0,7,0,13,0,2,0,A01
200800016462,0,30,0,0,2,4,1,A01
200800016462,0,7,0,0,2,4,1,B02
200800016463,0,10,0,0,2,3,13,A01
200800016463,0,10,0,0,2,3,1,B02
200800016464,0,7,0,0,2,2,17,A01
200800016464,0,14,0,0,2,6,1,B02
200800016465,0,7,0,0,1,3,1,A01
200800016466,0,7,0,0,2,3,13,A01
200800016466,0,7,0,0,2,3,1,B02
200800016467,0,7,0,0,2,3,13,A01
200800016467,0,17,0,0,2,3,14,B02
200800016468,0,7,0,0,2,7,13,A01
200800016468,0,7,0,0,2,1,1,B02
200800016469,0,7,0,0,2,1,15,A01
200800016469,0,7,0,0,2,1,1,B02
200800016470,0,7,0,0,2,7,13,A01
200800016470,0,7,0,0,2,2,21,B02
200800016471,0,7,0,0,2,3,17,A01
200800016471,0,7,0,0,2,3,1,B02
200800016471,0,7,0,0,2,1,1,C03
200800016472,0,7,0,0,2,8,13,A01
200800016472,0,17,0,0,2,8,1,B02
200800016472,0,17,0,0,2,3,21,C03
200800016472,0,7,0,0,9,8,1,D04
200800016473,0,7,0,0,2,3,13,A01
200800016473,0,7,0,0,2,8,8,B02
200800016473,0,10,0,0,2,6,8,C03
200800016473,0,7,0,0,2,1,8,D04
200800016474,0,33,0,0,0,1,0,A01
200800016475,0,7,0,0,2,8,15,A01
200800016475,0,15,0,0,2,3,1,B02
200800016476,0,7,0,2,0,7,1,A01
200800016477,0,17,0,0,0,0,21,A01
200800016478,0,7,0,0,2,1,13,A01
200800016478,0,7,0,0,2,1,1,B02
200800016479,0,7,0,13,2,3,1,A01
200800016479,0,10,0,0,2,3,1,B02
200800016480,0,7,0,0,1,3,1,A01
200800016481,0,3,0,0,2,3,15,B02
200800016481,0,7,0,0,2,2,1,A01
200800016482,0,36,0,0,0,1,1,A01
200800016483,0,7,0,0,2,3,15,A01
200800016483,0,7,0,0,2,1,1,B02