Num_Acc,senc,catv,occutc,obs,obsm,choc,manv,num_veh
200800016484,0,10,0,0,2,1,1,A01
200800016484,0,7,0,0,2,3,19,B02
200800016485,0,7,0,0,2,3,19,A01
200800016485,0,7,0,13,2,8,21,B02
200800016486,0,2,0,0,2,1,13,A01
200800016486,0,7,0,0,2,8,1,B02
200800016487,0,33,0,0,0,8,17,A01
200800016488,0,7,0,0,2,1,13,A01
200800016488,0,14,0,0,2,1,1,B02
200800016489,0,7,0,0,2,3,1,A01
200800016489,0,7,0,0,2,6,19,B02
200800016490,0,7,0,0,2,7,0,A01
200800016490,0,7,0,0,2,1,0,B02
200800016491,0,14,0,12,0,8,15,A01
200800016492,0,17,0,0,1,2,16,A01
200800016493,0,7,0,0,2,2,13,A01
200800016493,0,14,0,0,2,1,1,B02
200800016494,0,7,0,0,2,2,15,A01
200800016494,0,31,0,0,2,1,1,B02
200800016495,0,2,0,0,2,1,2,A01
200800016495,0,2,0,0,0,4,1,B02
200800016496,0,33,0,0,2,1,1,A01
200800016496,0,7,0,0,0,8,15,B02
200800016497,0,7,0,0,2,1,1,A01
200800016497,0,7,0,0,2,1,1,B02
200800016498,0,7,0,0,2,1,2,A01
200800016498,0,1,0,0,0,4,2,B02
200800016499,0,7,0,8,0,8,1,A01
200800016500,0,7,0,0,2,8,15,A01
200800016500,0,7,0,0,2,2,17,B02
200800016501,0,36,0,6,0,2,1,A01
200800016502,0,7,0,0,2,3,1,A01
200800016502,0,7,0,0,2,3,1,B02
200800016503,0,33,0,13,0,1,1,A01
200800016504,0,7,0,0,0,0,17,A01
200800016504,0,1,0,13,0,3,21,B02
200800016505,0,7,0,2,0,1,14,A01
200800016506,0,7,0,0,2,8,10,A01
200800016506,0,14,0,0,2,1,1,B02
200800016507,0,7,0,10,0,2,1,A01
200800016508,0,2,0,0,2,1,13,A01
200800016508,0,7,0,0,2,3,1,B02
200800016509,0,10,0,0,2,8,15,A01
200800016509,0,7,0,0,2,2,17,B02
200800016510,0,7,0,2,0,2,1,A01
200800016511,0,10,0,13,0,1,1,A01
200800016512,0,30,0,6,0,1,1,A01
200800016513,0,7,0,0,2,1,9,A01
200800016513,0,2,0,0,2,7,2,B02
200800016514,0,7,0,0,2,2,15,A01
200800016514,0,31,0,0,2,8,1,B02
200800016515,0,30,0,3,0,1,1,A01
200800016516,0,10,0,0,2,4,1,A01
200800016516,0,7,0,0,2,1,1,B02
200800016516,0,14,0,0,2,6,1,C03
200800016516,0,7,0,0,2,8,1,D04
200800016517,0,30,0,0,0,0,1,A01
200800016518,0,36,0,8,0,1,2,A01
200800016519,0,7,0,0,2,1,13,A01
200800016519,0,7,0,0,2,1,1,B02
200800016520,0,31,0,6,0,1,1,A01
200800016521,0,7,0,0,2,8,15,A01
200800016521,0,7,0,0,2,1,17,B02
200800016522,0,7,0,0,2,2,15,A01
200800016522,0,31,0,0,2,1,1,B02
200800016523,0,7,0,1,0,2,1,A01
200800016524,0,7,0,0,2,2,2,A01
200800016524,0,1,0,0,2,4,2,B02
200800016525,0,14,0,0,0,3,0,A01
200800016525,0,30,0,0,2,1,13,B02
200800016526,0,30,0,0,2,3,1,A01
200800016526,0,30,0,0,2,2,0,B02
200800016527,0,7,0,0,2,1,1,A01
200800016527,0,7,0,0,2,1,1,B02
200800016528,0,30,0,0,0,7,1,A01
200800016529,0,7,0,2,0,1,1,A01
200800016530,0,7,0,6,0,7,13,A01
200800016531,0,7,0,0,0,0,20,A01
200800016532,0,7,0,0,0,0,19,A01
200800016532,0,31,0,0,0,0,1,B02
200800016533,0,7,0,0,2,8,15,A01
200800016533,0,10,0,0,2,1,1,B02
200800016534,0,14,0,0,2,6,17,A01
200800016534,0,33,0,0,2,7,17,B02
200800016535,0,7,0,0,2,1,1,A01
200800016535,0,7,0,0,2,1,13,B02
200800016536,0,7,0,3,0,7,1,A01
200800016537,0,7,0,0,0,3,9,A01
200800016537,0,2,0,0,2,9,1,B02
200800016538,0,7,0,0,2,3,1,A01
200800016538,0,7,0,0,2,3,15,B02
200800016539,0,7,0,0,1,1,14,A01
200800016540,0,7,0,0,1,6,1,A01
200800016541,0,7,0,13,0,2,14,A01
200800016542,0,7,0,13,0,1,1,A01
200800016543,0,7,0,0,1,6,0,A01
200800016544,0,17,0,0,2,6,13,A01
200800016544,0,17,0,0,2,3,1,B02
200800016545,0,7,0,0,2,6,1,A01
200800016545,0,10,0,0,2,1,1,B02
200800016546,0,2,0,8,0,1,1,A01
200800016547,0,7,0,8,0,7,0,A01
200800016548,0,3,0,0,2,1,13,A01
200800016548,0,7,0,0,2,1,1,B02
200800016548,0,7,0,0,2,8,1,C03
200800016549,0,7,0,0,2,3,13,A01
200800016549,0,17,0,0,2,3,1,B02
200800016550,0,7,0,13,0,3,13,A01
200800016551,0,33,0,12,0,0,15,A01
200800016552,0,7,0,0,2,7,13,A01
200800016552,0,10,0,0,2,1,1,B02
200800016553,0,7,0,0,1,2,16,A01
200800016554,0,7,0,0,1,1,1,A01
200800016555,0,33,0,12,0,1,1,A01
200800016556,0,10,0,2,0,2,1,A01
200800016557,0,17,0,0,0,8,13,A01
200800016558,0,7,0,0,2,1,2,A01
200800016558,0,17,0,0,0,5,2,B02
200800016559,0,15,0,6,0,1,1,A01
200800016560,0,17,0,0,2,8,17,A01
200800016560,0,7,0,0,2,7,1,B02
200800016561,0,10,0,0,2,5,9,A01
200800016561,0,1,0,0,0,1,1,B02
200800016562,0,7,0,4,0,9,1,A01
200800016563,0,10,0,0,2,1,1,A01
200800016563,0,10,0,0,0,4,2,B02
200800016564,0,7,0,0,2,3,1,A01
200800016564,0,7,0,0,2,2,15,B02
200800016564,0,7,0,0,2,3,23,C03
200800016565,0,7,0,0,2,3,13,A01
200800016565,0,7,0,0,2,3,1,B02
200800016566,0,31,0,0,2,1,1,A01
200800016566,0,7,0,0,2,2,2,B02
200800016567,0,7,0,0,2,2,15,A01
200800016567,0,2,0,0,2,1,1,B02
200800016568,0,7,0,0,2,2,1,A01
200800016568,0,7,0,0,2,3,1,B02
200800016569,0,7,0,6,0,2,1,A01
200800016570,0,7,0,13,0,1,1,A01
200800016571,0,7,0,13,0,1,1,A01
200800016572,0,7,0,0,2,2,1,B02
200800016572,0,7,0,0,2,3,9,A01
200800016573,0,7,0,0,2,3,1,A01
200800016573,0,33,0,0,2,1,13,B02
200800016574,0,33,0,0,2,3,1,A01
200800016574,0,7,0,0,2,3,1,B02
200800016575,0,2,0,0,2,1,13,A01
200800016575,2,7,0,0,2,3,1,B02
200800016575,0,33,0,0,2,5,1,C03
200800016576,0,7,0,0,2,1,2,A01
200800016576,0,7,0,0,2,4,1,B02
200800016577,0,7,0,13,0,2,1,A01
200800016578,0,30,0,0,2,3,1,A01
200800016578,0,10,0,0,2,3,19,B02
200800016579,0,7,0,0,1,6,4,A01
200800016580,0,7,0,0,0,3,1,A01
200800016580,0,1,0,0,2,3,13,B02
200800016581,0,7,0,0,2,3,9,A01
200800016581,0,7,0,0,2,2,1,B02
200800016582,0,7,0,14,0,2,1,A01
200800016583,0,30,0,0,2,1,5,A01
200800016583,0,7,0,0,2,3,1,B02
200800016584,0,33,0,0,2,2,1,A01
200800016584,0,13,0,0,2,3,1,B02
200800016585,0,7,0,0,2,1,1,A01
200800016585,0,3,0,0,2,1,13,B02
200800016586,0,7,0,2,0,3,13,A01
200800016587,0,7,0,4,0,3,1,A01
200800016588,0,7,0,0,2,1,13,A01
200800016588,0,10,0,0,2,1,1,B02
200800016589,0,33,0,0,0,0,1,A01
200800016589,0,7,0,0,9,1,1,B02
200800016590,0,7,0,0,2,3,13,A01
200800016590,0,7,0,0,2,3,1,B02
200800016591,0,7,0,0,2,1,1,A01
200800016591,0,14,0,0,2,1,1,B02
200800016592,0,31,0,0,0,2,1,A01
200800016593,0,33,0,13,0,1,1,A01
200800016594,0,7,0,8,0,1,1,A01
200800016594,0,7,0,8,0,1,1,B02
200800016595,0,7,0,13,0,1,1,A01
200800016596,0,17,0,16,0,7,1,A01
200800016597,0,7,0,0,1,2,1,A01
200800016598,0,7,0,0,2,1,1,A01
200800016598,0,7,0,0,2,2,15,B02
200800016599,0,10,0,0,2,1,13,A01
200800016599,0,7,0,0,2,3,1,B02
200800016600,0,3,0,13,0,3,1,A01
200800016601,0,7,0,0,2,1,13,A01
200800016601,0,7,0,0,2,1,1,B02
200800016602,0,30,0,0,2,1,1,A01
200800016602,0,7,0,0,2,3,15,B02
200800016603,0,2,0,13,0,1,1,A01
200800016604,0,7,0,13,0,2,1,A01
200800016605,0,7,0,0,2,7,21,A01
200800016605,0,7,0,0,2,1,1,B02
200800016606,0,7,0,0,2,1,2,A01
200800016606,0,7,0,0,2,4,2,B02
200800016606,0,7,0,0,2,4,2,C03
200800016606,0,7,0,0,2,4,2,D04
200800016606,0,7,0,0,0,4,2,E05
200800016607,0,7,0,0,0,4,1,A01
200800016607,0,7,0,0,2,1,1,B02
200800016608,0,30,0,0,2,1,13,A01
200800016608,0,7,0,0,2,2,13,B02
200800016609,0,7,0,0,2,3,1,A01
200800016609,0,7,0,0,2,1,15,B02
200800016610,0,30,0,0,2,1,18,A01
200800016610,0,7,0,0,2,6,1,B02
200800016611,0,7,0,0,2,1,13,A01
200800016611,0,7,0,0,2,3,0,B02
200800016612,0,7,0,0,2,3,1,A01
200800016613,0,33,0,0,2,1,13,A01
200800016613,0,10,0,0,2,3,1,B02
200800016614,0,7,0,0,2,1,5,A01
200800016614,0,7,0,0,2,1,1,B02
200800016615,0,7,0,0,2,3,5,A01
200800016615,0,32,0,0,2,9,5,B02
200800016615,0,32,0,0,2,9,5,C03
200800016616,0,7,0,13,0,3,1,A01
200800016617,0,7,0,0,0,0,1,A01
200800016617,0,1,0,0,2,1,9,B02
200800016618,0,7,0,13,0,2,21,A01
200800016619,0,30,0,8,0,1,1,A01
200800016620,0,30,0,0,2,1,1,A01
200800016620,0,7,0,0,0,7,0,B02
200800016621,0,7,0,0,2,1,15,A01
200800016621,0,99,0,0,2,8,1,B02
200800016622,0,7,0,0,1,3,1,A01
200800016623,0,13,0,0,2,8,15,A01
200800016623,0,2,0,12,2,2,17,B02
200800016624,0,7,0,0,1,3,23,A01
200800016624,0,7,0,0,1,5,1,B02
200800016625,0,13,0,0,2,3,13,A01
200800016625,0,7,0,0,2,3,1,B02
200800016626,0,33,0,0,0,0,1,A01
200800016627,0,7,0,0,2,1,2,A01
200800016627,0,7,0,0,0,4,23,B02
200800016628,0,33,0,13,0,1,1,A01
200800016629,0,7,0,0,2,1,19,B02
200800016629,0,1,0,0,2,7,1,A01
200800016630,0,33,0,13,0,1,1,A01
200800016631,0,7,0,2,0,2,1,A01
200800016632,0,7,0,0,2,2,19,A01
200800016632,0,7,0,0,2,3,1,B02
200800016633,0,7,0,0,2,1,1,A01
200800016633,0,7,0,0,2,1,6,B02
200800016634,0,7,0,0,2,3,15,A01
200800016634,0,30,0,0,2,3,1,B02
200800016635,0,7,0,0,2,1,5,A01
200800016635,0,7,0,0,2,1,1,B02
200800016636,0,31,0,0,2,4,1,A01
200800016637,0,37,0,0,2,1,1,B02
200800016637,0,7,0,0,2,7,1,A01
200800016638,0,7,0,0,2,7,17,A01
200800016638,0,7,0,0,2,1,1,B02
200800016639,0,7,0,0,1,4,4,A01
200800016640,0,30,0,0,2,1,17,A01
200800016640,0,10,0,0,2,3,19,B02
200800016641,0,3,0,0,1,2,1,A01
200800016642,0,7,0,2,0,1,19,A01
200800016643,0,7,0,2,0,3,1,A01
200800016644,0,7,0,0,2,3,1,A01
200800016644,0,7,0,0,2,3,1,B02
200800016645,0,10,0,0,1,1,1,A01
200800016646,0,1,0,12,0,1,1,A01
200800016647,0,7,0,0,2,3,13,A01
200800016647,0,17,0,0,2,1,1,B02
200800016648,0,7,0,8,0,1,14,A01
200800016649,0,7,0,0,0,7,15,A01
200800016649,0,7,0,0,2,1,1,B02
200800016650,0,7,0,0,2,1,13,A01
200800016650,0,7,0,0,2,1,1,B02
200800016651,0,33,0,0,9,1,1,A01
200800016652,0,7,0,2,0,1,1,A01
200800016653,0,33,0,0,2,2,17,A01
200800016653,0,7,0,0,2,8,15,B02
200800016654,1,7,0,0,0,0,0,A01
200800016655,0,7,0,0,1,4,4,A01
200800016656,0,7,0,6,0,3,19,A01
200800016657,0,30,0,9,0,1,1,A01
200800016658,0,7,0,6,2,3,13,A01
200800016658,0,10,0,0,2,3,1,B02
200800016659,0,7,0,2,0,1,1,A01
200800016660,0,7,0,0,2,3,10,A01
200800016660,0,33,0,0,2,7,1,B02
200800016661,0,14,0,2,0,3,1,A01
200800016662,0,7,0,13,0,2,1,A01
200800016663,0,7,0,0,2,7,15,A01
200800016663,0,30,0,0,2,1,1,B02
200800016664,0,7,0,2,0,1,1,A01
200800016665,0,7,0,6,0,1,14,A01
200800016666,0,7,0,13,0,9,1,A01
200800016667,0,7,0,13,2,2,1,A01
200800016667,0,10,0,0,0,2,1,B02
200800016668,0,7,0,13,0,2,1,A01
200800016669,0,17,0,3,0,7,1,A01
200800016670,0,7,0,0,2,1,13,A01
200800016670,0,7,0,0,2,1,0,B02
200800016671,0,7,0,2,0,1,1,A01
200800016672,0,7,0,13,0,1,1,A01
200800016673,0,7,0,0,2,3,15,B02
200800016673,0,33,0,0,2,1,1,A01
200800016674,0,7,0,16,0,9,14,A01
200800016675,0,7,0,0,2,8,13,A01
200800016675,0,7,0,2,2,2,17,B02
200800016676,0,7,0,0,0,2,14,A01
200800016677,0,7,0,12,0,1,1,A01
200800016678,0,7,0,2,0,3,14,A01
200800016679,0,7,0,0,2,3,13,A01
200800016679,0,7,0,0,2,3,1,B02
200800016680,0,7,0,2,2,2,1,A01
200800016680,0,7,0,2,2,5,19,B02
200800016681,0,7,0,0,2,3,1,B02
200800016681,0,14,0,0,2,3,1,A01
200800016682,0,33,0,12,0,1,1,A01
200800016683,1,10,0,0,2,2,0,A01
200800016683,0,30,0,0,0,8,1,B02
200800016684,0,7,0,2,0,2,1,A01
200800016685,0,7,0,2,0,1,1,A01
200800016686,0,7,0,13,0,9,15,A01
200800016687,0,7,0,0,2,2,1,A01
200800016687,0,31,0,0,2,1,1,B02
200800016688,0,7,0,0,2,8,15,B02
200800016688,0,7,0,0,2,1,1,A01
200800016689,0,7,0,0,2,5,15,A01
200800016689,0,2,0,0,2,1,1,B02
200800016690,0,33,0,0,0,0,1,A01
200800016691,0,7,0,2,0,3,1,A01
200800016692,0,10,0,0,2,2,19,A01
200800016692,0,7,0,0,2,3,1,B02
200800016693,0,17,0,13,0,8,1,A01
200800016694,0,10,0,0,2,3,13,A01
200800016694,0,7,0,0,2,8,1,B02
200800016695,0,10,0,0,1,2,1,A01
200800016696,0,17,0,0,2,7,17,A01
200800016696,0,7,0,0,2,8,15,B02
200800016697,0,10,0,0,2,2,1,B02
200800016697,0,10,0,0,2,3,19,A01
200800016698,0,7,0,2,0,8,1,A01
200800016699,0,7,0,1,0,3,13,A01
200800016699,0,7,0,0,2,5,0,B02
200800016700,0,7,0,0,1,0,23,A01
200800016701,0,7,0,10,0,3,1,A01
200800016701,0,7,0,0,9,2,1,B02
200800016702,0,15,0,0,2,3,1,A01
200800016702,0,15,0,0,2,4,1,B02
200800016703,0,30,0,0,2,1,1,A01
200800016703,0,7,0,0,2,3,1,B02
200800016704,0,31,0,0,2,7,17,A01
200800016705,0,10,0,0,2,1,17,A01
200800016705,0,7,0,0,2,1,1,B02
200800016706,0,7,0,0,2,6,5,A01
200800016706,0,33,0,0,2,1,1,B02
200800016707,0,10,0,0,2,3,0,A01
200800016707,0,2,0,0,2,1,0,B02
200800016708,0,7,0,8,0,9,1,A01
200800016709,0,7,0,0,0,9,1,A01
200800016710,0,7,0,2,0,8,1,A01
200800016711,0,7,0,13,0,2,1,A01
200800016712,0,10,0,0,2,3,15,A01
200800016712,0,7,0,0,2,8,24,B02
200800016712,0,7,0,0,2,1,1,C03
200800016712,0,7,0,0,2,3,24,D04
200800016713,0,7,0,0,2,1,15,A01
200800016713,0,30,0,0,2,1,1,B02
200800016714,0,33,0,10,0,1,0,A01
200800016715,0,7,0,13,0,1,1,A01
200800016716,0,7,0,0,9,2,1,A01
200800016716,0,1,0,0,2,6,19,B02
200800016717,0,32,0,13,0,1,19,A01
200800016718,0,7,0,0,2,6,1,A01
200800016718,0,7,0,0,2,3,1,B02
200800016719,0,7,0,0,9,7,15,A01
200800016719,0,1,0,0,2,1,15,B02
200800016720,0,13,0,0,2,2,15,A01
200800016720,0,7,0,0,2,2,1,B02
200800016721,0,7,0,0,2,1,13,A01
200800016721,0,7,0,0,2,1,1,B02
200800016722,0,10,0,0,1,2,1,A01
200800016723,0,33,0,0,2,3,13,A01
200800016723,0,17,0,0,2,6,1,B02
200800016724,0,7,0,0,2,1,15,A01
200800016724,0,7,0,0,2,1,1,B02
200800016725,0,7,0,0,2,3,19,A01
200800016725,0,38,0,0,2,3,1,B02
200800016726,0,7,0,0,2,3,13,A01
200800016726,0,38,0,0,2,3,1,B02
200800016727,0,7,0,0,0,0,15,A01
200800016727,0,2,0,0,0,0,16,B02
200800016728,0,1,0,0,2,7,19,A01
200800016728,0,7,0,0,9,1,1,B02
200800016729,0,10,0,0,1,2,1,A01
200800016730,0,7,0,6,0,1,1,A01
200800016731,0,7,0,0,2,4,13,A01
200800016731,0,7,0,0,2,1,1,B02
200800016732,0,7,0,0,0,0,1,A01
200800016733,0,1,0,0,2,1,1,B02
200800016733,0,7,0,0,2,7,1,A01
200800016734,0,7,0,0,9,2,2,A01
200800016734,0,1,0,0,2,4,2,B02
200800016735,0,7,0,2,0,1,14,A01
200800016736,0,30,0,7,0,1,1,A01
200800016737,0,33,0,0,0,0,1,A01
200800016738,0,7,0,15,2,7,1,A01
200800016738,0,7,0,0,2,1,1,B02
200800016739,0,7,0,0,1,1,19,A01
200800016740,0,33,0,0,2,1,1,A01
200800016740,0,7,0,0,0,4,13,B02
200800016741,0,7,0,0,2,2,1,A01
200800016741,0,31,0,0,2,4,13,B02
200800016742,0,7,0,2,0,1,1,A01
200800016743,0,7,0,0,0,1,1,A01
200800016743,0,7,0,0,0,8,1,B02
200800016744,0,7,0,0,0,3,13,A01
200800016744,0,7,0,0,0,3,1,B02
200800016745,0,7,0,0,1,2,1,A01
200800016746,0,10,0,13,0,1,1,A01
200800016747,0,7,0,0,2,1,15,A01
200800016747,0,33,0,0,2,7,1,B02
200800016748,0,7,0,0,0,7,10,A01
200800016748,0,33,0,0,2,1,1,B02
200800016749,0,17,0,0,0,7,16,A01
200800016750,0,7,0,0,0,1,19,A01
200800016751,0,33,0,0,2,1,1,A01
200800016751,0,14,0,0,0,8,19,B02
200800016752,0,7,0,0,2,1,1,A01
200800016752,0,7,0,0,2,7,19,B02
200800016753,0,7,0,8,0,1,13,A01
200800016754,0,7,0,0,2,1,1,A01
200800016754,0,7,0,0,2,3,1,B02
200800016755,0,7,0,0,2,1,13,A01
200800016755,0,10,0,0,2,1,1,B02
200800016756,0,7,0,10,0,1,1,A01
200800016757,0,7,0,2,0,1,1,A01
200800016758,0,7,0,0,2,1,17,A01
200800016758,0,10,0,0,2,2,1,B02
200800016759,0,7,0,0,2,7,13,A01
200800016759,0,10,0,0,2,1,1,B02
200800016760,0,7,0,10,2,1,17,A01
200800016760,0,7,0,0,2,3,15,B02
200800016761,0,7,0,0,2,3,15,A01
200800016761,0,7,0,0,2,1,13,B02
200800016762,0,7,0,0,2,8,19,A01
200800016762,0,33,0,0,2,1,1,B02
200800016763,0,7,0,0,2,3,1,A01
200800016763,0,30,0,0,2,1,13,B02
200800016764,0,7,0,1,0,1,1,A01
200800016765,0,7,0,12,0,2,1,A01
200800016766,0,33,0,0,2,8,1,A01
200800016766,0,7,0,0,2,8,1,B02
200800016766,0,7,0,0,2,8,1,C03
200800016767,0,7,0,0,1,8,1,A01
200800016768,0,7,0,8,2,8,1,A01
200800016768,0,7,0,0,2,8,1,B02
200800016769,0,10,0,0,2,1,1,A01
200800016769,0,7,0,13,0,4,13,B02
200800016770,0,7,0,0,0,0,1,A01
200800016771,0,7,0,0,2,1,13,A01
200800016771,0,7,0,0,2,1,1,B02
200800016771,0,7,0,0,2,1,1,C03
200800016772,0,10,0,0,2,1,13,A01
200800016772,0,7,0,0,2,3,1,B02
200800016773,0,7,0,0,0,1,1,A01
200800016773,0,7,0,0,0,1,0,B02
200800016774,0,7,0,0,2,1,1,A01
200800016774,0,7,0,0,2,1,13,B02
200800016774,0,7,0,0,2,3,16,C03
200800016775,0,7,0,0,2,3,1,A01
200800016775,0,7,0,0,2,3,1,B02
200800016776,0,1,0,14,9,1,1,A01
200800016776,0,33,0,0,9,1,1,B02
200800016777,0,7,0,0,2,1,13,A01
200800016777,0,15,0,0,2,1,1,B02
200800016778,0,7,0,0,2,2,13,A01
200800016778,0,7,0,0,2,2,1,B02
200800016779,0,7,0,0,2,1,15,A01
200800016779,0,2,0,0,2,1,1,B02
200800016780,0,7,0,0,2,3,13,A01
200800016780,0,7,0,0,2,3,1,B02
200800016781,0,7,0,0,2,8,17,A01
200800016781,0,7,0,0,2,1,1,B02
200800016782,0,7,0,0,2,1,1,A01
200800016782,0,7,0,0,0,2,1,B02
200800016783,0,10,0,0,2,1,1,A01
200800016783,0,7,0,0,0,1,1,B02
200800016784,0,30,0,2,0,1,1,A01
200800016785,0,7,0,0,9,2,17,A01
200800016785,0,2,0,0,2,8,15,B02
200800016786,0,7,0,0,2,1,1,B02
200800016786,0,33,0,0,2,2,1,A01
200800016787,0,10,0,0,2,1,13,A01
200800016787,0,7,0,0,2,1,1,B02
200800016788,0,7,0,15,0,3,1,A01
200800016789,0,7,0,0,0,2,1,A01
200800016790,0,7,0,0,2,1,13,A01
200800016790,0,10,0,0,2,3,1,B02
200800016791,0,7,0,13,2,1,21,A01
200800016791,0,7,0,16,2,4,17,B02
200800016792,0,7,0,13,0,9,14,A01
200800016793,0,2,0,0,2,8,1,A01
200800016794,0,7,0,0,2,1,5,A01
200800016794,0,20,0,0,2,1,21,B02
200800016794,0,7,0,0,2,4,24,C03
200800016795,0,7,0,2,0,2,1,A01
200800016796,0,7,0,0,2,7,1,A01
200800016796,0,7,0,0,2,1,1,B02
200800016797,0,7,0,0,2,3,1,A01
200800016797,0,31,0,0,2,4,1,B02
200800016797,0,7,0,0,1,1,1,C03
200800016798,0,7,0,0,2,8,1,A01
200800016798,1,7,0,0,2,0,1,B02
200800016799,0,7,0,0,2,1,1,A01
200800016799,0,7,0,0,2,7,13,B02
200800016800,0,7,0,0,2,3,13,A01
200800016800,0,7,0,0,2,3,1,B02
200800016800,0,7,0,0,2,3,1,C03
200800016801,0,7,0,0,2,1,1,A01
200800016801,0,7,0,0,2,2,13,B02
200800016802,0,7,0,13,0,3,5,A01
200800016803,0,2,0,0,2,1,6,A01
200800016803,0,7,0,0,0,1,1,B02
200800016804,0,10,0,0,2,1,13,A01
200800016804,0,17,0,0,2,1,1,B02
200800016805,0,33,0,0,0,7,1,A01
200800016806,0,7,0,0,2,3,15,A01
200800016806,0,2,0,0,2,1,1,B02
200800016807,0,7,0,0,9,3,1,A01
200800016807,0,30,0,0,2,1,1,B02
200800016808,0,7,0,0,2,1,17,A01
200800016808,0,7,0,0,2,6,2,B02
200800016808,0,7,0,0,2,1,0,C03
200800016809,0,7,0,5,1,2,0,A01
200800016810,0,33,0,0,2,1,0,A01
200800016810,0,7,0,0,2,6,0,B02
200800016811,0,7,0,0,9,2,2,A01
200800016811,0,1,0,0,0,4,2,B02
200800016812,0,7,0,13,0,0,1,A01
200800016813,0,7,0,0,2,1,13,A01
200800016813,0,17,0,0,2,1,1,B02
200800016814,0,7,0,0,2,1,13,A01
200800016814,0,17,0,0,2,2,1,B02
200800016815,0,7,0,0,2,8,15,A01
200800016815,0,7,0,0,2,1,1,B02
200800016816,0,7,0,0,2,1,13,A01
200800016816,0,7,0,0,2,1,1,B02
200800016817,0,33,0,0,6,3,1,A01
200800016818,0,7,0,13,0,3,1,A01
200800016819,0,10,0,2,0,1,1,A01
200800016820,0,7,0,2,2,2,13,A01
200800016820,0,10,0,0,2,5,21,B02
200800016821,0,10,0,0,2,3,1,A01
200800016821,0,17,0,0,2,3,1,B02
200800016822,0,7,0,0,2,3,2,A01
200800016822,0,7,0,0,0,5,15,B02
200800016823,0,7,0,0,2,1,5,A01
200800016823,0,7,0,0,2,3,1,B02
200800016824,0,7,0,0,2,8,13,A01
200800016824,0,17,0,0,2,8,1,B02
200800016824,0,17,0,0,2,8,1,C03
200800016824,0,7,0,0,2,3,1,D04
200800016825,0,10,0,0,0,5,16,A01
200800016825,0,10,0,0,2,3,21,B02
200800016826,0,7,0,0,0,5,13,A01
200800016826,0,7,0,0,2,1,1,B02
200800016827,0,7,0,8,0,9,1,A01
200800016828,0,7,0,0,0,1,1,A01
200800016829,0,31,0,13,0,1,1,A01
200800016830,0,7,0,14,2,1,13,A01
200800016830,0,7,0,0,2,1,1,B02
200800016830,0,7,0,14,0,1,1,C03
200800016830,0,7,0,0,0,4,23,D04
200800016830,0,7,0,0,0,4,23,E05
200800016831,0,10,0,0,2,3,13,A01
200800016831,0,38,0,13,2,3,1,B02
200800016832,0,7,0,0,2,2,1,A01
200800016832,0,10,0,0,2,1,1,B02
200800016833,0,7,0,2,0,1,1,A01
200800016834,0,30,0,1,0,1,1,A01
200800016834,0,7,0,0,0,6,24,B02
200800016835,0,7,0,0,0,2,11,A01
200800016836,0,30,0,0,0,7,1,A01
200800016837,0,2,0,0,2,7,16,A01
200800016837,0,7,0,0,2,1,16,B02
200800016838,0,7,0,0,2,2,17,A01
200800016838,0,17,0,0,2,8,1,B02
200800016839,0,7,0,13,0,1,14,A01
200800016840,0,31,0,0,2,1,17,A01
200800016840,0,21,0,0,0,6,15,B02
200800016841,0,7,0,0,0,4,15,A01
200800016841,0,2,0,0,0,1,1,B02
200800016842,0,33,0,16,0,1,1,A01
200800016843,0,31,0,11,0,1,14,A01
200800016844,0,7,0,0,2,1,13,A01
200800016844,0,7,0,0,2,3,1,B02
200800016845,0,2,0,1,0,1,1,A01
200800016845,0,14,0,0,0,4,23,B02
200800016846,0,2,0,0,2,7,1,A01
200800016846,0,7,0,0,2,1,19,B02
200800016847,0,7,0,8,0,1,1,A01
200800016848,0,7,0,8,0,1,13,A01
200800016849,0,21,0,0,0,6,1,A01
200800016849,0,7,0,0,2,1,1,B02
200800016850,0,7,0,0,2,1,13,A01
200800016850,0,17,0,0,2,3,1,B02
200800016851,0,3,0,6,0,1,13,A01
200800016852,0,7,0,16,0,9,1,A01
200800016853,0,7,0,0,2,3,13,A01
200800016853,0,37,0,0,2,3,1,B02
200800016854,0,7,0,0,0,1,14,A01
200800016855,0,33,0,0,0,8,0,A01
200800016856,0,33,0,6,0,3,1,A01
200800016857,0,7,0,16,0,1,1,A01
200800016858,0,15,0,0,0,0,1,A01
200800016859,0,7,0,2,0,2,1,A01
200800016860,0,7,0,0,2,1,1,A01
200800016860,0,31,0,0,2,8,15,B02
200800016861,0,7,0,2,0,1,1,A01
200800016862,0,17,0,16,0,3,13,A01
200800016863,0,7,0,8,0,1,1,A01
200800016864,0,7,0,0,2,5,15,A01
200800016864,0,2,0,0,2,1,1,B02
200800016865,0,7,0,0,2,3,1,A01
200800016865,0,10,0,0,2,2,0,B02
200800016866,0,7,0,8,0,1,1,A01
200800016867,0,10,0,0,2,3,16,A01
200800016867,0,33,0,0,2,1,1,B02
200800016868,2,7,0,0,2,1,13,A01
200800016868,0,7,0,0,2,1,1,B02
200800016869,0,7,0,6,0,3,1,A01
200800016870,0,7,0,0,2,1,1,A01