Num_Acc,senc,catv,occutc,obs,obsm,choc,manv,num_veh
200800017236,0,7,0,0,2,3,1,A01
200800017236,0,7,0,0,2,5,23,B02
200800017236,0,7,0,0,2,4,23,C03
200800017237,0,7,0,7,0,1,1,A01
200800017238,0,7,0,3,0,1,0,A01
200800017239,0,7,0,0,2,1,2,A01
200800017239,0,7,0,0,0,4,2,B02
200800017240,0,15,0,4,0,3,13,A01
200800017241,0,2,0,3,0,2,1,A01
200800017242,0,7,0,4,0,1,1,A01
200800017243,0,7,0,0,2,1,13,A01
200800017243,0,14,0,0,2,1,1,B02
200800017244,0,7,0,6,0,1,11,A01
200800017244,0,7,0,0,1,3,11,B02
200800017245,0,7,0,3,0,1,16,A01
200800017246,0,7,0,4,0,3,1,A01
200800017247,0,7,0,3,0,2,17,A01
200800017248,0,7,0,0,0,6,2,A01
200800017248,0,7,0,0,2,4,2,B02
200800017248,0,7,0,0,2,1,0,C03
200800017249,0,7,0,4,0,2,14,A01
200800017250,0,10,0,4,2,7,1,A01
200800017250,0,7,0,4,2,8,1,B02
200800017251,0,17,0,3,0,1,2,A01
200800017252,0,7,0,3,0,9,1,A01
200800017253,0,10,0,0,2,8,13,A01
200800017253,0,99,0,0,2,3,1,B02
200800017254,0,7,0,0,2,1,1,A01
200800017254,0,17,0,0,2,4,1,B02
200800017255,0,7,0,13,0,2,13,A01
200800017256,0,7,0,4,0,3,1,A01
200800017257,0,7,0,4,0,1,17,A01
200800017258,0,33,0,0,2,1,13,A01
200800017258,0,7,0,0,2,1,1,B02
200800017259,0,7,0,2,0,1,1,A01
200800017260,0,7,0,0,1,2,1,A01
200800017261,0,7,0,13,0,1,0,A01
200800017262,0,7,0,3,0,1,1,A01
200800017263,0,7,0,0,2,1,1,A01
200800017263,0,7,0,0,2,7,1,B02
200800017264,0,14,0,0,2,1,2,A01
200800017264,0,31,0,0,2,4,2,B02
200800017265,0,7,0,0,2,1,15,B02
200800017265,0,2,0,0,2,1,1,A01
200800017266,0,7,0,0,2,3,19,A01
200800017266,0,33,0,0,2,8,1,B02
200800017267,0,10,0,6,0,1,13,A01
200800017268,0,7,0,13,0,1,14,A01
200800017269,0,30,0,12,0,1,1,A01
200800017270,0,7,0,0,2,2,17,A01
200800017270,0,7,0,0,2,6,15,B02
200800017271,0,7,0,8,0,0,1,A01
200800017272,0,33,0,14,0,0,1,A01
200800017273,0,7,0,4,0,3,1,A01
200800017274,0,7,0,0,2,2,1,A01
200800017274,0,7,0,0,2,3,17,B02
200800017275,0,30,0,0,2,4,1,A01
200800017275,0,30,0,0,2,1,1,B02
200800017276,0,10,0,13,0,1,17,A01
200800017276,0,1,0,0,0,0,16,B02
200800017277,0,7,0,13,0,1,1,A01
200800017278,0,7,0,0,2,8,19,B02
200800017278,0,7,0,0,2,1,1,A01
200800017279,0,10,0,0,2,1,16,A01
200800017279,0,17,0,0,2,3,1,B02
200800017280,0,99,0,13,0,2,11,A01
200800017281,0,10,0,0,2,2,17,A01
200800017281,0,7,0,0,2,8,15,B02
200800017282,0,30,0,0,2,3,13,A01
200800017282,0,7,0,0,2,3,1,B02
200800017283,0,7,0,0,0,1,1,A01
200800017284,0,7,0,13,0,1,14,A01
200800017285,0,7,0,0,2,2,19,A01
200800017285,0,7,0,0,2,1,1,B02
200800017286,0,14,0,0,2,3,1,A01
200800017286,0,7,0,0,2,3,13,B02
200800017287,0,7,0,0,2,3,15,A01
200800017287,0,7,0,0,2,1,1,B02
200800017288,0,33,0,0,2,1,13,A01
200800017288,0,7,0,0,2,3,1,B02
200800017289,0,33,0,13,0,1,1,A01
200800017290,0,7,0,13,0,9,1,A01
200800017291,0,7,0,0,2,3,20,A01
200800017291,0,1,0,0,2,1,1,B02
200800017292,0,10,0,0,2,2,1,A01
200800017292,0,7,0,0,2,3,9,B02
200800017293,0,33,0,0,2,7,1,A01
200800017293,0,7,0,0,2,3,1,B02
200800017294,0,17,0,6,0,5,1,A01
200800017295,0,99,0,2,0,1,1,A01
200800017296,0,7,0,13,0,3,1,A01
200800017297,0,33,0,16,0,3,14,A01
200800017298,0,7,0,0,2,1,1,A01
200800017298,0,14,0,0,2,4,15,B02
200800017299,0,7,0,8,0,2,14,A01
200800017300,0,7,0,0,0,9,14,A01
200800017301,0,30,0,1,0,8,13,A01
200800017302,0,7,0,0,2,3,1,A01
200800017302,0,31,0,0,2,1,1,B02
200800017303,0,14,0,0,0,2,0,A01
200800017304,0,7,0,0,2,3,1,A01
200800017304,0,10,0,0,2,1,1,B02
200800017305,0,7,0,0,2,7,19,A01
200800017305,0,2,0,0,2,1,1,B02
200800017306,0,7,0,0,2,1,1,A01
200800017306,0,7,0,0,2,8,19,B02
200800017307,0,7,0,2,0,3,14,A01
200800017308,0,33,0,0,2,6,1,A01
200800017308,0,7,0,0,2,6,0,B02
200800017309,0,21,0,0,2,4,1,A01
200800017309,0,30,0,0,2,1,1,B02
200800017310,0,7,0,0,0,3,13,A01
200800017310,0,10,0,0,0,6,1,B02
200800017310,0,7,0,0,0,8,1,C03
200800017310,0,7,0,0,0,2,1,D04
200800017311,0,7,0,13,0,1,13,A01
200800017312,0,7,0,13,0,1,1,A01
200800017313,0,7,0,0,0,3,13,A01
200800017313,0,7,0,0,0,3,1,B02
200800017314,0,7,0,0,2,3,1,A01
200800017314,0,7,0,0,2,2,19,B02
200800017315,0,7,0,0,2,3,13,A01
200800017315,0,10,0,0,2,3,1,B02
200800017316,0,2,0,0,2,8,13,A01
200800017316,0,7,0,0,2,3,23,B02
200800017317,0,10,0,13,0,3,1,A01
200800017318,0,7,0,0,2,3,1,A01
200800017318,0,7,0,0,2,3,1,B02
200800017318,0,7,0,0,2,3,1,C03
200800017319,0,7,0,0,0,4,15,A01
200800017319,0,7,0,0,2,3,17,B02
200800017320,0,7,0,0,2,1,1,A01
200800017320,0,37,0,0,2,8,19,B02
200800017321,0,7,0,0,2,0,0,A01
200800017321,0,7,0,0,2,0,0,B02
200800017321,0,7,0,0,2,1,1,C03
200800017322,0,7,0,0,2,2,15,A01
200800017322,0,7,0,0,2,2,1,B02
200800017323,0,7,0,0,0,3,13,A01
200800017323,0,7,0,0,0,3,0,B02
200800017324,0,7,0,0,2,1,2,A01
200800017324,0,7,0,0,2,4,2,B02
200800017325,0,10,0,0,2,1,2,A01
200800017325,0,7,0,0,2,8,2,B02
200800017326,0,7,0,0,2,1,15,A01
200800017326,0,7,0,0,2,1,1,B02
200800017327,0,10,0,0,1,2,1,A01
200800017328,0,7,0,0,2,7,15,A01
200800017328,0,7,0,0,2,1,1,B02
200800017329,0,7,0,0,2,8,15,A01
200800017329,0,33,0,0,2,1,1,B02
200800017330,0,33,0,12,0,1,1,A01
200800017331,0,7,0,0,0,2,19,A01
200800017331,0,7,0,0,2,1,1,B02
200800017332,0,33,0,0,0,3,0,A01
200800017333,0,21,0,0,2,8,15,A01
200800017333,0,30,0,0,2,1,17,B02
200800017334,0,33,0,0,6,1,1,A01
200800017335,0,7,0,0,2,5,1,A01
200800017335,0,7,0,0,2,1,1,B02
200800017336,0,7,0,0,2,3,13,A01
200800017336,0,15,0,0,2,3,1,B02
200800017337,0,7,0,0,0,3,17,A01
200800017338,0,7,0,6,0,7,15,A01
200800017339,0,33,0,0,2,2,13,A01
200800017339,0,7,0,0,2,2,1,B02
200800017340,0,7,0,0,0,1,17,A01
200800017340,0,7,0,0,2,1,1,B02
200800017341,0,33,0,7,0,1,1,A01
200800017342,0,15,0,0,0,1,1,A01
200800017343,0,10,0,16,0,7,1,A01
200800017344,0,7,0,0,1,3,1,A01
200800017345,0,30,0,0,2,7,17,A01
200800017346,0,7,0,0,2,2,19,A01
200800017346,0,7,0,0,2,1,1,C03
200800017346,0,7,0,0,2,8,1,D04
200800017346,0,7,0,0,2,6,1,E05
200800017347,0,7,0,0,2,1,1,A01
200800017347,0,30,0,11,0,1,1,B02
200800017348,0,7,0,8,0,3,1,A01
200800017349,0,10,0,0,2,2,1,A01
200800017349,0,36,0,0,2,7,15,B02
200800017350,0,7,0,0,1,1,1,A01
200800017351,0,7,0,0,2,1,15,A01
200800017351,0,33,0,0,2,1,1,B02
200800017352,0,16,0,2,0,0,0,A01
200800017353,0,7,0,0,0,0,1,A01
200800017353,0,7,0,0,2,8,15,B02
200800017354,0,7,0,0,2,2,1,A01
200800017354,0,7,0,0,2,3,15,B02
200800017355,0,33,0,0,0,0,1,A01
200800017356,0,10,0,0,9,7,1,A01
200800017356,0,1,0,0,2,1,13,B02
200800017357,0,33,0,8,2,2,2,A01
200800017357,0,7,0,0,2,5,2,B02
200800017358,0,7,0,0,2,3,17,A01
200800017358,0,34,0,0,2,5,17,B02
200800017359,0,33,0,0,2,1,17,A01
200800017359,0,7,0,0,2,3,1,B02
200800017360,0,3,0,0,2,1,1,A01
200800017360,0,7,0,0,2,2,15,B02
200800017361,0,7,0,13,0,0,14,A01
200800017362,0,7,0,0,2,3,5,A01
200800017362,0,7,0,0,2,3,5,B02
200800017363,0,7,0,0,0,8,1,A01
200800017363,0,1,0,0,2,8,1,B02
200800017364,0,7,0,0,2,8,1,A01
200800017364,0,7,0,0,2,1,1,B02
200800017365,0,33,0,0,2,2,13,A01
200800017365,0,7,0,0,2,3,1,B02
200800017366,0,33,0,12,0,0,0,A01
200800017367,0,7,0,0,1,2,13,A01
200800017368,0,33,0,0,0,0,1,A01
200800017369,0,7,0,0,1,4,4,A01
200800017370,0,7,0,0,0,0,1,A01
200800017371,0,14,0,0,2,3,5,A01
200800017371,0,15,0,0,2,1,1,B02
200800017371,0,7,0,0,2,1,1,C03
200800017372,0,1,0,0,0,0,2,A01
200800017373,0,33,0,0,2,1,1,A01
200800017373,0,33,0,0,2,1,1,B02
200800017373,0,33,0,0,2,1,6,C03
200800017374,0,33,0,0,2,1,13,A01
200800017374,0,33,0,0,2,2,1,B02
200800017374,0,33,0,0,2,2,1,C03
200800017375,0,7,0,0,2,8,9,A01
200800017375,0,14,0,0,2,1,1,B02
200800017376,0,7,0,0,2,4,13,A01
200800017376,0,7,0,0,0,0,1,B02
200800017377,0,7,0,0,9,3,19,A01
200800017377,0,33,0,0,2,1,1,B02
200800017378,0,17,0,0,0,8,0,A01
200800017379,0,10,0,0,2,1,1,A01
200800017379,0,7,0,0,0,4,1,B02
200800017379,0,7,0,0,0,4,1,C03
200800017380,0,7,0,0,0,6,1,A01
200800017380,0,10,0,0,2,3,1,B02
200800017381,0,14,0,0,2,3,15,A01
200800017381,0,7,0,0,2,2,1,B02
200800017382,0,7,0,0,2,5,15,A01
200800017382,0,33,0,0,2,1,1,B02
200800017383,0,7,0,0,1,2,1,A01
200800017384,0,1,0,0,2,2,13,A01
200800017384,0,7,0,0,2,2,1,B02
200800017385,0,7,0,0,2,3,13,A01
200800017385,0,7,0,0,2,3,1,B02
200800017386,0,10,0,0,1,3,15,A01
200800017387,0,7,0,0,2,7,15,A01
200800017387,0,7,0,0,2,1,1,B02
200800017388,0,31,0,0,2,2,17,A01
200800017388,0,10,0,0,2,3,15,B02
200800017389,0,10,0,13,0,1,1,A01
200800017390,0,33,0,8,0,1,15,A01
200800017391,0,30,0,0,0,9,1,A01
200800017392,0,7,0,0,0,7,1,A01
200800017393,0,7,0,0,2,1,1,A01
200800017393,0,7,0,0,2,3,1,B02
200800017394,0,32,0,0,2,1,17,A01
200800017394,0,7,0,0,2,3,15,B02
200800017395,0,7,0,13,0,1,16,A01
200800017396,0,7,0,2,0,1,1,A01
200800017397,0,31,0,10,0,7,14,A01
200800017398,0,7,0,0,2,3,1,A01
200800017398,0,7,0,0,2,1,1,B02
200800017399,0,33,0,3,0,1,2,A01
200800017400,0,7,0,0,2,7,13,A01
200800017400,0,7,0,0,2,1,1,B02
200800017401,0,10,0,0,2,7,1,A01
200800017401,0,33,0,0,2,8,0,B02
200800017402,0,7,0,0,2,6,17,A01
200800017402,0,33,0,0,2,2,17,B02
200800017403,0,1,0,0,2,1,13,A01
200800017403,0,7,0,0,2,3,1,B02
200800017404,0,7,0,0,1,1,1,A01
200800017405,0,30,0,0,2,7,17,A01
200800017405,0,10,0,0,2,8,15,B02
200800017406,1,7,0,0,1,2,0,A01
200800017407,0,10,0,0,2,7,1,A01
200800017407,0,10,0,0,2,1,1,B02
200800017408,0,7,0,0,2,5,4,A01
200800017408,0,7,0,0,2,2,1,B02
200800017409,0,7,0,2,0,1,13,A01
200800017410,0,33,0,0,2,2,2,A01
200800017410,0,7,0,0,0,6,1,B02
200800017411,0,10,0,0,2,3,9,A01
200800017411,0,31,0,0,0,7,0,B02
200800017412,0,10,0,0,0,0,17,A01
200800017412,0,7,0,13,0,9,17,B02
200800017413,0,7,0,0,0,0,0,A01
200800017413,0,99,0,0,0,4,2,B02
200800017414,0,7,0,0,2,3,10,A01
200800017414,0,7,0,0,2,1,1,B02
200800017415,0,7,0,0,2,1,17,A01
200800017415,0,7,0,0,2,1,1,B02
200800017415,0,7,0,0,2,2,1,C03
200800017415,0,14,0,0,2,7,1,D04
200800017416,0,7,0,0,2,1,17,A01
200800017416,0,7,0,0,2,3,15,B02
200800017417,0,33,0,0,2,1,13,A01
200800017417,0,13,0,0,2,3,1,B02
200800017418,0,7,0,0,2,3,13,A01
200800017418,0,7,0,0,2,3,1,B02
200800017419,0,10,0,13,0,2,21,A01
200800017420,0,7,0,0,2,2,1,A01
200800017420,0,1,0,0,0,4,1,B02
200800017421,0,10,0,2,0,2,14,A01
200800017422,0,7,0,0,2,8,19,A01
200800017422,0,7,0,0,2,2,1,B02
200800017423,0,7,0,13,0,1,1,A01
200800017424,0,30,0,0,0,1,1,A01
200800017425,0,7,0,0,0,6,1,A01
200800017425,0,33,0,0,2,1,2,B02
200800017426,0,7,0,0,2,6,15,A01
200800017426,0,33,0,0,2,2,2,B02
200800017427,0,7,0,0,2,3,1,A01
200800017427,0,14,0,0,2,8,1,B02
200800017428,0,7,0,2,0,3,1,A01
200800017429,0,7,0,8,0,1,1,A01
200800017430,0,7,0,13,0,3,1,A01
200800017431,0,2,0,13,0,1,0,A01
200800017432,0,7,0,0,2,8,9,A01
200800017432,0,31,0,0,2,1,2,B02
200800017433,0,7,0,0,2,1,1,A01
200800017433,0,7,0,0,2,8,9,B02
200800017434,0,7,0,0,4,5,1,A01
200800017434,0,39,0,0,2,1,1,B02
200800017435,0,20,0,0,2,2,17,A01
200800017435,0,7,0,0,2,3,15,B02
200800017436,0,7,0,0,2,3,19,A01
200800017436,0,7,0,0,2,1,1,B02
200800017437,0,32,0,13,0,2,14,A01
200800017438,0,7,0,13,0,1,14,A01
200800017439,0,7,0,0,2,7,15,A01
200800017439,0,33,0,0,2,1,1,B02
200800017440,0,7,0,0,1,1,1,A01
200800017441,0,10,0,0,2,3,15,A01
200800017441,0,33,0,0,2,2,17,B02
200800017442,0,33,0,0,0,7,1,A01
200800017443,0,7,0,0,9,2,1,A01
200800017443,0,1,0,0,2,1,16,B02
200800017444,0,7,0,0,2,3,17,A01
200800017444,0,7,0,0,0,6,1,B02
200800017444,0,10,0,0,2,8,1,C03
200800017445,0,7,0,0,2,1,13,A01
200800017445,0,7,0,0,2,1,1,B02
200800017446,0,7,0,13,0,1,19,A01
200800017447,0,7,0,0,2,2,1,A01
200800017447,0,1,0,0,2,1,15,B02
200800017448,0,33,0,12,0,1,1,A01
200800017449,0,33,0,0,2,1,17,A01
200800017449,0,7,0,0,0,4,13,B02
200800017450,0,1,0,0,2,3,19,A01
200800017450,0,7,0,0,9,3,1,B02
200800017451,0,30,0,0,0,0,1,A01
200800017452,0,7,0,13,0,7,1,A01
200800017453,0,7,0,2,0,1,0,A01
200800017454,0,10,0,2,0,1,1,A01
200800017455,0,10,0,13,0,1,1,A01
200800017456,0,7,0,2,0,8,1,A01
200800017457,0,7,0,0,2,2,15,A01
200800017457,0,33,0,0,2,1,1,B02
200800017458,0,7,0,0,2,3,17,A01
200800017458,0,7,0,0,2,1,1,B02
200800017459,0,7,0,2,0,3,21,A01
200800017460,0,7,0,13,0,1,0,A01
200800017461,0,14,0,0,2,1,2,A01
200800017461,0,7,0,0,2,4,1,B02
200800017461,0,7,0,0,2,1,1,C03
200800017461,0,7,0,0,9,3,1,D04
200800017462,0,7,0,3,0,1,14,A01
200800017463,0,7,0,2,0,7,14,A01
200800017464,0,7,0,2,0,8,14,A01
200800017465,0,31,0,0,0,0,1,A01
200800017466,0,7,0,13,0,2,1,A01
200800017467,0,7,0,0,0,2,1,A01
200800017468,0,33,0,13,0,3,1,A01
200800017469,1,7,0,0,2,3,15,A01
200800017469,0,30,0,0,2,1,1,B02
200800017470,0,14,0,0,0,0,15,A01
200800017471,0,7,0,10,0,7,1,A01
200800017472,0,7,0,0,2,8,1,A01
200800017472,0,7,0,0,2,1,1,B02
200800017473,0,7,0,0,2,1,2,A01
200800017473,0,7,0,0,0,4,15,B02
200800017474,0,7,0,0,1,1,1,A01
200800017475,0,7,0,0,2,3,13,A01
200800017475,0,7,0,0,2,3,1,B02
200800017476,0,10,0,0,2,2,21,A01
200800017476,0,7,0,0,2,8,23,B02
200800017476,0,13,0,0,2,6,23,C03
200800017476,0,7,0,0,2,3,1,D04
200800017477,0,7,0,2,0,2,1,A01
200800017478,0,1,0,0,2,1,1,A01
200800017478,0,10,0,0,9,1,1,B02
200800017479,0,7,0,13,0,1,17,A01
200800017480,0,7,0,0,2,3,1,A01
200800017480,0,7,0,0,2,3,13,B02
200800017481,0,7,0,0,1,1,1,A01
200800017482,0,7,0,0,2,1,1,A01
200800017482,0,7,0,0,2,1,5,B02
200800017483,0,7,0,0,2,1,13,A01
200800017483,0,7,0,0,2,1,1,B02
200800017484,0,7,0,0,2,3,13,A01
200800017484,0,10,0,0,2,3,1,B02
200800017485,0,33,0,0,0,7,16,A01
200800017486,0,30,0,0,2,7,1,A01
200800017486,1,7,0,0,2,1,15,B02
200800017487,0,7,0,0,2,2,1,A01
200800017487,0,99,0,0,2,7,19,B02
200800017488,0,7,0,0,2,3,1,A01
200800017488,0,7,0,0,2,3,1,B02
200800017489,0,33,0,0,9,1,1,A01
200800017489,0,1,0,0,2,1,1,B02
200800017490,0,7,0,0,2,1,1,A01
200800017490,0,20,0,0,2,1,15,B02
200800017491,0,7,0,0,0,9,21,A01
200800017492,0,7,0,0,2,3,17,A01
200800017492,0,14,0,0,2,3,1,B02
200800017492,0,7,0,0,0,4,1,C03
200800017492,0,10,0,0,2,1,1,D04
200800017493,0,7,0,13,0,1,2,A01
200800017494,0,7,0,0,2,1,5,A01
200800017494,0,17,0,0,2,3,5,B02
200800017495,0,7,0,0,2,1,13,A01
200800017495,0,7,0,0,2,3,1,B02
200800017496,0,33,0,0,2,1,1,A01
200800017496,0,33,0,0,2,7,1,B02
200800017496,0,7,0,0,1,3,1,C03
200800017497,0,31,0,0,1,1,2,A01
200800017498,0,7,0,0,2,2,13,A01
200800017498,0,14,0,0,2,1,1,B02
200800017499,0,10,0,0,2,3,1,A01
200800017499,0,7,0,0,2,3,13,B02
200800017500,0,7,0,6,0,2,1,A01
200800017501,0,7,0,0,0,1,15,A01
200800017501,0,32,0,0,1,1,1,B02
200800017502,0,10,0,0,2,8,19,A01
200800017502,0,33,0,0,2,1,1,B02
200800017503,0,7,0,2,0,1,1,A01
200800017504,0,7,0,0,2,2,19,A01
200800017504,0,7,0,0,2,3,1,B02
200800017505,0,14,0,0,0,1,2,A01
200800017506,0,33,0,2,0,1,1,A01
200800017507,0,30,0,0,0,8,1,A01
200800017507,0,30,0,2,0,1,15,B02
200800017508,0,33,0,13,0,9,1,A01
200800017509,0,7,0,0,2,7,1,A01
200800017509,0,30,0,0,2,1,19,B02
200800017510,0,7,0,0,2,3,15,A01
200800017510,0,31,0,0,2,1,1,B02
200800017511,0,1,0,0,2,7,1,A01
200800017511,0,10,0,0,2,1,19,B02
200800017512,0,7,0,8,0,1,1,A01
200800017513,0,33,0,0,2,1,1,A01
200800017513,0,7,0,0,2,3,9,B02
200800017514,0,7,0,0,2,3,6,A01
200800017514,0,31,0,0,2,8,1,B02
200800017515,0,1,0,8,0,1,1,A01
200800017516,0,33,0,0,2,8,1,A01
200800017516,0,7,0,0,2,6,1,B02
200800017516,0,7,0,0,2,1,1,C03
200800017517,0,7,0,0,2,3,15,A01
200800017517,0,33,0,0,2,9,17,B02
200800017518,0,7,0,0,1,2,1,A01
200800017519,0,30,0,0,2,1,1,A01
200800017519,0,7,0,0,0,5,15,B02
200800017520,0,30,0,0,2,1,1,A01
200800017520,0,7,0,0,0,3,16,B02
200800017521,0,7,0,0,1,1,15,A01
200800017522,0,7,0,13,0,9,13,A01
200800017523,0,7,0,0,2,1,13,A01
200800017523,0,31,0,0,2,1,1,B02
200800017524,0,7,0,0,2,3,13,A01
200800017524,0,7,0,0,2,3,1,B02
200800017524,0,7,0,0,2,1,1,C03
200800017525,0,2,0,7,0,7,1,A01
200800017526,0,15,0,6,0,1,1,A01
200800017527,0,7,0,0,2,2,17,A01
200800017527,0,7,0,0,2,6,13,B02
200800017528,0,7,0,0,2,1,13,A01
200800017528,0,7,0,0,2,3,1,B02
200800017529,0,33,0,0,2,2,1,A01
200800017529,0,10,0,0,2,3,15,B02
200800017530,0,7,0,0,1,2,1,A01
200800017531,0,10,0,2,0,1,1,A01
200800017532,0,99,0,0,0,0,9,A01
200800017532,0,30,0,0,2,0,21,B02
200800017533,0,7,0,0,2,1,13,A01
200800017533,0,7,0,0,2,1,1,B02
200800017534,0,7,0,2,0,8,14,A01
200800017535,0,7,0,0,2,3,0,A01
200800017535,0,7,0,0,2,3,0,B02
200800017536,0,7,0,0,2,8,17,A01
200800017536,0,33,0,0,2,7,17,B02
200800017537,0,2,0,0,2,1,2,A01
200800017537,0,7,0,0,2,4,23,B02
200800017538,0,7,0,0,2,3,13,A01
200800017538,0,7,0,0,2,3,1,B02
200800017539,0,10,0,16,0,9,0,A01
200800017540,0,32,0,0,2,1,17,A01
200800017540,0,30,0,0,2,8,15,B02
200800017541,0,7,0,0,2,3,1,A01
200800017541,0,7,0,0,2,3,13,B02
200800017542,0,10,0,0,2,0,15,A01
200800017542,0,33,0,0,2,0,1,B02
200800017543,0,10,0,0,0,4,10,A01
200800017543,0,31,0,0,2,1,1,B02
200800017544,0,33,0,13,0,7,1,A01
200800017545,0,7,0,0,2,3,17,A01
200800017545,0,31,0,0,2,0,1,B02
200800017545,0,7,0,0,0,0,0,C03
200800017546,0,33,0,0,2,7,17,A01
200800017546,0,7,0,0,2,1,1,B02
200800017547,0,7,0,1,1,1,24,A01
200800017548,0,1,0,0,0,0,0,A01
200800017549,0,33,0,0,2,1,1,A01
200800017549,0,10,0,0,2,3,15,B02
200800017550,0,7,0,0,2,1,2,A01
200800017550,0,7,0,0,0,5,2,B02
200800017551,0,14,0,0,2,8,1,A01
200800017552,0,7,0,0,9,2,1,B02
200800017552,0,1,0,0,2,1,19,A01
200800017553,0,33,0,0,2,8,13,A01
200800017553,0,7,0,0,2,3,1,B02
200800017554,0,2,0,13,0,7,1,A01
200800017555,0,33,0,0,2,1,1,A01
200800017555,0,7,0,0,2,4,15,B02
200800017556,0,7,0,2,0,1,1,A01
200800017557,0,7,0,9,0,1,0,A01
200800017558,0,7,0,0,2,8,1,A01
200800017558,0,7,0,0,2,1,13,B02
200800017559,0,7,0,0,0,9,1,A01
200800017560,0,7,0,0,2,3,13,A01
200800017560,0,7,0,0,2,1,13,B02
200800017561,0,7,0,0,2,1,1,A01
200800017561,0,7,0,0,2,1,1,B02
200800017562,0,7,0,13,0,2,1,A01
200800017563,0,7,0,2,0,2,1,A01
200800017564,0,7,0,0,2,6,15,A01
200800017564,0,33,0,0,2,1,17,B02
200800017565,0,7,0,0,1,1,17,A01
200800017566,0,33,0,3,0,8,1,A01
200800017567,0,31,0,0,2,8,16,A01
200800017567,0,7,0,0,2,8,0,B02
200800017568,1,7,0,0,1,3,1,A01
200800017569,0,7,0,0,2,3,13,A01
200800017569,0,7,0,0,2,3,1,B02
200800017570,0,7,0,0,2,1,5,A01
200800017570,0,7,0,0,2,1,1,B02
200800017571,0,21,0,13,0,0,16,A01
200800017572,0,7,0,2,0,1,1,A01
200800017573,0,31,0,0,2,1,2,A01
200800017573,0,7,0,0,2,4,2,B02
200800017574,0,10,0,8,0,1,14,A01
200800017575,0,30,0,0,2,1,1,A01
200800017575,0,7,0,0,2,5,15,B02
200800017576,0,33,0,16,0,0,1,A01
200800017577,0,33,0,0,2,1,13,A01
200800017577,0,7,0,0,0,8,1,B02
200800017578,0,7,0,0,2,3,19,A01
200800017578,0,2,0,0,2,1,1,B02
200800017579,0,7,0,7,0,1,1,A01
200800017580,2,7,0,13,0,1,1,A01
200800017581,0,21,0,0,2,7,15,A01
200800017581,0,33,0,0,2,1,1,B02
200800017582,0,7,0,0,2,7,5,A01
200800017582,0,7,0,0,2,7,1,B02
200800017583,0,7,0,2,0,7,1,A01
200800017584,0,7,0,0,2,1,1,A01
200800017584,0,7,0,0,2,1,1,B02
200800017585,0,7,0,16,2,3,13,A01
200800017585,0,99,0,0,2,8,1,B02
200800017586,0,7,0,4,0,3,1,A01
200800017587,0,7,0,0,2,2,1,A01
200800017587,0,7,0,0,2,1,1,B02
200800017588,0,2,0,1,0,1,1,A01
200800017588,0,7,0,0,2,6,24,B02
200800017589,0,7,0,3,0,1,1,A01
200800017589,0,7,0,0,2,1,1,B02
200800017590,0,7,0,4,2,1,1,A01
200800017590,0,17,0,0,0,4,1,B02
200800017591,0,7,0,9,0,1,14,A01
200800017592,0,7,0,0,2,7,14,A01
200800017592,0,17,0,13,2,8,14,B02
200800017592,0,14,0,0,2,3,1,C03
200800017593,0,7,0,0,1,1,1,A01
200800017594,0,33,0,13,0,1,1,A01
200800017595,0,7,0,2,0,8,1,A01
200800017596,0,14,0,0,2,1,2,A01
200800017596,0,7,0,0,2,4,2,B02
200800017596,0,7,0,0,2,4,2,C03
200800017596,0,7,0,0,2,4,2,D04
200800017597,0,7,0,6,0,7,13,A01
200800017598,0,7,0,2,0,7,13,A01
200800017599,0,7,0,6,0,3,1,A01
200800017600,0,7,0,6,2,2,19,A01
200800017600,0,7,0,0,2,3,16,B02
200800017601,0,7,0,0,2,7,13,A01
200800017601,0,14,0,0,2,3,1,B02
200800017602,0,7,0,0,2,3,13,A01
200800017602,0,7,0,0,2,8,1,B02
200800017602,0,7,0,0,2,1,1,C03
200800017603,0,7,0,0,2,1,13,A01
200800017603,0,10,0,0,2,1,1,B02
200800017604,0,7,0,0,2,3,15,A01
200800017604,0,33,0,0,2,1,1,B02
200800017605,0,31,0,0,0,1,1,A01
200800017606,2,7,0,0,2,0,1,A01
200800017606,0,2,0,0,2,9,1,B02
200800017607,0,1,0,0,2,1,0,A01
200800017607,0,7,0,0,2,7,16,B02
200800017608,0,7,0,0,2,1,1,A01
200800017608,0,2,0,0,2,1,1,B02
200800017609,0,7,0,0,2,1,1,A01
200800017609,0,7,0,0,2,1,0,B02
200800017610,0,7,0,0,2,9,13,A01
200800017610,0,15,0,0,2,3,1,B02
200800017610,0,7,0,0,2,9,2,C03
200800017611,0,2,0,6,0,1,1,A01
200800017612,0,31,0,0,2,1,17,A01
200800017612,0,13,0,0,2,3,1,B02
200800017613,0,7,0,0,1,7,1,A01
200800017614,0,7,0,0,2,1,1,A01
200800017614,0,7,0,0,2,1,1,B02
200800017614,0,7,0,0,9,1,1,C03
200800017615,0,7,0,13,0,0,1,A01
200800017616,0,7,0,13,0,9,1,A01
200800017617,0,7,0,13,0,1,1,A01
200800017618,0,33,0,8,0,1,1,A01
200800017619,0,17,0,0,2,3,1,A01