Num_Acc,senc,catv,occutc,obs,obsm,choc,manv,num_veh
200800017619,0,7,0,0,2,7,19,B02
200800017620,0,7,0,0,2,3,15,A01
200800017620,0,2,0,0,2,8,1,B02
200800017621,0,7,0,0,2,8,13,A01
200800017621,0,33,0,0,2,7,17,B02
200800017622,0,7,0,0,1,7,1,A01
200800017623,0,7,0,6,0,1,0,A01
200800017624,0,99,0,13,0,3,0,A01
200800017625,0,7,0,0,0,9,14,A01
200800017626,0,7,0,2,0,1,1,A01
200800017627,0,7,0,0,0,9,1,A01
200800017628,0,30,0,12,0,1,1,A01
200800017629,0,7,0,0,0,5,9,A01
200800017629,0,33,0,0,2,1,1,B02
200800017630,0,7,0,8,0,8,1,A01
200800017631,0,7,0,2,0,1,0,A01
200800017632,0,33,0,0,1,1,1,A01
200800017633,0,33,0,0,2,1,1,A01
200800017633,0,10,0,0,0,6,6,B02
200800017634,0,7,0,13,0,1,1,A01
200800017635,0,7,0,6,0,3,13,A01
200800017636,0,7,0,8,0,2,1,A01
200800017637,0,7,0,0,2,1,17,A01
200800017637,0,7,0,0,2,1,1,B02
200800017637,0,7,0,0,2,2,1,C03
200800017638,0,7,0,8,0,1,0,A01
200800017639,0,14,0,8,0,1,1,A01
200800017640,0,7,0,0,2,2,2,A01
200800017640,0,1,0,0,2,4,1,B02
200800017641,0,7,0,13,0,1,2,A01
200800017642,0,7,0,13,0,2,14,A01
200800017643,0,7,0,0,0,2,1,A01
200800017643,0,7,0,0,0,1,21,B02
200800017643,0,17,0,0,0,2,21,C03
200800017644,0,7,0,1,0,1,1,A01
200800017645,0,7,0,0,1,2,1,A01
200800017646,0,7,0,0,1,2,5,A01
200800017647,0,7,0,2,0,3,14,A01
200800017648,0,33,0,0,0,1,1,A01
200800017649,0,7,0,8,0,1,13,A01
200800017650,0,30,0,0,2,8,13,A01
200800017650,0,7,0,0,2,8,15,B02
200800017651,0,7,0,0,2,3,13,A01
200800017651,0,17,0,0,2,6,1,B02
200800017651,0,17,0,0,2,2,1,C03
200800017652,0,33,0,13,0,1,13,A01
200800017653,0,7,0,13,0,9,17,A01
200800017653,0,15,0,0,0,0,1,B02
200800017654,0,17,0,0,2,2,1,B02
200800017654,0,7,0,0,2,3,17,A01
200800017655,0,7,0,0,2,1,5,A01
200800017655,0,15,0,0,2,1,1,B02
200800017656,0,15,0,0,1,7,1,A01
200800017657,0,7,0,0,2,1,5,A01
200800017657,0,7,0,0,2,1,1,B02
200800017658,0,30,0,1,0,1,21,A01
200800017658,0,38,0,0,0,6,24,B02
200800017659,0,7,0,0,2,7,20,A01
200800017659,0,30,0,1,0,1,14,B02
200800017660,0,13,0,0,2,1,15,A01
200800017660,0,7,0,0,2,1,1,B02
200800017661,0,31,0,0,5,1,1,A01
200800017662,0,7,0,0,1,1,1,A01
200800017663,0,10,0,13,2,5,17,A01
200800017663,0,10,0,0,2,3,1,B02
200800017664,0,17,0,0,0,1,1,A01
200800017665,0,33,0,12,0,7,1,A01
200800017666,0,7,0,0,2,1,15,A01
200800017666,0,7,0,0,2,3,1,B02
200800017666,0,7,0,0,2,3,23,C03
200800017667,0,7,0,0,2,3,15,A01
200800017667,0,33,0,0,2,1,1,B02
200800017668,0,7,0,6,0,1,17,A01
200800017668,0,21,0,0,0,0,15,B02
200800017669,0,7,0,2,0,3,13,A01
200800017670,0,7,0,0,2,7,1,A01
200800017670,0,2,0,0,2,1,1,B02
200800017671,0,33,0,0,0,0,2,A01
200800017671,0,33,0,0,0,0,2,B02
200800017672,0,7,0,2,0,1,13,A01
200800017673,0,7,0,2,0,1,16,A01
200800017674,0,7,0,7,0,3,0,A01
200800017675,0,7,0,2,0,2,13,A01
200800017676,0,7,0,0,2,1,13,A01
200800017676,0,7,0,0,2,1,1,B02
200800017677,0,7,0,13,0,9,1,A01
200800017678,0,7,0,0,1,2,1,A01
200800017679,0,7,0,0,1,1,1,A01
200800017680,0,7,0,13,0,1,1,A01
200800017681,0,30,0,0,2,8,19,B02
200800017681,0,7,0,0,9,2,1,A01
200800017682,0,7,0,6,0,7,1,A01
200800017683,0,2,0,0,2,1,15,A01
200800017683,0,15,0,0,2,1,5,B02
200800017684,0,7,0,0,1,5,1,A01
200800017685,0,7,0,0,1,1,1,A01
200800017686,0,7,0,8,0,9,1,A01
200800017687,0,7,0,13,0,1,1,A01
200800017688,0,7,0,0,2,8,15,A01
200800017688,0,33,0,0,2,1,17,B02
200800017689,0,7,0,0,2,7,13,A01
200800017689,0,7,0,0,2,1,23,B02
200800017690,0,32,0,12,0,1,1,A01
200800017691,0,7,0,0,0,2,13,A01
200800017691,0,2,0,0,0,6,15,B02
200800017692,0,7,0,0,2,8,15,A01
200800017692,0,7,0,0,2,1,1,B02
200800017693,0,7,0,16,0,1,0,A01
200800017694,0,7,0,0,2,1,1,A01
200800017694,0,7,0,0,2,8,19,B02
200800017695,0,7,0,0,1,3,1,A01
200800017696,0,14,0,0,2,1,1,A01
200800017696,0,17,0,0,2,4,1,B02
200800017697,0,7,0,0,0,2,0,A01
200800017697,0,1,0,0,0,4,1,B02
200800017698,0,7,0,16,0,9,1,A01
200800017699,0,7,0,0,2,3,13,A01
200800017699,0,17,0,0,2,3,1,B02
200800017700,0,33,0,8,0,2,1,A01
200800017701,0,7,0,2,0,1,14,A01
200800017702,0,7,0,0,9,2,1,A01
200800017702,0,1,0,0,2,2,19,B02
200800017703,0,7,0,0,2,1,13,A01
200800017703,0,14,0,0,2,3,0,B02
200800017704,0,7,0,0,2,1,19,A01
200800017704,0,33,0,0,2,7,1,B02
200800017705,0,7,0,0,2,3,15,A01
200800017705,0,2,0,0,2,1,1,B02
200800017706,0,7,0,2,0,2,1,A01
200800017707,0,10,0,0,2,3,1,A01
200800017707,0,1,0,0,2,7,19,B02
200800017708,0,33,0,0,2,1,1,A01
200800017708,0,31,0,0,2,3,15,B02
200800017709,0,7,0,2,0,0,1,A01
200800017710,0,7,0,0,2,3,1,A01
200800017710,0,7,0,0,2,3,1,B02
200800017711,0,7,0,0,2,1,1,A01
200800017711,0,17,0,0,2,8,15,B02
200800017712,0,7,0,0,0,2,15,A01
200800017712,0,31,0,0,0,1,17,B02
200800017713,0,7,0,2,0,7,0,A01
200800017714,0,2,0,0,2,1,17,A01
200800017714,0,7,0,0,2,3,15,B02
200800017715,0,30,0,0,2,4,1,A01
200800017715,0,7,0,0,2,3,1,B02
200800017716,0,30,0,0,2,1,1,A01
200800017716,0,7,0,0,0,5,10,B02
200800017717,0,33,0,0,6,1,0,A01
200800017718,0,7,0,2,0,1,1,A01
200800017719,0,33,0,0,0,0,2,A01
200800017720,0,31,0,0,0,0,15,A01
200800017721,0,30,0,0,2,3,6,A01
200800017721,0,14,0,0,2,3,1,B02
200800017722,0,7,0,6,0,1,1,A01
200800017723,0,7,0,8,0,2,1,A01
200800017724,0,7,0,0,2,2,0,A01
200800017724,0,7,0,0,2,2,0,B02
200800017725,0,2,0,0,2,0,16,A01
200800017725,0,7,0,0,0,3,1,B02
200800017726,0,30,0,0,2,1,5,A01
200800017726,0,7,0,0,2,3,1,B02
200800017727,0,30,0,0,2,3,15,A01
200800017727,0,7,0,0,2,2,1,B02
200800017728,0,30,0,0,1,1,1,A01
200800017729,0,7,0,0,1,1,1,A01
200800017730,0,7,0,2,0,1,14,A01
200800017731,0,30,0,8,0,0,0,A01
200800017732,0,7,0,0,0,0,21,A01
200800017733,0,7,0,0,1,4,4,A01
200800017734,0,7,0,2,0,2,1,A01
200800017735,0,2,0,0,1,1,1,A01
200800017736,0,7,0,0,2,4,15,A01
200800017736,0,2,0,0,2,1,1,B02
200800017737,0,31,0,0,2,1,1,A01
200800017737,0,7,0,0,2,3,9,B02
200800017738,0,10,0,0,2,3,1,A01
200800017738,0,7,0,0,2,1,1,B02
200800017739,0,7,0,0,2,7,15,A01
200800017739,0,33,0,0,2,1,1,B02
200800017740,0,7,0,0,2,7,15,A01
200800017740,0,33,0,0,2,1,1,B02
200800017741,0,7,0,0,0,5,15,A01
200800017741,0,2,0,0,0,2,1,B02
200800017742,0,7,0,0,2,3,1,A01
200800017742,0,7,0,0,0,3,13,B02
200800017743,0,7,0,0,2,6,1,B02
200800017743,0,7,0,0,2,1,1,A01
200800017744,0,33,0,3,0,8,13,A01
200800017745,0,7,0,0,2,7,1,B02
200800017745,0,7,0,0,2,1,1,A01
200800017746,0,7,0,0,2,1,13,A01
200800017746,0,7,0,0,2,1,1,B02
200800017747,0,7,0,9,0,2,1,A01
200800017748,0,31,0,13,0,1,14,A01
200800017749,0,35,0,0,0,3,0,A01
200800017750,0,10,0,0,2,3,13,A01
200800017750,0,7,0,0,2,3,1,B02
200800017751,0,33,0,0,2,1,1,A01
200800017751,0,7,0,0,2,3,10,B02
200800017752,0,7,0,2,0,1,1,A01
200800017753,0,7,0,0,0,9,1,A01
200800017754,0,7,0,0,2,2,15,B02
200800017754,0,10,0,0,2,2,1,A01
200800017755,0,7,0,13,0,5,10,A01
200800017755,0,10,0,0,2,3,1,B02
200800017756,0,7,0,2,0,7,1,A01
200800017757,0,7,0,2,0,3,1,A01
200800017758,0,30,0,16,0,1,1,A01
200800017759,0,7,0,0,2,1,13,A01
200800017759,0,7,0,0,2,3,19,B02
200800017760,0,10,0,0,2,1,1,A01
200800017760,0,7,0,0,2,9,15,B02
200800017760,0,7,0,0,2,3,1,C03
200800017761,0,10,0,0,2,7,1,B02
200800017761,0,10,0,0,2,1,1,A01
200800017762,0,7,0,13,0,9,1,A01
200800017763,0,7,0,0,2,2,1,A01
200800017763,0,7,0,0,2,3,19,B02
200800017764,0,15,0,0,2,2,13,A01
200800017764,0,7,0,0,2,2,1,B02
200800017765,0,7,0,13,0,1,0,A01
200800017766,0,33,0,0,2,1,1,A01
200800017766,0,7,0,0,2,8,15,B02
200800017767,0,33,0,16,0,1,1,A01
200800017768,0,10,0,0,2,2,13,A01
200800017768,0,15,0,0,2,1,1,B02
200800017769,0,17,0,0,2,3,1,A01
200800017769,0,10,0,0,2,2,1,B02
200800017770,0,7,0,0,0,1,2,A01
200800017770,0,21,0,0,0,4,2,B02
200800017771,0,7,0,0,2,3,1,A01
200800017771,0,2,0,0,2,1,17,B02
200800017772,0,7,0,0,2,3,17,A01
200800017772,0,7,0,0,2,3,1,B02
200800017773,0,7,0,0,2,1,1,A01
200800017773,0,10,0,0,2,8,19,B02
200800017774,0,7,0,2,0,1,1,A01
200800017775,0,33,0,0,2,1,1,A01
200800017775,0,7,0,0,2,1,1,B02
200800017775,0,7,0,0,9,1,1,C03
200800017776,0,2,0,0,2,1,5,A01
200800017776,0,7,0,0,2,3,1,B02
200800017777,0,7,0,0,1,1,1,A01
200800017778,0,7,0,0,2,1,1,A01
200800017778,0,7,0,0,2,7,1,B02
200800017779,0,7,0,0,2,6,1,B02
200800017779,0,31,0,0,2,1,1,A01
200800017780,0,31,0,0,0,0,0,A01
200800017781,0,30,0,0,0,1,1,A01
200800017782,0,7,0,0,0,1,0,A01
200800017782,0,7,0,0,0,4,0,B02
200800017783,0,2,0,0,2,1,13,A01
200800017783,0,7,0,0,2,3,1,B02
200800017784,0,7,0,13,0,2,14,A01
200800017785,0,7,0,13,0,8,1,A01
200800017786,0,7,0,0,0,9,1,A01
200800017787,0,7,0,0,1,3,1,A01
200800017788,0,10,0,0,2,8,1,B02
200800017788,0,10,0,0,2,1,1,A01
200800017789,0,33,0,0,2,9,1,A01
200800017789,0,7,0,0,2,1,15,B02
200800017790,0,7,0,0,2,3,13,A01
200800017790,0,7,0,0,2,3,1,B02
200800017791,0,7,0,0,2,8,9,A01
200800017791,0,30,0,0,2,3,21,B02
200800017792,0,31,0,0,0,0,1,A01
200800017793,0,7,0,2,0,9,1,A01
200800017794,0,7,0,0,2,3,13,A01
200800017794,0,7,0,0,2,3,1,B02
200800017795,0,2,0,0,0,1,1,A01
200800017796,0,7,0,0,2,1,0,B02
200800017796,0,2,0,0,2,8,0,A01
200800017797,0,2,0,0,2,7,1,A01
200800017797,0,7,0,0,2,2,15,B02
200800017798,0,10,0,1,0,1,1,A01
200800017798,0,7,0,0,2,4,2,B02
200800017798,0,7,0,0,2,4,2,C03
200800017799,0,7,0,2,0,2,1,A01
200800017800,0,31,0,13,0,1,1,A01
200800017801,0,10,0,0,0,8,1,B02
200800017801,0,7,0,0,0,1,1,A01
200800017802,0,7,0,0,0,1,1,A01
200800017803,0,33,0,13,2,8,2,A01
200800017803,0,7,0,0,2,7,15,B02
200800017804,0,33,0,0,0,8,1,A01
200800017805,0,7,0,0,2,5,20,A01
200800017805,0,31,0,0,2,1,1,B02
200800017806,0,7,0,16,0,1,19,A01
200800017807,0,7,0,6,0,1,1,A01
200800017808,0,30,0,0,2,1,1,A01
200800017808,0,7,0,0,2,3,1,B02
200800017809,0,7,0,2,0,7,1,A01
200800017810,0,7,0,8,0,1,15,A01
200800017811,0,7,0,0,0,3,15,A01
200800017811,0,33,0,0,2,1,17,B02
200800017812,0,7,0,0,2,2,15,A01
200800017812,0,7,0,0,2,1,1,B02
200800017813,0,7,0,0,2,3,15,A01
200800017813,0,33,0,0,2,1,1,B02
200800017814,0,7,0,0,2,3,13,A01
200800017814,0,7,0,0,2,3,1,B02
200800017815,0,7,0,2,0,1,1,A01
200800017816,0,7,0,2,0,1,1,A01
200800017817,0,7,0,0,1,1,17,A01
200800017818,0,7,0,8,0,1,13,A01
200800017819,0,7,0,0,2,1,13,A01
200800017819,0,7,0,0,2,1,1,B02
200800017819,0,7,0,6,2,8,1,C03
200800017820,0,33,0,0,0,8,1,A01
200800017821,0,14,0,0,1,8,1,A01
200800017822,0,1,0,0,2,1,1,B02
200800017822,0,7,0,0,2,2,1,A01
200800017823,0,7,0,13,0,1,0,A01
200800017824,0,7,0,0,1,4,4,A01
200800017825,0,33,0,0,0,8,1,A01
200800017826,0,30,0,0,5,1,1,A01
200800017827,0,33,0,2,0,1,1,A01
200800017828,0,7,0,16,0,1,14,A01
200800017829,0,7,0,2,0,1,0,A01
200800017830,0,7,0,2,0,1,1,A01
200800017831,0,3,0,4,0,2,1,A01
200800017832,0,7,0,0,2,8,10,A01
200800017832,0,33,0,0,2,1,1,B02
200800017833,0,2,0,0,2,1,1,A01
200800017833,0,7,0,0,2,5,1,B02
200800017834,0,7,0,0,1,3,1,A01
200800017835,0,7,0,0,2,3,15,A01
200800017835,0,31,0,0,2,1,21,B02
200800017836,0,10,0,2,0,9,1,A01
200800017837,0,33,0,0,0,7,1,A01
200800017838,0,7,0,14,0,1,0,A01
200800017839,0,7,0,0,2,3,16,A01
200800017839,0,7,0,0,2,3,15,B02
200800017840,0,7,0,0,2,1,13,A01
200800017840,0,7,0,0,2,1,1,B02
200800017841,0,33,0,0,2,9,13,A01
200800017841,0,7,0,0,2,1,1,B02
200800017842,0,7,0,0,2,2,15,A01
200800017842,0,2,0,0,2,1,1,B02
200800017843,0,7,0,0,2,3,13,A01
200800017843,0,33,0,0,2,1,1,B02
200800017844,0,7,0,0,0,3,1,A01
200800017844,0,30,0,0,2,1,17,B02
200800017845,0,7,0,13,0,1,2,A01
200800017846,0,7,0,7,0,1,17,A01
200800017847,0,17,0,16,0,7,1,A01
200800017848,0,7,0,0,1,2,1,A01
200800017849,0,7,0,0,2,2,0,A01
200800017849,0,7,0,0,2,3,0,B02
200800017850,2,7,0,0,2,3,9,A01
200800017850,0,3,0,0,2,2,1,B02
200800017851,0,7,0,8,2,1,0,A01
200800017851,0,30,0,8,2,4,0,B02
200800017852,0,10,0,0,2,2,2,A01
200800017852,0,31,0,0,2,1,2,B02
200800017853,0,7,0,0,2,8,10,A01
200800017853,0,30,0,0,2,1,1,B02
200800017854,0,10,0,11,2,8,16,A01
200800017854,0,7,0,11,2,1,1,B02
200800017855,0,7,0,0,1,2,1,A01
200800017856,0,7,0,0,2,3,15,A01
200800017856,0,7,0,0,2,1,1,B02
200800017857,0,7,0,13,0,9,13,A01
200800017858,0,7,0,0,2,1,1,A01
200800017858,0,7,0,0,2,2,13,B02
200800017859,0,30,0,16,2,1,1,A01
200800017859,0,7,0,0,2,3,1,B02
200800017860,0,7,0,0,2,1,1,A01
200800017860,0,7,0,0,2,5,1,B02
200800017861,0,7,0,0,2,3,5,A01
200800017861,0,7,0,0,2,3,1,B02
200800017862,0,7,0,12,2,2,15,A01
200800017862,0,7,0,12,2,2,1,B02
200800017862,0,7,0,0,2,1,1,C03
200800017863,0,14,0,0,2,3,1,A01
200800017863,0,7,0,0,2,3,15,B02
200800017864,0,2,0,0,2,7,1,A01
200800017864,0,7,0,0,2,1,15,B02
200800017865,0,7,0,0,2,3,1,A01
200800017865,0,7,0,0,2,3,1,B02
200800017866,0,7,0,0,2,1,19,A01
200800017866,0,7,0,0,2,1,1,B02
200800017867,0,17,0,0,1,3,1,A01
200800017868,0,7,0,0,0,9,1,A01
200800017869,0,7,0,2,0,2,1,A01
200800017870,0,7,0,8,0,1,13,A01
200800017871,0,7,0,2,0,3,1,A01
200800017872,0,7,0,0,2,1,1,A01
200800017872,0,33,0,0,2,1,13,B02
200800017873,0,7,0,0,2,4,15,A01
200800017873,0,7,0,0,2,1,1,B02
200800017873,0,7,0,0,2,1,1,C03
200800017873,0,7,0,0,2,3,1,D04
200800017873,0,7,0,8,2,1,1,E05
200800017874,0,7,0,0,2,2,11,A01
200800017874,0,7,0,0,2,1,1,B02
200800017875,0,1,0,0,2,1,1,A01
200800017875,0,2,0,0,2,1,1,B02
200800017876,0,7,0,0,2,7,13,A01
200800017876,0,10,0,0,2,3,1,B02
200800017877,0,7,0,1,0,3,17,A01
200800017878,0,10,0,0,2,2,5,A01
200800017878,0,7,0,0,2,2,1,B02
200800017879,0,7,0,0,2,3,13,A01
200800017879,0,7,0,0,2,3,1,B02
200800017880,0,14,0,0,2,1,15,A01
200800017880,0,14,0,0,2,1,1,B02
200800017881,0,7,0,13,0,3,1,A01
200800017882,0,7,0,0,2,3,6,A01
200800017882,0,7,0,0,2,3,1,B02
200800017882,0,7,0,0,2,3,1,C03
200800017883,0,10,0,0,9,1,19,A01
200800017883,0,33,0,0,9,1,1,B02
200800017884,0,33,0,0,2,3,1,A01
200800017884,0,33,0,0,2,2,13,B02
200800017885,0,10,0,13,0,1,1,A01
200800017886,0,7,0,0,2,8,1,A01
200800017886,0,7,0,0,2,1,9,B02
200800017887,0,2,0,0,2,4,1,A01
200800017887,0,2,0,0,2,1,1,B02
200800017888,0,7,0,0,0,3,17,A01
200800017888,0,1,0,0,2,1,1,B02
200800017889,0,7,0,0,2,7,15,A01
200800017889,0,7,0,0,2,1,1,B02
200800017890,0,7,0,13,0,1,1,A01
200800017891,0,7,0,2,0,4,13,A01
200800017892,0,7,0,0,2,1,13,A01
200800017892,0,7,0,0,2,1,1,B02
200800017893,0,7,0,16,0,0,13,A01
200800017894,0,7,0,0,2,1,2,A01
200800017894,0,2,0,0,2,4,2,B02
200800017895,0,7,0,0,2,3,17,A01
200800017895,0,10,0,0,2,3,1,B02
200800017896,0,10,0,0,2,2,13,A01
200800017896,0,7,0,0,2,2,1,B02
200800017897,0,7,0,0,2,8,1,A01
200800017897,0,7,0,0,2,1,1,B02
200800017897,0,7,0,0,2,9,15,C03
200800017898,0,7,0,2,0,1,0,A01
200800017899,0,30,0,0,2,1,13,A01
200800017899,0,7,0,0,2,1,1,B02
200800017900,0,7,0,0,2,3,1,A01
200800017900,0,33,0,0,2,1,17,B02
200800017901,0,1,0,0,2,1,14,A01
200800017901,0,2,0,0,2,1,21,B02
200800017902,0,31,0,0,2,1,18,A01
200800017902,0,10,0,0,0,5,15,B02
200800017903,0,10,0,0,2,1,1,A01
200800017903,0,1,0,0,2,3,0,B02
200800017904,0,7,0,0,2,1,13,A01
200800017904,0,7,0,0,2,3,1,B02
200800017905,0,14,0,0,2,3,1,A01
200800017905,0,14,0,0,2,3,1,B02
200800017906,0,7,0,13,0,3,1,A01
200800017907,0,7,0,16,0,1,1,A01
200800017908,0,7,0,2,0,8,1,A01
200800017909,0,7,0,0,2,1,1,A01
200800017909,0,7,0,0,2,3,1,B02
200800017910,0,33,0,0,0,1,1,A01
200800017911,0,7,0,0,2,1,19,B02
200800017911,0,7,0,0,2,2,1,A01
200800017912,0,7,0,13,0,2,1,A01
200800017913,0,3,0,0,9,7,1,A01
200800017913,0,31,0,0,2,1,15,B02
200800017914,0,33,0,13,0,8,15,A01
200800017915,0,33,0,0,2,1,17,A01
200800017915,0,7,0,0,2,8,15,B02
200800017916,0,30,0,0,2,7,15,A01
200800017916,0,30,0,0,2,1,1,B02
200800017917,0,7,0,13,0,1,1,A01
200800017917,0,7,0,13,0,3,1,B02
200800017918,0,30,0,0,0,8,1,A01
200800017919,0,7,0,0,0,0,15,A01
200800017919,0,2,0,0,2,1,1,B02
200800017920,0,7,0,0,2,1,15,A01
200800017920,0,33,0,0,2,7,1,B02
200800017921,0,33,0,0,0,6,1,A01
200800017922,0,7,0,0,0,0,0,A01
200800017922,0,7,0,0,2,1,1,B02
200800017923,0,7,0,0,1,8,1,A01
200800017924,0,7,0,0,1,4,4,A01
200800017925,0,7,0,0,1,4,4,A01
200800017926,0,30,0,0,1,0,0,A01
200800017927,0,7,0,0,2,1,2,A01
200800017927,0,2,0,0,0,4,2,B02
200800017928,0,33,0,0,2,2,17,A01
200800017928,0,7,0,0,0,4,19,B02
200800017929,0,31,0,0,2,1,1,A01
200800017929,0,7,0,0,2,5,15,B02
200800017930,0,7,0,0,2,8,13,A01
200800017930,0,33,0,0,2,7,17,B02
200800017931,0,33,0,2,0,1,0,A01
200800017932,0,30,0,1,0,1,1,A01
200800017932,0,38,0,0,2,6,23,B02
200800017933,0,7,0,0,2,2,1,A01
200800017933,0,30,0,0,2,8,16,B02
200800017934,0,7,0,6,0,1,1,A01
200800017935,0,7,0,0,2,1,15,A01
200800017935,0,33,0,0,2,1,1,B02
200800017936,0,7,0,0,2,2,15,A01
200800017936,0,7,0,0,2,7,1,B02
200800017937,0,33,0,0,0,1,13,A01
200800017937,0,7,0,0,2,1,1,B02
200800017937,0,33,0,0,2,1,1,C03
200800017938,0,7,0,0,1,2,1,A01
200800017939,0,30,0,13,0,1,14,A01
200800017940,0,7,0,0,2,8,1,A01
200800017940,0,10,0,0,2,1,1,B02
200800017941,0,2,0,0,2,3,16,A01
200800017941,0,14,0,0,9,3,1,B02
200800017942,0,33,0,0,2,1,1,A01
200800017942,0,21,0,0,2,6,1,B02
200800017943,0,7,0,0,2,3,1,A01
200800017943,0,7,0,0,2,3,1,B02
200800017944,0,31,0,6,0,3,5,A01
200800017945,0,7,0,0,9,3,15,A01
200800017945,0,33,0,0,2,1,1,B02
200800017946,0,7,0,0,2,1,5,A01
200800017946,0,7,0,0,2,3,1,B02
200800017947,0,7,0,13,0,9,1,A01
200800017948,0,7,0,0,0,6,23,A01
200800017948,0,30,0,1,0,2,1,B02
200800017949,0,38,0,0,1,2,1,A01
200800017949,0,99,0,2,1,8,24,B02
200800017950,0,7,0,0,2,2,19,A01
200800017950,0,7,0,0,2,2,1,B02
200800017951,0,7,0,0,2,2,19,A01
200800017951,0,33,0,0,2,1,1,B02
200800017952,0,2,0,0,2,8,1,A01
200800017953,0,30,0,0,2,1,1,A01
200800017954,0,7,0,0,2,3,13,A01
200800017954,0,7,0,0,2,3,1,B02
200800017955,0,7,0,0,0,6,15,A01
200800017955,0,33,0,0,2,1,17,B02
200800017956,0,7,0,2,0,4,1,A01
200800017956,0,14,0,0,2,1,1,B02
200800017957,0,21,0,0,0,1,1,A01
200800017958,0,7,0,0,1,5,1,A01
200800017959,0,7,0,0,1,1,1,A01
200800017960,0,7,0,13,0,9,1,A01
200800017961,0,7,0,0,0,8,0,A01
200800017962,0,7,0,0,2,3,1,A01
200800017962,0,7,0,0,2,3,1,B02
200800017963,0,7,0,0,2,3,9,A01
200800017963,0,7,0,0,2,1,1,B02
200800017964,0,7,0,10,2,8,15,A01
200800017964,0,2,0,0,2,7,17,B02
200800017965,0,7,0,0,0,5,19,A01
200800017965,0,33,0,0,0,1,1,B02
200800017966,0,7,0,0,2,3,15,A01
200800017966,0,2,0,0,2,7,17,B02
200800017967,0,7,0,0,2,3,15,A01
200800017967,0,30,0,0,2,2,17,B02
200800017968,0,7,0,0,0,3,15,A01
200800017968,0,33,0,0,2,1,17,B02
200800017969,0,7,0,0,9,8,15,A01
200800017969,0,33,0,0,2,1,1,B02
200800017970,0,7,0,0,2,1,1,A01
200800017970,0,7,0,0,2,9,15,B02
200800017970,0,10,0,0,2,3,1,C03
200800017971,0,33,0,8,0,0,2,A01
200800017972,0,2,0,0,2,1,13,A01
200800017972,0,17,0,0,2,3,1,B02
200800017973,0,7,0,16,0,9,14,A01
200800017974,0,14,0,0,9,2,15,A01
200800017974,0,33,0,0,2,8,1,B02
200800017975,0,33,0,0,2,1,13,A01
200800017975,0,10,0,0,2,3,1,B02
200800017976,0,7,0,10,0,3,1,A01
200800017977,0,7,0,0,2,1,15,A01
200800017977,0,1,0,0,2,1,1,B02
200800017978,0,30,0,0,2,1,13,A01
200800017978,0,7,0,0,2,1,1,B02
200800017979,0,32,0,0,0,0,2,A01
200800017980,0,30,0,13,0,1,13,A01
200800017981,0,7,0,13,0,9,1,A01
200800017982,0,7,0,2,0,7,1,A01
200800017983,0,7,0,0,2,1,1,A01
200800017983,0,7,0,0,2,2,1,B02
200800017984,0,7,0,0,2,3,13,A01
200800017984,0,7,0,0,2,3,1,B02
200800017985,0,1,0,0,0,0,1,A01
200800017986,0,7,0,13,0,2,1,A01
200800017987,0,7,0,0,2,7,15,A01
200800017987,0,7,0,0,2,1,21,B02
200800017988,0,7,0,0,0,2,17,A01
200800017988,0,1,0,0,0,8,15,B02
200800017989,0,10,0,0,1,5,1,A01
200800017990,0,2,0,0,2,1,1,A01
200800017990,0,7,0,0,2,6,23,B02
200800017991,0,7,0,13,0,2,1,A01
200800017992,0,7,0,2,0,1,1,A01
200800017993,0,7,0,2,0,9,1,A01
200800017994,0,33,0,0,0,8,19,A01
200800017995,0,7,0,2,0,8,14,A01
200800017996,0,38,0,0,9,0,17,A01
200800017996,0,1,0,0,0,0,1,B02
200800017997,0,14,0,0,2,3,14,A01
200800017997,0,14,0,0,2,8,1,B02
200800017998,0,7,0,13,0,1,1,A01
200800017999,0,7,0,0,2,1,17,A01
200800017999,0,33,0,0,2,1,1,B02
200800018000,0,10,0,0,0,5,1,A01
200800018000,0,7,0,0,2,1,19,B02
200800018001,0,7,0,0,0,0,0,A01
200800018002,0,31,0,13,0,1,1,A01
200800018003,0,7,0,16,0,2,1,A01
200800018004,0,7,0,0,0,2,1,A01
200800018005,0,7,0,2,0,1,1,A01
200800018006,0,7,0,13,0,7,17,A01
200800018007,0,7,0,0,2,7,1,A01
200800018007,0,7,0,0,2,1,1,B02
200800018008,0,7,0,13,0,1,1,A01
200800018009,0,7,0,0,2,3,1,A01
200800018009,0,7,0,0,2,3,1,B02
200800018010,0,10,0,0,2,1,17,A01
200800018010,0,7,0,0,2,8,15,B02
200800018011,0,7,0,13,0,3,13,A01
200800018012,0,2,0,0,2,1,13,A01
200800018012,0,7,0,0,2,1,2,B02
200800018013,0,33,0,0,2,6,1,A01
200800018013,0,7,0,0,2,1,19,B02
200800018013,0,7,0,0,2,1,23,C03
200800018014,0,7,0,0,0,1,1,A01
200800018015,0,7,0,13,0,1,1,A01
200800018016,0,7,0,2,0,1,1,A01
200800018017,0,7,0,2,0,1,1,A01
200800018018,0,99,0,13,0,1,1,A01
200800018019,0,7,0,2,0,1,1,A01
200800018020,0,7,0,0,2,1,13,A01
200800018020,0,10,0,0,2,1,1,B02