Num_Acc,senc,catv,occutc,obs,obsm,choc,manv,num_veh
200800018021,0,7,0,1,0,1,5,A01
200800018022,0,7,0,0,0,7,1,A01
200800018023,0,7,0,0,0,1,1,A01
200800018024,0,7,0,13,6,1,1,A01
200800018025,0,10,0,13,0,2,14,A01
200800018026,0,33,0,0,0,8,1,A01
200800018027,0,7,0,8,0,2,1,A01
200800018028,0,7,0,0,2,4,1,A01
200800018028,0,7,0,0,2,1,1,B02
200800018029,0,7,0,0,2,3,13,A01
200800018029,0,7,0,0,2,3,1,B02
200800018030,0,36,0,0,0,1,14,A01
200800018031,0,33,0,0,0,8,1,A01
200800018032,0,7,0,0,2,1,15,A01
200800018032,0,2,0,0,2,1,1,B02
200800018033,0,7,0,13,0,2,1,A01
200800018034,0,7,0,0,9,1,1,A01
200800018034,0,1,0,0,2,8,19,B02
200800018035,0,7,0,0,2,7,15,A01
200800018035,0,7,0,0,2,3,1,B02
200800018036,0,7,0,0,2,1,1,B02
200800018036,0,2,0,0,2,1,1,A01
200800018037,0,7,0,0,2,1,13,A01
200800018037,0,7,0,0,2,3,1,B02
200800018037,0,7,0,0,2,7,1,C03
200800018038,0,7,0,6,0,3,1,A01
200800018039,0,7,0,0,2,1,13,A01
200800018039,0,7,0,0,0,1,1,B02
200800018040,0,7,0,8,0,3,1,A01
200800018041,0,33,0,0,2,1,17,A01
200800018041,0,30,0,0,0,4,13,B02
200800018042,0,7,0,0,2,1,1,A01
200800018042,0,7,0,0,0,4,1,B02
200800018042,0,10,0,0,0,4,1,C03
200800018043,0,7,0,0,2,1,2,A01
200800018043,0,33,0,0,2,4,23,B02
200800018043,0,7,0,0,0,4,23,C03
200800018044,0,7,0,0,2,1,1,A01
200800018044,2,7,0,0,2,2,15,B02
200800018045,0,7,0,0,2,2,10,A01
200800018045,0,33,0,0,2,1,1,B02
200800018046,0,7,0,0,2,3,1,A01
200800018046,0,7,0,0,2,5,15,B02
200800018046,0,7,0,0,2,1,1,C03
200800018047,0,7,0,0,9,1,15,A01
200800018047,0,1,0,0,2,1,15,B02
200800018048,0,7,0,13,0,1,1,A01
200800018049,0,7,0,0,0,3,15,A01
200800018049,0,2,0,0,2,1,17,B02
200800018050,0,7,0,13,0,2,17,A01
200800018051,0,7,0,13,0,1,1,A01
200800018052,0,7,0,0,1,0,19,A01
200800018053,0,7,0,0,2,2,1,A01
200800018053,0,2,0,0,2,7,15,B02
200800018054,0,7,0,8,0,1,1,A01
200800018055,0,7,0,2,0,7,1,A01
200800018056,0,30,0,13,0,7,1,A01
200800018057,0,7,0,2,0,3,13,A01
200800018058,0,13,0,6,2,1,13,A01
200800018058,0,7,0,0,2,1,1,B02
200800018059,0,7,0,0,0,0,0,A01
200800018059,0,7,0,0,2,1,1,B02
200800018060,0,14,0,0,2,3,15,A01
200800018060,0,7,0,0,2,3,16,B02
200800018061,0,7,0,0,2,2,19,A01
200800018061,0,7,0,0,2,2,1,B02
200800018062,0,7,0,0,2,3,1,A01
200800018062,0,10,0,0,2,3,15,B02
200800018063,0,33,0,0,2,1,1,B02
200800018063,0,7,0,0,2,2,19,A01
200800018064,0,7,0,0,2,1,19,A01
200800018064,0,2,0,0,2,3,1,B02
200800018065,0,7,0,0,2,8,19,A01
200800018065,0,7,0,7,2,1,1,B02
200800018066,0,7,0,2,0,1,1,A01
200800018067,0,33,0,8,0,2,1,A01
200800018068,0,33,0,0,0,8,1,A01
200800018069,0,7,0,0,2,3,15,A01
200800018069,0,33,0,0,2,7,17,B02
200800018070,0,33,0,13,0,8,1,A01
200800018071,0,7,0,0,0,7,13,A01
200800018072,0,33,0,0,2,1,1,A01
200800018072,0,7,0,0,2,7,19,B02
200800018073,0,35,0,0,2,1,1,A01
200800018073,0,10,0,0,2,1,1,B02
200800018074,0,33,0,13,0,1,1,A01
200800018075,0,7,0,0,2,1,1,B02
200800018075,0,7,0,0,2,6,19,A01
200800018076,0,32,0,13,0,2,1,A01
200800018077,0,7,0,6,0,2,1,A01
200800018078,0,33,0,0,2,1,5,A01
200800018078,0,10,0,0,2,1,1,B02
200800018079,0,10,0,8,0,5,1,A01
200800018080,0,7,0,13,0,1,1,A01
200800018081,0,7,0,0,2,1,1,A01
200800018081,0,7,0,0,2,8,15,B02
200800018082,0,7,0,0,2,3,19,A01
200800018082,0,7,0,0,2,2,1,B02
200800018083,0,10,0,13,0,1,1,A01
200800018084,0,7,0,13,0,2,1,A01
200800018085,0,7,0,0,0,4,1,A01
200800018085,0,7,0,0,0,1,0,B02
200800018086,0,7,0,0,2,1,1,A01
200800018086,0,7,0,0,2,4,15,B02
200800018086,0,7,0,0,2,3,1,C03
200800018087,0,31,0,2,0,1,13,A01
200800018088,0,7,0,0,2,2,1,A01
200800018088,0,35,0,0,2,1,1,B02
200800018089,0,7,0,2,0,3,13,A01
200800018090,0,7,0,8,0,1,5,A01
200800018091,0,7,0,0,2,2,9,A01
200800018091,0,2,0,0,2,1,1,B02
200800018092,0,7,0,0,2,1,1,B02
200800018092,0,7,0,0,2,8,19,A01
200800018093,0,7,0,0,2,6,19,A01
200800018093,0,7,0,0,2,3,1,B02
200800018094,0,7,0,6,0,1,1,A01
200800018095,0,10,0,0,2,1,1,A01
200800018095,0,7,0,0,2,4,1,B02
200800018095,0,17,0,0,2,1,1,C03
200800018096,0,7,0,0,2,7,17,A01
200800018096,0,7,0,0,2,8,1,B02
200800018097,0,7,0,0,2,1,1,B02
200800018097,0,7,0,0,2,8,19,A01
200800018098,0,10,0,8,0,2,2,A01
200800018099,0,7,0,0,2,2,15,A01
200800018099,0,30,0,0,2,1,1,B02
200800018100,0,2,0,1,2,1,1,A01
200800018100,0,7,0,0,2,3,1,B02
200800018101,0,14,0,0,9,3,1,A01
200800018101,0,99,0,0,2,8,19,B02
200800018102,0,30,0,0,2,1,15,A01
200800018102,0,31,0,0,0,2,1,B02
200800018103,0,7,0,0,2,6,15,A01
200800018103,0,30,0,0,2,1,17,B02
200800018104,0,10,0,0,2,3,17,A01
200800018104,0,7,0,0,2,3,13,B02
200800018104,0,7,0,0,2,8,14,C03
200800018105,0,7,0,2,0,1,14,A01
200800018106,0,33,0,0,0,1,1,A01
200800018107,0,7,0,0,2,2,1,A01
200800018107,0,7,0,0,2,3,1,B02
200800018107,0,7,0,0,2,3,1,C03
200800018108,0,36,0,13,0,0,0,A01
200800018109,0,7,0,13,0,3,1,A01
200800018110,0,7,0,15,0,3,19,A01
200800018111,0,30,0,5,0,1,1,A01
200800018112,0,2,0,0,2,7,19,A01
200800018112,0,7,0,0,2,1,1,B02
200800018113,0,2,0,0,5,1,1,A01
200800018114,0,31,0,0,0,0,1,A01
200800018115,0,7,0,0,2,2,2,A01
200800018115,0,30,0,0,0,6,15,B02
200800018116,0,7,0,0,2,8,1,A01
200800018116,0,7,0,0,2,2,19,B02
200800018117,0,7,0,0,2,1,1,A01
200800018117,0,7,0,0,2,8,1,B02
200800018118,0,36,0,6,0,2,1,A01
200800018119,0,7,0,0,1,2,1,A01
200800018120,0,7,0,16,0,9,19,A01
200800018121,0,7,0,13,0,9,17,A01
200800018121,0,99,0,0,2,0,17,B02
200800018122,0,7,0,0,5,1,1,A01
200800018123,0,7,0,0,1,2,1,A01
200800018124,0,2,0,0,2,4,1,A01
200800018124,0,7,0,0,2,1,1,B02
200800018125,0,7,0,0,2,1,2,A01
200800018125,0,17,0,0,2,4,2,B02
200800018126,0,30,0,0,2,1,1,A01
200800018126,0,7,0,0,0,4,15,B02
200800018127,0,7,0,0,1,1,15,A01
200800018128,0,7,0,3,2,7,1,A01
200800018128,0,14,0,0,0,3,1,B02
200800018128,0,10,0,0,0,0,1,C03
200800018129,0,7,0,0,1,3,1,A01
200800018130,0,7,0,0,1,2,16,A01
200800018131,0,2,0,0,2,1,1,A01
200800018131,0,7,0,0,2,3,1,B02
200800018132,0,33,0,13,0,2,1,A01
200800018133,0,7,0,0,2,2,1,A01
200800018133,0,30,0,0,0,5,15,B02
200800018134,0,2,0,0,2,1,1,B02
200800018134,0,7,0,0,2,6,9,A01
200800018135,0,7,0,8,0,3,13,A01
200800018136,0,7,0,0,2,1,17,A01
200800018136,0,7,0,0,0,6,15,B02
200800018137,0,7,0,0,2,2,17,A01
200800018137,0,7,0,0,2,3,15,B02
200800018138,0,7,0,0,2,3,1,B02
200800018138,0,7,0,0,2,7,15,A01
200800018139,0,7,0,0,2,1,19,A01
200800018139,0,7,0,0,2,1,1,B02
200800018140,0,7,0,0,2,1,1,A01
200800018140,0,7,0,0,2,8,1,B02
200800018141,0,7,0,6,0,3,0,A01
200800018142,0,30,0,0,2,7,1,A01
200800018142,0,7,0,0,2,2,15,B02
200800018143,0,1,0,0,2,4,1,A01
200800018143,0,33,0,0,2,1,1,B02
200800018144,0,7,0,0,2,3,13,A01
200800018144,0,7,0,13,2,3,1,B02
200800018145,0,7,0,0,2,1,13,A01
200800018145,0,7,0,0,2,1,1,B02
200800018146,0,3,0,3,2,4,1,A01
200800018146,0,7,0,0,2,1,2,B02
200800018147,0,7,0,13,0,3,1,A01
200800018148,0,7,0,0,0,3,13,A01
200800018149,0,7,0,0,2,5,13,A01
200800018149,0,7,0,0,2,2,1,B02
200800018150,0,7,0,0,2,7,15,A01
200800018150,0,30,0,0,2,1,1,B02
200800018151,0,7,0,8,0,1,13,A01
200800018152,0,1,0,0,2,8,15,A01
200800018152,0,17,0,0,2,7,17,B02
200800018153,0,30,0,6,0,1,1,A01
200800018154,0,7,0,0,2,2,1,A01
200800018154,0,7,0,8,0,5,16,B02
200800018155,0,10,0,0,0,1,1,A01
200800018156,0,7,0,0,2,3,13,A01
200800018156,0,7,0,0,2,3,1,B02
200800018157,0,7,0,0,0,0,0,A01
200800018158,0,7,0,0,2,8,19,A01
200800018158,0,10,0,0,2,2,1,B02
200800018159,0,7,0,2,0,8,0,A01
200800018160,0,7,0,0,2,3,15,A01
200800018160,0,2,0,0,2,1,1,B02
200800018161,0,1,0,0,0,0,1,A01
200800018161,0,7,0,0,2,3,15,B02
200800018162,0,7,0,0,2,1,1,B02
200800018162,0,7,0,0,2,7,19,A01
200800018163,0,7,0,0,0,0,17,A01
200800018164,0,2,0,0,2,1,2,A01
200800018164,0,7,0,0,0,8,15,B02
200800018165,0,99,0,0,0,0,0,A01
200800018165,0,7,0,0,2,1,1,B02
200800018166,0,1,0,0,2,7,19,A01
200800018166,0,10,0,0,2,2,1,B02
200800018167,0,7,0,0,2,1,1,A01
200800018167,0,17,0,0,0,0,1,C03
200800018168,0,7,0,8,2,3,1,A01
200800018168,0,7,0,0,2,5,15,B02
200800018168,0,7,0,0,2,1,0,C03
200800018169,0,7,0,0,2,3,1,A01
200800018169,0,7,0,0,2,1,0,B02
200800018169,0,7,0,0,2,3,0,C03
200800018170,0,7,0,0,2,3,13,A01
200800018170,0,10,0,0,2,3,1,B02
200800018171,0,7,0,2,0,7,1,A01
200800018172,0,7,0,0,2,3,1,A01
200800018172,0,7,0,0,2,3,1,B02
200800018173,0,7,0,6,0,2,1,A01
200800018174,0,7,0,2,0,2,19,A01
200800018175,0,2,0,0,0,0,1,A01
200800018176,0,7,0,0,1,2,1,A01
200800018177,0,7,0,0,0,7,15,A01
200800018177,0,2,0,0,2,1,1,B02
200800018178,0,7,0,0,2,1,1,A01
200800018178,0,7,0,0,2,1,1,B02
200800018179,0,31,0,0,0,8,1,A01
200800018179,0,7,0,0,0,3,19,B02
200800018180,0,30,0,0,2,8,1,A01
200800018180,0,7,0,0,2,8,1,B02
200800018181,0,33,0,0,2,1,21,A01
200800018181,0,7,0,0,0,3,15,B02
200800018182,0,7,0,0,2,8,10,A01
200800018182,0,17,0,0,2,2,11,B02
200800018183,0,33,0,0,2,1,1,A01
200800018183,0,36,0,0,2,3,16,B02
200800018184,0,7,0,0,0,4,15,A01
200800018184,0,33,0,0,2,2,2,B02
200800018185,0,7,0,0,2,2,1,A01
200800018185,0,2,0,0,2,1,5,B02
200800018186,0,7,0,0,2,3,1,A01
200800018186,0,7,0,0,2,3,1,B02
200800018187,0,7,0,6,0,3,1,A01
200800018188,0,7,0,0,2,1,13,A01
200800018188,0,7,0,0,2,1,1,B02
200800018189,0,7,0,13,0,2,1,A01
200800018190,0,30,0,0,0,7,0,A01
200800018191,0,7,0,13,0,1,1,A01
200800018192,0,33,0,0,2,2,11,A01
200800018192,0,7,0,0,2,2,15,B02
200800018193,0,7,0,13,1,7,14,A01
200800018194,0,33,0,16,0,7,1,A01
200800018195,0,7,0,0,2,3,15,A01
200800018195,0,1,0,0,2,1,1,B02
200800018196,1,17,0,0,9,7,17,A01
200800018196,0,1,0,0,2,8,1,B02
200800018197,0,7,0,0,0,8,19,A01
200800018197,0,7,0,0,0,1,1,B02
200800018198,0,7,0,0,2,1,17,A01
200800018198,0,7,0,0,2,8,15,B02
200800018199,0,21,0,0,2,3,1,A01
200800018199,0,7,0,0,2,8,13,B02
200800018200,0,7,0,0,2,1,1,A01
200800018200,0,7,0,0,2,8,19,B02
200800018201,0,31,0,12,0,1,1,A01
200800018202,0,1,0,0,2,4,9,A01
200800018202,0,7,0,0,9,3,9,B02
200800018203,0,30,0,6,0,1,1,A01
200800018204,0,7,0,0,0,6,15,A01
200800018204,0,32,0,0,2,1,17,B02
200800018205,0,7,0,0,2,3,1,A01
200800018205,0,7,0,0,2,3,1,B02
200800018206,0,7,0,0,0,3,15,A01
200800018206,0,33,0,0,0,1,1,B02
200800018207,0,33,0,0,2,1,1,A01
200800018207,0,7,0,0,2,3,17,B02
200800018208,0,7,0,0,2,8,19,A01
200800018208,0,2,0,0,2,1,1,B02
200800018209,0,7,0,0,2,2,19,A01
200800018209,0,7,0,0,2,1,1,B02
200800018210,0,7,0,8,0,1,1,A01
200800018211,0,7,0,0,2,2,17,A01
200800018211,0,30,0,0,2,4,15,B02
200800018212,0,7,0,0,2,3,1,A01
200800018212,0,2,0,0,2,1,17,B02
200800018213,0,7,0,0,2,1,14,A01
200800018213,0,7,0,0,2,5,15,B02
200800018214,0,7,0,0,1,2,1,A01
200800018215,0,7,0,0,2,2,1,A01
200800018215,0,31,0,13,2,7,19,B02
200800018216,0,7,0,0,2,3,15,A01
200800018216,0,33,0,0,2,1,1,B02
200800018217,0,1,0,0,1,1,1,A01
200800018218,0,7,0,2,0,3,1,A01
200800018219,0,7,0,0,2,1,2,A01
200800018219,0,10,0,0,0,4,15,B02
200800018219,0,17,0,0,2,1,1,C03
200800018220,0,7,0,0,1,2,1,A01
200800018221,0,14,0,0,9,2,1,A01
200800018221,0,1,0,0,2,4,2,B02
200800018222,0,30,0,0,2,8,15,A01
200800018222,0,7,0,0,2,3,1,B02
200800018223,0,1,0,0,1,1,1,A01
200800018224,0,30,0,0,2,1,1,A01
200800018224,0,21,0,0,2,1,16,B02
200800018224,0,30,0,0,2,3,1,C03
200800018225,0,7,0,0,2,3,13,A01
200800018225,0,7,0,0,2,3,1,B02
200800018225,0,10,0,0,9,2,1,C03
200800018226,0,1,0,0,2,8,13,A01
200800018226,0,7,0,0,9,2,1,B02
200800018227,0,7,0,0,2,3,1,A01
200800018227,0,7,0,0,2,3,1,B02
200800018228,0,7,0,0,1,3,1,A01
200800018229,0,7,0,0,0,3,1,A01
200800018229,0,7,0,0,0,3,1,B02
200800018229,0,7,0,0,0,3,1,C03
200800018230,0,7,0,0,1,2,17,A01
200800018231,0,7,0,0,1,3,1,A01
200800018232,0,30,0,9,0,1,1,A01
200800018233,0,7,0,0,2,5,15,A01
200800018233,0,30,0,0,2,0,1,B02
200800018234,0,7,0,0,2,8,0,A01
200800018234,0,7,0,0,2,1,1,B02
200800018235,0,33,0,13,0,7,1,A01
200800018236,0,7,0,0,1,6,20,A01
200800018237,0,7,0,0,1,2,20,A01
200800018238,0,7,0,0,2,3,1,A01
200800018238,0,7,0,0,2,3,1,B02
200800018239,0,7,0,13,0,1,1,A01
200800018240,0,1,0,0,2,8,1,A01
200800018240,0,7,0,0,2,7,1,B02
200800018241,0,10,0,0,2,3,1,A01
200800018241,0,7,0,0,2,3,1,B02
200800018241,0,7,0,0,2,1,1,C03
200800018242,0,7,0,6,0,5,1,A01
200800018243,0,7,0,0,2,9,1,A01
200800018243,0,7,0,0,2,3,17,B02
200800018243,0,15,0,0,2,1,1,C03
200800018244,0,15,0,0,2,2,17,A01
200800018244,0,3,0,0,0,6,2,B02
200800018245,0,7,0,8,0,1,19,A01
200800018246,0,7,0,0,5,1,1,A01
200800018247,0,7,0,0,2,1,1,A01
200800018247,0,10,0,0,2,1,1,B02
200800018248,0,33,0,0,1,1,0,A01
200800018249,0,33,0,8,0,0,1,A01
200800018250,0,7,0,16,0,9,1,A01
200800018250,0,7,0,0,0,0,1,B02
200800018251,0,33,0,7,0,1,1,A01
200800018252,0,31,0,13,0,1,14,A01
200800018253,0,7,0,0,2,2,19,A01
200800018253,0,2,0,0,2,1,1,B02
200800018254,0,7,0,13,0,3,0,A01
200800018255,0,10,0,0,2,1,1,B02
200800018255,0,7,0,0,2,2,19,A01
200800018256,0,30,0,0,2,0,21,A01
200800018257,0,7,0,0,0,2,0,A01
200800018258,0,33,0,0,0,9,1,A01
200800018259,0,33,0,16,0,1,1,A01
200800018260,0,7,0,8,0,6,1,A01
200800018261,0,10,0,14,0,1,2,A01
200800018261,0,7,0,0,2,4,23,B02
200800018261,0,7,0,0,2,3,1,C03
200800018261,0,7,0,0,2,1,2,D04
200800018262,0,7,0,13,0,2,1,A01
200800018263,0,2,0,0,2,1,1,A01
200800018263,0,7,0,0,0,8,1,B02
200800018264,0,7,0,0,0,7,13,A01
200800018264,0,7,0,0,2,1,1,B02
200800018265,0,7,0,0,0,3,0,A01
200800018265,0,31,0,0,0,1,1,B02
200800018266,0,7,0,13,0,0,14,A01
200800018267,0,7,0,0,2,1,0,A01
200800018267,0,30,0,0,0,8,19,B02
200800018268,0,2,0,12,0,1,1,A01
200800018269,0,33,0,8,0,1,1,A01
200800018270,0,33,0,0,2,9,13,A01
200800018270,0,7,0,0,2,8,1,B02
200800018271,0,7,0,0,2,3,13,A01
200800018271,0,7,0,0,2,3,1,B02
200800018272,0,34,0,7,0,1,1,A01
200800018273,0,2,0,6,0,8,13,A01
200800018274,0,33,0,0,2,1,1,A01
200800018274,0,7,0,0,0,8,15,B02
200800018275,0,7,0,0,2,3,13,A01
200800018275,0,7,0,0,2,6,1,B02
200800018276,0,7,0,2,0,1,1,A01
200800018277,0,30,0,0,2,1,19,A01
200800018277,0,7,0,0,2,8,19,B02
200800018278,0,7,0,0,2,1,1,A01
200800018278,0,7,0,0,2,1,1,B02
200800018279,0,7,0,0,2,1,1,A01
200800018279,0,33,0,0,0,4,15,B02
200800018280,0,7,0,0,1,2,1,A01
200800018281,0,7,0,0,2,2,13,A01
200800018281,0,10,0,0,2,2,1,B02
200800018282,0,7,0,0,9,1,1,A01
200800018282,0,1,0,0,2,8,19,B02
200800018283,0,7,0,0,2,1,19,A01
200800018283,0,7,0,0,0,8,1,B02
200800018284,0,7,0,10,0,1,13,A01
200800018285,0,7,0,0,2,1,1,A01
200800018285,0,7,0,0,2,4,1,B02
200800018286,0,7,0,0,0,3,9,A01
200800018286,0,33,0,0,0,7,1,B02
200800018287,0,7,0,0,2,3,17,A01
200800018287,0,30,0,0,2,1,1,B02
200800018288,0,37,0,0,2,3,1,A01
200800018288,0,2,0,0,2,1,1,B02
200800018288,0,31,0,14,1,1,1,C03
200800018289,0,30,0,0,9,1,1,A01
200800018290,0,31,0,0,2,1,17,A01
200800018290,0,7,0,0,2,3,15,B02
200800018291,0,7,0,0,0,3,15,A01
200800018291,0,14,0,0,2,3,21,B02
200800018292,0,7,0,0,2,3,9,A01
200800018292,0,7,0,0,0,3,1,B02
200800018293,0,7,0,2,0,2,1,A01
200800018294,0,7,0,6,0,1,1,A01
200800018295,0,2,0,0,2,1,5,A01
200800018295,0,10,0,0,2,2,1,B02
200800018296,0,7,0,0,1,3,0,A01
200800018297,0,7,0,0,2,2,4,A01
200800018297,0,30,0,0,2,1,1,B02
200800018298,0,33,0,0,2,3,13,A01
200800018298,0,7,0,0,2,3,1,B02
200800018299,0,7,0,0,1,1,2,A01
200800018300,0,7,0,0,2,1,13,A01
200800018300,0,7,0,0,2,1,1,B02
200800018300,0,7,0,0,2,1,1,C03
200800018301,0,7,0,0,2,2,20,A01
200800018301,0,1,0,0,2,1,1,B02
200800018302,0,7,0,0,0,3,13,A01
200800018302,0,7,0,0,2,3,1,B02
200800018303,0,7,0,0,2,8,15,A01
200800018303,0,7,0,0,2,3,1,B02
200800018304,0,7,0,13,0,3,13,A01
200800018305,0,7,0,0,2,5,13,A01
200800018305,0,10,0,0,0,2,1,B02
200800018306,0,7,0,0,2,1,19,A01
200800018306,0,7,0,0,2,7,1,B02
200800018307,0,7,0,0,2,1,1,A01
200800018307,0,2,0,0,2,7,1,B02
200800018308,0,3,0,0,1,1,14,A01
200800018309,0,7,0,6,0,1,1,A01
200800018310,0,7,0,6,0,8,1,A01
200800018311,0,7,0,8,0,2,2,A01
200800018312,0,33,0,0,2,7,17,A01
200800018312,0,21,0,0,2,8,15,B02
200800018313,0,7,0,0,2,1,13,A01
200800018313,0,10,0,0,2,3,1,B02
200800018314,0,7,0,0,2,1,1,A01
200800018314,0,7,0,0,2,8,19,B02
200800018315,0,7,0,6,0,2,1,A01
200800018316,0,31,0,0,1,1,1,A01
200800018317,0,7,0,0,0,3,10,A01
200800018317,0,2,0,0,2,1,1,B02
200800018318,0,7,0,0,9,1,15,A01
200800018318,0,33,0,0,2,1,1,B02
200800018319,0,17,0,0,0,0,16,A01
200800018319,0,3,0,0,9,0,23,B02
200800018319,0,7,0,0,9,0,23,C03
200800018320,0,7,0,13,0,1,1,A01
200800018321,0,15,0,3,0,3,1,A01
200800018322,0,7,0,0,2,3,1,A01
200800018322,0,7,0,0,2,8,1,B02
200800018323,0,7,0,2,0,8,1,A01
200800018324,0,7,0,0,2,1,5,A01
200800018324,0,10,0,0,2,2,1,B02
200800018325,0,10,0,0,2,1,2,A01
200800018325,0,1,0,0,2,4,2,B02
200800018326,0,7,0,0,1,1,1,A01
200800018326,0,7,0,0,0,2,0,B02
200800018327,0,17,0,0,2,3,1,A01
200800018327,0,17,0,0,2,4,1,B02
200800018327,0,17,0,0,2,3,1,C03
200800018327,0,10,0,0,2,4,24,D04
200800018327,0,10,0,0,2,1,1,E05
200800018328,0,13,0,0,2,3,1,B02
200800018328,0,7,0,0,2,8,19,A01
200800018329,0,7,0,0,2,3,10,A01
200800018329,0,33,0,0,2,1,21,B02
200800018330,0,7,0,0,2,3,13,A01
200800018330,0,17,0,0,2,3,1,B02
200800018331,0,7,0,0,9,1,15,A01
200800018331,0,30,0,0,2,1,1,B02
200800018332,0,7,0,9,1,2,21,A01
200800018333,0,7,0,0,2,1,13,A01
200800018333,0,7,0,0,2,1,1,B02
200800018334,0,10,0,0,2,3,13,A01
200800018334,0,7,0,0,2,3,1,B02
200800018335,0,7,0,0,1,1,1,A01
200800018336,0,7,0,0,2,3,15,A01
200800018336,0,32,0,0,2,1,1,B02
200800018337,0,10,0,0,2,1,15,A01
200800018337,0,10,0,0,2,1,1,B02
200800018338,0,7,0,0,2,2,1,B02
200800018338,0,7,0,0,2,3,19,A01
200800018339,0,31,0,13,0,2,1,A01
200800018340,0,7,0,0,1,1,1,A01
200800018341,0,33,0,0,2,1,17,A01
200800018341,0,7,0,0,2,6,15,B02
200800018342,0,7,0,0,2,1,19,A01
200800018342,0,30,0,0,2,8,1,B02
200800018343,0,7,0,2,0,1,1,A01
200800018344,0,33,0,0,2,2,13,A01
200800018344,0,10,0,0,2,6,1,B02
200800018344,0,7,0,0,2,3,1,C03
200800018345,0,7,0,3,0,1,1,A01
200800018346,0,7,0,0,1,8,10,A01
200800018346,0,1,0,0,2,1,1,B02
200800018347,0,7,0,6,0,1,1,A01
200800018348,0,7,0,0,2,3,0,A01
200800018348,0,14,0,0,2,3,0,B02
200800018349,0,7,0,0,2,1,1,A01
200800018349,0,30,0,0,2,1,13,B02
200800018350,0,7,0,2,0,2,1,A01
200800018351,0,7,0,0,2,3,1,A01
200800018351,0,7,0,0,2,3,13,B02
200800018352,0,7,0,0,2,7,13,A01
200800018352,0,7,0,0,2,1,1,B02
200800018353,0,7,0,0,1,1,1,A01
200800018354,0,15,0,0,0,0,17,A01
200800018354,0,1,0,0,0,0,2,B02
200800018355,0,7,0,0,2,8,15,A01
200800018355,0,31,0,0,2,1,17,B02
200800018356,0,7,0,0,2,1,1,A01
200800018356,0,7,0,0,0,7,13,B02
200800018357,0,10,0,0,2,1,1,A01
200800018357,0,33,0,0,2,7,1,B02
200800018358,0,30,0,0,1,1,1,A01
200800018359,0,7,0,0,2,7,1,A01
200800018359,0,7,0,0,2,1,15,B02
200800018360,0,10,0,6,0,3,1,A01
200800018361,0,10,0,13,0,1,1,A01
200800018362,0,7,0,2,0,1,1,A01
200800018363,0,7,0,0,2,1,1,A01
200800018363,0,7,0,0,2,7,19,B02
200800018364,0,7,0,0,2,1,1,A01
200800018364,0,38,0,0,2,6,15,B02
200800018365,0,7,0,0,9,8,15,A01
200800018365,0,30,0,0,2,1,17,B02
200800018366,0,33,0,0,2,1,2,A01
200800018366,0,7,0,0,2,5,15,B02
200800018367,0,7,0,0,2,1,15,A01
200800018367,0,3,0,0,2,1,1,B02
200800018368,0,30,0,0,2,7,19,B02
200800018368,0,10,0,0,2,1,23,C03
200800018368,0,7,0,0,2,3,1,A01
200800018369,0,7,0,1,0,2,1,A01
200800018370,0,14,0,0,2,1,1,A01
200800018370,0,7,0,0,2,8,19,B02
200800018371,0,7,0,0,1,2,1,A01
200800018372,0,7,0,0,2,4,15,A01
200800018372,0,7,0,0,2,1,1,B02
200800018373,0,14,0,0,2,1,1,A01
200800018373,0,7,0,0,2,8,19,B02
200800018374,0,10,0,0,1,1,1,A01
200800018375,0,7,0,0,2,8,1,A01
200800018375,0,1,0,0,2,8,1,B02
200800018376,0,7,0,13,0,1,6,A01
200800018377,0,7,0,0,0,5,2,A01
200800018378,0,7,0,0,2,1,19,A01
200800018378,0,17,0,0,2,7,1,B02
200800018379,0,7,0,0,1,7,1,A01
200800018380,0,3,0,0,0,5,9,A01
200800018380,0,38,0,0,0,1,1,B02
200800018381,0,7,0,0,2,1,5,A01
200800018381,0,14,0,0,2,1,0,B02
200800018382,0,7,0,8,0,3,1,A01
200800018383,0,7,0,0,2,1,1,B02
200800018383,0,7,0,0,2,8,19,A01
200800018384,0,7,0,0,1,4,1,A01
200800018385,0,7,0,13,0,9,12,A01
200800018386,0,33,0,9,0,2,1,A01
200800018387,0,31,0,13,0,1,1,A01
200800018388,0,33,0,0,0,8,1,A01
200800018389,0,7,0,0,2,1,2,A01
200800018389,0,7,0,0,2,4,23,B02
200800018390,0,7,0,0,2,3,19,A01
200800018390,0,7,0,0,2,2,1,B02
200800018391,0,30,0,0,2,1,1,A01
200800018391,0,7,0,0,2,3,1,B02
200800018392,0,10,0,0,2,1,2,A01
200800018392,0,7,0,0,2,4,2,B02
200800018393,0,33,0,0,9,1,17,A01
200800018393,0,21,0,0,0,6,15,B02
200800018394,0,10,0,6,9,2,17,A01
200800018394,0,14,0,0,2,3,15,B02
200800018395,0,30,0,16,0,0,1,A01
200800018396,0,33,0,0,6,1,1,A01
200800018397,0,7,0,0,1,7,1,A01
200800018398,0,7,0,13,0,7,2,A01
200800018399,0,7,0,13,0,1,1,A01
200800018400,0,7,0,0,2,2,13,A01
200800018400,0,38,0,0,2,3,1,B02
200800018401,0,7,0,0,1,8,1,A01
200800018402,0,21,0,0,0,6,21,A01