Num_Acc,senc,catv,occutc,obs,obsm,choc,manv,num_veh
200800018402,0,30,0,8,0,1,21,B02
200800018403,0,7,0,0,2,1,1,A01
200800018403,0,10,0,0,2,1,1,B02
200800018404,0,33,0,2,0,1,1,A01
200800018405,0,31,0,15,0,1,1,A01
200800018406,0,7,0,6,0,3,1,A01
200800018407,0,7,0,0,2,1,1,A01
200800018407,0,2,0,0,2,7,1,B02
200800018408,0,7,0,6,0,1,17,A01
200800018409,0,14,0,0,2,8,1,A01
200800018409,0,14,0,0,2,3,1,B02
200800018410,0,7,0,0,2,8,10,A01
200800018410,0,7,0,0,2,1,1,B02
200800018411,0,7,0,2,0,3,1,A01
200800018412,0,7,0,0,2,1,15,A01
200800018412,0,2,0,0,2,8,1,B02
200800018413,0,7,0,0,0,1,1,A01
200800018414,0,33,0,16,0,1,15,A01
200800018415,0,7,0,13,0,0,21,A01
200800018415,0,33,0,0,0,0,21,B02
200800018416,0,30,0,0,2,1,1,A01
200800018416,0,30,0,0,2,1,1,B02
200800018417,0,7,0,0,2,3,0,A01
200800018417,0,34,0,0,0,1,5,B02
200800018418,0,7,0,9,0,1,1,A01
200800018419,0,7,0,0,2,2,1,A01
200800018419,0,7,0,0,2,3,15,B02
200800018420,0,7,0,0,2,1,5,A01
200800018420,0,7,0,0,2,1,1,B02
200800018421,0,1,0,0,2,1,1,A01
200800018421,0,7,0,0,9,3,1,B02
200800018422,0,7,0,8,0,1,1,A01
200800018423,0,7,0,6,0,2,1,A01
200800018424,0,7,0,0,0,3,15,A01
200800018424,0,33,0,0,2,1,1,B02
200800018425,0,7,0,0,0,0,0,A01
200800018425,0,7,0,0,2,1,1,B02
200800018426,0,7,0,0,2,1,1,A01
200800018426,0,30,0,0,2,8,15,B02
200800018427,0,10,0,0,1,2,0,A01
200800018428,0,7,0,0,2,3,15,B02
200800018428,0,7,0,0,2,1,1,A01
200800018429,0,7,0,0,2,3,1,A01
200800018429,0,30,0,0,2,3,1,B02
200800018430,0,1,0,0,0,6,1,A01
200800018431,0,2,0,1,2,8,19,B02
200800018431,0,7,0,0,9,2,1,C03
200800018431,0,7,0,0,9,8,23,A01
200800018432,0,7,0,0,0,1,1,A01
200800018432,0,7,0,1,0,1,21,B02
200800018433,0,7,0,0,2,1,1,A01
200800018433,0,7,0,0,2,7,13,B02
200800018434,0,7,0,0,2,1,17,A01
200800018434,0,7,0,0,2,1,0,B02
200800018435,2,7,0,0,2,1,13,A01
200800018435,0,7,0,0,2,1,0,B02
200800018436,0,7,0,0,2,3,13,A01
200800018436,0,7,0,0,2,3,1,B02
200800018437,0,30,0,0,2,1,17,A01
200800018438,0,7,0,0,1,3,1,A01
200800018439,1,7,0,0,1,3,13,A01
200800018440,0,30,0,0,1,1,13,A01
200800018441,0,30,0,0,2,1,1,A01
200800018441,0,7,0,0,9,1,15,B02
200800018442,0,7,0,0,2,1,13,A01
200800018442,0,7,0,0,2,1,1,B02
200800018443,0,2,0,0,0,7,1,A01
200800018444,0,7,0,0,2,1,17,A01
200800018444,0,7,0,0,2,8,15,B02
200800018445,0,7,0,0,2,3,0,A01
200800018445,0,35,0,0,2,1,1,B02
200800018446,0,3,0,0,0,6,20,A01
200800018447,0,2,0,1,0,2,1,A01
200800018447,0,21,0,0,2,6,23,B02
200800018448,0,7,0,2,0,2,1,A01
200800018449,0,7,0,0,2,7,10,A01
200800018449,0,33,0,0,2,1,1,B02
200800018450,0,7,0,7,0,3,1,A01
200800018451,0,7,0,0,2,3,1,A01
200800018451,0,17,0,0,2,3,1,B02
200800018452,0,7,0,2,0,2,13,A01
200800018453,0,7,0,0,2,3,1,A01
200800018453,0,7,0,0,2,3,1,B02
200800018454,0,7,0,0,2,1,17,A01
200800018454,0,10,0,0,2,1,1,B02
200800018455,0,7,0,0,2,5,23,A01
200800018455,0,33,0,0,2,1,1,B02
200800018456,0,7,0,0,2,3,19,A01
200800018456,0,7,0,0,2,8,1,B02
200800018457,0,7,0,6,0,1,1,A01
200800018458,0,7,0,13,0,0,0,A01
200800018459,0,7,0,12,0,5,19,A01
200800018459,0,7,0,0,0,1,1,B02
200800018460,0,10,0,13,0,2,1,A01
200800018461,0,10,0,0,2,7,1,A01
200800018461,0,10,0,0,2,1,1,B02
200800018462,0,7,0,2,0,1,1,A01
200800018463,0,7,0,8,0,7,1,A01
200800018464,0,31,0,0,2,1,15,A01
200800018464,0,10,0,0,2,8,15,B02
200800018465,0,7,0,8,0,7,1,A01
200800018466,0,30,0,0,2,1,13,A01
200800018466,0,7,0,0,2,2,0,B02
200800018467,0,7,0,0,2,3,1,A01
200800018467,0,7,0,0,2,3,1,B02
200800018468,0,7,0,0,2,2,17,A01
200800018468,0,2,0,0,2,8,15,B02
200800018469,0,7,0,0,1,2,1,A01
200800018470,0,7,0,0,2,3,1,A01
200800018470,0,7,0,0,2,2,13,B02
200800018471,0,7,0,0,2,3,15,A01
200800018471,0,15,0,0,2,3,1,B02
200800018472,0,7,0,0,2,3,1,A01
200800018472,0,15,0,0,2,8,13,B02
200800018473,0,7,0,0,9,2,1,A01
200800018473,0,2,0,0,2,1,5,B02
200800018474,0,14,0,2,0,3,1,A01
200800018475,0,7,0,0,2,1,1,A01
200800018475,0,7,0,0,2,1,1,B02
200800018476,0,32,0,0,2,4,1,A01
200800018477,0,7,0,0,2,3,13,A01
200800018477,0,7,0,0,2,3,1,B02
200800018478,0,33,0,0,0,1,0,A01
200800018479,0,7,0,0,0,2,19,A01
200800018479,0,7,0,0,0,1,0,B02
200800018480,0,7,0,3,2,2,17,A01
200800018480,0,7,0,0,2,1,1,B02
200800018481,0,7,0,6,0,1,14,A01
200800018482,0,31,0,14,0,0,1,A01
200800018483,0,7,0,13,0,9,1,A01
200800018484,0,7,0,0,2,1,13,A01
200800018484,0,7,0,0,2,7,21,B02
200800018484,0,7,0,0,2,1,0,C03
200800018485,0,14,0,0,2,7,18,A01
200800018485,0,2,0,0,2,8,13,B02
200800018486,0,7,0,0,2,7,19,A01
200800018486,0,7,0,0,2,1,1,B02
200800018487,0,7,0,0,0,9,0,A01
200800018488,0,10,0,0,2,3,15,A01
200800018488,0,2,0,0,2,1,1,B02
200800018489,0,10,0,0,1,2,1,A01
200800018490,0,2,0,0,2,1,13,A01
200800018490,0,7,0,0,2,1,1,B02
200800018491,0,7,0,2,0,2,13,A01
200800018492,0,7,0,0,2,3,13,A01
200800018492,0,17,0,0,2,3,1,B02
200800018493,0,7,0,13,0,1,1,A01
200800018494,0,2,0,16,0,1,2,A01
200800018495,0,7,0,0,9,1,15,A01
200800018496,0,7,0,13,0,2,1,A01
200800018497,0,7,0,6,0,1,1,A01
200800018498,0,7,0,0,2,1,1,A01
200800018498,0,7,0,0,2,1,15,B02
200800018499,0,7,0,13,0,1,16,A01
200800018500,0,7,0,0,2,7,19,A01
200800018500,0,7,0,0,2,1,1,B02
200800018501,0,7,0,0,0,9,1,A01
200800018502,0,7,0,0,0,9,1,A01
200800018503,0,36,0,0,9,1,15,A01
200800018503,0,33,0,0,9,4,18,B02
200800018504,0,7,0,0,1,2,1,A01
200800018505,0,10,0,0,2,8,19,A01
200800018505,0,2,0,0,2,1,1,B02
200800018506,0,33,0,0,2,0,1,A01
200800018506,0,7,0,0,2,6,15,B02
200800018507,0,7,0,13,0,1,1,A01
200800018508,0,7,0,0,0,7,9,A01
200800018508,0,14,0,0,2,1,1,B02
200800018509,0,7,0,8,0,7,1,A01
200800018510,0,33,0,1,0,1,0,A01
200800018511,0,7,0,8,0,9,1,A01
200800018512,0,2,0,0,2,3,1,A01
200800018512,0,7,0,0,2,2,1,B02
200800018513,0,7,0,0,2,1,1,A01
200800018513,0,7,0,0,2,3,1,B02
200800018514,0,10,0,0,2,3,13,A01
200800018514,0,7,0,0,2,8,21,B02
200800018515,0,7,0,0,1,1,1,A01
200800018516,0,14,0,0,2,3,1,A01
200800018516,0,7,0,0,2,4,15,B02
200800018517,0,7,0,0,1,8,1,A01
200800018518,0,7,0,0,2,1,13,A01
200800018518,0,37,0,0,2,3,1,B02
200800018519,0,2,0,0,2,1,2,A01
200800018519,0,7,0,0,2,5,2,B02
200800018520,0,33,0,0,2,1,13,A01
200800018520,0,13,0,0,2,3,2,B02
200800018521,0,7,0,2,0,1,0,A01
200800018522,0,7,0,0,2,3,15,A01
200800018522,0,33,0,0,2,1,17,B02
200800018523,0,7,0,0,0,3,13,A01
200800018523,0,14,0,0,2,1,1,B02
200800018524,0,7,0,0,2,2,13,A01
200800018524,0,7,0,0,2,2,21,B02
200800018525,0,7,0,0,2,3,1,A01
200800018525,0,2,0,0,2,1,5,B02
200800018526,0,14,0,0,9,5,4,A01
200800018527,0,7,0,0,2,1,13,A01
200800018527,0,2,0,0,0,4,17,B02
200800018528,0,10,0,0,2,3,15,A01
200800018528,0,33,0,0,2,1,17,B02
200800018529,0,7,0,2,0,3,14,A01
200800018530,0,7,0,0,2,7,15,A01
200800018530,0,1,0,0,2,1,2,B02
200800018531,0,7,0,0,2,1,2,A01
200800018531,0,1,0,0,2,4,2,B02
200800018532,0,7,0,0,9,3,13,A01
200800018532,0,1,0,0,2,1,1,B02
200800018533,0,30,0,0,2,1,1,A01
200800018533,0,7,0,0,0,7,1,B02
200800018534,0,7,0,0,2,1,1,A01
200800018534,0,7,0,0,2,3,1,B02
200800018534,0,7,0,0,0,8,0,C03
200800018534,0,7,0,0,2,1,1,D04
200800018535,0,33,0,16,0,3,1,A01
200800018536,0,7,0,0,0,3,15,A01
200800018536,0,33,0,0,0,1,1,B02
200800018537,0,7,0,13,0,3,13,A01
200800018538,0,33,0,0,0,8,1,A01
200800018538,0,7,0,0,0,1,1,B02
200800018539,0,7,0,0,2,1,13,A01
200800018539,0,17,0,0,2,1,13,B02
200800018540,0,33,0,0,2,1,1,A01
200800018540,0,7,0,0,2,6,2,B02
200800018540,0,7,0,0,2,3,1,C03
200800018541,0,7,0,0,2,3,13,A01
200800018541,0,7,0,0,2,3,1,B02
200800018542,0,7,0,0,0,8,10,A01
200800018542,0,33,0,0,2,1,0,B02
200800018543,0,7,0,0,2,3,1,A01
200800018543,0,1,0,0,2,0,1,B02
200800018544,0,10,0,0,1,7,1,A01
200800018545,0,7,0,0,2,3,20,A01
200800018545,0,2,0,0,2,1,5,B02
200800018546,0,1,0,1,0,7,1,A01
200800018546,0,10,0,0,0,8,24,B02
200800018547,0,7,0,13,0,3,17,A01
200800018548,0,7,0,0,2,1,11,A01
200800018548,0,7,0,0,2,1,0,B01
200800018549,0,33,0,0,0,0,1,A01
200800018550,0,7,0,0,2,2,1,A01
200800018550,0,2,0,0,2,6,2,B01
200800018551,0,32,0,0,0,5,17,B01
200800018551,0,7,0,0,2,3,13,A01
200800018552,0,7,0,1,0,1,1,A01
200800018552,0,7,0,0,2,1,24,B01
200800018553,0,7,0,0,1,2,0,A01
200800018554,0,7,0,0,1,2,1,A01
200800018555,0,7,0,0,0,4,23,A01
200800018555,0,7,0,14,0,1,23,B01
200800018556,0,32,0,0,2,8,1,B01
200800018556,0,7,0,0,2,1,1,A01
200800018557,0,7,0,0,2,1,1,B01
200800018557,0,7,0,0,2,8,1,A01
200800018558,0,2,0,1,0,1,0,A01
200800018559,0,7,0,0,1,2,1,A01
200800018560,0,7,0,0,2,2,15,A01
200800018560,0,30,0,0,2,1,1,B01
200800018561,0,7,0,0,2,2,1,B01
200800018561,0,99,0,1,2,1,1,A01
200800018562,0,7,0,0,1,4,4,A01
200800018563,0,30,0,0,9,8,21,A01
200800018564,0,30,0,0,2,2,0,A01
200800018564,0,7,0,0,2,3,0,B01
200800018565,0,14,0,0,2,1,1,A01
200800018565,0,7,0,0,2,4,21,B01
200800018566,0,7,0,1,0,1,0,A01
200800018567,0,7,0,0,2,3,15,A01
200800018567,0,31,0,0,2,1,14,B01
200800018568,0,32,0,0,2,1,2,A01
200800018568,0,33,0,0,2,4,0,B01
200800018569,0,1,0,0,2,1,5,A01
200800018569,0,7,0,0,2,3,1,B01
200800018570,0,30,0,0,1,1,0,A01
200800018571,0,33,0,0,2,3,17,A01
200800018571,0,2,0,0,2,3,1,B01
200800018572,0,7,0,0,2,1,1,A01
200800018572,0,7,0,0,2,1,1,B01
200800018573,0,7,0,0,1,2,1,A01
200800018574,0,7,0,0,2,1,15,B01
200800018574,2,30,0,0,0,0,17,A01
200800018575,0,7,0,0,1,7,1,A01
200800018576,0,7,0,0,0,2,15,B01
200800018576,0,33,0,1,0,0,9,A01
200800018577,0,7,0,0,1,3,1,A01
200800018578,0,7,0,0,2,3,1,A01
200800018578,0,30,0,0,2,8,19,B01
200800018579,0,30,0,0,2,3,1,B01
200800018579,0,7,0,0,0,5,9,A01
200800018580,0,33,0,12,2,2,17,A01
200800018580,0,7,0,0,2,6,15,B01
200800018581,0,7,0,9,0,1,0,A01
200800018582,0,7,0,15,0,1,0,A01
200800018583,0,7,0,0,2,1,1,A01
200800018583,0,7,0,0,2,4,23,B01
200800018584,0,7,0,0,2,3,15,A01
200800018584,0,2,0,0,2,0,17,B01
200800018585,0,32,0,0,2,0,1,B01
200800018585,0,7,0,0,2,0,0,A01
200800018586,0,2,0,0,2,0,1,A01
200800018587,0,2,0,0,2,1,1,A01
200800018587,0,7,0,0,2,3,15,B01
200800018588,0,7,0,0,2,1,5,A01
200800018588,0,1,0,0,2,1,1,B01
200800018589,0,7,0,0,1,1,1,A01
200800018590,0,7,0,5,0,2,2,A01
200800018591,0,7,0,4,0,3,1,A01
200800018591,0,7,0,0,2,1,2,B01
200800018592,0,7,0,0,2,3,2,A01
200800018592,0,33,0,0,2,2,2,B01
200800018593,0,7,0,0,2,1,2,A01
200800018593,0,7,0,0,0,4,1,B01
200800018594,0,7,0,0,2,1,2,A01
200800018594,0,7,0,0,2,4,2,B01
200800018594,0,7,0,0,2,4,1,C01
200800018595,2,7,0,0,2,1,0,A01
200800018595,0,7,0,6,2,2,1,B01
200800018596,0,7,0,0,2,7,5,A01
200800018596,0,33,0,0,2,1,1,B01
200800018596,0,7,0,0,2,3,1,C01
200800018597,0,10,0,0,2,1,1,A01
200800018597,0,7,0,0,2,4,1,B01
200800018598,0,10,0,4,0,1,14,A01
200800018598,0,15,0,4,2,3,1,B01
200800018599,0,31,0,0,9,1,1,A01
200800018600,0,2,0,3,2,2,5,A01
200800018600,0,7,0,3,2,7,1,B01
200800018601,0,7,0,0,2,1,1,B01
200800018601,0,7,0,0,2,7,0,A01
200800018602,0,7,0,0,2,1,2,A01
200800018602,0,7,0,0,2,1,13,B01
200800018602,0,7,0,0,2,6,2,C01
200800018603,0,7,0,13,0,9,1,A01
200800018604,0,7,0,0,2,1,2,A01
200800018604,0,7,0,0,2,4,2,B01
200800018605,0,7,0,1,1,3,2,A01
200800018606,0,15,0,0,2,1,1,B01
200800018606,0,7,0,0,2,8,0,A01
200800018607,0,7,0,0,2,1,15,A01
200800018607,0,33,0,0,2,8,1,B01
200800018608,0,10,0,0,2,1,15,A01
200800018608,0,33,0,0,2,3,1,B01
200800018609,0,33,0,6,0,8,2,A01
200800018610,0,33,0,0,2,1,1,B01
200800018610,0,7,0,0,2,7,15,A01
200800018611,0,7,0,12,1,2,2,A01
200800018612,0,7,0,0,1,1,0,A01
200800018613,0,7,0,0,1,1,1,A01
200800018614,0,7,0,0,2,8,2,A01
200800018614,0,1,0,0,2,2,16,B01
200800018615,0,7,0,0,2,6,20,A01
200800018615,0,33,0,0,2,2,0,B01
200800018616,1,7,0,0,2,0,0,A01
200800018616,0,1,0,0,2,0,0,B01
200800018617,0,7,0,2,0,1,15,A01
200800018618,0,10,0,10,2,1,1,A01
200800018618,0,7,0,0,2,4,1,B01
200800018618,0,7,0,0,2,4,1,C01
200800018619,1,10,0,0,1,0,0,A01
200800018620,0,37,27,0,1,2,1,A01
200800018621,0,7,0,0,4,8,13,A01
200800018621,0,40,0,0,2,1,1,B01
200800018622,0,30,0,1,2,1,1,A01
200800018622,0,7,0,0,2,3,1,B01
200800018623,0,7,0,14,0,1,1,A01
200800018624,0,10,0,2,0,2,0,A01
200800018625,0,7,0,0,1,7,1,A01
200800018626,0,30,0,0,2,1,17,A01
200800018626,0,7,0,0,0,2,19,B01
200800018627,0,7,0,6,0,1,2,A01
200800018628,0,7,0,0,1,1,1,A01
200800018629,0,30,0,0,0,1,1,A01
200800018630,1,7,0,0,1,8,0,A01
200800018631,0,10,0,0,1,1,2,A01
200800018632,0,7,0,0,0,1,2,A01
200800018632,0,7,0,0,0,4,1,B01
200800018633,0,7,0,0,0,5,0,A01
200800018633,0,31,0,0,0,1,0,B01
200800018634,0,1,0,0,2,7,2,B01
200800018634,0,15,0,0,9,8,13,A01
200800018635,0,7,0,0,2,1,1,A01
200800018635,0,1,0,0,0,4,1,B01
200800018636,0,7,0,0,0,2,0,A01
200800018636,0,7,0,0,0,3,0,B01
200800018637,0,7,0,12,2,9,2,A01
200800018637,0,13,0,0,2,4,0,B01
200800018637,0,14,0,0,2,7,2,C01
200800018638,0,7,0,0,2,3,4,A01
200800018638,0,1,0,0,2,1,0,B01
200800018639,0,99,0,0,2,3,13,A01
200800018639,0,7,0,0,2,3,1,B01
200800018639,0,7,0,0,2,3,2,C01
200800018640,0,30,0,0,2,1,1,B01
200800018640,1,7,0,0,2,2,15,A01
200800018641,0,7,0,0,1,5,4,A01
200800018642,0,7,0,0,2,3,19,B01
200800018642,0,7,0,0,2,2,1,A01
200800018643,0,2,0,0,2,1,1,B01
200800018643,0,7,0,0,2,3,11,A01
200800018644,0,2,0,0,2,0,21,A01
200800018645,0,10,0,0,1,5,1,A01
200800018646,0,7,0,0,1,2,1,A01
200800018647,0,7,0,8,0,1,1,A01
200800018648,0,7,0,0,2,1,13,A01
200800018648,0,7,0,0,2,1,1,B01
200800018649,0,7,0,0,2,1,2,A01
200800018649,0,7,0,0,2,1,2,B01
200800018649,0,7,0,0,0,4,2,C01
200800018650,0,7,0,0,2,1,15,A01
200800018650,0,30,0,0,2,7,1,B01
200800018651,0,33,0,0,2,3,2,A01
200800018651,1,14,0,0,0,0,2,B01
200800018652,0,1,0,0,2,2,0,B01
200800018652,0,7,0,0,2,1,1,A01
200800018653,0,1,0,0,2,0,1,B01
200800018653,0,7,0,0,2,8,1,A01
200800018654,0,1,0,0,2,3,0,B01
200800018654,0,7,0,0,9,1,16,A01
200800018655,0,7,0,0,1,8,1,A01
200800018656,0,7,0,0,2,7,1,B01
200800018656,0,7,0,9,2,8,16,A01
200800018657,0,7,0,0,2,8,15,B01
200800018657,0,30,0,0,2,1,1,A01
200800018658,0,7,0,0,2,1,15,A01
200800018658,0,2,0,0,2,1,1,B01
200800018659,0,7,0,0,2,1,1,A01
200800018659,0,7,0,8,2,4,1,B01
200800018660,0,7,0,0,2,7,1,A01
200800018660,0,7,0,0,2,1,1,B01
200800018661,0,7,0,0,2,0,15,A01
200800018661,0,33,0,0,2,8,1,B01
200800018662,0,7,0,0,2,8,19,A01
200800018662,0,14,0,0,2,1,21,B01
200800018663,0,2,0,0,2,1,1,B01
200800018663,0,7,0,0,2,6,1,A01
200800018664,0,30,0,0,2,1,1,A01
200800018664,0,7,0,0,2,1,1,B01
200800018665,0,31,0,0,0,0,0,A01
200800018666,0,7,0,3,2,3,2,A01
200800018666,0,7,0,0,0,4,0,B01
200800018667,1,7,0,0,2,1,0,A01
200800018667,0,7,0,0,2,3,0,B01
200800018668,0,7,0,5,2,1,1,B01
200800018668,0,10,0,0,2,3,19,A01
200800018669,0,7,0,0,1,4,20,A01
200800018670,0,99,0,0,0,2,1,A01
200800018671,0,30,0,12,0,2,1,A01
200800018672,0,7,0,0,2,3,1,B01
200800018672,0,7,0,0,2,5,15,A01
200800018673,0,7,0,0,2,4,2,B01
200800018673,0,7,0,0,2,1,1,A01
200800018674,0,7,0,0,1,1,0,A01
200800018675,0,7,0,0,1,7,15,A01
200800018676,0,7,0,0,1,1,1,A01
200800018677,0,31,0,7,2,1,0,A01
200800018677,0,7,0,0,2,2,2,B01
200800018678,0,10,0,0,2,8,2,A01
200800018678,0,2,0,0,2,7,17,B01
200800018679,0,7,0,0,2,1,1,A01
200800018679,0,1,0,0,2,1,19,B01
200800018680,0,7,0,0,2,1,19,A01
200800018680,0,7,0,0,2,6,1,B01
200800018681,0,7,0,0,1,4,23,A01
200800018682,0,7,0,0,1,6,1,A01
200800018683,0,7,0,0,2,2,1,A01
200800018683,0,7,0,0,2,2,1,B01
200800018684,0,7,0,0,2,2,9,A01
200800018684,0,1,0,0,2,6,1,B01
200800018685,0,7,0,0,9,2,1,A01
200800018685,0,33,0,0,2,1,1,B01
200800018686,0,17,0,0,2,5,5,A01
200800018686,0,7,0,0,2,1,1,B01
200800018687,0,2,0,0,2,1,1,B01
200800018687,0,7,0,0,2,2,19,A01
200800018688,0,2,0,0,1,1,1,A01
200800018689,0,7,0,2,2,3,13,A01
200800018689,0,7,0,0,2,1,1,B01
200800018690,0,7,0,6,0,1,13,A01
200800018691,0,7,0,0,2,2,2,A01
200800018691,0,7,0,0,2,3,2,B01
200800018692,0,7,0,0,1,1,1,A01
200800018693,0,7,0,0,0,1,19,B01
200800018693,0,33,0,0,2,2,17,A01
200800018694,1,7,0,0,1,1,0,A01
200800018695,0,7,0,9,0,2,14,A01
200800018696,0,33,0,0,2,1,18,A01
200800018696,0,7,0,0,2,5,15,B01
200800018697,0,7,0,2,0,2,14,A01
200800018698,0,7,0,0,1,1,1,A01
200800018699,0,2,0,8,0,0,17,A01
200800018700,0,7,0,0,2,3,9,B01
200800018700,0,7,0,0,2,1,1,A01
200800018701,0,2,0,0,2,8,0,A01
200800018701,0,7,0,0,2,8,1,B01
200800018702,0,1,0,0,2,7,1,B01
200800018702,0,7,0,0,9,1,9,A01
200800018703,0,7,0,0,1,3,1,A01
200800018704,0,7,0,0,1,1,1,A01
200800018705,1,10,0,0,2,0,1,A01
200800018705,0,7,0,0,2,4,1,B01
200800018706,0,33,0,0,2,3,1,B01
200800018706,0,7,0,0,2,7,15,A01
200800018707,0,7,0,0,9,4,4,A01
200800018707,0,2,0,0,2,1,1,B01
200800018708,0,34,0,0,2,0,17,A01
200800018708,0,7,0,0,2,0,15,B01
200800018708,0,32,0,0,0,0,0,C01
200800018709,0,32,0,0,2,3,0,A01
200800018709,0,7,0,0,2,2,15,B01
200800018710,0,32,0,0,1,1,5,A01
200800018711,0,10,0,0,2,5,15,A01
200800018711,0,32,0,0,2,2,1,B01
200800018712,0,7,0,0,1,2,16,A01
200800018713,0,2,0,0,2,1,1,B01
200800018713,0,17,0,0,0,6,9,A01
200800018714,0,7,0,0,2,3,1,A01
200800018714,0,32,0,0,2,3,1,B01
200800018715,0,30,0,0,2,1,1,A01
200800018715,0,7,0,0,2,3,15,B01
200800018716,0,7,0,0,1,1,0,A01
200800018717,0,7,0,1,0,1,1,A01
200800018717,0,7,0,0,0,6,24,B01
200800018718,0,2,0,0,2,0,0,A01
200800018718,0,1,0,0,2,0,0,B01
200800018719,0,33,0,0,2,2,17,A01
200800018719,0,7,0,0,2,8,15,B01
200800018720,0,10,0,0,9,1,9,A01
200800018720,0,30,0,0,2,2,1,B01
200800018721,0,7,0,0,2,7,15,A01
200800018721,0,2,0,0,2,1,1,B01
200800018722,0,7,0,0,2,1,2,A01
200800018722,0,7,0,0,0,4,2,B01
200800018723,0,7,0,0,2,2,10,A01
200800018723,0,32,0,1,2,7,1,B01
200800018724,0,31,0,0,1,1,1,A01
200800018725,0,7,0,0,2,2,2,A01
200800018725,0,7,0,0,2,6,2,B01
200800018726,0,7,0,0,2,2,15,A01
200800018726,0,7,0,0,2,8,1,B01
200800018727,0,10,0,0,2,2,15,A01
200800018727,0,31,0,0,2,1,18,B01
200800018728,0,32,0,7,0,8,17,A01
200800018728,0,7,0,0,0,0,1,B01
200800018729,0,7,0,0,2,1,2,A01
200800018729,0,7,0,0,2,4,2,B01
200800018729,0,7,0,0,2,4,2,C01
200800018730,0,7,0,0,2,6,15,B01
200800018730,0,30,0,0,2,1,1,A01
200800018731,0,7,0,0,2,6,15,A01
200800018731,0,33,0,0,2,1,1,B01
200800018732,0,7,0,0,1,5,4,A01
200800018733,0,10,0,0,2,1,2,A01
200800018733,0,7,0,0,2,4,2,B01
200800018733,0,7,0,0,2,4,2,C01
200800018733,0,7,0,0,2,4,2,D01
200800018734,0,7,0,0,2,1,2,A01
200800018734,0,7,0,0,2,4,2,B01
200800018735,0,33,0,0,1,1,1,A01
200800018736,0,2,0,0,2,1,2,A01
200800018736,0,7,0,0,2,6,2,B01
200800018737,0,7,0,0,2,3,2,A01
200800018737,0,7,0,0,2,3,23,B01
200800018738,0,7,0,0,2,2,16,A01
200800018738,0,32,0,0,2,8,1,B01
200800018739,0,2,0,1,2,1,13,A01
200800018739,0,7,0,0,2,3,13,B01
200800018740,0,2,0,0,2,1,15,A01
200800018740,0,7,0,0,2,2,1,B01
200800018741,0,31,0,0,2,1,5,A01
200800018741,0,7,0,0,2,3,15,B01
200800018742,1,7,0,0,1,0,0,A01
200800018743,0,2,0,0,2,1,2,A01
200800018743,0,7,0,0,2,6,2,B01
200800018744,0,7,0,0,2,8,15,A01
200800018744,0,10,0,0,2,1,1,B01
200800018745,0,7,0,0,2,1,2,A01
200800018745,0,30,0,0,2,4,2,B01
200800018746,0,7,0,0,2,2,22,A01
200800018746,0,31,0,0,2,1,18,B01
200800018747,0,7,0,0,2,7,15,A01
200800018747,0,30,0,0,2,1,1,B01
200800018748,0,7,0,0,1,1,1,A01
200800018749,0,30,0,0,2,1,2,A01
200800018749,0,7,0,0,2,4,1,B01
200800018750,0,32,0,0,1,1,15,A01
200800018751,0,7,0,0,2,1,15,A01
200800018751,0,33,0,0,2,1,1,B01
200800018752,0,33,0,1,0,1,1,A01
200800018753,0,1,0,0,2,1,13,A01
200800018753,0,7,0,0,2,3,1,B01
200800018754,0,7,0,1,1,2,0,A01
200800018755,0,7,0,0,2,1,15,B01
200800018755,0,30,0,0,2,1,1,A01
200800018756,0,7,0,0,2,1,15,A01
200800018757,0,7,0,12,9,1,14,A01
200800018758,0,7,0,0,2,3,1,A01
200800018758,0,33,0,0,2,1,1,B01
200800018759,0,7,0,0,1,1,1,A01
200800018760,0,30,0,0,2,1,0,A01
200800018761,0,7,0,0,2,3,15,A01
200800018761,0,30,0,0,2,1,1,B01
200800018762,0,7,0,0,2,2,2,A01
200800018762,0,7,0,0,2,3,1,B01
200800018763,0,2,0,0,2,1,2,A01
200800018763,0,7,0,0,2,4,1,B01
200800018764,0,30,0,1,2,1,1,A01
200800018764,0,7,0,1,2,5,1,B01
200800018765,0,7,0,0,2,1,1,A01
200800018765,0,32,0,0,2,1,1,B01
200800018766,0,30,0,0,2,2,0,B01
200800018766,0,7,0,0,2,6,1,A01
200800018767,0,38,0,0,1,6,4,A01
200800018768,1,7,0,0,2,1,2,A01
200800018768,0,7,0,0,2,4,1,B01
200800018769,0,33,0,0,0,1,0,A01
200800018770,0,32,0,11,0,1,13,A01
200800018771,0,7,0,0,2,1,1,A01
200800018772,0,7,0,0,2,1,15,A01
200800018773,0,7,0,0,1,4,4,A01
200800018774,0,7,0,0,2,1,15,C01
200800018774,0,7,0,0,2,5,15,A01
200800018774,0,33,0,0,2,1,1,B01
200800018774,0,7,0,0,2,1,1,D01
200800018775,0,7,0,0,2,7,15,A01
200800018775,0,2,0,0,2,1,8,B01
200800018776,0,7,0,0,2,1,0,A01
200800018776,0,32,0,0,2,1,1,B01
200800018777,0,7,0,0,1,1,1,A01
200800018778,0,32,0,0,2,1,1,B01
200800018778,0,7,0,0,2,3,15,A01
200800018779,0,7,0,0,1,4,4,A01
200800018780,0,2,0,0,2,1,1,B01
200800018780,0,7,0,0,2,5,15,A01
200800018781,0,2,0,0,1,1,0,A01