Num_Acc,senc,catv,occutc,obs,obsm,choc,manv,num_veh
200800018782,0,3,0,1,0,1,1,A01
200800018783,0,2,0,0,2,7,17,A01
200800018783,0,7,0,0,0,8,1,B01
200800018784,0,7,0,1,0,9,0,A01
200800018785,0,2,0,0,2,1,1,A01
200800018785,0,7,0,0,0,4,23,B01
200800018786,0,10,0,0,2,1,1,A01
200800018786,0,10,0,0,0,4,23,B01
200800018787,0,7,0,0,1,2,15,A01
200800018788,0,2,0,0,2,1,17,A01
200800018788,0,7,0,0,0,3,15,B01
200800018789,0,7,0,0,2,1,1,A01
200800018789,0,7,0,0,0,4,23,B01
200800018790,0,2,0,0,0,0,0,A01
200800018791,0,7,0,6,0,9,0,A01
200800018792,0,2,0,0,2,1,17,A01
200800018792,0,7,0,0,0,6,15,B01
200800018793,0,13,0,0,2,1,1,A01
200800018793,0,7,0,0,0,4,15,B01
200800018794,0,7,0,10,0,0,0,A01
200800018795,0,36,0,0,0,5,0,A01
200800018796,0,7,0,6,0,0,0,A01
200800018797,0,7,0,3,0,0,0,A01
200800018798,0,7,0,0,2,3,13,A01
200800018798,0,7,0,0,0,8,1,B01
200800018798,0,7,0,0,0,8,1,C01
200800018799,0,7,0,0,1,1,9,A01
200800018800,0,7,0,0,2,1,1,A01
200800018800,0,7,0,0,2,4,1,B01
200800018800,0,7,0,0,0,8,1,C01
200800018801,0,35,0,0,1,4,4,A01
200800018802,0,30,0,0,2,1,1,A01
200800018802,0,7,0,0,0,5,16,B01
200800018803,0,33,0,0,0,0,0,A01
200800018804,0,33,0,0,2,7,17,A01
200800018804,0,7,0,0,2,8,1,B01
200800018805,0,7,0,0,2,1,1,A01
200800018805,0,7,0,0,2,4,1,B01
200800018805,0,7,0,0,0,4,1,C01
200800018806,0,30,0,0,2,1,15,A01
200800018806,0,7,0,0,2,1,1,B01
200800018807,0,7,0,0,0,7,9,A01
200800018807,0,34,0,0,2,1,1,B01
200800018808,0,2,0,0,2,1,17,A01
200800018808,0,7,0,0,0,8,15,B01
200800018809,0,7,0,15,0,2,14,A01
200800018810,0,2,0,0,0,0,0,A01
200800018811,0,31,0,0,2,1,0,A01
200800018811,0,7,0,0,0,5,1,B01
200800018812,0,32,0,0,0,0,0,A01
200800018813,0,7,0,0,0,8,22,A01
200800018813,0,31,0,0,2,7,1,B01
200800018813,0,7,0,0,0,7,17,C01
200800018814,0,7,0,0,1,2,16,A01
200800018815,0,3,0,0,0,6,1,A01
200800018815,0,7,0,0,2,0,0,B01
200800018816,0,7,0,0,1,1,1,A01
200800018817,0,2,0,0,0,0,0,A01
200800018818,0,2,0,0,2,1,17,A01
200800018818,0,7,0,0,0,4,15,B01
200800018819,0,7,0,0,2,7,15,A01
200800018819,0,34,0,0,2,2,1,B01
200800018820,0,7,0,0,2,1,2,A01
200800018820,0,7,0,0,0,4,2,B01
200800018821,0,7,0,0,0,8,10,A01
200800018821,0,32,0,0,2,1,1,B01
200800018822,0,7,0,0,0,3,13,A01
200800018822,0,7,0,0,2,3,1,B01
200800018823,0,30,0,0,2,1,9,A01
200800018823,0,7,0,0,0,3,1,B01
200800018824,0,7,0,0,2,1,13,A01
200800018824,0,7,0,0,0,6,1,B01
200800018824,0,7,0,0,0,0,1,C01
200800018825,0,32,0,0,2,1,1,A01
200800018825,0,7,0,0,0,5,23,B01
200800018826,0,7,0,0,2,1,1,A01
200800018826,0,1,0,0,0,9,1,B01
200800018827,0,32,0,1,0,1,1,A01
200800018827,0,7,0,0,0,0,1,C01
200800018828,0,10,0,0,1,3,1,A01
200800018829,0,2,0,14,0,1,2,A01
200800018829,0,7,0,0,0,4,23,B01
200800018830,0,7,0,0,2,5,15,A01
200800018830,0,32,0,0,2,1,1,B01
200800018831,0,7,0,0,1,1,0,A01
200800018832,0,1,0,0,2,0,1,B01
200800018832,0,7,0,0,2,0,9,A01
200800018833,0,7,0,0,2,1,13,A01
200800018833,0,7,0,0,2,1,1,B01
200800018834,0,33,0,0,2,3,1,A01
200800018834,0,7,0,0,2,2,15,B01
200800018835,0,7,0,0,2,1,1,A01
200800018835,0,1,0,0,2,4,1,B01
200800018836,0,33,0,0,1,3,1,A01
200800018837,0,7,0,6,2,1,13,A01
200800018837,0,7,0,0,0,6,1,B01
200800018838,0,2,0,0,2,1,13,A01
200800018838,0,7,0,0,2,3,0,B01
200800018839,0,31,0,0,2,3,1,B01
200800018839,0,7,0,0,2,1,9,A01
200800018840,0,2,0,0,2,1,7,B01
200800018840,0,7,0,0,2,2,16,A01
200800018841,0,7,0,0,2,1,1,A01
200800018841,0,7,0,0,2,4,1,B01
200800018842,0,2,0,0,0,0,1,A01
200800018842,1,99,0,0,0,0,0,B01
200800018843,0,34,0,0,2,1,1,B01
200800018843,0,2,0,0,2,1,1,A01
200800018844,0,7,0,0,2,0,0,A01
200800018844,0,2,0,0,2,1,0,B01
200800018845,0,30,0,0,2,1,2,A01
200800018845,0,7,0,0,2,6,2,B01
200800018846,1,7,0,0,1,1,1,A01
200800018847,0,7,0,0,2,2,15,A01
200800018847,0,32,0,0,2,1,1,B01
200800018848,0,1,0,0,2,8,0,A01
200800018848,0,33,0,0,2,1,2,B01
200800018849,0,33,0,0,2,8,1,B01
200800018849,0,7,0,0,2,1,1,A01
200800018850,0,7,0,0,1,4,4,A01
200800018851,0,1,0,0,2,1,19,A01
200800018851,0,7,0,0,2,2,1,B01
200800018852,0,7,0,0,2,8,13,A01
200800018852,0,7,0,6,0,5,1,B01
200800018853,0,7,0,0,1,1,1,A01
200800018854,0,7,0,0,2,6,15,A01
200800018854,0,31,0,0,2,7,2,B01
200800018855,0,7,0,0,2,6,23,A01
200800018855,0,31,0,0,2,1,0,B01
200800018856,0,2,0,14,0,1,2,A01
200800018856,0,7,0,0,0,4,23,B01
200800018857,0,2,0,1,0,1,14,A01
200800018858,0,7,0,0,1,1,1,A01
200800018859,0,7,0,1,2,7,1,B01
200800018859,0,2,0,0,2,1,1,A01
200800018860,0,32,0,0,2,3,15,B01
200800018860,0,10,0,0,2,1,15,A01
200800018861,0,7,0,0,2,3,16,B01
200800018861,0,2,0,0,2,1,15,A01
200800018862,0,99,0,0,2,3,2,A01
200800018862,0,7,0,0,0,4,2,B01
200800018863,0,7,0,0,2,2,15,A01
200800018863,0,32,0,0,2,3,0,B01
200800018864,0,10,0,0,1,3,15,A01
200800018865,0,2,0,0,0,7,1,A01
200800018866,0,2,0,0,1,1,2,A01
200800018867,0,7,0,1,2,5,2,A01
200800018867,0,7,0,0,2,1,0,B01
200800018868,0,30,0,0,2,1,7,A01
200800018868,0,10,0,0,2,8,15,B01
200800018869,0,7,0,0,2,2,19,A01
200800018869,0,31,0,0,2,1,1,B01
200800018870,0,10,0,8,2,2,1,A01
200800018870,0,38,2,0,2,3,1,B01
200800018871,0,31,0,0,2,1,1,B01
200800018871,0,37,0,0,2,1,15,A01
200800018872,0,10,0,0,1,3,15,A01
200800018873,0,7,0,0,2,0,10,A01
200800018873,0,33,0,0,2,8,1,B01
200800018874,0,13,0,0,2,7,14,A01
200800018874,0,33,0,0,2,7,1,B01
200800018875,0,10,0,0,1,4,20,A01
200800018876,0,7,0,0,1,2,1,A01
200800018877,0,7,0,0,2,1,5,A01
200800018877,0,34,0,0,2,7,1,B01
200800018878,0,1,0,6,0,0,1,A01
200800018879,0,7,0,0,2,1,1,B01
200800018879,0,7,0,0,2,7,1,A01
200800018880,0,7,0,0,2,0,0,A01
200800018880,0,2,0,0,2,0,0,B01
200800018881,0,2,0,0,2,0,1,A01
200800018881,0,37,1,0,2,0,16,B01
200800018882,0,10,0,14,0,1,2,A01
200800018882,0,7,0,0,0,4,2,B01
200800018883,0,7,0,0,1,2,1,A01
200800018884,0,32,0,0,1,8,12,A01
200800018885,0,7,0,0,2,8,15,A01
200800018885,0,31,0,0,2,1,1,B01
200800018886,0,7,0,0,2,6,11,A01
200800018886,0,33,0,0,2,7,1,B01
200800018887,0,2,0,0,2,3,15,A01
200800018887,0,33,0,0,2,7,1,B01
200800018888,0,2,0,0,1,1,1,A01
200800018889,0,1,0,0,1,1,1,A01
200800018890,0,32,0,0,2,7,17,A01
200800018890,0,7,0,0,2,8,1,B01
200800018891,0,31,0,0,1,1,1,A01
200800018892,0,17,0,0,1,7,15,A01
200800018893,0,2,0,0,0,0,1,A01
200800018894,0,7,0,0,1,3,1,A01
200800018895,0,2,0,0,2,1,1,A01
200800018895,0,7,0,0,0,0,15,B01
200800018896,0,7,0,8,2,1,1,A01
200800018896,0,7,0,0,2,1,1,B01
200800018897,0,7,0,0,1,1,16,A01
200800018898,0,2,0,0,1,0,2,A01
200800018899,0,7,0,0,2,1,13,A01
200800018899,0,7,0,0,2,3,1,B01
200800018900,0,7,0,0,2,8,1,B01
200800018900,0,7,0,0,2,1,1,A01
200800018901,0,30,0,0,2,8,1,A01
200800018901,0,7,0,0,2,7,17,B01
200800018902,0,7,0,0,1,1,1,A01
200800018903,0,7,0,0,2,6,1,B01
200800018903,0,7,0,0,2,1,1,A01
200800018904,0,7,0,0,1,3,1,A01
200800018905,0,7,0,0,2,1,2,B01
200800018905,0,7,0,0,2,5,2,A01
200800018905,0,7,0,0,2,1,2,C01
200800018906,0,7,0,0,2,2,15,A01
200800018906,0,7,0,8,2,1,1,B01
200800018907,0,7,0,3,0,1,19,A01
200800018908,0,7,0,0,2,2,10,A01
200800018908,0,30,0,8,2,1,2,B01
200800018909,0,7,0,8,0,1,1,A01
200800018910,0,7,0,0,1,1,16,A01
200800018911,0,2,0,0,1,3,1,A01
200800018912,0,7,0,0,1,4,4,A01
200800018913,0,32,0,0,2,1,0,A01
200800018913,0,32,0,0,2,0,1,B01
200800018914,0,7,0,0,2,1,1,B01
200800018914,0,7,0,0,2,2,15,A01
200800018915,0,7,0,0,2,2,10,A01
200800018915,0,32,0,0,2,1,1,B01
200800018916,0,7,0,0,2,1,1,A01
200800018916,0,7,0,0,2,4,23,B01
200800018916,0,7,0,0,2,4,23,C01
200800018917,0,7,0,0,1,3,1,A01
200800018918,0,10,0,0,2,2,9,A01
200800018918,0,31,0,0,2,1,2,B01
200800018919,0,7,0,0,2,1,9,B01
200800018919,0,30,0,0,2,7,2,A01
200800018920,0,33,0,0,2,1,1,B01
200800018920,0,7,0,0,2,8,1,A01
200800018921,0,7,0,0,2,4,15,A01
200800018921,0,7,0,0,2,3,2,B01
200800018921,0,10,0,0,2,0,2,C01
200800018922,0,10,0,0,2,1,1,A01
200800018922,0,30,0,0,2,4,0,B01
200800018923,0,32,0,14,0,1,1,A01
200800018923,0,7,0,0,2,4,1,B01
200800018924,0,7,0,0,2,1,3,A01
200800018924,0,7,0,0,2,1,1,B01
200800018925,0,2,0,0,2,1,2,B01
200800018925,0,7,0,0,2,5,2,A01
200800018926,0,7,0,6,1,3,0,A01
200800018927,0,7,0,0,2,3,15,A01
200800018927,0,31,0,0,2,1,1,B01
200800018928,0,32,0,0,2,1,5,A01
200800018928,0,7,0,0,2,3,15,B01
200800018929,0,7,0,0,2,3,9,A01
200800018929,0,30,0,0,2,2,2,B01
200800018930,0,2,0,0,2,7,1,B01
200800018930,0,7,0,0,2,3,1,A01
200800018931,0,7,0,0,2,1,9,A01
200800018931,0,7,0,0,2,2,1,B01
200800018932,0,31,0,0,1,1,1,A01
200800018933,0,7,0,0,2,3,15,A01
200800018933,0,2,0,0,2,1,1,B01
200800018934,0,31,0,0,2,3,18,A01
200800018934,0,7,0,0,2,2,23,B01
200800018935,0,7,0,0,1,1,1,A01
200800018936,0,7,0,1,2,6,1,B01
200800018936,0,7,0,0,2,1,1,A01
200800018937,0,7,0,0,1,4,4,A01
200800018938,0,7,0,0,2,7,16,A01
200800018938,0,1,0,0,2,3,2,B01
200800018939,0,7,0,0,2,2,15,A01
200800018939,0,33,0,0,2,1,2,B01
200800018940,0,33,0,0,2,0,1,A01
200800018940,0,7,0,0,2,6,23,B01
200800018941,0,2,0,0,0,0,0,A01
200800018942,0,7,0,0,1,1,1,A01
200800018943,0,33,0,1,0,1,10,A01
200800018944,0,7,0,0,1,2,1,A01
200800018945,0,7,0,0,2,5,15,A01
200800018945,0,33,0,0,2,1,1,B01
200800018946,0,7,0,8,2,8,1,B01
200800018946,0,7,0,0,2,2,19,A01
200800018947,0,7,0,0,1,1,1,A01
200800018948,0,2,0,0,2,3,17,A01
200800018948,0,7,0,0,2,3,1,B01
200800018949,0,7,0,0,2,6,1,B01
200800018949,0,7,0,14,2,6,11,C01
200800018949,0,7,0,0,2,3,13,A01
200800018950,0,2,0,0,2,1,17,B01
200800018950,0,7,0,0,2,3,17,A01
200800018951,0,7,0,0,1,8,1,A01
200800018952,0,7,0,0,2,3,9,A01
200800018952,0,2,0,0,2,1,1,B01
200800018953,0,30,0,0,2,1,17,A01
200800018953,0,7,0,0,0,8,15,B01
200800018954,0,30,0,0,2,1,0,B01
200800018954,0,7,0,0,2,2,15,A01
200800018955,0,7,0,0,2,7,0,A01
200800018955,0,2,0,0,2,1,2,B01
200800018956,0,38,3,0,2,3,15,B01
200800018956,0,7,0,0,2,2,1,A01
200800018957,0,7,0,0,2,1,1,A01
200800018957,0,7,0,0,2,5,23,B01
200800018957,0,7,0,0,2,4,23,C01
200800018958,0,2,0,1,0,8,1,A01
200800018958,0,7,0,0,2,4,24,B01
200800018959,0,7,0,0,2,3,15,B01
200800018959,0,2,0,0,2,1,17,A01
200800018960,0,7,0,2,0,1,16,A01
200800018961,0,7,0,0,2,1,1,B01
200800018961,0,7,0,0,2,2,15,A01
200800018962,0,7,0,0,2,0,0,B01
200800018962,0,30,0,0,2,1,1,A01
200800018963,0,7,0,0,1,0,13,A01
200800018963,0,33,0,0,2,0,1,B01
200800018964,0,7,0,0,2,1,1,A01
200800018964,0,7,0,0,2,3,15,B01
200800018965,0,7,0,0,2,3,15,A01
200800018965,0,30,0,0,2,1,17,B01
200800018966,0,1,0,0,0,0,0,A01
200800018967,0,7,0,0,2,1,0,A01
200800018967,0,7,0,0,2,0,1,B01
200800018968,0,7,0,0,1,3,1,A01
200800018969,0,7,0,6,0,2,14,A01
200800018970,0,2,0,0,2,1,19,A01
200800018970,0,7,0,0,2,8,1,B01
200800018971,0,7,0,0,2,1,2,A01
200800018971,0,1,0,0,2,4,1,B01
200800018972,0,7,0,0,2,3,15,A01
200800018972,0,33,0,9,2,1,1,B01
200800018973,0,7,0,0,1,1,1,A01
200800018974,0,1,0,0,0,0,0,B01
200800018974,1,7,0,0,0,0,0,A01
200800018975,0,7,0,0,2,2,12,A01
200800018975,0,32,0,0,2,1,1,B01
200800018976,0,7,0,0,2,9,17,A01
200800018976,0,7,0,0,2,9,1,B01
200800018976,0,10,0,0,2,9,1,C01
200800018976,0,7,0,0,2,3,1,D01
200800018977,0,7,0,0,1,1,1,A01
200800018978,0,7,0,0,2,5,1,A01
200800018978,0,7,0,0,2,3,11,B01
200800018979,0,7,0,0,1,1,1,A01
200800018980,0,99,0,0,2,1,13,A01
200800018980,0,14,0,0,2,3,1,B01
200800018981,0,7,0,0,2,1,1,A01
200800018981,0,7,0,0,2,3,1,B01
200800018982,1,7,0,0,2,5,16,A01
200800018982,0,1,0,0,2,1,1,B01
200800018983,0,7,0,2,0,8,1,A01
200800018984,0,7,0,2,0,6,1,A01
200800018985,0,7,0,0,1,1,1,A01
200800018986,0,1,0,0,2,7,1,A01
200800018986,1,7,0,0,9,3,1,B01
200800018987,0,7,0,0,2,1,13,A01
200800018987,0,10,0,0,2,1,1,B01
200800018987,0,7,0,0,2,1,1,C01
200800018988,0,7,0,0,2,3,15,A01
200800018988,0,2,0,0,2,3,1,B01
200800018989,0,7,0,1,0,3,2,A01
200800018989,0,7,0,0,2,5,24,B01
200800018990,0,7,0,0,2,1,15,A01
200800018990,0,30,0,0,2,1,18,B01
200800018991,0,2,0,0,0,9,1,A01
200800018992,0,7,0,0,0,5,23,B01
200800018992,0,2,0,0,2,1,14,A01
200800018993,0,2,0,0,2,8,2,A01
200800018994,0,7,0,0,2,1,1,A01
200800018994,0,7,0,0,2,1,1,B01
200800018995,0,7,0,0,2,3,1,B01
200800018995,0,7,0,0,2,2,15,A01
200800018996,0,7,0,8,0,1,1,A01
200800018997,0,7,0,14,9,7,2,A01
200800018997,0,1,0,0,2,8,2,B01
200800018998,0,7,0,0,1,3,1,A01
200800018999,0,7,0,0,1,8,21,A01
200800019000,0,7,0,0,2,6,10,A01
200800019000,0,7,0,0,2,1,1,B01
200800019001,0,7,0,0,0,7,0,A01
200800019001,0,7,0,0,0,1,0,B01
200800019002,0,7,0,12,2,3,2,A01
200800019002,0,7,0,0,0,3,11,B01
200800019003,0,7,0,0,2,3,11,A01
200800019003,0,33,0,0,2,7,17,B01
200800019004,0,7,0,0,0,7,0,B01
200800019004,0,2,0,0,2,1,0,A01
200800019005,0,7,0,0,2,1,1,A01
200800019005,0,7,0,0,2,4,15,B01
200800019006,0,7,0,0,2,5,4,A01
200800019006,0,30,0,0,2,1,1,B01
200800019007,0,34,0,0,0,0,0,A01
200800019007,0,7,0,0,0,0,0,B01
200800019008,0,7,0,0,2,1,1,B01
200800019008,0,10,0,0,2,3,1,A01
200800019009,0,7,0,0,2,3,1,B01
200800019009,0,7,0,0,2,2,1,A01
200800019010,1,7,0,0,1,2,1,A01
200800019011,1,7,0,0,2,0,15,A01
200800019011,0,32,0,0,2,8,1,B01
200800019012,0,7,0,0,2,1,0,B01
200800019013,0,7,0,0,2,3,9,A01
200800019013,0,30,0,0,2,2,1,B01
200800019014,0,7,0,0,2,3,13,A01
200800019014,0,32,0,0,2,1,1,B01
200800019015,0,7,0,0,0,0,0,A01
200800019015,0,33,0,0,0,0,0,B01
200800019016,0,7,0,0,2,1,1,B01
200800019016,0,7,0,0,2,7,1,A01
200800019017,0,10,0,2,0,1,0,A01
200800019018,1,7,0,1,1,1,2,A01
200800019019,0,7,0,0,2,3,11,A01
200800019019,0,20,0,0,2,8,1,B01
200800019020,0,14,0,0,9,5,1,A01
200800019021,0,7,0,0,2,2,13,A01
200800019021,0,7,0,0,2,7,13,B01
200800019022,0,32,0,14,0,0,1,A01
200800019023,0,7,0,0,2,1,2,A01
200800019023,0,7,0,0,2,4,2,B01
200800019024,0,7,0,8,0,9,0,A01
200800019025,0,7,0,0,2,3,15,A01
200800019025,0,7,0,0,2,3,1,B01
200800019026,1,7,0,0,2,1,1,A01
200800019026,0,7,0,0,0,4,2,B01
200800019027,0,30,0,0,0,1,2,A01
200800019027,0,30,0,0,0,4,2,B01
200800019028,0,32,0,0,2,1,17,A01
200800019028,0,7,0,0,2,6,15,B01
200800019029,0,7,0,0,2,8,15,A01
200800019029,0,31,0,0,2,7,2,B01
200800019030,0,37,0,0,2,3,1,A01
200800019030,1,7,0,0,2,0,16,B01
200800019031,0,7,0,0,2,1,5,A01
200800019031,0,7,0,0,2,3,1,B01
200800019031,0,7,0,0,2,4,2,C01
200800019032,0,14,0,0,2,6,23,A01
200800019032,0,33,0,0,0,0,0,B01
200800019033,0,7,0,0,2,3,3,A01
200800019033,0,7,0,0,2,1,1,B01
200800019034,0,7,0,0,2,2,12,A01
200800019034,0,30,0,0,2,1,1,B01
200800019035,0,7,0,0,2,2,10,A01
200800019035,0,33,0,0,2,1,5,B01
200800019036,0,34,0,1,0,1,1,A01
200800019036,0,7,0,0,2,4,23,B01
200800019037,0,7,0,0,2,1,1,A01
200800019037,0,7,0,0,0,4,23,B01
200800019038,0,7,0,12,0,9,2,A01
200800019039,0,7,0,0,1,3,1,A01
200800019040,0,10,0,0,1,4,4,A01
200800019041,2,7,0,0,0,0,0,A01
200800019041,0,2,0,0,0,0,0,B01
200800019042,0,7,0,0,2,1,1,B01
200800019042,0,7,0,0,2,1,9,A01
200800019043,0,33,0,1,0,5,0,A01
200800019044,0,7,0,0,1,2,2,A01
200800019045,0,33,0,0,2,2,17,A01
200800019045,0,7,0,0,2,3,13,B01
200800019046,0,7,0,0,1,2,1,A01
200800019047,0,7,0,0,2,2,16,A01
200800019047,0,37,0,0,2,3,1,B01
200800019048,1,7,0,0,1,0,0,A01
200800019049,0,7,0,0,2,3,2,A01
200800019049,0,7,0,0,2,4,2,B01
200800019050,0,2,0,0,2,4,2,A01
200800019050,1,7,0,0,2,0,0,B01
200800019051,0,7,0,0,1,2,1,A01
200800019052,0,7,0,0,1,3,1,A01
200800019053,0,7,0,0,2,1,2,A01
200800019053,0,7,0,0,2,4,2,B01
200800019054,0,30,0,0,2,8,3,A01
200800019054,0,7,0,0,2,7,2,B01
200800019055,0,7,0,0,2,1,2,A01
200800019055,0,10,0,0,0,4,23,B01
200800019056,0,3,0,0,2,8,15,B01
200800019056,0,2,0,0,2,3,2,A01
200800019057,0,7,0,0,2,2,15,A01
200800019057,0,31,0,0,2,1,1,B01
200800019058,0,7,0,0,1,1,9,A01
200800019059,0,7,0,0,1,8,1,A01
200800019060,0,7,0,0,2,3,9,A01
200800019060,0,30,0,0,2,7,1,B01
200800019061,1,2,0,0,1,1,1,A01
200800019062,0,7,0,0,2,2,11,A01
200800019062,0,33,0,0,2,1,2,B01
200800019063,0,7,0,0,1,1,1,A01
200800019064,0,7,0,0,9,8,2,B01
200800019064,0,7,0,0,2,2,1,A01
200800019065,0,7,0,0,2,3,15,A01
200800019065,0,31,0,0,2,2,17,B01
200800019066,0,30,0,0,2,1,1,A01
200800019066,0,7,0,0,2,8,1,B01
200800019067,0,7,0,0,0,8,10,A01
200800019067,0,33,0,0,2,1,2,B01
200800019068,0,34,0,12,0,0,0,A01
200800019069,0,32,0,0,2,0,21,A01
200800019070,0,7,0,0,2,1,11,A01
200800019070,0,7,0,0,2,1,0,B01
200800019071,0,7,0,0,2,3,1,A01
200800019071,0,7,0,0,2,1,0,B01
200800019072,0,7,0,1,2,2,1,A01
200800019073,0,10,0,0,2,1,1,A01
200800019073,0,32,0,0,2,8,1,B01
200800019074,1,7,0,0,0,0,0,A01
200800019074,0,7,0,0,0,4,2,B01
200800019075,0,10,0,0,2,3,21,A01
200800019075,0,32,0,0,2,1,2,B01
200800019076,0,7,0,0,2,1,1,A01
200800019076,0,7,0,0,0,4,2,B01
200800019077,0,7,0,0,2,3,5,A01
200800019077,0,7,0,0,2,5,1,B01
200800019078,0,7,0,0,2,0,19,B01
200800019078,0,30,0,0,2,0,1,A01
200800019079,0,7,0,0,2,1,0,A01
200800019079,0,7,0,0,2,8,0,B01
200800019080,0,7,0,12,0,1,1,A01
200800019081,0,33,0,0,0,9,2,A01
200800019081,0,7,0,0,2,2,2,B01
200800019082,0,2,0,0,1,1,0,A01
200800019083,0,30,0,0,2,7,0,A01
200800019083,1,7,0,0,2,8,11,B01
200800019084,0,99,0,0,2,1,1,A01
200800019084,0,7,0,0,0,4,23,B01
200800019085,0,17,0,0,1,7,1,A01
200800019086,0,7,0,0,2,7,15,A01
200800019086,0,32,0,0,2,1,1,B01
200800019087,0,2,0,0,2,1,13,A01
200800019087,0,7,0,0,2,8,15,B01
200800019088,0,7,0,0,2,3,9,A01
200800019088,0,32,0,0,2,1,21,B01
200800019089,0,7,0,0,2,1,1,A01
200800019089,0,7,0,0,0,5,0,B01
200800019090,0,30,0,0,1,1,21,A01
200800019091,0,32,0,0,2,1,2,A01
200800019091,0,7,0,0,2,6,11,B01
200800019092,0,7,0,0,2,8,11,A01
200800019092,0,7,0,0,2,2,1,B01
200800019093,0,7,0,2,0,1,2,A01
200800019094,0,7,0,0,2,4,1,B01
200800019094,1,7,0,0,2,1,1,A01
200800019095,1,7,0,0,0,0,0,A01
200800019096,0,7,0,0,0,7,12,A01
200800019096,0,32,0,0,0,8,1,B01
200800019097,0,33,0,0,2,7,2,A01
200800019097,0,7,0,0,0,0,2,B01
200800019098,0,7,0,0,2,1,2,A01
200800019098,0,7,0,0,2,4,2,B01
200800019099,0,2,0,0,0,1,9,A01
200800019099,0,31,0,0,0,1,1,B01
200800019100,0,7,0,0,0,7,9,A01
200800019100,0,2,0,0,0,0,1,B01
200800019101,0,7,0,0,2,8,9,A01
200800019101,0,7,0,0,2,1,1,B01
200800019102,0,7,0,0,2,6,2,B01
200800019102,0,7,0,0,2,1,2,A01
200800019103,0,7,0,0,2,1,2,A01
200800019103,0,7,0,0,0,4,2,B01
200800019104,0,7,0,0,2,1,2,A01
200800019104,0,7,0,0,2,4,1,B01
200800019105,1,7,0,0,0,0,0,A01
200800019106,0,7,0,0,4,1,0,A01
200800019106,0,7,0,0,0,4,0,B01
200800019107,0,30,0,0,2,3,1,B01
200800019107,0,7,0,0,2,3,16,A01
200800019108,0,7,0,0,1,1,0,A01
200800019109,0,7,0,0,2,1,1,A01
200800019109,0,7,0,0,2,4,1,B01
200800019109,0,7,0,0,2,4,1,C01
200800019110,0,33,0,0,2,1,1,B01
200800019110,0,99,0,0,2,6,11,A01
200800019111,0,7,0,0,2,4,23,B01
200800019111,0,7,0,0,2,1,2,A01
200800019112,0,33,0,0,2,1,17,B01
200800019112,0,7,0,0,2,8,10,A01
200800019113,0,7,0,0,2,2,0,B01
200800019113,0,31,0,0,2,1,2,A01
200800019114,0,7,0,0,0,2,1,A01
200800019115,0,7,0,0,0,5,4,A01
200800019116,0,34,0,1,2,1,1,B01
200800019116,0,7,0,0,2,5,12,A01
200800019117,0,38,1,0,2,0,2,B01
200800019117,0,7,0,0,2,8,11,A01
200800019118,0,7,0,1,0,6,1,A01
200800019118,0,7,0,0,0,6,1,B01
200800019118,0,7,0,0,0,1,0,C01
200800019119,0,7,0,0,2,3,11,A01
200800019119,0,33,0,0,2,5,1,B01
200800019119,0,7,0,0,2,5,23,C01
200800019119,0,7,0,0,2,3,23,D01
200800019120,0,7,0,1,0,2,0,A01
200800019120,0,7,0,0,2,5,0,F01
200800019120,0,7,0,0,2,5,0,B01
200800019120,0,7,0,0,2,1,0,C01
200800019120,0,7,0,0,2,1,0,D01
200800019120,0,7,0,0,2,4,0,E01
200800019121,0,7,0,0,2,8,10,A01
200800019121,0,7,0,0,2,1,1,B01
200800019122,0,7,0,0,2,3,10,A01
200800019122,0,31,0,0,2,1,17,B01
200800019123,0,33,0,0,2,1,1,A01
200800019123,0,7,0,0,2,0,15,B01
200800019124,0,7,0,0,2,1,2,A01
200800019124,0,7,0,0,2,9,2,B01
200800019124,0,7,0,0,2,4,2,C01
200800019125,0,32,0,0,0,0,0,A01
200800019126,0,7,0,0,2,0,10,A01
200800019126,0,34,0,0,2,0,0,B01
200800019127,0,7,0,0,2,1,2,A01
200800019127,0,7,0,0,0,4,3,B01
200800019128,0,7,0,0,2,1,2,A01
200800019128,0,7,0,0,2,4,2,B01
200800019129,0,13,0,0,2,0,0,A01
200800019129,0,32,0,5,0,1,0,B01
200800019130,0,7,0,0,2,2,9,A01
200800019130,0,33,0,0,2,1,1,B01
200800019131,0,7,0,0,2,3,15,A01
200800019131,0,33,0,0,2,1,1,B01
200800019131,0,33,0,0,2,1,1,C01
200800019132,0,7,0,0,2,2,19,A01
200800019132,0,32,0,0,2,0,1,B01
200800019133,0,32,0,0,2,8,15,A01
200800019133,0,33,0,0,2,1,1,B01
200800019134,0,7,0,0,2,3,15,A01
200800019134,0,32,0,0,2,1,1,B01
200800019135,0,30,0,0,1,1,2,A01
200800019136,0,7,0,0,2,8,10,A01
200800019136,0,33,0,0,2,1,1,B01
200800019137,0,7,0,0,2,3,15,A01
200800019137,0,34,0,0,2,1,1,B01
200800019138,0,7,0,0,2,8,2,B01
200800019138,0,32,0,0,2,1,19,A01
200800019139,0,7,0,0,2,1,17,A01
200800019139,0,7,0,0,2,2,15,B01
200800019140,0,7,0,0,2,1,2,A01
200800019140,0,7,0,0,1,4,2,B01
200800019141,0,7,0,0,2,1,2,A01
200800019141,0,7,0,0,2,4,1,B01
200800019142,0,17,0,0,2,7,14,A01