Num_Acc,senc,catv,occutc,obs,obsm,choc,manv,num_veh
200800019142,0,7,0,8,2,8,1,B01
200800019143,0,30,0,0,0,0,0,A01
200800019144,0,30,0,0,0,0,1,A01
200800019145,0,7,0,0,0,0,0,A01
200800019145,1,7,0,0,0,0,0,B01
200800019146,0,10,0,0,2,6,10,A01
200800019146,0,31,0,0,2,1,0,B01
200800019147,0,7,0,0,2,1,1,A01
200800019147,0,7,0,0,0,4,1,B01
200800019148,0,30,0,0,1,1,1,A01
200800019149,0,7,0,0,0,6,11,A01
200800019149,0,32,0,0,2,1,2,B01
200800019150,0,30,0,8,0,1,1,A01
200800019151,0,10,0,0,0,3,15,A01
200800019151,0,34,0,0,0,1,1,B01
200800019152,0,32,0,0,2,1,1,A01
200800019152,0,10,0,0,0,5,15,B01
200800019153,0,7,0,0,2,7,15,A01
200800019153,0,33,0,0,2,1,1,B01
200800019154,0,7,0,0,2,3,10,A01
200800019154,0,33,0,0,2,1,17,B01
200800019155,0,7,0,0,2,1,2,A01
200800019155,0,7,0,0,0,4,2,B01
200800019156,0,37,0,0,2,8,13,A01
200800019156,0,10,0,0,2,3,1,B01
200800019157,0,7,0,0,0,8,1,B01
200800019157,0,7,0,0,0,1,1,A01
200800019158,1,7,0,0,0,0,0,A01
200800019159,0,7,0,0,2,1,2,A01
200800019159,0,7,0,0,2,4,2,B01
200800019160,0,32,0,0,2,1,1,B01
200800019160,0,7,0,0,2,3,15,A01
200800019161,0,7,0,0,2,1,2,A01
200800019161,0,32,0,0,2,4,0,B01
200800019162,0,7,0,0,0,7,9,A01
200800019162,0,37,0,15,2,8,1,B01
200800019163,0,32,0,0,0,0,2,A01
200800019164,0,7,0,0,2,5,0,A01
200800019164,0,38,0,0,2,1,1,B01
200800019165,0,7,0,0,1,3,1,A01
200800019166,0,34,0,0,2,1,5,A01
200800019166,0,7,0,0,2,3,19,B01
200800019167,0,7,0,0,0,0,5,C01
200800019167,0,7,0,9,2,1,14,A01
200800019167,0,7,0,0,2,7,1,B01
200800019168,0,7,0,0,2,3,15,A01
200800019168,0,31,0,0,2,7,1,B01
200800019169,0,30,0,0,2,0,2,A01
200800019169,0,7,0,0,2,5,2,B01
200800019170,0,7,0,0,2,8,11,A01
200800019170,0,14,0,0,2,7,1,B01
200800019171,0,7,0,6,0,1,1,A01
200800019172,0,34,0,0,2,1,1,A01
200800019172,0,7,0,0,0,7,15,B01
200800019173,0,32,0,0,2,1,0,A01
200800019173,0,7,0,0,0,0,0,B01
200800019174,0,7,0,0,2,1,1,A01
200800019174,0,7,0,0,0,4,2,B01
200800019175,0,7,0,0,2,0,12,A01
200800019175,0,33,0,0,2,0,18,B01
200800019176,0,7,0,0,2,2,2,A01
200800019176,0,33,0,0,0,4,2,B01
200800019177,0,7,0,0,0,8,15,A01
200800019177,0,30,0,0,2,2,2,B01
200800019178,0,7,0,0,2,1,2,A01
200800019178,0,7,0,0,0,4,0,B01
200800019179,0,7,0,0,0,0,0,A01
200800019179,0,7,0,0,0,0,0,B01
200800019180,0,7,0,0,2,4,4,A01
200800019180,0,7,0,0,2,2,0,B01
200800019181,0,7,0,0,0,8,1,A01
200800019182,0,2,0,0,0,0,0,A01
200800019183,0,7,0,0,1,3,1,A01
200800019184,0,7,0,0,2,1,2,A01
200800019184,0,7,0,0,2,4,2,B01
200800019185,0,7,0,0,0,7,2,A01
200800019185,0,32,0,0,2,1,2,B01
200800019186,0,7,0,0,1,8,1,B01
200800019186,0,7,0,0,2,2,15,A01
200800019187,1,32,0,0,0,0,0,A01
200800019188,0,7,0,0,2,1,2,A01
200800019188,0,7,0,0,2,1,2,B01
200800019188,0,7,0,0,2,4,2,C01
200800019189,0,7,0,0,0,0,10,A01
200800019189,0,32,0,0,0,0,21,B01
200800019190,0,7,0,0,2,7,14,A01
200800019190,0,30,0,0,2,3,1,B01
200800019191,0,7,0,0,2,5,15,A01
200800019191,0,2,0,0,2,1,1,B01
200800019192,0,7,0,0,2,1,2,A01
200800019192,0,33,0,0,2,4,23,B01
200800019192,0,7,0,0,2,3,23,C01
200800019193,0,7,0,0,1,1,1,A01
200800019194,0,7,0,0,2,1,0,A01
200800019194,0,7,0,0,2,5,0,B01
200800019195,0,7,0,0,2,3,13,A01
200800019195,0,33,0,0,2,1,2,B01
200800019196,0,33,0,1,2,1,17,A01
200800019196,0,7,0,0,9,6,15,B01
200800019197,0,7,0,0,0,1,0,A01
200800019197,2,7,0,0,0,0,0,B01
200800019198,0,7,0,0,0,7,15,A01
200800019198,0,33,0,0,2,1,2,B01
200800019199,0,40,0,0,1,2,2,A01
200800019200,0,7,0,4,0,1,2,A01
200800019201,0,7,0,6,0,1,0,A01
200800019202,0,7,0,0,2,3,14,A01
200800019202,0,7,0,0,2,3,21,B01
200800019203,0,7,0,0,2,1,2,A01
200800019203,0,7,0,0,2,9,1,B01
200800019203,0,7,0,0,0,8,1,C01
200800019204,0,31,0,12,2,0,0,A01
200800019204,0,7,0,0,0,1,0,B01
200800019205,0,30,0,0,2,1,17,A01
200800019205,0,7,0,0,0,8,15,B01
200800019206,0,10,0,0,2,2,10,A01
200800019206,0,33,0,0,2,3,1,B01
200800019207,0,7,0,0,2,1,17,A01
200800019207,0,32,0,0,2,1,19,B01
200800019208,0,1,0,0,2,8,9,A01
200800019208,0,10,0,0,2,1,1,B01
200800019209,0,7,0,0,2,5,13,A01
200800019209,0,14,0,0,2,1,1,B01
200800019210,0,17,0,0,2,5,17,A01
200800019210,0,2,0,0,2,8,1,B01
200800019211,0,32,0,0,2,1,17,A01
200800019211,0,10,0,0,2,3,1,B01
200800019212,0,7,0,0,2,6,15,A01
200800019212,0,2,0,0,2,5,16,B01
200800019213,0,10,0,0,2,1,2,A01
200800019213,0,17,0,0,0,4,2,B01
200800019214,0,31,0,0,2,8,23,B01
200800019214,0,38,1,0,2,7,0,A01
200800019215,0,1,0,0,2,1,2,B01
200800019215,0,10,0,0,2,3,9,A01
200800019216,0,10,0,0,2,1,15,A01
200800019216,0,10,0,0,2,3,1,B01
200800019217,0,2,0,5,0,2,14,A01
200800019218,0,10,0,0,2,1,2,A01
200800019218,0,7,0,0,0,4,2,B01
200800019219,0,7,0,0,2,1,11,A01
200800019219,0,7,0,0,2,4,1,B01
200800019219,0,7,0,0,2,4,2,C01
200800019220,0,7,0,0,1,2,9,A01
200800019221,0,7,0,0,1,1,1,A01
200800019222,0,10,0,0,2,6,15,A01
200800019222,0,33,0,0,2,1,0,B01
200800019223,0,7,0,0,2,0,2,A01
200800019223,0,30,0,0,2,1,2,B01
200800019224,0,7,0,0,0,4,2,A01
200800019224,0,7,0,0,2,1,2,B01
200800019224,0,7,0,0,2,1,2,C01
200800019225,1,7,0,0,2,1,1,A01
200800019225,0,2,0,0,2,4,23,B01
200800019226,0,7,0,0,2,1,15,A01
200800019226,0,2,0,0,2,2,17,B01
200800019227,0,32,0,0,2,1,19,A01
200800019227,0,7,0,0,0,8,1,B01
200800019228,0,7,0,0,1,2,1,A01
200800019229,0,33,0,0,2,8,9,A01
200800019229,0,7,0,0,0,7,1,B01
200800019230,0,7,0,0,0,3,2,A01
200800019231,0,2,0,1,0,1,17,A01
200800019232,0,2,0,0,1,1,2,A01
200800019233,0,17,0,3,0,0,14,A01
200800019234,0,7,0,0,2,1,2,A01
200800019234,0,7,0,0,2,4,2,B01
200800019235,0,10,0,0,2,3,16,A01
200800019235,0,7,0,1,2,3,1,B01
200800019236,1,7,0,0,2,8,22,A01
200800019236,0,1,0,0,2,1,1,B01
200800019237,0,2,0,0,2,1,1,B01
200800019237,0,7,0,0,2,2,1,A01
200800019238,0,1,0,12,0,0,1,A01
200800019239,0,1,0,0,2,1,1,B01
200800019239,0,7,0,0,2,3,1,A01
200800019240,0,2,0,0,2,8,17,A01
200800019240,0,7,0,0,2,6,15,B01
200800019241,0,30,0,0,2,1,1,A01
200800019241,0,7,0,0,2,3,1,C01
200800019241,0,7,0,0,2,3,16,B01
200800019242,0,31,0,0,2,1,1,A01
200800019242,0,7,0,0,2,6,15,B01
200800019243,0,1,0,0,2,1,1,A01
200800019243,0,7,0,0,2,2,1,B01
200800019244,0,2,0,12,0,7,1,A01
200800019245,0,7,0,0,1,1,1,A01
200800019246,0,2,0,0,2,1,17,A01
200800019246,0,7,0,0,2,3,15,B01
200800019247,0,7,0,0,2,7,9,A01
200800019247,0,30,0,0,2,1,1,B01
200800019248,0,2,0,0,2,1,1,A01
200800019248,0,7,0,0,2,5,1,B01
200800019249,0,7,0,0,2,7,1,B01
200800019249,0,7,0,0,2,1,1,A01
200800019250,0,7,0,0,2,3,13,A01
200800019250,0,7,0,0,2,3,1,B01
200800019251,0,32,0,0,2,8,15,A01
200800019251,0,7,0,0,2,1,17,B01
200800019252,0,7,0,0,1,3,13,A01
200800019253,0,7,0,7,0,1,14,A01
200800019254,0,7,0,0,2,1,15,A01
200800019254,0,30,0,0,2,1,1,B01
200800019255,0,7,0,0,0,7,14,A01
200800019256,0,7,0,0,2,1,1,B01
200800019256,0,7,0,0,2,7,15,A01
200800019257,0,7,0,0,2,3,15,A01
200800019257,0,33,0,0,2,1,1,B01
200800019258,0,7,0,0,2,4,23,B01
200800019258,0,7,0,0,2,1,1,A01
200800019259,0,7,0,0,2,3,1,A01
200800019259,0,7,0,0,2,2,1,B01
200800019260,0,7,0,15,0,1,14,A01
200800019261,0,7,0,0,2,1,1,A01
200800019261,0,7,0,0,2,4,1,B01
200800019261,0,7,0,0,2,1,1,C01
200800019262,0,33,0,0,2,1,17,A01
200800019262,0,7,0,0,2,8,15,B01
200800019263,0,7,0,0,2,3,1,B01
200800019263,0,7,0,0,2,2,9,A01
200800019264,0,33,0,0,2,7,1,B01
200800019264,0,7,0,0,2,0,9,A01
200800019265,0,7,0,13,0,2,14,A01
200800019266,0,7,0,0,0,0,15,A01
200800019266,0,31,0,0,0,8,1,B01
200800019267,0,7,0,0,1,2,0,A01
200800019268,0,7,0,1,0,1,14,A01
200800019269,0,1,0,0,2,1,15,A01
200800019269,0,7,0,0,2,7,1,B01
200800019270,0,7,0,0,1,0,4,A01
200800019271,0,7,0,0,1,1,9,A01
200800019272,0,7,0,0,1,1,0,A01
200800019273,0,2,0,0,0,7,0,A01
200800019274,0,2,0,1,2,8,1,B01
200800019274,0,7,0,0,2,1,23,C01
200800019274,0,7,0,0,2,1,1,A01
200800019275,0,32,0,0,2,5,0,B01
200800019275,0,7,0,0,2,2,9,A01
200800019276,0,7,0,1,0,7,0,A01
200800019277,0,1,0,0,0,1,1,A01
200800019278,0,10,0,0,2,4,4,A01
200800019278,0,33,0,0,2,1,23,B01
200800019279,0,2,0,0,2,1,1,A01
200800019279,0,7,0,0,0,5,16,B01
200800019280,0,7,0,8,0,1,1,A01
200800019281,0,7,0,8,0,1,16,A01
200800019282,0,7,0,0,2,2,12,A01
200800019282,0,7,0,0,0,4,1,B01
200800019283,0,7,0,0,2,3,20,A01
200800019283,0,7,0,0,2,1,1,B01
200800019284,0,7,0,0,2,1,2,A01
200800019284,0,7,0,0,2,4,23,B01
200800019284,0,7,0,0,2,4,23,C01
200800019285,0,30,0,0,2,1,17,A01
200800019285,0,7,0,0,0,3,15,B01
200800019286,0,7,0,0,2,3,19,A01
200800019286,0,30,0,0,2,1,1,B01
200800019287,0,7,0,0,2,1,1,A01
200800019287,0,7,0,0,2,4,2,B01
200800019288,0,7,0,0,1,3,1,A01
200800019289,0,7,0,0,2,7,2,B01
200800019289,0,1,0,0,2,1,2,A01
200800019290,0,7,0,0,1,1,1,A01
200800019291,0,7,0,0,1,1,1,A01
200800019292,0,7,0,0,2,1,2,A01
200800019292,0,7,0,0,2,4,2,B01
200800019293,0,2,0,0,0,0,6,A01
200800019294,0,7,0,0,2,1,1,A01
200800019294,0,7,0,0,2,4,15,B01
200800019295,0,7,0,0,2,2,15,A01
200800019295,0,1,0,0,2,1,1,B01
200800019296,0,2,0,0,0,0,0,A01
200800019297,0,7,0,0,2,1,2,A01
200800019297,0,1,0,0,2,7,2,B01
200800019298,0,7,0,0,2,1,1,B01
200800019298,0,7,0,0,2,7,2,A01
200800019299,0,7,0,0,2,3,15,A01
200800019299,0,30,0,0,2,1,1,B01
200800019300,0,33,0,0,2,1,1,A01
200800019300,0,7,0,0,0,6,1,B01
200800019300,0,7,0,0,2,3,1,C01
200800019301,0,7,0,0,2,1,2,A01
200800019301,0,7,0,0,2,4,2,B01
200800019302,0,7,0,0,2,8,9,B01
200800019302,0,2,0,0,2,1,9,A01
200800019303,0,7,0,0,2,1,2,A01
200800019303,0,7,0,0,2,4,2,B01
200800019303,0,7,0,0,2,4,2,C01
200800019304,0,7,0,0,2,1,2,A01
200800019304,0,1,0,0,2,4,2,B01
200800019305,0,7,0,0,1,1,1,A01
200800019306,0,2,0,0,2,1,1,B01
200800019306,0,7,0,0,2,8,9,A01
200800019307,0,2,0,0,2,1,1,B01
200800019307,0,7,0,0,2,3,1,A01
200800019308,1,2,0,0,1,1,17,A01
200800019309,0,7,0,0,1,1,1,A01
200800019310,0,7,0,0,2,1,2,A01
200800019310,0,7,0,0,2,4,23,B01
200800019311,0,7,0,0,1,3,15,A01
200800019312,0,7,0,0,2,3,11,A01
200800019312,0,36,0,0,2,1,1,B01
200800019313,0,7,0,0,2,3,15,B01
200800019313,0,2,0,1,2,1,1,A01
200800019314,0,7,0,0,2,3,1,B01
200800019314,0,33,0,0,2,1,16,A01
200800019315,0,31,0,0,2,1,1,B01
200800019315,0,7,0,0,2,2,1,A01
200800019316,0,7,0,0,2,1,15,A01
200800019316,0,7,0,0,2,2,1,B01
200800019317,0,7,0,9,2,3,15,A01
200800019317,0,7,0,0,2,2,1,B01
200800019318,0,1,0,0,2,1,13,A01
200800019318,0,7,0,0,2,1,15,B01
200800019319,0,2,0,0,0,3,1,A01
200800019320,0,7,0,0,2,3,1,B01
200800019320,0,2,0,0,2,1,1,A01
200800019321,0,7,0,0,1,1,15,A01
200800019322,0,7,0,0,1,2,1,A01
200800019323,0,7,0,0,2,3,15,A01
200800019323,0,7,0,0,2,1,1,B01
200800019324,0,2,0,0,2,2,1,A01
200800019324,0,7,0,0,2,2,16,B01
200800019325,0,7,0,0,2,8,15,B01
200800019325,0,7,0,0,2,3,1,A01
200800019326,0,7,0,0,2,7,12,A01
200800019326,0,2,0,0,2,3,1,B01
200800019327,0,7,0,0,2,3,15,A01
200800019327,0,2,0,0,2,1,1,B01
200800019328,0,7,0,0,1,1,1,A01
200800019329,0,7,0,0,1,2,1,A01
200800019330,0,7,0,0,1,6,20,A01
200800019331,0,37,1,0,1,2,1,A01
200800019332,0,7,0,0,2,3,11,A01
200800019332,0,7,0,0,2,5,1,B01
200800019333,0,7,0,0,2,1,2,A01
200800019333,0,7,0,0,2,4,23,B01
200800019333,0,7,0,0,2,4,23,C01
200800019334,0,7,0,0,1,1,1,A01
200800019335,0,30,0,0,0,0,11,A01
200800019335,0,7,0,0,0,0,23,B01
200800019336,1,99,0,0,2,0,0,A01
200800019336,0,30,0,0,2,1,2,B01
200800019337,0,7,0,0,2,2,15,A01
200800019337,0,2,0,0,2,1,1,B01
200800019338,0,7,0,5,0,1,1,A01
200800019339,0,7,0,0,2,1,2,A01
200800019339,0,1,0,0,2,4,2,B01
200800019340,0,7,0,0,1,5,0,A01
200800019341,0,7,0,1,0,1,1,A01
200800019342,0,14,0,0,1,7,4,A01
200800019343,0,2,0,2,2,0,15,A01
200800019344,0,7,0,0,0,0,1,A01
200800019345,0,7,0,0,2,5,12,A01
200800019345,0,34,0,0,2,1,1,B01
200800019346,0,7,0,0,1,1,1,A01
200800019346,0,7,0,0,2,7,19,B01
200800019347,0,7,0,0,2,2,2,A01
200800019347,0,7,0,0,2,6,23,B01
200800019348,0,30,0,0,0,0,1,A01
200800019349,0,7,0,0,2,1,13,A01
200800019349,0,7,0,0,2,1,1,B01
200800019350,2,7,0,7,0,1,1,A01
200800019351,0,20,0,1,2,0,0,A01
200800019351,0,7,0,0,2,3,24,B01
200800019352,0,2,0,0,2,1,2,A01
200800019352,0,7,0,0,2,4,23,B01
200800019353,0,7,0,0,2,2,2,A01
200800019353,0,7,0,0,2,6,2,B01
200800019354,0,7,0,0,2,4,4,A01
200800019354,0,30,0,0,2,7,1,B01
200800019355,0,33,0,0,0,0,1,A01
200800019356,0,7,0,6,0,1,1,A01
200800019357,0,7,0,0,2,1,1,A01
200800019357,0,7,0,0,2,4,15,B01
200800019358,0,7,0,0,2,1,9,A01
200800019358,0,33,0,0,2,7,0,B01
200800019359,0,7,0,0,1,2,1,A01
200800019360,0,7,0,0,2,7,15,A01
200800019360,0,2,0,0,2,1,0,B01
200800019361,0,7,0,0,1,2,15,A01
200800019362,0,37,0,0,2,1,1,A01
200800019362,0,7,0,0,2,4,0,B01
200800019363,0,7,0,0,2,3,0,A01
200800019363,0,3,0,0,2,1,15,B01
200800019364,0,7,0,13,0,2,13,A01
200800019365,0,7,0,0,2,1,1,A01
200800019365,0,1,0,0,2,1,0,B01
200800019366,0,7,0,0,1,3,1,A01
200800019367,0,15,0,0,2,1,2,A01
200800019367,0,7,0,0,0,4,2,B01
200800019368,0,7,0,0,1,2,0,A01
200800019369,0,7,0,0,2,3,9,A01
200800019369,0,10,0,0,2,2,1,B01
200800019370,0,7,0,0,1,2,1,A01
200800019371,1,7,0,0,1,1,5,A01
200800019372,0,7,0,0,2,1,2,B01
200800019372,0,7,0,0,0,4,1,C01
200800019372,0,7,0,0,2,1,2,A01
200800019372,0,7,0,0,2,1,2,D01
200800019373,0,7,0,0,1,2,1,A01
200800019374,0,7,0,0,2,2,15,A01
200800019374,0,2,0,0,2,1,1,B01
200800019375,0,7,0,0,2,5,0,A01
200800019375,0,7,0,0,2,2,1,B01
200800019376,0,7,0,0,1,2,1,A01
200800019377,0,7,0,2,0,2,1,A01
200800019378,0,7,0,0,1,4,4,A01
200800019379,0,7,0,0,2,1,1,B01
200800019379,0,10,0,6,2,7,1,A01
200800019380,0,7,0,0,2,2,1,A01
200800019380,0,33,0,0,2,1,1,B01
200800019381,0,7,0,0,2,8,5,A01
200800019381,0,7,0,0,2,3,1,B01
200800019382,0,7,0,0,2,1,1,A01
200800019382,0,7,0,0,2,4,1,B01
200800019382,0,7,0,0,2,4,1,C01
200800019383,0,7,0,0,2,5,17,A01
200800019383,0,15,0,0,2,3,1,B01
200800019383,0,7,0,3,2,1,1,C01
200800019384,1,10,0,0,1,0,1,A01
200800019385,0,10,0,0,2,8,15,A01
200800019385,0,33,0,0,2,1,17,B01
200800019386,0,7,0,0,1,0,1,A01
200800019387,0,7,0,0,2,3,15,A01
200800019387,0,34,0,0,2,3,1,B01
200800019388,0,33,0,7,2,1,0,A01
200800019388,0,7,0,0,2,3,15,B01
200800019389,0,7,0,0,2,1,1,A01
200800019389,0,7,0,0,2,4,1,B01
200800019390,0,7,0,0,2,3,15,A01
200800019390,0,31,0,0,2,8,1,B01
200800019391,0,7,0,0,2,2,1,A01
200800019391,0,1,0,0,2,1,1,B01
200800019392,0,15,0,0,1,7,16,A01
200800019393,0,10,0,0,2,7,15,A01
200800019393,0,2,0,0,2,1,1,B01
200800019394,0,99,0,0,2,1,1,B01
200800019394,0,10,0,0,2,7,1,A01
200800019395,0,7,0,0,1,4,4,A01
200800019396,0,7,0,0,2,1,1,A01
200800019396,0,7,0,0,2,2,1,B01
200800019397,0,7,0,13,0,1,1,A01
200800019398,0,7,0,0,2,1,12,A01
200800019398,0,7,0,0,2,8,9,B01
200800019399,0,7,0,0,2,2,17,A01
200800019399,0,2,0,0,2,6,15,B01
200800019400,0,7,0,0,2,7,10,A01
200800019400,0,33,0,0,2,1,1,B01
200800019401,0,7,0,0,2,6,1,B01
200800019401,0,7,0,0,2,1,19,A01
200800019402,0,7,0,0,0,0,1,A01
200800019403,0,3,0,0,2,8,15,B01
200800019403,0,7,0,0,2,1,17,A01
200800019404,0,7,0,0,2,4,1,B01
200800019404,0,7,0,0,2,2,2,A01
200800019405,0,33,0,0,2,1,17,A01
200800019405,0,7,0,0,2,1,15,B01
200800019406,0,7,0,0,2,4,23,B01
200800019406,0,7,0,0,2,1,1,A01
200800019407,0,7,0,0,2,3,1,B01
200800019407,0,7,0,0,2,2,1,A01
200800019408,0,7,0,0,2,3,1,B01
200800019408,0,7,0,0,2,1,15,A01
200800019409,0,1,0,1,0,1,1,A01
200800019410,0,1,0,0,2,1,1,A01
200800019410,0,7,0,0,2,3,1,B01
200800019411,0,7,0,0,2,1,1,B01
200800019411,2,7,0,0,2,7,0,A01
200800019412,0,2,0,0,1,8,2,A01
200800019413,0,7,0,0,0,0,0,A01
200800019414,0,7,0,0,2,1,10,A01
200800019414,0,33,0,0,2,1,1,B01
200800019415,0,7,0,0,2,2,9,A01
200800019415,0,33,0,0,2,7,1,B01
200800019416,0,7,0,0,2,1,2,A01
200800019416,0,7,0,0,2,4,2,B01
200800019417,0,7,0,0,2,3,1,A01
200800019417,0,2,0,0,2,1,17,B01
200800019418,0,7,0,0,2,4,17,A01
200800019418,0,33,0,0,2,1,1,B01
200800019419,0,7,0,0,2,1,15,A01
200800019419,0,33,0,0,2,1,1,B01
200800019420,0,32,0,0,2,2,17,B01
200800019420,0,7,0,0,2,8,15,A01
200800019421,0,7,0,0,2,6,15,A01
200800019421,0,33,0,0,2,1,21,B01
200800019422,0,7,0,0,2,7,1,B01
200800019422,0,7,0,0,2,1,9,A01
200800019423,0,33,0,2,0,9,1,A01
200800019424,0,7,0,0,2,8,13,A01
200800019424,0,33,0,0,2,7,17,B01
200800019425,0,1,0,0,2,3,0,A01
200800019425,0,7,0,0,2,3,17,B01
200800019425,0,7,0,0,2,2,1,C01
200800019426,0,7,0,0,2,1,1,B01
200800019426,0,99,0,0,2,3,15,A01
200800019427,0,7,0,0,9,8,0,A01
200800019428,0,7,0,0,2,2,19,A01
200800019428,0,33,0,0,2,1,1,B01
200800019429,0,7,0,0,2,7,16,B01
200800019429,0,2,0,0,2,1,1,A01
200800019430,1,30,0,1,1,0,0,A01
200800019431,0,7,0,0,1,2,1,A01
200800019432,0,1,0,0,2,7,1,A01
200800019432,1,7,0,0,2,0,1,B01
200800019433,0,30,0,0,2,1,2,A01
200800019433,0,10,0,0,2,5,1,B01
200800019434,0,7,0,0,2,1,9,A01
200800019434,0,33,0,0,2,1,1,B01
200800019435,0,7,0,0,1,1,0,A01
200800019436,0,7,0,0,2,1,2,A01
200800019436,0,7,0,0,2,4,2,B01
200800019437,0,10,0,0,2,2,15,A01
200800019437,0,31,0,0,2,1,1,B01
200800019438,0,7,0,1,2,1,1,B01
200800019438,0,7,0,0,2,3,0,A01
200800019439,0,33,0,0,0,1,1,A01
200800019440,0,2,0,1,2,8,18,A01
200800019440,0,10,0,0,2,2,1,B01
200800019441,0,7,0,13,0,1,14,A01
200800019442,0,7,0,0,1,1,1,A01
200800019443,0,7,0,8,0,3,0,A01
200800019444,0,30,0,0,2,1,1,A01
200800019444,0,99,0,0,2,6,15,B01
200800019445,0,7,0,0,2,5,15,A01
200800019445,0,2,0,0,2,1,1,B01
200800019446,0,7,0,0,2,7,1,B01
200800019446,0,10,0,0,2,1,1,A01
200800019447,0,7,0,1,2,1,13,A01
200800019447,0,7,0,0,2,1,1,B01
200800019448,0,7,0,0,0,6,1,A01
200800019448,0,1,0,0,2,6,1,B01
200800019449,0,7,0,0,2,2,1,A01
200800019449,0,7,0,0,2,3,15,B01
200800019450,0,7,0,0,2,1,1,A01
200800019450,0,37,2,0,2,2,15,B01
200800019451,0,7,0,0,1,1,0,A01
200800019452,0,7,0,0,2,1,15,A01
200800019452,0,33,0,0,2,9,1,B01
200800019453,0,7,0,0,2,0,0,B01
200800019453,0,30,0,0,2,8,1,A01
200800019454,0,7,0,0,2,1,1,B01
200800019454,0,7,0,0,2,3,15,A01
200800019455,0,7,0,0,2,1,2,A01
200800019455,0,7,0,0,2,4,2,B01
200800019456,0,7,0,0,0,0,1,A01
200800019457,0,7,0,14,0,1,1,A01
200800019458,0,30,0,0,2,1,1,A01
200800019458,0,7,0,0,2,4,1,B01
200800019459,0,7,0,0,0,0,1,A01
200800019460,0,7,0,0,2,1,1,B01
200800019460,0,7,0,0,2,7,19,A01
200800019461,0,7,0,0,2,1,2,A01
200800019461,0,7,0,0,0,4,2,B01
200800019462,0,7,0,0,2,2,19,A01
200800019462,0,7,0,0,2,1,1,B01
200800019463,1,7,0,0,1,2,1,A01
200800019464,0,7,0,0,2,7,15,A01
200800019464,0,7,0,0,2,2,1,B01
200800019465,0,7,0,0,0,9,2,A01
200800019466,0,7,0,0,2,7,19,B01
200800019466,0,7,0,0,2,5,1,A01
200800019467,0,7,0,0,0,1,2,A01
200800019468,0,7,0,0,1,4,4,A01
200800019469,0,2,0,0,0,7,0,A01
200800019470,0,33,0,0,2,7,15,A01
200800019470,0,7,0,0,2,3,1,B01
200800019470,0,7,0,0,2,8,1,C01
200800019471,0,7,0,0,2,3,1,B01
200800019471,0,7,0,0,2,3,19,A01
200800019472,0,30,0,8,0,0,1,A01
200800019473,0,7,0,0,2,8,1,B01
200800019473,0,7,0,0,2,1,1,A01
200800019474,0,7,0,0,2,1,2,A01
200800019474,0,7,0,0,0,4,23,B01
200800019475,0,30,0,0,0,7,16,A01
200800019476,0,33,0,0,1,1,1,A01
200800019477,0,7,0,0,2,8,1,B01
200800019477,0,7,0,1,2,1,15,A01
200800019478,0,7,0,0,0,9,1,A01
200800019479,0,14,0,0,2,3,1,A01
200800019479,0,7,0,0,2,8,1,B01
200800019480,0,7,0,0,2,4,1,C01
200800019480,0,7,0,0,9,1,1,A01
200800019480,0,7,0,0,2,1,1,B01
200800019481,0,7,0,0,2,1,2,A01
200800019481,0,7,0,0,2,1,2,B01
200800019481,0,7,0,0,2,4,1,C01
200800019482,0,7,0,0,2,8,1,B01
200800019482,0,30,0,0,2,2,1,A01
200800019483,0,7,0,0,2,1,1,A01
200800019483,0,7,0,0,2,6,9,B01
200800019484,0,7,0,0,2,1,1,A01
200800019484,0,7,0,0,2,9,1,B01
200800019484,0,7,0,0,2,1,1,C01
200800019484,0,7,0,0,2,4,1,D01
200800019485,0,7,0,0,2,1,2,A01
200800019485,0,7,0,0,2,4,2,B01
200800019485,0,7,0,0,2,4,2,C01
200800019485,0,7,0,0,0,4,2,D01
200800019486,1,7,0,0,2,1,13,A01
200800019486,0,2,0,0,2,1,1,B01
200800019487,0,7,0,0,2,1,2,A01
200800019487,0,33,0,0,2,4,23,B01
200800019488,0,7,0,0,1,1,1,A01
200800019489,0,7,0,0,2,7,9,A01
200800019489,0,33,0,0,2,8,1,B01
200800019489,0,1,0,0,2,4,1,C01
200800019490,0,30,0,0,2,3,1,A01
200800019490,0,7,0,0,2,2,16,B01
200800019491,0,7,0,0,2,1,15,B01
200800019491,0,2,0,0,2,2,17,A01
200800019492,0,7,0,0,2,1,1,A01
200800019492,0,2,0,0,2,1,1,B01
200800019493,0,33,0,0,2,2,16,A01
200800019493,0,14,0,0,2,3,1,B01
200800019494,0,7,0,0,1,1,1,A01
200800019495,0,7,0,0,0,0,0,A01
200800019495,0,33,0,8,0,1,13,B01
200800019496,0,7,0,0,2,1,15,A01
200800019496,0,31,0,0,2,8,1,B01
200800019497,0,7,0,0,1,1,1,A01
200800019498,0,7,0,0,2,8,9,A01
200800019498,0,15,0,0,2,2,1,B01
200800019499,0,7,0,0,2,4,4,A01
200800019499,0,31,0,0,2,1,1,B01
200800019500,0,7,0,0,1,1,1,A01
200800019501,0,31,0,0,2,8,15,A01
200800019501,0,7,0,0,2,1,1,B01
200800019502,0,2,0,0,2,1,7,A01
200800019502,0,7,0,0,2,2,16,B01
200800019503,0,7,0,0,1,3,1,A01
200800019504,0,2,0,0,0,0,0,A01
200800019504,0,7,0,0,2,3,1,B01