Num_Acc,senc,catv,occutc,obs,obsm,choc,manv,num_veh
200800019505,0,7,0,8,0,1,13,A01
200800019506,0,7,0,0,2,3,15,A01
200800019506,0,31,0,0,2,7,17,B01
200800019507,0,7,0,0,2,1,1,A01
200800019507,0,7,0,0,2,4,1,B01
200800019508,0,7,0,0,2,3,14,A01
200800019508,0,33,0,0,2,1,1,B01
200800019509,0,7,0,0,1,2,1,A01
200800019510,0,2,0,0,2,6,11,A01
200800019510,0,7,0,0,2,3,1,B01
200800019511,0,7,0,0,2,1,1,A01
200800019511,0,14,0,0,2,4,1,B01
200800019512,0,7,0,0,1,2,15,A01
200800019513,0,14,0,0,1,1,15,A01
200800019514,0,7,0,0,2,1,1,A01
200800019514,0,7,0,0,2,4,23,B01
200800019514,0,7,0,0,2,4,23,C01
200800019515,0,7,0,3,0,1,14,A01
200800019515,0,10,0,0,2,1,13,B01
200800019515,0,7,0,0,2,4,13,C01
200800019516,0,7,0,0,1,3,1,A01
200800019517,0,7,0,0,1,2,1,A01
200800019518,0,7,0,0,2,6,16,B01
200800019518,0,7,0,0,2,3,15,A01
200800019519,0,7,0,1,0,1,13,A01
200800019520,0,7,0,0,1,1,1,A01
200800019521,0,7,0,0,1,2,1,A01
200800019522,0,7,0,0,2,2,16,A01
200800019522,0,30,0,0,2,1,1,B01
200800019523,0,7,0,0,1,3,1,A01
200800019524,0,2,0,0,2,0,0,A01
200800019525,0,1,0,0,2,1,19,A01
200800019525,0,7,0,0,2,6,1,B01
200800019526,0,2,0,0,2,1,1,A01
200800019527,0,10,0,0,0,0,1,A01
200800019528,0,1,0,0,2,1,1,C01
200800019528,0,7,0,0,2,1,1,A01
200800019528,0,7,0,0,2,4,1,B01
200800019529,0,7,0,1,0,3,13,A01
200800019530,0,10,0,0,2,8,22,A01
200800019530,0,1,0,0,2,1,1,B01
200800019531,0,1,0,0,2,1,13,A01
200800019531,0,30,0,0,2,1,1,B01
200800019532,0,7,0,0,2,2,16,A01
200800019532,0,33,0,0,2,3,1,B01
200800019533,2,7,0,0,2,0,0,A01
200800019533,0,7,0,0,2,1,1,B01
200800019534,0,15,0,0,2,3,13,A01
200800019534,0,7,0,0,2,7,1,B01
200800019535,0,7,0,0,2,1,2,A01
200800019535,0,7,0,0,2,4,2,B01
200800019535,0,7,0,0,2,4,23,C01
200800019536,0,1,0,0,2,1,0,A01
200800019536,0,7,0,0,2,2,20,B01
200800019537,0,7,0,0,1,3,1,A01
200800019538,0,7,0,2,0,1,1,A01
200800019539,0,99,0,0,1,2,1,A01
200800019540,0,15,0,0,2,2,12,A01
200800019540,0,7,0,0,2,6,1,B01
200800019540,0,7,0,0,2,1,17,C01
200800019541,0,15,0,0,2,5,0,A01
200800019541,0,30,0,0,2,3,1,B01
200800019542,0,7,0,0,2,8,1,B01
200800019542,0,7,0,0,2,2,1,A01
200800019543,0,7,0,0,2,1,9,A01
200800019543,0,7,0,0,2,1,1,B01
200800019544,0,7,0,0,2,2,15,A01
200800019544,0,31,0,0,2,1,1,B01
200800019545,0,7,0,0,2,3,0,A01
200800019545,0,1,0,0,2,1,0,B01
200800019546,0,7,0,0,2,1,2,A01
200800019546,0,7,0,0,2,4,1,B01
200800019547,0,7,0,0,2,1,15,B01
200800019547,0,30,0,0,2,1,1,A01
200800019548,0,7,0,3,2,0,14,A01
200800019548,0,10,0,0,2,3,1,B01
200800019549,0,30,0,1,0,1,14,A01
200800019550,0,30,0,0,2,1,1,A01
200800019550,0,7,0,0,2,5,1,B01
200800019551,0,30,0,0,0,8,21,A01
200800019552,0,30,0,0,2,1,18,A01
200800019552,0,7,0,0,2,7,16,B01
200800019553,0,7,0,0,1,4,4,A01
200800019554,0,7,0,0,2,1,2,A01
200800019554,0,7,0,0,2,4,1,B01
200800019555,0,31,0,0,0,1,6,A01
200800019556,0,2,0,0,2,0,17,A01
200800019556,0,7,0,0,2,3,15,B01
200800019557,0,7,0,0,2,2,1,A01
200800019557,0,7,0,0,2,3,16,B01
200800019558,0,7,0,8,0,1,14,A01
200800019559,0,10,0,0,2,1,1,B01
200800019559,0,7,0,0,2,8,10,A01
200800019560,0,7,0,0,1,1,1,A01
200800019561,0,7,0,0,2,8,22,B01
200800019561,0,15,0,1,0,7,15,A01
200800019562,0,7,0,0,0,9,2,A01
200800019563,0,7,0,10,2,6,13,A01
200800019563,0,15,0,0,2,3,1,B01
200800019564,0,2,0,0,0,2,16,B01
200800019564,0,7,0,0,2,1,16,A01
200800019565,0,10,0,0,2,1,1,A01
200800019565,0,7,0,0,2,4,15,B01
200800019566,0,10,0,0,1,1,1,A01
200800019567,0,33,0,0,0,3,1,B01
200800019567,0,7,0,0,2,1,9,A01
200800019568,0,7,0,0,2,1,1,A01
200800019568,0,7,0,0,2,4,1,B01
200800019569,0,7,0,0,2,3,15,A01
200800019569,0,30,0,0,2,1,1,B01
200800019570,0,7,0,0,1,1,1,A01
200800019571,0,10,0,0,2,1,2,A01
200800019571,0,7,0,0,0,4,23,B01
200800019572,0,10,0,0,0,2,15,A01
200800019572,0,2,0,0,2,2,1,B01
200800019573,0,31,0,0,0,1,1,B01
200800019573,0,7,0,0,0,7,15,A01
200800019574,0,7,0,0,0,2,22,A01
200800019574,0,2,0,1,0,1,1,B01
200800019574,0,2,0,0,2,1,1,C01
200800019575,0,7,0,0,0,5,15,A01
200800019575,0,33,0,0,2,1,1,B01
200800019576,0,7,0,0,1,3,15,A01
200800019577,0,1,0,0,2,1,15,A01
200800019577,0,7,0,0,0,5,1,B01
200800019578,0,31,0,14,2,1,1,B01
200800019578,0,7,0,0,0,8,1,A01
200800019579,0,10,0,0,2,1,1,A01
200800019579,0,7,0,0,2,4,24,B01
200800019579,0,7,0,0,0,4,24,C01
200800019580,0,10,0,0,1,3,21,A01
200800019581,0,7,0,7,2,1,1,B01
200800019581,0,7,0,0,0,2,1,A01
200800019582,0,10,0,0,2,3,1,B01
200800019582,0,7,0,0,0,2,1,A01
200800019583,0,32,0,0,2,1,1,B01
200800019583,0,7,0,0,0,4,1,A01
200800019584,0,7,0,0,2,3,13,A01
200800019584,0,7,0,0,0,2,1,B01
200800019585,1,7,0,0,0,6,1,B01
200800019585,0,31,0,0,2,1,1,A01
200800019586,0,7,0,0,0,3,15,A01
200800019586,0,7,0,0,2,3,1,B01
200800019587,0,7,0,0,2,1,2,A01
200800019587,0,7,0,0,0,4,23,B01
200800019588,0,2,0,0,0,0,1,A01
200800019589,0,7,0,0,1,2,0,A01
200800019590,0,31,0,0,2,1,2,A01
200800019590,0,7,0,0,0,4,1,B01
200800019591,0,7,0,0,0,8,0,A01
200800019591,0,33,0,0,2,1,1,B01
200800019592,0,7,0,0,1,2,1,A01
200800019593,0,40,0,0,2,2,1,B01
200800019593,0,7,0,0,9,3,9,A01
200800019594,0,1,0,0,2,1,1,B01
200800019594,0,7,0,0,0,5,1,A01
200800019595,0,7,0,0,1,2,16,A01
200800019596,0,7,0,0,2,0,2,A01
200800019596,0,7,0,0,0,4,1,B01
200800019597,0,7,0,1,0,1,1,A01
200800019598,0,7,0,0,0,1,15,B01
200800019598,0,7,0,0,2,1,1,A01
200800019599,0,7,0,0,1,1,1,A01
200800019600,0,7,0,0,0,3,11,A01
200800019600,0,33,0,0,2,1,1,B01
200800019601,0,7,0,0,0,8,15,A01
200800019601,0,30,0,0,2,0,17,B01
200800019602,0,31,0,0,2,3,18,A01
200800019602,0,7,0,0,0,7,16,B01
200800019603,0,33,0,0,0,0,16,A01
200800019603,0,7,0,0,0,0,1,B01
200800019604,0,7,0,13,0,1,0,A01
200800019605,0,7,0,0,2,1,1,B01
200800019605,0,10,0,0,0,6,1,A01
200800019606,0,7,0,0,2,1,1,A01
200800019606,0,7,0,0,2,4,23,B01
200800019606,0,7,0,0,0,4,23,C01
200800019607,0,33,0,0,2,1,1,B01
200800019607,0,7,0,0,2,1,15,A01
200800019608,0,10,0,0,0,2,15,A01
200800019608,0,30,0,0,2,1,1,B01
200800019609,0,37,43,0,2,1,9,A01
200800019609,0,7,0,0,2,4,23,B01
200800019610,0,7,0,0,1,1,1,A01
200800019611,0,7,0,0,2,1,1,A01
200800019611,0,7,0,0,0,8,15,B01
200800019612,0,7,0,0,2,1,1,A01
200800019612,0,7,0,0,2,4,23,B01
200800019612,0,7,0,0,0,4,23,C01
200800019613,0,7,0,0,0,3,1,A01
200800019613,1,2,0,0,2,0,15,B01
200800019614,0,31,0,0,2,1,1,B01
200800019614,0,7,0,0,0,7,1,A01
200800019615,0,7,0,0,2,1,1,A01
200800019615,0,7,0,0,2,4,2,B01
200800019615,0,7,0,0,0,4,2,C01
200800019616,0,7,0,0,0,0,1,B01
200800019616,0,7,0,0,2,1,2,A01
200800019617,0,7,0,6,0,5,1,B01
200800019617,0,7,0,0,2,1,1,A01
200800019618,0,33,0,0,2,1,1,B01
200800019618,0,10,0,0,0,3,15,A01
200800019619,0,10,0,0,0,3,15,B01
200800019619,0,1,0,0,2,0,5,A01
200800019620,0,7,0,0,0,3,23,C01
200800019620,0,7,0,0,2,3,1,B01
200800019620,0,7,0,0,2,1,15,A01
200800019621,0,7,0,0,0,7,15,B01
200800019621,0,7,0,15,2,1,1,A01
200800019622,0,7,0,0,0,3,10,A01
200800019622,0,2,0,0,2,1,1,B01
200800019623,0,33,0,0,0,7,1,B01
200800019623,0,10,0,0,2,1,1,A01
200800019624,0,33,0,0,2,1,1,B01
200800019624,0,7,0,0,0,3,15,A01
200800019625,0,1,0,0,2,1,0,B01
200800019625,0,7,0,0,0,0,16,A01
200800019626,0,7,0,15,1,1,21,A01
200800019627,0,1,0,0,0,4,15,B01
200800019627,0,2,0,0,2,2,17,A01
200800019628,0,7,0,0,0,2,1,B01
200800019628,0,7,0,0,2,2,15,A01
200800019629,0,10,0,0,2,1,1,A01
200800019629,0,7,0,0,2,4,23,B01
200800019629,0,7,0,0,2,4,23,C01
200800019629,0,7,0,0,0,4,23,D01
200800019630,0,7,0,1,2,3,1,A01
200800019630,0,7,0,1,2,3,1,B01
200800019631,0,1,0,0,0,0,1,B01
200800019631,0,7,0,0,2,1,0,A01
200800019632,0,7,0,0,2,1,1,B01
200800019632,0,10,0,0,0,2,1,A01
200800019633,0,7,0,0,0,2,16,A01
200800019633,0,2,0,0,2,1,18,B01
200800019634,0,7,0,0,0,3,15,B01
200800019634,0,2,0,0,2,2,1,A01
200800019635,0,7,0,0,1,1,1,A01
200800019636,0,2,0,0,2,0,1,A01
200800019636,1,7,0,0,0,0,3,B01
200800019637,0,7,0,0,1,2,15,A01
200800019637,0,7,0,2,0,0,1,B01
200800019637,0,7,0,0,0,3,1,C01
200800019638,0,7,0,1,0,1,13,A01
200800019639,0,7,0,0,2,1,1,A01
200800019639,0,7,0,0,2,4,2,B01
200800019639,0,7,0,0,0,4,2,C01
200800019640,0,31,0,0,2,1,1,B01
200800019640,0,7,0,0,0,3,15,A01
200800019641,0,1,0,0,2,1,1,B01
200800019641,0,7,0,0,0,7,1,A01
200800019642,0,7,0,1,0,1,1,A01
200800019643,0,33,0,0,2,1,17,A01
200800019643,0,1,0,0,0,1,15,B01
200800019644,0,7,0,0,2,1,1,A01
200800019644,0,7,0,0,2,4,2,B01
200800019644,0,7,0,0,0,4,2,C01
200800019645,0,33,0,0,2,1,17,B01
200800019645,0,7,0,0,0,2,15,A01
200800019646,0,2,0,0,0,8,1,A01
200800019646,0,38,0,0,2,1,1,B01
200800019647,0,7,0,0,1,2,1,A01
200800019648,0,40,0,0,2,1,1,A01
200800019648,0,1,0,0,0,7,19,B01
200800019649,0,7,0,0,0,1,15,A01
200800019649,0,33,0,0,2,2,1,B01
200800019650,0,7,0,0,2,2,15,A01
200800019650,0,30,0,0,0,3,1,B01
200800019651,0,7,0,0,0,8,22,A01
200800019651,0,1,0,0,2,1,1,B01
200800019652,0,7,0,0,2,3,1,B01
200800019652,0,7,0,0,0,2,15,A01
200800019653,0,30,0,0,2,1,1,A01
200800019653,0,7,0,0,0,4,23,B01
200800019654,0,7,0,0,0,8,1,B01
200800019654,0,10,0,0,2,1,1,A01
200800019655,0,7,0,0,0,4,15,B01
200800019655,0,7,0,0,2,1,1,A01
200800019656,0,7,0,2,0,1,14,A01
200800019657,0,33,0,0,2,1,17,A01
200800019657,0,7,0,0,0,6,15,B01
200800019658,0,10,0,0,2,2,16,A01
200800019658,0,2,0,0,0,7,1,B01
200800019659,0,10,0,0,0,0,15,A01
200800019659,0,32,0,0,0,8,21,B01
200800019660,0,7,0,0,2,1,2,A01
200800019660,0,7,0,0,2,5,23,B01
200800019661,0,7,0,0,1,1,0,A01
200800019662,0,7,0,0,2,1,0,A01
200800019662,0,31,0,0,2,1,1,B01
200800019663,1,7,0,0,1,0,1,A01
200800019664,0,7,0,0,1,1,1,A01
200800019665,0,7,0,0,2,3,15,A01
200800019665,0,7,0,0,2,3,1,B01
200800019666,0,7,0,0,2,1,2,A01
200800019666,0,7,0,0,0,4,1,B01
200800019667,0,7,0,0,1,1,1,A01
200800019668,0,7,0,0,2,2,15,A01
200800019668,0,7,0,0,2,1,1,B01
200800019668,0,7,0,0,2,8,23,C01
200800019669,0,7,0,0,2,8,1,B01
200800019669,0,7,0,0,2,1,1,A01
200800019670,0,7,0,0,1,1,1,A01
200800019671,0,7,0,0,2,3,11,A01
200800019671,0,33,0,0,0,7,1,B01
200800019672,0,7,0,0,0,0,0,A01
200800019673,0,7,0,0,2,1,2,A01
200800019673,0,30,0,0,2,4,2,B01
200800019674,0,30,0,0,2,2,12,A01
200800019674,0,7,0,0,2,6,1,B01
200800019675,0,32,0,0,2,3,15,A01
200800019675,0,7,0,0,2,5,15,B01
200800019676,0,7,0,0,2,1,1,B01
200800019676,0,2,0,0,2,2,1,A01
200800019677,0,7,0,14,0,8,13,A01
200800019678,0,7,0,0,2,7,12,A01
200800019678,0,7,0,0,2,8,1,B01
200800019679,0,7,0,0,0,8,1,B01
200800019679,0,7,0,0,2,7,1,A01
200800019680,0,7,0,0,2,1,1,B01
200800019680,0,7,0,0,2,8,19,A01
200800019681,0,7,0,0,1,1,16,A01
200800019682,0,7,0,0,2,8,15,A01
200800019682,0,33,0,0,2,1,1,B01
200800019683,0,7,0,0,2,1,13,A01
200800019683,0,7,0,0,2,1,1,B01
200800019684,0,2,0,0,2,1,2,A01
200800019684,0,7,0,0,2,4,1,B01
200800019685,0,7,0,0,2,3,0,B01
200800019685,0,14,0,0,2,2,0,A01
200800019686,0,1,0,0,2,8,19,B01
200800019686,0,7,0,0,9,3,1,A01
200800019686,0,7,0,0,9,3,1,C01
200800019687,0,2,0,0,1,7,0,A01
200800019688,0,33,0,0,2,1,1,B01
200800019688,1,10,0,0,2,0,10,A01
200800019689,0,14,0,0,9,2,1,A01
200800019689,0,1,0,0,0,4,1,B01
200800019690,0,33,0,0,2,3,13,A01
200800019690,0,7,0,0,2,5,14,B01
200800019691,0,7,0,4,0,1,1,A01
200800019692,0,7,0,0,2,1,1,A01
200800019692,0,7,0,0,0,4,23,B01
200800019693,0,7,0,0,2,7,15,A01
200800019693,0,30,0,0,2,1,1,B01
200800019694,0,7,0,0,0,5,15,A01
200800019694,0,34,0,0,2,1,17,B01
200800019695,0,7,0,0,2,7,10,A01
200800019695,0,32,0,0,2,1,1,B01
200800019696,0,7,0,0,2,1,5,A01
200800019696,0,7,0,0,2,0,1,B01
200800019697,0,7,0,6,0,1,1,A01
200800019698,0,30,0,0,1,1,1,A01
200800019699,0,1,0,0,0,0,0,A01
200800019700,0,30,0,0,2,1,18,A01
200800019700,0,7,0,0,0,2,15,B01
200800019701,0,10,0,0,2,3,11,A01
200800019701,0,30,0,1,2,1,1,B01
200800019702,0,7,0,0,2,3,9,A01
200800019702,0,33,0,0,2,1,1,B01
200800019703,1,7,0,0,2,3,6,A01
200800019703,0,7,0,0,2,8,1,B01
200800019704,0,2,0,1,0,1,1,B01
200800019705,0,7,0,0,2,6,17,A01
200800019705,0,32,0,0,2,1,17,B01
200800019706,0,2,0,0,0,0,1,A01
200800019707,0,10,0,0,1,0,16,A01
200800019708,0,7,0,0,2,2,0,A01
200800019708,0,17,0,0,2,8,0,B01
200800019709,1,7,0,0,2,3,10,A01
200800019709,0,2,0,0,2,1,1,B01
200800019710,0,7,0,0,2,8,15,A01
200800019710,0,31,0,0,2,8,16,B01
200800019711,0,7,0,0,2,1,1,A01
200800019711,0,1,0,0,2,6,0,B01
200800019712,0,7,0,0,2,6,0,A01
200800019712,0,30,0,0,2,1,1,B01
200800019713,0,7,0,0,2,3,15,A01
200800019713,0,7,0,0,2,3,1,B01
200800019714,0,7,0,0,0,8,1,B01
200800019714,0,7,0,0,2,1,2,A01
200800019715,0,1,0,0,0,0,1,A01
200800019716,0,7,0,0,2,8,1,B01
200800019716,2,7,0,0,2,1,1,A01
200800019717,0,7,0,0,0,1,0,A01
200800019717,0,7,0,0,0,1,1,B01
200800019718,0,31,0,0,0,0,0,A01
200800019719,0,32,0,15,0,0,6,A01
200800019720,0,7,0,0,1,3,1,A01
200800019721,0,7,0,0,0,8,9,A01
200800019721,0,31,0,0,2,1,1,B01
200800019722,0,7,0,9,0,1,1,A01
200800019723,0,7,0,4,0,1,1,A01
200800019724,0,7,0,0,0,8,10,A01
200800019724,0,33,0,0,2,1,17,B01
200800019725,0,7,0,12,0,2,1,A01
200800019726,0,10,0,0,1,1,16,A01
200800019727,0,10,0,0,2,3,1,A01
200800019727,0,1,0,0,2,4,0,B01
200800019728,0,33,0,0,2,1,13,A01
200800019728,0,7,0,0,2,8,1,B01
200800019728,0,7,0,0,2,3,1,C01
200800019729,0,7,0,0,1,3,1,A01
200800019730,0,1,0,0,2,0,1,B01
200800019730,0,7,0,0,2,0,16,A01
200800019731,0,7,0,0,2,1,1,A01
200800019731,0,7,0,0,2,4,23,B01
200800019732,0,7,0,0,2,1,0,A01
200800019732,0,7,0,0,2,4,0,B01
200800019733,0,2,0,0,2,1,1,B01
200800019733,0,7,0,0,2,5,0,A01
200800019734,0,7,0,0,2,8,15,A01
200800019734,0,30,0,0,2,9,1,B01
200800019735,0,7,0,0,2,2,1,A01
200800019735,0,7,0,0,2,6,23,B01
200800019736,0,30,0,0,0,0,0,A01
200800019737,0,1,0,0,2,0,19,A01
200800019737,0,7,0,0,2,2,1,B01
200800019738,0,33,0,0,2,9,17,A01
200800019738,0,7,0,0,2,9,13,B01
200800019739,0,37,0,0,1,0,0,A01
200800019740,0,7,0,0,2,2,15,B01
200800019740,0,1,0,0,2,0,0,A01
200800019741,0,7,0,0,1,1,1,A01
200800019742,0,7,0,6,0,1,1,A01
200800019743,0,10,0,0,2,2,15,A01
200800019743,0,7,0,0,2,0,1,B01
200800019744,0,37,0,0,2,1,2,A01
200800019744,0,7,0,0,2,4,1,B01
200800019745,0,10,0,8,2,9,18,A01
200800019745,0,14,0,0,2,1,16,B01
200800019746,2,7,0,0,2,0,0,A01
200800019746,0,1,0,0,2,4,0,B01
200800019747,0,7,0,0,2,1,0,A01
200800019747,0,7,0,0,2,4,0,B01
200800019748,0,7,0,0,2,1,1,A01
200800019748,0,7,0,0,2,9,1,B01
200800019748,0,10,0,0,2,4,1,C01
200800019749,0,7,0,13,0,1,1,A01
200800019750,0,7,0,0,2,0,0,A01
200800019750,0,99,0,0,2,1,0,B01
200800019751,0,7,0,0,2,3,10,A01
200800019751,0,7,0,0,2,1,1,B01
200800019752,0,7,0,0,2,6,9,A01
200800019752,0,14,0,0,2,2,12,B01
200800019753,0,7,0,0,2,2,15,A01
200800019753,0,33,0,0,2,1,1,B01
200800019754,0,7,0,0,2,1,9,A01
200800019754,0,33,0,0,2,0,1,B01
200800019755,0,2,0,0,2,7,17,A01
200800019755,0,2,0,0,2,8,1,B01
200800019756,0,7,0,3,0,1,9,A01
200800019757,0,30,0,0,2,1,2,A01
200800019757,0,7,0,0,2,4,1,B01
200800019758,0,7,0,5,0,2,1,A01
200800019759,0,7,0,0,2,2,15,A01
200800019759,0,7,0,1,2,1,1,B01
200800019760,0,7,0,0,1,4,4,A01
200800019761,0,7,0,13,0,0,16,A01
200800019762,0,7,0,0,2,3,15,A01
200800019762,0,7,0,0,2,3,1,B01
200800019763,0,7,0,0,2,6,20,A01
200800019763,0,33,0,0,2,2,17,B01
200800019764,0,7,0,0,2,4,1,A01
200800019764,0,7,0,0,2,1,2,B01
200800019765,0,33,0,0,0,3,1,A01
200800019766,0,7,0,7,0,3,1,A01
200800019767,0,2,0,0,2,1,5,A01
200800019767,0,7,0,0,2,3,1,B01
200800019768,0,7,0,0,2,3,1,B01
200800019768,0,2,0,0,2,0,1,A01
200800019769,1,2,0,0,1,0,0,A01
200800019770,0,2,0,0,2,1,2,A01
200800019770,0,10,0,0,2,4,23,B01
200800019771,0,2,0,0,0,0,1,A01
200800019772,0,7,0,0,2,1,2,A01
200800019772,0,10,0,0,2,4,2,B01
200800019772,0,10,0,0,2,1,2,C01
200800019772,0,7,0,0,2,4,2,D01
200800019773,0,7,0,0,2,1,15,A01
200800019773,0,1,0,0,2,1,1,B01
200800019774,0,7,0,0,1,0,0,A01
200800019775,0,7,0,6,0,2,14,A01
200800019776,0,7,0,0,2,2,1,A01
200800019776,0,2,0,0,0,4,19,B01
200800019777,0,7,0,0,2,2,5,A01
200800019777,0,37,0,0,2,7,1,B01
200800019778,0,30,0,0,0,1,1,A01
200800019778,0,7,0,0,0,4,1,B01
200800019779,0,7,0,0,0,7,1,B01
200800019779,0,1,0,0,2,1,1,A01
200800019780,0,1,0,0,0,4,16,A01
200800019780,0,7,0,0,2,1,1,B01
200800019781,0,7,0,0,0,6,9,A01
200800019781,0,33,0,0,2,1,1,B01
200800019782,0,7,0,0,0,9,21,A01
200800019783,0,7,0,0,1,1,1,A01
200800019784,0,7,0,0,0,4,1,A01
200800019784,0,7,0,0,2,1,1,B01
200800019785,0,7,0,0,9,1,1,A01
200800019785,0,1,0,0,0,4,1,B01
200800019786,0,7,0,0,0,7,16,A01
200800019786,0,1,0,0,2,1,19,B01
200800019787,0,2,0,0,2,1,1,B01
200800019787,0,7,0,0,2,5,19,A01
200800019788,0,7,0,0,0,7,1,A01
200800019789,0,2,0,0,0,8,1,A01
200800019789,0,7,0,0,0,7,1,B01
200800019790,0,7,0,0,1,1,1,A01
200800019791,0,7,0,0,2,5,16,A01
200800019791,0,1,0,0,2,1,1,B01
200800019792,0,17,0,0,0,7,1,A01
200800019793,0,7,0,0,2,2,1,A01
200800019793,0,7,0,0,2,3,9,B01
200800019794,0,30,0,0,2,1,1,A01
200800019794,0,7,0,0,2,5,1,B01
200800019794,0,37,0,0,2,8,1,C01
200800019795,0,10,0,0,2,7,1,B01
200800019795,0,7,0,0,2,1,1,A01
200800019796,0,7,0,0,2,7,16,B01
200800019796,0,2,0,0,2,1,18,A01
200800019797,0,7,0,0,1,2,1,A01
200800019798,0,33,0,0,2,1,1,B01
200800019798,0,7,0,0,2,8,0,A01
200800019799,0,33,0,0,2,8,21,B01
200800019799,0,7,0,0,2,3,15,A01
200800019800,0,7,0,0,2,1,21,A01
200800019800,0,7,0,0,2,4,2,B01
200800019800,0,7,0,0,0,0,2,C01
200800019801,0,1,0,0,0,0,0,A01
200800019801,0,1,0,0,0,0,0,B01
200800019802,0,37,11,0,2,3,0,B01
200800019802,1,7,0,0,2,5,12,A01
200800019803,0,2,0,0,2,1,1,B01
200800019803,0,7,0,0,0,2,15,A01
200800019804,0,7,0,0,2,3,1,B01
200800019804,0,7,0,0,2,1,1,A01
200800019805,1,7,0,0,1,0,1,A01
200800019806,0,7,0,0,2,1,2,A01
200800019806,0,7,0,0,2,4,2,B01
200800019807,0,7,0,0,1,1,1,A01
200800019808,0,7,0,0,1,0,1,A01
200800019809,0,7,0,0,2,1,2,A01
200800019809,0,7,0,0,2,4,2,B01
200800019810,0,7,0,0,1,4,4,A01
200800019811,0,30,0,0,2,1,13,A01
200800019811,0,1,0,0,2,1,1,B01
200800019812,0,37,0,0,1,1,15,A01
200800019813,0,7,0,0,1,3,15,A01
200800019814,0,30,0,0,2,1,15,A01
200800019814,0,7,0,0,0,1,1,B01
200800019815,0,7,0,0,2,1,14,A01
200800019815,0,7,0,3,2,4,1,B01
200800019816,0,30,0,12,2,1,1,B01
200800019816,0,30,0,0,2,1,1,A01
200800019817,0,7,0,0,1,1,1,A01
200800019818,0,7,0,0,2,3,15,A01
200800019818,0,2,0,0,2,1,1,B01
200800019819,0,7,0,0,2,2,1,A01
200800019820,0,7,0,0,2,1,15,A01
200800019820,0,2,0,0,2,1,1,B01
200800019821,0,7,0,0,1,2,0,A01
200800019822,0,7,0,0,2,1,2,A01
200800019822,0,7,0,0,2,4,2,B01
200800019823,0,30,0,0,2,8,7,A01
200800019823,0,7,0,0,2,2,16,B01
200800019824,0,7,0,0,2,1,5,A01
200800019824,0,7,0,0,2,1,1,B01
200800019824,0,7,0,0,2,7,17,C01
200800019824,0,7,0,0,2,8,1,D01
200800019825,0,7,0,0,1,8,0,A01
200800019826,0,38,64,0,2,2,1,A01
200800019826,0,1,0,0,2,3,0,B01
200800019827,0,7,0,0,1,1,1,A01
200800019828,0,7,0,0,2,2,15,B01
200800019828,0,33,0,0,2,1,1,A01
200800019828,0,7,0,0,2,6,1,C01
200800019829,0,7,0,0,1,3,15,A01
200800019830,0,30,0,0,2,1,19,A01
200800019830,0,7,0,0,9,1,1,B01
200800019831,0,33,0,0,2,1,17,A01
200800019831,0,7,0,0,0,6,17,B01
200800019832,0,2,0,0,1,8,0,A01
200800019833,0,7,0,0,2,2,1,B01
200800019834,0,7,0,0,2,7,9,A01
200800019834,0,33,0,0,2,1,1,B01
200800019835,0,7,0,0,2,1,2,A01
200800019835,0,7,0,0,2,4,23,B01
200800019835,0,7,0,0,2,4,23,C01
200800019836,0,7,0,0,9,2,15,A01
200800019836,0,1,0,0,2,1,1,B01
200800019837,0,7,0,0,2,7,15,A01
200800019837,0,2,0,0,2,1,1,B01
200800019838,0,30,0,0,2,1,0,B01
200800019838,0,7,0,0,2,1,19,A01
200800019839,0,7,0,0,2,2,15,A01
200800019839,0,30,0,0,2,1,1,B01
200800019840,0,7,0,0,1,3,15,A01
200800019841,0,7,0,0,2,2,1,A01
200800019841,0,7,0,0,0,6,1,B01
200800019842,0,7,0,8,0,1,0,A01
200800019843,0,7,0,0,9,3,9,A01
200800019843,0,30,0,0,2,1,1,B01
200800019844,0,7,0,0,2,1,5,A01
200800019844,0,7,0,0,2,1,9,B01
200800019845,0,1,0,0,0,0,1,A01
200800019846,0,2,0,0,2,1,17,A01
200800019846,0,7,0,0,2,3,15,B01
200800019847,0,7,0,0,2,1,2,A01
200800019847,0,7,0,0,2,4,1,B01
200800019848,0,7,0,0,1,4,4,A01
200800019849,0,7,0,0,2,1,2,A01
200800019849,0,7,0,0,2,4,2,B01
200800019850,0,7,0,0,2,1,9,A01
200800019850,0,2,0,0,2,5,1,B01
200800019851,0,7,0,0,2,8,10,A01
200800019851,0,7,0,0,2,1,1,B01
200800019852,0,7,0,0,2,1,15,A01
200800019852,0,30,0,0,2,2,1,B01
200800019853,0,7,0,2,0,8,6,A01
200800019854,0,31,0,0,0,1,17,A01
200800019855,0,7,0,0,1,1,0,A01
200800019856,0,10,0,0,1,1,0,A01
200800019857,0,14,0,0,1,0,0,A01
200800019858,0,7,0,0,2,2,1,B01
200800019858,0,2,0,0,2,2,1,A01
200800019859,0,33,0,0,0,1,1,A01
200800019860,0,2,0,0,2,1,17,A01
200800019860,0,7,0,0,2,1,1,B01
200800019861,0,7,0,0,2,2,1,B01
200800019861,0,1,0,0,0,1,19,A01
200800019862,0,7,0,15,9,1,1,A01
200800019863,0,7,0,0,2,5,15,A01
200800019863,0,33,0,0,2,1,1,B01
200800019864,0,7,0,0,2,3,1,B01