Num_Acc,senc,catv,occutc,obs,obsm,choc,manv,num_veh
200800020236,0,7,0,0,2,1,1,A01
200800020237,0,7,0,0,2,3,13,A01
200800020237,0,7,0,0,2,2,1,B01
200800020238,0,7,0,0,2,2,15,A01
200800020238,0,7,0,0,2,2,2,B01
200800020239,0,7,0,0,2,3,1,B01
200800020239,0,2,0,0,2,5,1,A01
200800020240,0,7,0,0,2,3,15,A01
200800020240,0,2,0,0,2,2,1,B01
200800020241,0,1,0,0,2,1,2,B01
200800020241,0,7,0,1,2,1,15,A01
200800020242,0,7,0,0,2,2,1,A01
200800020242,0,7,0,0,2,1,1,B01
200800020243,0,7,0,0,1,4,4,A01
200800020244,0,7,0,0,1,1,1,A01
200800020245,0,7,0,0,2,1,1,B01
200800020245,0,7,0,0,2,1,1,C01
200800020245,1,7,0,0,0,0,1,A01
200800020246,0,7,0,0,1,2,2,A01
200800020247,0,7,0,0,2,3,20,A01
200800020247,0,1,0,0,2,1,1,B01
200800020248,0,7,0,0,2,2,16,A01
200800020248,0,1,0,0,2,8,1,B01
200800020249,0,7,0,9,0,1,1,A01
200800020250,0,7,0,0,2,1,1,B01
200800020250,0,7,0,0,2,3,1,A01
200800020251,0,7,0,0,1,1,1,A01
200800020252,0,7,0,2,0,1,1,A01
200800020253,0,2,0,0,2,1,2,B01
200800020253,0,7,0,0,2,2,2,A01
200800020254,0,7,0,0,2,1,15,A01
200800020254,0,7,0,0,2,1,2,B01
200800020255,0,7,0,0,2,2,15,A01
200800020255,0,2,0,0,2,1,2,B01
200800020256,0,30,0,0,2,8,0,A01
200800020256,0,7,0,0,0,0,1,B01
200800020257,0,7,0,0,1,3,1,A01
200800020258,0,30,0,0,2,1,12,A01
200800020258,0,7,0,0,2,3,2,B01
200800020259,0,7,0,0,1,1,2,A01
200800020260,0,7,0,0,2,2,2,A01
200800020260,0,7,0,0,2,1,15,B01
200800020261,0,7,0,0,2,1,1,B01
200800020261,0,7,0,0,2,1,1,A01
200800020262,0,2,0,0,9,1,17,A01
200800020262,0,2,0,0,9,6,1,B01
200800020263,0,1,0,0,2,1,19,A01
200800020263,0,7,0,0,2,2,1,B01
200800020264,0,7,0,0,2,1,1,A01
200800020264,0,7,0,0,2,2,1,B01
200800020265,0,2,0,0,2,1,1,A01
200800020265,0,7,0,0,2,5,1,B01
200800020266,1,7,0,14,1,0,10,A01
200800020266,0,7,0,0,2,8,1,B01
200800020267,0,14,0,0,2,2,1,B01
200800020267,0,2,0,15,0,1,18,A01
200800020268,0,7,0,0,0,9,1,A01
200800020269,1,7,0,0,1,3,1,A01
200800020270,0,7,0,0,1,3,1,A01
200800020270,1,99,0,0,1,0,1,B01
200800020271,0,7,0,7,2,1,1,A01
200800020271,0,7,0,0,2,1,1,B01
200800020272,0,7,0,0,2,1,2,A01
200800020272,0,7,0,0,2,4,1,B01
200800020273,0,7,0,0,2,9,9,A01
200800020273,0,2,0,0,2,1,1,B01
200800020274,0,37,0,0,2,8,18,A01
200800020274,0,2,0,0,2,1,1,B01
200800020275,0,7,0,0,1,0,1,A01
200800020276,0,7,0,0,1,2,1,A01
200800020277,0,7,0,0,2,1,15,A01
200800020277,0,7,0,0,2,1,1,B01
200800020278,0,7,0,0,2,2,15,A01
200800020278,0,30,0,0,2,1,1,B01
200800020279,0,7,0,0,2,2,15,A01
200800020279,0,7,0,0,2,3,1,B01
200800020280,0,7,0,0,2,1,4,A01
200800020280,0,7,0,0,2,2,13,B01
200800020281,0,7,0,0,2,1,17,A01
200800020281,0,7,0,0,2,1,1,B01
200800020281,0,15,0,0,2,0,2,C01
200800020282,0,7,0,0,2,9,1,A01
200800020282,0,7,0,14,2,1,1,B01
200800020283,0,7,0,14,2,1,15,A01
200800020283,0,7,0,0,2,1,1,B01
200800020284,0,2,0,0,0,9,1,A01
200800020285,0,7,0,0,1,2,1,A01
200800020286,0,2,0,0,1,0,1,A01
200800020287,0,7,0,0,2,8,10,A01
200800020287,0,31,0,0,2,1,1,B01
200800020288,0,7,0,1,1,0,1,A01
200800020289,0,7,0,0,2,3,15,A01
200800020289,0,2,0,0,2,1,1,B01
200800020290,0,7,0,0,2,1,1,B01
200800020290,0,7,0,0,2,1,1,A01
200800020291,0,7,0,0,1,1,1,A01
200800020292,0,7,0,0,2,1,15,A01
200800020292,0,2,0,0,2,1,1,B01
200800020293,0,7,0,1,2,4,17,A01
200800020293,0,34,0,0,2,1,1,B01
200800020294,0,1,0,0,2,3,16,B01
200800020294,0,7,0,0,9,1,5,A01
200800020295,0,7,0,0,2,1,16,A01
200800020295,0,33,0,0,2,1,13,B01
200800020296,0,1,0,0,2,3,2,A01
200800020296,0,99,0,0,2,0,2,B01
200800020297,0,7,0,0,2,5,1,B01
200800020297,1,7,0,0,2,1,1,A01
200800020298,0,7,0,0,2,2,9,A01
200800020298,0,2,0,0,2,5,1,B01
200800020299,0,7,0,0,1,3,1,A01
200800020300,0,7,0,0,1,1,15,A01
200800020301,0,7,0,0,1,2,1,A01
200800020302,0,7,0,0,1,2,16,A01
200800020303,0,7,0,0,0,1,1,A01
200800020304,0,7,0,0,2,1,10,A01
200800020304,0,7,0,0,2,1,2,B01
200800020305,0,7,0,0,1,1,0,A01
200800020306,0,7,0,0,2,7,15,B01
200800020306,2,7,0,0,2,1,5,A01
200800020307,0,33,0,12,0,0,0,A01
200800020308,0,7,0,16,0,1,14,A01
200800020309,0,7,0,2,0,2,14,A01
200800020310,0,33,0,0,5,1,1,A01
200800020311,1,7,0,0,2,2,17,A01
200800020311,0,2,0,0,2,8,15,B01
200800020312,1,7,0,0,2,1,2,A01
200800020312,0,33,0,0,2,4,1,B01
200800020313,0,33,0,8,0,1,16,A01
200800020314,0,33,0,0,2,1,1,B01
200800020314,0,10,0,0,2,2,15,A01
200800020315,0,14,0,0,2,1,1,A01
200800020315,0,7,0,0,2,4,1,B01
200800020316,0,7,0,0,1,4,4,A01
200800020317,0,2,0,0,1,1,17,A01
200800020318,0,7,0,0,2,7,17,A01
200800020318,0,7,0,0,0,0,0,B01
200800020319,0,33,0,0,2,1,13,A01
200800020319,0,7,0,0,2,6,1,B01
200800020320,0,7,0,0,2,7,10,A01
200800020320,0,7,0,0,2,1,1,B01
200800020321,0,14,0,0,1,2,16,A01
200800020322,0,7,0,0,2,4,13,A01
200800020322,0,30,0,0,2,1,1,B01
200800020323,0,7,0,0,2,2,15,A01
200800020323,0,1,0,0,2,1,1,B01
200800020324,0,7,0,0,1,1,1,A01
200800020325,0,7,0,0,1,1,1,A01
200800020326,0,30,0,0,2,1,2,A01
200800020326,0,30,0,0,0,4,2,B01
200800020327,0,17,0,0,9,6,1,A01
200800020327,0,1,0,0,2,2,9,B01
200800020328,0,7,0,0,9,3,2,A01
200800020328,0,1,0,0,0,4,2,B01
200800020329,0,15,0,15,1,2,15,A01
200800020330,0,7,0,0,2,7,15,A01
200800020330,0,2,0,0,2,1,1,B01
200800020331,0,15,0,2,0,2,1,A01
200800020332,0,7,0,0,2,3,1,A01
200800020332,0,7,0,0,2,3,1,B01
200800020333,0,7,0,0,2,1,2,A01
200800020333,0,30,0,0,0,4,2,B01
200800020334,0,10,0,0,1,2,2,A01
200800020335,0,7,0,0,0,3,15,B01
200800020335,0,33,0,0,2,1,2,A01
200800020336,0,32,0,3,0,7,1,A01
200800020337,0,7,0,0,2,7,19,A01
200800020337,0,7,0,0,2,1,1,B01
200800020338,0,33,0,0,2,1,2,A01
200800020338,0,7,0,0,0,4,2,B01
200800020339,0,2,0,0,2,1,5,A01
200800020339,0,7,0,0,2,7,1,B01
200800020340,0,7,0,0,0,3,1,B01
200800020340,0,7,0,0,2,5,15,A01
200800020341,0,7,0,16,0,9,1,A01
200800020342,0,2,0,0,2,1,1,B01
200800020342,0,7,0,0,2,2,1,A01
200800020343,0,7,0,0,0,8,10,A01
200800020343,0,7,0,0,2,1,1,B01
200800020344,0,7,0,6,0,9,0,A01
200800020345,0,30,0,0,2,0,1,A01
200800020345,1,7,0,0,2,0,11,B01
200800020346,0,7,0,0,1,4,4,A01
200800020347,0,7,0,1,0,7,1,A01
200800020348,0,7,0,0,0,8,10,A01
200800020348,0,33,0,0,2,1,2,B01
200800020349,0,7,0,0,0,9,14,A01
200800020350,0,7,0,8,0,1,13,A01
200800020351,0,7,0,0,2,1,15,A01
200800020351,0,33,0,0,2,8,1,B01
200800020352,0,7,0,0,2,3,0,B01
200800020352,0,33,0,0,2,1,1,A01
200800020353,0,7,0,0,2,8,15,A01
200800020353,0,33,0,0,2,9,17,B01
200800020354,0,7,0,0,1,2,1,A01
200800020355,1,7,0,0,1,2,14,A01
200800020356,0,2,0,1,0,1,11,A01
200800020357,0,33,0,0,2,5,2,A01
200800020357,0,7,0,0,2,5,2,B01
200800020358,0,7,0,0,2,1,2,A01
200800020358,0,7,0,0,2,1,1,C01
200800020358,0,7,0,1,2,4,2,B01
200800020359,0,31,0,0,2,1,1,B01
200800020359,0,7,0,0,2,2,0,A01
200800020360,0,7,0,0,2,3,13,A01
200800020360,0,2,0,0,2,1,16,B01
200800020361,0,2,0,0,2,1,1,A01
200800020361,0,7,0,0,2,2,16,B01
200800020362,0,7,0,0,2,2,17,A01
200800020362,0,1,0,0,2,8,13,B01
200800020363,1,7,0,1,0,1,1,A01
200800020363,0,7,0,0,2,4,23,B01
200800020364,0,2,0,6,0,1,1,A01
200800020365,0,7,0,0,2,1,1,A01
200800020365,0,7,0,0,2,1,1,B01
200800020366,0,7,0,0,2,2,17,A01
200800020366,0,7,0,0,2,8,17,B01
200800020366,0,7,0,8,2,3,1,C01
200800020367,0,2,0,0,5,0,1,A01
200800020368,0,2,0,0,2,0,1,A01
200800020368,0,7,0,0,2,3,1,B01
200800020369,0,7,0,0,1,1,1,A01
200800020370,0,7,0,0,1,1,1,A01
200800020371,0,7,0,0,9,7,1,A01
200800020371,0,30,0,0,2,0,1,B01
200800020372,0,30,0,0,2,7,1,B01
200800020372,0,7,0,0,9,1,1,A01
200800020373,0,14,0,0,9,5,15,A01
200800020373,0,31,0,0,9,1,1,B01
200800020374,0,7,0,0,9,1,2,A01
200800020374,0,2,0,0,0,4,2,B01
200800020375,0,7,0,0,2,2,5,A01
200800020375,0,33,0,0,2,3,0,B01
200800020376,0,7,0,0,2,1,9,A01
200800020376,0,7,0,0,2,7,1,B01
200800020377,0,14,0,0,1,2,1,A01
200800020378,0,7,0,0,2,1,1,A01
200800020378,0,7,0,0,2,4,1,B01
200800020378,0,7,0,0,2,4,1,C01
200800020379,0,33,0,0,2,2,0,A01
200800020379,0,7,0,0,2,8,15,B01
200800020380,0,7,0,1,0,1,1,A01
200800020380,0,7,0,0,0,4,24,B01
200800020381,0,7,0,0,0,0,0,A01
200800020381,0,33,0,0,0,0,0,B01
200800020382,0,7,0,0,2,1,1,B01
200800020382,0,7,0,0,2,3,15,A01
200800020383,0,7,0,0,2,1,1,A01
200800020383,0,7,0,0,2,4,23,B01
200800020383,0,7,0,0,2,4,23,C01
200800020384,0,7,0,0,1,1,1,A01
200800020385,0,37,1,0,1,0,0,A01
200800020386,0,7,0,0,1,2,1,A01
200800020387,0,7,0,0,2,8,15,A01
200800020387,0,33,0,0,2,1,1,B01
200800020388,0,7,0,0,2,3,15,A01
200800020388,0,2,0,0,2,1,1,B01
200800020389,0,7,0,0,2,1,1,A01
200800020389,0,7,0,0,2,4,1,B01
200800020390,0,2,0,12,0,1,0,A01
200800020391,0,7,0,0,1,1,1,A01
200800020392,0,32,0,12,0,0,1,A01
200800020393,0,7,0,0,2,1,1,A01
200800020394,0,7,0,0,2,2,15,A01
200800020394,0,7,0,0,2,1,1,B01
200800020395,0,7,0,0,2,3,0,A01
200800020395,0,7,0,0,2,7,0,B01
200800020396,0,2,0,12,0,1,1,A01
200800020397,0,2,0,0,2,1,17,A01
200800020397,0,7,0,0,0,8,15,B01
200800020398,0,10,0,0,2,1,0,B01
200800020398,0,10,0,0,2,2,0,A01
200800020399,0,2,0,0,2,1,1,A01
200800020399,0,7,0,0,2,4,1,B01
200800020400,0,7,0,0,2,4,15,A01
200800020400,0,33,0,0,2,8,21,B01
200800020401,0,7,0,0,2,3,16,A01
200800020401,0,32,0,0,2,1,1,B01
200800020402,0,7,0,0,2,7,15,A01
200800020402,0,7,0,0,2,1,1,B01
200800020403,0,10,0,0,2,3,15,A01
200800020403,0,7,0,0,2,2,1,B01
200800020404,0,7,0,0,1,1,0,A01
200800020405,0,7,0,0,2,1,1,A01
200800020405,0,7,0,0,2,4,1,B01
200800020406,0,7,0,0,2,4,1,B01
200800020406,0,7,0,0,2,4,1,C01
200800020406,0,7,0,0,2,1,1,A01
200800020407,0,32,0,0,2,1,1,A01
200800020407,0,7,0,0,2,8,15,B01
200800020408,0,7,0,0,2,3,15,A01
200800020408,0,7,0,0,2,2,2,B01
200800020409,0,2,0,0,2,0,0,A01
200800020410,0,7,0,0,2,1,1,B01
200800020410,0,7,0,0,2,1,1,A01
200800020411,0,33,0,0,2,1,1,B01
200800020411,0,7,0,0,2,6,19,A01
200800020412,0,15,0,0,2,0,1,A01
200800020412,0,15,0,0,2,1,1,B01
200800020413,0,7,0,0,2,3,9,A01
200800020413,0,7,0,0,2,1,1,B01
200800020414,0,7,0,15,0,9,1,A01
200800020415,0,33,0,0,2,1,17,A01
200800020415,0,7,0,0,2,3,15,B01
200800020416,0,7,0,0,2,3,2,A01
200800020416,0,30,0,0,0,4,23,B01
200800020417,0,7,0,0,2,3,9,A01
200800020417,0,30,0,0,2,1,1,B01
200800020418,0,2,0,0,2,1,5,A01
200800020418,0,7,0,0,2,2,1,B01
200800020419,0,7,0,0,2,1,13,A01
200800020419,0,7,0,0,2,2,1,B01
200800020420,0,7,0,0,2,1,2,A01
200800020420,0,7,0,0,2,4,1,B01
200800020420,0,7,0,0,2,4,1,C01
200800020421,0,7,0,0,2,3,0,A01
200800020421,0,2,0,0,2,8,1,B01
200800020422,0,7,0,0,1,0,16,A01
200800020423,0,7,0,0,2,2,23,B01
200800020423,0,33,0,0,2,1,17,A01
200800020424,0,2,0,0,2,1,15,A01
200800020424,0,7,0,0,2,1,1,B01
200800020425,0,3,0,0,2,3,1,A01
200800020425,0,2,0,0,2,1,1,B01
200800020426,0,7,0,0,2,3,16,B01
200800020426,0,30,0,0,2,1,13,A01
200800020427,0,7,0,0,2,1,2,A01
200800020427,0,7,0,0,2,4,1,B01
200800020428,0,30,0,0,1,1,21,A01
200800020429,0,1,0,0,2,1,9,A01
200800020429,0,7,0,0,9,2,1,B01
200800020430,0,2,0,0,0,7,1,A01
200800020431,0,7,0,0,2,1,1,A01
200800020431,0,7,0,0,2,1,1,B01
200800020432,0,2,0,0,2,1,1,A01
200800020433,0,14,0,0,2,0,15,B01
200800020433,0,31,0,0,2,0,13,A01
200800020434,0,7,0,0,2,3,15,A01
200800020434,0,2,0,0,2,1,1,B01
200800020435,0,7,0,0,2,1,2,A01
200800020435,0,7,0,0,2,4,1,B01
200800020436,0,14,0,0,0,7,1,A01
200800020437,0,30,0,0,2,1,1,A01
200800020437,0,7,0,0,2,3,1,B01
200800020438,0,7,0,0,2,1,15,A01
200800020438,0,30,0,0,2,8,1,B01
200800020439,0,7,0,0,2,3,15,A01
200800020439,0,2,0,0,2,1,1,B01
200800020440,0,7,0,1,2,1,16,A01
200800020440,0,7,0,1,2,1,1,D01
200800020440,0,7,0,0,2,8,1,E01
200800020441,0,2,0,0,2,1,1,A01
200800020441,0,7,0,0,2,3,1,B01
200800020442,0,7,0,0,2,1,9,A01
200800020442,0,1,0,0,2,1,1,B01
200800020443,0,7,0,0,2,8,1,A01
200800020443,0,7,0,0,2,1,0,B01
200800020444,0,7,0,0,1,1,1,A01
200800020445,0,2,0,0,2,3,1,A01
200800020445,0,10,0,0,2,1,1,B01
200800020446,0,1,0,0,2,1,10,A01
200800020446,0,7,0,0,2,8,1,B01
200800020447,0,7,0,0,1,1,1,A01
200800020448,0,7,0,0,2,2,19,A01
200800020448,0,32,0,0,2,1,0,B01
200800020449,0,2,0,0,2,1,15,A01
200800020449,0,7,0,0,2,2,1,B01
200800020450,0,7,0,0,2,3,1,A01
200800020450,0,38,23,0,2,3,1,B01
200800020451,0,10,0,0,2,1,2,A01
200800020451,0,7,0,0,2,4,2,B01
200800020451,0,7,0,0,2,4,2,C01
200800020452,0,2,0,0,2,1,17,A01
200800020452,0,7,0,0,2,8,15,B01
200800020453,0,2,0,0,2,1,7,A01
200800020453,0,7,0,0,2,7,16,B01
200800020454,0,7,0,0,1,1,16,A01
200800020455,0,7,0,0,1,1,1,A01
200800020456,0,7,0,2,0,1,1,A01
200800020457,0,33,0,0,0,0,1,A01
200800020458,0,7,0,0,1,1,1,A01
200800020459,0,7,0,0,2,2,15,A01
200800020459,0,2,0,0,2,1,1,B01
200800020460,0,7,0,0,2,3,10,A01
200800020460,0,2,0,0,2,1,1,B01
200800020461,0,7,0,0,2,1,1,A01
200800020461,0,2,0,0,2,8,15,B01
200800020462,0,2,0,0,2,1,2,A01
200800020462,0,7,0,0,2,6,15,B01
200800020463,0,7,0,0,2,8,22,A01
200800020463,0,1,0,1,0,1,1,B01
200800020464,0,7,0,0,0,5,16,A01
200800020464,0,30,0,0,2,3,18,B01
200800020465,0,30,0,0,2,8,15,A01
200800020465,0,30,0,0,2,1,1,B01
200800020466,0,7,0,0,2,1,2,A01
200800020466,0,7,0,0,2,4,2,B01
200800020467,0,1,0,0,2,0,1,B01
200800020467,0,7,0,0,2,3,9,A01
200800020468,0,7,0,0,1,1,1,A01
200800020469,0,7,0,0,1,2,16,A01
200800020470,0,7,0,0,1,6,4,A01
200800020471,0,2,0,0,2,2,17,A01
200800020471,0,7,0,0,2,6,1,B01
200800020472,0,2,0,0,2,1,2,A01
200800020472,0,7,0,0,2,5,15,B01
200800020473,0,13,0,0,2,8,15,B01
200800020473,0,2,0,0,2,1,17,A01
200800020474,0,2,0,13,0,1,0,A01
200800020475,0,33,0,0,0,0,0,B01
200800020475,0,7,0,16,0,0,0,A01
200800020476,0,7,0,0,1,4,4,A01
200800020477,0,1,0,0,2,1,2,A01
200800020477,0,7,0,0,2,4,2,B01
200800020478,0,30,0,0,2,1,18,B01
200800020478,0,7,0,0,2,0,16,A01
200800020479,0,2,0,0,2,1,1,A01
200800020480,0,30,0,1,2,1,18,A01
200800020480,0,7,0,0,2,7,16,B01
200800020481,0,7,0,0,2,8,16,B01
200800020481,0,30,0,0,2,1,1,A01
200800020482,0,30,0,0,2,1,1,B01
200800020482,0,7,0,0,2,3,15,A01
200800020483,0,1,0,0,2,7,1,B01
200800020483,0,7,0,0,2,8,9,A01
200800020484,0,33,0,0,2,1,1,B01
200800020484,0,7,0,0,2,8,15,A01
200800020485,0,7,0,0,1,3,15,A01
200800020486,0,33,0,0,2,1,2,B01
200800020486,0,7,0,0,2,4,2,A01
200800020487,0,7,0,0,2,2,15,A01
200800020487,0,2,0,0,2,1,1,B01
200800020488,0,7,0,0,1,3,1,A01
200800020489,0,38,0,0,1,3,2,A01
200800020490,0,7,0,0,0,4,15,B01
200800020490,0,2,0,0,2,1,2,A01
200800020491,0,7,0,0,2,8,15,B01
200800020491,0,7,0,0,2,3,1,A01
200800020492,0,7,0,0,0,3,15,A01
200800020492,0,33,0,0,2,1,1,B01
200800020493,0,7,0,0,1,1,1,A01
200800020494,0,2,0,0,2,1,17,A01
200800020494,0,7,0,0,2,3,15,B01
200800020495,0,7,0,0,2,3,1,B01
200800020495,0,7,0,1,2,1,16,A01
200800020496,0,2,0,0,1,1,1,A01
200800020497,0,7,0,0,2,1,2,A01
200800020497,0,7,0,0,0,4,2,B01
200800020497,0,7,0,0,0,4,2,C01
200800020498,0,7,0,0,1,2,0,A01
200800020499,0,7,0,0,2,1,1,A01
200800020499,0,7,0,0,2,1,1,B01
200800020499,0,1,0,0,2,4,1,C01
200800020500,0,2,0,0,2,2,21,B01
200800020500,0,2,0,0,2,8,15,A01
200800020501,0,7,0,0,2,8,1,B01
200800020501,0,1,0,0,2,1,1,A01
200800020502,0,7,0,0,1,1,1,A01
200800020503,0,7,0,0,1,1,1,A01
200800020504,0,7,0,0,1,1,1,A01
200800020505,0,7,0,0,1,1,20,A01
200800020506,0,7,0,0,2,7,1,B01
200800020506,0,7,0,0,2,2,15,A01
200800020507,0,1,0,0,2,1,18,A01
200800020507,0,7,0,0,2,7,1,B01
200800020508,0,1,0,0,2,1,0,A01
200800020508,0,1,0,0,2,4,0,B01
200800020509,0,7,0,0,2,1,13,A01
200800020509,0,7,0,0,2,1,1,B01
200800020510,0,1,0,0,2,1,1,B01
200800020510,0,14,0,0,2,2,1,A01
200800020511,0,7,0,0,2,3,15,A01
200800020511,0,33,0,0,2,1,1,B01
200800020512,0,1,0,0,1,1,1,A01
200800020513,0,7,0,0,2,7,15,A01
200800020513,0,1,0,0,2,1,19,B01
200800020514,0,7,0,0,1,2,1,A01
200800020515,0,2,0,0,9,1,1,A01
200800020516,0,7,0,0,2,1,1,A01
200800020516,0,10,0,0,2,1,1,B01
200800020517,0,7,0,0,2,1,1,A01
200800020517,0,7,0,0,2,8,24,B01
200800020518,0,2,0,0,2,7,17,A01
200800020518,0,7,0,0,2,8,15,B01
200800020519,0,7,0,0,2,1,1,B01
200800020519,0,7,0,0,2,3,4,A01
200800020520,0,7,0,0,2,3,9,A01
200800020520,0,7,0,0,2,9,1,B01
200800020520,0,7,0,0,2,7,1,C01
200800020521,0,7,0,0,2,6,10,A01
200800020521,0,2,0,0,2,1,1,B01
200800020522,0,7,0,0,1,1,23,A01
200800020523,0,7,0,0,1,2,1,A01
200800020524,0,7,0,0,2,7,1,B01
200800020524,0,7,0,0,2,3,1,A01
200800020525,0,2,0,0,9,9,1,A01
200800020526,0,7,0,0,2,8,10,A01
200800020526,0,7,0,0,2,2,1,B01
200800020527,0,2,0,0,2,7,18,A01
200800020527,0,7,0,0,2,7,1,B01
200800020528,0,1,0,0,2,1,16,A01
200800020528,0,7,0,0,2,1,1,B01
200800020529,0,7,0,0,2,3,15,A01
200800020529,0,7,0,0,2,3,1,B01
200800020530,0,7,0,1,0,2,15,A01
200800020531,0,3,0,0,2,1,1,B01
200800020531,0,7,0,0,2,3,9,A01
200800020532,0,30,0,0,2,1,1,A01
200800020532,0,7,0,0,2,8,1,B01
200800020533,0,2,0,0,2,1,16,A01
200800020533,0,1,0,0,2,1,1,B01
200800020534,0,40,0,0,1,1,1,A01
200800020535,0,2,0,0,2,7,19,A01
200800020535,0,1,0,0,2,1,1,B01
200800020536,0,7,0,0,9,2,1,A01
200800020536,0,1,0,0,2,1,1,B01
200800020537,0,7,0,0,2,3,1,A01
200800020537,0,7,0,0,2,2,1,B01
200800020538,0,1,0,0,1,1,1,A01
200800020539,0,2,0,6,0,1,16,A01
200800020540,0,7,0,9,0,2,1,A01
200800020541,0,2,0,0,2,8,13,A01
200800020541,0,7,0,0,2,8,1,B01
200800020542,1,7,0,0,2,1,1,A01
200800020542,0,7,0,0,2,4,23,B01
200800020543,0,30,0,0,2,7,16,A01
200800020543,0,7,0,0,2,8,15,B01
200800020544,0,33,0,0,2,1,17,A01
200800020544,0,7,0,0,2,8,15,B01
200800020545,0,33,0,0,2,6,17,A01
200800020545,0,7,0,0,2,6,1,B01
200800020546,0,7,0,1,0,2,14,A01
200800020547,0,7,0,0,1,4,20,A01
200800020548,0,7,0,0,2,1,16,A01
200800020548,0,1,0,0,2,7,1,B01
200800020549,0,7,0,0,1,1,1,A01
200800020550,0,7,0,0,2,1,1,A01
200800020550,0,1,0,0,2,5,1,B01
200800020551,1,2,0,0,1,1,5,A01
200800020552,0,30,0,0,0,7,1,A01
200800020553,0,10,0,1,2,2,1,A01
200800020553,0,10,0,0,2,1,1,B01
200800020554,1,7,0,0,2,1,16,A01
200800020554,0,30,0,0,2,4,16,B01
200800020555,0,7,0,0,1,2,1,A01
200800020556,0,33,0,0,2,2,1,A01
200800020556,0,2,0,0,2,3,3,B01
200800020557,0,7,0,0,2,3,1,A01
200800020557,0,30,0,0,2,0,1,B01
200800020558,0,7,0,0,2,1,1,A01
200800020558,0,7,0,0,2,8,1,B01
200800020559,0,10,0,0,0,4,2,C01
200800020559,0,10,0,0,2,1,2,A01
200800020559,0,7,0,0,2,1,2,B01
200800020560,0,7,0,0,0,2,0,A01
200800020560,0,1,0,0,0,1,0,B01
200800020561,0,7,0,0,2,0,9,A01
200800020561,0,33,0,0,2,7,0,B01
200800020562,0,10,0,6,0,3,1,A01
200800020563,0,7,0,0,1,1,1,A01
200800020564,0,7,0,0,1,3,15,A01
200800020565,0,30,0,0,2,1,1,A01
200800020565,0,7,0,0,0,3,15,B01
200800020566,0,7,0,0,2,1,1,A01
200800020566,0,7,0,0,2,4,23,B01
200800020567,0,7,0,0,1,2,1,A01
200800020568,0,7,0,0,2,1,2,A01
200800020568,0,7,0,0,2,4,23,B01
200800020568,0,7,0,0,0,4,23,C01
200800020569,0,7,0,0,2,2,1,B01
200800020569,0,7,0,0,2,3,15,A01
200800020570,0,7,0,0,2,1,13,A01
200800020570,0,7,0,0,2,1,1,B01
200800020571,0,30,0,0,2,1,1,A01
200800020571,0,7,0,0,2,8,15,B01
200800020572,0,7,0,0,2,8,11,B01
200800020572,0,32,0,0,2,1,2,A01
200800020573,0,7,0,0,2,1,15,B01
200800020573,0,7,0,14,2,1,1,A01
200800020574,0,7,0,0,2,8,11,A01
200800020574,0,7,0,0,2,1,1,B01
200800020575,0,7,0,0,0,1,2,A01
200800020575,0,1,0,0,0,4,2,B01
200800020576,0,7,0,0,1,1,16,A01
200800020577,0,7,0,0,1,4,4,A01
200800020578,0,7,0,0,2,3,15,A01
200800020578,0,38,11,0,2,2,1,B01
200800020579,0,14,0,0,2,1,16,A01
200800020579,0,1,0,0,2,8,19,B01
200800020580,0,7,0,0,1,1,1,A01
200800020581,0,7,0,0,2,2,15,A01
200800020581,0,2,0,0,2,1,1,B01
200800020582,0,7,0,0,2,2,1,A01
200800020582,0,7,0,0,2,7,1,B01
200800020582,0,37,1,0,2,6,16,C01
200800020583,0,7,0,6,0,3,1,A01
200800020584,0,7,0,0,2,2,15,B01
200800020584,0,7,0,0,2,3,2,A01
200800020585,0,2,0,7,0,1,1,A01
200800020586,0,7,0,0,2,3,0,B01
200800020586,0,30,0,0,2,2,0,A01
200800020587,0,34,0,0,2,1,1,A01
200800020587,0,7,0,0,9,0,2,B01
200800020588,0,7,0,2,2,1,1,A01
200800020588,0,7,0,0,2,6,24,B01
200800020589,0,33,0,0,2,1,0,A01
200800020589,0,7,0,0,2,3,13,B01
200800020590,0,7,0,8,2,3,1,A01
200800020590,0,7,0,0,2,1,19,B01
200800020591,0,7,0,0,2,7,15,A01
200800020591,0,30,0,0,2,1,1,B01
200800020592,0,2,0,0,2,1,17,A01
200800020592,0,7,0,0,2,3,1,B01
200800020593,0,7,0,0,2,3,20,B01
200800020593,0,7,0,0,2,2,17,A01
200800020594,0,1,0,0,2,7,1,B01
200800020594,0,10,0,0,2,1,1,A01
200800020595,0,10,0,0,1,2,1,A01
200800020596,0,7,0,0,2,6,15,A01
200800020596,1,7,0,0,2,0,0,B01
200800020597,0,7,0,0,1,1,1,A01
200800020598,0,7,0,0,0,2,10,A01
200800020598,0,7,0,0,2,2,1,B01
200800020599,0,1,0,0,4,0,15,A01
200800020599,0,40,0,0,9,2,0,B01
200800020600,0,7,0,0,1,7,1,A01
200800020601,0,7,0,0,2,1,1,A01
200800020601,0,7,0,0,0,3,23,B01
200800020602,0,7,0,0,1,7,1,A01
200800020603,0,7,0,0,2,1,15,A01
200800020603,0,7,0,1,0,7,1,B01
200800020604,0,7,0,0,1,2,1,A01
200800020605,0,7,0,0,2,8,10,A01
200800020605,0,10,0,0,2,1,1,B01
200800020606,0,7,0,0,2,2,15,A01