Num_Acc,senc,catv,occutc,obs,obsm,choc,manv,num_veh
200800020606,0,7,0,0,2,1,1,B01
200800020607,0,7,0,8,2,1,1,A01
200800020607,0,7,0,0,2,1,15,B01
200800020608,0,7,0,0,2,1,13,A01
200800020608,0,7,0,0,2,1,1,B01
200800020609,0,7,0,6,0,3,1,A01
200800020609,0,7,0,0,0,0,15,B01
200800020610,0,2,0,0,2,1,1,A01
200800020610,0,7,0,0,2,2,15,B01
200800020611,0,7,0,0,2,7,15,A01
200800020611,0,7,0,0,2,3,1,B01
200800020612,0,7,0,0,2,7,16,A01
200800020612,0,30,0,0,2,1,18,B01
200800020613,0,7,0,1,0,1,1,A01
200800020613,0,7,0,0,0,6,24,B01
200800020614,0,7,0,0,2,1,15,B01
200800020614,0,7,0,0,2,1,0,A01
200800020615,0,30,0,0,2,1,1,A01
200800020615,0,2,0,0,2,8,9,B01
200800020616,0,7,0,0,0,4,9,A01
200800020616,0,14,0,0,2,1,1,B01
200800020617,0,33,0,0,2,1,12,A01
200800020617,0,1,0,0,0,4,1,B01
200800020618,0,7,0,0,0,8,15,A01
200800020618,0,32,0,0,2,8,1,B01
200800020619,0,33,0,0,2,1,1,A01
200800020619,0,33,0,0,2,1,1,B01
200800020620,0,2,0,9,0,1,14,A01
200800020621,0,2,0,0,2,3,13,A01
200800020621,0,7,0,0,0,2,1,B01
200800020622,0,30,0,0,0,8,1,A01
200800020623,0,7,0,6,0,1,5,A01
200800020624,0,14,0,0,2,1,2,A01
200800020624,0,7,0,0,0,4,2,B01
200800020625,0,7,0,0,2,2,1,A01
200800020625,0,30,0,0,0,6,15,B01
200800020626,0,15,0,0,0,0,2,A01
200800020627,0,7,0,0,1,1,1,A01
200800020628,1,7,0,0,2,8,15,B01
200800020628,0,2,0,0,0,1,1,A01
200800020629,0,7,0,0,2,1,1,A01
200800020629,0,7,0,0,2,1,23,B01
200800020629,0,7,0,0,0,4,23,C01
200800020630,0,7,0,0,2,7,16,A01
200800020630,0,1,0,0,0,0,1,B01
200800020631,0,7,0,0,2,1,1,A01
200800020631,0,7,0,0,0,4,23,B01
200800020632,0,33,0,16,0,8,1,A01
200800020633,0,7,0,8,0,1,1,A01
200800020634,0,7,0,0,2,2,15,A01
200800020634,0,33,0,0,0,1,1,B01
200800020635,1,7,0,0,2,8,15,B01
200800020635,0,32,0,0,2,7,1,A01
200800020636,0,7,0,0,2,5,12,A01
200800020636,0,33,0,0,0,8,1,B01
200800020637,0,33,0,0,0,0,0,A01
200800020638,0,7,0,0,2,5,15,A01
200800020638,0,2,0,0,2,1,1,B01
200800020639,0,1,0,0,2,1,1,A01
200800020639,0,7,0,0,0,6,16,B01
200800020640,0,7,0,0,2,3,15,B01
200800020640,0,7,0,0,2,1,1,A01
200800020641,0,7,0,0,1,2,1,A01
200800020642,1,30,0,0,1,1,1,A01
200800020643,0,15,0,0,0,0,0,A01
200800020644,0,1,0,0,1,1,0,A01
200800020645,0,2,0,0,2,1,1,B01
200800020645,0,7,0,0,2,8,9,A01
200800020646,0,7,0,0,1,1,1,A01
200800020647,0,7,0,0,2,3,9,A01
200800020647,0,7,0,0,2,2,0,B01
200800020648,0,7,0,2,0,1,0,A01
200800020649,0,33,0,0,2,1,5,A01
200800020649,0,7,0,0,2,4,0,B01
200800020649,0,38,0,0,2,1,0,C01
200800020650,0,7,0,0,1,1,0,A01
200800020651,0,33,0,1,2,1,0,A01
200800020651,0,7,0,0,0,0,1,B01
200800020652,0,7,0,0,2,1,1,A01
200800020652,0,7,0,1,0,1,1,B01
200800020653,0,7,0,0,2,1,15,A01
200800020653,0,7,0,0,2,3,2,B01
200800020654,0,7,0,0,9,3,0,A01
200800020654,0,30,0,0,2,1,9,B01
200800020655,0,1,0,0,2,1,15,A01
200800020655,0,7,0,0,9,2,1,B01
200800020656,0,33,0,0,2,1,1,B01
200800020656,0,7,0,0,0,3,19,A01
200800020657,0,30,0,0,2,2,2,A01
200800020657,0,10,0,0,0,4,16,B01
200800020658,0,2,0,12,2,8,1,B01
200800020658,2,7,0,0,0,0,0,A01
200800020659,0,30,0,6,0,3,1,A01
200800020660,0,2,0,0,2,1,1,B01
200800020660,0,7,0,0,2,2,20,A01
200800020661,0,33,0,16,0,8,16,A01
200800020662,0,30,0,3,0,1,1,A01
200800020663,0,7,0,0,2,2,1,C01
200800020663,0,7,0,0,2,3,1,D01
200800020663,0,7,0,0,2,3,1,B01
200800020663,0,7,0,0,2,3,1,A01
200800020664,0,33,0,0,2,8,1,B01
200800020664,0,7,0,0,2,3,13,A01
200800020665,0,7,0,9,1,1,1,A01
200800020666,0,7,0,0,2,2,15,A01
200800020666,0,33,0,0,2,1,1,B01
200800020667,0,7,0,0,2,1,15,B01
200800020667,0,30,0,0,2,7,1,A01
200800020668,0,7,0,0,2,1,23,C01
200800020668,0,7,0,0,2,1,15,A01
200800020668,0,33,0,0,2,1,1,B01
200800020669,0,17,0,0,2,2,3,A01
200800020669,0,7,0,0,0,6,23,B01
200800020670,0,7,0,0,1,2,1,A01
200800020671,0,7,0,9,1,2,1,A01
200800020672,0,7,0,16,0,9,1,A01
200800020673,0,7,0,0,1,1,1,A01
200800020674,0,7,0,0,0,9,1,A01
200800020675,0,2,0,0,2,1,13,A01
200800020675,0,7,0,0,2,1,1,B01
200800020676,1,7,0,0,1,1,1,A01
200800020677,1,7,0,1,2,1,1,B01
200800020677,0,7,0,0,2,7,1,A01
200800020678,0,33,0,1,2,1,17,A01
200800020678,0,7,0,0,2,8,15,B01
200800020679,0,7,0,0,9,3,20,A01
200800020679,0,32,0,0,2,1,1,B01
200800020680,0,7,0,0,2,8,1,B01
200800020680,1,7,0,0,2,3,15,A01
200800020681,0,7,0,3,0,1,1,A01
200800020682,0,7,0,1,0,1,1,A01
200800020683,0,30,0,0,1,1,1,A01
200800020684,0,37,1,0,1,2,0,A01
200800020685,0,31,0,0,2,7,17,A01
200800020685,0,1,0,0,2,3,2,B01
200800020686,0,2,0,0,2,1,18,A01
200800020686,0,7,0,0,9,7,16,B01
200800020687,0,7,0,0,2,1,9,B01
200800020687,0,7,0,0,2,2,9,A01
200800020688,0,7,0,6,0,1,15,A01
200800020689,0,7,0,0,2,1,15,A01
200800020689,0,7,0,0,2,3,2,B01
200800020689,0,7,0,0,2,1,2,C01
200800020690,0,7,0,0,2,8,15,A01
200800020690,0,2,0,0,2,1,1,B01
200800020691,0,7,0,0,1,0,0,A01
200800020692,0,1,0,0,2,1,1,B01
200800020692,0,10,0,0,9,3,9,A01
200800020693,0,7,0,0,1,0,1,A01
200800020694,0,7,0,2,0,5,1,A01
200800020695,0,7,0,0,1,2,1,A01
200800020696,0,13,0,0,2,1,1,B01
200800020696,0,7,0,0,2,1,5,A01
200800020697,0,7,0,0,2,2,1,B01
200800020697,0,7,0,0,0,6,11,A01
200800020698,0,31,0,0,2,1,1,B01
200800020698,0,7,0,0,2,1,15,A01
200800020699,0,7,0,0,2,1,2,A01
200800020699,0,7,0,0,0,4,1,B01
200800020700,0,30,0,0,2,1,1,A01
200800020701,0,31,0,0,2,1,2,B01
200800020701,0,7,0,0,9,6,2,A01
200800020702,1,7,0,0,2,3,15,A01
200800020702,0,33,0,0,2,2,1,B01
200800020703,0,33,0,9,0,2,0,A01
200800020704,0,30,0,0,0,4,2,B01
200800020704,0,15,0,0,2,1,2,A01
200800020705,0,1,0,2,1,2,1,A01
200800020706,0,7,0,0,1,3,1,A01
200800020707,0,2,0,0,2,1,2,B01
200800020707,0,7,0,0,9,3,15,A01
200800020708,0,14,0,2,2,1,13,A01
200800020708,0,7,0,2,2,3,1,B01
200800020709,0,7,0,8,0,1,6,A01
200800020710,0,7,0,0,0,8,11,A01
200800020710,0,33,0,0,0,2,11,B01
200800020711,0,1,0,0,2,1,2,B01
200800020711,0,7,0,0,9,3,9,A01
200800020712,0,7,0,8,0,1,1,A01
200800020713,0,7,0,0,2,3,19,A01
200800020713,0,33,0,0,2,1,1,B01
200800020714,0,7,0,0,1,1,9,A01
200800020715,0,14,0,0,2,1,2,A01
200800020715,0,7,0,0,0,4,2,B01
200800020716,0,7,0,0,2,7,15,A01
200800020716,0,34,0,0,2,1,1,B01
200800020717,0,30,0,0,2,5,17,A01
200800020717,0,7,0,0,2,3,15,B01
200800020718,0,10,0,0,2,3,9,A01
200800020718,0,1,0,0,2,1,1,B01
200800020719,0,34,0,12,0,7,1,A01
200800020720,0,33,0,0,0,1,1,B01
200800020720,0,10,0,0,2,1,9,A01
200800020721,0,2,0,0,2,1,16,A01
200800020721,0,14,0,0,0,7,1,B01
200800020722,0,7,0,0,1,1,21,A01
200800020723,0,7,0,0,1,4,4,A01
200800020724,1,33,0,0,1,1,0,A01
200800020725,0,7,0,0,2,3,15,B01
200800020725,0,2,0,1,2,1,17,A01
200800020726,0,7,0,0,1,1,2,A01
200800020727,0,1,0,0,2,1,19,A01
200800020727,0,7,0,2,2,1,1,B01
200800020728,0,7,0,0,2,1,2,A01
200800020728,0,7,0,0,0,4,1,B01
200800020729,1,7,0,0,2,1,2,A01
200800020729,0,1,0,0,0,4,1,B01
200800020730,0,7,0,0,1,1,0,A01
200800020731,0,7,0,0,2,1,2,A01
200800020731,0,7,0,0,2,4,23,B01
200800020731,0,7,0,0,0,4,23,C01
200800020732,0,7,0,0,0,4,23,C01
200800020732,0,7,0,14,0,1,2,A01
200800020732,0,7,0,14,0,4,23,B01
200800020733,0,7,0,0,0,9,0,A01
200800020734,0,7,0,0,2,1,15,A01
200800020734,0,7,0,0,2,1,1,B01
200800020735,0,7,0,0,2,1,1,A01
200800020735,0,7,0,0,2,9,1,B01
200800020735,0,7,0,0,0,6,23,C01
200800020736,0,7,0,0,2,1,2,A01
200800020736,0,7,0,0,0,4,1,B01
200800020737,0,7,0,0,1,1,1,A01
200800020738,0,7,0,0,2,1,2,A01
200800020738,0,7,0,0,0,4,1,B01
200800020739,0,99,0,0,1,0,0,A01
200800020740,0,7,0,0,2,4,1,B01
200800020740,0,1,0,0,2,1,1,A01
200800020741,0,7,0,0,2,3,1,D01
200800020741,0,7,0,0,2,5,1,B01
200800020741,0,7,0,0,2,2,1,C01
200800020741,0,7,0,4,2,9,0,A01
200800020742,0,7,0,0,1,2,1,A01
200800020743,0,7,0,0,2,3,1,B01
200800020743,0,7,0,0,2,1,1,A01
200800020744,0,30,0,0,2,1,1,B01
200800020744,0,30,0,0,2,2,2,A01
200800020745,0,2,0,0,0,7,1,A01
200800020746,0,7,0,0,2,3,1,A01
200800020746,0,7,0,0,2,5,1,B01
200800020747,0,7,0,14,0,1,2,A01
200800020747,0,7,0,14,0,1,2,B01
200800020747,0,7,0,14,0,4,2,C01
200800020748,0,10,0,0,1,4,4,A01
200800020749,0,7,0,0,1,7,1,A01
200800020750,1,7,0,0,1,0,0,A01
200800020751,0,7,0,0,2,1,15,B01
200800020751,0,7,0,0,2,2,1,A01
200800020752,0,33,0,0,0,0,1,A01
200800020753,0,7,0,2,0,0,1,A01
200800020754,0,30,0,8,0,1,1,A01
200800020755,0,7,0,0,2,1,2,A01
200800020755,0,7,0,0,0,4,23,B01
200800020755,0,10,0,0,0,6,2,C01
200800020755,0,7,0,0,0,4,23,D01
200800020756,0,14,0,0,2,1,15,A01
200800020756,0,7,0,15,0,7,1,B01
200800020757,0,30,0,0,0,0,1,A01
200800020758,1,37,0,0,1,2,1,A01
200800020759,0,33,0,0,2,2,9,A01
200800020759,0,10,0,0,2,3,1,B01
200800020760,0,7,0,0,2,2,16,A01
200800020760,0,30,0,0,2,8,16,B01
200800020761,0,7,0,0,2,3,15,B01
200800020761,0,31,0,0,2,2,1,A01
200800020762,0,2,0,0,2,1,16,A01
200800020762,0,7,0,0,2,2,15,B01
200800020763,0,7,0,0,2,1,1,A01
200800020763,0,7,0,0,2,1,1,B01
200800020764,0,10,0,0,2,1,1,A01
200800020764,0,7,0,0,2,4,1,B01
200800020765,0,7,0,0,2,7,16,A01
200800020765,0,1,0,0,2,8,16,B01
200800020766,0,7,0,0,0,1,6,A01
200800020767,0,7,0,0,2,1,1,A01
200800020767,0,7,0,0,2,4,2,B01
200800020768,0,33,0,0,2,1,3,A01
200800020768,0,15,0,0,2,6,1,B01
200800020769,0,7,0,0,2,4,0,A01
200800020769,0,7,0,0,2,1,0,B01
200800020769,0,7,0,0,2,4,0,C01
200800020770,0,7,0,0,1,2,1,A01
200800020771,0,33,0,0,2,3,11,A01
200800020771,0,7,0,0,2,2,1,B01
200800020772,0,7,0,0,2,1,15,A01
200800020772,0,32,0,0,2,8,1,B01
200800020773,0,7,0,0,2,4,13,B01
200800020773,0,33,0,0,2,1,1,A01
200800020774,0,2,0,0,1,1,17,A01
200800020775,0,7,0,0,2,1,1,A01
200800020775,0,7,0,0,2,8,1,B01
200800020776,0,31,0,0,2,1,1,A01
200800020777,0,7,0,0,1,1,15,A01
200800020778,0,7,0,0,1,1,1,A01
200800020779,0,30,0,0,2,0,1,A01
200800020779,0,7,0,0,2,1,1,B01
200800020780,0,7,0,0,2,8,1,A01
200800020780,0,37,40,0,2,2,1,B01
200800020781,0,7,0,0,1,1,1,A01
200800020782,0,7,0,0,2,3,1,A01
200800020782,0,7,0,0,2,6,1,B01
200800020783,0,1,0,0,0,1,1,B01
200800020783,0,7,0,0,2,1,19,A01
200800020784,0,7,0,0,2,1,1,A01
200800020784,0,1,0,0,2,1,15,B01
200800020785,0,33,0,12,0,3,1,A01
200800020786,0,10,0,0,1,0,1,A01
200800020787,0,2,0,0,2,1,1,B01
200800020787,0,10,0,0,0,8,15,A01
200800020788,0,30,0,12,0,1,1,A01
200800020789,0,7,0,0,0,2,0,B01
200800020789,0,1,0,0,0,1,0,A01
200800020790,0,10,0,0,2,3,1,A01
200800020790,0,7,0,0,2,8,1,B01
200800020791,0,7,0,0,1,0,15,A01
200800020792,0,7,0,0,2,3,15,A01
200800020792,0,2,0,0,2,1,1,B01
200800020793,0,2,0,0,2,1,1,A01
200800020793,0,7,0,0,2,4,20,B01
200800020794,0,7,0,0,2,1,1,B01
200800020794,0,7,0,0,2,2,1,A01
200800020795,0,1,0,1,0,1,1,B01
200800020796,0,7,0,0,2,3,15,A01
200800020796,0,33,0,0,2,1,1,B01
200800020797,0,2,0,0,2,7,17,A01
200800020797,0,7,0,0,2,8,17,B01
200800020798,1,7,0,0,2,0,17,A01
200800020798,0,7,0,0,2,1,1,B01
200800020799,0,7,0,0,2,1,15,B01
200800020799,0,7,0,0,2,2,1,A01
200800020800,0,33,0,0,2,1,1,A01
200800020800,0,2,0,0,2,4,1,B01
200800020801,0,7,0,0,2,7,15,A01
200800020801,0,2,0,0,0,0,0,B01
200800020802,0,7,0,0,2,3,15,A01
200800020802,0,7,0,0,2,3,1,B01
200800020803,0,7,0,0,2,1,1,A01
200800020803,0,7,0,0,2,4,1,B01
200800020804,0,2,0,0,2,1,1,A01
200800020804,0,7,0,0,2,4,1,B01
200800020805,0,7,0,0,2,1,1,B01
200800020805,0,7,0,0,2,2,15,A01
200800020806,0,7,0,0,2,1,1,A01
200800020806,0,7,0,0,2,1,1,B01
200800020807,0,33,0,0,2,1,15,B01
200800020807,0,7,0,0,2,2,17,A01
200800020808,0,7,0,0,0,1,1,A01
200800020808,0,7,0,0,2,4,17,B01
200800020809,0,7,0,0,2,0,1,A01
200800020809,0,7,0,0,2,9,1,B01
200800020809,0,7,0,0,0,4,1,C01
200800020810,0,7,0,0,2,3,0,A01
200800020810,0,7,0,0,2,3,1,B01
200800020811,0,7,0,0,2,6,1,A01
200800020811,0,7,0,0,2,4,1,B01
200800020812,0,37,1,0,2,1,1,A01
200800020812,0,13,0,0,2,4,1,B01
200800020813,0,7,0,0,2,1,1,A01
200800020813,0,7,0,0,2,4,1,B01
200800020814,0,2,0,0,2,1,17,A01
200800020814,0,7,0,0,2,1,1,B01
200800020815,0,2,0,0,2,2,0,A01
200800020815,0,7,0,0,2,3,1,B01
200800020816,0,7,0,0,2,8,1,B01
200800020816,0,7,0,0,2,2,1,A01
200800020817,0,33,0,0,2,1,1,B01
200800020817,0,7,0,0,2,8,15,A01
200800020818,0,7,0,0,2,2,15,A01
200800020818,0,33,0,0,2,1,1,B01
200800020819,0,7,0,0,2,1,2,A01
200800020819,0,33,0,0,2,4,1,B01
200800020820,0,7,0,0,1,1,2,A01
200800020820,0,1,0,0,2,4,2,B01
200800020821,0,2,0,0,2,1,13,A01
200800020821,0,7,0,0,0,6,1,B01
200800020822,0,7,0,0,2,2,15,A01
200800020822,0,33,0,0,2,1,1,B01
200800020823,0,10,0,0,2,1,2,A01
200800020823,0,7,0,0,2,4,2,B01
200800020824,0,7,0,16,0,0,0,A01
200800020825,0,7,0,0,2,1,2,A01
200800020825,0,7,0,0,2,4,2,B01
200800020825,0,7,0,0,2,4,2,C01
200800020826,0,7,0,0,2,1,15,A01
200800020826,0,7,0,0,2,1,1,B01
200800020827,0,30,0,0,1,1,2,A01
200800020828,0,7,0,15,0,1,15,A01
200800020829,0,20,0,0,1,2,1,A01
200800020830,0,7,0,0,2,9,1,A01
200800020830,1,7,0,0,2,0,1,B01
200800020831,0,7,0,0,2,1,15,A01
200800020831,0,33,0,0,2,1,2,B01
200800020832,0,7,0,0,2,4,1,A01
200800020832,0,7,0,0,2,4,2,B01
200800020833,0,7,0,0,2,1,19,A01
200800020833,0,7,0,0,2,1,19,B01
200800020834,0,7,0,0,2,1,2,A01
200800020834,0,7,0,0,4,4,2,B01
200800020835,0,7,0,0,2,1,1,A01
200800020835,0,7,0,0,2,1,2,B01
200800020836,0,7,0,0,1,4,20,A01
200800020837,0,2,0,0,2,1,0,A01
200800020837,0,7,0,0,2,1,16,B01
200800020838,0,30,0,0,2,8,2,B01
200800020838,0,7,0,0,2,7,2,A01
200800020839,0,7,0,0,9,2,2,B01
200800020839,0,1,0,0,2,1,2,A01
200800020840,0,30,0,14,0,1,1,A01
200800020841,0,1,0,0,0,1,5,A01
200800020841,0,14,0,0,0,1,1,B01
200800020842,0,7,0,0,2,1,1,A01
200800020842,0,32,0,0,0,4,20,B01
200800020843,0,33,0,0,0,1,2,A01
200800020843,0,7,0,0,0,8,11,B01
200800020844,0,10,0,0,0,9,1,A01
200800020845,0,7,0,0,2,1,13,A01
200800020845,0,7,0,0,2,3,1,B01
200800020846,0,20,0,0,2,4,1,B01
200800020846,0,7,0,0,2,1,1,A01
200800020847,0,7,0,0,2,4,2,D01
200800020847,0,7,0,0,2,4,2,C01
200800020847,0,7,0,0,2,4,2,B01
200800020847,0,7,0,0,2,1,2,A01
200800020848,0,7,0,0,0,1,19,A01
200800020849,0,7,0,0,2,1,1,B01
200800020849,0,7,0,0,2,1,13,A01
200800020850,0,30,0,8,0,1,1,A01
200800020851,0,7,0,0,1,2,1,A01
200800020852,0,31,0,0,2,2,2,A01
200800020852,0,14,0,0,2,2,1,B01
200800020853,0,7,0,0,1,1,1,A01
200800020854,0,7,0,0,2,1,2,A01
200800020854,0,7,0,0,2,1,2,B01
200800020854,0,7,0,0,2,4,23,C01
200800020855,0,33,0,0,2,5,2,A01
200800020855,0,7,0,0,2,5,2,B01
200800020856,0,7,0,0,2,8,15,A01
200800020856,0,31,0,0,2,7,1,B01
200800020857,0,7,0,0,0,1,1,B01
200800020857,0,7,0,0,2,1,13,A01
200800020858,0,7,0,0,2,7,1,A01
200800020858,0,32,0,0,0,8,1,B01
200800020859,0,7,0,6,0,1,1,A01
200800020860,0,7,0,0,1,1,1,A01
200800020861,0,33,0,0,2,1,5,A01
200800020861,0,10,0,0,2,1,1,B01
200800020862,0,3,0,0,2,8,1,B01
200800020862,0,7,0,0,2,1,1,A01
200800020863,0,30,0,0,2,7,17,A01
200800020863,0,7,0,0,2,8,1,B01
200800020864,0,7,0,0,0,0,1,B01
200800020864,0,32,0,1,0,0,1,A01
200800020865,0,31,0,0,2,8,2,A01
200800020865,0,7,0,0,2,6,1,B01
200800020866,1,15,0,0,1,4,4,A01
200800020867,0,99,0,0,2,4,1,B01
200800020867,0,99,0,0,9,4,20,A01
200800020868,0,7,0,1,2,1,1,B01
200800020868,0,2,0,0,0,8,15,A01
200800020869,0,7,0,0,1,6,4,A01
200800020870,1,7,0,0,1,0,0,A01
200800020871,0,7,0,0,2,1,0,B01
200800020871,0,7,0,0,2,1,5,A01
200800020872,0,7,0,0,2,0,9,B01
200800020872,0,7,0,0,2,2,1,A01
200800020873,0,30,0,0,2,1,1,B01
200800020873,0,14,0,0,2,3,1,A01
200800020874,0,7,0,0,2,1,19,A01
200800020874,0,33,0,0,2,0,1,B01
200800020875,0,7,0,0,2,2,2,B01
200800020875,0,7,0,0,2,3,10,A01
200800020876,0,7,0,0,1,3,1,A01
200800020877,0,7,0,0,9,3,6,B01
200800020877,0,2,0,0,2,1,6,A01
200800020878,1,14,0,0,1,0,1,A01
200800020879,0,33,0,0,1,1,2,A01
200800020880,0,99,0,0,2,5,15,A01
200800020880,0,30,0,0,2,6,21,B01
200800020881,0,33,0,0,2,1,1,B01
200800020881,0,7,0,0,2,6,11,A01
200800020882,0,32,0,0,2,7,1,A01
200800020882,0,7,0,0,2,3,1,B01
200800020883,0,10,0,0,2,4,1,B01
200800020883,0,7,0,0,2,1,2,A01
200800020884,0,7,0,0,1,2,0,A01
200800020885,0,1,0,0,2,0,0,B01
200800020885,0,7,0,0,2,2,0,A01
200800020886,0,7,0,0,1,3,1,A01
200800020887,0,32,0,0,0,0,17,A01
200800020888,0,7,0,0,2,2,1,B01
200800020888,0,33,0,0,2,1,1,A01
200800020889,0,7,0,0,9,7,1,B01
200800020889,0,31,0,0,0,2,3,A01
200800020890,0,7,0,0,0,4,1,C01
200800020890,0,7,0,14,0,4,2,B01
200800020890,0,99,0,14,0,1,1,A01
200800020891,0,33,0,0,2,0,21,B01
200800020891,0,7,0,0,2,0,15,A01
200800020892,0,10,0,0,2,7,0,B01
200800020892,0,33,0,0,0,0,0,A01
200800020893,0,7,0,0,2,2,1,A01
200800020893,0,7,0,9,2,3,1,B01
200800020894,0,7,0,0,2,2,1,B01
200800020894,0,1,0,0,2,0,13,A01
200800020895,0,7,0,0,2,1,16,A01
200800020895,0,2,0,0,2,1,18,B01
200800020896,0,7,0,0,2,8,15,A01
200800020896,0,33,0,0,2,1,1,B01
200800020897,0,1,0,0,2,3,1,B01
200800020897,0,7,0,0,2,5,16,A01
200800020898,0,7,0,0,2,1,0,A01
200800020898,0,1,0,0,2,7,0,B01
200800020899,0,7,0,0,1,0,1,A01
200800020900,0,1,0,0,2,7,5,A01
200800020900,0,7,0,0,2,1,1,B01
200800020901,0,7,0,0,2,3,5,A01
200800020901,0,7,0,0,2,7,1,B01
200800020902,0,33,0,0,2,1,17,A01
200800020902,0,7,0,0,2,8,15,B01
200800020903,0,7,0,0,2,1,1,A01
200800020903,0,7,0,0,2,4,23,B01
200800020903,0,7,0,0,2,4,23,C01
200800020904,0,7,0,0,2,2,0,A01
200800020904,0,31,0,0,2,3,0,B01
200800020905,0,10,0,0,1,4,4,A01
200800020906,0,7,0,13,0,1,14,A01
200800020907,0,32,0,3,0,0,0,A01
200800020908,1,7,0,0,2,7,12,A01
200800020908,0,33,0,0,2,1,1,B01
200800020909,0,7,0,0,1,1,1,A01
200800020910,0,7,0,0,2,3,19,A01
200800020910,0,7,0,0,0,0,2,B01
200800020910,0,30,0,0,2,1,17,C01
200800020911,0,7,0,0,2,3,19,A01
200800020911,0,33,0,0,2,1,1,B01
200800020912,0,7,0,6,2,2,1,A01
200800020912,0,7,0,0,2,3,1,B01
200800020913,0,7,0,0,1,2,1,A01
200800020914,0,7,0,0,2,1,2,A01
200800020914,0,7,0,0,2,4,2,B01
200800020915,0,7,0,0,1,1,1,A01
200800020916,0,7,0,0,1,0,16,A01
200800020917,0,7,0,0,0,3,0,A01
200800020917,0,30,0,0,2,6,1,B01
200800020918,0,7,0,0,2,0,1,A01
200800020918,0,31,0,0,2,0,1,B01
200800020919,0,30,0,0,2,1,0,B01
200800020919,0,10,0,0,2,2,15,A01
200800020920,0,7,0,0,2,3,15,A01
200800020920,0,7,0,0,2,1,2,B01
200800020921,0,7,0,0,2,7,15,A01
200800020921,0,33,0,0,2,1,2,B01
200800020922,0,7,0,0,2,6,2,A01
200800020922,0,30,0,0,0,1,2,B01
200800020923,0,30,0,0,0,8,2,A01
200800020924,0,33,0,0,0,0,2,A01
200800020925,0,30,0,0,1,0,2,A01
200800020926,0,30,0,0,1,1,1,A01
200800020927,0,7,0,0,1,2,1,A01
200800020928,0,33,0,0,2,1,1,A01
200800020928,0,7,0,0,2,6,12,B01
200800020929,0,7,0,0,2,3,15,A01
200800020929,0,7,0,0,2,8,1,B01
200800020930,0,7,0,0,2,1,2,A01
200800020930,0,2,0,0,2,4,2,B01
200800020931,0,2,0,14,2,1,1,A01
200800020932,0,7,0,0,2,3,1,B01
200800020932,0,10,0,0,2,2,1,A01
200800020933,0,7,0,0,2,2,9,A01
200800020933,0,2,0,0,2,1,1,B01
200800020934,0,7,0,0,1,2,1,A01
200800020935,0,7,0,0,1,2,1,A01
200800020936,0,30,0,0,2,1,2,A01
200800020936,0,7,0,0,2,4,2,B01
200800020937,0,33,0,0,2,1,1,B01
200800020937,0,7,0,0,2,8,1,A01
200800020938,0,38,1,0,2,4,4,A01
200800020938,0,7,0,1,2,8,1,B01
200800020939,0,7,0,0,2,3,1,B01
200800020939,0,7,0,0,2,1,1,A01
200800020940,0,7,0,0,2,7,1,A01
200800020940,0,7,0,0,2,1,1,B01
200800020941,0,7,0,0,2,3,1,B01
200800020941,0,10,0,0,2,1,1,A01
200800020942,0,10,0,0,2,1,13,A01
200800020942,0,7,0,0,2,1,1,B01
200800020942,0,7,0,0,2,1,0,C01
200800020943,0,7,0,13,0,9,1,A01
200800020944,0,7,0,0,2,5,0,B01
200800020944,0,30,0,0,2,1,1,A01
200800020945,0,2,0,0,2,1,17,A01
200800020945,1,7,0,0,2,6,15,B01
200800020946,0,7,0,0,2,1,2,A01
200800020946,0,7,0,0,2,4,1,B01
200800020946,0,7,0,0,2,1,2,C01
200800020947,0,7,0,0,1,1,2,A01
200800020948,2,7,0,0,2,7,1,A01
200800020948,0,7,0,0,2,1,1,B01
200800020949,0,10,0,0,2,6,0,B01
200800020949,0,30,0,0,2,9,0,A01
200800020950,0,7,0,2,0,7,1,A01
200800020951,0,7,0,13,0,9,1,A01
200800020952,0,2,0,0,0,6,1,A01
200800020953,0,7,0,0,2,1,2,A01
200800020953,0,7,0,0,2,4,1,B01
200800020954,0,33,0,16,0,1,2,A01
200800020955,0,7,0,0,2,1,1,A01
200800020955,0,7,0,0,2,3,1,B01
200800020956,0,30,0,0,2,8,9,A01
200800020956,0,7,0,0,2,1,16,B01
200800020957,0,30,0,6,0,1,2,A01
200800020958,0,2,0,0,2,7,1,A01
200800020958,0,7,0,0,2,2,1,B01
200800020959,0,33,0,0,0,0,20,A01
200800020960,0,7,0,3,2,1,2,A01
200800020960,0,7,0,0,2,1,2,B01
200800020961,0,7,0,0,1,7,1,A01
200800020962,0,7,0,0,0,9,1,A01
200800020963,0,7,0,0,2,1,2,A01
200800020963,0,10,0,0,2,1,2,B01
200800020964,0,33,0,0,2,1,16,A01
200800020964,0,7,0,0,2,2,16,B01
200800020965,0,10,0,0,1,1,1,A01
200800020966,0,7,0,15,0,1,1,A01
200800020967,0,7,0,6,0,9,1,A01
200800020968,0,7,0,0,1,6,20,A01
200800020969,0,7,0,14,0,8,2,A01
200800020970,0,30,0,16,0,7,2,A01
200800020971,0,7,0,0,2,3,15,A01
200800020971,0,33,0,0,2,1,2,B01
200800020972,0,7,0,0,2,5,12,A01
200800020972,0,37,11,0,2,3,1,B01
200800020973,0,2,0,1,0,1,0,A01
200800020974,0,7,0,0,2,1,1,A01