Num_Acc,senc,catv,occutc,obs,obsm,choc,manv,num_veh
200800021728,0,1,0,0,0,8,7,A01
200800021728,1,33,0,0,9,5,17,B01
200800021729,0,2,0,0,0,1,2,B01
200800021729,0,7,0,0,0,8,10,A01
200800021730,0,7,0,0,9,1,15,A01
200800021730,0,33,0,0,2,8,1,B01
200800021731,0,33,0,0,2,0,21,A01
200800021732,0,33,0,0,1,1,1,A01
200800021733,0,7,0,0,9,7,16,B01
200800021733,0,30,0,0,2,1,18,A01
200800021734,0,13,0,0,2,1,15,A01
200800021734,0,30,0,0,2,8,1,B01
200800021735,0,30,0,0,1,1,1,A01
200800021736,0,13,0,0,2,4,4,A01
200800021736,0,31,0,0,2,1,2,B01
200800021737,0,32,0,0,2,4,2,A01
200800021737,0,7,0,0,2,2,2,B01
200800021738,0,31,0,0,0,0,1,A01
200800021739,0,7,0,7,0,3,0,A01
200800021740,0,7,0,0,1,4,4,A01
200800021741,0,7,0,0,1,1,16,A01
200800021742,0,7,0,0,1,2,1,A01
200800021743,0,1,0,0,1,1,1,A01
200800021744,0,10,0,0,1,3,1,A01
200800021745,0,7,0,0,2,7,1,A01
200800021745,0,33,0,0,2,7,1,B01
200800021746,0,30,0,0,2,1,2,A01
200800021746,0,7,0,0,0,4,23,B01
200800021747,0,7,0,0,2,6,10,A01
200800021747,0,32,0,0,2,1,2,B01
200800021748,0,17,0,0,2,2,13,A01
200800021748,0,38,1,0,2,6,23,B01
200800021748,0,7,0,0,0,4,1,C01
200800021749,0,33,0,0,2,1,2,A01
200800021749,0,10,0,0,0,4,2,B01
200800021750,0,33,0,0,1,3,1,A01
200800021751,1,7,0,0,1,0,1,A01
200800021752,0,7,0,0,0,6,23,B01
200800021752,0,2,0,0,2,2,2,A01
200800021753,0,2,0,0,2,7,15,A01
200800021753,0,32,0,0,2,1,1,B01
200800021754,0,7,0,0,0,8,22,A01
200800021754,0,33,0,0,9,2,17,B01
200800021755,0,7,0,0,1,2,1,A01
200800021756,0,7,0,0,2,8,2,B01
200800021756,0,33,0,0,2,2,5,A01
200800021756,0,7,0,0,2,8,2,C01
200800021757,0,7,0,0,2,3,10,A01
200800021757,0,30,0,0,2,1,2,B01
200800021758,0,33,0,11,0,1,1,A01
200800021759,0,33,0,12,0,8,1,A01
200800021760,0,7,0,0,1,3,1,A01
200800021761,0,7,0,0,2,3,11,A01
200800021761,0,7,0,0,2,1,1,B01
200800021762,0,7,0,0,1,1,1,A01
200800021763,0,32,0,0,0,0,1,A01
200800021764,0,7,0,0,2,4,12,B01
200800021764,0,7,0,0,2,1,1,A01
200800021765,0,7,0,0,2,2,16,A01
200800021765,0,30,0,0,2,1,1,B01
200800021766,0,7,0,7,0,3,15,A01
200800021767,0,7,0,0,1,3,7,A01
200800021768,1,7,0,0,9,0,2,A01
200800021768,0,1,0,0,0,7,2,B01
200800021769,0,32,0,0,2,1,1,A01
200800021769,0,37,0,0,2,7,1,B01
200800021770,0,7,0,0,2,1,17,A01
200800021770,0,33,0,0,0,1,1,B01
200800021771,2,7,0,4,0,3,13,A01
200800021772,0,7,0,0,2,7,12,A01
200800021772,0,31,0,0,0,7,1,B01
200800021773,0,32,0,0,0,1,1,A01
200800021774,0,7,0,8,0,1,7,A01
200800021775,0,33,0,0,0,8,1,A01
200800021776,0,7,0,0,2,2,1,A01
200800021776,0,7,0,0,2,1,1,B01
200800021777,0,7,0,0,2,3,15,A01
200800021777,2,7,0,0,2,2,17,B01
200800021778,0,7,0,0,2,1,1,B01
200800021778,0,7,0,1,2,7,1,A01
200800021779,0,33,0,0,2,7,17,B01
200800021779,0,7,0,0,0,6,15,A01
200800021780,0,7,0,0,2,5,22,A01
200800021780,0,1,0,1,2,8,18,B01
200800021781,0,30,0,14,0,7,11,A01
200800021782,0,30,0,0,0,0,14,A01
200800021783,0,7,0,0,1,3,1,A01
200800021784,0,7,0,0,0,4,23,B01
200800021784,0,30,0,0,2,1,2,A01
200800021785,0,7,0,1,2,2,15,A01
200800021785,0,7,0,0,2,3,1,B01
200800021786,0,7,0,0,2,1,1,A01
200800021786,0,7,0,0,2,5,15,B01
200800021787,0,7,0,0,2,1,1,B01
200800021787,0,2,0,0,2,7,1,A01
200800021788,0,7,0,0,2,2,1,B01
200800021788,0,10,0,0,2,2,1,A01
200800021789,0,7,0,0,1,3,1,A01
200800021790,0,7,0,0,1,1,1,A01
200800021791,1,7,0,0,2,1,2,C01
200800021791,0,7,0,0,2,6,2,A01
200800021791,0,7,0,0,0,4,2,B01
200800021792,0,7,0,0,0,0,11,A01
200800021792,0,32,0,0,0,0,1,B01
200800021793,0,2,0,0,1,8,1,A01
200800021794,0,10,0,0,2,3,15,A01
200800021794,0,34,0,0,2,0,17,B01
200800021795,0,7,0,0,2,3,10,A01
200800021795,0,30,0,0,2,2,1,B01
200800021796,0,30,0,0,0,0,1,A01
200800021797,0,7,0,0,2,1,1,B01
200800021797,0,2,0,0,2,1,1,A01
200800021798,0,30,0,0,1,1,1,A01
200800021799,0,31,0,0,2,2,1,A01
200800021799,0,32,0,0,2,3,9,B01
200800021800,0,1,0,0,2,6,1,B01
200800021800,0,7,0,0,2,3,1,A01
200800021801,0,1,0,0,2,6,1,B01
200800021801,0,7,0,0,9,1,16,A01
200800021802,0,7,0,0,1,1,1,A01
200800021803,0,7,0,1,1,2,12,A01
200800021804,0,31,0,0,2,1,1,B01
200800021804,0,7,0,0,2,1,15,A01
200800021805,0,7,0,0,1,1,16,A01
200800021806,0,7,0,0,2,8,15,A01
200800021806,0,32,0,1,2,2,17,B01
200800021807,0,7,0,0,1,6,1,A01
200800021808,0,30,0,0,2,1,17,A01
200800021808,0,30,0,0,2,8,9,B01
200800021809,0,33,0,0,2,7,1,B01
200800021809,0,7,0,0,2,3,10,A01
200800021810,0,7,0,0,1,3,1,A01
200800021811,0,7,0,1,0,3,22,A01
200800021811,0,1,0,0,2,1,1,B01
200800021812,0,30,0,0,2,8,17,A01
200800021812,0,7,0,0,0,8,15,B01
200800021813,0,7,0,0,0,6,10,A01
200800021813,0,31,0,0,0,6,1,B01
200800021814,0,7,0,11,0,1,1,A01
200800021815,0,7,0,0,2,2,16,B01
200800021815,0,32,0,0,2,8,18,A01
200800021816,0,34,0,0,2,7,1,B01
200800021816,0,14,0,0,2,6,4,A01
200800021817,0,14,0,0,2,8,1,A01
200800021817,0,32,0,0,2,7,1,B01
200800021818,0,7,0,0,1,7,7,A01
200800021819,0,33,0,12,9,7,1,B01
200800021819,0,1,0,0,2,7,1,A01
200800021820,0,10,0,0,2,1,2,A01
200800021820,0,7,0,0,2,4,2,B01
200800021820,0,7,0,0,0,4,2,C01
200800021821,0,10,0,0,2,2,1,C01
200800021821,0,7,0,0,0,6,1,B01
200800021821,0,14,0,0,2,2,14,A01
200800021822,0,32,0,0,0,1,7,A01
200800021822,0,7,0,0,0,5,0,B01
200800021823,0,7,0,0,0,6,16,B01
200800021823,0,32,0,0,2,7,2,A01
200800021824,0,10,0,0,1,7,1,A01
200800021825,0,37,62,0,1,2,1,A01
200800021826,0,34,0,0,1,2,1,A01
200800021827,0,7,0,0,2,3,0,B01
200800021827,0,30,0,0,2,5,0,A01
200800021828,0,7,0,0,2,0,15,A01
200800021828,0,33,0,0,2,1,2,B01
200800021829,0,7,0,0,1,3,2,A01
200800021830,0,7,0,0,2,5,14,A01
200800021830,0,30,0,0,2,3,0,B01
200800021831,0,7,0,0,1,3,0,A01
200800021832,0,7,0,0,2,6,2,A01
200800021832,0,34,0,0,2,1,3,B01
200800021833,0,7,0,0,2,1,1,A01
200800021833,0,7,0,0,2,4,1,B01
200800021834,0,7,0,0,2,7,0,A01
200800021834,0,32,0,0,2,1,2,B01
200800021835,0,32,0,0,1,1,1,A01
200800021836,0,7,0,0,2,7,0,B01
200800021836,0,32,0,0,2,1,0,A01
200800021837,0,32,0,0,2,4,23,B01
200800021837,0,7,0,0,2,1,2,A01
200800021838,0,7,0,0,1,2,1,A01
200800021839,0,10,0,0,0,2,2,A01
200800021839,0,7,0,0,2,3,0,B01
200800021840,0,7,0,0,0,2,7,A01
200800021841,0,7,0,9,0,1,1,A01
200800021842,0,31,0,0,2,3,3,A01
200800021842,0,10,0,0,0,2,11,B01
200800021843,0,7,0,0,2,8,11,A01
200800021843,0,32,0,0,0,7,1,B01
200800021844,0,33,0,6,0,3,2,A01
200800021845,1,7,0,0,0,0,0,A01
200800021845,0,32,0,12,2,4,2,B01
200800021846,0,32,0,0,2,8,7,A01
200800021846,0,7,0,0,2,7,16,B01
200800021847,0,7,0,0,2,2,12,A01
200800021847,0,7,0,8,2,2,0,B01
200800021848,0,7,0,0,0,0,9,A01
200800021848,0,7,0,0,2,4,1,B01
200800021848,0,32,0,0,2,4,2,C01
200800021849,0,7,0,0,2,1,1,B01
200800021849,0,2,0,0,2,6,1,A01
200800021850,0,7,0,0,2,8,24,B01
200800021850,0,2,0,1,0,7,12,A01
200800021851,0,33,0,0,0,7,0,A01
200800021852,0,1,0,0,0,0,0,A01
200800021853,0,7,0,0,1,5,4,A01
200800021854,0,7,0,0,0,7,2,A01
200800021854,0,33,0,0,2,1,2,B01
200800021855,0,33,0,0,0,1,0,B01
200800021855,0,7,0,0,2,2,1,A01
200800021856,0,30,0,14,0,4,1,A01
200800021856,0,7,0,0,0,4,23,B01
200800021857,0,32,0,0,0,8,17,A01
200800021857,0,1,0,0,0,6,0,B01
200800021858,0,30,0,0,2,1,2,A01
200800021858,1,7,0,0,2,7,14,B01
200800021859,0,7,0,0,0,0,0,A01
200800021860,0,1,0,1,2,7,2,A01
200800021860,0,13,0,0,2,2,2,B01
200800021861,1,7,0,0,2,2,1,A01
200800021862,0,7,0,0,2,3,22,A01
200800021862,0,1,0,1,0,3,1,B01
200800021863,0,7,0,0,1,2,1,A01
200800021864,0,7,0,0,1,7,1,A01
200800021865,1,7,0,0,1,0,1,A01
200800021866,1,34,0,0,1,1,1,A01
200800021867,0,2,0,0,2,3,15,B01
200800021867,0,32,0,0,2,1,1,A01
200800021868,0,2,0,0,1,7,1,A01
200800021869,0,2,0,0,2,1,18,A01
200800021869,0,10,0,0,2,5,12,B01
200800021870,0,7,0,0,1,1,7,A01
200800021871,0,7,0,0,2,3,15,A01
200800021871,0,30,0,0,2,1,17,B01
200800021872,0,7,0,0,1,1,1,A01
200800021873,0,7,0,0,1,3,1,A01
200800021874,0,30,0,0,2,8,13,A01
200800021874,0,7,0,0,2,7,1,B01
200800021875,0,7,0,8,0,3,1,A01
200800021876,0,7,0,0,0,3,1,A01
200800021876,0,30,0,0,0,6,16,B01
200800021877,0,37,0,1,0,7,1,A01
200800021878,0,10,0,0,1,7,1,A01
200800021879,0,2,0,1,2,5,17,A01
200800021879,0,7,0,0,2,3,15,B01
200800021880,0,7,0,0,1,1,1,A01
200800021881,0,33,0,0,2,1,1,B01
200800021881,0,13,0,1,2,8,1,A01
200800021882,0,7,0,0,2,1,2,A01
200800021882,0,7,0,0,0,4,2,B01
200800021883,0,7,0,0,2,1,2,A01
200800021883,0,31,0,0,2,4,2,C01
200800021883,0,7,0,0,0,6,2,D01
200800021883,0,7,0,0,2,4,2,B01
200800021884,0,7,0,0,2,6,15,B01
200800021884,0,30,0,0,2,2,1,A01
200800021885,0,7,0,0,2,8,22,A01
200800021885,0,1,0,1,0,1,17,B01
200800021886,0,7,0,0,0,6,7,B01
200800021886,0,38,55,2,2,6,16,A01
200800021887,0,1,0,0,1,3,8,A01
200800021888,0,7,0,0,0,3,1,B01
200800021888,0,1,0,0,0,5,14,A01
200800021889,0,2,0,0,2,1,2,A01
200800021889,0,10,0,0,2,5,23,B01
200800021890,0,37,42,0,1,7,1,A01
200800021891,1,30,0,0,0,0,5,A01
200800021892,0,14,0,0,1,2,1,A01
200800021893,0,13,0,0,1,7,1,A01
200800021894,0,32,0,0,0,3,1,A01
200800021895,0,7,0,0,0,8,22,A01
200800021895,0,1,0,1,0,0,17,B01
200800021896,0,7,0,0,1,3,15,A01
200800021897,0,30,0,0,1,1,1,A01
200800021898,0,7,0,0,2,6,10,A01
200800021898,0,33,0,0,2,1,1,B01
200800021899,0,14,0,0,2,5,14,A01
200800021899,0,1,0,0,2,8,18,B01
200800021900,0,2,0,0,2,0,18,A01
200800021900,0,7,0,0,2,2,20,B01
200800021901,0,33,0,0,2,3,1,B01
200800021901,0,7,0,0,2,2,1,A01
200800021902,0,30,0,0,1,2,1,A01
200800021903,0,30,0,1,2,1,1,A01
200800021903,1,15,0,0,0,0,0,B01
200800021904,0,7,0,0,1,4,20,A01
200800021905,0,7,0,0,1,3,1,A01
200800021906,0,7,0,0,0,3,15,B01
200800021906,0,30,0,0,0,5,5,A01
200800021907,0,7,0,0,1,3,15,A01
200800021908,0,10,0,0,0,5,1,D01
200800021908,0,32,0,0,2,8,3,A01
200800021908,0,7,0,0,2,2,12,B01
200800021908,0,7,0,0,0,6,1,C01
200800021909,0,17,0,0,2,1,2,A01
200800021909,0,7,0,0,0,4,2,C01
200800021909,0,7,0,0,2,4,2,B01
200800021909,0,7,0,0,2,1,2,D01
200800021910,0,7,0,0,2,8,22,A01
200800021910,0,1,0,1,0,1,7,B01
200800021911,0,7,0,0,1,1,1,A01
200800021912,0,7,0,0,1,2,1,A01
200800021913,0,7,0,0,2,2,15,A01
200800021913,0,32,0,0,2,6,15,B01
200800021914,0,32,0,0,2,8,1,B01
200800021914,0,7,0,0,2,1,1,A01
200800021915,0,7,0,0,2,3,9,A01
200800021915,0,32,0,0,2,1,1,B01
200800021916,0,32,0,0,0,8,1,A01
200800021917,0,30,0,0,1,8,1,A01
200800021918,0,7,0,0,1,2,1,A01
200800021919,0,7,0,0,2,2,15,A01
200800021919,0,2,0,0,2,1,1,B01
200800021920,0,32,0,0,2,7,1,A01
200800021920,0,7,0,0,2,6,12,B01
200800021921,0,32,0,0,2,4,23,A01
200800021921,1,7,0,0,2,1,2,B01
200800021922,1,32,0,0,2,1,2,B01
200800021922,0,30,0,0,0,7,2,A01
200800021923,0,7,0,0,2,3,15,B01
200800021923,0,32,0,0,2,1,1,A01
200800021924,0,7,0,0,1,2,1,A01
200800021925,0,32,0,0,0,3,1,A01
200800021926,0,30,0,0,0,7,1,A01
200800021927,0,7,0,0,2,2,2,A01
200800021927,0,7,0,0,2,6,2,B01
200800021927,0,7,0,0,0,4,2,C01
200800021928,0,7,0,0,1,1,1,A01
200800021929,0,7,0,11,0,8,15,A01
200800021930,0,7,0,0,2,2,1,B01
200800021930,0,32,0,7,2,1,15,A01
200800021931,0,7,0,0,1,3,7,A01
200800021932,0,7,0,0,9,6,22,A01
200800021932,0,1,0,1,0,8,18,B01
200800021933,0,32,0,0,0,1,1,A01
200800021933,0,7,0,0,0,7,9,B01
200800021934,0,32,0,0,1,1,0,A01
200800021935,0,30,0,0,2,1,2,A01
200800021935,0,7,0,0,0,4,2,B01
200800021936,0,33,0,0,2,1,1,A01
200800021936,0,7,0,0,2,5,1,B01
200800021937,0,30,0,0,1,1,1,A01
200800021938,0,7,0,0,0,1,11,A01
200800021938,0,30,0,0,0,0,0,B01
200800021939,0,30,0,0,1,1,5,A01
200800021940,0,7,0,14,0,1,2,A01
200800021941,0,32,0,0,0,5,7,A01
200800021941,0,7,0,0,2,5,16,B01
200800021942,0,31,0,0,0,7,2,A01
200800021943,0,33,0,0,1,1,1,A01
200800021944,1,30,0,0,0,0,0,A01
200800021945,0,7,0,0,1,1,1,A01
200800021946,0,7,0,0,0,6,2,B01
200800021946,0,30,0,0,2,1,2,A01
200800021947,0,7,0,0,1,7,1,A01
200800021948,0,7,0,0,2,2,2,A01
200800021948,0,7,0,0,0,8,2,B01
200800021948,1,7,0,0,2,2,2,C01
200800021949,0,7,0,0,1,4,4,A01
200800021950,0,7,0,0,0,1,15,A01
200800021951,0,7,0,0,2,1,10,A01
200800021951,0,33,0,0,2,1,1,B01
200800021952,0,7,0,0,1,2,1,A01
200800021953,2,30,0,0,1,2,1,A01
200800021954,0,33,0,0,0,1,2,A01
200800021954,0,7,0,0,0,0,0,B01
200800021955,0,10,0,0,2,1,2,A01
200800021955,0,33,0,0,0,4,23,B01
200800021956,0,30,0,1,0,2,21,A01
200800021956,0,10,0,0,2,6,23,B01
200800021957,0,7,0,0,1,1,0,A01
200800021958,0,7,0,0,2,1,2,B01
200800021958,0,7,0,0,0,4,4,A01
200800021959,0,32,0,0,0,0,1,A01
200800021960,0,10,0,0,0,5,1,B01
200800021960,0,7,0,0,0,8,1,C01
200800021960,0,7,0,0,0,6,1,D01
200800021960,0,33,0,0,2,1,3,A01
200800021961,0,32,0,0,2,1,3,A01
200800021961,0,10,0,0,2,5,1,B01
200800021962,0,30,0,0,2,7,1,A01
200800021962,0,32,0,0,2,1,1,B01
200800021963,0,7,0,0,0,3,1,A01
200800021964,0,7,0,0,9,2,1,A01
200800021964,0,1,0,0,2,4,2,B01
200800021965,0,7,0,0,2,1,2,A01
200800021965,0,7,0,0,2,5,23,B01
200800021966,0,32,0,0,2,7,2,A01
200800021966,0,1,0,0,2,3,2,B01
200800021967,0,32,0,0,2,2,1,A01
200800021967,1,7,0,1,2,0,9,B01
200800021968,0,7,0,1,0,8,24,A01
200800021968,0,1,0,1,0,1,22,B01
200800021969,0,30,0,0,1,1,1,A01
200800021970,1,7,0,0,4,1,9,A01
200800021970,0,30,0,0,2,6,9,B01
200800021971,0,10,0,0,0,3,1,C01
200800021971,0,33,0,0,0,8,2,B01
200800021971,0,32,0,0,2,8,17,A01
200800021972,0,7,0,8,0,7,16,B01
200800021972,2,7,0,0,0,1,2,A01
200800021973,0,31,0,0,2,3,2,B01
200800021973,0,10,0,0,2,5,9,A01
200800021974,0,7,0,0,9,5,0,A01
200800021974,0,2,0,0,2,1,1,B01
200800021975,0,7,0,0,0,3,0,A01
200800021975,0,30,0,0,2,8,0,B01
200800021976,1,32,0,0,1,1,1,A01
200800021977,0,33,0,0,2,7,1,A01
200800021977,0,7,0,0,2,3,1,B01
200800021978,0,7,0,0,2,3,16,B01
200800021978,1,7,0,0,2,0,2,A01
200800021979,0,33,0,0,2,7,2,B01
200800021979,0,7,0,0,0,6,20,A01
200800021980,0,33,0,1,1,1,1,A01
200800021981,0,10,0,0,2,3,15,A01
200800021981,0,32,0,0,2,1,17,B01
200800021982,0,7,0,0,2,2,0,A01
200800021982,0,30,0,0,0,6,0,B01
200800021983,0,2,0,0,2,1,1,A01
200800021983,0,7,0,0,0,4,23,B01
200800021984,1,7,0,0,2,1,15,A01
200800021984,0,7,0,0,2,8,1,B01
200800021985,0,10,0,0,1,4,4,A01
200800021986,0,32,0,15,0,1,16,A01
200800021987,0,7,0,0,0,6,11,A01
200800021987,0,33,0,0,2,2,3,B01
200800021988,0,31,0,0,0,0,3,A01
200800021989,0,32,0,0,2,3,0,A01
200800021989,0,10,0,0,0,5,16,B01
200800021990,0,33,0,0,2,8,7,A01
200800021990,0,7,0,0,0,7,12,B01
200800021991,0,10,0,0,1,2,0,A01
200800021992,0,33,0,0,0,9,1,A01
200800021993,0,33,0,0,0,8,1,A01
200800021994,0,10,0,0,0,0,0,A01
200800021995,0,7,0,1,0,1,0,A01
200800021995,0,7,0,0,0,1,0,B01
200800021996,0,33,0,0,1,3,1,A01
200800021997,0,7,0,0,2,2,1,A01
200800021997,0,2,0,0,2,8,1,B01
200800021998,0,2,0,0,1,1,1,A01
200800021999,0,7,0,0,0,5,1,B01
200800021999,0,2,0,0,2,1,1,A01
200800022000,0,7,0,0,1,1,1,A01
200800022001,0,33,0,0,2,7,19,A01
200800022001,0,32,0,0,2,3,21,B01
200800022002,0,7,0,0,0,9,0,A01
200800022003,0,7,0,0,2,3,15,B01
200800022003,0,31,0,0,2,0,2,A01
200800022004,0,7,0,0,9,2,15,A01
200800022004,0,1,0,0,2,8,2,B01
200800022005,0,7,0,0,2,1,2,A01
200800022005,0,2,0,0,2,4,2,B01
200800022006,0,32,0,0,0,0,1,B01
200800022006,1,7,0,0,0,0,10,A01
200800022007,0,10,0,0,1,6,1,A01
200800022008,0,7,0,0,2,6,11,A01
200800022008,0,32,0,0,2,2,2,B01
200800022009,0,7,0,0,2,8,15,A01
200800022009,0,33,0,0,2,9,17,B01
200800022010,0,15,0,0,2,1,2,A01
200800022010,0,7,0,0,2,4,2,B01
200800022010,0,7,0,0,0,4,2,C01
200800022011,0,33,0,0,2,1,1,A01
200800022011,0,10,0,0,0,6,11,B01
200800022012,0,33,0,0,2,3,3,A01
200800022012,0,7,0,0,0,2,12,B01
200800022013,0,32,0,1,1,3,5,A01
200800022014,1,7,0,0,0,0,13,A01
200800022014,0,30,0,0,0,7,1,B01
200800022015,0,7,0,0,2,1,1,B01
200800022015,0,7,0,0,2,7,1,A01
200800022016,0,32,0,0,2,8,1,A01
200800022016,0,14,0,0,2,2,16,B01
200800022017,0,32,0,0,1,1,1,A01
200800022018,0,7,0,0,0,4,12,A01
200800022018,0,33,0,0,2,1,1,B01
200800022019,0,31,0,0,1,2,7,A01
200800022020,0,30,0,0,0,8,16,A01
200800022021,0,34,0,0,1,1,1,A01
200800022022,0,30,0,0,0,0,1,A01
200800022022,1,7,0,0,0,0,11,B01
200800022023,0,7,0,0,1,2,1,A01
200800022024,0,7,0,0,0,2,10,A01
200800022024,0,1,0,0,0,8,1,B01
200800022025,0,13,0,0,1,1,1,A01
200800022026,0,7,0,1,2,2,1,A01
200800022027,0,7,0,0,2,7,1,B01
200800022027,0,2,0,0,2,1,1,A01
200800022028,0,7,0,0,0,6,1,A01
200800022029,0,1,0,0,2,1,1,B01
200800022029,0,7,0,0,0,8,9,A01
200800022030,0,33,0,11,0,7,14,A01
200800022031,0,7,0,0,2,1,10,A01
200800022031,0,33,0,0,2,1,1,B01
200800022032,0,2,0,11,0,0,14,A01
200800022033,0,33,0,0,0,0,1,A01
200800022034,0,10,0,0,2,1,2,A01
200800022034,0,7,0,0,2,4,2,B01
200800022034,0,7,0,0,0,4,2,C01
200800022035,0,10,0,0,2,1,2,A01
200800022035,0,7,0,0,0,4,2,B01
200800022036,0,32,0,14,0,8,11,A01
200800022037,0,10,0,0,1,2,1,A01
200800022038,0,7,0,0,2,6,15,A01
200800022038,0,33,0,0,2,1,7,B01
200800022039,0,10,0,0,1,4,20,A01
200800022040,0,33,0,0,2,1,18,A01
200800022040,0,7,0,0,0,5,16,B01
200800022041,0,7,0,0,2,1,15,A01
200800022041,0,33,0,0,2,8,1,B01
200800022042,0,10,0,0,2,3,15,A01
200800022042,0,32,0,0,2,1,1,B01
200800022043,0,34,0,0,1,1,1,A01
200800022044,0,32,0,0,2,3,1,B01
200800022044,0,7,0,0,2,3,15,A01
200800022045,0,7,0,0,1,2,1,A01
200800022046,0,33,0,0,2,1,1,B01
200800022046,0,7,0,0,2,3,1,C01
200800022046,0,7,0,0,2,3,15,A01
200800022047,0,30,0,0,2,8,1,B01
200800022047,0,7,0,0,2,5,12,A01
200800022048,0,2,0,8,0,2,1,A01
200800022049,0,10,0,0,0,6,1,A01
200800022049,0,33,0,0,2,3,3,B01
200800022050,0,33,0,0,2,8,7,B01
200800022050,0,7,0,0,0,5,16,A01
200800022051,0,1,0,0,1,1,21,A01
200800022052,0,7,0,0,1,2,16,A01
200800022053,0,1,0,0,1,1,1,A01
200800022054,0,33,0,1,2,3,21,A01
200800022055,0,30,0,1,2,7,17,A01
200800022055,0,7,0,0,0,8,1,B01
200800022056,0,32,0,12,0,2,1,A01
200800022057,0,30,0,0,2,1,1,B01
200800022057,0,7,0,0,2,7,15,A01
200800022058,0,33,0,1,0,1,1,A01
200800022059,0,7,0,0,0,5,1,C01
200800022059,0,33,0,0,2,3,3,A01
200800022059,0,7,0,0,0,5,12,B01
200800022060,0,31,0,1,0,1,2,A01
200800022060,1,7,0,0,2,4,23,B01
200800022061,0,31,0,0,0,0,1,A01
200800022062,0,32,0,0,2,6,11,A01
200800022062,0,31,0,0,0,7,1,B01
200800022063,0,10,0,0,2,2,12,A01
200800022063,0,33,0,0,0,8,1,B01
200800022064,0,10,0,0,1,1,1,A01
200800022065,0,7,0,5,0,1,1,A01
200800022066,0,31,0,0,2,8,18,A01
200800022066,1,7,0,0,0,0,0,B01
200800022067,0,30,0,0,1,2,18,A01
200800022068,0,7,0,0,1,7,1,A01
200800022069,0,7,0,0,2,5,16,A01
200800022069,0,32,0,0,2,8,1,B01
200800022070,0,33,0,0,2,2,5,A01
200800022070,0,7,0,0,9,3,15,B01
200800022071,0,1,0,0,2,4,2,B01
200800022071,0,7,0,0,0,4,20,A01
200800022072,0,31,0,0,2,3,17,A01
200800022072,0,7,0,0,9,6,15,B01
200800022073,0,32,0,0,9,3,18,A01
200800022073,0,7,0,0,9,2,16,B01
200800022074,0,7,0,0,0,3,9,A01
200800022074,0,32,0,0,0,2,1,B01
200800022075,0,32,0,0,2,0,21,A01
200800022076,0,33,0,0,1,5,1,A01
200800022077,0,31,0,0,2,5,3,A01
200800022077,0,10,0,0,2,3,1,C01
200800022077,0,7,0,0,0,5,1,B01
200800022078,0,7,0,0,0,8,10,A01
200800022078,0,34,0,0,2,2,1,B01
200800022079,0,7,0,0,0,3,22,A01
200800022079,0,31,0,0,0,5,1,B01
200800022079,0,7,0,0,0,0,1,C01
200800022080,0,7,0,0,2,7,1,B01
200800022080,0,2,0,0,2,8,13,A01
200800022081,0,7,0,0,0,7,22,B01
200800022081,0,1,0,0,2,8,18,A01
200800022082,0,1,0,0,1,3,16,A01
200800022083,0,10,0,0,2,7,14,A01
200800022083,0,32,0,1,2,0,1,B01
200800022084,0,7,0,0,1,4,20,A01
200800022085,0,33,0,0,2,1,2,A01
200800022085,0,33,0,0,2,4,2,B01
200800022085,0,7,0,0,2,1,2,C01
200800022086,0,30,0,0,0,7,16,A01
200800022087,1,7,0,0,1,0,7,A01
200800022088,0,7,0,0,1,2,1,A01
200800022089,0,7,0,0,9,2,2,A01
200800022089,0,34,0,0,0,4,2,B01
200800022090,0,7,0,0,1,2,1,A01
200800022091,0,33,0,0,2,8,3,A01
200800022091,0,7,0,0,0,5,12,B01
200800022092,0,7,0,0,0,6,11,A01
200800022092,0,32,0,0,2,3,3,B01
200800022092,0,7,0,0,0,6,1,C01
200800022093,0,33,0,0,1,2,1,A01
200800022094,0,31,0,1,0,6,2,A01
200800022095,0,30,0,0,2,1,2,B01
200800022095,0,7,0,0,2,3,11,A01
200800022096,0,30,0,0,0,1,2,A01
200800022096,0,7,0,0,0,4,2,B01
200800022097,0,2,0,0,2,8,0,B01
200800022097,0,7,0,0,0,2,2,A01
200800022098,1,33,0,0,1,1,0,A01
200800022099,0,7,0,0,0,4,2,B01
200800022099,0,30,0,0,2,8,2,A01
200800022100,0,30,0,0,1,7,16,A01
200800022101,0,30,0,8,0,8,1,A01
200800022101,0,7,0,0,0,0,15,B01
200800022102,1,30,0,0,0,0,0,A01
200800022103,0,30,0,0,2,7,1,A01
200800022103,0,7,0,0,2,2,1,B01
200800022104,0,7,0,0,2,5,15,A01
200800022104,0,2,0,0,2,1,1,B01
200800022105,0,33,0,0,2,1,2,A01
200800022105,0,7,0,0,2,4,2,B01
200800022106,0,7,0,0,1,3,1,A01
200800022107,0,33,0,0,2,4,2,A01
200800022107,1,7,0,0,2,0,2,B01
200800022108,1,7,0,0,1,1,1,A01
200800022109,0,34,0,11,0,7,17,A01
200800022110,0,7,0,0,2,1,2,A01
200800022110,0,7,0,0,2,4,2,B01
200800022110,0,7,0,0,2,4,2,C01
200800022110,0,7,0,0,0,4,2,D01
200800022111,0,32,0,0,1,2,17,A01
200800022112,0,7,0,0,2,3,1,B01