Num_Acc,senc,catv,occutc,obs,obsm,choc,manv,num_veh
200800022112,0,30,0,0,2,3,1,A01
200800022113,0,30,0,0,0,0,1,A01
200800022114,0,7,0,8,2,2,16,B01
200800022114,0,7,0,1,2,1,1,A01
200800022115,0,10,0,0,2,3,10,B01
200800022115,0,30,0,0,2,8,1,A01
200800022116,0,7,0,1,0,8,1,B01
200800022116,0,7,0,0,2,1,1,A01
200800022117,0,33,0,1,0,0,1,A01
200800022118,0,7,0,0,2,1,2,A01
200800022118,0,7,0,0,0,4,23,B01
200800022119,0,7,0,0,2,2,16,A01
200800022119,0,32,0,0,2,8,1,B01
200800022120,0,7,0,0,9,5,1,A01
200800022120,0,1,0,0,2,1,19,B01
200800022121,0,1,0,14,0,0,14,A01
200800022122,0,34,0,1,0,4,1,A01
200800022123,0,30,0,0,2,7,1,A01
200800022123,0,7,0,0,2,8,15,B01
200800022124,0,1,0,0,2,8,1,C01
200800022124,0,7,0,0,2,2,16,A01
200800022124,0,7,0,0,2,8,7,B01
200800022125,0,7,0,0,2,1,1,B01
200800022125,0,2,0,11,2,1,1,A01
200800022126,0,38,1,0,2,8,1,B01
200800022126,0,31,0,0,2,1,1,A01
200800022127,0,7,0,0,2,1,2,A01
200800022127,0,10,0,0,2,4,2,B01
200800022128,0,1,0,0,0,0,1,A01
200800022129,0,7,0,0,0,7,16,B01
200800022129,0,30,0,0,2,1,7,A01
200800022130,0,7,0,0,2,3,15,B01
200800022130,0,30,0,0,2,1,1,A01
200800022131,0,31,0,0,2,0,21,A01
200800022132,0,32,0,0,2,1,15,B01
200800022132,0,7,0,0,2,2,1,A01
200800022133,0,31,0,0,2,1,1,B01
200800022133,0,7,0,0,2,3,20,A01
200800022134,0,7,0,0,1,2,7,A01
200800022135,0,2,0,0,0,8,15,A01
200800022136,0,30,0,1,0,4,2,A01
200800022136,0,7,0,0,2,4,23,B01
200800022137,0,7,0,0,0,3,9,A01
200800022137,0,2,0,0,2,1,1,B01
200800022138,0,2,0,0,0,0,1,A01
200800022139,0,7,0,0,2,4,10,A01
200800022139,0,32,0,0,2,1,1,B01
200800022140,0,7,0,14,2,2,16,A01
200800022140,0,7,0,0,0,3,1,B01
200800022141,0,33,0,1,0,1,14,A01
200800022142,0,7,0,0,1,2,1,A01
200800022143,0,31,0,0,2,8,1,B01
200800022143,0,7,0,0,0,7,16,A01
200800022144,0,7,0,8,0,1,21,A01
200800022145,0,33,0,0,0,3,17,A01
200800022145,0,7,0,0,0,3,14,B01
200800022146,0,1,0,1,0,1,1,C01
200800022146,0,7,0,0,2,3,22,A01
200800022146,0,38,1,0,2,7,1,B01
200800022147,0,2,0,0,0,0,1,A01
200800022148,1,32,0,0,1,0,1,A01
200800022149,0,30,0,0,1,1,17,A01
200800022150,0,7,0,0,0,4,4,A01
200800022151,0,33,0,0,2,1,15,A01
200800022151,0,30,0,0,2,1,1,B01
200800022152,0,10,0,0,1,4,4,A01
200800022153,1,7,0,0,0,0,4,A01
200800022154,0,7,0,0,0,1,1,A01
200800022155,0,7,0,0,2,3,15,A01
200800022155,0,7,0,0,2,3,1,B01
200800022156,0,14,0,0,1,1,1,A01
200800022157,0,33,0,0,0,8,1,A01
200800022158,0,2,0,0,0,6,1,A01
200800022158,1,7,0,0,2,2,16,B01
200800022159,0,30,0,11,0,1,1,A01
200800022160,0,7,0,0,1,7,1,A01
200800022161,0,30,0,11,0,2,17,A01
200800022162,1,7,0,0,1,7,9,A01
200800022163,0,32,0,11,2,8,21,A01
200800022164,0,31,0,0,1,1,17,A01
200800022165,0,32,0,12,0,0,14,A01
200800022166,0,30,0,0,1,0,1,A01
200800022167,0,7,0,0,0,5,15,A01
200800022167,0,31,0,0,0,1,1,B01
200800022168,0,32,0,15,0,1,1,A01
200800022169,0,10,0,0,1,5,16,A01
200800022170,0,7,0,0,1,3,1,A01
200800022171,0,37,0,0,0,2,1,A01
200800022172,0,7,0,0,2,1,2,A01
200800022172,0,32,0,0,2,4,23,B01
200800022173,0,33,0,0,2,1,5,A01
200800022173,0,7,0,0,0,8,15,B01
200800022174,0,10,0,0,0,0,23,A01
200800022174,0,30,0,0,0,0,2,B01
200800022175,0,2,0,12,0,7,11,A01
200800022176,0,32,0,0,2,7,17,A01
200800022176,0,7,0,0,2,3,15,B01
200800022177,1,32,0,0,1,1,5,A01
200800022178,0,33,0,0,2,7,12,A01
200800022178,0,7,0,0,0,6,23,B01
200800022179,0,10,0,0,0,4,2,C01
200800022179,0,14,0,0,2,1,2,A01
200800022179,0,10,0,0,2,4,2,B01
200800022180,0,7,0,0,2,3,11,A01
200800022180,0,2,0,0,2,7,1,B01
200800022181,0,7,0,11,0,1,0,A01
200800022182,0,7,0,0,1,0,1,A01
200800022183,0,31,0,0,2,3,1,B01
200800022183,0,7,0,0,0,2,12,A01
200800022184,0,7,0,0,2,1,1,A01
200800022184,0,1,0,0,2,4,16,B01
200800022185,0,33,0,0,2,1,1,A01
200800022185,0,7,0,0,2,6,15,B01
200800022186,0,32,0,0,2,0,2,A01
200800022186,0,7,0,0,2,5,2,B01
200800022187,0,7,0,0,1,0,15,A01
200800022188,0,7,0,0,2,4,16,A01
200800022188,0,32,0,0,2,3,1,B01
200800022189,0,37,50,0,2,2,2,A01
200800022189,0,7,0,0,0,4,2,B01
200800022190,0,7,0,0,1,3,18,A01
200800022191,0,2,0,0,0,0,21,A01
200800022192,0,2,0,0,2,3,1,A01
200800022192,0,32,0,0,2,7,16,B01
200800022193,0,30,0,0,0,0,17,A01
200800022193,0,7,0,0,0,8,15,B01
200800022194,0,32,0,0,2,1,1,B01
200800022194,0,7,0,0,0,3,1,A01
200800022195,0,7,0,0,1,1,1,A01
200800022196,0,7,0,0,2,3,15,A01
200800022196,0,7,0,0,2,1,1,B01
200800022197,0,7,0,0,1,2,1,A01
200800022198,0,10,0,0,0,1,15,A01
200800022198,0,31,0,0,0,8,1,B01
200800022199,0,7,0,0,2,1,1,B01
200800022199,0,7,0,1,2,2,1,A01
200800022199,0,7,0,0,2,4,24,C01
200800022200,0,30,0,0,1,1,1,A01
200800022201,0,33,0,14,0,3,1,A01
200800022201,1,7,0,0,0,0,0,B01
200800022202,0,7,0,0,1,4,4,A01
200800022203,0,10,0,0,0,8,12,A01
200800022203,0,33,0,0,2,1,1,B01
200800022204,0,10,0,1,0,3,22,A01
200800022204,0,1,0,0,0,9,17,B01
200800022204,0,7,0,0,2,2,1,C01
200800022205,0,7,0,0,2,3,15,A01
200800022205,0,33,0,0,2,3,1,B01
200800022206,0,34,0,0,0,0,1,A01
200800022207,0,7,0,0,2,2,0,A01
200800022207,0,7,0,0,2,7,0,B01
200800022208,0,30,0,1,0,2,2,A01
200800022209,0,32,0,0,0,0,2,A01
200800022209,1,7,0,0,0,0,0,B01
200800022210,0,33,0,0,2,1,2,B01
200800022210,0,7,0,0,2,3,15,A01
200800022211,0,1,0,0,1,1,0,A01
200800022212,0,7,0,1,0,0,0,A01
200800022212,0,1,0,1,0,1,2,B01
200800022213,0,7,0,0,2,8,1,B01
200800022213,0,7,0,0,2,1,1,A01
200800022214,0,7,0,0,0,4,1,B01
200800022214,0,30,0,0,2,1,1,A01
200800022215,0,7,0,0,2,1,15,A01
200800022215,0,7,0,0,0,6,2,B01
200800022216,0,7,0,0,0,4,2,B01
200800022216,0,7,0,0,2,3,2,A01
200800022217,0,2,0,0,0,1,1,A01
200800022217,0,7,0,0,2,3,1,B01
200800022218,0,10,0,0,2,1,2,A01
200800022218,0,7,0,0,2,6,2,B01
200800022219,0,33,0,4,0,3,13,A01
200800022220,0,30,0,1,2,1,1,B01
200800022220,0,10,0,0,2,1,1,A01
200800022221,0,32,0,0,0,5,1,A01
200800022221,1,7,0,0,2,3,11,B01
200800022222,0,7,0,0,2,2,1,A01
200800022222,0,1,0,0,2,1,1,B01
200800022223,0,38,1,9,2,3,15,A01
200800022223,0,32,0,0,2,5,17,B01
200800022224,0,30,0,0,2,8,15,B01
200800022224,0,7,0,0,2,1,1,A01
200800022225,0,30,0,0,9,2,21,A01
200800022226,0,33,0,0,2,4,1,A01
200800022226,0,32,0,0,2,1,1,B01
200800022227,0,7,0,0,2,1,2,A01
200800022227,0,7,0,0,2,4,2,B01
200800022228,0,7,0,0,2,1,2,A01
200800022228,0,33,0,0,2,4,15,B01
200800022229,0,7,0,0,2,3,1,B01
200800022229,0,33,0,0,2,1,1,A01
200800022230,0,7,0,0,2,0,17,A01
200800022230,0,1,0,0,2,2,7,B01
200800022231,0,7,0,0,0,8,1,B01
200800022231,0,7,0,0,0,1,1,A01
200800022232,0,30,0,14,0,1,14,A01
200800022233,0,7,0,0,0,2,1,A01
200800022233,2,30,0,0,0,0,1,B01
200800022234,0,33,0,0,2,3,3,A01
200800022234,0,7,0,0,0,7,1,B01
200800022235,0,7,0,0,0,6,11,A01
200800022235,0,33,0,5,0,7,1,B01
200800022236,0,7,0,0,2,1,2,A01
200800022236,0,7,0,0,0,4,2,B01
200800022237,0,7,0,0,2,7,12,A01
200800022237,0,31,0,0,0,8,3,B01
200800022238,0,1,0,0,1,1,1,A01
200800022239,0,30,0,0,2,1,1,B01
200800022239,0,30,0,0,0,7,1,A01
200800022240,0,32,0,0,2,8,1,B01
200800022240,0,13,0,0,0,7,16,A01
200800022241,0,1,0,0,0,0,1,A01
200800022241,1,37,0,0,0,0,17,B01
200800022242,0,32,0,1,0,1,21,A01
200800022243,0,7,0,0,1,4,4,A01
200800022244,0,7,0,0,2,6,10,A01
200800022244,0,32,0,0,2,1,1,B01
200800022245,0,31,0,0,2,3,18,A01
200800022245,0,7,0,0,2,2,16,B01
200800022246,0,1,0,14,0,0,1,A01
200800022247,0,7,0,11,0,3,13,A01
200800022247,0,7,0,0,9,1,1,B01
200800022248,0,1,0,0,0,0,2,B01
200800022248,1,7,0,0,0,0,2,A01
200800022249,0,33,0,8,2,8,1,B01
200800022249,0,7,0,0,0,2,14,A01
200800022250,0,1,0,12,0,0,21,A01
200800022251,1,32,0,0,0,0,1,A01
200800022252,0,31,0,0,0,7,15,A01
200800022253,0,7,0,0,2,3,22,B01
200800022253,0,1,0,1,0,1,1,A01
200800022254,0,7,0,0,2,2,16,B01
200800022254,0,30,0,0,2,1,18,A01
200800022255,0,30,0,0,2,1,2,A01
200800022255,0,7,0,0,2,4,2,B01
200800022256,0,32,0,0,2,3,18,A01
200800022256,0,7,0,0,2,5,16,B01
200800022257,0,2,0,14,0,1,7,A01
200800022258,0,7,0,0,1,3,7,A01
200800022259,0,31,0,0,0,0,1,A01
200800022260,0,31,0,0,2,1,2,A01
200800022260,0,7,0,0,0,4,2,B01
200800022261,0,7,0,0,1,2,1,A01
200800022262,0,32,0,0,2,3,7,A01
200800022262,0,7,0,0,2,5,16,B01
200800022263,0,7,0,0,2,5,16,A01
200800022263,0,37,30,0,2,3,7,B01
200800022264,0,7,0,0,2,2,1,A01
200800022264,0,7,0,0,2,3,1,B01
200800022265,0,32,0,0,1,1,1,A01
200800022266,0,7,0,0,2,3,1,B01
200800022266,0,7,0,0,2,2,1,A01
200800022267,0,7,0,0,2,7,15,A01
200800022267,0,37,1,0,2,1,1,B01
200800022268,0,13,0,6,0,1,1,A01
200800022269,0,32,0,0,0,4,2,B01
200800022269,0,7,0,0,2,1,2,A01
200800022270,0,7,0,0,0,8,22,A01
200800022270,0,1,0,1,0,2,1,B01
200800022271,1,7,0,0,1,0,1,A01
200800022272,0,7,0,0,2,5,16,A01
200800022272,0,37,3,0,0,3,7,B01
200800022273,0,33,0,0,2,1,2,A01
200800022273,0,10,0,0,0,6,2,B01
200800022274,0,7,0,9,0,1,9,A01
200800022275,0,7,0,0,2,2,1,A01
200800022275,0,7,0,0,2,2,15,B01
200800022276,0,10,0,14,0,1,2,A01
200800022276,0,7,0,14,0,9,23,B01
200800022276,0,7,0,0,2,4,23,C01
200800022277,0,37,39,0,1,2,1,A01
200800022278,0,7,0,0,2,3,2,A01
200800022278,0,7,0,0,0,5,23,B01
200800022279,0,7,0,8,2,3,1,A01
200800022279,0,7,0,0,2,2,1,B01
200800022280,0,7,0,0,0,5,2,A01
200800022280,0,7,0,0,0,1,2,B01
200800022281,0,10,0,8,0,1,14,A01
200800022282,0,7,0,0,2,3,10,A01
200800022282,0,33,0,0,2,1,1,B01
200800022283,0,33,0,0,1,2,1,A01
200800022284,0,33,0,0,0,7,15,A01
200800022284,1,7,0,0,2,0,10,B01
200800022285,0,2,0,0,2,1,0,A01
200800022285,0,32,0,0,0,4,0,B01
200800022286,0,2,0,0,0,7,11,A01
200800022287,0,7,0,0,2,1,1,A01
200800022287,0,7,0,0,2,4,1,B01
200800022287,0,7,0,0,2,4,1,C01
200800022288,0,32,0,0,2,1,1,A01
200800022288,0,7,0,0,2,3,1,B01
200800022289,0,34,0,0,2,1,7,A01
200800022289,0,13,0,0,2,5,16,B01
200800022290,0,7,0,0,2,2,2,A01
200800022290,0,33,0,0,2,6,2,B01
200800022291,0,32,0,0,0,8,2,A01
200800022292,0,30,0,0,2,2,1,A01
200800022292,0,13,0,0,2,4,1,B01
200800022293,0,7,0,0,2,9,0,A01
200800022293,0,7,0,0,2,6,0,B01
200800022293,0,7,0,0,2,1,1,C01
200800022293,0,7,0,1,0,4,0,D01
200800022293,0,30,0,0,0,0,1,E01
200800022294,0,7,0,0,2,3,15,B01
200800022294,0,32,0,0,2,8,1,A01
200800022295,0,32,0,0,0,3,21,A01
200800022296,0,32,0,0,0,0,2,A01
200800022297,0,32,0,0,1,2,5,A01
200800022298,0,7,0,0,2,6,2,B01
200800022298,0,32,0,0,2,1,1,A01
200800022299,1,10,0,0,2,1,9,A01
200800022299,0,2,0,0,2,8,1,B01
200800022300,0,7,0,1,2,1,17,A01
200800022300,1,7,0,0,2,2,1,B01
200800022301,0,30,0,0,0,3,1,A01
200800022302,0,7,0,0,2,3,10,A01
200800022302,0,34,0,7,2,1,0,B01
200800022303,0,30,0,12,0,1,0,A01
200800022304,0,32,0,12,0,0,9,A01
200800022305,0,32,0,12,0,3,0,A01
200800022306,0,7,0,0,2,1,11,A01
200800022306,0,7,0,0,2,1,1,C01
200800022306,0,7,0,0,2,3,2,B01
200800022307,0,7,0,0,9,3,20,A01
200800022307,0,2,0,0,2,3,21,B01
200800022308,0,30,0,0,0,8,1,A01
200800022309,0,7,0,0,1,5,4,A01
200800022310,0,33,0,0,0,0,2,A01
200800022311,0,31,0,0,2,8,2,A01
200800022311,1,7,0,0,0,0,12,B01
200800022312,0,7,0,0,2,7,16,A01
200800022312,0,2,0,0,2,8,1,B01
200800022313,0,13,0,0,2,8,15,A01
200800022313,0,31,0,0,2,7,15,B01
200800022314,0,7,0,0,2,2,12,A01
200800022314,0,32,0,0,2,3,1,B01
200800022315,0,32,0,0,0,3,1,B01
200800022315,0,7,0,0,2,2,1,A01
200800022316,0,1,0,0,2,8,7,B01
200800022316,0,37,15,0,9,7,17,A01
200800022317,0,2,0,0,0,0,1,A01
200800022318,0,32,0,0,1,7,1,A01
200800022319,0,33,0,1,0,7,1,B01
200800022319,0,7,0,0,2,8,22,A01
200800022320,0,7,0,0,1,2,7,A01
200800022321,0,7,0,0,2,4,2,A01
200800022321,0,30,0,0,0,4,23,B01
200800022322,0,7,0,0,2,1,1,B01
200800022322,0,1,0,0,0,1,19,A01
200800022323,0,7,0,0,2,1,15,A01
200800022323,0,33,0,0,2,1,1,B01
200800022324,0,7,0,0,1,3,16,A01
200800022325,0,2,0,0,0,1,17,A01
200800022326,0,7,0,0,2,3,15,B01
200800022326,0,33,0,0,2,1,1,A01
200800022327,0,33,0,0,2,7,16,A01
200800022327,1,7,0,0,2,1,9,B01
200800022328,0,7,0,0,0,3,15,A01
200800022328,0,33,0,12,2,2,17,B01
200800022329,0,7,0,0,1,0,20,A01
200800022330,0,10,0,0,1,2,1,A01
200800022331,0,31,0,0,2,8,3,A01
200800022331,0,7,0,0,0,2,12,B01
200800022332,0,7,0,14,0,2,13,A01
200800022333,0,17,0,0,2,1,12,A01
200800022333,0,7,0,0,0,6,2,B01
200800022334,0,7,0,4,0,3,2,A01
200800022335,0,33,0,0,2,8,2,A01
200800022335,0,7,0,0,2,4,2,B01
200800022336,0,7,0,0,2,1,2,A01
200800022336,0,10,0,0,0,4,2,B01
200800022337,0,7,0,8,0,7,1,A01
200800022338,0,7,0,0,2,3,1,A01
200800022338,0,7,0,0,2,7,1,B01
200800022338,0,7,0,3,0,1,1,C01
200800022338,0,17,0,0,0,4,23,D01
200800022338,0,7,0,14,0,0,1,E01
200800022339,0,7,0,0,2,1,2,A01
200800022339,0,7,0,0,0,4,2,B01
200800022340,0,7,0,0,0,1,1,A01
200800022341,0,7,0,0,0,0,2,A01
200800022341,0,7,0,14,0,1,1,B01
200800022341,0,7,0,14,0,1,1,C01
200800022342,0,7,0,4,0,1,0,A01
200800022343,0,33,0,0,0,8,1,A01
200800022344,0,7,0,0,2,1,1,A01
200800022344,0,7,0,0,2,4,2,B01
200800022344,0,7,0,0,2,4,2,C01
200800022344,0,7,0,0,0,4,23,D01
200800022345,0,33,0,0,2,7,3,A01
200800022345,0,7,0,0,0,6,11,B01
200800022346,0,7,0,3,0,3,2,A01
200800022347,0,17,0,4,0,2,2,A01
200800022348,0,17,0,0,2,2,17,A01
200800022348,0,7,0,0,0,8,2,B01
200800022349,0,33,0,4,0,1,2,A01
200800022350,0,7,0,4,0,1,2,A01
200800022351,0,7,0,4,0,2,2,A01
200800022352,0,7,0,4,2,6,11,A01
200800022352,0,17,0,0,0,2,2,B01
200800022352,0,7,0,0,2,1,2,C01
200800022352,0,7,0,0,0,8,2,D01
200800022353,0,7,0,0,2,4,2,A01
200800022353,0,7,0,0,2,3,2,B01
200800022353,1,17,0,0,2,1,2,C01
200800022354,0,33,0,7,0,9,2,A01
200800022355,0,7,0,4,0,1,2,A01
200800022356,0,33,0,0,2,1,3,A01
200800022356,0,7,0,0,2,4,2,B01
200800022356,0,7,0,0,9,3,2,C01
200800022357,0,7,0,0,2,4,2,B01
200800022357,0,7,0,0,2,1,9,A01
200800022357,0,7,0,0,0,4,2,C01
200800022358,0,7,0,0,2,1,2,A01
200800022359,0,10,0,0,2,1,2,A01
200800022359,0,7,0,0,0,4,2,B01
200800022360,0,33,0,0,0,8,1,A01
200800022361,0,10,0,0,2,1,1,A01
200800022361,0,7,0,0,9,4,1,B01
200800022362,0,7,0,1,0,1,1,A01
200800022362,0,10,0,0,0,4,24,B01
200800022363,0,33,0,0,9,7,21,B01
200800022363,0,99,0,0,0,0,1,A01
200800022364,0,7,0,0,0,3,1,A01
200800022364,0,33,0,0,2,5,2,B01
200800022365,0,7,0,0,2,1,1,A01
200800022365,0,7,0,0,0,4,1,B01
200800022366,0,7,0,4,0,2,1,A01
200800022367,0,33,0,0,0,7,21,A01
200800022368,0,7,0,0,2,1,2,A01
200800022368,0,7,0,0,0,4,2,B01
200800022369,0,32,0,3,0,3,16,A01
200800022370,0,7,0,0,2,1,2,A01
200800022370,0,7,0,0,2,4,2,B01
200800022370,0,7,0,0,2,4,2,C01
200800022371,0,7,0,4,0,9,0,A01
200800022372,0,7,0,0,2,4,11,A01
200800022372,0,34,0,0,2,1,3,B01
200800022373,0,33,0,0,2,2,3,A01
200800022373,0,7,0,0,2,6,11,B01
200800022374,0,7,0,0,2,6,0,A01
200800022374,0,17,0,0,2,1,0,B01
200800022375,0,10,0,0,2,7,14,A01
200800022375,0,33,0,0,0,8,1,B01
200800022376,0,33,0,0,0,0,3,A01
200800022377,0,10,0,0,0,2,1,A01
200800022377,0,13,0,0,2,6,11,B01
200800022378,0,7,0,0,0,4,23,A01
200800022378,1,10,0,0,0,0,0,B01
200800022378,0,7,0,0,0,4,23,C01
200800022378,0,7,0,0,0,4,23,D01
200800022378,0,7,0,0,2,1,12,E01
200800022379,0,7,0,0,2,2,1,A01
200800022379,0,7,0,0,2,6,13,B01
200800022380,0,7,0,0,2,4,2,A01
200800022380,0,7,0,0,2,4,2,B01
200800022380,0,7,0,0,2,4,2,C01
200800022380,0,7,0,0,2,1,9,D01
200800022381,0,7,0,0,0,6,11,A01
200800022381,0,31,0,0,2,1,2,B01
200800022382,0,31,0,0,2,4,3,A01
200800022382,0,32,0,0,2,1,3,B01
200800022383,0,10,0,0,0,6,23,A01
200800022383,0,33,0,0,2,1,12,B01
200800022384,0,33,0,0,2,7,1,A01
200800022385,0,7,0,0,0,8,11,A01
200800022385,0,33,0,0,2,1,3,B01
200800022386,0,10,0,0,2,4,11,A01
200800022386,0,33,0,0,2,1,1,B01
200800022387,0,7,0,0,2,4,0,A01
200800022387,0,33,0,0,2,1,0,B01
200800022388,0,7,0,0,2,8,11,A01
200800022388,0,33,0,0,0,7,17,B01
200800022389,0,7,0,13,9,1,16,A01
200800022390,0,7,0,0,0,6,1,A01
200800022390,0,7,0,0,0,1,0,B01
200800022390,0,31,0,0,0,7,17,C01
200800022391,0,10,0,0,2,2,1,A01
200800022391,0,7,0,3,2,8,11,B01
200800022392,0,7,0,0,2,8,1,A01
200800022392,0,16,0,0,2,2,12,B01
200800022392,0,14,0,0,2,1,1,C01
200800022393,0,7,0,0,0,4,0,A01
200800022393,0,32,0,0,2,1,2,B01
200800022394,0,7,0,0,0,7,12,A01
200800022394,0,33,0,0,2,1,1,B01
200800022395,0,7,0,4,2,8,1,A01
200800022396,0,7,0,0,2,1,21,A01
200800022396,0,7,0,0,2,4,1,B01
200800022396,0,7,0,0,2,4,2,C01
200800022396,0,7,0,0,2,4,2,D01
200800022396,0,7,0,0,2,4,2,E01
200800022397,0,7,0,0,2,2,11,A01
200800022397,0,2,0,0,2,4,1,B01
200800022398,0,7,0,0,0,4,1,A01
200800022398,0,7,0,0,2,1,14,B01
200800022399,0,7,0,4,0,1,15,A01
200800022400,0,7,0,0,0,4,11,A01
200800022400,0,33,0,0,2,1,17,B01
200800022401,0,7,0,0,2,4,1,C01
200800022401,0,7,0,0,2,8,1,B01
200800022401,0,7,0,0,2,2,12,A01
200800022401,0,14,0,0,2,4,1,D01
200800022402,0,7,0,4,0,1,2,A01
200800022403,0,7,0,0,2,1,2,A01
200800022403,0,7,0,0,0,4,2,B01
200800022404,0,7,0,0,2,0,0,A01
200800022404,0,7,0,0,2,4,0,B01
200800022404,0,7,0,0,2,4,0,C01
200800022404,2,7,0,0,2,1,1,D01
200800022405,0,7,0,0,9,5,1,A01
200800022405,0,7,0,3,2,3,2,B01
200800022406,0,7,0,13,0,0,0,A01
200800022407,0,7,0,4,0,1,2,A01
200800022408,0,7,0,4,0,1,1,A01
200800022409,0,7,0,0,0,4,2,A01
200800022409,0,7,0,0,2,4,2,B01
200800022409,0,7,0,0,2,1,2,C01
200800022409,0,33,0,0,2,1,2,D01
200800022410,0,7,0,0,0,4,1,A01
200800022410,0,33,0,0,2,1,21,B01
200800022411,0,7,0,0,2,4,11,A01
200800022411,0,33,0,0,2,1,2,B01
200800022412,0,7,0,0,2,7,12,A01
200800022412,0,33,0,0,2,8,2,B01
200800022413,0,33,0,0,2,1,1,A01
200800022413,1,7,0,0,2,6,11,B01
200800022414,0,32,0,0,2,1,2,A01
200800022414,0,10,0,0,0,4,2,B01
200800022415,0,7,0,0,4,1,2,A01
200800022416,0,15,0,0,0,7,2,A01
200800022416,0,33,0,0,0,0,0,B01
200800022417,0,7,0,0,2,2,11,B01
200800022417,0,7,0,0,2,6,1,A01
200800022418,0,7,0,0,2,8,1,A01
200800022418,0,13,0,0,2,0,12,B01
200800022419,0,7,0,0,2,1,2,A01
200800022419,0,7,0,0,0,4,2,B01
200800022419,0,7,0,0,0,4,2,C01
200800022420,0,7,0,4,2,1,11,A01
200800022420,0,15,0,0,2,1,1,B01
200800022421,0,7,0,0,2,0,9,A01
200800022421,0,7,0,0,2,1,2,B01
200800022422,0,7,0,3,0,1,2,A01
200800022423,0,15,0,0,0,2,0,A01
200800022423,0,7,0,0,0,6,0,B01
200800022423,0,33,0,0,0,0,0,C01
200800022424,0,7,0,0,0,9,0,A01
200800022425,0,33,0,0,0,0,1,A01
200800022426,0,7,0,0,2,1,2,A01
200800022426,0,7,0,0,2,4,2,B01
200800022427,0,7,0,0,2,2,12,A01
200800022427,0,33,0,0,2,8,2,B01
200800022428,0,33,0,0,2,1,2,A01
200800022428,0,7,0,0,9,4,2,B01
200800022429,0,33,0,0,2,1,3,A01
200800022429,0,7,0,0,0,7,2,B01
200800022429,0,7,0,0,0,3,13,C01
200800022430,0,7,0,0,2,1,0,A01
200800022430,0,33,0,0,0,4,0,B01
200800022431,0,7,0,4,0,2,1,A01
200800022432,0,7,0,0,2,1,1,A01
200800022432,0,7,0,0,0,4,1,B01
200800022432,0,7,0,0,0,4,1,C01
200800022433,0,7,0,13,0,2,12,A01
200800022434,0,7,0,0,2,1,0,B01
200800022434,0,13,0,0,2,2,0,A01
200800022435,0,33,0,0,0,0,0,A01
200800022436,0,10,0,0,2,3,2,A01
200800022436,0,7,0,0,0,5,2,B01
200800022437,0,7,0,0,2,0,0,A01
200800022437,0,15,0,0,2,1,0,B01
200800022438,0,7,0,0,2,0,0,B01
200800022439,0,17,0,0,2,2,2,A01
200800022439,0,7,0,0,2,6,2,B01
200800022440,0,7,0,0,0,4,0,B01
200800022440,0,33,0,0,2,1,0,A01
200800022441,0,10,0,3,2,2,0,A01
200800022441,0,33,0,0,2,5,0,B01
200800022442,0,15,0,0,0,8,15,A01
200800022443,0,13,0,0,0,4,2,B01
200800022443,0,13,0,0,2,1,2,A01
200800022444,0,33,0,0,2,1,3,A01
200800022444,0,7,0,0,0,6,11,B01
200800022444,0,7,0,0,0,4,1,C01
200800022445,0,7,0,0,0,1,0,A01
200800022445,0,7,0,0,0,5,0,B01
200800022446,0,7,0,4,0,1,0,A01
200800022447,0,7,0,0,2,1,2,B01
200800022447,0,15,0,0,0,4,2,A01
200800022448,0,7,0,4,0,1,0,A01
200800022449,0,7,0,4,0,9,1,A01
200800022450,0,33,0,0,0,7,0,A01
200800022451,0,33,0,6,0,0,0,A01
200800022452,0,33,0,0,0,2,1,A01
200800022453,0,7,0,3,0,2,1,A01
200800022454,0,7,0,3,0,2,0,A01
200800022455,0,7,0,0,0,9,1,A01
200800022456,0,7,0,0,0,6,13,A01
200800022456,0,33,0,0,2,1,21,B01
200800022457,0,10,0,0,1,2,1,A01
200800022458,0,15,0,0,2,0,0,A01
200800022458,0,7,0,0,2,0,0,B01
200800022459,0,7,0,0,0,4,2,A01
200800022459,0,7,0,0,2,4,2,B01
200800022459,0,7,0,0,2,1,2,C01
200800022460,0,33,0,0,0,8,0,A01
200800022460,0,7,0,0,0,1,2,B01
200800022461,0,7,0,0,0,1,2,A01
200800022461,0,7,0,0,0,4,2,B01
200800022462,0,7,0,0,2,2,2,A01
200800022462,0,99,0,0,0,6,2,B01
200800022463,0,33,0,3,2,1,3,A01
200800022463,0,10,0,0,2,6,3,B01
200800022464,0,7,0,0,0,4,2,A01
200800022464,0,7,0,0,2,0,2,B01
200800022465,0,7,0,3,0,1,0,A01
200800022466,0,7,0,4,0,3,1,A01
200800022467,0,7,0,3,0,7,9,A01
200800022468,0,7,0,4,0,3,1,A01
200800022469,0,33,0,0,0,0,12,A01
200800022470,0,7,0,0,2,7,1,A01
200800022470,0,7,0,0,2,8,11,B01
200800022471,0,7,0,0,2,9,5,A01
200800022471,0,7,0,0,2,2,21,B01
200800022471,0,7,0,0,2,0,21,C01
200800022472,0,10,0,0,2,6,2,A01
200800022472,0,33,0,0,2,6,3,B01
200800022472,0,10,0,0,2,6,2,C01
200800022472,0,10,0,0,2,6,2,D01
200800022473,0,7,0,0,0,4,1,A01
200800022473,0,7,0,0,2,4,1,B01