Num_Acc,senc,catv,occutc,obs,obsm,choc,manv,num_veh
200800022473,0,10,0,0,2,1,1,C01
200800022474,0,10,0,0,0,4,1,A01
200800022474,0,15,0,0,2,1,2,B01
200800022475,0,7,0,0,0,4,12,A01
200800022475,0,15,0,0,2,1,12,B01
200800022476,0,7,0,0,0,4,0,A01
200800022476,0,7,0,0,2,1,0,B01
200800022477,0,33,0,0,0,8,2,A01
200800022478,0,7,0,4,0,1,11,A01
200800022479,0,10,0,14,2,3,2,A01
200800022479,0,7,0,14,2,1,2,B01
200800022480,0,7,0,0,2,4,1,A01
200800022480,0,7,0,0,2,1,1,B01
200800022480,0,7,0,3,2,1,1,C01
200800022481,0,7,0,0,2,7,0,A01
200800022481,0,33,0,0,2,7,3,B01
200800022482,0,33,0,0,0,4,0,A01
200800022483,0,33,0,0,0,8,2,A01
200800022484,0,7,0,0,2,4,23,A01
200800022484,0,7,0,1,0,1,0,B01
200800022485,0,7,0,1,0,9,1,A01
200800022486,0,7,0,0,0,4,1,A01
200800022486,0,33,0,0,2,1,1,B01
200800022487,0,7,0,0,0,9,1,A01
200800022488,0,31,0,0,0,2,0,A01
200800022489,0,7,0,13,0,4,0,A01
200800022490,0,34,0,0,0,7,2,A01
200800022491,0,7,0,0,2,2,22,A01
200800022491,0,7,0,0,2,6,2,B01
200800022491,0,33,0,0,2,1,3,C01
200800022492,0,7,0,0,0,0,1,A01
200800022492,0,10,0,0,0,2,1,B01
200800022493,0,10,0,0,2,3,11,A01
200800022493,0,33,0,0,2,2,3,B01
200800022494,0,10,0,0,1,2,2,A01
200800022495,0,7,0,0,0,4,1,A01
200800022495,0,33,0,0,2,1,2,B01
200800022496,0,7,0,4,0,1,0,A01
200800022497,0,7,0,0,2,1,0,A01
200800022497,0,7,0,0,2,4,2,B01
200800022498,0,7,0,3,0,1,0,A01
200800022499,0,7,0,0,0,6,1,A01
200800022499,0,33,0,0,2,9,3,B01
200800022500,0,7,0,0,0,9,0,A01
200800022501,0,7,0,0,2,2,1,A01
200800022501,0,31,0,0,2,8,3,B01
200800022502,0,33,0,0,0,3,3,A01
200800022503,0,33,0,0,0,4,3,A01
200800022503,0,33,0,0,2,1,21,B01
200800022504,0,38,1,0,0,5,2,A01
200800022504,0,7,0,0,2,4,2,B01
200800022504,0,15,0,0,2,1,2,C01
200800022505,0,7,0,0,2,4,2,A01
200800022505,0,7,0,0,2,9,2,B01
200800022505,0,99,0,0,2,1,2,C01
200800022506,0,7,0,0,2,3,1,A01
200800022506,0,15,0,0,2,2,9,B01
200800022507,0,7,0,3,0,0,0,A01
200800022508,0,33,0,0,0,0,0,A01
200800022509,0,17,0,0,2,7,12,A01
200800022509,0,7,0,0,2,8,2,B01
200800022510,0,17,0,0,2,8,11,A01
200800022510,0,7,0,0,2,7,2,B01
200800022511,0,17,0,0,2,1,2,A01
200800022511,0,7,0,0,2,6,0,B01
200800022511,0,7,0,0,2,0,0,C01
200800022512,0,7,0,0,0,0,0,A01
200800022513,0,7,0,4,0,1,14,A01
200800022514,0,7,0,0,0,0,0,A01
200800022514,0,10,0,0,0,0,0,B01
200800022515,0,7,0,0,2,1,2,A01
200800022515,0,7,0,0,2,4,2,B01
200800022516,0,33,0,3,0,1,14,A01
200800022517,0,33,0,0,0,0,0,A01
200800022518,0,17,0,0,2,1,2,A01
200800022518,0,14,0,0,0,4,23,B01
200800022519,0,7,0,13,0,0,14,A01
200800022520,0,7,0,0,2,1,2,A01
200800022520,0,7,0,0,2,4,2,B01
200800022520,0,7,0,0,0,4,2,C01
200800022521,0,17,0,3,0,1,13,A01
200800022522,0,7,0,0,2,1,13,A01
200800022522,0,7,0,0,2,2,1,B01
200800022523,0,7,0,0,2,1,2,A01
200800022523,0,7,0,0,2,4,2,B01
200800022524,0,7,0,0,2,1,14,A01
200800022524,0,7,0,0,2,0,0,B01
200800022524,0,7,0,0,0,0,0,C01
200800022525,0,10,0,0,0,4,24,A01
200800022525,0,7,0,1,0,1,14,B01
200800022526,0,7,0,0,2,0,13,A01
200800022526,0,7,0,0,2,0,0,B01
200800022527,0,7,0,4,0,0,13,A01
200800022528,0,7,0,0,0,0,14,A01
200800022529,0,7,0,13,0,0,14,A01
200800022530,0,7,0,13,0,0,15,A01
200800022531,0,17,0,0,2,1,2,A01
200800022531,0,7,0,0,2,4,2,B01
200800022531,0,7,0,0,0,4,2,C01
200800022532,0,7,0,0,0,8,1,A01
200800022532,0,14,0,0,0,0,17,B01
200800022532,0,7,0,0,2,1,12,C01
200800022533,1,99,0,0,2,0,0,A01
200800022533,0,7,0,0,2,0,0,B01
200800022533,0,7,0,4,0,0,0,C01
200800022534,0,7,0,0,2,1,23,A01
200800022534,0,7,0,0,0,4,2,B01
200800022535,0,7,0,0,2,1,2,A01
200800022535,0,7,0,0,0,4,23,B01
200800022536,0,7,0,4,0,0,0,A01
200800022537,0,7,0,0,2,1,2,A01
200800022537,0,7,0,0,0,4,2,B01
200800022538,0,7,0,0,2,1,2,A01
200800022538,0,7,0,0,0,4,2,B01
200800022539,0,33,0,0,2,0,9,A01
200800022539,0,7,0,0,0,0,17,B01
200800022539,0,17,0,0,0,0,2,C01
200800022540,0,7,0,0,2,1,2,A01
200800022540,0,7,0,0,2,4,2,B01
200800022540,0,7,0,0,0,4,2,C01
200800022541,0,7,0,0,2,1,2,A01
200800022541,0,7,0,0,0,4,2,B01
200800022542,0,7,0,0,2,2,12,A01
200800022542,0,33,0,0,0,0,1,B01
200800022543,0,7,0,0,2,1,2,A01
200800022543,0,7,0,0,0,4,2,B01
200800022544,0,7,0,0,6,0,21,A01
200800022545,0,7,0,3,0,2,14,A01
200800022546,0,7,0,0,2,2,2,A01
200800022546,0,7,0,3,0,0,21,B01
200800022547,0,7,0,0,2,1,2,A01
200800022547,0,7,0,0,0,4,2,B01
200800022548,0,7,0,0,2,1,2,A01
200800022548,0,7,0,0,0,4,23,B01
200800022549,0,7,0,0,0,0,14,A01
200800022550,0,17,0,0,0,4,1,A01
200800022550,0,7,0,0,2,1,1,B01
200800022551,0,7,0,3,0,2,16,A01
200800022552,0,13,0,0,2,2,12,A01
200800022552,0,7,0,4,2,6,1,B01
200800022553,0,99,0,0,2,2,3,A01
200800022553,0,17,0,0,0,6,1,B01
200800022553,0,7,0,0,2,1,2,C01
200800022554,0,17,0,13,0,8,1,A01
200800022555,0,7,0,0,0,4,4,A01
200800022555,0,7,0,0,2,1,1,B01
200800022556,0,17,0,0,2,1,2,A01
200800022556,0,7,0,0,2,4,2,B01
200800022556,0,10,0,0,2,4,2,C01
200800022556,0,7,0,0,0,5,21,D01
200800022557,0,7,0,4,0,7,12,A01
200800022558,0,7,0,4,0,3,13,A01
200800022559,0,7,0,4,0,1,1,A01
200800022560,0,15,0,0,2,2,12,A01
200800022560,0,7,0,0,0,8,1,B01
200800022560,0,7,0,0,2,1,1,C01
200800022561,0,7,0,4,2,1,1,A01
200800022561,0,7,0,0,2,4,1,B01
200800022562,0,7,0,0,2,1,2,A01
200800022562,0,7,0,0,2,4,2,B01
200800022562,0,7,0,0,0,4,2,C01
200800022563,0,7,0,0,2,2,1,A01
200800022563,0,7,0,0,2,3,16,B01
200800022564,0,17,0,0,2,2,12,A01
200800022564,0,7,0,0,2,6,1,B01
200800022564,0,7,0,0,2,3,1,C01
200800022565,0,33,0,3,0,7,1,A01
200800022566,0,15,0,0,2,2,3,A01
200800022566,0,7,0,4,0,6,1,B01
200800022567,0,7,0,3,0,2,21,A01
200800022568,0,33,0,3,0,8,13,A01
200800022569,0,33,0,0,9,2,1,A01
200800022570,0,7,0,0,0,6,1,A01
200800022570,0,7,0,0,2,2,21,B01
200800022571,0,7,0,0,0,4,1,A01
200800022571,0,7,0,0,2,1,1,B01
200800022572,0,7,0,0,2,4,2,A01
200800022572,0,7,0,0,2,1,2,B01
200800022573,0,7,0,0,2,2,1,A01
200800022573,0,33,0,0,2,8,3,B01
200800022574,0,7,0,0,0,6,1,A01
200800022574,0,99,0,0,2,2,1,B01
200800022575,0,7,0,12,0,3,16,A01
200800022576,0,7,0,0,2,3,1,A01
200800022576,0,7,0,0,0,4,2,B01
200800022576,0,7,0,0,2,1,2,C01
200800022577,0,10,0,0,0,4,1,A01
200800022577,0,34,0,0,2,4,2,B01
200800022577,0,7,0,0,2,1,2,C01
200800022578,0,15,0,0,2,2,12,A01
200800022578,0,7,0,3,2,3,1,B01
200800022578,0,7,0,0,2,1,1,C01
200800022579,0,7,0,13,0,1,2,A01
200800022580,0,7,0,3,0,1,0,A01
200800022581,0,7,0,3,2,3,1,A01
200800022581,0,7,0,0,0,3,1,B01
200800022582,0,7,0,0,2,2,1,A01
200800022582,0,7,0,0,2,2,5,B01
200800022583,0,10,0,3,0,1,12,A01
200800022584,0,7,0,0,0,4,1,A01
200800022584,0,7,0,0,2,1,1,B01
200800022585,0,7,0,0,1,3,2,A01
200800022586,0,7,0,0,0,3,2,A01
200800022587,0,7,0,0,2,4,0,A01
200800022587,0,7,0,0,2,4,1,B01
200800022587,0,7,0,0,2,4,1,C01
200800022587,0,7,0,0,2,1,1,D01
200800022587,0,7,0,0,2,1,21,E01
200800022588,0,7,0,13,0,2,14,A01
200800022589,0,10,0,0,2,4,2,A01
200800022589,0,10,0,0,2,1,2,B01
200800022590,0,14,0,0,0,2,18,A01
200800022590,0,7,0,0,0,8,1,B01
200800022591,0,7,0,4,0,1,0,A01
200800022592,0,7,0,13,0,2,1,A01
200800022593,0,31,0,0,0,4,1,A01
200800022593,1,7,0,0,0,0,20,B01
200800022594,0,7,0,4,0,2,14,A01
200800022595,0,7,0,4,0,1,13,A01
200800022596,0,17,0,3,0,1,2,A01
200800022597,0,34,0,0,9,1,21,A01
200800022598,0,7,0,0,0,4,1,A01
200800022598,0,7,0,0,2,4,2,B01
200800022598,0,7,0,0,2,1,9,C01
200800022599,0,7,0,0,0,7,1,A01
200800022599,0,33,0,0,2,3,9,B01
200800022600,0,33,0,3,0,4,1,A01
200800022601,0,7,0,3,0,2,1,A01
200800022601,0,7,0,0,2,1,1,B01
200800022601,0,7,0,0,2,1,1,C01
200800022602,0,33,0,0,0,7,0,A01
200800022603,0,7,0,0,0,5,2,A01
200800022603,0,7,0,0,2,3,2,B01
200800022604,0,10,0,6,0,1,1,A01
200800022605,0,7,0,4,0,4,1,A01
200800022605,0,10,0,0,2,1,2,B01
200800022606,0,7,0,0,0,4,1,A01
200800022606,0,31,0,0,2,1,2,B01
200800022607,0,10,0,0,2,2,1,B01
200800022607,0,7,0,4,2,8,11,A01
200800022608,0,7,0,6,0,1,1,A01
200800022609,0,32,0,0,0,3,2,A01
200800022610,0,7,0,4,0,2,12,A01
200800022611,0,17,0,0,2,5,12,A01
200800022611,0,7,0,3,0,3,1,B01
200800022612,0,17,0,0,2,8,1,B01
200800022612,0,7,0,0,2,8,11,A01
200800022613,0,7,0,0,2,1,2,D01
200800022613,0,10,0,0,2,4,2,C01
200800022613,0,7,0,0,2,4,23,B01
200800022613,0,7,0,0,0,4,23,A01
200800022614,0,7,0,4,0,1,13,A01
200800022615,0,7,0,0,2,1,2,B01
200800022615,0,7,0,0,0,4,23,A01
200800022616,0,15,0,0,2,2,12,B01
200800022616,0,7,0,4,0,8,1,A01
200800022617,0,7,0,0,2,1,1,A01
200800022617,0,7,0,0,2,1,1,B01
200800022617,0,7,0,0,2,4,1,C01
200800022617,0,7,0,0,0,4,1,D01
200800022618,0,7,0,0,1,1,2,C01
200800022618,0,7,0,0,1,3,2,B01
200800022618,0,31,0,0,0,0,0,A01
200800022619,0,10,0,0,2,1,1,A01
200800022619,0,7,0,0,2,1,1,B01
200800022619,0,7,0,0,2,4,1,C01
200800022619,0,7,0,0,2,4,1,D01
200800022620,0,7,0,0,0,4,12,B01
200800022620,0,33,0,0,2,1,21,A01
200800022621,0,7,0,12,0,2,21,A01
200800022622,0,7,0,4,0,3,1,A01
200800022623,0,7,0,4,0,1,2,A01
200800022624,0,7,0,0,2,1,2,A01
200800022624,0,7,0,0,0,4,2,B01
200800022625,0,7,0,0,2,2,2,A01
200800022625,0,7,0,0,2,9,2,B01
200800022625,0,7,0,0,2,6,2,C01
200800022626,0,7,0,0,2,4,2,A01
200800022626,0,15,0,0,2,8,12,B01
200800022627,0,33,0,0,2,1,2,A01
200800022627,0,10,0,0,0,5,2,B01
200800022628,0,7,0,0,1,7,13,A01
200800022628,0,7,0,0,2,1,1,B01
200800022629,0,33,0,9,2,8,18,A01
200800022629,0,15,0,0,2,5,1,B01
200800022630,0,7,0,5,0,1,14,A01
200800022631,0,33,0,0,2,3,1,B01
200800022631,0,7,0,0,2,7,12,A01
200800022632,0,17,0,0,2,2,2,C01
200800022632,0,13,0,0,2,1,21,B01
200800022632,0,7,0,0,0,4,1,A01
200800022633,0,7,0,0,0,4,0,D01
200800022633,0,7,0,0,2,9,0,C01
200800022633,0,7,0,0,2,1,0,B01
200800022633,0,33,0,0,2,8,3,A01
200800022634,0,7,0,0,2,4,2,B01
200800022634,0,7,0,0,2,1,2,A01
200800022635,0,7,0,0,2,4,2,B01
200800022635,0,7,0,3,2,1,2,A01
200800022636,0,7,0,0,0,4,2,B01
200800022636,0,7,0,0,2,1,2,A01
200800022637,0,7,0,0,0,5,2,C01
200800022637,0,7,0,0,0,4,2,B01
200800022637,0,7,0,1,0,2,2,A01
200800022638,0,7,0,0,0,9,1,A01
200800022639,0,7,0,0,2,3,1,C01
200800022639,0,10,0,0,2,8,11,B01
200800022639,0,33,0,0,2,7,3,A01
200800022640,0,7,0,0,2,1,2,B01
200800022640,0,33,0,0,0,4,9,A01
200800022641,1,7,0,0,0,0,0,A01
200800022641,0,7,0,4,0,9,0,B01
200800022642,0,7,0,0,2,3,11,B01
200800022642,0,33,0,0,2,0,3,A01
200800022643,0,7,0,0,0,5,14,B01
200800022643,0,33,0,0,2,3,1,A01
200800022644,0,33,0,0,0,7,2,A01
200800022645,0,30,0,12,0,1,16,A01
200800022646,0,7,0,0,0,4,12,B01
200800022646,0,33,0,0,2,1,3,A01
200800022647,0,7,0,3,2,3,11,B01
200800022647,0,7,0,0,2,1,1,A01
200800022648,1,7,0,0,2,2,12,A01
200800022648,0,33,0,0,2,8,1,B01
200800022649,0,33,0,0,0,4,0,A01
200800022650,0,7,0,0,0,4,2,B01
200800022650,0,33,0,0,2,1,2,A01
200800022651,0,7,0,0,2,2,2,C01
200800022651,0,7,0,0,2,6,2,B01
200800022651,0,31,0,0,2,1,3,A01
200800022652,0,7,0,3,0,2,11,A01
200800022653,0,7,0,4,0,1,2,A01
200800022654,0,14,0,0,0,3,19,A01
200800022654,0,1,0,0,0,7,1,B01
200800022655,0,7,0,0,1,1,1,A01
200800022656,0,37,30,0,2,2,1,B01
200800022656,0,7,0,0,2,3,19,A01
200800022657,0,7,0,16,1,2,1,A01
200800022658,0,16,0,0,0,4,0,A01
200800022658,1,7,0,0,0,0,0,B01
200800022659,0,7,0,0,1,7,1,A01
200800022660,0,7,0,0,1,3,1,A01
200800022661,0,7,0,0,2,0,16,A01
200800022661,0,30,0,0,2,1,1,B01
200800022662,0,30,0,0,0,0,0,A01
200800022662,0,7,0,0,2,8,9,B01
200800022663,0,7,0,0,0,0,0,A01
200800022663,0,32,0,0,2,4,1,B01
200800022664,0,7,0,0,0,8,15,A01
200800022665,0,1,0,1,0,1,1,A01
200800022665,0,7,0,0,9,8,24,B01
200800022666,0,7,0,0,2,3,1,A01
200800022666,0,34,0,0,2,2,13,B01
200800022667,0,7,0,0,0,0,0,A01
200800022667,0,7,0,0,0,0,0,B01
200800022667,0,7,0,0,0,0,0,C01
200800022668,0,34,0,0,1,1,1,A01
200800022669,0,7,0,0,0,8,1,B01
200800022669,0,99,0,0,0,1,1,A01
200800022670,0,10,0,0,1,1,15,A01
200800022671,0,7,0,0,2,3,15,B01
200800022671,0,33,0,0,2,1,3,A01
200800022672,0,32,0,0,0,0,0,A01
200800022673,0,30,0,0,2,1,1,A01
200800022673,0,7,0,0,2,8,15,B01
200800022674,0,7,0,0,2,1,2,A01
200800022674,0,7,0,0,0,4,15,B01
200800022675,0,7,0,0,0,8,9,A01
200800022675,0,34,0,0,0,2,11,B01
200800022676,0,7,0,0,1,1,1,A01
200800022677,0,30,0,0,1,0,0,A01
200800022678,0,7,0,0,0,8,1,A01
200800022679,0,7,0,0,2,7,10,A01
200800022679,0,2,0,1,2,9,1,B01
200800022680,0,7,0,0,1,1,2,A01
200800022681,0,7,0,0,2,1,0,A01
200800022681,0,7,0,0,2,4,0,B01
200800022682,0,7,0,0,1,1,2,A01
200800022683,0,7,0,0,1,4,4,A01
200800022684,0,2,0,0,1,0,0,A01
200800022685,0,30,0,0,2,0,2,A01
200800022685,0,7,0,0,2,0,0,B01
200800022686,0,7,0,0,2,3,0,A01
200800022686,0,32,0,0,2,8,0,B01
200800022687,0,7,0,0,1,2,2,A01
200800022688,0,7,0,0,0,4,23,A01
200800022688,0,7,0,0,2,1,23,B01
200800022688,0,7,0,0,2,1,2,C01
200800022688,0,33,0,0,2,1,2,D01
200800022689,0,7,0,0,2,1,2,A01
200800022689,0,7,0,0,2,1,16,B01
200800022690,0,7,0,0,2,0,0,A01
200800022690,0,1,0,0,0,0,0,B01
200800022691,0,30,0,0,1,0,0,A01
200800022692,0,32,0,0,0,0,0,A01
200800022692,0,7,0,0,0,0,0,B01
200800022693,0,7,0,0,2,3,15,A01
200800022693,0,33,0,0,2,3,2,B01
200800022694,0,30,0,0,2,8,0,A01
200800022694,0,7,0,0,2,5,0,B01
200800022695,0,30,0,0,2,1,0,A01
200800022695,0,7,0,0,2,3,0,B01
200800022696,0,7,0,0,2,1,0,A01
200800022696,0,7,0,0,2,4,0,B01
200800022696,0,7,0,0,2,4,0,C01
200800022697,0,33,0,0,2,2,0,A01
200800022697,0,7,0,0,2,2,0,B01
200800022698,0,7,0,8,0,1,13,A01
200800022699,0,7,0,0,2,7,15,A01
200800022699,0,32,0,0,2,1,1,B01
200800022700,0,7,0,0,2,2,14,A01
200800022700,0,7,0,0,2,3,23,B01
200800022701,0,7,0,0,2,8,17,A01
200800022701,0,33,0,0,2,7,17,B01
200800022702,0,7,0,0,2,5,23,B01
200800022702,0,7,0,9,2,3,18,A01
200800022703,0,10,0,0,2,6,23,B01
200800022703,0,2,0,0,2,1,2,A01
200800022704,0,7,0,0,2,1,1,B01
200800022704,0,7,0,0,2,2,15,A01
200800022705,0,33,0,0,2,1,1,A01
200800022705,0,7,0,0,2,2,1,B01
200800022706,0,7,0,0,2,2,15,B01
200800022706,0,2,0,0,2,1,18,A01
200800022707,0,33,0,3,0,8,18,A01
200800022708,0,7,0,0,1,3,1,A01
200800022709,0,7,0,0,2,1,9,A01
200800022709,0,7,0,0,2,4,9,B01
200800022709,0,7,0,0,2,4,9,C01
200800022710,0,7,0,0,2,1,2,A01
200800022710,0,7,0,0,0,4,2,B01
200800022711,0,7,0,3,0,1,9,A01
200800022712,0,7,0,0,2,3,13,A01
200800022712,0,7,0,0,2,3,1,B01
200800022713,0,33,0,10,0,2,0,A01
200800022714,0,33,0,0,9,1,1,A01
200800022715,0,7,0,0,2,3,14,A01
200800022715,0,7,0,0,2,5,14,B01
200800022716,0,99,0,0,2,1,0,A01
200800022716,0,33,0,0,0,8,1,B01
200800022717,0,7,0,0,0,8,1,B01
200800022717,0,33,0,0,2,6,12,A01
200800022718,0,7,0,0,2,8,1,B01
200800022718,0,15,0,0,2,2,12,A01
200800022719,0,7,0,0,2,1,2,A01
200800022719,0,7,0,0,2,4,2,B01
200800022720,1,10,0,0,2,1,2,A01
200800022720,0,7,0,0,0,4,2,B01
200800022721,0,7,0,0,2,1,2,A01
200800022721,0,7,0,0,0,4,2,B01
200800022722,0,17,0,0,2,2,12,A01
200800022722,0,7,0,0,2,6,1,B01
200800022722,0,7,0,0,2,1,1,C01
200800022723,0,7,0,0,2,1,2,A01
200800022723,0,7,0,0,2,4,2,B01
200800022724,0,10,0,3,0,1,16,A01
200800022725,2,10,0,12,0,1,13,A01
200800022726,0,7,0,4,0,3,1,A01
200800022727,0,7,0,3,0,3,2,A01
200800022728,1,7,0,4,2,3,0,A01
200800022728,0,7,0,3,2,3,1,B01
200800022729,0,7,0,3,0,1,1,A01
200800022730,0,10,0,0,0,1,0,A01
200800022730,0,10,0,0,0,4,0,B01
200800022730,0,10,0,0,0,4,0,C01
200800022731,0,7,0,3,0,2,1,A01
200800022732,0,7,0,3,2,6,1,A01
200800022732,1,17,0,0,2,2,12,B01
200800022733,0,7,0,4,0,4,1,A01
200800022733,0,7,0,0,2,2,2,F01
200800022733,0,15,0,0,2,1,2,E01
200800022733,0,15,0,0,2,1,2,D01
200800022733,0,10,0,0,2,1,2,C01
200800022733,0,7,0,4,2,5,2,B01
200800022734,0,10,0,4,0,2,1,A01
200800022735,0,31,0,0,0,8,2,A01
200800022736,0,7,0,4,2,6,2,B01
200800022736,0,7,0,0,2,2,12,A01
200800022737,0,7,0,4,0,1,21,A01
200800022738,0,7,0,0,2,4,2,B01
200800022738,0,7,0,0,2,1,2,A01
200800022739,0,7,0,14,0,2,0,A01
200800022740,0,33,0,6,2,7,2,B01
200800022740,0,7,0,0,2,6,11,A01
200800022741,0,7,0,0,2,4,0,C01
200800022741,0,7,0,0,2,4,2,B01
200800022741,0,7,0,0,2,1,2,A01
200800022742,0,7,0,0,2,4,2,D01
200800022742,0,7,0,0,2,4,2,C01
200800022742,0,7,0,0,2,1,2,B01
200800022742,0,7,0,0,2,1,2,A01
200800022743,0,7,0,4,0,3,1,A01
200800022744,0,7,0,0,0,4,2,C01
200800022744,0,7,0,0,2,1,2,B01
200800022744,0,13,0,0,2,1,2,A01
200800022745,0,7,0,0,2,8,11,B01
200800022745,0,34,0,0,2,1,3,A01
200800022746,0,10,0,0,0,2,2,B01
200800022746,0,33,0,0,2,1,3,A01
200800022747,0,7,0,4,0,7,21,A01
200800022748,0,15,0,0,0,4,1,A01
200800022748,0,7,0,0,0,4,2,F01
200800022748,0,10,0,14,2,1,2,E01
200800022748,0,7,0,1,0,2,14,D01
200800022748,0,10,0,0,0,4,24,C01
200800022748,0,10,0,0,2,1,13,B01
200800022749,0,10,0,0,2,4,20,C01
200800022749,0,7,0,0,2,4,2,B01
200800022749,0,31,0,1,2,1,2,A01
200800022750,0,7,0,0,2,1,1,B01
200800022750,0,7,0,0,2,8,21,A01
200800022751,0,7,0,4,0,3,1,A01
200800022752,0,7,0,3,0,1,1,A01
200800022753,1,7,0,0,0,0,11,A01
200800022753,0,32,0,0,2,3,21,B01
200800022754,0,33,0,0,0,0,0,A01
200800022755,0,7,0,13,0,1,2,A01
200800022756,0,7,0,0,0,0,2,T01
200800022756,0,15,0,0,1,6,2,C01
200800022756,0,30,0,0,2,1,2,B01
200800022756,0,7,0,0,0,0,2,A01
200800022757,1,7,0,0,2,7,12,A01
200800022757,0,33,0,0,2,3,1,B01
200800022758,0,7,0,0,0,0,0,B01
200800022758,0,33,0,0,2,4,0,A01
200800022759,0,33,0,0,2,2,3,B01
200800022759,0,7,0,0,0,8,1,A01
200800022760,0,33,0,0,2,3,1,B01
200800022760,0,7,0,0,2,5,12,A01
200800022761,0,10,0,0,0,8,1,B01
200800022761,0,7,0,0,2,8,13,A01
200800022762,0,7,0,0,0,5,2,B01
200800022762,0,34,0,0,2,1,2,A01
200800022763,0,7,0,0,0,0,2,B01
200800022763,0,7,0,0,2,1,2,A01
200800022764,0,14,0,0,2,8,2,B01
200800022764,0,7,0,4,2,7,21,A01
200800022765,0,7,0,4,0,8,1,A01
200800022766,0,7,0,0,0,4,2,C01
200800022766,0,7,0,0,2,4,2,B01
200800022766,0,7,0,0,2,4,2,A01
200800022767,0,7,0,0,0,4,2,C01
200800022767,0,7,0,0,0,1,2,B01
200800022767,0,7,0,0,0,1,2,A01
200800022768,0,7,0,4,0,0,2,A01
200800022769,0,32,0,0,2,7,1,C01
200800022769,0,33,0,0,2,7,0,B01
200800022769,0,33,0,0,2,2,9,A01
200800022770,0,7,0,0,0,4,2,D01
200800022770,2,7,0,0,2,1,2,A01
200800022770,0,7,0,0,2,1,2,C01
200800022770,0,7,0,0,2,1,2,H01
200800022770,0,7,0,0,0,4,2,B01
200800022770,0,7,0,0,2,1,2,G01
200800022770,0,7,0,0,0,4,2,F01
200800022770,0,7,0,0,2,4,2,E01
200800022771,0,7,0,0,2,4,2,B01
200800022771,0,33,0,0,2,1,2,A01
200800022772,0,7,0,0,2,4,2,B01
200800022772,0,33,0,0,2,1,2,A01
200800022773,0,7,0,0,2,6,1,C01
200800022773,0,7,0,0,2,4,2,B01
200800022773,0,7,0,0,2,1,2,A01
200800022774,0,7,0,0,2,7,12,B01
200800022774,0,33,0,0,2,3,3,A01
200800022775,2,7,0,0,0,5,2,A01
200800022775,0,7,0,1,0,3,2,B01
200800022776,0,7,0,0,0,4,1,C01
200800022776,0,7,0,0,2,6,1,B01
200800022776,0,10,0,0,2,2,14,A01
200800022777,0,7,0,0,0,4,23,B01
200800022777,0,7,0,0,2,1,2,A01
200800022778,0,7,0,4,2,2,1,B01
200800022778,0,7,0,0,2,6,1,A01
200800022779,0,7,0,0,0,4,23,D01
200800022779,0,7,0,1,0,5,21,C01
200800022779,0,7,0,1,2,3,21,B01
200800022779,0,7,0,4,0,2,1,A01
200800022780,0,7,0,0,0,4,2,B01
200800022780,0,7,0,0,2,1,2,A01
200800022781,1,7,0,0,0,0,0,A01
200800022781,0,7,0,4,0,3,21,B01
200800022782,1,99,0,0,0,0,11,A01
200800022782,0,33,0,0,2,0,2,B01
200800022783,0,2,0,16,0,1,1,A01
200800022784,0,30,0,0,1,1,17,A01
200800022785,0,7,0,0,2,1,19,A01
200800022785,0,2,0,0,2,7,1,B02
200800022786,0,7,0,0,2,3,0,A01
200800022786,0,7,0,0,2,1,15,B02
200800022787,0,7,0,0,2,5,9,A01
200800022787,0,30,0,0,2,1,1,B01
200800022788,0,7,0,0,2,0,1,A01
200800022788,0,7,0,0,2,3,5,B01
200800022789,0,7,0,0,2,1,17,A01
200800022789,0,7,0,0,2,1,1,B01
200800022790,0,7,0,0,2,3,15,A01
200800022790,0,30,0,0,2,1,1,B01
200800022790,0,7,0,0,0,0,23,C01
200800022790,0,7,0,0,0,0,0,D01
200800022791,0,7,0,0,2,1,15,A01
200800022791,0,2,0,0,2,1,1,B01
200800022792,0,7,0,2,0,3,16,A01
200800022793,0,7,0,0,1,0,2,A01
200800022794,0,7,0,6,2,2,13,A01
200800022794,0,7,0,0,2,3,15,B01
200800022795,0,7,0,0,2,3,0,A01
200800022795,0,7,0,0,2,3,0,B01
200800022796,0,2,0,0,2,5,0,B01
200800022796,0,7,0,0,2,1,0,A01
200800022797,0,7,0,4,2,0,2,A01
200800022797,0,7,0,0,2,6,2,B01
200800022798,0,7,0,0,2,1,2,A01
200800022798,0,7,0,0,0,4,1,B01
200800022799,0,7,0,0,9,1,1,A01
200800022800,0,7,0,0,2,3,1,B01
200800022800,0,7,0,0,2,1,19,A01
200800022801,0,2,0,0,2,8,1,A01
200800022801,0,7,0,0,2,8,1,B01
200800022802,0,7,0,0,0,1,0,A01
200800022802,0,7,0,0,0,4,2,B01
200800022803,0,7,0,0,1,3,1,A01
200800022804,0,7,0,0,2,1,0,A01
200800022804,0,7,0,0,2,4,0,B01
200800022805,0,7,0,4,0,1,1,A01
200800022806,0,7,0,0,2,1,15,B01
200800022806,0,10,0,9,0,2,16,A01
200800022807,1,10,0,0,0,0,0,A01
200800022807,0,7,0,0,2,1,1,B01
200800022808,0,7,0,6,0,3,1,B01
200800022808,0,7,0,8,2,2,19,A01
200800022809,0,10,0,0,2,3,15,A01
200800022809,0,34,0,0,2,0,14,B01
200800022810,0,7,0,0,2,0,11,A01