Num_Acc,senc,catv,occutc,obs,obsm,choc,manv,num_veh
200800022810,0,33,0,1,2,0,2,B01
200800022811,0,7,0,0,0,1,1,B01
200800022811,0,7,0,0,2,0,19,A01
200800022812,0,7,0,0,2,1,2,A01
200800022812,0,7,0,0,2,4,2,B01
200800022813,0,7,0,0,2,1,2,A01
200800022813,0,7,0,0,2,4,23,B01
200800022813,0,7,0,0,2,4,23,C01
200800022813,0,7,0,0,0,4,23,D01
200800022814,0,7,0,0,2,1,2,A01
200800022814,0,7,0,0,2,4,2,B01
200800022814,0,7,0,0,2,4,2,C01
200800022815,2,7,0,13,2,7,17,A01
200800022815,0,7,0,13,2,8,1,B01
200800022816,0,99,0,0,2,1,2,A01
200800022816,0,7,0,0,2,4,2,B01
200800022816,0,7,0,0,2,4,2,C01
200800022816,0,7,0,0,2,4,2,D01
200800022817,0,7,0,0,2,1,19,A01
200800022817,0,7,0,0,2,5,1,B01
200800022818,0,7,0,0,0,0,0,B01
200800022818,0,7,0,0,0,3,0,A01
200800022819,0,14,0,0,0,1,12,A01
200800022819,0,7,0,0,0,8,1,B01
200800022820,0,99,0,0,2,3,9,A01
200800022820,0,32,0,0,2,9,19,B01
200800022821,0,7,0,13,2,3,1,A01
200800022821,0,7,0,0,0,6,23,B01
200800022821,0,7,0,1,2,2,17,D01
200800022821,0,7,0,0,0,8,23,C01
200800022822,0,10,0,0,1,2,15,A01
200800022823,0,7,0,15,0,1,1,A01
200800022824,0,10,0,0,2,1,1,A01
200800022824,0,7,0,0,2,3,1,B01
200800022825,0,7,0,0,2,1,1,B01
200800022825,0,7,0,0,2,1,15,C01
200800022825,0,7,0,0,2,8,15,A01
200800022826,0,7,0,0,2,8,15,A01
200800022826,0,2,0,0,2,8,1,B01
200800022827,0,10,0,0,2,3,15,A01
200800022827,0,2,0,0,2,1,1,B01
200800022828,0,7,0,0,2,3,1,A01
200800022828,0,1,0,0,2,7,1,B01
200800022829,0,7,0,0,2,2,15,A01
200800022829,0,7,0,0,2,8,16,B01
200800022830,0,15,0,0,2,1,1,B01
200800022830,0,7,0,0,2,7,15,A01
200800022831,0,7,0,0,2,3,1,A01
200800022831,0,7,0,0,2,1,1,B01
200800022832,0,37,1,0,1,2,0,A01
200800022833,0,2,0,0,2,1,1,B01
200800022833,0,7,0,0,2,3,9,A01
200800022834,0,7,0,0,2,0,1,B01
200800022834,0,7,0,0,2,3,13,A01
200800022835,0,7,0,0,2,4,2,B01
200800022835,0,7,0,0,2,1,2,A01
200800022836,0,7,0,0,1,4,4,A01
200800022837,0,7,0,0,2,1,2,A01
200800022837,0,7,0,0,1,4,1,B01
200800022838,0,2,0,0,2,1,5,A01
200800022838,0,7,0,0,2,3,15,B01
200800022839,0,7,0,0,2,1,15,A01
200800022839,0,7,0,0,2,1,1,B01
200800022840,1,7,0,14,0,2,1,A01
200800022841,0,7,0,1,2,6,24,B01
200800022841,0,1,0,1,0,1,1,A01
200800022842,0,31,0,0,2,0,0,A01
200800022842,0,7,0,0,0,4,1,B01
200800022843,0,7,0,0,2,1,1,C01
200800022843,2,7,0,0,2,1,1,A01
200800022843,0,7,0,0,2,3,1,B01
200800022844,0,7,0,0,0,7,15,A01
200800022844,0,7,0,0,2,1,1,B01
200800022845,0,7,0,8,0,1,1,A01
200800022846,0,7,0,0,2,9,13,A01
200800022846,0,13,0,0,2,3,1,B01
200800022847,0,7,0,4,0,1,1,A01
200800022848,0,31,0,0,2,1,1,A01
200800022848,0,7,0,0,9,8,24,B01
200800022849,0,7,0,0,1,0,16,A01
200800022850,0,7,0,16,0,9,1,A01
200800022851,0,7,0,0,1,3,0,A01
200800022852,0,17,0,0,2,3,2,A01
200800022852,0,7,0,0,0,4,1,B01
200800022853,0,7,0,0,0,4,16,B01
200800022853,0,7,0,0,2,4,2,A01
200800022854,0,7,0,0,1,0,2,A01
200800022855,0,7,0,0,0,9,5,A01
200800022856,0,7,0,0,1,0,2,A01
200800022857,0,7,0,0,9,9,17,A01
200800022858,0,7,0,0,2,1,2,A01
200800022858,0,7,0,0,0,4,2,B01
200800022859,0,7,0,0,2,7,11,A01
200800022859,0,7,0,0,2,1,1,B01
200800022860,0,7,0,0,2,6,21,A01
200800022860,0,7,0,0,2,3,21,B01
200800022860,0,7,0,2,2,9,21,C01
200800022861,0,7,0,1,1,0,1,A01
200800022862,0,37,1,0,1,0,1,A01
200800022863,0,7,0,0,1,1,2,A01
200800022864,0,7,0,0,1,1,9,A01
200800022865,0,7,0,0,1,1,1,A01
200800022866,0,7,0,0,1,3,1,A01
200800022867,0,1,0,0,2,3,18,A01
200800022867,0,7,0,0,9,7,20,B01
200800022868,0,7,0,8,0,1,2,A01
200800022869,0,17,0,0,2,3,1,B01
200800022869,0,7,0,0,2,2,1,C01
200800022869,0,7,0,0,2,3,1,D01
200800022869,0,7,0,0,2,2,19,A01
200800022870,0,7,0,0,2,8,9,A01
200800022870,0,33,0,0,2,1,1,B01
200800022871,0,7,0,0,2,1,0,B01
200800022871,0,7,0,0,2,7,1,A01
200800022872,0,7,0,0,1,7,2,A01
200800022873,0,7,0,0,0,0,0,A01
200800022874,1,13,0,0,0,0,0,A01
200800022874,0,33,0,0,0,0,0,B01
200800022875,0,7,0,0,2,3,17,A01
200800022875,0,33,0,0,2,1,1,B01
200800022876,0,7,0,0,0,6,11,A01
200800022876,0,13,0,0,0,0,0,B01
200800022877,0,7,0,0,0,0,0,A01
200800022877,0,7,0,0,0,0,0,B01
200800022878,0,2,0,0,2,1,1,A01
200800022878,0,2,0,0,2,4,1,B01
200800022878,0,2,0,0,2,1,21,C01
200800022879,0,7,0,0,1,3,1,A01
200800022880,0,7,0,0,2,3,1,A01
200800022880,0,7,0,0,2,8,1,B01
200800022881,0,7,0,3,0,3,12,A01
200800022882,0,7,0,0,2,7,1,A01
200800022882,0,7,0,0,2,3,1,B01
200800022883,0,7,0,16,0,0,0,A01
200800022884,0,33,0,3,0,7,2,A01
200800022885,0,15,0,0,1,0,0,A01
200800022886,0,7,0,13,0,9,1,A01
200800022887,0,2,0,0,0,0,0,A01
200800022888,0,14,0,0,2,1,2,A01
200800022888,0,7,0,0,2,4,2,B01
200800022888,0,20,0,0,2,4,2,C01
200800022888,0,7,0,0,2,4,2,D01
200800022888,0,7,0,0,0,4,2,E01
200800022889,0,7,0,0,2,4,1,A01
200800022889,0,7,0,0,2,4,1,B01
200800022889,0,7,0,0,2,1,1,C01
200800022890,0,7,0,0,0,1,2,A01
200800022890,0,7,0,0,0,4,2,B01
200800022890,0,7,0,0,0,4,2,C01
200800022891,0,33,0,0,0,8,1,A01
200800022892,0,7,0,0,0,1,2,A01
200800022892,0,7,0,0,0,4,23,B01
200800022893,0,7,0,0,1,2,1,A01
200800022894,0,10,0,0,2,6,10,A01
200800022894,0,7,0,0,2,3,1,B01
200800022894,0,15,0,0,2,2,14,C01
200800022895,0,7,0,12,0,1,1,A01
200800022895,1,7,0,0,0,0,0,B01
200800022896,0,7,0,0,0,1,13,A01
200800022896,0,7,0,0,0,3,1,B01
200800022897,0,7,0,0,2,1,1,B01
200800022897,0,7,0,0,2,8,9,A01
200800022898,0,99,0,0,2,1,2,A01
200800022898,0,7,0,0,2,1,0,B01
200800022899,0,7,0,13,0,1,13,A01
200800022900,0,7,0,0,2,0,1,B01
200800022900,0,7,0,0,2,1,1,C01
200800022900,0,7,0,0,2,2,1,A01
200800022901,0,7,0,1,0,3,1,A01
200800022902,0,2,0,0,2,7,2,A01
200800022902,0,17,0,1,0,3,15,B01
200800022903,0,7,0,0,2,1,5,A01
200800022903,0,7,0,0,2,1,1,B01
200800022904,0,7,0,0,1,1,1,A01
200800022905,0,7,0,0,2,1,1,A01
200800022905,0,7,0,0,2,4,15,B01
200800022906,0,7,0,0,1,1,1,A01
200800022907,0,10,0,0,1,1,0,A01
200800022908,0,7,0,0,1,1,1,A01
200800022909,0,7,0,0,0,0,0,A01
200800022909,0,7,0,0,0,0,0,B01
200800022910,0,7,0,0,1,1,1,A01
200800022911,1,7,0,0,2,0,0,A01
200800022912,0,7,0,0,2,2,15,A01
200800022912,0,33,0,0,2,1,1,B01
200800022913,0,10,0,0,0,2,19,A01
200800022913,0,7,0,0,0,3,3,B01
200800022914,0,7,0,0,2,2,2,A01
200800022914,0,7,0,0,0,4,2,B01
200800022915,0,7,0,0,2,3,15,A01
200800022915,0,2,0,0,2,1,17,B01
200800022916,0,7,0,0,1,1,0,A01
200800022917,0,7,0,1,2,8,10,A01
200800022917,0,33,0,0,2,1,1,B01
200800022918,0,7,0,0,2,2,16,A01
200800022918,0,10,0,0,2,3,16,B01
200800022919,0,33,0,13,0,0,1,A01
200800022920,0,33,0,0,0,0,1,A01
200800022921,0,7,0,0,2,3,15,A01
200800022921,0,7,0,0,2,1,1,B01
200800022922,0,30,0,0,2,8,1,B01
200800022922,0,7,0,0,2,1,1,A01
200800022923,0,7,0,0,2,3,9,A01
200800022923,0,37,1,0,2,7,1,B01
200800022924,0,7,0,0,2,3,17,A01
200800022925,0,7,0,0,2,1,2,A01
200800022925,0,7,0,0,2,4,2,B01
200800022926,0,7,0,0,1,2,2,A01
200800022927,0,7,0,0,1,1,0,A01
200800022928,1,7,0,0,2,0,1,A01
200800022928,0,7,0,0,2,4,1,B01
200800022929,0,10,0,0,2,1,1,A01
200800022929,0,7,0,0,2,4,1,B01
200800022930,1,7,0,0,2,1,0,A01
200800022930,0,7,0,0,2,4,1,B01
200800022931,0,7,0,0,1,1,1,A01
200800022932,0,3,0,0,2,2,1,A01
200800022932,0,7,0,0,2,1,15,B01
200800022932,0,7,0,0,2,3,16,C01
200800022933,0,7,0,13,0,1,1,A01
200800022934,0,7,0,0,9,1,16,A01
200800022935,0,33,0,0,2,1,1,A01
200800022935,0,7,0,0,2,2,10,B01
200800022936,0,31,0,0,2,1,3,A01
200800022936,0,7,0,0,2,4,23,B01
200800022936,0,7,0,0,2,8,23,C01
200800022937,0,7,0,0,2,3,1,A01
200800022937,0,7,0,0,2,1,1,B01
200800022938,0,30,0,0,2,1,1,B01
200800022938,0,7,0,0,2,6,18,A01
200800022939,0,2,0,0,0,1,2,B01
200800022939,0,7,0,0,0,3,2,A01
200800022940,0,7,0,0,0,0,0,A01
200800022940,0,7,0,0,0,0,0,B01
200800022941,0,7,0,0,0,0,0,A01
200800022941,0,2,0,0,0,0,0,B01
200800022942,0,2,0,0,0,0,0,A01
200800022942,0,7,0,0,0,0,0,B01
200800022943,0,7,0,0,1,0,0,B01
200800022943,0,1,0,0,0,0,0,A01
200800022944,0,7,0,0,0,0,0,B01
200800022944,0,37,1,0,0,0,0,A01
200800022945,0,33,0,0,0,2,2,A01
200800022945,0,7,0,0,0,8,11,B01
200800022946,0,7,0,0,0,0,0,A01
200800022946,0,7,0,0,0,0,0,B01
200800022947,0,7,0,0,0,0,0,A01
200800022947,0,33,0,0,0,0,0,B01
200800022947,0,7,0,0,0,0,0,C01
200800022948,0,33,0,0,0,0,0,A01
200800022948,0,7,0,0,0,0,0,B01
200800022949,0,99,0,0,0,0,0,A01
200800022949,0,99,0,0,0,0,0,B01
200800022950,0,7,0,0,0,0,0,A01
200800022951,0,7,0,0,0,0,0,A01
200800022951,0,7,0,0,0,0,0,B01
200800022952,0,30,0,0,2,0,1,B01
200800022952,1,2,0,0,2,0,9,A01
200800022953,0,2,0,0,2,1,0,B01
200800022953,0,7,0,0,0,3,0,A01
200800022954,0,37,3,0,2,4,2,A01
200800022954,0,33,0,0,2,1,3,B01
200800022955,0,7,0,0,2,1,1,A01
200800022955,0,7,0,0,2,4,1,B01
200800022955,0,7,0,0,2,4,1,C01
200800022955,0,7,0,0,2,4,1,D01
200800022956,0,7,0,0,1,3,1,A01
200800022957,0,7,0,0,2,3,15,A01
200800022957,0,7,0,0,2,3,1,B01
200800022958,0,7,0,0,2,3,5,A01
200800022958,0,33,0,0,2,3,1,B01
200800022959,0,7,0,0,2,3,15,A01
200800022959,0,32,0,0,2,3,1,B01
200800022960,0,7,0,0,0,2,0,A01
200800022960,0,7,0,0,0,3,9,B01
200800022961,0,7,0,8,0,1,0,A01
200800022962,0,10,0,0,2,5,2,A01
200800022962,0,31,0,0,2,1,2,B01
200800022963,0,7,0,0,2,1,1,A01
200800022963,0,7,0,0,2,4,1,B01
200800022963,0,7,0,0,2,4,1,C01
200800022964,0,7,0,0,1,7,16,A01
200800022965,0,7,0,0,2,2,12,A01
200800022965,0,30,0,0,2,6,1,B01
200800022966,0,33,0,0,0,7,1,A01
200800022967,0,7,0,0,2,8,1,A01
200800022967,0,30,0,0,2,1,1,B01
200800022968,1,30,0,0,0,0,0,A01
200800022969,0,32,0,0,5,8,1,A01
200800022970,0,7,0,0,1,4,4,A01
200800022971,0,7,0,0,2,8,15,A01
200800022971,0,33,0,0,2,7,0,B01
200800022972,0,13,0,0,2,7,16,A01
200800022972,0,7,0,0,2,8,16,B01
200800022973,0,7,0,1,0,1,19,A01
200800022974,0,7,0,0,2,1,15,A01
200800022975,0,7,0,0,1,1,16,A01
200800022976,0,7,0,0,2,3,20,A01
200800022976,0,2,0,0,2,1,1,B01
200800022977,0,7,0,0,1,4,4,A01
200800022978,0,31,0,0,2,7,1,A01
200800022978,1,7,0,0,2,0,1,B01
200800022979,1,7,0,0,2,1,1,A01
200800022979,0,7,0,0,2,3,1,B01
200800022980,0,7,0,0,2,7,1,A01
200800022980,0,33,0,0,2,7,16,B01
200800022981,0,7,0,0,1,1,1,A01
200800022982,0,32,0,0,2,7,3,A01
200800022982,0,7,0,0,2,3,9,B01
200800022982,0,7,0,0,2,5,1,C01
200800022983,0,7,0,0,2,3,0,A01
200800022983,0,7,0,0,2,2,1,B01
200800022983,0,7,0,0,2,6,1,C01
200800022984,0,7,0,2,0,1,1,A01
200800022985,1,7,0,0,1,1,1,A01
200800022986,0,32,0,0,0,0,1,A01
200800022987,0,32,0,0,1,1,1,A01
200800022988,0,30,0,0,2,1,0,A01
200800022988,0,7,0,0,0,5,0,B01
200800022989,0,30,0,0,2,1,2,A01
200800022989,0,33,0,0,2,4,1,B01
200800022990,0,7,0,0,2,1,0,A01
200800022991,0,7,0,0,2,8,1,A01
200800022992,0,7,0,0,0,0,11,A01
200800022992,0,33,0,0,9,9,1,B01
200800022993,0,7,0,0,2,5,16,A01
200800022993,0,31,0,0,2,1,1,B01
200800022994,0,32,0,0,2,3,1,A01
200800022994,0,7,0,0,2,3,23,B01
200800022995,0,7,0,0,0,4,0,B01
200800022995,0,30,0,0,2,1,0,A01
200800022996,0,10,0,3,2,1,0,A01
200800022996,0,7,0,0,2,8,1,B01
200800022996,0,7,0,0,2,8,2,C01
200800022996,0,30,0,0,2,8,2,D01
200800022996,0,10,0,0,2,8,1,E01
200800022997,1,7,0,0,2,0,0,A01
200800022997,0,33,0,3,2,2,9,B01
200800022998,0,7,0,0,2,2,19,A01
200800022998,0,30,0,0,2,1,1,B01
200800022998,0,31,0,0,2,1,1,C01
200800022999,0,7,0,0,2,3,19,A01
200800022999,0,32,0,0,2,9,19,B01
200800023000,0,34,0,0,2,6,18,A01
200800023000,0,7,0,0,2,2,2,B01
200800023001,0,37,0,0,2,0,2,A01
200800023001,0,33,0,0,2,4,2,B01
200800023002,0,7,0,0,2,8,2,A01
200800023002,0,32,0,0,2,7,2,B01
200800023003,0,31,0,0,2,1,2,A01
200800023003,0,7,0,0,0,4,2,B01
200800023004,0,7,0,0,2,1,2,A01
200800023004,0,10,0,0,2,4,2,B01
200800023005,0,7,0,0,2,7,14,A01
200800023005,0,31,0,0,2,9,1,B01
200800023006,0,31,0,0,1,1,1,A01
200800023007,0,7,0,0,1,1,0,A01
200800023008,0,7,0,0,1,0,1,A01
200800023009,0,37,22,0,2,2,1,A01
200800023009,0,7,0,0,2,6,23,B01
200800023010,0,30,0,0,2,1,16,A01
200800023010,0,7,0,0,2,6,1,B01
200800023011,0,32,0,0,2,3,1,B01
200800023011,0,7,0,0,2,2,12,A01
200800023012,0,7,0,0,1,4,4,A01
200800023013,0,31,0,0,2,9,0,A01
200800023013,0,10,0,0,2,5,1,B01
200800023014,1,7,0,0,2,8,1,B01
200800023014,0,7,0,0,2,8,1,C01
200800023014,0,32,0,0,2,1,3,A01
200800023015,0,7,0,0,1,2,0,A01
200800023016,0,7,0,0,2,1,2,A01
200800023016,0,10,0,0,2,4,2,B01
200800023017,0,7,0,0,1,1,1,A01
200800023018,0,37,3,0,1,2,2,A01
200800023019,0,7,0,0,1,1,0,A01
200800023020,0,7,0,0,2,1,1,A01
200800023020,0,7,0,0,2,8,15,B01
200800023021,1,7,0,0,1,0,0,A01
200800023022,0,7,0,0,0,0,9,A01
200800023022,0,99,0,0,0,0,1,B01
200800023023,0,7,0,9,0,1,1,A01
200800023024,0,7,0,0,2,5,15,A01
200800023024,0,33,0,0,2,1,1,B01
200800023025,0,7,0,0,2,1,2,A01
200800023025,0,7,0,0,2,3,11,B01
200800023026,0,7,0,0,2,1,2,A01
200800023026,0,7,0,0,2,4,1,B01
200800023027,0,7,0,0,0,1,1,B01
200800023027,0,1,0,0,0,3,15,A01
200800023028,0,7,0,0,0,2,1,B01
200800023028,0,31,0,0,0,1,19,A01
200800023029,0,7,0,0,0,1,1,A01
200800023029,0,7,0,0,0,4,1,B01
200800023030,0,7,0,0,1,3,17,A01
200800023031,0,2,0,0,0,0,1,A01
200800023032,0,7,0,8,0,4,4,A01
200800023033,0,7,0,0,1,2,17,A01
200800023034,0,7,0,0,1,1,17,A01
200800023035,0,7,0,1,0,1,1,A01
200800023035,0,7,0,0,2,4,24,B01
200800023036,0,7,0,0,2,8,1,B01
200800023036,0,7,0,0,2,2,1,A01
200800023037,0,37,0,0,1,1,1,A01
200800023037,0,7,0,0,1,1,1,B01
200800023038,0,7,0,0,1,1,1,A01
200800023039,0,7,0,0,2,3,1,B01
200800023039,0,7,0,0,2,1,19,A01
200800023040,0,7,0,0,1,1,1,A01
200800023041,0,7,0,0,2,6,19,A01
200800023041,0,34,0,0,2,1,1,B01
200800023042,2,32,0,0,2,0,1,A01
200800023042,0,7,0,0,2,1,9,B01
200800023043,0,33,0,0,2,1,17,A01
200800023043,0,7,0,0,2,3,15,B01
200800023044,0,7,0,0,2,4,4,A01
200800023044,0,32,0,0,2,1,1,B01
200800023045,1,7,0,0,1,0,1,A01
200800023046,0,32,0,0,2,1,15,A01
200800023046,0,7,0,0,2,1,1,B01
200800023047,0,7,0,0,2,1,1,A01
200800023047,0,7,0,0,2,4,1,B01
200800023048,0,7,0,0,1,1,1,A01
200800023049,0,13,0,0,2,1,1,A01
200800023049,0,7,0,0,2,4,1,B01
200800023050,0,7,0,2,2,1,1,A01
200800023050,0,7,0,0,2,4,20,B01
200800023051,0,7,0,0,1,1,1,A01
200800023052,0,7,0,0,2,1,1,A01
200800023053,0,7,0,1,0,1,1,A01
200800023054,1,7,0,0,1,0,17,A01
200800023055,0,7,0,0,2,3,0,B01
200800023055,0,30,0,0,2,3,15,A01
200800023056,0,99,0,6,0,5,10,A01
200800023057,0,31,0,0,2,1,0,A01
200800023057,1,33,0,0,0,0,0,C01
200800023057,0,7,0,0,2,1,15,B01
200800023058,0,33,0,0,2,3,1,A01
200800023058,0,7,0,0,2,3,1,B01
200800023059,0,7,0,1,0,2,15,A01
200800023060,0,31,0,0,2,1,1,A01
200800023060,0,7,0,0,2,5,1,B01
200800023061,0,10,0,0,0,2,9,A01
200800023061,0,34,0,0,0,3,17,B01
200800023062,1,30,0,0,1,0,0,A01
200800023063,0,7,0,0,1,3,0,B01
200800023063,0,7,0,0,1,3,0,A01
200800023064,0,7,0,0,2,1,1,B01
200800023064,0,7,0,0,2,1,15,A01
200800023065,0,7,0,0,1,2,1,A01
200800023066,0,7,0,0,0,1,0,A01
200800023067,0,7,0,0,2,7,10,A01
200800023067,0,7,0,0,2,1,1,B01
200800023068,0,10,0,0,2,3,1,B01
200800023068,0,32,0,0,2,7,17,A01
200800023069,0,30,0,0,0,2,0,A01
200800023070,0,33,0,0,1,1,1,A01
200800023071,0,34,0,0,0,0,0,A01
200800023071,1,7,0,0,0,0,0,B01
200800023072,0,31,0,0,0,1,1,A01
200800023072,0,7,0,0,2,3,15,B01
200800023073,0,33,0,0,1,1,0,A01
200800023074,0,30,0,0,1,3,0,A01
200800023075,0,13,0,1,2,3,2,A01
200800023075,0,7,0,0,2,7,2,B01
200800023076,0,10,0,0,1,2,2,A01
200800023077,0,30,0,0,2,1,2,A01
200800023077,0,7,0,0,0,6,2,B01
200800023078,0,7,0,0,2,7,15,A01
200800023078,0,32,0,0,2,1,1,B01
200800023079,0,7,0,0,2,3,6,A01
200800023079,0,34,0,0,2,3,17,B01
200800023080,0,7,0,0,0,8,15,A01
200800023080,0,31,0,0,2,2,13,B01
200800023081,0,10,0,6,0,1,0,A01
200800023082,0,32,0,0,2,3,17,C01
200800023082,0,7,0,0,2,8,14,B01
200800023082,0,7,0,0,2,1,10,A01
200800023083,0,7,0,0,2,3,20,A01
200800023083,0,34,0,0,2,1,2,B01
200800023084,0,7,0,0,2,1,21,A01
200800023084,0,7,0,0,0,4,23,B01
200800023085,0,10,0,0,1,3,1,A01
200800023086,0,7,0,0,0,2,1,A01
200800023086,0,7,0,0,0,6,15,B01
200800023087,0,3,0,0,1,1,0,A01
200800023088,0,7,0,0,0,4,23,C01
200800023088,0,7,0,0,0,4,23,B01
200800023088,0,7,0,0,0,2,2,A01
200800023089,0,7,0,0,2,7,2,A01
200800023089,0,30,0,0,2,3,3,B01
200800023090,0,7,0,0,2,3,2,A01
200800023090,0,2,0,0,2,2,9,B01
200800023091,0,7,0,0,9,7,2,A01
200800023091,0,30,0,0,0,8,2,B01
200800023092,0,2,0,0,2,1,13,A01
200800023092,0,33,0,0,2,1,2,B01
200800023093,0,7,0,0,1,2,0,A01
200800023094,0,99,0,1,0,1,1,A01
200800023095,0,33,0,0,2,3,2,A01
200800023095,0,7,0,0,2,7,2,B01
200800023096,0,7,0,0,2,3,2,A01
200800023096,0,30,0,0,2,7,2,B01
200800023097,0,32,0,0,2,8,17,A01
200800023097,0,7,0,0,0,8,15,B01
200800023098,0,31,0,0,0,1,2,A01
200800023098,0,32,0,0,0,4,2,B01
200800023099,0,7,0,0,2,1,1,B01
200800023099,0,7,0,0,2,2,2,A01
200800023100,0,7,0,0,2,2,2,A01
200800023100,0,31,0,15,2,5,1,B01
200800023101,0,7,0,0,2,2,15,A01
200800023101,0,7,0,0,2,3,1,B01
200800023102,0,7,0,0,2,5,15,B01
200800023102,0,30,0,0,2,1,2,A01
200800023103,0,2,0,0,2,1,17,A01
200800023103,0,7,0,0,2,1,15,B01
200800023104,0,33,0,0,1,1,17,A01
200800023104,0,7,0,0,0,4,1,B01
200800023105,0,7,0,0,1,1,15,A01
200800023106,0,7,0,0,2,3,1,B01
200800023106,0,30,0,0,2,1,1,A01
200800023107,0,7,0,0,2,3,2,B01
200800023107,0,7,0,0,2,2,15,A01
200800023108,0,7,0,0,1,0,1,A01
200800023109,0,33,0,0,2,1,17,A01
200800023109,0,7,0,0,0,8,15,B01
200800023110,0,14,0,0,0,2,15,A01
200800023110,0,33,0,0,2,1,1,B01
200800023111,0,33,0,0,2,7,17,B01
200800023111,0,7,0,0,2,3,15,A01
200800023112,0,7,0,0,2,2,1,B01
200800023112,0,7,0,7,2,3,19,A01
200800023113,0,7,0,0,2,3,9,A01
200800023113,0,7,0,0,2,1,23,C01
200800023113,0,10,0,0,2,1,1,B01
200800023114,0,7,0,0,0,1,1,A01
200800023115,0,7,0,0,2,1,1,B01
200800023115,0,7,0,0,2,2,15,A01
200800023115,0,7,0,0,2,3,23,C01
200800023116,0,2,0,0,0,1,0,A01
200800023117,0,7,0,0,2,1,1,B01
200800023117,0,7,0,0,2,1,5,A01
200800023118,0,10,0,0,2,2,1,B01
200800023118,0,7,0,0,2,1,1,A01
200800023119,0,7,0,0,2,5,1,B01
200800023119,0,2,0,0,2,1,17,A01
200800023120,0,7,0,0,1,1,1,A01
200800023121,0,30,0,0,2,1,13,A01
200800023121,0,7,0,0,2,6,1,B01
200800023122,0,1,0,12,0,1,1,A01
200800023123,0,7,0,0,1,3,1,A01
200800023124,0,2,0,0,2,8,11,A01
200800023124,0,15,0,0,2,5,1,B01
200800023125,0,7,0,0,2,1,1,A01
200800023125,0,7,0,0,2,4,1,B01
200800023125,0,7,0,0,2,4,1,C01
200800023125,0,7,0,0,2,4,1,D01
200800023125,0,7,0,0,2,5,1,E01
200800023126,0,7,0,0,9,3,1,A01
200800023126,0,1,0,0,2,1,1,B01
200800023127,0,7,0,0,2,5,15,A01
200800023127,0,2,0,0,2,1,1,B01
200800023128,0,2,0,0,2,7,2,B01
200800023128,0,7,0,0,9,2,15,A01
200800023129,0,10,0,3,2,8,13,A01
200800023129,0,7,0,3,2,8,13,B01
200800023130,0,7,0,0,2,6,1,A01
200800023130,0,7,0,0,2,2,1,B01
200800023130,0,7,0,0,2,3,23,C01
200800023131,0,7,0,0,1,2,15,A01
200800023132,1,2,0,0,1,0,0,A01
200800023133,0,1,0,0,1,1,1,A01
200800023134,0,7,0,11,0,1,13,A01
200800023135,0,14,0,0,0,4,1,B01
200800023135,0,2,0,0,2,1,2,A01
200800023136,0,7,0,0,2,1,1,B01
200800023136,0,7,0,0,2,1,13,A01
200800023137,0,7,0,0,0,4,2,B01
200800023137,0,7,0,0,2,1,2,A01
200800023138,0,2,0,6,0,1,13,A01
200800023139,0,1,0,0,2,8,13,A01
200800023139,0,7,0,0,2,7,17,B01
200800023140,0,1,0,0,2,1,1,A01
200800023140,0,7,0,0,2,3,1,B01
200800023141,0,7,0,0,1,3,15,A01
200800023142,0,7,0,0,2,1,13,A01
200800023142,0,7,0,0,2,1,1,B01
200800023143,0,7,0,0,1,2,14,A01
200800023144,0,10,0,0,1,4,4,A01
200800023145,0,33,0,0,2,0,21,C01
200800023145,0,33,0,0,2,1,21,A01
200800023145,0,7,0,0,0,5,23,B01
200800023146,0,33,0,3,0,0,1,A01
200800023147,0,33,0,0,2,1,17,A01
200800023147,0,7,0,0,2,8,15,B01
200800023148,0,32,0,0,2,1,17,A01
200800023148,0,7,0,0,0,3,15,B01
200800023149,0,7,0,0,0,3,10,A01
200800023149,0,33,0,0,2,1,17,B01
200800023150,0,7,0,0,2,2,15,A01
200800023150,0,1,0,0,2,1,1,B01
200800023151,0,33,0,0,2,1,17,A01
200800023151,0,7,0,0,2,3,1,B01
200800023152,0,7,0,0,1,7,21,A01
200800023153,0,7,0,1,0,1,1,A01
200800023154,0,7,0,0,2,2,16,A01
200800023154,0,33,0,0,2,1,1,B01
200800023155,0,7,0,0,1,2,1,A01
200800023156,0,32,0,0,2,1,17,A01
200800023157,0,7,0,0,2,2,16,B01
200800023157,0,32,0,0,2,1,0,A01
200800023158,0,7,0,0,2,1,5,A01
200800023158,0,7,0,0,2,1,1,B01
200800023159,0,2,0,0,2,1,17,A01
200800023159,0,7,0,0,0,3,15,B01
200800023160,0,7,0,0,2,1,1,B01
200800023160,0,30,0,0,2,7,15,A01
200800023161,0,7,0,0,1,8,5,A01
200800023162,0,7,0,0,1,3,15,A01
200800023163,0,31,0,0,2,7,0,B01
200800023163,0,7,0,0,2,3,9,A01
200800023164,0,7,0,0,2,2,15,A01
200800023164,0,33,0,0,2,1,2,B01
200800023165,0,33,0,0,2,1,21,B01
200800023165,0,7,0,0,2,3,15,A01
200800023166,0,2,0,0,2,6,15,A01
200800023166,0,33,0,0,2,7,1,B01
200800023167,0,7,0,0,1,1,1,A01
200800023168,0,32,0,0,2,1,1,A01
200800023168,0,13,0,0,2,3,1,B01
200800023169,1,7,0,0,2,0,0,A01
200800023169,0,33,0,13,2,7,1,B01
200800023170,0,33,0,0,1,2,1,A01