Num_Acc,senc,catv,occutc,obs,obsm,choc,manv,num_veh
200800023171,1,7,0,0,2,0,9,A01
200800023171,0,31,0,0,2,7,1,B01
200800023172,0,33,0,0,2,7,16,A01
200800023172,0,30,0,0,2,1,1,B01
200800023173,0,7,0,0,2,0,12,A01
200800023173,0,31,0,0,2,8,1,B01
200800023174,0,2,0,0,2,1,2,A01
200800023174,0,7,0,0,2,5,15,B01
200800023175,0,7,0,0,2,3,15,B01
200800023175,0,30,0,0,2,1,15,A01
200800023176,0,7,0,0,2,1,2,A01
200800023176,0,32,0,0,2,4,2,B01
200800023176,0,33,0,0,2,4,2,C01
200800023177,0,7,0,0,2,3,15,A01
200800023177,0,30,0,0,2,8,1,B01
200800023178,0,2,0,0,1,1,1,A01
200800023179,1,7,0,0,2,1,0,A01
200800023179,0,31,0,2,2,4,1,B01
200800023180,0,7,0,0,2,1,1,B01
200800023180,0,32,0,0,2,8,15,A01
200800023181,0,7,0,0,1,6,1,A01
200800023182,0,7,0,1,0,2,1,A01
200800023183,0,30,0,0,2,1,17,A01
200800023183,0,7,0,0,2,3,10,B01
200800023184,0,3,0,0,2,2,15,A01
200800023184,0,7,0,0,2,1,1,B01
200800023185,0,7,0,0,2,1,1,B01
200800023185,0,32,0,0,2,1,5,A01
200800023186,0,30,0,0,2,1,17,A01
200800023186,0,7,0,0,2,3,15,B01
200800023187,0,7,0,0,2,1,6,A01
200800023187,0,33,0,0,2,8,1,B01
200800023188,0,2,0,11,0,1,14,A01
200800023189,0,1,0,0,2,1,0,B01
200800023189,0,33,0,0,2,1,1,A01
200800023190,0,2,0,0,2,1,1,B01
200800023190,0,10,0,0,2,7,1,A01
200800023191,0,1,0,0,2,1,1,B01
200800023191,0,7,0,0,2,1,1,A01
200800023192,0,7,0,0,2,1,2,A01
200800023192,0,7,0,0,2,4,2,B01
200800023193,0,7,0,0,2,4,4,A01
200800023193,0,34,0,0,2,1,1,B01
200800023194,0,7,0,0,2,1,1,A01
200800023194,0,7,0,0,2,1,1,B01
200800023195,0,7,0,0,1,1,0,A01
200800023196,0,2,0,0,1,8,1,A01
200800023197,0,2,0,0,2,1,0,B01
200800023197,0,7,0,0,2,1,0,A01
200800023198,2,7,0,0,2,1,0,A01
200800023198,0,7,0,0,2,4,0,B01
200800023198,0,7,0,0,2,1,2,C01
200800023199,2,30,0,0,2,1,1,A01
200800023200,0,7,0,0,2,1,5,A01
200800023200,0,7,0,0,2,1,5,B01
200800023201,0,7,0,0,2,1,15,A01
200800023201,0,2,0,0,2,1,1,B01
200800023202,0,30,0,0,2,1,1,A01
200800023202,0,7,0,0,2,4,0,B01
200800023203,0,7,0,0,2,8,9,A01
200800023203,0,31,0,0,2,7,1,B01
200800023204,0,33,0,0,2,2,5,B01
200800023204,0,7,0,0,2,1,15,A01
200800023204,0,7,0,0,2,6,1,C01
200800023205,0,7,0,0,2,1,0,A01
200800023205,0,7,0,0,2,1,1,B01
200800023206,0,7,0,0,2,7,20,A01
200800023206,0,32,0,0,2,8,1,B01
200800023207,0,32,0,0,2,1,1,B01
200800023207,0,7,0,0,2,2,0,A01
200800023208,0,7,0,0,2,8,15,A01
200800023208,0,2,0,0,2,1,3,B01
200800023209,0,2,0,0,2,1,1,A01
200800023209,0,7,0,0,2,4,1,B01
200800023210,0,2,0,0,2,1,1,A01
200800023210,0,7,0,0,2,1,0,B01
200800023211,0,31,0,1,2,1,1,B01
200800023212,0,33,0,0,2,4,1,B01
200800023212,0,7,0,0,2,1,1,A01
200800023212,0,7,0,0,2,4,1,C01
200800023213,0,7,0,0,2,4,1,B01
200800023213,0,7,0,0,2,4,0,A01
200800023213,0,7,0,0,2,1,1,C01
200800023214,0,7,0,0,2,3,15,A01
200800023214,0,2,0,0,2,1,15,B01
200800023215,0,7,0,0,2,1,1,A01
200800023215,0,2,0,0,2,1,9,B01
200800023216,0,37,1,0,2,7,1,B01
200800023216,0,7,0,0,2,5,1,A01
200800023217,0,7,0,0,2,5,1,B01
200800023217,0,30,0,0,2,1,1,A01
200800023218,0,7,0,0,2,1,0,A01
200800023218,0,1,0,0,2,4,1,B01
200800023219,0,7,0,0,1,1,1,A01
200800023220,0,2,0,0,2,1,17,A01
200800023220,0,7,0,0,2,6,15,B01
200800023221,0,7,0,0,2,1,2,A01
200800023221,0,7,0,0,0,4,2,B01
200800023222,0,33,0,0,0,0,1,A01
200800023223,0,7,0,0,2,2,9,A01
200800023223,0,36,0,0,2,3,1,B01
200800023224,0,10,0,0,2,3,5,A01
200800023224,0,2,0,0,2,1,1,B01
200800023225,0,38,1,6,0,3,13,A01
200800023226,0,34,0,0,0,0,0,A01
200800023227,0,7,0,0,2,1,1,A01
200800023227,0,7,0,0,2,4,1,B01
200800023227,0,10,0,0,0,4,23,C01
200800023228,0,7,0,0,2,1,21,A01
200800023228,0,7,0,0,2,1,1,B01
200800023229,0,7,0,0,2,1,13,A01
200800023229,0,10,0,0,2,3,1,B01
200800023230,0,7,0,10,2,3,13,A01
200800023230,0,7,0,0,0,2,1,B01
200800023231,0,31,0,0,0,0,0,A01
200800023232,0,33,0,0,2,1,13,A01
200800023232,0,7,0,0,0,1,1,B01
200800023233,0,2,0,0,0,0,0,A01
200800023234,0,2,0,0,2,7,17,A01
200800023234,0,7,0,0,0,8,15,B01
200800023235,0,7,0,0,2,0,1,A01
200800023235,0,7,0,0,2,3,1,B01
200800023236,0,7,0,5,0,1,0,A01
200800023237,0,2,0,0,0,0,0,A01
200800023238,0,10,0,0,2,1,1,A01
200800023238,0,7,0,0,0,4,15,B01
200800023239,0,7,0,0,2,1,1,A01
200800023239,0,7,0,0,2,4,23,B01
200800023239,0,10,0,0,2,4,23,C01
200800023239,0,7,0,0,0,4,23,D01
200800023240,0,7,0,0,0,7,15,A01
200800023240,0,32,0,0,2,1,1,B01
200800023241,0,33,0,0,2,1,1,B01
200800023241,0,7,0,0,0,7,1,A01
200800023242,0,32,0,0,2,1,1,A01
200800023242,0,2,0,0,0,6,16,B01
200800023243,0,1,0,0,0,1,17,A01
200800023243,0,7,0,0,2,3,1,B01
200800023244,0,7,0,0,0,8,15,A01
200800023244,0,31,0,0,2,0,1,B01
200800023245,0,7,0,0,1,1,1,A01
200800023246,0,7,0,0,1,8,1,A01
200800023247,0,7,0,0,2,1,2,A01
200800023247,0,33,0,0,2,4,23,B01
200800023248,0,7,0,0,2,8,24,A01
200800023248,0,1,0,0,2,0,2,B01
200800023249,0,10,0,0,2,2,10,A01
200800023249,0,2,0,0,2,1,1,B01
200800023250,0,33,0,0,1,1,1,A01
200800023251,0,31,0,0,2,3,1,B01
200800023251,0,7,0,0,2,2,1,A01
200800023252,0,33,0,0,2,1,1,A01
200800023252,0,7,0,0,2,4,1,B01
200800023253,0,7,0,14,0,1,2,A01
200800023253,0,7,0,14,0,4,2,B01
200800023253,0,7,0,0,0,4,23,C01
200800023254,0,7,0,0,2,1,15,A01
200800023254,0,32,0,0,2,1,1,B01
200800023255,0,7,0,14,0,1,11,A01
200800023255,0,7,0,14,2,5,23,B01
200800023255,0,7,0,14,2,4,23,C01
200800023256,0,2,0,0,2,1,1,A01
200800023256,0,7,0,0,2,5,1,B01
200800023257,0,7,0,0,2,8,15,A01
200800023257,0,2,0,0,2,1,1,B01
200800023258,0,7,0,0,2,3,1,A01
200800023258,0,7,0,0,2,4,12,B01
200800023259,0,7,0,0,1,4,4,A01
200800023260,0,32,0,0,0,2,14,A01
200800023261,0,7,0,0,4,8,9,A01
200800023261,0,40,0,0,2,1,1,B01
200800023262,0,31,0,0,2,1,1,B01
200800023262,0,10,0,0,2,2,1,A01
200800023263,0,7,0,0,1,1,1,A01
200800023264,0,15,0,0,2,0,2,B01
200800023264,0,2,0,15,2,4,9,A01
200800023265,0,7,0,0,2,1,9,A01
200800023265,0,7,0,1,2,7,1,B01
200800023266,0,30,0,5,0,0,14,A01
200800023267,0,30,0,0,2,1,1,B01
200800023267,0,10,0,0,2,2,15,A01
200800023268,0,30,0,0,2,2,0,A01
200800023268,0,7,0,0,2,3,15,B01
200800023269,0,7,0,0,1,1,15,A01
200800023270,0,7,0,6,2,2,13,A01
200800023270,0,7,0,0,2,1,1,B01
200800023271,0,10,0,0,2,6,11,A01
200800023271,0,33,0,0,2,1,1,B01
200800023272,0,32,0,0,2,1,1,B01
200800023272,0,7,0,0,2,1,1,A01
200800023273,0,7,0,0,2,8,1,B01
200800023273,0,7,0,0,2,1,1,A01
200800023274,0,7,0,0,2,2,1,B01
200800023274,0,7,0,0,2,5,1,A01
200800023275,0,7,0,0,1,0,4,A01
200800023276,0,13,0,0,4,8,15,A01
200800023276,0,40,0,0,2,2,2,B01
200800023277,0,7,0,0,1,4,4,A01
200800023278,0,2,0,0,1,1,1,A01
200800023279,0,37,1,0,1,2,1,A01
200800023280,0,33,0,0,2,3,1,B01
200800023280,0,7,0,0,2,2,15,A01
200800023281,0,7,0,0,2,6,13,A01
200800023281,0,32,0,0,2,1,1,B01
200800023282,0,31,0,1,2,1,0,A01
200800023282,0,7,0,0,2,2,1,B01
200800023283,0,7,0,0,2,2,9,A01
200800023283,0,7,0,0,2,8,1,B01
200800023284,0,10,0,0,2,3,9,B01
200800023284,0,31,0,0,2,1,2,A01
200800023285,0,7,0,0,2,1,1,A01
200800023285,0,7,0,0,2,8,0,B01
200800023286,0,7,0,0,1,4,4,A01
200800023287,0,7,0,0,2,1,1,A01
200800023287,0,33,0,0,2,4,1,B01
200800023288,0,7,0,0,2,2,15,A01
200800023288,0,31,0,0,2,1,2,B01
200800023289,0,7,0,0,1,1,1,A01
200800023290,0,7,0,0,2,2,15,A01
200800023290,0,31,0,0,2,1,1,B01
200800023291,0,1,0,0,1,1,1,A01
200800023292,0,7,0,0,2,0,15,A01
200800023292,0,31,0,0,2,0,1,B01
200800023293,0,2,0,0,2,3,13,A01
200800023293,0,33,0,0,2,2,1,B01
200800023294,0,2,0,14,0,1,1,A01
200800023294,0,7,0,0,2,4,2,B01
200800023295,0,33,0,0,2,1,1,A01
200800023295,0,7,0,0,2,1,1,B01
200800023296,0,7,0,0,1,1,1,A01
200800023297,0,7,0,1,2,0,0,A01
200800023298,0,38,5,0,2,3,13,A01
200800023298,0,14,0,0,2,3,1,B01
200800023299,0,7,0,0,2,3,1,B01
200800023299,0,34,0,14,0,0,1,A01
200800023300,0,7,0,0,1,1,16,A01
200800023301,0,7,0,0,2,2,12,A01
200800023301,0,7,0,0,2,8,1,B01
200800023302,0,30,0,0,2,4,12,A01
200800023302,0,7,0,0,2,3,18,B01
200800023303,0,7,0,3,0,8,13,A01
200800023304,0,7,0,6,2,1,1,A01
200800023304,0,7,0,0,2,2,1,B01
200800023305,0,31,0,0,2,1,0,B01
200800023305,0,7,0,0,2,1,15,A01
200800023306,0,14,0,1,0,1,1,A01
200800023307,0,38,18,0,2,3,13,A01
200800023307,0,32,0,0,2,1,1,B01
200800023308,0,7,0,0,2,3,15,A01
200800023308,0,33,0,0,2,2,17,B01
200800023309,0,7,0,0,1,1,1,A01
200800023310,0,2,0,0,1,8,1,A01
200800023311,0,7,0,0,2,1,1,A01
200800023311,0,7,0,0,2,4,23,B01
200800023311,0,7,0,0,2,4,23,C01
200800023311,0,7,0,0,2,4,23,D01
200800023312,0,7,0,0,2,5,16,A01
200800023312,0,33,0,0,2,1,1,B01
200800023313,0,30,0,0,2,7,1,B01
200800023313,0,7,0,0,2,1,15,A01
200800023314,0,7,0,0,2,0,0,A01
200800023314,0,7,0,0,2,3,1,B01
200800023315,0,10,0,0,2,7,16,A01
200800023315,0,37,2,0,2,3,1,B01
200800023316,0,10,0,14,0,1,1,A01
200800023316,0,7,0,0,2,4,2,B01
200800023317,0,31,0,0,1,1,1,A01
200800023318,0,7,0,0,2,2,15,A01
200800023318,0,33,0,0,2,1,1,B01
200800023319,0,30,0,0,2,1,9,A01
200800023319,0,7,0,0,2,2,2,B01
200800023320,0,2,0,0,2,1,1,A01
200800023321,0,31,0,0,1,1,1,A01
200800023322,0,30,0,0,2,1,17,A01
200800023322,0,7,0,0,2,3,15,B01
200800023323,0,31,0,0,9,1,1,B01
200800023323,0,7,0,0,0,0,15,A01
200800023324,0,7,0,0,2,1,2,A01
200800023324,0,7,0,0,2,4,1,B01
200800023324,0,10,0,0,2,4,1,C01
200800023325,1,7,0,0,2,6,11,A01
200800023325,0,30,0,0,2,1,1,B01
200800023326,0,7,0,3,2,2,13,A01
200800023326,0,7,0,0,2,4,23,B01
200800023327,0,30,0,0,2,9,0,A01
200800023327,0,7,0,0,2,7,0,B01
200800023328,0,7,0,8,0,1,13,A01
200800023329,0,7,0,0,2,6,9,A01
200800023329,0,2,0,0,2,1,1,B01
200800023330,0,7,0,0,1,1,1,A01
200800023331,0,7,0,0,2,2,15,A01
200800023331,0,2,0,0,2,6,1,B01
200800023332,0,7,0,0,1,1,13,A01
200800023333,0,30,0,14,0,1,1,A01
200800023333,0,10,0,0,2,5,23,B01
200800023334,0,7,0,0,1,3,16,A01
200800023335,0,7,0,4,0,1,1,A01
200800023336,0,10,0,0,2,1,2,A01
200800023336,0,7,0,0,2,4,2,B01
200800023336,0,7,0,0,0,4,2,C01
200800023337,0,2,0,0,2,1,13,A01
200800023337,0,7,0,0,2,2,1,B01
200800023338,0,33,0,0,0,8,1,A01
200800023339,0,7,0,0,2,1,2,A01
200800023339,0,33,0,0,2,4,1,B01
200800023340,0,7,0,14,0,1,1,A01
200800023340,0,7,0,5,0,4,23,B01
200800023340,0,7,0,0,2,4,23,C01
200800023341,0,7,0,0,2,3,1,A01
200800023341,0,32,0,0,2,1,1,B01
200800023342,0,7,0,0,2,3,1,A01
200800023342,1,7,0,0,2,0,13,B01
200800023343,0,7,0,0,2,8,15,A01
200800023343,0,7,0,0,2,1,1,B01
200800023344,0,10,0,4,2,1,1,A01
200800023344,0,7,0,0,2,1,1,B01
200800023345,0,7,0,0,2,3,22,A01
200800023345,0,33,0,14,0,2,17,B01
200800023346,0,7,0,0,2,0,16,A01
200800023346,0,2,0,0,2,8,1,B01
200800023347,0,2,0,6,0,1,1,A01
200800023348,0,7,0,0,2,1,1,A01
200800023348,0,7,0,0,2,4,1,B01
200800023349,0,7,0,0,2,2,15,A01
200800023349,0,7,0,0,2,7,23,B01
200800023350,1,7,0,0,2,0,1,B01
200800023350,0,30,0,0,2,1,1,A01
200800023351,0,7,0,0,1,4,4,A01
200800023352,0,33,0,8,0,1,1,A01
200800023353,0,10,0,0,1,2,16,A01
200800023354,0,7,0,0,2,8,15,A01
200800023354,0,2,0,0,2,1,1,B01
200800023355,0,13,0,6,0,9,1,A01
200800023356,1,10,0,0,2,3,0,A01
200800023356,0,30,0,0,2,1,1,B01
200800023357,0,30,0,0,0,0,1,A01
200800023358,0,7,0,0,1,0,1,A01
200800023359,0,7,0,0,2,3,15,A01
200800023359,0,30,0,0,2,1,1,B01
200800023360,0,30,0,16,0,0,1,A01
200800023361,0,1,0,0,2,0,15,A01
200800023361,0,7,0,0,2,2,1,B01
200800023362,0,7,0,7,0,0,0,A01
200800023363,0,7,0,8,0,1,0,A01
200800023364,0,7,0,0,1,7,2,A01
200800023365,0,2,0,0,2,1,2,A01
200800023365,0,7,0,0,9,8,2,B01
200800023366,0,30,0,0,2,1,0,A01
200800023366,0,7,0,0,2,2,2,B01
200800023367,0,7,0,0,2,2,0,A01
200800023367,0,7,0,0,2,1,0,B01
200800023368,2,7,0,0,1,0,1,A01
200800023369,0,7,0,0,2,1,0,A01
200800023369,0,2,0,0,2,9,1,B01
200800023370,0,17,0,0,1,2,21,A01
200800023371,0,7,0,0,2,8,1,B01
200800023371,0,7,0,0,2,1,1,A01
200800023372,0,7,0,0,2,5,1,A01
200800023372,0,7,0,0,2,1,1,B01
200800023373,0,33,0,1,0,1,1,A01
200800023373,0,7,0,0,2,7,24,B01
200800023374,0,7,0,0,1,0,1,A01
200800023375,1,7,0,0,2,2,10,A01
200800023375,0,7,0,0,2,8,1,B01
200800023376,0,7,0,0,1,1,1,A01
200800023377,0,7,0,0,2,1,2,A01
200800023377,0,7,0,0,2,4,2,B01
200800023378,0,7,0,0,1,1,15,A01
200800023379,0,7,0,1,0,4,4,A01
200800023379,0,7,0,0,2,8,24,B01
200800023380,0,2,0,0,0,0,1,A01
200800023381,0,34,0,0,0,0,1,A01
200800023382,0,30,0,0,2,1,1,B01
200800023382,0,7,0,0,2,1,15,A01
200800023383,0,7,0,6,0,3,13,A01
200800023384,0,2,0,0,0,0,1,A01
200800023384,0,7,0,0,0,0,0,B01
200800023385,0,7,0,0,1,2,1,A01
200800023386,0,7,0,13,0,9,1,A01
200800023387,0,7,0,15,0,2,1,A01
200800023388,0,7,0,0,2,1,15,A01
200800023388,0,33,0,0,2,7,1,B01
200800023389,0,33,0,0,2,7,2,A01
200800023389,0,7,0,0,2,5,2,B01
200800023390,0,1,0,0,1,0,0,A01
200800023391,0,7,0,0,2,1,0,A01
200800023391,0,10,0,0,2,8,1,B01
200800023392,0,7,0,11,9,2,7,A01
200800023392,0,2,0,0,0,7,3,B01
200800023392,0,7,0,0,0,0,14,C01
200800023393,0,7,0,0,0,3,15,A01
200800023393,0,30,0,0,2,1,21,B01
200800023394,0,7,0,2,0,1,1,A01
200800023395,0,20,0,0,2,3,2,A01
200800023395,0,7,0,0,2,2,15,B01
200800023396,0,7,0,0,2,3,16,A01
200800023396,0,7,0,0,0,3,15,B01
200800023397,0,10,0,0,2,3,16,B01
200800023397,0,10,0,0,2,3,1,A01
200800023398,0,7,0,0,0,2,0,A01
200800023398,0,30,0,0,0,8,8,B01
200800023399,0,7,0,0,2,1,1,A01
200800023399,0,7,0,0,2,4,2,B01
200800023400,0,7,0,1,0,1,1,A01
200800023401,0,30,0,0,0,0,15,A01
200800023401,0,7,0,0,0,0,1,B01
200800023402,0,30,0,0,2,1,1,A01
200800023402,0,7,0,0,2,1,15,B01
200800023403,0,7,0,0,2,8,15,A01
200800023403,0,2,0,0,2,1,1,B01
200800023404,0,31,0,12,0,1,15,A01
200800023405,0,30,0,0,1,1,1,A01
200800023406,0,7,0,0,2,2,12,A01
200800023406,0,30,0,0,2,3,21,B01
200800023407,0,30,0,15,2,5,23,B01
200800023407,1,7,0,0,2,0,9,A01
200800023408,0,32,0,0,2,2,11,A01
200800023408,0,7,0,0,2,3,1,B01
200800023409,0,30,0,0,2,1,1,A01
200800023409,0,7,0,0,0,3,1,B01
200800023409,0,7,0,0,0,3,1,C01
200800023410,0,7,0,0,1,1,1,A01
200800023411,0,7,2,0,2,4,2,A01
200800023411,0,7,0,0,2,8,5,B01
200800023411,0,7,0,0,2,1,5,C01
200800023411,0,7,0,0,2,1,2,D01
200800023412,0,7,0,0,2,2,2,A01
200800023412,0,1,0,0,0,4,2,B01
200800023412,0,7,0,0,0,4,2,C01
200800023413,0,7,0,0,0,1,1,A01
200800023414,0,7,0,0,2,3,2,A01
200800023414,0,7,0,0,2,8,2,B01
200800023415,0,7,0,0,2,3,9,A01
200800023415,0,7,0,0,2,1,2,B01
200800023416,0,7,0,0,1,2,1,A01
200800023417,0,99,0,0,0,1,9,A01
200800023418,1,30,0,0,1,1,1,A01
200800023419,0,7,0,0,2,1,13,A01
200800023419,0,7,0,1,2,3,1,B01
200800023420,0,7,0,0,2,1,1,A01
200800023420,0,7,0,0,0,0,0,B01
200800023421,0,32,0,0,2,7,1,A01
200800023421,1,7,0,0,2,3,15,B01
200800023422,0,30,0,0,0,3,1,A01
200800023423,0,7,0,0,0,5,13,A01
200800023423,0,2,0,0,2,1,1,B01
200800023424,0,7,0,0,2,1,0,A01
200800023424,0,7,0,0,2,7,0,B01
200800023425,0,7,0,0,0,3,10,A01
200800023425,0,30,0,0,2,1,2,B01
200800023426,0,32,0,0,2,1,1,A01
200800023426,0,7,0,0,2,5,15,B01
200800023427,0,7,0,0,2,3,2,A01
200800023427,0,7,0,0,2,5,23,B01
200800023427,0,7,0,0,2,4,23,C01
200800023428,0,30,0,0,2,7,16,B01
200800023429,0,31,0,0,2,1,1,A01
200800023429,0,7,0,0,2,2,0,B01
200800023430,1,7,0,1,0,0,0,A01
200800023430,0,7,0,0,0,0,0,B01
200800023430,0,7,0,0,0,0,0,C01
200800023431,0,33,0,0,2,1,5,A01
200800023431,0,7,0,0,2,6,1,B01
200800023431,0,7,0,0,2,1,1,C01
200800023432,0,33,0,0,2,2,17,A01
200800023432,0,7,0,0,2,8,15,B01
200800023433,0,32,0,0,2,1,5,A01
200800023433,0,7,0,0,2,1,9,B01
200800023434,0,7,0,0,2,2,12,A01
200800023434,0,7,0,0,0,8,2,B01
200800023435,0,33,0,0,2,7,1,A01
200800023435,0,7,0,0,2,4,15,B01
200800023436,0,30,0,0,2,2,17,A01
200800023436,0,7,0,0,2,3,15,B01
200800023437,0,7,0,0,2,2,12,A01
200800023437,0,7,0,0,2,3,1,B01
200800023438,0,7,0,4,0,2,13,A01
200800023439,0,7,0,0,9,1,1,A01
200800023439,0,1,0,0,2,1,5,B01
200800023439,0,1,0,0,2,1,5,C01
200800023440,0,7,0,0,2,1,2,A01
200800023440,0,7,0,0,2,4,2,B01
200800023440,0,7,0,0,0,4,2,C01
200800023441,0,7,0,0,2,0,9,A01
200800023441,0,2,0,0,2,7,1,B01
200800023442,0,7,0,0,2,2,6,A01
200800023442,0,7,0,0,2,1,1,B01
200800023443,0,7,0,0,2,1,1,A01
200800023443,0,30,0,0,2,1,15,B01
200800023444,0,7,0,0,2,3,20,A01
200800023444,0,7,0,0,2,5,12,B01
200800023445,0,30,0,0,2,3,2,A01
200800023445,0,7,0,0,2,3,2,B01
200800023446,0,7,0,0,2,3,15,A01
200800023446,0,2,0,0,2,0,17,B01
200800023447,1,30,0,0,1,1,1,A01
200800023448,0,32,0,0,2,2,17,A01
200800023448,0,7,0,0,2,3,15,B01
200800023449,0,7,0,8,0,2,1,A01
200800023450,0,7,0,0,2,1,2,A01
200800023450,0,7,0,0,2,4,2,B01
200800023451,0,7,0,0,2,6,19,A01
200800023451,0,33,0,0,2,1,1,B01
200800023452,0,7,0,0,2,3,15,B01
200800023452,0,33,0,0,2,7,1,A01
200800023453,1,7,0,1,1,3,1,A01
200800023454,0,30,0,1,0,1,14,A01
200800023455,0,7,0,0,1,2,16,A01
200800023456,0,7,0,0,2,1,1,A01
200800023456,0,7,0,0,2,8,15,B01
200800023457,0,7,0,0,0,7,15,A01
200800023457,0,30,0,0,2,7,1,B01
200800023458,0,32,0,0,0,0,1,A01
200800023459,0,7,0,0,2,3,15,A01
200800023459,0,33,0,0,2,2,17,B01
200800023460,0,7,0,0,2,4,9,A01
200800023460,0,14,0,0,2,2,1,B01
200800023461,0,7,0,0,2,3,15,A01
200800023461,0,33,0,0,2,1,17,B01
200800023462,0,7,0,0,2,0,9,A01
200800023462,0,30,0,0,2,1,1,B01
200800023463,0,37,1,0,2,8,15,A01
200800023463,0,2,0,0,2,1,1,B01
200800023464,0,7,0,0,2,1,2,A01
200800023464,0,7,0,0,2,0,2,B01
200800023464,0,7,0,0,2,4,2,C01
200800023465,0,7,0,0,2,2,0,A01
200800023465,0,7,0,0,2,3,2,B01
200800023466,0,7,0,0,0,5,15,A01
200800023466,0,32,0,0,2,5,16,B01
200800023467,0,30,0,0,2,1,2,A01
200800023467,0,7,0,0,2,1,2,B01
200800023468,0,7,0,0,2,8,24,A01
200800023468,0,10,0,1,0,7,2,B01
200800023469,0,7,0,0,2,3,2,A01
200800023469,0,33,0,0,2,7,17,B01
200800023470,0,30,0,0,2,7,16,A01
200800023470,0,7,0,0,2,3,2,B01
200800023471,0,7,0,0,0,0,0,A01
200800023472,0,7,0,0,2,2,14,A01
200800023472,0,33,0,12,1,1,14,B01
200800023473,1,31,0,0,1,1,1,A01
200800023474,0,15,0,0,0,1,15,A01
200800023474,0,7,0,0,0,8,15,B01
200800023475,0,13,0,0,2,1,2,A01
200800023475,0,7,0,0,2,4,2,B01
200800023476,0,34,0,0,0,0,2,A01
200800023477,0,7,0,0,2,3,1,B01
200800023477,0,1,0,0,2,8,0,A01
200800023478,0,33,0,13,0,2,1,A01
200800023479,0,34,0,0,2,2,13,A01
200800023479,0,7,0,0,0,8,15,B01
200800023480,1,7,0,0,0,3,15,B01
200800023480,0,31,0,0,5,7,1,A01
200800023481,0,7,0,0,2,1,2,A01
200800023481,0,30,0,0,2,4,11,B01
200800023482,0,37,0,0,1,3,1,A01
200800023483,0,7,0,2,0,1,1,A01
200800023484,0,7,0,0,1,2,21,A01
200800023485,0,7,0,0,2,0,15,A01
200800023485,0,33,0,0,2,2,1,B01
200800023486,0,7,0,0,2,3,1,A01
200800023486,0,7,0,0,2,5,1,B01
200800023487,0,7,0,0,9,2,1,A01
200800023488,0,7,0,0,2,7,11,A01
200800023488,0,7,0,0,2,1,1,B01
200800023489,0,7,0,0,2,3,9,A01
200800023489,0,33,0,0,2,8,1,B01
200800023490,0,30,0,0,2,1,5,A01
200800023490,0,33,0,0,2,3,1,B01
200800023491,1,7,0,0,0,0,0,A01
200800023492,0,7,0,0,2,1,2,A01
200800023492,0,7,0,0,2,4,1,B01
200800023493,0,7,0,0,2,5,15,A01
200800023493,0,31,0,0,2,7,1,B01
200800023494,0,30,0,0,2,1,2,A01
200800023494,0,7,0,0,2,3,2,B01
200800023495,0,7,0,0,2,2,12,A01
200800023495,0,33,0,0,2,8,0,B01
200800023496,0,30,0,1,0,0,0,A01
200800023496,0,7,0,0,2,2,2,B01
200800023497,0,7,0,2,0,2,1,A01
200800023498,0,7,0,0,2,1,0,A01
200800023498,0,7,0,0,2,4,0,B01
200800023499,1,7,0,0,2,0,13,A01
200800023499,0,33,0,0,2,2,21,B01
200800023500,0,7,0,0,2,6,1,A01
200800023500,0,7,0,0,2,3,0,B01
200800023501,0,7,0,0,2,8,24,A01
200800023501,0,30,0,1,0,1,17,B01
200800023502,0,7,0,0,2,3,1,A01
200800023502,0,7,0,0,2,3,1,B01
200800023503,0,33,0,0,0,0,0,B01
200800023503,0,7,0,0,0,0,0,A01
200800023504,0,7,0,0,2,3,20,A01
200800023504,0,32,0,0,2,1,1,B01
200800023505,0,33,0,0,2,7,2,A01
200800023505,0,7,0,0,5,8,21,B01
200800023506,0,32,0,0,2,2,12,A01
200800023506,0,7,0,0,2,3,2,B01
200800023507,0,30,0,0,1,3,1,A01
200800023508,0,7,0,0,9,3,11,A01
200800023508,0,32,0,0,0,7,1,B01
200800023509,0,7,0,0,1,1,1,A01
200800023510,0,37,1,0,1,3,15,A01
200800023511,0,7,0,6,2,1,16,A01
200800023511,0,7,0,0,2,2,15,B01
200800023512,0,7,0,0,2,3,15,A01
200800023512,0,32,0,12,2,1,1,B01
200800023513,0,15,0,0,1,3,0,A01
200800023514,0,7,0,0,2,0,0,A01
200800023514,0,30,0,0,2,0,0,B01
200800023515,1,30,0,0,0,1,0,A01
200800023516,0,7,0,0,0,0,9,A01
200800023516,0,1,0,0,0,0,2,B01
200800023517,0,7,0,0,2,3,17,A01
200800023517,0,30,0,0,2,7,17,B01
200800023518,0,7,0,0,2,3,1,A01
200800023518,0,32,0,0,2,7,16,B01
200800023519,0,7,0,0,9,1,16,A01
200800023519,0,1,0,0,0,0,0,B01
200800023520,0,7,0,0,1,2,13,A01
200800023521,0,10,0,0,1,2,1,A01
200800023522,0,34,0,0,2,1,1,A01
200800023522,0,7,0,0,2,3,15,B01
200800023523,0,7,0,0,0,3,5,A01
200800023523,0,7,0,0,0,3,0,B01
200800023524,0,31,0,0,2,3,7,B01
200800023524,0,30,0,0,2,2,0,A01
200800023525,0,33,0,0,0,0,0,A01
200800023526,0,7,0,1,0,1,1,A01
200800023527,0,7,0,0,2,3,22,A01