Num_Acc,senc,catv,occutc,obs,obsm,choc,manv,num_veh
200800023889,0,7,0,0,2,4,4,A01
200800023890,0,7,0,1,0,2,1,A01
200800023891,0,7,0,0,2,8,1,B01
200800023891,0,7,0,0,2,1,1,A01
200800023892,0,30,0,0,0,0,1,A01
200800023893,0,31,0,0,2,7,18,A01
200800023893,0,33,0,0,2,1,16,B01
200800023894,0,7,0,0,2,1,1,B01
200800023894,0,7,0,0,2,7,16,A01
200800023895,0,7,0,0,1,4,20,A01
200800023896,0,7,0,0,9,0,23,A01
200800023897,0,7,0,0,1,0,19,A01
200800023898,0,7,0,0,2,4,2,B01
200800023898,0,7,0,0,2,1,2,A01
200800023899,0,7,0,0,2,2,15,A01
200800023899,0,7,0,0,2,1,1,B01
200800023900,0,7,0,0,9,1,15,A01
200800023901,0,7,0,0,2,3,9,A01
200800023901,0,2,0,0,2,1,1,B01
200800023902,0,7,0,0,2,4,2,A01
200800023902,0,7,0,0,2,1,2,B01
200800023902,0,7,0,0,2,1,2,C01
200800023903,0,33,0,8,0,1,1,A01
200800023904,0,7,0,0,0,9,2,A01
200800023905,0,7,0,0,2,3,9,A01
200800023905,0,2,0,0,2,1,2,B01
200800023906,0,37,1,0,1,1,1,A01
200800023907,0,7,0,0,2,1,21,A01
200800023908,0,2,0,0,2,1,1,A01
200800023908,0,7,0,0,2,8,10,B01
200800023909,0,33,0,0,2,1,2,A01
200800023909,0,7,0,0,2,4,2,B01
200800023910,0,7,0,0,2,1,13,A01
200800023910,0,7,0,0,2,1,1,B01
200800023911,0,7,0,0,2,3,13,A01
200800023911,0,7,0,0,2,3,1,B01
200800023912,0,7,0,0,1,1,15,A01
200800023913,0,32,0,0,0,0,1,A01
200800023914,0,7,0,0,2,7,15,A01
200800023914,0,7,0,0,2,1,1,B01
200800023915,0,7,0,0,2,8,9,A01
200800023915,0,7,0,0,2,1,1,B01
200800023916,1,14,0,0,0,0,13,C01
200800023916,0,7,0,0,2,1,1,A01
200800023916,0,7,0,0,0,4,21,B01
200800023917,0,7,0,0,1,2,1,A01
200800023918,0,33,0,0,2,1,1,A01
200800023918,0,7,0,0,2,0,0,B01
200800023919,0,30,0,0,2,1,1,A01
200800023919,0,7,0,0,2,4,1,B01
200800023920,0,7,0,0,2,3,1,A01
200800023920,0,7,0,0,2,4,1,B01
200800023921,0,7,0,9,0,1,1,A01
200800023922,0,7,0,0,2,2,9,A01
200800023922,0,2,0,0,2,2,1,B01
200800023923,0,7,0,0,2,1,2,A01
200800023923,0,7,0,0,0,4,1,B01
200800023924,0,7,0,0,2,3,1,A01
200800023924,0,7,0,0,2,3,1,B01
200800023925,0,30,0,0,2,1,17,A01
200800023925,0,7,0,0,0,8,15,B01
200800023926,0,7,0,0,2,1,1,A01
200800023926,2,7,0,0,2,4,5,B01
200800023927,0,30,0,0,1,1,1,A01
200800023928,0,7,0,13,0,9,1,A01
200800023929,0,7,0,6,0,1,2,A01
200800023930,0,7,0,0,2,1,5,A01
200800023930,0,15,0,0,2,1,1,B01
200800023931,0,33,0,5,0,1,2,A01
200800023932,0,7,0,0,1,3,1,A01
200800023933,0,31,0,0,2,7,9,A01
200800023933,0,7,0,0,2,6,1,B01
200800023934,0,7,0,0,2,3,15,A01
200800023934,0,30,0,0,2,2,17,B01
200800023935,0,7,0,3,0,0,0,A01
200800023936,0,7,0,0,1,1,1,A01
200800023937,0,30,0,0,2,8,2,B01
200800023937,0,7,0,0,2,6,14,A01
200800023938,0,30,0,0,2,0,0,B01
200800023938,0,7,0,0,2,2,15,A01
200800023939,0,2,0,1,2,3,17,A01
200800023939,0,7,0,0,2,1,24,C01
200800023939,0,7,0,0,2,3,15,B01
200800023940,0,7,0,0,2,4,23,C01
200800023940,0,7,0,0,2,1,2,A01
200800023940,0,7,0,0,2,4,23,B01
200800023941,0,7,0,0,1,0,1,A01
200800023942,0,7,0,0,2,4,2,B01
200800023942,0,7,0,0,2,1,2,A01
200800023942,0,7,0,0,0,4,2,C01
200800023943,0,2,0,0,2,9,1,A01
200800023943,0,7,0,0,2,1,1,B01
200800023944,0,2,0,2,0,2,14,A01
200800023945,0,14,0,0,2,1,2,A01
200800023945,0,10,0,0,2,1,2,B01
200800023945,0,10,0,0,0,4,2,C01
200800023946,0,7,0,13,0,1,13,A01
200800023947,0,7,0,0,2,3,1,A01
200800023947,0,7,0,0,2,3,24,B01
200800023948,0,10,0,0,2,1,2,A01
200800023948,0,7,0,0,0,4,15,B01
200800023949,0,7,0,0,0,9,0,A01
200800023950,0,7,0,0,2,1,5,A01
200800023950,0,7,0,0,2,1,1,B01
200800023951,0,7,0,0,2,1,5,A01
200800023951,0,7,0,0,2,1,1,B01
200800023952,0,7,0,13,2,8,1,A01
200800023953,0,10,0,0,2,8,1,A01
200800023953,0,30,0,0,2,1,1,B01
200800023954,0,7,0,0,2,1,16,B01
200800023954,0,7,0,0,2,1,15,A01
200800023955,0,7,0,0,2,2,15,A01
200800023955,0,7,0,0,2,1,1,B01
200800023956,0,30,0,0,1,1,1,A01
200800023957,0,7,0,0,0,0,12,A01
200800023957,0,33,0,0,0,0,1,B01
200800023958,0,7,0,0,2,3,1,A01
200800023958,0,1,0,0,2,1,1,B01
200800023959,0,7,0,0,2,1,2,A01
200800023959,0,7,0,0,2,4,1,B01
200800023960,0,7,0,0,2,3,19,A01
200800023960,0,10,0,0,2,2,1,B01
200800023961,1,7,0,0,1,1,0,A01
200800023962,0,7,0,0,2,8,10,A01
200800023962,0,7,0,0,2,1,1,B01
200800023963,0,7,0,0,0,3,16,B01
200800023963,0,30,0,0,2,7,1,A01
200800023964,0,7,0,0,2,2,1,A01
200800023964,0,7,0,0,2,3,1,B01
200800023965,2,7,0,0,2,1,13,A01
200800023965,0,7,0,0,2,1,1,B01
200800023966,0,33,0,12,0,1,1,A01
200800023967,0,37,0,0,1,1,0,A01
200800023968,0,7,0,0,0,4,2,C01
200800023968,0,10,0,0,2,1,2,A01
200800023968,0,7,0,0,2,4,2,B01
200800023969,1,7,0,0,2,1,1,A01
200800023969,0,33,0,0,2,4,1,B01
200800023970,0,7,0,0,2,1,15,A01
200800023970,0,7,0,0,2,7,1,B01
200800023971,0,7,0,0,2,3,15,B01
200800023971,0,1,0,0,2,1,5,A01
200800023972,0,1,0,0,2,1,1,B01
200800023972,0,7,0,0,2,1,1,A01
200800023973,0,7,0,0,2,3,16,A01
200800023973,0,31,0,0,2,1,1,B01
200800023974,0,33,0,0,2,1,1,A01
200800023974,0,7,0,0,2,8,10,B01
200800023975,0,1,0,14,2,0,5,A01
200800023975,0,37,1,0,0,8,1,B01
200800023976,0,7,0,0,2,1,2,A01
200800023976,0,7,0,0,2,4,15,B01
200800023977,0,32,0,0,2,1,1,A01
200800023977,0,7,0,0,2,1,1,B01
200800023978,0,7,0,2,0,0,2,A01
200800023979,0,7,0,4,0,1,16,A01
200800023980,0,30,0,0,0,8,1,A01
200800023981,0,2,0,0,2,0,21,A01
200800023981,0,7,0,0,2,2,0,B01
200800023982,0,2,0,0,2,5,17,A01
200800023982,0,7,0,0,2,6,15,B01
200800023983,0,7,0,0,9,2,16,B01
200800023983,0,1,0,0,2,1,5,A01
200800023984,0,31,0,0,2,3,9,A01
200800023984,0,7,0,0,2,2,1,B01
200800023985,0,7,0,0,0,9,1,B01
200800023985,0,7,0,14,0,1,1,A01
200800023985,0,7,0,0,2,6,23,C01
200800023986,0,7,0,0,2,1,16,A01
200800023986,0,33,0,0,2,8,15,B01
200800023987,0,1,0,0,2,1,1,B01
200800023987,0,7,0,0,2,7,18,A01
200800023988,2,7,0,0,2,1,0,A01
200800023988,0,7,0,0,2,1,1,B01
200800023989,0,7,0,0,2,2,5,A01
200800023989,0,33,0,0,2,1,5,B01
200800023990,0,7,0,0,2,0,0,A01
200800023990,0,7,0,0,0,3,0,B01
200800023991,0,7,0,0,2,1,1,A01
200800023991,0,7,0,0,2,2,15,B01
200800023992,0,7,0,0,1,7,1,A01
200800023993,0,30,0,0,0,1,1,A01
200800023994,0,7,0,0,0,9,1,A01
200800023995,0,7,0,0,2,1,1,B01
200800023995,0,30,0,0,2,3,1,A01
200800023996,0,30,0,0,1,1,7,A01
200800023997,0,7,0,0,1,2,1,A01
200800023998,0,7,0,0,0,4,12,A01
200800023998,0,14,0,0,2,1,1,B01
200800023999,0,7,0,0,2,1,1,A01
200800023999,0,2,0,0,2,4,1,B01
200800024000,0,2,0,0,2,1,1,A01
200800024000,0,2,0,0,2,4,13,B01
200800024001,0,7,0,0,2,0,0,A01
200800024002,1,30,0,0,1,1,1,A01
200800024003,0,7,0,0,2,1,1,A01
200800024003,0,37,1,0,2,4,23,B01
200800024004,0,7,0,0,1,2,1,A01
200800024005,0,30,0,0,2,6,17,A01
200800024005,0,30,0,0,2,1,1,B01
200800024006,0,7,0,0,2,3,15,A01
200800024006,0,7,0,0,2,3,1,B01
200800024007,0,14,0,0,2,1,1,A01
200800024007,0,7,0,4,2,4,1,B01
200800024007,0,7,0,0,2,1,1,C01
200800024008,0,10,0,0,2,3,15,A01
200800024008,0,7,0,0,2,3,1,B01
200800024009,0,7,0,8,0,2,14,A01
200800024010,0,2,0,0,2,3,1,A01
200800024011,0,7,0,5,0,1,13,A01
200800024012,0,7,0,0,0,3,9,A01
200800024012,0,33,0,0,2,1,1,B01
200800024013,0,2,0,0,0,2,0,A01
200800024013,0,7,0,0,0,2,0,B01
200800024014,0,7,0,0,2,1,0,A01
200800024014,1,7,0,0,2,0,0,B01
200800024015,2,7,0,0,2,7,0,A01
200800024015,0,7,0,1,0,6,24,B01
200800024015,0,7,0,0,0,3,24,C01
200800024016,0,7,0,0,1,2,0,A01
200800024016,0,7,0,0,2,0,0,B01
200800024017,0,32,0,0,1,1,1,A01
200800024018,0,7,0,0,0,5,0,A01
200800024019,0,7,0,0,0,6,17,A01
200800024019,0,14,0,0,2,1,1,B01
200800024019,0,7,0,0,0,4,2,C01
200800024020,0,32,0,0,0,0,0,A01
200800024021,0,2,0,0,2,0,0,A01
200800024021,1,7,0,0,0,0,0,B01
200800024022,0,7,0,0,2,1,1,A01
200800024022,0,7,0,0,2,4,2,B01
200800024022,0,7,0,0,0,4,2,C01
200800024023,0,7,0,0,2,3,2,A01
200800024023,0,7,0,0,2,3,2,B01
200800024023,0,7,0,0,2,1,2,C01
200800024023,0,7,0,0,0,4,2,D01
200800024024,0,7,0,3,0,3,15,A01
200800024025,0,7,0,0,2,1,1,A01
200800024025,0,10,0,0,2,7,1,B01
200800024026,0,7,0,0,0,9,0,A01
200800024027,0,33,0,0,2,1,0,A01
200800024027,0,7,0,0,0,6,15,B01
200800024028,0,2,0,0,2,2,15,A01
200800024028,0,7,0,0,2,2,0,B01
200800024029,0,31,0,0,2,1,0,A01
200800024029,0,7,0,0,0,6,23,B01
200800024030,0,7,0,0,2,3,2,A01
200800024030,0,7,0,0,2,4,2,B01
200800024031,0,33,0,0,2,1,2,A01
200800024031,0,7,0,0,0,4,23,B01
200800024032,0,7,0,14,0,9,1,A01
200800024032,0,15,0,0,0,8,1,B01
200800024033,0,7,0,0,2,2,0,A01
200800024033,0,15,0,0,2,2,0,B01
200800024034,0,7,0,0,2,4,1,A01
200800024034,0,37,1,0,0,1,1,B01
200800024035,0,7,0,0,1,4,4,A01
200800024036,0,30,0,0,0,7,0,A01
200800024037,0,30,0,0,0,1,0,A01
200800024038,0,38,3,0,1,0,1,A01
200800024039,0,7,0,0,2,9,0,A01
200800024039,0,7,0,0,2,1,0,B01
200800024039,0,7,0,0,2,4,0,C01
200800024040,0,7,0,0,1,3,0,A01
200800024041,0,31,0,0,2,1,0,B01
200800024041,0,7,0,0,2,8,0,A01
200800024042,0,7,0,0,2,2,0,A01
200800024042,0,7,0,0,2,8,0,B01
200800024042,0,7,0,0,2,4,0,C01
200800024043,0,7,0,0,2,3,0,B01
200800024043,0,2,0,0,2,0,0,A01
200800024044,0,7,0,0,2,1,0,A01
200800024044,0,7,0,0,2,1,0,B01
200800024045,0,7,0,0,2,0,0,A01
200800024045,0,2,0,0,2,0,0,B01
200800024046,0,1,0,0,2,0,1,A01
200800024047,0,7,0,1,0,2,0,A01
200800024047,0,30,0,0,2,3,20,B01
200800024048,0,7,0,0,2,1,0,A01
200800024048,0,7,0,0,2,8,1,B01
200800024049,0,7,0,10,0,1,0,A01
200800024050,0,7,0,0,2,7,0,A01
200800024050,0,30,0,0,2,1,0,B01
200800024051,0,7,0,0,2,1,0,B01
200800024051,0,7,0,0,2,2,0,A01
200800024052,0,7,0,0,1,0,0,A01
200800024053,0,7,0,0,2,3,0,A01
200800024053,0,2,0,0,2,8,0,B01
200800024054,0,1,0,0,2,4,0,A01
200800024054,0,33,0,0,2,7,0,B01
200800024055,0,30,0,0,0,7,0,A01
200800024056,0,31,0,15,0,3,0,A01
200800024057,0,7,0,0,0,2,0,A01
200800024058,0,30,0,0,2,1,0,A01
200800024058,0,7,0,0,2,2,0,B01
200800024059,0,7,0,0,1,0,0,A01
200800024060,0,7,0,15,0,2,0,A01
200800024061,0,7,0,0,2,1,0,B01
200800024061,0,10,0,0,2,3,0,A01
200800024062,0,7,0,10,0,4,0,A01
200800024063,0,14,0,0,0,0,0,A01
200800024063,0,7,0,3,9,9,0,B01
200800024064,1,7,0,0,1,0,0,A01
200800024065,0,7,0,0,2,0,17,A01
200800024065,0,10,0,0,2,8,0,B01
200800024066,0,38,1,0,2,1,0,A01
200800024066,0,10,0,0,2,5,0,B01
200800024066,0,7,0,0,2,4,0,C01
200800024067,0,7,0,0,2,8,0,A01
200800024067,0,7,0,0,2,8,0,B01
200800024068,0,10,0,0,2,2,0,A01
200800024068,0,10,0,0,2,1,0,B01
200800024069,0,7,0,0,2,4,16,C01
200800024069,0,7,0,0,2,1,1,A01
200800024069,0,7,0,0,2,4,1,B01
200800024070,0,7,0,0,2,4,0,A01
200800024070,0,7,0,0,2,4,0,B01
200800024070,0,7,0,0,2,4,0,C01
200800024071,0,7,0,0,2,1,0,A01
200800024071,0,7,0,0,2,4,0,B01
200800024071,0,7,0,0,2,4,0,C01
200800024071,0,7,0,0,2,4,0,D01
200800024072,0,7,0,6,0,9,0,A01
200800024073,0,7,0,0,2,6,0,A01
200800024073,0,31,0,0,2,3,0,B01
200800024074,0,7,0,2,0,1,0,A01
200800024075,0,7,0,0,2,1,0,A01
200800024075,0,1,0,0,2,4,19,B01
200800024076,0,7,0,14,0,1,0,A01
200800024077,0,7,0,0,2,1,0,A01
200800024077,0,7,0,0,2,1,0,B01
200800024078,0,7,0,0,2,1,1,A01
200800024078,0,7,0,0,2,4,0,B01
200800024079,0,10,0,0,1,0,0,A01
200800024080,0,7,0,0,2,1,0,B01
200800024080,0,7,0,0,2,1,0,A01
200800024081,0,7,0,0,2,2,0,A01
200800024081,0,33,0,0,2,1,0,B01
200800024082,0,7,0,0,2,3,14,A01
200800024082,0,7,0,0,2,3,21,B01
200800024083,0,33,0,12,0,1,1,A01
200800024084,0,7,0,0,2,1,1,A01
200800024084,0,7,0,0,2,4,21,B01
200800024084,0,7,0,0,0,0,13,C01
200800024085,0,7,0,0,1,1,15,A01
200800024086,1,7,0,0,1,7,1,A01
200800024087,0,2,0,0,2,1,1,B01
200800024087,0,7,0,0,2,7,1,A01
200800024088,0,14,0,0,2,5,1,B01
200800024088,0,1,0,0,2,8,16,A01
200800024089,0,7,0,0,2,4,4,A01
200800024089,0,1,0,0,0,1,1,B01
200800024090,0,7,0,15,0,1,13,A01
200800024091,0,7,0,0,2,3,13,A01
200800024091,0,7,0,0,2,8,1,B01
200800024091,0,7,0,0,2,1,1,C01
200800024092,0,33,0,0,0,2,1,B01
200800024093,0,7,0,0,2,1,1,A01
200800024093,0,7,0,0,0,4,1,B01
200800024094,0,7,0,7,2,1,18,A01
200800024094,0,7,0,0,2,5,1,B01
200800024094,0,7,0,0,2,1,1,C01
200800024095,0,7,0,0,2,2,1,A01
200800024095,0,30,0,0,0,8,13,B01
200800024096,0,31,0,0,0,6,16,B01
200800024096,0,99,0,0,2,2,16,A01
200800024097,0,31,0,0,2,1,1,A01
200800024097,0,2,0,0,0,4,23,B01
200800024098,0,37,30,1,0,1,16,A01
200800024099,0,33,0,0,1,2,1,A01
200800024100,0,34,0,0,2,3,1,A01
200800024100,0,7,0,0,0,7,14,B01
200800024101,0,7,0,0,1,0,1,A01
200800024102,0,31,0,0,0,7,15,A01
200800024102,0,7,0,0,2,2,1,B01
200800024103,0,7,0,0,0,4,1,B01
200800024103,0,33,0,0,2,1,9,A01
200800024104,0,33,0,0,0,7,1,A01
200800024105,0,7,0,0,0,0,15,A01
200800024105,0,31,0,12,0,2,21,B01
200800024106,0,32,0,0,2,2,1,B01
200800024106,0,7,0,0,0,3,1,A01
200800024107,0,7,0,0,9,2,15,A01
200800024107,0,33,0,0,0,8,1,B01
200800024108,0,30,0,0,2,1,16,B01
200800024108,0,7,0,0,0,2,15,A01
200800024109,0,2,0,0,2,3,1,A01
200800024109,0,7,0,0,0,7,16,B01
200800024110,0,30,0,0,2,1,1,B01
200800024110,0,7,0,0,2,1,15,A01
200800024111,1,10,0,0,1,0,1,A01
200800024112,0,31,0,0,2,3,18,A01
200800024112,0,14,0,0,0,2,16,B01
200800024113,0,7,0,0,2,1,1,B01
200800024113,0,1,0,0,2,1,1,A01
200800024114,0,7,0,0,2,2,1,B01
200800024114,0,7,0,0,0,2,15,A01
200800024115,0,2,0,0,2,1,1,B01
200800024115,0,7,0,0,0,6,15,A01
200800024116,0,32,0,0,0,2,1,B01
200800024116,0,2,0,0,2,1,1,A01
200800024117,0,7,0,0,1,3,21,A01
200800024118,0,30,0,0,0,0,1,B01
200800024118,0,7,0,0,2,1,1,A01
200800024119,0,7,0,0,1,2,15,A01
200800024120,0,7,0,0,1,2,1,A01
200800024121,0,7,0,0,0,3,1,A01
200800024121,0,7,0,0,2,1,1,B01
200800024122,0,7,0,0,2,3,13,A01
200800024122,0,30,0,0,2,1,1,B01
200800024123,0,7,0,0,2,3,1,A01
200800024123,0,31,0,0,0,6,20,B01
200800024124,0,7,0,0,2,3,15,A01
200800024124,0,33,0,0,0,8,1,B01
200800024125,0,7,0,0,1,3,1,A01
200800024126,0,10,0,0,2,1,1,A01
200800024126,0,7,0,0,2,4,2,B01
200800024126,0,7,0,0,0,0,2,C01
200800024127,0,7,0,0,2,1,1,A01
200800024127,0,7,0,0,0,4,1,B01
200800024128,0,7,0,0,0,1,1,A01
200800024128,1,7,0,0,2,1,14,B01
200800024129,0,7,0,0,2,2,1,B01
200800024129,0,7,0,0,0,5,1,A01
200800024130,0,33,0,0,2,0,1,B01
200800024130,0,7,0,0,0,7,1,A01
200800024131,0,7,0,0,0,6,1,A01
200800024131,0,2,0,0,2,1,1,B01
200800024132,0,7,0,0,1,2,16,A01
200800024133,0,7,0,0,1,2,1,A01
200800024134,0,2,0,0,2,2,0,A01
200800024134,0,2,0,0,0,4,20,B01
200800024135,0,31,0,0,1,1,17,A01
200800024136,0,2,0,0,2,8,1,A01
200800024136,1,17,0,0,0,0,14,B01
200800024137,0,7,0,0,0,7,16,A01
200800024137,0,1,0,0,2,1,1,B01
200800024138,0,7,0,0,0,3,11,A01
200800024138,0,33,0,0,2,1,1,B01
200800024139,0,7,0,0,2,3,10,A01
200800024139,0,7,0,0,0,7,1,B01
200800024140,0,7,0,0,0,0,15,A01
200800024140,0,30,0,0,2,1,1,B01
200800024141,0,7,0,0,0,7,15,A01
200800024141,0,33,0,0,0,1,1,B01
200800024142,0,7,0,0,0,3,15,B01
200800024142,0,2,0,0,2,3,1,A01
200800024143,0,31,0,0,2,1,18,A01
200800024143,0,7,0,0,0,7,16,B01
200800024144,0,7,0,0,2,1,1,B01
200800024144,0,7,0,0,0,6,15,A01
200800024145,0,1,0,0,0,7,14,A01
200800024145,0,7,0,0,2,1,15,B01
200800024146,0,7,0,0,1,2,16,A01
200800024147,0,30,0,1,0,1,14,A01
200800024148,0,7,0,0,2,1,1,A01
200800024148,0,7,0,0,0,4,1,B01
200800024149,0,1,0,1,0,0,1,A01
200800024150,0,7,0,0,2,2,16,A01
200800024150,0,32,0,0,0,3,16,B01
200800024151,0,7,0,1,0,3,1,A01
200800024152,0,7,0,0,0,2,16,B01
200800024152,0,1,0,0,2,1,1,A01
200800024153,0,7,0,0,1,6,16,A01
200800024154,0,33,0,0,0,0,1,A01
200800024155,0,33,0,0,2,1,1,A01
200800024155,0,7,0,0,0,4,1,B01
200800024156,0,7,0,0,1,0,15,A01
200800024157,0,31,0,0,2,1,1,B01
200800024157,0,10,0,0,0,3,15,A01
200800024158,0,2,0,0,0,2,1,B01
200800024158,0,7,0,0,2,3,15,A01
200800024159,0,7,0,0,0,3,15,A01
200800024159,0,1,0,0,2,1,19,B01
200800024160,0,7,0,0,2,1,15,A01
200800024160,0,33,0,0,0,9,17,B01
200800024161,0,7,0,0,0,3,1,B01
200800024161,0,7,0,0,2,1,1,A01
200800024162,0,33,0,9,0,0,0,A01
200800024163,0,33,0,0,0,2,1,B01
200800024163,0,2,0,0,2,1,1,A01
200800024164,0,7,0,0,1,0,1,A01
200800024165,0,7,0,0,2,1,1,A01
200800024165,0,10,0,0,2,4,2,B01
200800024165,0,7,0,0,0,4,2,C01
200800024166,0,2,0,0,2,1,1,B01
200800024166,0,7,0,0,0,2,15,A01
200800024167,0,2,0,0,0,2,1,B01
200800024167,0,7,0,0,2,1,15,A01
200800024168,0,2,0,0,0,4,1,A01
200800024168,1,7,0,0,2,1,0,B01
200800024169,0,7,0,0,1,0,1,A01
200800024170,0,7,0,0,0,5,15,A01
200800024170,0,2,0,0,2,1,1,B01
200800024171,0,7,0,0,2,1,1,A01
200800024171,0,7,0,0,0,4,1,B01
200800024172,0,7,0,1,0,2,1,A01
200800024173,0,7,0,0,0,3,1,B01
200800024173,0,7,0,0,2,3,15,A01
200800024174,0,7,0,0,2,1,2,A01
200800024174,0,7,0,0,0,4,1,B01
200800024175,0,7,0,0,2,1,15,A01
200800024175,0,1,0,0,2,1,1,B01
200800024176,0,33,0,0,1,1,1,A01
200800024177,0,33,0,11,2,7,21,A01
200800024177,0,1,0,0,2,1,1,B01
200800024178,0,7,0,0,2,3,1,B01
200800024178,0,7,0,15,0,5,1,A01
200800024179,0,7,0,13,0,1,13,A01
200800024180,1,7,0,0,1,1,1,A01
200800024181,0,7,0,0,1,1,1,A01
200800024182,0,32,0,0,2,2,1,B01
200800024182,0,7,0,0,0,5,15,A01
200800024183,0,7,0,0,2,1,15,A01
200800024183,0,33,0,0,2,6,1,B01
200800024184,0,1,0,0,2,1,16,B01
200800024184,0,7,0,0,0,7,1,A01
200800024185,0,2,0,0,2,1,1,B01
200800024185,0,7,0,0,0,5,1,A01
200800024186,0,7,0,0,2,2,16,A01
200800024186,0,1,0,0,0,8,1,B01
200800024187,0,32,0,0,1,1,0,A01
200800024188,0,7,0,0,1,0,1,A01
200800024189,0,1,0,0,2,1,5,B01
200800024189,0,7,0,0,0,2,16,A01
200800024190,0,2,0,0,1,1,1,A01
200800024191,0,7,0,0,0,5,23,A01
200800024191,0,1,0,0,2,1,1,B01
200800024192,0,2,0,0,2,1,1,B01
200800024192,1,7,0,0,0,0,15,A01
200800024193,0,17,0,0,2,2,15,A01
200800024193,0,7,0,0,2,3,16,B01
200800024194,0,7,0,0,1,1,1,A01
200800024195,0,7,0,0,2,3,1,B01
200800024195,0,7,0,0,2,2,1,A01
200800024196,0,7,0,0,1,2,17,A01
200800024197,0,7,0,0,2,1,1,A01
200800024197,0,7,0,0,0,4,1,B01
200800024198,0,7,0,0,0,8,15,A01
200800024198,0,2,0,0,2,1,17,B01
200800024199,0,7,0,0,0,5,10,A01
200800024199,0,31,0,0,2,1,1,B01
200800024200,0,2,0,1,2,2,18,A01
200800024200,0,7,0,0,0,7,20,B01
200800024201,0,1,0,0,2,1,15,A01
200800024201,0,7,0,0,0,3,15,B01
200800024202,0,14,0,0,0,2,13,A01
200800024202,0,7,0,15,2,1,1,B01
200800024203,0,7,0,6,2,3,1,B01
200800024203,0,10,0,0,0,2,16,A01
200800024204,0,33,0,0,2,1,1,A01
200800024204,0,7,0,0,0,4,1,B01
200800024205,0,2,0,0,2,1,1,A01
200800024205,0,7,0,0,0,8,23,B01
200800024206,0,7,0,1,0,3,22,A01
200800024206,0,1,0,0,0,1,21,B01
200800024207,0,7,0,0,2,3,11,A01
200800024207,0,1,0,0,2,4,1,B01
200800024208,0,33,0,0,2,8,13,A01
200800024208,0,33,0,0,2,1,2,B01
200800024209,0,10,0,0,2,5,9,A01
200800024209,0,1,0,0,2,4,0,B01
200800024210,0,7,0,0,2,1,13,A01
200800024210,0,7,0,0,2,1,1,B01
200800024211,0,33,0,0,2,1,17,A01
200800024211,0,7,0,0,2,8,15,B01
200800024212,0,7,0,0,2,1,1,A01
200800024212,0,7,0,0,2,2,1,B01
200800024213,0,30,0,0,1,1,17,A01
200800024214,0,7,0,0,2,3,15,A01
200800024214,0,7,0,0,2,3,1,B01
200800024215,0,7,0,13,0,7,14,A01
200800024216,1,7,0,0,2,0,0,A01
200800024216,0,30,0,0,2,8,1,B01
200800024217,0,7,0,8,0,1,14,A01
200800024218,0,7,0,1,0,1,20,A01
200800024218,0,7,0,0,2,0,24,B01
200800024218,0,7,0,0,2,0,24,C01
200800024219,0,30,0,0,9,4,1,B01
200800024219,0,2,0,0,2,1,2,A01
200800024220,0,2,0,16,0,0,0,A01
200800024221,0,7,0,0,2,3,0,B01
200800024221,0,31,0,0,2,7,17,A01
200800024222,0,2,0,13,0,9,0,A01
200800024223,0,31,0,0,2,3,13,A01
200800024223,0,30,0,0,2,3,1,B01
200800024224,2,7,0,10,0,9,1,A01
200800024225,0,7,0,0,2,8,15,A01
200800024225,0,2,0,0,2,7,17,B01
200800024226,0,7,0,3,0,1,1,A01
200800024227,0,7,0,0,2,7,15,A01
200800024227,0,7,0,0,2,1,1,B01
200800024228,0,7,0,0,1,1,0,A01
200800024229,0,7,0,6,0,1,13,A01
200800024230,0,7,0,0,2,2,9,A01
200800024230,0,2,0,0,2,1,1,B01
200800024231,0,7,0,0,2,3,15,A01
200800024231,0,7,0,6,2,3,1,B01
200800024232,0,33,0,14,0,1,1,A01
200800024233,0,7,0,0,2,7,15,B01
200800024233,0,30,0,0,2,1,1,A01
200800024234,0,7,0,2,0,1,0,A01
200800024235,0,7,0,0,1,2,21,A01
200800024236,0,7,0,0,2,2,12,A01
200800024236,0,7,0,0,2,3,1,B01
200800024237,0,7,0,16,0,1,10,A01
200800024238,0,10,0,0,2,1,2,A01
200800024238,0,2,0,0,2,4,23,B01
200800024239,0,7,0,0,2,8,17,B01
200800024239,0,33,0,0,2,7,17,A01
200800024240,0,7,0,0,1,1,1,A01
200800024241,0,7,0,12,2,2,1,A01
200800024241,0,30,0,0,2,1,1,B01
200800024242,0,7,0,6,0,1,1,A01
200800024243,0,33,0,0,1,1,1,A01
200800024244,0,1,0,1,2,1,1,B01
200800024244,0,7,0,0,2,3,22,A01
200800024245,0,1,0,0,2,1,1,A01
200800024245,0,7,0,0,2,5,1,B01
200800024246,0,7,0,0,0,0,13,A01
200800024246,0,33,0,0,0,7,21,B01
200800024247,0,1,0,12,0,0,2,A01
200800024248,0,7,0,0,2,5,19,B01
200800024248,0,7,0,0,2,1,19,A01
200800024249,2,7,0,0,2,3,15,A01
200800024249,0,7,0,0,2,1,1,B01
200800024250,0,7,0,15,0,1,1,A01
200800024251,0,7,0,0,2,3,1,B01
200800024251,0,7,0,0,2,2,1,A01
200800024252,0,1,0,0,4,7,19,A01
200800024252,0,40,0,0,2,3,1,B01
200800024253,0,7,0,0,2,3,10,A01
200800024253,0,30,0,0,2,1,1,B01
200800024254,0,7,0,4,0,3,1,A01