Num_Acc,senc,catv,occutc,obs,obsm,choc,manv,num_veh
200800024255,0,1,0,0,2,5,0,A01
200800024255,0,7,0,0,2,1,0,B01
200800024256,0,32,0,0,2,1,1,B01
200800024256,0,7,0,0,2,2,15,A01
200800024257,0,7,0,6,0,3,1,B01
200800024257,0,7,0,0,2,1,1,A01
200800024258,0,30,0,0,2,1,1,A01
200800024258,0,10,0,0,0,4,1,B01
200800024259,0,7,0,0,2,1,10,A01
200800024259,0,7,0,0,2,1,4,B01
200800024260,0,33,0,0,2,1,1,A01
200800024260,1,10,0,0,2,4,9,B01
200800024261,0,1,0,0,2,1,19,B01
200800024261,0,7,0,0,2,7,1,A01
200800024262,0,7,0,15,2,2,1,A01
200800024262,0,1,0,0,2,5,1,B01
200800024263,0,7,0,0,2,1,1,A01
200800024263,0,31,0,0,2,8,1,B01
200800024264,0,33,0,0,2,7,16,A01
200800024264,0,7,0,0,2,3,1,B01
200800024265,0,7,0,0,2,1,13,A01
200800024265,0,7,0,0,2,1,1,B01
200800024266,0,7,0,0,2,1,1,B01
200800024266,0,7,0,0,2,2,1,A01
200800024267,0,7,0,12,1,8,1,A01
200800024268,0,7,0,0,2,8,15,A01
200800024268,0,10,0,0,2,2,1,B01
200800024269,0,7,0,0,2,2,15,A01
200800024269,0,30,0,0,2,1,1,B01
200800024270,0,33,0,0,0,8,1,A01
200800024271,0,7,0,0,2,8,10,A01
200800024271,0,32,0,0,2,1,1,B01
200800024272,0,7,0,0,1,2,15,A01
200800024273,0,7,0,0,2,7,16,A01
200800024273,0,13,0,0,2,3,2,B01
200800024274,0,7,0,8,0,3,0,A01
200800024275,0,7,0,0,0,3,10,A01
200800024275,0,31,0,0,2,1,17,B01
200800024276,0,7,0,0,2,3,1,B01
200800024276,0,2,0,0,2,1,1,A01
200800024277,0,7,0,0,0,0,0,A01
200800024278,0,7,0,0,2,8,13,A01
200800024278,0,33,0,0,2,1,1,B01
200800024279,0,7,0,0,2,7,15,A01
200800024279,0,2,0,0,2,1,1,B01
200800024280,0,31,0,0,2,7,1,B01
200800024280,1,7,0,0,2,0,15,A01
200800024281,0,2,0,7,0,1,14,A01
200800024282,0,7,0,0,2,1,13,A01
200800024282,0,2,0,0,2,0,15,B01
200800024283,0,1,0,0,2,4,0,B01
200800024283,0,7,0,0,2,3,0,A01
200800024284,0,7,0,0,1,3,1,A01
200800024285,1,7,0,0,2,0,0,A01
200800024285,0,1,0,0,2,0,1,B01
200800024286,0,15,0,0,2,1,2,A01
200800024286,0,7,0,0,1,4,23,B01
200800024287,0,2,0,2,0,1,14,A01
200800024288,0,1,0,0,0,0,1,A01
200800024289,0,7,0,0,2,1,2,A01
200800024289,0,7,0,0,2,4,23,B01
200800024290,0,7,0,0,2,1,15,A01
200800024290,0,1,0,0,2,0,16,B01
200800024291,0,1,0,0,2,6,1,B01
200800024291,0,7,0,0,2,2,19,A01
200800024292,0,1,0,0,2,1,16,A01
200800024292,0,1,0,0,2,2,1,B01
200800024293,0,7,0,0,2,3,1,A01
200800024293,0,33,0,0,2,0,1,B01
200800024294,0,30,0,0,2,2,18,A01
200800024294,0,7,0,0,2,5,23,B01
200800024295,0,7,0,0,2,5,1,A01
200800024295,0,1,0,0,0,0,0,B01
200800024296,0,31,0,0,0,8,1,A01
200800024296,0,10,0,0,0,0,15,B01
200800024297,0,10,0,0,1,2,16,A01
200800024298,0,30,0,0,2,1,1,A01
200800024298,0,7,0,0,2,4,15,B01
200800024299,0,10,0,0,2,2,15,A01
200800024299,0,7,0,0,2,3,1,B01
200800024300,0,33,0,0,2,1,1,B01
200800024300,0,7,0,0,2,0,0,A01
200800024301,0,7,0,0,2,1,13,A01
200800024301,0,14,0,0,2,1,1,B01
200800024302,0,7,0,0,2,1,2,A01
200800024302,0,10,0,0,0,0,23,B01
200800024302,0,7,0,0,0,0,23,C01
200800024302,0,10,0,0,0,0,23,D01
200800024303,0,7,0,0,2,8,1,C01
200800024303,0,31,0,0,2,7,1,B01
200800024303,1,7,0,0,2,1,9,A01
200800024304,0,10,0,0,0,0,24,B01
200800024304,0,33,0,0,2,1,1,C01
200800024304,0,7,0,0,2,3,19,A01
200800024305,0,1,0,14,0,1,0,A01
200800024306,0,33,0,0,2,7,1,B01
200800024306,0,7,0,0,2,8,23,A01
200800024307,0,14,0,0,2,0,12,A01
200800024307,0,7,0,0,2,6,1,B01
200800024308,0,10,0,0,2,1,2,A01
200800024308,0,10,0,0,2,1,2,B01
200800024308,0,13,0,0,2,4,1,C01
200800024309,0,7,0,0,2,8,1,A01
200800024309,0,7,0,0,2,1,1,B01
200800024310,0,1,0,1,0,1,16,A01
200800024311,0,7,0,0,1,5,20,A01
200800024312,0,1,0,0,2,1,1,B01
200800024312,0,7,0,0,2,3,1,A01
200800024313,0,7,0,0,2,1,1,A01
200800024313,0,7,0,0,2,4,23,B01
200800024314,0,7,0,4,0,0,1,A01
200800024315,0,7,0,1,0,2,14,A01
200800024316,0,30,0,0,2,7,15,A01
200800024316,0,7,0,0,2,1,1,B01
200800024317,0,1,0,0,2,1,1,A01
200800024317,0,7,0,0,2,3,1,B01
200800024318,0,7,0,0,2,4,23,C01
200800024318,0,7,0,0,2,1,1,A01
200800024318,0,7,0,0,2,4,23,B01
200800024319,0,30,0,0,2,1,1,A01
200800024319,0,7,0,0,0,4,1,B01
200800024320,0,30,0,16,0,1,0,A01
200800024321,0,30,0,16,0,3,15,A01
200800024322,0,1,0,0,2,4,19,A01
200800024322,0,7,0,0,2,3,16,B01
200800024323,0,7,0,0,2,7,12,A01
200800024323,0,1,0,0,2,0,1,B01
200800024324,0,7,0,0,2,3,15,A01
200800024324,0,31,0,0,2,8,1,B01
200800024325,0,7,0,0,1,2,1,A01
200800024326,0,32,0,0,2,1,1,A01
200800024326,0,7,0,0,2,1,15,B01
200800024327,0,7,0,0,2,2,10,A01
200800024327,0,33,0,0,2,0,1,B01
200800024328,0,7,0,0,2,8,15,A01
200800024328,0,33,0,0,2,1,1,B01
200800024329,0,33,0,0,0,7,1,A01
200800024330,0,2,0,0,2,7,15,B01
200800024331,0,7,0,8,0,1,1,A01
200800024332,0,30,0,0,2,7,1,A01
200800024332,0,7,0,0,2,3,1,B01
200800024333,0,7,0,0,2,1,1,A01
200800024333,0,7,0,0,2,4,17,B01
200800024334,0,2,0,0,0,0,1,A01
200800024335,0,7,0,0,2,2,1,B01
200800024335,0,1,0,0,0,1,1,A01
200800024336,0,7,0,7,0,1,1,A01
200800024337,0,7,0,0,2,3,16,A01
200800024337,0,2,0,0,2,1,1,B01
200800024338,0,7,0,0,1,7,1,A01
200800024339,0,7,0,0,1,2,1,A01
200800024340,0,7,0,0,6,7,21,A01
200800024341,0,7,0,0,6,4,2,A01
200800024341,0,30,0,0,2,1,2,B01
200800024342,0,10,0,0,2,1,1,A01
200800024342,0,7,0,0,0,4,2,B01
200800024343,0,7,0,0,0,7,1,A01
200800024343,0,30,0,0,2,7,18,B01
200800024344,0,1,0,0,2,1,1,A01
200800024344,0,7,0,0,2,7,16,B01
200800024345,0,7,0,0,2,1,15,A01
200800024345,0,7,0,0,2,1,1,B01
200800024346,0,7,0,0,2,2,5,A01
200800024346,0,33,0,0,2,1,1,B01
200800024347,0,7,0,0,2,7,15,B01
200800024347,0,30,0,0,2,8,1,A01
200800024348,0,30,0,0,2,2,1,A01
200800024348,0,7,0,0,2,1,15,B01
200800024349,0,7,0,0,1,1,1,A01
200800024350,0,7,0,1,0,1,5,A01
200800024351,0,7,0,0,2,8,1,B01
200800024351,0,7,0,0,2,2,1,A01
200800024352,0,7,0,0,1,4,4,A01
200800024353,0,7,0,0,2,3,15,B01
200800024353,0,7,0,0,2,3,1,A01
200800024354,0,33,0,0,2,8,1,B01
200800024354,0,7,0,0,2,1,1,A01
200800024355,0,7,0,0,1,2,1,A01
200800024356,0,15,0,0,0,0,2,A01
200800024356,0,7,0,0,4,4,2,B01
200800024356,0,7,0,0,2,1,2,C01
200800024356,0,7,0,0,2,1,2,D01
200800024357,0,7,0,0,0,4,23,C01
200800024357,0,7,0,0,2,4,23,B01
200800024357,0,10,0,0,2,1,1,A01
200800024358,0,15,0,0,1,8,1,A01
200800024359,0,7,0,0,2,5,0,A01
200800024359,0,7,0,0,2,2,1,B01
200800024360,0,7,0,0,2,1,2,A01
200800024360,0,7,0,0,2,4,2,B01
200800024360,0,7,0,0,2,4,2,C01
200800024361,0,37,1,0,2,5,14,A01
200800024361,0,1,0,0,2,3,1,B01
200800024362,0,34,0,0,0,0,0,A01
200800024363,0,7,0,0,1,1,1,A01
200800024364,0,7,0,0,2,3,1,A01
200800024364,0,30,0,0,2,1,1,B01
200800024365,0,7,0,0,2,1,13,A01
200800024365,0,2,0,0,2,1,1,B01
200800024366,0,1,0,0,1,1,1,A01
200800024367,0,7,0,0,2,3,1,A01
200800024367,0,1,0,0,2,1,1,B01
200800024368,0,7,0,0,2,2,15,A01
200800024368,0,10,0,0,2,3,1,B01
200800024369,0,7,0,0,2,3,22,A01
200800024369,0,1,0,0,2,1,1,B01
200800024370,0,1,0,0,2,1,1,B01
200800024370,0,7,0,0,2,1,1,A01
200800024371,0,2,0,0,2,1,1,A01
200800024371,0,2,0,0,2,1,1,B01
200800024372,0,30,0,0,1,1,1,A01
200800024373,0,31,0,0,2,3,18,A01
200800024373,0,7,0,0,2,2,16,B01
200800024374,0,33,0,0,2,1,2,A01
200800024374,0,31,0,0,2,4,1,B01
200800024375,0,31,0,0,2,3,1,A01
200800024375,0,1,0,0,2,6,0,B01
200800024376,1,7,0,0,2,1,0,A01
200800024376,0,7,0,0,2,8,1,B01
200800024377,0,7,0,0,1,3,1,A01
200800024378,0,1,0,0,1,7,1,A01
200800024379,0,7,0,0,1,4,4,A01
200800024380,0,7,0,0,1,3,1,A01
200800024381,0,33,0,0,0,0,0,A01
200800024382,0,7,0,0,1,3,4,A01
200800024383,0,7,0,0,2,5,20,A01
200800024383,0,30,0,0,2,1,1,B01
200800024384,0,7,0,0,2,8,13,A01
200800024384,0,33,0,0,2,7,1,B01
200800024385,0,7,0,8,2,8,1,B01
200800024385,0,10,0,0,2,1,1,A01
200800024386,0,7,0,0,2,3,15,A01
200800024386,0,33,0,0,2,1,1,B01
200800024387,0,7,0,0,2,3,15,A01
200800024387,0,7,0,0,2,3,16,B01
200800024388,0,7,0,0,2,8,16,B01
200800024388,0,2,0,0,2,7,1,A01
200800024389,0,7,0,1,0,1,24,A01
200800024389,0,7,0,0,0,6,24,B01
200800024389,0,7,0,0,0,1,24,C01
200800024390,0,7,0,8,0,1,1,A01
200800024390,0,7,0,8,0,0,1,B01
200800024390,0,7,0,8,0,0,1,C01
200800024391,0,7,0,0,2,1,19,A01
200800024391,0,2,0,0,2,1,1,B01
200800024392,0,15,0,0,1,1,16,A01
200800024393,0,14,0,0,9,5,17,A01
200800024393,0,1,0,0,2,4,1,B01
200800024394,0,34,0,0,1,1,1,A01
200800024395,0,7,0,0,0,3,2,B01
200800024395,0,2,0,0,0,0,0,A01
200800024396,0,2,0,0,2,1,18,B01
200800024396,0,10,0,0,0,2,20,A01
200800024397,0,7,0,0,2,1,17,B01
200800024397,0,7,0,1,0,8,15,A01
200800024398,0,2,0,0,2,1,9,B01
200800024398,0,7,0,0,9,7,1,A01
200800024399,0,33,0,0,2,8,17,B01
200800024399,0,7,0,0,2,8,15,A01
200800024400,0,7,0,0,2,3,15,B01
200800024400,0,2,0,0,2,1,5,A01
200800024401,0,7,0,0,2,7,16,B01
200800024401,0,30,0,0,2,1,18,A01
200800024402,0,10,0,0,2,3,11,A01
200800024402,0,30,0,0,2,7,17,B01
200800024403,0,33,0,0,2,1,1,C01
200800024403,0,7,0,4,2,3,1,B01
200800024403,0,10,0,0,2,5,9,A01
200800024404,0,1,0,0,2,1,1,B01
200800024404,0,7,0,0,2,3,1,A01
200800024405,0,7,0,0,1,1,1,A01
200800024406,0,10,0,0,2,4,2,B01
200800024406,0,10,0,0,2,1,2,A01
200800024407,1,7,0,0,2,6,0,B01
200800024407,0,30,0,0,2,3,1,A01
200800024408,0,7,0,0,2,3,0,B01
200800024408,0,7,0,0,2,3,13,A01
200800024409,0,7,0,0,2,3,0,A01
200800024409,0,2,0,0,2,1,1,B01
200800024410,0,1,0,0,2,4,2,B01
200800024410,0,7,0,0,2,1,2,A01
200800024411,0,7,0,0,2,3,1,B01
200800024411,0,7,0,0,2,1,13,A01
200800024411,0,7,0,0,2,3,1,D01
200800024411,0,7,0,0,2,8,1,C01
200800024412,0,1,0,0,2,1,0,A01
200800024412,0,7,0,0,2,7,0,B01
200800024413,0,7,0,0,2,1,2,A01
200800024413,0,7,0,0,2,4,2,C01
200800024414,0,2,0,0,2,2,13,A01
200800024414,0,7,0,0,0,5,20,B01
200800024415,0,7,0,0,2,1,2,A01
200800024415,0,7,0,0,2,4,2,C01
200800024415,0,7,0,0,2,4,2,B01
200800024416,0,3,0,0,2,1,15,A01
200800024416,0,7,0,0,2,6,1,B01
200800024417,0,7,0,1,0,1,1,A01
200800024418,0,7,0,0,2,3,9,A01
200800024418,0,2,0,0,2,2,1,B01
200800024419,0,30,0,0,2,1,1,A01
200800024419,0,1,0,0,2,1,1,B01
200800024419,0,1,0,0,2,1,1,C01
200800024420,0,7,0,0,2,1,1,A01
200800024420,0,7,0,0,2,4,1,B01
200800024421,0,30,0,0,2,2,14,A01
200800024421,0,7,0,0,0,8,1,B01
200800024422,0,30,0,0,2,1,1,A01
200800024422,0,7,0,0,0,4,1,B01
200800024423,0,10,0,0,1,4,20,A01
200800024424,0,7,0,1,0,2,16,A01
200800024425,0,10,0,0,2,2,15,A01
200800024425,0,7,0,0,2,8,15,B01
200800024426,0,1,0,15,2,1,1,A01
200800024426,0,7,0,0,9,2,1,B01
200800024427,0,7,0,0,1,2,1,A01
200800024428,0,7,0,0,1,4,4,A01
200800024429,0,7,0,0,2,1,2,A01
200800024429,0,7,0,0,0,4,1,B01
200800024430,0,33,0,0,2,1,21,A01
200800024430,0,21,0,0,2,0,21,B01
200800024431,0,2,0,1,0,1,1,A01
200800024431,0,7,0,0,2,1,24,B01
200800024432,0,7,0,0,1,4,4,A01
200800024433,1,7,0,0,1,1,1,A01
200800024434,0,7,0,0,1,2,1,A01
200800024435,0,30,0,0,2,1,2,A01
200800024435,0,7,0,0,2,4,1,B01
200800024436,0,7,0,1,1,2,14,A01
200800024437,0,7,0,0,2,1,21,A01
200800024437,0,7,0,0,2,1,1,B01
200800024438,0,7,0,0,2,1,9,A01
200800024438,0,7,0,0,2,8,1,B01
200800024439,0,7,0,0,2,1,2,A01
200800024439,0,7,0,0,2,4,1,B01
200800024440,0,7,0,0,2,8,15,A01
200800024440,0,33,0,0,2,1,21,B01
200800024441,0,13,0,0,1,7,1,A01
200800024442,0,7,0,0,2,1,15,B01
200800024442,0,10,0,0,2,2,1,A01
200800024443,0,2,0,0,2,1,5,A01
200800024443,0,7,0,0,2,1,1,B01
200800024444,0,7,0,0,1,1,1,A01
200800024445,0,7,0,0,9,2,15,B01
200800024445,0,1,0,0,2,1,1,A01
200800024446,0,7,0,0,9,8,24,A01
200800024446,0,1,0,1,0,1,1,B01
200800024447,0,7,0,0,1,1,1,A01
200800024448,0,7,0,0,9,2,1,B01
200800024448,0,30,0,0,2,1,9,A01
200800024449,1,7,0,0,2,1,2,A01
200800024449,0,30,0,0,2,4,2,B01
200800024450,0,7,0,0,2,1,1,B01
200800024450,0,7,0,1,2,7,1,A01
200800024451,0,7,0,0,2,8,1,B01
200800024451,0,7,0,0,2,1,1,A01
200800024452,0,7,0,0,2,1,2,A01
200800024452,0,7,0,0,2,4,1,B01
200800024453,0,40,0,0,1,3,1,A01
200800024454,0,7,0,0,2,5,15,A01
200800024454,0,2,0,0,2,1,1,B01
200800024455,0,7,0,0,2,1,1,A01
200800024455,0,7,0,0,2,1,1,B01
200800024455,0,7,0,0,2,4,1,C01
200800024456,0,33,0,0,2,1,1,A01
200800024456,0,7,0,0,2,4,1,B01
200800024456,0,33,0,0,2,1,1,C01
200800024456,0,7,0,0,2,2,12,D01
200800024457,0,7,0,0,2,3,6,A01
200800024457,0,7,0,0,2,2,6,B01
200800024458,0,7,0,0,1,2,1,A01
200800024459,0,7,0,0,2,7,16,A01
200800024459,0,1,0,0,2,0,1,B01
200800024460,0,7,0,0,2,2,15,A01
200800024460,0,31,0,0,2,1,1,B01
200800024461,0,40,0,0,1,1,1,A01
200800024462,0,7,0,0,2,3,1,A01
200800024462,0,2,0,0,2,1,1,B01
200800024463,1,7,0,0,1,3,0,A01
200800024464,0,30,0,4,0,1,1,A01
200800024465,0,32,0,0,2,1,1,A01
200800024465,0,7,0,0,2,7,15,B01
200800024466,0,7,0,0,1,1,1,A01
200800024467,0,7,0,0,0,8,1,B01
200800024467,0,2,0,0,2,1,1,A01
200800024468,0,7,0,0,1,2,1,A01
200800024469,0,7,0,0,1,1,1,A01
200800024470,0,32,0,0,0,8,1,A01
200800024471,0,30,0,1,0,1,0,A01
200800024471,0,7,0,0,2,3,23,B01
200800024472,0,7,0,0,2,1,15,A01
200800024472,0,7,0,0,2,1,1,C01
200800024472,0,7,0,0,2,1,1,B01
200800024473,0,33,0,0,2,1,1,B01
200800024473,1,7,0,0,2,3,13,A01
200800024474,0,40,0,0,1,2,1,A01
200800024475,0,7,0,0,2,1,1,A01
200800024475,0,7,0,0,2,4,0,B01
200800024475,0,7,0,0,0,4,1,C01
200800024476,1,10,0,0,1,4,4,A01
200800024477,1,30,0,3,0,1,1,A01
200800024478,0,7,0,0,2,7,15,A01
200800024478,0,7,0,0,2,1,1,B01
200800024479,0,7,0,0,2,2,16,A01
200800024479,0,7,0,1,2,1,1,B01
200800024480,0,33,0,12,0,0,1,A01
200800024481,0,30,0,0,1,1,1,A01
200800024482,0,7,0,0,2,1,1,A01
200800024482,0,7,0,14,0,4,1,B01
200800024482,0,7,0,0,0,4,23,C01
200800024483,0,7,0,0,2,6,0,B01
200800024483,0,30,0,0,2,1,1,A01
200800024484,0,7,0,1,0,1,1,A01
200800024484,0,7,0,0,2,1,1,B01
200800024485,0,7,0,0,1,2,1,A01
200800024486,0,7,0,0,2,2,16,A01
200800024486,0,2,0,0,2,1,1,B01
200800024487,0,10,0,1,0,1,1,A01
200800024487,0,7,0,0,2,4,23,B01
200800024488,0,40,0,0,1,2,1,A01
200800024489,0,7,0,0,1,2,1,A01
200800024490,0,7,0,0,1,3,1,A01
200800024491,0,2,0,16,0,0,0,A01
200800024492,0,7,0,0,2,8,9,A01
200800024492,0,2,0,0,2,1,1,B01
200800024493,0,32,0,0,2,3,13,A01
200800024493,0,7,0,0,2,3,1,B01
200800024494,0,31,0,0,0,0,1,A01
200800024495,0,7,0,0,2,2,14,A01
200800024496,0,7,0,0,2,1,2,A01
200800024496,0,7,0,0,2,4,23,B01
200800024497,0,7,0,0,2,1,15,A01
200800024497,0,7,0,0,2,3,1,B01
200800024498,0,32,0,0,2,1,0,A01
200800024498,0,7,0,0,2,3,0,B01
200800024499,0,7,0,0,2,1,13,A01
200800024499,0,7,0,0,2,1,1,B01
200800024500,0,7,0,11,0,1,1,A01
200800024501,0,7,0,3,0,1,14,A01
200800024502,0,30,0,0,2,1,1,A01
200800024502,0,7,0,0,2,4,1,B01
200800024503,0,7,0,0,2,1,2,A01
200800024503,0,7,0,0,2,4,2,B01
200800024504,0,7,0,4,2,1,1,A01
200800024505,0,30,0,0,2,1,1,B01
200800024505,0,7,0,0,2,1,1,A01
200800024506,0,7,0,0,2,2,15,A01
200800024506,0,2,0,0,2,1,1,B01
200800024507,0,7,0,1,0,1,1,A01
200800024507,0,7,0,0,2,4,1,B01
200800024508,0,33,0,0,2,8,17,A01
200800024508,0,30,0,0,2,4,1,B01
200800024509,0,7,0,0,2,1,15,A01
200800024509,0,7,0,0,2,1,1,B01
200800024509,0,7,0,0,2,1,1,C01
200800024510,0,30,0,0,2,1,1,B01
200800024510,0,10,0,0,2,0,16,A01
200800024511,0,7,0,0,2,1,14,A01
200800024512,0,7,0,0,1,1,17,A01
200800024513,0,7,0,0,1,3,1,A01
200800024514,0,7,0,0,2,3,1,A01
200800024514,0,7,0,0,2,8,1,B01
200800024515,0,33,0,12,0,0,2,A01
200800024516,0,30,0,0,2,1,15,A01
200800024516,0,30,0,0,2,1,1,B01
200800024517,0,7,0,0,1,1,1,A01
200800024518,0,7,0,0,2,3,20,A01
200800024518,0,7,0,1,2,2,1,B01
200800024519,0,7,0,0,2,1,2,A01
200800024519,0,33,0,0,2,4,23,B01
200800024520,0,7,0,0,2,3,22,A01
200800024520,0,1,0,0,0,7,0,B01
200800024521,0,7,0,0,2,5,1,A01
200800024521,1,99,0,0,2,1,20,B01
200800024522,0,7,0,0,2,1,13,A01
200800024522,0,7,0,6,2,1,23,B01
200800024523,0,33,0,0,0,0,15,A01
200800024524,0,7,0,3,0,3,1,A01
200800024525,0,30,0,0,2,0,1,A01
200800024525,0,30,0,0,0,0,1,B01
200800024526,0,7,0,0,2,5,15,A01
200800024526,0,31,0,0,2,3,1,B01
200800024526,0,7,0,0,2,1,0,C01
200800024527,0,7,0,0,1,1,1,A01
200800024528,0,7,0,0,2,3,0,A01
200800024528,0,33,0,0,2,2,0,B01
200800024529,0,7,0,0,2,1,19,A01
200800024529,0,7,0,0,2,3,0,B01
200800024530,0,1,0,0,2,1,19,A01
200800024530,0,7,0,0,2,1,1,B01
200800024531,0,7,0,0,2,1,1,B01
200800024531,0,2,0,0,2,1,0,A01
200800024532,0,10,0,0,1,4,4,A01
200800024533,0,7,0,0,2,4,11,A01
200800024533,0,33,0,0,2,0,1,B01
200800024534,0,34,0,0,2,1,11,A01
200800024534,0,32,0,0,2,7,1,B01
200800024535,0,30,0,0,2,1,1,A01
200800024535,0,7,0,0,2,1,15,B01
200800024536,0,7,0,0,1,1,1,A01
200800024537,0,7,0,0,1,1,1,A01
200800024538,0,7,0,0,1,1,1,A01
200800024538,1,7,0,0,1,1,1,B01
200800024539,0,7,0,0,2,3,16,B01
200800024539,0,2,0,0,2,1,1,A01
200800024540,0,7,0,0,2,1,15,B01
200800024540,0,1,0,0,2,1,1,A01
200800024541,0,7,0,0,2,1,15,A01
200800024541,0,7,0,0,2,4,15,B01
200800024542,0,1,0,0,2,0,0,A01
200800024542,0,7,0,0,2,1,0,B01
200800024543,0,7,0,0,2,1,13,A01
200800024543,0,7,0,0,2,1,1,B01
200800024544,0,7,0,0,2,1,1,A01
200800024544,0,7,0,1,2,4,23,B01
200800024545,1,7,0,0,2,1,1,A01
200800024545,0,7,0,0,2,4,1,B01
200800024546,0,7,0,0,1,0,0,A01
200800024547,1,7,0,0,2,8,10,A01
200800024547,0,7,0,0,2,1,2,B01
200800024548,0,33,0,0,2,1,1,B01
200800024548,0,7,0,0,2,3,15,A01
200800024549,0,7,0,0,2,1,15,A01
200800024549,0,2,0,0,2,1,1,B01
200800024550,0,31,0,0,0,7,1,A01
200800024551,0,7,0,0,2,8,10,A01
200800024551,0,33,0,0,2,1,2,B01
200800024552,0,7,0,0,2,8,9,A01
200800024552,0,7,0,0,2,1,2,B01
200800024553,0,7,0,0,1,0,0,A01
200800024554,0,7,0,0,1,2,0,A01
200800024554,0,1,0,0,2,1,19,B01
200800024555,0,1,0,0,2,3,0,A01
200800024555,0,7,0,0,2,1,0,B01
200800024556,0,31,0,0,1,0,0,A01
200800024557,0,7,0,0,2,3,9,A01
200800024557,0,1,0,0,2,7,0,B01
200800024558,0,1,0,0,0,0,1,A01
200800024559,0,7,0,8,0,1,1,A01
200800024560,0,30,0,0,2,0,11,A01
200800024560,0,30,0,0,2,0,1,B01
200800024561,0,1,0,0,0,0,0,A01
200800024562,0,1,0,0,0,0,0,A01
200800024563,0,30,0,0,2,1,0,A01
200800024563,0,7,0,0,2,8,0,B01
200800024564,0,2,0,0,0,1,1,A01
200800024565,0,7,0,0,1,1,0,A01
200800024566,0,7,0,0,1,5,4,A01
200800024567,0,7,0,0,2,1,0,A01
200800024567,0,7,0,0,2,4,2,B01
200800024568,0,13,0,0,2,7,0,A01
200800024568,0,2,0,0,2,0,19,B01
200800024569,0,7,0,0,2,1,2,A01
200800024569,0,7,0,0,2,4,1,B01
200800024570,0,13,0,0,2,0,2,A01
200800024570,0,1,0,0,2,1,0,B01
200800024571,0,7,0,0,2,3,15,A01
200800024571,0,7,0,0,2,8,1,B01
200800024572,0,7,0,0,2,3,15,B01
200800024572,0,7,0,0,2,3,15,A01
200800024573,1,2,0,0,1,1,1,A01
200800024574,0,30,0,0,0,1,1,A01
200800024575,0,30,0,0,2,2,15,A01
200800024575,0,7,0,0,2,1,1,B01
200800024576,0,1,0,0,2,1,19,A01
200800024576,0,7,0,0,2,1,1,B01
200800024577,0,7,0,0,2,1,1,A01
200800024577,0,7,0,0,2,1,1,B01
200800024578,0,7,0,0,1,2,1,A01
200800024579,0,7,0,0,2,1,1,B01
200800024579,0,30,0,0,2,7,1,A01
200800024580,0,30,0,0,0,1,1,A01
200800024581,0,7,0,0,2,1,2,A01
200800024581,0,7,0,0,2,4,2,B01
200800024582,0,1,0,0,2,1,2,C01
200800024582,0,14,0,0,2,3,2,A01
200800024582,0,7,0,0,2,5,2,B01
200800024583,0,7,0,0,2,2,1,A01
200800024583,0,7,0,0,2,1,1,B01
200800024584,0,7,0,0,2,1,1,B01
200800024584,0,7,0,0,2,7,1,A01
200800024585,0,7,0,0,2,3,9,A01
200800024585,0,30,0,0,2,4,1,B01
200800024586,0,30,0,0,2,1,19,A01
200800024586,0,7,0,0,2,7,1,B01
200800024587,0,1,0,0,0,0,1,A01
200800024588,0,3,0,2,0,1,1,A01
200800024589,0,1,0,0,0,2,1,A01
200800024590,0,7,0,0,2,1,16,A01
200800024590,0,37,0,0,2,1,1,B01
200800024591,0,7,0,0,2,1,10,A01
200800024591,0,2,0,0,2,1,1,B01
200800024592,0,1,0,0,0,0,1,A01
200800024593,0,7,0,0,2,1,1,A01
200800024593,0,7,0,0,2,4,23,B01
200800024594,0,7,0,0,2,1,1,A01
200800024594,0,7,0,0,2,4,1,B01
200800024595,0,2,0,0,2,1,2,A01
200800024595,0,10,0,0,2,4,2,B01
200800024596,0,7,0,0,1,1,1,A01
200800024597,0,14,0,6,1,2,1,A01
200800024598,0,7,0,0,2,3,20,A01
200800024598,0,7,0,0,2,2,1,B01
200800024599,0,33,0,0,0,0,13,A01
200800024600,0,7,0,0,1,1,1,A01
200800024601,0,1,0,0,0,0,1,A01
200800024602,0,2,0,0,0,0,1,A01
200800024603,0,31,0,11,0,1,1,A01
200800024604,0,7,0,0,2,2,14,A01
200800024604,0,30,0,0,2,1,18,B01
200800024605,0,7,0,0,2,3,1,B01
200800024605,0,1,0,0,2,1,15,A01
200800024606,0,30,0,16,0,1,1,A01
200800024607,0,7,0,0,2,1,1,A01
200800024607,0,7,0,0,2,7,1,B01
200800024608,0,1,0,0,2,8,19,A01
200800024608,0,7,0,0,2,7,1,B01
200800024609,0,30,0,3,0,1,1,A01
200800024610,0,7,0,0,0,1,1,B01
200800024610,0,2,0,0,2,1,1,A01
200800024611,0,7,0,0,2,4,1,B01
200800024611,0,1,0,0,2,1,2,A01
200800024612,0,7,0,0,0,1,10,A01
200800024612,0,7,0,0,2,7,1,B01
200800024612,0,33,0,0,2,7,2,C01
200800024613,0,7,0,0,2,3,24,A01
200800024613,0,2,0,0,2,1,1,B01
200800024614,0,7,0,0,2,8,10,A01
200800024614,0,15,0,0,2,1,1,B01
200800024615,0,7,0,0,2,3,0,A01
200800024615,0,30,0,0,2,8,19,B01
200800024616,0,1,0,0,2,4,1,A01
200800024616,1,7,0,0,2,7,17,B01
200800024617,0,7,0,0,2,1,1,A01
200800024617,0,7,0,0,2,4,1,B01