Num_Acc,senc,catv,occutc,obs,obsm,choc,manv,num_veh
200800024617,0,7,0,0,2,4,23,C01
200800024617,0,7,0,0,2,4,23,D01
200800024618,0,7,0,0,1,4,4,A01
200800024619,0,30,0,0,2,1,1,A01
200800024619,0,7,0,0,2,4,23,B01
200800024620,0,7,0,6,2,1,15,A01
200800024620,0,7,0,0,2,3,1,B01
200800024621,0,30,0,0,2,1,1,A01
200800024621,0,7,0,0,2,5,1,B01
200800024622,0,7,0,0,2,1,2,A01
200800024622,0,7,0,0,2,4,2,B01
200800024623,0,7,0,0,1,6,4,A01
200800024624,0,7,0,0,2,1,2,A01
200800024624,0,7,0,0,2,4,1,B01
200800024625,0,33,0,12,0,1,14,A01
200800024626,0,7,0,0,1,3,1,A01
200800024627,0,7,0,0,1,2,14,A01
200800024628,0,7,0,0,2,1,15,A01
200800024628,0,7,0,0,2,1,1,B01
200800024629,0,7,0,0,2,1,15,A01
200800024629,0,30,0,0,2,1,1,B01
200800024630,0,7,0,0,0,3,5,A01
200800024630,0,7,0,0,2,7,1,B01
200800024630,0,7,0,0,2,1,1,C01
200800024631,0,7,0,0,1,7,1,A01
200800024632,0,7,0,0,0,8,1,A01
200800024632,0,30,0,0,2,2,3,B01
200800024633,0,7,0,15,0,1,0,A01
200800024634,0,7,0,0,0,6,2,A01
200800024634,0,2,0,1,0,1,2,B01
200800024634,0,7,0,0,0,3,1,C01
200800024635,0,7,0,0,1,1,15,A01
200800024636,0,2,0,0,2,1,1,B01
200800024636,0,7,0,0,2,5,1,A01
200800024637,0,33,0,0,1,5,1,A01
200800024638,0,7,0,0,1,1,1,A01
200800024639,0,7,0,0,2,3,1,B01
200800024639,0,10,0,0,2,1,1,A01
200800024640,0,10,0,0,9,7,17,A01
200800024640,0,1,0,0,2,8,13,B01
200800024641,0,33,0,0,2,1,21,A01
200800024641,0,7,0,0,2,3,1,B01
200800024642,0,2,0,0,2,1,1,A01
200800024642,0,7,0,0,2,3,1,B01
200800024643,0,7,0,0,1,2,1,A01
200800024644,0,7,0,0,0,1,14,A01
200800024645,0,2,0,2,0,1,14,A01
200800024646,0,33,0,1,0,2,14,A01
200800024647,0,33,0,0,0,0,2,A01
200800024648,1,7,0,0,1,0,0,A01
200800024649,0,33,0,0,2,1,21,A01
200800024649,0,7,0,0,0,6,23,B01
200800024649,0,14,0,0,2,8,1,C01
200800024650,0,7,0,0,2,2,2,A01
200800024650,0,7,0,2,0,4,16,B01
200800024651,0,7,0,0,1,7,1,A01
200800024652,0,7,0,0,1,2,1,A01
200800024653,0,7,0,0,0,3,1,A01
200800024653,0,7,0,0,2,3,13,B01
200800024654,0,7,0,3,2,1,2,A01
200800024654,0,7,0,0,0,4,2,B01
200800024655,0,7,0,0,2,1,1,B01
200800024655,2,7,0,0,2,1,15,A01
200800024656,0,33,0,0,2,1,1,B01
200800024656,0,10,0,0,2,1,15,A01
200800024657,0,7,0,0,1,1,13,A01
200800024658,0,7,0,0,2,3,15,A01
200800024658,0,30,0,0,2,1,1,B01
200800024659,0,7,0,0,2,1,15,A01
200800024659,0,7,0,0,2,1,1,B01
200800024660,0,7,0,0,1,3,1,A01
200800024661,0,1,0,0,2,1,9,A01
200800024661,0,7,0,0,2,5,1,B01
200800024662,0,38,1,0,2,3,15,A01
200800024662,0,33,0,0,2,1,1,B01
200800024663,0,7,0,0,2,2,1,A01
200800024664,0,2,0,11,0,1,2,A01
200800024665,0,33,0,0,2,1,2,A01
200800024665,0,33,0,0,2,4,2,B01
200800024666,0,10,0,0,2,1,1,A01
200800024666,0,7,0,0,2,4,1,B01
200800024666,0,7,0,0,2,4,1,C01
200800024667,1,7,0,0,1,0,1,A01
200800024668,0,2,0,0,2,7,1,A01
200800024668,0,7,0,0,2,1,1,B01
200800024669,0,1,0,0,2,1,1,A01
200800024669,0,1,0,0,2,1,1,B01
200800024669,0,40,0,0,2,1,1,C01
200800024670,0,2,0,0,2,1,15,B01
200800024670,0,7,0,0,2,2,16,A01
200800024671,0,7,0,0,1,1,9,A01
200800024672,0,7,0,0,2,1,2,A01
200800024672,0,7,0,0,0,4,23,B01
200800024673,0,3,0,0,2,1,1,A01
200800024673,0,7,0,0,2,1,1,B01
200800024674,0,7,0,0,2,3,2,B01
200800024674,0,7,0,0,2,1,15,A01
200800024675,0,7,0,0,2,6,15,A01
200800024675,0,2,0,0,2,6,1,B01
200800024676,0,7,0,0,2,3,1,B01
200800024676,0,2,0,0,2,0,17,A01
200800024677,0,1,0,0,2,1,5,A01
200800024677,1,7,0,0,2,1,1,B01
200800024678,0,10,0,0,1,1,20,A01
200800024679,0,1,0,0,1,1,1,A01
200800024680,0,1,0,0,1,1,1,A01
200800024681,0,7,0,0,2,1,1,B01
200800024681,0,7,0,0,2,3,15,A01
200800024682,0,7,0,0,1,2,1,A01
200800024683,0,7,0,0,0,7,15,A01
200800024683,0,33,0,0,2,1,1,B01
200800024684,0,7,0,0,2,3,23,C01
200800024684,0,7,0,0,2,5,15,A01
200800024684,0,7,0,0,2,1,1,B01
200800024685,0,7,0,0,0,8,10,A01
200800024685,0,33,0,0,2,1,1,B01
200800024686,0,7,0,0,2,1,1,B01
200800024686,0,7,0,0,0,7,1,A01
200800024687,0,2,0,1,0,1,14,A01
200800024688,0,7,0,15,0,1,1,A01
200800024689,0,17,0,0,0,8,16,A01
200800024690,0,33,0,0,2,1,13,A01
200800024690,0,2,0,0,2,1,1,B01
200800024691,0,7,0,0,0,3,1,B01
200800024691,0,7,0,0,2,1,15,A01
200800024692,0,30,0,0,0,0,1,A01
200800024693,0,7,0,0,0,1,1,A01
200800024693,0,7,0,0,2,4,23,B01
200800024693,0,7,0,0,2,4,23,C01
200800024693,0,7,0,0,2,4,23,D01
200800024694,0,7,0,0,1,1,0,A01
200800024695,0,7,0,1,2,2,1,B01
200800024695,0,7,0,0,2,1,1,A01
200800024696,0,1,0,0,2,1,1,B01
200800024696,0,7,0,0,2,3,1,A01
200800024697,1,7,0,0,2,1,1,A01
200800024697,0,2,0,0,0,4,23,B01
200800024698,0,2,0,0,2,1,1,A01
200800024698,0,30,0,0,0,8,1,B01
200800024699,0,2,0,0,5,1,1,A01
200800024700,0,33,0,0,1,8,1,A01
200800024701,0,33,0,13,2,1,17,A01
200800024701,0,7,0,0,2,3,1,B01
200800024702,0,7,0,0,2,1,1,A01
200800024702,0,7,0,0,2,4,1,B01
200800024702,0,7,0,0,2,4,23,C01
200800024703,0,7,0,0,2,8,1,B01
200800024703,0,2,0,0,2,1,15,A01
200800024704,0,7,0,0,1,4,4,A01
200800024705,0,30,0,0,1,1,1,A01
200800024706,0,7,0,0,2,1,1,A01
200800024706,0,7,0,0,2,4,23,B01
200800024706,0,7,0,0,2,4,23,C01
200800024707,0,7,0,0,2,3,1,B01
200800024707,0,7,0,0,2,1,1,A01
200800024708,0,7,0,0,2,1,15,A01
200800024708,0,7,0,0,2,1,1,B01
200800024709,0,7,0,0,2,3,1,A01
200800024709,0,7,0,0,2,3,1,B01
200800024710,0,7,0,0,9,1,1,A01
200800024711,0,7,0,0,1,7,1,A01
200800024712,0,2,0,0,2,1,17,A01
200800024712,0,7,0,0,2,1,1,B01
200800024713,0,2,0,0,2,1,1,A01
200800024713,0,7,0,0,2,1,1,B01
200800024714,0,30,0,0,0,8,1,A01
200800024715,0,2,0,0,2,1,1,B01
200800024715,0,7,0,0,2,1,1,A01
200800024716,0,7,0,13,0,1,1,A01
200800024717,0,2,0,0,2,1,1,A01
200800024718,0,2,0,0,2,1,18,A01
200800024718,0,7,0,0,2,2,16,B01
200800024719,0,7,0,6,0,1,1,A01
200800024720,0,7,0,11,0,1,1,A01
200800024721,0,7,0,0,2,1,1,A01
200800024721,0,7,0,0,0,4,23,B01
200800024722,0,34,0,0,0,8,1,A01
200800024723,0,1,0,0,2,1,1,A01
200800024723,0,7,0,0,2,8,9,B01
200800024724,0,30,0,0,0,7,1,A01
200800024725,0,1,0,0,2,1,19,A01
200800024725,0,7,0,0,2,3,1,B01
200800024726,0,7,0,0,2,4,1,B01
200800024726,0,7,0,0,2,3,9,A01
200800024727,0,30,0,0,2,1,2,A01
200800024727,0,7,0,0,2,4,1,B01
200800024728,0,32,0,0,2,7,21,B01
200800024728,0,7,0,0,2,0,15,A01
200800024729,0,2,0,0,2,1,1,B01
200800024729,0,7,0,2,2,7,15,A01
200800024730,0,2,0,0,2,7,1,B01
200800024730,0,7,0,0,2,8,9,A01
200800024731,0,7,0,0,2,6,9,A01
200800024731,0,10,0,0,2,3,1,B01
200800024732,0,7,0,0,1,1,1,A01
200800024733,0,7,0,0,1,1,1,A01
200800024734,0,7,0,0,2,3,14,A01
200800024734,0,33,0,0,2,1,1,B01
200800024735,0,7,0,0,1,1,15,A01
200800024736,0,7,0,0,0,0,1,A01
200800024737,0,10,0,0,2,1,9,A01
200800024737,0,33,0,0,2,9,2,B01
200800024738,0,7,0,0,1,1,1,A01
200800024739,0,7,0,0,2,4,23,B01
200800024739,0,7,0,0,2,1,1,A01
200800024740,0,2,0,0,2,1,1,B01
200800024740,0,7,0,0,2,0,15,A01
200800024741,0,7,0,0,2,1,9,A01
200800024741,0,2,0,0,2,1,9,B01
200800024742,0,7,0,0,1,1,1,A01
200800024743,0,7,0,0,2,2,1,A01
200800024743,0,2,0,0,2,1,1,B01
200800024744,0,7,0,0,1,9,1,A01
200800024745,0,2,0,0,2,1,6,A01
200800024745,0,7,0,0,2,2,1,B01
200800024746,0,7,0,0,2,1,13,A01
200800024746,0,33,0,0,2,1,1,B01
200800024747,0,7,0,0,2,3,15,A01
200800024747,0,1,0,0,2,9,1,B01
200800024748,0,7,0,2,0,1,1,A01
200800024749,0,7,0,0,2,1,1,A01
200800024749,0,7,0,0,2,4,23,B01
200800024749,0,7,0,0,2,4,23,C01
200800024750,0,7,0,0,1,1,1,A01
200800024751,0,2,0,2,0,1,0,A01
200800024752,0,2,0,0,1,0,0,A01
200800024753,0,7,0,0,2,7,15,A01
200800024753,0,2,0,0,2,1,1,B01
200800024754,1,7,0,0,1,0,0,A01
200800024755,0,37,0,0,1,1,1,A01
200800024756,0,7,0,0,2,2,0,A01
200800024756,0,7,0,0,2,1,0,B01
200800024757,0,7,0,0,1,1,15,A01
200800024758,0,7,0,0,2,1,2,A01
200800024758,0,7,0,0,2,4,2,B01
200800024758,0,7,0,0,2,4,2,C01
200800024758,0,7,0,0,2,3,2,D01
200800024759,0,7,0,0,2,2,15,A01
200800024759,0,7,0,0,2,1,1,B01
200800024760,1,7,0,0,2,1,0,A01
200800024760,0,7,0,0,2,6,9,B01
200800024761,0,33,0,12,0,0,15,A01
200800024762,0,7,0,0,2,8,1,B01
200800024762,0,7,0,0,2,2,15,A01
200800024763,0,32,0,0,2,1,17,A01
200800024763,0,7,0,0,2,8,15,B01
200800024764,0,2,0,0,2,1,17,A01
200800024764,0,7,0,0,2,8,10,B01
200800024765,0,7,0,0,2,4,16,C01
200800024765,0,37,1,0,2,2,1,A01
200800024765,0,7,0,0,2,5,23,B01
200800024766,0,7,0,0,1,1,1,A01
200800024767,0,7,0,0,2,8,9,A01
200800024767,0,33,0,0,2,1,1,B01
200800024768,0,33,0,4,0,1,1,A01
200800024769,0,2,0,0,0,1,1,A01
200800024770,0,2,0,0,2,1,1,B01
200800024770,0,7,0,0,2,2,15,A01
200800024771,0,7,0,0,1,1,1,A01
200800024772,0,31,0,0,2,4,1,B01
200800024772,0,14,0,0,2,3,9,A01
200800024773,0,7,0,0,0,4,1,B01
200800024773,0,2,0,0,2,3,1,A01
200800024774,0,7,0,0,1,0,16,A01
200800024775,0,7,0,0,0,4,23,B01
200800024775,0,1,0,0,2,1,2,A01
200800024776,0,7,0,0,2,8,1,B01
200800024776,0,33,0,0,2,1,1,A01
200800024777,0,7,0,0,0,1,1,A01
200800024778,0,7,0,0,2,1,2,A01
200800024778,0,7,0,0,0,4,2,B01
200800024779,0,33,0,0,2,1,1,B01
200800024779,0,2,0,0,2,1,10,A01
200800024780,0,7,0,0,1,1,1,A01
200800024781,0,7,0,0,1,1,15,A01
200800024782,0,7,0,0,1,2,1,A01
200800024783,0,33,0,0,2,5,17,B01
200800024783,0,7,0,0,2,3,10,A01
200800024784,0,1,0,0,0,4,2,B01
200800024784,1,7,0,0,2,1,2,A01
200800024785,0,7,0,0,2,3,1,C01
200800024785,0,38,10,0,2,0,1,B01
200800024785,0,7,0,0,2,1,1,A01
200800024786,0,7,0,16,0,1,14,A01
200800024787,0,7,0,0,0,1,1,B01
200800024787,0,1,0,0,0,1,1,A01
200800024788,0,30,0,0,1,1,2,A01
200800024789,0,7,0,0,9,0,5,A01
200800024790,0,7,0,0,1,1,1,A01
200800024791,0,7,0,0,1,7,1,A01
200800024792,0,33,0,0,2,1,1,A01
200800024792,0,7,0,0,2,8,1,B01
200800024793,0,7,0,0,1,1,1,A01
200800024794,0,15,0,0,1,2,1,A01
200800024795,0,7,0,0,1,2,16,A01
200800024796,0,7,0,0,2,1,1,B01
200800024796,0,7,0,0,2,2,1,A01
200800024797,0,7,0,1,2,1,13,A01
200800024797,0,7,0,1,2,1,1,B01
200800024797,0,7,0,0,9,4,1,E01
200800024798,0,33,0,0,2,1,1,A01
200800024798,0,7,0,0,2,2,1,B01
200800024799,0,7,0,0,2,1,1,B01
200800024799,0,7,0,0,2,7,15,A01
200800024800,0,7,0,0,2,3,15,A01
200800024800,0,7,0,0,2,1,1,B01
200800024801,0,17,0,0,9,3,23,C01
200800024801,0,7,0,0,2,1,15,A01
200800024801,0,33,0,14,2,1,1,B01
200800024802,0,2,0,0,2,9,1,B01
200800024802,2,7,0,0,2,1,1,A01
200800024803,0,30,0,0,2,1,1,B01
200800024803,0,7,0,0,2,6,17,A01
200800024804,0,7,0,0,2,1,15,A01
200800024804,0,7,0,0,2,1,1,B01
200800024805,0,33,0,0,1,1,0,A01
200800024806,0,7,0,0,2,8,13,A01
200800024806,0,7,0,0,2,6,15,B01
200800024807,0,7,0,13,0,3,5,A01
200800024807,0,30,0,13,2,1,1,B01
200800024808,0,7,0,0,1,8,1,A01
200800024809,0,31,0,0,2,1,2,A01
200800024809,0,7,0,0,0,3,4,B01
200800024810,0,30,0,0,2,1,1,B01
200800024811,0,99,0,0,2,2,20,A01
200800024811,0,30,0,0,2,1,1,B01
200800024812,0,7,0,0,1,1,1,A01
200800024813,0,7,0,0,2,7,15,A01
200800024813,0,1,0,0,2,1,1,B01
200800024814,0,7,0,0,9,3,1,B01
200800024814,0,30,0,0,2,1,1,A01
200800024815,0,7,0,0,2,1,1,B01
200800024815,0,2,0,0,2,1,15,A01
200800024816,0,7,0,0,2,3,15,A01
200800024816,0,7,0,0,2,1,2,B01
200800024817,0,7,0,0,2,1,2,A01
200800024817,0,7,0,0,2,4,2,B01
200800024818,0,30,0,0,1,1,1,A01
200800024818,0,10,0,0,2,5,15,B01
200800024819,0,2,0,0,2,1,5,A01
200800024819,0,10,0,0,2,3,2,B01
200800024820,0,7,0,0,1,1,1,A01
200800024821,0,2,0,0,2,1,2,A01
200800024821,0,7,0,0,2,3,1,B01
200800024822,0,2,0,0,2,1,2,A01
200800024822,0,7,0,0,2,6,1,B01
200800024823,0,7,0,0,1,1,2,A01
200800024824,0,7,0,0,2,8,10,A01
200800024824,0,10,0,0,2,2,1,B01
200800024825,0,33,0,0,2,1,1,A01
200800024825,0,33,0,0,2,4,1,B01
200800024825,0,7,0,0,2,6,23,C01
200800024826,0,10,0,1,0,1,0,A01
200800024827,0,7,0,0,2,1,1,A01
200800024827,0,7,0,0,2,1,1,B01
200800024828,1,7,0,0,1,0,1,A01
200800024829,0,7,0,0,2,4,15,A01
200800024829,0,31,0,0,2,1,2,B01
200800024830,0,10,0,0,2,1,19,A01
200800024830,0,2,0,0,2,7,2,B01
200800024831,0,33,0,12,2,9,13,A01
200800024831,0,7,0,0,2,7,1,B01
200800024832,0,1,0,0,2,1,1,A01
200800024832,0,7,0,0,2,7,1,B01
200800024833,0,7,0,0,2,2,10,A01
200800024833,0,33,0,0,2,1,1,B01
200800024834,0,33,0,0,9,1,1,A01
200800024835,0,33,0,0,2,1,2,A01
200800024835,0,7,0,0,2,4,2,B01
200800024836,0,7,0,0,1,8,1,A01
200800024837,0,2,0,0,0,0,0,A01
200800024838,0,7,0,0,9,8,24,A01
200800024838,0,1,0,1,0,1,1,B01
200800024839,0,7,0,0,1,1,1,A01
200800024840,0,10,0,0,2,3,1,B01
200800024840,0,1,0,0,2,1,1,A01
200800024841,0,7,0,0,2,8,20,A01
200800024841,0,32,0,0,2,2,1,B01
200800024842,1,7,0,0,2,1,1,A01
200800024842,0,31,0,0,2,4,23,B01
200800024843,0,7,0,0,1,1,1,A01
200800024844,0,2,0,0,2,1,15,A01
200800024844,0,7,0,0,2,2,1,B01
200800024845,0,1,0,0,2,0,1,A01
200800024845,0,7,0,0,2,0,13,B01
200800024846,0,7,0,0,2,1,15,A01
200800024846,0,33,0,0,2,1,1,B01
200800024847,0,10,0,4,0,8,2,A01
200800024848,0,10,0,0,2,8,1,B01
200800024848,0,2,0,0,2,1,1,A01
200800024849,0,33,0,0,2,1,18,A01
200800024849,0,7,0,0,2,1,1,B01
200800024850,0,10,0,0,2,1,1,A01
200800024850,0,1,0,0,2,8,1,B01
200800024851,0,30,0,0,2,7,1,A01
200800024852,0,7,0,0,2,1,15,A01
200800024852,0,33,0,0,2,1,1,B01
200800024853,0,7,0,0,2,2,1,B01
200800024853,0,30,0,0,2,1,1,A01
200800024854,0,7,0,6,2,1,1,A01
200800024855,0,2,0,0,2,1,17,A01
200800024855,0,10,0,0,2,8,15,B01
200800024856,0,7,0,0,2,1,1,B01
200800024856,0,1,0,0,2,1,1,A01
200800024857,1,7,0,0,0,0,15,A01
200800024857,0,31,0,0,2,1,1,B01
200800024858,0,7,0,0,2,1,15,A01
200800024858,0,1,0,0,2,1,1,B01
200800024859,0,7,0,0,2,1,1,A01
200800024859,0,7,0,0,2,4,1,B01
200800024859,0,7,0,0,2,4,1,C01
200800024860,0,7,0,0,1,1,15,A01
200800024861,0,7,0,0,2,8,10,A01
200800024861,0,7,0,0,2,1,1,B01
200800024862,0,33,0,0,2,1,15,B01
200800024862,0,7,0,0,2,3,1,A01
200800024863,0,7,0,0,2,1,15,A01
200800024863,0,7,0,0,2,3,1,B01
200800024864,0,7,0,0,2,3,15,B01
200800024864,0,30,0,0,2,1,1,A01
200800024865,0,2,0,0,2,1,18,A01
200800024865,0,7,0,0,2,7,19,B01
200800024866,0,7,0,0,1,3,2,A01
200800024867,0,2,0,0,0,0,1,A01
200800024868,0,7,0,0,2,3,15,A01
200800024868,0,1,0,0,2,3,1,B01
200800024869,0,7,0,0,2,1,19,A01
200800024870,0,34,0,0,2,1,1,A01
200800024870,0,7,0,0,2,3,1,B01
200800024871,0,7,0,0,2,1,2,A01
200800024871,0,30,0,0,2,6,2,B01
200800024872,0,2,0,0,2,1,1,A01
200800024872,0,7,0,0,2,2,1,B01
200800024873,0,7,0,0,2,3,20,A01
200800024873,0,2,0,0,2,3,1,B01
200800024874,0,7,0,0,1,2,1,A01
200800024875,0,7,0,0,2,1,10,A01
200800024875,0,2,0,0,2,1,2,B01
200800024876,0,7,0,0,2,7,2,B01
200800024876,0,7,0,8,2,9,3,A01
200800024877,1,10,0,0,1,1,1,A01
200800024878,0,7,0,0,2,2,19,A01
200800024878,0,1,0,0,2,1,1,B01
200800024879,0,7,0,0,1,1,1,A01
200800024880,0,7,0,0,1,1,1,A01
200800024881,1,7,0,0,1,1,1,A01
200800024882,0,7,0,14,2,3,1,A01
200800024882,0,7,0,1,2,2,1,B01
200800024883,0,7,0,0,0,9,1,A01
200800024884,0,30,0,0,2,9,10,A01
200800024884,0,1,0,0,2,9,1,B01
200800024885,0,7,0,14,2,3,1,A01
200800024885,0,7,0,0,2,3,1,B01
200800024886,0,7,0,0,1,0,15,A01
200800024887,0,1,0,0,2,0,16,B01
200800024887,0,7,0,14,2,0,15,A01
200800024888,0,7,0,0,2,2,15,A01
200800024888,0,7,0,0,2,1,1,B01
200800024889,0,2,0,7,2,1,19,A01
200800024889,0,7,0,0,2,1,1,B01
200800024890,0,7,0,0,2,1,15,A01
200800024890,0,33,0,0,2,1,1,B01
200800024891,0,7,0,7,2,1,1,A01
200800024891,0,7,0,0,2,2,1,B01
200800024892,0,7,0,0,1,2,1,A01
200800024893,0,7,0,0,2,9,1,A01
200800024893,0,1,0,0,2,4,19,B01
200800024894,0,2,0,7,1,6,13,A01
200800024894,0,7,0,0,2,1,1,B01
200800024895,0,7,0,0,2,9,16,A01
200800024895,0,2,0,0,2,1,1,B01
200800024896,0,1,0,14,2,4,15,A01
200800024896,0,33,0,0,2,5,1,B01
200800024897,0,7,0,0,1,0,1,A01
200800024898,0,7,0,0,1,1,1,A01
200800024899,0,2,0,0,0,9,5,A01
200800024899,0,7,0,0,2,1,15,B01
200800024900,0,7,0,0,2,5,16,B01
200800024900,0,1,0,0,2,1,1,A01
200800024901,0,30,0,0,2,1,1,A01
200800024901,0,7,0,0,2,6,9,B01
200800024902,0,7,0,2,0,1,1,A01
200800024903,0,7,0,14,2,8,1,A01
200800024903,0,7,0,0,2,1,1,B01
200800024904,0,31,0,0,2,1,17,A01
200800024904,0,7,0,0,2,3,15,B01
200800024905,0,7,0,0,2,2,1,A01
200800024905,0,1,0,0,2,9,19,B01
200800024906,0,7,0,0,1,1,1,A01
200800024907,0,2,0,0,2,8,17,A01
200800024907,0,7,0,0,2,1,15,B01
200800024908,0,7,0,0,2,0,17,A01
200800024908,0,33,0,0,2,1,15,B01
200800024909,0,7,0,0,1,1,1,A01
200800024910,0,7,0,0,2,2,16,A01
200800024910,0,34,0,0,2,0,1,B01
200800024911,0,7,0,0,2,1,15,A01
200800024911,0,32,0,0,2,9,1,B01
200800024912,0,7,0,0,1,2,1,A01
200800024913,0,7,0,0,1,1,1,A01
200800024914,0,2,0,0,2,1,1,A01
200800024914,0,7,0,0,2,0,1,B01
200800024915,0,7,0,1,2,1,13,A01
200800024915,0,7,0,0,2,9,1,B01
200800024916,0,7,0,0,1,2,1,A01
200800024917,0,7,0,0,1,1,1,A01
200800024918,0,32,0,0,0,1,1,A01
200800024919,0,7,0,0,2,2,16,A01
200800024919,0,7,0,0,2,3,1,B01
200800024920,0,7,0,0,2,1,1,A01
200800024920,0,7,0,0,2,4,2,B01
200800024921,0,7,0,0,1,3,1,A01
200800024922,0,2,0,8,0,1,13,A01
200800024923,0,7,0,0,0,3,15,A01
200800024923,0,1,0,0,2,1,2,B01
200800024924,0,7,0,0,2,1,13,A01
200800024924,0,7,0,0,2,3,0,B01
200800024924,0,7,0,0,0,0,0,C01
200800024925,0,33,0,6,2,2,1,B01
200800024925,0,7,0,0,2,3,15,A01
200800024926,0,7,0,0,2,5,10,A01
200800024926,0,31,0,0,2,1,1,B01
200800024927,0,7,0,0,0,9,1,A01
200800024928,0,1,0,0,0,1,16,A01
200800024929,0,7,0,0,0,0,0,A01
200800024930,0,30,0,0,0,0,0,A01
200800024931,0,7,0,0,2,1,16,B01
200800024931,0,7,0,0,2,1,17,A01
200800024932,0,33,0,0,2,1,2,A01
200800024932,0,7,0,1,2,1,24,B01
200800024933,0,7,0,13,0,9,1,A01
200800024934,0,7,0,1,0,3,20,A01
200800024934,0,31,0,0,0,1,0,B01
200800024935,0,7,0,8,0,2,14,A01
200800024936,0,7,0,0,2,1,15,A01
200800024936,0,7,0,0,2,3,1,B01
200800024936,0,30,0,0,2,1,1,C01
200800024937,0,31,0,0,2,1,1,B01
200800024937,0,1,0,0,2,7,6,A01
200800024938,0,7,0,8,0,5,13,A01
200800024939,0,2,0,0,2,1,1,B01
200800024939,0,7,0,0,2,3,15,A01
200800024940,0,7,0,0,2,2,1,A01
200800024940,0,7,0,0,2,3,1,B01
200800024941,0,7,0,0,2,1,1,A01
200800024941,0,7,0,0,2,4,1,B01
200800024941,0,7,0,0,2,4,1,C01
200800024942,0,7,0,0,2,2,16,A01
200800024942,0,30,0,0,2,1,1,B01
200800024943,0,7,0,0,1,1,1,A01
200800024944,0,7,0,0,2,2,20,A01
200800024944,0,30,0,0,2,1,1,B01
200800024945,0,7,0,0,1,1,1,A01
200800024946,0,10,0,1,0,1,14,A01
200800024947,0,13,0,0,2,5,15,A01
200800024947,0,33,0,0,2,1,1,B01
200800024948,0,7,0,0,2,3,23,C01
200800024948,0,7,0,0,2,3,1,B01
200800024948,0,10,0,0,2,3,15,A01
200800024949,0,2,0,1,0,0,1,A01
200800024949,0,7,0,0,2,0,0,C01
200800024950,0,33,0,0,0,0,1,A01
200800024951,0,7,0,0,2,3,0,A01
200800024951,0,7,0,0,2,3,1,B01
200800024952,0,7,0,0,2,2,15,A01
200800024952,0,33,0,0,2,1,1,B01
200800024953,0,7,0,0,1,1,1,A01
200800024954,0,7,0,0,1,1,1,A01
200800024955,0,7,0,0,2,8,15,B01
200800024955,0,7,0,0,2,1,1,A01
200800024956,0,7,0,0,1,1,13,A01
200800024957,0,7,0,0,9,1,19,A01
200800024957,0,15,0,2,2,9,1,B01
200800024957,0,15,0,0,2,2,1,C01
200800024958,0,30,0,0,2,0,6,B01
200800024958,0,30,0,0,2,0,1,A01
200800024959,0,10,0,0,2,6,1,B01
200800024959,0,33,0,0,2,1,2,A01
200800024960,0,33,0,0,2,1,1,B01
200800024960,0,7,0,0,2,2,15,A01
200800024961,0,1,0,0,9,8,2,A01
200800024962,0,33,0,0,2,3,1,B01
200800024962,0,7,0,0,2,6,15,A01
200800024963,0,7,0,0,2,2,15,A01
200800024963,0,2,0,0,2,1,1,B01
200800024964,0,7,0,13,0,2,14,A01
200800024965,0,7,0,0,1,5,1,A01
200800024966,0,7,0,0,2,1,13,A01
200800024966,0,7,0,0,2,1,1,B01
200800024967,0,7,0,15,0,1,14,A01
200800024968,0,7,0,0,2,3,9,A01
200800024968,0,2,0,0,2,2,1,B01
200800024969,0,7,0,0,2,0,15,A01
200800024969,0,1,0,0,2,0,1,B01
200800024970,2,7,0,1,0,9,13,A01
200800024971,0,30,0,0,1,7,1,A01
200800024972,0,30,0,0,2,3,1,B01
200800024972,0,7,0,0,2,7,9,A01
200800024973,0,33,0,0,0,1,1,A01
200800024974,0,7,0,0,1,8,1,A01
200800024975,2,7,0,0,2,1,5,A01
200800024975,0,7,0,0,2,1,1,B01
200800024976,0,7,0,0,1,2,0,A01
200800024977,0,2,0,0,2,6,2,A01
200800024977,0,7,0,0,2,6,2,B01
200800024978,0,7,0,8,9,7,15,A01
200800024979,0,31,0,0,2,1,17,A01
200800024979,0,7,0,0,2,6,1,B01
200800024980,0,33,0,11,0,1,1,A01
200800024981,0,7,0,0,2,8,15,B01
200800024981,0,33,0,0,2,7,17,A01
200800024982,0,31,0,0,2,1,5,A01
200800024982,0,7,0,0,2,3,1,B01
200800024982,0,7,0,0,2,3,2,C01
200800024983,0,7,0,0,0,1,0,A01
200800024984,0,30,0,0,2,1,0,B01
200800024984,0,7,0,0,2,7,0,A01
200800024985,0,7,0,0,0,1,9,B01
200800024985,0,7,0,0,0,7,2,A01
200800024986,0,7,0,0,1,1,2,A01
200800024987,0,7,0,16,0,0,1,A01
200800024988,0,30,0,0,1,7,1,A01
200800024989,0,2,0,0,2,1,1,A01
200800024989,0,7,0,0,2,2,16,B01
200800024990,0,30,0,12,0,1,1,A01
200800024991,0,7,0,0,1,1,1,A01
200800024992,0,7,0,1,0,1,14,A01
200800024992,0,7,0,0,2,6,0,B01
200800024993,0,7,0,0,1,3,1,A01
200800024994,0,7,0,0,2,8,16,A01
200800024994,0,7,0,0,2,1,1,B01
200800024995,0,30,0,0,0,0,15,A01
200800024996,0,7,0,0,2,3,15,A01
200800024996,0,7,0,0,2,1,1,B01
200800024997,0,30,0,0,2,1,17,A01