Num_Acc,senc,catv,occutc,obs,obsm,choc,manv,num_veh
200800024997,0,1,0,0,2,8,19,B01
200800024998,0,7,0,0,1,3,1,A01
200800024999,0,33,0,0,0,0,17,A01
200800024999,0,7,0,0,0,0,17,B01
200800025000,0,7,0,8,0,1,13,A01
200800025001,0,7,0,0,2,2,1,A01
200800025001,0,2,0,0,2,1,1,B01
200800025002,0,7,0,0,1,4,4,A01
200800025003,0,7,0,0,2,1,1,B01
200800025003,0,1,0,0,1,1,15,A01
200800025004,0,7,0,9,2,9,1,B01
200800025004,1,7,0,0,2,1,1,A01
200800025005,0,7,0,0,2,3,15,A01
200800025005,0,2,0,0,2,1,1,B01
200800025006,0,7,0,0,2,1,9,A01
200800025006,0,2,0,0,2,7,1,B01
200800025007,0,7,0,0,1,2,1,A01
200800025008,0,7,0,0,2,1,1,A01
200800025008,0,7,0,0,2,8,1,B01
200800025009,0,7,0,0,2,3,15,A01
200800025009,0,3,0,0,2,3,1,B01
200800025010,0,7,0,0,2,2,15,A01
200800025010,0,33,0,0,2,1,1,B01
200800025011,0,7,0,0,9,8,15,A01
200800025011,0,2,0,0,2,1,1,B01
200800025012,0,7,0,0,2,4,1,A01
200800025012,0,7,0,0,2,4,2,B01
200800025012,0,7,0,0,2,1,2,C01
200800025013,0,7,0,0,9,3,13,A01
200800025013,0,2,0,0,2,8,1,B01
200800025013,0,7,0,0,9,6,24,C01
200800025014,0,7,0,0,2,9,20,A01
200800025014,0,7,0,0,2,3,20,B01
200800025015,0,37,3,0,2,1,2,A01
200800025015,0,10,0,0,2,4,2,B01
200800025015,0,7,0,0,2,4,2,C01
200800025015,0,7,0,0,2,4,2,D01
200800025015,0,7,0,0,2,4,2,E01
200800025016,0,2,0,0,2,1,1,B01
200800025016,0,7,0,0,9,3,15,A01
200800025017,0,7,0,0,1,1,1,A01
200800025018,0,10,0,0,2,1,2,A01
200800025018,0,7,0,0,2,4,2,B01
200800025019,0,7,0,0,9,1,15,A01
200800025019,0,30,0,0,2,1,1,B01
200800025020,0,7,0,0,1,2,15,A01
200800025021,0,2,0,1,0,1,0,A01
200800025022,0,7,0,0,2,1,5,B01
200800025022,0,7,0,0,2,1,5,A01
200800025023,0,7,0,0,1,1,0,A01
200800025024,0,2,0,0,2,1,17,A01
200800025024,0,7,0,0,2,3,15,B01
200800025025,0,7,0,0,2,1,5,A01
200800025025,0,7,0,0,2,1,5,B01
200800025026,0,7,0,0,2,1,15,A01
200800025026,0,7,0,0,2,1,1,B01
200800025027,0,7,0,0,2,1,1,B01
200800025027,0,7,0,0,2,1,15,A01
200800025028,0,2,0,0,2,1,1,A01
200800025028,0,7,0,0,2,3,0,B01
200800025029,0,7,0,0,2,1,1,B01
200800025029,0,2,0,0,2,1,1,A01
200800025030,0,33,0,0,0,8,1,A01
200800025031,0,7,0,0,2,1,0,A01
200800025031,0,7,0,0,2,1,0,B01
200800025032,0,7,0,8,0,3,0,A01
200800025033,0,7,0,16,2,3,13,A01
200800025033,0,7,0,13,2,3,0,B01
200800025034,0,7,0,0,2,3,0,B01
200800025034,0,7,0,0,2,1,15,A01
200800025035,0,33,0,0,2,7,16,A01
200800025035,0,7,0,0,2,8,15,B01
200800025036,0,7,0,0,2,2,9,A01
200800025036,0,33,0,1,2,1,1,B01
200800025037,0,7,0,0,2,1,15,A01
200800025037,0,7,0,0,2,8,1,B01
200800025038,0,7,0,0,2,3,15,A01
200800025038,0,30,0,0,2,8,1,B01
200800025039,0,7,0,0,2,6,0,B01
200800025039,0,7,0,0,2,1,0,A01
200800025040,0,7,0,0,2,5,15,A01
200800025040,0,31,0,0,2,1,1,B01
200800025041,0,7,0,1,0,1,1,A01
200800025042,0,7,0,0,1,2,0,B01
200800025043,0,33,0,0,0,3,0,A01
200800025044,0,7,0,0,2,1,15,A01
200800025044,0,37,2,0,2,2,1,B01
200800025045,0,7,0,0,2,0,0,A01
200800025045,0,2,0,0,2,0,0,B01
200800025046,0,7,0,0,2,2,0,B01
200800025046,2,7,0,0,2,0,0,A01
200800025046,0,7,0,0,2,8,0,C01
200800025047,0,7,0,0,2,1,1,A01
200800025048,0,2,0,0,2,1,1,A01
200800025048,0,7,0,0,2,3,20,B01
200800025049,0,7,0,0,2,1,0,A01
200800025049,0,33,0,0,2,8,0,B01
200800025050,0,7,0,0,2,7,1,A01
200800025050,0,7,0,0,2,1,1,B01
200800025051,0,33,0,0,2,1,0,A01
200800025051,0,7,0,0,2,1,1,B01
200800025052,0,7,0,0,2,3,1,B01
200800025052,0,7,0,0,2,1,15,A01
200800025053,0,7,0,0,1,2,1,A01
200800025054,0,7,0,0,1,8,0,A01
200800025055,0,7,0,0,2,1,1,B01
200800025055,0,7,0,0,2,8,1,A01
200800025056,0,7,0,0,1,3,1,A01
200800025057,0,33,0,16,0,8,14,A01
200800025058,0,10,0,0,2,3,9,A01
200800025058,0,33,0,0,2,1,21,B01
200800025059,0,7,0,0,2,1,0,A01
200800025059,0,7,0,0,2,1,0,B01
200800025060,0,7,0,8,0,7,1,A01
200800025061,0,7,0,0,1,2,1,A01
200800025062,0,7,0,0,2,8,1,B01
200800025062,0,2,0,0,2,7,1,A01
200800025063,0,1,0,0,2,1,5,A01
200800025063,0,7,0,0,2,1,16,B01
200800025064,0,7,0,0,2,1,0,A01
200800025064,0,7,0,0,2,7,1,B01
200800025065,0,7,0,0,2,9,2,B01
200800025065,0,7,0,0,2,1,2,A01
200800025065,0,7,0,0,2,1,2,C01
200800025065,0,7,0,0,2,1,2,D01
200800025066,0,7,0,8,0,1,1,A01
200800025067,0,7,0,0,2,2,12,A01
200800025067,0,2,0,0,2,8,1,B01
200800025068,0,10,0,0,2,2,17,A01
200800025068,0,2,0,0,2,8,1,B01
200800025069,0,7,0,8,0,1,13,A01
200800025070,0,7,0,0,2,1,15,A01
200800025070,0,33,0,0,2,1,18,B01
200800025071,0,32,0,1,0,0,13,A01
200800025072,0,10,0,0,4,1,1,A01
200800025072,0,40,0,0,2,8,1,B01
200800025073,0,7,0,0,2,2,1,A01
200800025073,0,7,0,0,2,5,0,B01
200800025074,0,7,0,0,2,1,1,B01
200800025074,0,7,0,0,2,1,15,A01
200800025075,0,7,0,7,2,1,1,A01
200800025075,0,7,0,0,2,4,23,B01
200800025075,0,7,0,0,2,4,23,C01
200800025075,0,7,0,0,2,4,23,D01
200800025076,0,7,0,0,1,8,15,A01
200800025077,0,7,0,8,0,8,1,A01
200800025078,0,7,0,0,2,1,15,A01
200800025078,0,7,0,0,2,3,1,B01
200800025079,0,7,0,0,2,2,1,B01
200800025079,0,33,0,0,2,1,9,A01
200800025080,0,2,0,2,0,1,1,A01
200800025081,0,7,0,1,0,3,1,A01
200800025081,0,7,0,1,0,4,24,B01
200800025082,0,2,0,0,2,1,17,A01
200800025082,0,7,0,0,2,3,9,B01
200800025083,0,7,0,0,2,1,17,A01
200800025083,0,7,0,0,2,1,1,B01
200800025084,1,2,0,0,2,1,9,A01
200800025084,0,1,0,0,2,1,1,B01
200800025085,0,7,0,0,2,3,9,A01
200800025085,0,30,0,0,2,1,1,B01
200800025086,1,7,0,0,2,0,0,A01
200800025086,0,1,0,0,2,1,5,B01
200800025087,0,7,0,0,2,4,20,A01
200800025087,0,32,0,0,2,7,17,B01
200800025088,0,30,0,8,0,1,14,A01
200800025089,0,3,0,0,1,1,0,A01
200800025090,0,10,0,0,2,4,4,A01
200800025090,0,1,0,0,2,1,9,B01
200800025091,0,1,0,0,0,1,1,A01
200800025092,0,14,0,0,2,1,2,A01
200800025092,0,7,0,0,0,4,2,B01
200800025093,0,7,0,9,0,1,1,A01
200800025094,0,30,0,0,2,7,17,B01
200800025094,0,7,0,0,2,8,15,A01
200800025095,0,7,0,0,1,1,1,A01
200800025096,0,7,0,0,2,8,1,B01
200800025096,0,33,0,0,2,1,13,A01
200800025097,0,2,0,0,0,7,1,A01
200800025098,0,7,0,0,2,3,13,A01
200800025098,0,2,0,1,2,1,2,B01
200800025099,0,7,0,0,9,8,15,A01
200800025099,0,31,0,0,2,1,17,B01
200800025100,0,7,0,0,9,3,9,A01
200800025100,0,2,0,0,2,8,1,B01
200800025101,0,2,0,0,2,1,2,A01
200800025101,0,7,0,0,0,4,1,B01
200800025102,0,7,0,0,0,4,2,B01
200800025102,0,10,0,0,2,1,2,A01
200800025103,0,1,0,0,2,1,0,B01
200800025103,0,7,0,0,9,3,15,A01
200800025104,0,7,0,0,2,1,2,A01
200800025104,0,7,0,0,2,4,1,B01
200800025105,0,20,0,0,2,2,1,B01
200800025105,0,30,0,0,2,5,18,A01
200800025106,0,7,0,0,2,8,15,A01
200800025106,0,33,0,0,2,1,1,B01
200800025107,0,7,0,0,2,2,14,A01
200800025107,0,1,0,0,2,4,1,B01
200800025108,0,7,0,0,2,1,2,A01
200800025108,0,2,0,0,2,4,23,B01
200800025109,0,33,0,0,2,7,1,B01
200800025109,0,7,0,0,2,2,1,A01
200800025110,0,33,0,0,2,1,1,B01
200800025110,0,7,0,0,2,2,1,A01
200800025111,0,7,0,0,2,1,1,A01
200800025111,0,7,0,0,2,8,1,B01
200800025112,0,7,0,0,2,3,9,A01
200800025112,0,7,0,0,2,1,1,B01
200800025113,0,33,0,0,2,1,2,A01
200800025113,0,7,0,0,2,4,1,B01
200800025114,0,7,0,0,1,1,0,A01
200800025115,0,7,0,0,2,1,2,A01
200800025115,0,7,0,0,2,4,2,B01
200800025115,0,7,0,0,2,4,2,C01
200800025116,0,7,0,0,2,7,22,A01
200800025116,0,31,0,0,2,8,1,B01
200800025117,0,7,0,0,2,1,15,A01
200800025117,0,7,0,0,2,1,1,B01
200800025118,0,7,0,0,2,8,16,A01
200800025118,0,1,0,0,2,1,1,B01
200800025119,0,7,0,7,2,5,19,A01
200800025119,0,7,0,0,2,1,19,C01
200800025119,0,7,0,0,2,1,19,B01
200800025120,0,7,0,0,0,1,2,A01
200800025120,0,7,0,0,2,1,2,B01
200800025120,0,7,0,0,2,4,2,C01
200800025121,0,31,0,0,2,1,1,B01
200800025121,0,7,0,0,2,2,15,A01
200800025122,0,7,0,0,2,1,1,A01
200800025122,0,7,0,0,2,4,1,B01
200800025122,0,7,0,0,2,4,1,C01
200800025123,0,10,0,0,2,1,13,A01
200800025123,0,10,0,0,2,3,1,B01
200800025124,0,7,0,2,0,3,14,A01
200800025125,0,7,0,0,2,3,15,A01
200800025125,0,2,0,0,2,8,1,B01
200800025126,0,7,0,0,2,0,0,A01
200800025126,0,30,0,0,0,7,16,B01
200800025127,0,2,0,0,0,0,0,A01
200800025127,0,7,0,0,2,5,16,B01
200800025128,0,14,0,0,2,1,15,A01
200800025128,0,33,0,0,2,1,1,B01
200800025129,0,7,0,0,2,3,9,A01
200800025129,0,2,0,0,2,1,1,B01
200800025130,0,33,0,16,0,1,14,A01
200800025131,0,7,0,0,1,1,1,A01
200800025132,0,7,0,2,0,1,0,A01
200800025133,0,30,0,0,2,1,17,A01
200800025133,0,7,0,0,2,1,23,B01
200800025134,0,2,0,0,2,1,17,A01
200800025134,0,7,0,0,2,3,15,B01
200800025135,0,7,0,0,2,1,1,A01
200800025135,0,2,0,0,2,4,9,B01
200800025135,0,7,0,0,2,4,2,C01
200800025136,0,7,0,0,2,1,1,B01
200800025136,0,7,0,0,2,8,15,A01
200800025137,0,30,0,0,2,1,1,B01
200800025137,0,7,0,0,2,6,14,A01
200800025138,0,7,0,6,0,1,16,A01
200800025139,0,7,0,0,2,3,15,A01
200800025139,0,7,0,0,2,1,1,B01
200800025140,0,7,0,0,2,4,23,B01
200800025140,0,31,0,0,2,1,2,A01
200800025141,0,7,0,0,1,1,1,A01
200800025142,0,30,0,0,2,1,1,A01
200800025142,0,7,0,0,2,3,1,B01
200800025143,0,7,0,0,1,4,4,A01
200800025144,0,3,0,0,1,2,1,A01
200800025145,0,33,0,0,1,6,2,A01
200800025146,0,7,0,0,9,3,15,B01
200800025146,0,33,0,0,2,1,0,A01
200800025147,0,30,0,1,0,1,1,A01
200800025148,0,2,0,0,1,0,0,A01
200800025149,0,7,0,0,1,0,0,A01
200800025150,0,7,0,0,2,1,15,B01
200800025150,0,30,0,0,2,7,1,A01
200800025151,0,14,0,0,2,2,1,A01
200800025151,0,7,0,0,2,1,15,B01
200800025152,0,37,0,0,1,0,0,A01
200800025153,0,7,0,0,2,7,15,B01
200800025153,0,7,0,0,2,1,1,A01
200800025154,0,7,0,6,0,1,0,A01
200800025155,0,31,0,0,2,3,15,B01
200800025155,0,7,0,0,2,5,1,A01
200800025156,0,7,0,2,0,1,0,A01
200800025157,0,2,0,0,2,1,1,A01
200800025157,0,7,0,0,2,3,15,B01
200800025158,1,7,0,0,2,1,15,A01
200800025158,0,32,0,0,2,3,1,B01
200800025159,0,7,0,0,2,1,13,A01
200800025159,0,7,0,0,2,8,1,B01
200800025159,0,7,0,0,2,0,1,C01
200800025160,0,10,0,0,2,4,1,A01
200800025160,0,7,0,0,9,1,1,B01
200800025161,0,7,0,0,2,1,1,A01
200800025161,0,7,0,0,2,1,1,B01
200800025162,0,7,0,0,1,0,0,A01
200800025163,0,7,0,13,0,1,14,A01
200800025164,0,7,0,0,1,2,1,A01
200800025165,0,10,0,0,2,5,15,A01
200800025165,0,31,0,0,2,1,1,B01
200800025166,0,7,0,0,2,7,15,A01
200800025166,0,31,0,0,2,1,1,B01
200800025167,0,7,0,0,2,7,19,A01
200800025167,0,31,0,0,2,7,1,B01
200800025168,0,7,0,0,1,4,4,A01
200800025169,0,30,0,0,2,7,14,A01
200800025169,0,30,0,0,2,8,1,B01
200800025170,0,7,0,0,2,1,5,A01
200800025170,0,7,0,0,2,1,1,B01
200800025170,0,7,0,0,2,7,2,C01
200800025171,0,7,0,0,2,1,1,A01
200800025171,0,7,0,0,0,4,1,B01
200800025172,0,7,0,0,1,6,4,A01
200800025173,0,7,0,2,0,2,1,A01
200800025174,0,7,0,0,2,3,1,B01
200800025174,0,7,0,6,2,2,1,A01
200800025175,0,2,0,1,0,8,1,A01
200800025176,0,7,0,0,2,1,1,A01
200800025176,0,1,0,0,2,1,1,B01
200800025177,0,30,0,0,2,1,1,A01
200800025177,0,7,0,0,2,4,1,B01
200800025178,0,30,0,0,2,1,13,A01
200800025178,0,1,0,0,2,1,1,B01
200800025179,0,7,0,0,2,2,15,A01
200800025179,0,34,0,0,2,1,1,B01
200800025180,0,7,0,0,2,1,2,A01
200800025180,0,7,0,0,2,4,23,B01
200800025181,0,7,0,0,2,1,17,A01
200800025181,0,1,0,0,2,8,15,B01
200800025182,0,30,0,0,0,0,1,A01
200800025183,0,7,0,0,2,1,1,A01
200800025183,0,1,0,0,2,7,19,B01
200800025184,0,33,0,0,2,1,17,A01
200800025184,0,7,0,0,2,8,1,B01
200800025185,0,7,0,0,2,6,22,A01
200800025185,0,1,0,1,0,1,1,B01
200800025186,0,7,0,0,2,1,1,A01
200800025186,0,1,0,0,2,8,1,B01
200800025187,0,7,0,0,2,1,1,A01
200800025187,0,7,0,0,2,4,1,B01
200800025188,1,30,0,0,1,1,1,A01
200800025189,0,7,0,0,2,8,17,A01
200800025189,0,7,0,0,2,8,15,B01
200800025190,1,31,0,0,1,1,1,A01
200800025191,0,7,0,0,2,8,1,B01
200800025191,0,7,0,0,2,1,1,A01
200800025192,0,34,0,0,2,1,1,A01
200800025192,0,7,0,0,2,1,15,B01
200800025193,0,7,0,2,0,1,1,A01
200800025194,0,7,0,0,1,1,1,A01
200800025195,0,30,0,0,4,8,6,A01
200800025195,0,40,0,0,2,1,15,B01
200800025196,0,7,0,0,2,1,1,A01
200800025196,0,1,0,0,2,4,1,B01
200800025197,0,7,0,0,2,1,16,A01
200800025197,0,1,0,0,2,7,1,B01
200800025198,0,2,0,0,2,1,1,B01
200800025198,0,7,0,0,2,3,16,A01
200800025199,0,14,0,6,0,0,1,A01
200800025200,0,7,0,0,1,1,1,A01
200800025201,1,1,0,0,2,0,0,A01
200800025201,0,1,0,0,2,1,1,B01
200800025202,0,1,0,0,1,1,1,A01
200800025203,0,38,1,0,2,1,1,A01
200800025203,0,33,0,0,0,5,1,B01
200800025204,0,2,0,12,0,8,1,A01
200800025205,0,7,0,0,2,3,16,B01
200800025205,0,1,0,0,2,1,1,A01
200800025206,2,7,0,0,9,0,16,A01
200800025206,0,1,0,0,2,8,1,B01
200800025207,0,10,0,0,9,7,16,A01
200800025207,0,1,0,0,2,1,1,B01
200800025208,0,1,0,0,2,1,1,B01
200800025208,0,7,0,0,9,1,16,A01
200800025209,0,1,0,1,0,1,1,A01
200800025210,0,30,0,0,2,1,1,A01
200800025210,2,30,0,0,2,0,15,B01
200800025211,0,1,0,0,2,1,1,B01
200800025211,0,20,0,0,2,1,24,A01
200800025212,1,7,0,0,2,1,1,A01
200800025212,0,1,0,0,2,8,1,B01
200800025213,0,7,0,0,2,4,23,A01
200800025213,0,7,0,0,2,1,2,B01
200800025214,0,2,0,0,2,1,1,A01
200800025214,0,7,0,0,2,1,1,B01
200800025215,0,7,0,0,2,3,1,B01
200800025215,0,1,0,0,2,1,1,A01
200800025216,0,32,0,0,2,1,1,B01
200800025216,1,7,0,0,2,0,15,A01
200800025217,0,1,0,0,2,7,19,A01
200800025217,0,40,0,0,2,1,1,B01
200800025218,0,7,0,0,2,6,9,A01
200800025218,0,34,0,0,2,2,1,B01
200800025219,0,7,0,0,2,1,1,A01
200800025219,0,7,0,0,2,9,1,B01
200800025219,0,7,0,0,2,4,23,C01
200800025220,0,1,0,0,2,1,1,A01
200800025220,0,7,0,0,2,3,1,B01
200800025221,0,7,0,0,2,1,1,A01
200800025221,0,7,0,0,2,4,1,B01
200800025222,0,1,0,0,4,5,0,B01
200800025222,0,40,0,0,2,2,1,A01
200800025223,0,7,0,0,2,1,1,A01
200800025223,0,32,0,0,2,8,1,B01
200800025224,0,7,0,0,2,1,1,B01
200800025224,0,7,0,0,2,7,1,A01
200800025225,0,7,0,0,1,3,1,A01
200800025226,0,30,0,0,2,8,1,A01
200800025226,0,7,0,0,2,1,15,B01
200800025227,0,7,0,0,2,1,1,A01
200800025227,0,7,0,0,2,4,16,B01
200800025228,0,7,0,0,2,1,1,A01
200800025228,0,7,0,0,2,8,15,B01
200800025229,0,7,0,0,2,1,1,A01
200800025229,0,33,0,0,2,4,23,B01
200800025230,0,40,0,0,1,1,1,A01
200800025231,1,2,0,0,1,1,1,A01
200800025232,0,7,0,0,2,7,15,A01
200800025232,0,1,0,0,2,1,19,B01
200800025233,0,7,0,1,0,2,14,A01
200800025233,0,7,0,1,2,6,24,B01
200800025234,0,7,0,0,1,1,1,A01
200800025235,0,10,0,0,2,4,4,A01
200800025235,0,1,0,0,2,1,1,B01
200800025236,0,7,0,0,1,2,1,A01
200800025237,0,1,0,0,1,1,1,A01
200800025238,0,7,0,0,1,2,1,A01
200800025239,0,7,0,0,1,4,20,A01
200800025240,0,7,0,0,2,1,1,A01
200800025240,0,1,0,0,2,2,19,B01
200800025241,0,7,0,0,2,1,1,A01
200800025241,0,1,0,0,2,7,1,B01
200800025242,1,7,0,0,1,2,14,A01
200800025243,0,7,0,0,2,1,16,A01
200800025243,0,1,0,0,0,1,5,B01
200800025244,0,7,0,0,1,1,1,A01
200800025245,0,7,0,0,2,3,1,B01
200800025245,0,7,0,0,2,1,1,A01
200800025246,0,7,0,0,2,1,1,A01
200800025246,0,1,0,0,2,1,1,B01
200800025247,0,7,0,0,2,2,5,A01
200800025247,0,2,0,0,2,1,1,B01
200800025248,0,30,0,0,2,1,1,B01
200800025248,0,7,0,0,2,5,1,A01
200800025249,0,7,0,0,2,3,16,A01
200800025249,0,1,0,0,2,1,19,B01
200800025250,0,33,0,9,0,1,1,A01
200800025251,0,2,0,0,2,1,15,B01
200800025251,0,7,0,0,2,3,1,A01
200800025252,0,7,0,0,2,1,1,A01
200800025252,0,30,0,0,2,7,1,B01
200800025253,0,14,0,0,1,3,0,A01
200800025254,0,7,0,0,2,6,0,A01
200800025254,0,30,0,0,2,1,0,B01
200800025255,0,7,0,0,9,3,1,A01
200800025255,0,30,0,0,2,3,1,B01
200800025256,0,7,0,0,1,1,1,A01
200800025257,0,7,0,0,2,8,1,B01
200800025257,0,7,0,0,2,2,15,A01
200800025258,0,7,0,0,2,5,15,A01
200800025258,0,30,0,0,2,1,1,B01
200800025259,0,7,0,0,1,1,1,A01
200800025260,0,7,0,0,1,1,2,A01
200800025261,0,7,0,0,0,4,2,B01
200800025261,0,7,0,0,2,1,1,A01
200800025262,0,7,0,3,2,6,2,A01
200800025262,1,14,0,0,2,1,2,B01
200800025263,0,7,0,0,2,2,2,A01
200800025263,0,7,0,0,2,3,2,B01
200800025264,0,7,0,0,1,1,1,A01
200800025265,0,1,0,0,2,1,0,A01
200800025265,0,7,0,0,9,2,9,B01
200800025266,0,99,0,0,2,7,1,A01
200800025266,0,7,0,0,2,1,1,B01
200800025267,0,7,0,0,0,4,0,B01
200800025267,0,7,0,0,0,1,1,A01
200800025268,0,7,0,0,1,1,1,A01
200800025269,0,7,0,0,2,8,15,B01
200800025269,0,2,0,0,2,1,1,A01
200800025270,0,7,0,14,2,1,1,B01
200800025270,0,7,0,0,2,7,15,A01
200800025271,0,7,0,0,2,3,15,B01
200800025271,0,2,0,0,2,1,1,A01
200800025272,0,7,0,8,0,8,0,B01
200800025272,0,7,0,0,0,2,16,A01
200800025273,0,7,0,0,2,5,17,A01
200800025273,0,30,0,0,2,1,0,B01
200800025274,0,30,0,12,0,1,1,A01
200800025275,0,7,0,0,2,1,1,A01
200800025275,0,7,0,0,0,4,1,B01
200800025276,0,7,0,0,2,3,15,B01
200800025276,0,33,0,0,2,1,1,A01
200800025277,0,7,0,0,0,8,7,A01
200800025277,0,37,0,0,0,2,7,B01
200800025278,0,7,0,0,2,5,3,A01
200800025278,0,7,0,0,2,1,1,B01
200800025279,1,30,0,0,0,0,0,A01
200800025280,0,7,0,0,2,0,0,A01
200800025281,0,7,0,0,2,1,0,A01
200800025281,0,7,0,0,2,3,0,B01
200800025282,1,2,0,0,2,1,1,B01
200800025282,0,7,0,0,9,3,15,A01
200800025283,0,7,0,15,1,1,0,A01
200800025284,0,7,0,0,2,1,2,A01
200800025284,0,7,0,0,2,4,15,B01
200800025285,0,7,0,0,1,1,2,A01
200800025286,0,7,0,1,0,1,14,A01
200800025287,0,7,0,0,2,2,2,A01
200800025287,0,7,0,0,2,3,2,B01
200800025287,1,7,0,0,2,4,2,C01
200800025288,0,7,0,0,2,3,15,A01
200800025288,0,7,0,0,2,1,1,B01
200800025289,0,30,0,0,2,1,1,B01
200800025289,0,7,0,0,2,2,1,A01
200800025290,0,37,15,0,2,7,2,B01
200800025290,0,7,0,0,2,1,9,A01
200800025291,0,10,0,14,0,3,1,A01
200800025292,0,7,0,0,1,4,4,A01
200800025293,0,32,0,0,2,0,1,B01
200800025293,0,7,0,0,2,0,9,A01
200800025294,0,7,0,0,2,1,11,A01
200800025294,0,7,0,0,2,1,1,B01
200800025295,0,33,0,12,1,1,1,A01
200800025296,0,10,0,0,2,1,2,A01
200800025296,0,37,21,0,2,4,23,B01
200800025297,0,7,0,0,0,3,10,A01
200800025297,0,33,0,0,2,1,2,B01
200800025298,0,30,0,0,2,8,2,A01
200800025298,0,7,0,0,2,1,2,B01
200800025299,0,33,0,0,1,1,1,A01
200800025300,0,7,0,0,2,3,20,B01
200800025300,0,33,0,1,2,1,1,A01
200800025301,0,30,0,0,2,1,1,A01
200800025301,0,7,0,0,2,2,1,B01
200800025302,0,7,0,0,2,1,1,B01
200800025302,0,7,0,0,1,2,1,A01
200800025303,0,32,0,0,2,1,1,B01
200800025303,1,7,0,0,2,1,1,A01
200800025304,0,7,0,0,1,1,1,A01
200800025305,0,33,0,0,2,1,1,B01
200800025305,0,7,0,0,2,2,14,A01
200800025306,0,7,0,0,1,0,1,A01
200800025307,0,7,0,0,0,0,16,A01
200800025307,0,33,0,0,0,8,1,B01
200800025308,0,7,0,0,2,2,15,A01
200800025309,0,7,0,0,2,6,2,B01
200800025309,0,10,0,0,2,2,2,A01
200800025310,0,40,0,0,1,7,1,A01
200800025311,0,7,0,0,1,2,1,A01
200800025312,0,7,0,0,1,1,1,A01
200800025313,0,7,0,0,2,5,1,A01
200800025313,0,3,0,0,2,1,1,B01
200800025314,0,7,0,0,1,3,1,A01
200800025315,0,7,0,0,9,3,9,A01
200800025315,0,1,0,0,2,1,1,B01
200800025316,0,33,0,0,0,0,1,A01
200800025317,0,7,0,6,2,3,1,B01
200800025317,0,7,0,0,2,1,1,A01
200800025318,0,7,0,0,2,3,1,B01
200800025318,0,30,0,0,2,1,1,A01
200800025319,0,7,0,0,2,3,17,A01
200800025319,0,7,0,0,2,1,1,B01
200800025320,0,33,0,0,2,3,1,A01
200800025320,0,7,0,0,2,3,15,B01
200800025321,0,7,0,0,2,1,1,A01
200800025321,0,10,0,0,2,2,1,B01
200800025322,0,7,0,0,1,0,1,A01
200800025323,0,1,0,0,2,1,21,A01
200800025323,0,7,0,0,2,6,23,B01
200800025324,0,31,0,0,0,3,1,A01
200800025325,0,7,0,0,2,5,1,B01
200800025325,0,1,0,0,2,1,1,A01
200800025326,0,7,0,0,2,2,16,A01
200800025326,0,1,0,0,2,1,1,B01
200800025326,0,7,0,0,9,3,23,C01
200800025327,0,7,0,0,2,2,1,A01
200800025327,0,2,0,12,2,3,1,B01
200800025328,0,7,0,2,2,2,21,A01
200800025328,0,7,0,0,2,8,1,B01
200800025329,0,33,0,0,2,0,2,A01
200800025329,0,7,0,0,2,6,15,B01
200800025330,0,7,0,0,2,3,9,A01
200800025330,0,33,0,0,2,1,1,B01
200800025331,0,1,0,1,0,3,19,A01
200800025331,0,7,0,0,0,3,1,B01
200800025332,0,7,0,0,2,1,1,A01
200800025332,0,7,0,0,2,4,1,B01
200800025333,0,7,0,0,2,2,15,A01
200800025333,0,33,0,0,2,1,1,B01
200800025334,0,30,0,0,2,1,13,A01
200800025334,0,7,0,0,2,3,15,B01
200800025335,0,30,0,0,0,7,1,B01
200800025335,0,7,0,0,2,1,1,A01
200800025336,0,7,0,0,0,7,15,A01
200800025336,0,30,0,0,2,1,1,B01
200800025337,0,30,0,11,0,1,1,A01
200800025338,0,7,0,0,1,1,1,A01
200800025339,0,30,0,0,2,1,1,A01
200800025339,0,10,0,0,0,6,1,B01
200800025340,0,7,0,16,0,1,1,A01
200800025341,0,7,0,0,1,1,15,A01
200800025342,0,7,0,0,1,1,15,A01
200800025343,0,33,0,0,2,1,2,A01
200800025343,0,7,0,0,2,4,2,B01
200800025344,0,7,0,0,2,3,1,A01
200800025344,0,7,0,0,2,2,1,B01
200800025345,0,2,0,16,0,1,1,A01
200800025346,0,2,0,0,1,1,1,A01
200800025347,0,33,0,0,2,1,1,A01
200800025347,0,7,0,0,0,5,23,B01
200800025348,0,2,0,0,2,1,1,A01
200800025348,0,10,0,0,0,5,1,B01
200800025349,0,7,0,0,2,2,2,A01
200800025349,0,33,0,0,0,4,1,B01
200800025350,0,33,0,0,2,1,1,B01
200800025350,0,7,0,0,0,6,11,A01
200800025351,0,7,0,0,2,3,11,A01
200800025351,0,2,0,0,2,1,17,B01
200800025352,0,7,0,0,2,7,15,A01
200800025352,0,2,0,0,0,1,1,B01
200800025353,0,7,0,0,2,3,15,A01
200800025353,0,37,10,0,0,2,1,B01
200800025354,0,2,0,16,0,7,1,A01
200800025355,0,2,0,16,0,8,1,A01
200800025356,0,7,0,0,1,0,4,A01
200800025357,0,7,0,0,2,2,15,B01
200800025357,0,7,0,0,2,9,1,A01
200800025357,0,7,0,0,2,3,1,C01
200800025358,0,7,0,0,2,2,16,B01
200800025358,0,2,0,14,2,1,18,A01
200800025359,0,7,0,0,2,3,1,B01
200800025359,1,7,0,0,2,3,13,A01
200800025360,0,10,0,0,1,2,9,A01