Num_Acc,senc,catv,occutc,obs,obsm,choc,manv,num_veh
200800025720,0,7,0,0,1,2,1,A01
200800025721,0,31,0,0,2,1,0,A01
200800025721,0,7,0,0,2,1,0,B01
200800025722,0,7,0,0,2,1,1,A01
200800025722,0,7,0,0,2,4,1,B01
200800025722,0,7,0,0,2,1,1,C01
200800025723,0,2,0,0,2,1,1,A01
200800025723,0,1,0,0,2,1,15,B01
200800025724,0,7,0,0,2,3,9,A01
200800025724,0,33,0,0,2,1,1,B01
200800025725,0,10,0,0,2,2,15,A01
200800025725,0,33,0,0,2,1,1,B01
200800025726,0,7,0,7,0,1,1,A01
200800025727,0,33,0,0,2,1,5,A01
200800025727,0,7,0,0,2,1,1,B01
200800025728,0,7,0,0,2,7,16,A01
200800025728,0,33,0,0,2,8,23,B01
200800025729,0,33,0,0,1,1,1,A01
200800025730,0,7,0,1,2,3,20,A01
200800025730,0,7,0,1,2,2,1,B01
200800025731,0,7,0,4,2,1,1,A01
200800025731,0,7,0,4,2,3,1,B01
200800025732,0,7,0,0,2,3,15,A01
200800025732,0,30,0,0,2,1,2,B01
200800025733,0,7,0,0,1,1,2,A01
200800025734,0,33,0,0,2,1,1,B01
200800025734,0,7,0,0,2,1,1,A01
200800025735,0,30,0,0,2,8,9,A01
200800025735,0,7,0,0,2,2,1,B01
200800025736,0,99,0,13,0,3,21,A01
200800025737,0,7,0,0,2,2,2,A01
200800025737,0,1,0,0,2,1,2,B01
200800025738,0,33,0,0,2,1,1,B01
200800025738,0,7,0,0,0,3,10,A01
200800025739,0,7,0,0,2,3,5,A01
200800025739,0,33,0,0,2,1,1,B01
200800025740,0,7,0,0,0,3,10,A01
200800025740,0,33,0,0,2,1,17,B01
200800025741,0,7,0,6,0,3,1,A01
200800025742,0,7,0,0,2,2,15,A01
200800025742,0,2,0,0,2,1,1,B01
200800025743,0,7,0,0,2,1,1,A01
200800025743,0,7,0,0,2,4,1,B01
200800025744,0,7,0,0,1,1,1,A01
200800025745,0,7,0,0,2,1,16,A01
200800025745,0,30,0,0,2,1,2,B01
200800025746,0,7,0,0,2,2,16,A01
200800025746,0,1,0,0,2,1,2,B01
200800025747,0,30,0,0,2,5,2,A01
200800025747,0,7,0,0,2,2,2,B01
200800025748,0,7,0,0,2,3,2,A01
200800025748,0,1,0,0,0,4,2,B01
200800025749,0,7,0,0,2,1,2,A01
200800025749,0,1,0,0,0,4,2,B01
200800025750,0,2,0,1,2,3,18,A01
200800025750,0,7,0,1,2,2,16,B01
200800025751,0,2,0,0,2,0,2,A01
200800025751,0,7,0,0,0,6,15,B01
200800025752,0,7,0,0,2,3,9,A01
200800025752,0,31,0,0,2,1,2,B01
200800025753,0,2,0,1,1,1,2,A01
200800025754,0,2,0,0,2,8,2,B01
200800025754,0,2,0,0,2,1,2,A01
200800025755,0,10,0,0,1,2,1,A01
200800025756,0,7,0,0,1,7,1,A01
200800025757,0,1,0,0,1,1,1,A01
200800025758,0,7,0,0,2,1,19,A01
200800025758,0,7,0,0,4,3,19,B01
200800025759,0,30,0,0,2,1,1,A01
200800025759,0,7,0,0,2,6,15,B01
200800025760,0,37,15,0,2,1,1,A01
200800025760,0,7,0,0,2,4,2,B01
200800025760,0,7,0,0,2,4,2,C01
200800025760,0,7,0,0,2,4,2,D01
200800025761,0,7,0,6,0,1,1,A01
200800025762,0,7,0,0,2,8,11,A01
200800025762,0,7,0,0,2,1,1,B01
200800025763,0,7,0,0,2,1,2,A01
200800025763,0,2,0,0,2,4,2,B01
200800025763,0,7,0,0,2,4,2,C01
200800025764,0,7,0,6,2,1,2,A01
200800025764,0,7,0,0,2,4,2,B01
200800025765,0,7,0,0,2,1,1,B01
200800025765,0,7,0,0,2,5,1,A01
200800025766,0,10,0,0,2,1,1,B01
200800025766,0,7,0,0,2,8,1,A01
200800025767,0,7,0,0,1,2,1,A01
200800025768,0,7,0,0,2,2,1,B01
200800025768,0,7,0,7,2,7,15,A01
200800025769,0,2,0,0,0,0,0,A01
200800025770,0,7,0,3,0,1,1,A01
200800025771,0,10,0,0,2,1,23,A01
200800025771,0,7,0,0,2,3,1,B01
200800025772,0,33,0,0,2,1,1,B01
200800025772,0,7,0,0,2,1,9,A01
200800025773,0,10,0,7,0,1,1,A01
200800025774,0,7,0,0,2,7,2,B01
200800025774,0,30,0,0,2,1,2,A01
200800025775,0,2,0,0,0,0,1,A01
200800025776,0,30,0,0,2,1,13,A01
200800025776,0,7,0,0,2,1,1,B01
200800025777,0,30,0,0,2,8,9,A01
200800025777,0,7,0,0,2,1,2,B01
200800025778,0,7,0,0,2,9,1,B01
200800025778,0,7,0,0,2,1,9,A01
200800025779,0,7,0,0,2,3,9,A01
200800025779,0,2,0,0,2,1,1,B01
200800025780,0,2,0,0,0,0,1,A01
200800025781,0,30,0,16,0,8,2,A01
200800025782,0,10,0,0,2,0,20,A01
200800025782,0,33,0,0,2,0,2,B01
200800025783,0,7,0,2,0,7,1,A01
200800025784,0,7,0,9,0,3,2,A01
200800025785,0,37,2,0,2,3,1,B01
200800025785,0,7,0,0,2,2,11,A01
200800025786,0,7,0,0,2,1,15,A01
200800025786,0,7,0,0,2,1,1,B01
200800025787,0,7,0,0,2,1,1,A01
200800025787,0,7,0,0,2,4,1,B01
200800025788,0,7,0,0,2,1,17,A01
200800025788,0,7,0,0,2,3,15,B01
200800025789,0,10,0,0,2,1,12,A01
200800025789,0,33,0,0,2,9,1,B01
200800025790,0,7,0,0,2,1,2,A01
200800025790,0,7,0,0,2,4,2,B01
200800025790,0,7,0,0,2,1,2,C01
200800025791,0,7,0,0,2,1,1,B01
200800025791,0,7,0,0,2,8,6,A01
200800025792,0,30,0,1,2,2,2,A01
200800025792,0,30,0,0,2,4,2,B01
200800025793,0,7,0,0,1,0,1,A01
200800025794,0,7,0,6,0,9,1,A01
200800025795,0,7,0,0,2,1,1,B01
200800025795,0,7,0,0,2,1,15,A01
200800025796,0,7,0,0,2,1,2,A01
200800025796,0,7,0,0,0,4,23,B01
200800025797,0,2,0,0,2,1,17,A01
200800025797,0,7,0,0,0,4,23,B01
200800025798,0,1,0,0,2,1,0,B01
200800025798,0,7,0,0,2,5,19,A01
200800025799,0,10,0,0,2,3,0,A01
200800025799,0,7,0,0,2,1,1,B01
200800025800,0,2,0,0,2,1,1,A01
200800025800,0,7,0,0,0,4,1,B01
200800025801,0,7,0,0,1,2,1,A01
200800025802,0,7,0,0,0,6,19,A01
200800025802,0,30,0,0,2,1,1,B01
200800025803,0,7,0,14,0,1,1,A01
200800025803,0,7,0,0,0,4,23,B01
200800025804,0,33,0,11,0,1,0,A01
200800025805,0,7,0,12,0,8,14,A01
200800025806,0,33,0,0,2,1,2,A01
200800025807,0,7,0,0,0,9,0,A01
200800025808,0,7,0,0,2,1,1,A01
200800025809,0,33,0,0,2,1,2,A01
200800025809,1,7,0,0,0,4,2,B01
200800025810,0,7,0,0,2,7,0,A01
200800025810,0,33,0,0,2,1,0,B01
200800025811,0,15,0,0,1,2,15,A01
200800025811,0,30,0,0,2,3,2,B01
200800025812,0,7,0,0,2,1,2,A01
200800025812,0,7,0,0,2,4,2,B01
200800025812,0,7,0,0,0,4,2,C01
200800025813,0,2,0,0,2,7,16,A01
200800025813,0,7,0,0,2,3,1,B01
200800025814,0,7,0,0,1,3,0,A01
200800025815,0,30,0,0,0,7,1,A01
200800025816,0,30,0,12,0,1,1,A01
200800025817,0,1,0,0,1,1,0,A01
200800025818,0,7,0,0,2,1,11,A01
200800025818,0,7,0,0,0,1,1,B01
200800025819,0,31,0,0,0,1,1,A01
200800025819,0,7,0,1,0,3,9,B01
200800025820,0,7,0,0,2,1,15,A01
200800025820,0,7,0,0,2,8,0,B01
200800025821,0,7,0,0,2,1,15,A01
200800025821,0,7,0,0,2,1,1,B01
200800025822,0,2,0,0,2,1,1,B01
200800025822,0,7,0,0,2,3,0,A01
200800025823,0,10,0,0,0,6,12,A01
200800025823,0,33,0,0,2,6,9,B01
200800025824,0,7,0,0,2,1,5,A01
200800025824,0,7,0,0,2,1,17,B01
200800025825,0,7,0,0,1,1,1,A01
200800025826,0,7,0,0,2,6,1,B01
200800025826,0,15,0,0,2,2,9,A01
200800025827,0,15,0,0,2,4,4,A01
200800025827,0,7,0,0,2,1,1,B01
200800025828,0,7,0,2,2,1,17,A01
200800025828,0,7,0,0,2,3,15,B01
200800025829,0,7,0,0,2,2,9,A01
200800025829,0,7,0,0,2,1,1,B01
200800025830,0,7,0,0,2,3,10,A01
200800025830,0,33,0,0,2,7,1,B01
200800025831,0,7,0,0,2,3,9,A01
200800025831,0,2,0,1,2,1,1,B01
200800025832,0,10,0,3,0,1,1,A01
200800025833,0,14,0,0,0,7,1,A01
200800025834,0,7,0,0,0,7,1,A01
200800025835,0,7,0,0,1,1,1,A01
200800025836,1,7,0,0,2,3,13,A01
200800025836,0,31,0,0,2,8,15,B01
200800025837,0,7,0,0,2,1,2,A01
200800025837,0,7,0,0,2,4,1,B01
200800025838,0,7,0,0,0,0,0,A01
200800025839,0,37,0,0,0,0,0,A01
200800025840,0,7,0,14,0,1,2,A01
200800025841,0,7,0,0,2,6,2,A01
200800025841,2,7,0,0,2,1,11,B01
200800025842,0,7,0,0,2,1,2,B01
200800025842,0,7,0,0,2,1,2,A01
200800025843,0,7,0,0,2,1,2,A01
200800025843,0,7,0,0,0,4,2,B01
200800025843,0,7,0,0,0,4,2,C01
200800025844,2,7,0,0,2,1,2,A01
200800025844,0,7,0,0,0,4,2,B01
200800025845,0,7,0,6,0,1,2,A01
200800025846,0,7,0,0,1,2,2,A01
200800025847,0,15,0,0,0,0,1,A01
200800025848,0,36,0,0,2,1,1,A01
200800025848,0,7,0,0,2,1,1,B01
200800025849,0,7,0,0,0,0,1,A01
200800025850,0,7,0,4,0,8,1,A01
200800025851,0,7,0,16,9,8,1,A01
200800025852,0,33,0,0,0,0,1,A01
200800025853,0,30,0,0,0,8,1,A01
200800025854,0,7,0,0,2,1,0,A01
200800025854,0,30,0,0,2,8,1,B01
200800025855,0,33,0,0,0,7,1,A01
200800025856,0,7,0,0,2,7,1,B01
200800025856,0,7,0,0,2,1,1,A01
200800025857,0,7,0,0,0,0,1,A01
200800025858,0,37,10,0,1,5,1,A01
200800025859,0,7,0,0,1,3,1,A01
200800025860,0,7,0,0,2,1,11,A01
200800025860,0,7,0,0,2,3,1,B01
200800025861,0,10,0,0,2,2,1,A01
200800025861,2,10,0,0,2,1,1,B01
200800025862,0,7,0,15,0,2,1,A01
200800025863,0,7,0,0,2,1,15,A01
200800025863,0,30,0,0,2,1,1,B01
200800025864,0,10,0,0,2,7,1,A01
200800025864,0,37,15,0,2,1,1,B01
200800025865,0,7,0,0,2,1,1,A01
200800025865,0,7,0,0,0,4,1,B01
200800025866,1,7,0,1,0,1,0,A01
200800025867,0,7,0,0,1,1,1,A01
200800025868,0,7,0,6,2,3,1,B01
200800025868,0,7,0,6,2,3,1,A01
200800025869,0,7,0,0,2,1,0,A01
200800025869,0,7,0,0,2,1,0,B01
200800025870,0,7,0,0,2,2,10,A01
200800025870,0,32,0,0,0,8,1,B01
200800025871,0,7,0,0,2,2,15,A01
200800025871,0,33,0,0,2,1,1,B01
200800025872,0,7,0,0,2,1,9,A01
200800025872,0,7,0,0,2,4,1,B01
200800025873,1,30,0,0,1,1,1,A01
200800025874,0,7,0,0,1,2,1,A01
200800025875,0,7,0,0,1,6,4,A01
200800025876,0,34,0,0,1,8,1,A01
200800025877,0,7,0,0,1,1,1,A01
200800025878,0,7,0,0,1,4,4,A01
200800025879,0,2,0,0,2,1,13,B01
200800025879,0,7,0,0,2,8,1,A01
200800025880,0,7,0,0,1,2,1,A01
200800025881,0,7,0,0,2,1,5,A01
200800025881,0,7,0,0,2,1,1,B01
200800025882,0,7,0,0,1,7,1,A01
200800025883,0,7,0,1,0,1,13,A01
200800025884,1,7,0,0,1,1,1,A01
200800025885,0,34,0,0,2,0,13,A01
200800025885,0,10,0,0,2,0,1,B01
200800025886,0,7,0,0,2,7,15,A01
200800025886,0,32,0,0,2,7,1,B01
200800025887,0,7,0,0,2,1,1,A01
200800025887,0,1,0,0,2,4,12,B01
200800025888,0,7,0,0,1,4,4,A01
200800025889,0,7,0,0,1,7,1,A01
200800025890,0,7,0,0,2,4,1,A01
200800025890,0,37,0,0,2,2,2,B01
200800025891,0,7,0,0,2,2,1,A01
200800025891,0,2,0,0,2,3,1,B01
200800025892,0,7,0,0,1,1,16,A01
200800025893,0,7,0,0,2,1,1,A01
200800025893,0,7,0,0,2,3,1,B01
200800025894,0,10,0,0,1,1,1,A01
200800025895,0,33,0,0,2,1,1,A01
200800025895,0,1,0,0,2,1,19,B01
200800025896,1,7,0,0,2,2,2,A01
200800025896,0,7,0,0,0,4,0,B01
200800025897,0,7,0,0,0,6,17,A01
200800025897,0,7,0,0,2,9,1,B01
200800025897,0,14,0,0,2,5,13,C01
200800025898,0,10,0,0,2,5,16,A01
200800025898,0,37,0,0,2,3,1,B01
200800025899,0,7,0,0,1,1,1,A01
200800025900,0,7,0,0,2,5,15,A01
200800025900,0,33,0,0,2,2,21,B01
200800025901,0,99,0,0,2,8,1,C01
200800025901,0,30,0,0,2,0,1,A01
200800025901,0,30,0,0,2,0,1,B01
200800025902,0,7,0,0,2,1,2,A01
200800025902,0,7,0,0,2,4,2,B01
200800025903,0,30,0,0,2,2,1,B01
200800025903,0,7,0,0,2,3,9,A01
200800025904,0,7,0,1,0,1,15,A01
200800025904,0,7,0,0,2,5,24,C01
200800025904,0,7,0,0,2,7,24,B01
200800025905,0,7,0,0,2,7,12,A01
200800025905,0,33,0,0,2,3,1,B01
200800025906,0,7,0,0,1,3,0,A01
200800025907,0,30,0,0,2,1,1,A01
200800025907,1,7,0,0,2,0,0,B01
200800025908,0,10,0,0,2,8,15,A01
200800025908,0,30,0,0,2,0,17,B01
200800025909,0,7,0,0,1,2,1,A01
200800025910,0,7,0,0,1,1,0,A01
200800025911,0,7,0,0,2,1,1,A01
200800025911,0,7,0,0,2,4,1,B01
200800025912,0,7,0,0,2,7,15,A01
200800025912,0,7,0,0,2,1,1,B01
200800025913,0,7,0,0,2,3,1,A01
200800025913,0,32,0,0,2,1,1,B01
200800025914,0,14,0,0,1,1,0,A01
200800025915,0,32,0,0,2,4,2,A01
200800025915,0,7,0,0,2,1,1,B01
200800025916,0,2,0,0,2,1,1,A01
200800025916,0,7,0,0,2,7,15,B01
200800025917,0,31,0,0,0,0,1,A01
200800025918,0,7,0,0,2,3,15,B01
200800025918,0,31,0,0,2,1,1,A01
200800025919,0,10,0,0,1,4,4,A01
200800025920,0,7,0,0,0,2,21,A01
200800025920,0,7,0,0,0,4,23,B01
200800025920,0,7,0,0,0,4,23,C01
200800025921,0,7,0,0,0,3,1,B01
200800025921,0,30,0,0,0,1,1,A01
200800025922,0,30,0,0,2,7,0,A01
200800025922,0,7,0,0,2,3,0,B01
200800025923,1,30,0,0,0,1,9,A01
200800025924,0,7,0,0,0,1,1,A01
200800025924,0,7,0,0,0,4,1,B01
200800025925,0,7,0,0,0,1,1,A01
200800025926,0,7,0,0,0,4,0,B01
200800025926,0,7,0,0,0,1,1,A01
200800025926,0,7,0,0,0,4,1,C01
200800025927,0,7,0,0,1,0,1,A01
200800025928,0,30,0,0,0,4,0,B01
200800025928,2,7,0,0,0,1,1,A01
200800025929,0,7,0,0,1,4,4,A01
200800025930,0,33,0,0,0,1,0,A01
200800025930,0,7,0,0,0,7,0,B01
200800025931,0,2,0,1,2,9,1,A01
200800025931,0,10,0,0,2,6,1,B01
200800025932,0,7,0,0,0,1,0,A01
200800025933,0,13,0,0,0,5,0,B01
200800025933,0,34,0,12,0,8,0,A01
200800025934,0,2,0,0,0,0,1,A01
200800025934,0,13,0,0,0,0,11,B01
200800025935,1,7,0,0,2,1,0,A01
200800025935,0,2,0,1,2,7,1,B01
200800025936,0,33,0,0,0,2,1,A01
200800025937,0,2,0,0,2,1,1,A01
200800025937,0,7,0,0,2,3,9,B01
200800025938,0,7,0,0,0,8,9,A01
200800025938,0,33,0,0,0,0,1,B01
200800025939,0,7,0,0,2,2,19,A01
200800025939,0,31,0,0,2,1,1,B01
200800025940,0,7,0,0,2,3,15,A01
200800025940,0,32,0,0,2,2,19,B01
200800025941,0,7,0,0,2,1,1,A01
200800025941,0,7,0,0,2,4,1,B01
200800025941,0,7,0,0,2,4,1,C01
200800025942,0,7,0,0,1,3,1,A01
200800025943,0,7,0,1,2,6,23,B01
200800025943,0,7,0,1,2,2,17,A01
200800025944,0,7,0,0,0,6,15,A01
200800025944,0,34,0,0,2,3,1,B01
200800025945,0,7,0,0,0,3,15,A01
200800025945,0,2,0,0,0,1,2,B01
200800025946,0,2,0,0,2,1,1,A01
200800025946,0,7,0,0,2,8,1,B01
200800025947,0,7,0,0,1,3,1,A01
200800025948,0,30,0,0,1,1,1,A01
200800025949,0,7,0,0,1,5,0,A01
200800025950,0,31,0,0,2,1,1,A01
200800025950,0,7,0,0,2,4,2,B01
200800025951,0,7,0,0,2,1,15,A01
200800025951,0,33,0,0,2,1,1,B01
200800025952,0,7,0,0,2,1,15,A01
200800025952,0,33,0,0,2,1,1,B01
200800025953,0,30,0,0,2,1,2,A01
200800025953,0,30,0,0,2,4,2,B01
200800025954,0,10,0,0,2,3,11,A01
200800025954,0,30,0,0,2,7,1,B01
200800025955,0,32,0,0,2,5,1,A01
200800025955,0,7,0,0,2,3,1,B01
200800025956,0,7,0,0,2,1,1,A01
200800025956,0,7,0,0,2,4,1,B01
200800025957,0,7,0,0,2,3,10,A01
200800025957,0,34,0,0,2,1,1,B01
200800025958,0,7,0,0,2,3,24,A01
200800025958,0,1,0,1,0,1,21,B01
200800025959,0,34,0,0,2,3,1,A01
200800025959,0,7,0,0,2,3,1,B01
200800025960,0,2,0,0,2,1,11,A01
200800025961,0,7,0,0,2,3,15,B01
200800025961,0,7,0,0,2,5,1,A01
200800025962,0,30,0,0,1,1,1,A01
200800025963,0,7,0,0,2,1,16,A01
200800025963,0,7,0,0,2,3,16,B01
200800025964,0,7,0,0,9,2,15,A01
200800025964,0,32,0,0,2,7,2,B01
200800025965,0,7,0,0,1,5,4,A01
200800025966,0,30,0,0,1,1,2,A01
200800025967,0,7,0,0,9,2,15,A01
200800025967,0,33,0,0,2,1,2,B01
200800025968,1,32,0,0,9,0,15,A01
200800025968,0,30,0,0,9,7,15,B01
200800025969,0,7,0,0,2,2,13,A01
200800025969,0,7,0,0,2,6,2,B01
200800025969,0,7,0,0,2,6,2,C01
200800025970,0,7,0,0,0,0,15,A01
200800025970,0,32,0,0,2,1,21,B01
200800025970,0,7,0,0,9,2,2,C01
200800025971,0,32,0,0,1,1,2,A01
200800025972,0,15,0,0,2,7,0,A01
200800025972,0,7,0,0,2,8,2,B01
200800025973,0,7,0,0,2,3,2,A01
200800025973,0,1,0,0,2,0,0,B01
200800025974,0,7,0,0,2,1,1,A01
200800025974,0,7,0,0,2,4,23,B01
200800025975,0,7,0,0,2,4,1,A01
200800025975,0,7,0,0,2,9,1,B01
200800025975,0,7,0,0,2,1,1,C01
200800025976,0,7,0,0,2,2,15,A01
200800025976,0,33,0,0,2,1,1,B01
200800025977,0,7,0,0,1,3,1,A01
200800025978,0,7,0,0,1,2,5,A01
200800025979,0,2,0,0,2,7,1,A01
200800025979,0,7,0,0,2,3,15,B01
200800025980,0,7,0,0,2,4,2,A01
200800025980,0,2,0,0,2,1,2,B01
200800025981,0,1,0,0,0,0,0,A01
200800025982,0,1,0,0,1,1,1,A01
200800025983,0,7,0,0,1,4,20,A01
200800025984,0,33,0,0,2,8,1,B01
200800025984,0,30,0,0,2,1,1,A01
200800025985,0,30,0,0,0,8,1,A01
200800025986,0,15,0,0,2,3,15,A01
200800025986,0,7,0,0,2,8,1,B01
200800025987,0,7,0,0,2,1,1,A01
200800025987,0,7,0,0,2,4,23,B01
200800025987,0,10,0,0,0,4,23,C01
200800025988,0,38,11,0,2,8,19,B01
200800025988,0,7,0,0,2,1,1,A01
200800025989,0,33,0,4,0,0,0,A01
200800025990,0,10,0,0,2,1,1,A01
200800025990,0,7,0,0,2,4,1,B01
200800025990,0,7,0,0,0,4,1,C01
200800025991,0,32,0,0,2,1,17,A01
200800025991,0,1,0,0,2,5,0,B01
200800025992,0,30,0,0,2,7,1,B01
200800025992,0,7,0,0,2,8,1,A01
200800025993,0,34,0,0,1,1,1,A01
200800025994,0,32,0,0,2,5,1,B01
200800025994,0,7,0,0,2,3,9,A01
200800025995,0,32,0,0,2,3,23,B01
200800025995,0,10,0,0,2,4,4,A01
200800025996,0,7,0,0,2,1,0,B01
200800025996,0,7,0,0,2,1,1,A01
200800025997,0,33,0,0,2,1,0,A01
200800025997,0,7,0,0,2,2,15,B01
200800025998,0,7,0,0,1,1,16,A01
200800025999,0,99,0,0,2,3,1,B01
200800025999,0,10,0,0,2,7,1,A01
200800026000,0,7,0,0,1,1,0,A01
200800026001,0,7,0,0,2,3,15,A01
200800026001,0,30,0,0,2,7,1,B01
200800026002,0,30,0,0,2,1,2,A01
200800026002,0,7,0,0,2,4,23,B01
200800026003,0,7,0,0,1,2,15,A01
200800026004,0,31,0,0,2,3,1,A01
200800026004,0,2,0,0,2,7,16,B01
200800026005,0,30,0,9,0,1,1,A01
200800026006,0,37,2,0,2,3,1,B01
200800026006,0,7,0,0,2,6,9,A01
200800026007,0,7,0,0,2,3,1,B01
200800026007,0,7,0,0,2,3,15,A01
200800026008,0,34,0,0,2,8,21,A01
200800026008,1,7,0,0,2,3,17,B01
200800026009,0,7,0,0,0,0,0,A01
200800026009,0,33,0,0,0,0,0,B01
200800026010,0,7,0,0,2,4,23,A01
200800026010,1,7,0,0,2,1,2,B01
200800026011,0,7,0,0,2,7,0,A01
200800026011,0,7,0,0,2,8,0,B01
200800026012,0,7,0,0,2,2,0,A01
200800026012,0,33,0,0,2,8,0,B01
200800026013,0,7,0,0,1,0,1,A01
200800026014,0,34,0,0,1,0,1,A01
200800026014,0,1,0,0,2,1,1,B01
200800026015,0,7,0,0,1,1,0,A01
200800026016,0,7,0,0,2,1,0,A01
200800026016,0,2,0,0,2,8,0,B01
200800026017,0,7,0,0,2,8,0,A01
200800026017,0,33,0,0,2,1,0,B01
200800026018,0,7,0,0,2,8,0,A01
200800026018,0,33,0,0,2,2,0,B01
200800026019,0,37,0,0,2,0,0,A01
200800026019,0,30,0,0,2,0,0,B01
200800026020,0,1,0,0,1,0,0,A01
200800026021,0,7,0,0,1,1,17,A01
200800026022,0,10,0,0,2,1,2,A01
200800026022,0,7,0,0,2,4,2,B01
200800026023,0,7,0,0,2,3,15,A01
200800026023,0,33,0,0,2,1,1,B01
200800026024,0,7,0,0,0,6,23,B01
200800026024,1,7,0,0,0,0,0,A01
200800026025,0,37,10,0,1,5,0,A01
200800026026,0,33,0,0,0,7,0,A01
200800026027,0,31,0,0,2,1,1,A01
200800026027,0,7,0,0,2,3,15,B01
200800026028,0,33,0,0,1,1,1,A01
200800026029,0,7,0,0,2,3,22,A01
200800026029,0,33,0,0,2,3,3,B01
200800026029,0,7,0,0,2,2,1,C01
200800026030,0,13,0,0,1,1,0,A01
200800026031,0,7,0,0,2,2,12,A01
200800026031,0,33,0,0,2,1,0,B01
200800026032,0,7,0,0,2,2,10,A01
200800026032,0,34,0,0,2,1,1,B01
200800026033,0,33,0,0,2,1,1,A01
200800026033,0,7,0,0,2,4,3,B01
200800026033,0,7,0,0,2,2,1,C01
200800026034,0,7,0,1,0,4,4,A01
200800026035,0,31,0,0,0,1,0,A01
200800026036,0,7,0,0,1,2,0,A01
200800026037,0,7,0,0,2,3,22,A01
200800026037,0,34,0,0,2,7,2,B01
200800026038,0,7,0,0,2,2,2,A01
200800026038,0,31,0,0,2,9,2,B01
200800026039,0,7,0,0,2,8,22,A01
200800026039,0,31,0,1,0,2,1,B01
200800026040,0,30,0,0,2,1,2,A01
200800026040,0,7,0,0,2,4,2,B01
200800026041,0,32,0,1,2,7,2,A01
200800026041,0,7,0,0,2,8,20,B01
200800026042,1,7,0,0,2,0,16,A01
200800026042,0,1,0,0,0,2,0,B01
200800026043,2,7,0,0,1,4,20,A01
200800026044,0,7,0,0,2,2,15,A01
200800026044,0,33,0,0,2,1,1,B01
200800026045,0,7,0,0,2,1,1,A01
200800026045,0,7,0,0,2,4,1,B01
200800026046,0,1,0,1,0,1,15,A01
200800026047,0,34,0,0,2,2,1,B01
200800026047,2,30,0,0,2,1,1,A01
200800026047,0,7,0,0,2,6,23,C01
200800026048,0,7,0,0,2,2,19,A01
200800026048,0,2,0,0,2,1,1,B01
200800026049,0,7,0,0,2,3,15,A01
200800026049,0,32,0,1,2,1,1,B01
200800026050,0,2,0,0,2,4,2,A01
200800026050,0,7,0,0,2,1,15,B01
200800026051,0,2,0,0,2,1,2,A01
200800026051,0,99,0,0,2,6,15,B01
200800026052,0,7,0,0,2,1,2,A01
200800026052,0,7,0,0,2,4,23,B01
200800026053,0,31,0,0,2,1,17,A01
200800026053,0,7,0,0,2,6,15,B01
200800026054,0,10,0,0,1,4,4,A01
200800026055,0,7,0,0,2,1,15,B01
200800026055,0,2,0,0,2,7,1,A01
200800026055,0,7,0,0,2,1,15,C01
200800026056,0,7,0,8,0,2,14,A01
200800026057,0,33,0,0,2,1,1,A01
200800026057,0,7,0,0,2,4,2,B01
200800026058,0,7,0,0,2,3,0,A01
200800026058,0,99,0,0,2,3,1,B01
200800026059,0,32,0,0,2,6,1,B01
200800026059,0,7,0,0,2,3,15,A01
200800026060,0,7,0,0,2,2,14,A01
200800026060,0,7,0,0,2,6,1,B01
200800026061,0,2,0,0,0,1,17,A01
200800026062,0,14,0,0,2,1,2,A01
200800026062,0,13,0,0,2,4,2,B01
200800026062,0,13,0,1,2,4,2,C01
200800026062,0,7,0,0,0,0,15,D01
200800026063,0,32,0,0,1,1,1,A01
200800026064,0,7,0,0,2,3,15,A01
200800026064,0,32,0,0,2,1,1,B01
200800026065,0,33,0,0,2,2,1,A01
200800026065,0,7,0,0,2,8,15,B01
200800026066,0,7,0,0,1,6,15,A01
200800026067,0,7,0,0,2,8,0,A01
200800026067,0,32,0,0,2,2,21,B01
200800026068,0,36,0,0,2,1,12,A01
200800026068,0,7,0,0,2,4,1,B01
200800026069,0,10,0,0,2,3,7,A01
200800026069,0,37,20,0,2,2,7,B01
200800026070,0,7,0,0,2,3,0,A01
200800026070,0,34,0,0,2,4,0,B01
200800026071,0,33,0,0,0,8,16,A01
200800026071,0,10,0,0,2,2,16,B01
200800026072,0,30,0,0,2,3,11,A01
200800026072,0,10,0,0,2,7,2,B01
200800026073,0,7,0,7,0,2,14,A01
200800026074,0,32,0,0,2,7,2,A01
200800026074,1,7,0,0,2,0,13,B01
200800026075,0,7,0,0,2,8,0,A01
200800026075,0,37,0,0,2,2,16,B01
200800026076,0,7,0,0,1,2,2,A01
200800026077,0,7,0,0,2,2,1,B01
200800026077,0,2,0,1,2,1,5,A01
200800026078,0,7,0,0,1,2,9,A01
200800026079,0,7,0,0,2,1,15,A01
200800026079,0,7,0,0,2,1,1,B01
200800026080,0,31,0,0,2,1,2,B01
200800026080,0,10,0,0,2,4,4,A01
200800026081,0,7,0,0,0,4,23,B01
200800026081,0,2,0,0,2,1,2,A01
200800026082,0,7,0,0,0,2,11,A01
200800026082,0,7,0,0,0,3,2,B01
200800026083,0,7,0,0,1,8,1,A01
200800026084,0,7,0,0,2,8,16,B01
200800026084,0,7,0,0,2,1,1,A01
200800026085,0,32,0,0,1,1,1,B01
200800026085,1,33,0,0,1,1,1,A01
200800026086,0,32,0,1,2,3,7,B01
200800026086,0,7,0,0,2,2,20,A01
200800026087,0,7,0,0,2,1,1,A01