Num_Acc,senc,catv,occutc,obs,obsm,choc,manv,num_veh
200800026087,0,7,0,0,2,8,15,B01
200800026088,0,33,0,0,2,1,2,B01
200800026088,0,7,0,0,2,8,2,A01
200800026089,0,32,0,0,0,8,2,B01
200800026089,0,7,0,0,0,8,2,A01
200800026090,1,30,0,0,1,0,0,A01
200800026091,0,10,0,0,9,3,1,B01
200800026091,0,30,0,0,2,1,2,A01
200800026092,0,7,0,0,2,2,17,A01
200800026092,0,30,0,0,2,1,2,B01
200800026093,0,33,0,0,0,8,0,A01
200800026093,2,1,0,0,0,0,0,B01
200800026094,0,33,0,0,2,2,2,A01
200800026094,0,33,0,0,2,3,2,B01
200800026095,0,7,0,0,2,1,2,A01
200800026095,0,7,0,0,2,4,2,B01
200800026095,0,7,0,0,2,4,2,C01
200800026095,0,7,0,0,2,4,2,D01
200800026096,0,7,0,0,0,1,1,A01
200800026096,0,7,0,0,0,1,0,B01
200800026097,0,30,0,0,0,1,1,B01
200800026097,0,7,0,0,2,2,15,A01
200800026098,0,7,0,0,0,4,2,C01
200800026098,0,7,0,0,2,4,2,B01
200800026098,0,7,0,0,2,1,2,A01
200800026099,0,7,0,0,1,1,1,A01
200800026100,0,7,0,0,2,4,2,B01
200800026100,0,7,0,0,2,1,2,A01
200800026101,1,7,0,0,0,0,2,A01
200800026101,0,7,0,0,2,4,2,B01
200800026102,0,32,0,0,2,1,15,A01
200800026102,0,33,0,0,2,1,1,B01
200800026103,0,7,0,2,0,1,1,A01
200800026104,0,10,0,0,0,3,16,A01
200800026104,0,1,0,0,2,7,21,B01
200800026105,0,99,0,0,2,1,1,A01
200800026105,0,7,0,0,2,1,5,B01
200800026106,0,7,0,6,0,2,1,A01
200800026107,1,99,0,0,0,3,2,B01
200800026107,0,7,0,0,2,2,2,A01
200800026108,0,7,0,0,9,1,2,A01
200800026108,0,99,0,0,9,8,9,B01
200800026109,0,10,0,0,2,1,1,B01
200800026109,0,7,0,0,2,7,19,A01
200800026110,0,30,0,0,2,3,0,A01
200800026110,0,7,0,0,2,3,9,B01
200800026111,1,7,0,0,1,0,0,A01
200800026112,0,7,0,0,1,3,1,A01
200800026113,1,7,0,0,0,0,0,A01
200800026114,0,30,0,0,2,0,1,B01
200800026114,0,7,0,0,0,8,15,A01
200800026115,0,7,0,0,1,3,2,A01
200800026116,0,7,0,0,0,4,2,A01
200800026116,0,7,0,0,2,1,2,B01
200800026117,1,7,0,0,0,0,0,A01
200800026117,0,40,0,0,4,0,0,B01
200800026118,0,7,0,0,0,4,23,C01
200800026118,0,7,0,0,2,4,23,B01
200800026118,1,7,0,0,2,1,2,A01
200800026119,0,30,0,0,0,1,2,A01
200800026119,0,10,0,0,0,4,4,B01
200800026120,0,7,0,0,0,0,15,A01
200800026120,0,2,0,0,0,0,1,B01
200800026121,2,7,0,0,2,2,0,A01
200800026121,0,7,0,0,2,1,0,B01
200800026122,0,30,0,0,0,0,0,A01
200800026122,0,7,0,0,0,0,0,B01
200800026123,0,7,0,0,1,2,0,A01
200800026124,0,7,0,0,2,3,0,A01
200800026124,0,30,0,0,0,4,2,B01
200800026125,0,7,0,0,0,1,1,A01
200800026125,0,7,0,0,0,4,23,B01
200800026126,0,7,0,0,1,2,0,A01
200800026127,0,7,0,0,0,1,0,A01
200800026127,0,7,0,0,0,0,0,B01
200800026128,0,7,0,0,1,2,1,A01
200800026129,0,7,0,0,1,6,1,A01
200800026130,0,30,0,0,0,1,1,A01
200800026131,0,7,0,0,0,1,0,A01
200800026132,0,30,0,0,2,1,1,A01
200800026132,0,7,0,0,0,8,1,B01
200800026133,0,7,0,0,2,3,0,A01
200800026133,0,7,0,0,2,5,0,B01
200800026134,0,7,0,0,9,8,2,B01
200800026134,0,30,0,0,2,1,2,A01
200800026135,0,7,0,0,0,4,2,A01
200800026135,0,7,0,0,2,4,2,B01
200800026135,0,7,0,0,2,1,2,C01
200800026136,1,1,0,0,1,0,0,A01
200800026137,0,7,0,0,1,1,1,B01
200800026137,0,7,0,0,2,1,1,A01
200800026138,0,33,0,0,2,8,17,B01
200800026138,0,7,0,0,2,1,16,A01
200800026139,1,37,0,0,1,1,1,A01
200800026140,0,7,0,0,1,1,1,A01
200800026141,0,7,0,0,1,1,1,A01
200800026142,0,30,0,0,2,2,17,A01
200800026142,0,7,0,0,2,3,15,B01
200800026143,0,7,0,0,1,1,1,A01
200800026144,0,33,0,0,0,1,21,B01
200800026144,0,7,0,0,0,1,23,A01
200800026145,0,7,0,0,2,2,15,A01
200800026145,0,34,0,0,2,1,1,B01
200800026146,0,7,0,0,1,7,1,A01
200800026147,0,30,0,0,0,0,18,B01
200800026147,0,7,0,0,0,2,15,A01
200800026148,0,7,0,1,1,6,0,A01
200800026149,0,1,0,0,2,6,2,B01
200800026149,0,7,0,0,2,2,1,A01
200800026150,0,34,0,0,0,1,1,B01
200800026150,0,7,0,0,0,0,2,A01
200800026151,0,7,0,0,2,1,17,A01
200800026151,0,7,0,0,2,8,2,C01
200800026151,0,7,0,0,2,1,16,B01
200800026152,0,7,0,0,2,1,1,A01
200800026152,0,7,0,0,0,4,1,B01
200800026153,0,7,0,0,9,5,1,A01
200800026153,0,33,0,0,2,1,1,B01
200800026154,0,30,0,0,2,1,0,A01
200800026154,0,7,0,0,0,6,23,B01
200800026155,0,32,0,0,2,1,2,B01
200800026155,0,7,0,0,2,3,10,A01
200800026156,0,7,0,0,1,1,0,A01
200800026157,0,7,0,0,2,1,9,B01
200800026157,0,30,0,1,2,1,3,A01
200800026158,0,37,0,0,2,3,1,A01
200800026158,0,3,0,0,0,5,2,B01
200800026159,1,7,0,0,9,7,2,A01
200800026159,0,33,0,0,0,2,1,B01
200800026160,1,7,0,0,2,7,2,A01
200800026160,0,1,0,0,2,8,2,B01
200800026161,0,7,0,0,1,1,1,A01
200800026162,0,2,0,0,2,1,18,A01
200800026162,0,7,0,0,2,5,15,B01
200800026163,0,7,0,0,1,1,17,A01
200800026164,0,1,0,0,2,1,2,A01
200800026164,0,7,0,0,0,6,2,B01
200800026165,0,2,0,0,0,0,0,B01
200800026166,0,7,0,0,0,3,15,A01
200800026166,0,34,0,0,0,0,1,B01
200800026167,0,1,0,0,0,3,19,B01
200800026167,0,7,0,0,9,1,15,A01
200800026168,0,30,0,0,2,8,1,B01
200800026168,0,7,0,0,2,7,14,A01
200800026169,0,7,0,0,1,2,1,A01
200800026170,1,32,0,0,1,0,17,A01
200800026171,0,2,0,1,2,1,1,B01
200800026171,0,7,0,0,0,3,20,A01
200800026172,0,7,0,0,2,1,0,A01
200800026172,0,33,0,0,2,3,0,B01
200800026173,0,7,0,0,1,2,1,A01
200800026174,0,7,0,0,2,4,23,B01
200800026174,0,7,0,0,2,1,2,A01
200800026175,0,33,0,8,0,1,0,A01
200800026176,0,7,0,0,2,7,13,A01
200800026176,0,33,0,0,2,1,1,B01
200800026177,0,7,0,0,2,2,1,B01
200800026177,0,33,0,0,2,1,1,A01
200800026178,0,7,0,0,0,1,1,B01
200800026178,0,7,0,0,2,2,0,A01
200800026179,0,2,0,0,2,7,0,A01
200800026179,0,7,0,0,2,7,0,B01
200800026180,0,2,0,0,2,1,2,A01
200800026180,0,33,0,0,0,4,2,B01
200800026181,0,7,0,0,1,2,1,A01
200800026182,0,30,0,0,2,7,2,A01
200800026182,0,7,0,0,2,1,2,B01
200800026183,0,7,0,0,1,1,1,A01
200800026184,0,32,0,0,2,1,1,A01
200800026184,0,7,0,0,2,1,1,B01
200800026185,0,30,0,0,0,7,10,A01
200800026186,0,37,6,0,1,2,2,A01
200800026187,0,7,0,0,2,1,1,B01
200800026187,0,7,0,0,2,2,1,A01
200800026188,0,7,0,0,0,3,0,A01
200800026188,0,1,0,1,0,1,1,B01
200800026188,0,7,0,0,1,2,1,C01
200800026189,0,1,0,0,2,1,12,A01
200800026189,0,7,0,0,9,6,1,B01
200800026190,0,7,0,0,2,1,2,A01
200800026190,0,7,0,0,2,4,2,B01
200800026190,0,7,0,0,2,4,2,D01
200800026190,0,7,0,0,2,4,2,C01
200800026191,0,33,0,0,0,7,16,B01
200800026191,1,30,0,0,2,0,0,A01
200800026192,0,7,0,14,0,1,2,A01
200800026193,0,30,0,0,2,1,1,A01
200800026193,0,7,0,0,2,3,1,B01
200800026194,0,7,0,0,2,8,1,A01
200800026194,0,7,0,0,2,1,2,B01
200800026195,0,1,0,0,2,3,0,B01
200800026195,0,7,0,0,2,1,0,A01
200800026196,0,14,0,6,0,1,0,A01
200800026197,0,33,0,0,0,7,1,A01
200800026197,0,37,0,0,0,3,11,B01
200800026198,0,7,0,0,0,3,2,B01
200800026198,0,2,0,0,0,3,16,A01
200800026199,0,7,0,2,5,1,16,A01
200800026200,0,99,0,0,0,1,5,A01
200800026200,0,13,0,0,0,8,0,B01
200800026201,0,2,0,0,0,2,3,A01
200800026202,0,1,0,0,9,1,11,A01
200800026203,1,30,0,0,0,0,0,A01
200800026204,0,7,0,1,0,1,0,A01
200800026205,0,10,0,0,0,2,2,B01
200800026205,0,10,0,0,0,3,9,A01
200800026206,0,1,0,0,2,1,1,A01
200800026206,0,7,0,0,2,2,1,B01
200800026207,0,7,0,0,2,2,9,A01
200800026207,0,33,0,0,2,7,1,B01
200800026208,0,7,0,0,2,5,16,A01
200800026208,0,7,0,0,2,2,1,B01
200800026209,0,32,0,0,2,2,3,A01
200800026209,1,7,0,0,0,4,0,B01
200800026210,0,7,0,0,0,1,15,A01
200800026210,0,2,0,0,0,1,1,B01
200800026211,0,7,0,8,0,3,6,A01
200800026212,0,7,0,0,0,4,23,A01
200800026212,0,7,0,0,0,1,0,B01
200800026213,0,7,0,0,2,0,0,B01
200800026213,0,7,0,1,2,6,2,A01
200800026213,0,7,0,1,0,0,0,C01
200800026214,0,2,0,0,1,1,21,A01
200800026214,0,7,0,0,0,3,23,B01
200800026215,0,7,0,0,0,6,23,A01
200800026215,0,32,0,0,0,1,21,B01
200800026216,0,33,0,0,2,8,1,B01
200800026216,0,7,0,0,2,2,15,A01
200800026217,0,1,0,0,9,1,1,A01
200800026217,0,1,0,0,9,1,1,B01
200800026218,0,33,0,1,0,3,18,A01
200800026218,0,7,0,0,0,7,0,B01
200800026219,0,2,0,8,0,0,0,A01
200800026220,0,7,0,15,0,1,0,A01
200800026221,0,7,0,0,2,1,2,A01
200800026221,0,7,0,0,2,4,0,B01
200800026222,0,7,0,7,0,1,2,A01
200800026223,0,7,0,0,1,1,1,A01
200800026224,0,7,0,0,1,5,4,A01
200800026225,0,7,0,0,0,5,1,A01
200800026225,0,7,0,0,0,0,1,B01
200800026226,1,7,0,0,1,4,4,A01
200800026227,0,33,0,0,2,1,1,A01
200800026227,0,7,0,0,9,8,20,B01
200800026228,0,7,0,6,0,1,0,A01
200800026229,0,7,0,0,2,3,1,A01
200800026229,0,31,0,0,2,1,1,B01
200800026230,0,7,0,11,2,2,2,A01
200800026230,0,7,0,0,2,3,1,B01
200800026231,0,7,0,0,1,8,1,A01
200800026232,0,7,0,0,0,4,1,A01
200800026232,1,99,0,0,0,0,1,B01
200800026233,0,30,0,8,0,1,0,A01
200800026234,0,30,0,1,0,1,0,A01
200800026234,0,7,0,0,2,3,24,B01
200800026235,0,30,0,0,2,1,1,A01
200800026235,0,7,0,0,2,4,2,B01
200800026236,0,7,0,0,1,1,1,A01
200800026237,0,7,0,0,2,1,1,A01
200800026237,0,7,0,0,2,4,1,B01
200800026237,0,7,0,0,2,4,1,C01
200800026238,0,33,0,0,2,1,3,A01
200800026238,1,14,0,0,2,4,23,B01
200800026238,0,37,1,0,1,0,1,C01
200800026239,0,10,0,0,2,1,1,A01
200800026239,0,7,0,0,2,4,1,B01
200800026240,0,2,0,0,1,1,1,A01
200800026241,0,7,0,0,0,3,2,B01
200800026241,0,7,0,0,0,2,10,A01
200800026242,1,33,0,0,2,0,0,A01
200800026242,0,33,0,0,2,0,1,B01
200800026243,0,7,0,0,1,7,1,B01
200800026243,0,7,0,0,2,1,1,A01
200800026244,0,7,0,0,0,0,0,A01
200800026244,0,15,0,0,0,0,0,C01
200800026244,0,37,1,0,0,0,0,B01
200800026245,0,7,0,0,0,4,2,B01
200800026245,0,7,0,0,0,1,2,A01
200800026246,0,31,0,0,2,3,17,B01
200800026246,0,7,0,0,2,8,15,A01
200800026247,0,7,0,0,1,2,19,A01
200800026248,0,30,0,0,2,8,0,B01
200800026248,1,15,0,0,2,0,0,A01
200800026249,2,7,0,0,1,2,5,A01
200800026250,0,7,0,0,0,3,2,B01
200800026250,0,30,0,0,2,7,2,A01
200800026251,0,1,0,0,2,4,2,B01
200800026251,0,7,0,0,2,2,2,A01
200800026252,0,1,0,0,0,1,11,B01
200800026252,0,7,0,0,0,5,0,A01
200800026253,0,34,0,0,0,4,23,B01
200800026253,0,33,0,0,2,1,2,A01
200800026254,0,34,0,0,1,7,1,A01
200800026255,0,7,0,0,2,4,1,C01
200800026255,0,7,0,0,2,4,2,B01
200800026255,0,7,0,0,2,1,2,A01
200800026256,0,10,0,0,1,1,0,A01
200800026257,0,7,0,0,2,2,0,B01
200800026257,0,7,0,0,2,3,9,A01
200800026258,0,33,0,0,2,1,1,B01
200800026258,2,7,0,0,0,8,10,A01
200800026259,0,7,0,0,2,3,2,C01
200800026259,0,38,30,0,2,8,0,B01
200800026259,0,32,0,0,2,8,17,A01
200800026260,0,7,0,0,0,4,4,A01
200800026261,0,30,0,0,2,1,0,A01
200800026261,0,30,0,0,2,1,0,B01
200800026262,0,34,0,0,2,9,12,A01
200800026262,0,7,0,0,2,3,2,B01
200800026263,0,1,0,0,0,6,1,B01
200800026263,1,7,0,0,0,3,0,A01
200800026264,0,7,0,9,2,1,15,A01
200800026264,0,7,0,9,2,1,1,B01
200800026265,0,7,0,0,2,6,0,A01
200800026265,0,33,0,0,2,1,0,B01
200800026266,0,7,0,0,2,2,1,A01
200800026266,0,7,0,0,2,1,1,B01
200800026267,0,34,0,0,2,1,1,A01
200800026267,0,1,0,0,2,3,19,B01
200800026268,0,7,0,0,2,3,9,A01
200800026268,0,7,0,0,2,2,21,B01
200800026269,0,10,0,0,2,6,15,A01
200800026269,0,7,0,0,2,2,15,B01
200800026270,0,7,0,0,2,1,1,A01
200800026270,0,7,0,0,2,6,11,B01
200800026271,0,7,0,0,1,2,12,A01
200800026272,0,7,0,0,1,1,1,A01
200800026273,0,37,0,0,1,7,0,A01
200800026274,0,7,0,0,0,5,9,A01
200800026274,0,34,0,0,2,0,0,B01
200800026275,0,10,0,0,0,0,0,A01
200800026275,0,34,0,0,0,0,0,B01
200800026276,0,7,0,0,1,1,1,A01
200800026277,0,7,0,0,2,3,10,A01
200800026277,0,33,0,0,2,1,2,B01
200800026278,0,7,0,0,2,1,9,A01
200800026278,0,30,0,0,2,1,17,B01
200800026279,0,7,0,0,1,2,1,A01
200800026280,0,30,0,0,2,1,0,B01
200800026280,0,10,0,0,2,1,6,A01
200800026281,0,7,0,0,2,1,5,A01
200800026281,0,7,0,0,2,1,0,B01
200800026282,0,7,0,0,2,2,16,A01
200800026282,0,7,0,0,2,3,1,B01
200800026283,0,2,0,0,2,0,2,B01
200800026283,0,2,0,0,2,0,2,A01
200800026284,0,7,0,0,0,3,16,A01
200800026284,0,31,0,0,0,1,17,B01
200800026285,0,30,0,0,2,0,2,A01
200800026285,0,30,0,0,2,0,2,B01
200800026286,0,30,0,0,0,2,16,A01
200800026287,0,99,0,0,2,1,19,A01
200800026287,0,7,0,0,2,7,1,B01
200800026288,0,7,0,15,0,1,1,A01
200800026289,0,7,0,0,2,3,19,B01
200800026289,0,7,0,0,2,2,19,A01
200800026290,0,7,0,0,2,1,1,A01
200800026290,0,7,0,0,2,4,1,B01
200800026290,0,7,0,0,0,4,1,C01
200800026291,0,7,0,0,2,1,0,A01
200800026291,0,7,0,0,2,7,0,B01
200800026292,0,7,0,0,1,4,4,A01
200800026293,0,7,0,0,0,1,2,A01
200800026293,0,37,0,0,0,2,7,B01
200800026294,0,7,0,1,1,2,2,A01
200800026294,0,7,0,0,0,8,23,B01
200800026295,0,7,0,0,0,4,2,B01
200800026295,0,10,0,0,0,1,2,A01
200800026296,0,33,0,0,2,8,1,A01
200800026296,0,7,0,0,2,1,1,B01
200800026297,0,7,0,12,2,2,2,A01
200800026298,0,2,0,0,0,0,0,B01
200800026298,0,7,0,0,0,0,0,A01
200800026299,0,7,0,15,0,1,14,A01
200800026300,0,7,0,0,1,1,2,A01
200800026301,0,7,0,12,0,2,1,A01
200800026302,0,33,0,0,0,3,1,B01
200800026302,0,7,0,0,0,6,11,A01
200800026303,1,7,0,0,1,2,4,A01
200800026304,0,7,0,12,0,1,1,A01
200800026305,0,7,0,0,0,4,2,B01
200800026305,0,7,0,0,0,1,2,A01
200800026306,0,2,0,12,0,2,2,A01
200800026307,0,7,0,0,0,4,23,D01
200800026307,0,7,0,0,2,0,0,C01
200800026307,0,7,0,0,2,4,2,B01
200800026307,0,10,0,0,2,1,2,A01
200800026308,0,7,0,0,0,8,15,B01
200800026308,0,7,0,0,2,1,15,A01
200800026309,1,1,0,0,2,0,1,A01
200800026309,0,7,0,0,2,9,21,B01
200800026310,2,7,0,0,2,1,19,B01
200800026310,0,7,0,0,2,1,0,C01
200800026310,0,7,0,0,2,7,1,A01
200800026311,0,33,0,0,0,0,1,A01
200800026312,0,7,0,0,1,4,4,A01
200800026313,0,7,0,0,2,1,2,A01
200800026313,0,7,0,0,2,4,2,B01
200800026314,0,7,0,0,1,2,1,A01
200800026315,0,3,0,0,2,1,2,A01
200800026315,0,17,0,0,2,4,2,B01
200800026316,0,1,0,0,2,5,15,A01
200800026316,0,10,0,0,2,2,1,B01
200800026317,0,33,0,6,0,1,1,A01
200800026318,0,7,0,0,2,2,11,A01
200800026318,0,34,0,0,2,1,0,B01
200800026319,0,33,0,0,2,1,17,A01
200800026319,0,7,0,0,2,3,1,B01
200800026320,0,7,0,0,2,3,15,A01
200800026320,0,31,0,0,2,8,1,B01
200800026321,0,7,0,0,1,1,1,A01
200800026322,0,13,0,0,1,1,1,A01
200800026323,0,7,0,0,1,1,1,A01
200800026324,0,7,0,0,1,2,1,A01
200800026324,0,1,0,0,2,1,19,B01
200800026325,0,7,0,0,2,2,1,A01
200800026325,0,7,0,0,2,4,23,B01
200800026325,0,7,0,0,2,4,23,C01
200800026326,0,7,0,0,1,0,1,A01
200800026327,1,7,0,0,1,1,1,A01
200800026328,0,7,0,0,2,3,10,A01
200800026328,0,34,0,0,2,1,0,B01
200800026329,0,7,0,0,2,2,0,A01
200800026329,0,7,0,0,2,1,1,B01
200800026330,0,7,0,0,1,0,1,A01
200800026331,0,7,0,0,2,1,13,A01
200800026331,0,7,0,0,2,1,1,B01
200800026332,0,7,0,0,1,4,4,A01
200800026333,0,7,0,0,1,1,1,A01
200800026334,0,33,0,0,2,1,17,A01
200800026334,0,7,0,0,0,6,10,B01
200800026335,0,37,12,0,1,7,16,A01
200800026336,0,7,0,0,0,4,23,A01
200800026336,0,7,0,0,2,4,1,B01
200800026336,0,7,0,0,2,1,2,C01
200800026337,0,2,0,0,2,2,2,A01
200800026337,0,7,0,0,0,6,15,B01
200800026338,0,1,0,0,0,7,1,B01
200800026338,0,10,0,0,2,1,15,A01
200800026339,0,7,0,0,2,8,2,A01
200800026339,0,33,0,0,2,7,2,B01
200800026340,0,33,0,0,2,1,17,A01
200800026340,0,7,0,0,2,8,16,B01
200800026341,0,7,0,0,2,2,2,A01
200800026341,0,7,0,0,2,6,23,B01
200800026342,0,7,0,0,1,0,1,A01
200800026343,0,31,0,0,2,8,1,B01
200800026343,0,7,0,0,2,1,11,A01
200800026344,0,7,0,0,1,3,2,A01
200800026345,0,31,0,0,0,1,2,A01
200800026345,0,7,0,0,0,5,2,B01
200800026346,0,2,0,0,0,1,0,A01
200800026346,0,7,0,0,0,4,0,B01
200800026347,0,7,0,0,0,7,1,A01
200800026347,0,34,0,0,0,1,1,B01
200800026348,2,7,0,0,2,1,2,A01
200800026348,0,7,0,0,0,4,23,B01
200800026349,0,7,0,0,1,1,1,A01
200800026350,0,33,0,0,1,1,0,A01
200800026351,0,37,0,0,1,1,1,A01
200800026352,0,14,0,0,0,2,12,A01
200800026352,0,7,0,0,0,8,2,B01
200800026353,1,7,0,1,1,7,20,A01
200800026353,0,7,0,0,2,6,24,B01
200800026354,0,7,0,0,2,3,1,B01
200800026354,0,7,0,0,2,2,1,A01
200800026355,0,7,0,0,0,1,0,A01
200800026356,0,7,0,0,2,8,10,A01
200800026356,0,33,0,0,2,1,1,B01
200800026357,0,33,0,0,2,7,0,A01
200800026357,0,1,0,0,0,8,0,B01
200800026358,0,2,0,0,1,1,0,A01
200800026359,0,33,0,4,0,1,0,A01
200800026360,0,38,1,0,1,1,1,A01
200800026361,0,99,0,0,0,0,0,A01
200800026362,0,7,0,12,0,1,1,A01
200800026363,0,13,0,0,2,1,1,A01
200800026363,0,37,3,0,2,1,7,B01
200800026364,0,7,0,0,2,0,0,A01
200800026364,0,30,0,0,2,0,0,B01
200800026365,0,7,0,0,2,1,9,A01
200800026365,0,7,0,0,2,1,0,B01
200800026366,0,7,0,0,2,0,0,A01
200800026366,0,7,0,0,2,0,1,B01
200800026367,0,7,0,0,2,3,0,A01
200800026367,0,32,0,0,2,1,1,B01
200800026368,0,30,0,0,2,2,0,A01
200800026368,0,7,0,0,2,3,0,B01
200800026368,0,7,0,0,2,1,0,C01
200800026369,0,7,0,0,0,1,2,A01
200800026369,0,7,0,0,2,4,2,B01
200800026370,0,7,0,0,9,5,1,A01
200800026370,0,1,0,0,0,0,0,B01
200800026371,0,7,0,0,2,8,19,A01
200800026371,0,7,0,0,2,2,21,B01
200800026372,0,31,0,14,0,8,0,A01
200800026373,0,31,0,0,2,1,0,A01
200800026373,0,13,0,0,2,1,0,B01
200800026374,0,2,0,0,1,0,1,A01
200800026375,0,1,0,0,2,0,13,A01
200800026375,0,37,1,0,2,2,1,B01
200800026376,0,7,0,0,2,2,10,A01
200800026376,0,32,0,0,2,1,1,B01
200800026377,0,1,0,0,1,0,0,A01
200800026378,0,7,0,0,1,0,1,A01
200800026379,0,7,0,0,2,1,9,A01
200800026379,0,33,0,0,2,5,0,B01
200800026380,0,7,0,0,2,0,1,A01
200800026380,0,7,0,0,2,0,1,B01
200800026381,1,7,0,0,1,1,13,A01
200800026382,0,7,0,0,1,1,1,A01
200800026383,0,7,0,0,0,0,2,C01
200800026383,0,7,0,0,2,0,2,B01
200800026383,0,7,0,0,2,4,2,A01
200800026384,0,7,0,0,0,4,0,B01
200800026384,0,2,0,0,2,1,0,A01
200800026385,0,7,0,4,0,2,14,A01
200800026386,0,37,0,0,1,7,0,A01
200800026387,0,30,0,0,1,1,1,A01
200800026388,0,7,0,1,0,9,1,A01
200800026389,0,7,0,0,2,1,1,A01
200800026389,0,7,0,0,2,6,1,B01
200800026390,0,7,0,0,2,5,16,B01
200800026390,0,1,0,0,2,1,1,A01
200800026391,0,7,0,0,2,3,15,B01
200800026391,0,7,0,8,2,2,17,A01
200800026392,0,7,0,0,2,6,2,B01
200800026392,0,33,0,15,2,1,1,A01
200800026393,0,7,0,0,0,4,2,B01
200800026393,0,7,0,0,2,1,1,A01
200800026394,0,32,0,0,2,1,1,B01
200800026394,0,7,0,0,2,3,3,A01
200800026395,0,10,0,0,2,1,15,A01
200800026395,0,7,0,0,2,3,1,B01
200800026396,0,33,0,0,1,6,21,A01
200800026397,0,30,0,0,2,7,1,B01
200800026397,0,7,0,0,2,4,4,A01
200800026398,0,7,0,0,1,3,1,A01
200800026399,0,7,0,1,0,1,2,A01
200800026400,0,7,0,0,2,1,21,B01
200800026400,0,7,0,0,2,2,15,A01
200800026401,0,1,0,9,0,0,0,B01
200800026401,0,7,0,9,0,3,9,A01
200800026402,0,7,0,0,1,1,1,A01
200800026403,0,1,0,0,1,0,0,A01
200800026404,0,7,0,0,2,2,1,B01
200800026404,0,7,0,0,2,7,0,A01
200800026405,0,7,0,0,1,0,2,A01
200800026406,0,33,0,1,0,1,18,A01
200800026407,0,7,0,0,1,2,1,A01
200800026408,0,7,0,0,2,5,2,B01
200800026408,0,7,0,0,2,1,2,A01
200800026409,0,31,0,0,0,7,1,A01
200800026410,0,37,96,0,1,5,7,A01
200800026411,0,2,0,0,2,1,1,B01
200800026411,0,7,0,0,2,2,15,A01
200800026412,0,7,0,1,2,3,21,B01
200800026412,0,7,0,0,0,0,4,A01
200800026413,0,17,0,0,2,7,1,A01
200800026413,0,1,0,0,2,1,9,B01
200800026414,0,10,0,0,1,2,1,A01
200800026415,0,7,0,0,1,1,0,A01
200800026416,0,7,0,0,2,6,4,A01
200800026416,0,7,0,0,2,2,0,B01
200800026417,0,7,0,0,2,6,8,A01
200800026417,0,37,0,0,2,2,0,B01
200800026418,0,31,0,4,0,1,15,A01
200800026419,0,7,0,0,2,2,15,A01
200800026419,0,7,0,0,2,8,1,B01
200800026419,0,7,0,0,2,1,1,C01
200800026420,0,2,0,0,0,0,0,A01
200800026421,0,7,0,8,0,2,2,A01
200800026422,0,7,0,0,0,1,1,B01
200800026422,0,7,0,0,0,8,9,A01
200800026423,0,7,0,15,0,3,0,A01
200800026424,0,33,0,0,2,7,2,A01
200800026424,0,7,0,0,0,3,15,B01
200800026425,0,7,0,8,0,3,0,A01
200800026426,0,7,0,0,1,1,11,A01
200800026427,0,1,0,0,2,0,13,A01
200800026427,0,36,0,0,2,0,0,B01
200800026428,0,7,0,0,2,3,2,A01
200800026428,0,7,0,0,0,5,2,B01
200800026429,0,32,0,12,0,1,0,A01
200800026430,0,2,0,0,2,1,14,A01
200800026430,0,7,0,0,2,8,0,B01
200800026431,0,2,0,0,0,7,1,A01
200800026432,0,37,1,0,1,7,22,A01
200800026433,0,2,0,0,2,1,20,A01
200800026433,0,2,0,0,2,1,1,B01
200800026433,0,32,0,0,2,1,1,C01
200800026434,0,2,0,0,1,1,21,A01
200800026435,0,7,0,0,1,1,1,A01
200800026436,0,7,0,0,1,1,1,A01
200800026437,0,7,0,0,2,8,11,A01
200800026437,0,7,0,0,2,2,1,B01
200800026438,0,7,0,0,9,1,21,A01
200800026438,0,1,0,0,2,1,19,B01
200800026439,0,7,0,0,1,2,1,A01
200800026439,0,7,0,0,2,2,24,B01
200800026440,0,10,0,0,2,1,1,A01
200800026440,0,33,0,0,2,6,1,B01
200800026440,0,7,0,0,2,8,0,C01
200800026441,0,7,0,0,2,3,1,A01
200800026441,0,7,0,0,2,4,15,B01
200800026441,0,7,0,0,2,1,1,C01
200800026442,0,7,0,0,2,1,21,A01
200800026442,0,7,0,0,2,9,21,B01
200800026443,0,30,0,0,2,1,17,A01
200800026443,0,7,0,0,0,4,23,B01
200800026444,0,7,0,1,2,9,1,A01
200800026444,0,7,0,0,2,4,1,C01
200800026444,0,7,0,1,2,2,11,D01
200800026445,0,10,0,0,1,3,9,A01
200800026446,0,99,0,0,2,8,11,A01
200800026446,0,7,0,0,2,1,1,B01
200800026447,0,7,0,0,2,1,9,A01
200800026447,0,7,0,0,2,3,1,B01
200800026448,0,7,0,0,1,2,1,A01
200800026449,0,33,0,0,1,1,1,A01
200800026450,0,7,0,0,1,7,1,A01
200800026451,0,7,0,0,2,5,4,A01
200800026451,0,34,0,0,2,1,2,B01
200800026452,0,7,0,0,1,3,12,A01
200800026453,0,7,0,0,2,3,15,A01
200800026453,0,7,0,0,2,1,1,B01
200800026454,0,34,0,1,2,1,2,B01
200800026454,0,7,0,0,2,7,15,A01
200800026455,0,7,0,0,1,2,1,A01
200800026456,0,7,0,0,2,3,1,A01
200800026456,0,7,0,0,0,2,23,B01
200800026457,0,7,0,0,1,3,1,B01
200800026458,0,31,0,0,2,7,17,A01
200800026458,0,7,0,0,2,8,15,B01
200800026459,0,7,0,0,2,5,0,B01