Num_Acc,senc,catv,occutc,obs,obsm,choc,manv,num_veh
200800026459,0,7,0,0,2,3,0,A01
200800026460,0,7,0,0,1,3,1,A01
200800026461,0,10,0,0,2,2,1,B01
200800026461,0,7,0,1,2,9,1,A01
200800026462,0,7,0,0,2,1,1,B01
200800026462,0,7,0,0,2,5,1,A01
200800026463,0,7,0,0,1,0,4,A01
200800026464,0,1,0,0,2,8,1,B01
200800026464,0,7,0,0,2,4,4,A01
200800026465,0,7,0,0,2,3,15,B01
200800026465,0,33,0,0,2,9,1,A01
200800026466,2,7,0,0,2,1,1,A01
200800026466,0,7,0,0,2,3,1,B01
200800026467,0,30,0,0,1,1,3,A01
200800026468,0,32,0,0,2,9,1,B01
200800026468,0,7,0,0,2,4,16,A01
200800026469,0,7,0,0,2,1,0,B01
200800026469,0,31,0,14,2,9,1,A01
200800026470,0,10,0,0,2,1,1,A01
200800026470,0,33,0,0,2,8,1,B01
200800026471,0,34,0,0,2,0,0,A01
200800026471,0,7,0,0,2,0,0,B01
200800026472,0,7,0,0,2,6,1,B01
200800026472,0,33,0,2,2,1,1,A01
200800026473,0,2,0,0,2,9,19,A01
200800026473,1,30,0,0,2,0,1,B01
200800026474,0,7,0,0,2,1,1,A01
200800026474,0,7,0,0,0,4,1,B01
200800026475,0,10,0,0,1,5,1,A01
200800026476,0,31,0,0,2,3,15,A01
200800026476,0,7,0,0,2,2,1,B01
200800026477,0,7,0,0,2,1,15,A01
200800026477,0,33,0,0,2,8,1,B01
200800026478,0,2,0,0,0,0,0,A01
200800026479,0,7,0,0,0,0,0,A01
200800026479,0,33,0,0,0,0,0,B01
200800026480,0,30,0,0,0,0,0,A01
200800026481,0,7,0,0,2,1,0,A01
200800026481,0,7,0,0,2,0,0,B01
200800026482,0,32,0,0,2,1,1,A01
200800026482,0,7,0,0,0,5,23,B01
200800026483,0,7,0,0,2,1,0,A01
200800026483,0,7,0,0,2,4,0,B01
200800026484,0,31,0,0,0,0,17,A01
200800026485,0,33,0,15,0,0,0,A01
200800026486,0,30,0,0,2,8,1,A01
200800026486,0,7,0,0,2,3,15,B01
200800026487,0,31,0,8,0,3,0,A01
200800026487,0,7,0,0,0,7,0,B01
200800026488,0,7,0,0,2,3,15,A01
200800026488,0,33,0,0,2,8,0,B01
200800026489,0,32,0,0,2,0,0,A01
200800026489,0,7,0,0,2,0,0,B01
200800026490,0,7,0,0,2,3,0,A01
200800026490,0,2,0,0,2,1,0,B01
200800026491,0,30,0,0,0,0,0,A01
200800026491,0,10,0,0,0,0,13,B01
200800026492,0,7,0,0,2,5,1,A01
200800026492,0,33,0,0,0,4,1,B01
200800026493,0,7,0,0,2,1,1,A01
200800026493,0,7,0,0,0,4,1,B01
200800026494,0,7,0,0,2,1,1,A01
200800026494,0,7,0,0,0,4,1,B01
200800026495,0,7,0,0,9,1,1,A01
200800026495,0,1,0,0,0,8,19,B01
200800026496,0,7,0,0,2,3,5,A01
200800026496,0,7,0,0,2,8,1,B01
200800026497,0,10,0,0,2,3,15,A01
200800026497,0,1,0,0,2,1,1,B01
200800026498,0,30,0,0,2,1,9,A01
200800026498,0,37,61,0,2,8,1,B01
200800026498,0,10,0,0,2,1,23,C01
200800026499,0,7,0,12,0,1,1,A01
200800026500,0,2,0,0,2,1,17,A01
200800026500,0,7,0,3,2,3,15,B01
200800026501,0,2,0,0,1,1,1,A01
200800026502,0,33,0,0,2,1,2,A01
200800026502,0,1,0,0,0,4,2,B01
200800026503,0,7,0,0,2,3,15,A01
200800026503,0,7,0,0,2,2,5,B01
200800026504,0,7,0,1,0,1,12,A01
200800026504,0,7,0,0,2,4,23,B01
200800026505,0,7,0,0,1,1,1,A01
200800026506,0,34,0,0,2,2,0,A01
200800026506,0,14,0,0,0,3,11,B01
200800026507,0,10,0,0,2,1,1,B01
200800026507,0,7,0,0,2,1,9,A01
200800026508,0,7,0,0,2,7,2,A01
200800026508,0,30,0,0,2,8,2,B01
200800026509,0,7,0,1,0,1,13,A01
200800026510,0,7,0,0,2,1,1,B01
200800026510,0,7,0,0,2,1,17,A01
200800026511,0,33,0,1,0,1,17,A01
200800026512,0,7,0,0,2,1,2,A01
200800026512,0,7,0,0,0,4,23,B01
200800026512,0,14,0,0,2,4,23,C01
200800026513,0,31,0,0,2,1,17,A01
200800026513,0,7,0,0,2,8,15,B01
200800026513,0,10,0,0,2,3,23,C01
200800026514,0,7,0,0,0,2,17,A01
200800026514,0,7,0,0,0,3,1,B01
200800026515,0,7,0,0,0,1,1,A01
200800026516,0,30,0,0,2,0,0,A01
200800026517,0,7,0,1,0,1,1,A01
200800026518,0,7,0,0,2,3,15,A01
200800026518,0,1,0,0,2,7,1,B01
200800026519,0,7,0,6,2,1,18,A01
200800026519,0,14,0,0,2,2,12,B01
200800026519,0,10,0,0,2,6,1,C01
200800026520,0,7,0,0,2,3,15,B01
200800026520,0,33,0,0,2,1,1,A01
200800026521,0,7,0,0,1,1,15,A01
200800026522,0,14,0,0,2,1,1,B01
200800026522,0,7,0,0,2,1,1,A01
200800026523,0,30,0,0,2,1,1,A01
200800026523,0,7,0,0,2,2,1,B01
200800026524,0,2,0,0,0,0,15,A01
200800026525,0,33,0,0,2,8,1,A01
200800026525,0,10,0,0,2,6,2,B01
200800026526,0,7,0,0,2,1,15,A01
200800026526,0,30,0,0,2,1,1,B01
200800026527,0,2,0,0,2,1,1,B01
200800026527,0,2,0,0,2,7,15,A01
200800026528,0,7,0,0,1,3,1,A01
200800026529,0,7,0,0,2,1,15,A01
200800026529,0,30,0,0,2,0,1,B01
200800026530,0,1,0,0,2,1,1,A01
200800026530,0,1,0,0,2,0,1,B01
200800026531,0,2,0,6,2,1,18,A01
200800026531,0,7,0,0,2,2,16,B01
200800026532,0,30,0,0,2,1,1,A01
200800026532,0,10,0,0,2,4,2,B01
200800026533,0,7,0,0,1,1,15,A01
200800026534,0,32,0,0,1,1,0,A01
200800026535,0,7,0,0,2,1,1,A01
200800026535,0,10,0,0,2,4,1,B01
200800026535,0,7,0,0,2,2,1,C01
200800026535,0,7,0,0,2,4,1,D01
200800026536,0,7,0,0,2,3,1,B01
200800026536,0,7,0,0,2,3,1,A01
200800026537,0,7,0,0,1,1,15,A01
200800026538,0,1,0,0,2,5,13,A01
200800026538,0,33,0,0,2,1,1,B01
200800026539,0,7,0,0,1,1,15,A01
200800026540,0,1,0,0,2,7,1,A01
200800026540,0,7,0,0,2,3,1,B01
200800026541,0,7,0,0,1,3,0,A01
200800026542,0,30,0,0,0,1,1,A01
200800026543,0,7,0,0,2,2,23,B01
200800026543,0,33,0,8,0,1,1,A01
200800026544,0,7,0,0,2,7,15,A01
200800026544,0,31,0,0,2,8,1,B01
200800026545,0,33,0,0,2,1,1,B01
200800026545,0,10,0,0,2,3,15,A01
200800026546,0,1,0,0,2,1,1,B01
200800026546,0,7,0,0,2,1,1,A01
200800026547,0,7,0,0,1,4,4,A01
200800026548,0,7,0,8,0,2,1,A01
200800026549,0,7,0,0,1,6,1,A01
200800026550,0,30,0,0,2,7,1,A01
200800026550,0,7,0,0,2,6,1,B01
200800026551,0,7,0,6,0,3,19,A01
200800026552,0,7,0,0,1,1,1,A01
200800026553,0,7,0,0,9,1,1,A01
200800026553,0,1,0,0,2,8,1,B01
200800026554,0,33,0,0,2,1,17,A01
200800026554,0,7,0,0,2,6,15,B01
200800026555,0,7,0,0,2,1,17,A01
200800026555,0,30,0,0,2,8,15,B01
200800026556,0,7,0,0,2,4,2,A01
200800026556,0,7,0,0,2,1,2,B01
200800026556,0,7,0,0,2,4,2,C01
200800026557,0,2,0,0,2,8,1,A01
200800026557,0,7,0,0,2,1,1,B01
200800026558,0,33,0,0,1,8,1,A01
200800026559,0,33,0,0,2,1,1,B01
200800026559,1,7,0,0,2,8,15,A01
200800026560,0,7,0,0,2,1,16,B01
200800026560,0,2,0,0,2,1,16,A01
200800026561,0,2,0,0,1,1,17,A01
200800026562,0,33,0,0,2,1,17,A01
200800026562,0,7,0,0,2,8,13,B01
200800026563,0,7,0,1,0,4,4,A01
200800026563,0,7,0,0,0,7,0,B01
200800026564,0,7,0,0,1,2,1,A01
200800026565,0,7,0,0,2,1,2,A01
200800026565,0,7,0,0,2,4,2,B01
200800026565,0,7,0,0,2,1,2,C01
200800026565,0,7,0,0,0,0,23,D01
200800026566,0,7,0,0,1,1,1,A01
200800026567,0,7,0,0,2,3,1,A01
200800026567,0,7,0,0,2,1,1,B01
200800026568,0,7,0,1,0,8,1,A01
200800026569,0,7,0,0,2,1,16,A01
200800026569,0,7,0,0,2,3,1,B01
200800026570,0,7,0,0,9,3,0,B01
200800026570,0,1,0,0,2,1,1,A01
200800026571,0,33,0,8,2,1,17,A01
200800026571,0,7,0,0,2,3,15,B01
200800026572,0,7,0,0,2,1,1,A01
200800026572,0,7,0,8,2,1,0,B01
200800026573,0,31,0,0,0,0,0,A01
200800026574,0,32,0,0,2,1,1,B01
200800026574,0,7,0,0,2,3,15,A01
200800026575,0,7,0,0,2,1,15,A01
200800026575,0,30,0,0,2,8,1,B01
200800026576,0,2,0,0,0,0,1,A01
200800026577,0,30,0,0,2,1,1,A01
200800026577,0,7,0,0,2,3,15,B01
200800026578,0,7,0,0,0,1,1,A01
200800026579,0,7,0,0,2,8,10,A01
200800026579,0,33,0,0,2,8,1,B01
200800026580,0,33,0,7,2,1,17,A01
200800026580,0,15,0,0,1,6,1,B01
200800026581,0,7,0,0,2,7,1,B01
200800026581,0,33,0,0,2,1,1,A01
200800026582,0,33,0,0,2,1,1,A01
200800026582,0,10,0,0,2,2,16,B01
200800026583,2,10,0,1,2,1,13,A01
200800026583,0,1,0,0,2,1,5,C01
200800026583,0,1,0,0,2,1,5,E01
200800026583,0,1,0,0,2,1,5,F01
200800026583,0,1,0,0,2,1,5,G01
200800026584,0,7,0,0,2,3,1,B01
200800026584,0,7,0,0,2,2,1,A01
200800026585,0,7,0,0,1,1,13,A01
200800026586,0,7,0,0,2,8,1,B01
200800026586,0,7,0,0,2,1,1,A01
200800026587,0,7,0,0,1,1,1,A01
200800026588,0,33,0,0,0,4,2,A01
200800026588,0,33,0,0,2,1,2,B01
200800026589,0,7,0,0,2,4,2,A01
200800026589,0,7,0,0,2,4,2,B01
200800026589,0,7,0,0,2,1,2,C01
200800026590,0,7,0,0,0,4,1,A01
200800026590,0,10,0,0,2,1,9,B01
200800026591,0,7,0,4,2,7,14,A01
200800026591,0,15,0,0,2,3,2,B01
200800026592,0,33,0,0,2,8,18,A01
200800026592,1,7,0,0,2,2,12,B01
200800026593,0,7,0,0,0,3,11,A01
200800026593,0,33,0,0,2,1,3,B01
200800026594,0,7,0,3,2,5,12,B01
200800026594,0,7,0,0,2,3,1,A01
200800026595,0,10,0,0,0,6,2,A01
200800026595,0,32,0,0,2,1,2,B01
200800026596,0,33,0,6,0,1,1,A01
200800026597,0,7,0,0,0,4,1,A01
200800026597,0,7,0,0,2,1,2,B01
200800026598,0,7,0,0,2,1,2,A01
200800026598,0,7,0,0,2,1,2,B01
200800026598,0,7,0,0,2,4,2,C01
200800026599,0,7,0,0,2,5,0,A01
200800026599,0,7,0,0,2,4,0,B01
200800026599,0,99,0,0,2,3,0,C01
200800026600,0,7,0,0,0,7,14,A01
200800026600,0,33,0,0,2,8,18,B01
200800026601,0,33,0,0,0,0,21,A01
200800026602,0,7,0,0,2,4,2,A01
200800026602,0,7,0,0,2,1,2,B01
200800026603,0,7,0,0,0,4,2,A01
200800026603,0,33,0,0,2,1,14,B01
200800026604,0,34,0,0,2,8,0,A01
200800026605,0,33,0,0,2,8,3,A01
200800026605,0,7,0,0,2,6,1,B01
200800026606,0,34,0,0,0,8,0,A01
200800026607,0,7,0,0,2,4,2,A01
200800026607,0,7,0,0,2,4,2,B01
200800026607,0,7,0,0,2,1,2,C01
200800026608,0,17,0,3,0,3,6,A01
200800026609,0,7,0,0,2,6,11,A01
200800026609,0,33,0,0,2,7,1,B01
200800026610,0,32,0,0,0,0,2,A01
200800026611,0,32,0,0,2,6,2,A01
200800026611,0,32,0,0,2,1,2,B01
200800026612,0,7,0,0,2,1,2,B01
200800026612,0,7,0,0,2,4,2,A01
200800026613,0,7,0,0,2,6,11,A01
200800026613,0,33,0,0,2,1,3,B01
200800026614,0,33,0,0,2,1,2,A01
200800026614,0,7,0,0,0,6,11,B01
200800026615,0,10,0,3,2,1,2,A01
200800026615,0,7,0,3,2,4,2,B01
200800026616,0,33,0,3,4,7,14,A01
200800026617,0,7,0,0,2,7,23,A01
200800026617,0,7,0,0,2,8,23,B01
200800026617,0,33,0,0,2,1,3,C01
200800026618,0,7,0,0,2,4,0,A01
200800026618,0,33,0,0,2,1,0,B01
200800026619,0,7,0,0,2,7,3,A01
200800026619,0,33,0,0,2,1,3,B01
200800026620,0,7,0,13,0,7,0,A01
200800026621,0,7,0,0,0,4,1,A01
200800026621,0,7,0,0,2,1,1,B01
200800026622,0,14,0,0,2,3,1,B01
200800026622,0,7,0,0,2,2,12,A01
200800026623,1,7,0,0,0,0,0,A01
200800026623,0,33,0,0,2,1,1,B01
200800026623,0,7,0,0,2,4,2,C01
200800026624,0,10,0,0,0,7,1,B01
200800026624,0,31,0,0,2,1,2,A01
200800026625,0,34,0,0,0,1,2,A01
200800026626,0,33,0,0,0,0,0,A01
200800026627,0,7,0,0,2,4,2,C01
200800026627,0,33,0,4,0,4,2,B01
200800026627,0,33,0,0,2,1,2,A01
200800026628,0,10,0,0,2,4,1,B01
200800026628,0,33,0,0,2,1,2,A01
200800026629,0,7,0,3,0,1,1,A01
200800026630,0,33,0,0,0,7,0,A01
200800026631,0,7,0,3,0,2,14,A01
200800026632,0,7,0,0,2,2,1,B01
200800026632,0,7,0,0,2,4,0,A01
200800026633,0,7,0,0,0,3,2,B01
200800026633,0,15,0,0,2,2,12,A01
200800026634,0,7,0,0,2,1,14,A02
200800026634,0,7,0,0,2,4,0,F01
200800026634,0,7,0,0,2,1,0,E01
200800026634,0,7,0,0,2,4,0,D01
200800026634,0,7,0,0,2,6,0,C01
200800026634,0,7,0,0,2,8,0,B01
200800026635,0,7,0,3,0,1,12,A01
200800026636,0,7,0,0,2,4,12,C01
200800026636,0,7,0,0,2,8,0,B01
200800026636,0,7,0,0,2,4,1,A01
200800026637,0,33,0,0,2,1,2,B01
200800026637,0,7,0,0,0,6,1,A01
200800026638,0,31,0,0,2,8,11,B01
200800026638,0,33,0,0,2,1,3,A01
200800026639,0,17,0,0,2,1,12,B01
200800026639,0,7,0,0,0,4,1,A01
200800026640,0,33,0,0,2,5,3,B01
200800026640,0,17,0,0,2,8,2,A01
200800026641,0,10,0,4,0,1,0,A01
200800026642,0,7,0,3,0,5,1,A01
200800026643,0,7,0,4,0,1,15,A01
200800026644,0,7,0,0,2,3,1,B01
200800026644,0,14,0,0,2,2,12,A01
200800026645,0,7,0,0,0,1,0,A01
200800026646,0,7,0,0,0,1,0,A01
200800026647,0,7,0,0,2,4,0,B01
200800026647,0,7,0,4,2,9,0,A01
200800026648,0,17,0,3,0,2,2,A01
200800026649,0,7,0,0,2,4,2,D01
200800026649,0,7,0,0,2,4,2,C01
200800026649,0,7,0,0,2,4,1,B01
200800026649,0,10,0,0,2,1,2,A01
200800026650,0,33,0,0,0,7,2,A01
200800026651,0,7,0,0,0,4,0,C01
200800026651,0,7,0,0,2,9,0,B01
200800026651,0,7,0,0,2,1,0,A01
200800026652,0,7,0,0,1,3,1,B01
200800026652,0,32,0,0,2,2,0,A01
200800026653,0,32,0,0,2,8,3,B01
200800026653,0,10,0,0,2,7,12,A01
200800026654,0,7,0,4,0,5,14,A01
200800026655,0,7,0,0,0,4,9,B01
200800026655,0,17,0,0,2,2,1,A01
200800026656,0,10,0,0,0,4,1,B01
200800026656,0,33,0,0,2,1,2,A01
200800026657,0,7,0,3,0,2,2,A01
200800026658,0,7,0,12,0,7,1,A01
200800026659,0,7,0,0,2,4,2,C01
200800026659,0,33,0,0,2,6,1,B01
200800026659,0,7,0,0,2,2,12,A01
200800026660,0,7,0,0,2,4,1,B01
200800026660,0,7,0,0,2,1,2,A01
200800026661,0,7,0,6,0,8,2,A01
200800026662,0,7,0,0,2,5,12,B01
200800026662,0,33,0,0,2,8,3,A01
200800026663,0,7,0,0,0,4,2,C01
200800026663,0,7,0,0,2,4,2,B01
200800026663,0,7,0,0,2,1,2,A01
200800026664,1,17,0,0,0,0,0,A01
200800026664,0,7,0,0,2,3,1,B01
200800026665,0,33,0,0,2,3,1,B01
200800026665,0,7,0,0,2,2,1,A01
200800026666,0,33,0,0,2,7,1,B01
200800026666,0,7,0,0,2,8,11,A01
200800026667,0,7,0,0,2,4,1,B01
200800026667,0,7,0,0,2,1,2,A01
200800026668,0,7,0,0,0,8,11,B01
200800026668,0,31,0,0,2,7,3,A01
200800026669,0,10,0,0,2,6,2,B01
200800026669,0,33,0,0,2,1,2,A01
200800026670,0,7,0,0,0,6,2,B01
200800026670,0,33,0,0,2,1,2,A01
200800026671,0,7,0,0,0,4,0,B01
200800026671,0,34,0,0,2,1,2,A01
200800026672,0,7,0,0,2,6,11,B01
200800026672,0,33,0,0,2,2,0,A01
200800026673,0,7,0,0,0,4,1,C01
200800026673,0,7,0,0,0,8,11,B01
200800026673,0,34,0,0,2,1,11,A01
200800026674,0,32,0,0,0,1,1,A01
200800026675,0,7,0,0,0,4,1,B01
200800026675,0,7,0,0,2,1,1,A01
200800026676,0,7,0,0,0,9,1,A01
200800026677,0,7,0,0,0,4,2,B01
200800026677,0,7,0,0,2,1,2,A01
200800026678,0,7,0,3,0,1,0,A01
200800026679,0,7,0,0,0,0,2,A01
200800026680,0,16,0,0,2,0,9,A01
200800026680,0,7,0,0,0,8,2,B01
200800026681,0,7,0,0,0,4,12,A01
200800026681,0,33,0,0,2,1,3,B01
200800026682,0,30,0,0,0,1,1,A01
200800026683,0,7,0,0,2,1,2,A01
200800026683,0,15,0,0,2,4,1,B01
200800026684,0,15,0,0,2,1,12,A01
200800026684,0,7,0,0,0,4,1,B01
200800026684,0,7,0,0,2,1,1,C01
200800026685,0,33,0,0,2,2,0,A01
200800026685,0,7,0,0,2,3,13,B01
200800026686,0,7,0,0,2,4,1,A01
200800026686,0,31,0,0,2,1,2,B01
200800026687,0,7,0,0,2,6,2,A01
200800026687,0,7,0,0,2,4,2,B01
200800026687,0,10,0,0,2,1,2,C01
200800026688,0,7,0,4,2,1,2,A01
200800026688,1,7,0,0,2,0,0,B01
200800026689,0,7,0,0,0,9,2,A01
200800026689,0,7,0,0,0,1,2,B01
200800026689,0,7,0,0,0,1,2,C01
200800026690,0,33,0,0,2,7,0,A01
200800026690,0,7,0,0,2,6,11,B01
200800026691,0,7,0,0,2,7,1,A01
200800026691,0,33,0,0,2,8,13,B01
200800026692,0,7,0,3,0,1,14,A01
200800026693,0,7,0,0,2,2,2,A01
200800026693,1,7,0,0,0,0,2,B01
200800026694,0,7,0,4,0,2,0,A01
200800026695,0,33,0,0,0,8,0,A01
200800026696,0,7,0,0,2,7,12,A01
200800026696,0,37,10,0,2,3,18,B01
200800026697,0,33,0,0,2,7,14,A01
200800026697,0,33,0,4,2,3,18,B01
200800026698,0,15,0,0,0,4,2,A01
200800026698,0,7,0,0,2,4,2,B01
200800026698,0,7,0,0,2,6,2,C01
200800026698,0,15,0,0,2,3,2,D01
200800026698,0,10,0,4,2,7,1,E01
200800026699,0,17,0,0,2,2,1,A01
200800026699,0,10,0,0,2,3,11,B01
200800026700,0,7,0,0,0,4,2,A01
200800026700,0,7,0,0,2,1,2,B01
200800026701,0,7,0,4,0,1,2,A01
200800026702,0,7,0,0,2,8,11,A01
200800026702,0,33,0,0,2,7,1,B01
200800026703,0,7,0,5,2,1,0,A01
200800026703,0,14,0,0,2,1,1,B01
200800026704,0,7,0,13,0,1,1,A01
200800026705,0,7,0,0,2,4,2,A01
200800026705,0,7,0,0,2,1,2,B01
200800026705,0,7,0,0,2,1,2,C01
200800026705,0,7,0,0,2,1,2,D01
200800026706,0,7,0,13,0,2,14,A01
200800026707,0,7,0,3,0,1,0,A01
200800026708,0,33,0,0,0,7,0,A01
200800026709,0,7,0,0,2,2,14,A01
200800026709,0,7,0,0,2,8,1,B01
200800026710,0,7,0,0,2,2,1,A01
200800026710,0,32,0,0,2,3,9,B01
200800026711,0,7,0,0,2,1,2,A01
200800026711,0,31,0,0,2,4,2,B01
200800026711,0,7,0,0,2,4,2,C01
200800026712,0,7,0,0,0,0,1,A01
200800026713,0,33,0,0,2,2,3,A01
200800026714,0,7,0,0,0,8,1,A01
200800026714,0,7,0,0,0,6,11,B01
200800026714,2,7,0,0,2,2,1,C01
200800026715,0,7,0,0,2,1,2,A01
200800026715,0,7,0,0,2,4,2,B01
200800026715,0,7,0,0,2,1,2,C01
200800026716,0,7,0,0,0,4,0,A01
200800026716,0,31,0,0,2,1,2,B01
200800026717,0,33,0,0,0,8,0,A01
200800026718,0,7,0,0,2,8,9,A01
200800026718,0,17,0,0,2,2,1,B01
200800026718,0,7,0,0,2,1,1,C01
200800026718,0,10,0,0,2,1,1,D01
200800026719,0,7,0,8,0,6,2,A01
200800026720,0,7,0,0,2,3,5,A01
200800026720,0,7,0,0,2,2,1,B01
200800026721,0,7,0,0,0,0,21,A01
200800026722,0,14,0,0,2,2,14,A01
200800026722,0,7,0,0,2,6,0,B01
200800026722,0,14,0,0,0,7,0,C01
200800026723,0,7,0,0,0,5,12,A01
200800026723,0,33,0,0,2,1,3,B01
200800026724,0,32,0,0,0,4,2,A01
200800026724,0,33,0,0,2,1,21,B01
200800026725,0,7,0,11,0,1,1,A01
200800026726,0,33,0,0,2,2,2,A01
200800026726,0,7,0,0,2,6,2,B01
200800026727,0,34,0,0,0,7,2,A01
200800026728,0,7,0,0,2,1,1,A01
200800026728,0,7,0,0,0,4,1,B01
200800026729,0,7,0,8,0,1,1,A01
200800026730,0,7,0,5,0,1,17,A01
200800026731,0,7,0,0,2,3,13,A01
200800026731,0,7,0,0,2,3,1,B01
200800026732,0,7,0,0,2,2,13,A01
200800026732,0,7,0,0,2,0,1,B01
200800026733,0,7,0,0,2,1,13,A01
200800026733,0,7,0,0,2,3,1,B01
200800026734,0,7,0,0,2,0,2,A01
200800026734,0,7,0,0,2,0,2,B01
200800026734,0,7,0,0,2,4,2,C01
200800026735,0,7,0,0,2,2,0,A01
200800026735,0,7,0,0,2,3,1,B01
200800026736,0,33,0,0,0,7,1,A01
200800026737,0,32,0,0,2,0,17,A01
200800026737,0,7,0,0,2,8,15,B01
200800026738,0,7,0,0,2,1,1,A01
200800026738,0,7,0,0,2,0,1,B01
200800026739,0,7,0,14,0,1,1,A01
200800026740,0,7,0,0,2,2,1,A01
200800026740,0,7,0,0,2,3,3,B01
200800026741,0,1,0,0,2,1,11,B01
200800026741,0,7,0,0,2,8,1,A01
200800026742,1,7,0,0,9,1,2,A01
200800026742,0,1,0,0,2,4,2,B01
200800026743,0,7,0,8,0,1,0,A01
200800026744,0,30,0,0,2,2,0,A01
200800026744,0,7,0,0,2,3,15,B01
200800026745,0,7,0,0,0,6,2,A01
200800026745,0,33,0,0,2,1,2,B01
200800026746,0,7,0,0,2,8,15,B01
200800026746,0,7,0,0,2,1,19,A01
200800026747,0,7,0,0,2,7,1,A01
200800026747,2,10,0,0,2,1,1,B01
200800026748,0,7,0,0,1,1,15,A01
200800026749,0,7,0,3,0,1,1,A01
200800026750,0,7,0,13,0,0,14,A01
200800026751,0,7,0,0,2,1,1,A01
200800026751,0,7,0,0,2,4,2,B01
200800026751,0,7,0,0,0,4,1,C01
200800026752,0,7,0,3,0,3,1,A01
200800026753,0,10,0,0,2,1,1,A01
200800026753,0,7,0,0,2,4,2,B01
200800026753,0,10,0,0,0,4,2,C01
200800026754,0,7,0,5,0,1,1,A01
200800026755,0,10,0,0,2,1,1,A01
200800026755,0,7,0,3,0,4,1,B01
200800026756,0,7,0,0,0,0,1,A01
200800026757,0,10,0,0,2,1,1,A01
200800026757,0,7,0,0,2,4,1,B01
200800026757,0,7,0,0,2,4,2,C01
200800026758,0,17,0,0,2,3,11,A01
200800026758,0,7,0,0,2,7,1,B01
200800026759,0,7,0,7,0,1,1,A01
200800026760,0,7,0,0,2,1,1,A01
200800026760,0,7,0,0,2,4,1,B01
200800026760,0,7,0,0,0,4,1,C01
200800026761,0,7,0,3,0,2,12,A01
200800026762,0,10,0,13,0,7,1,A01
200800026763,0,7,0,3,0,3,1,A01
200800026764,0,7,0,0,2,1,1,A01
200800026764,0,7,0,0,0,4,2,B01
200800026765,0,7,0,0,2,1,1,A01
200800026765,0,7,0,0,0,4,2,F01
200800026765,0,7,0,0,2,4,2,B01
200800026765,0,7,0,0,2,4,2,C01
200800026765,0,7,0,0,2,4,2,D01
200800026765,0,7,0,0,2,4,2,E01
200800026766,0,7,0,5,0,1,1,A01
200800026767,0,7,0,4,0,1,1,A01
200800026768,0,7,0,0,0,0,1,A01
200800026769,0,7,0,0,2,8,10,A01
200800026769,0,33,0,0,2,7,3,B01
200800026770,0,7,0,4,0,1,1,A01
200800026771,0,7,0,4,0,1,0,A01
200800026772,0,7,0,4,0,1,1,A01
200800026773,0,7,0,4,0,1,21,A01
200800026774,0,7,0,3,0,1,21,A01
200800026774,0,7,0,14,0,1,1,B01
200800026774,0,7,0,0,2,1,1,C01
200800026775,0,7,0,0,2,0,1,A01
200800026775,0,33,0,0,2,0,1,B01
200800026775,0,7,0,0,0,0,1,C01
200800026776,0,7,0,0,0,0,1,A01
200800026777,0,7,0,0,0,0,1,A01
200800026778,0,7,0,2,0,1,1,A01
200800026779,0,33,0,0,0,0,1,A01
200800026780,0,7,0,4,0,3,1,A01
200800026781,0,7,0,4,0,2,1,A01
200800026782,0,7,0,4,0,3,1,A01
200800026783,0,7,0,4,0,2,1,A01
200800026784,0,7,0,7,0,1,1,A01
200800026785,0,14,0,0,0,4,0,A01
200800026785,0,15,0,1,0,1,1,B01
200800026785,0,7,0,14,0,1,1,C01
200800026786,0,7,0,3,0,1,14,A01
200800026787,0,7,0,0,2,0,23,A01
200800026787,0,7,0,0,2,0,1,B01
200800026787,0,7,0,0,2,0,1,C01
200800026787,0,7,0,0,2,0,1,D01
200800026788,0,7,0,0,2,3,11,A01
200800026788,0,7,0,0,2,1,1,B01
200800026789,0,7,0,0,2,1,2,A01
200800026789,0,7,0,0,2,4,2,B01
200800026790,0,7,0,0,2,1,2,A01
200800026790,0,7,0,0,2,1,2,B01
200800026790,0,7,0,0,0,4,2,C01
200800026791,0,7,0,1,0,1,1,A01
200800026792,2,7,0,0,2,0,0,A01
200800026792,0,32,0,0,2,0,1,B01
200800026793,0,7,0,0,2,6,10,A01
200800026793,0,33,0,0,2,8,1,B01
200800026794,0,7,0,0,2,8,1,A01
200800026794,0,7,0,0,2,2,1,B01
200800026795,0,7,0,0,2,3,15,A01
200800026795,0,30,0,0,2,2,17,B01
200800026796,0,7,0,0,1,4,4,A01
200800026797,0,7,0,0,2,3,15,B01
200800026797,0,7,0,0,2,3,1,A01
200800026798,0,7,0,0,2,5,1,B01
200800026798,0,10,0,0,2,1,1,A01
200800026799,0,7,0,0,1,1,1,A01
200800026800,0,7,0,0,2,1,1,B01
200800026800,0,7,0,9,2,3,1,A01
200800026801,0,7,0,0,2,5,15,A01
200800026801,0,1,0,0,2,1,1,B01
200800026802,0,7,0,0,2,1,1,B01
200800026802,0,7,0,1,2,8,1,A01
200800026803,0,7,0,0,2,2,15,A01
200800026803,0,1,0,0,2,0,1,B01
200800026804,0,7,0,0,1,1,1,A01
200800026805,0,7,0,0,2,1,1,A01
200800026805,0,7,0,0,2,4,1,B01
200800026806,0,7,0,1,0,1,1,A01
200800026807,0,32,0,0,9,1,1,A01
200800026807,0,1,0,0,0,0,0,B01
200800026808,0,7,0,0,2,7,20,A01