Num_Acc,senc,catv,occutc,obs,obsm,choc,manv,num_veh
200800027201,0,7,0,0,2,2,2,A01
200800027201,0,7,0,0,2,4,2,B01
200800027202,0,7,0,0,2,4,23,B01
200800027202,0,10,0,0,2,1,2,A01
200800027203,0,7,0,0,0,6,10,A01
200800027203,0,32,0,0,2,1,17,B01
200800027204,0,30,0,15,0,1,13,A01
200800027205,0,2,0,1,2,1,2,A01
200800027205,0,7,0,0,0,4,0,B01
200800027206,0,7,0,0,1,2,1,A01
200800027207,0,7,0,0,2,3,15,A01
200800027207,0,32,0,1,2,1,17,B01
200800027208,0,1,0,0,2,8,1,B01
200800027208,0,7,0,0,0,7,16,A01
200800027209,0,7,0,0,2,3,9,A01
200800027209,0,30,0,0,2,7,1,B01
200800027210,0,7,0,0,1,4,4,A01
200800027211,0,7,0,0,0,0,15,B01
200800027211,0,32,0,0,0,0,17,A01
200800027212,0,1,0,12,0,8,0,A01
200800027213,0,7,0,0,2,5,1,A01
200800027213,0,38,1,0,2,3,1,C01
200800027213,0,34,0,0,2,1,2,B01
200800027214,0,2,0,0,0,1,0,A01
200800027215,0,1,0,1,0,2,1,B01
200800027215,0,7,0,0,0,3,22,A01
200800027216,0,1,0,0,1,1,1,A01
200800027217,0,7,0,0,0,5,23,B01
200800027217,0,2,0,0,2,1,1,A01
200800027218,0,1,0,12,0,8,1,B01
200800027218,0,32,0,0,2,2,17,A01
200800027219,0,33,0,0,2,3,1,A01
200800027219,1,7,0,0,2,4,14,B01
200800027220,0,32,0,0,2,0,21,A01
200800027221,0,7,0,0,2,1,2,A01
200800027221,0,7,0,0,0,4,2,B01
200800027222,0,7,0,0,1,6,4,A01
200800027223,0,7,0,1,0,3,9,A01
200800027223,0,1,0,0,0,7,2,B01
200800027224,0,7,0,0,2,3,15,B01
200800027224,0,32,0,0,2,1,1,A01
200800027225,0,2,0,0,0,1,1,A01
200800027226,0,1,0,0,1,1,5,A01
200800027227,0,13,0,0,2,3,9,A01
200800027227,0,2,0,0,2,2,1,B01
200800027228,0,10,0,0,2,3,11,A01
200800027228,0,1,0,0,2,1,1,B01
200800027229,0,7,0,0,2,2,9,A01
200800027229,0,32,0,1,0,3,1,B01
200800027230,0,7,0,11,0,1,14,A01
200800027231,0,7,0,0,1,3,1,A01
200800027232,0,10,0,0,0,0,15,A01
200800027232,0,2,0,0,0,0,1,B01
200800027233,0,7,0,0,0,5,16,A01
200800027233,0,30,0,0,0,8,1,B01
200800027234,0,7,0,0,2,3,1,B01
200800027234,0,1,0,0,2,1,7,A01
200800027235,0,37,33,1,1,7,1,A01
200800027236,0,7,0,0,0,2,1,A01
200800027236,0,33,0,0,2,8,1,B01
200800027237,0,33,0,0,1,1,1,A01
200800027238,0,7,0,0,0,3,10,A01
200800027238,0,30,0,0,2,1,2,B01
200800027239,0,2,0,0,1,1,0,A01
200800027240,0,7,0,0,0,3,10,A01
200800027240,0,33,0,0,0,2,2,B01
200800027241,0,30,0,11,0,7,2,A01
200800027242,0,7,0,0,2,3,10,A01
200800027242,0,30,0,1,2,1,17,B01
200800027243,0,7,0,0,0,6,4,A01
200800027243,0,33,0,0,2,1,23,B01
200800027244,0,30,193,0,0,1,0,A01
200800027245,0,1,0,0,0,0,1,A01
200800027246,0,31,0,8,2,7,0,A01
200800027247,0,37,62,0,1,2,7,A01
200800027248,0,7,0,0,0,3,22,A01
200800027248,0,30,0,1,0,2,17,B01
200800027249,0,7,0,0,2,1,1,A01
200800027250,0,7,0,6,0,1,1,A01
200800027251,0,7,0,0,9,3,15,A01
200800027251,0,30,0,0,2,1,1,B01
200800027252,0,7,0,0,2,3,11,A01
200800027252,0,31,0,0,2,1,1,B01
200800027253,0,33,0,0,1,3,1,A01
200800027254,0,7,0,0,1,8,4,A01
200800027255,0,7,0,0,1,3,7,A01
200800027256,0,7,0,0,2,1,2,A01
200800027256,0,7,0,0,2,4,2,B01
200800027257,0,7,0,0,2,2,16,A01
200800027257,0,37,32,0,2,3,7,B01
200800027258,0,7,0,0,1,0,4,A01
200800027259,0,10,0,0,1,2,2,A01
200800027260,0,32,0,0,0,1,2,A01
200800027260,0,13,0,0,0,2,16,B01
200800027261,1,7,0,0,1,0,0,A01
200800027262,0,7,0,0,2,4,16,A01
200800027262,0,32,0,0,2,7,1,B01
200800027263,0,10,0,0,1,3,1,A01
200800027264,0,2,0,0,0,7,1,B01
200800027264,0,10,0,0,2,2,1,A01
200800027265,0,30,0,0,2,7,7,A01
200800027265,0,37,12,0,0,8,23,B01
200800027265,0,7,0,0,2,5,23,C01
200800027266,0,7,0,0,2,5,15,A01
200800027266,0,2,0,0,2,1,1,B01
200800027267,0,7,0,0,0,5,23,A01
200800027267,0,32,0,0,0,1,1,B01
200800027268,0,7,0,0,1,2,1,A01
200800027269,0,32,0,0,2,0,1,B01
200800027269,0,7,0,0,0,5,15,A01
200800027270,0,33,0,0,0,8,1,B01
200800027270,0,7,0,0,0,1,15,A01
200800027271,0,37,0,0,2,7,1,B01
200800027271,0,7,0,0,2,1,1,A01
200800027272,0,7,0,0,2,1,1,B01
200800027272,0,33,0,0,2,2,1,A01
200800027273,0,7,0,0,1,1,15,A01
200800027274,0,1,0,0,2,1,23,A01
200800027274,0,7,0,0,0,5,2,B01
200800027275,0,7,0,0,0,7,15,B01
200800027275,0,2,0,0,2,1,1,A01
200800027276,0,33,0,14,0,2,12,A01
200800027277,0,7,0,0,2,7,9,A01
200800027277,0,2,0,0,2,3,1,B01
200800027278,0,30,0,6,0,1,14,A01
200800027279,0,10,0,0,1,1,15,A01
200800027280,0,7,0,0,2,2,1,B01
200800027280,0,2,0,0,2,8,23,A01
200800027281,0,7,0,0,1,3,1,A01
200800027282,1,7,0,0,1,1,1,A01
200800027283,0,30,0,1,0,8,17,A01
200800027283,0,10,0,0,2,3,15,B01
200800027284,0,7,0,0,2,5,9,A01
200800027284,0,33,0,0,2,1,1,B01
200800027285,0,1,0,0,0,1,1,B01
200800027285,0,7,0,0,9,7,16,A01
200800027286,0,7,0,0,0,8,22,A01
200800027286,0,1,0,0,0,0,1,B01
200800027287,0,32,0,0,2,6,1,B01
200800027287,0,7,0,0,0,5,15,A01
200800027288,0,1,0,0,2,3,1,B01
200800027288,0,7,0,0,2,2,14,A01
200800027289,0,1,0,0,0,1,19,A01
200800027289,0,31,0,0,0,7,9,B01
200800027290,0,1,0,0,2,1,0,A01
200800027290,0,7,0,0,9,6,0,B01
200800027291,0,7,0,0,2,4,24,B01
200800027291,0,2,0,0,2,4,14,A01
200800027292,0,34,0,0,1,3,1,A01
200800027293,0,7,0,0,2,3,15,A01
200800027293,0,30,0,0,2,8,1,B01
200800027294,0,7,0,0,1,2,14,A01
200800027294,0,37,10,0,0,6,23,B01
200800027295,0,7,0,0,0,3,9,A01
200800027295,0,32,0,0,2,2,1,B01
200800027296,0,31,0,0,1,0,1,A01
200800027297,0,30,0,0,0,0,0,A01
200800027298,0,1,0,0,2,7,13,A01
200800027298,0,37,25,0,9,8,17,B01
200800027299,0,32,0,0,0,0,1,A01
200800027300,0,7,0,0,2,1,2,A01
200800027300,0,7,0,0,2,4,23,B01
200800027300,0,7,0,0,0,4,23,C01
200800027301,0,10,0,0,0,7,15,A01
200800027301,0,32,0,0,2,1,1,B01
200800027302,0,32,0,0,2,2,0,A01
200800027302,0,37,62,0,0,3,2,B01
200800027303,0,7,0,0,0,3,15,B01
200800027303,0,7,0,0,0,3,1,A01
200800027304,0,30,0,0,0,7,1,A01
200800027305,0,30,0,0,2,1,17,A01
200800027305,0,7,0,0,2,3,15,B01
200800027306,0,7,0,0,2,3,22,A01
200800027306,0,1,0,1,0,2,1,B01
200800027307,0,30,0,8,0,1,1,A01
200800027308,0,7,0,0,2,2,17,A01
200800027308,0,31,0,0,2,1,1,B01
200800027309,0,33,0,0,2,3,3,A01
200800027309,0,7,0,0,0,5,1,B01
200800027310,0,7,0,0,2,3,1,B01
200800027310,0,30,0,0,2,2,1,A01
200800027311,0,7,0,0,1,8,1,A01
200800027312,0,7,0,0,2,2,1,A01
200800027312,0,30,0,0,2,1,1,B01
200800027313,0,15,0,0,2,2,12,A01
200800027313,0,33,0,0,2,1,2,C01
200800027313,0,7,0,0,2,6,1,B01
200800027314,0,7,0,0,2,3,22,A01
200800027314,0,2,0,1,0,1,0,B01
200800027315,0,7,0,0,2,3,1,B01
200800027315,0,2,0,0,2,1,1,A01
200800027316,0,7,0,0,2,3,15,A01
200800027316,0,7,0,0,2,8,1,B01
200800027317,0,32,0,0,0,7,1,A01
200800027318,0,7,0,0,1,8,2,A01
200800027319,0,30,0,0,2,0,21,A01
200800027320,0,7,0,0,0,1,2,A01
200800027320,0,7,0,0,0,0,2,C01
200800027320,0,7,0,1,2,9,2,B01
200800027321,0,33,0,12,0,0,21,A01
200800027322,0,10,0,0,1,4,4,A01
200800027323,0,7,0,0,0,2,1,A01
200800027323,0,1,0,0,0,3,1,B01
200800027324,0,7,0,0,2,2,0,A01
200800027324,0,2,0,0,2,3,1,B01
200800027325,0,7,0,0,2,1,2,A01
200800027325,0,7,0,0,0,4,2,B01
200800027326,0,7,0,2,2,7,17,B01
200800027326,0,7,0,0,2,8,10,A01
200800027327,0,32,0,0,0,1,1,B01
200800027327,0,38,60,0,2,2,16,A01
200800027328,0,7,0,0,2,7,15,A01
200800027328,0,33,0,0,2,7,1,B01
200800027329,0,37,5,0,2,0,21,A01
200800027330,0,32,0,0,2,1,5,A01
200800027330,0,7,0,0,2,8,15,B01
200800027331,0,7,0,0,2,1,1,A01
200800027331,0,33,0,0,2,8,15,B01
200800027332,0,7,0,0,2,5,1,A01
200800027332,0,31,0,0,2,6,12,B01
200800027333,0,7,0,7,0,1,15,A01
200800027334,0,7,0,0,2,4,2,B01
200800027334,0,7,0,0,0,1,2,A01
200800027335,0,7,0,1,2,1,1,B01
200800027335,0,33,0,0,2,1,1,A01
200800027336,0,7,0,0,0,4,11,B01
200800027336,0,7,0,0,0,0,1,A01
200800027337,0,32,0,0,2,8,1,B01
200800027337,0,7,0,0,2,7,12,A01
200800027338,1,7,0,1,1,1,1,A01
200800027339,0,33,0,0,0,0,21,A01
200800027340,0,32,0,0,2,8,2,B01
200800027340,0,7,0,0,2,7,2,A01
200800027341,0,30,0,14,0,1,0,A01
200800027342,0,7,0,0,0,3,2,A01
200800027342,0,30,0,0,0,1,2,B01
200800027343,0,7,0,0,2,1,1,B01
200800027343,0,2,0,0,2,1,21,A01
200800027344,0,30,0,0,0,0,0,A01
200800027345,0,2,0,0,2,1,21,A01
200800027345,0,30,0,0,2,4,2,B01
200800027346,0,32,0,0,1,0,21,A01
200800027347,0,33,0,0,0,4,2,B01
200800027347,0,7,0,0,2,1,2,C01
200800027347,0,7,0,0,2,4,2,D01
200800027347,0,7,0,0,0,4,2,E01
200800027347,0,7,0,4,2,0,0,A01
200800027348,0,7,0,0,0,4,2,B01
200800027348,0,7,0,0,2,1,2,A01
200800027349,0,7,0,1,0,2,14,A01
200800027350,0,1,0,1,0,1,1,A01
200800027351,0,7,0,0,2,2,1,A01
200800027351,0,33,0,0,0,6,15,B01
200800027352,0,32,0,0,0,3,1,A01
200800027352,0,7,0,0,0,2,11,B01
200800027353,0,30,0,0,0,0,1,A01
200800027354,0,7,0,0,1,4,4,A01
200800027355,0,30,0,0,2,1,17,A01
200800027355,0,7,0,0,2,3,19,B01
200800027356,0,38,37,0,1,2,1,A01
200800027357,0,7,0,14,2,0,17,A01
200800027357,0,7,0,0,2,8,1,B01
200800027358,0,7,0,0,0,3,1,B01
200800027358,1,7,0,0,0,0,1,A01
200800027359,0,30,0,0,0,2,1,A01
200800027359,0,7,0,0,2,7,15,B01
200800027360,0,7,0,0,1,2,2,A01
200800027361,0,7,0,0,2,1,2,A01
200800027361,0,7,0,0,2,4,2,B01
200800027361,0,7,0,0,0,4,2,C01
200800027362,0,7,0,0,0,4,2,A01
200800027362,1,7,0,0,0,0,2,B01
200800027363,0,7,0,0,2,1,23,E01
200800027363,0,32,0,0,2,8,23,C01
200800027363,0,32,0,0,2,8,23,B01
200800027363,0,7,0,0,2,1,23,D01
200800027363,2,7,0,0,2,0,5,A01
200800027364,0,33,0,0,0,1,0,A01
200800027365,0,37,20,0,2,2,1,A01
200800027365,0,7,0,0,0,4,2,B01
200800027366,0,7,0,0,2,5,15,B01
200800027366,0,32,0,0,2,1,1,A01
200800027367,0,30,0,0,2,1,1,A01
200800027367,0,7,0,0,2,3,1,B01
200800027368,0,7,0,0,2,1,2,A01
200800027368,0,7,0,0,2,4,2,B01
200800027369,0,31,0,0,2,7,17,A01
200800027369,0,7,0,0,2,3,1,B01
200800027370,0,7,0,0,2,2,1,A01
200800027370,0,31,0,0,2,8,1,B01
200800027371,0,7,0,0,2,9,2,A01
200800027371,0,7,0,0,2,9,2,B01
200800027372,0,33,0,14,9,3,2,A01
200800027373,0,7,0,0,1,2,6,A01
200800027374,0,33,0,0,9,7,12,A01
200800027374,0,33,0,0,9,3,13,B01
200800027375,0,30,0,0,2,3,15,A01
200800027375,0,7,0,0,2,2,1,B01
200800027376,0,7,0,2,0,1,13,A01
200800027377,0,7,0,0,2,1,2,A01
200800027377,0,7,0,0,0,4,2,B01
200800027377,0,7,0,0,0,4,2,C01
200800027378,0,2,0,6,1,1,16,A01
200800027379,0,7,0,0,2,3,1,B01
200800027379,0,30,0,0,2,1,1,A01
200800027380,0,7,0,0,2,8,1,B01
200800027380,0,7,0,0,0,1,1,A01
200800027381,0,2,0,0,1,1,1,A01
200800027382,0,30,0,0,0,3,1,A01
200800027382,0,7,0,0,0,2,1,B01
200800027383,0,31,0,0,0,4,23,B01
200800027383,0,7,0,0,2,4,2,A01
200800027384,0,33,0,0,2,1,7,A01
200800027384,0,7,0,0,2,1,15,B01
200800027385,0,10,0,0,0,4,2,B01
200800027385,0,33,0,0,2,1,2,A01
200800027386,0,7,0,5,2,1,13,A01
200800027386,0,7,0,0,0,1,1,B01
200800027387,0,7,0,0,2,5,16,B01
200800027387,0,37,100,14,2,5,15,A01
200800027388,0,7,0,0,1,3,1,A01
200800027389,0,7,0,0,2,2,15,A01
200800027389,0,33,0,12,2,4,1,B01
200800027390,0,7,0,12,0,0,21,A01
200800027391,0,7,0,0,2,1,15,A01
200800027391,0,33,0,0,2,8,1,B01
200800027392,0,7,0,0,1,3,15,A01
200800027393,0,1,0,0,2,4,17,A01
200800027393,0,7,0,0,2,3,15,B01
200800027394,0,7,0,0,2,1,2,A01
200800027394,0,7,0,0,2,9,2,B01
200800027394,0,7,0,0,2,4,2,C01
200800027395,0,13,0,0,2,1,2,A01
200800027395,0,10,0,0,0,4,2,B01
200800027396,0,1,0,1,2,1,2,A01
200800027396,1,7,0,0,0,0,0,B01
200800027397,0,7,0,0,9,3,9,A01
200800027397,0,33,0,0,2,1,1,B01
200800027398,1,7,0,0,1,0,1,A01
200800027399,0,7,0,0,1,4,4,A01
200800027400,0,1,0,0,0,0,21,A01
200800027401,0,3,0,0,2,8,11,A01
200800027401,0,32,0,0,2,7,1,B01
200800027402,0,7,0,0,2,5,9,A01
200800027402,0,30,0,0,2,1,2,B01
200800027403,0,7,0,0,2,2,15,A01
200800027403,0,32,0,0,2,1,8,B01
200800027404,0,33,0,0,2,1,2,A01
200800027404,0,7,0,0,2,6,2,B01
200800027405,0,33,0,0,2,7,2,A01
200800027405,0,7,0,0,0,8,15,B01
200800027406,0,7,0,0,0,0,15,B01
200800027406,0,7,0,0,2,3,15,A01
200800027407,0,33,0,0,0,8,1,A01
200800027408,0,7,0,0,1,3,20,A01
200800027409,0,7,0,0,2,3,15,B01
200800027409,0,2,0,0,2,4,21,A01
200800027410,0,30,0,0,2,7,2,A01
200800027410,0,7,0,0,2,6,2,B01
200800027410,0,30,0,0,1,1,5,C01
200800027411,0,2,0,0,2,2,2,A01
200800027411,0,7,0,0,0,6,2,B01
200800027412,0,7,0,1,0,4,2,B01
200800027412,0,7,0,1,0,4,2,C01
200800027412,0,7,0,1,0,4,2,D01
200800027412,0,7,0,1,0,1,2,A01
200800027413,0,7,0,0,0,3,22,B01
200800027413,0,31,0,1,2,7,18,A01
200800027413,0,13,0,0,0,0,1,C01
200800027414,0,32,0,0,2,1,7,A01
200800027414,0,7,0,0,0,2,15,B01
200800027415,0,33,0,0,2,1,12,A01
200800027415,0,7,0,0,2,3,15,B01
200800027415,0,7,0,0,2,1,16,C01
200800027416,0,7,0,0,0,7,22,A01
200800027416,0,30,0,0,2,3,18,B01
200800027417,0,32,0,0,2,1,11,A01
200800027417,0,33,0,0,0,6,1,B01
200800027418,0,7,0,0,2,2,9,B01
200800027418,0,1,0,0,2,1,1,A01
200800027419,0,1,0,0,9,0,14,A01
200800027420,0,7,0,0,2,3,2,A01
200800027420,0,30,0,0,2,4,23,B01
200800027421,0,7,0,0,1,5,20,A01
200800027422,0,30,0,0,0,1,15,A01
200800027422,0,31,0,0,2,1,1,B01
200800027423,0,34,0,0,1,1,1,A01
200800027424,0,7,0,0,2,6,17,A01
200800027424,0,1,0,0,0,1,7,B01
200800027425,1,30,0,0,1,0,0,A01
200800027426,0,7,0,12,1,2,16,A01
200800027427,0,32,0,0,1,1,1,A01
200800027428,0,37,96,0,1,2,7,A01
200800027429,0,32,0,0,2,3,1,B01
200800027429,0,7,0,0,2,3,0,A01
200800027430,0,7,0,0,1,4,4,A01
200800027431,0,7,0,0,0,8,9,A01
200800027431,0,1,0,1,0,7,1,B01
200800027432,0,32,0,0,0,0,0,A01
200800027433,0,7,0,0,2,2,1,A01
200800027433,0,7,0,0,2,3,1,B01
200800027434,0,7,0,0,2,2,16,A01
200800027434,0,32,0,0,2,1,18,B01
200800027435,0,31,0,0,1,1,1,A01
200800027436,0,7,0,0,2,2,16,A01
200800027436,0,30,0,0,2,8,7,B01
200800027437,0,7,0,0,1,2,1,A01
200800027438,0,7,0,1,2,1,2,A01
200800027438,0,10,0,0,0,6,23,B01
200800027439,0,32,0,0,2,1,1,A01
200800027439,0,32,0,0,2,4,1,B01
200800027440,0,7,0,0,1,2,1,A01
200800027441,0,7,0,0,0,7,16,B01
200800027441,0,7,0,0,2,1,7,A01
200800027442,0,30,0,0,2,1,2,A01
200800027442,0,7,0,0,2,6,2,B01
200800027443,0,31,0,0,2,1,1,A01
200800027443,0,7,0,0,2,2,15,B01
200800027444,0,7,0,0,1,2,1,A01
200800027445,0,7,0,0,0,0,16,A01
200800027445,0,1,0,0,0,0,7,B01
200800027446,0,7,0,0,0,2,4,A01
200800027446,0,32,0,0,0,3,15,B01
200800027447,0,7,0,0,1,3,1,A01
200800027448,0,32,0,0,2,2,17,A01
200800027448,1,7,0,0,2,3,13,B01
200800027449,1,7,0,7,1,2,16,A01
200800027450,0,7,0,12,0,3,21,A01
200800027451,0,7,0,0,1,3,1,A01
200800027452,0,1,0,0,0,0,1,A01
200800027453,0,7,0,1,0,7,14,A01
200800027453,0,7,0,0,0,8,24,B01
200800027454,1,7,0,0,0,0,13,A01
200800027454,0,7,0,1,0,3,1,B01
200800027455,0,31,0,0,0,4,15,B01
200800027455,0,31,0,0,2,1,2,A01
200800027456,0,30,0,0,2,8,1,B01
200800027456,0,7,0,0,2,2,12,A01
200800027457,0,31,0,0,0,0,21,A01
200800027458,0,33,0,0,9,7,1,A01
200800027459,0,7,0,0,1,1,1,A01
200800027460,0,7,0,0,2,1,1,A01
200800027460,0,1,0,0,2,2,0,B01
200800027461,0,7,0,0,1,7,1,A01
200800027462,0,2,0,0,0,1,2,A01
200800027462,0,7,0,0,2,3,2,B01
200800027463,0,7,0,0,2,1,2,A01
200800027463,0,7,0,0,2,4,2,B01
200800027464,0,7,0,0,2,2,1,B01
200800027464,0,30,0,0,2,1,1,A01
200800027465,0,7,0,0,2,1,15,A01
200800027465,0,32,0,0,2,8,1,B01
200800027466,0,7,0,0,0,3,1,A01
200800027466,1,33,0,0,2,0,11,B01
200800027467,0,30,0,0,1,1,3,A01
200800027468,1,10,0,0,1,5,4,A01
200800027469,0,7,0,0,1,3,1,A01
200800027470,0,10,0,0,0,6,6,A01
200800027470,0,2,0,0,0,2,1,B01
200800027471,0,30,0,0,0,8,1,A01
200800027472,0,7,0,0,0,1,2,A01
200800027472,0,7,0,0,0,4,23,B01
200800027473,0,7,0,0,0,1,2,A01
200800027473,0,7,0,0,0,4,2,B01
200800027474,0,33,0,1,0,0,13,A01
200800027475,0,32,0,0,1,1,0,A01
200800027476,0,7,0,1,0,2,7,A01
200800027477,0,7,0,1,9,2,21,A01
200800027478,0,30,0,0,2,9,2,A01
200800027478,0,7,0,0,2,6,2,B01
200800027479,0,32,0,0,2,8,0,A01
200800027479,0,32,0,0,2,1,0,B01
200800027480,0,2,0,0,2,7,17,A01
200800027480,0,10,0,0,2,8,15,B01
200800027481,1,7,0,0,2,3,1,A01
200800027481,0,30,0,0,2,4,1,B01
200800027482,0,7,0,0,0,2,11,B01
200800027482,0,31,0,0,2,3,1,A01
200800027483,0,2,0,0,2,1,5,A01
200800027483,0,7,0,0,2,3,15,B01
200800027484,0,2,0,0,1,0,1,A01
200800027485,0,7,0,0,0,4,2,B01
200800027485,0,7,0,0,2,1,2,A01
200800027486,0,7,0,0,2,3,15,A01
200800027486,0,33,0,1,2,2,17,B01
200800027487,0,2,0,15,0,7,21,A01
200800027488,0,7,0,0,2,1,2,A01
200800027488,0,7,0,0,1,1,0,B01
200800027489,1,7,0,0,0,0,9,A01
200800027489,0,2,0,0,2,8,1,B01
200800027490,1,2,0,0,0,0,15,A01
200800027490,0,1,0,0,0,8,15,B01
200800027491,0,31,0,0,2,1,1,B01
200800027491,0,7,0,0,2,2,10,A01
200800027492,0,32,0,0,2,3,1,A01
200800027492,0,7,0,0,2,3,1,B01
200800027493,0,7,0,0,1,2,1,A01
200800027494,0,7,0,0,2,8,9,A01
200800027494,0,32,0,0,2,7,2,B01
200800027495,0,37,42,0,2,3,1,B01
200800027495,0,13,0,0,2,2,12,A01
200800027496,0,7,0,8,0,9,1,A01
200800027497,0,32,0,0,1,1,1,A01
200800027498,0,32,0,0,0,7,2,A01
200800027499,0,30,0,0,2,4,2,A01
200800027499,0,7,0,0,2,4,23,B01
200800027500,0,7,0,0,2,8,10,B01
200800027500,0,7,0,2,2,2,1,A01
200800027501,0,32,0,0,2,2,2,B01
200800027501,0,32,0,0,2,1,2,A01
200800027502,0,32,0,0,2,2,2,B01
200800027502,0,10,0,0,2,6,13,A01
200800027503,0,10,0,0,0,1,1,A01
200800027504,0,1,0,1,0,1,1,B01
200800027504,0,7,0,0,9,8,22,A01
200800027505,0,7,0,0,2,1,15,A01
200800027505,0,30,0,0,2,6,1,B01
200800027506,0,7,0,0,1,1,1,A01
200800027507,0,33,0,0,1,2,1,A01
200800027508,0,7,0,0,2,5,16,A01
200800027508,0,37,4,0,2,3,7,B01
200800027509,0,30,0,0,2,1,2,A01
200800027509,0,34,0,0,2,4,2,B01
200800027510,0,7,0,0,2,3,9,B01
200800027510,0,33,0,0,2,1,1,A01
200800027511,0,10,0,2,1,2,7,A01
200800027512,0,10,0,0,0,5,16,A01
200800027512,0,1,0,0,0,5,1,B01
200800027513,0,7,0,0,2,8,15,A01
200800027513,0,7,0,0,2,9,1,B01
200800027513,0,7,0,7,2,2,1,C01
200800027514,0,37,10,0,2,2,17,A01
200800027514,0,1,0,8,2,8,7,B01
200800027515,0,31,0,0,2,7,12,A01
200800027515,0,32,0,0,2,7,1,B01
200800027515,0,37,10,0,2,5,1,C01
200800027516,0,2,0,0,1,1,1,A01
200800027517,0,7,0,0,2,1,1,A01
200800027517,0,7,0,8,0,8,1,B01
200800027518,0,7,0,1,0,2,1,A01
200800027519,0,33,0,0,2,6,15,A01
200800027519,0,7,0,0,2,2,1,B01
200800027520,0,10,0,0,9,8,24,A01
200800027520,0,1,0,14,0,1,1,B01
200800027521,0,33,0,0,0,7,1,A01
200800027522,0,7,0,0,2,2,2,B01
200800027522,0,33,0,4,2,3,13,A01
200800027523,0,2,0,11,0,3,0,A01
200800027524,0,7,0,0,2,1,1,B01
200800027524,0,7,0,0,2,1,11,A01
200800027525,0,2,0,1,0,1,0,A01
200800027525,0,10,0,0,0,6,24,B01
200800027526,0,7,0,0,2,8,10,A01
200800027526,0,31,0,0,2,1,1,B01
200800027527,0,10,0,0,2,2,15,A01
200800027527,0,31,0,0,2,1,1,B01
200800027528,0,33,0,0,2,8,3,A01
200800027528,0,7,0,0,2,7,12,B01
200800027528,0,7,0,0,2,4,1,C01
200800027529,0,7,0,8,0,1,14,A01
200800027530,0,37,0,0,1,7,7,A01
200800027531,0,13,0,0,1,5,4,A01
200800027532,0,33,0,0,1,5,21,A01
200800027533,0,7,0,0,0,5,12,B01
200800027533,0,10,0,0,2,1,21,A01
200800027534,0,33,0,0,2,8,2,B01
200800027534,0,7,0,0,2,7,2,A01
200800027535,0,7,0,1,0,1,16,A01
200800027536,0,7,0,11,0,1,13,A01
200800027537,0,7,0,0,0,3,1,B01
200800027537,0,30,0,0,0,1,1,A01
200800027538,0,7,0,11,2,3,21,A01
200800027539,0,31,0,0,2,0,2,A01
200800027539,0,14,0,0,0,6,2,B01
200800027539,1,14,0,1,0,7,1,C01
200800027540,0,32,0,0,1,2,1,A01
200800027541,0,14,0,0,2,2,16,A01
200800027541,0,1,0,0,2,9,18,B01
200800027542,0,2,0,0,0,0,1,A01
200800027543,0,30,0,0,1,1,2,A01
200800027544,0,7,0,0,2,1,1,B01
200800027544,0,7,0,0,2,5,1,A01
200800027545,0,30,0,0,2,3,1,A01
200800027545,0,14,0,0,2,2,16,B01
200800027546,0,10,0,0,0,8,2,B01
200800027546,0,1,0,0,2,2,9,A01
200800027547,1,33,0,0,0,1,2,A01
200800027548,0,30,0,1,0,0,1,A01
200800027549,0,7,0,0,1,3,1,A01
200800027550,0,7,0,0,2,2,1,A01
200800027550,0,7,0,0,2,1,0,B01
200800027551,0,7,0,0,2,3,10,A01
200800027551,0,32,0,0,2,2,2,B01
200800027552,0,33,0,0,2,1,2,A01
200800027552,0,7,0,0,2,4,2,B01
200800027553,0,10,0,0,1,2,1,A01
200800027554,0,7,0,0,2,6,9,A01
200800027554,0,31,0,0,2,8,1,B01
200800027555,0,33,0,14,0,1,7,A01
200800027556,0,7,0,0,0,8,11,A01
200800027556,0,31,0,0,2,7,2,B01
200800027557,0,7,0,0,2,1,15,B01
200800027557,0,7,0,0,2,3,2,A01
200800027558,0,14,0,0,0,0,2,A01
200800027558,0,31,0,0,0,0,2,B01
200800027559,0,33,0,0,2,1,1,B01
200800027559,0,13,0,0,2,2,12,A01
200800027560,0,1,0,0,2,1,5,A01
200800027560,0,31,0,0,2,1,1,B01
200800027561,0,7,0,0,2,2,16,A01
200800027561,0,32,0,0,2,1,7,B01
200800027562,0,7,0,0,1,2,1,A01
200800027563,0,34,0,1,1,3,1,A01
200800027564,0,7,0,0,2,6,15,A01
200800027564,0,32,0,0,2,2,17,B01
200800027565,0,7,0,0,1,2,1,A01
200800027566,0,10,0,0,2,1,2,A01
200800027566,0,7,0,0,2,4,2,B01
200800027566,0,7,0,0,0,4,2,C01
200800027567,0,7,0,0,2,4,2,A01
200800027567,0,7,0,0,2,4,2,B01
200800027567,0,7,0,0,2,4,2,C01
200800027567,0,7,0,0,2,1,2,D01
200800027568,0,7,0,0,2,2,14,A01
200800027568,0,7,0,0,0,8,1,B01
200800027569,0,33,0,0,2,1,2,A01
200800027569,0,10,0,0,0,5,2,B01
200800027570,0,7,0,0,2,2,1,C01
200800027570,0,7,0,0,2,6,1,A01
200800027570,0,15,0,0,2,2,12,B01