Num_Acc,senc,catv,occutc,obs,obsm,choc,manv,num_veh
200800027571,0,33,0,0,2,8,18,A01
200800027571,0,7,0,0,0,5,12,B01
200800027572,0,7,0,0,2,3,2,A01
200800027572,0,7,0,0,2,5,2,B01
200800027572,0,7,0,0,0,4,2,C01
200800027573,0,7,0,0,2,1,2,A01
200800027573,0,7,0,0,2,4,2,B01
200800027573,0,10,0,0,0,4,2,C01
200800027574,0,7,0,5,0,2,12,A01
200800027574,0,7,0,0,2,1,2,B01
200800027574,0,7,0,0,2,4,2,C01
200800027574,0,10,0,0,2,4,2,D01
200800027574,0,7,0,0,0,4,2,E01
200800027575,0,33,0,0,2,1,11,A01
200800027575,0,7,0,0,0,4,1,B01
200800027576,0,7,0,0,2,8,11,A01
200800027576,0,33,0,0,0,1,1,B01
200800027577,0,33,0,0,2,1,2,A01
200800027577,0,7,0,0,0,5,2,B01
200800027578,0,33,0,9,0,1,12,A01
200800027579,0,7,0,0,2,5,12,A01
200800027579,0,33,0,0,2,8,1,B01
200800027579,0,7,0,0,0,4,1,C01
200800027580,0,7,0,0,0,6,11,B01
200800027580,0,32,0,0,2,7,3,A01
200800027581,0,7,0,0,0,2,12,A01
200800027581,0,32,0,0,2,3,3,B01
200800027582,2,7,0,0,2,2,14,A01
200800027582,0,7,0,0,0,6,2,B01
200800027583,0,7,0,0,2,1,2,A01
200800027583,0,7,0,0,0,4,2,B01
200800027584,0,7,0,0,2,1,2,A01
200800027584,0,7,0,0,0,4,2,B01
200800027585,2,10,0,5,0,2,2,A01
200800027585,0,10,0,0,2,1,2,B01
200800027586,0,7,0,0,2,1,2,A01
200800027586,0,7,0,0,2,4,2,B01
200800027586,0,7,0,0,2,4,2,C01
200800027586,0,7,0,0,0,4,2,D01
200800027587,0,7,0,0,2,1,2,A01
200800027587,1,7,0,0,0,4,2,B01
200800027588,0,7,0,0,0,6,13,B01
200800027588,0,7,0,5,2,3,12,A01
200800027589,0,33,0,0,2,1,2,A01
200800027589,0,7,0,0,0,4,2,B01
200800027590,0,33,0,0,2,3,3,A01
200800027590,0,7,0,0,0,5,1,B01
200800027590,0,10,0,0,0,8,1,C01
200800027591,0,7,0,0,2,1,2,A01
200800027591,0,7,0,0,2,3,23,B01
200800027591,0,7,0,0,2,3,23,C01
200800027591,0,7,0,0,0,3,23,D01
200800027592,0,7,0,0,0,7,12,A01
200800027592,0,33,0,0,2,1,18,B01
200800027593,0,7,0,0,2,1,2,A01
200800027593,0,10,0,0,2,4,2,B01
200800027593,0,7,0,0,0,4,2,C01
200800027594,0,33,0,0,0,7,21,A01
200800027594,0,7,0,0,0,0,1,B01
200800027595,0,32,0,0,0,5,3,A01
200800027595,0,7,0,0,2,3,11,B01
200800027596,0,7,0,0,2,2,14,A01
200800027596,0,7,0,0,2,6,1,B01
200800027596,0,7,0,0,0,8,1,C01
200800027597,0,7,0,0,0,7,12,A01
200800027597,0,33,0,0,2,3,3,B01
200800027598,0,33,0,0,2,1,3,A01
200800027598,0,7,0,0,0,6,23,B01
200800027599,0,7,0,0,0,7,12,A01
200800027599,0,31,0,0,2,8,3,B01
200800027600,0,7,0,1,0,4,2,A01
200800027600,0,7,0,0,0,4,23,B01
200800027601,0,7,0,0,2,2,12,A01
200800027601,0,33,0,0,2,3,3,B01
200800027601,0,7,0,0,0,5,1,C01
200800027602,0,7,0,0,2,1,2,A01
200800027602,0,7,0,0,0,6,2,B01
200800027603,0,7,0,0,2,8,11,A01
200800027603,0,31,0,0,0,7,1,B01
200800027604,0,32,0,0,0,7,1,B01
200800027604,0,7,0,0,2,8,11,A01
200800027605,0,7,0,0,2,2,12,A01
200800027605,0,32,0,0,0,8,1,B01
200800027606,0,7,0,0,2,1,2,A01
200800027606,0,7,0,0,2,4,2,B01
200800027606,0,7,0,0,0,4,2,C01
200800027607,0,33,0,0,0,4,1,B01
200800027607,0,15,0,0,2,2,1,A01
200800027608,2,7,0,0,2,2,11,A01
200800027608,0,33,0,0,2,7,3,B01
200800027608,0,7,0,0,2,5,1,C01
200800027609,0,33,0,0,2,2,2,A01
200800027609,0,7,0,0,0,6,2,B01
200800027610,0,7,0,0,2,1,2,A01
200800027610,0,7,0,0,2,4,2,B01
200800027610,0,7,0,0,0,4,2,C01
200800027611,0,31,0,0,0,7,1,A01
200800027612,0,7,0,0,2,3,2,A01
200800027612,0,7,0,0,2,5,2,B01
200800027612,0,7,0,0,2,4,2,C01
200800027612,0,7,0,0,0,4,2,D01
200800027613,0,33,0,0,2,2,1,A01
200800027613,1,10,0,0,2,8,11,B01
200800027614,0,15,0,0,2,2,12,A01
200800027614,0,10,0,0,2,1,2,C01
200800027614,0,7,0,0,2,8,1,B01
200800027615,0,16,0,0,2,2,12,A01
200800027615,0,7,0,0,0,8,1,B01
200800027616,0,10,0,0,2,6,11,A01
200800027616,0,33,0,0,0,2,3,B01
200800027616,0,7,0,0,2,2,1,C01
200800027617,0,7,0,0,2,5,12,A01
200800027617,0,33,0,0,0,8,1,B01
200800027618,0,7,0,0,2,1,2,A01
200800027618,0,7,0,0,2,4,2,B01
200800027618,0,7,0,0,0,4,2,C01
200800027619,0,7,0,0,0,2,12,B01
200800027619,0,32,0,0,2,1,3,A01
200800027620,0,7,0,4,2,6,0,A01
200800027620,1,7,0,0,2,2,0,B01
200800027621,0,7,0,0,2,2,12,A01
200800027621,0,7,0,0,0,6,1,B01
200800027622,0,7,0,0,2,3,13,A01
200800027622,0,33,0,0,2,7,1,B01
200800027622,1,10,0,0,0,0,15,C01
200800027623,0,10,0,0,2,1,2,A01
200800027623,0,7,0,0,2,4,2,B01
200800027623,0,10,0,0,0,4,2,C01
200800027624,0,33,0,0,0,0,21,A01
200800027625,0,33,0,0,0,7,1,A01
200800027626,0,7,0,14,2,7,16,A01
200800027626,0,7,0,0,2,3,1,B01
200800027627,0,33,0,0,2,3,3,A01
200800027627,0,7,0,0,0,5,12,B01
200800027628,0,33,0,0,2,1,2,A01
200800027628,0,7,0,0,0,4,2,B01
200800027629,0,10,0,0,0,7,12,A01
200800027629,0,33,0,0,2,3,3,B01
200800027630,0,31,0,0,2,1,2,A01
200800027630,0,7,0,0,0,6,2,B01
200800027631,0,31,0,14,0,8,13,A01
200800027632,0,7,0,0,0,5,12,A01
200800027632,0,33,0,0,2,3,1,B01
200800027633,0,33,0,0,0,0,1,A01
200800027634,0,7,0,0,2,7,12,B01
200800027634,0,33,0,0,2,8,0,A01
200800027635,0,33,0,0,2,1,3,A01
200800027635,0,7,0,0,0,5,12,B01
200800027636,0,33,0,0,2,1,2,A01
200800027636,0,7,0,4,0,5,2,B01
200800027637,0,7,0,6,0,2,1,A01
200800027638,0,10,0,0,0,1,1,A01
200800027639,0,7,0,0,0,0,1,A01
200800027640,0,33,0,0,2,6,18,A01
200800027640,0,10,0,0,2,2,16,B02
200800027641,0,33,0,4,2,1,2,A01
200800027641,0,17,0,0,2,8,2,B02
200800027642,0,7,0,2,0,8,13,A01
200800027643,0,10,0,0,2,5,15,A01
200800027643,0,33,0,0,2,1,1,B02
200800027644,0,7,0,6,0,1,1,A01
200800027645,0,33,0,0,2,1,13,A01
200800027645,0,7,0,0,2,3,1,B02
200800027646,0,7,0,0,9,8,22,A01
200800027646,0,1,0,0,2,0,1,B02
200800027647,0,7,0,0,9,7,17,A01
200800027647,0,1,0,0,2,8,1,B02
200800027648,0,7,0,0,2,1,1,A01
200800027648,0,7,0,0,2,7,1,B02
200800027649,0,7,0,0,2,5,13,A01
200800027649,0,7,0,0,2,3,1,B02
200800027650,0,7,0,0,2,3,13,A01
200800027650,0,7,0,0,2,1,1,B02
200800027651,0,14,0,0,0,0,0,A01
200800027651,0,99,0,0,9,5,1,B02
200800027652,0,31,0,0,0,1,0,A01
200800027653,0,33,0,0,5,0,1,A01
200800027654,0,7,0,1,2,9,13,A01
200800027654,0,7,0,0,2,1,23,B02
200800027654,0,7,0,0,2,1,1,C03
200800027654,0,7,0,0,9,8,21,D04
200800027655,0,10,0,0,2,3,15,A01
200800027655,0,33,0,0,2,6,1,B02
200800027656,0,7,0,0,2,1,15,A01
200800027656,0,1,0,0,2,3,1,B02
200800027657,0,7,0,2,0,2,1,A01
200800027658,0,2,0,0,2,1,19,A01
200800027659,0,10,0,0,2,1,13,A01
200800027659,0,7,0,0,2,1,21,B02
200800027660,0,33,0,0,2,1,1,A01
200800027660,0,7,0,0,2,3,15,B02
200800027661,0,10,0,0,1,1,1,A01
200800027662,0,7,0,0,2,3,13,A01
200800027662,0,7,0,0,2,3,1,B02
200800027662,0,7,0,0,2,3,1,C03
200800027662,0,7,0,0,2,1,1,D04
200800027663,0,7,0,0,2,1,1,A01
200800027663,0,7,0,0,2,1,15,B02
200800027664,0,7,0,0,1,3,1,A01
200800027665,0,7,0,0,1,1,1,A01
200800027666,0,10,0,0,2,1,5,A01
200800027666,0,7,0,14,0,7,21,C03
200800027666,0,7,0,0,2,1,1,B02
200800027667,0,33,0,0,0,8,1,A01
200800027668,0,7,0,0,2,7,1,A01
200800027668,0,7,0,0,2,1,1,B02
200800027669,0,7,0,0,2,1,15,A01
200800027669,0,1,0,0,2,1,1,B02
200800027670,0,30,0,0,0,7,1,A01
200800027671,0,7,0,0,2,2,1,A01
200800027671,0,2,0,0,2,8,19,B02
200800027672,0,33,0,0,2,1,13,A01
200800027672,0,7,0,0,2,1,1,B02
200800027673,0,7,0,0,2,1,15,A01
200800027673,0,35,0,0,2,6,1,B02
200800027674,0,7,0,6,0,3,13,A01
200800027675,0,7,0,11,0,1,13,A01
200800027676,0,30,0,6,0,1,1,A01
200800027677,0,7,0,0,0,6,10,A01
200800027677,0,33,0,0,2,1,2,B02
200800027678,0,32,0,0,2,1,17,A01
200800027678,0,7,0,0,9,0,1,B02
200800027678,0,7,0,0,2,1,16,C03
200800027679,0,7,0,0,2,3,1,A01
200800027679,0,7,0,0,2,3,1,B02
200800027680,0,7,0,0,2,2,1,A01
200800027680,0,30,0,0,2,4,1,B02
200800027681,0,33,0,13,0,1,1,A01
200800027682,0,2,0,0,0,8,10,A01
200800027683,0,7,0,0,2,7,13,A01
200800027683,0,7,0,0,2,1,1,B02
200800027684,0,7,0,0,0,1,1,A01
200800027685,0,7,0,0,0,0,1,A01
200800027686,0,7,0,0,2,6,1,A01
200800027686,0,17,0,8,2,3,1,B02
200800027686,0,10,0,0,2,3,19,C03
200800027687,0,7,0,13,0,0,15,A01
200800027688,0,10,0,0,2,1,1,B02
200800027688,0,7,0,0,2,8,19,A01
200800027689,0,10,0,0,2,3,1,A01
200800027689,0,2,0,0,2,1,13,B02
200800027690,0,7,0,0,2,3,13,A01
200800027690,0,7,0,0,2,3,0,B02
200800027691,0,2,0,12,0,0,0,A01
200800027692,0,7,0,0,2,3,13,A01
200800027692,0,10,0,0,2,3,1,B02
200800027693,0,7,0,0,0,3,9,A01
200800027693,0,32,0,0,0,7,16,B02
200800027694,0,7,0,0,2,2,15,A01
200800027694,0,33,0,0,2,1,1,B02
200800027695,0,33,0,0,2,1,2,A01
200800027695,0,2,0,0,2,8,15,B02
200800027696,0,10,0,0,2,8,2,A01
200800027696,0,7,0,0,2,1,19,B02
200800027697,0,7,0,0,2,1,1,A01
200800027697,0,15,0,0,2,3,1,B02
200800027698,0,7,0,2,0,1,1,A01
200800027699,0,2,0,12,0,1,1,A01
200800027700,0,7,0,8,0,8,1,A01
200800027701,0,2,0,0,0,1,1,A01
200800027702,0,33,0,0,2,1,2,A01
200800027702,0,7,0,0,2,6,16,B02
200800027703,0,1,0,12,0,0,0,A01
200800027704,0,7,0,0,1,2,1,A01
200800027705,0,31,0,2,0,1,1,A01
200800027706,0,7,0,0,2,2,17,A01
200800027706,0,7,0,0,2,6,1,B02
200800027707,0,7,0,0,2,1,13,A01
200800027707,0,7,0,0,2,1,1,B02
200800027708,0,7,0,0,2,3,1,A01
200800027708,0,7,0,0,2,3,1,B02
200800027709,0,7,0,0,0,1,1,A01
200800027710,0,2,0,1,0,2,1,A01
200800027711,0,30,0,0,0,3,0,A01
200800027711,0,7,0,0,0,3,1,B02
200800027712,0,33,0,0,0,0,1,A01
200800027713,0,7,0,0,2,6,19,A01
200800027713,0,33,0,0,2,1,1,B02
200800027714,0,7,0,0,2,3,19,A01
200800027714,0,7,0,0,2,1,1,B02
200800027715,0,7,0,0,2,1,1,B02
200800027715,0,7,0,0,2,7,1,A01
200800027716,0,7,0,1,2,1,1,A01
200800027716,0,7,0,0,2,1,1,B02
200800027716,0,7,0,0,2,7,24,C03
200800027717,0,7,0,16,0,8,1,A01
200800027718,0,7,0,0,2,3,15,A01
200800027718,0,2,0,0,2,1,17,B02
200800027719,0,7,0,0,2,1,1,A01
200800027719,0,7,0,0,2,3,1,B02
200800027720,0,7,0,0,2,8,15,A01
200800027720,0,31,0,0,2,1,1,B02
200800027721,0,36,0,8,0,3,1,A01
200800027722,0,7,0,0,2,3,15,A01
200800027722,0,31,0,0,2,1,17,B02
200800027723,0,7,0,0,9,8,17,A01
200800027723,0,20,0,0,2,2,1,B02
200800027724,0,7,0,13,0,3,1,A01
200800027725,0,30,0,0,0,0,21,A01
200800027726,0,2,0,1,0,1,1,A01
200800027727,0,7,0,14,2,1,15,A01
200800027728,0,33,0,0,2,1,2,A01
200800027728,0,33,0,0,2,4,2,B02
200800027729,0,2,0,0,2,1,5,A01
200800027729,0,7,0,0,2,1,1,B02
200800027730,0,7,0,8,0,1,1,A01
200800027731,0,2,0,6,0,1,1,A01
200800027732,0,7,0,13,0,1,2,A01
200800027733,0,7,0,6,0,1,19,A01
200800027734,0,10,0,0,2,5,15,A01
200800027734,0,30,0,0,2,1,1,B02
200800027735,0,7,0,13,0,2,1,A01
200800027736,0,7,0,0,2,2,13,A01
200800027736,0,7,0,0,2,3,13,B02
200800027737,0,7,0,0,2,8,1,A01
200800027737,0,31,0,0,2,3,1,B02
200800027738,0,33,0,0,2,3,1,A01
200800027738,0,30,0,0,2,1,1,B02
200800027739,0,7,0,0,2,2,1,A01
200800027739,0,31,0,0,2,1,15,B02
200800027740,0,30,0,0,0,8,1,A01
200800027741,0,7,0,0,2,8,13,A01
200800027741,0,1,0,0,2,3,1,B02
200800027742,0,7,0,13,0,2,6,A01
200800027742,0,7,0,0,2,2,1,B02
200800027743,0,7,0,0,2,3,1,A01
200800027743,0,10,0,0,2,3,19,B02
200800027744,0,7,0,0,9,1,1,A01
200800027744,0,1,0,0,2,7,15,B02
200800027745,0,7,0,16,0,9,1,A01
200800027746,0,10,0,0,2,1,5,A01
200800027746,0,7,0,0,2,1,1,B02
200800027747,0,30,0,0,2,1,1,A01
200800027747,0,7,0,0,2,3,11,B02
200800027748,1,7,0,0,1,1,2,A01
200800027749,0,7,0,0,1,2,1,A01
200800027750,0,7,0,0,2,1,1,A01
200800027750,0,10,0,0,2,3,1,B02
200800027751,0,7,0,0,2,3,19,A01
200800027751,0,7,0,0,2,1,1,B02
200800027752,0,7,0,0,1,1,1,A01
200800027753,0,33,0,0,2,1,11,A01
200800027753,0,7,0,0,2,3,15,B02
200800027754,0,33,0,0,2,1,1,A01
200800027754,0,7,0,0,2,7,15,B02
200800027755,0,33,0,0,2,1,1,A01
200800027755,0,7,0,0,2,6,15,B02
200800027756,0,31,0,16,0,0,1,A01
200800027757,0,7,0,0,2,2,1,B02
200800027757,0,7,0,0,2,3,6,A01
200800027758,0,33,0,0,2,1,17,A01
200800027758,0,13,0,0,0,0,15,B02
200800027759,0,7,0,2,0,3,13,A01
200800027760,0,7,0,0,2,1,16,A01
200800027760,0,7,0,0,2,8,1,B02
200800027761,0,7,0,0,2,2,9,A01
200800027761,0,2,0,0,2,1,1,B02
200800027762,0,7,0,0,2,1,1,A01
200800027762,0,7,0,0,1,4,23,B02
200800027763,0,31,0,0,2,1,1,A01
200800027763,0,7,0,0,2,6,1,B02
200800027764,0,30,0,0,1,1,1,A01
200800027765,0,7,0,0,1,3,0,A01
200800027766,0,7,0,0,2,3,15,A01
200800027766,0,33,0,0,2,3,1,B02
200800027767,0,7,0,0,2,1,1,A01
200800027767,0,7,0,0,2,4,1,B02
200800027768,0,30,0,0,0,7,1,A01
200800027769,0,7,0,0,2,3,17,A01
200800027769,0,1,0,0,0,8,1,B02
200800027770,0,31,0,0,0,0,1,A01
200800027771,0,10,0,0,2,1,15,A01
200800027771,0,33,0,0,2,1,1,B02
200800027772,0,31,0,12,0,1,1,A01
200800027773,0,2,0,0,1,1,1,A01
200800027774,0,7,0,0,2,1,0,A01
200800027774,0,7,0,0,2,8,0,B02
200800027775,0,7,0,0,2,2,13,A01
200800027775,0,7,0,0,2,1,1,B02
200800027776,0,10,0,2,0,1,14,A01
200800027777,0,7,0,0,2,7,19,A01
200800027777,0,17,0,0,2,1,1,B02
200800027778,0,7,0,0,2,4,23,A01
200800027778,0,7,0,0,2,1,2,B02
200800027779,0,30,0,8,0,1,1,A01
200800027780,0,14,0,0,1,2,1,A01
200800027781,0,7,0,0,2,3,1,A01
200800027781,0,21,0,0,2,6,15,B02
200800027782,0,14,0,0,9,2,15,A01
200800027782,0,1,0,0,2,1,0,B02
200800027783,0,31,0,2,0,1,21,A01
200800027784,0,31,0,1,0,1,13,A01
200800027785,0,7,0,0,2,1,1,A01
200800027785,0,7,0,0,2,1,13,B02
200800027786,0,17,0,0,0,3,1,A01
200800027786,0,7,0,0,0,1,1,B02
200800027787,0,7,0,0,1,5,1,A01
200800027788,0,33,0,0,2,1,1,A01
200800027788,0,7,0,0,2,2,19,B02
200800027789,0,2,0,0,2,7,1,A01
200800027789,0,7,0,0,2,1,19,B02
200800027790,0,7,0,2,0,3,1,A01
200800027791,0,7,0,0,0,1,17,A01
200800027791,0,17,0,0,0,3,1,B02
200800027792,0,7,0,0,2,1,1,A01
200800027792,0,7,0,0,0,5,23,B02
200800027793,0,30,0,0,9,1,2,A01
200800027793,0,1,0,0,0,4,15,B02
200800027794,0,7,0,3,0,8,14,A01
200800027795,0,2,0,0,2,1,19,A01
200800027795,0,7,0,0,2,2,1,B02
200800027796,0,33,0,0,2,8,1,A01
200800027796,0,30,0,0,2,1,1,B02
200800027797,0,7,0,0,2,3,13,A01
200800027797,0,7,0,0,2,3,1,B02
200800027798,0,10,0,0,2,3,1,A01
200800027798,0,7,0,0,2,3,1,B02
200800027799,0,7,0,0,2,1,2,A01
200800027799,0,7,0,0,0,4,2,B02
200800027800,0,7,0,0,2,1,1,A01
200800027800,0,2,0,0,2,8,1,B02
200800027801,0,7,0,0,2,1,1,A01
200800027801,0,7,0,0,2,5,19,B02
200800027802,0,15,0,0,2,3,1,A01
200800027802,0,7,0,0,2,3,13,B02
200800027803,0,7,0,0,2,1,15,A01
200800027803,0,33,0,0,2,1,1,B02
200800027804,0,7,0,0,2,2,15,A01
200800027804,0,33,0,0,2,1,1,B02
200800027805,0,7,0,0,2,2,1,A01
200800027806,0,99,0,0,2,3,15,B02
200800027806,0,7,0,0,2,1,21,A01
200800027807,0,7,0,2,0,1,1,A01
200800027808,0,7,0,0,2,1,13,A01
200800027808,0,10,0,0,2,1,1,B02
200800027809,0,7,0,14,2,2,15,A01
200800027809,0,7,0,0,2,1,1,B02
200800027809,0,7,0,0,2,8,23,C03
200800027810,0,33,0,2,0,0,0,A01
200800027811,0,7,0,8,0,1,14,A01
200800027812,0,7,0,2,0,8,1,A01
200800027813,0,33,0,0,2,1,1,A01
200800027813,0,7,0,0,2,8,19,B02
200800027814,0,7,0,13,0,3,14,A01
200800027815,0,31,0,0,2,7,1,A01
200800027815,0,7,0,0,2,1,15,B02
200800027816,0,10,0,0,9,2,1,A01
200800027816,0,1,0,0,2,8,10,B02
200800027817,0,7,0,0,2,7,1,A01
200800027817,0,10,0,0,2,1,1,B02
200800027818,0,1,0,0,2,1,13,A01
200800027818,0,31,0,0,2,1,1,B02
200800027819,0,33,0,0,0,3,0,A01
200800027820,0,7,0,0,2,7,1,A01
200800027820,0,7,0,0,2,1,1,B02
200800027821,0,33,0,0,2,6,10,A01
200800027821,0,7,0,0,2,3,1,B02
200800027822,0,13,0,3,0,7,14,A01
200800027823,0,7,0,0,0,6,15,A01
200800027823,0,30,0,0,2,1,1,B02
200800027824,0,7,0,0,0,9,1,A01
200800027825,0,33,0,0,2,1,17,A01
200800027825,0,10,0,0,2,3,1,B02
200800027825,0,10,0,0,2,3,1,C03
200800027826,0,7,0,2,0,3,1,A01
200800027827,0,7,0,2,0,1,1,A01
200800027828,0,7,0,2,0,5,1,A01
200800027829,0,7,0,13,0,1,1,A01
200800027830,0,7,0,0,2,1,1,A01
200800027830,0,7,0,0,0,8,1,B02
200800027831,0,36,0,6,0,3,1,A01
200800027832,0,7,0,0,2,1,1,A01
200800027832,0,7,0,0,2,8,19,B02
200800027833,0,7,0,13,6,9,1,A01
200800027834,0,7,0,0,2,1,19,B02
200800027834,0,33,0,0,2,1,1,A01
200800027835,0,7,0,13,0,3,1,A01
200800027836,0,7,0,0,1,3,15,A01
200800027836,0,1,0,0,2,8,1,B02
200800027837,0,33,0,0,2,1,19,A01
200800027837,0,7,0,0,2,8,1,B02
200800027838,0,7,0,0,2,3,1,A01
200800027839,0,7,0,8,0,6,1,A01
200800027840,0,7,0,0,1,3,1,A01
200800027841,0,7,0,6,0,2,1,A01
200800027842,0,3,0,0,0,7,1,B02
200800027842,0,7,0,0,2,1,1,A01
200800027843,0,33,0,0,2,1,1,A01
200800027843,0,7,0,0,0,6,15,B02
200800027844,1,10,0,0,2,0,13,A01
200800027844,0,30,0,1,2,3,1,B02
200800027844,0,7,0,0,2,3,23,C03
200800027845,0,33,0,13,0,1,1,A01
200800027846,0,33,0,0,2,1,1,A01
200800027846,0,7,0,0,2,4,15,B02
200800027847,0,7,0,0,0,3,0,A01
200800027848,0,7,0,0,2,3,1,A01
200800027848,0,7,0,0,2,1,1,B02
200800027849,0,7,0,0,2,1,5,A01
200800027849,0,14,0,0,2,3,1,B02
200800027850,0,7,0,0,2,2,15,A01
200800027850,0,30,0,0,2,1,1,B02
200800027851,0,2,0,0,2,1,15,A01
200800027851,0,38,0,0,2,6,1,B02
200800027852,0,7,0,0,0,3,1,B02
200800027852,0,7,0,0,0,3,1,A01
200800027853,0,7,0,0,1,2,1,A01
200800027854,0,7,0,13,0,2,14,A01
200800027855,0,7,0,0,2,3,13,A01
200800027855,0,1,0,0,0,4,5,B02
200800027856,0,10,0,0,1,2,9,A01
200800027857,0,7,0,0,2,1,1,A01
200800027857,0,7,0,0,2,1,13,B02
200800027858,0,7,0,2,0,7,1,A01
200800027859,0,7,0,0,9,2,1,A01
200800027859,0,99,0,0,2,3,19,B02
200800027860,0,7,0,13,0,2,14,A01
200800027861,0,30,0,0,2,1,15,A01
200800027861,0,7,0,0,2,2,1,B02
200800027862,0,33,0,0,2,1,5,A01
200800027862,0,2,0,0,2,1,1,B02
200800027863,0,7,0,0,2,1,13,A01
200800027863,0,7,0,0,2,1,1,B02
200800027863,0,7,0,0,2,1,1,C03
200800027864,0,7,0,0,2,3,15,B02
200800027864,0,7,0,0,2,2,1,A01
200800027865,0,7,0,0,2,8,1,A01
200800027865,0,7,0,0,2,1,1,B02
200800027866,0,1,0,3,0,1,1,A01
200800027867,0,7,0,0,0,9,1,A01
200800027868,0,7,0,0,2,3,13,A01
200800027868,0,15,0,0,2,3,1,B02
200800027869,0,7,0,0,2,3,19,A01
200800027869,0,7,0,0,2,1,1,B02
200800027870,0,7,0,0,1,2,1,A01
200800027871,0,2,0,12,0,1,1,A01
200800027872,0,30,0,0,2,1,2,A01
200800027872,0,7,0,0,2,4,2,B02
200800027873,0,7,0,0,2,7,15,A01
200800027873,0,31,0,0,2,1,1,B02
200800027874,0,7,0,6,0,1,1,A01
200800027875,0,7,0,0,2,3,13,A01
200800027875,0,7,0,0,2,3,1,B02
200800027876,0,7,0,13,0,1,1,A01
200800027877,0,7,0,0,2,3,17,A01
200800027877,0,7,0,13,2,3,1,B02
200800027877,0,7,0,0,0,4,23,C03
200800027878,0,7,0,0,2,2,16,A01
200800027878,0,1,0,0,2,4,1,B02
200800027879,0,7,0,0,2,2,1,A01
200800027879,0,1,0,0,2,1,9,B02
200800027880,0,30,0,0,0,0,14,A01
200800027881,0,7,0,2,0,1,1,A01
200800027882,0,7,0,0,2,1,1,A01
200800027882,0,7,0,0,2,7,13,B02
200800027883,1,7,0,0,1,1,1,A01
200800027884,0,7,0,0,2,2,15,A01
200800027884,0,30,0,0,2,2,1,B02
200800027885,0,14,0,0,2,5,2,A01
200800027885,0,31,0,0,2,1,2,B02
200800027886,0,1,0,0,2,8,13,A01
200800027886,0,7,0,0,2,2,1,B02
200800027887,0,33,0,13,0,1,1,A01
200800027888,0,33,0,0,2,8,1,A01
200800027888,0,7,0,0,2,3,1,B02
200800027889,0,10,0,0,2,3,1,A01
200800027889,0,2,0,0,2,1,13,B02
200800027890,0,7,0,0,2,3,13,A01
200800027890,0,7,0,0,2,3,21,B02
200800027891,0,7,0,11,0,1,1,A01
200800027892,0,7,0,0,2,7,15,A01
200800027892,0,30,0,0,2,1,1,B02
200800027893,0,7,0,3,0,9,1,A01
200800027894,0,14,0,0,1,2,1,A01
200800027895,0,7,0,0,2,5,19,A01
200800027895,0,1,0,0,2,1,1,B02
200800027896,0,30,0,6,0,1,1,A01
200800027897,0,7,0,0,2,8,19,B02
200800027897,0,7,0,0,2,1,1,A01
200800027898,0,7,0,8,0,2,14,A01
200800027899,0,7,0,0,2,3,23,A01
200800027899,2,7,0,0,1,7,1,B02
200800027900,0,7,0,2,0,9,14,A01
200800027901,0,7,0,13,0,1,2,A01
200800027902,0,7,0,0,2,7,17,A01
200800027902,0,7,0,0,2,8,15,B02
200800027903,0,7,0,0,2,3,13,A01
200800027903,0,7,0,0,2,3,21,B02
200800027904,0,7,0,2,0,8,1,A01
200800027905,0,7,0,0,1,4,4,A01
200800027906,0,7,0,0,1,1,1,A01
200800027907,0,10,0,13,0,2,14,A01
200800027908,0,7,0,0,2,3,19,A01
200800027908,0,38,0,0,2,2,1,B02
200800027909,0,7,0,0,9,7,1,A01
200800027909,0,1,0,0,2,1,1,B02
200800027910,0,14,0,0,2,1,1,A01
200800027910,0,10,0,0,2,4,1,B02
200800027911,0,7,0,13,0,2,15,A01
200800027912,0,7,0,0,1,1,16,A01
200800027913,0,7,0,0,2,6,17,A01
200800027913,0,33,0,0,2,7,17,B02
200800027914,0,7,0,16,0,1,16,A01
200800027915,0,7,0,0,2,2,13,A01
200800027915,0,7,0,0,2,3,1,B02
200800027916,0,7,0,0,0,2,0,A01
200800027917,0,7,0,0,2,3,15,A01
200800027917,0,33,0,0,2,1,17,B02
200800027918,0,10,0,15,0,9,1,A01
200800027919,0,7,0,0,2,3,1,A01
200800027919,0,33,0,0,2,8,21,B02
200800027920,0,7,0,0,1,2,1,A01
200800027921,0,7,0,0,2,2,1,B02
200800027921,0,7,0,0,2,3,19,A01
200800027922,0,14,0,13,0,1,13,A01
200800027923,0,7,0,8,0,1,0,A01
200800027924,0,7,0,0,9,3,1,A01
200800027924,0,1,0,0,2,8,15,B02
200800027925,0,7,0,0,2,2,15,A01
200800027925,0,7,0,0,2,1,1,B02
200800027926,0,31,0,12,0,1,1,A01
200800027927,0,31,0,14,0,4,2,A01
200800027927,0,31,0,14,0,1,2,B02
200800027928,0,7,0,0,2,2,5,A01
200800027928,0,7,0,0,2,2,1,B02
200800027929,0,7,0,0,2,1,15,A01
200800027929,0,7,0,0,2,1,1,B02
200800027930,0,7,0,0,2,8,10,B02
200800027930,0,2,0,0,2,1,1,A01
200800027931,0,7,0,2,0,3,13,A01
200800027932,0,21,0,0,2,1,19,A01