Num_Acc,senc,catv,occutc,obs,obsm,choc,manv,num_veh
200800029081,0,7,0,0,0,1,0,A01
200800029081,0,7,0,0,0,3,15,B02
200800029082,0,7,0,4,2,9,21,A01
200800029082,0,7,0,16,2,9,1,B02
200800029083,0,7,0,0,0,1,1,A01
200800029083,0,7,0,0,0,1,1,B02
200800029084,0,33,0,0,2,1,2,A01
200800029085,0,7,0,0,2,2,1,A01
200800029085,0,7,0,0,2,3,15,B02
200800029086,0,1,0,0,0,7,2,A01
200800029086,0,1,0,0,2,0,2,B02
200800029086,0,1,0,0,2,0,2,C03
200800029087,0,7,0,6,0,3,21,A01
200800029088,0,7,0,13,0,1,13,A01
200800029089,0,7,0,0,2,3,13,A01
200800029089,0,33,0,0,2,3,1,B02
200800029090,0,7,0,12,0,9,1,A01
200800029091,0,7,0,0,2,2,1,A01
200800029091,0,30,0,0,2,8,1,B02
200800029092,0,33,0,0,2,2,2,A01
200800029092,0,7,0,0,0,3,1,B02
200800029093,0,30,0,0,2,1,1,A01
200800029093,0,30,0,0,2,8,1,B02
200800029094,0,10,0,0,2,1,1,A01
200800029094,0,7,0,0,2,2,15,B02
200800029095,0,2,0,0,0,1,19,B02
200800029095,0,7,0,0,0,2,1,A01
200800029096,0,7,0,2,0,1,1,A01
200800029097,0,7,0,2,2,1,2,A01
200800029097,0,7,0,0,0,4,15,B02
200800029098,0,7,0,0,2,1,1,A01
200800029098,0,7,0,0,0,8,1,B02
200800029099,0,7,0,0,0,7,15,A01
200800029099,0,31,0,0,0,1,1,B02
200800029100,0,2,0,0,0,0,0,A01
200800029100,0,1,0,0,2,7,1,B02
200800029101,0,10,0,0,0,6,10,A01
200800029101,0,31,0,0,2,1,17,B02
200800029102,0,7,0,0,0,4,23,A01
200800029102,0,2,0,1,0,1,1,B02
200800029103,0,7,0,0,2,1,0,A01
200800029103,0,7,0,0,2,1,0,B02
200800029104,0,33,0,0,6,3,1,A01
200800029105,0,7,0,0,0,1,13,A01
200800029105,0,7,0,0,2,1,1,B02
200800029106,0,7,0,0,2,1,1,A01
200800029106,0,30,0,0,0,7,9,B02
200800029107,0,33,0,0,2,1,1,A01
200800029107,0,7,0,0,2,2,15,B02
200800029108,0,7,0,0,2,5,17,A01
200800029108,0,15,0,0,2,3,1,B02
200800029109,0,7,0,0,2,3,19,B02
200800029109,0,33,0,0,2,1,1,A01
200800029110,0,7,0,0,2,1,15,A01
200800029110,0,7,0,0,2,1,0,B02
200800029111,0,33,0,12,0,9,1,A01
200800029112,0,2,0,0,2,7,19,A01
200800029112,0,7,0,0,2,3,1,B02
200800029113,0,7,0,0,2,3,13,A01
200800029113,0,7,0,0,2,3,1,B02
200800029114,0,7,0,0,0,8,1,B02
200800029114,0,7,0,0,0,1,19,A01
200800029115,0,7,0,0,0,2,0,A01
200800029116,0,2,0,0,9,1,1,A01
200800029117,0,33,0,0,0,0,14,A01
200800029118,0,7,0,0,2,2,17,A01
200800029118,0,34,0,0,2,1,1,B02
200800029119,0,7,0,0,2,6,17,A01
200800029119,0,33,0,0,2,7,17,B02
200800029120,0,2,0,0,2,8,1,A01
200800029120,0,10,0,0,2,1,19,B02
200800029121,0,7,0,0,2,1,6,A01
200800029121,0,7,0,0,2,1,1,B02
200800029122,0,33,0,0,0,0,1,A01
200800029122,0,7,0,0,1,3,0,B02
200800029123,0,7,0,6,0,1,1,A01
200800029124,0,7,0,0,2,4,13,A01
200800029124,0,7,0,0,0,1,2,B02
200800029125,0,7,0,0,2,3,13,A01
200800029125,0,7,0,0,2,3,1,B02
200800029126,0,33,0,0,0,2,1,A01
200800029127,0,7,0,0,2,1,15,A01
200800029127,0,1,0,0,2,1,1,B02
200800029128,0,7,0,1,0,2,1,A01
200800029129,0,7,0,16,0,1,0,A01
200800029130,0,33,0,13,0,1,1,A01
200800029131,0,7,0,0,2,2,20,A01
200800029131,0,2,0,0,2,1,1,B02
200800029132,0,33,0,0,2,1,17,A01
200800029132,0,7,0,0,2,8,15,B02
200800029133,0,33,0,0,0,0,15,A01
200800029133,0,21,0,0,0,0,15,B02
200800029134,0,21,0,0,2,2,1,A01
200800029134,0,7,0,0,2,1,1,B02
200800029135,0,7,0,2,0,0,1,A01
200800029136,0,7,0,0,2,3,5,A01
200800029136,0,17,0,0,2,3,1,B02
200800029137,0,7,0,0,2,1,1,A01
200800029137,0,2,0,0,2,1,3,B02
200800029138,0,7,0,0,2,3,1,A01
200800029138,0,7,0,0,2,3,1,B02
200800029139,0,10,0,0,2,3,13,A01
200800029139,0,33,0,0,2,3,5,B02
200800029140,0,7,0,8,0,2,14,A01
200800029141,0,31,0,0,6,1,0,A01
200800029142,0,7,0,0,2,1,13,A01
200800029142,0,7,0,0,2,1,1,B02
200800029143,0,32,0,0,2,1,1,A01
200800029143,0,7,0,0,2,5,1,B02
200800029144,0,33,0,0,2,1,1,B02
200800029144,0,7,0,0,2,5,19,A01
200800029145,0,7,0,0,2,5,13,A01
200800029145,0,7,0,0,2,1,5,B02
200800029146,0,7,0,0,2,8,19,A01
200800029146,0,7,0,8,2,1,1,B02
200800029147,0,3,0,0,1,3,1,A01
200800029148,0,7,0,0,2,3,1,A01
200800029148,0,38,0,0,2,7,1,B02
200800029149,0,7,0,0,1,2,1,A01
200800029150,0,10,0,0,0,2,16,A01
200800029151,0,7,0,0,2,0,1,B02
200800029151,0,7,0,0,2,1,1,A01
200800029152,0,31,0,0,2,3,13,A01
200800029152,0,7,0,0,2,3,1,B02
200800029153,0,30,0,0,2,8,13,A01
200800029153,0,7,0,0,2,8,1,B02
200800029154,0,7,0,13,0,3,1,A01
200800029155,0,7,0,13,0,1,1,A01
200800029156,0,7,0,6,0,3,1,A01
200800029157,0,10,0,0,2,7,1,A01
200800029157,0,10,0,0,2,1,1,B02
200800029158,0,33,0,7,0,1,1,A01
200800029159,0,7,0,6,0,2,14,A01
200800029160,0,33,0,0,0,1,1,A01
200800029161,0,33,0,0,0,1,1,A01
200800029161,0,7,0,0,0,0,15,B02
200800029162,0,30,0,0,2,1,1,A01
200800029162,0,7,0,0,2,8,10,B02
200800029163,0,2,0,0,0,0,13,A01
200800029164,0,17,0,0,0,7,14,A01
200800029165,0,38,0,0,2,3,1,A01
200800029165,0,1,0,0,2,1,13,B02
200800029166,0,7,0,0,2,1,13,A01
200800029166,0,7,0,0,2,1,1,B02
200800029167,0,99,0,0,0,0,0,A01
200800029167,0,10,0,0,2,3,1,B02
200800029168,0,7,0,8,0,1,1,A01
200800029169,0,33,0,0,2,1,1,A01
200800029169,0,7,0,0,0,6,15,B02
200800029170,0,99,0,0,2,2,17,A01
200800029170,0,30,0,0,2,3,1,B02
200800029171,0,7,0,0,2,2,15,A01
200800029171,0,31,0,0,2,1,1,B02
200800029172,0,7,0,0,1,2,1,A01
200800029173,0,10,0,0,2,8,19,A01
200800029173,0,33,0,0,2,1,1,B02
200800029174,0,2,0,0,2,1,13,A01
200800029174,0,7,0,0,2,3,1,B02
200800029175,0,7,0,13,0,1,0,A01
200800029176,0,7,0,13,0,1,1,A01
200800029177,0,7,0,0,2,8,19,A01
200800029177,0,33,0,0,2,1,1,B02
200800029178,0,10,0,0,9,2,1,A01
200800029178,0,1,0,0,2,1,19,B02
200800029179,0,33,0,0,0,9,1,A01
200800029180,0,7,0,8,0,7,0,A01
200800029181,0,7,0,0,0,2,15,A01
200800029181,0,10,0,0,0,1,1,B02
200800029182,0,7,0,0,2,8,17,A01
200800029182,0,14,0,0,2,3,1,B02
200800029182,0,10,0,0,2,3,1,C03
200800029183,0,14,0,0,0,4,0,A01
200800029183,0,7,0,0,0,3,1,B02
200800029184,0,33,0,16,0,1,1,A01
200800029185,0,7,0,6,0,2,1,A01
200800029186,0,10,0,0,0,5,1,A01
200800029186,0,10,0,0,0,1,1,B02
200800029187,0,2,0,0,2,1,13,A01
200800029187,0,7,0,0,2,1,1,B02
200800029188,0,7,0,0,9,3,1,A01
200800029188,0,34,0,0,0,8,1,B02
200800029189,0,1,0,0,2,4,1,A01
200800029189,0,1,0,0,9,4,2,B02
200800029190,0,33,0,0,2,6,1,A01
200800029191,0,7,0,0,2,3,0,A01
200800029191,0,33,0,0,0,1,1,B02
200800029192,0,7,0,0,2,3,16,A01
200800029192,0,99,0,0,2,2,9,B02
200800029193,0,31,0,0,2,3,0,A01
200800029193,0,1,0,0,0,7,0,B02
200800029194,0,7,0,0,2,3,1,A01
200800029194,0,1,0,0,2,7,16,B02
200800029195,0,33,0,0,0,8,1,A01
200800029196,0,2,0,0,2,3,1,A01
200800029196,0,14,0,0,2,8,1,B02
200800029197,0,7,0,0,2,1,13,A01
200800029197,0,14,0,0,2,1,1,B02
200800029198,0,7,0,2,0,3,13,A01
200800029199,0,30,0,0,0,2,0,A01
200800029200,0,7,0,0,2,2,13,A01
200800029200,0,7,0,0,2,2,1,B02
200800029201,0,7,0,0,9,3,1,A01
200800029202,0,7,0,0,2,8,2,A01
200800029202,0,7,0,0,2,7,2,B02
200800029203,0,7,0,4,0,3,16,A01
200800029204,0,7,0,0,0,7,15,A01
200800029204,0,2,0,0,2,1,1,B02
200800029205,0,7,0,0,2,7,17,A01
200800029206,0,7,0,13,0,2,1,A01
200800029207,0,7,0,3,0,2,1,A01
200800029208,0,7,0,0,2,1,2,A01
200800029208,0,7,0,0,2,4,24,B02
200800029208,0,7,0,0,0,4,0,C03
200800029209,0,13,0,4,0,1,16,A01
200800029210,0,17,0,0,2,1,1,A01
200800029210,0,7,0,0,2,4,1,B02
200800029211,0,7,0,4,0,1,1,A01
200800029212,0,7,0,0,2,2,14,A01
200800029212,0,17,0,0,2,6,1,B02
200800029213,0,7,0,4,0,3,0,A01
200800029214,0,14,0,0,2,1,2,A01
200800029214,0,14,0,0,2,4,2,B02
200800029215,0,7,0,0,2,1,2,A01
200800029215,0,7,0,0,2,4,2,B02
200800029216,0,7,0,0,2,3,18,A01
200800029216,0,17,0,0,0,0,1,B02
200800029217,0,7,0,4,0,8,1,A01
200800029218,0,7,0,4,0,1,2,A01
200800029218,0,7,0,4,0,1,2,B02
200800029219,0,10,0,4,2,1,2,A01
200800029219,0,7,0,4,2,6,2,B02
200800029219,0,17,0,0,0,0,2,C03
200800029220,0,7,0,5,0,2,12,A01
200800029221,0,7,0,0,0,8,14,A01
200800029221,0,17,0,0,2,2,1,B02
200800029222,0,7,0,4,2,8,1,A01
200800029222,0,7,0,3,2,7,12,B02
200800029223,0,7,0,3,0,8,2,A01
200800029224,0,7,0,0,0,9,1,A01
200800029225,0,7,0,4,0,3,17,A01
200800029226,0,33,0,0,2,1,3,A01
200800029226,0,10,0,0,2,7,23,B02
200800029226,0,10,0,0,2,6,23,C03
200800029226,0,7,0,0,2,5,23,D04
200800029227,0,17,0,4,2,8,9,A01
200800029227,0,7,0,0,0,5,1,B02
200800029228,0,33,0,3,0,9,1,A01
200800029229,0,7,0,2,0,1,1,A01
200800029230,0,33,0,16,0,9,1,A01
200800029231,0,7,0,3,0,1,0,A01
200800029232,0,7,0,7,0,1,1,A01
200800029233,0,7,0,0,0,0,0,A01
200800029233,0,14,0,0,2,8,1,B02
200800029234,0,7,0,2,0,1,0,A01
200800029235,0,7,0,4,0,3,1,A01
200800029236,0,7,0,0,2,3,19,A01
200800029236,0,7,0,0,2,3,1,B02
200800029237,0,7,0,0,2,3,16,A01
200800029237,0,30,0,0,2,8,13,B02
200800029238,0,7,0,6,0,2,1,A01
200800029239,0,7,0,0,2,2,1,A01
200800029239,0,1,0,0,2,8,15,B02
200800029240,0,7,0,0,2,8,1,B02
200800029240,0,33,0,0,2,7,14,A01
200800029241,0,7,0,0,0,9,17,A01
200800029242,0,7,0,3,0,1,0,A01
200800029242,0,7,0,0,0,1,1,B02
200800029243,0,7,0,0,0,2,0,A01
200800029244,0,37,0,10,9,1,1,A01
200800029245,0,7,0,3,0,1,14,A01
200800029246,0,10,0,0,2,2,2,A01
200800029246,0,33,0,0,2,4,1,B02
200800029247,0,7,0,3,0,3,13,A01
200800029248,0,7,0,0,0,4,23,A01
200800029248,0,17,0,0,0,1,2,B02
200800029249,0,7,0,0,2,1,1,A01
200800029249,0,15,0,3,2,5,0,B02
200800029250,0,7,0,0,1,7,1,A01
200800029251,0,10,0,13,0,2,1,A01
200800029252,0,7,0,4,0,9,17,A01
200800029253,0,7,0,0,2,1,2,A01
200800029253,0,7,0,0,0,4,2,B02
200800029254,0,7,0,3,2,9,1,A01
200800029254,0,14,0,14,2,2,17,B02
200800029254,0,7,0,0,2,6,1,C03
200800029255,0,7,0,0,2,2,19,A01
200800029255,0,7,0,0,2,1,21,B02
200800029256,0,2,0,0,2,1,1,A01
200800029256,0,7,0,13,2,2,1,B02
200800029257,0,7,0,0,2,7,17,A01
200800029257,0,17,0,0,2,6,1,B02
200800029258,0,7,0,1,1,1,1,A01
200800029258,0,7,0,0,2,8,23,B02
200800029259,0,7,0,13,0,9,1,A01
200800029260,0,7,0,0,2,1,1,A01
200800029260,0,7,0,0,2,1,1,B02
200800029261,0,7,0,4,2,1,11,A01
200800029261,0,7,0,0,2,7,1,B02
200800029262,0,7,0,2,0,2,1,A01
200800029263,0,7,0,8,0,1,1,A01
200800029264,0,14,0,13,0,1,1,A01
200800029265,0,15,0,3,0,3,1,A01
200800029266,0,7,0,0,0,4,9,A01
200800029266,0,17,0,0,2,2,2,B02
200800029267,0,32,0,0,0,0,1,A01
200800029268,0,7,0,13,0,1,1,A01
200800029269,0,7,0,13,0,1,0,A01
200800029270,0,33,0,0,0,0,16,A01
200800029271,0,7,0,11,2,2,1,A01
200800029271,0,7,0,0,2,7,1,B02
200800029272,0,7,0,0,2,1,2,A01
200800029272,0,7,0,0,0,4,1,B02
200800029272,0,7,0,14,0,1,2,C03
200800029272,0,7,0,14,0,4,2,D04
200800029272,0,7,0,0,2,1,2,E05
200800029273,0,7,0,0,0,7,17,A01
200800029274,0,7,0,0,2,5,2,A01
200800029275,0,7,0,0,2,2,2,A01
200800029275,0,7,0,3,0,6,2,B02
200800029276,0,7,0,0,2,1,17,A01
200800029276,0,17,0,0,2,8,1,B02
200800029277,0,7,0,13,0,1,1,A01
200800029278,0,15,0,3,2,3,1,A01
200800029279,0,7,0,0,2,2,11,A01
200800029279,0,7,0,0,0,8,1,B02
200800029280,0,7,0,4,0,3,0,A01
200800029281,0,13,0,4,0,3,1,A01
200800029282,0,10,0,13,0,9,17,A01
200800029283,0,7,0,0,2,3,15,A01
200800029283,0,31,0,0,2,1,1,B02
200800029284,0,7,0,0,2,7,11,A01
200800029284,0,7,0,0,2,1,1,B02
200800029285,0,7,0,0,0,4,11,A01
200800029285,0,33,0,0,2,1,1,B02
200800029286,0,7,0,13,0,3,1,A01
200800029287,0,7,0,0,2,3,2,A01
200800029287,0,33,0,0,0,5,2,B02
200800029288,0,33,0,3,0,6,13,A01
200800029289,0,30,0,0,0,4,1,A01
200800029289,0,7,0,0,2,1,1,B02
200800029290,0,7,0,0,0,1,1,A01
200800029291,0,33,0,0,0,0,1,A01
200800029292,0,10,0,0,2,1,2,A01
200800029292,0,7,0,0,2,4,2,B02
200800029292,0,7,0,0,0,4,2,C03
200800029293,0,7,0,13,0,1,12,A01
200800029294,0,15,0,0,9,8,9,B02
200800029294,0,1,0,0,2,2,21,A01
200800029295,0,7,0,0,2,1,13,A01
200800029295,0,7,0,0,2,1,1,B02
200800029296,0,7,0,0,2,1,0,A01
200800029296,0,7,0,0,2,3,19,B02
200800029297,0,30,0,0,0,0,1,A01
200800029298,0,7,0,1,0,1,1,A01
200800029298,0,7,0,0,0,4,23,B02
200800029299,0,14,0,1,1,2,21,A01
200800029300,0,7,0,0,0,0,18,A01
200800029300,0,7,0,0,2,5,23,B02
200800029301,0,7,0,3,0,1,1,A01
200800029302,0,7,0,0,2,1,1,A01
200800029302,0,17,0,0,0,6,2,B02
200800029303,0,10,0,0,2,2,11,A01
200800029303,0,14,0,0,0,6,1,B02
200800029304,0,7,0,0,2,2,2,A01
200800029304,0,17,0,0,0,6,2,B02
200800029305,0,1,0,0,2,8,19,A01
200800029305,0,7,0,0,9,2,1,B02
200800029306,0,37,0,0,2,2,15,A01
200800029306,0,7,0,0,2,1,1,B02
200800029307,0,7,0,0,0,1,1,A01
200800029307,0,7,0,0,0,2,21,B02
200800029308,0,7,0,3,0,2,1,A01
200800029309,0,33,0,0,2,1,17,A01
200800029309,0,1,0,0,2,1,1,B02
200800029310,0,7,0,0,0,9,15,A01
200800029311,0,7,0,0,2,2,15,A01
200800029311,0,33,0,0,2,1,1,B02
200800029312,0,7,0,13,0,9,1,A01
200800029313,0,37,0,0,1,7,1,A01
200800029314,0,7,0,0,2,1,1,A01
200800029314,0,37,0,0,0,1,1,B02
200800029315,0,33,0,0,2,3,1,A01
200800029315,0,7,0,0,2,8,19,B02
200800029316,0,7,0,0,2,5,19,A01
200800029316,0,33,0,0,2,1,1,B02
200800029317,0,7,0,2,0,1,1,A01
200800029318,0,7,0,0,2,2,15,A01
200800029318,0,31,0,0,2,1,1,B02
200800029319,0,33,0,0,2,1,1,B02
200800029319,0,7,0,0,2,8,19,A01
200800029320,0,7,0,0,0,4,18,A01
200800029320,0,15,0,0,0,1,0,B02
200800029321,0,7,0,4,2,3,11,A01
200800029321,0,7,0,0,2,5,1,B02
200800029322,0,7,0,3,2,6,2,A01
200800029322,0,10,0,3,2,2,2,B02
200800029323,0,33,0,0,0,7,1,A01
200800029324,0,7,0,0,2,4,4,A01
200800029324,0,1,0,0,2,1,15,B02
200800029325,0,7,0,0,2,2,13,A01
200800029325,0,7,0,0,2,1,1,B02
200800029326,0,7,0,0,1,7,1,A01
200800029327,0,30,0,11,0,1,1,A01
200800029328,0,33,0,0,2,7,13,A01
200800029328,0,7,0,0,2,1,1,B02
200800029329,0,15,0,0,2,3,1,A01
200800029329,0,10,0,0,2,7,17,B02
200800029330,0,30,0,0,9,7,17,A01
200800029330,0,1,0,0,9,8,1,B02
200800029331,0,7,0,0,2,1,15,A01
200800029331,0,7,0,0,2,3,1,B02
200800029332,0,7,0,0,2,1,15,A01
200800029332,0,33,0,0,2,1,1,B02
200800029333,0,33,0,16,0,3,1,A01
200800029334,0,7,0,13,0,1,17,A01
200800029335,0,7,0,3,2,1,14,A01
200800029335,0,7,0,0,0,4,2,B02
200800029336,0,7,0,0,1,2,1,A01
200800029337,0,7,0,0,2,1,10,A01
200800029337,0,14,0,0,2,1,1,B02
200800029338,0,31,0,0,0,1,1,A01
200800029339,0,7,0,0,2,1,13,A01
200800029339,0,7,0,0,2,1,1,B02
200800029340,0,7,0,0,2,1,2,A01
200800029340,0,7,0,0,0,7,1,B02
200800029341,0,30,0,2,1,3,17,A01
200800029342,0,33,0,12,0,2,14,A01
200800029343,0,7,0,3,0,2,2,A01
200800029344,0,7,0,13,0,1,0,A01
200800029345,0,21,0,12,0,3,1,A01
200800029346,0,32,0,0,1,1,19,A01
200800029347,0,7,0,0,1,3,4,A01
200800029348,0,7,0,0,2,1,2,A01
200800029348,0,17,0,0,0,4,2,B02
200800029349,0,7,0,16,0,2,2,A01
200800029350,0,7,0,0,0,0,1,A01
200800029351,0,7,0,3,0,3,13,A01
200800029352,0,13,0,0,1,5,4,A01
200800029353,0,7,0,0,2,1,1,A01
200800029353,0,10,0,0,2,3,15,B02
200800029354,0,7,0,0,2,7,17,A01
200800029354,0,10,0,0,2,8,1,B02
200800029355,0,10,0,0,0,0,1,A01
200800029356,0,10,0,0,2,3,1,A01
200800029356,0,7,0,0,2,4,1,B02
200800029357,0,7,0,8,0,2,1,A01
200800029358,0,7,0,0,2,1,2,A01
200800029358,0,7,0,0,0,4,0,B02
200800029359,0,7,0,3,0,8,1,A01
200800029360,0,7,0,4,0,2,1,A01
200800029361,0,7,0,3,0,1,1,A01
200800029361,0,7,0,3,0,2,1,B02
200800029362,0,7,0,0,2,1,1,A01
200800029362,0,14,0,0,0,4,2,B02
200800029363,0,7,0,3,0,2,1,A01
200800029364,0,7,0,4,0,1,9,A01
200800029365,0,7,0,8,0,7,1,A01
200800029366,0,7,0,0,2,7,17,A01
200800029366,0,30,0,0,2,8,15,B02
200800029367,0,7,0,13,0,2,14,A01
200800029368,0,7,0,2,0,1,15,A01
200800029369,0,7,0,0,2,5,20,A01
200800029369,0,2,0,0,2,2,1,B02
200800029370,0,7,0,6,0,2,1,A01
200800029371,0,7,0,13,0,1,1,A01
200800029372,0,7,0,0,1,1,1,A01
200800029373,0,32,0,0,2,8,1,A01
200800029373,0,14,0,0,2,5,1,B02
200800029374,0,30,0,6,0,1,15,A01
200800029375,0,30,0,1,0,1,1,A01
200800029376,0,33,0,0,1,2,1,A01
200800029377,0,30,0,0,2,8,24,A01
200800029377,0,15,0,0,2,5,1,B02
200800029378,0,33,0,0,2,7,17,A01
200800029378,0,21,0,0,2,8,15,B02
200800029379,0,7,0,0,2,8,13,A01
200800029379,0,16,0,0,2,6,21,B02
200800029380,0,30,0,0,2,0,2,A01
200800029380,0,10,0,0,0,0,2,B02
200800029380,0,99,0,0,0,0,2,C03
200800029381,0,7,0,12,0,2,1,A01
200800029382,0,7,0,2,0,1,1,A01
200800029383,0,33,0,3,0,2,14,A01
200800029384,0,30,0,0,2,1,14,A01
200800029384,0,7,0,0,2,5,11,B02
200800029385,0,7,0,0,2,8,19,A01
200800029385,0,7,0,0,2,2,1,B02
200800029386,0,7,0,0,1,2,1,A01
200800029387,0,7,0,0,0,2,16,A01
200800029387,0,1,0,0,0,6,16,B02
200800029388,0,7,0,0,1,3,1,A01
200800029389,0,15,0,8,0,3,1,A01
200800029390,0,15,0,0,0,6,0,A01
200800029390,0,10,0,1,0,2,0,B02
200800029391,0,14,0,0,5,1,1,A01
200800029392,0,7,0,0,2,3,15,A01
200800029392,0,7,0,0,2,2,17,B02
200800029393,0,30,0,0,2,1,1,A01
200800029393,0,7,0,0,2,3,1,B02
200800029394,0,2,0,0,2,1,2,A01
200800029394,0,7,0,0,0,6,2,B02
200800029395,0,7,0,0,2,1,3,A01
200800029395,0,7,0,3,0,5,12,B02
200800029395,0,10,0,0,0,6,1,C03
200800029395,0,7,0,0,0,7,1,D04
200800029396,0,7,0,13,0,1,1,A01
200800029397,0,7,0,0,2,1,1,A01
200800029397,0,15,0,0,2,3,19,B02
200800029398,0,7,0,13,0,2,14,A01
200800029399,0,17,0,4,0,2,1,A01
200800029400,0,10,0,0,2,6,15,A01
200800029400,0,10,0,0,2,2,17,B02
200800029401,0,7,0,13,0,2,1,A01
200800029402,0,17,0,0,2,4,2,A01
200800029402,0,7,0,0,2,1,2,B02
200800029403,0,17,0,4,0,3,17,A01
200800029403,0,7,0,0,9,1,1,C03
200800029404,0,7,0,0,2,2,11,A01
200800029404,0,7,0,0,2,6,1,B02
200800029405,0,33,0,3,2,6,11,A01
200800029405,0,33,0,0,2,5,17,B02
200800029406,0,17,0,10,0,2,2,A01
200800029407,0,10,0,0,5,1,0,A01
200800029408,0,99,0,3,0,3,17,A01
200800029409,0,7,0,6,0,1,17,A01
200800029410,0,33,0,16,0,1,1,A01
200800029411,0,33,0,0,0,7,1,A01
200800029412,0,7,0,0,1,3,15,A01
200800029413,0,20,0,0,1,2,0,A01
200800029414,0,7,0,0,2,7,13,A01
200800029414,0,7,0,0,2,1,1,B02
200800029415,1,7,0,0,1,2,1,A01
200800029416,0,30,0,12,0,1,13,A01
200800029417,1,7,0,0,0,0,1,A01
200800029418,0,7,0,0,2,7,15,A01
200800029418,0,2,0,0,2,1,1,B01
200800029419,0,7,0,0,2,3,13,A01
200800029419,0,7,0,0,2,3,1,B01
200800029420,0,7,0,0,2,6,15,A01
200800029420,0,10,0,6,2,1,1,B01
200800029421,0,7,0,0,2,1,9,B01
200800029421,0,2,0,0,2,1,9,A01
200800029422,0,7,0,0,2,3,13,A01
200800029422,0,2,0,0,2,3,1,B01
200800029423,0,7,0,4,2,1,6,A01
200800029423,0,7,0,0,2,1,1,B01
200800029424,0,7,0,1,2,1,1,A01
200800029424,0,7,0,0,2,8,10,B01
200800029425,0,7,0,0,2,7,12,A01
200800029425,0,33,0,0,2,8,1,B01
200800029425,0,14,0,0,1,6,1,C01
200800029426,0,7,0,0,0,0,0,A01
200800029426,0,7,0,0,2,4,2,B02
200800029427,0,7,0,0,2,1,17,A01
200800029427,0,10,0,0,2,1,1,B02
200800029427,0,17,0,0,2,3,2,C03
200800029428,0,31,0,0,0,7,1,A01
200800029429,0,7,0,13,0,2,1,A01
200800029430,0,7,0,2,0,1,1,A01
200800029431,0,7,0,0,2,1,17,A01
200800029431,0,31,0,0,2,1,1,B02
200800029432,0,7,0,0,6,1,1,A01
200800029433,0,7,0,0,2,3,1,A01
200800029433,0,16,0,0,2,3,1,B02
200800029433,0,7,0,0,2,1,1,D04
200800029434,0,7,0,13,0,9,21,A01
200800029435,0,10,0,1,0,2,1,A01
200800029436,0,30,0,0,0,1,1,A01
200800029436,0,30,0,0,0,1,13,B02
200800029437,0,10,0,0,2,3,15,A01
200800029437,0,7,0,0,2,2,1,B02
200800029438,0,30,0,0,2,1,17,A01
200800029438,0,7,0,0,0,3,15,B02
200800029439,0,36,0,0,0,0,1,A01
200800029440,0,99,0,0,2,6,11,B02
200800029440,0,33,0,0,2,1,1,A01
200800029441,0,7,0,0,2,8,15,A01
200800029441,0,33,0,0,2,2,1,B02
200800029442,0,7,0,0,2,8,15,A01
200800029442,0,33,0,0,2,2,17,B02
200800029443,0,15,0,0,2,4,1,A01
200800029443,0,15,0,0,2,1,1,B02
200800029444,0,7,0,0,2,2,15,A01
200800029444,0,7,0,0,2,1,1,B02
200800029445,0,7,0,0,2,3,15,A01
200800029445,0,2,0,0,2,1,17,B02
200800029446,0,7,0,0,2,3,1,A01
200800029446,0,7,0,0,2,3,1,B02
200800029447,0,7,0,0,0,0,0,A01
200800029447,0,7,0,0,2,1,1,B02
200800029448,0,30,0,8,2,1,17,A01
200800029448,0,7,0,0,0,3,15,B02
200800029449,0,7,0,0,0,1,13,A01
200800029449,0,10,0,0,0,1,1,B02
200800029450,0,7,0,0,2,1,1,A01
200800029450,0,14,0,0,2,3,1,B02
200800029451,0,33,0,0,6,3,14,A01
200800029452,0,33,0,15,0,0,14,A01
200800029453,0,7,0,13,0,1,13,A01
200800029454,0,2,0,0,2,1,2,A01
200800029454,0,1,0,0,0,4,2,B02
200800029455,0,7,0,0,0,6,15,A01
200800029455,0,33,0,0,0,1,15,B02
200800029456,0,33,0,0,0,0,0,A01
200800029457,0,7,0,0,2,1,19,A01
200800029457,0,33,0,0,2,1,1,B02
200800029458,0,7,0,0,2,3,1,B02
200800029458,0,1,0,0,2,3,1,A01
200800029459,0,17,0,0,2,8,5,A01
200800029459,0,30,0,0,2,6,0,B02
200800029460,0,7,0,0,9,2,1,A01
200800029460,0,1,0,0,2,1,15,B02
200800029461,0,7,0,0,2,5,1,A01
200800029461,0,7,0,0,2,3,1,B02
200800029462,0,7,0,0,0,0,0,A01
200800029462,0,7,0,0,0,3,17,B02
200800029463,0,31,0,0,2,1,1,A01
200800029463,0,10,0,0,9,3,1,B02
200800029464,0,7,0,6,0,0,1,A01
200800029465,0,2,0,1,1,1,1,A01
200800029465,0,10,0,0,0,0,23,B02
200800029466,0,15,0,0,1,2,15,A01
200800029467,0,7,0,13,0,3,1,A01
200800029468,0,7,0,1,0,7,1,A01
200800029469,0,7,0,0,2,2,1,A01
200800029469,0,7,0,0,2,8,15,B02
200800029470,0,7,0,0,2,3,19,A01
200800029470,0,7,0,0,2,8,1,B02
200800029471,0,10,0,0,2,5,15,A01
200800029471,0,33,0,0,2,1,1,B02
200800029471,0,10,0,0,2,1,1,C03