Num_Acc,senc,catv,occutc,obs,obsm,choc,manv,num_veh
200800029472,0,7,0,0,0,1,13,A01
200800029472,0,7,0,0,0,1,1,B02
200800029473,0,33,0,0,2,7,17,A01
200800029473,0,7,0,0,0,6,17,B02
200800029474,0,7,0,0,2,3,13,A01
200800029474,0,14,0,0,2,3,1,B02
200800029475,0,7,0,0,1,2,20,A01
200800029476,0,7,0,0,2,1,5,A01
200800029476,0,30,0,0,2,1,1,B02
200800029477,0,7,0,0,2,2,1,B02
200800029477,0,7,0,0,2,1,19,A01
200800029478,0,10,0,13,0,2,21,A01
200800029479,0,7,0,13,0,4,1,A01
200800029480,0,7,0,0,2,1,13,A01
200800029480,0,10,0,0,2,1,1,B02
200800029481,0,7,0,0,0,4,15,A01
200800029481,0,34,0,0,2,1,1,B02
200800029482,0,7,0,0,2,3,10,A01
200800029482,0,33,0,0,2,1,17,B02
200800029483,0,2,0,0,2,1,5,A01
200800029483,0,7,0,0,2,1,0,B02
200800029484,0,10,0,6,0,1,13,A01
200800029485,0,31,0,0,2,2,17,A01
200800029485,0,7,0,0,2,3,2,B02
200800029486,0,7,0,0,0,1,1,A01
200800029487,0,1,0,0,2,4,1,A01
200800029487,2,15,0,0,0,1,15,B02
200800029488,0,7,0,0,1,3,1,A01
200800029489,0,10,0,0,0,6,23,A01
200800029489,0,10,0,0,0,6,23,B02
200800029490,0,7,0,0,2,1,13,A01
200800029490,0,38,0,0,2,3,1,B02
200800029490,0,7,0,0,2,1,1,C03
200800029491,0,10,0,0,2,1,1,A01
200800029491,0,38,0,0,2,8,15,B02
200800029492,0,7,0,0,1,1,1,A01
200800029493,0,14,0,0,0,1,1,A01
200800029494,0,7,0,0,2,1,13,A01
200800029494,0,7,0,0,2,1,13,B02
200800029495,0,2,0,0,2,1,1,A01
200800029495,0,7,0,0,2,2,19,B02
200800029496,0,7,0,0,2,2,17,A01
200800029496,0,7,0,0,2,3,1,B02
200800029497,0,2,0,0,2,1,1,A01
200800029497,0,10,0,0,2,1,1,B02
200800029498,0,7,0,0,1,1,1,A01
200800029499,0,17,0,0,0,0,16,A01
200800029500,0,21,0,0,2,0,1,A01
200800029500,0,7,0,0,9,3,1,C03
200800029501,0,7,0,2,0,1,17,A01
200800029502,0,1,0,0,2,2,0,A01
200800029502,0,7,0,0,9,3,1,B02
200800029503,0,10,0,13,0,9,1,A01
200800029504,0,7,0,0,2,5,15,A01
200800029504,0,10,0,0,2,1,1,B02
200800029505,0,7,0,0,2,4,4,A01
200800029505,0,2,0,0,2,1,1,B02
200800029506,0,7,0,0,2,1,19,A01
200800029506,0,1,0,0,2,1,1,B02
200800029507,0,7,0,0,2,1,1,B02
200800029507,0,7,0,0,0,6,1,A01
200800029508,0,33,0,0,2,1,17,A01
200800029508,0,10,0,0,2,8,15,B02
200800029509,0,30,0,0,2,8,1,B02
200800029509,0,36,0,0,2,1,19,A01
200800029510,0,7,0,0,2,2,1,A01
200800029510,0,38,0,0,2,3,23,B02
200800029510,0,7,0,0,2,1,1,C03
200800029511,0,7,0,0,2,3,16,A01
200800029511,0,7,0,0,2,1,1,B02
200800029512,0,7,0,0,2,3,2,A01
200800029512,0,30,0,0,2,1,2,B02
200800029513,0,7,0,4,0,9,1,A01
200800029514,0,7,0,13,0,2,14,A01
200800029515,0,7,0,2,0,9,1,A01
200800029516,0,7,0,0,2,1,2,A01
200800029516,0,7,0,0,2,4,23,B02
200800029516,0,7,0,0,2,4,23,C03
200800029517,0,7,0,0,2,1,1,A01
200800029517,0,7,0,0,2,2,15,B02
200800029518,0,36,0,0,0,0,0,A01
200800029519,0,7,0,0,2,1,1,A01
200800029519,0,7,0,0,2,5,19,B02
200800029520,0,7,0,13,0,3,1,A01
200800029521,0,7,0,2,0,9,0,A01
200800029522,0,7,0,0,2,1,13,A01
200800029522,0,7,0,0,2,1,21,B02
200800029523,0,7,0,0,2,1,2,A01
200800029523,0,7,0,16,0,8,2,B02
200800029524,0,14,0,0,2,3,2,A01
200800029524,0,7,0,0,2,4,2,B02
200800029524,0,7,0,0,0,4,2,C03
200800029524,0,7,0,0,0,0,2,D04
200800029525,0,10,0,2,0,1,14,A01
200800029526,0,1,0,6,0,1,1,A01
200800029527,0,10,0,0,0,4,15,A01
200800029527,0,33,0,0,0,1,1,B02
200800029528,0,7,0,0,0,8,1,A01
200800029528,0,1,0,0,0,1,1,B02
200800029529,0,7,0,0,2,1,1,A01
200800029529,0,7,0,0,2,4,1,B02
200800029530,0,7,0,0,2,1,2,A01
200800029530,0,15,0,0,0,5,0,B02
200800029531,0,7,0,4,0,3,0,A01
200800029532,0,33,0,14,0,1,1,A01
200800029533,0,30,0,6,0,1,16,A01
200800029534,0,7,0,0,2,1,1,A01
200800029534,0,7,0,0,2,1,1,B02
200800029535,0,10,0,0,0,5,15,A01
200800029535,0,33,0,0,0,1,1,B02
200800029536,0,7,0,0,2,3,13,A01
200800029536,0,7,0,0,2,3,1,B02
200800029537,0,7,0,8,0,3,13,A01
200800029538,0,7,0,0,9,3,15,A01
200800029538,0,30,0,0,2,1,17,B02
200800029539,0,7,0,0,2,3,1,A01
200800029539,0,7,0,0,2,3,1,B02
200800029540,0,7,0,0,2,7,19,A01
200800029540,0,7,0,0,2,1,1,B02
200800029541,0,7,0,0,2,2,1,A01
200800029541,0,7,0,0,2,3,19,B02
200800029542,0,7,0,0,2,3,1,A01
200800029542,0,7,0,0,0,5,15,B02
200800029543,0,7,0,0,0,1,13,A01
200800029544,0,10,0,0,2,8,15,B02
200800029544,0,33,0,0,2,9,17,A01
200800029545,0,33,0,13,0,9,1,A01
200800029546,0,7,0,0,0,6,9,A01
200800029546,0,33,0,0,0,1,2,B02
200800029547,0,7,0,0,2,1,13,A01
200800029547,0,10,0,0,2,3,21,B02
200800029548,1,10,0,0,1,2,1,A01
200800029549,0,33,0,13,0,0,1,A01
200800029550,0,7,0,0,9,3,15,A01
200800029550,0,30,0,0,2,1,1,B02
200800029551,0,7,0,0,1,3,1,A01
200800029552,0,7,0,0,2,3,6,A01
200800029552,0,14,0,0,2,3,1,B02
200800029553,0,7,0,0,2,3,1,A01
200800029553,0,7,0,0,0,8,0,B02
200800029554,0,33,0,3,0,7,1,A01
200800029555,0,33,0,11,0,1,1,A01
200800029556,0,7,0,0,2,2,19,A01
200800029556,0,33,0,0,2,1,1,B02
200800029557,0,7,0,0,2,1,19,A01
200800029557,0,7,0,0,2,1,0,B02
200800029558,0,7,0,6,0,1,14,A01
200800029559,0,7,0,0,2,3,11,A01
200800029559,0,7,0,0,2,3,0,B02
200800029560,0,10,0,0,2,2,1,A01
200800029560,0,2,0,0,2,1,13,B02
200800029561,0,33,0,0,2,1,1,A01
200800029561,0,7,0,0,2,1,1,B02
200800029562,0,33,0,12,0,1,1,A01
200800029563,0,7,0,0,0,9,1,A01
200800029564,0,33,0,0,0,1,2,A01
200800029565,0,1,0,0,0,0,0,A01
200800029566,0,30,0,0,0,8,1,A01
200800029567,0,7,0,0,2,3,15,A01
200800029567,0,33,0,0,2,1,0,B02
200800029568,0,7,0,0,2,1,15,A01
200800029568,0,7,0,0,2,3,19,B02
200800029569,0,31,0,0,2,1,15,A01
200800029569,0,10,0,0,0,2,16,B02
200800029570,0,7,0,0,1,1,16,A01
200800029571,0,7,0,0,0,1,1,A01
200800029571,0,1,0,0,2,2,10,B02
200800029572,0,7,0,15,0,2,1,A01
200800029573,0,7,0,0,2,1,2,A01
200800029573,0,7,0,0,2,4,2,B02
200800029574,0,14,0,0,2,3,1,A01
200800029574,0,36,0,0,2,1,13,B02
200800029575,0,7,0,0,2,1,6,A01
200800029575,0,7,0,0,2,1,1,B02
200800029576,0,7,0,0,0,5,0,A01
200800029576,0,31,0,0,0,1,0,B02
200800029577,0,7,0,0,2,2,15,A01
200800029577,0,33,0,0,2,1,1,B02
200800029578,0,31,0,0,2,8,9,A01
200800029578,0,7,0,0,2,2,1,B02
200800029579,0,33,0,13,0,1,1,A01
200800029580,0,30,0,0,2,1,5,A01
200800029580,0,7,0,0,2,2,1,B02
200800029581,0,1,0,0,2,8,19,A01
200800029581,0,7,0,0,2,1,1,B02
200800029582,0,7,0,0,2,5,4,A01
200800029582,0,2,0,0,2,2,1,B02
200800029583,0,7,0,0,2,1,1,B02
200800029583,0,33,0,0,2,3,1,A01
200800029584,0,7,0,0,2,1,1,A01
200800029584,0,2,0,0,2,8,19,B02
200800029585,0,10,0,0,2,1,2,A01
200800029585,0,15,0,0,0,4,2,B02
200800029586,0,7,0,0,2,3,10,A01
200800029586,0,30,0,0,2,1,1,B02
200800029587,0,7,0,13,0,1,1,A01
200800029588,0,33,0,13,0,0,1,A01
200800029588,0,7,0,0,9,0,23,B02
200800029589,0,7,0,2,0,1,1,A01
200800029590,0,7,0,0,2,9,0,A01
200800029590,0,10,0,0,2,1,1,B02
200800029591,0,7,0,0,2,2,13,A01
200800029591,0,31,0,0,2,1,1,B02
200800029592,0,30,0,0,2,7,1,A01
200800029592,0,30,0,0,2,3,1,B02
200800029593,0,10,0,0,2,7,15,A01
200800029593,0,33,0,0,2,1,1,B02
200800029594,0,33,0,0,2,1,17,A01
200800029594,0,7,0,0,2,1,1,B02
200800029595,0,7,0,0,2,7,15,A01
200800029595,0,2,0,0,2,1,1,B02
200800029596,0,7,0,0,2,3,1,A01
200800029596,0,10,0,0,2,2,16,B02
200800029597,0,7,0,0,2,5,1,A01
200800029597,0,14,0,0,2,1,1,B02
200800029598,0,7,0,0,2,3,13,A01
200800029598,0,7,0,0,2,3,1,B02
200800029599,0,7,0,0,2,3,15,A01
200800029599,0,7,0,0,2,1,1,B02
200800029600,0,33,0,0,2,2,1,B02
200800029600,0,3,0,0,2,1,15,A01
200800029601,0,7,0,0,2,2,16,A01
200800029601,0,1,0,0,2,3,1,B02
200800029602,0,31,0,8,0,8,13,A01
200800029603,0,30,0,0,2,1,1,A01
200800029603,0,7,0,0,2,5,15,B02
200800029604,0,17,0,0,2,3,1,A01
200800029604,0,33,0,0,2,1,13,B02
200800029605,0,7,0,2,0,5,14,A01
200800029606,0,7,0,0,2,6,9,A01
200800029606,0,2,0,0,2,1,1,B02
200800029607,0,7,0,13,0,2,1,A01
200800029608,0,1,0,0,2,8,19,A01
200800029608,0,7,0,0,2,2,1,B02
200800029609,0,7,0,0,2,3,1,B02
200800029609,0,1,0,0,2,1,19,A01
200800029610,0,7,0,0,2,2,15,A01
200800029610,0,7,0,0,2,2,1,B02
200800029611,0,1,0,0,2,8,19,A01
200800029611,0,10,0,0,2,1,1,B02
200800029612,0,7,0,0,2,1,13,A01
200800029612,0,10,0,0,2,2,1,B02
200800029613,0,10,0,6,0,1,1,A01
200800029614,0,33,0,0,2,1,17,A01
200800029614,0,14,0,0,2,6,15,B02
200800029615,0,7,0,0,2,3,13,A01
200800029615,0,7,0,0,2,8,1,B02
200800029615,0,7,0,0,2,3,1,C03
200800029616,0,7,0,6,0,8,1,A01
200800029617,0,30,0,0,2,3,1,A01
200800029618,0,2,0,0,2,3,1,A01
200800029618,0,7,0,0,2,3,1,B02
200800029619,0,7,0,0,2,1,1,A01
200800029619,0,14,0,0,2,6,13,B02
200800029620,0,2,0,0,2,7,1,A01
200800029620,0,7,0,0,2,1,1,B02
200800029621,0,30,0,6,0,1,2,A01
200800029622,0,7,0,0,1,3,4,A01
200800029623,0,33,0,0,2,1,13,A01
200800029623,0,7,0,0,2,1,1,B02
200800029624,0,7,0,0,2,1,1,A01
200800029624,0,99,0,0,2,2,5,B02
200800029625,0,7,0,0,1,2,1,A01
200800029625,0,30,0,0,2,6,1,B02
200800029626,0,2,0,3,0,8,1,A01
200800029627,2,7,0,0,1,3,1,A01
200800029628,0,7,0,0,1,2,1,A01
200800029629,0,7,0,0,2,4,15,A01
200800029629,0,7,0,0,2,1,1,B02
200800029630,0,7,0,13,0,4,16,A01
200800029630,0,7,0,0,2,1,2,B02
200800029631,0,7,0,0,1,7,1,A01
200800029632,0,30,0,0,1,7,21,A01
200800029633,0,10,0,0,1,5,4,A01
200800029634,0,7,0,0,2,6,4,A01
200800029634,0,2,0,0,2,1,1,B02
200800029635,0,7,0,0,2,8,1,B02
200800029635,0,7,0,0,2,1,1,A01
200800029636,0,7,0,13,0,9,1,A01
200800029637,0,7,0,0,9,2,1,A01
200800029637,0,1,0,0,2,3,19,B02
200800029638,0,10,0,0,2,1,13,A01
200800029638,0,14,0,0,2,1,1,B02
200800029639,0,17,0,0,2,2,1,B02
200800029639,0,1,0,0,2,1,15,A01
200800029640,0,1,0,0,2,1,2,A01
200800029640,0,7,0,0,2,4,2,B02
200800029641,0,7,0,6,0,1,1,A01
200800029642,0,33,0,0,5,1,1,A01
200800029643,0,30,0,0,2,1,13,A01
200800029643,0,7,0,0,2,1,1,B02
200800029644,0,7,0,0,2,4,15,A01
200800029644,0,2,0,0,2,1,1,B02
200800029645,0,7,0,0,2,1,1,A01
200800029645,0,2,0,0,0,8,19,B02
200800029646,0,7,0,0,2,3,19,A01
200800029646,0,30,0,0,2,1,1,B02
200800029647,0,7,0,0,2,2,9,A01
200800029647,0,30,0,0,2,7,9,B02
200800029648,0,33,0,0,2,1,1,A01
200800029648,0,7,0,0,2,8,15,B02
200800029649,0,7,0,0,2,4,19,A01
200800029649,0,31,0,0,2,1,1,B02
200800029650,0,33,0,0,2,1,1,A01
200800029650,0,7,0,0,2,8,15,B02
200800029651,0,7,0,2,0,6,1,A01
200800029652,0,31,0,13,0,8,1,A01
200800029653,0,2,0,0,2,1,17,A01
200800029653,0,10,0,0,0,6,15,B02
200800029654,0,21,0,0,2,3,15,A01
200800029654,0,33,0,0,2,1,17,B02
200800029655,0,7,0,0,2,1,0,A01
200800029656,0,31,0,0,2,1,2,A01
200800029656,0,7,0,0,2,7,15,B02
200800029657,0,10,0,2,0,1,1,A01
200800029658,0,2,0,9,0,2,1,A01
200800029659,0,30,0,0,0,1,1,A01
200800029660,0,7,0,0,1,7,1,A01
200800029661,0,7,0,0,2,3,13,A01
200800029661,0,7,0,0,2,3,1,B02
200800029662,0,33,0,8,0,7,1,A01
200800029663,0,7,0,0,2,5,19,A01
200800029663,0,30,0,0,2,1,1,B02
200800029664,0,7,0,0,2,1,13,A01
200800029664,0,7,0,0,2,1,1,B02
200800029665,0,2,0,0,2,8,16,B02
200800029665,0,7,0,0,2,1,1,A01
200800029666,0,7,0,0,2,0,1,A01
200800029666,0,1,0,0,2,6,1,B02
200800029667,0,7,0,0,2,2,2,A01
200800029667,0,21,0,0,2,6,2,B02
200800029668,0,7,0,0,2,8,22,A01
200800029668,0,1,0,1,0,1,1,B02
200800029669,0,7,0,13,0,3,1,A01
200800029670,0,7,0,2,0,1,1,A01
200800029671,0,7,0,6,0,7,1,A01
200800029672,0,7,0,0,0,0,1,A01
200800029673,0,10,0,0,2,7,19,A01
200800029673,0,1,0,0,2,1,1,B02
200800029674,0,33,0,0,2,8,15,A01
200800029674,0,30,0,0,2,1,1,B02
200800029675,0,33,0,0,2,0,1,A01
200800029675,0,7,0,0,2,0,15,B02
200800029676,0,7,0,0,9,1,15,A01
200800029676,0,1,0,0,2,1,1,B02
200800029677,0,7,0,0,2,3,13,A01
200800029677,0,7,0,0,2,3,1,B02
200800029678,0,7,0,13,0,2,1,A01
200800029678,0,7,0,0,9,1,1,B02
200800029679,0,31,0,13,0,1,1,A01
200800029680,0,7,0,14,2,3,13,A01
200800029680,0,14,0,3,2,3,1,B02
200800029681,0,33,0,0,2,1,1,A01
200800029681,0,7,0,0,0,6,15,B02
200800029682,0,7,0,0,2,6,4,A01
200800029682,0,1,0,0,2,2,1,B02
200800029683,0,31,0,0,2,1,1,A01
200800029683,0,7,0,0,2,1,1,B02
200800029684,0,7,0,2,0,5,1,A01
200800029685,0,30,0,8,0,3,16,A01
200800029686,0,7,0,14,0,1,11,A01
200800029687,0,33,0,6,0,9,1,A01
200800029687,0,7,0,0,0,0,15,B02
200800029688,0,7,0,13,0,1,1,A01
200800029689,0,7,0,13,0,1,13,A01
200800029690,0,10,0,2,0,2,1,A01
200800029691,0,36,0,0,0,6,1,A01
200800029692,0,7,0,0,0,7,15,A01
200800029692,0,37,0,0,2,1,1,B02
200800029693,0,30,0,0,0,8,16,A01
200800029694,0,7,0,0,2,2,1,A01
200800029694,0,1,0,0,2,1,1,B02
200800029695,0,7,0,0,2,7,17,A01
200800029695,0,2,0,0,2,8,1,B02
200800029696,0,10,0,0,2,3,1,A01
200800029696,0,15,0,0,2,2,1,B02
200800029697,0,7,0,0,2,3,15,B02
200800029697,0,33,0,0,2,1,1,A01
200800029698,0,7,0,0,2,3,1,A01
200800029698,0,21,0,0,2,6,13,B02
200800029699,0,7,0,16,0,9,1,A01
200800029700,0,30,0,0,2,4,23,A01
200800029700,0,30,0,0,2,1,20,B02
200800029701,0,31,0,6,0,8,0,A01
200800029702,0,10,0,0,2,2,13,A01
200800029702,0,7,0,0,2,1,1,B02
200800029703,0,7,0,0,2,3,13,A01
200800029703,0,7,0,0,2,3,1,B02
200800029704,0,7,0,2,0,2,1,A01
200800029705,0,30,0,0,2,1,5,A01
200800029705,0,7,0,0,2,3,1,B02
200800029706,0,7,0,0,2,1,1,A01
200800029706,0,7,0,0,2,8,19,B02
200800029707,0,33,0,13,0,1,1,A01
200800029708,0,33,0,0,2,1,1,A01
200800029708,0,7,0,0,0,6,19,B02
200800029709,0,2,0,0,2,1,13,A01
200800029709,0,7,0,0,2,3,1,B02
200800029710,0,7,0,0,2,1,5,A01
200800029710,0,7,0,0,2,1,1,B02
200800029711,0,7,0,13,0,2,13,A01
200800029712,0,7,0,0,2,2,13,A01
200800029712,0,2,0,0,2,1,23,B02
200800029713,0,7,0,0,2,7,15,A01
200800029713,0,1,0,0,2,1,1,B02
200800029714,0,7,0,0,1,2,1,A01
200800029715,0,7,0,2,0,3,13,A01
200800029716,0,33,0,13,0,1,1,A01
200800029717,0,7,0,0,1,0,1,A01
200800029718,0,30,0,0,6,1,1,A01
200800029719,0,7,0,0,2,2,1,A01
200800029719,0,1,0,0,2,1,1,B02
200800029720,0,7,0,0,2,1,13,A01
200800029720,0,10,0,0,2,1,1,B02
200800029721,0,7,0,0,1,3,1,A01
200800029722,0,7,0,0,2,3,15,A01
200800029722,0,33,0,0,2,0,17,B02
200800029723,0,7,0,6,2,9,1,A01
200800029724,0,7,0,2,0,2,1,A01
200800029725,0,21,0,0,4,8,1,A01
200800029725,0,39,0,0,2,1,1,B02
200800029726,0,7,0,0,1,2,1,A01
200800029727,0,7,0,0,2,1,1,B02
200800029727,0,2,0,0,2,7,19,A01
200800029728,0,7,0,0,2,1,15,A01
200800029728,0,7,0,0,2,1,1,B02
200800029729,0,30,0,0,2,8,0,A01
200800029729,0,7,0,0,2,2,1,B02
200800029730,0,7,0,13,0,3,1,A01
200800029731,0,33,0,0,2,1,17,A01
200800029731,0,7,0,0,2,1,1,B02
200800029732,0,7,0,0,2,3,1,A01
200800029732,0,21,0,0,2,2,9,B02
200800029732,0,7,0,0,0,3,0,C03
200800029733,0,7,0,14,0,9,1,A01
200800029734,0,7,0,2,0,6,21,A01
200800029735,0,33,0,0,2,1,13,A01
200800029735,0,7,0,0,2,3,1,B02
200800029736,0,30,0,0,0,8,1,A01
200800029737,0,7,0,0,2,1,2,A01
200800029737,0,2,0,0,0,4,15,B02
200800029738,0,7,0,0,0,8,15,A01
200800029738,0,33,0,0,2,0,17,B02
200800029739,0,7,0,0,2,7,15,A01
200800029739,0,7,0,0,2,1,1,B02
200800029739,0,37,0,0,2,1,23,C03
200800029740,0,7,0,0,2,1,13,A01
200800029740,0,10,0,0,2,1,1,B02
200800029741,0,7,0,0,2,7,5,A01
200800029741,0,31,0,0,2,1,1,B02
200800029742,0,33,0,13,0,9,1,A01
200800029743,0,7,0,13,0,1,1,A01
200800029744,0,33,0,13,0,0,1,A01
200800029745,0,21,0,13,0,9,1,A01
200800029746,0,7,0,0,2,1,1,A01
200800029746,0,7,0,0,2,4,1,B02
200800029746,0,7,0,0,0,4,23,C03
200800029747,0,21,0,0,2,3,15,A01
200800029747,0,33,0,0,2,1,17,B02
200800029748,0,7,0,0,2,3,5,A01
200800029748,0,7,0,0,2,3,1,B02
200800029749,0,31,0,0,0,0,15,A01
200800029750,0,10,0,0,1,2,1,A01
200800029751,0,1,0,1,0,1,1,A01
200800029751,0,7,0,0,0,4,24,B02
200800029752,0,2,0,16,0,1,21,A01
200800029753,0,7,0,0,0,8,21,A01
200800029753,0,7,0,0,2,1,1,B02
200800029754,0,7,0,0,9,1,15,A01
200800029754,0,32,0,0,2,1,1,B02
200800029755,0,7,0,13,0,7,1,A01
200800029756,0,33,0,0,2,1,1,A01
200800029757,0,7,0,0,2,2,15,A01
200800029757,0,1,0,0,2,1,1,B02
200800029758,0,7,0,0,2,3,1,A01
200800029758,0,7,0,0,2,9,15,B02
200800029758,0,7,0,0,2,3,1,C03
200800029759,0,7,0,0,2,1,1,A01
200800029759,0,7,0,0,2,1,1,B02
200800029760,0,7,0,0,1,2,1,A01
200800029760,0,1,0,0,2,4,1,B02
200800029761,0,7,0,2,0,1,13,A01
200800029762,0,7,0,13,0,1,0,A01
200800029763,0,33,0,0,2,4,2,A01
200800029763,0,33,0,0,2,1,2,B02
200800029764,0,7,0,0,2,1,1,A01
200800029764,0,2,0,0,2,8,1,B02
200800029765,0,33,0,0,6,1,1,A01
200800029766,0,30,0,16,0,1,1,A01
200800029767,0,2,0,0,0,0,0,A01
200800029767,0,31,0,0,2,3,1,B02
200800029768,0,7,0,0,2,1,1,A01
200800029768,0,7,0,0,2,1,1,B02
200800029769,0,7,0,0,1,2,1,A01
200800029770,0,7,0,8,0,5,17,A01
200800029771,0,33,0,0,0,2,13,A01
200800029772,0,30,0,0,6,1,1,A01
200800029773,0,33,0,13,0,1,15,A01
200800029774,0,7,0,0,2,6,17,A01
200800029774,0,33,0,0,2,1,17,B02
200800029775,0,3,0,0,2,3,20,A01
200800029775,0,30,0,0,2,1,1,B02
200800029776,0,7,0,0,2,3,13,A01
200800029776,0,17,0,13,2,8,1,B02
200800029777,0,7,0,2,0,1,1,A01
200800029778,0,7,0,0,2,2,15,A01
200800029778,0,2,0,0,2,1,1,B02
200800029778,0,7,0,0,9,8,23,C03
200800029779,0,10,0,0,1,1,1,A01
200800029780,0,7,0,0,2,2,17,B02
200800029780,0,2,0,0,2,3,15,A01
200800029781,0,10,0,8,0,7,1,A01
200800029782,0,7,0,0,2,3,1,A01
200800029782,0,2,0,0,2,8,13,B02
200800029783,0,7,0,0,2,6,9,A01
200800029783,0,7,0,0,2,1,1,B02
200800029784,0,7,0,13,0,2,14,A01
200800029785,0,21,0,0,2,1,15,A01
200800029785,0,2,0,0,2,8,1,B02
200800029786,0,31,0,3,0,7,14,A01
200800029787,0,21,0,0,2,8,15,A01
200800029787,0,10,0,0,2,1,1,B02
200800029788,0,13,0,0,9,3,19,A01
200800029789,0,7,0,0,2,1,15,A01
200800029789,0,7,0,0,2,2,1,B02
200800029790,0,2,0,0,2,8,13,A01
200800029790,0,7,0,0,2,3,1,B02
200800029791,0,2,0,0,2,1,5,A01
200800029791,0,7,0,0,2,3,1,B02
200800029792,0,7,0,2,0,2,1,A01
200800029793,0,2,0,0,2,1,13,A01
200800029793,0,10,0,0,2,1,1,B02
200800029794,0,33,0,13,0,1,1,A01
200800029795,0,10,0,0,2,2,15,A01
200800029795,0,7,0,0,2,1,1,B02
200800029796,0,30,0,0,1,1,1,A01
200800029797,0,7,0,0,1,2,2,A01
200800029798,0,7,0,0,2,3,17,A01
200800029799,0,17,0,3,0,8,1,A01
200800029800,0,7,0,0,1,2,2,A01
200800029801,0,7,0,0,2,2,11,A01
200800029801,0,7,0,0,2,1,1,B02
200800029801,0,7,0,0,2,8,1,C03
200800029802,0,30,0,6,0,1,0,A01
200800029803,0,1,0,0,2,8,19,A01
200800029803,0,7,0,0,9,1,1,B02
200800029804,0,7,0,0,0,4,23,A01
200800029804,0,1,0,0,2,1,1,B02
200800029805,0,13,0,0,2,1,1,B02
200800029805,0,10,0,0,0,8,15,A01
200800029806,0,10,0,0,2,1,1,A01
200800029807,0,10,0,0,2,1,13,A01
200800029807,0,14,0,0,2,1,1,B02
200800029808,0,10,0,0,2,6,11,A01
200800029808,0,33,0,0,2,8,1,B02
200800029809,0,7,0,0,2,1,5,A01
200800029809,0,36,0,0,2,3,1,B02
200800029810,0,7,0,2,0,8,13,A01
200800029811,0,14,0,13,0,1,0,A01
200800029812,0,33,0,0,2,1,17,A01
200800029812,0,13,0,0,2,4,2,B02
200800029812,0,7,0,0,9,6,5,C03
200800029813,0,30,0,0,2,2,15,A01
200800029813,0,10,0,0,2,3,1,B02
200800029814,0,7,0,0,2,2,15,A01
200800029814,0,30,0,0,2,1,1,B02
200800029815,0,7,0,0,0,1,15,A01
200800029815,0,30,0,0,2,1,1,B02
200800029816,0,7,0,0,2,3,1,A01
200800029816,0,1,0,0,0,1,15,B02
200800029817,0,32,0,0,2,1,1,B02
200800029817,0,7,0,0,2,3,16,A01
200800029818,0,7,0,15,0,0,1,A01
200800029819,0,2,0,0,2,1,17,A01
200800029819,0,7,0,0,0,8,15,B02
200800029820,0,7,0,13,0,9,1,A01
200800029821,0,7,0,1,0,1,1,A01
200800029821,0,10,0,0,2,6,23,B02
200800029822,0,32,0,0,2,3,19,A01
200800029822,0,7,0,0,9,2,1,B02
200800029823,0,31,0,8,0,2,21,A01
200800029824,0,33,0,0,2,1,13,A01
200800029824,0,7,0,0,2,3,1,B02
200800029825,0,33,0,16,2,0,21,A01
200800029826,0,33,0,0,2,8,17,A01
200800029826,0,7,0,0,2,8,1,B02
200800029827,0,14,0,16,0,8,1,A01
200800029828,0,7,0,0,2,7,15,A01
200800029828,0,7,0,0,2,2,1,B02
200800029829,0,7,0,0,2,3,1,A01
200800029829,0,33,0,0,2,1,13,B02
200800029830,0,14,0,0,0,9,1,A01
200800029831,0,33,0,0,1,1,1,A01
200800029832,0,7,0,16,2,7,1,A01
200800029832,0,7,0,13,2,1,1,B02
200800029833,0,7,0,0,1,1,1,A01
200800029834,0,7,0,13,0,1,1,A01
200800029835,0,30,0,6,0,1,1,A01
200800029836,0,33,0,0,2,8,1,A01
200800029837,0,33,0,6,0,1,1,A01
200800029838,0,7,0,0,2,2,1,A01
200800029838,0,30,0,0,2,1,1,B02
200800029839,0,7,0,0,2,2,15,A01
200800029839,0,33,0,0,2,1,1,B02
200800029840,0,7,0,0,2,2,1,A01
200800029840,0,1,0,0,2,4,1,B02
200800029841,0,7,0,8,0,1,13,A01
200800029842,0,1,0,0,0,0,1,A01
200800029842,0,7,0,0,0,1,19,B02
200800029843,0,14,0,0,0,0,0,A01
200800029843,0,7,0,0,2,4,2,B02
200800029843,0,7,0,1,0,1,2,C03
200800029843,0,7,0,0,2,6,2,D04
200800029843,0,7,0,0,2,4,2,E05
200800029844,0,7,0,0,1,2,1,A01
200800029845,0,7,0,0,0,3,19,B02
200800029845,0,33,0,0,0,1,1,A01
200800029846,0,7,0,0,2,8,9,A01
200800029846,0,10,0,0,2,3,1,B02
200800029847,0,7,0,0,2,3,15,A01
200800029847,0,7,0,0,2,1,1,B02
200800029848,0,7,0,0,2,3,1,B02
200800029848,0,32,0,0,2,1,1,A01
200800029849,0,31,0,0,2,1,21,A01
200800029849,0,10,0,0,0,0,0,B02
200800029850,0,15,0,0,0,4,9,A01
200800029850,0,7,0,0,2,1,1,B02
200800029851,0,30,0,0,2,2,17,A01
200800029851,0,7,0,0,2,8,15,B02