Num_Acc,senc,catv,occutc,obs,obsm,choc,manv,num_veh
200800030236,0,30,0,0,2,6,1,B02
200800030237,0,7,0,0,2,2,1,A01
200800030237,0,33,0,0,2,8,1,B02
200800030238,0,33,0,0,2,1,1,A01
200800030238,0,7,0,0,2,3,15,B02
200800030239,0,30,0,0,2,1,1,A01
200800030239,0,7,0,0,2,2,17,B02
200800030240,0,7,0,0,2,3,13,A01
200800030240,0,7,0,0,2,3,1,B02
200800030241,0,7,0,0,2,2,17,A01
200800030241,0,2,0,0,2,8,15,B02
200800030242,0,7,0,2,0,4,13,A01
200800030243,0,33,0,0,0,8,1,A01
200800030244,0,7,0,0,2,2,15,A01
200800030244,0,37,0,0,2,1,1,B02
200800030245,0,7,0,0,2,3,15,A01
200800030245,0,1,0,0,2,1,0,B02
200800030246,0,7,0,0,2,2,10,A01
200800030246,0,31,0,0,2,1,1,B02
200800030247,0,30,0,0,2,7,21,A01
200800030247,0,1,0,0,2,8,1,B02
200800030248,0,7,0,0,2,3,20,A01
200800030248,0,33,0,1,0,7,1,B02
200800030249,0,1,0,13,0,3,13,A01
200800030250,0,21,0,0,2,3,9,A01
200800030250,0,33,0,0,0,1,1,B02
200800030251,0,99,0,14,2,8,1,A01
200800030251,0,99,0,0,9,6,4,B02
200800030252,0,7,0,0,2,0,15,A01
200800030252,0,33,0,0,2,1,1,B02
200800030253,0,1,0,0,2,1,2,A01
200800030254,0,7,0,13,0,0,14,A01
200800030255,0,30,0,12,0,1,1,A01
200800030256,0,7,0,0,2,1,1,A01
200800030256,0,10,0,0,2,6,0,B02
200800030257,0,7,0,0,2,3,19,A01
200800030257,0,30,0,0,2,1,1,B02
200800030258,0,36,0,2,0,1,14,A01
200800030259,0,10,0,0,9,2,10,A01
200800030259,0,1,0,0,2,1,0,B02
200800030260,0,33,0,0,0,7,1,A01
200800030261,0,33,0,0,2,1,17,A01
200800030261,0,7,0,0,2,8,15,B02
200800030262,0,7,0,0,0,3,1,A01
200800030262,0,33,0,0,0,3,13,B02
200800030263,0,7,0,3,0,9,5,A01
200800030264,0,30,0,15,0,1,14,A01
200800030265,0,7,0,0,2,3,13,A01
200800030265,0,33,0,0,2,8,1,B02
200800030266,0,7,0,0,2,1,1,A01
200800030266,0,2,0,0,2,4,1,B02
200800030267,0,7,0,0,0,1,1,A01
200800030267,0,7,0,0,2,3,1,B02
200800030267,0,7,0,0,2,1,1,C03
200800030268,0,7,0,8,0,2,14,A01
200800030268,0,31,0,14,0,1,1,B02
200800030269,0,7,0,8,0,1,14,A01
200800030270,0,7,0,0,2,3,13,A01
200800030270,0,31,0,0,0,1,1,B02
200800030271,0,7,0,0,2,6,13,A01
200800030271,0,33,0,0,2,1,17,B02
200800030272,0,7,0,1,2,1,15,A01
200800030272,0,7,0,0,2,1,1,B02
200800030272,0,7,0,0,2,3,23,C03
200800030273,0,7,0,0,2,1,13,A01
200800030273,0,10,0,0,2,1,1,B02
200800030274,0,7,0,2,0,3,1,A01
200800030275,0,7,0,0,2,1,2,A01
200800030275,0,7,0,0,0,4,1,B02
200800030276,0,7,0,0,2,1,13,A01
200800030276,0,33,0,0,2,1,1,B02
200800030277,0,38,0,0,4,5,1,A01
200800030277,0,39,0,0,2,1,1,B02
200800030278,0,7,0,6,0,9,1,A01
200800030279,0,7,0,0,0,3,1,A01
200800030279,0,33,0,0,0,7,17,B02
200800030280,0,30,0,0,0,1,1,A01
200800030280,1,7,0,0,0,5,15,B02
200800030281,0,7,0,0,2,3,1,A01
200800030281,0,33,0,0,2,1,1,B02
200800030282,0,7,0,0,2,3,13,A01
200800030282,0,7,0,0,2,8,1,B02
200800030283,0,33,0,0,0,7,0,A01
200800030284,0,10,0,0,2,3,13,A01
200800030284,0,2,0,0,2,1,1,B02
200800030285,0,7,0,0,2,2,13,A01
200800030285,0,7,0,0,2,3,1,B02
200800030286,0,13,0,13,0,8,1,A01
200800030287,0,7,0,13,0,1,17,A01
200800030288,0,7,0,0,2,5,19,A01
200800030288,0,33,0,0,2,1,1,B02
200800030289,0,33,0,12,0,8,1,A01
200800030290,0,33,0,8,0,7,1,A01
200800030291,0,7,0,8,0,1,14,A01
200800030292,0,2,0,3,0,1,1,A01
200800030293,0,7,0,2,0,6,1,A01
200800030294,0,10,0,0,2,3,15,A01
200800030294,0,33,0,0,2,1,1,B02
200800030295,0,7,0,0,2,7,19,A01
200800030295,0,7,0,0,2,1,1,B02
200800030296,0,7,0,0,2,1,1,A01
200800030296,0,10,0,0,0,5,9,B02
200800030297,0,30,0,0,2,1,1,B02
200800030297,0,7,0,0,2,5,19,A01
200800030298,0,2,0,0,2,8,13,A01
200800030298,0,14,0,0,2,8,1,B02
200800030299,0,7,0,0,2,1,1,A01
200800030299,0,7,0,0,2,3,15,B02
200800030300,0,10,0,0,2,3,13,A01
200800030300,0,7,0,0,0,8,21,B02
200800030301,0,7,0,12,0,9,16,A01
200800030302,0,2,0,5,0,2,1,A01
200800030303,0,10,0,0,2,2,15,A01
200800030303,0,33,0,0,2,1,1,B02
200800030304,0,21,0,0,0,2,1,A01
200800030305,0,10,0,2,0,1,1,A01
200800030306,0,10,0,16,0,1,1,A01
200800030307,0,7,0,2,0,1,13,A01
200800030308,0,7,0,0,2,1,1,A01
200800030308,0,7,0,0,2,1,1,B02
200800030309,0,33,0,0,0,0,2,A01
200800030310,0,33,0,0,2,1,1,A01
200800030310,0,7,0,0,2,2,16,B02
200800030311,0,7,0,0,2,3,13,A01
200800030311,0,15,0,0,2,3,1,B02
200800030312,0,7,0,8,0,8,1,A01
200800030313,0,7,0,0,2,3,1,A01
200800030313,0,7,0,0,2,3,1,B02
200800030314,0,7,0,13,0,1,13,A01
200800030315,0,21,0,0,2,3,15,A01
200800030315,0,2,0,0,2,2,17,B02
200800030316,0,7,0,13,0,1,1,A01
200800030317,0,10,0,0,2,1,1,A01
200800030317,0,7,0,0,2,5,1,B02
200800030318,0,7,0,0,2,2,1,A01
200800030318,0,31,0,0,2,1,9,B02
200800030319,0,33,0,0,2,1,1,A01
200800030319,0,38,0,0,2,3,1,B02
200800030320,0,7,0,0,0,0,0,A01
200800030320,0,7,0,0,0,1,1,B02
200800030321,0,7,0,0,2,6,15,A01
200800030321,0,33,0,0,2,1,17,B02
200800030322,1,7,0,0,2,6,23,A01
200800030322,0,2,0,0,2,1,2,B02
200800030323,0,7,0,13,0,1,1,A01
200800030324,0,10,0,0,2,8,15,A01
200800030324,0,33,0,0,2,7,17,B02
200800030325,0,7,0,0,2,2,1,A01
200800030325,0,1,0,0,2,1,0,B02
200800030326,0,7,0,0,1,2,1,A01
200800030327,0,1,0,0,0,0,1,A01
200800030328,0,7,0,0,2,7,15,A01
200800030328,0,31,0,0,2,2,1,B02
200800030329,0,7,0,13,0,1,13,A01
200800030330,0,7,0,6,0,7,1,A01
200800030331,0,31,0,0,2,1,13,A01
200800030331,0,7,0,0,2,1,1,B02
200800030332,0,7,0,0,2,3,13,A01
200800030332,0,7,0,0,2,3,1,B02
200800030332,0,17,0,0,2,1,1,C03
200800030333,0,7,0,13,0,1,13,A01
200800030334,0,7,0,0,2,2,15,A01
200800030334,0,33,0,0,2,1,1,B02
200800030335,0,7,0,0,2,2,15,A01
200800030335,0,7,0,0,2,2,1,B02
200800030336,0,7,0,13,0,3,1,A01
200800030337,0,7,0,2,0,7,1,A01
200800030338,0,2,0,8,0,1,1,A01
200800030339,0,7,0,0,1,2,1,A01
200800030340,0,7,0,0,2,1,13,A01
200800030340,0,7,0,0,2,1,1,B02
200800030341,0,7,0,0,2,7,0,A01
200800030341,0,7,0,0,2,1,0,B02
200800030342,0,31,0,0,2,2,17,A01
200800030342,0,30,0,0,2,6,15,B02
200800030343,0,7,0,0,2,3,13,A01
200800030343,0,15,0,0,2,3,1,B02
200800030344,0,32,0,15,0,1,1,A01
200800030345,0,1,0,0,2,1,16,A01
200800030345,0,21,0,0,0,3,1,B02
200800030346,0,7,0,0,2,9,13,A01
200800030347,0,7,0,0,2,1,13,A01
200800030347,0,7,0,0,2,3,1,B02
200800030348,0,7,0,0,1,2,15,A01
200800030349,0,7,0,2,0,8,1,A01
200800030350,0,33,0,0,2,1,13,A01
200800030350,0,7,0,0,2,3,1,B02
200800030351,0,7,0,0,2,1,1,A01
200800030351,0,1,0,0,2,1,15,B02
200800030352,0,7,0,0,2,3,15,A01
200800030352,0,7,0,0,2,1,1,B02
200800030353,0,7,0,13,0,1,14,A01
200800030354,0,7,0,13,0,1,17,A01
200800030355,0,30,0,0,1,1,1,A01
200800030356,0,7,0,0,9,2,15,A01
200800030356,0,31,0,0,2,1,1,B02
200800030357,0,36,0,13,0,9,1,A01
200800030358,0,7,0,13,0,2,15,A01
200800030359,0,3,0,13,0,2,1,A01
200800030360,0,31,0,0,2,1,1,A01
200800030360,0,7,0,0,2,1,1,B02
200800030361,0,7,0,0,2,5,15,A01
200800030361,0,33,0,0,2,1,1,B02
200800030362,0,7,0,0,2,6,6,A01
200800030362,0,32,0,0,2,1,21,B02
200800030363,0,7,0,0,2,3,5,A01
200800030363,0,10,0,0,2,3,1,B02
200800030364,0,7,0,0,2,2,1,A01
200800030364,0,2,0,0,2,1,15,B02
200800030365,0,7,0,0,0,1,15,A01
200800030365,0,7,0,0,0,1,0,B02
200800030366,0,7,0,0,1,7,1,A01
200800030367,0,15,0,9,2,8,1,A01
200800030367,0,7,0,0,2,3,1,B02
200800030368,0,30,0,0,2,1,1,A01
200800030368,0,7,0,0,2,1,1,B02
200800030368,0,7,0,0,2,4,1,C03
200800030369,0,7,0,13,0,1,1,A01
200800030370,0,7,0,2,0,3,14,A01
200800030371,0,7,0,0,2,2,11,A01
200800030371,0,10,0,0,2,6,2,B02
200800030372,0,7,0,2,0,3,13,A01
200800030373,0,33,0,1,2,1,17,A01
200800030373,0,7,0,0,2,3,9,B02
200800030374,0,7,0,0,2,4,1,A01
200800030374,0,2,0,0,2,1,1,B02
200800030375,0,7,0,0,0,6,20,A01
200800030375,0,2,0,0,2,1,19,B02
200800030376,0,7,0,0,0,3,15,A01
200800030376,0,33,0,0,2,7,17,B02
200800030377,0,31,0,6,0,1,16,A01
200800030378,0,33,0,0,2,1,17,A01
200800030378,0,7,0,0,2,1,1,B02
200800030378,0,7,0,0,2,1,1,C03
200800030378,0,7,0,0,9,1,1,D04
200800030379,0,7,0,2,6,1,1,A01
200800030380,0,33,0,0,0,0,1,A01
200800030381,0,2,0,1,0,1,1,A01
200800030382,0,38,0,0,9,2,2,A01
200800030382,0,1,0,0,0,4,2,B02
200800030383,0,7,0,0,2,5,1,A01
200800030383,0,30,0,0,2,1,1,B02
200800030383,0,36,0,0,2,0,1,C03
200800030384,0,7,0,13,0,3,1,A01
200800030385,0,10,0,2,0,8,17,A01
200800030386,0,7,0,0,0,3,1,B02
200800030386,0,7,0,0,2,2,19,A01
200800030387,0,7,0,0,2,2,13,A01
200800030387,0,7,0,0,2,2,1,B02
200800030388,0,30,0,16,0,1,15,A01
200800030389,0,7,0,0,1,3,1,A01
200800030390,0,7,0,0,2,3,15,A01
200800030390,0,7,0,0,2,2,1,B02
200800030391,0,2,0,0,0,0,0,A01
200800030392,0,7,0,13,0,3,1,A01
200800030393,0,7,0,0,0,5,2,A01
200800030393,0,1,0,0,2,0,2,B02
200800030394,0,33,0,0,2,1,1,A01
200800030394,0,7,0,0,0,5,1,B02
200800030395,0,7,0,0,2,9,13,A01
200800030395,0,7,0,0,2,1,0,B02
200800030396,0,31,0,2,0,6,1,A01
200800030397,0,1,0,0,2,8,19,A01
200800030397,0,10,0,0,9,1,1,B02
200800030398,0,2,0,0,0,1,0,A01
200800030399,0,7,0,13,0,2,14,A01
200800030400,0,2,0,0,0,1,1,A01
200800030401,0,7,0,13,0,1,13,A01
200800030402,0,33,0,12,2,8,1,A01
200800030402,0,7,0,0,2,1,19,B02
200800030403,0,1,0,0,2,8,19,A01
200800030403,0,33,0,0,2,1,17,B02
200800030404,0,33,0,0,0,7,13,A01
200800030405,0,7,0,0,9,1,1,A01
200800030405,0,1,0,0,2,7,1,B02
200800030406,0,10,0,0,0,0,13,A01
200800030406,0,7,0,13,0,1,14,B02
200800030407,0,7,0,0,2,1,1,A01
200800030407,0,2,0,0,2,1,13,B02
200800030408,0,10,0,0,1,2,1,A01
200800030409,0,7,0,0,1,2,1,A01
200800030410,0,10,0,0,2,1,15,A01
200800030410,0,2,0,0,2,7,1,B02
200800030411,0,7,0,0,2,1,1,A01
200800030411,0,7,0,0,2,7,5,B02
200800030412,0,7,0,0,2,2,9,A01
200800030412,0,7,0,0,2,9,1,B02
200800030412,0,17,0,0,2,8,1,C03
200800030413,0,7,0,0,1,2,20,A01
200800030414,0,7,0,0,1,3,1,A01
200800030415,0,7,0,1,0,2,14,A01
200800030416,0,7,0,1,0,1,14,A01
200800030417,0,33,0,14,0,2,1,A01
200800030418,0,30,0,4,0,1,14,A01
200800030419,0,31,0,0,0,8,9,A01
200800030420,0,7,0,16,6,9,1,A01
200800030421,0,33,0,1,0,7,1,A01
200800030421,0,7,0,0,2,8,24,B02
200800030422,0,99,0,13,0,2,1,A01
200800030423,0,3,0,0,0,3,1,A01
200800030423,0,7,0,1,0,3,0,B02
200800030424,0,7,0,0,1,1,1,A01
200800030425,0,7,0,0,2,2,19,A01
200800030425,0,33,0,0,2,1,1,B02
200800030426,0,7,0,0,2,3,13,A01
200800030426,0,7,0,0,2,3,1,B02
200800030427,0,7,0,0,2,1,19,A01
200800030427,0,33,0,0,2,7,1,B02
200800030428,0,7,0,0,2,2,15,A01
200800030428,0,99,0,0,2,1,1,B02
200800030429,0,7,0,2,0,3,1,A01
200800030430,0,21,0,0,2,3,15,A01
200800030430,0,1,0,0,2,1,17,B02
200800030431,0,7,0,2,0,1,1,A01
200800030432,0,7,0,0,9,2,1,A01
200800030432,0,1,0,0,2,1,1,B02
200800030433,0,33,0,3,0,1,15,A01
200800030434,0,2,0,0,2,1,17,A01
200800030434,0,7,0,0,2,2,1,B02
200800030435,0,33,0,0,9,1,1,A01
200800030436,0,33,0,0,0,7,1,A01
200800030437,0,7,0,0,2,3,1,A01
200800030437,0,7,0,0,2,3,13,B02
200800030438,0,7,0,0,2,1,13,A01
200800030438,0,2,0,0,2,1,13,B02
200800030439,0,33,0,0,2,1,1,A01
200800030439,0,2,0,0,2,8,15,B02
200800030440,0,14,0,0,1,2,16,A01
200800030441,0,7,0,0,1,1,1,A01
200800030442,0,14,0,0,0,9,0,A01
200800030443,0,7,0,2,0,1,14,A01
200800030444,0,7,0,0,2,4,1,A01
200800030444,0,7,0,0,2,1,1,B02
200800030445,0,10,0,0,2,3,1,A01
200800030445,0,10,0,0,2,6,15,B02
200800030446,0,7,0,0,2,1,15,A01
200800030446,0,33,0,0,2,7,1,B02
200800030447,0,1,0,0,2,1,1,A01
200800030447,0,7,0,0,9,3,9,B02
200800030448,0,38,0,0,2,8,15,A01
200800030448,0,2,0,0,2,1,17,B02
200800030449,0,7,0,2,0,1,1,A01
200800030450,0,7,0,0,0,1,1,A01
200800030451,0,7,0,2,0,1,1,A01
200800030452,0,33,0,0,2,2,17,A01
200800030452,0,7,0,0,0,8,1,B02
200800030453,0,1,0,0,0,8,1,A01
200800030454,0,36,0,2,0,1,1,A01
200800030455,0,21,0,0,2,3,15,A01
200800030455,0,31,0,0,9,2,17,B02
200800030456,0,33,0,0,2,2,17,A01
200800030456,0,7,0,0,2,3,15,B02
200800030457,0,7,0,0,2,3,15,A01
200800030457,0,7,0,0,2,1,1,B02
200800030458,0,7,0,0,2,3,0,A01
200800030458,0,7,0,0,2,2,1,B02
200800030459,0,33,0,0,2,1,2,A01
200800030459,0,7,0,0,2,3,15,B02
200800030460,0,7,0,0,0,9,0,A01
200800030461,0,30,0,15,0,1,0,A01
200800030462,0,7,0,16,0,1,17,A01
200800030463,0,15,0,0,0,8,1,A01
200800030463,0,15,0,0,0,3,13,B02
200800030464,0,7,0,0,2,1,0,A01
200800030464,0,7,0,0,2,1,0,B02
200800030465,0,2,0,0,2,1,1,B02
200800030465,0,7,0,0,2,2,19,A01
200800030466,0,7,0,0,2,3,1,A01
200800030466,0,7,0,0,2,3,1,B02
200800030467,0,7,0,0,1,1,11,A01
200800030468,0,30,0,0,2,1,13,A01
200800030468,0,7,0,0,2,2,1,B02
200800030469,0,31,0,0,2,1,15,A01
200800030469,0,7,0,0,2,2,1,B02
200800030470,0,2,0,13,0,1,1,A01
200800030471,0,30,0,0,0,3,13,A01
200800030471,0,7,0,0,0,3,1,B02
200800030472,0,7,0,0,2,1,13,A01
200800030472,0,7,0,0,2,1,1,B02
200800030473,0,7,0,0,1,3,1,A01
200800030474,0,13,0,0,0,1,1,A01
200800030475,0,33,0,0,5,1,1,A01
200800030476,0,33,0,16,0,1,16,A01
200800030477,0,7,0,0,2,1,1,A01
200800030477,0,7,0,0,2,1,13,B02
200800030478,0,7,0,0,1,1,0,A01
200800030479,0,7,0,0,2,2,1,A01
200800030479,0,2,0,0,2,1,5,B02
200800030480,0,1,0,0,2,1,15,A01
200800030480,0,7,0,0,2,2,1,B02
200800030481,0,7,0,13,0,3,21,A01
200800030481,0,7,0,0,0,0,13,B02
200800030482,0,7,0,0,1,3,1,A01
200800030483,0,7,0,0,1,2,1,A01
200800030484,0,7,0,0,0,1,1,A01
200800030484,0,7,0,0,0,1,15,B02
200800030485,0,30,0,0,2,1,1,A01
200800030485,0,10,0,0,0,7,15,B02
200800030486,0,1,0,0,2,1,15,A01
200800030486,0,7,0,0,2,2,1,B02
200800030487,0,2,0,0,0,3,11,A01
200800030487,0,7,0,0,0,7,1,B02
200800030488,0,31,0,3,0,8,1,A01
200800030489,0,21,0,0,1,5,2,A01
200800030490,0,7,0,0,2,2,2,A01
200800030490,0,99,0,0,2,6,1,B02
200800030491,0,7,0,2,0,1,1,A01
200800030492,0,7,0,0,2,7,13,A01
200800030492,0,14,0,0,2,1,1,B02
200800030493,0,1,0,0,2,1,16,B02
200800030493,0,15,0,0,9,3,13,A01
200800030494,0,7,0,0,1,2,1,A01
200800030495,0,31,0,0,0,1,1,A01
200800030496,0,10,0,0,2,8,1,A01
200800030496,0,1,0,0,2,1,19,B02
200800030497,0,7,0,0,1,3,1,A01
200800030498,0,7,0,0,2,3,1,A01
200800030498,0,7,0,0,2,3,1,B02
200800030499,0,7,0,0,2,8,16,B02
200800030499,0,7,0,0,2,1,1,A01
200800030500,0,33,0,0,0,7,1,A01
200800030501,0,7,0,0,2,2,2,A01
200800030501,0,1,0,0,2,8,13,B02
200800030502,0,7,0,0,0,0,0,A01
200800030503,0,7,0,0,2,6,20,A01
200800030503,0,2,0,0,2,1,14,B02
200800030503,0,2,0,0,2,1,1,C03
200800030504,0,7,0,0,2,1,2,A01
200800030504,0,3,0,0,2,4,2,B02
200800030505,0,10,0,0,2,3,1,A01
200800030505,0,10,0,0,2,3,1,B02
200800030506,0,30,0,0,2,1,5,A01
200800030506,0,10,0,0,2,2,1,B02
200800030507,0,32,0,0,2,5,1,A01
200800030507,0,7,0,0,2,2,1,B02
200800030508,0,7,0,0,2,3,9,A01
200800030508,0,31,0,0,2,1,0,B02
200800030509,0,7,0,0,2,3,15,A01
200800030509,0,7,0,13,0,8,1,B02
200800030510,0,33,0,0,2,1,2,A01
200800030510,0,33,0,0,2,4,2,B02
200800030511,0,7,0,0,2,1,5,A01
200800030511,0,7,0,0,2,1,1,B02
200800030512,0,7,0,6,0,9,1,A01
200800030513,0,10,0,6,0,1,1,A01
200800030514,0,7,0,0,0,0,0,A01
200800030514,0,13,0,0,0,0,0,B02
200800030515,0,7,0,0,0,2,14,A01
200800030516,0,34,0,16,0,0,17,A01
200800030517,0,7,0,2,0,7,1,A01
200800030518,0,7,0,2,0,1,1,A01
200800030519,0,7,0,0,2,3,15,A01
200800030519,0,7,0,0,2,1,1,B02
200800030520,0,7,0,0,2,6,19,A01
200800030520,0,33,0,0,2,1,1,B02
200800030521,0,7,0,0,2,2,13,A01
200800030521,0,7,0,0,2,2,1,B02
200800030522,0,7,0,2,0,1,1,A01
200800030523,0,7,0,0,1,3,1,A01
200800030524,0,1,0,0,2,4,1,A01
200800030524,0,7,0,0,2,1,1,B02
200800030525,0,7,0,0,0,2,14,A01
200800030526,0,7,0,6,0,8,1,A01
200800030527,0,10,0,0,2,3,13,A01
200800030527,0,17,0,0,2,8,1,B02
200800030527,0,7,0,0,9,0,1,C03
200800030528,0,30,0,0,0,1,1,A01
200800030528,0,7,0,0,0,3,1,B02
200800030529,0,7,0,13,0,1,19,A01
200800030530,0,7,0,0,2,3,2,A01
200800030530,0,30,0,0,2,1,13,B02
200800030531,0,7,0,0,2,2,1,B02
200800030531,0,2,0,0,2,1,1,A01
200800030532,0,7,0,0,0,1,1,A01
200800030533,0,7,0,0,2,8,13,A01
200800030533,0,7,0,0,2,1,1,B02
200800030534,0,7,0,0,2,1,1,B02
200800030534,0,7,0,0,2,8,19,A01
200800030535,0,14,0,0,1,2,1,A01
200800030536,0,7,0,0,1,3,1,A01
200800030537,0,30,0,0,2,1,1,A01
200800030537,0,10,0,0,2,8,15,B02
200800030538,0,7,0,0,2,1,13,A01
200800030538,0,7,0,0,2,2,1,B02
200800030538,0,7,0,1,0,1,1,C03
200800030539,0,7,0,0,2,3,15,A01
200800030539,0,2,0,0,2,3,1,B02
200800030540,0,7,0,0,2,2,13,A01
200800030540,0,7,0,0,2,2,1,B02
200800030541,0,7,0,0,2,3,2,A01
200800030541,0,7,0,0,2,2,13,B02
200800030542,0,7,0,0,2,1,13,A01
200800030542,0,7,0,0,2,1,1,B02
200800030543,0,7,0,0,2,1,1,B02
200800030543,0,7,0,0,2,3,19,A01
200800030544,0,7,0,0,2,3,13,A01
200800030544,0,7,0,0,2,3,1,B02
200800030545,0,31,0,0,2,3,17,A01
200800030545,0,7,0,0,2,1,19,B02
200800030546,0,7,0,13,0,2,1,A01
200800030547,0,30,0,0,2,1,15,A01
200800030547,0,30,0,0,0,7,1,B02
200800030548,0,7,0,0,2,7,21,A01
200800030548,0,7,0,0,2,1,1,B02
200800030549,0,33,0,13,0,8,1,A01
200800030550,0,7,0,0,4,2,1,A01
200800030551,0,7,0,0,2,4,2,A01
200800030551,0,7,0,0,2,1,2,B02
200800030551,0,17,0,0,0,4,2,C03
200800030552,0,7,0,0,2,2,15,A01
200800030552,0,7,0,0,2,1,1,B02
200800030553,0,7,0,0,2,2,17,A01
200800030553,0,7,0,0,2,3,19,B02
200800030554,0,7,0,0,2,3,13,A01
200800030554,0,7,0,0,0,8,1,B02
200800030555,0,7,0,0,2,5,15,A01
200800030555,0,7,0,0,2,1,21,B02
200800030555,0,7,0,0,2,1,23,C03
200800030556,0,31,0,3,0,1,1,A01
200800030557,0,7,0,0,1,3,1,A01
200800030558,0,7,0,0,0,7,1,A01
200800030558,0,1,0,0,0,1,1,B02
200800030559,0,31,0,0,2,1,1,A01
200800030559,0,7,0,0,2,8,19,B02
200800030560,0,30,0,0,2,1,13,A01
200800030560,0,7,0,0,0,2,1,B02
200800030561,0,7,0,0,2,1,1,A01
200800030561,0,17,0,0,2,1,1,B02
200800030562,0,7,0,0,2,1,0,A01
200800030562,0,2,0,0,2,8,15,B02
200800030563,0,7,0,0,0,9,1,A01
200800030564,0,31,0,12,0,8,1,A01
200800030565,0,2,0,0,2,7,19,A01
200800030565,0,7,0,0,2,1,0,B02
200800030566,0,7,0,0,2,1,1,A01
200800030566,0,7,0,0,2,7,9,B02
200800030567,0,30,0,12,0,0,0,A01
200800030568,0,7,0,0,2,1,2,A01
200800030568,0,7,0,0,2,4,2,B02
200800030569,0,7,0,0,2,1,1,A01
200800030569,0,7,0,0,2,8,1,B02
200800030570,0,7,0,2,0,2,1,A01
200800030571,0,7,0,0,2,7,1,A01
200800030571,0,7,0,0,2,8,1,B02
200800030571,0,7,0,0,2,8,1,C03
200800030571,0,10,0,0,2,1,1,D04
200800030572,0,10,0,0,2,1,13,A01
200800030572,0,7,0,0,2,1,1,B02
200800030573,0,7,0,0,1,1,1,A01
200800030574,0,35,0,0,2,2,6,A01
200800030574,0,7,0,0,2,2,1,B02
200800030575,0,1,0,0,1,1,1,A01
200800030576,0,7,0,2,0,8,14,A01
200800030577,0,7,0,13,0,1,1,A01
200800030578,0,7,0,0,2,3,13,A01
200800030578,0,10,0,0,2,3,1,B02
200800030579,0,7,0,0,2,3,15,A01
200800030579,0,2,0,0,2,1,1,B02
200800030580,0,31,0,0,2,2,17,A01
200800030580,0,7,0,0,0,6,15,B02
200800030581,0,33,0,2,0,7,17,A01
200800030581,0,7,0,2,0,8,15,B02
200800030582,0,7,0,0,9,7,17,A01
200800030582,0,1,0,0,2,1,1,B02
200800030583,0,7,0,0,0,5,9,A01
200800030583,0,33,0,0,2,3,1,B02
200800030584,0,7,0,6,0,1,1,A01
200800030585,0,7,0,0,2,8,9,A01
200800030585,0,3,0,0,2,1,1,B02
200800030586,0,7,0,0,2,3,1,A01
200800030586,0,7,0,0,2,3,1,B02
200800030587,0,2,0,0,1,1,1,A01
200800030588,0,31,0,0,2,1,1,A01
200800030588,0,17,0,0,2,3,19,B02
200800030589,0,7,0,8,2,7,19,A01
200800030589,0,7,0,0,2,1,1,B02
200800030590,0,33,0,0,2,1,1,B02
200800030590,0,7,0,0,2,6,19,A01
200800030591,0,7,0,0,2,1,1,A01
200800030591,0,1,0,0,2,7,2,B02
200800030592,0,33,0,0,2,1,1,A01
200800030592,0,7,0,0,2,1,1,B02
200800030593,0,7,0,0,1,2,1,A01
200800030594,0,7,0,0,2,7,1,A01
200800030594,0,7,0,0,2,1,1,B02
200800030595,0,10,0,0,2,8,13,A01
200800030595,0,15,0,0,2,8,1,B02
200800030596,0,7,0,0,2,8,19,A01
200800030596,0,31,0,0,2,1,1,B02
200800030597,0,7,0,0,2,1,15,A01
200800030597,0,14,0,0,2,2,1,B02
200800030597,0,17,0,0,2,8,23,C03
200800030598,0,2,0,0,2,1,15,A01
200800030598,0,7,0,0,2,2,1,B02
200800030599,0,7,0,0,2,3,13,A01
200800030599,0,7,0,0,2,1,2,B02
200800030600,0,7,0,0,1,1,1,A01
200800030601,0,33,0,15,0,1,1,A01
200800030602,0,7,0,0,2,3,13,A01
200800030602,0,17,0,0,2,3,1,B02
200800030603,0,10,0,13,0,2,1,A01
200800030604,0,7,0,0,0,6,1,A01
200800030604,0,2,0,0,2,1,2,B02
200800030605,0,7,0,16,0,1,13,A01
200800030606,0,7,0,8,0,8,1,A01
200800030607,0,7,0,0,2,3,13,A01
200800030607,0,7,0,0,2,3,1,B02
200800030608,0,7,0,0,2,2,13,A01
200800030608,0,7,0,0,2,3,1,B02
200800030609,0,7,0,0,2,7,19,A01
200800030609,0,15,0,0,2,1,1,B02
200800030610,0,7,0,0,2,2,17,A01
200800030610,0,32,0,0,2,1,15,B02
200800030611,0,7,0,0,2,1,13,A01
200800030611,0,7,0,16,2,1,1,B02
200800030612,0,7,0,0,2,3,13,A01
200800030612,0,15,0,0,2,3,1,B02
200800030613,0,14,0,0,2,7,4,A01
200800030613,0,33,0,0,2,1,1,B02
200800030614,0,10,0,0,0,1,0,A01
200800030615,0,7,0,0,2,3,15,A01
200800030615,0,7,0,0,2,2,1,B02
200800030616,0,15,0,3,0,2,14,A01
200800030617,0,7,0,2,0,0,0,A01
200800030617,0,7,0,0,2,2,12,B02
200800030617,0,7,0,0,2,6,0,C03
200800030618,0,7,0,0,0,3,15,A01
200800030618,0,1,0,0,2,1,1,B02
200800030619,0,31,0,13,0,0,1,A01
200800030620,0,7,0,0,2,5,15,A01