Num_Acc,senc,catv,occutc,obs,obsm,choc,manv,num_veh
200800030620,0,33,0,0,2,1,1,B02
200800030621,0,7,0,8,0,2,13,A01
200800030622,0,7,0,0,2,6,1,A01
200800030622,0,33,0,0,2,1,3,B02
200800030623,0,7,0,3,0,1,1,A01
200800030624,0,7,0,13,0,1,1,A01
200800030625,0,7,0,0,2,3,15,A01
200800030625,0,33,0,0,2,1,1,B02
200800030626,0,7,0,6,0,3,5,A01
200800030627,0,7,0,16,0,9,13,A01
200800030628,0,7,0,14,0,2,15,A01
200800030629,0,7,0,16,0,1,13,A01
200800030630,0,7,0,0,2,7,14,A01
200800030630,0,7,0,0,2,8,1,B02
200800030631,0,33,0,0,2,1,17,A01
200800030631,0,7,0,0,0,1,1,B02
200800030632,0,7,0,0,2,5,15,A01
200800030632,0,33,0,0,2,1,1,B02
200800030633,0,7,0,12,0,2,1,A01
200800030634,0,7,0,13,2,2,13,A01
200800030634,0,7,0,0,2,1,1,B02
200800030635,0,7,0,0,2,7,15,A01
200800030635,0,2,0,0,2,1,1,B02
200800030636,0,33,0,0,2,1,1,A01
200800030636,0,17,0,0,2,2,1,B02
200800030637,0,7,0,0,2,3,13,A01
200800030637,0,7,0,0,2,2,1,B02
200800030638,0,7,0,0,2,1,13,A01
200800030638,0,7,0,0,2,3,1,B02
200800030639,0,7,0,1,2,9,17,A01
200800030639,0,7,0,0,2,3,1,B02
200800030640,0,33,0,13,0,2,1,A01
200800030640,0,33,0,13,0,1,1,B02
200800030641,0,7,0,13,0,7,0,A01
200800030642,0,7,0,0,2,2,1,A01
200800030642,0,7,0,0,2,3,19,B02
200800030643,0,7,0,0,1,8,17,A01
200800030643,0,1,0,0,2,0,21,B02
200800030644,0,33,0,0,2,1,1,A01
200800030644,0,7,0,0,2,5,15,B02
200800030645,0,30,0,0,0,8,13,A01
200800030645,0,33,0,0,2,1,1,B02
200800030646,0,7,0,0,2,1,1,B02
200800030646,0,7,0,0,2,2,15,A01
200800030647,0,30,0,0,2,1,1,A01
200800030647,0,1,0,0,2,1,1,B02
200800030648,0,7,0,0,0,3,1,A01
200800030648,0,7,0,2,0,8,1,B02
200800030648,0,7,0,0,2,3,13,C03
200800030649,0,30,0,0,2,1,13,A01
200800030649,0,7,0,0,2,1,1,B02
200800030650,0,7,0,13,0,1,1,A01
200800030651,0,7,0,0,2,3,1,A01
200800030651,0,31,0,0,2,3,1,B02
200800030652,0,7,0,12,2,1,13,A01
200800030652,0,7,0,12,2,3,1,B02
200800030653,0,7,0,0,2,3,15,A01
200800030653,0,7,0,0,2,2,1,B02
200800030654,0,7,0,0,2,3,19,B02
200800030654,0,7,0,0,2,1,1,A01
200800030655,0,10,0,0,2,1,13,A01
200800030655,0,7,0,0,2,1,1,B02
200800030656,0,17,0,0,1,1,1,A01
200800030657,0,33,0,14,9,7,1,A01
200800030658,0,7,0,0,1,2,1,A01
200800030659,0,30,0,13,0,7,1,A01
200800030660,0,7,0,0,2,1,1,A01
200800030660,0,7,0,0,2,1,1,B02
200800030661,0,7,0,0,2,3,1,A01
200800030661,0,7,0,0,2,3,1,B02
200800030662,0,32,0,0,2,7,17,A01
200800030662,0,7,0,0,2,3,15,B02
200800030663,0,2,0,13,0,1,1,A01
200800030664,0,7,0,13,0,3,1,A01
200800030665,0,7,0,0,2,1,17,A01
200800030665,0,2,0,0,2,4,1,B02
200800030666,0,2,0,0,2,1,18,A01
200800030666,0,10,0,0,2,3,16,B02
200800030667,0,7,0,0,2,6,23,A01
200800030667,0,30,0,0,2,1,2,B02
200800030668,0,7,0,4,0,3,13,A01
200800030669,0,7,0,6,2,2,5,A01
200800030669,0,7,0,0,2,2,1,B02
200800030670,0,7,0,2,0,1,1,A01
200800030671,0,33,0,0,2,1,1,A01
200800030671,0,7,0,0,2,3,5,B02
200800030672,0,30,0,0,2,1,16,A01
200800030672,0,7,0,0,2,8,1,B02
200800030673,0,30,0,0,0,0,0,A01
200800030673,0,7,0,0,2,1,1,B02
200800030674,0,33,0,16,0,7,2,A01
200800030675,0,10,0,6,0,1,1,A01
200800030676,0,7,0,0,2,1,13,A01
200800030676,0,7,0,0,2,1,1,B02
200800030676,0,7,0,4,2,8,1,C03
200800030676,0,7,0,0,2,6,1,D04
200800030677,0,7,0,0,2,3,13,A01
200800030677,0,7,0,0,2,3,1,B02
200800030677,0,10,0,0,2,1,2,C03
200800030678,0,33,0,0,0,1,1,A01
200800030679,0,7,0,0,2,3,15,A01
200800030679,0,16,0,0,2,1,1,B02
200800030680,0,7,0,0,2,1,5,A01
200800030680,0,7,0,0,2,1,1,B02
200800030680,0,7,0,0,9,0,1,C03
200800030681,0,7,0,0,1,2,1,A01
200800030682,0,14,0,0,0,9,14,A01
200800030683,0,33,0,0,2,1,17,A01
200800030683,0,7,0,0,2,3,1,B02
200800030684,0,2,0,0,2,1,17,A01
200800030684,0,7,0,0,0,8,15,B02
200800030685,0,7,0,0,2,2,17,A01
200800030686,0,7,0,0,2,1,1,A01
200800030686,0,7,0,0,2,5,19,B02
200800030687,0,7,0,0,0,0,1,A01
200800030688,0,32,0,0,2,1,19,A01
200800030688,0,7,0,0,2,1,1,B02
200800030689,0,30,0,14,2,9,5,A01
200800030689,0,7,0,0,2,8,2,B02
200800030690,0,33,0,0,2,1,1,A01
200800030690,0,7,0,0,2,8,1,B02
200800030691,0,33,0,4,0,7,1,A01
200800030692,0,2,0,0,2,1,19,A01
200800030692,0,7,0,0,2,3,1,B02
200800030693,0,7,0,0,0,3,9,A01
200800030693,0,31,0,0,2,2,1,B02
200800030694,0,31,0,0,2,1,13,A01
200800030694,0,7,0,0,2,3,1,B02
200800030695,0,2,0,2,0,7,15,A01
200800030696,0,7,0,0,2,5,15,A01
200800030696,0,33,0,0,2,9,0,B02
200800030697,0,7,0,0,2,5,12,A01
200800030697,0,2,0,0,2,3,1,B02
200800030698,0,10,0,16,0,9,1,A01
200800030699,0,7,0,0,2,6,10,A01
200800030699,0,32,0,0,2,1,1,B02
200800030700,0,31,0,2,2,1,21,A01
200800030700,0,10,0,0,0,0,17,B02
200800030701,0,7,0,0,2,1,1,A01
200800030701,0,7,0,0,2,3,1,B02
200800030702,0,7,0,0,2,8,10,A01
200800030702,0,33,0,0,2,1,17,B02
200800030703,0,7,0,0,2,3,11,A01
200800030703,0,31,0,0,2,7,2,B02
200800030704,0,7,0,0,2,8,1,A01
200800030704,0,31,0,0,2,1,13,B02
200800030705,0,7,0,0,2,3,15,A01
200800030705,0,31,0,0,2,1,17,B02
200800030706,0,7,0,0,2,5,15,A01
200800030706,0,33,0,0,2,1,1,B02
200800030707,0,7,0,0,2,3,5,A01
200800030707,0,7,0,0,2,1,1,B02
200800030708,0,7,0,0,2,3,13,A01
200800030708,0,30,0,0,2,2,17,B02
200800030709,0,10,0,0,2,2,9,A01
200800030709,0,31,0,0,2,2,17,B02
200800030710,0,7,0,0,0,3,5,A01
200800030710,0,10,0,0,0,3,1,B02
200800030711,0,7,0,0,2,1,13,A01
200800030711,0,7,0,0,2,1,1,B02
200800030711,0,7,0,0,2,1,1,C03
200800030712,0,7,0,0,2,2,19,A01
200800030712,0,2,0,0,2,1,1,B02
200800030713,0,7,0,0,2,1,17,A01
200800030713,0,2,0,0,2,1,1,B02
200800030714,0,7,0,0,2,1,1,A01
200800030714,0,7,0,0,2,1,1,B02
200800030715,0,7,0,0,2,1,5,A01
200800030715,0,33,0,0,2,1,1,B02
200800030716,0,33,0,0,2,1,13,A01
200800030716,0,7,0,0,2,3,1,B02
200800030717,0,7,0,0,2,3,15,A01
200800030717,0,33,0,0,2,2,9,B02
200800030718,0,7,0,0,2,7,1,B02
200800030718,0,7,0,0,2,1,19,A01
200800030719,0,7,0,0,2,2,1,A01
200800030719,0,99,0,0,2,8,19,B02
200800030720,0,33,0,0,2,3,2,A01
200800030720,0,7,0,0,2,2,1,B02
200800030721,0,32,0,0,2,3,2,A01
200800030721,0,7,0,0,9,3,11,B02
200800030722,0,30,0,2,0,1,1,A01
200800030723,0,7,0,0,0,7,15,A01
200800030723,0,30,0,0,2,0,1,B02
200800030724,0,10,0,0,2,1,1,B02
200800030724,0,30,0,0,2,8,15,A01
200800030725,0,7,0,0,2,7,13,A01
200800030725,0,7,0,0,2,1,1,B02
200800030726,0,7,0,8,0,1,13,A01
200800030727,0,30,0,0,2,8,19,B02
200800030727,0,7,0,0,2,2,1,A01
200800030728,0,30,0,0,2,8,2,A01
200800030728,0,33,0,0,2,7,2,B02
200800030729,0,30,0,0,2,1,1,A01
200800030729,0,7,0,0,0,4,0,B02
200800030730,0,7,0,1,0,2,1,A01
200800030730,0,7,0,0,0,6,0,B02
200800030731,0,10,0,0,2,3,5,A01
200800030731,0,33,0,0,2,3,5,B02
200800030732,0,7,0,0,2,1,5,A01
200800030732,0,7,0,0,2,1,1,B02
200800030733,0,30,0,0,2,1,1,A01
200800030733,0,7,0,0,2,1,1,B02
200800030734,0,31,0,0,2,8,16,A01
200800030734,0,7,0,0,2,2,1,B02
200800030735,0,2,0,0,2,8,13,A01
200800030735,0,10,0,0,2,8,1,B02
200800030736,0,7,0,0,2,6,15,A01
200800030736,0,33,0,0,2,1,1,B02
200800030737,0,7,0,0,2,1,1,A01
200800030737,0,17,0,0,2,5,1,B02
200800030738,0,10,0,2,0,1,15,A01
200800030739,0,15,0,0,2,2,1,A01
200800030739,0,7,0,0,2,1,1,B02
200800030740,0,7,0,0,2,3,15,A01
200800030740,0,30,0,0,2,1,1,B02
200800030741,0,7,0,2,0,7,1,A01
200800030742,0,33,0,13,0,9,13,A01
200800030743,0,34,0,0,2,1,1,A01
200800030743,0,7,0,0,0,3,15,B02
200800030744,0,21,0,0,0,0,21,A01
200800030745,0,33,0,0,2,1,1,A01
200800030745,0,7,0,0,2,3,15,B02
200800030746,0,7,0,0,2,2,10,A01
200800030746,0,7,0,0,2,2,1,B02
200800030747,0,7,0,2,0,3,1,A01
200800030748,0,7,0,13,0,3,1,A01
200800030749,0,7,0,0,2,1,1,A01
200800030749,0,1,0,0,2,7,19,B02
200800030750,0,7,0,2,0,1,1,A01
200800030751,0,33,0,0,2,1,21,A01
200800030751,0,10,0,0,0,5,15,B02
200800030752,0,7,0,2,0,2,1,A01
200800030753,0,7,0,0,1,2,1,A01
200800030754,0,7,0,0,2,3,13,A01
200800030754,0,7,0,0,2,3,1,B02
200800030755,0,33,0,0,2,1,6,A01
200800030755,0,7,0,0,2,1,1,B02
200800030756,0,7,0,2,0,3,16,A01
200800030757,0,7,0,0,1,4,4,A01
200800030758,0,33,0,0,2,7,13,A01
200800030758,0,10,0,0,2,1,1,B02
200800030759,0,10,0,6,0,3,0,A01
200800030760,0,7,0,0,9,7,15,A01
200800030760,0,1,0,0,2,1,1,B02
200800030761,0,33,0,0,2,1,1,A01
200800030761,0,7,0,0,2,1,1,B02
200800030762,0,31,0,0,2,1,1,A01
200800030762,0,7,0,0,2,3,1,B02
200800030763,0,14,0,0,0,0,1,A01
200800030764,0,7,0,0,9,2,14,A01
200800030764,0,1,0,0,2,4,1,B02
200800030765,0,7,0,0,1,8,1,A01
200800030766,0,7,0,2,0,2,1,A01
200800030767,0,31,0,13,0,7,1,A01
200800030768,0,7,0,5,0,3,14,A01
200800030769,0,33,0,0,2,8,13,A01
200800030769,0,7,0,0,2,8,21,B02
200800030770,0,31,0,0,2,0,21,A01
200800030771,0,7,0,13,0,1,1,A01
200800030772,0,7,0,13,0,9,1,A01
200800030773,0,7,0,2,0,7,1,A01
200800030774,0,7,0,0,2,2,1,A01
200800030774,0,2,0,0,2,8,19,B02
200800030775,0,7,0,5,1,2,14,A01
200800030776,0,14,0,0,2,5,0,A01
200800030776,0,33,0,0,2,1,1,B02
200800030777,0,7,0,2,0,2,1,A01
200800030778,0,33,0,0,0,0,0,A01
200800030779,0,7,0,0,2,2,2,A01
200800030779,0,1,0,0,0,4,1,B02
200800030780,0,33,0,0,0,7,0,A01
200800030781,0,7,0,0,1,6,4,A01
200800030782,0,7,0,0,0,8,1,A01
200800030782,0,7,0,0,0,8,13,B02
200800030783,0,7,0,6,0,2,1,A01
200800030784,0,2,0,0,0,0,1,A01
200800030785,0,7,0,0,2,1,1,A01
200800030785,0,2,0,0,2,1,1,B02
200800030786,0,7,0,13,0,3,1,A01
200800030787,0,7,0,0,0,0,0,A01
200800030787,0,7,0,0,2,1,1,B02
200800030788,0,31,0,0,6,1,1,A01
200800030789,0,30,0,0,0,0,1,A01
200800030790,0,7,0,10,0,1,14,A01
200800030791,0,7,0,0,2,3,13,A01
200800030791,0,33,0,0,2,1,1,B02
200800030792,0,7,0,16,0,3,17,A01
200800030793,0,7,0,0,0,5,1,A01
200800030793,0,33,0,0,2,1,1,B02
200800030794,0,7,0,0,1,2,1,A01
200800030795,0,7,0,13,0,1,0,A01
200800030796,0,7,0,0,2,3,17,A01
200800030796,0,7,0,0,2,3,1,B02
200800030797,0,7,0,0,2,1,15,A01
200800030797,0,30,0,0,2,1,1,B02
200800030798,0,7,0,16,0,0,14,A01
200800030799,0,7,0,10,0,2,1,A01
200800030800,0,7,0,0,2,3,1,A01
200800030800,0,37,0,0,2,7,19,B02
200800030801,0,7,0,0,0,2,15,A01
200800030801,0,7,0,0,0,5,1,B02
200800030802,0,7,0,0,2,3,13,A01
200800030802,0,7,0,0,2,3,1,B02
200800030803,0,7,0,0,2,7,1,B02
200800030803,0,30,0,0,2,1,1,A01
200800030804,0,10,0,8,0,2,1,A01
200800030805,0,7,0,0,2,6,24,A01
200800030805,0,33,0,1,0,2,2,B02
200800030805,0,32,0,0,2,6,24,C03
200800030806,0,33,0,0,2,8,1,A01
200800030807,0,2,0,0,0,0,0,A01
200800030808,0,7,0,0,2,5,19,A01
200800030808,0,7,0,0,2,1,0,B02
200800030809,0,7,0,0,2,1,17,A01
200800030809,0,7,0,0,2,1,1,B02
200800030809,0,7,0,0,2,8,1,C03
200800030810,0,31,0,4,0,2,1,A01
200800030811,0,14,0,0,9,7,17,A01
200800030811,0,1,0,0,2,3,15,B02
200800030812,0,7,0,0,0,0,1,A01
200800030813,0,33,0,2,0,1,1,A01
200800030814,0,7,0,2,0,2,1,A01
200800030815,0,15,0,0,2,1,1,A01
200800030815,0,21,0,0,0,4,1,B02
200800030816,0,31,0,0,0,3,13,A01
200800030817,0,7,0,0,2,1,13,A01
200800030817,0,14,0,0,2,1,1,B02
200800030818,0,7,0,3,0,3,1,A01
200800030819,0,7,0,0,2,2,13,A01
200800030819,0,7,0,0,2,3,1,B02
200800030820,0,33,0,0,0,7,1,A01
200800030821,0,7,0,2,0,1,1,A01
200800030822,0,1,0,0,2,5,17,A01
200800030822,0,7,0,0,0,3,1,B02
200800030823,0,7,0,0,2,3,15,A01
200800030823,0,31,0,0,2,1,1,B02
200800030824,0,10,0,2,0,1,1,A01
200800030825,0,7,0,13,0,2,1,A01
200800030826,0,1,0,0,9,0,1,A01
200800030827,0,7,0,0,2,2,19,A01
200800030827,0,7,0,0,2,3,16,B02
200800030828,0,7,0,1,0,4,13,A01
200800030828,0,7,0,0,2,8,24,B02
200800030828,0,7,0,0,2,8,24,C03
200800030828,0,7,0,0,2,3,24,D04
200800030828,0,7,0,0,2,1,24,E05
200800030828,0,7,0,0,2,1,1,F06
200800030828,0,7,0,1,0,6,21,G07
200800030829,0,33,0,0,2,1,2,A01
200800030829,0,7,0,0,9,6,1,B02
200800030830,0,7,0,0,9,1,1,A01
200800030830,0,1,0,0,2,8,19,B02
200800030831,0,33,0,13,0,1,1,A01
200800030832,0,7,0,2,0,1,1,A01
200800030833,0,10,0,0,2,7,1,A01
200800030833,0,33,0,4,2,1,19,B02
200800030834,0,7,0,0,1,3,1,A01
200800030835,0,99,0,13,0,2,1,A01
200800030836,0,14,0,0,2,7,17,A01
200800030836,0,36,0,0,2,3,15,B02
200800030837,0,7,0,0,2,3,2,A01
200800030837,0,7,0,0,2,1,13,B02
200800030838,0,32,0,0,2,8,10,A01
200800030838,0,33,0,0,2,1,1,B02
200800030839,0,7,0,0,2,4,1,A01
200800030839,0,33,0,0,2,1,1,B02
200800030840,0,7,0,0,2,3,19,A01
200800030840,0,31,0,0,2,1,1,B02
200800030841,0,7,0,0,2,3,13,A01
200800030841,0,7,0,0,2,1,1,B02
200800030842,0,7,0,13,0,3,1,A01
200800030843,0,7,0,0,2,3,1,A01
200800030843,0,7,0,0,2,3,0,B02
200800030844,0,7,0,2,0,1,21,A01
200800030845,0,7,0,0,2,3,1,A01
200800030845,0,7,0,0,2,3,1,B02
200800030846,0,7,0,0,1,2,1,A01
200800030847,0,7,0,0,2,3,1,A01
200800030847,0,7,0,0,2,3,1,B02
200800030848,0,7,0,0,2,2,23,A01
200800030848,0,2,0,0,2,1,13,B02
200800030849,0,7,0,6,0,1,1,A01
200800030850,0,10,0,0,9,7,16,A01
200800030850,0,99,0,0,2,0,1,B02
200800030851,0,7,0,0,2,1,1,A01
200800030851,0,7,0,0,2,4,15,B02
200800030852,0,33,0,4,0,1,1,A01
200800030853,0,32,0,0,2,4,15,A01
200800030853,0,33,0,0,2,1,17,B02
200800030854,0,7,0,1,2,2,20,A01
200800030854,0,7,0,0,2,3,1,B02
200800030855,0,7,0,0,0,1,1,A01
200800030856,0,33,0,14,0,1,1,A01
200800030857,0,14,0,0,2,1,13,A01
200800030857,0,14,0,0,2,1,1,B02
200800030858,0,7,0,0,2,2,17,A01
200800030858,0,7,0,0,2,8,15,B02
200800030859,0,33,0,0,2,1,1,A01
200800030859,0,7,0,0,2,3,19,B02
200800030860,0,7,0,0,2,2,13,A01
200800030860,0,7,0,0,2,7,1,B02
200800030861,0,7,0,0,2,1,13,A01
200800030861,0,7,0,0,2,1,1,B02
200800030862,0,33,0,0,0,0,0,A01
200800030863,0,33,0,0,2,0,0,A01
200800030863,0,7,0,0,2,6,4,B02
200800030864,0,7,0,0,0,6,13,A01
200800030864,0,7,0,0,0,3,1,B02
200800030865,0,7,0,0,0,0,0,A01
200800030866,0,10,0,8,0,7,13,A01
200800030867,0,7,0,0,0,6,19,A01
200800030867,0,7,0,0,0,3,1,B02
200800030868,0,7,0,2,0,1,1,A01
200800030869,0,1,0,0,2,1,19,A01
200800030869,0,7,0,0,9,2,1,B02
200800030870,0,7,0,2,0,1,1,A01
200800030871,0,30,0,0,0,6,23,A01
200800030871,0,30,0,0,2,2,1,B02
200800030872,0,33,0,0,2,3,11,A01
200800030872,0,33,0,0,2,3,2,B02
200800030873,0,99,0,0,2,1,15,A01
200800030873,0,99,0,0,2,3,1,B02
200800030874,0,33,0,13,0,0,1,A01
200800030875,0,10,0,0,1,7,1,A01
200800030876,0,17,0,0,2,8,15,A01
200800030876,0,7,0,0,2,1,1,B02
200800030877,0,7,0,13,0,1,1,A01
200800030878,0,7,0,0,1,1,1,A01
200800030878,0,7,0,0,1,1,1,B02
200800030879,0,10,0,0,1,3,1,A01
200800030880,0,10,0,4,2,5,1,A01
200800030880,0,33,0,0,2,9,0,B02
200800030881,0,7,0,8,0,2,0,A01
200800030882,0,7,0,0,1,2,1,A01
200800030883,0,10,0,0,2,7,16,A01
200800030883,0,30,0,0,0,1,16,B02
200800030884,0,7,0,2,0,1,0,A01
200800030885,0,30,0,0,2,8,0,A01
200800030885,0,10,0,0,2,1,0,B02
200800030886,0,33,0,0,0,1,1,A01
200800030887,0,30,0,0,2,1,1,A01
200800030888,0,7,0,0,2,3,9,A01
200800030888,0,33,0,0,2,1,1,B02
200800030889,0,2,0,0,2,6,2,A01
200800030889,0,7,0,0,0,6,15,B02
200800030890,0,33,0,0,2,1,13,A01
200800030890,0,7,0,0,2,2,1,B02
200800030891,0,14,0,0,2,3,9,A01
200800030891,0,30,0,0,2,7,15,B02
200800030892,0,1,0,0,0,1,0,A01
200800030893,0,7,0,0,2,3,15,A01
200800030893,0,7,0,0,2,2,1,B02
200800030894,0,7,0,4,0,1,13,A01
200800030894,0,7,0,0,2,3,21,B02
200800030895,0,7,0,0,9,3,16,A01
200800030895,0,1,0,0,0,7,1,B02
200800030896,0,32,0,0,2,7,19,A01
200800030896,0,14,0,0,2,1,1,B02
200800030897,0,7,0,0,1,3,15,A01
200800030897,0,30,0,0,0,1,17,B02
200800030898,0,33,0,0,0,0,1,A01
200800030899,0,7,0,0,0,2,1,A01
200800030900,0,7,0,0,0,9,1,A01
200800030901,0,10,0,13,0,0,17,A01
200800030902,0,33,0,8,0,7,13,A01
200800030903,0,7,0,0,2,1,2,A01
200800030903,0,7,0,0,5,4,1,B02
200800030904,0,14,0,0,0,1,1,A01
200800030904,0,1,0,0,0,1,19,B02
200800030904,0,1,0,0,0,1,19,C03
200800030905,0,7,0,0,2,3,1,A01
200800030905,0,7,0,0,2,7,1,B02
200800030906,0,7,0,0,2,1,1,A01
200800030906,0,1,0,0,2,7,19,B02
200800030907,0,7,0,2,0,1,17,A01
200800030908,0,7,0,8,0,7,0,A01
200800030909,0,7,0,2,0,9,13,A01
200800030910,0,7,0,13,0,2,17,A01
200800030911,0,33,0,12,0,2,15,A01
200800030912,0,7,0,0,2,1,1,A01
200800030912,0,3,0,0,2,4,1,B02
200800030913,0,7,0,0,2,2,15,A01
200800030913,0,1,0,0,2,1,16,B02
200800030914,0,7,0,0,2,1,1,A01
200800030914,0,7,0,0,0,7,19,B02
200800030915,0,7,0,0,0,1,1,A01
200800030915,0,7,0,0,0,3,15,B02
200800030915,0,7,0,0,2,3,1,C03
200800030916,0,33,0,0,2,1,1,A01
200800030916,0,33,0,0,2,1,0,B02
200800030917,0,7,0,8,0,1,1,A01
200800030918,0,7,0,0,2,3,6,A01
200800030918,0,15,0,0,2,3,1,B02
200800030919,0,7,0,0,1,3,1,A01
200800030920,0,10,0,0,2,3,13,A01
200800030920,0,14,0,0,2,8,1,B02
200800030921,0,33,0,13,0,9,1,A01
200800030922,0,7,0,0,1,3,1,A01
200800030923,0,7,0,0,2,3,15,A01
200800030923,0,7,0,0,2,2,0,B02
200800030924,0,7,0,2,0,1,1,A01
200800030925,0,7,0,0,2,3,15,A01
200800030925,0,7,0,0,2,3,1,B02
200800030926,0,7,0,0,2,3,17,A01
200800030926,0,7,0,0,2,3,1,B02
200800030926,0,7,0,0,0,0,16,C03
200800030927,0,7,0,0,2,3,17,A01
200800030927,0,7,0,0,2,1,1,B02
200800030928,0,33,0,13,0,1,1,A01
200800030929,0,7,0,0,2,2,15,A01
200800030929,0,1,0,0,2,1,19,B02
200800030930,0,7,0,0,1,1,1,A01
200800030931,0,33,0,0,2,2,17,A01
200800030931,0,7,0,0,2,6,17,B02
200800030932,0,33,0,16,0,8,1,A01
200800030933,0,30,0,16,0,0,1,A01
200800030934,0,7,0,6,0,1,1,A01
200800030935,0,31,0,0,2,1,17,A01
200800030935,0,7,0,0,2,1,1,B02
200800030936,0,32,0,0,0,0,2,A01
200800030937,0,7,0,0,2,6,13,A01
200800030937,0,37,0,0,2,3,1,B02
200800030938,0,30,0,0,0,7,1,A01
200800030939,0,7,0,0,2,3,21,A01
200800030939,0,7,0,0,2,1,0,B02
200800030940,0,7,0,16,0,1,11,A01
200800030941,0,30,0,3,0,4,1,A01
200800030942,0,7,0,0,2,1,1,A01
200800030942,0,21,0,0,2,8,1,B02
200800030943,0,30,0,0,2,1,21,A01
200800030944,0,7,0,2,0,8,1,A01
200800030945,0,7,0,0,2,7,1,A01
200800030945,0,30,0,0,2,1,1,B02
200800030946,0,7,0,0,1,3,1,A01
200800030947,0,7,0,0,1,1,1,A01
200800030948,0,2,0,0,0,4,11,A01
200800030948,0,10,0,0,2,1,17,B02
200800030949,0,7,0,0,2,1,1,A01
200800030949,0,1,0,0,2,1,15,B02
200800030950,0,30,0,0,2,8,19,A01
200800030950,0,7,0,0,2,1,1,B02
200800030951,0,30,0,3,0,0,1,A01
200800030952,0,7,0,0,2,5,15,A01
200800030952,0,34,0,0,2,2,1,B02
200800030953,0,7,0,0,2,1,13,A01
200800030953,0,15,0,0,2,1,1,B02
200800030954,0,30,0,0,2,3,13,A01
200800030954,0,38,0,0,2,2,1,B02
200800030955,0,7,0,8,0,1,1,A01
200800030956,0,30,0,0,2,1,1,A01
200800030956,0,7,0,0,2,5,20,B02
200800030957,0,31,0,13,0,1,1,A01
200800030958,0,30,0,0,2,1,16,A01
200800030958,0,7,0,0,2,2,1,B02
200800030959,0,7,0,0,2,7,1,A01
200800030959,0,7,0,0,2,1,19,B02
200800030960,0,10,0,0,0,1,15,A01
200800030960,0,10,0,0,0,1,1,B02
200800030961,0,7,0,0,2,1,2,A01
200800030961,0,7,0,0,2,4,23,B02
200800030961,0,7,0,0,2,4,15,C03
200800030962,0,30,0,0,0,0,1,A01
200800030963,0,7,0,0,2,3,1,A01
200800030963,0,1,0,0,2,1,15,B02
200800030964,0,33,0,0,0,1,21,A01
200800030965,0,7,0,0,2,6,1,A01
200800030965,0,30,0,0,2,1,1,B02
200800030966,0,2,0,0,2,1,19,A01
200800030966,0,7,0,0,2,7,1,B02
200800030967,0,33,0,13,0,1,1,A01
200800030967,0,14,0,0,0,0,19,B02
200800030968,0,33,0,0,2,1,2,A01
200800030968,0,7,0,0,0,4,15,B02
200800030969,0,7,0,0,2,8,19,A01
200800030969,0,7,0,0,2,1,1,B02
200800030970,0,7,0,0,2,2,1,A01
200800030970,0,7,0,0,2,1,1,B02
200800030971,0,7,0,0,0,1,1,A01
200800030971,0,7,0,0,0,3,1,B02
200800030972,0,7,0,0,9,1,13,A01
200800030972,0,2,0,0,0,1,1,B02
200800030973,0,7,0,0,1,0,1,A01
200800030974,0,7,0,0,2,7,1,A01
200800030974,0,7,0,0,0,1,1,B02
200800030975,0,30,0,0,2,8,15,A01
200800030975,0,7,0,0,2,2,17,B02
200800030976,0,33,0,16,0,8,1,A01
200800030977,0,21,0,0,2,2,15,A01
200800030977,0,7,0,0,0,1,1,B02
200800030978,0,7,0,0,2,8,13,A01
200800030978,0,10,0,0,2,1,1,B02
200800030979,0,7,0,0,2,8,15,A01
200800030979,0,7,0,0,2,1,1,B02
200800030980,0,7,0,2,0,1,17,A01
200800030981,0,7,0,0,2,2,13,A01
200800030981,0,7,0,0,2,2,1,B02
200800030982,0,7,0,2,0,2,1,A01
200800030983,0,10,0,0,2,1,1,A01
200800030983,0,1,0,0,2,1,9,B02
200800030984,0,30,0,2,0,1,1,A01
200800030985,0,7,0,0,2,2,15,A01
200800030985,0,7,0,0,0,3,1,B02
200800030986,0,30,0,0,2,1,21,A01
200800030986,0,7,0,0,2,2,15,B02
200800030987,0,7,0,8,0,9,1,A01
200800030988,0,7,0,10,0,1,1,A01
200800030989,0,31,0,0,2,1,1,A01
200800030989,0,7,0,0,2,1,21,B02
200800030990,0,7,0,0,2,2,15,A01
200800030990,0,7,0,0,2,1,1,B02
200800030991,0,7,0,0,1,1,1,A01
200800030992,0,7,0,0,2,6,15,A01
200800030992,0,32,0,0,2,1,17,B02
200800030993,0,33,0,14,1,1,21,A01
200800030993,0,7,0,0,0,5,23,B02
200800030994,0,7,0,0,2,1,1,A01
200800030994,0,30,0,0,2,4,2,B02
200800030995,0,7,0,4,2,2,17,A01
200800030995,0,7,0,4,2,3,1,B02
200800030996,0,31,0,0,2,1,1,A01
200800030996,0,7,0,0,2,1,15,B02
200800030997,0,7,0,0,2,1,13,A01
200800030997,0,7,0,0,2,1,5,B02
200800030998,0,7,0,0,2,1,13,A01
200800030998,0,7,0,0,2,1,1,B02
200800030999,0,7,0,0,2,1,1,A01
200800030999,0,7,0,14,2,1,1,B02
200800030999,0,7,0,0,2,8,19,C03
200800031000,0,7,0,0,0,3,10,A01