Num_Acc,senc,catv,occutc,obs,obsm,choc,manv,num_veh
200800031000,0,33,0,0,2,1,1,B02
200800031001,0,33,0,4,0,1,1,A01
200800031002,0,7,0,2,0,1,16,A01
200800031003,0,7,0,13,0,1,13,A01
200800031004,0,15,0,0,2,8,1,A01
200800031004,0,10,0,0,2,3,1,B02
200800031005,0,7,0,0,0,0,0,A01
200800031006,0,7,0,13,2,2,17,A01
200800031006,0,7,0,0,2,3,15,B02
200800031007,0,10,0,0,2,3,1,A01
200800031007,0,30,0,0,2,1,1,B02
200800031008,0,13,0,11,2,7,1,B02
200800031008,0,7,0,0,2,1,19,A01
200800031009,0,7,0,0,2,3,11,A01
200800031009,0,31,0,0,2,1,1,B02
200800031010,0,7,0,0,2,2,1,A01
200800031010,0,13,0,0,0,5,15,B02
200800031011,0,10,0,4,0,1,0,A01
200800031012,0,7,0,0,0,6,23,A01
200800031012,0,33,0,0,0,1,2,B02
200800031013,0,7,0,0,2,8,21,A01
200800031013,0,2,0,0,2,3,13,B02
200800031013,0,2,0,0,2,8,13,C03
200800031014,0,33,0,0,2,1,1,A01
200800031014,0,7,0,0,2,3,15,B02
200800031015,0,7,0,0,0,8,1,A01
200800031016,0,7,0,5,0,9,1,A01
200800031017,0,7,0,3,0,1,16,A01
200800031018,0,7,0,4,0,3,13,A01
200800031019,0,10,0,4,0,0,1,A01
200800031020,0,10,0,0,2,2,2,A01
200800031020,0,7,0,0,0,4,1,B02
200800031021,0,33,0,0,0,8,18,A01
200800031022,0,17,0,0,2,1,21,A01
200800031022,0,15,0,0,0,8,1,B02
200800031023,0,7,0,4,0,3,14,A01
200800031024,0,7,0,3,0,1,1,A01
200800031025,0,7,0,0,2,1,2,A01
200800031025,0,7,0,0,2,4,2,B02
200800031026,0,7,0,0,2,1,2,A01
200800031026,0,7,0,0,2,4,1,B02
200800031027,0,33,0,3,0,1,1,A01
200800031028,0,7,0,1,0,1,14,A01
200800031028,0,7,0,0,0,4,24,B02
200800031029,0,15,0,1,9,1,1,A01
200800031030,0,7,0,0,2,2,0,A01
200800031030,0,15,0,0,2,6,1,B02
200800031031,0,7,0,0,2,7,11,A01
200800031031,0,7,0,0,2,8,21,B02
200800031032,0,7,0,3,2,3,13,A01
200800031032,0,7,0,3,2,2,1,B02
200800031032,0,7,0,0,2,0,1,C03
200800031033,0,7,0,4,0,3,13,A01
200800031034,0,7,0,0,2,2,14,A01
200800031034,0,7,0,0,2,6,0,B02
200800031035,0,10,0,0,2,1,2,A01
200800031035,0,17,0,0,0,4,0,B02
200800031036,0,10,0,0,0,4,23,A01
200800031036,0,14,0,1,0,1,2,B02
200800031037,0,33,0,0,5,7,1,A01
200800031038,0,7,0,0,2,8,11,A01
200800031038,0,7,0,3,0,7,1,B02
200800031039,0,33,0,2,0,1,1,A01
200800031040,0,7,0,0,2,3,2,A01
200800031040,0,7,0,0,2,1,2,B02
200800031040,0,7,0,0,2,1,2,C03
200800031040,0,7,0,0,2,1,2,D04
200800031040,0,7,0,0,2,1,2,E05
200800031040,0,7,0,0,2,1,2,F06
200800031040,0,7,0,0,2,1,0,G07
200800031040,0,7,0,0,2,4,0,H08
200800031040,0,7,0,0,2,1,0,I09
200800031041,0,7,0,0,0,4,23,A01
200800031041,0,17,0,1,0,1,2,B02
200800031042,0,10,0,1,0,1,1,A01
200800031042,0,7,0,0,0,4,24,B02
200800031043,0,7,0,0,6,3,1,A01
200800031044,0,15,0,3,0,8,13,A01
200800031045,0,7,0,13,0,3,1,A01
200800031046,0,7,0,0,2,1,2,A01
200800031046,0,17,0,0,0,4,1,B02
200800031047,0,7,0,0,2,8,1,A01
200800031047,0,7,0,0,2,1,1,B02
200800031048,0,7,0,0,0,2,15,A01
200800031048,0,30,0,0,2,1,1,B02
200800031049,0,7,0,0,2,1,15,A01
200800031049,0,7,0,0,2,3,1,B02
200800031049,0,7,0,0,2,1,23,C03
200800031050,0,10,0,0,2,2,1,A01
200800031050,0,31,0,0,0,4,2,B02
200800031051,0,15,0,14,2,1,2,A01
200800031051,0,7,0,0,0,4,23,B02
200800031052,0,7,0,0,0,0,2,A01
200800031053,0,15,0,0,0,4,2,A01
200800031053,0,10,0,0,2,1,2,B02
200800031054,0,7,0,0,1,1,1,A01
200800031054,0,7,0,0,0,0,23,B02
200800031055,0,7,0,3,0,3,1,A01
200800031056,0,7,0,0,2,1,2,A01
200800031056,0,37,0,0,2,4,2,B02
200800031057,0,7,0,0,2,1,2,A01
200800031057,0,17,0,0,9,4,2,B02
200800031058,0,30,0,13,0,0,0,A01
200800031059,0,7,0,0,0,3,2,A01
200800031059,0,7,0,0,0,1,13,B02
200800031060,0,2,0,0,2,8,5,A01
200800031060,0,7,0,0,0,3,15,B02
200800031061,0,10,0,0,2,3,2,A01
200800031061,0,7,0,0,0,4,2,B02
200800031062,0,7,0,13,0,1,17,A01
200800031063,0,33,0,0,2,3,1,A01
200800031063,0,7,0,0,2,2,19,B02
200800031064,0,7,0,4,0,3,1,A01
200800031065,0,7,0,0,2,2,17,A01
200800031065,0,17,0,0,0,6,1,B02
200800031066,0,7,0,0,2,2,0,A01
200800031066,0,30,0,0,2,1,0,B02
200800031067,0,7,0,0,1,2,21,A01
200800031068,0,7,0,4,0,1,1,A01
200800031069,0,10,0,3,0,9,1,A01
200800031070,0,33,0,13,2,1,1,A01
200800031070,0,7,0,0,2,3,21,B02
200800031071,0,7,0,0,0,9,1,A01
200800031072,0,14,0,6,0,1,16,A01
200800031073,0,15,0,1,0,1,2,A01
200800031074,0,15,0,0,0,7,1,A01
200800031075,0,7,0,13,0,9,1,A01
200800031076,0,13,0,3,2,1,2,A01
200800031077,0,7,0,0,2,2,5,A01
200800031077,0,7,0,3,2,2,1,B02
200800031078,0,7,0,0,0,1,2,A01
200800031078,0,7,0,0,0,4,23,B02
200800031078,0,7,0,0,0,4,23,C03
200800031078,0,7,0,0,0,4,23,D04
200800031079,0,7,0,2,0,1,0,A01
200800031080,0,31,0,0,0,0,1,A01
200800031081,0,7,0,0,2,3,1,A01
200800031081,0,36,0,0,2,1,13,B02
200800031082,0,7,0,0,0,3,13,A01
200800031082,0,7,0,0,0,3,1,B02
200800031083,0,7,0,0,2,3,1,A01
200800031083,0,31,0,0,2,1,13,B02
200800031084,0,13,0,0,2,7,2,A01
200800031084,0,1,0,0,2,4,1,B02
200800031085,0,7,0,0,0,2,10,A01
200800031085,0,33,0,0,2,8,1,B02
200800031086,0,31,0,0,2,1,1,A01
200800031086,0,7,0,0,2,2,19,B02
200800031087,0,7,0,3,0,3,1,A01
200800031088,0,7,0,13,0,9,1,A01
200800031089,0,7,0,0,2,2,13,A01
200800031089,0,7,0,0,2,8,2,B02
200800031090,0,10,0,0,1,0,20,A01
200800031091,0,7,0,3,0,3,1,A01
200800031092,0,7,0,4,0,3,21,A01
200800031093,0,7,0,0,1,2,1,A01
200800031094,0,33,0,0,2,1,1,B02
200800031094,0,30,0,0,2,4,1,A01
200800031095,0,33,0,15,0,1,1,A01
200800031096,0,7,0,0,2,1,1,A01
200800031096,0,2,0,0,2,8,1,B02
200800031097,0,7,0,0,2,3,13,A01
200800031097,0,7,0,0,2,3,1,B02
200800031097,0,7,0,3,0,8,1,C03
200800031098,0,7,0,2,0,3,1,A01
200800031099,0,7,0,0,0,6,23,A01
200800031099,0,7,0,0,2,8,1,B02
200800031100,0,7,0,0,0,8,15,A01
200800031100,0,31,0,0,0,7,17,B02
200800031101,0,7,0,6,0,8,1,A01
200800031102,0,30,0,0,2,1,1,A01
200800031102,0,10,0,0,2,8,15,B02
200800031103,0,7,0,0,1,2,1,A01
200800031104,0,7,0,0,2,4,2,A01
200800031104,0,7,0,0,2,1,2,B02
200800031105,0,7,0,0,1,2,1,A01
200800031106,0,7,0,15,0,1,14,A01
200800031107,0,33,0,0,0,8,1,A01
200800031108,0,10,0,0,2,5,1,A01
200800031108,0,2,0,0,2,1,1,B02
200800031109,0,10,0,3,0,9,17,A01
200800031110,0,7,0,0,2,3,5,A01
200800031110,0,7,0,0,2,3,2,B02
200800031111,0,33,0,0,2,7,1,A01
200800031111,0,7,0,0,2,1,15,B02
200800031112,0,7,0,4,2,3,17,A01
200800031112,0,7,0,0,2,3,1,B02
200800031113,0,7,0,0,2,8,11,A01
200800031113,0,33,0,0,2,7,17,B02
200800031114,0,7,0,0,1,3,15,A01
200800031115,0,31,0,0,2,2,17,A01
200800031115,0,7,0,0,2,3,15,B02
200800031116,0,33,0,0,2,2,17,A01
200800031116,0,33,0,0,2,8,15,B02
200800031117,0,33,0,0,2,1,1,A01
200800031117,0,7,0,0,0,7,15,B02
200800031118,0,10,0,0,2,2,17,A01
200800031118,0,10,0,0,0,6,1,B02
200800031119,0,7,0,0,2,7,2,A01
200800031119,0,7,0,0,2,8,2,B02
200800031120,0,7,0,0,2,7,15,A01
200800031120,0,33,0,0,2,1,1,B02
200800031121,0,7,0,0,0,1,2,A01
200800031121,0,7,0,0,0,4,1,B02
200800031122,0,7,0,3,0,7,0,A01
200800031123,0,17,0,0,2,1,2,A01
200800031123,0,7,0,13,2,4,2,B02
200800031124,0,7,0,0,2,1,9,A01
200800031124,0,7,0,0,2,4,1,B02
200800031125,0,10,0,0,0,6,23,A01
200800031125,0,33,0,0,0,4,23,B02
200800031125,0,3,0,0,2,1,2,C03
200800031126,0,7,0,0,2,6,0,A01
200800031126,0,7,0,0,2,3,0,B02
200800031127,0,33,0,0,2,1,1,A01
200800031127,0,7,0,0,2,1,1,B02
200800031128,0,7,0,0,2,1,5,A01
200800031128,0,7,0,0,2,1,1,B02
200800031128,0,7,0,0,2,3,1,C03
200800031129,0,7,0,0,2,3,5,A01
200800031129,0,7,0,0,2,1,0,B02
200800031130,0,7,0,0,2,7,14,A01
200800031130,0,7,0,0,2,8,1,B02
200800031131,0,7,0,3,0,1,1,A01
200800031132,0,7,0,0,1,2,1,A01
200800031133,0,7,0,16,0,1,1,A01
200800031134,0,7,0,6,0,8,17,A01
200800031135,0,7,0,0,2,2,2,A01
200800031135,0,10,0,0,0,3,2,B02
200800031136,0,7,0,2,0,6,1,A01
200800031137,0,33,0,2,0,2,1,A01
200800031138,0,7,0,0,2,3,5,A01
200800031138,0,7,0,0,2,3,1,B02
200800031138,0,7,0,0,2,8,1,C03
200800031139,0,7,0,0,2,3,1,A01
200800031139,0,1,0,0,2,6,19,B02
200800031140,2,7,0,0,0,0,16,A01
200800031140,0,33,0,0,2,0,1,B02
200800031141,0,2,0,15,0,2,1,A01
200800031142,0,33,0,0,6,9,1,A01
200800031143,0,1,0,0,2,1,1,A01
200800031144,0,7,0,13,0,3,1,A01
200800031145,0,7,0,4,0,3,1,A01
200800031146,0,33,0,0,2,7,17,A01
200800031146,0,15,0,0,2,7,1,B02
200800031147,0,7,0,0,2,1,1,A01
200800031147,0,7,0,0,2,7,1,B02
200800031148,0,32,0,0,0,0,21,B02
200800031148,0,99,0,0,2,1,21,A01
200800031149,0,33,0,8,2,7,1,A01
200800031149,0,17,0,0,0,8,23,B02
200800031150,0,2,0,3,2,8,1,A01
200800031150,0,2,0,0,0,7,16,B02
200800031151,0,7,0,0,0,0,2,A01
200800031152,0,7,0,0,2,1,13,A01
200800031152,0,7,0,0,2,3,1,B02
200800031153,0,7,0,0,2,0,13,A01
200800031153,0,10,0,0,2,1,1,B02
200800031154,0,7,0,0,2,3,20,A01
200800031154,0,33,0,0,2,1,1,B02
200800031155,0,7,0,0,2,2,5,A01
200800031155,0,7,0,0,2,2,16,B02
200800031156,0,33,0,0,0,1,1,A01
200800031156,0,33,0,14,0,1,1,B02
200800031157,0,7,0,0,2,3,13,A01
200800031157,0,37,0,0,2,3,1,B02
200800031158,0,7,0,13,0,1,1,A01
200800031159,0,7,0,1,0,1,14,A01
200800031159,0,15,0,0,0,4,0,C03
200800031160,0,7,0,6,0,1,1,A01
200800031161,0,10,0,0,2,3,1,A01
200800031161,0,30,0,0,2,1,19,B02
200800031162,0,7,0,9,0,2,2,A01
200800031163,0,7,0,13,0,1,0,A01
200800031164,0,7,0,0,1,3,1,A01
200800031165,0,7,0,2,0,8,14,A01
200800031166,0,7,0,0,2,1,2,A01
200800031166,0,33,0,0,2,1,2,B02
200800031167,0,7,0,13,0,0,14,A01
200800031168,0,7,0,0,0,2,15,A01
200800031168,0,33,0,0,2,1,1,B02
200800031169,0,7,0,0,2,3,23,A01
200800031169,0,30,0,0,2,7,17,B02
200800031170,0,7,0,15,0,1,15,A01
200800031170,0,30,0,0,0,7,1,B02
200800031171,0,7,0,3,0,3,13,A01
200800031172,0,7,0,0,2,6,1,A01
200800031172,0,7,0,0,2,2,1,B02
200800031173,0,7,0,4,0,3,0,A01
200800031174,0,7,0,2,0,7,1,A01
200800031175,0,2,0,2,0,1,15,A01
200800031176,0,7,0,0,2,1,13,A01
200800031176,0,7,0,3,2,1,2,B02
200800031177,0,7,0,0,0,4,1,A01
200800031177,0,7,0,0,2,1,2,B02
200800031177,0,7,0,0,2,1,2,C03
200800031178,0,14,0,0,2,8,1,A01
200800031178,0,10,0,0,2,3,1,B02
200800031179,0,15,0,3,0,7,1,A01
200800031180,0,14,0,0,2,3,1,B02
200800031180,0,7,0,0,2,8,19,A01
200800031181,0,7,0,0,9,2,19,A01
200800031181,0,1,0,0,2,8,15,B02
200800031182,0,7,0,4,0,3,13,A01
200800031183,0,7,0,13,0,2,1,A01
200800031184,0,7,0,0,2,1,2,A01
200800031184,0,7,0,0,2,4,2,B02
200800031184,0,7,0,0,2,4,2,C03
200800031185,0,10,0,0,0,9,23,A01
200800031185,0,15,0,1,0,2,21,B02
200800031186,0,17,0,0,2,2,17,A01
200800031186,0,7,0,0,2,6,2,B02
200800031187,0,10,0,0,2,1,2,A01
200800031187,0,14,0,0,2,4,2,B02
200800031188,0,7,0,2,0,1,0,A01
200800031189,0,15,0,3,0,3,13,A01
200800031190,0,7,0,0,0,0,1,A01
200800031191,0,10,0,0,2,3,11,A01
200800031191,0,10,0,0,2,2,1,B02
200800031192,0,7,0,0,2,1,1,A01
200800031192,0,7,0,0,0,4,1,B02
200800031193,0,7,0,0,2,1,21,A01
200800031193,0,10,0,0,2,4,1,B02
200800031194,0,7,0,0,2,3,1,A01
200800031194,0,2,0,0,2,1,13,B02
200800031195,0,7,0,13,2,8,1,A01
200800031195,0,30,0,0,2,1,1,B02
200800031196,0,30,0,0,2,1,13,A01
200800031196,0,7,0,0,2,2,1,B02
200800031197,0,17,0,0,2,3,1,A01
200800031197,0,7,0,0,2,3,13,B02
200800031198,0,7,0,0,0,2,15,A01
200800031198,0,33,0,0,2,1,1,B02
200800031199,0,7,0,13,0,1,1,A01
200800031200,0,2,0,0,2,8,2,A01
200800031200,0,10,0,0,9,0,21,B02
200800031201,0,31,0,15,0,1,1,A01
200800031202,0,33,0,0,2,1,1,A01
200800031202,0,7,0,0,2,0,1,B02
200800031202,2,7,0,2,0,1,3,C03
200800031203,0,7,0,0,0,2,15,A01
200800031203,0,7,0,0,2,2,21,B02
200800031204,0,7,0,0,1,3,1,A01
200800031205,0,7,0,0,1,0,0,A01
200800031206,0,7,0,0,2,3,1,B01
200800031206,0,7,0,0,2,2,14,A01
200800031207,0,7,0,2,0,2,6,A01
200800031208,0,7,0,0,2,1,1,B01
200800031208,0,10,0,0,2,3,23,C01
200800031208,0,7,0,0,2,1,9,A01
200800031209,0,7,0,0,2,8,1,A01
200800031209,0,1,0,0,2,1,19,B01
200800031210,0,7,0,0,2,8,1,A01
200800031210,0,33,0,0,2,1,1,B01
200800031211,0,7,0,0,9,2,0,B01
200800031211,0,1,0,0,2,1,5,A01
200800031212,0,7,0,0,2,2,0,A01
200800031212,0,1,0,0,2,1,19,B01
200800031213,0,7,0,0,2,6,10,A01
200800031213,0,30,0,0,2,1,1,B01
200800031214,0,7,0,0,0,4,1,C01
200800031214,0,10,0,0,2,1,1,A01
200800031214,0,7,0,0,2,4,1,B01
200800031215,0,7,0,0,1,1,1,A01
200800031216,0,7,0,0,1,1,16,A01
200800031217,0,7,0,8,0,1,13,A01
200800031218,0,2,0,1,0,1,13,A01
200800031219,0,7,0,0,1,3,1,A01
200800031220,0,7,0,0,2,1,1,A01
200800031220,0,7,0,0,2,4,23,B01
200800031221,0,2,0,0,2,1,2,A01
200800031221,0,7,0,0,2,4,2,B01
200800031222,0,7,0,0,2,5,15,A01
200800031222,0,2,0,0,2,1,1,B01
200800031223,0,7,0,0,2,4,4,A01
200800031224,0,2,0,0,2,1,1,B01
200800031224,0,7,0,0,2,2,15,A01
200800031225,0,2,0,3,0,1,1,A01
200800031226,0,7,0,0,1,1,15,A01
200800031227,0,7,0,2,0,1,1,A01
200800031228,0,2,0,0,0,0,1,A01
200800031229,0,10,0,0,2,2,6,A01
200800031229,0,7,0,0,0,8,19,B01
200800031230,0,7,0,0,1,1,15,A01
200800031231,0,1,0,0,2,1,1,B01
200800031231,0,10,0,0,2,3,9,A01
200800031232,0,7,0,2,0,1,14,A01
200800031233,0,7,0,0,1,3,1,B01
200800031233,0,7,0,0,2,1,1,A01
200800031234,0,13,0,0,2,3,1,B01
200800031234,0,14,0,0,2,3,13,A01
200800031235,0,7,0,0,2,1,9,A01
200800031235,0,33,0,0,2,2,1,B01
200800031236,0,1,0,0,2,1,5,A01
200800031236,0,7,0,0,2,2,9,B01
200800031237,0,7,0,0,2,3,1,B01
200800031237,0,7,0,0,2,1,13,A01
200800031238,0,7,0,0,1,2,1,A01
200800031239,0,7,0,0,2,5,16,B01
200800031239,0,2,0,0,2,1,1,A01
200800031240,0,7,0,11,0,1,14,A01
200800031240,1,7,0,0,0,0,13,B01
200800031241,0,7,0,0,2,8,13,A01
200800031241,0,7,0,0,2,1,0,B01
200800031242,0,7,0,0,2,7,1,B01
200800031242,0,7,0,0,2,1,15,A01
200800031243,0,7,0,0,9,3,15,A01
200800031243,0,1,0,0,2,2,1,B01
200800031244,0,7,0,0,2,1,1,A01
200800031244,0,10,0,0,0,4,1,B01
200800031245,0,7,0,0,1,3,1,A01
200800031246,0,2,0,0,2,7,15,A01
200800031246,0,7,0,0,2,1,1,B01
200800031247,0,33,0,0,2,1,1,B01
200800031247,0,7,0,0,2,2,15,A01
200800031248,0,7,0,0,2,8,1,B01
200800031248,0,10,0,0,2,1,1,A01
200800031249,0,7,0,0,1,4,4,A01
200800031250,0,7,0,0,2,4,2,B01
200800031250,0,30,0,0,2,1,2,A01
200800031251,0,7,0,0,0,0,22,A01
200800031251,0,7,0,0,2,6,13,B01
200800031251,0,2,0,0,2,1,13,C01
200800031252,0,1,0,0,2,0,1,B01
200800031252,1,7,0,0,2,7,17,A01
200800031253,0,7,0,0,1,3,15,A01
200800031254,0,7,0,1,9,2,1,A01
200800031255,0,7,0,0,2,6,24,B01
200800031255,0,7,0,1,0,2,1,A01
200800031256,1,7,0,0,1,0,0,A01
200800031257,0,1,0,0,2,1,0,A01
200800031257,0,7,0,0,9,5,0,B01
200800031258,0,33,0,0,2,1,17,A01
200800031258,0,7,0,0,2,3,13,B01
200800031259,0,32,0,0,2,1,2,A01
200800031259,0,33,0,0,2,4,2,B01
200800031260,0,2,0,0,2,3,1,B01
200800031260,0,7,0,0,2,2,16,A01
200800031261,0,7,0,0,2,3,15,A01
200800031261,0,2,0,0,2,1,1,B01
200800031262,0,2,0,0,2,1,17,A01
200800031262,0,7,0,0,2,6,15,B01
200800031263,0,7,0,0,1,1,15,A01
200800031264,0,2,0,0,2,8,18,A01
200800031264,0,7,0,0,2,7,16,B01
200800031265,0,7,0,0,2,2,16,A01
200800031265,0,7,0,0,2,3,16,B01
200800031266,0,10,0,0,2,3,22,A01
200800031266,0,1,0,0,2,1,1,B01
200800031267,0,7,0,0,2,3,15,A01
200800031267,0,32,0,0,2,7,1,B01
200800031268,0,7,0,0,1,1,15,A01
200800031269,0,1,0,0,2,4,18,A01
200800031269,0,1,0,0,2,1,1,B01
200800031270,0,2,0,0,2,1,15,A01
200800031270,0,7,0,0,2,3,1,B01
200800031271,0,30,0,0,2,2,17,A01
200800031271,0,7,0,0,2,3,2,B01
200800031272,0,7,0,0,1,1,15,A01
200800031273,0,10,0,0,2,3,16,A01
200800031273,0,1,0,0,2,1,1,B01
200800031274,0,2,0,0,2,1,15,B01
200800031274,1,33,0,0,2,0,1,A01
200800031275,0,7,0,0,2,1,2,A01
200800031275,0,7,0,0,2,4,2,B01
200800031276,0,32,0,0,2,1,0,A01
200800031276,0,7,0,0,2,1,1,B01
200800031277,0,7,0,0,2,7,0,A01
200800031277,0,2,0,0,2,1,2,B01
200800031278,0,7,0,0,2,1,15,A01
200800031278,0,2,0,0,2,1,17,B01
200800031279,0,7,0,0,2,3,15,A01
200800031279,0,31,0,0,2,1,17,B01
200800031280,0,32,0,0,2,1,1,A01
200800031280,0,7,0,0,2,1,0,B01
200800031281,0,7,0,0,2,1,1,A01
200800031282,0,7,0,0,2,1,15,A01
200800031282,0,32,0,0,2,1,1,B01
200800031283,0,7,0,0,2,1,2,A01
200800031283,0,7,0,0,2,4,2,B01
200800031284,0,7,0,0,2,1,1,A01
200800031284,0,7,0,0,2,1,1,B01
200800031285,0,32,0,0,2,8,18,A01
200800031285,0,13,0,0,2,5,16,B01
200800031286,0,31,0,0,2,1,1,B01
200800031286,0,7,0,1,2,1,6,A01
200800031287,0,7,0,0,2,5,0,A01
200800031287,0,32,0,0,2,6,0,B01
200800031288,0,7,0,0,2,1,1,A01
200800031288,0,31,0,0,2,1,0,B01
200800031289,0,10,0,0,2,1,2,A01
200800031289,0,34,0,0,2,4,2,B01
200800031289,0,10,0,0,2,6,2,C01
200800031290,0,7,0,0,2,1,0,A01
200800031290,0,30,0,0,2,1,1,B01
200800031291,0,7,0,0,1,0,1,A01
200800031292,0,2,0,0,0,0,0,A01
200800031293,0,7,0,0,2,8,15,A01
200800031293,0,2,0,0,2,1,1,B01
200800031294,0,7,0,0,2,1,15,A01
200800031294,0,7,0,0,2,1,1,B01
200800031295,0,7,0,0,1,2,1,A01
200800031296,0,7,0,0,2,7,15,A01
200800031296,0,2,0,0,2,1,18,B01
200800031297,0,33,0,0,2,1,17,A01
200800031297,0,7,0,0,2,3,15,B01
200800031298,0,7,0,0,2,2,15,A01
200800031298,0,2,0,0,2,1,1,B01
200800031299,0,7,0,0,2,8,17,A01
200800031299,0,33,0,0,2,1,1,B01
200800031300,0,2,0,0,2,8,1,A01
200800031300,0,32,0,0,2,1,1,B01
200800031301,0,7,0,0,2,2,1,A01
200800031301,0,2,0,0,2,1,1,B01
200800031302,0,2,0,0,2,1,1,A01
200800031302,0,7,0,0,2,6,9,B01
200800031303,0,30,0,0,0,0,0,A01
200800031304,0,7,0,0,2,6,13,A01
200800031304,0,7,0,0,2,3,1,B01
200800031305,0,2,0,0,0,8,0,B01
200800031305,0,7,0,0,2,3,0,A01
200800031306,0,7,0,6,0,2,0,A01
200800031307,0,7,0,0,1,1,1,A01
200800031308,0,30,0,0,2,1,17,A01
200800031308,0,7,0,0,0,8,15,B01
200800031309,0,30,0,0,2,1,13,A01
200800031309,0,10,0,0,0,1,1,B01
200800031310,0,2,0,0,0,0,0,A01
200800031311,0,7,0,0,2,1,1,A01
200800031311,0,7,0,0,0,4,23,B01
200800031312,0,7,0,0,2,1,1,A01
200800031312,0,7,0,0,0,4,23,B01
200800031313,0,33,0,0,1,1,17,A01
200800031314,0,33,0,0,0,0,0,A01
200800031315,0,7,0,0,0,8,15,A01
200800031315,0,30,0,0,2,1,17,B01
200800031316,0,7,0,15,0,3,13,A01
200800031317,0,33,0,6,0,1,21,A01
200800031318,0,7,0,1,0,0,0,A01
200800031319,0,10,0,0,2,1,2,A01
200800031319,0,7,0,0,2,4,23,B01
200800031319,0,7,0,0,0,4,23,C01
200800031320,0,2,0,0,0,7,17,A01
200800031320,0,7,0,0,0,8,23,B01
200800031321,0,7,0,6,0,2,14,A01
200800031322,0,7,0,0,2,3,13,A01
200800031322,0,7,0,0,0,3,1,B01
200800031323,0,33,0,0,2,1,1,B01
200800031323,0,7,0,0,2,2,15,A01
200800031324,0,7,0,0,0,8,15,A01
200800031324,0,33,0,0,2,1,1,B01
200800031325,0,7,0,0,0,8,10,A01
200800031325,0,33,0,0,2,1,1,B01
200800031326,0,32,0,0,2,1,1,A01
200800031326,0,7,0,0,0,4,23,B01
200800031327,0,33,0,0,0,0,0,A01
200800031328,0,7,0,0,1,1,1,A01
200800031329,0,7,0,0,2,4,4,A01
200800031329,0,2,0,0,2,1,1,B01
200800031330,1,2,0,0,2,0,5,A01
200800031330,0,32,0,0,0,1,1,B01
200800031331,0,7,0,12,0,6,14,A01
200800031332,0,2,0,0,0,4,13,A01
200800031332,0,32,0,0,2,1,1,B01
200800031333,0,7,0,0,0,8,9,A01
200800031333,0,34,0,0,2,1,1,B01
200800031334,0,30,0,0,0,0,0,A01
200800031335,0,10,0,0,1,1,15,A01
200800031336,0,7,0,0,2,1,15,A01
200800031336,0,33,0,0,0,1,17,B01
200800031337,0,7,0,0,1,6,4,A01
200800031338,0,2,0,0,1,1,1,A01
200800031339,0,30,0,0,2,1,13,A01
200800031339,0,30,0,0,0,1,1,B01
200800031340,0,7,0,0,2,7,12,A01
200800031340,0,32,0,0,2,8,1,B01
200800031340,0,32,0,0,0,8,1,C01
200800031341,0,38,20,0,1,2,13,A01
200800031342,0,7,0,0,2,1,1,A01
200800031342,0,2,0,0,0,4,23,B01
200800031343,0,7,0,0,2,1,9,A01
200800031343,0,2,0,0,2,1,17,B01
200800031344,0,31,0,0,0,1,0,A01
200800031345,0,7,0,0,2,1,10,A01
200800031345,0,33,0,0,1,2,1,B01
200800031346,0,7,0,0,1,0,4,A01
200800031347,0,7,0,0,2,2,10,A01
200800031347,0,30,0,0,2,1,1,B01
200800031348,0,7,0,0,2,3,1,B01
200800031348,0,2,0,0,2,1,15,A01
200800031349,0,7,0,0,2,1,1,A01
200800031349,0,7,0,0,2,4,1,B01
200800031349,0,7,0,0,2,4,1,C01
200800031350,0,7,0,0,2,0,13,A01
200800031350,0,2,0,0,2,1,1,B01
200800031350,0,7,0,0,2,1,2,C01
200800031351,0,7,0,0,2,7,15,A01
200800031351,0,7,0,0,2,2,1,B01
200800031352,0,7,0,0,2,3,15,A01
200800031352,0,2,0,0,2,1,1,B01
200800031353,0,7,0,0,2,2,1,A01
200800031353,0,7,0,0,2,6,3,B01
200800031354,0,7,0,0,2,2,1,A01
200800031354,0,7,0,0,2,3,11,B01
200800031355,0,10,0,0,2,1,2,A01
200800031355,0,7,0,0,2,4,2,B01
200800031356,0,7,0,0,2,7,15,A01
200800031356,0,31,0,0,2,1,1,B01
200800031357,0,31,0,0,2,7,1,B01
200800031357,0,7,0,0,2,1,1,A01
200800031358,0,7,0,0,1,3,0,A01
200800031359,0,7,0,0,1,1,1,A01
200800031360,0,7,0,0,1,1,15,A01
200800031361,0,10,0,1,0,4,4,A01
200800031361,0,7,0,0,2,1,24,B01
200800031362,0,7,0,0,1,3,1,A01
200800031363,0,2,0,0,2,1,1,A01
200800031363,0,2,0,0,2,4,2,B01
200800031364,0,7,0,0,2,2,1,B01
200800031364,0,2,0,0,2,1,1,A01
200800031365,0,7,0,0,2,8,1,A01
200800031365,0,7,0,0,2,1,9,B01
200800031366,0,7,0,2,0,1,13,A01
200800031367,0,34,0,0,2,1,15,A01
200800031367,0,34,0,0,2,1,1,B01
200800031368,0,7,0,0,1,1,1,A01
200800031369,0,2,0,0,2,9,3,A01
200800031369,0,7,0,0,1,6,1,B01
200800031369,0,7,0,0,2,5,1,C01
200800031370,0,7,0,0,2,2,1,A01
200800031370,0,31,0,0,2,1,1,B01
200800031371,0,7,0,2,0,1,13,A01