Num_Acc,senc,catv,occutc,obs,obsm,choc,manv,num_veh
200800031724,0,7,0,0,0,5,15,A01
200800031724,0,30,0,0,0,1,0,B01
200800031725,0,7,0,0,2,3,13,A01
200800031725,0,30,0,0,2,1,17,B01
200800031726,0,30,0,0,2,8,2,A01
200800031726,0,7,0,0,2,1,2,B01
200800031727,0,32,0,0,2,8,2,A01
200800031727,0,7,0,0,0,0,0,B01
200800031728,0,32,0,0,2,2,11,A01
200800031728,0,7,0,0,2,3,11,B01
200800031729,0,2,0,0,2,1,2,A01
200800031729,0,7,0,0,2,8,2,B01
200800031730,0,2,0,0,0,1,1,A01
200800031730,0,7,0,0,0,3,9,B01
200800031730,0,7,0,0,0,3,0,C01
200800031731,0,7,0,4,0,9,17,A01
200800031731,0,7,0,0,0,8,2,B01
200800031732,0,7,0,0,2,2,15,A01
200800031732,0,32,0,0,2,1,17,B01
200800031733,0,7,0,0,2,3,13,A01
200800031734,0,10,0,0,2,4,4,A01
200800031734,0,7,0,0,2,4,23,B01
200800031734,0,7,0,0,2,4,23,C01
200800031735,0,30,0,0,2,3,1,A01
200800031735,0,10,0,0,2,0,1,B01
200800031736,0,7,0,0,2,1,2,A01
200800031736,0,10,0,0,2,5,2,B01
200800031737,0,32,0,0,2,1,17,A01
200800031737,0,7,0,0,2,8,19,B01
200800031737,0,7,0,0,9,1,0,C01
200800031738,0,2,0,0,2,1,1,A01
200800031739,0,1,0,0,2,1,5,A01
200800031739,0,7,0,0,2,3,2,B01
200800031740,0,7,0,0,2,3,1,A01
200800031740,0,33,0,0,2,1,1,B01
200800031741,0,7,0,0,1,1,15,A01
200800031742,0,7,0,0,2,1,1,A01
200800031742,0,7,0,0,0,4,15,B01
200800031743,0,7,0,0,2,3,15,A01
200800031743,0,7,0,0,2,1,1,B01
200800031744,0,7,0,0,2,5,15,A01
200800031745,0,7,0,0,2,1,0,A01
200800031745,0,7,0,0,2,1,1,B01
200800031746,0,7,0,0,2,1,0,A01
200800031746,0,30,0,0,2,4,1,B01
200800031747,0,7,0,0,2,8,19,A01
200800031747,0,37,0,0,2,1,1,B01
200800031748,0,2,0,3,0,1,1,A01
200800031748,0,7,0,1,0,4,1,B01
200800031749,0,7,0,0,2,3,9,A01
200800031749,0,32,0,0,2,1,2,B01
200800031749,0,7,0,0,2,3,2,C01
200800031750,0,32,0,0,2,1,17,A01
200800031750,0,7,0,0,2,3,15,B01
200800031751,0,7,0,0,2,3,19,A01
200800031751,0,33,0,0,2,5,1,B01
200800031752,0,7,0,0,2,1,2,A01
200800031752,0,7,0,0,2,4,2,B01
200800031753,0,7,0,9,0,8,0,A01
200800031754,0,34,0,0,2,2,5,B01
200800031754,0,7,0,0,2,2,19,A01
200800031755,0,7,0,0,1,0,1,A01
200800031756,0,7,0,0,2,1,2,A01
200800031756,0,7,0,0,0,4,2,B01
200800031757,0,7,0,0,1,1,1,A01
200800031758,0,7,0,0,0,0,0,A01
200800031758,0,32,0,0,0,0,0,B01
200800031759,0,33,0,0,2,8,21,B01
200800031759,1,7,0,0,2,0,16,A01
200800031760,0,7,0,0,1,1,0,A01
200800031761,1,7,0,0,1,0,15,A01
200800031762,0,30,0,0,0,7,0,A01
200800031763,0,31,0,0,2,1,17,A01
200800031763,0,7,0,0,2,6,15,B01
200800031764,0,7,0,0,2,1,1,A01
200800031764,0,7,0,0,2,9,1,B01
200800031764,0,7,0,0,2,9,1,C01
200800031764,0,7,0,0,2,4,1,D01
200800031765,0,7,0,0,0,1,2,A01
200800031765,0,7,0,0,0,4,2,B01
200800031766,0,7,0,15,0,7,0,A01
200800031766,0,34,0,0,0,7,1,B01
200800031767,0,7,0,2,0,1,14,A01
200800031768,0,30,0,0,0,7,7,A01
200800031769,0,7,0,0,2,3,0,A01
200800031769,0,7,0,0,2,6,0,B01
200800031770,0,30,0,0,2,1,6,A01
200800031770,0,13,0,0,2,3,1,B01
200800031771,0,7,0,0,2,1,16,A01
200800031771,0,32,0,0,0,7,16,B01
200800031772,0,7,0,6,1,2,14,A01
200800031773,0,7,0,0,2,3,9,A01
200800031773,0,31,0,0,2,1,9,B01
200800031774,0,7,0,14,0,1,1,A01
200800031774,0,7,0,0,0,4,23,B01
200800031775,0,7,0,0,1,3,0,A01
200800031776,0,7,0,0,1,1,1,A01
200800031776,0,32,0,0,2,2,1,B01
200800031777,0,30,0,0,2,7,11,A01
200800031777,0,7,0,0,2,1,2,B01
200800031778,0,2,0,0,0,0,0,A01
200800031778,0,7,0,0,0,0,0,B01
200800031779,0,7,0,0,1,4,1,A01
200800031780,0,7,0,0,2,1,1,A01
200800031780,0,7,0,0,2,7,1,B01
200800031781,0,7,0,0,2,1,1,A01
200800031781,0,10,0,0,0,4,1,B01
200800031782,0,7,0,0,1,1,0,A01
200800031783,0,7,0,6,0,1,0,A01
200800031784,0,30,0,0,2,1,1,A01
200800031784,0,7,0,0,9,4,1,B01
200800031785,0,7,0,0,2,2,15,A01
200800031785,0,30,0,0,2,1,1,B01
200800031786,0,7,0,0,2,3,13,A01
200800031786,0,7,0,0,2,8,21,B01
200800031787,0,30,0,0,2,3,0,A01
200800031787,0,7,0,0,2,2,0,B01
200800031788,0,40,0,0,2,7,0,A01
200800031788,0,10,0,0,4,0,0,B01
200800031789,0,30,0,0,2,1,17,A01
200800031789,0,7,0,0,0,8,13,B01
200800031790,0,99,0,0,2,1,1,A01
200800031790,0,7,0,0,2,4,23,B01
200800031791,0,7,0,0,2,1,2,A01
200800031791,0,7,0,0,0,4,2,B01
200800031792,0,7,0,0,1,1,1,A01
200800031793,0,7,0,0,2,6,9,A01
200800031793,0,33,0,0,2,8,2,B01
200800031794,0,7,0,0,1,4,4,A01
200800031795,0,7,0,0,1,3,1,A01
200800031796,0,7,0,0,2,2,9,A01
200800031796,0,33,0,0,2,1,1,B01
200800031797,0,7,0,0,2,1,9,A01
200800031797,0,7,0,0,2,4,9,B01
200800031798,0,30,0,0,2,1,1,A01
200800031798,0,7,0,0,2,6,23,B01
200800031798,0,7,0,0,0,0,0,C01
200800031799,0,7,0,0,0,0,9,A01
200800031799,0,33,0,0,2,0,21,B01
200800031800,0,2,0,0,2,1,5,A01
200800031800,0,7,0,0,2,1,1,B01
200800031801,0,2,0,0,2,1,17,A01
200800031801,0,7,0,0,2,3,15,B01
200800031802,0,7,0,0,0,0,0,A01
200800031802,0,1,0,0,0,0,0,B01
200800031803,0,2,0,0,0,0,2,A01
200800031803,0,7,0,0,0,5,2,B01
200800031804,0,7,0,0,0,8,9,A01
200800031804,0,7,0,0,2,1,1,B01
200800031805,0,10,0,0,2,3,24,A01
200800031805,0,30,0,0,0,1,2,B01
200800031806,0,7,0,0,2,7,12,A01
200800031806,0,32,0,0,2,8,1,B01
200800031807,0,7,0,0,2,3,15,A01
200800031807,0,30,0,0,2,1,1,B01
200800031808,0,7,0,15,0,2,0,A01
200800031809,0,7,0,0,2,3,0,A01
200800031809,0,30,0,0,2,0,0,B01
200800031810,0,7,0,0,2,0,0,A01
200800031810,0,31,0,0,2,5,1,B01
200800031811,0,32,0,0,2,1,17,A01
200800031811,0,7,0,0,2,8,15,B01
200800031812,0,7,0,0,2,4,2,D01
200800031812,0,7,0,0,2,1,2,A01
200800031812,0,7,0,0,2,4,23,B01
200800031812,0,7,0,0,2,4,2,C01
200800031813,0,31,0,0,2,1,15,A01
200800031813,0,7,0,0,2,2,1,B01
200800031814,0,7,0,0,2,7,15,A01
200800031814,0,2,0,0,2,1,1,B01
200800031815,1,17,0,0,1,1,1,A01
200800031815,0,17,0,0,1,1,2,B01
200800031816,0,32,0,10,0,1,13,A01
200800031817,0,10,0,0,2,3,13,A01
200800031817,0,7,0,0,2,3,1,B01
200800031818,0,33,0,3,0,1,13,A01
200800031819,0,33,0,0,2,1,1,A01
200800031819,0,7,0,0,0,4,1,B01
200800031820,0,7,0,0,2,3,1,B01
200800031820,0,7,0,0,2,1,19,A01
200800031821,1,7,0,0,1,3,1,A01
200800031822,0,31,0,0,1,3,1,A01
200800031823,0,7,0,0,2,6,15,A01
200800031823,0,2,0,0,2,1,17,B01
200800031824,0,7,0,0,1,3,1,A01
200800031825,0,7,0,0,2,1,0,B01
200800031825,0,7,0,0,0,8,19,A01
200800031826,0,7,0,0,2,2,1,A01
200800031826,0,10,0,0,2,2,1,B01
200800031827,0,33,0,0,2,1,2,B01
200800031827,0,7,0,0,0,4,17,A01
200800031828,0,7,0,10,0,1,2,A01
200800031829,0,37,4,0,2,1,2,A01
200800031829,0,7,0,0,2,4,2,B01
200800031830,0,7,0,0,2,3,6,A01
200800031830,0,32,0,0,2,7,17,B01
200800031831,0,15,0,0,2,1,1,B01
200800031831,0,7,0,0,2,8,19,A01
200800031832,0,7,0,0,1,0,1,A01
200800031833,0,15,0,0,0,0,0,A01
200800031833,0,7,0,0,1,0,2,B01
200800031834,0,32,0,0,0,1,14,A01
200800031835,0,7,0,0,1,3,2,A01
200800031836,0,33,0,0,0,0,0,A01
200800031837,0,10,0,0,2,1,1,A01
200800031837,0,7,0,0,2,4,15,B01
200800031837,0,10,0,0,2,3,1,C01
200800031838,0,7,0,0,2,3,16,A01
200800031838,0,7,0,0,2,1,1,B01
200800031839,0,7,0,0,0,1,15,A01
200800031839,0,1,0,0,0,0,0,B01
200800031840,0,7,0,0,2,1,2,A01
200800031840,0,33,0,0,2,1,2,B01
200800031841,0,7,0,0,1,1,2,A01
200800031842,0,7,0,0,2,1,0,A01
200800031842,0,1,0,0,2,4,11,B01
200800031843,0,7,0,0,1,2,1,A01
200800031844,0,7,0,0,0,9,2,A01
200800031845,0,7,0,0,1,1,1,A01
200800031846,0,7,0,0,2,2,15,A01
200800031846,0,30,0,1,2,1,1,B01
200800031847,0,7,0,0,0,8,1,B01
200800031847,0,32,0,0,2,2,1,A01
200800031848,0,32,0,0,1,1,1,A01
200800031849,0,1,0,0,1,1,1,A01
200800031850,0,7,0,0,2,3,13,A01
200800031850,0,7,0,0,2,1,1,B01
200800031851,0,2,0,0,2,1,17,A01
200800031851,0,7,0,0,2,3,15,B01
200800031852,0,7,0,0,2,3,13,A01
200800031852,0,7,0,0,2,3,1,B01
200800031853,0,31,0,0,2,7,1,A01
200800031853,1,7,0,0,0,0,0,B01
200800031854,0,32,0,0,2,1,2,B01
200800031854,0,7,0,0,2,3,15,A01
200800031855,0,7,0,3,0,3,13,A01
200800031856,0,10,0,0,0,0,1,A01
200800031857,0,7,0,0,0,7,19,A01
200800031857,0,1,0,0,2,1,1,B01
200800031858,0,7,0,0,1,8,1,A01
200800031859,0,37,1,0,0,4,2,A01
200800031859,0,7,0,14,0,1,2,B01
200800031860,0,33,0,0,2,7,1,A01
200800031860,0,7,0,0,2,8,15,B01
200800031861,0,15,0,0,1,0,0,A01
200800031862,0,33,0,13,0,1,1,A01
200800031863,0,7,0,0,1,3,1,A01
200800031864,0,7,0,0,2,7,1,A01
200800031864,0,1,0,0,2,1,19,B01
200800031865,0,7,0,0,2,3,1,B01
200800031865,0,31,0,0,2,8,15,A01
200800031866,0,7,0,0,2,8,15,A01
200800031866,0,7,0,0,2,1,1,B01
200800031867,0,2,0,11,0,1,1,A01
200800031868,0,7,0,0,2,1,16,B01
200800031868,0,2,0,0,2,1,1,A01
200800031869,0,2,0,0,2,1,1,A01
200800031869,0,7,0,0,2,1,15,B01
200800031870,0,1,0,0,0,0,1,A01
200800031871,0,7,0,0,1,1,1,A01
200800031872,0,7,0,0,2,3,10,A01
200800031872,0,7,0,0,2,2,1,B01
200800031873,0,7,0,0,2,3,1,B01
200800031873,0,30,0,0,2,1,1,A01
200800031874,0,1,0,0,2,1,1,A01
200800031874,0,7,0,0,2,6,15,B01
200800031875,0,7,0,0,2,3,1,B01
200800031875,0,7,0,0,2,2,1,A01
200800031876,0,2,0,0,2,7,1,B01
200800031876,0,7,0,0,4,3,1,A01
200800031877,0,2,0,0,2,3,9,A01
200800031877,0,7,0,0,2,7,1,B01
200800031878,0,7,0,2,0,1,1,A01
200800031879,0,33,0,0,2,1,1,A01
200800031879,0,7,0,0,2,6,1,B01
200800031880,0,7,0,0,2,2,15,A01
200800031880,0,7,0,0,2,1,1,B01
200800031881,0,1,0,0,0,0,0,A01
200800031882,0,2,0,0,2,1,1,B01
200800031882,0,7,0,0,2,7,15,A01
200800031883,0,7,0,0,2,3,15,A01
200800031883,0,1,0,0,2,8,1,B01
200800031884,0,7,0,0,2,1,13,A01
200800031884,0,34,0,0,2,0,1,B01
200800031885,0,7,0,3,0,0,1,A01
200800031886,0,33,0,0,2,1,1,A01
200800031886,0,7,0,0,2,4,1,B01
200800031887,0,7,0,0,2,3,20,A01
200800031887,0,33,0,0,2,1,1,B01
200800031888,0,7,0,0,2,3,1,A01
200800031888,0,10,0,0,2,2,1,B01
200800031889,0,7,0,0,2,1,9,A01
200800031889,0,31,0,0,2,7,1,B01
200800031890,0,7,0,4,0,1,13,A01
200800031891,0,30,0,0,0,7,1,A01
200800031892,0,1,0,0,1,1,15,A01
200800031893,0,7,0,0,2,3,22,A01
200800031893,0,1,0,1,0,1,1,B01
200800031894,0,31,0,0,0,0,0,A01
200800031895,0,33,0,3,0,1,13,A01
200800031896,0,7,0,0,2,7,16,A01
200800031896,0,1,0,0,2,1,1,B01
200800031897,0,2,0,0,2,1,1,A01
200800031897,0,7,0,0,2,4,1,B01
200800031898,0,7,0,0,2,8,15,A01
200800031898,0,2,0,0,2,7,17,B01
200800031899,0,7,0,8,0,2,4,A01
200800031900,0,7,0,0,2,1,15,A01
200800031900,0,31,0,0,2,8,1,B01
200800031901,0,33,0,0,2,8,15,B01
200800031901,0,7,0,0,2,1,1,A01
200800031902,0,7,0,0,2,2,0,A01
200800031902,0,1,0,0,2,0,1,B01
200800031903,2,7,0,0,0,0,18,A01
200800031903,0,7,0,5,0,1,21,B01
200800031904,0,33,0,0,2,1,1,B01
200800031904,0,7,0,0,0,8,1,A01
200800031905,0,7,0,0,2,7,19,A01
200800031905,0,31,0,0,2,1,1,B01
200800031906,0,30,0,1,0,1,1,A01
200800031906,0,7,0,0,2,5,0,B01
200800031907,0,7,0,0,1,1,0,A01
200800031908,0,34,0,0,2,1,1,B01
200800031908,0,7,0,0,2,3,16,A01
200800031909,0,30,0,0,0,8,1,A01
200800031910,0,7,0,0,2,3,1,B01
200800031910,0,30,0,0,2,1,1,A01
200800031911,0,7,0,0,2,3,1,B01
200800031911,0,7,0,0,2,1,1,A01
200800031912,0,30,0,0,2,8,9,A01
200800031912,0,7,0,0,2,1,9,B01
200800031913,0,7,0,0,1,0,0,A01
200800031914,0,30,0,0,6,0,1,A01
200800031915,0,7,0,0,2,0,1,A01
200800031915,0,7,0,0,2,0,1,B01
200800031915,0,1,0,0,2,0,1,C01
200800031916,0,7,0,0,9,4,23,A01
200800031916,0,1,0,1,0,1,1,B01
200800031917,0,33,0,0,2,1,1,B01
200800031917,0,7,0,0,2,8,1,A01
200800031918,0,7,0,0,2,6,0,A01
200800031918,0,7,0,0,2,3,1,B01
200800031919,0,30,0,0,2,1,1,A01
200800031919,0,7,0,0,9,4,1,B01
200800031920,0,7,0,0,2,1,1,A01
200800031920,0,7,0,0,2,4,1,B01
200800031920,0,7,0,0,2,8,1,C01
200800031921,0,7,0,0,2,8,10,A01
200800031921,0,33,0,0,2,7,17,B01
200800031922,0,7,0,0,1,4,20,A01
200800031923,0,30,0,0,0,7,1,A01
200800031924,0,7,0,0,0,5,23,A01
200800031924,0,1,0,0,2,1,1,B01
200800031925,0,7,0,0,1,1,1,A01
200800031926,0,7,0,0,2,1,13,A01
200800031926,0,7,0,0,2,1,1,B01
200800031927,0,7,0,16,0,1,12,A01
200800031928,0,7,0,0,2,2,15,A01
200800031928,0,2,0,0,2,1,1,B01
200800031929,0,7,0,0,2,8,19,A01
200800031929,0,7,0,0,2,1,1,B01
200800031930,0,7,0,0,2,1,2,A01
200800031930,0,7,0,0,2,1,2,B01
200800031930,1,13,0,0,0,4,2,C01
200800031931,0,2,0,0,2,1,1,A01
200800031931,0,13,0,0,0,5,16,B01
200800031932,0,7,0,0,2,1,2,A01
200800031932,0,7,0,0,2,4,2,B01
200800031932,0,7,0,0,0,4,2,C01
200800031933,0,7,0,0,2,1,9,A01
200800031933,0,7,0,0,2,1,1,B01
200800031933,0,7,0,0,2,6,24,C01
200800031934,0,7,0,0,1,3,1,A01
200800031934,0,1,0,0,0,7,19,B01
200800031935,0,7,0,0,2,1,2,A01
200800031935,0,7,0,0,0,4,1,B01
200800031936,0,7,0,0,2,3,9,A01
200800031936,0,7,0,0,2,2,1,B01
200800031937,0,7,0,0,2,7,0,A01
200800031937,0,33,0,0,2,1,1,B01
200800031938,0,7,0,0,0,1,15,A01
200800031938,0,7,0,0,0,1,1,B01
200800031939,0,2,0,0,2,1,2,A01
200800031939,0,7,0,0,2,4,2,B01
200800031940,0,2,0,0,2,1,1,B01
200800031940,0,7,0,0,2,7,1,A01
200800031941,0,7,0,0,2,2,15,A01
200800031941,0,33,0,0,2,1,2,B01
200800031942,0,1,0,0,2,7,15,B01
200800031942,0,7,0,0,9,3,9,A01
200800031943,0,7,0,0,2,1,2,A01
200800031943,0,7,0,0,0,4,2,B01
200800031944,0,33,0,0,0,7,1,A01
200800031945,0,30,0,6,0,1,0,A01
200800031946,0,33,0,0,2,3,1,B01
200800031946,0,7,0,0,2,7,11,A01
200800031946,0,7,0,0,0,0,0,C01
200800031947,0,30,0,0,0,0,1,A01
200800031948,0,7,0,0,2,1,9,A01
200800031948,0,2,0,0,2,1,1,B01
200800031949,0,7,0,0,2,1,2,A01
200800031949,0,7,0,0,2,4,2,B01
200800031949,0,7,0,0,2,4,2,C01
200800031950,0,7,0,0,2,3,9,A01
200800031950,0,33,0,0,2,1,1,B01
200800031951,0,7,0,0,1,3,9,A01
200800031952,0,7,0,0,2,7,15,A01
200800031952,0,33,0,0,2,1,1,B01
200800031953,0,7,0,0,2,6,9,A01
200800031953,0,33,0,0,2,1,1,B01
200800031954,0,7,0,6,0,1,14,A01
200800031955,0,7,0,6,0,6,4,A01
200800031956,0,7,0,0,0,0,16,A01
200800031956,0,1,0,0,0,0,1,B01
200800031957,0,7,0,0,2,1,9,A01
200800031957,0,33,0,0,2,8,1,B01
200800031958,0,7,0,0,2,1,2,A01
200800031958,0,7,0,0,2,4,2,B01
200800031958,0,7,0,0,2,4,23,C01
200800031959,0,7,0,0,2,1,15,A01
200800031959,0,2,0,0,2,1,17,B01
200800031959,0,7,0,0,2,8,2,C01
200800031960,0,7,0,0,2,1,9,A01
200800031960,0,7,0,0,2,8,1,B01
200800031961,0,7,0,0,2,2,10,A01
200800031961,0,32,0,0,2,0,1,B01
200800031962,0,7,0,0,2,7,1,B01
200800031962,0,2,0,0,2,0,9,A01
200800031963,0,33,0,0,2,7,21,A01
200800031963,0,7,0,0,2,2,15,B01
200800031964,0,7,0,0,2,8,1,B01
200800031964,1,7,0,0,2,1,1,A01
200800031965,0,2,0,0,2,2,1,A01
200800031965,0,2,0,0,2,1,1,B01
200800031966,0,2,0,0,2,7,14,A01
200800031966,0,7,0,0,9,4,2,B01
200800031967,0,7,0,0,2,1,1,B01
200800031967,0,2,0,0,2,8,1,A01
200800031968,0,2,0,0,2,3,1,A01
200800031968,0,7,0,0,2,1,1,B01
200800031969,0,7,0,0,2,3,13,A01
200800031969,0,7,0,0,2,3,1,B01
200800031970,0,2,0,0,2,1,9,A01
200800031970,0,7,0,0,2,3,1,B01
200800031971,0,7,0,0,2,3,20,A01
200800031971,0,7,0,1,2,2,1,B01
200800031972,0,7,0,0,1,1,16,A01
200800031973,0,31,0,0,2,2,1,A01
200800031973,0,7,0,0,2,3,15,B01
200800031974,0,7,0,0,2,2,15,A01
200800031974,0,31,0,0,2,2,1,B01
200800031975,0,7,0,4,2,3,11,A01
200800031975,0,7,0,0,2,2,1,B01
200800031976,0,2,0,0,2,1,2,A01
200800031976,0,7,0,0,2,5,23,B01
200800031977,0,7,0,0,2,3,1,A01
200800031977,0,1,0,0,2,1,1,B01
200800031978,0,7,0,0,2,3,11,A01
200800031978,0,33,0,0,2,2,0,B01
200800031979,0,2,0,0,2,1,1,A01
200800031979,0,7,0,0,2,7,1,B01
200800031980,1,7,0,0,2,0,15,A01
200800031980,0,2,0,0,2,0,15,B01
200800031981,0,7,0,0,2,2,23,C01
200800031981,2,7,0,0,2,2,1,A01
200800031981,0,10,0,0,2,3,1,B01
200800031982,0,2,0,0,2,1,1,A01
200800031982,0,7,0,0,2,6,15,B01
200800031983,0,7,0,0,2,5,15,A01
200800031983,0,33,0,0,2,1,1,B01
200800031984,0,7,0,0,2,3,1,A01
200800031984,0,1,0,0,2,2,1,B01
200800031985,0,2,0,1,2,2,17,A01
200800031985,0,7,0,0,2,3,1,B01
200800031986,0,7,0,0,2,2,15,A01
200800031986,0,33,0,0,2,3,1,B01
200800031987,0,2,0,0,2,1,2,A01
200800031987,0,7,0,0,2,6,1,B01
200800031988,0,7,0,0,1,3,1,A01
200800031989,0,7,0,0,2,3,15,A01
200800031989,0,7,0,0,2,3,1,B01
200800031990,0,1,0,0,2,1,1,B01
200800031990,0,7,0,0,2,3,16,A01
200800031991,0,7,0,0,2,3,20,A01
200800031991,0,33,0,0,2,1,1,B01
200800031992,0,2,0,0,2,1,1,A01
200800031992,0,7,0,0,2,1,1,B01
200800031993,0,7,0,0,2,3,24,A01
200800031993,0,1,0,1,0,2,1,B01
200800031994,0,7,0,0,1,3,15,A01
200800031995,0,2,0,0,2,1,18,A01
200800031995,0,7,0,0,2,2,20,B01
200800031996,0,7,0,0,2,2,5,A01
200800031996,0,31,0,0,2,1,1,B01
200800031997,0,7,0,0,1,1,15,A01
200800031998,0,7,0,9,2,2,1,B01
200800031998,0,7,0,0,2,1,1,A01
200800031999,0,10,0,1,2,3,13,A01
200800031999,0,1,0,1,2,4,1,B01
200800032000,0,7,0,0,0,2,15,A01
200800032000,0,33,0,0,0,5,0,B01
200800032000,0,7,0,0,0,3,0,C01
200800032001,0,7,0,16,0,9,21,A01
200800032001,0,7,0,0,0,0,15,B01
200800032002,0,7,0,0,0,6,0,B01
200800032002,0,2,0,0,2,1,1,A01
200800032003,0,2,0,6,0,1,1,A01
200800032004,0,7,0,0,2,8,15,A01
200800032004,0,33,0,0,2,8,21,B01
200800032005,0,7,0,0,1,1,20,A01
200800032006,0,1,0,0,2,0,5,A01
200800032006,0,7,0,0,2,2,1,B01
200800032007,0,2,0,0,2,1,2,A01
200800032007,0,14,0,0,2,4,2,B01
200800032008,0,7,0,0,2,7,15,A01
200800032008,0,30,0,0,2,1,1,B01
200800032009,0,1,0,0,2,1,19,A01
200800032009,0,7,0,0,1,3,1,B01
200800032010,0,31,0,0,2,3,1,A01
200800032010,0,14,0,0,2,3,16,B01
200800032011,0,2,0,0,1,1,1,A01
200800032012,1,34,0,0,0,0,0,A01
200800032012,0,30,0,0,2,0,1,B01
200800032013,0,33,0,0,2,0,21,A01
200800032013,0,7,0,0,0,0,9,B01
200800032014,0,7,0,3,2,5,1,B01
200800032014,0,7,0,0,2,3,21,A01
200800032015,0,7,0,11,2,2,2,A01
200800032015,0,30,0,0,0,4,2,B01
200800032015,0,7,0,0,0,6,2,C01
200800032015,0,7,0,0,0,6,23,D01
200800032016,0,7,0,0,2,1,2,A01
200800032016,0,7,0,0,0,4,23,B01
200800032017,0,7,0,13,0,3,1,A01
200800032018,0,7,0,0,1,3,1,A01
200800032019,0,2,0,0,2,1,17,A01
200800032019,0,7,0,0,2,1,16,B01
200800032020,0,33,0,0,2,1,1,B01
200800032020,0,7,0,0,2,8,15,A01
200800032021,0,7,0,0,1,3,15,A01
200800032021,0,31,0,1,2,1,17,B01
200800032022,0,7,0,0,2,3,9,A01
200800032022,0,33,0,0,2,1,1,B01
200800032023,0,7,0,0,9,3,9,A01
200800032023,0,1,0,0,2,7,19,B01
200800032024,0,30,0,0,0,1,0,A01
200800032024,0,7,0,0,0,0,0,B01
200800032025,0,7,0,0,2,7,1,B01
200800032025,0,7,0,0,2,2,1,C01
200800032025,0,7,0,0,2,3,1,A01
200800032026,0,7,0,0,0,1,0,A01
200800032026,0,7,0,0,0,4,0,B01
200800032026,0,7,0,0,0,4,0,C01
200800032027,0,7,0,0,1,0,0,A01
200800032028,0,7,0,0,1,1,0,A01
200800032029,0,7,0,0,1,2,12,A01
200800032030,0,7,0,0,2,3,1,A01
200800032030,0,30,0,0,2,1,1,B01
200800032031,0,7,0,2,0,3,1,A01
200800032032,0,7,0,0,2,8,9,A01
200800032032,0,1,0,0,2,1,1,B01
200800032033,0,7,0,2,0,2,13,A01
200800032034,0,7,0,0,2,1,9,A01
200800032034,0,1,0,0,2,7,1,B01
200800032035,0,30,0,0,0,8,2,A01
200800032036,0,7,0,8,0,2,6,A01
200800032037,0,7,0,0,2,1,2,A01
200800032037,0,7,0,0,2,4,1,B01
200800032038,0,7,0,0,2,1,1,A01
200800032038,0,7,0,0,2,4,23,B01
200800032038,0,7,0,0,2,6,5,C01
200800032039,1,7,0,0,9,8,2,A01
200800032040,0,37,0,0,1,4,2,A01
200800032041,0,7,0,0,2,1,5,A01
200800032041,0,33,0,0,2,1,1,B01
200800032042,0,7,0,0,2,1,1,A01
200800032042,0,7,0,0,2,4,1,B01
200800032043,0,30,0,0,2,8,2,B01
200800032043,0,7,0,0,2,2,17,A01
200800032044,0,1,0,0,0,4,1,B01
200800032044,1,7,0,0,0,0,0,A01
200800032045,0,7,0,8,0,1,0,A01
200800032046,0,33,0,0,2,1,5,A01
200800032046,0,7,0,0,0,1,5,B01
200800032047,1,7,0,0,2,1,1,A01
200800032047,0,7,0,1,0,4,1,B01
200800032048,0,7,0,0,2,8,9,A01
200800032048,0,30,0,0,2,2,1,B01
200800032049,0,7,0,1,0,2,14,A01
200800032050,0,7,0,0,1,1,1,A01
200800032051,0,31,0,0,2,1,17,B01
200800032051,0,7,0,0,2,3,9,A01
200800032052,0,1,0,0,2,1,1,A01
200800032052,0,7,0,0,2,5,22,B01
200800032053,0,7,0,0,1,1,1,A01
200800032054,0,7,0,0,2,7,15,A01
200800032054,0,7,0,0,2,2,1,B01
200800032055,0,2,0,0,0,0,0,A01
200800032056,0,33,0,1,2,1,0,A01
200800032056,0,7,0,0,2,1,15,B01
200800032057,0,3,0,0,2,3,1,A01
200800032057,0,7,0,0,2,3,1,B01
200800032058,0,7,0,0,0,9,1,A01
200800032059,0,1,0,0,2,0,1,B01
200800032059,0,7,0,0,2,1,16,A01
200800032060,0,33,0,0,1,2,1,A01
200800032061,0,7,0,0,2,1,1,B01
200800032061,0,30,0,0,2,1,1,A01
200800032062,0,7,0,7,2,1,1,B01
200800032062,0,7,0,0,2,7,1,A01
200800032063,0,30,0,12,0,0,0,A01
200800032064,0,7,0,0,2,1,1,A01
200800032064,0,7,0,0,2,4,23,B01
200800032064,0,7,0,0,2,4,23,C01
200800032064,0,7,0,0,2,4,23,D01
200800032065,0,7,0,0,2,5,17,A01
200800032065,0,30,0,0,2,8,1,B01
200800032066,0,7,0,0,2,3,10,A01
200800032066,0,2,0,0,2,1,17,B01
200800032067,0,7,0,0,2,1,15,A01
200800032067,0,33,0,0,2,8,1,B01
200800032068,0,7,0,0,2,4,1,A01
200800032068,0,33,0,0,2,1,1,B01
200800032069,0,1,0,0,2,6,11,A01
200800032069,0,7,0,0,2,1,1,B01
200800032070,0,10,0,0,2,1,1,A01
200800032070,0,7,0,0,2,4,1,B01
200800032071,0,7,0,0,1,4,20,A01
200800032072,0,33,0,0,2,1,1,A01
200800032072,0,7,0,0,2,4,1,B01
200800032073,0,7,0,0,1,2,1,A01
200800032074,0,7,0,0,1,2,1,A01
200800032075,0,7,0,2,0,9,1,A01
200800032076,0,2,0,0,2,1,19,A01
200800032076,0,7,0,0,2,1,1,B01