Num_Acc,senc,catv,occutc,obs,obsm,choc,manv,num_veh
200800032077,0,7,0,0,2,7,15,A01
200800032077,0,33,0,0,2,1,1,B01
200800032078,1,7,0,0,1,0,0,A01
200800032079,0,7,0,0,2,4,1,B01
200800032079,0,10,0,0,2,1,2,A01
200800032080,0,7,0,0,2,4,1,B01
200800032080,0,33,0,0,2,1,2,A01
200800032081,0,7,0,0,2,3,15,B01
200800032081,0,33,0,0,2,1,17,A01
200800032082,0,1,0,0,2,1,19,B01
200800032082,0,7,0,0,2,2,1,A01
200800032083,0,32,0,0,0,0,1,A01
200800032084,0,1,0,0,2,1,19,A01
200800032084,0,7,0,0,2,8,23,B01
200800032085,0,7,0,0,1,1,1,A01
200800032086,0,7,0,0,1,7,1,A01
200800032087,0,7,0,0,2,4,1,B01
200800032087,0,7,0,0,2,1,1,A01
200800032088,0,7,0,0,1,2,1,A01
200800032089,0,33,0,0,2,1,17,A01
200800032089,0,7,0,0,2,6,15,B01
200800032090,0,7,0,0,2,1,2,A01
200800032090,0,7,0,0,2,4,2,B01
200800032091,0,33,0,0,2,7,1,B01
200800032091,0,7,0,0,2,4,24,C01
200800032091,0,7,0,0,2,2,9,A01
200800032092,0,33,0,0,0,9,2,A01
200800032093,0,7,0,0,1,1,2,A01
200800032094,0,7,0,0,2,1,2,A01
200800032094,0,7,0,0,2,4,2,B01
200800032095,0,7,0,0,2,3,15,A01
200800032095,0,30,0,0,2,8,2,B01
200800032096,0,7,0,0,1,4,4,A01
200800032097,0,7,0,0,2,1,2,A01
200800032097,0,7,0,0,2,4,2,B01
200800032098,0,7,0,0,2,1,2,A01
200800032098,0,7,0,0,2,4,23,B01
200800032099,0,7,0,0,1,3,14,A01
200800032100,0,7,0,0,2,3,17,A01
200800032100,0,15,0,0,2,8,21,B01
200800032100,0,7,0,0,2,4,2,C01
200800032101,0,99,0,0,2,0,2,A01
200800032101,0,7,0,0,9,1,2,B01
200800032102,0,7,0,0,2,1,1,A01
200800032102,0,7,0,0,2,4,23,B01
200800032102,0,7,0,0,2,4,23,C01
200800032103,0,7,0,0,2,8,22,A01
200800032103,0,34,0,0,2,1,1,B01
200800032104,0,7,0,0,1,1,9,A01
200800032105,0,33,0,0,2,1,17,A01
200800032105,0,7,0,0,2,3,1,B01
200800032105,0,7,0,0,2,8,1,C01
200800032106,0,7,0,0,2,8,0,A01
200800032106,0,30,0,0,2,1,1,B01
200800032107,0,33,0,0,1,1,1,A01
200800032108,0,7,0,0,2,1,0,A01
200800032108,0,7,0,0,2,4,0,B01
200800032108,0,7,0,0,2,4,0,C01
200800032108,0,7,0,0,2,4,0,D01
200800032109,0,7,0,13,0,9,17,A01
200800032110,0,7,0,0,2,1,1,A01
200800032110,0,7,0,0,2,4,1,B01
200800032111,0,7,0,2,0,4,14,A01
200800032112,0,7,0,0,2,1,15,A01
200800032112,0,7,0,0,2,2,1,B01
200800032113,0,7,0,0,2,8,11,A01
200800032113,0,2,0,0,2,1,1,B01
200800032114,0,7,0,0,2,1,1,A01
200800032114,0,7,0,0,1,1,23,B01
200800032115,0,30,0,0,2,1,1,A01
200800032115,0,7,0,0,2,3,15,B01
200800032116,0,2,0,0,2,1,17,A01
200800032116,0,7,0,0,0,8,15,B01
200800032117,0,30,0,0,2,1,1,A01
200800032117,1,7,0,0,2,5,1,B01
200800032118,0,7,0,0,1,3,1,A01
200800032119,0,7,0,6,0,2,20,A01
200800032120,0,10,0,0,2,1,15,A01
200800032120,0,33,0,0,2,1,1,B01
200800032121,2,2,0,0,1,0,0,A01
200800032122,0,14,0,0,2,4,4,A01
200800032122,0,37,26,0,2,1,23,B01
200800032123,0,7,0,0,2,1,1,A01
200800032123,0,33,0,0,2,2,1,B01
200800032124,0,7,0,6,2,1,1,A01
200800032124,0,7,0,0,2,2,23,B01
200800032124,0,7,0,0,2,7,23,C01
200800032125,0,7,0,0,2,1,9,A01
200800032125,0,7,0,0,2,7,1,B01
200800032126,0,7,0,0,2,2,9,A01
200800032126,0,32,0,0,2,8,1,B01
200800032127,0,30,0,0,0,3,0,A01
200800032128,0,7,0,0,2,5,17,A01
200800032128,0,1,0,0,2,3,0,B01
200800032129,0,7,0,0,2,1,1,B01
200800032129,0,7,0,0,2,7,1,A01
200800032130,0,7,0,0,0,6,15,B01
200800032130,0,2,0,0,2,1,1,A01
200800032131,0,2,0,8,0,1,1,A01
200800032132,0,7,0,0,2,4,2,A01
200800032132,0,7,0,0,9,1,2,B01
200800032132,0,7,0,0,9,1,2,C01
200800032132,0,7,0,0,9,1,2,D01
200800032132,0,7,0,0,9,1,2,E01
200800032133,0,7,0,0,2,7,15,A01
200800032133,0,2,0,0,2,1,1,B01
200800032134,0,2,0,0,2,8,2,A01
200800032134,0,33,0,0,2,7,2,B01
200800032135,0,7,0,0,2,5,9,A01
200800032135,0,2,0,0,2,8,13,B01
200800032136,0,7,0,0,2,4,2,B01
200800032136,0,7,0,0,2,1,2,A01
200800032137,0,7,0,0,2,2,15,A01
200800032137,0,7,0,0,2,1,1,B01
200800032138,0,7,0,0,2,3,0,A01
200800032138,0,33,0,0,2,1,1,B01
200800032139,0,7,0,0,1,5,1,A01
200800032140,0,33,0,1,2,9,17,A01
200800032140,0,7,0,0,2,8,15,B01
200800032141,0,7,0,11,0,1,6,A01
200800032142,0,7,0,8,0,1,1,A01
200800032143,0,7,0,0,2,3,1,C01
200800032143,0,7,0,0,2,6,1,B01
200800032143,0,10,0,0,2,1,1,A01
200800032144,0,7,0,0,2,2,1,B01
200800032144,0,7,0,0,2,3,15,A01
200800032145,0,7,0,0,1,1,1,A01
200800032146,0,7,0,0,2,1,1,B01
200800032146,0,7,0,0,2,1,1,A01
200800032147,0,7,0,0,0,4,1,C01
200800032147,0,7,0,0,2,1,1,A01
200800032147,0,7,0,0,2,4,1,B01
200800032148,0,7,0,0,2,0,9,A01
200800032148,0,30,0,0,2,2,16,B01
200800032149,0,7,0,0,2,3,1,C01
200800032149,0,7,0,0,2,3,1,B01
200800032150,0,7,0,0,2,4,1,A01
200800032150,0,7,0,0,0,4,1,B01
200800032151,0,7,0,0,1,1,16,A01
200800032152,0,7,0,0,2,1,2,A01
200800032152,0,10,0,0,2,4,2,B01
200800032152,0,7,0,0,0,4,2,C01
200800032153,0,7,0,0,2,2,1,A01
200800032153,0,31,0,0,2,1,2,B01
200800032154,0,7,0,0,2,1,5,A01
200800032154,0,7,0,0,0,1,1,B01
200800032155,0,30,0,0,0,0,1,A01
200800032156,0,2,0,0,0,0,1,A01
200800032157,0,7,0,13,0,1,0,A01
200800032158,0,2,0,1,2,8,1,B01
200800032158,0,7,0,0,2,3,1,A01
200800032159,1,37,0,0,0,0,0,A01
200800032160,0,7,0,0,2,1,15,A01
200800032160,0,7,0,0,2,1,1,B01
200800032161,0,2,0,0,0,1,1,A01
200800032162,0,7,0,6,2,1,17,A01
200800032162,2,7,0,0,2,3,15,B01
200800032163,0,14,0,0,2,1,2,A01
200800032163,0,7,0,0,0,4,2,B01
200800032164,0,7,0,0,2,5,1,B01
200800032164,0,7,0,0,2,1,1,A01
200800032165,0,7,0,0,2,1,9,A01
200800032165,0,2,0,0,2,7,1,B01
200800032166,0,7,0,0,2,9,21,A01
200800032167,0,7,0,0,2,1,1,A01
200800032167,0,7,0,0,2,1,15,B01
200800032168,0,7,0,0,1,1,1,A01
200800032169,0,7,0,0,2,7,1,A01
200800032169,0,7,0,0,2,3,1,B01
200800032170,0,2,0,0,2,1,1,A01
200800032170,0,7,0,0,2,3,1,B01
200800032171,0,7,0,6,0,1,14,A01
200800032172,0,14,0,0,0,6,1,B01
200800032172,0,1,0,0,2,1,9,A01
200800032173,0,7,0,0,2,1,2,A01
200800032173,0,7,0,0,0,4,23,B01
200800032174,0,33,0,0,0,8,1,A01
200800032175,0,7,0,0,2,7,1,A01
200800032175,0,7,0,0,2,2,23,C01
200800032175,0,7,0,0,2,1,1,B01
200800032176,0,7,0,0,0,1,13,A01
200800032177,0,7,0,0,1,4,4,A01
200800032178,0,7,0,0,1,4,4,A01
200800032179,1,13,0,0,1,3,16,A01
200800032180,0,7,0,0,2,5,15,A01
200800032180,0,2,0,0,2,1,1,B01
200800032181,0,30,0,14,0,0,1,A01
200800032182,0,33,0,0,0,9,1,A01
200800032183,0,7,0,9,0,1,1,A01
200800032184,0,33,0,0,2,7,17,A01
200800032184,0,7,0,0,2,8,15,B01
200800032185,0,1,0,0,2,1,0,A01
200800032185,0,7,0,0,0,5,0,B01
200800032186,0,7,0,0,2,1,15,A01
200800032186,0,7,0,0,2,3,1,B01
200800032187,0,7,0,0,1,1,11,A01
200800032188,0,31,0,0,2,8,18,A01
200800032188,0,7,0,0,2,2,16,B01
200800032189,0,10,0,0,0,2,1,A01
200800032189,0,10,0,0,0,4,16,B01
200800032190,0,7,0,11,0,1,1,A01
200800032191,0,7,0,0,2,7,1,A01
200800032191,0,33,0,0,2,2,3,B01
200800032191,0,7,0,0,2,4,1,C01
200800032192,0,2,0,0,2,2,1,A01
200800032192,0,2,0,0,2,8,1,B01
200800032193,0,33,0,0,0,1,1,A01
200800032194,0,7,0,0,2,2,1,B01
200800032194,0,10,0,0,2,1,9,A01
200800032195,0,7,0,0,1,0,1,A01
200800032196,0,10,0,0,2,1,0,A01
200800032196,0,33,0,0,2,1,1,B01
200800032197,0,7,0,16,0,1,1,A01
200800032198,0,7,0,0,1,2,1,A01
200800032199,0,7,0,0,1,1,1,A01
200800032200,0,7,0,14,0,1,0,A01
200800032201,0,7,0,0,2,1,15,A01
200800032201,0,32,0,0,2,1,0,B01
200800032202,0,7,0,4,0,1,0,A01
200800032203,0,2,0,0,2,1,0,A01
200800032203,0,7,0,0,2,3,0,B01
200800032204,0,7,0,0,1,2,0,A01
200800032205,0,7,0,0,1,1,0,A01
200800032206,0,7,0,0,2,1,0,A01
200800032206,0,7,0,0,2,6,1,B01
200800032207,0,2,0,8,0,1,0,A01
200800032208,0,10,0,0,2,0,4,A01
200800032208,0,1,0,0,2,1,0,B01
200800032209,0,7,0,0,2,1,9,A01
200800032209,0,7,0,0,2,2,1,B01
200800032210,0,1,0,0,2,7,19,A01
200800032210,0,7,0,0,2,0,1,B01
200800032211,0,7,0,0,1,2,0,A01
200800032212,0,7,0,0,2,2,0,A01
200800032212,0,33,0,0,2,7,0,B01
200800032213,0,7,0,0,2,8,0,A01
200800032213,0,33,0,0,2,7,0,B01
200800032214,0,30,0,0,2,1,0,B01
200800032214,1,7,0,0,2,0,0,A01
200800032215,0,10,0,0,2,2,19,A01
200800032215,0,33,0,0,2,1,1,B01
200800032216,0,7,0,0,2,3,0,A01
200800032216,0,37,1,0,2,2,0,B01
200800032217,0,7,0,0,0,7,0,A01
200800032218,1,10,0,0,2,1,0,A01
200800032218,0,7,0,0,2,4,0,B01
200800032219,0,31,0,0,2,8,0,B01
200800032219,0,7,0,0,2,1,0,A01
200800032220,0,14,0,12,0,1,0,A01
200800032221,1,7,0,0,2,8,0,A01
200800032221,0,33,0,0,2,7,0,B01
200800032222,0,30,0,14,0,8,1,A01
200800032223,0,30,0,0,0,0,0,A01
200800032224,0,30,0,0,2,3,0,A01
200800032224,0,7,0,0,2,2,0,B01
200800032225,0,7,0,0,2,6,11,A01
200800032225,0,7,0,0,2,1,1,B01
200800032226,0,7,0,0,2,1,23,A01
200800032226,0,7,0,0,2,4,23,B01
200800032226,0,7,0,0,2,0,1,C01
200800032227,0,7,0,0,2,2,0,A01
200800032227,0,33,0,0,2,1,0,B01
200800032228,0,33,0,12,0,0,0,A01
200800032229,0,7,0,0,2,5,0,A01
200800032229,0,32,0,0,2,3,11,B01
200800032230,0,7,0,4,0,3,0,A01
200800032231,0,32,0,5,0,3,0,A01
200800032232,0,7,0,0,2,2,15,A01
200800032232,0,2,0,0,2,1,1,B01
200800032233,0,7,0,0,1,2,1,A01
200800032234,0,7,0,0,2,3,0,A01
200800032234,0,30,0,0,2,1,0,B01
200800032235,0,7,0,0,2,3,15,A01
200800032235,0,7,0,0,2,1,1,B01
200800032236,0,7,0,0,2,6,0,A01
200800032236,0,2,0,0,2,1,0,B01
200800032237,0,7,0,0,2,3,0,A01
200800032237,0,33,0,0,2,1,0,B01
200800032238,0,7,0,0,1,0,0,A01
200800032239,0,32,0,0,2,2,0,A01
200800032239,0,7,0,0,2,0,0,B01
200800032240,0,30,0,9,0,7,0,A01
200800032241,0,7,0,0,2,3,0,A01
200800032241,0,1,0,0,2,1,0,B01
200800032242,0,2,0,0,2,7,0,A01
200800032242,0,10,0,0,2,3,0,B01
200800032243,0,7,0,0,2,1,0,A01
200800032243,0,7,0,0,2,4,0,B01
200800032244,0,33,0,0,2,1,1,A01
200800032244,0,7,0,0,2,3,16,B01
200800032245,0,7,0,0,2,8,0,A01
200800032245,0,13,0,0,2,1,0,B01
200800032246,0,1,0,0,2,4,0,A01
200800032246,0,7,0,0,2,1,0,B01
200800032247,0,7,0,0,1,3,1,A01
200800032248,0,1,0,0,2,8,0,A01
200800032248,0,33,0,0,2,7,0,B01
200800032249,1,7,0,0,2,0,0,A01
200800032249,0,33,0,0,2,0,0,B01
200800032250,0,7,0,0,2,1,0,A01
200800032250,0,33,0,0,2,4,0,B01
200800032251,0,7,0,0,2,3,0,A01
200800032251,0,30,0,0,2,1,0,B01
200800032252,0,7,0,0,2,1,0,A01
200800032252,0,7,0,0,2,1,0,B01
200800032253,0,7,0,0,2,1,0,A01
200800032254,1,32,0,0,2,7,0,A01
200800032254,0,7,0,0,2,3,0,B01
200800032255,0,7,0,0,1,0,0,A01
200800032256,0,7,0,4,0,3,0,A01
200800032257,0,2,0,0,0,0,0,A01
200800032258,1,7,0,0,2,2,0,A01
200800032258,0,7,0,0,2,8,0,B01
200800032259,0,7,0,0,0,0,0,A01
200800032260,0,7,0,0,2,1,0,A01
200800032260,0,7,0,0,2,4,0,B01
200800032261,0,7,0,0,0,0,1,A01
200800032261,0,33,0,0,0,0,1,B01
200800032261,0,10,0,0,0,0,0,C01
200800032262,0,7,0,0,2,1,0,A01
200800032262,0,31,0,0,2,7,0,B01
200800032263,1,7,0,0,1,0,0,A01
200800032264,0,33,0,0,2,1,0,A01
200800032264,0,7,0,0,2,4,0,B01
200800032265,0,7,0,0,1,0,1,A01
200800032266,0,33,0,0,2,0,0,A01
200800032266,0,7,0,0,2,3,0,B01
200800032267,0,7,0,0,2,2,0,A01
200800032267,0,37,0,0,2,2,0,B01
200800032268,0,7,0,0,1,7,0,A01
200800032269,0,7,0,0,2,2,0,A01
200800032269,0,1,0,0,2,1,0,B01
200800032270,0,2,0,0,0,7,0,A01
200800032271,0,7,0,0,2,3,10,A01
200800032271,0,7,0,0,2,2,1,B01
200800032272,0,2,0,12,0,2,0,A01
200800032273,0,7,0,0,2,0,0,A01
200800032273,0,7,0,0,2,1,0,B01
200800032274,0,7,0,0,2,8,0,A01
200800032274,0,31,0,0,2,1,0,B01
200800032275,0,32,0,0,2,1,0,A01
200800032275,0,7,0,0,2,4,0,B01
200800032276,0,7,0,0,1,2,0,A01
200800032277,0,7,0,1,0,1,2,A01
200800032277,0,7,0,0,2,4,23,B01
200800032277,0,7,0,0,2,4,23,C01
200800032278,0,7,0,4,0,1,1,A01
200800032279,0,14,0,0,2,7,1,B01
200800032279,0,7,0,0,2,1,15,A01
200800032280,0,7,0,0,2,3,16,A01
200800032280,0,1,0,0,2,1,1,B01
200800032281,0,30,0,12,0,0,15,A01
200800032282,0,7,0,0,1,2,1,A01
200800032283,0,7,0,0,2,5,11,A01
200800032283,0,33,0,0,0,1,1,B01
200800032284,0,7,0,0,0,5,15,A01
200800032284,0,2,0,0,2,1,1,B01
200800032285,0,7,0,0,2,1,1,A01
200800032285,0,30,0,0,2,6,1,B01
200800032286,0,7,0,0,2,2,1,B01
200800032286,0,7,0,0,2,3,19,A01
200800032287,1,7,0,0,2,2,1,X01
200800032287,0,1,0,0,2,8,1,B01
200800032288,0,7,0,0,2,1,15,A01
200800032288,0,2,0,0,0,8,1,B01
200800032289,0,2,0,0,2,8,11,A01
200800032289,0,7,0,0,0,5,1,B01
200800032290,0,7,0,0,1,0,1,A01
200800032291,0,7,0,0,2,1,1,A01
200800032291,0,7,0,0,2,4,23,B01
200800032291,0,7,0,0,0,4,23,C01
200800032292,0,7,0,0,0,3,15,A01
200800032292,0,31,0,0,2,1,1,B01
200800032293,0,7,0,0,0,2,1,B01
200800032293,0,32,0,0,2,1,15,A01
200800032294,0,14,0,0,0,0,1,A01
200800032294,0,1,0,1,2,1,1,B01
200800032295,1,7,0,15,1,7,0,A01
200800032296,0,7,0,0,2,1,2,A01
200800032296,0,7,0,0,2,4,23,B01
200800032297,0,7,0,0,1,2,1,A01
200800032298,0,10,0,0,1,2,15,A01
200800032299,0,2,0,1,0,1,18,A01
200800032300,0,31,0,0,2,3,0,A01
200800032300,0,2,0,0,0,7,1,B01
200800032301,0,10,0,0,0,5,15,A01
200800032301,0,2,0,0,2,1,8,B01
200800032302,0,7,0,0,0,7,15,A01
200800032302,0,2,0,0,2,1,1,B01
200800032303,0,33,0,0,2,1,1,A01
200800032303,0,33,0,0,0,4,2,B01
200800032304,0,7,0,0,0,6,1,A01
200800032304,0,33,0,0,2,1,17,B01
200800032305,0,7,0,0,2,3,15,A01
200800032305,0,2,0,0,0,1,17,B01
200800032306,0,7,0,0,0,0,23,B01
200800032306,0,35,0,0,2,1,15,A01
200800032307,0,40,0,0,2,1,1,B01
200800032307,0,7,0,0,1,2,15,A01
200800032308,0,7,0,0,2,3,1,B01
200800032308,0,10,0,0,0,7,15,A01
200800032309,0,2,0,0,1,1,1,A01
200800032310,0,7,0,0,0,5,15,A01
200800032310,0,2,0,0,2,1,1,B01
200800032311,0,31,0,0,2,1,1,A01
200800032311,0,7,0,0,0,6,15,B01
200800032312,0,7,0,14,2,3,13,A01
200800032312,0,7,0,0,0,8,1,B01
200800032313,0,7,0,0,1,2,16,A01
200800032314,0,7,0,0,0,7,15,B01
200800032314,0,14,0,0,2,3,1,A01
200800032315,0,7,0,7,2,8,1,B01
200800032315,0,7,0,0,2,1,1,A01
200800032316,0,7,0,0,0,4,16,B01
200800032316,0,7,0,0,2,1,2,A01
200800032317,0,7,0,0,2,7,17,A01
200800032317,0,1,0,1,2,8,1,B01
200800032318,0,7,0,0,0,2,16,B01
200800032318,0,1,0,0,2,1,1,A01
200800032319,0,2,0,0,2,1,1,B01
200800032319,0,7,0,0,0,3,1,C01
200800032319,0,7,0,0,0,0,15,A01
200800032320,0,7,0,0,2,1,1,A01
200800032320,0,7,0,0,0,4,23,B01
200800032321,0,7,0,11,0,1,6,A01
200800032322,0,7,0,0,0,2,15,A01
200800032322,0,31,0,0,2,1,1,B01
200800032323,0,7,0,14,2,1,1,A01
200800032323,0,7,0,0,0,3,1,B01
200800032324,0,7,0,0,1,3,15,A01
200800032324,0,33,0,0,2,1,1,B01
200800032324,0,32,0,0,2,2,1,C01
200800032325,0,7,0,9,0,7,19,A01
200800032326,0,7,0,0,0,5,1,A01
200800032326,0,1,0,0,2,2,19,B01
200800032327,0,33,0,0,2,1,21,A01
200800032327,0,7,0,0,2,1,0,B01
200800032327,0,7,0,0,2,1,1,C01
200800032328,0,7,0,0,0,1,1,B01
200800032328,0,7,0,0,2,1,1,A01
200800032329,0,2,0,0,1,1,1,A01
200800032330,0,33,0,0,0,7,1,B01
200800032330,0,7,0,0,2,2,15,A01
200800032331,0,7,0,0,0,3,15,A01
200800032331,0,7,0,0,2,1,1,B01
200800032332,0,2,0,0,2,1,17,A01
200800032332,0,10,0,0,2,1,1,B01
200800032333,0,7,0,0,2,1,1,A01
200800032333,0,2,0,0,0,4,16,B01
200800032333,0,7,0,0,2,1,1,C01
200800032334,0,7,0,0,2,1,2,A01
200800032334,0,7,0,0,0,4,23,B01
200800032335,0,7,0,1,1,3,1,A01
200800032336,0,7,0,0,2,0,2,A01
200800032336,0,1,0,0,0,4,0,B01
200800032337,0,31,0,0,1,1,1,A01
200800032338,0,7,0,0,2,1,15,A01
200800032338,0,33,0,0,0,2,17,B01
200800032339,0,7,0,0,2,1,2,A01
200800032339,0,7,0,0,2,4,2,B01
200800032339,0,7,0,0,0,4,1,C01
200800032340,0,7,0,0,0,2,15,B01
200800032340,0,7,0,0,2,1,1,A01
200800032341,0,10,0,9,0,1,0,A01
200800032342,0,32,0,0,0,6,15,A01
200800032342,0,7,0,0,2,2,1,B01
200800032343,0,7,0,0,0,4,2,A01
200800032343,0,31,0,0,2,1,2,B01
200800032344,0,7,0,1,0,2,1,A01
200800032345,0,7,0,6,0,1,0,A01
200800032346,0,33,0,0,0,3,15,A01
200800032347,0,7,0,0,2,3,1,B01
200800032347,0,1,0,0,0,7,1,A01
200800032348,0,2,0,0,0,7,1,B01
200800032348,0,7,0,0,2,2,15,A01
200800032349,0,7,0,0,0,3,1,B01
200800032349,0,1,0,12,2,1,1,A01
200800032350,0,7,0,0,0,8,24,A01
200800032350,0,1,0,1,0,2,1,B01
200800032350,0,37,10,0,2,0,21,C01
200800032351,0,2,0,0,2,1,1,A01
200800032351,0,7,0,0,0,4,23,B01
200800032352,0,7,0,0,2,3,1,A01
200800032352,0,1,0,0,0,0,19,B01
200800032353,0,7,0,9,0,8,1,B01
200800032353,0,7,0,6,2,1,1,A01
200800032354,0,7,0,0,0,0,16,A01
200800032354,0,1,0,0,2,1,16,B01
200800032355,0,2,0,0,2,1,0,A01
200800032355,0,1,0,0,0,0,14,B01
200800032356,0,10,0,0,2,3,2,A01
200800032356,0,7,0,0,2,5,23,B01
200800032357,0,33,0,11,0,1,1,A01
200800032358,0,32,0,0,2,1,15,B01
200800032358,0,31,0,0,2,1,1,A01
200800032359,0,33,0,0,2,1,1,B01
200800032359,0,7,0,0,2,1,15,A01
200800032360,0,10,0,0,1,6,4,A01
200800032361,0,7,0,1,0,2,1,A01
200800032362,0,7,0,0,1,1,1,A01
200800032363,0,7,0,0,0,2,1,B01
200800032363,0,2,0,0,2,1,1,A01
200800032364,0,10,0,0,0,0,14,A01
200800032364,0,31,0,0,2,0,21,B01
200800032365,0,7,0,0,1,2,1,A01
200800032366,0,7,0,0,2,3,1,B01
200800032366,0,7,0,0,0,2,15,A01
200800032367,0,7,0,0,2,1,2,A01
200800032367,0,10,0,0,2,4,1,B01
200800032368,0,7,0,1,0,1,1,A01
200800032369,0,7,0,0,2,3,16,A01
200800032369,0,2,0,0,2,1,1,B01
200800032370,0,33,0,0,0,7,1,A01
200800032370,0,7,0,0,0,0,16,B01
200800032371,0,33,0,0,0,7,17,A01
200800032371,0,7,0,0,2,2,15,B01
200800032372,0,7,0,0,2,2,1,B01
200800032372,0,7,0,13,2,3,1,A01
200800032373,0,31,0,0,2,2,17,B01
200800032373,0,7,0,0,0,8,15,A01
200800032374,0,7,0,0,0,3,20,A01
200800032374,0,2,0,0,2,1,1,B01
200800032375,0,33,0,14,0,2,17,A01
200800032376,0,30,0,0,2,1,1,A01
200800032376,0,7,0,0,0,6,16,B01
200800032377,0,33,0,0,2,1,2,A01
200800032377,0,7,0,0,2,7,15,B01
200800032378,0,7,0,0,2,3,13,A01
200800032378,0,7,0,0,2,3,1,B01
200800032379,0,31,0,0,0,0,1,A01
200800032380,0,7,0,0,1,1,1,A01
200800032381,0,31,0,0,1,1,1,A01
200800032382,0,7,0,0,0,3,1,B01
200800032382,0,17,0,0,2,3,15,A01
200800032383,0,10,0,0,1,3,1,A01
200800032384,0,7,0,0,0,8,1,A01
200800032384,0,40,0,0,2,1,1,B01
200800032385,0,33,0,0,2,1,1,A01
200800032385,0,7,0,0,0,6,1,B01
200800032386,1,2,0,0,2,1,17,A01
200800032386,0,1,0,0,0,4,1,B01
200800032387,1,7,0,0,2,7,0,B01
200800032387,0,30,0,0,2,1,1,A01
200800032388,0,7,0,13,1,2,6,A01
200800032389,0,10,0,0,2,3,15,B01
200800032389,0,33,0,0,2,1,17,A01
200800032390,0,7,0,0,2,3,19,A01
200800032390,0,37,0,0,2,2,1,B01
200800032391,0,7,0,0,1,1,1,A01
200800032392,1,7,0,0,1,6,4,A01
200800032393,0,31,0,0,2,1,17,B01
200800032393,0,7,0,0,2,1,15,A01
200800032394,0,34,0,0,1,1,0,A01
200800032395,0,7,0,0,2,1,1,A01
200800032395,0,7,0,0,2,4,1,B01
200800032396,0,7,0,0,2,4,9,A01
200800032396,0,7,0,0,2,1,1,B01
200800032397,0,7,0,0,1,3,14,A01
200800032398,0,7,0,0,2,3,15,A01
200800032398,0,30,0,0,2,1,1,B01
200800032399,0,33,0,0,2,2,1,B01
200800032399,0,7,0,0,2,3,9,A01
200800032400,0,10,0,0,1,8,15,A01
200800032401,0,7,0,0,2,3,1,A01
200800032401,0,7,0,0,2,2,1,B01
200800032402,0,7,0,13,0,6,14,A01
200800032403,0,7,0,0,1,1,1,A01
200800032404,0,31,0,0,2,1,1,B01
200800032404,0,7,0,0,2,3,15,A01
200800032405,0,7,0,0,2,1,1,A01
200800032405,0,7,0,0,2,4,1,B01
200800032406,0,7,0,0,2,2,15,A01
200800032406,0,2,0,0,2,1,2,B01
200800032407,0,7,0,0,0,1,0,A01
200800032407,0,7,0,0,2,4,1,B01
200800032408,0,7,0,0,2,8,1,B01
200800032408,0,7,0,0,2,8,1,C01
200800032408,0,7,0,0,2,1,1,A01
200800032409,0,30,0,0,1,1,0,A01
200800032410,0,7,0,3,0,7,14,A01
200800032411,0,7,0,0,2,2,15,A01
200800032411,0,7,0,0,2,3,1,B01
200800032412,0,7,0,0,2,3,13,A01
200800032412,0,7,0,0,2,3,1,B01
200800032413,0,7,0,0,2,5,1,B01
200800032413,0,7,0,0,2,1,1,A01
200800032414,0,3,0,6,0,7,14,A01
200800032415,0,13,0,0,2,1,1,A01
200800032415,0,7,0,0,2,4,0,B01
200800032415,0,7,0,0,2,4,1,C01
200800032415,0,7,0,0,0,4,1,D01
200800032416,0,7,0,13,0,7,14,A01
200800032417,0,7,0,0,2,1,1,A01
200800032417,0,7,0,0,2,4,1,B01
200800032418,0,31,0,0,2,7,17,A01
200800032418,0,7,0,0,2,8,15,B01
200800032419,0,31,0,0,2,0,21,A01
200800032419,1,7,0,0,0,0,13,B01
200800032420,0,33,0,0,2,2,1,B01
200800032420,0,7,0,0,2,8,9,A01
200800032421,0,7,0,0,2,3,1,B01
200800032421,0,7,0,0,2,1,1,A01
200800032422,0,30,0,0,0,0,0,A01
200800032423,0,10,0,0,2,0,0,A01
200800032423,0,7,0,0,2,0,0,B01
200800032423,0,10,0,0,2,0,0,C01
200800032424,0,7,0,0,2,3,9,A01
200800032424,0,7,0,0,0,7,1,B01
200800032425,0,1,0,0,4,6,19,A01
200800032425,0,40,0,0,2,3,1,B01
200800032426,0,7,0,0,2,1,15,A01
200800032426,0,1,0,0,2,1,1,B01
200800032427,0,7,0,0,1,2,13,A01
200800032428,0,2,0,0,0,7,16,A01
200800032429,0,7,0,0,1,4,4,A01
200800032430,0,7,0,0,1,6,4,A01
200800032431,2,7,0,6,0,1,21,A01
200800032431,0,7,0,0,0,0,15,B01
200800032432,0,7,0,0,2,1,1,A01
200800032432,0,7,0,0,2,4,23,B01
200800032432,0,7,0,0,2,2,1,C01
200800032433,0,32,0,0,2,1,2,A01
200800032433,0,2,0,0,2,4,2,B01
200800032434,0,7,0,1,2,3,9,A01
200800032434,0,7,0,0,2,5,2,B01
200800032435,0,7,0,0,2,1,1,B01
200800032435,0,1,0,0,0,7,19,A01
200800032436,0,7,0,0,2,1,15,A01
200800032436,0,34,0,0,2,1,1,B01
200800032437,0,7,0,0,1,1,1,A01
200800032438,0,1,0,8,0,1,1,A01
200800032439,0,1,0,0,2,1,9,A01
200800032439,0,7,0,0,2,1,1,B01
200800032440,0,7,0,0,2,2,1,A01