Num_Acc,senc,catv,occutc,obs,obsm,choc,manv,num_veh
200800032440,0,7,0,0,0,6,1,B01
200800032441,0,7,0,0,2,2,4,A01
200800032441,0,32,0,0,2,1,15,B01
200800032442,0,33,0,0,2,1,18,B01
200800032442,0,7,0,0,2,2,22,A01
200800032442,0,7,0,0,2,3,23,C01
200800032443,0,1,0,0,2,1,9,A01
200800032443,0,7,0,0,2,8,1,B01
200800032444,0,1,0,0,0,2,19,A01
200800032444,0,33,0,0,2,1,1,B01
200800032445,0,7,0,0,1,3,0,A01
200800032446,0,1,0,0,0,1,0,A01
200800032447,0,34,0,0,2,1,17,A01
200800032447,0,10,0,0,2,3,15,B01
200800032448,0,7,0,0,2,1,1,B01
200800032448,0,30,0,0,2,1,1,A01
200800032449,0,7,0,0,2,3,15,A01
200800032449,0,30,0,0,2,1,2,B01
200800032450,0,7,0,0,2,1,1,A01
200800032450,0,7,0,0,0,4,1,B01
200800032450,0,7,0,0,0,4,1,C01
200800032451,0,30,0,0,2,1,1,B01
200800032451,0,7,0,0,2,1,15,A01
200800032452,0,7,0,0,2,1,1,A01
200800032452,0,7,0,0,2,1,2,B01
200800032452,0,7,0,0,0,4,2,C01
200800032453,0,14,0,6,0,1,1,A01
200800032454,0,7,0,0,2,2,15,A01
200800032454,0,7,0,0,2,1,1,B01
200800032455,0,7,0,0,2,7,11,A01
200800032455,0,33,0,0,2,1,9,B01
200800032456,0,7,0,2,0,9,0,A01
200800032457,0,7,0,0,1,2,1,A01
200800032458,0,31,0,0,1,3,1,B01
200800032459,0,7,0,0,0,8,10,A01
200800032459,0,33,0,0,2,1,1,B01
200800032460,0,7,0,0,1,2,1,A01
200800032461,0,7,0,0,2,3,13,A01
200800032461,0,15,0,0,0,8,1,B01
200800032462,0,30,0,0,0,0,1,A01
200800032463,0,7,0,7,2,1,1,A01
200800032463,0,7,0,0,0,4,1,B01
200800032464,0,10,0,0,2,2,2,A01
200800032464,0,33,0,0,2,4,2,B01
200800032464,0,7,0,0,2,4,2,C01
200800032465,0,7,0,16,2,9,1,A01
200800032466,0,7,0,0,2,1,16,B01
200800032466,0,7,0,0,2,1,15,A01
200800032467,0,7,0,0,2,1,23,B01
200800032467,0,31,0,0,2,7,1,A01
200800032468,0,1,0,0,2,7,1,B01
200800032468,0,10,0,0,2,1,15,A01
200800032469,0,7,0,0,2,6,9,A01
200800032469,0,1,0,0,2,1,1,B01
200800032470,0,2,0,0,2,1,18,A01
200800032470,0,7,0,0,2,2,15,B01
200800032471,0,7,0,0,0,7,0,A01
200800032471,0,30,0,0,2,1,0,B01
200800032472,2,7,0,0,2,1,19,A01
200800032472,0,7,0,9,2,1,1,B01
200800032473,0,7,0,0,2,8,9,A01
200800032473,0,7,0,0,2,2,1,B01
200800032474,0,7,0,0,2,6,1,B01
200800032474,0,7,0,0,2,1,1,A01
200800032475,0,7,0,0,2,3,13,A01
200800032475,0,7,0,0,2,3,1,B01
200800032476,0,37,2,0,1,2,1,A01
200800032477,0,7,0,0,0,6,2,A01
200800032478,0,30,0,0,1,2,0,A01
200800032479,0,7,0,0,2,3,1,B01
200800032479,0,33,0,0,2,1,1,A01
200800032480,2,10,0,0,2,1,0,A01
200800032480,0,7,0,0,2,1,0,B01
200800032481,0,7,0,0,2,3,15,A01
200800032481,0,31,0,0,2,7,17,B01
200800032482,1,31,0,0,2,0,0,A01
200800032482,0,32,0,0,0,1,0,B01
200800032483,0,2,0,0,2,1,19,A01
200800032483,0,7,0,0,2,2,2,B01
200800032484,0,7,0,0,0,6,1,B01
200800032484,1,7,0,0,2,0,0,A01
200800032485,0,33,0,0,0,0,1,A01
200800032486,0,2,0,0,0,7,0,A01
200800032487,0,30,0,0,2,8,1,A01
200800032487,0,7,0,0,2,2,20,B01
200800032488,0,7,0,0,2,1,10,A01
200800032488,0,33,0,0,2,0,1,B01
200800032489,0,7,0,13,0,1,1,A01
200800032490,0,7,0,13,0,2,1,A01
200800032491,0,7,0,0,2,1,15,A01
200800032491,0,30,0,0,2,7,1,B01
200800032492,0,30,0,0,2,7,1,A01
200800032492,0,7,0,0,2,1,1,B01
200800032493,0,7,0,0,2,1,1,A01
200800032493,0,7,0,0,2,4,23,B01
200800032494,0,33,0,0,0,0,0,A01
200800032495,0,7,0,0,2,4,19,B01
200800032495,0,30,0,0,2,1,1,A01
200800032496,0,7,0,15,0,1,0,A01
200800032497,0,7,0,0,2,1,1,A01
200800032497,0,7,0,0,2,9,23,B01
200800032497,0,7,0,0,2,4,23,C01
200800032498,0,37,0,0,1,0,9,A01
200800032499,0,1,0,0,2,1,0,A01
200800032499,0,1,0,0,2,7,1,B01
200800032500,0,7,0,0,2,3,1,B01
200800032500,0,2,0,0,2,1,1,A01
200800032501,0,7,0,0,2,1,2,A01
200800032501,0,33,0,0,2,4,1,B01
200800032502,0,7,0,0,1,3,1,A01
200800032503,0,1,0,12,0,1,1,A01
200800032504,0,7,0,0,1,0,1,A01
200800032505,0,7,0,13,0,9,12,A01
200800032506,0,7,0,0,2,1,2,A01
200800032506,0,7,0,0,2,4,1,B01
200800032507,0,30,0,12,0,8,0,A01
200800032508,1,7,0,0,2,1,16,A01
200800032508,0,1,0,0,2,7,1,B01
200800032509,0,10,0,0,2,7,15,A01
200800032509,0,33,0,0,2,1,1,B01
200800032510,0,7,0,0,1,1,1,A01
200800032511,0,10,0,0,1,4,4,A01
200800032512,0,33,0,0,9,0,1,A01
200800032512,0,13,0,0,2,0,1,B01
200800032513,0,30,0,0,0,0,1,A01
200800032514,0,7,0,0,0,3,1,A01
200800032515,0,2,0,0,0,0,0,A01
200800032516,0,1,0,0,1,1,1,A01
200800032517,0,7,0,0,2,3,15,A01
200800032517,0,7,0,0,2,1,1,B01
200800032518,0,2,0,5,0,0,0,A01
200800032519,0,2,0,0,2,4,1,A01
200800032519,0,7,0,0,2,1,2,B01
200800032520,1,7,0,0,1,0,1,A01
200800032521,0,7,0,0,2,3,1,B01
200800032521,0,1,0,0,2,0,1,A01
200800032522,0,7,0,0,2,3,16,B01
200800032522,0,7,0,0,2,1,1,A01
200800032523,0,33,0,16,0,0,18,A01
200800032524,0,7,0,8,0,1,19,A01
200800032525,0,7,0,0,1,1,15,A01
200800032526,0,1,0,1,2,1,2,A01
200800032527,0,33,0,0,0,0,1,A01
200800032528,0,7,0,0,2,1,17,A01
200800032528,0,7,0,13,2,7,21,B01
200800032529,0,7,0,0,2,2,9,A01
200800032529,0,32,0,0,2,1,1,B01
200800032530,0,7,0,0,2,1,1,B01
200800032530,0,7,0,11,2,7,1,A01
200800032531,0,7,0,0,2,1,2,A01
200800032531,0,7,0,0,2,4,2,B01
200800032531,0,7,0,0,2,4,1,C01
200800032532,0,33,0,0,2,1,1,B01
200800032532,0,7,0,0,2,2,15,A01
200800032533,0,10,0,0,2,4,1,A01
200800032533,0,7,0,0,2,4,1,B01
200800032533,0,7,0,0,2,4,2,C01
200800032533,0,10,0,0,2,1,2,D01
200800032534,0,2,0,8,0,1,1,A01
200800032535,0,7,0,12,0,1,1,A01
200800032536,0,7,0,0,2,8,1,B01
200800032536,0,7,0,0,2,1,19,A01
200800032536,0,7,0,0,2,1,23,C01
200800032537,0,10,0,0,2,3,9,A01
200800032537,0,31,0,0,2,1,1,B01
200800032538,0,7,0,0,2,1,5,A01
200800032538,0,7,0,0,2,1,1,B01
200800032539,0,33,0,0,2,1,1,B01
200800032539,0,7,0,0,2,1,15,A01
200800032540,0,7,0,1,0,1,1,A01
200800032540,0,7,0,0,2,1,23,B01
200800032541,0,7,0,0,2,1,1,A01
200800032541,0,7,0,0,2,4,2,B01
200800032542,1,7,0,0,0,0,14,A01
200800032542,0,7,0,13,0,9,21,B01
200800032543,0,7,0,2,0,1,13,A01
200800032544,0,7,0,0,2,1,15,B01
200800032544,0,7,0,0,0,1,1,A01
200800032545,0,7,0,1,0,1,1,A01
200800032546,0,7,0,0,1,1,1,A01
200800032547,0,30,0,0,2,1,1,A01
200800032547,0,7,0,0,0,4,1,B01
200800032548,0,7,0,0,2,8,1,A01
200800032548,0,7,0,0,2,1,15,B01
200800032549,0,7,0,0,2,3,15,B01
200800032549,0,2,0,0,2,3,1,A01
200800032550,0,7,0,0,0,8,22,A01
200800032550,0,1,0,0,0,1,1,B01
200800032551,0,10,0,0,2,5,1,A01
200800032551,0,30,0,0,2,1,1,B01
200800032552,0,7,0,0,2,3,15,A01
200800032552,0,2,0,0,2,1,1,B01
200800032553,0,7,0,0,1,1,1,A01
200800032554,0,1,0,0,2,3,1,B01
200800032554,1,34,0,0,2,0,0,A01
200800032555,0,31,0,15,2,7,13,A01
200800032555,0,7,0,0,2,2,1,B01
200800032556,0,7,0,0,2,1,1,B01
200800032556,0,7,0,0,2,1,5,A01
200800032557,0,7,0,0,2,2,1,A01
200800032557,0,1,0,0,0,0,19,B01
200800032558,0,7,0,0,1,2,1,A01
200800032559,0,30,0,0,2,1,2,A01
200800032559,0,7,0,0,2,7,16,B01
200800032560,0,7,0,0,1,2,1,A01
200800032561,0,14,0,0,2,2,14,A01
200800032561,0,7,0,0,2,8,1,B01
200800032562,0,7,0,0,2,1,15,A01
200800032562,0,1,0,0,2,1,5,B01
200800032563,0,7,0,0,2,2,15,A01
200800032563,0,1,0,0,2,1,1,B01
200800032564,0,7,0,0,1,1,1,A01
200800032565,0,10,0,0,2,2,15,A01
200800032565,0,1,0,0,2,1,1,B01
200800032566,0,7,0,0,2,1,2,A01
200800032566,0,7,0,0,2,4,2,B01
200800032566,0,7,0,0,2,4,2,C01
200800032566,0,7,0,0,2,4,2,D01
200800032567,0,33,0,0,2,1,1,A01
200800032567,0,7,0,0,2,4,1,B01
200800032568,0,32,0,0,2,7,15,A01
200800032568,0,7,0,0,2,2,1,B01
200800032569,0,10,0,0,2,5,1,A01
200800032569,0,1,0,0,2,0,19,B01
200800032570,0,10,0,0,2,3,20,A01
200800032570,0,33,0,0,2,7,1,B01
200800032571,0,32,0,0,2,1,1,A01
200800032571,0,31,0,0,2,1,1,B01
200800032572,0,7,0,0,2,1,1,A01
200800032572,0,7,0,0,2,8,1,B01
200800032572,0,10,0,0,2,6,1,C01
200800032573,0,7,0,0,2,3,19,A01
200800032573,0,33,0,0,2,1,1,B01
200800032574,0,7,0,0,2,1,1,A01
200800032574,0,31,0,0,2,6,1,B01
200800032575,0,7,0,0,2,1,1,A01
200800032575,0,1,0,0,2,1,19,B01
200800032576,2,7,0,15,0,1,1,A01
200800032577,0,10,0,0,2,1,2,A01
200800032577,0,7,0,0,2,4,2,B01
200800032578,1,7,0,0,2,1,1,A01
200800032578,0,7,0,0,2,4,23,B01
200800032579,0,7,0,0,2,5,15,A01
200800032579,0,1,0,0,2,1,1,B01
200800032580,0,7,0,0,2,1,2,A01
200800032580,0,7,0,0,2,4,2,B01
200800032580,0,7,0,0,2,4,2,C01
200800032581,0,40,0,0,1,2,1,A01
200800032582,0,7,0,0,2,8,13,A01
200800032582,0,33,0,0,2,1,1,B01
200800032583,0,7,0,0,2,1,2,A01
200800032583,0,7,0,0,2,4,2,B01
200800032584,0,10,0,0,2,1,1,A01
200800032584,0,7,0,0,2,1,16,B01
200800032585,1,7,0,0,2,0,1,A01
200800032585,0,34,0,0,2,3,1,B01
200800032586,0,7,0,0,2,1,2,A01
200800032586,0,32,0,0,2,4,2,B01
200800032587,0,7,0,0,2,3,10,A01
200800032587,0,7,0,0,2,2,1,B01
200800032588,0,7,0,0,2,3,15,A01
200800032588,0,33,0,0,2,5,1,B01
200800032589,0,7,0,0,2,1,2,A01
200800032589,0,7,0,0,2,4,2,B01
200800032590,0,7,0,3,0,3,1,A01
200800032591,0,30,0,0,2,5,0,A01
200800032591,1,7,0,0,0,0,0,B01
200800032592,0,7,0,0,1,2,1,A01
200800032593,0,7,0,0,2,2,15,A01
200800032593,0,2,0,0,2,1,1,B01
200800032594,0,7,0,0,1,1,15,A01
200800032595,0,7,0,0,2,1,1,B01
200800032595,0,7,0,0,0,7,15,A01
200800032596,0,30,0,0,2,1,2,A01
200800032596,0,7,0,0,0,4,2,B01
200800032597,0,33,0,0,2,9,1,B01
200800032597,0,7,0,0,2,3,1,A01
200800032598,0,7,0,6,0,1,0,A01
200800032598,0,1,0,0,0,8,0,B01
200800032598,0,1,0,0,0,3,0,C01
200800032599,0,2,0,0,2,3,1,B01
200800032599,0,7,0,0,2,2,15,A01
200800032600,0,10,0,0,1,1,1,A01
200800032601,0,7,0,0,2,4,23,C01
200800032601,0,7,0,0,2,1,1,A01
200800032601,0,7,0,0,2,4,23,B01
200800032602,0,10,0,0,2,8,22,A01
200800032602,0,1,0,0,2,1,1,B01
200800032603,0,7,0,0,2,3,19,A01
200800032603,0,7,0,0,2,1,1,B01
200800032604,0,10,0,0,2,3,1,B01
200800032604,0,7,0,0,2,1,17,A01
200800032605,0,7,0,0,9,1,1,A01
200800032605,0,1,0,0,2,8,6,B01
200800032606,0,30,0,0,2,7,1,B01
200800032606,0,7,0,1,2,1,9,A01
200800032607,0,7,0,0,2,4,2,C01
200800032607,0,7,0,0,2,4,2,B01
200800032607,0,7,0,0,2,1,2,A01
200800032608,0,7,0,0,2,3,1,B01
200800032608,0,7,0,0,2,1,1,A01
200800032609,0,10,0,0,1,4,1,A01
200800032610,0,7,0,0,2,3,9,A01
200800032610,0,7,0,0,2,7,1,B01
200800032611,0,7,0,0,2,3,16,B01
200800032611,0,1,0,0,2,1,1,A01
200800032612,0,30,0,0,2,8,1,B01
200800032612,1,7,0,0,9,8,17,A01
200800032613,0,7,0,0,2,3,1,B01
200800032613,0,2,0,0,2,1,1,A01
200800032614,0,33,0,0,0,8,15,A01
200800032615,0,33,0,0,2,1,1,B01
200800032615,0,7,0,0,2,7,15,A01
200800032616,0,7,0,0,1,1,1,B01
200800032616,0,7,0,1,0,1,1,A01
200800032617,0,7,0,0,1,2,1,A01
200800032618,0,30,0,0,2,1,0,A01
200800032618,0,7,0,0,2,0,0,B01
200800032619,0,7,0,0,2,4,2,B01
200800032619,0,7,0,0,2,1,2,A01
200800032620,0,7,0,0,2,2,0,B01
200800032620,0,7,0,0,2,2,13,A01
200800032621,0,10,0,2,0,1,14,A01
200800032622,0,7,0,0,2,8,0,B01
200800032622,0,7,0,0,2,3,0,A01
200800032623,0,7,0,0,2,7,15,A01
200800032623,0,7,0,1,2,1,0,B01
200800032624,0,7,0,0,2,1,15,A01
200800032624,0,33,0,0,2,1,0,B01
200800032625,0,7,0,0,2,6,15,A01
200800032625,0,2,0,0,2,2,1,B01
200800032626,0,7,0,0,1,3,1,A01
200800032627,0,7,0,0,1,1,1,A01
200800032628,0,33,0,0,1,0,16,A01
200800032629,0,7,0,0,2,8,15,A01
200800032629,0,33,0,0,2,1,17,B01
200800032630,0,7,0,0,1,1,1,A01
200800032631,0,7,0,0,1,8,4,A01
200800032632,1,7,0,0,2,7,17,A01
200800032632,0,1,0,0,2,8,1,B01
200800032633,0,7,0,0,2,2,16,A01
200800032633,0,1,0,0,2,1,1,B01
200800032634,0,2,0,0,2,1,1,A01
200800032634,0,7,0,0,2,2,15,B01
200800032635,0,7,0,6,0,1,0,A01
200800032636,0,30,0,0,2,1,1,A01
200800032636,0,7,0,0,2,3,15,B01
200800032637,0,30,0,0,2,2,17,A01
200800032637,0,7,0,0,2,3,15,B01
200800032638,0,34,0,0,1,1,9,A01
200800032639,0,7,0,0,1,1,1,A01
200800032640,0,10,0,0,2,1,0,A01
200800032640,0,7,0,0,2,4,2,B01
200800032641,0,7,0,0,1,2,1,A01
200800032642,0,7,0,0,2,3,1,B01
200800032642,0,3,0,0,2,1,1,A01
200800032643,0,7,0,0,2,3,9,A01
200800032643,0,33,0,0,2,1,1,B01
200800032644,0,30,0,0,2,1,17,A01
200800032644,0,7,0,6,2,3,15,B01
200800032645,0,7,0,0,2,1,20,A01
200800032645,0,31,0,0,2,8,9,B01
200800032646,0,33,0,0,2,1,1,A01
200800032646,0,7,0,0,2,5,12,B01
200800032647,0,7,0,0,2,3,1,B01
200800032647,0,30,0,0,2,1,1,A01
200800032648,0,7,0,0,1,1,1,A01
200800032649,0,7,0,0,2,1,2,A01
200800032649,0,7,0,0,2,4,2,B01
200800032650,0,7,0,1,2,1,1,A01
200800032650,0,7,0,0,2,8,1,B01
200800032651,0,7,0,0,9,6,11,A01
200800032651,0,33,0,12,2,3,1,B01
200800032652,1,7,0,0,2,1,15,A01
200800032652,0,7,0,0,2,3,21,B01
200800032653,0,10,0,0,2,7,1,A01
200800032653,0,7,0,0,2,1,1,B01
200800032654,0,7,0,0,9,3,0,A01
200800032654,0,33,0,0,2,1,1,B01
200800032655,0,7,0,0,2,8,1,A01
200800032655,0,7,0,1,2,1,1,B01
200800032656,0,7,0,0,2,3,1,B01
200800032656,0,30,0,0,2,1,1,A01
200800032657,0,10,0,0,2,1,2,A01
200800032657,0,7,0,0,2,4,1,B01
200800032658,0,7,0,0,2,2,13,A01
200800032658,0,7,0,0,2,1,1,B01
200800032659,0,7,0,0,2,2,1,A01
200800032659,0,7,0,0,2,7,15,B01
200800032660,0,7,0,0,2,8,9,A01
200800032660,0,30,0,0,2,1,1,B01
200800032661,0,7,0,0,1,1,1,A01
200800032662,0,7,0,0,1,2,1,A01
200800032663,0,7,0,6,0,1,1,A01
200800032664,0,7,0,0,2,2,15,B01
200800032664,0,7,0,0,2,3,1,A01
200800032665,0,7,0,3,0,3,1,A01
200800032666,0,7,0,8,0,7,0,A01
200800032667,0,7,0,15,0,1,1,A01
200800032668,0,7,0,0,1,1,15,A01
200800032669,0,2,0,0,2,2,0,A01
200800032669,0,7,0,0,9,3,1,B01
200800032670,0,7,0,0,0,9,1,A01
200800032671,0,7,0,0,1,1,1,A01
200800032672,0,7,0,0,1,5,1,A01
200800032673,0,7,0,0,2,1,1,A01
200800032673,0,7,0,0,0,4,1,B01
200800032674,0,7,0,0,1,2,1,A01
200800032675,0,7,0,0,2,3,9,A01
200800032675,0,7,0,0,2,2,1,B01
200800032676,0,7,0,0,2,7,16,B01
200800032676,0,32,0,0,2,2,5,A01
200800032677,0,7,0,0,2,8,15,A01
200800032677,0,31,0,0,2,1,17,B01
200800032678,0,7,0,0,1,1,1,A01
200800032679,0,7,0,0,4,8,15,A01
200800032679,0,40,0,0,2,1,1,B01
200800032680,0,33,0,0,2,5,2,A01
200800032680,0,7,0,0,2,5,2,B01
200800032681,0,7,0,0,2,7,12,A01
200800032681,0,30,0,0,2,3,1,B01
200800032682,0,31,0,0,2,8,11,A01
200800032682,0,7,0,0,2,7,1,B01
200800032683,0,7,0,0,2,3,1,A01
200800032683,0,7,0,5,2,3,1,B01
200800032684,0,7,0,0,1,3,1,A01
200800032685,0,7,0,0,2,2,15,A01
200800032685,0,31,0,0,2,1,1,B01
200800032686,0,7,0,0,2,1,1,A01
200800032686,0,7,0,0,2,4,2,B01
200800032687,0,1,0,0,2,1,10,B01
200800032687,0,7,0,0,9,1,9,A01
200800032688,0,7,0,0,2,2,17,A01
200800032688,0,30,0,0,2,3,1,B01
200800032689,1,7,0,0,2,1,1,A01
200800032689,0,7,0,0,2,4,1,B01
200800032690,0,7,0,0,2,8,22,A01
200800032690,0,1,0,0,1,7,1,B01
200800032691,0,30,0,0,2,1,1,A01
200800032691,0,2,0,0,2,1,2,B01
200800032692,0,7,0,0,2,2,16,A01
200800032692,0,2,0,0,2,1,7,B01
200800032693,0,2,0,0,0,0,1,A01
200800032693,1,7,0,0,0,0,9,B01
200800032694,0,7,0,0,2,2,15,A01
200800032694,0,32,0,0,2,1,8,B01
200800032695,0,7,0,0,2,2,20,A01
200800032695,0,30,0,0,2,1,15,B01
200800032695,0,7,0,0,2,4,0,C01
200800032696,0,7,0,0,2,3,15,A01
200800032696,0,7,0,0,2,1,1,B01
200800032697,0,2,0,0,2,4,1,B01
200800032697,0,30,0,0,2,1,0,A01
200800032698,0,7,0,0,2,2,15,A01
200800032698,0,31,0,0,2,2,8,B01
200800032699,0,33,0,0,2,2,2,A01
200800032699,0,7,0,0,2,4,1,B01
200800032700,0,31,0,15,0,0,1,A01
200800032701,0,7,0,0,0,0,1,A01
200800032702,0,37,0,0,2,1,0,A01
200800032702,0,7,0,0,0,4,0,B01
200800032703,0,7,0,0,2,8,0,A01
200800032703,0,30,0,0,2,7,0,B01
200800032704,0,33,0,0,2,1,1,A01
200800032704,0,32,0,0,2,8,15,B01
200800032705,0,7,0,0,2,2,15,A01
200800032705,0,34,0,0,2,1,8,B01
200800032706,0,34,0,0,0,8,0,A01
200800032706,1,7,0,0,0,0,13,B01
200800032707,0,10,0,0,2,2,10,A01
200800032707,0,33,0,0,2,1,17,B01
200800032708,0,7,0,0,2,1,1,A01
200800032708,0,7,0,0,2,8,1,B01
200800032709,0,7,0,0,2,2,1,B01
200800032709,0,7,0,0,2,3,15,A01
200800032710,0,30,0,0,2,3,1,A01
200800032710,0,7,0,8,2,7,16,B01
200800032711,0,2,0,1,0,1,21,A01
200800032711,0,7,0,0,2,3,24,B01
200800032712,0,7,0,15,0,1,1,A01
200800032713,0,33,0,0,2,1,0,A01
200800032713,0,7,0,0,2,4,1,B01
200800032714,0,7,0,0,2,3,1,A01
200800032714,0,7,0,0,2,7,1,B01
200800032715,0,37,10,0,1,8,1,A01
200800032716,0,2,0,1,0,1,1,A01
200800032716,0,7,0,0,2,4,20,B01
200800032717,0,1,0,0,2,8,0,A01
200800032717,0,7,0,0,2,8,0,B01
200800032718,0,33,0,1,0,1,0,A01
200800032718,0,7,0,0,2,6,20,B01
200800032719,0,7,0,0,2,1,5,A01
200800032719,0,7,0,0,2,1,1,B01
200800032720,0,7,0,0,1,1,1,A01
200800032721,0,7,0,8,0,1,1,A01
200800032722,0,38,1,0,2,3,15,A01
200800032722,0,33,0,0,2,8,17,B01
200800032723,0,7,0,0,9,5,16,A01
200800032723,0,1,0,0,2,0,0,B01
200800032724,0,30,0,0,2,1,1,A01
200800032724,0,7,0,0,9,1,1,B01
200800032725,0,7,0,0,1,2,1,A01
200800032726,0,7,0,0,1,1,1,A01
200800032727,0,2,0,0,9,1,0,A01
200800032727,0,2,0,0,9,0,0,B01
200800032728,0,7,0,0,9,3,15,A01
200800032728,0,30,0,0,1,1,17,B01
200800032729,1,7,0,0,1,0,14,A01
200800032730,0,31,0,0,2,1,17,B01
200800032730,0,7,0,0,2,2,15,A01
200800032731,0,7,0,0,2,3,9,A01
200800032731,0,2,0,0,2,1,1,B01
200800032732,0,7,0,0,2,2,15,A01
200800032732,0,7,0,0,2,1,1,B01
200800032733,0,2,0,0,2,1,1,B01
200800032733,0,7,0,0,2,4,1,A01
200800032734,0,1,0,0,2,1,15,A01
200800032734,0,7,0,0,2,1,1,B01
200800032735,0,7,0,0,2,7,1,A01
200800032735,0,2,0,0,2,1,1,B01
200800032736,1,10,0,0,2,0,1,A01
200800032736,0,2,0,0,2,7,2,B01
200800032737,0,7,0,0,2,1,1,A01
200800032737,0,7,0,0,2,4,23,B01
200800032738,0,33,0,0,2,0,5,B01
200800032738,0,10,0,0,2,2,15,A01
200800032739,0,1,0,0,2,1,1,B01
200800032739,0,7,0,0,2,2,1,A01
200800032740,0,30,0,0,2,1,15,A01
200800032740,0,7,0,0,2,3,15,B01
200800032741,0,32,0,0,2,1,13,A01
200800032741,0,7,0,0,2,1,1,B01
200800032741,1,30,0,0,2,0,13,C01
200800032742,0,33,0,0,2,1,17,A01
200800032742,0,7,0,0,2,6,15,B01
200800032743,0,7,0,0,2,3,1,B01
200800032743,0,33,0,0,2,1,13,A01
200800032744,0,33,0,0,2,1,1,B01
200800032744,1,7,0,0,2,8,5,A01
200800032745,0,30,0,0,2,1,17,A01
200800032745,0,33,0,0,2,1,1,B01
200800032746,0,1,0,0,2,8,1,B01
200800032746,1,38,0,0,0,0,17,A01
200800032747,0,31,0,0,2,0,1,A01
200800032748,0,33,0,0,2,1,1,A01
200800032748,0,7,0,0,2,5,15,B01
200800032749,0,7,0,0,2,2,15,A01
200800032749,0,30,0,0,2,1,1,B01
200800032750,0,33,0,0,2,0,1,A01
200800032750,0,99,0,0,2,8,1,B01
200800032751,0,30,0,0,2,1,1,A01
200800032751,0,30,0,0,2,0,1,B01
200800032752,0,3,0,0,1,2,1,A01
200800032753,0,13,0,0,1,1,15,A01
200800032754,0,7,0,2,1,2,1,A01
200800032755,2,7,0,0,2,1,0,A01
200800032755,0,7,0,0,2,1,0,B01
200800032756,0,1,0,0,0,0,1,A01
200800032757,0,7,0,0,2,7,15,A01
200800032757,0,2,0,0,2,1,1,B01
200800032758,0,7,0,0,2,1,2,A01
200800032758,0,7,0,0,2,4,1,B01
200800032759,0,7,0,0,2,1,0,A01
200800032759,0,1,0,0,2,1,0,B01
200800032760,0,7,0,0,2,1,0,A01
200800032760,0,1,0,0,2,9,0,B01
200800032761,0,7,0,0,2,7,15,A01
200800032761,0,7,0,0,2,1,1,B01
200800032762,0,30,0,0,2,1,0,A01
200800032762,0,38,0,0,2,1,1,B01
200800032763,0,7,0,0,2,1,1,A01
200800032763,0,7,0,0,2,4,0,B01
200800032764,0,7,0,0,2,1,5,A01
200800032764,0,7,0,0,2,1,5,B01
200800032765,0,30,0,0,0,8,0,A01
200800032766,0,30,0,0,2,7,0,B01
200800032766,0,7,0,0,2,3,0,A01
200800032767,0,7,0,0,2,1,1,A01
200800032767,0,7,0,6,2,2,12,B01
200800032768,0,7,0,0,2,3,15,A01
200800032768,0,7,0,0,2,3,1,B01
200800032769,0,2,0,2,0,1,1,A01
200800032770,0,31,0,0,0,2,1,A01
200800032771,0,7,0,0,2,1,5,A01
200800032771,0,7,0,0,2,1,1,B01
200800032772,0,7,0,0,2,3,0,A01
200800032772,0,2,0,0,2,1,1,B01
200800032773,0,30,0,0,0,8,0,A01
200800032774,0,7,0,0,2,1,0,A01
200800032774,0,7,0,0,2,1,0,B01
200800032775,0,33,0,0,0,8,1,A01
200800032776,0,2,0,0,0,7,0,A01
200800032777,0,7,0,0,1,3,0,A01
200800032778,0,7,0,0,1,0,20,A01
200800032779,0,7,0,8,0,1,0,A01
200800032780,0,7,0,0,0,9,0,A01
200800032781,0,33,0,7,0,0,0,A01
200800032782,0,7,0,0,2,1,0,A01
200800032782,0,2,0,0,2,1,0,B01
200800032782,0,7,0,0,2,4,0,C01
200800032783,0,1,0,0,0,0,0,A01
200800032784,0,30,0,0,2,8,0,A01
200800032784,0,31,0,0,2,1,0,B01
200800032785,0,30,0,0,2,1,0,A01
200800032785,0,7,0,0,2,1,0,B01
200800032786,0,7,0,0,2,1,0,A01
200800032786,0,2,0,0,2,1,0,B01
200800032787,0,2,0,0,0,1,1,A01
200800032788,0,10,0,3,0,9,1,A01
200800032789,0,7,0,15,0,2,20,A01
200800032790,0,7,0,0,2,2,0,A01
200800032790,0,31,0,0,2,1,0,B01
200800032791,0,7,0,0,2,3,0,A01
200800032791,0,2,0,0,2,9,1,B01
200800032792,0,7,0,0,2,1,0,A01
200800032792,0,7,0,0,2,8,0,B01
200800032793,0,30,0,0,1,1,0,A01
200800032794,0,10,0,0,1,0,0,A01
200800032795,0,2,0,0,2,1,0,A01
200800032795,0,7,0,0,2,3,0,B01
200800032796,0,1,0,0,0,1,0,A01
200800032797,0,7,0,0,2,1,0,A01
200800032797,0,7,0,0,2,4,0,B01
200800032798,0,31,0,0,0,7,0,A01
200800032799,0,30,0,0,0,1,0,A01
200800032800,0,1,0,0,2,1,2,A01
200800032800,0,7,0,0,2,2,20,B01
200800032801,0,7,0,0,2,3,0,A01
200800032801,0,33,0,0,2,2,0,B01
200800032802,0,1,0,12,0,1,1,A01
200800032803,0,7,0,0,2,2,14,A01
200800032803,0,31,0,0,2,1,1,B01
200800032804,0,7,0,0,2,3,1,A01
200800032804,0,33,0,0,2,4,1,B01
200800032805,0,7,0,11,0,1,1,A01