Num_Acc,senc,catv,occutc,obs,obsm,choc,manv,num_veh
200800032806,0,10,0,0,2,7,16,A01
200800032806,0,2,0,0,2,8,1,B01
200800032807,0,7,0,0,1,1,1,A01
200800032808,0,30,0,0,2,1,1,A01
200800032808,0,2,0,0,0,4,15,B01
200800032809,0,7,0,0,2,2,1,A01
200800032809,0,1,0,0,2,4,1,B01
200800032810,0,7,0,0,2,5,15,B01
200800032810,0,7,0,0,2,3,1,A01
200800032811,0,7,0,0,2,3,1,A01
200800032811,0,2,0,0,2,1,2,B01
200800032812,0,31,0,12,0,0,12,A01
200800032813,0,7,0,0,1,8,1,A01
200800032814,0,2,0,0,2,3,9,A01
200800032814,0,7,0,0,2,3,1,B01
200800032815,0,31,0,0,2,1,1,A01
200800032815,0,30,0,0,2,4,15,B01
200800032816,0,33,0,7,0,1,14,A01
200800032817,0,7,0,0,2,1,23,A01
200800032817,0,7,0,0,2,4,1,B01
200800032817,0,7,0,0,2,4,23,C01
200800032818,0,7,0,8,0,1,14,A01
200800032819,0,7,0,0,2,7,12,A01
200800032819,0,7,0,0,2,8,1,B01
200800032820,0,7,0,6,0,1,14,A01
200800032821,0,2,0,0,2,7,1,B01
200800032821,0,7,0,0,2,1,1,A01
200800032822,0,7,0,0,1,2,1,A01
200800032823,0,7,0,0,1,1,1,A01
200800032824,0,1,0,0,2,8,1,A01
200800032824,1,13,0,0,2,7,17,B01
200800032825,0,2,0,16,0,0,1,A01
200800032826,0,7,0,0,2,1,2,A01
200800032826,0,7,0,0,2,4,1,B01
200800032827,0,2,0,12,0,2,14,A01
200800032828,0,2,0,0,1,1,17,A01
200800032829,0,7,0,0,2,3,10,A01
200800032829,0,30,0,0,2,1,1,B01
200800032830,0,10,0,0,0,3,22,A01
200800032830,0,14,0,1,0,5,2,B01
200800032831,0,7,0,0,0,0,0,A01
200800032832,0,10,0,0,1,3,1,A01
200800032833,0,2,0,0,2,2,2,B01
200800032833,0,7,0,0,2,3,9,A01
200800032834,0,7,0,0,2,3,1,A01
200800032834,0,7,0,0,2,3,1,B01
200800032835,0,7,0,0,1,3,1,A01
200800032836,0,7,0,0,2,3,9,A01
200800032836,0,2,0,0,2,7,1,B01
200800032837,0,1,0,0,2,1,19,B01
200800032837,0,7,0,0,2,2,3,A01
200800032838,0,7,0,3,2,1,1,B01
200800032838,0,7,0,3,2,1,5,A01
200800032839,1,30,0,0,1,0,1,A01
200800032840,0,7,0,0,0,8,15,A01
200800032840,0,33,0,1,2,1,17,B01
200800032841,0,2,0,0,2,8,1,B01
200800032841,0,7,0,0,2,2,19,A01
200800032842,0,10,0,0,2,8,9,A01
200800032842,0,1,0,0,2,1,1,B01
200800032843,0,7,0,0,1,3,1,A01
200800032844,0,7,0,0,2,3,15,A01
200800032844,0,2,0,0,2,1,21,B01
200800032845,0,1,0,1,2,1,1,A01
200800032845,1,7,0,0,2,4,0,B01
200800032846,0,33,0,15,0,7,1,A01
200800032846,0,7,0,0,2,3,11,B01
200800032847,0,7,0,0,2,7,12,A01
200800032847,0,33,0,0,2,1,16,B01
200800032848,0,7,0,0,2,2,15,A01
200800032848,0,33,0,0,2,1,1,B01
200800032849,0,7,0,0,2,2,15,A01
200800032849,0,7,0,2,2,8,1,B01
200800032850,0,7,0,0,6,1,21,A01
200800032851,0,7,0,1,2,1,1,A01
200800032851,0,7,0,0,2,4,23,B01
200800032851,0,7,0,0,2,4,23,C01
200800032852,0,7,0,0,2,1,21,B01
200800032852,0,7,0,0,2,1,23,C01
200800032852,0,33,0,0,2,7,1,A01
200800032853,0,7,0,0,2,1,1,B01
200800032853,0,7,0,1,2,1,15,A01
200800032854,0,7,0,0,2,8,15,A01
200800032854,0,7,0,0,2,1,21,B01
200800032855,0,2,0,0,2,1,21,A01
200800032855,0,17,0,0,2,7,1,B01
200800032856,0,33,0,0,2,1,17,A01
200800032856,0,7,0,0,2,8,15,B01
200800032857,0,7,0,0,0,9,0,A01
200800032858,0,7,0,0,1,1,15,A01
200800032859,0,30,0,0,2,1,0,A01
200800032859,0,7,0,0,2,1,0,B01
200800032859,0,7,0,1,2,3,0,C01
200800032860,0,7,0,0,2,1,0,A01
200800032860,0,7,0,0,2,4,0,B01
200800032861,0,2,0,0,2,1,17,A01
200800032861,0,7,0,0,2,3,15,B01
200800032862,0,7,0,6,0,2,0,A01
200800032863,0,7,0,0,2,2,16,A01
200800032863,0,2,0,0,2,4,1,B01
200800032864,0,7,0,0,1,3,0,A01
200800032865,0,7,0,2,0,1,1,A01
200800032866,0,33,0,16,2,2,13,A01
200800032866,0,7,0,0,2,2,1,B01
200800032867,0,7,0,0,2,1,15,B01
200800032867,0,1,0,0,2,1,1,A01
200800032868,0,10,0,15,2,1,13,A01
200800032868,0,2,0,0,2,0,1,B01
200800032869,0,30,0,0,2,3,17,A01
200800032869,0,7,0,0,2,8,15,B01
200800032870,0,7,0,0,2,1,13,A01
200800032870,0,7,0,0,2,1,1,B01
200800032871,1,7,0,0,2,3,13,A01
200800032871,0,2,0,0,2,3,1,B01
200800032872,0,7,0,0,2,1,15,A01
200800032872,0,7,0,0,2,8,1,B01
200800032873,0,7,0,0,2,3,15,A01
200800032873,0,1,0,0,2,1,1,B01
200800032874,0,2,0,0,2,1,1,A01
200800032874,0,1,0,0,2,1,1,B01
200800032875,0,37,0,0,1,2,1,A01
200800032876,0,34,0,0,2,1,1,B01
200800032876,0,34,0,0,2,6,1,A01
200800032877,0,33,0,0,2,1,17,A01
200800032877,0,7,0,0,2,1,1,B01
200800032878,0,3,0,1,0,1,1,A01
200800032879,0,10,0,1,0,1,1,A01
200800032880,0,7,0,0,2,1,2,A01
200800032880,0,7,0,0,2,4,23,B01
200800032880,0,7,0,0,2,4,23,C01
200800032881,0,2,0,0,2,4,1,A01
200800032881,1,34,0,0,0,1,2,B01
200800032882,0,31,0,0,0,0,1,A01
200800032883,0,7,0,0,2,7,9,A01
200800032883,0,33,0,0,2,1,1,B01
200800032884,0,7,0,0,2,2,16,A01
200800032884,0,33,0,0,2,3,1,B01
200800032885,0,7,0,0,2,8,24,A01
200800032885,0,1,0,0,2,1,1,B01
200800032886,0,1,0,0,2,1,1,A01
200800032886,0,7,0,0,2,3,1,B01
200800032887,0,1,0,0,2,1,1,A01
200800032887,0,3,0,0,2,4,23,B01
200800032888,0,7,0,0,2,5,1,B01
200800032888,0,2,0,0,2,1,1,A01
200800032889,0,1,0,0,2,1,1,A01
200800032889,0,7,0,0,2,4,23,B01
200800032890,0,7,0,0,2,3,9,A01
200800032890,0,32,0,0,2,1,1,B01
200800032891,0,7,0,0,2,1,2,A01
200800032891,0,7,0,0,2,4,23,B01
200800032892,0,2,0,0,2,1,2,A01
200800032892,0,7,0,0,2,4,23,B01
200800032893,0,30,0,0,9,3,15,A01
200800032893,0,1,0,0,2,1,1,B01
200800032894,0,7,0,0,1,2,1,A01
200800032895,0,7,0,0,2,1,1,B01
200800032895,0,2,0,0,0,8,1,A01
200800032896,0,7,0,6,1,5,1,B01
200800032896,0,7,0,0,2,6,15,A01
200800032897,0,2,0,0,2,1,1,A01
200800032897,0,7,0,0,0,7,1,B01
200800032898,0,7,0,0,2,2,1,A01
200800032898,0,7,0,0,2,1,1,B01
200800032898,0,7,0,0,2,8,1,C01
200800032899,0,33,0,4,0,2,2,A01
200800032900,0,7,0,13,0,1,1,A01
200800032901,0,30,0,16,0,1,1,A01
200800032902,0,7,0,0,2,1,1,A01
200800032902,0,7,0,0,2,4,1,B01
200800032902,0,7,0,0,2,4,1,C01
200800032902,0,7,0,0,2,4,1,D01
200800032903,0,7,0,0,2,1,15,A01
200800032903,0,2,0,0,2,1,1,B01
200800032904,0,7,0,0,2,6,6,A01
200800032904,0,2,0,0,2,7,17,B01
200800032905,0,1,0,12,0,0,15,A01
200800032906,0,7,0,0,1,4,4,A01
200800032907,0,7,0,0,2,2,1,A01
200800032907,0,1,0,0,2,1,15,B01
200800032908,0,2,0,0,2,1,1,A01
200800032908,0,7,0,0,2,4,23,B01
200800032909,0,7,0,15,0,3,1,A01
200800032910,0,7,0,2,2,1,1,A01
200800032910,0,7,0,0,2,4,1,B01
200800032911,0,7,0,0,2,1,1,A01
200800032911,0,7,0,0,2,4,23,B01
200800032911,0,7,0,0,2,4,23,C01
200800032912,0,7,0,0,1,1,1,A01
200800032913,0,2,0,0,1,1,1,A01
200800032914,0,7,0,0,2,8,1,B01
200800032914,0,7,0,0,2,1,1,A01
200800032915,0,30,0,3,0,0,1,A01
200800032916,0,33,0,0,2,1,1,A01
200800032916,0,7,0,0,2,6,15,B01
200800032917,0,7,0,3,0,9,1,A01
200800032918,0,30,0,0,1,1,1,A01
200800032919,0,14,0,0,2,8,14,A01
200800032919,0,7,0,0,2,8,1,B01
200800032920,0,31,0,11,0,1,1,A01
200800032921,0,7,0,0,1,7,1,A01
200800032922,0,7,0,13,0,3,1,A01
200800032923,0,1,0,0,2,1,1,A01
200800032923,0,7,0,0,2,4,23,B01
200800032924,0,30,0,0,0,8,1,A01
200800032925,0,7,0,1,0,1,1,A01
200800032926,0,33,0,0,0,2,1,A01
200800032927,0,7,0,0,2,2,16,A01
200800032927,0,1,0,0,2,0,1,B01
200800032928,0,7,0,0,2,1,1,A01
200800032928,0,7,0,0,2,3,1,B01
200800032929,0,7,0,0,2,3,1,A01
200800032929,0,7,0,0,2,3,1,B01
200800032930,0,1,0,15,0,0,1,A01
200800032931,0,7,0,0,2,1,1,A01
200800032931,0,1,0,0,0,3,19,B01
200800032932,0,30,0,0,0,7,1,A01
200800032933,0,33,0,0,0,8,1,A01
200800032934,0,7,0,0,2,1,1,B01
200800032934,0,30,0,0,2,7,1,A01
200800032935,0,7,0,0,2,3,0,A01
200800032935,0,7,0,0,2,3,0,B01
200800032936,0,7,0,6,0,1,1,A01
200800032937,0,30,0,0,0,0,0,A01
200800032938,0,7,0,0,2,1,1,B01
200800032938,0,31,0,0,2,1,13,A01
200800032939,0,7,0,0,2,4,2,B01
200800032939,0,7,0,0,2,1,2,A01
200800032940,0,7,0,0,2,1,15,A01
200800032940,0,30,0,0,2,8,1,B01
200800032941,0,31,0,0,2,3,0,A01
200800032942,0,7,0,0,2,4,2,B01
200800032942,0,7,0,0,2,1,2,A01
200800032943,0,33,0,0,1,1,0,A01
200800032944,0,7,0,0,0,4,2,B01
200800032944,0,7,0,0,2,1,2,A01
200800032944,0,10,0,0,0,4,2,C01
200800032945,0,7,0,0,2,1,1,A01
200800032945,0,7,0,0,2,4,1,B01
200800032946,0,1,0,12,0,0,1,A01
200800032947,0,7,0,0,2,3,1,B01
200800032947,0,30,0,0,2,2,12,A01
200800032948,0,7,0,13,0,9,1,A01
200800032949,0,7,0,15,1,1,20,A01
200800032950,0,7,0,0,2,3,15,A01
200800032950,0,2,0,0,2,6,1,B01
200800032951,0,33,0,0,2,1,1,B01
200800032951,0,7,0,0,2,1,15,A01
200800032952,0,7,0,0,1,2,1,A01
200800032953,0,7,0,0,1,1,0,A01
200800032954,0,7,0,6,0,1,17,A01
200800032955,0,33,0,3,0,1,1,A01
200800032956,0,7,0,0,2,3,1,A01
200800032956,0,33,0,0,2,8,15,B01
200800032957,0,33,0,5,0,1,1,A01
200800032958,0,30,0,0,2,1,1,B01
200800032958,0,7,0,0,2,2,15,A01
200800032959,0,2,0,0,2,1,9,A01
200800032959,0,7,0,0,2,3,1,B01
200800032960,0,7,0,12,0,9,1,A01
200800032961,0,7,0,0,1,4,4,A01
200800032962,0,31,0,0,2,8,2,A01
200800032962,0,7,0,0,2,5,2,B01
200800032963,0,33,0,16,0,9,1,A01
200800032964,0,7,0,0,2,1,1,B01
200800032964,0,7,0,0,2,2,15,A01
200800032965,0,7,0,0,2,1,2,A01
200800032965,0,7,0,0,2,4,2,B01
200800032966,1,7,0,0,2,1,5,A01
200800032966,0,7,0,0,2,3,1,B01
200800032967,1,7,0,0,2,1,1,A01
200800032967,0,7,0,0,2,4,1,B01
200800032968,0,7,0,0,2,1,1,A01
200800032968,0,1,0,0,2,7,19,B01
200800032969,0,2,0,0,2,3,13,A01
200800032969,0,7,0,0,2,3,1,B01
200800032970,0,1,0,0,2,0,9,B01
200800032970,0,99,0,0,2,2,1,A01
200800032971,0,7,0,4,0,9,1,A01
200800032972,0,37,10,0,1,0,1,A01
200800032973,1,7,0,0,1,1,1,A01
200800032974,0,7,0,6,0,1,1,A01
200800032975,0,31,0,0,2,1,18,A01
200800032975,0,7,0,0,2,8,15,B01
200800032976,0,7,0,0,1,3,1,A01
200800032977,0,7,0,0,2,1,1,B01
200800032977,0,7,0,0,2,1,1,A01
200800032978,0,7,0,0,2,0,1,A01
200800032978,0,7,0,0,2,8,1,B01
200800032979,0,7,0,0,2,2,15,A01
200800032979,0,33,0,0,2,1,1,B01
200800032980,0,7,0,0,2,4,2,B01
200800032980,0,7,0,0,2,1,2,A01
200800032981,0,7,0,0,2,8,15,B01
200800032981,0,7,0,0,2,3,16,A01
200800032982,0,7,0,0,2,1,2,A01
200800032982,0,7,0,0,2,4,2,B01
200800032983,0,2,0,0,2,1,16,A01
200800032983,0,7,0,0,2,8,1,B01
200800032984,0,1,0,0,2,8,15,A01
200800032984,0,7,0,0,2,2,17,B01
200800032985,1,10,0,0,1,7,1,A01
200800032986,0,7,0,0,2,2,1,B01
200800032986,0,7,0,0,2,1,9,A01
200800032987,0,7,0,0,2,1,1,A01
200800032987,0,7,0,0,2,4,1,B01
200800032988,0,31,0,0,2,1,1,B01
200800032988,0,7,0,0,2,1,9,A01
200800032989,0,7,0,0,2,1,9,A01
200800032989,0,2,0,0,2,1,2,B01
200800032990,0,7,0,0,2,1,13,A01
200800032990,0,7,0,0,2,1,1,B01
200800032991,0,7,0,0,2,1,15,A01
200800032991,0,7,0,0,2,1,1,B01
200800032992,0,7,0,0,1,1,1,A01
200800032993,0,7,0,0,2,5,15,A01
200800032993,0,33,0,0,2,1,1,B01
200800032994,0,1,0,0,2,8,19,A01
200800032994,0,7,0,0,2,1,1,B01
200800032995,0,1,0,0,2,1,1,A01
200800032995,0,7,0,0,2,7,1,B01
200800032996,0,7,0,0,2,2,20,A01
200800032996,0,33,0,0,2,3,1,B01
200800032997,0,2,0,0,0,0,1,A01
200800032998,0,33,0,0,0,4,1,A01
200800032999,0,7,0,0,1,1,1,A01
200800033000,0,7,0,0,2,4,2,B01
200800033000,0,7,0,0,2,3,2,A01
200800033001,0,2,0,0,2,3,1,B01
200800033001,0,7,0,0,2,6,5,A01
200800033002,0,7,0,0,2,3,1,B01
200800033002,0,7,0,0,2,1,1,A01
200800033003,0,33,0,12,0,1,1,A01
200800033004,0,7,0,9,0,0,1,A01
200800033005,0,2,0,0,1,1,1,A01
200800033006,0,7,0,0,2,1,1,B01
200800033006,0,7,0,0,2,5,1,A01
200800033007,0,1,0,0,1,1,1,A01
200800033008,0,1,0,0,2,2,1,A01
200800033008,0,7,0,0,9,1,1,B01
200800033009,1,3,0,0,2,1,16,A01
200800033009,0,2,0,0,0,7,2,B01
200800033010,0,30,0,0,2,3,1,B01
200800033010,0,7,0,0,2,2,1,A01
200800033011,0,33,0,0,2,1,11,A01
200800033011,0,10,0,0,2,6,15,B01
200800033012,0,30,0,0,0,1,1,B01
200800033012,0,7,0,0,0,7,19,A01
200800033013,0,33,0,1,0,7,2,A01
200800033014,0,7,0,0,2,8,9,A01
200800033014,0,7,0,0,2,8,0,B01
200800033015,0,7,0,0,2,1,0,E01
200800033015,0,7,0,0,0,1,1,D01
200800033015,0,33,0,0,0,1,1,B01
200800033015,0,33,0,0,2,1,1,C01
200800033015,0,7,0,0,2,7,15,A01
200800033016,0,38,1,0,0,6,23,B01
200800033016,0,30,0,0,2,1,2,A01
200800033017,0,37,4,0,1,2,1,A01
200800033018,0,33,0,2,0,1,13,A01
200800033019,0,7,0,0,4,8,1,A01
200800033019,0,40,0,0,2,1,1,B01
200800033020,0,7,0,0,1,1,1,A01
200800033021,0,7,0,0,1,3,1,A01
200800033022,0,7,0,0,2,8,1,B01
200800033022,0,10,0,0,2,0,16,A01
200800033023,0,7,0,0,2,1,16,A01
200800033023,0,33,0,0,0,7,21,B01
200800033024,0,7,0,0,2,1,1,B01
200800033024,0,30,0,0,2,1,1,A01
200800033025,0,7,0,7,0,1,1,A01
200800033026,0,7,0,0,2,2,15,A01
200800033026,0,2,0,0,2,1,1,B01
200800033027,0,7,0,12,0,1,1,A01
200800033028,0,2,0,0,2,1,1,A01
200800033028,0,7,0,0,2,4,15,B01
200800033029,0,7,0,0,2,3,15,A01
200800033029,0,30,0,0,2,1,1,B01
200800033030,0,7,0,8,2,5,1,B01
200800033030,0,33,0,0,2,1,1,A01
200800033031,0,2,0,0,2,1,5,A01
200800033031,0,7,0,0,2,3,1,B01
200800033032,0,7,0,0,2,8,1,B01
200800033032,0,7,0,0,2,1,1,A01
200800033033,1,7,0,0,2,3,15,A01
200800033033,0,33,0,0,2,7,1,B01
200800033034,0,7,0,0,2,3,13,A01
200800033034,0,7,0,0,2,1,1,B01
200800033034,0,7,0,0,2,1,1,C01
200800033035,0,7,0,0,1,2,1,A01
200800033036,0,7,0,0,2,2,15,A01
200800033036,0,30,0,0,2,1,1,B01
200800033037,0,7,0,0,2,3,20,B01
200800033037,0,33,0,0,2,1,17,A01
200800033038,0,30,0,6,0,7,14,A01
200800033039,0,7,0,0,1,1,2,A01
200800033040,0,7,0,0,2,1,2,A01
200800033040,0,7,0,0,2,4,2,B01
200800033040,0,7,0,0,2,4,2,C01
200800033041,0,20,0,0,2,1,1,A01
200800033041,0,7,0,0,2,1,1,B01
200800033042,0,7,0,0,0,0,15,C01
200800033042,0,7,0,0,0,2,1,A01
200800033043,0,7,0,0,2,1,23,C01
200800033043,0,7,0,0,2,1,1,D01
200800033043,0,7,0,0,2,8,1,E01
200800033043,0,7,0,0,2,1,1,A01
200800033043,0,7,0,0,2,4,23,B01
200800033044,0,2,0,0,2,1,2,A01
200800033044,0,7,0,0,2,5,2,B01
200800033045,0,7,0,0,2,3,15,A01
200800033045,0,2,0,0,2,1,1,B01
200800033046,0,1,0,0,2,1,1,B01
200800033046,0,7,0,0,2,2,23,A01
200800033047,0,7,0,0,2,1,19,A01
200800033047,0,7,0,0,2,1,2,B01
200800033048,0,30,0,0,2,1,17,A01
200800033048,0,7,0,0,2,3,15,B01
200800033049,1,7,0,0,1,1,1,A01
200800033050,0,2,0,0,2,9,1,B01
200800033050,0,7,0,0,2,2,1,A01
200800033051,0,37,23,0,2,3,1,B01
200800033051,0,7,0,0,2,1,1,A01
200800033052,0,1,0,1,0,1,1,A01
200800033053,0,7,0,0,2,1,2,A01
200800033053,0,7,0,0,2,4,2,B01
200800033054,0,7,0,0,1,2,2,A01
200800033055,0,33,0,0,2,8,15,A01
200800033055,0,7,0,0,2,3,2,B01
200800033056,0,7,0,0,1,1,1,A01
200800033057,0,1,0,0,1,1,2,A01
200800033058,0,30,0,0,2,2,1,A01
200800033058,1,7,0,0,2,1,1,B01
200800033059,0,10,0,0,1,1,1,A01
200800033060,0,7,0,0,1,1,1,A01
200800033061,0,1,0,0,2,1,1,A01
200800033061,0,7,0,0,2,6,4,B01
200800033062,0,7,0,0,2,1,15,B01
200800033062,0,2,0,0,2,1,2,A01
200800033063,0,1,0,0,2,1,19,A01
200800033063,0,7,0,0,2,3,1,B01
200800033064,0,31,0,0,2,1,1,A01
200800033064,0,7,0,0,2,8,1,B01
200800033065,0,7,0,0,2,1,1,A01
200800033065,0,7,0,0,2,4,0,B01
200800033066,0,7,0,0,2,2,0,A01
200800033066,0,30,0,0,2,1,1,B01
200800033067,0,7,0,0,2,6,1,A01
200800033067,0,1,0,0,2,1,1,B01
200800033068,0,14,0,0,2,1,16,A01
200800033068,0,20,0,0,2,1,19,B01
200800033069,0,20,0,0,1,1,1,A01
200800033070,0,7,0,0,2,9,1,B01
200800033071,0,7,0,0,2,1,1,B01
200800033071,0,7,0,0,2,9,1,A01
200800033072,0,14,0,0,2,1,1,B01
200800033072,0,7,0,0,2,3,9,A01
200800033073,0,10,0,0,2,2,23,A01
200800033073,0,1,0,0,2,1,2,B01
200800033074,0,7,0,0,2,1,15,A01
200800033074,0,7,0,0,2,1,1,B01
200800033075,0,7,0,0,2,1,15,A01
200800033075,0,34,0,0,2,1,1,B01
200800033076,0,2,0,1,0,1,14,A01
200800033077,0,3,0,0,2,1,13,A01
200800033077,0,7,0,0,2,3,1,B01
200800033078,0,2,0,9,0,1,1,A01
200800033079,0,10,0,0,1,7,1,A01
200800033080,0,7,0,0,1,5,2,A01
200800033081,0,7,0,0,2,4,23,A01
200800033081,0,7,0,0,2,1,1,B01
200800033082,0,33,0,0,0,0,1,A01
200800033083,0,7,0,0,2,1,13,A01
200800033083,0,7,0,0,2,1,1,B01
200800033084,0,7,0,0,2,2,1,A01
200800033084,0,33,0,0,2,1,1,B01
200800033085,0,2,0,0,2,1,11,A01
200800033085,0,7,0,0,2,7,18,B01
200800033086,0,7,0,0,2,8,10,A01
200800033086,0,7,0,0,2,1,2,B01
200800033087,0,7,0,0,2,3,1,B01
200800033087,0,30,0,0,2,1,13,A01
200800033088,0,7,0,0,1,5,2,A01
200800033089,0,1,0,0,2,1,17,A01
200800033089,0,7,0,0,2,7,1,B01
200800033090,0,7,0,0,2,3,1,A01
200800033090,0,7,0,0,2,1,1,B01
200800033091,0,30,0,0,2,1,1,B01
200800033091,0,7,0,0,2,8,1,A01
200800033092,0,2,0,13,0,3,1,A01
200800033093,0,7,0,14,0,1,1,A01
200800033094,0,31,0,9,0,0,0,A01
200800033095,0,7,0,0,2,1,1,A01
200800033095,0,7,0,0,2,4,23,B01
200800033095,0,7,0,1,2,8,20,C01
200800033096,1,7,0,0,1,1,1,A01
200800033097,0,33,0,8,2,6,1,B01
200800033097,0,7,0,0,2,1,17,A01
200800033098,0,7,0,8,2,3,1,B01
200800033098,0,7,0,0,2,1,1,A01
200800033099,0,7,0,0,2,5,15,A01
200800033099,0,1,0,0,2,1,1,B01
200800033100,0,30,0,0,1,1,1,A01
200800033101,0,7,0,0,2,6,1,A01
200800033101,0,30,0,0,2,1,16,B01
200800033102,0,7,0,0,2,3,15,B01
200800033102,0,31,0,0,2,1,17,A01
200800033103,0,7,0,0,2,1,1,B01
200800033103,0,7,0,0,2,2,1,A01
200800033104,0,7,0,0,1,1,1,A01
200800033105,0,7,0,11,2,1,2,A01
200800033105,0,7,0,0,2,7,1,B01
200800033106,0,7,0,0,1,1,1,A01
200800033107,0,7,0,0,2,1,15,A01
200800033107,0,7,0,0,2,8,1,B01
200800033108,0,7,0,0,2,1,1,A01
200800033108,0,1,0,0,2,7,1,B01
200800033109,0,7,0,0,2,3,10,A01
200800033109,0,33,0,0,2,1,1,B01
200800033110,1,2,0,0,1,1,1,A01
200800033110,0,1,0,1,0,1,0,B01
200800033111,0,7,0,0,2,2,10,A01
200800033111,0,7,0,0,2,1,1,B01
200800033112,0,7,0,0,2,1,15,B01
200800033112,0,7,0,0,2,1,1,A01
200800033113,0,30,0,0,0,8,1,A01
200800033114,0,7,0,0,1,1,17,A01
200800033115,0,7,0,0,0,3,1,B01
200800033115,0,7,0,0,2,0,1,A01
200800033116,0,7,0,0,2,3,23,B01
200800033116,0,7,0,14,0,1,1,A01
200800033117,0,7,0,0,2,1,1,A01
200800033117,0,2,0,0,2,1,1,B01
200800033118,0,7,0,0,0,8,1,B01
200800033118,0,7,0,0,2,1,1,A01
200800033119,1,7,0,0,2,1,1,A01
200800033119,0,7,0,0,2,4,1,B01
200800033119,0,7,0,0,0,4,1,C01
200800033120,0,7,0,0,1,1,1,A01
200800033121,0,7,0,0,2,7,16,A01
200800033121,0,2,0,0,2,1,1,B01
200800033122,0,31,0,16,0,8,1,A01
200800033123,0,7,0,0,1,1,1,A01
200800033124,0,31,0,0,1,7,1,A01
200800033125,0,7,0,14,2,7,1,A01
200800033125,0,7,0,0,2,1,1,B01
200800033126,0,7,0,0,2,7,1,B01
200800033126,0,2,0,14,2,9,1,A01
200800033127,0,7,0,0,2,0,15,A01
200800033127,0,1,0,0,2,0,1,B01
200800033128,0,2,0,1,2,1,1,A01
200800033128,0,7,0,0,2,4,2,B01
200800033129,0,7,0,14,2,3,1,A01
200800033129,0,2,0,0,2,1,1,B01
200800033130,0,7,0,0,2,7,17,A01
200800033130,0,2,0,0,1,8,1,B01
200800033131,0,7,0,14,2,7,1,A01
200800033131,0,7,0,0,2,1,1,B01
200800033132,0,7,0,0,2,1,1,B01
200800033132,0,7,0,7,2,8,1,A01
200800033133,0,7,0,0,2,3,1,B01
200800033133,0,7,0,0,2,2,1,A01
200800033133,0,7,0,0,2,8,1,C01
200800033134,0,7,0,1,1,1,1,A01
200800033135,0,7,0,0,2,3,1,B01
200800033135,0,2,0,0,2,1,1,A01
200800033136,0,7,0,0,2,3,15,A01
200800033136,0,33,0,0,2,7,1,B01
200800033137,0,7,0,0,2,0,1,A01
200800033137,0,7,0,0,2,4,2,B01
200800033137,0,7,0,0,2,1,1,C01
200800033138,0,7,0,0,2,9,1,A01
200800033138,0,7,0,0,2,5,2,B01
200800033139,0,7,0,0,2,1,2,A01
200800033139,0,2,0,0,2,4,9,B01
200800033140,0,7,0,0,2,3,2,A01
200800033140,0,33,0,0,2,4,1,B01
200800033141,0,7,0,0,2,4,10,A01
200800033141,0,33,0,0,2,9,1,B01
200800033142,0,7,0,0,2,2,15,A01
200800033142,0,7,0,0,2,1,1,B01
200800033143,0,7,0,0,2,5,15,A01
200800033143,0,33,0,0,2,9,1,B01
200800033144,0,7,0,8,0,1,1,A01
200800033145,0,7,0,0,2,2,1,B01
200800033145,0,1,0,14,2,1,1,A01
200800033146,0,7,0,1,0,1,1,A01
200800033147,0,7,0,0,2,1,1,A01
200800033147,0,7,0,0,2,2,15,B01
200800033148,1,7,0,0,2,3,18,A01
200800033148,0,7,0,1,2,9,1,B01
200800033149,0,2,0,0,2,1,1,A01
200800033149,0,7,0,0,2,6,20,B01
200800033150,0,1,0,0,2,0,13,A01
200800033150,0,2,0,0,2,0,1,B01
200800033151,0,7,0,0,1,0,1,A01
200800033152,0,2,0,14,2,2,1,A01
200800033152,0,7,0,0,2,0,1,B01
200800033153,0,15,0,1,1,0,15,A01
200800033154,0,7,0,0,1,0,1,A01
200800033155,0,7,0,0,1,0,1,A01
200800033156,0,7,0,14,2,2,0,A01
200800033156,0,2,0,0,2,0,0,B01
200800033157,0,7,0,0,2,1,2,A01
200800033157,0,7,0,14,2,4,23,B01
200800033158,0,2,0,0,1,7,1,A01
200800033159,0,2,0,0,2,2,1,A01
200800033159,0,7,0,0,2,2,16,B01
200800033160,0,1,0,0,9,1,14,A01
200800033160,0,99,0,0,9,1,13,B01
200800033161,0,7,0,0,1,1,2,A01
200800033162,0,7,0,0,4,7,23,A01
200800033162,0,39,0,1,0,1,1,B01
200800033163,0,7,0,0,1,0,0,A01
200800033164,0,7,0,0,0,7,0,A01
200800033164,0,33,0,0,2,1,0,B01
200800033165,0,7,0,0,0,5,4,A01
200800033165,0,30,0,0,2,5,0,B01
200800033166,0,7,0,0,0,1,0,A01
200800033167,0,3,0,0,0,1,0,A01
200800033168,0,2,0,0,2,1,0,B01
200800033168,0,7,0,0,9,3,10,A01
200800033169,0,30,0,0,2,1,5,A01
200800033169,0,30,0,0,2,1,0,B01
200800033170,0,37,80,0,2,6,19,A01
200800033170,0,33,0,0,2,6,1,B01
200800033171,0,7,0,0,2,1,1,B01
200800033171,0,30,0,0,2,8,1,A01
200800033172,0,7,0,0,0,2,2,A01
200800033172,0,2,0,0,2,3,2,B01
200800033173,0,30,0,0,2,1,17,A01
200800033173,0,13,0,0,2,3,15,B01
200800033174,0,7,0,0,2,5,16,A01
200800033174,0,30,0,0,2,1,1,B01
200800033175,0,33,0,0,2,3,1,A01