Num_Acc,senc,catv,occutc,obs,obsm,choc,manv,num_veh
200800033175,0,7,0,0,2,6,15,B01
200800033176,0,30,0,0,2,8,1,B01
200800033176,0,7,0,0,2,7,2,A01
200800033177,0,10,0,0,1,3,1,A01
200800033178,0,7,0,0,2,2,17,A01
200800033178,0,1,0,0,2,4,1,B01
200800033179,0,7,0,0,2,4,23,A01
200800033179,0,7,0,0,2,1,1,B01
200800033180,0,10,0,0,2,3,10,A01
200800033180,0,7,0,0,2,2,1,B01
200800033181,0,7,0,0,2,3,1,A01
200800033181,0,1,0,0,2,0,19,B01
200800033182,0,7,0,0,2,2,0,A01
200800033182,0,1,0,0,2,4,0,B01
200800033183,0,7,0,0,2,2,16,A01
200800033183,0,30,0,0,2,1,0,B01
200800033184,1,7,0,0,1,0,1,A01
200800033185,0,7,0,0,2,3,1,A01
200800033185,0,7,0,0,2,3,1,B01
200800033186,0,2,0,0,2,1,1,A01
200800033186,0,99,0,0,2,1,15,B01
200800033187,0,7,0,6,0,4,1,A01
200800033188,0,7,0,0,2,1,1,A01
200800033188,0,7,0,0,2,7,1,B01
200800033189,0,7,0,0,2,6,15,A01
200800033189,0,2,0,0,2,1,1,B01
200800033190,0,7,0,0,2,1,1,B01
200800033190,0,7,0,0,2,7,0,A01
200800033191,0,7,0,0,2,5,12,A01
200800033191,0,2,0,0,2,8,0,B01
200800033192,0,30,0,0,2,1,2,A01
200800033192,0,14,0,0,0,6,23,B01
200800033193,0,7,0,0,0,3,9,B01
200800033193,0,31,0,0,2,1,1,A01
200800033194,0,7,0,0,1,2,15,A01
200800033195,0,1,0,0,2,7,0,B01
200800033195,0,7,0,0,2,3,0,A01
200800033196,0,7,0,0,1,3,4,A01
200800033197,0,2,0,0,2,1,5,A01
200800033197,0,7,0,0,2,1,1,B01
200800033198,0,10,0,0,2,2,1,B01
200800033198,0,1,0,0,2,3,9,A01
200800033199,0,7,0,0,2,1,13,A01
200800033199,0,14,0,0,2,3,1,B01
200800033199,0,10,0,0,2,1,1,C01
200800033200,0,7,0,0,1,1,1,A01
200800033201,0,7,0,0,2,1,1,B01
200800033201,0,7,0,0,2,4,0,A01
200800033202,0,7,0,0,0,0,2,A01
200800033203,0,7,0,15,0,2,1,A01
200800033204,0,3,0,1,0,2,14,A01
200800033205,0,7,0,0,0,9,1,A01
200800033206,0,99,0,6,0,0,13,A01
200800033207,1,7,0,0,9,2,2,A01
200800033207,0,1,0,0,0,4,2,B01
200800033208,0,7,0,0,0,5,0,A01
200800033209,0,7,0,0,0,8,1,B01
200800033209,0,7,0,0,2,1,1,A01
200800033210,0,2,0,0,0,3,1,A01
200800033211,1,7,0,0,1,7,2,A01
200800033212,0,30,0,0,1,1,1,A01
200800033213,0,7,0,0,9,2,2,A01
200800033213,0,1,0,0,2,3,2,B01
200800033214,0,7,0,13,0,9,1,A01
200800033215,0,2,0,0,2,8,0,B01
200800033215,0,7,0,0,2,1,0,A01
200800033216,0,7,0,0,1,2,1,A01
200800033217,0,7,0,0,1,1,1,A01
200800033218,0,2,0,0,1,1,2,A01
200800033219,0,7,0,0,2,1,1,B01
200800033219,0,7,0,0,2,1,13,A01
200800033220,0,7,0,0,2,3,15,A01
200800033220,0,33,0,0,2,1,1,B01
200800033221,0,33,0,0,2,1,5,A01
200800033221,0,7,0,0,2,1,1,B01
200800033222,0,7,0,0,0,3,1,A01
200800033222,0,10,0,0,2,1,15,B01
200800033223,0,33,0,0,2,1,1,B01
200800033223,0,15,0,0,2,2,15,A01
200800033224,1,7,0,0,2,1,1,A01
200800033224,0,1,0,0,2,4,17,B01
200800033225,0,7,0,0,2,1,19,A01
200800033225,0,7,0,0,2,2,1,B01
200800033226,1,7,0,0,9,0,0,A01
200800033226,0,1,0,0,0,4,23,B01
200800033227,0,7,0,0,1,1,1,A01
200800033228,0,33,0,0,1,1,1,A01
200800033229,1,7,0,0,9,0,0,A01
200800033229,0,1,0,0,0,0,15,B01
200800033230,0,33,0,8,5,1,0,A01
200800033231,0,32,0,8,0,1,14,A01
200800033232,0,7,0,0,2,1,15,A01
200800033232,0,30,0,0,2,7,1,B01
200800033233,0,7,0,0,2,1,1,A01
200800033233,0,30,0,0,2,1,1,B01
200800033234,0,7,0,0,1,2,0,A01
200800033235,0,7,0,0,1,2,16,A01
200800033235,0,2,0,0,0,8,1,B01
200800033236,0,7,0,0,2,2,1,A01
200800033236,0,7,0,0,2,8,15,B01
200800033237,0,2,0,0,2,1,1,A01
200800033237,0,7,0,0,2,3,15,B01
200800033238,0,7,0,0,2,3,24,A01
200800033238,0,1,0,1,0,1,1,B01
200800033239,0,10,0,0,2,8,9,A01
200800033239,0,2,0,0,2,7,15,B01
200800033240,0,1,0,0,2,0,19,A01
200800033240,0,7,0,0,9,1,1,B01
200800033241,0,2,0,0,2,5,1,A01
200800033241,0,7,0,0,9,1,1,B01
200800033242,0,7,0,0,2,3,15,A01
200800033242,0,7,0,0,2,3,15,B01
200800033243,0,7,0,0,1,1,21,A01
200800033244,0,7,0,0,2,1,2,A01
200800033244,0,7,0,0,2,4,2,B01
200800033244,0,7,0,0,2,4,2,C01
200800033245,0,7,0,0,9,2,17,A01
200800033245,0,2,0,0,2,8,13,B01
200800033246,0,30,0,0,2,0,13,A01
200800033246,0,7,0,0,9,3,1,B01
200800033247,0,7,0,0,1,2,1,A01
200800033248,0,2,0,1,0,0,1,A01
200800033249,0,7,0,0,2,3,16,B01
200800033249,0,2,0,0,2,1,1,A01
200800033250,1,7,0,0,2,1,9,A01
200800033250,0,7,0,0,2,6,0,B01
200800033251,0,7,0,0,2,3,0,A01
200800033251,0,33,0,0,2,6,1,B01
200800033252,0,7,0,4,0,1,1,A01
200800033253,0,7,0,14,4,2,1,A01
200800033253,0,39,0,0,2,3,1,B01
200800033254,1,7,0,0,2,8,5,A01
200800033254,0,7,0,0,2,8,5,B01
200800033255,0,32,0,12,0,2,1,A01
200800033256,0,7,0,0,2,6,23,B01
200800033256,0,30,0,1,0,1,2,A01
200800033257,0,13,0,0,9,0,0,A01
200800033257,0,1,0,0,2,0,2,B01
200800033258,0,7,0,0,1,3,1,A01
200800033259,0,7,0,2,0,3,0,A01
200800033260,0,7,0,0,2,5,0,A01
200800033260,0,33,0,0,2,7,0,B01
200800033261,0,7,0,0,1,1,1,A01
200800033262,0,7,0,0,2,2,1,B01
200800033262,0,1,0,0,2,1,1,A01
200800033263,0,7,0,0,0,1,1,A01
200800033263,0,7,0,0,0,7,1,B01
200800033264,0,2,0,0,2,8,0,B01
200800033264,0,7,0,0,2,2,0,A01
200800033265,0,7,0,0,2,2,1,A01
200800033266,0,7,0,0,2,8,1,B01
200800033266,0,7,0,0,2,1,1,A01
200800033267,0,7,0,0,2,3,10,A01
200800033267,0,33,0,0,2,1,17,B01
200800033268,0,10,0,0,2,1,1,B01
200800033268,0,2,0,0,2,3,1,A01
200800033269,0,7,0,0,2,1,0,A01
200800033269,0,7,0,0,2,6,0,B01
200800033270,0,32,0,0,2,1,5,A01
200800033270,0,7,0,0,2,1,1,B01
200800033271,0,7,0,0,2,2,1,A01
200800033272,0,7,0,0,2,1,1,B01
200800033272,0,7,0,0,2,2,1,A01
200800033273,0,7,0,0,2,0,11,A01
200800033273,0,31,0,0,2,0,1,B01
200800033274,0,3,0,0,1,1,1,A01
200800033275,0,7,0,0,2,1,2,A01
200800033275,0,7,0,0,2,4,2,B01
200800033276,0,7,0,0,2,7,15,A01
200800033276,0,7,0,0,2,2,1,B01
200800033277,0,7,0,0,0,0,16,A01
200800033277,0,31,0,2,0,2,1,B01
200800033278,0,7,0,0,2,1,1,A01
200800033278,0,7,0,0,2,4,1,B01
200800033278,0,7,0,0,2,4,1,C01
200800033279,0,37,1,0,1,2,1,A01
200800033280,0,7,0,0,2,1,2,A01
200800033280,0,7,0,0,2,4,2,B01
200800033280,0,7,0,0,0,4,2,C01
200800033281,0,33,0,0,2,8,0,B01
200800033281,0,7,0,0,2,2,0,A01
200800033282,0,33,0,0,2,3,1,B01
200800033282,0,7,0,0,2,1,10,A01
200800033283,0,7,0,0,2,8,10,A01
200800033283,0,7,0,0,2,1,1,B01
200800033284,0,7,0,0,2,2,15,A01
200800033284,0,30,0,0,2,1,1,B01
200800033285,0,7,0,0,2,1,17,A01
200800033285,0,7,0,9,2,8,15,B01
200800033286,1,7,0,0,2,1,17,A01
200800033286,0,2,0,0,0,4,1,B01
200800033287,0,30,0,0,2,3,0,A01
200800033287,0,7,0,0,2,3,0,B01
200800033288,0,7,0,0,2,1,1,A01
200800033288,0,7,0,0,2,4,1,B01
200800033289,0,33,0,0,2,1,17,A01
200800033289,0,7,0,0,2,0,15,B01
200800033290,0,2,0,0,2,1,1,A01
200800033290,0,7,0,0,2,4,1,B01
200800033291,0,30,0,0,1,1,1,A01
200800033292,0,33,0,1,0,1,0,A01
200800033293,0,7,0,0,2,1,2,A01
200800033293,0,7,0,0,2,4,2,B01
200800033294,0,7,0,0,2,8,1,A01
200800033294,0,7,0,0,2,1,16,B01
200800033295,0,7,0,9,0,1,1,A01
200800033296,0,7,0,0,1,2,15,A01
200800033297,0,7,0,0,2,3,1,B01
200800033297,0,32,0,1,2,1,1,A01
200800033298,0,7,0,0,2,6,4,A01
200800033298,0,33,0,0,2,1,1,B01
200800033299,0,7,0,0,1,3,0,A01
200800033300,0,1,0,0,0,0,0,A01
200800033301,1,33,0,0,1,1,0,A01
200800033302,0,7,0,0,2,1,1,B01
200800033302,0,7,0,9,2,3,1,A01
200800033303,0,7,0,0,2,1,1,B01
200800033303,0,7,0,0,2,1,1,C01
200800033303,0,7,0,0,2,1,15,A01
200800033304,1,30,0,0,1,1,1,A01
200800033305,0,7,0,0,2,4,2,C01
200800033305,0,10,0,0,2,1,2,A01
200800033305,0,7,0,0,2,9,2,B01
200800033306,0,7,0,9,2,2,1,B01
200800033306,0,7,0,1,2,1,1,A01
200800033307,0,2,0,1,2,2,17,A01
200800033307,0,7,0,0,2,3,15,B01
200800033308,0,7,0,12,0,1,1,A01
200800033309,0,7,0,0,0,0,15,A01
200800033309,0,33,0,0,0,0,1,B01
200800033310,0,7,0,0,1,1,1,A01
200800033311,0,7,0,0,0,3,13,A01
200800033311,0,14,0,0,2,3,1,B01
200800033311,0,7,0,14,0,0,1,C01
200800033312,0,7,0,0,2,7,15,A01
200800033312,0,33,0,0,2,1,1,B01
200800033313,0,10,0,0,2,6,15,B01
200800033313,0,2,0,0,2,1,17,A01
200800033314,0,7,0,0,2,2,9,A01
200800033314,0,33,0,0,2,3,1,B01
200800033315,0,7,0,0,1,1,1,A01
200800033316,0,7,0,0,2,2,15,A01
200800033316,0,2,0,0,2,1,1,B01
200800033317,1,7,0,1,0,2,14,A01
200800033318,0,7,0,0,1,8,1,A01
200800033319,0,2,0,8,0,1,0,A01
200800033320,0,30,0,0,2,1,12,A01
200800033320,0,7,0,0,2,3,1,B01
200800033321,0,7,0,0,2,2,19,A01
200800033321,0,33,0,0,2,1,1,B01
200800033322,0,7,0,0,2,6,0,A01
200800033322,0,2,0,0,2,2,1,B01
200800033323,0,33,0,0,0,7,2,B01
200800033323,0,7,0,0,0,0,15,A01
200800033324,0,32,0,1,0,1,15,A01
200800033325,0,7,0,0,2,2,15,A01
200800033325,0,32,0,0,2,1,1,B01
200800033326,0,7,0,0,2,3,16,B01
200800033326,0,2,0,0,2,8,13,A01
200800033327,0,33,0,0,2,4,17,A01
200800033327,0,31,0,0,2,1,1,B01
200800033328,0,33,0,0,2,4,16,B01
200800033328,0,33,0,0,2,1,1,A01
200800033329,0,30,0,0,2,1,5,A01
200800033329,0,7,0,0,2,8,0,B01
200800033330,0,7,0,0,2,5,15,A01
200800033330,0,33,0,0,2,1,1,B01
200800033330,0,7,0,0,2,8,1,C01
200800033331,0,10,0,0,2,8,10,A01
200800033331,0,10,0,0,2,2,17,B01
200800033332,0,10,0,0,2,6,1,A01
200800033332,0,33,0,0,2,2,16,B01
200800033333,0,2,0,0,2,7,17,A01
200800033333,0,7,0,0,2,3,1,B01
200800033334,0,7,0,0,1,1,15,A01
200800033335,0,10,0,0,2,3,9,A01
200800033335,0,33,0,0,2,1,1,B01
200800033336,0,7,0,0,9,2,15,A01
200800033336,0,2,0,0,2,3,1,B01
200800033337,0,2,0,1,0,1,1,A01
200800033337,0,7,0,0,9,4,23,B01
200800033338,0,7,0,0,2,6,9,A01
200800033338,0,30,0,0,2,1,9,B01
200800033339,1,7,0,0,0,0,0,A01
200800033340,0,7,0,0,1,3,1,A01
200800033341,0,10,0,0,2,6,15,A01
200800033341,0,33,0,0,2,1,1,B01
200800033342,0,33,0,0,2,1,13,A01
200800033342,0,7,0,0,2,1,1,B01
200800033343,0,30,0,0,2,1,2,A01
200800033343,0,7,0,0,2,4,23,B01
200800033344,0,1,0,1,2,1,10,A01
200800033344,0,7,0,0,2,1,1,B01
200800033345,0,7,0,0,2,5,15,A01
200800033345,0,2,0,0,2,1,1,B01
200800033346,0,30,0,0,2,1,2,A01
200800033346,0,7,0,0,2,6,2,B01
200800033347,0,14,0,0,2,3,11,A01
200800033347,0,7,0,0,2,8,1,B01
200800033348,1,7,0,0,2,1,0,A01
200800033348,0,2,0,0,2,7,1,B01
200800033349,0,7,0,0,2,2,15,A01
200800033349,0,2,0,0,2,1,1,B01
200800033350,0,7,0,0,2,6,11,A01
200800033350,0,30,0,0,2,2,17,B01
200800033351,0,7,0,0,1,1,1,A01
200800033352,0,7,0,8,0,3,1,A01
200800033353,0,7,0,2,0,9,1,A01
200800033354,0,30,0,0,2,8,5,A01
200800033354,0,7,0,0,2,3,1,B01
200800033355,0,7,0,0,2,2,1,B01
200800033355,0,7,0,0,2,1,1,A01
200800033356,0,7,0,6,0,1,1,A01
200800033357,0,7,0,0,2,1,15,A01
200800033357,0,30,0,0,2,8,1,B01
200800033358,0,10,0,0,2,7,1,A01
200800033358,0,1,0,0,2,8,1,B01
200800033359,0,7,0,0,1,2,1,A01
200800033360,0,3,0,0,2,1,1,A01
200800033360,0,37,1,0,0,4,1,B01
200800033361,0,2,0,15,0,1,1,A01
200800033362,0,7,0,0,2,1,2,A01
200800033362,0,7,0,5,2,4,16,B01
200800033363,0,2,0,0,2,1,2,A01
200800033363,0,7,0,0,0,4,2,B01
200800033364,0,1,0,0,2,4,1,B01
200800033364,1,7,0,0,0,0,0,A01
200800033365,0,15,0,0,2,3,1,B01
200800033365,0,7,0,0,2,2,12,A01
200800033366,0,7,0,0,2,1,15,A01
200800033366,0,2,0,0,2,1,1,B01
200800033367,0,7,0,0,2,3,7,A01
200800033367,0,7,0,0,2,2,16,B01
200800033368,0,7,0,0,0,3,15,A01
200800033368,0,33,0,0,0,0,21,B01
200800033369,0,7,0,0,2,3,9,B01
200800033369,0,2,0,0,2,2,1,A01
200800033370,0,7,0,6,1,1,24,A01
200800033371,0,7,0,0,2,1,2,A01
200800033371,0,7,0,0,2,4,23,B01
200800033372,0,2,0,12,0,1,14,A01
200800033373,0,7,0,0,2,8,1,B01
200800033373,0,7,0,0,2,8,16,A01
200800033374,0,7,0,0,2,4,2,B01
200800033374,0,7,0,0,2,1,2,A01
200800033374,0,7,0,0,2,4,2,D01
200800033374,0,7,0,0,2,4,2,C01
200800033375,0,32,0,12,0,1,14,A01
200800033376,0,2,0,0,2,3,0,B01
200800033376,0,7,0,0,2,2,0,A01
200800033377,0,7,0,0,2,1,1,C01
200800033377,0,30,0,0,2,1,1,B01
200800033377,0,7,0,0,2,8,15,A01
200800033378,0,7,0,0,2,1,1,A01
200800033378,0,7,0,0,2,1,2,C01
200800033378,0,7,0,0,2,1,3,B01
200800033379,0,7,0,0,2,4,1,B01
200800033379,0,32,0,0,2,1,2,A01
200800033380,0,7,0,0,2,7,1,C01
200800033380,0,7,0,0,2,8,1,B01
200800033380,0,7,0,0,2,1,15,A01
200800033381,0,2,0,0,2,7,17,B01
200800033381,0,7,0,0,2,1,15,A01
200800033382,0,7,0,0,1,3,13,A01
200800033383,0,7,0,0,1,2,11,A01
200800033384,0,31,0,0,2,1,1,B01
200800033384,0,7,0,0,2,1,15,A01
200800033385,0,7,0,0,1,3,9,A01
200800033386,0,7,0,0,2,4,2,B01
200800033386,0,7,0,0,2,1,2,A01
200800033387,0,7,0,0,2,2,17,A01
200800033387,0,2,0,0,2,3,1,B01
200800033388,0,7,0,0,2,1,2,A01
200800033388,0,7,0,0,0,4,23,B01
200800033389,0,7,0,0,1,3,0,A01
200800033390,0,7,0,2,0,1,1,A01
200800033391,0,2,0,0,2,1,1,B01
200800033391,0,7,0,0,2,5,1,A01
200800033392,0,2,0,0,2,1,1,B01
200800033392,0,7,0,0,2,3,15,A01
200800033393,0,7,0,0,2,3,1,A01
200800033393,0,7,0,0,2,1,19,C01
200800033393,0,7,0,0,2,1,23,B01
200800033394,0,31,0,0,2,1,17,A01
200800033394,0,7,0,0,0,8,23,C01
200800033394,0,33,0,0,2,3,2,B01
200800033395,0,7,0,0,2,5,14,A01
200800033395,0,31,0,0,2,1,1,B01
200800033396,0,7,0,0,2,3,9,A01
200800033396,0,30,0,0,2,1,1,B01
200800033397,0,7,0,0,2,1,1,B01
200800033397,0,30,0,0,2,7,19,A01
200800033398,0,7,0,0,2,1,2,A01
200800033398,0,7,0,0,2,4,2,B01
200800033398,0,7,0,0,2,4,2,C01
200800033399,0,7,0,0,1,3,1,A01
200800033400,0,7,0,0,2,7,15,A01
200800033400,0,32,0,0,2,1,1,B01
200800033401,0,7,0,0,1,2,1,A01
200800033402,0,7,0,0,2,8,19,A01
200800033402,0,33,0,0,2,1,1,B01
200800033403,0,33,0,0,2,1,17,A01
200800033403,0,7,0,0,2,6,1,B01
200800033404,0,7,0,0,2,8,1,A01
200800033404,0,7,0,0,2,1,1,B01
200800033405,0,7,0,2,0,5,15,A01
200800033406,0,3,0,6,2,2,1,A01
200800033406,0,7,0,0,2,1,1,B01
200800033407,0,7,0,3,0,2,1,A01
200800033408,0,14,0,0,0,5,1,B01
200800033408,0,7,0,0,1,1,18,A01
200800033409,0,7,0,1,0,1,14,A01
200800033410,0,37,0,0,2,2,1,B01
200800033410,0,10,0,0,2,3,1,A01
200800033411,0,7,0,0,2,1,1,A01
200800033411,0,7,0,0,2,4,1,B01
200800033411,0,7,0,0,2,4,1,C01
200800033412,0,1,0,0,2,1,1,B01
200800033412,0,7,0,0,2,5,15,A01
200800033413,0,2,0,0,2,1,13,A01
200800033413,0,7,0,0,2,1,1,B01
200800033414,0,7,0,0,2,3,15,A01
200800033414,0,30,0,0,2,1,1,B01
200800033415,0,7,0,0,2,1,0,A01
200800033415,0,7,0,0,2,1,0,B01
200800033415,0,7,0,0,0,4,24,C01
200800033416,0,7,0,16,0,9,1,A01
200800033417,0,7,0,0,1,8,1,A01
200800033418,0,7,0,0,2,1,1,A01
200800033418,0,7,0,0,2,4,1,B01
200800033418,0,7,0,0,2,4,1,C01
200800033418,0,7,0,0,2,4,1,D01
200800033419,0,7,0,0,2,1,1,A01
200800033419,0,7,0,0,2,4,23,B01
200800033420,0,7,0,0,2,1,1,A01
200800033420,0,1,0,0,2,7,19,B01
200800033421,0,7,0,0,0,9,1,A01
200800033422,0,40,0,0,1,1,1,A01
200800033423,1,7,0,1,2,1,1,A01
200800033423,0,1,0,0,2,1,1,B01
200800033424,0,7,0,0,2,7,12,A01
200800033424,0,1,0,0,2,8,1,B01
200800033425,0,7,0,0,1,1,1,A01
200800033426,0,1,0,0,2,0,1,A01
200800033426,1,7,0,0,9,0,15,B01
200800033427,2,7,0,0,1,1,0,A01
200800033428,0,1,0,0,2,1,1,B01
200800033428,0,1,0,0,2,1,1,A01
200800033429,0,7,0,0,2,1,15,A01
200800033429,0,2,0,0,2,1,1,B01
200800033430,0,7,0,0,1,2,15,A01
200800033431,0,7,0,0,2,1,1,B01
200800033431,0,7,0,0,2,1,15,A01
200800033432,0,7,0,0,2,3,1,B01
200800033432,0,7,0,0,2,2,1,A01
200800033433,0,7,0,0,2,1,15,A01
200800033433,0,33,0,0,2,1,1,B01
200800033434,0,30,0,0,2,1,1,A01
200800033434,0,1,0,0,2,1,1,B01
200800033435,0,7,0,0,2,1,9,A01
200800033435,0,2,0,0,2,7,1,B01
200800033436,0,7,0,0,2,1,1,A01
200800033436,0,7,0,0,2,4,1,B01
200800033436,0,7,0,0,2,4,23,C01
200800033437,0,1,0,0,2,8,1,B01
200800033437,0,7,0,0,2,1,16,A01
200800033438,0,10,0,0,2,8,1,B01
200800033438,0,10,0,0,2,1,1,A01
200800033439,0,7,0,0,2,1,1,A01
200800033439,0,1,0,0,2,8,19,B01
200800033440,0,7,0,0,2,2,1,A01
200800033440,0,1,0,0,2,4,1,B01
200800033441,0,30,0,0,2,1,3,A01
200800033441,0,13,0,0,2,5,1,B01
200800033441,0,37,1,0,2,8,1,C01
200800033442,0,7,0,0,1,3,1,A01
200800033443,0,1,0,0,2,0,16,A01
200800033443,0,2,0,0,2,7,1,B01
200800033444,0,7,0,0,2,2,1,A01
200800033444,0,1,0,0,2,1,19,B01
200800033445,0,7,0,0,1,1,1,A01
200800033446,0,1,0,0,2,1,1,B01
200800033446,0,7,0,0,2,8,1,A01
200800033447,0,7,0,0,1,3,0,A01
200800033448,0,33,0,0,2,8,1,B01
200800033448,0,7,0,0,2,1,15,A01
200800033449,0,2,0,0,2,1,1,A01
200800033449,0,7,0,0,2,1,1,B01
200800033450,0,7,0,0,2,1,15,B01
200800033450,0,2,0,0,2,1,1,A01
200800033451,0,1,0,0,2,1,1,A01
200800033451,0,7,0,0,9,3,1,B01
200800033452,0,1,0,0,1,1,1,A01
200800033453,0,7,0,0,1,2,1,A01
200800033454,0,7,0,0,2,3,1,B01
200800033454,0,7,0,0,2,2,1,A01
200800033455,0,1,0,0,2,1,1,A01
200800033455,0,7,0,0,2,6,1,B01
200800033456,0,7,0,0,2,1,15,A01
200800033456,0,30,0,0,2,1,1,B01
200800033457,0,30,0,0,9,1,1,A01
200800033457,0,1,0,0,2,1,1,B01
200800033458,0,3,0,0,2,2,15,A01
200800033458,0,7,0,0,2,7,1,B01
200800033459,0,30,0,0,2,7,1,A01
200800033459,0,7,0,0,2,8,15,B01
200800033460,0,7,0,0,1,2,1,A01
200800033461,0,7,0,10,0,1,13,A01
200800033462,0,7,0,0,2,2,1,A01
200800033462,0,1,0,0,2,1,1,B01
200800033463,0,7,0,0,2,2,16,A01
200800033463,0,7,0,0,2,3,1,B01
200800033464,0,7,0,0,2,1,1,A01
200800033464,0,1,0,0,2,8,19,B01
200800033465,0,30,0,1,0,1,14,A01
200800033466,0,7,0,0,2,7,16,A01
200800033466,0,1,0,0,2,3,16,B01
200800033467,0,7,0,0,2,2,16,A01
200800033467,0,1,0,0,2,1,1,B01
200800033468,0,1,0,0,1,1,15,A01
200800033469,0,1,0,0,2,1,5,B01
200800033469,0,7,0,0,2,2,1,A01
200800033470,0,1,0,0,2,1,1,B01
200800033470,0,7,0,0,2,2,1,A01
200800033471,0,7,0,6,0,1,0,A01
200800033472,0,1,0,0,1,0,1,A01
200800033473,0,7,0,15,0,5,4,A01
200800033474,0,7,0,0,1,3,15,A01
200800033475,0,7,0,0,2,1,11,B01
200800033475,0,7,0,0,2,5,16,A01
200800033476,0,7,0,0,0,1,1,A01
200800033476,0,7,0,0,0,0,0,B01
200800033477,0,14,0,0,2,7,4,A01
200800033477,0,7,0,0,2,3,2,B01
200800033478,0,7,0,0,1,7,1,A01
200800033479,0,7,0,0,1,2,1,A01
200800033480,0,1,0,0,2,3,1,B01
200800033480,1,7,0,0,2,1,10,A01
200800033481,0,7,0,0,2,3,10,A01
200800033481,0,30,0,0,2,1,2,B01
200800033482,0,2,0,0,2,7,1,B01
200800033482,0,7,0,0,9,1,9,A01
200800033483,0,7,0,0,1,1,15,A01
200800033484,0,7,0,0,1,8,0,A01
200800033485,0,7,0,0,1,0,1,A01
200800033486,0,7,0,0,1,0,1,A01
200800033487,0,2,0,0,2,1,1,B01
200800033487,0,7,0,0,2,1,10,A01
200800033488,0,10,0,0,1,5,0,A01
200800033489,1,7,0,0,2,0,2,A01
200800033489,0,30,0,2,2,7,2,B01
200800033490,0,7,0,0,2,7,16,B01
200800033490,0,2,0,0,2,1,1,A01
200800033491,0,7,0,0,2,4,1,A01
200800033491,0,7,0,0,2,4,1,B01
200800033491,0,7,0,0,2,1,1,C01
200800033491,0,7,0,0,2,1,2,D01
200800033491,1,7,0,0,2,1,1,E01
200800033492,0,7,0,0,2,1,11,A01
200800033492,0,7,0,0,2,4,0,B01
200800033492,0,7,0,16,0,4,0,C01
200800033493,0,7,0,0,0,5,19,B01
200800033493,0,2,0,0,2,1,19,A01
200800033494,0,33,0,0,2,7,17,A01
200800033494,0,7,0,0,2,3,15,B01
200800033495,0,7,0,6,0,1,1,A01
200800033496,0,7,0,0,1,3,15,A01
200800033497,0,7,0,0,1,1,15,A01
200800033498,0,7,0,0,2,2,15,A01
200800033498,0,1,0,0,2,1,1,B01
200800033499,0,33,0,3,0,1,1,A01
200800033500,0,7,0,0,2,5,15,A01
200800033500,0,33,0,0,2,1,1,B01
200800033501,0,7,0,0,2,4,2,A01
200800033501,0,7,0,0,2,4,2,B01
200800033501,0,7,0,0,2,1,2,C01
200800033502,0,7,0,0,2,2,0,A01
200800033502,0,1,0,0,2,4,0,B01
200800033503,0,7,0,0,2,3,1,B01
200800033503,0,7,0,0,2,7,15,A01
200800033504,0,33,0,0,2,3,1,A01
200800033504,0,32,0,0,2,2,16,B01
200800033505,0,7,0,0,0,6,4,A01
200800033506,0,7,0,0,1,2,15,A01
200800033507,0,7,0,0,2,1,1,A01
200800033507,0,7,0,0,2,1,1,B01
200800033508,0,7,0,0,2,3,1,B01
200800033508,0,33,0,0,2,2,1,A01
200800033509,0,7,0,0,1,1,1,A01
200800033510,0,30,0,0,2,4,15,B01
200800033510,1,7,0,0,2,0,1,A01
200800033511,0,7,0,0,2,5,15,A01
200800033511,0,31,0,0,2,1,2,B01
200800033512,0,38,1,0,2,1,9,A01
200800033512,0,7,0,8,2,8,1,B01
200800033513,0,7,0,7,2,5,2,A01
200800033513,0,7,0,0,2,2,11,B01
200800033514,0,2,0,1,0,7,2,A01
200800033515,0,7,0,0,1,7,0,A01
200800033516,0,10,0,0,2,3,10,A01
200800033516,0,2,0,0,2,8,1,B01
200800033517,0,7,0,0,2,1,5,A01
200800033517,0,7,0,0,2,1,2,B01
200800033518,0,7,0,0,1,1,15,A01
200800033519,0,7,0,0,0,0,0,B01
200800033519,0,7,0,0,2,0,0,A01
200800033520,0,7,0,0,1,1,1,A01
200800033521,0,2,0,0,2,1,1,B01
200800033521,0,7,0,0,2,1,15,A01
200800033522,0,7,0,0,2,1,1,B01
200800033522,0,7,0,0,2,8,19,A01
200800033523,0,7,0,0,2,7,1,B01
200800033523,0,7,0,0,2,3,1,A01
200800033524,0,7,0,0,2,3,9,B01
200800033524,0,7,0,0,2,7,1,A01
200800033525,0,7,0,0,2,4,1,B01
200800033525,1,10,0,0,2,1,1,A01
200800033526,0,34,0,0,2,1,15,B01
200800033526,0,7,0,0,2,3,15,A01
200800033527,0,7,0,0,1,1,1,A01
200800033528,0,7,0,0,1,1,1,A01
200800033529,0,7,0,0,1,2,1,A01
200800033530,0,30,0,0,2,1,1,A01
200800033530,0,7,0,0,2,3,1,C01
200800033530,0,7,0,0,2,4,1,B01
200800033531,0,7,0,0,2,3,1,B01
200800033531,0,7,0,0,2,2,14,A01
200800033532,0,33,0,0,2,1,1,B01
200800033532,0,7,0,0,2,6,11,A01
200800033533,0,1,0,0,2,1,1,B01
200800033533,0,7,0,0,2,1,1,A01
200800033534,0,7,0,0,2,3,1,B01
200800033534,0,30,0,0,2,1,1,A01
200800033535,0,7,0,0,1,2,1,A01
200800033536,0,7,0,0,1,3,1,A01