Num_Acc,senc,catv,occutc,obs,obsm,choc,manv,num_veh
200800033537,0,7,0,0,2,2,13,A01
200800033537,0,7,0,0,2,1,1,B01
200800033538,0,7,0,0,2,3,0,A01
200800033538,0,33,0,0,2,1,0,B01
200800033539,0,7,0,0,0,3,1,A01
200800033539,0,30,0,0,2,1,1,B01
200800033540,0,7,0,0,0,2,1,A01
200800033540,0,1,0,9,0,1,19,B01
200800033541,0,7,0,0,2,7,10,A01
200800033541,0,2,0,0,2,1,1,B01
200800033542,0,1,0,0,2,1,1,A01
200800033542,0,7,0,0,2,1,15,B01
200800033543,0,7,0,0,2,2,17,A01
200800033543,0,2,0,0,2,8,1,B01
200800033544,0,7,0,0,2,1,1,A01
200800033544,0,7,0,0,2,4,1,B01
200800033544,0,7,0,0,0,0,17,C01
200800033545,0,7,0,0,1,4,4,A01
200800033546,0,15,0,0,0,7,11,A01
200800033546,0,33,0,0,2,1,1,B01
200800033547,0,7,0,0,1,2,1,A01
200800033548,0,7,0,0,1,3,1,A01
200800033549,0,2,0,0,2,1,1,B01
200800033549,1,7,0,0,0,0,1,A01
200800033550,0,7,0,0,2,1,1,B01
200800033550,0,7,0,0,2,5,19,A01
200800033551,0,7,0,13,0,2,1,A01
200800033552,0,3,0,0,0,1,2,A01
200800033553,0,2,0,0,2,8,1,A01
200800033553,0,7,0,0,2,8,1,B01
200800033554,0,30,0,0,2,6,1,B01
200800033554,0,7,0,0,2,3,15,A01
200800033555,0,7,0,3,0,3,1,A01
200800033556,0,30,0,0,2,1,1,B01
200800033556,0,7,0,0,2,2,1,A01
200800033557,0,7,0,0,2,3,20,A01
200800033557,0,30,0,0,2,1,1,B01
200800033558,0,7,0,0,2,1,1,B01
200800033558,0,30,0,0,2,1,10,A01
200800033559,0,7,0,0,2,3,1,B01
200800033559,0,7,0,0,2,1,1,A01
200800033560,0,7,0,0,2,1,13,A01
200800033560,0,15,0,0,2,3,1,B01
200800033561,0,7,0,0,1,7,4,A01
200800033562,0,7,0,16,0,1,1,A01
200800033563,0,7,0,0,2,0,10,A01
200800033563,0,33,0,0,0,7,1,B01
200800033564,0,7,0,0,2,2,15,A01
200800033564,0,7,0,0,0,3,1,B01
200800033564,0,7,0,0,0,3,1,C01
200800033565,0,7,0,0,0,8,15,B01
200800033565,0,7,0,0,2,1,1,A01
200800033566,0,33,0,0,2,1,17,A01
200800033566,0,33,0,0,0,4,15,B01
200800033567,0,7,0,0,2,1,1,A01
200800033567,0,7,0,0,0,4,23,B01
200800033568,0,2,0,16,0,7,1,A01
200800033569,0,2,0,0,2,1,10,A01
200800033569,0,7,0,0,2,3,1,B01
200800033570,0,2,0,16,0,7,1,A01
200800033571,0,2,0,0,2,1,1,A01
200800033571,0,7,0,0,0,4,23,B01
200800033572,0,1,0,0,0,0,0,A01
200800033573,0,33,0,16,0,0,1,A01
200800033574,0,7,0,0,1,1,1,A01
200800033575,0,2,0,16,0,7,0,A01
200800033576,0,2,0,15,0,5,1,A01
200800033577,0,7,0,11,0,3,1,A01
200800033578,0,7,0,0,0,6,15,A01
200800033578,0,33,0,0,2,1,1,B01
200800033579,0,2,0,0,2,8,1,A01
200800033579,0,7,0,0,0,7,16,B01
200800033580,0,36,0,0,2,2,1,A01
200800033580,0,7,0,0,0,2,1,B01
200800033581,0,7,0,0,2,2,15,A01
200800033581,0,7,0,0,0,3,1,B01
200800033582,0,7,0,0,1,1,1,A01
200800033583,0,33,0,0,2,1,2,A01
200800033583,0,7,0,0,2,1,13,B01
200800033584,0,1,0,6,0,1,1,A01
200800033585,0,7,0,8,0,1,15,A01
200800033586,0,99,0,0,2,1,5,A01
200800033586,0,30,0,0,2,1,5,B01
200800033587,0,7,0,0,1,1,0,A01
200800033588,0,7,0,0,1,6,4,A01
200800033589,0,33,0,0,2,0,0,A01
200800033589,0,7,0,0,2,1,0,B01
200800033590,0,7,0,12,0,5,1,A01
200800033591,0,7,0,0,2,2,15,A01
200800033591,0,33,0,0,0,1,1,B01
200800033592,0,1,0,0,2,1,13,A01
200800033592,0,1,0,0,0,1,1,B01
200800033593,0,7,0,0,2,1,2,B01
200800033593,0,7,0,0,0,4,2,C01
200800033593,0,7,0,0,2,1,2,A01
200800033594,0,7,0,0,2,4,2,C01
200800033594,0,7,0,0,2,4,2,B01
200800033594,0,13,0,0,2,4,2,D01
200800033594,0,7,0,0,2,1,12,A01
200800033595,0,30,0,0,2,0,15,B01
200800033595,0,7,0,0,9,0,11,A01
200800033596,0,7,0,0,1,1,0,A01
200800033597,0,7,0,0,9,7,12,A01
200800033597,0,1,0,0,2,8,1,B01
200800033598,0,99,0,0,0,7,0,A01
200800033599,0,7,0,0,1,1,0,A01
200800033600,0,7,0,0,1,2,0,A01
200800033601,0,2,0,0,2,3,11,A01
200800033601,0,7,0,0,2,3,1,B01
200800033602,0,7,0,8,0,2,1,A01
200800033603,0,2,0,1,0,1,2,B01
200800033603,0,30,0,0,0,1,1,A01
200800033604,0,7,0,2,0,9,1,A01
200800033605,0,7,0,0,2,6,2,B01
200800033605,0,7,0,0,2,1,2,A01
200800033606,0,7,0,13,0,1,13,A01
200800033607,0,30,0,15,0,2,1,A01
200800033608,0,7,0,0,9,1,1,B01
200800033608,0,1,0,0,2,4,19,A01
200800033609,0,7,0,0,2,4,2,B01
200800033609,0,7,0,0,2,1,2,A01
200800033610,1,7,0,0,1,2,1,A01
200800033611,0,7,0,0,2,5,4,A01
200800033611,0,2,0,0,2,1,1,B01
200800033612,0,7,0,0,0,0,1,A01
200800033613,0,7,0,0,2,2,15,A01
200800033613,0,33,0,0,2,1,18,B01
200800033614,0,7,0,0,2,1,0,A01
200800033614,0,7,0,0,2,4,2,B01
200800033614,0,7,0,0,2,4,2,C01
200800033615,0,7,0,15,2,1,1,A01
200800033615,0,7,0,0,2,1,1,B01
200800033616,0,7,0,1,0,1,1,A01
200800033617,0,7,0,0,2,3,17,B01
200800033617,0,30,0,0,2,1,17,A01
200800033618,0,7,0,0,2,1,9,A01
200800033618,0,2,0,0,2,1,1,B01
200800033619,0,30,0,0,2,1,1,B01
200800033619,0,7,0,0,9,8,15,A01
200800033620,0,7,0,0,1,1,1,A01
200800033621,2,7,0,0,2,1,1,A01
200800033621,0,7,0,0,2,6,10,B01
200800033622,0,7,0,0,9,1,15,A01
200800033622,0,30,0,0,2,1,1,B01
200800033623,0,30,0,12,0,8,0,A01
200800033624,0,33,0,0,2,1,1,A01
200800033624,0,7,0,0,2,5,23,B01
200800033624,0,7,0,0,2,5,23,C01
200800033625,0,2,0,0,2,1,1,B01
200800033625,2,7,0,0,2,7,1,A01
200800033626,0,7,0,0,1,1,1,A01
200800033627,0,1,0,0,2,1,16,A01
200800033627,1,7,0,0,2,1,15,B01
200800033628,0,7,0,0,2,3,1,B01
200800033628,2,7,0,0,2,1,14,A01
200800033629,0,33,0,16,0,0,1,A01
200800033630,0,7,0,0,2,3,19,A01
200800033630,0,33,0,0,2,8,1,B01
200800033631,0,30,0,0,1,1,1,A01
200800033632,0,7,0,0,2,8,1,B01
200800033632,0,2,0,0,2,1,1,A01
200800033633,0,33,0,0,2,7,17,A01
200800033633,0,7,0,0,2,3,15,B01
200800033634,0,1,0,0,2,7,19,A01
200800033634,0,7,0,0,2,2,0,B01
200800033635,0,7,0,0,2,2,1,A01
200800033635,0,1,0,0,2,4,1,B01
200800033636,0,7,0,0,9,2,15,A01
200800033636,0,30,0,0,2,1,1,B01
200800033637,0,7,0,0,2,2,15,A01
200800033637,0,31,0,0,2,1,1,B01
200800033638,0,10,0,0,1,1,15,A01
200800033639,0,33,0,0,2,2,1,A01
200800033639,0,7,0,0,2,6,1,B01
200800033640,0,7,0,1,2,4,23,C01
200800033640,0,7,0,1,2,4,23,B01
200800033640,0,7,0,1,2,1,2,A01
200800033641,0,7,0,1,0,1,0,A01
200800033642,0,7,0,0,2,1,2,A01
200800033642,0,7,0,0,0,3,15,B01
200800033643,0,31,0,0,2,1,5,A01
200800033643,0,7,0,0,2,2,5,B01
200800033644,0,7,0,0,2,7,19,A01
200800033644,0,33,0,0,2,1,1,B01
200800033645,0,7,0,0,0,7,1,A01
200800033646,0,30,0,0,1,1,1,B01
200800033646,0,7,0,0,0,0,3,A01
200800033647,0,33,0,0,2,1,2,A01
200800033647,0,7,0,0,2,3,1,B01
200800033648,0,7,0,0,9,2,2,A01
200800033648,0,1,0,0,2,4,2,B01
200800033649,0,7,0,0,0,4,1,B01
200800033649,0,33,0,1,2,1,17,A01
200800033649,0,17,0,0,0,8,1,C01
200800033650,0,7,0,0,1,3,0,A01
200800033651,0,7,0,0,1,0,1,A01
200800033652,0,7,0,0,0,4,2,C01
200800033652,0,7,0,0,2,7,1,B01
200800033652,0,2,0,0,2,8,1,A01
200800033653,0,2,0,13,0,9,1,A01
200800033653,1,17,0,0,2,2,2,B01
200800033654,0,2,0,0,0,4,2,A01
200800033654,2,7,0,0,2,1,2,B01
200800033654,1,7,0,14,0,1,2,C01
200800033655,0,30,0,0,0,1,14,A01
200800033656,0,30,0,11,0,1,1,A01
200800033657,0,7,0,12,1,2,1,A01
200800033658,0,33,0,0,1,2,0,A01
200800033659,0,31,0,0,2,1,1,A01
200800033659,0,7,0,0,2,4,2,B01
200800033660,0,33,0,1,1,1,1,A01
200800033661,0,30,0,2,0,0,0,A01
200800033662,0,7,0,3,0,0,0,A01
200800033663,0,15,0,0,0,7,0,A01
200800033664,0,7,0,0,1,3,1,A01
200800033665,0,7,0,0,1,3,24,A01
200800033665,0,1,0,1,0,1,0,B01
200800033666,0,33,0,0,0,7,1,A01
200800033667,0,7,0,0,2,1,5,A01
200800033667,0,7,0,0,0,4,1,B01
200800033667,0,13,0,0,2,1,1,C01
200800033667,0,7,0,0,0,1,1,D01
200800033668,0,7,0,0,2,3,13,A01
200800033668,0,15,0,0,2,3,1,B01
200800033668,0,33,0,0,2,1,1,C01
200800033669,0,33,0,14,0,1,1,A01
200800033670,0,2,0,0,2,3,1,B01
200800033670,0,37,0,0,2,3,1,A01
200800033671,0,7,0,0,1,1,1,A01
200800033672,0,7,0,0,1,3,9,A01
200800033673,0,37,0,0,1,1,1,A01
200800033674,0,30,0,15,0,1,1,A01
200800033675,0,7,0,0,1,3,1,A01
200800033676,0,7,0,0,1,2,1,A01
200800033677,0,7,0,0,0,0,2,A01
200800033678,0,7,0,0,0,6,2,A01
200800033678,0,33,0,0,2,1,2,B01
200800033679,0,15,0,0,0,5,1,B01
200800033679,0,1,0,0,2,1,9,A01
200800033680,0,10,0,0,2,7,14,A01
200800033680,0,2,0,0,2,8,3,B01
200800033681,0,7,0,15,2,3,1,A01
200800033681,0,7,0,0,2,2,1,B01
200800033682,0,7,0,0,2,6,15,B01
200800033682,0,7,0,13,0,1,16,A01
200800033683,0,17,0,0,2,1,1,B01
200800033683,0,7,0,0,0,8,9,A01
200800033684,0,33,0,3,0,1,0,A01
200800033685,0,7,0,0,0,2,2,A01
200800033686,0,7,0,14,0,1,1,A01
200800033686,0,7,0,0,2,4,1,B01
200800033687,0,33,0,0,1,1,17,A01
200800033688,0,1,0,0,2,3,13,A01
200800033688,0,7,0,0,2,3,1,B01
200800033689,0,7,0,0,1,2,1,A01
200800033690,0,7,0,0,2,1,2,A01
200800033690,0,33,0,0,0,4,23,B01
200800033691,1,7,0,0,1,0,0,A01
200800033692,0,7,0,0,2,1,9,A01
200800033692,0,10,0,0,2,7,1,B01
200800033693,0,30,0,0,2,1,2,A01
200800033693,0,7,0,0,2,6,2,B01
200800033694,0,7,0,0,2,3,24,A01
200800033694,0,1,0,1,0,0,1,B01
200800033695,0,10,0,0,2,4,4,A01
200800033695,0,1,0,0,0,6,15,B01
200800033696,0,7,0,0,0,3,1,B01
200800033696,0,2,0,0,2,1,9,A01
200800033697,0,1,0,0,0,0,2,B01
200800033697,0,7,0,0,9,2,1,A01
200800033698,0,2,0,0,1,1,1,A01
200800033699,0,7,0,0,2,1,1,A01
200800033699,0,7,0,0,2,1,1,B01
200800033700,0,2,0,0,2,1,1,A01
200800033700,0,1,0,0,2,1,1,B01
200800033701,0,33,0,0,2,2,17,A01
200800033701,0,99,0,0,2,8,13,B01
200800033702,0,7,0,0,2,2,15,A01
200800033702,0,31,0,0,2,1,1,B01
200800033703,0,21,0,0,1,0,1,A01
200800033704,0,7,0,0,2,1,15,B01
200800033704,0,2,0,0,0,7,1,A01
200800033705,0,7,0,0,0,9,1,A01
200800033706,0,2,0,0,2,1,1,A01
200800033706,0,7,0,0,0,4,1,B01
200800033707,0,7,0,0,2,3,15,A01
200800033707,0,7,0,0,0,6,1,B01
200800033708,0,7,0,0,2,3,15,A01
200800033708,0,7,0,0,0,8,1,B01
200800033709,0,7,0,6,1,1,5,A01
200800033710,0,7,0,0,1,2,1,A01
200800033711,0,7,0,0,1,4,1,A01
200800033712,0,33,0,0,2,0,17,A01
200800033712,0,7,0,0,2,3,1,B01
200800033712,0,1,0,0,2,4,1,C01
200800033713,0,10,0,0,2,1,1,A01
200800033713,0,7,0,0,2,4,1,B01
200800033714,0,7,0,0,2,3,1,A01
200800033714,0,7,0,0,2,3,1,B01
200800033715,0,7,0,0,2,1,1,A01
200800033715,0,7,0,0,2,4,1,B01
200800033715,0,7,0,0,2,4,1,C01
200800033715,0,7,0,0,2,1,1,D01
200800033716,0,7,0,0,1,3,1,A01
200800033717,0,7,0,0,2,1,14,A01
200800033717,0,7,0,0,2,1,1,B01
200800033718,0,14,0,0,2,1,1,A01
200800033718,0,7,0,0,2,3,15,B01
200800033719,0,7,0,1,0,1,1,A01
200800033719,0,7,0,1,2,4,0,B01
200800033719,0,7,0,1,2,4,0,C01
200800033720,0,33,0,0,2,1,0,A01
200800033720,0,7,0,0,2,1,0,B01
200800033721,1,7,0,0,2,0,15,A01
200800033721,0,2,0,0,2,8,1,B01
200800033722,0,32,0,0,2,8,9,B01
200800033722,0,7,0,0,9,2,1,A01
200800033723,0,7,0,0,2,3,5,A01
200800033723,0,15,0,0,2,3,1,B01
200800033724,0,2,0,0,2,1,2,A01
200800033724,0,10,0,0,0,4,2,B01
200800033725,0,7,0,0,2,1,1,A01
200800033725,0,10,0,0,2,5,15,B01
200800033726,0,2,0,0,0,0,0,A01
200800033727,0,7,0,7,0,1,2,A01
200800033728,0,10,0,6,0,2,1,A01
200800033729,1,10,0,0,2,1,0,A01
200800033729,0,10,0,0,2,4,23,B01
200800033729,0,7,0,0,0,4,23,C01
200800033730,0,2,0,0,2,1,2,B01
200800033730,1,7,0,0,2,5,2,A01
200800033731,0,7,0,0,1,2,1,A01
200800033732,0,7,0,0,2,1,15,A01
200800033732,0,7,0,0,2,1,1,B01
200800033733,0,7,0,0,2,1,2,A01
200800033733,0,13,0,0,2,4,1,B01
200800033734,0,31,0,0,2,1,1,B01
200800033734,0,99,0,0,2,1,11,A01
200800033735,0,33,0,0,2,1,18,A01
200800033735,0,7,0,0,2,5,1,B01
200800033736,0,7,0,0,1,3,15,A01
200800033737,0,7,0,0,2,5,17,A01
200800033737,0,33,0,0,2,1,1,B01
200800033738,0,33,0,0,0,0,0,A01
200800033739,0,7,0,0,1,2,4,A01
200800033740,0,7,0,0,2,8,15,A01
200800033740,0,33,0,0,2,3,1,B01
200800033741,0,7,0,1,2,1,9,A01
200800033741,0,7,0,0,2,4,9,B01
200800033742,0,7,0,3,2,1,1,B01
200800033742,0,7,0,0,2,6,1,A01
200800033743,0,7,0,0,0,1,2,A01
200800033744,0,10,0,0,2,2,1,A01
200800033744,0,7,0,4,0,6,1,B01
200800033745,0,7,0,0,0,1,16,A01
200800033746,0,17,0,0,2,1,1,A01
200800033746,0,17,0,0,2,4,1,B01
200800033746,0,17,0,0,0,5,1,C01
200800033747,0,7,0,0,2,3,15,A01
200800033747,0,7,0,0,0,1,1,B01
200800033748,0,7,0,0,2,1,13,A01
200800033748,0,33,0,0,2,1,2,B01
200800033749,0,31,0,0,2,1,1,A01
200800033749,0,10,0,0,2,4,2,B01
200800033750,0,7,0,6,0,0,1,A01
200800033751,0,7,0,0,2,3,5,A01
200800033751,0,20,0,0,2,3,1,B01
200800033752,0,30,0,0,1,1,1,A01
200800033753,0,7,0,0,1,1,1,A01
200800033754,0,7,0,0,1,1,1,A01
200800033755,0,7,0,0,1,1,1,A01
200800033756,0,33,0,0,2,1,1,B01
200800033756,0,10,0,0,2,7,15,A01
200800033757,0,1,0,0,2,1,1,A01
200800033757,0,7,0,0,2,4,23,B01
200800033758,0,7,0,0,2,3,15,B01
200800033758,0,2,0,0,2,1,1,A01
200800033759,0,7,0,0,1,1,1,A01
200800033760,0,7,0,0,1,1,1,A01
200800033761,0,7,0,0,2,1,0,A01
200800033761,0,7,0,0,2,2,0,B01
200800033762,0,33,0,0,2,1,1,B01
200800033762,0,7,0,0,2,1,0,A01
200800033763,0,33,0,0,2,8,2,A01
200800033763,0,7,0,0,0,7,23,B01
200800033764,0,7,0,0,1,0,1,A01
200800033765,0,7,0,0,2,8,15,B01
200800033765,0,7,0,0,2,1,1,A01
200800033766,1,7,0,0,0,0,10,A01
200800033766,0,2,0,0,2,8,2,B01
200800033766,0,37,1,0,2,7,2,C01
200800033767,0,14,0,0,2,2,2,A01
200800033767,0,7,0,0,2,6,2,B01
200800033768,0,33,0,0,6,3,1,A01
200800033769,0,7,0,0,2,8,10,A01
200800033769,0,2,0,0,2,7,2,B01
200800033770,0,7,0,0,2,3,9,A01
200800033770,0,31,0,0,2,1,1,B01
200800033771,0,7,0,0,2,3,9,A01
200800033771,0,31,0,0,2,1,1,B01
200800033772,0,7,0,0,2,2,16,A01
200800033772,0,30,0,0,2,1,1,B01
200800033773,0,7,0,0,2,1,9,A01
200800033773,0,7,0,0,2,1,1,B01
200800033773,0,7,0,0,2,1,1,C01
200800033774,0,7,0,0,1,1,1,A01
200800033775,0,7,0,0,2,1,1,A01
200800033775,0,33,0,0,2,1,16,B01
200800033776,0,7,0,0,2,3,23,A01
200800033776,0,30,0,0,2,1,1,B01
200800033777,0,7,0,0,2,8,15,B01
200800033777,0,31,0,0,2,3,17,A01
200800033778,0,7,0,0,1,2,15,A01
200800033779,0,2,0,0,1,1,18,A01
200800033780,0,7,0,0,0,4,15,A01
200800033780,0,21,0,0,2,1,15,B01
200800033781,0,7,0,0,1,1,1,A01
200800033782,0,2,0,0,0,1,1,A01
200800033783,0,7,0,0,2,7,24,B01
200800033783,1,7,0,0,0,2,14,A01
200800033784,0,2,0,0,5,2,1,A01
200800033785,0,7,0,0,2,6,15,A01
200800033785,0,33,0,0,2,1,1,B01
200800033786,0,7,0,16,0,9,1,A01
200800033787,0,2,0,12,0,1,1,A01
200800033788,0,33,0,0,2,1,1,A01
200800033788,0,7,0,0,2,4,1,B01
200800033789,0,31,0,0,2,1,1,A01
200800033789,0,7,0,0,2,2,15,B01
200800033790,0,7,0,0,2,1,1,A01
200800033790,0,2,0,0,2,1,1,B01
200800033791,0,7,0,0,2,3,15,A01
200800033791,0,2,0,0,2,1,1,B01
200800033792,0,7,0,0,2,8,15,B01
200800033792,0,2,0,0,2,1,1,A01
200800033793,0,7,0,0,2,1,1,A01
200800033793,0,7,0,0,2,4,1,B01
200800033794,0,33,0,1,0,1,1,A01
200800033795,0,7,0,0,2,1,1,A01
200800033795,0,7,0,0,2,4,1,B01
200800033796,0,7,0,0,2,7,15,A01
200800033796,0,7,0,0,2,1,1,B01
200800033797,0,7,0,0,1,1,1,A01
200800033798,0,7,0,0,2,1,1,A01
200800033798,0,7,0,0,2,4,1,B01
200800033798,0,7,0,0,2,4,1,C01
200800033799,0,7,0,4,2,8,9,A01
200800033799,0,10,0,0,2,1,1,B01
200800033800,1,7,0,0,2,1,1,A01
200800033800,0,1,0,0,2,7,0,B01
200800033801,0,7,0,8,0,1,1,A01
200800033802,0,2,0,0,1,1,1,A01
200800033802,0,7,0,0,2,4,1,B01
200800033803,0,30,0,0,2,1,17,A01
200800033803,0,7,0,0,2,3,15,B01
200800033804,0,7,0,0,2,3,1,B01
200800033804,0,7,0,0,2,1,1,A01
200800033805,0,7,0,0,1,2,1,A01
200800033806,0,7,0,0,2,3,1,A01
200800033806,0,7,0,0,2,4,1,B01
200800033807,0,7,0,0,2,1,1,B01
200800033807,0,2,0,0,2,8,0,A01
200800033808,0,1,0,0,2,2,19,A01
200800033808,0,7,0,0,2,1,15,B01
200800033809,0,3,0,0,2,1,1,A01
200800033809,0,7,0,0,2,7,15,B01
200800033810,0,7,0,0,2,1,1,A01
200800033810,0,7,0,0,2,4,1,B01
200800033811,0,7,0,0,1,1,1,A01
200800033812,0,7,0,0,2,7,14,A01
200800033812,0,2,0,0,2,1,15,B01
200800033813,0,37,1,0,2,2,1,B01
200800033813,0,2,0,0,2,7,1,A01
200800033814,0,30,0,0,2,1,1,A01
200800033814,0,7,0,0,2,4,1,B01
200800033815,0,1,0,0,2,1,1,A01
200800033815,0,7,0,0,2,4,1,B01
200800033816,0,7,0,0,0,0,1,A01
200800033816,0,2,0,16,0,7,1,B01
200800033817,0,1,0,0,2,1,1,A01
200800033817,0,7,0,0,2,4,1,B01
200800033818,0,7,0,16,0,9,1,A01
200800033819,0,7,0,0,1,3,1,A01
200800033820,1,7,0,0,2,1,1,A01
200800033820,0,31,0,0,2,8,1,B01
200800033821,0,2,0,0,2,1,1,A01
200800033821,0,7,0,0,2,8,15,B01
200800033822,0,7,0,0,2,7,15,A01
200800033822,0,33,0,0,2,1,1,B01
200800033823,0,7,0,0,1,3,1,A01
200800033824,0,10,0,0,2,0,22,A01
200800033824,0,1,0,0,2,2,18,B01
200800033825,0,7,0,0,1,8,1,A01
200800033826,0,7,0,0,2,7,17,A01
200800033826,0,2,0,12,2,8,1,B01
200800033827,0,7,0,0,2,3,1,A01
200800033827,0,7,0,0,2,3,15,B01
200800033827,0,7,0,0,2,1,21,C01
200800033827,0,7,0,0,2,2,21,D01
200800033828,0,10,0,2,0,1,2,A01
200800033829,0,7,0,0,2,1,15,A01
200800033829,0,30,0,0,2,1,1,B01
200800033830,0,35,0,7,0,1,1,A01
200800033831,0,33,0,0,2,1,1,B01
200800033831,0,10,0,0,2,3,9,A01
200800033832,0,7,0,0,2,1,2,A01
200800033832,0,7,0,0,2,4,15,B01
200800033833,0,7,0,0,1,1,1,A01
200800033834,0,7,0,0,2,1,1,B01
200800033834,0,7,0,0,2,1,19,A01
200800033835,0,7,0,0,2,1,0,A01
200800033835,0,7,0,0,2,1,1,B01
200800033836,0,7,0,0,2,3,2,A01
200800033836,0,2,0,0,9,4,2,B01
200800033837,0,7,0,0,2,6,4,A01
200800033837,0,34,0,0,2,8,1,B01
200800033838,0,7,0,0,1,3,0,A01
200800033839,0,7,0,0,1,1,1,A01
200800033840,0,10,0,0,2,7,13,A01
200800033840,0,7,0,0,2,1,1,B01
200800033841,0,7,0,0,2,1,1,B01
200800033841,0,7,0,0,2,1,13,A01
200800033842,0,2,0,0,2,2,17,A01
200800033842,0,7,0,0,2,3,15,B01
200800033843,0,31,0,0,2,1,1,B01
200800033843,0,10,0,0,2,2,1,A01
200800033844,0,32,0,16,0,8,1,A01
200800033845,0,33,0,0,2,1,21,A01
200800033845,0,7,0,0,2,8,15,B01
200800033846,0,7,0,0,2,1,15,A01
200800033846,0,33,0,0,2,1,1,B01
200800033847,0,7,0,0,2,1,2,A01
200800033847,0,7,0,0,2,4,2,B01
200800033847,0,7,0,0,2,4,2,C01
200800033848,0,33,0,0,2,2,0,B01
200800033848,0,7,0,0,0,3,1,A01
200800033849,0,7,0,0,2,8,15,A01
200800033849,0,34,0,0,2,1,1,B01
200800033850,0,7,0,0,2,1,2,A01
200800033850,0,1,0,0,2,4,1,B01
200800033851,0,7,0,0,2,7,15,A01
200800033851,0,33,0,0,2,1,1,B01
200800033852,0,33,0,0,1,1,1,A01
200800033853,0,2,0,0,1,1,1,A01
200800033854,0,7,0,0,1,7,0,A01
200800033855,0,7,0,0,2,8,15,A01
200800033855,0,32,0,0,2,7,17,B01
200800033856,0,7,0,0,2,2,2,D01
200800033856,0,7,0,0,2,8,1,C01
200800033856,0,7,0,0,2,3,1,B01
200800033856,0,7,0,10,2,8,5,A01
200800033857,0,7,0,0,1,0,1,A01
200800033858,0,7,0,0,1,1,1,A01
200800033859,0,7,0,8,0,3,2,A01
200800033859,0,7,0,0,0,4,23,B01
200800033860,0,7,0,0,1,1,1,A01
200800033861,0,30,0,0,2,2,5,A01
200800033861,0,7,0,0,2,1,23,B01
200800033862,0,33,0,0,2,1,19,B01
200800033862,0,7,0,0,0,8,19,A01
200800033863,0,7,0,0,1,2,1,A01
200800033864,0,33,0,0,1,2,1,A01
200800033865,0,7,0,0,1,6,4,A01
200800033866,0,10,0,0,2,3,1,B01
200800033866,0,7,0,0,2,3,13,A01
200800033867,0,7,0,0,1,1,1,A01
200800033868,0,7,0,0,2,1,1,B01
200800033868,0,2,0,0,2,1,5,A01
200800033869,0,7,0,0,2,0,9,A01
200800033869,0,31,0,0,2,8,1,B01
200800033870,1,7,0,0,1,1,0,A01
200800033870,0,1,0,0,2,4,1,B01
200800033871,0,7,0,0,0,4,2,B01
200800033871,0,7,0,0,2,1,2,A01
200800033872,0,7,0,0,0,1,0,A01
200800033872,0,7,0,0,0,0,0,C01
200800033872,0,7,0,0,0,0,0,B01
200800033873,0,7,0,0,0,5,0,B01
200800033873,0,33,0,0,2,6,11,A01
200800033874,0,7,0,0,2,8,15,B01
200800033874,0,34,0,0,2,3,17,A01
200800033875,0,7,0,0,1,1,1,A01
200800033876,0,7,0,0,2,3,10,B01
200800033876,0,33,0,0,2,1,17,A01
200800033877,0,30,0,0,2,1,1,B01
200800033877,0,7,0,0,2,2,15,A01
200800033878,0,7,0,0,1,1,1,A01
200800033879,0,99,0,0,2,4,1,B01
200800033879,0,99,0,0,2,1,1,A01
200800033880,0,30,0,0,2,3,17,A01
200800033880,0,7,0,0,2,8,15,B01
200800033881,0,7,0,0,2,1,1,B01
200800033881,0,7,0,0,2,5,1,A01
200800033882,0,7,0,0,2,3,13,A01
200800033882,0,7,0,0,2,8,2,B01
200800033883,0,7,0,0,2,2,16,A01
200800033883,0,2,0,0,2,8,1,B01
200800033884,0,7,0,0,2,1,1,A01
200800033884,0,7,0,4,0,4,1,B01
200800033885,0,10,0,0,1,4,4,A01
200800033886,0,30,0,0,2,1,13,A01
200800033886,0,7,0,0,2,5,1,B01
200800033887,0,30,0,12,0,1,0,A01
200800033888,0,30,0,0,2,8,1,B01
200800033888,0,7,0,0,2,1,1,A01
200800033889,0,7,0,6,0,1,1,A01
200800033890,0,30,0,0,0,0,0,A01
200800033891,0,7,0,0,2,1,19,A01
200800033891,0,7,0,0,2,7,1,B01
200800033892,0,7,0,1,0,2,17,A01
200800033893,0,7,0,0,0,9,0,A01
200800033894,0,7,0,0,2,1,1,A01
200800033894,0,7,0,0,2,4,1,B01
200800033894,0,7,0,0,2,4,1,C01
200800033895,0,10,0,0,2,5,20,A01
200800033895,0,33,0,0,2,8,1,B01
200800033896,0,30,0,0,2,1,18,A01
200800033896,0,7,0,0,2,7,12,B01
200800033897,0,17,0,0,2,7,1,A01
200800033897,0,1,0,0,2,1,1,B01
200800033898,0,7,0,0,2,2,1,B01
200800033898,0,7,0,0,2,3,1,A01
200800033899,0,7,0,0,2,1,1,A01
200800033899,0,7,0,0,0,4,1,B01
200800033899,0,7,0,0,2,4,1,C01
200800033900,0,7,0,0,2,2,10,A01
200800033900,0,7,0,0,2,2,1,B01
200800033901,0,7,0,0,2,6,15,A01
200800033901,0,7,0,0,2,3,1,B01
200800033902,1,7,0,0,1,0,0,A01
200800033903,0,7,0,0,2,5,15,A01
200800033903,0,33,0,0,2,1,1,B01
200800033904,0,7,0,0,1,5,4,A01
200800033905,0,30,0,0,2,1,0,A01
200800033905,0,7,0,0,2,1,0,B01