Num_Acc,senc,catv,occutc,obs,obsm,choc,manv,num_veh
200800033906,0,10,0,0,2,6,9,B01
200800033906,0,7,0,0,2,1,1,A01
200800033907,0,2,0,0,2,3,15,A01
200800033907,0,7,0,0,2,2,1,B01
200800033908,0,7,0,8,0,0,0,A01
200800033909,0,2,0,0,1,1,1,A01
200800033910,0,33,0,0,2,1,1,A01
200800033910,0,7,0,0,2,3,19,B01
200800033911,0,7,0,0,2,3,19,B01
200800033911,0,7,0,0,2,1,1,A01
200800033912,0,10,0,0,2,2,1,A01
200800033912,0,10,0,0,2,2,1,B01
200800033913,0,7,0,0,2,2,9,A01
200800033913,0,30,0,0,2,1,17,B01
200800033914,0,2,0,0,2,1,5,A01
200800033914,0,7,0,0,2,1,1,B01
200800033915,0,16,0,0,2,1,1,B01
200800033915,0,7,0,0,2,7,9,A01
200800033916,0,7,0,0,2,3,1,A01
200800033916,0,7,0,0,2,3,1,B01
200800033917,0,7,0,0,2,8,1,B01
200800033917,0,7,0,0,2,1,1,A01
200800033918,0,7,0,0,2,1,11,A01
200800033918,0,7,0,0,2,1,1,B01
200800033919,0,30,0,0,2,9,2,A01
200800033919,0,7,0,0,2,3,17,B01
200800033920,0,7,0,0,2,3,1,B01
200800033920,0,7,0,3,2,3,13,A01
200800033921,0,7,0,0,2,1,1,A01
200800033921,0,1,0,0,2,8,19,B01
200800033922,0,7,0,0,2,3,1,A01
200800033922,0,2,0,0,2,1,1,B01
200800033923,0,33,0,0,2,1,17,A01
200800033923,0,7,0,0,0,8,2,B01
200800033924,0,30,0,0,2,1,11,A01
200800033924,0,7,0,0,2,2,2,B01
200800033925,0,1,0,0,2,8,15,A01
200800033925,0,7,0,0,2,1,19,B01
200800033926,0,7,0,0,2,0,9,A01
200800033926,0,1,0,0,2,2,2,B01
200800033927,0,34,0,0,0,0,15,A01
200800033928,0,7,0,14,0,1,1,A01
200800033929,0,7,0,0,2,1,2,A01
200800033929,0,10,0,0,2,4,2,B01
200800033930,0,7,0,0,2,6,10,A01
200800033930,0,33,0,0,2,1,1,B01
200800033931,0,7,0,0,2,3,15,A01
200800033931,0,2,0,0,2,8,18,B01
200800033932,0,2,0,0,2,1,1,A01
200800033932,0,7,0,0,2,4,2,B01
200800033933,0,7,0,0,1,3,1,A01
200800033934,0,7,0,0,1,1,1,A01
200800033935,0,7,0,0,2,1,13,A01
200800033935,0,7,0,0,2,1,23,B01
200800033936,0,2,0,1,0,1,1,A01
200800033937,0,7,0,0,2,2,15,A01
200800033937,0,31,0,0,2,1,1,B01
200800033938,0,2,0,16,0,1,14,A01
200800033939,0,30,0,0,2,3,2,A01
200800033939,0,30,0,0,2,4,2,B01
200800033940,0,31,0,12,0,7,1,A01
200800033941,0,33,0,0,2,1,2,B01
200800033941,0,7,0,0,2,6,15,A01
200800033942,0,7,0,0,2,3,1,B01
200800033942,0,32,0,0,2,1,17,A01
200800033943,0,30,0,0,0,0,1,A01
200800033944,0,7,0,0,2,2,1,B01
200800033944,0,1,0,0,2,1,9,A01
200800033945,0,30,0,0,2,1,2,A01
200800033945,0,7,0,0,2,3,2,B01
200800033946,0,7,0,0,1,3,1,A01
200800033947,0,2,0,0,2,1,16,A01
200800033947,0,7,0,0,2,8,1,B01
200800033948,0,30,0,0,2,8,1,B01
200800033948,0,7,0,0,2,1,1,A01
200800033949,0,30,0,0,2,1,2,A01
200800033949,0,7,0,0,2,1,2,B01
200800033950,0,7,0,12,0,8,2,A01
200800033951,0,7,0,0,2,8,2,A01
200800033951,0,7,0,0,2,8,2,B01
200800033952,0,7,0,0,2,3,1,B01
200800033952,0,7,0,0,2,7,15,A01
200800033953,0,7,0,0,2,2,15,B01
200800033953,0,2,0,0,2,1,9,A01
200800033954,0,7,0,0,2,1,2,A01
200800033954,0,10,0,0,2,4,2,B01
200800033955,0,33,0,0,0,9,1,A01
200800033956,0,7,0,0,2,1,1,B01
200800033956,0,7,0,0,2,1,15,A01
200800033957,0,7,0,0,2,1,2,A01
200800033957,0,7,0,0,2,4,1,B01
200800033958,0,1,0,0,0,0,1,A01
200800033959,0,30,0,0,0,0,1,A01
200800033960,0,7,0,0,2,1,2,A01
200800033960,0,7,0,0,2,4,2,B01
200800033960,0,7,0,0,2,4,2,C01
200800033960,0,7,0,0,2,4,1,D01
200800033961,0,7,0,0,0,0,1,A01
200800033962,0,33,0,0,0,9,1,A01
200800033962,0,7,0,0,0,0,1,B01
200800033963,0,10,0,6,0,1,1,A01
200800033964,0,30,0,0,2,1,2,A01
200800033964,0,1,0,0,2,0,2,B01
200800033965,0,30,0,0,2,1,15,A01
200800033965,0,7,0,0,2,3,2,B01
200800033966,0,7,0,6,0,1,1,A01
200800033967,0,7,0,0,2,1,9,B01
200800033967,0,1,0,0,2,7,1,A01
200800033968,0,10,0,0,2,1,15,A01
200800033968,0,7,0,0,2,1,2,B01
200800033969,0,1,0,0,0,0,0,A01
200800033970,0,30,0,0,2,4,11,A01
200800033970,0,7,0,0,2,3,1,B01
200800033971,0,7,0,0,2,5,2,B01
200800033971,0,7,0,9,2,1,2,A01
200800033972,0,7,0,0,2,1,1,A01
200800033972,0,7,0,0,2,4,1,B01
200800033973,0,2,0,0,2,1,2,B01
200800033973,0,7,0,0,2,1,15,A01
200800033974,0,7,0,0,2,1,1,A01
200800033974,0,7,0,0,2,5,23,B01
200800033975,0,7,0,10,0,8,1,A01
200800033976,0,7,0,0,2,1,13,A01
200800033976,0,30,0,0,2,1,13,B01
200800033977,0,7,0,0,1,0,1,A01
200800033978,0,7,0,0,2,1,2,A01
200800033978,0,7,0,0,2,4,1,B01
200800033979,0,7,0,0,2,7,2,B01
200800033979,0,33,0,0,2,1,2,A01
200800033980,0,7,0,0,2,1,2,A01
200800033980,0,33,0,0,2,1,2,B01
200800033981,0,33,0,0,1,1,2,A01
200800033982,0,7,0,0,2,1,2,A01
200800033982,0,31,0,0,0,4,23,B01
200800033983,0,10,0,0,2,1,2,A01
200800033983,0,7,0,0,2,1,2,B01
200800033984,0,15,0,0,2,5,9,A01
200800033984,0,7,0,0,2,3,2,B01
200800033985,1,7,0,0,2,1,2,A01
200800033985,0,7,0,0,2,4,2,B01
200800033986,0,7,0,0,2,2,2,B01
200800033986,0,7,0,0,2,1,2,A01
200800033987,0,1,0,0,0,0,1,A01
200800033988,0,7,0,0,1,1,2,A01
200800033989,0,2,0,0,2,1,2,A01
200800033989,0,7,0,0,0,5,15,B01
200800033990,0,7,0,0,2,2,2,A01
200800033990,0,7,0,0,2,4,2,B01
200800033991,0,2,0,0,2,1,16,A01
200800033991,0,7,0,0,2,3,1,B01
200800033992,0,33,0,0,2,1,17,A01
200800033992,0,7,0,0,2,3,15,B01
200800033993,0,36,0,0,2,2,17,A01
200800033993,0,7,0,0,2,6,15,B01
200800033994,0,33,0,0,2,1,2,B01
200800033994,1,36,0,0,2,1,21,A01
200800033995,0,7,0,0,1,3,1,A01
200800033996,0,7,0,3,2,3,13,A01
200800033996,0,15,0,0,2,3,0,B01
200800033996,0,7,0,0,2,3,1,C01
200800033996,0,7,0,0,2,2,1,D01
200800033997,0,2,0,0,2,1,1,A01
200800033997,0,7,0,0,2,0,15,B01
200800033998,0,2,0,0,2,1,1,A01
200800033998,0,7,0,0,2,3,1,B01
200800033999,0,37,1,0,2,6,16,A01
200800033999,0,2,0,0,2,3,1,B01
200800034000,0,10,0,0,1,2,1,A01
200800034001,0,7,0,0,2,1,1,A01
200800034001,0,3,0,2,2,4,23,B01
200800034002,0,7,0,0,2,7,20,A01
200800034002,0,32,0,0,2,1,1,B01
200800034003,0,2,0,0,2,1,17,A01
200800034003,0,7,0,0,2,8,15,B01
200800034004,0,1,0,0,2,4,0,B01
200800034005,0,1,0,0,2,0,0,A01
200800034005,0,7,0,0,2,3,1,B01
200800034006,0,7,0,0,2,4,1,B01
200800034006,0,1,0,0,2,1,2,A01
200800034007,1,31,0,0,1,0,1,A01
200800034008,0,7,0,15,0,1,1,A01
200800034009,0,7,0,0,1,1,1,A01
200800034010,0,30,0,0,0,1,2,A01
200800034011,0,7,0,6,0,1,1,A01
200800034012,0,13,0,0,1,4,4,A01
200800034013,0,7,0,0,1,2,0,A01
200800034014,0,2,0,0,0,8,15,A01
200800034014,0,7,0,0,0,3,15,B01
200800034015,0,30,0,0,0,3,5,A01
200800034015,0,7,0,0,2,8,1,B01
200800034016,0,7,0,0,2,1,2,A01
200800034016,0,7,0,0,2,4,2,B01
200800034017,0,7,0,0,0,7,2,A01
200800034017,0,10,0,0,0,1,2,B01
200800034018,0,7,0,0,2,3,1,A01
200800034018,0,7,0,0,2,2,15,B01
200800034019,0,30,0,0,1,1,1,A01
200800034020,0,7,0,0,2,7,2,A01
200800034020,0,7,0,0,2,2,15,B01
200800034021,0,7,0,0,1,2,1,A01
200800034022,0,7,0,0,1,1,1,A01
200800034023,0,7,0,0,2,1,1,A01
200800034023,0,7,0,0,2,7,1,B01
200800034024,0,33,0,0,2,1,1,C01
200800034024,0,32,0,0,2,1,1,B01
200800034024,0,7,0,0,2,1,5,A01
200800034025,0,7,0,0,2,1,1,B01
200800034025,0,13,0,0,0,2,1,A01
200800034026,0,7,0,0,2,1,1,B01
200800034026,0,2,0,0,2,1,1,C01
200800034026,2,2,0,0,0,7,1,A01
200800034027,0,33,0,0,2,1,1,B01
200800034027,0,7,0,0,0,6,11,A01
200800034028,0,7,0,0,1,7,1,A01
200800034029,0,7,0,0,2,1,2,A01
200800034029,0,37,0,0,2,4,1,B01
200800034030,0,33,0,0,9,3,1,A01
200800034030,0,1,0,0,9,8,19,B01
200800034031,0,7,0,0,9,0,1,A01
200800034031,0,32,0,0,0,0,2,B01
200800034032,0,7,0,0,2,3,10,A01
200800034032,0,33,0,0,2,1,17,B01
200800034033,0,7,0,0,1,4,4,A01
200800034034,0,33,0,0,0,0,0,A01
200800034034,0,10,0,0,0,0,0,B01
200800034035,0,30,0,0,0,0,0,A01
200800034035,0,31,0,0,0,0,0,B01
200800034036,0,13,0,0,0,0,0,A01
200800034036,0,2,0,0,0,0,0,B01
200800034037,0,7,0,0,0,0,0,A01
200800034038,0,7,0,0,2,1,2,A01
200800034038,0,7,0,0,2,4,2,B01
200800034039,0,7,0,0,2,1,2,A01
200800034039,0,7,0,0,2,4,2,B01
200800034040,0,7,0,0,1,1,2,A01
200800034041,0,32,0,0,2,1,2,A01
200800034041,0,7,0,0,2,3,2,B01
200800034042,0,7,0,0,2,1,2,A01
200800034042,0,7,0,0,2,4,2,B01
200800034043,0,7,0,0,2,1,2,A01
200800034043,0,7,0,0,2,9,2,B01
200800034043,0,7,0,0,2,4,2,C01
200800034044,0,7,0,0,2,1,9,A01
200800034044,0,2,0,0,2,1,2,B01
200800034045,0,7,0,1,0,1,9,A01
200800034046,0,33,0,0,2,1,2,A01
200800034046,0,7,0,0,2,4,1,B01
200800034047,0,7,0,0,2,0,0,A01
200800034047,0,32,0,0,2,0,0,B01
200800034048,0,7,0,0,2,1,0,A01
200800034048,0,15,0,0,2,4,1,B01
200800034049,0,7,0,0,2,1,1,A01
200800034049,0,7,0,0,2,7,1,B01
200800034050,0,7,0,0,1,1,1,A01
200800034051,0,7,0,0,2,1,1,A01
200800034051,0,7,0,0,2,8,0,B01
200800034052,0,30,0,0,2,1,2,A01
200800034052,0,7,0,0,2,4,2,B01
200800034053,0,1,0,0,0,0,1,A01
200800034054,0,13,0,0,0,0,1,A01
200800034055,0,7,0,0,2,8,1,B01
200800034055,0,33,0,0,2,1,1,A01
200800034056,0,30,0,0,2,1,1,B01
200800034056,0,7,0,0,2,2,15,A01
200800034057,0,1,0,0,2,2,15,B01
200800034057,0,7,0,0,1,1,9,A01
200800034058,0,7,0,0,2,6,1,B01
200800034058,0,37,0,0,2,3,8,C01
200800034058,0,33,0,0,2,1,1,A01
200800034059,0,7,0,0,2,8,1,B01
200800034059,0,31,0,0,2,7,17,A01
200800034060,0,7,0,0,1,3,1,A01
200800034061,0,7,0,0,1,4,4,A01
200800034062,0,7,0,0,2,4,1,B01
200800034062,0,7,0,0,2,1,1,A01
200800034062,0,7,0,0,2,4,1,C01
200800034063,0,33,0,0,2,1,21,A01
200800034063,0,7,0,0,2,6,13,B01
200800034064,0,33,0,0,2,1,1,B01
200800034064,0,7,0,0,2,2,15,A01
200800034065,0,7,0,0,2,5,2,B01
200800034065,0,10,0,0,2,2,7,A01
200800034066,0,7,0,0,1,1,1,A01
200800034067,0,32,0,0,2,1,13,A01
200800034067,0,7,0,0,0,3,0,B01
200800034068,0,7,0,0,9,1,0,A01
200800034068,0,1,0,0,2,1,0,B01
200800034069,0,17,0,0,2,1,1,A01
200800034069,0,7,0,0,2,4,1,B01
200800034069,0,10,0,0,0,4,23,C01
200800034070,0,7,0,0,1,1,1,A01
200800034071,0,7,0,0,1,2,1,A01
200800034071,0,1,0,0,2,2,0,B01
200800034072,0,7,0,0,1,1,1,A01
200800034073,0,2,0,0,2,7,1,B01
200800034073,0,7,0,0,2,1,9,A01
200800034074,0,7,0,0,2,2,15,A01
200800034074,0,2,0,0,2,1,1,B01
200800034075,0,1,0,0,2,1,13,A01
200800034075,0,7,0,0,2,1,1,B01
200800034076,0,2,0,4,0,1,9,A01
200800034077,0,7,0,0,2,8,10,A01
200800034077,0,7,0,0,2,2,1,B01
200800034078,0,31,0,0,2,7,1,B01
200800034078,0,10,0,0,2,2,1,A01
200800034079,0,7,0,0,2,3,1,B01
200800034079,0,7,0,0,2,2,9,A01
200800034080,0,7,0,0,1,8,1,A01
200800034081,0,7,0,9,0,1,1,A01
200800034082,0,7,0,0,2,2,9,A01
200800034082,0,7,0,0,2,3,1,B01
200800034083,0,7,0,0,2,1,15,A01
200800034083,0,1,0,0,2,8,1,B01
200800034084,0,7,0,2,0,1,1,A01
200800034085,0,3,0,0,2,6,1,B01
200800034085,0,7,0,0,2,2,15,A01
200800034086,0,7,0,0,9,3,15,B01
200800034086,0,2,0,0,2,3,1,A01
200800034087,0,7,0,0,2,8,1,B01
200800034087,0,7,0,0,2,2,1,A01
200800034088,0,7,0,0,2,5,1,A01
200800034088,0,30,0,0,2,1,1,B01
200800034089,0,7,0,0,1,1,1,A01
200800034090,0,7,0,0,1,2,2,A01
200800034091,0,7,0,0,2,1,2,A01
200800034091,0,7,0,0,2,4,2,B01
200800034092,0,10,0,0,0,2,0,A01
200800034093,0,7,0,0,1,2,2,A01
200800034094,0,7,0,0,2,9,9,A01
200800034094,0,10,0,0,2,2,15,B01
200800034095,0,7,0,0,1,1,1,A01
200800034096,0,33,0,0,2,1,0,A01
200800034096,0,37,0,0,2,3,15,B01
200800034097,0,32,0,0,2,1,1,A01
200800034097,0,7,0,0,2,5,23,B01
200800034098,0,7,0,0,2,7,15,A01
200800034098,0,33,0,0,2,1,0,B01
200800034099,0,7,0,0,2,1,1,A01
200800034099,0,7,0,0,2,4,23,B01
200800034099,0,7,0,0,2,4,23,C01
200800034100,0,37,0,0,1,5,0,A01
200800034101,0,30,0,0,2,1,1,A01
200800034101,0,7,0,0,2,3,15,B01
200800034102,0,1,0,0,2,7,1,B01
200800034102,0,7,0,0,2,3,1,A01
200800034103,0,1,0,0,0,0,2,B01
200800034103,1,20,0,0,0,0,2,A01
200800034104,0,7,0,0,2,6,15,B01
200800034104,0,33,0,0,0,3,0,A01
200800034105,0,7,0,0,0,1,1,A01
200800034105,0,7,0,0,0,4,1,C01
200800034105,0,7,0,0,0,4,1,B01
200800034106,0,7,0,0,0,7,1,A01
200800034107,0,30,0,0,0,7,1,A01
200800034107,0,7,0,0,0,3,1,B01
200800034108,0,13,0,0,0,7,0,A01
200800034108,0,1,0,0,0,8,0,B01
200800034109,0,7,0,0,0,6,0,B01
200800034109,0,32,0,0,0,1,1,A01
200800034110,1,7,0,0,0,0,1,A01
200800034111,0,31,0,0,0,1,9,A01
200800034112,0,32,0,0,2,1,1,A01
200800034112,0,7,0,0,0,3,15,B01
200800034113,0,7,0,0,2,3,1,B01
200800034113,0,1,0,0,2,1,5,A01
200800034114,0,31,0,0,2,1,2,A01
200800034114,0,17,0,0,2,6,2,B01
200800034115,0,10,0,0,1,2,16,A01
200800034116,0,30,0,0,0,8,1,B01
200800034116,0,13,0,0,0,1,1,A01
200800034117,0,7,0,0,0,1,9,A01
200800034117,0,33,0,0,0,1,13,B01
200800034118,0,7,0,0,0,8,1,A01
200800034119,0,7,0,0,1,1,1,A01
200800034120,0,7,0,0,2,1,16,A01
200800034120,0,1,0,0,2,8,19,B01
200800034121,0,7,0,0,0,1,1,A01
200800034122,0,30,0,0,0,0,0,A01
200800034122,0,13,0,0,0,0,0,B01
200800034123,0,7,0,0,0,1,1,A01
200800034123,0,7,0,0,0,4,1,B01
200800034124,1,7,0,0,1,0,1,A01
200800034125,0,7,0,0,2,8,10,A01
200800034125,0,31,0,0,2,1,1,B01
200800034126,0,7,0,0,2,3,9,A01
200800034126,0,30,0,0,2,2,1,B01
200800034127,0,7,0,0,2,3,1,A01
200800034127,0,7,0,0,2,3,17,B01
200800034128,0,10,0,0,1,4,4,A01
200800034129,0,7,0,8,2,6,15,A01
200800034129,0,7,0,0,2,3,1,B01
200800034130,0,7,0,0,2,7,16,A01
200800034130,0,1,0,0,2,1,1,B01
200800034131,0,99,0,0,0,1,0,A01
200800034132,0,7,0,0,0,1,0,A01
200800034132,0,1,0,0,2,4,0,B01
200800034133,0,32,0,0,2,1,0,A01
200800034133,1,33,0,0,0,0,0,B01
200800034134,0,7,0,0,2,3,10,A01
200800034134,0,33,0,0,2,8,17,B01
200800034135,0,33,0,1,2,2,17,A01
200800034135,0,7,0,0,2,3,20,B01
200800034136,0,30,0,0,2,1,9,A01
200800034136,0,7,0,0,2,3,2,B01
200800034137,0,7,0,0,2,3,2,A01
200800034137,0,7,0,0,2,4,2,B01
200800034138,0,37,1,0,1,1,1,A01
200800034139,0,33,0,1,2,2,13,A01
200800034139,0,32,0,0,2,8,1,B01
200800034140,0,7,0,0,2,1,1,A01
200800034140,0,7,0,0,2,2,1,B01
200800034141,0,10,0,0,2,1,1,A01
200800034141,0,7,0,0,2,4,23,B01
200800034141,0,7,0,0,2,4,23,C01
200800034142,0,33,0,0,2,7,1,A01
200800034142,0,1,0,0,2,8,1,B01
200800034143,0,7,0,0,2,1,1,A01
200800034143,0,1,0,0,2,8,0,B01
200800034144,1,7,0,0,2,7,2,A01
200800034144,0,1,0,0,2,3,2,B01
200800034145,0,10,0,0,2,2,7,A01
200800034145,0,1,0,1,0,0,7,B01
200800034146,2,34,0,1,0,7,2,A01
200800034147,0,7,0,0,2,0,1,A01
200800034147,0,34,0,0,2,8,15,B01
200800034148,0,2,0,1,0,9,7,A01
200800034148,0,7,0,0,2,2,24,B01
200800034149,0,7,0,0,2,8,10,A01
200800034149,0,30,0,0,2,2,2,B01
200800034150,0,1,0,0,2,0,15,A01
200800034150,0,7,0,0,2,5,2,B01
200800034151,0,7,0,0,9,3,15,A01
200800034151,0,2,0,0,2,1,2,B01
200800034152,0,7,0,0,1,4,4,A01
200800034153,0,7,0,0,1,2,1,A01
200800034154,0,31,0,0,1,1,20,A01
200800034155,0,7,0,0,1,2,1,A01
200800034156,0,33,0,0,1,1,1,A01
200800034157,0,7,0,6,0,1,1,A01
200800034158,0,7,0,0,2,3,9,A01
200800034158,1,2,0,0,2,2,1,B01
200800034159,0,7,0,0,1,5,1,A01
200800034160,0,30,0,0,2,8,1,A01
200800034160,0,7,0,0,2,4,23,B01
200800034161,0,7,0,0,2,2,15,A01
200800034161,0,33,0,0,2,1,1,B01
200800034162,0,7,0,0,1,2,1,A01
200800034163,0,30,0,0,2,3,8,A01
200800034163,0,7,0,0,2,1,15,B01
200800034164,0,1,0,0,2,8,1,B01
200800034164,0,7,0,0,2,4,4,A01
200800034165,0,33,0,0,0,0,21,B01
200800034165,0,7,0,0,1,0,1,A01
200800034166,0,7,0,0,2,7,1,B01
200800034166,0,30,0,0,2,1,1,A01
200800034167,0,30,0,0,2,1,1,B01
200800034167,0,7,0,0,2,7,1,A01
200800034168,0,7,0,0,2,8,15,A01
200800034168,0,1,0,0,2,2,1,B01
200800034169,0,1,0,0,2,1,19,A01
200800034169,0,7,0,0,2,1,1,B01
200800034170,0,33,0,0,2,2,1,A01
200800034170,0,7,0,0,2,3,9,B01
200800034171,0,7,0,0,2,8,18,A01
200800034171,0,17,0,0,2,7,16,B01
200800034172,0,7,0,0,2,2,15,A01
200800034172,0,30,0,0,2,1,1,B01
200800034173,0,7,0,0,1,2,1,A01
200800034174,0,7,0,1,0,1,13,A01
200800034175,0,34,0,0,2,2,1,B01
200800034175,0,7,0,0,2,3,15,A01
200800034176,0,7,0,0,2,4,23,B01
200800034176,0,30,0,0,2,1,1,A01
200800034177,0,7,0,0,1,7,0,A01
200800034178,0,7,0,0,1,1,1,A01
200800034179,0,7,0,0,2,2,1,A01
200800034179,0,7,0,0,2,1,1,B01
200800034180,0,7,0,0,2,1,0,B01
200800034180,0,30,0,0,2,7,0,A01
200800034181,0,30,0,0,2,1,1,B01
200800034181,0,7,0,0,2,7,1,A01
200800034182,0,33,0,0,2,2,2,B01
200800034182,0,32,0,0,2,1,15,A01
200800034183,0,10,0,0,1,1,15,A01
200800034184,1,7,0,0,0,0,2,A01
200800034184,0,33,0,0,0,0,2,B01
200800034185,0,31,0,0,2,2,1,B01
200800034185,0,7,0,0,2,6,9,A01
200800034186,0,99,0,0,2,3,0,B01
200800034186,0,7,0,0,2,1,1,A01
200800034187,0,2,0,0,2,1,2,B01
200800034187,0,7,0,0,2,2,2,A01
200800034188,0,7,0,0,2,7,20,A01
200800034188,0,32,0,0,2,1,1,B01
200800034189,0,7,0,0,2,2,1,A01
200800034189,0,30,0,0,2,1,1,B01
200800034190,0,7,0,0,1,1,20,A01
200800034191,0,7,0,0,1,1,1,A01
200800034192,0,7,0,0,1,1,1,A01
200800034193,0,7,0,0,2,2,9,A01
200800034193,0,33,0,0,2,1,1,B01
200800034194,0,7,0,0,2,3,9,A01
200800034194,0,2,0,0,2,1,21,B01
200800034195,0,10,0,0,2,0,5,A01
200800034195,0,33,0,0,0,1,1,B01
200800034196,0,7,0,0,1,1,1,A01
200800034197,0,7,0,0,0,0,1,A01
200800034198,0,30,0,0,2,1,1,A01
200800034198,0,7,0,0,2,6,15,B01
200800034199,0,1,0,0,2,8,1,A01
200800034199,0,7,0,0,2,1,0,B01
200800034200,0,30,0,0,2,1,0,A01
200800034200,0,7,0,0,2,8,0,B01
200800034201,0,7,0,0,2,1,15,A01
200800034201,0,7,0,0,2,1,1,B01
200800034202,1,30,0,0,1,7,17,A01
200800034203,0,3,0,15,0,1,1,A01
200800034204,0,17,0,0,2,7,3,A01
200800034204,0,7,0,0,2,8,1,B01
200800034205,0,33,0,12,0,8,2,A01
200800034206,0,30,0,0,2,1,1,B01
200800034206,0,7,0,0,2,7,1,A01
200800034207,0,99,0,0,2,8,15,A01
200800034207,0,33,0,0,2,5,15,B01
200800034208,0,7,0,0,1,3,1,A01
200800034209,0,33,0,0,0,0,15,A01
200800034210,0,7,0,11,2,3,0,A01
200800034210,0,10,0,0,2,2,0,B01
200800034211,0,7,0,0,1,0,4,A01
200800034212,0,34,0,0,2,7,1,A01
200800034212,0,7,0,0,2,1,1,B01
200800034213,0,7,0,0,2,5,10,A01
200800034213,0,33,0,0,2,9,1,B01
200800034214,0,36,0,0,1,1,1,A01
200800034215,0,7,0,0,1,1,1,A01
200800034216,0,34,0,0,2,1,2,A01
200800034216,0,7,0,0,2,5,2,B01
200800034217,0,32,0,0,2,3,1,B01
200800034217,0,7,0,0,2,1,1,A01
200800034218,0,33,0,0,2,5,13,A01
200800034218,0,32,0,0,2,8,13,B01
200800034219,0,33,0,0,2,1,1,A01
200800034219,0,33,0,0,2,1,1,B01
200800034219,0,14,0,0,2,2,23,C01
200800034220,1,30,0,0,1,1,1,A01
200800034221,1,33,0,0,2,0,12,A01
200800034221,0,32,0,0,2,7,1,B01
200800034221,0,7,0,0,2,4,23,C01
200800034222,0,7,0,0,1,2,1,A01
200800034223,0,7,0,6,0,3,1,A01
200800034224,0,7,0,0,2,2,2,A01
200800034224,0,33,0,0,2,4,2,B01
200800034225,0,2,0,0,1,1,1,A01
200800034226,0,31,0,12,0,1,1,A01
200800034227,0,33,0,0,1,1,1,A01
200800034228,0,7,0,0,2,7,15,A01
200800034228,0,33,0,0,2,8,15,B01
200800034229,0,7,0,0,2,0,2,A01
200800034229,0,30,0,0,2,0,1,B01
200800034230,0,7,0,2,2,5,1,B01
200800034230,1,7,0,0,2,1,1,A01
200800034231,0,2,0,0,2,1,5,A01
200800034231,0,7,0,0,2,3,10,B01
200800034232,0,10,0,0,1,3,1,A01
200800034233,0,7,0,0,2,1,15,B01
200800034233,0,33,0,0,2,1,14,A01
200800034234,0,7,0,0,2,6,23,A01
200800034234,0,30,0,0,2,2,13,B01
200800034235,0,33,0,0,2,2,1,A01
200800034235,0,7,0,0,2,2,2,B01
200800034236,0,7,0,0,2,5,10,A01
200800034236,0,33,0,0,2,1,1,B01
200800034237,0,7,0,0,2,1,5,A01
200800034237,0,33,0,0,2,1,15,B01
200800034238,0,7,0,0,2,8,23,A01
200800034238,0,33,0,0,2,1,17,B01
200800034239,0,7,0,0,1,1,1,A01
200800034240,0,7,0,0,2,1,2,A01
200800034240,0,7,0,0,2,4,2,B01
200800034240,0,7,0,0,2,1,2,C01
200800034240,0,7,0,0,2,4,2,D01
200800034241,0,7,0,0,2,7,15,A01
200800034241,0,33,0,0,2,8,1,B01
200800034242,0,30,0,1,0,1,1,A01
200800034243,0,2,0,0,0,8,1,A01
200800034244,0,7,0,0,2,3,9,B01
200800034244,0,33,0,0,2,1,17,A01
200800034245,0,7,0,0,2,1,2,A01
200800034245,0,7,0,0,2,4,2,B01
200800034245,0,7,0,0,2,4,2,C01
200800034246,0,7,0,0,2,3,13,A01
200800034246,0,14,0,0,2,3,1,B01
200800034247,0,10,0,0,2,2,1,A01
200800034247,0,1,0,0,2,4,1,B01
200800034248,0,7,0,0,2,6,15,A01
200800034248,0,33,0,0,2,1,17,B01
200800034249,0,7,0,0,2,1,1,B01
200800034249,0,7,0,8,2,7,19,A01
200800034250,0,7,0,0,2,7,6,A01
200800034250,0,7,0,0,2,1,1,B01
200800034251,0,34,0,0,0,8,2,A01
200800034252,0,30,0,0,0,7,2,A01
200800034253,0,33,0,0,2,0,2,A01
200800034253,0,7,0,0,0,0,0,B01
200800034253,0,7,0,0,0,0,0,C01
200800034254,0,33,0,1,0,8,2,A01
200800034255,0,7,0,0,2,1,2,A01
200800034255,0,33,0,0,2,4,2,B01
200800034256,0,7,0,0,2,1,2,A01
200800034256,0,7,0,0,2,4,2,B01
200800034257,0,7,0,0,2,1,2,A01
200800034257,0,2,0,0,2,4,2,B01
200800034258,0,1,0,0,2,7,1,A01
200800034258,0,7,0,0,9,8,13,B01
200800034259,0,33,0,0,2,0,1,B01
200800034259,0,1,0,0,2,0,19,A01
200800034260,0,7,0,0,2,2,15,A01
200800034260,0,2,0,0,2,1,1,B01
200800034261,0,7,0,0,2,1,2,A01
200800034261,0,7,0,0,2,1,2,B01
200800034261,0,7,0,0,0,4,1,C01
200800034262,0,7,0,0,1,4,4,A01
200800034263,0,10,0,0,2,8,1,B01
200800034263,0,31,0,0,2,1,1,A01
200800034264,0,7,0,0,1,2,1,A01
200800034265,0,7,0,0,2,3,10,A01
200800034265,0,7,0,13,2,2,6,B01
200800034265,0,7,0,0,2,3,0,C01
200800034266,0,15,0,0,2,2,2,A01
200800034266,0,7,0,0,2,3,9,B01
200800034267,0,33,0,11,0,2,1,A01
200800034268,0,32,0,0,2,1,17,A01
200800034268,0,7,0,0,9,7,2,B01
200800034268,0,7,0,0,2,6,1,C01