Num_Acc,senc,catv,occutc,obs,obsm,choc,manv,num_veh
200800034269,0,30,0,0,0,0,0,A01
200800034269,0,7,0,0,2,0,0,B01
200800034270,0,7,0,0,1,1,1,A01
200800034271,0,7,0,0,2,6,1,B01
200800034271,0,7,0,0,2,1,2,A01
200800034271,0,7,0,0,2,4,1,C01
200800034272,0,36,0,0,2,2,14,A01
200800034272,0,10,0,0,2,3,1,B01
200800034273,0,7,0,0,1,1,15,A01
200800034274,0,13,0,0,2,1,2,A01
200800034274,0,7,0,0,2,1,2,B01
200800034274,0,7,0,0,0,4,2,C01
200800034275,0,7,0,0,2,8,1,B01
200800034275,0,34,0,0,2,1,0,A01
200800034276,0,7,0,0,2,1,0,C01
200800034276,0,7,0,0,2,1,0,B01
200800034276,0,34,0,0,0,4,23,A01
200800034277,0,7,0,0,2,4,1,B01
200800034277,0,31,0,0,2,1,3,A01
200800034278,0,7,0,0,1,2,2,A01
200800034279,1,1,0,0,1,1,18,A01
200800034280,0,7,0,0,2,8,0,B01
200800034280,0,31,0,0,2,1,1,A01
200800034281,0,7,0,0,0,1,21,B01
200800034281,0,7,0,1,0,9,15,A01
200800034282,0,7,0,0,2,1,1,B01
200800034282,0,7,0,0,2,3,15,A01
200800034283,0,10,0,1,1,3,1,A01
200800034284,0,13,0,0,2,3,17,B01
200800034284,0,2,0,0,2,1,17,A01
200800034285,0,7,0,0,2,1,1,B01
200800034285,0,7,0,0,2,5,10,A01
200800034286,0,7,0,0,1,3,16,A01
200800034287,0,7,0,9,0,1,1,A01
200800034288,0,1,0,0,0,0,0,B01
200800034288,1,7,0,0,0,0,0,A01
200800034289,0,2,0,0,2,0,2,A01
200800034289,0,7,0,0,0,0,1,B01
200800034290,1,30,0,0,0,0,0,A01
200800034291,0,37,62,0,1,5,2,A01
200800034292,0,33,0,14,0,1,1,A01
200800034293,0,7,0,0,1,2,2,A01
200800034294,0,7,0,0,2,8,10,A01
200800034294,0,34,0,0,2,1,1,B01
200800034295,0,14,0,0,2,1,1,A01
200800034295,0,7,0,0,0,4,1,B01
200800034296,0,7,0,0,2,1,2,A01
200800034296,0,7,0,0,2,1,2,B01
200800034296,0,7,0,0,0,4,0,C01
200800034297,0,7,0,0,0,2,2,A01
200800034297,0,10,0,0,0,6,24,B01
200800034298,2,7,0,0,1,1,1,A01
200800034299,0,7,0,0,0,2,1,A01
200800034300,0,7,0,0,2,3,15,C01
200800034300,0,30,0,0,2,1,17,A01
200800034300,0,7,0,0,2,3,23,B01
200800034301,0,7,0,0,2,3,2,B01
200800034301,0,7,0,0,2,2,2,A01
200800034302,0,7,0,0,0,2,1,A01
200800034303,0,33,0,0,2,7,2,A01
200800034303,0,7,0,0,2,7,2,B01
200800034303,0,7,0,0,2,8,2,C01
200800034304,0,7,0,0,1,1,1,A01
200800034305,2,7,0,1,2,4,21,A01
200800034305,0,7,0,0,2,7,23,B01
200800034305,0,7,0,0,2,8,23,C01
200800034306,0,7,0,0,2,1,11,A01
200800034306,0,33,0,0,2,3,1,B01
200800034307,1,7,0,0,1,0,0,A01
200800034308,0,10,0,0,2,1,2,A01
200800034308,0,10,0,0,2,4,2,B01
200800034309,0,7,0,14,2,3,1,A01
200800034309,0,40,0,0,2,2,1,B01
200800034310,0,31,0,0,0,0,2,A01
200800034311,1,30,0,0,2,3,9,A01
200800034311,0,31,0,0,2,2,1,B01
200800034312,0,7,0,12,2,4,3,A01
200800034312,0,7,0,0,2,2,1,B01
200800034312,0,7,0,0,2,3,23,C01
200800034313,0,7,0,0,0,5,0,B01
200800034313,0,30,0,0,0,1,0,A01
200800034314,0,15,0,0,2,2,2,A01
200800034314,0,7,0,0,2,8,2,B01
200800034315,0,7,0,0,1,5,1,A01
200800034316,0,7,0,0,2,7,15,A01
200800034316,0,15,0,0,2,1,2,B01
200800034317,0,2,0,0,2,1,17,A01
200800034317,0,37,0,0,2,3,1,B01
200800034318,0,7,0,0,1,3,1,A01
200800034319,1,7,0,0,1,1,0,A01
200800034320,1,7,0,0,2,1,0,A01
200800034320,0,7,0,0,0,6,2,B01
200800034321,0,7,0,0,0,3,9,A01
200800034321,0,33,0,0,2,1,1,B01
200800034322,0,32,0,0,2,1,0,A01
200800034322,0,7,0,0,0,1,0,B01
200800034323,1,7,0,0,1,3,15,A01
200800034324,0,7,0,0,2,1,0,A01
200800034324,0,7,0,0,2,7,15,B01
200800034325,0,10,0,0,1,2,21,A01
200800034326,0,2,0,0,2,2,16,A01
200800034326,0,7,0,0,2,3,16,B01
200800034327,0,30,0,0,0,0,0,A01
200800034327,0,7,0,0,0,1,0,B01
200800034328,0,7,0,0,1,1,0,A01
200800034329,0,7,0,0,9,1,7,A01
200800034330,0,7,0,0,0,0,0,A01
200800034330,0,7,0,0,0,0,0,B01
200800034331,0,7,0,0,0,2,1,A01
200800034331,0,7,0,0,2,1,1,B01
200800034332,0,7,0,0,1,1,0,A01
200800034333,0,30,0,0,0,0,5,A01
200800034333,0,7,0,0,0,0,0,B01
200800034334,1,7,0,0,1,0,0,A01
200800034335,0,37,40,0,1,1,1,A01
200800034336,0,33,0,9,2,3,0,A01
200800034336,1,7,0,0,2,0,0,B01
200800034337,0,7,0,0,2,1,0,A01
200800034337,0,7,0,0,2,4,0,B01
200800034337,1,7,0,0,0,0,10,C01
200800034338,0,7,0,0,1,1,1,A01
200800034339,0,7,0,0,2,1,1,A01
200800034339,0,30,0,0,2,2,1,B01
200800034340,0,33,0,0,2,1,15,B01
200800034340,0,7,0,0,2,1,1,A01
200800034341,0,7,0,0,2,1,1,A01
200800034341,0,32,0,0,2,4,1,B01
200800034342,0,7,0,0,2,2,1,A01
200800034342,0,7,0,0,2,3,16,B01
200800034343,0,7,0,0,1,1,18,A01
200800034344,0,7,0,0,1,1,1,A01
200800034345,0,7,0,0,1,1,1,A01
200800034346,0,7,0,0,2,3,1,C01
200800034346,0,7,0,0,2,3,1,B01
200800034346,0,7,0,0,2,3,6,A01
200800034347,0,7,0,0,1,1,2,A01
200800034348,0,7,0,0,0,8,0,B01
200800034348,0,33,0,0,0,2,1,A01
200800034349,0,7,0,0,2,6,1,C01
200800034349,0,33,0,0,2,9,1,B01
200800034349,0,7,0,0,2,3,21,A01
200800034350,0,7,0,0,1,2,1,A01
200800034351,0,7,0,0,1,1,19,A01
200800034352,0,7,0,0,2,1,5,B01
200800034352,0,7,0,0,0,4,5,A01
200800034353,0,7,0,0,0,2,2,B01
200800034353,0,2,0,0,2,1,12,A01
200800034354,0,7,0,0,0,4,0,B01
200800034354,0,7,0,0,0,1,2,A01
200800034355,0,7,0,0,1,1,0,A01
200800034356,0,7,0,0,2,8,16,B01
200800034356,0,7,0,0,2,1,2,A01
200800034357,0,33,0,0,2,1,2,A01
200800034357,0,7,0,1,2,8,15,B01
200800034358,0,10,0,0,1,4,4,A01
200800034359,0,7,0,0,2,1,15,A01
200800034359,0,7,0,0,2,3,1,B01
200800034360,0,2,0,0,2,1,5,A01
200800034360,0,7,0,12,2,2,5,B01
200800034361,0,7,0,0,2,2,15,A01
200800034361,0,33,0,0,2,1,1,B01
200800034362,0,7,0,0,2,1,15,A01
200800034362,0,7,0,0,2,3,1,B01
200800034363,0,33,0,0,2,9,0,A01
200800034363,0,7,0,0,2,0,0,B01
200800034364,0,7,0,0,2,3,11,A01
200800034364,0,33,0,0,2,1,2,B01
200800034365,0,7,0,1,2,3,16,B01
200800034365,0,7,0,0,2,1,1,A01
200800034366,0,7,0,1,1,1,1,A01
200800034367,0,30,0,0,2,1,2,A01
200800034367,0,7,0,0,0,4,1,B01
200800034368,0,7,0,0,1,1,1,A01
200800034369,0,7,0,0,1,2,0,A01
200800034370,0,10,0,1,1,3,1,A01
200800034371,0,30,0,0,0,0,9,A01
200800034372,0,7,0,0,0,2,11,A01
200800034372,0,34,0,0,0,0,0,B01
200800034373,0,7,0,0,2,3,1,A01
200800034373,0,31,0,0,2,1,1,B01
200800034374,1,2,0,0,1,3,1,A01
200800034375,0,7,0,0,2,2,11,A01
200800034375,0,30,0,0,2,1,0,B01
200800034376,0,7,0,0,1,4,4,A01
200800034377,0,31,0,0,0,0,0,A01
200800034378,0,2,0,0,0,0,0,A01
200800034378,0,34,0,0,0,8,2,B01
200800034379,0,7,0,0,1,2,9,A01
200800034380,0,2,0,0,0,0,0,A01
200800034381,0,33,0,0,2,2,21,B01
200800034381,0,7,0,0,2,5,11,A01
200800034382,0,33,0,0,2,1,2,B01
200800034382,0,7,0,0,2,4,2,A01
200800034383,0,3,0,14,0,3,1,A01
200800034384,1,7,0,0,2,8,18,A01
200800034384,0,7,0,0,2,5,14,B01
200800034385,0,7,0,0,1,7,2,A01
200800034386,0,7,0,0,2,1,15,A01
200800034386,0,31,0,0,0,2,1,B01
200800034387,0,33,0,0,2,9,2,A01
200800034388,0,30,0,0,2,7,17,B01
200800034388,0,7,0,0,2,8,15,A01
200800034389,0,1,0,0,2,3,5,A01
200800034389,0,7,0,0,2,1,1,B01
200800034390,0,7,0,1,0,1,1,B01
200800034390,0,7,0,0,1,1,23,A01
200800034391,0,7,0,0,2,5,1,B01
200800034391,0,7,0,0,2,1,1,A01
200800034392,1,7,0,0,1,0,0,A01
200800034393,0,7,0,0,2,2,19,B01
200800034393,0,31,0,0,2,8,7,A01
200800034394,0,7,0,9,0,1,1,A01
200800034395,0,7,0,0,2,1,12,C01
200800034395,0,7,0,0,0,4,1,B01
200800034395,0,10,0,2,2,2,11,A01
200800034396,0,2,0,0,0,2,1,A01
200800034397,0,32,0,0,2,1,1,A01
200800034397,0,7,0,0,2,3,11,B01
200800034398,0,10,0,0,0,1,2,A01
200800034398,0,7,0,0,1,4,2,B01
200800034399,0,7,0,0,0,4,2,A01
200800034399,0,7,0,0,2,4,2,B01
200800034399,1,7,0,0,2,1,2,C01
200800034400,0,33,0,0,2,1,2,A01
200800034400,0,7,0,0,0,3,15,B01
200800034401,0,7,0,0,2,3,15,A01
200800034401,0,2,0,0,2,1,1,B01
200800034402,0,7,0,0,1,2,1,A01
200800034403,0,7,0,0,2,3,9,B01
200800034403,0,99,0,0,2,0,0,A01
200800034404,1,30,0,0,1,0,0,A01
200800034405,0,32,0,0,1,1,1,A01
200800034406,0,30,0,0,0,6,16,A01
200800034406,0,7,0,0,2,1,1,B01
200800034407,0,7,0,0,2,1,2,A01
200800034407,0,37,0,0,2,4,2,B01
200800034408,0,7,0,0,1,1,1,A01
200800034409,0,30,0,0,2,1,3,A01
200800034409,0,7,0,0,0,6,2,B01
200800034410,0,7,0,0,0,0,11,B01
200800034410,0,30,0,0,2,2,11,A01
200800034411,0,7,0,0,1,3,1,A01
200800034412,0,2,0,0,2,1,1,A01
200800034412,0,7,0,0,2,2,15,B01
200800034413,0,7,0,0,0,1,2,A01
200800034413,0,7,0,0,0,4,2,B01
200800034414,0,2,0,0,2,8,2,A01
200800034414,0,7,0,0,0,5,2,B01
200800034415,0,31,0,0,2,1,5,A01
200800034415,0,7,0,0,0,3,0,B01
200800034415,0,31,0,0,2,1,0,C01
200800034415,0,37,0,0,0,0,2,D01
200800034416,0,32,0,0,9,2,1,B01
200800034416,0,1,0,0,0,3,13,A01
200800034417,0,7,0,0,2,1,15,A01
200800034417,0,30,0,0,2,1,1,B01
200800034418,0,1,0,0,2,0,19,B01
200800034418,0,7,0,0,1,1,0,A01
200800034419,0,7,0,2,0,2,1,A01
200800034420,0,7,0,0,2,7,15,A01
200800034420,0,32,0,0,2,1,1,B01
200800034421,0,1,0,0,2,1,8,A01
200800034421,0,7,0,0,2,7,15,B01
200800034422,0,7,0,0,1,1,1,A01
200800034423,0,7,0,0,1,4,4,A01
200800034424,0,33,0,0,2,8,10,A01
200800034424,0,7,0,0,2,2,1,B01
200800034425,0,7,0,0,0,5,1,A01
200800034425,0,2,0,0,0,1,1,B01
200800034426,0,1,0,0,0,0,0,A01
200800034426,0,1,0,0,0,0,0,B01
200800034427,0,7,0,0,9,0,1,A01
200800034427,0,1,0,0,2,4,9,B01
200800034428,0,14,0,0,0,3,1,A01
200800034428,2,14,0,0,0,3,13,B01
200800034429,0,32,0,0,2,4,2,A01
200800034429,0,7,0,0,2,1,2,F01
200800034429,0,7,0,0,2,4,2,B01
200800034429,0,7,0,0,2,1,2,G01
200800034429,0,7,0,0,2,4,2,C01
200800034429,0,7,0,0,2,1,2,D01
200800034429,0,7,0,0,2,1,2,E01
200800034430,1,31,0,0,1,1,5,A01
200800034431,0,7,0,0,0,2,16,A01
200800034431,0,1,0,0,0,3,0,B01
200800034432,0,33,0,0,0,9,0,A01
200800034433,0,34,0,0,2,7,1,A01
200800034433,0,7,0,0,2,8,19,B01
200800034434,0,7,0,0,1,1,0,A01
200800034435,0,1,0,0,2,1,1,A01
200800034435,0,7,0,0,9,6,1,B01
200800034436,0,7,0,0,1,2,1,A01
200800034437,0,7,0,0,2,1,15,A01
200800034437,0,1,0,0,2,8,1,B01
200800034438,0,7,0,0,1,3,1,A01
200800034439,0,7,0,0,2,2,0,A01
200800034439,0,2,0,0,2,7,0,B01
200800034440,1,99,0,0,1,7,1,A01
200800034441,0,7,0,0,2,2,0,A01
200800034441,0,1,0,0,2,1,5,B01
200800034442,0,1,0,0,0,0,2,A01
200800034442,0,7,0,0,0,0,2,B01
200800034443,0,7,0,0,1,6,0,A01
200800034443,0,30,0,0,2,1,2,B01
200800034444,0,7,0,0,2,8,10,A01
200800034444,0,7,0,0,2,7,13,B01
200800034445,0,7,0,0,1,2,1,A01
200800034446,0,7,0,0,2,2,15,A01
200800034446,0,2,0,0,2,1,1,B01
200800034447,0,33,0,0,0,0,0,A01
200800034448,0,1,0,0,0,1,0,A01
200800034448,0,7,0,0,0,3,0,B01
200800034449,0,7,0,15,0,2,1,A01
200800034450,0,2,0,0,2,1,1,A01
200800034450,0,7,0,0,2,4,23,B01
200800034451,0,7,0,0,2,1,1,A01
200800034451,0,34,0,0,2,7,1,B01
200800034452,0,30,0,0,1,0,1,A01
200800034453,0,7,0,0,2,6,1,B01
200800034453,0,30,0,0,2,1,1,A01
200800034454,0,7,0,0,2,1,1,A01
200800034454,0,7,0,0,2,4,23,B01
200800034454,0,7,0,0,2,4,23,C01
200800034455,0,10,0,0,1,4,4,A01
200800034456,0,7,0,0,2,1,1,B01
200800034456,0,7,0,0,2,8,1,A01
200800034457,0,7,0,0,1,7,17,A01
200800034458,0,33,0,0,2,1,1,B01
200800034458,0,7,0,0,2,8,10,A01
200800034459,0,31,0,10,0,1,1,A01
200800034460,0,7,0,0,2,3,1,B01
200800034460,0,32,0,0,2,2,0,A01
200800034461,0,7,0,0,0,7,2,A01
200800034461,0,7,0,0,0,1,2,B01
200800034462,0,37,6,0,2,0,0,A01
200800034463,0,7,0,0,1,1,0,A01
200800034464,1,32,0,0,1,0,0,A01
200800034465,0,7,0,0,2,1,1,A01
200800034465,0,7,0,0,2,5,1,B01
200800034466,0,34,0,0,1,5,1,A01
200800034467,0,7,0,0,1,1,0,A01
200800034468,0,1,0,0,2,1,19,B01
200800034468,0,7,0,0,9,2,2,A01
200800034469,0,7,0,0,2,2,1,A01
200800034469,0,7,0,0,2,1,1,B01
200800034470,0,7,0,0,0,4,0,B01
200800034470,0,7,0,0,2,1,0,A01
200800034471,0,31,0,0,0,0,0,A01
200800034471,0,7,0,0,0,0,0,B01
200800034472,0,7,0,0,2,1,2,A01
200800034472,0,33,0,0,2,4,2,B01
200800034473,0,30,0,0,2,7,2,B01
200800034473,0,7,0,0,2,8,2,A01
200800034474,0,7,0,0,2,1,0,A01
200800034474,0,7,0,0,2,7,0,B01
200800034475,0,34,0,0,2,6,11,A01
200800034475,0,7,0,0,2,2,0,B01
200800034476,0,32,0,12,0,8,0,A01
200800034477,0,32,0,0,0,8,18,A01
200800034477,0,7,0,0,0,3,2,B01
200800034478,0,7,0,0,2,1,2,A01
200800034478,0,34,0,0,0,4,23,B01
200800034479,0,7,0,0,1,2,1,A01
200800034480,0,7,0,14,1,8,1,A01
200800034481,0,33,0,0,2,1,2,A01
200800034481,1,7,0,0,0,0,2,B01
200800034482,0,7,0,0,0,4,2,A01
200800034482,0,7,0,1,2,4,2,B01
200800034482,0,7,0,0,0,0,2,C01
200800034483,0,7,0,0,1,2,1,A01
200800034484,0,7,0,0,2,3,5,A01
200800034484,0,34,0,0,2,1,1,B01
200800034485,0,32,0,0,9,1,9,A01
200800034485,0,1,0,0,2,2,1,B01
200800034486,0,2,0,0,2,1,17,A01
200800034486,0,7,0,0,0,8,15,B01
200800034487,0,99,0,0,2,1,0,A01
200800034487,0,7,0,0,0,1,2,B01
200800034488,0,7,0,0,0,4,23,B01
200800034488,0,1,0,0,2,1,1,A01
200800034489,0,7,0,15,0,1,1,A01
200800034490,0,33,0,0,1,1,1,A01
200800034491,0,7,0,0,2,1,1,B01
200800034491,0,7,0,0,2,1,1,C01
200800034491,0,7,0,0,2,2,9,A01
200800034492,0,7,0,8,0,3,9,A01
200800034493,1,7,0,0,1,0,0,A01
200800034494,0,30,0,0,1,1,17,A01
200800034495,0,33,0,0,2,1,3,A01
200800034495,0,7,0,0,0,6,23,B01
200800034495,0,7,0,0,0,5,23,C01
200800034496,0,7,0,0,1,2,1,A01
200800034497,0,13,0,0,2,3,0,A01
200800034497,0,1,0,0,2,1,0,B01
200800034498,0,37,0,0,1,0,0,A01
200800034499,0,10,0,0,0,5,15,A01
200800034499,0,10,0,0,2,1,0,B01
200800034500,0,33,0,14,0,7,3,A01
200800034500,0,14,0,0,0,7,2,B01
200800034500,0,13,0,0,0,4,0,C01
200800034501,0,7,0,0,2,2,12,A01
200800034501,0,1,0,0,2,1,2,B01
200800034502,0,7,0,0,1,2,0,A01
200800034503,0,7,0,0,2,3,1,A01
200800034503,0,7,0,0,2,1,0,B01
200800034504,0,7,0,0,2,8,1,B01
200800034504,0,30,0,0,2,8,1,A01
200800034505,0,34,0,0,2,7,1,B01
200800034505,0,7,0,0,2,8,16,A01
200800034506,0,7,0,0,2,6,1,B01
200800034506,2,3,0,0,2,1,2,A01
200800034507,0,7,0,0,2,2,0,B01
200800034507,0,7,0,0,2,7,0,A01
200800034508,0,34,0,0,2,7,1,A01
200800034508,0,37,150,0,2,3,1,B01
200800034509,0,7,0,0,1,2,0,A01
200800034510,0,7,0,0,2,8,2,B01
200800034510,0,15,0,0,2,2,12,A01
200800034511,0,7,0,2,0,5,0,A01
200800034512,0,7,0,0,2,2,19,A01
200800034512,0,7,0,0,2,2,19,B01
200800034513,0,33,0,0,2,1,21,A01
200800034514,0,10,0,0,1,1,1,A01
200800034515,0,7,0,0,2,4,2,C01
200800034515,0,7,0,0,2,5,2,B01
200800034515,0,10,0,0,2,3,2,A01
200800034516,0,7,0,0,0,0,0,B01
200800034516,0,30,0,0,0,0,0,A01
200800034517,0,33,0,0,2,7,0,B01
200800034517,0,33,0,0,2,3,13,A01
200800034518,0,2,0,0,2,2,17,B01
200800034518,0,7,0,0,2,3,15,A01
200800034519,0,7,0,0,2,4,2,B01
200800034519,0,14,0,0,2,2,2,A01
200800034520,0,7,0,0,2,7,2,A01
200800034520,0,7,0,0,2,3,2,B01
200800034521,0,7,0,0,2,3,16,B01
200800034521,0,7,0,0,2,2,2,A01
200800034522,0,7,0,1,0,1,2,A01
200800034522,0,7,0,0,2,4,23,B01
200800034522,0,7,0,0,0,0,10,C01
200800034523,0,7,0,1,0,2,1,A01
200800034524,0,7,0,0,2,3,0,A01
200800034524,0,30,0,1,0,1,0,B01
200800034525,0,30,0,0,2,1,13,A01
200800034525,0,7,0,0,2,1,15,B01
200800034526,0,7,0,0,1,3,1,A01
200800034527,0,30,0,0,1,1,1,A01
200800034528,0,30,0,0,2,1,1,A01
200800034528,0,2,0,0,2,1,1,B01
200800034529,0,2,0,14,2,1,1,A01
200800034529,0,7,0,0,2,3,15,B01
200800034530,0,7,0,0,2,3,23,B01
200800034530,0,33,0,0,2,1,15,A01
200800034531,0,32,0,1,1,1,1,A01
200800034532,0,33,0,2,2,0,1,A01
200800034533,1,7,0,0,2,8,0,A01
200800034533,0,2,0,0,2,8,17,B01
200800034534,0,7,0,0,2,7,1,A01
200800034534,0,32,0,0,2,1,1,B01
200800034535,0,7,0,0,1,4,4,A01
200800034536,0,13,0,0,2,1,0,A01
200800034536,0,7,0,0,2,4,23,B01
200800034537,0,7,0,0,2,5,16,A01
200800034537,0,2,0,0,2,1,1,B01
200800034538,0,7,0,0,1,1,1,A01
200800034539,0,7,0,0,2,0,16,A01
200800034539,0,7,0,0,2,4,16,B01
200800034540,0,2,0,0,2,1,0,B01
200800034540,0,7,0,0,2,5,0,A01
200800034541,1,2,0,0,1,0,0,A01
200800034542,0,7,0,0,2,1,1,A01
200800034542,0,7,0,0,2,4,1,B01
200800034543,0,7,0,0,2,3,15,A01
200800034543,0,2,0,0,2,2,1,B01
200800034544,0,7,0,0,1,1,16,A01
200800034545,0,7,0,0,2,3,15,A01
200800034545,0,31,0,0,2,3,1,B01
200800034546,0,10,0,0,1,1,9,A01
200800034547,0,7,0,0,1,2,1,A01
200800034548,0,7,0,0,2,3,10,A01
200800034548,0,2,0,0,2,1,17,B01
200800034549,0,37,1,0,2,1,2,A01
200800034549,0,7,0,0,2,4,1,B01
200800034550,0,7,0,0,1,4,4,A01
200800034551,0,10,0,0,2,1,0,A01
200800034551,0,37,2,0,2,8,0,C01
200800034551,0,10,0,0,2,1,0,B01
200800034552,0,99,0,0,2,1,1,A01
200800034552,0,7,0,0,9,1,15,B01
200800034553,0,32,0,1,2,7,2,A01
200800034553,0,7,0,0,2,6,21,B01
200800034554,0,33,0,0,1,0,0,A01
200800034554,0,7,0,0,0,0,0,B01
200800034555,0,7,0,0,2,2,9,A01
200800034555,0,1,0,0,2,4,15,B01
200800034556,0,7,0,0,2,1,2,A01
200800034556,0,7,0,0,2,4,2,B01
200800034557,2,7,0,0,2,2,12,A01
200800034557,0,7,0,0,2,4,16,B01
200800034558,0,2,0,15,2,1,0,A01
200800034558,1,7,0,0,0,0,15,B01
200800034559,0,7,0,0,2,6,13,A01
200800034559,0,7,0,0,2,2,14,B01
200800034560,0,30,0,0,2,2,15,A01
200800034560,0,7,0,0,2,3,1,B01
200800034561,0,7,0,0,2,7,15,A01
200800034561,0,33,0,0,2,1,1,B01
200800034562,0,37,0,1,0,7,2,A01
200800034563,0,7,0,2,0,8,16,A01
200800034564,0,31,0,0,2,7,2,A01
200800034564,0,7,0,0,0,6,15,B01
200800034565,0,31,0,0,2,1,1,A01
200800034565,0,7,0,0,2,1,2,B01
200800034566,0,1,0,0,2,1,0,A01
200800034566,0,7,0,1,2,1,2,B01
200800034567,0,7,0,0,2,1,0,A01
200800034567,0,7,0,0,2,4,0,B01
200800034568,0,7,0,0,0,0,2,A01
200800034568,0,1,0,0,2,1,2,B01
200800034569,0,2,0,0,2,2,0,A01
200800034570,0,2,0,0,2,1,2,A01
200800034570,0,7,0,0,0,4,2,B01
200800034571,0,7,0,0,1,0,1,A01
200800034572,0,7,0,0,2,1,1,A01
200800034572,0,7,0,0,2,4,1,B01
200800034573,0,7,0,0,2,8,1,B01
200800034573,0,30,0,0,2,1,17,A01
200800034574,0,7,0,0,1,1,1,A01
200800034574,0,32,0,0,2,4,1,B01
200800034575,0,7,0,0,2,1,1,A01
200800034575,0,2,0,0,2,7,19,B01
200800034576,0,7,0,0,1,7,1,A01
200800034577,0,7,0,0,2,1,2,A01
200800034577,0,7,0,0,2,4,2,B01
200800034578,0,30,0,0,2,1,2,A01
200800034578,0,7,0,0,0,2,2,B01
200800034579,0,2,0,0,0,8,17,A01
200800034580,0,2,0,0,0,7,10,A01
200800034580,0,7,0,0,2,3,10,B01
200800034581,0,2,0,0,2,1,2,A01
200800034581,0,37,1,0,0,4,2,B01
200800034582,0,7,0,0,0,2,9,A01
200800034582,0,31,0,0,2,1,2,B01
200800034583,0,7,0,0,2,1,2,A01
200800034583,0,1,0,0,0,1,0,B01
200800034584,0,7,0,0,2,1,1,A01
200800034584,0,1,0,0,2,1,19,B01
200800034585,0,7,0,0,2,4,1,A01
200800034585,0,2,0,0,2,1,1,B01
200800034586,0,7,0,0,2,0,9,A01
200800034586,0,32,0,0,2,3,1,B01
200800034587,0,2,0,0,2,1,2,A01
200800034587,0,7,0,0,2,6,23,B01
200800034588,0,30,0,0,2,1,16,A01
200800034588,0,7,0,0,2,7,15,B01
200800034589,0,7,0,0,2,1,1,A01
200800034589,0,7,0,0,2,7,15,B01
200800034590,0,2,0,0,9,8,9,A01
200800034590,0,1,0,0,2,1,1,B01
200800034591,0,2,0,0,2,1,1,A01
200800034591,0,2,0,0,2,1,1,B01
200800034592,0,32,0,8,0,9,1,A01
200800034593,0,7,0,0,2,1,1,B01
200800034593,0,7,0,0,2,1,15,A01
200800034594,0,7,0,0,0,2,0,B01
200800034594,0,32,0,0,2,2,0,A01
200800034595,0,7,0,0,2,1,13,A01
200800034595,0,7,0,0,2,3,1,B01
200800034596,1,7,0,0,1,0,0,A01
200800034597,0,7,0,2,0,1,15,A01
200800034598,0,30,0,1,0,1,2,A01
200800034599,0,1,0,0,0,3,1,B01
200800034599,1,7,0,0,9,1,0,A01
200800034600,0,7,0,0,1,3,19,A01
200800034601,0,7,0,0,1,2,2,A01
200800034602,0,7,0,0,2,1,1,C01
200800034602,0,33,0,0,2,4,1,B01
200800034602,0,7,0,0,2,6,11,A01
200800034603,0,7,0,0,2,7,1,A01
200800034603,0,7,0,0,2,2,1,B01
200800034604,0,30,0,0,2,7,1,A01
200800034604,0,30,0,0,2,3,1,B01
200800034605,0,7,0,0,0,4,2,B01
200800034605,0,13,0,0,2,0,2,A01
200800034606,0,7,0,0,2,6,15,B01
200800034606,0,33,0,0,2,2,15,A01
200800034607,0,30,0,0,2,1,0,B01
200800034607,0,7,0,0,2,3,15,A01
200800034608,1,7,0,0,1,1,1,A01
200800034609,0,33,0,0,0,4,23,B01
200800034609,0,7,0,0,2,1,2,A01
200800034610,0,10,0,0,1,7,1,A01
200800034611,0,30,0,0,1,1,5,A01
200800034612,0,10,0,8,0,1,20,A01
200800034613,0,37,0,0,2,1,2,B01
200800034613,0,7,0,0,0,4,2,A01
200800034614,0,7,0,1,0,4,2,B01
200800034614,0,7,0,0,2,1,2,A01
200800034615,0,32,0,8,0,1,16,A01
200800034616,0,7,0,14,0,2,2,A01
200800034616,0,7,0,0,0,6,23,B01
200800034617,1,14,0,0,9,1,9,A01
200800034617,0,2,0,0,9,3,2,B01
200800034618,0,7,0,0,0,3,2,A01
200800034618,0,7,0,0,0,4,2,B01
200800034618,0,7,0,0,0,4,2,C01
200800034619,0,31,0,0,0,0,9,A01
200800034619,0,7,0,0,2,3,1,B01
200800034620,0,33,0,0,2,7,2,A01
200800034620,0,10,0,0,2,3,2,B01
200800034621,0,33,0,4,0,1,1,A01
200800034622,0,7,0,0,2,2,1,A01
200800034622,0,31,0,0,0,4,1,B01
200800034623,0,7,0,0,2,1,1,A01
200800034623,0,7,0,0,0,3,1,B01
200800034624,0,33,0,14,0,3,21,A01
200800034625,0,1,0,0,2,1,0,B01
200800034625,0,7,0,0,1,3,1,A01
200800034626,0,7,0,0,2,1,1,A01
200800034626,0,17,0,0,0,5,0,B01
200800034627,0,7,0,0,1,7,1,A01
200800034628,0,7,0,0,0,6,10,A01
200800034628,0,32,0,0,2,2,0,B01
200800034629,0,7,0,0,2,3,1,A01
200800034629,0,37,1,0,2,2,1,B01
200800034630,0,34,0,3,0,1,16,A01
200800034631,0,99,0,0,1,1,5,A01
200800034632,0,14,0,0,0,0,0,A01
200800034632,0,7,0,0,0,0,0,B01
200800034632,0,7,0,0,0,0,0,C01
200800034633,1,99,0,0,1,0,1,A01
200800034634,0,13,0,0,1,6,24,A01
200800034635,0,7,0,0,2,4,1,A01
200800034635,0,10,0,0,2,1,1,B01