Num_Acc,senc,catv,occutc,obs,obsm,choc,manv,num_veh
200800034636,0,7,0,0,1,2,1,A01
200800034637,0,7,0,0,2,2,1,A01
200800034637,0,7,0,0,2,3,9,B01
200800034638,0,7,0,0,1,7,1,A01
200800034639,0,33,0,0,2,1,1,A01
200800034639,0,7,0,0,2,1,1,B01
200800034640,0,7,0,1,2,2,1,A01
200800034640,0,1,0,1,2,1,5,B01
200800034641,0,10,0,0,0,8,1,A01
200800034641,0,32,0,0,2,1,9,B01
200800034642,0,7,0,0,2,1,15,A01
200800034642,0,32,0,0,2,1,1,B01
200800034643,0,32,0,0,2,1,21,B01
200800034643,0,7,0,0,2,3,19,A01
200800034644,0,33,0,0,2,1,1,A01
200800034644,0,7,0,0,2,6,1,B01
200800034645,0,2,0,0,2,1,1,A01
200800034645,0,10,0,0,2,6,23,B01
200800034646,0,7,0,0,2,1,15,A01
200800034646,0,32,0,0,2,7,1,B01
200800034647,0,7,0,1,0,2,0,A01
200800034648,0,7,0,0,1,1,1,A01
200800034649,0,7,0,0,1,2,1,A01
200800034650,0,7,0,8,0,1,0,A01
200800034651,0,7,0,0,2,4,24,A01
200800034651,0,31,0,0,2,2,21,B01
200800034652,0,7,0,1,0,1,1,A01
200800034652,0,10,0,0,2,6,1,B01
200800034653,0,1,0,0,2,1,1,A01
200800034653,1,7,0,0,9,0,15,B01
200800034654,0,7,0,0,1,1,1,A01
200800034655,0,33,0,0,2,1,17,A01
200800034655,0,7,0,0,2,1,15,B01
200800034656,0,32,0,0,2,1,1,A01
200800034656,0,7,0,0,2,8,15,B01
200800034657,0,7,0,0,2,2,15,A01
200800034657,0,32,0,0,2,1,2,B01
200800034658,0,7,0,0,1,4,4,A01
200800034659,0,7,0,0,2,8,1,B01
200800034659,0,7,0,0,2,2,1,A01
200800034660,0,7,0,0,0,7,0,A01
200800034660,0,33,0,0,2,8,3,B01
200800034660,0,7,0,0,0,8,1,C01
200800034661,0,33,0,0,1,8,1,A01
200800034662,0,7,0,0,2,6,1,A01
200800034662,0,30,0,0,2,1,1,B01
200800034663,0,10,0,0,2,2,1,A01
200800034663,0,7,0,0,2,1,19,B01
200800034664,0,7,0,0,2,1,1,A01
200800034664,0,7,0,0,2,3,1,B01
200800034665,0,7,0,0,1,2,1,A01
200800034666,0,3,0,1,0,1,1,A01
200800034666,0,7,0,0,2,3,24,B01
200800034667,0,7,0,0,2,2,15,B01
200800034667,0,33,0,1,2,1,17,A01
200800034668,0,7,0,0,2,2,1,A01
200800034668,0,7,0,0,2,3,15,B01
200800034669,0,7,0,0,0,0,10,A01
200800034669,0,31,0,0,2,8,21,B01
200800034670,0,7,0,9,0,1,2,A01
200800034670,0,7,0,0,0,0,15,B01
200800034671,0,7,0,0,2,1,15,A01
200800034671,0,33,0,0,2,1,1,B01
200800034672,0,7,0,8,0,1,0,A01
200800034673,0,7,0,0,0,0,0,A01
200800034673,0,38,1,0,0,0,0,B01
200800034674,0,10,0,0,2,1,1,A01
200800034674,0,7,0,0,0,8,16,B01
200800034675,0,1,0,0,2,8,9,B01
200800034675,0,7,0,0,9,3,0,A01
200800034676,0,37,1,0,2,5,15,A01
200800034676,0,33,0,0,2,1,1,B01
200800034677,0,7,0,0,1,1,15,A01
200800034678,0,7,0,0,2,1,1,A01
200800034678,0,7,0,0,2,4,1,B01
200800034679,0,10,0,0,2,0,1,A01
200800034679,0,33,0,0,2,0,3,B01
200800034680,0,30,0,0,2,1,1,A01
200800034680,0,7,0,0,2,7,1,B01
200800034681,0,7,0,0,0,0,0,A01
200800034681,0,30,0,0,0,0,0,B01
200800034682,0,32,0,0,2,1,9,A01
200800034682,0,7,0,0,2,4,1,B01
200800034683,0,7,0,0,0,0,0,A01
200800034683,0,7,0,0,0,0,0,B01
200800034684,0,7,0,0,2,2,1,B01
200800034684,0,2,0,0,2,1,5,A01
200800034685,0,30,0,0,2,8,13,A01
200800034685,0,7,0,0,2,7,1,B01
200800034686,0,7,0,0,2,7,0,A01
200800034686,0,33,0,0,2,1,0,B01
200800034687,0,7,0,0,1,2,17,A01
200800034688,0,30,0,0,2,1,1,B01
200800034688,0,7,0,0,2,3,1,A01
200800034689,0,15,0,0,2,1,1,A01
200800034689,0,7,0,0,2,1,1,B01
200800034690,0,30,0,13,2,3,9,A01
200800034690,0,10,0,0,2,3,1,B01
200800034691,0,34,0,0,2,1,1,A01
200800034691,0,7,0,0,2,2,15,B01
200800034692,0,7,0,0,1,1,1,A01
200800034693,0,33,0,0,2,8,9,A01
200800034693,0,14,0,0,2,6,4,B01
200800034694,0,7,0,5,2,9,1,A01
200800034695,0,7,0,9,0,2,1,A01
200800034696,1,33,0,0,2,1,10,A01
200800034696,0,30,0,0,2,7,1,B01
200800034697,0,30,0,0,2,1,1,A01
200800034697,0,7,0,0,2,4,1,B01
200800034698,0,2,0,0,2,1,16,A01
200800034698,0,7,0,0,2,7,1,B01
200800034699,0,2,0,1,0,1,18,A01
200800034699,0,99,0,0,0,4,24,B01
200800034700,0,7,0,0,2,3,1,A01
200800034700,1,7,0,0,2,0,15,B01
200800034701,0,37,50,0,2,0,1,B01
200800034701,0,33,0,0,2,1,1,A01
200800034702,0,30,0,0,0,2,0,A01
200800034702,0,30,0,0,2,1,1,B01
200800034703,2,7,0,0,1,2,1,A01
200800034704,0,10,0,0,2,3,1,A01
200800034704,0,7,0,0,2,4,1,B01
200800034705,0,32,0,0,2,1,1,B01
200800034705,0,7,0,0,2,2,16,A01
200800034706,0,1,0,12,0,1,14,A01
200800034707,0,7,0,0,2,1,1,A01
200800034707,0,1,0,0,2,8,19,B01
200800034708,0,7,0,0,2,1,15,A01
200800034708,0,7,0,5,2,1,1,B01
200800034709,0,37,30,0,2,1,1,A01
200800034709,0,3,0,0,2,4,2,B01
200800034710,0,7,0,0,2,3,9,A01
200800034710,0,33,0,0,2,7,1,B01
200800034711,0,7,0,0,2,5,1,A01
200800034711,1,7,0,0,2,0,0,B01
200800034712,0,7,0,0,2,1,15,C01
200800034712,0,1,0,0,2,1,9,A01
200800034712,0,1,0,0,2,1,9,B01
200800034713,0,7,0,0,2,8,1,B01
200800034713,0,7,0,0,2,1,1,A01
200800034714,0,7,0,0,1,2,1,A01
200800034715,0,7,0,6,2,5,1,B01
200800034715,0,7,0,0,2,2,16,A01
200800034716,0,2,0,16,0,8,1,A01
200800034717,0,7,0,0,1,3,0,A01
200800034718,1,7,0,0,1,0,0,A01
200800034719,0,10,0,0,2,1,9,A01
200800034719,0,1,0,0,2,1,1,B01
200800034720,0,7,0,0,0,3,22,A01
200800034720,0,1,0,16,0,1,1,B01
200800034721,0,7,0,0,1,2,9,A01
200800034722,0,31,0,0,1,1,1,A01
200800034723,0,10,0,0,2,1,1,A01
200800034723,0,7,0,0,2,4,23,B01
200800034724,0,7,0,15,2,7,0,A01
200800034724,0,7,0,0,2,1,1,B01
200800034725,0,1,0,0,1,1,1,A01
200800034726,0,7,0,0,1,4,4,A01
200800034727,0,33,0,0,2,1,3,A01
200800034727,0,7,0,0,2,8,15,B01
200800034728,1,7,0,0,1,0,1,A01
200800034729,0,7,0,0,1,2,1,A01
200800034730,0,1,0,0,2,7,0,A01
200800034730,0,7,0,0,2,1,0,C01
200800034730,0,7,0,0,9,0,1,B01
200800034731,0,7,0,0,2,3,1,A01
200800034731,0,7,0,0,2,1,15,B01
200800034732,0,32,0,0,2,1,1,A01
200800034732,0,7,0,0,2,3,1,B01
200800034733,0,7,0,0,1,1,1,A01
200800034734,0,2,0,6,0,1,1,A01
200800034735,0,2,0,1,0,8,1,A01
200800034736,0,7,0,0,2,1,1,A01
200800034736,0,7,0,0,2,4,1,B01
200800034737,0,7,0,0,2,1,1,A01
200800034737,0,7,0,0,2,4,1,B01
200800034738,0,1,0,0,1,1,1,A01
200800034739,0,7,0,0,2,3,15,A01
200800034739,0,33,0,0,2,1,1,B01
200800034740,0,7,0,0,2,3,15,A01
200800034740,0,31,0,0,2,1,1,B01
200800034741,0,7,0,0,2,2,10,A01
200800034741,0,1,0,0,2,1,1,B01
200800034742,0,7,0,9,0,2,6,A01
200800034743,0,1,0,0,2,3,19,A01
200800034743,0,7,0,0,2,1,1,B01
200800034744,0,7,0,0,1,1,2,A01
200800034745,0,7,0,0,1,0,0,A01
200800034746,0,33,0,0,2,1,17,B01
200800034746,0,7,0,0,2,8,15,A01
200800034747,0,2,0,0,2,1,0,B01
200800034747,0,7,0,0,2,1,16,A01
200800034748,0,7,0,0,2,1,2,A01
200800034748,0,7,0,0,2,4,2,B01
200800034748,0,7,0,0,2,4,2,C01
200800034749,0,7,0,0,1,1,1,A01
200800034750,0,34,0,0,2,1,1,A01
200800034750,0,7,0,0,9,6,15,B01
200800034751,0,7,0,0,2,1,1,A01
200800034751,0,7,0,0,2,4,1,B01
200800034752,0,7,0,0,2,8,10,A01
200800034752,0,7,0,0,2,2,1,B01
200800034753,0,7,0,8,0,1,1,A01
200800034754,0,1,0,0,9,1,1,B01
200800034755,0,7,0,0,2,7,10,A01
200800034755,0,30,0,0,2,1,17,B01
200800034756,0,7,0,0,2,2,2,A01
200800034756,0,7,0,0,2,6,23,B01
200800034757,0,2,0,0,2,1,1,A01
200800034757,0,30,0,0,2,4,23,B01
200800034758,0,7,0,0,2,1,1,A01
200800034758,0,7,0,0,2,4,1,B01
200800034759,0,32,0,0,2,1,13,A01
200800034759,0,7,0,0,2,3,1,B01
200800034760,0,33,0,0,2,1,1,A01
200800034760,0,7,0,0,2,3,10,B01
200800034761,0,1,0,0,2,2,19,A01
200800034761,0,7,0,0,2,1,1,B01
200800034762,0,7,0,0,0,0,0,A01
200800034763,0,7,0,0,0,0,0,A01
200800034764,0,36,0,0,2,3,15,A01
200800034764,0,33,0,0,2,1,17,B01
200800034765,0,30,0,0,2,2,17,A01
200800034765,0,7,0,0,2,2,9,B01
200800034766,0,7,0,0,2,3,15,A01
200800034766,0,34,0,0,2,1,1,B01
200800034767,0,7,0,0,2,1,2,A01
200800034767,0,7,0,0,2,6,1,B01
200800034768,0,33,0,0,2,2,17,A01
200800034768,0,7,0,0,2,3,2,B01
200800034769,0,7,0,0,2,8,9,A01
200800034769,0,32,0,0,2,1,1,B01
200800034770,0,7,0,0,2,0,9,A01
200800034770,0,33,0,0,0,0,21,B01
200800034771,0,7,0,0,2,3,21,A01
200800034771,0,10,0,0,2,3,1,B01
200800034771,0,10,0,0,0,0,24,C01
200800034772,0,33,0,0,1,3,1,A01
200800034773,0,2,0,0,2,8,17,A01
200800034773,0,7,0,0,2,8,15,B01
200800034774,0,7,0,0,2,3,5,A01
200800034774,0,1,0,0,2,1,1,B01
200800034775,0,7,0,0,2,2,16,A01
200800034775,0,37,0,0,2,3,1,B01
200800034776,0,7,0,0,1,4,4,A01
200800034777,0,33,0,0,2,1,2,A01
200800034777,0,7,0,0,0,6,2,B01
200800034778,0,7,0,0,2,6,11,A01
200800034778,0,33,0,0,2,1,3,B01
200800034779,0,7,0,0,0,1,1,A01
200800034779,0,33,0,0,2,6,3,B01
200800034780,0,15,0,0,2,4,23,A01
200800034780,0,7,0,0,2,1,1,B01
200800034780,0,7,0,1,2,9,2,C01
200800034781,0,7,0,0,0,4,2,A01
200800034781,0,10,0,0,2,4,0,B01
200800034781,0,7,0,0,9,1,2,C01
200800034781,0,7,0,0,2,1,2,D01
200800034782,0,7,0,0,2,2,14,A01
200800034782,0,33,0,0,0,6,2,B01
200800034783,0,33,0,0,2,1,1,A01
200800034783,0,7,0,0,2,4,11,B01
200800034784,0,7,0,4,2,2,14,A01
200800034784,0,7,0,3,2,3,1,B01
200800034784,0,7,0,3,2,1,1,C01
200800034785,0,33,0,0,0,0,1,A01
200800034786,0,33,0,0,2,8,3,A01
200800034786,0,7,0,0,2,2,0,B01
200800034787,0,33,0,0,0,7,1,A01
200800034788,0,7,0,0,2,8,0,A01
200800034788,0,15,0,0,2,7,0,B01
200800034789,0,33,0,0,2,1,1,A01
200800034789,0,7,0,0,0,4,1,B01
200800034790,0,33,0,0,2,7,3,A01
200800034790,0,7,0,0,2,6,1,B01
200800034791,0,34,0,0,2,2,1,A01
200800034791,0,7,0,0,2,8,11,B01
200800034792,0,7,0,0,2,1,2,A01
200800034792,0,7,0,0,2,4,2,B01
200800034792,0,7,0,0,2,4,2,C01
200800034792,0,7,0,0,2,4,2,D01
200800034792,0,7,0,0,0,4,2,E01
200800034793,0,7,0,0,2,8,1,A01
200800034793,0,13,0,0,2,7,12,B01
200800034794,0,33,0,0,2,1,0,A01
200800034794,0,33,0,0,2,0,0,B01
200800034795,0,33,0,0,2,7,17,A01
200800034795,0,10,0,0,2,3,11,B01
200800034796,0,33,0,0,2,7,1,A01
200800034796,0,7,0,0,2,8,11,B01
200800034797,0,7,0,0,0,9,0,A01
200800034798,0,33,0,0,0,7,21,A01
200800034799,0,33,0,0,0,0,21,A01
200800034800,0,34,0,0,2,7,1,A01
200800034800,0,7,0,0,0,8,11,B01
200800034800,0,7,0,0,0,4,2,C01
200800034801,0,7,0,0,2,5,12,A01
200800034801,0,34,0,0,2,8,3,B01
200800034802,0,33,0,0,2,5,3,B01
200800034802,0,7,0,0,2,3,11,A01
200800034803,0,7,0,0,2,6,1,A01
200800034803,0,33,0,0,2,2,11,B01
200800034804,0,31,0,0,0,0,2,A01
200800034805,0,17,0,0,2,4,2,A01
200800034805,0,7,0,0,2,4,2,B01
200800034805,0,17,0,0,2,1,2,C01
200800034806,0,10,0,0,2,8,2,A01
200800034806,0,32,0,0,2,1,3,B01
200800034807,0,33,0,0,2,0,2,A01
200800034807,0,7,0,0,0,4,9,B01
200800034808,0,7,0,4,0,3,13,A01
200800034809,0,7,0,4,0,3,2,A01
200800034810,0,33,0,0,2,8,3,A01
200800034810,0,7,0,0,2,2,12,B01
200800034811,0,33,0,0,0,8,0,A01
200800034812,0,10,0,0,0,0,0,A01
200800034812,0,7,0,0,0,0,0,B01
200800034813,0,7,0,0,2,6,2,A01
200800034813,0,7,0,0,2,0,2,B01
200800034813,0,13,0,0,2,0,9,C01
200800034814,0,7,0,0,0,6,1,A01
200800034814,0,15,0,0,2,2,14,B01
200800034815,0,7,0,0,2,2,12,A01
200800034815,0,34,0,0,2,3,3,B01
200800034816,0,7,0,4,2,6,11,A01
200800034816,0,17,0,0,2,2,1,B01
200800034817,0,34,0,0,0,6,2,A01
200800034818,0,10,0,0,0,5,12,A01
200800034818,0,17,0,0,0,3,1,B01
200800034819,0,33,0,0,2,1,1,A01
200800034819,0,7,0,0,2,2,12,B01
200800034820,0,33,0,0,2,3,3,A01
200800034820,0,7,0,0,2,2,14,B01
200800034821,0,7,0,0,2,4,21,A01
200800034821,0,34,0,0,2,1,3,B01
200800034822,0,14,0,3,0,3,1,A01
200800034823,0,7,0,0,2,2,12,A01
200800034823,0,33,0,0,2,1,13,B01
200800034824,0,7,0,4,0,2,0,A01
200800034825,0,15,0,0,2,2,12,A01
200800034825,0,7,0,0,2,8,1,B01
200800034825,0,10,0,0,2,8,1,C01
200800034826,0,33,0,0,2,1,2,A01
200800034826,0,7,0,0,0,4,2,B01
200800034827,0,7,0,0,2,8,11,A01
200800034827,0,33,0,0,2,7,1,B01
200800034828,0,7,0,0,2,1,2,A01
200800034828,0,7,0,0,0,5,0,B01
200800034829,0,7,0,0,2,4,1,A01
200800034829,0,7,0,0,2,1,1,B01
200800034829,0,7,0,0,2,4,1,C01
200800034830,0,32,0,0,0,2,0,A01
200800034831,0,7,0,0,2,3,11,A01
200800034831,0,33,0,0,2,2,1,C01
200800034832,0,31,0,4,2,2,3,A01
200800034832,0,7,0,4,2,7,12,B01
200800034832,0,7,0,4,2,6,1,C01
200800034833,0,7,0,0,0,3,14,A01
200800034834,0,7,0,0,2,1,2,A01
200800034834,0,7,0,0,2,4,2,B01
200800034834,0,7,0,0,2,4,2,C01
200800034835,0,7,0,13,0,1,2,A01
200800034836,0,7,0,4,0,3,0,A01
200800034837,0,33,0,0,0,9,21,A01
200800034838,0,33,0,4,2,0,0,A01
200800034839,0,7,0,0,2,2,23,A01
200800034839,0,33,0,0,2,3,3,B01
200800034839,0,7,0,0,2,8,1,C01
200800034840,0,7,0,0,2,6,1,A01
200800034840,0,15,0,0,2,2,14,B01
200800034841,0,33,0,3,0,1,11,A01
200800034842,0,7,0,4,0,8,13,A01
200800034843,0,10,0,0,0,6,1,A01
200800034843,0,10,0,4,0,6,1,B01
200800034843,1,99,0,0,0,0,0,C01
200800034844,0,7,0,3,0,7,1,A01
200800034845,0,7,0,0,2,4,2,B01
200800034845,0,7,0,0,2,1,2,A01
200800034846,0,7,0,0,2,1,1,B01
200800034846,0,7,0,0,2,1,5,A01
200800034847,0,7,0,0,2,9,2,A01
200800034848,0,7,0,0,0,6,2,C01
200800034848,0,7,0,0,2,4,2,B01
200800034848,0,7,0,0,2,1,2,A01
200800034849,0,7,0,4,0,3,11,A01
200800034850,0,7,0,0,2,1,2,C01
200800034850,0,17,0,0,2,2,1,B01
200800034850,0,7,0,3,2,6,9,A01
200800034851,0,7,0,0,0,4,2,B01
200800034851,0,33,0,0,2,1,2,A01
200800034852,0,7,0,0,2,5,12,B01
200800034852,0,33,0,0,2,3,3,A01
200800034853,0,7,0,0,0,4,2,C01
200800034853,0,7,0,0,2,4,2,B01
200800034853,0,7,0,0,2,1,2,A01
200800034854,0,10,0,4,0,3,13,A01
200800034855,0,7,0,0,0,4,2,C01
200800034855,0,7,0,0,2,4,2,B01
200800034855,0,15,0,0,2,3,2,A01
200800034856,0,32,0,0,2,2,0,B01
200800034856,0,7,0,0,0,8,0,A01
200800034857,0,7,0,3,0,2,14,A01
200800034858,0,7,0,4,0,1,2,A01
200800034859,0,33,0,0,0,7,0,A01
200800034860,0,7,0,0,0,4,2,B01
200800034860,0,7,0,0,2,1,2,A01
200800034861,0,7,0,0,2,7,12,B01
200800034861,0,31,0,0,2,8,18,A01
200800034862,0,33,0,0,2,7,1,B01
200800034862,0,7,0,0,2,8,11,A01
200800034863,0,33,0,0,2,0,1,A01
200800034863,0,14,0,0,2,4,11,B01
200800034864,0,7,0,0,0,4,12,B01
200800034864,0,31,0,0,2,1,3,A01
200800034865,0,33,0,0,0,0,1,A01
200800034866,0,7,0,0,0,6,0,B01
200800034866,0,33,0,0,2,2,0,A01
200800034867,0,7,0,0,2,3,1,D01
200800034867,0,7,0,0,0,4,2,C01
200800034867,0,7,0,0,0,4,23,B01
200800034867,0,7,0,0,2,7,11,A01
200800034868,0,33,0,0,2,6,3,A01
200800034868,0,7,0,0,2,4,1,B01
200800034868,0,7,0,0,2,2,12,C01
200800034869,0,7,0,4,0,9,0,A01
200800034870,0,7,0,4,0,3,17,A01
200800034871,0,7,0,0,0,8,1,D01
200800034871,0,7,0,0,2,4,2,C01
200800034871,0,7,0,0,2,4,2,B01
200800034871,0,7,0,0,2,1,2,A01
200800034872,0,33,0,0,2,7,3,A01
200800034872,0,7,0,0,0,5,2,B01
200800034873,0,33,0,0,2,1,1,A01
200800034873,0,10,0,0,2,4,2,B01
200800034874,0,7,0,0,2,1,2,A01
200800034874,0,7,0,0,0,4,2,B01
200800034875,0,10,0,0,2,1,2,A01
200800034875,0,7,0,0,0,4,2,B01
200800034876,0,7,0,0,0,9,13,A01
200800034877,0,7,0,3,0,6,1,A01
200800034878,0,10,0,4,0,8,1,A01
200800034879,0,7,0,0,0,1,0,A01
200800034880,0,7,0,4,2,7,0,A01
200800034880,0,15,0,0,2,3,0,B01
200800034881,0,7,0,0,0,4,2,A01
200800034881,0,7,0,0,2,1,2,B01
200800034882,0,10,0,0,0,0,0,A01
200800034882,0,7,0,0,9,3,0,B01
200800034883,0,7,0,3,0,4,11,A01
200800034883,0,7,0,0,2,1,12,B01
200800034884,0,15,0,0,0,6,1,A01
200800034884,0,7,0,0,2,2,2,B01
200800034884,0,7,0,0,2,2,11,C01
200800034885,0,7,0,0,0,1,0,A01
200800034885,0,7,0,0,0,9,0,B01
200800034886,0,7,0,4,0,3,0,A01
200800034886,1,7,0,0,0,0,0,B01
200800034887,0,33,0,0,2,3,3,B01
200800034887,0,7,0,0,2,7,12,A01
200800034888,0,7,0,0,0,4,1,C01
200800034888,0,7,0,0,2,4,2,B01
200800034888,0,10,0,0,2,1,2,A01
200800034889,0,10,0,0,2,8,1,B01
200800034889,0,10,0,0,2,4,1,A01
200800034889,0,2,0,0,2,7,1,C01
200800034890,0,17,0,0,0,0,2,A01
200800034891,0,7,0,0,0,6,23,A01
200800034891,0,33,0,0,2,1,12,B01
200800034892,0,7,0,0,9,3,17,A01
200800034892,0,20,0,0,0,8,23,B01
200800034893,0,17,0,6,0,1,0,A01
200800034894,0,7,0,0,9,2,1,B01
200800034894,0,7,0,0,0,0,1,A01
200800034895,0,7,0,0,2,1,2,B01
200800034895,0,7,0,0,0,4,23,A01
200800034896,0,99,0,0,2,1,2,C01
200800034896,0,99,0,0,0,4,1,B01
200800034896,0,7,0,0,0,4,1,A01
200800034897,0,14,0,0,2,8,3,C01
200800034897,0,7,0,3,2,5,3,B01
200800034897,0,7,0,0,2,9,3,A01
200800034898,0,32,0,0,0,7,0,A01
200800034899,0,7,0,0,2,8,11,B01
200800034899,0,32,0,0,2,2,3,A01
200800034900,0,33,0,0,2,1,18,B01
200800034900,0,7,0,0,2,4,1,A01
200800034901,0,7,0,0,2,1,2,B01
200800034901,0,7,0,0,2,1,2,A01
200800034901,0,7,0,0,2,1,2,C01
200800034902,0,7,0,0,2,1,2,C01
200800034902,0,7,0,0,2,4,2,B01
200800034902,0,7,0,0,2,4,2,A01
200800034902,0,37,10,0,2,1,1,D01
200800034903,0,33,0,0,9,0,1,A01
200800034904,0,34,0,0,2,1,3,B01
200800034904,0,7,0,0,2,5,12,A01
200800034905,0,32,0,0,0,1,2,B01
200800034905,0,33,0,0,0,4,2,A01
200800034906,0,15,0,4,0,0,0,A01
200800034907,0,33,0,13,0,0,11,A01
200800034908,0,7,0,0,2,1,2,C01
200800034908,0,7,0,0,2,1,2,B01
200800034908,0,7,0,0,0,4,2,A01
200800034909,0,33,0,0,2,7,1,B01
200800034909,0,7,0,0,2,3,13,A01
200800034910,0,7,0,13,0,2,1,A01
200800034911,0,33,0,3,0,3,0,A01
200800034912,0,7,0,0,2,2,12,A01
200800034912,0,17,0,0,0,3,1,B01
200800034913,0,7,0,2,2,7,14,A01
200800034913,0,7,0,3,2,8,2,B01
200800034914,0,7,0,0,2,2,1,B01
200800034914,0,33,0,0,2,8,3,A01
200800034914,0,10,0,0,2,0,2,C01
200800034915,0,32,0,0,2,8,2,B01
200800034915,0,7,0,0,2,7,2,A01
200800034916,0,7,0,16,0,0,0,A01
200800034917,0,10,0,0,0,5,12,A01
200800034917,0,33,0,0,2,1,18,B01
200800034918,0,31,0,0,2,3,3,B01
200800034918,0,7,0,0,2,7,12,A01
200800034919,0,32,0,0,2,7,3,B01
200800034919,0,7,0,0,2,0,0,A01
200800034920,0,33,0,0,2,1,3,A01
200800034920,0,7,0,0,9,4,2,B01
200800034921,0,33,0,3,0,2,1,A01
200800034922,0,7,0,6,0,1,0,A01
200800034923,0,34,0,0,2,7,1,B01
200800034923,0,7,0,0,2,0,0,A01
200800034924,0,32,0,0,2,0,17,A01
200800034924,0,7,0,0,2,0,1,B01
200800034925,0,7,0,0,2,1,10,A01
200800034925,0,31,0,0,2,0,1,B01
200800034926,0,7,0,0,2,1,2,A01
200800034926,0,7,0,0,2,4,2,B01
200800034927,0,2,0,0,2,1,2,A01
200800034927,1,7,0,0,2,4,2,B01
200800034928,0,7,0,0,2,1,2,A01
200800034928,0,7,0,0,2,4,2,B01
200800034928,0,7,0,0,2,4,2,C01
200800034929,0,7,0,0,2,1,2,A01
200800034929,0,7,0,0,2,4,2,B01
200800034930,0,10,0,0,0,0,2,A01
200800034930,0,7,0,0,9,1,2,B01
200800034931,0,7,0,0,9,6,1,A01
200800034931,0,1,0,0,2,0,1,B01
200800034932,0,7,0,0,2,2,16,A01
200800034932,0,30,0,0,2,1,1,B01
200800034933,1,10,0,0,1,1,1,A01
200800034934,1,10,0,0,2,4,4,A01
200800034934,0,33,0,0,2,1,2,B01
200800034935,0,30,0,0,2,0,0,B01
200800034935,0,7,0,0,2,6,0,A01
200800034936,0,7,0,13,0,9,2,A01
200800034937,0,7,0,0,0,1,1,A01
200800034937,0,15,0,0,0,0,1,B01
200800034938,0,7,0,0,2,1,2,A01
200800034938,0,7,0,0,0,4,2,B01
200800034939,0,15,0,0,2,1,1,A01
200800034939,0,10,0,0,0,4,1,B01
200800034940,0,7,0,0,2,1,2,A01
200800034940,0,14,0,0,0,4,2,B01
200800034941,0,10,0,0,0,7,1,A01
200800034941,0,15,0,0,2,6,11,B01
200800034942,0,10,0,0,2,1,1,A01
200800034942,0,7,0,0,0,4,1,B01
200800034943,0,7,0,0,0,0,0,A01
200800034943,0,10,0,1,0,0,0,B01
200800034944,0,7,0,6,0,0,1,A01
200800034945,0,14,0,3,0,0,1,A01
200800034946,0,7,0,4,0,0,1,A01
200800034947,0,7,0,4,2,1,11,A01
200800034947,0,15,0,0,0,0,0,B01
200800034948,0,7,0,4,0,0,0,A01
200800034949,0,7,0,4,0,0,1,A01
200800034950,0,33,0,0,0,0,1,A01
200800034951,0,33,0,0,2,1,11,A01
200800034951,0,7,0,0,2,0,0,B01
200800034952,0,7,0,0,2,1,1,A01
200800034952,0,7,0,1,0,4,1,B01
200800034953,0,10,0,0,2,1,1,A01
200800034953,0,10,0,0,2,4,1,B01
200800034953,0,17,0,0,0,4,1,C01
200800034954,0,7,0,0,2,8,1,A01
200800034954,0,17,0,0,0,6,1,B01
200800034954,0,7,0,4,2,1,13,C01
200800034955,0,33,0,0,2,1,1,A01
200800034955,0,7,0,0,0,4,2,B01
200800034956,0,7,0,0,0,1,1,A01
200800034956,0,7,0,0,0,1,1,B01
200800034956,0,7,0,0,0,0,1,C01
200800034956,0,7,0,0,0,0,1,D01
200800034957,0,7,0,1,0,0,1,A01
200800034958,0,7,0,0,1,0,0,A01
200800034958,0,7,0,0,0,0,0,B01
200800034958,0,7,0,0,0,0,24,C01
200800034959,0,7,0,3,0,0,0,A01
200800034959,0,10,0,0,2,0,1,B01
200800034960,0,7,0,0,2,7,11,A01
200800034960,0,15,0,0,2,7,1,B01
200800034961,0,7,0,0,2,1,1,A01
200800034961,0,7,0,3,0,4,1,B01
200800034962,0,7,0,0,2,1,1,A01
200800034962,0,7,0,0,2,4,2,B01
200800034962,0,7,0,0,2,4,2,C01
200800034963,0,7,0,0,0,9,1,A01
200800034964,0,33,0,14,0,1,12,A01
200800034965,0,7,0,0,2,1,1,A01
200800034965,0,7,0,0,0,4,1,B01
200800034966,0,33,0,0,2,1,1,A01
200800034966,0,7,0,0,0,5,1,B01
200800034967,0,7,0,0,2,1,1,A01
200800034967,0,7,0,0,2,1,1,B01
200800034967,0,33,0,0,2,1,1,C01
200800034967,0,7,0,0,0,4,1,D01
200800034968,0,7,0,0,2,4,1,B01
200800034968,0,7,0,0,2,1,1,A01
200800034969,0,7,0,0,0,4,1,A01
200800034969,0,10,0,0,2,2,1,B01
200800034970,0,33,0,0,0,0,0,A01
200800034971,0,33,0,0,0,0,1,A01
200800034972,0,15,0,0,2,5,14,A01
200800034972,0,15,0,0,0,8,1,B01
200800034972,0,7,0,0,0,4,1,C01
200800034973,0,15,0,0,0,0,1,A01
200800034974,0,13,0,0,2,1,1,A01
200800034974,0,10,0,0,0,0,1,B01
200800034975,0,15,0,0,2,1,1,A01
200800034975,0,15,0,0,0,4,1,B01
200800034976,0,7,0,13,0,9,0,A01
200800034977,0,7,0,0,2,2,12,A01
200800034977,0,33,0,0,2,8,1,B01
200800034978,0,7,0,4,0,2,0,A01