Num_Acc,senc,catv,occutc,obs,obsm,choc,manv,num_veh
200800034979,0,7,0,4,0,3,13,A01
200800034980,0,7,0,0,2,7,12,A01
200800034980,0,7,0,0,2,6,1,B01
200800034981,0,33,0,0,2,0,3,A01
200800034981,0,7,0,0,0,0,0,B01
200800034982,0,7,0,0,2,1,2,A01
200800034982,0,7,0,0,2,4,2,B01
200800034982,0,7,0,0,2,1,2,C01
200800034982,0,7,0,0,2,1,2,D01
200800034983,0,7,0,0,2,2,17,A01
200800034983,0,7,0,3,0,6,2,B01
200800034984,0,7,0,0,2,5,15,A01
200800034984,0,7,0,0,2,1,1,B01
200800034984,0,10,0,0,2,1,1,C01
200800034985,0,30,0,0,2,8,18,A01
200800034985,0,7,0,0,2,2,16,B01
200800034986,0,32,0,0,9,7,1,A01
200800034986,0,7,0,0,9,1,1,B01
200800034987,0,10,0,0,2,3,1,A01
200800034987,0,1,0,0,2,1,1,B01
200800034988,0,7,0,0,1,1,1,A01
200800034989,0,33,0,0,0,0,1,A01
200800034990,0,30,0,0,2,8,15,A01
200800034990,0,7,0,0,2,2,1,B01
200800034991,0,7,0,0,2,1,1,A01
200800034991,0,7,0,12,2,4,23,B01
200800034992,0,33,0,0,2,1,1,B01
200800034992,0,7,0,0,2,4,1,A01
200800034993,0,10,0,14,0,1,1,A01
200800034994,0,7,0,0,2,1,1,B01
200800034994,0,7,0,0,2,3,15,A01
200800034995,0,7,0,0,2,3,1,B01
200800034995,0,1,0,0,2,1,1,A01
200800034996,0,1,0,0,1,1,1,A01
200800034997,0,31,0,0,2,1,1,A01
200800034997,0,7,0,0,2,0,16,B01
200800034998,0,7,0,0,2,3,14,B01
200800034998,0,30,0,0,2,1,5,A01
200800034999,0,40,0,0,1,2,1,A01
200800035000,0,7,0,0,1,3,15,A01
200800035001,0,7,0,0,2,1,1,A01
200800035001,0,7,0,0,2,4,16,B01
200800035002,0,7,0,0,2,1,1,A01
200800035002,0,33,0,0,2,4,1,B01
200800035003,0,7,0,0,2,2,1,A01
200800035003,0,7,0,0,2,6,1,B01
200800035004,0,7,0,0,2,2,16,A01
200800035004,0,32,0,0,2,3,1,B01
200800035005,0,7,0,0,2,1,15,A01
200800035005,0,7,0,0,2,3,1,B01
200800035006,0,30,0,0,2,3,16,A01
200800035006,0,7,0,0,2,2,1,B01
200800035007,0,7,0,0,1,1,1,A01
200800035008,0,33,0,0,2,3,1,A01
200800035009,1,7,0,0,2,3,19,A01
200800035009,0,33,0,0,2,1,1,B01
200800035010,0,33,0,1,0,1,1,A01
200800035010,0,7,0,0,0,5,1,B01
200800035011,0,32,0,0,0,8,1,A01
200800035012,0,17,0,4,0,7,1,A01
200800035013,0,7,0,3,0,3,2,A01
200800035014,0,17,0,0,2,4,2,D01
200800035014,0,17,0,0,0,4,2,E01
200800035014,0,17,0,0,2,1,2,A01
200800035014,0,17,0,0,2,4,2,B01
200800035014,0,17,0,0,2,4,2,C01
200800035015,0,7,0,0,2,8,11,A01
200800035015,0,10,0,0,2,1,2,B01
200800035016,0,7,0,4,0,3,2,A01
200800035017,0,7,0,0,2,1,2,A01
200800035017,0,7,0,0,2,4,2,B01
200800035017,0,7,0,0,2,4,2,C01
200800035017,0,7,0,0,0,4,2,D01
200800035018,0,33,0,0,0,8,9,A01
200800035019,0,33,0,0,0,7,1,A01
200800035020,0,10,0,0,2,1,2,A01
200800035020,0,7,0,0,2,4,2,B01
200800035020,0,10,0,14,0,4,2,C01
200800035020,0,17,0,0,0,0,2,D01
200800035021,0,33,0,0,2,1,2,A01
200800035021,0,7,0,0,0,6,2,B01
200800035022,0,7,0,0,2,1,2,A01
200800035022,0,7,0,3,0,4,2,B01
200800035023,0,17,0,0,2,1,2,A01
200800035023,0,10,0,0,2,4,2,B01
200800035023,0,14,0,0,0,4,2,C01
200800035024,0,10,0,0,2,1,2,B01
200800035024,0,7,0,0,0,4,2,A01
200800035025,0,7,0,0,1,2,1,A01
200800035026,0,7,0,0,2,8,15,A01
200800035026,0,34,0,0,2,7,1,B01
200800035027,2,7,0,0,2,1,2,A01
200800035027,0,7,0,0,0,4,2,B01
200800035028,0,17,0,0,2,2,12,B01
200800035028,0,7,0,4,0,6,1,A01
200800035029,0,10,0,0,2,1,2,B01
200800035029,0,7,0,0,0,4,23,A01
200800035030,0,7,0,0,2,1,2,B01
200800035030,0,7,0,0,0,4,23,A01
200800035031,0,33,0,0,2,7,13,B01
200800035031,0,7,0,0,0,5,1,A01
200800035032,0,7,0,0,2,7,2,B01
200800035032,0,7,0,0,2,7,11,A01
200800035033,0,15,0,0,2,2,12,A01
200800035033,0,7,0,0,2,6,1,B01
200800035034,0,17,0,11,0,8,0,A01
200800035035,0,7,0,0,2,1,1,A01
200800035035,0,7,0,0,0,4,1,B01
200800035036,0,7,0,0,0,5,1,B01
200800035036,0,33,0,0,2,1,11,A01
200800035037,0,31,0,0,2,3,7,A01
200800035037,0,7,0,0,2,7,16,B01
200800035038,0,7,0,0,2,1,2,A01
200800035038,0,7,0,0,2,4,2,B01
200800035039,0,7,0,0,2,1,2,A01
200800035040,0,7,0,0,0,2,1,A01
200800035040,0,2,0,0,2,8,1,B01
200800035041,0,7,0,0,1,3,1,A01
200800035042,0,7,0,0,2,1,2,A01
200800035042,0,7,0,0,0,4,2,B01
200800035043,0,7,0,0,1,5,20,A01
200800035044,0,7,0,0,2,5,1,B01
200800035044,0,7,0,1,2,1,1,A01
200800035045,0,7,0,0,2,2,15,A01
200800035045,0,33,0,0,2,7,1,B01
200800035046,0,7,0,0,1,4,4,A01
200800035047,0,2,0,0,2,1,0,A01
200800035047,0,7,0,0,9,5,0,B01
200800035048,0,7,0,0,0,7,19,B01
200800035048,0,7,0,1,2,7,19,A01
200800035049,0,7,0,0,0,4,2,A01
200800035049,0,1,0,0,2,1,2,B01
200800035050,1,7,0,0,1,1,1,A01
200800035051,0,2,0,0,2,3,2,A01
200800035051,0,7,0,0,2,5,16,B01
200800035052,0,7,0,0,2,1,1,A01
200800035052,0,7,0,0,2,6,1,B01
200800035053,0,2,0,0,0,0,1,A01
200800035054,0,7,0,0,2,1,1,A01
200800035054,0,7,0,0,0,4,1,B01
200800035055,0,7,0,3,2,0,17,A01
200800035055,0,7,0,0,2,3,1,B01
200800035056,0,33,0,0,2,2,14,A01
200800035056,0,7,0,0,2,6,1,B01
200800035057,0,7,0,3,0,2,0,A01
200800035058,0,7,0,4,0,3,13,A01
200800035059,0,17,0,0,0,5,12,A01
200800035059,0,7,0,0,0,8,2,B01
200800035060,0,7,0,4,0,1,1,A01
200800035061,0,7,0,0,2,2,14,A01
200800035061,0,34,0,0,0,3,3,B01
200800035062,0,7,0,0,2,1,1,A01
200800035062,0,7,0,0,2,3,1,B01
200800035063,0,7,0,4,0,3,1,A01
200800035064,0,33,0,0,2,1,2,A01
200800035064,0,33,0,0,0,0,21,B01
200800035065,0,7,0,4,0,3,0,A01
200800035066,0,7,0,4,2,5,11,A01
200800035066,0,7,0,0,2,2,21,B01
200800035067,0,33,0,0,0,7,1,A01
200800035068,0,15,0,0,2,2,12,A01
200800035068,0,7,0,0,2,2,18,B01
200800035069,0,10,0,3,0,1,1,A01
200800035070,0,7,0,0,2,3,1,A01
200800035070,1,14,0,0,0,2,12,B01
200800035071,0,7,0,3,0,9,1,A01
200800035072,0,7,0,3,2,2,21,A01
200800035072,0,15,0,0,0,6,1,B01
200800035073,0,7,0,0,2,4,2,A01
200800035073,0,15,0,0,2,4,23,B01
200800035074,0,7,0,0,2,1,2,A01
200800035074,0,7,0,0,0,4,2,B01
200800035075,0,10,0,13,0,1,2,A01
200800035076,0,7,0,0,9,1,2,A01
200800035077,0,7,0,0,0,1,2,A01
200800035077,0,7,0,0,0,4,2,B01
200800035078,0,31,0,0,2,1,1,A01
200800035078,0,7,0,0,0,6,1,B01
200800035079,0,17,0,0,2,2,12,A01
200800035079,0,7,0,3,2,8,1,B01
200800035080,0,7,0,0,1,2,1,A01
200800035081,0,2,0,1,0,8,0,A01
200800035081,0,7,0,0,0,0,2,D01
200800035082,0,7,0,0,2,3,1,A01
200800035082,0,7,0,14,2,2,9,B01
200800035082,0,7,0,0,2,3,23,C01
200800035083,0,7,0,0,2,4,16,B01
200800035083,0,7,0,0,2,1,1,A01
200800035084,0,37,1,0,1,2,12,A01
200800035085,0,10,0,0,1,7,1,A01
200800035086,0,1,0,0,2,1,1,A01
200800035087,0,7,0,0,2,1,2,A01
200800035087,0,30,0,0,2,4,23,B01
200800035088,0,33,0,0,2,8,10,A01
200800035088,0,30,0,0,2,1,1,B01
200800035089,0,7,0,0,1,2,1,A01
200800035090,0,7,0,0,2,3,15,B01
200800035090,0,31,0,0,2,1,17,A01
200800035091,0,33,0,0,2,1,1,A01
200800035091,0,7,0,0,2,2,15,B01
200800035092,0,7,0,0,2,1,2,A01
200800035092,0,7,0,0,2,4,2,B01
200800035093,0,7,0,0,2,1,2,A01
200800035093,0,7,0,0,2,4,1,B01
200800035094,0,10,0,4,0,0,2,A01
200800035095,0,7,0,0,2,1,2,A01
200800035095,0,7,0,0,2,4,2,B01
200800035095,0,7,0,0,0,4,2,C01
200800035095,0,7,0,0,2,1,2,D01
200800035096,0,7,0,0,2,1,1,A01
200800035096,0,7,0,0,0,5,21,B01
200800035097,0,32,0,0,2,1,2,A01
200800035097,0,7,0,0,0,3,2,B01
200800035097,0,7,0,0,0,2,2,C01
200800035097,0,7,0,0,0,2,2,D01
200800035098,0,7,0,0,2,4,2,A01
200800035098,0,7,0,0,2,4,2,B01
200800035098,0,7,0,0,2,1,2,C01
200800035099,0,7,0,3,0,3,1,A01
200800035100,0,7,0,15,2,1,12,A01
200800035100,0,7,0,0,0,5,2,B01
200800035101,0,7,0,0,0,4,1,A01
200800035101,0,7,0,0,0,4,0,B01
200800035101,0,7,0,0,0,1,2,C01
200800035102,0,33,0,0,2,1,12,A01
200800035102,0,7,0,0,0,6,0,B01
200800035103,0,10,0,0,0,1,2,A01
200800035103,0,7,0,0,0,4,2,B01
200800035104,0,7,0,0,2,1,2,A01
200800035104,0,33,0,0,0,4,2,B01
200800035105,0,7,0,4,2,1,0,A01
200800035105,0,7,0,4,0,1,2,B01
200800035105,0,7,0,4,2,1,2,C01
200800035106,0,17,0,3,0,1,1,A01
200800035107,0,31,0,0,0,7,0,A01
200800035108,0,7,0,0,0,1,0,A01
200800035109,0,7,0,3,0,8,1,A01
200800035109,1,7,0,0,2,2,12,B01
200800035110,0,32,0,0,2,8,1,A01
200800035110,0,7,0,0,2,7,2,B01
200800035111,0,7,0,0,0,4,1,A01
200800035111,0,7,0,0,2,1,1,B01
200800035111,0,7,0,0,2,1,1,C01
200800035112,0,7,0,4,2,0,17,A01
200800035112,0,7,0,4,0,1,2,B01
200800035113,0,7,0,13,0,1,2,A01
200800035114,0,32,0,0,2,8,1,A01
200800035114,1,99,0,0,0,0,0,B01
200800035115,0,7,0,3,0,1,2,A01
200800035116,0,7,0,4,0,1,21,A01
200800035117,0,7,0,0,0,5,2,A01
200800035117,0,7,0,0,2,1,2,B01
200800035117,0,7,0,0,2,4,2,C01
200800035117,0,7,0,0,0,4,2,D01
200800035117,0,7,0,0,2,1,2,E01
200800035118,0,15,0,0,0,0,9,A01
200800035118,0,7,0,0,2,1,1,B01
200800035119,0,7,0,0,0,4,2,A01
200800035119,0,7,0,0,2,1,2,B01
200800035120,0,7,0,0,0,9,0,A01
200800035121,0,10,0,0,0,8,0,A01
200800035121,1,14,0,1,0,0,0,B01
200800035122,0,10,0,16,0,9,0,A01
200800035123,0,7,0,0,0,4,1,A01
200800035123,0,7,0,0,2,1,2,B01
200800035124,0,7,0,3,0,2,1,A01
200800035125,0,7,0,14,0,1,14,A01
200800035126,0,7,0,13,0,2,1,A01
200800035127,0,7,0,13,0,1,13,A01
200800035128,0,32,0,0,0,7,1,A01
200800035129,0,7,0,0,2,8,9,A01
200800035129,0,14,0,0,2,2,1,B01
200800035130,0,17,0,0,2,2,12,A01
200800035130,0,7,0,10,2,8,1,B01
200800035130,0,7,0,0,2,1,1,C01
200800035131,0,7,0,0,2,9,21,A01
200800035132,0,7,0,3,2,7,0,A01
200800035132,0,7,0,0,2,3,2,B01
200800035133,0,7,0,4,0,3,21,A01
200800035134,0,7,0,0,0,4,1,A01
200800035134,0,7,0,0,2,4,1,B01
200800035134,0,7,0,0,2,1,1,C01
200800035135,0,7,0,0,0,4,2,A01
200800035135,0,7,0,0,2,1,2,B01
200800035136,0,34,0,0,0,3,1,A01
200800035137,0,7,0,0,0,4,2,A01
200800035137,0,7,0,0,0,6,2,B01
200800035137,0,10,0,0,2,1,2,C01
200800035137,0,10,0,0,2,4,2,D01
200800035137,0,7,0,0,2,3,2,E01
200800035138,0,7,0,3,0,8,1,A01
200800035139,0,7,0,0,2,4,1,A01
200800035139,0,7,0,0,2,1,2,B01
200800035140,0,7,0,0,0,4,1,A01
200800035140,0,7,0,0,2,4,1,B01
200800035140,0,7,0,0,2,1,1,C01
200800035141,0,7,0,4,2,6,1,A01
200800035141,1,17,0,0,2,2,1,B01
200800035142,0,7,0,3,0,2,1,A01
200800035143,0,7,0,0,2,4,23,A01
200800035143,0,7,0,0,2,1,21,B01
200800035144,0,7,0,0,0,4,1,A01
200800035144,0,7,0,0,2,1,2,B01
200800035144,0,7,0,0,2,1,2,C01
200800035145,0,7,0,3,2,5,1,A01
200800035146,0,34,0,0,2,1,3,A01
200800035146,0,7,0,0,0,5,12,B01
200800035147,0,7,0,3,0,2,1,A01
200800035148,0,33,0,0,0,8,1,A01
200800035148,1,7,0,0,2,0,3,B01
200800035149,0,7,0,0,1,1,11,A01
200800035150,0,7,0,0,2,4,1,A01
200800035150,0,7,0,0,2,8,3,B01
200800035150,0,7,0,0,2,2,12,C01
200800035151,0,7,0,13,0,1,1,A01
200800035152,0,7,0,0,0,1,1,A01
200800035152,0,30,0,0,0,1,0,B01
200800035153,0,32,0,0,0,8,2,B01
200800035153,0,30,0,0,0,1,2,A01
200800035154,0,7,0,0,0,0,2,A01
200800035154,0,30,0,0,9,0,23,B01
200800035155,0,7,0,0,0,5,11,B01
200800035155,0,33,0,0,0,1,1,A01
200800035156,0,7,0,11,0,3,21,A01
200800035157,0,10,0,0,0,4,4,A01
200800035158,0,34,0,0,5,2,21,A01
200800035159,0,32,0,0,1,3,0,A01
200800035160,0,32,0,0,2,2,1,A01
200800035160,0,7,0,0,2,3,11,B01
200800035161,0,37,5,0,2,7,7,A01
200800035161,0,1,0,0,2,8,7,B01
200800035162,0,7,0,0,0,4,1,C01
200800035162,0,7,0,0,2,1,1,B01
200800035162,0,7,0,0,2,1,1,A01
200800035163,0,7,0,0,2,3,0,A01
200800035163,0,30,0,0,0,4,0,B01
200800035164,0,1,0,0,1,1,1,A01
200800035165,0,7,0,0,1,1,1,A01
200800035166,0,7,0,0,2,1,0,A01
200800035166,0,33,0,0,0,4,0,B01
200800035167,0,7,0,4,0,1,1,A01
200800035168,0,7,0,0,0,1,2,A01
200800035168,0,10,0,0,0,4,0,B01
200800035169,0,31,0,0,0,0,2,A01
200800035169,0,1,0,0,0,5,2,B01
200800035170,0,32,0,8,0,1,14,A01
200800035171,0,2,0,0,1,7,1,A01
200800035172,0,31,0,0,2,2,1,A01
200800035172,0,7,0,0,2,8,15,B01
200800035173,0,30,0,0,0,0,0,A01
200800035174,0,7,0,14,0,1,1,A01
200800035175,0,7,0,0,0,1,12,A01
200800035175,0,7,0,0,0,4,23,B01
200800035176,0,2,0,0,2,8,15,A01
200800035176,0,7,0,1,2,2,1,B01
200800035177,0,14,0,0,2,1,2,A01
200800035177,0,7,0,0,2,4,2,B01
200800035177,0,32,0,0,0,4,0,C01
200800035178,0,7,0,0,1,3,2,A01
200800035179,0,2,0,0,1,0,0,A01
200800035180,0,32,0,0,2,7,2,B01
200800035180,0,2,0,0,2,2,5,A01
200800035181,1,7,0,0,1,5,4,A01
200800035182,0,32,0,0,1,2,1,A01
200800035183,0,7,0,0,2,2,20,A01
200800035183,0,31,0,0,2,8,2,B01
200800035184,0,34,0,0,0,8,18,A01
200800035184,0,7,0,0,0,7,16,B01
200800035185,0,1,0,14,0,1,11,A01
200800035185,0,32,0,14,0,1,1,B01
200800035186,0,33,0,0,1,7,2,A01
200800035187,0,30,0,0,2,7,17,B01
200800035187,0,7,0,0,0,8,15,A01
200800035188,0,7,0,0,2,1,1,B01
200800035188,0,7,0,0,2,3,1,A01
200800035189,0,7,0,0,2,1,2,A01
200800035189,0,1,0,0,0,4,2,B01
200800035190,0,33,0,0,2,8,1,A01
200800035190,0,7,0,0,2,7,16,B01
200800035191,0,32,0,0,2,1,1,B01
200800035191,0,7,0,0,0,2,1,A01
200800035192,0,30,0,0,0,0,0,A01
200800035193,0,7,0,0,1,5,4,A01
200800035194,0,30,0,11,9,7,1,A01
200800035195,0,10,0,0,2,7,22,A01
200800035195,0,32,0,0,2,6,18,B01
200800035196,0,2,0,0,2,1,10,A01
200800035196,0,33,0,0,2,0,1,B01
200800035196,0,2,0,0,2,1,1,C01
200800035197,0,32,0,12,0,0,1,A01
200800035198,0,7,0,0,0,2,1,A01
200800035198,0,1,0,0,0,0,0,B01
200800035199,0,33,0,12,0,8,2,A01
200800035200,0,31,0,0,0,7,2,A01
200800035201,1,1,0,0,0,0,0,B01
200800035201,0,2,0,0,0,1,1,A01
200800035202,0,7,0,0,0,1,0,A01
200800035203,0,2,0,0,1,1,0,A01
200800035204,1,30,0,0,0,0,0,A01
200800035205,0,30,0,0,0,4,3,A01
200800035205,0,10,0,0,0,4,11,B01
200800035205,0,14,0,0,2,0,0,C01
200800035206,0,31,0,0,2,2,3,A01
200800035206,0,7,0,0,2,2,12,B01
200800035207,0,1,0,0,1,4,21,A01
200800035208,0,1,0,0,1,1,0,A01
200800035209,0,7,0,0,2,1,1,B01
200800035209,0,7,0,0,2,2,1,C01
200800035209,0,7,0,0,2,7,1,A01
200800035210,0,7,0,0,0,0,16,A01
200800035210,0,32,0,0,0,0,18,B01
200800035211,0,30,0,1,2,8,18,A01
200800035211,0,10,0,0,0,0,16,B01
200800035211,0,7,0,0,0,8,24,C01
200800035212,0,7,0,0,0,0,15,B01
200800035212,0,33,0,0,0,0,1,A01
200800035213,0,7,0,0,0,2,1,A01
200800035213,0,7,0,7,0,1,15,B01
200800035214,0,2,0,0,1,1,1,A01
200800035215,0,33,0,1,0,0,21,A01
200800035216,0,2,0,0,1,1,0,A01
200800035217,0,1,0,0,9,7,15,A01
200800035217,0,31,0,0,9,1,0,B01
200800035218,0,1,0,0,0,0,1,A01
200800035219,0,2,0,0,9,8,2,A01
200800035219,0,1,0,0,0,0,1,B01
200800035220,0,33,0,0,2,1,1,B01
200800035220,0,7,0,0,2,1,1,A01
200800035221,0,7,0,0,0,3,15,A01
200800035221,0,33,0,0,0,3,2,B01
200800035222,0,14,0,0,1,1,0,A01
200800035223,0,7,0,0,1,7,1,A01
200800035224,0,7,0,0,2,8,2,B01
200800035224,0,37,3,0,0,5,2,A01
200800035225,0,7,0,1,0,2,0,A01
200800035225,0,7,0,0,2,3,0,B01
200800035226,0,7,0,0,1,2,2,A01
200800035227,0,32,0,0,1,1,1,A01
200800035227,0,7,0,0,2,3,1,B01
200800035228,0,34,0,0,0,1,1,B01
200800035228,0,7,0,0,0,3,10,A01
200800035229,0,7,0,15,0,7,7,A01
200800035229,0,1,0,15,0,0,7,B01
200800035230,0,30,0,0,2,1,0,A01
200800035230,0,7,0,0,9,6,15,B01
200800035231,0,7,0,0,2,6,2,A01
200800035231,0,32,0,0,2,2,2,B01
200800035232,0,30,0,0,0,0,21,A01
200800035233,0,32,0,0,2,1,1,A01
200800035233,0,37,25,0,0,2,16,B01
200800035234,0,33,0,0,2,7,21,A01
200800035234,1,7,0,0,2,4,0,B01
200800035235,0,7,0,0,0,1,16,A01
200800035236,0,1,0,0,0,0,19,B01
200800035236,0,7,0,0,2,1,1,A01
200800035237,0,7,0,0,2,7,16,B01
200800035237,0,34,0,0,2,8,18,A01
200800035238,0,7,0,0,2,1,1,A01
200800035238,0,7,0,0,2,2,1,B01
200800035239,0,37,15,0,1,1,1,A01
200800035240,0,1,0,0,0,8,13,A01
200800035240,0,7,0,0,2,3,1,B01
200800035241,0,32,0,0,1,1,21,A01
200800035242,0,33,0,0,2,1,2,A01
200800035242,0,7,0,0,0,4,15,B01
200800035243,0,32,0,0,1,3,0,A01
200800035244,0,37,25,0,0,0,21,A01
200800035245,0,7,0,0,1,2,1,A01
200800035246,0,7,0,0,0,0,0,A01
200800035246,0,33,0,0,2,0,0,B01
200800035247,0,2,0,0,0,1,0,A01
200800035247,0,7,0,0,0,0,0,B01
200800035248,0,2,0,0,0,3,15,A01
200800035249,0,32,0,0,1,1,8,A01
200800035250,0,7,0,0,1,7,0,A01
200800035251,0,32,0,0,1,2,8,A01
200800035252,0,34,0,0,0,4,23,B01
200800035252,0,7,0,0,2,1,2,A01
200800035253,2,36,0,8,0,2,1,A01
200800035254,0,30,0,9,1,2,1,A01
200800035255,0,33,0,9,2,1,5,A01
200800035255,0,7,0,9,2,3,15,B01
200800035256,0,7,0,0,1,2,1,A01
200800035257,0,7,0,0,0,5,0,B01
200800035257,0,30,0,0,0,0,0,A01
200800035258,0,7,0,0,0,2,1,B01
200800035258,0,32,0,0,2,8,1,A01
200800035259,0,30,0,0,2,8,1,B01
200800035259,0,7,0,0,2,2,1,A01
200800035260,0,7,0,0,2,1,1,B01
200800035260,0,7,0,0,2,8,1,A01
200800035261,0,7,0,0,2,2,16,A01
200800035261,0,1,0,0,2,1,7,B01
200800035262,0,7,0,0,0,5,15,A01
200800035262,0,30,0,0,0,1,1,B01
200800035263,0,10,0,0,2,3,2,A01
200800035263,0,7,0,0,0,4,15,B01
200800035264,0,1,0,1,0,1,2,A01
200800035264,0,10,0,0,0,4,2,B01
200800035265,0,30,0,12,0,2,1,A01
200800035266,0,10,0,0,1,4,4,A01
200800035267,0,37,45,0,2,0,2,A01
200800035267,1,7,0,0,0,0,16,B01
200800035268,0,2,0,0,2,8,2,B01
200800035268,0,10,0,0,2,7,2,A01
200800035269,0,31,0,0,2,6,2,A01
200800035269,0,7,0,0,2,6,2,B01
200800035270,0,30,0,0,1,0,0,A01
200800035271,0,7,0,0,0,2,14,A01
200800035271,0,30,0,0,0,3,2,B01
200800035272,0,7,0,0,0,6,2,B01
200800035272,0,31,0,0,2,1,2,A01
200800035273,0,33,0,0,0,8,0,B01
200800035273,0,7,0,0,2,1,1,A01
200800035274,0,32,0,0,2,1,2,A01
200800035274,0,7,0,0,0,6,15,B01
200800035275,0,7,0,6,0,1,1,A01
200800035276,0,7,0,0,1,3,15,A01
200800035277,0,32,0,0,2,3,17,A01
200800035277,0,10,0,0,2,8,0,B01
200800035278,0,7,0,0,1,4,20,A01
200800035279,0,32,0,0,0,1,1,A01
200800035280,0,32,0,0,2,2,2,A01
200800035280,0,7,0,0,2,6,2,B01
200800035281,0,7,0,0,0,8,11,A01
200800035281,0,2,0,0,2,7,17,B01
200800035282,0,7,0,0,2,3,0,B01
200800035282,0,32,0,0,2,1,1,A01
200800035283,0,7,0,0,2,2,14,A01
200800035283,0,32,0,0,2,6,16,B01
200800035283,0,7,0,0,2,3,16,C01
200800035284,0,2,0,0,2,1,2,A01
200800035284,0,7,0,0,2,4,23,B01
200800035285,0,33,0,0,2,1,1,A01
200800035286,0,32,0,0,2,8,18,A01
200800035286,0,7,0,0,2,7,1,B01
200800035287,0,32,0,0,0,0,7,A01
200800035288,0,10,0,0,1,5,4,A01
200800035289,0,2,0,0,0,1,1,B01
200800035289,0,7,0,0,2,7,0,A01
200800035290,0,33,0,0,2,1,11,A01
200800035291,0,1,0,1,0,1,1,A01
200800035291,0,1,0,1,0,1,13,B01
200800035292,0,7,0,11,1,3,7,A01
200800035292,0,7,0,0,1,7,2,B01
200800035293,0,2,0,0,1,1,1,A01
200800035294,0,7,0,0,0,8,22,A01
200800035294,0,30,0,1,0,1,12,B01
200800035294,0,10,0,0,9,5,1,C01
200800035295,0,32,0,0,1,3,1,A01
200800035296,0,10,0,0,2,8,23,B01
200800035296,0,33,0,0,0,2,17,A01
200800035297,0,7,0,0,2,2,10,A01
200800035297,0,32,0,0,2,1,1,B01
200800035298,1,7,0,0,0,0,10,B01
200800035298,0,33,0,0,2,0,0,A01
200800035299,0,32,0,0,0,1,1,A01
200800035299,0,7,0,0,0,2,16,B01
200800035300,1,1,0,0,1,0,0,A01
200800035301,0,33,0,0,1,2,2,A01
200800035302,0,7,0,0,2,7,2,A01
200800035302,0,1,0,0,2,8,2,B01
200800035303,0,7,0,0,0,3,0,B01
200800035303,0,30,0,0,0,7,0,A01
200800035304,0,7,0,0,1,3,1,A01
200800035305,0,32,0,0,2,7,5,A01
200800035305,0,7,0,0,2,2,9,B01
200800035306,0,7,0,0,1,2,2,A01
200800035307,0,30,0,0,0,0,0,A01
200800035308,0,7,0,0,2,1,1,A01
200800035308,0,7,0,0,0,4,23,B01
200800035309,0,7,0,0,2,1,2,A01
200800035309,0,7,0,0,0,4,2,B01
200800035309,0,7,0,0,2,1,2,C01
200800035310,0,7,0,0,2,2,0,A01
200800035310,0,33,0,0,2,7,0,B01
200800035311,0,7,0,0,2,8,10,A01
200800035311,0,32,0,0,2,7,1,B01
200800035312,0,7,0,0,0,1,0,A01
200800035312,0,32,0,0,2,1,1,B01
200800035313,0,7,0,0,1,2,1,A01
200800035314,0,30,0,0,0,8,1,A01
200800035315,0,7,0,0,2,7,16,B01
200800035315,0,31,0,0,2,8,15,A01
200800035316,0,7,0,0,1,3,1,A01
200800035317,0,7,0,1,0,2,14,A01
200800035318,0,30,0,0,0,8,1,B01
200800035318,0,7,0,0,2,3,15,A01
200800035319,0,33,0,0,0,8,2,A01
200800035319,0,33,0,0,0,4,2,B01
200800035320,0,1,0,0,0,0,21,A01
200800035321,0,7,0,0,1,8,7,A01
200800035322,0,30,0,0,1,1,21,A01
200800035323,0,30,0,0,5,9,21,A01
200800035324,0,7,0,0,1,3,20,A01
200800035325,0,7,0,0,1,7,1,A01
200800035326,0,7,0,0,0,6,2,B01
200800035326,0,2,0,0,0,1,2,A01
200800035327,1,7,0,0,1,0,4,A01
200800035328,0,7,0,0,0,1,1,A01
200800035328,0,7,0,0,0,1,1,B01
200800035328,0,7,0,0,0,4,1,C01
200800035329,0,7,0,0,0,1,1,A01
200800035329,0,1,0,0,0,4,1,B01
200800035330,0,7,0,0,0,2,2,A01
200800035330,0,1,0,0,0,8,2,B01
200800035331,0,7,0,0,0,8,24,A01
200800035331,0,1,0,1,0,1,2,B01
200800035332,0,10,0,0,2,2,2,A01
200800035332,0,32,0,0,2,8,2,B01
200800035333,0,14,0,0,2,4,23,B01
200800035333,0,7,0,14,9,1,1,A01
200800035334,0,33,0,0,1,1,2,A01
200800035335,0,7,0,0,2,2,22,A01
200800035335,0,1,0,1,0,1,2,B01
200800035336,0,10,0,0,0,6,4,A01
200800035337,0,33,0,0,2,1,1,A01
200800035337,0,7,0,0,9,3,1,B01
200800035338,2,1,0,0,1,8,0,A01
200800035339,0,31,0,12,0,8,18,B01
200800035339,0,10,0,0,0,2,16,A01
200800035340,0,2,0,0,0,0,0,A01
200800035340,0,10,0,0,0,0,0,B01
200800035341,0,30,0,0,1,0,2,A01
200800035342,0,32,0,0,1,2,1,A01
200800035343,0,7,0,0,2,6,24,A01
200800035343,0,33,0,1,2,2,3,B01
200800035343,0,37,50,1,0,5,17,C01
200800035344,0,32,0,0,2,1,0,A01
200800035344,0,7,0,0,0,6,0,B01
200800035345,0,7,0,0,2,1,2,A01
200800035345,0,7,0,1,2,9,2,B01
200800035345,0,7,0,0,2,4,2,C01