Num_Acc,senc,catv,occutc,obs,obsm,choc,manv,num_veh
200800036094,0,3,0,0,2,1,13,B02
200800036095,0,13,0,0,1,2,1,A01
200800036096,0,7,0,0,2,3,13,A01
200800036096,0,17,0,0,2,3,1,B02
200800036097,0,10,0,13,0,2,1,A01
200800036098,0,7,0,8,0,1,1,A01
200800036099,0,14,0,0,0,3,16,A01
200800036099,0,7,0,2,2,7,21,B02
200800036100,0,33,0,0,2,1,1,A01
200800036100,0,21,0,0,2,4,1,B02
200800036101,0,33,0,0,2,1,1,A01
200800036101,0,7,0,0,2,5,19,B02
200800036102,0,31,0,0,0,1,13,A01
200800036103,0,7,0,0,2,1,6,A01
200800036103,0,17,0,0,2,1,1,B02
200800036104,0,30,0,0,2,8,1,A01
200800036104,0,39,0,0,2,1,1,B02
200800036105,0,2,0,0,2,1,15,A01
200800036105,0,7,0,0,2,3,19,B02
200800036106,0,7,0,8,0,2,1,A01
200800036107,0,7,0,0,2,3,15,A01
200800036107,0,2,0,0,2,1,1,B02
200800036108,0,7,0,0,0,2,1,A01
200800036109,0,7,0,0,2,0,11,A01
200800036109,0,2,0,0,2,0,2,B02
200800036110,0,7,0,0,0,1,17,A01
200800036111,0,7,0,0,2,3,10,A01
200800036111,0,2,0,0,2,1,21,B02
200800036112,0,30,0,0,2,1,13,A01
200800036112,0,7,0,0,2,3,2,B02
200800036113,0,7,0,12,0,3,1,A01
200800036114,0,3,0,0,2,2,11,A01
200800036114,0,10,0,0,2,1,1,B02
200800036115,0,2,0,0,2,7,1,B02
200800036115,0,7,0,0,2,1,1,A01
200800036116,0,7,0,0,2,1,1,A01
200800036116,0,10,0,0,0,4,15,B02
200800036117,0,7,0,0,2,1,1,B02
200800036117,0,7,0,0,2,1,1,A01
200800036118,0,33,0,0,2,1,1,A01
200800036118,0,7,0,0,2,2,15,B02
200800036119,0,30,0,0,2,1,13,A01
200800036119,0,7,0,0,2,2,21,B02
200800036120,0,36,0,0,0,2,0,A01
200800036121,0,2,0,6,0,7,14,A01
200800036122,0,7,0,1,0,6,23,A01
200800036122,0,3,0,0,0,6,1,B02
200800036122,0,31,0,1,0,1,21,C03
200800036123,0,1,0,0,2,1,1,A01
200800036123,0,7,0,0,0,7,0,B02
200800036124,0,7,0,0,2,2,2,A01
200800036124,0,1,0,0,2,8,15,B02
200800036125,0,31,0,0,0,7,15,A01
200800036125,0,7,0,0,0,1,1,B02
200800036126,0,2,0,0,0,0,5,A01
200800036126,0,7,0,0,0,0,15,B02
200800036127,0,7,0,0,2,2,2,A01
200800036127,0,1,0,0,2,6,15,B02
200800036128,0,7,0,0,1,2,11,A01
200800036129,0,1,0,0,9,1,0,A01
200800036130,0,7,0,10,0,1,1,A01
200800036131,0,33,0,0,2,3,17,A01
200800036131,0,7,0,0,2,5,15,B02
200800036132,0,7,0,0,2,1,1,A01
200800036132,0,7,0,0,2,2,1,B02
200800036133,0,7,0,2,0,3,19,A01
200800036134,0,33,0,0,2,1,13,A01
200800036134,0,14,0,0,2,3,1,B02
200800036135,0,7,0,0,2,2,15,A01
200800036135,0,33,0,0,2,1,1,B02
200800036135,0,10,0,0,2,8,23,C03
200800036136,0,30,0,0,0,1,1,A01
200800036137,0,7,0,0,2,3,13,A01
200800036137,0,31,0,0,2,8,1,B02
200800036137,0,7,0,0,2,6,1,C03
200800036138,0,7,0,0,0,8,1,A01
200800036138,0,7,0,0,2,1,19,B02
200800036139,0,7,0,0,2,1,1,A01
200800036139,0,10,0,0,2,1,1,B02
200800036139,0,7,0,0,2,8,1,C03
200800036140,0,10,0,0,2,1,1,B02
200800036140,0,30,0,0,2,1,1,A01
200800036141,0,33,0,0,2,5,1,A01
200800036141,0,10,0,0,2,2,15,B02
200800036142,0,7,0,0,2,1,1,A01
200800036142,0,36,0,0,2,1,1,B02
200800036143,0,2,0,0,2,1,1,A01
200800036143,1,7,0,0,2,5,1,B02
200800036144,0,14,0,0,0,1,1,A01
200800036144,0,31,0,0,2,1,16,B02
200800036145,0,15,0,16,0,6,1,A01
200800036145,0,7,0,0,2,1,1,B02
200800036145,0,7,0,0,2,8,1,C03
200800036145,0,7,0,0,2,8,1,D04
200800036146,0,21,0,0,2,1,1,A01
200800036146,0,7,0,0,2,3,15,B02
200800036147,0,7,0,2,0,8,1,A01
200800036148,0,1,0,0,2,1,1,B02
200800036148,0,7,0,0,2,8,1,A01
200800036149,0,7,0,0,2,6,1,A01
200800036149,0,7,0,0,2,1,17,B02
200800036150,0,7,0,16,0,9,14,A01
200800036151,0,33,0,0,2,1,17,A01
200800036151,0,21,0,0,0,8,15,B02
200800036152,0,7,0,0,2,1,1,A01
200800036152,0,7,0,0,2,7,1,B02
200800036153,0,7,0,0,2,8,1,A01
200800036153,0,7,0,0,2,1,15,B02
200800036154,0,2,0,0,2,1,1,A01
200800036154,0,7,0,0,2,3,19,B02
200800036154,0,7,0,0,2,6,24,C03
200800036155,0,7,0,0,2,1,17,A01
200800036155,0,21,0,0,2,8,15,B02
200800036156,0,7,0,13,0,1,1,A01
200800036157,0,7,0,2,0,1,1,A01
200800036158,0,7,0,0,1,1,1,A01
200800036159,0,7,0,0,2,3,1,A01
200800036159,0,10,0,0,2,3,1,B02
200800036160,0,10,0,0,2,8,1,A01
200800036160,0,14,0,0,2,1,1,B02
200800036161,0,7,0,0,2,1,1,A01
200800036161,0,7,0,0,2,2,19,B02
200800036161,0,7,0,0,2,3,23,C03
200800036162,0,10,0,0,2,1,11,A01
200800036162,0,10,0,0,2,1,1,B02
200800036162,0,10,0,0,2,7,1,C03
200800036163,0,7,0,0,0,2,15,A01
200800036163,0,33,0,0,2,5,2,B02
200800036164,0,31,0,13,0,1,1,A01
200800036165,0,36,0,8,0,3,1,A01
200800036166,0,33,0,12,0,1,1,A01
200800036167,0,7,0,6,0,3,1,A01
200800036168,0,7,0,2,0,1,13,A01
200800036169,0,31,0,0,2,8,1,A01
200800036170,0,7,0,0,2,1,5,A01
200800036170,0,21,0,0,2,3,1,B02
200800036171,0,7,0,0,2,3,1,A01
200800036171,0,7,0,0,2,1,1,B02
200800036172,0,33,0,5,0,3,1,A01
200800036173,0,7,0,0,0,2,2,A01
200800036174,0,7,0,13,0,9,0,A01
200800036175,0,7,0,0,2,7,15,A01
200800036175,0,33,0,0,2,1,1,B02
200800036176,0,7,0,0,1,5,4,A01
200800036177,0,7,0,0,0,3,19,A01
200800036177,0,7,0,0,0,2,13,B02
200800036178,0,31,0,0,2,1,1,A01
200800036178,0,15,0,0,2,4,1,B02
200800036179,0,7,0,0,1,4,4,A01
200800036180,0,7,0,0,0,1,1,A01
200800036181,0,2,0,0,2,1,17,A01
200800036181,0,10,0,0,9,2,15,B02
200800036182,0,31,0,2,0,1,1,A01
200800036183,0,7,0,0,0,9,1,A01
200800036184,0,7,0,0,2,3,16,A01
200800036184,0,7,0,0,2,8,15,B02
200800036185,0,7,0,13,0,1,1,A01
200800036186,0,7,0,0,9,1,19,A01
200800036186,0,1,0,0,2,1,1,B02
200800036187,0,7,0,2,0,2,1,A01
200800036188,0,33,0,0,0,8,1,A01
200800036189,0,7,0,0,2,2,1,A01
200800036189,0,7,0,0,2,3,1,B02
200800036190,0,7,0,0,0,7,1,A01
200800036191,0,7,0,0,2,7,19,A01
200800036191,0,7,0,0,2,1,1,B02
200800036192,0,33,0,0,0,2,1,A01
200800036193,0,33,0,16,0,2,14,A01
200800036194,0,36,0,0,0,0,10,A01
200800036195,0,7,0,0,2,1,11,A01
200800036195,0,2,0,0,2,8,1,B02
200800036196,0,7,0,0,2,1,1,A01
200800036196,0,7,0,0,2,1,1,B02
200800036197,0,7,0,2,0,2,14,A01
200800036198,0,30,0,0,0,0,1,A01
200800036199,0,7,0,0,2,2,19,A01
200800036199,0,7,0,0,2,3,1,B02
200800036200,0,10,0,0,2,3,1,A01
200800036200,0,99,0,0,2,3,1,B02
200800036201,0,7,0,0,0,7,14,A01
200800036202,0,33,0,0,0,0,0,A01
200800036203,0,7,0,0,2,1,13,A01
200800036203,0,7,0,0,2,1,1,B02
200800036204,0,7,0,0,0,6,1,A01
200800036204,0,7,0,0,0,1,0,B02
200800036205,0,7,0,2,0,8,14,A01
200800036206,0,7,0,8,0,3,1,A01
200800036207,0,10,0,0,9,2,2,A01
200800036207,0,1,0,0,2,4,1,B02
200800036208,0,30,0,0,2,1,0,A01
200800036208,0,7,0,0,2,1,15,B02
200800036209,0,2,0,0,0,0,1,A01
200800036209,0,7,0,0,2,1,15,B02
200800036210,0,7,0,0,2,2,1,A01
200800036210,0,1,0,0,2,1,1,B02
200800036211,0,7,0,0,2,6,13,A01
200800036211,0,10,0,0,2,2,1,B02
200800036212,0,7,0,0,2,3,17,A01
200800036212,0,1,0,0,0,4,13,B02
200800036213,0,7,0,0,2,1,9,A01
200800036213,0,7,0,0,2,8,1,B02
200800036214,0,7,0,13,0,1,21,A01
200800036214,1,30,0,0,0,0,13,B02
200800036215,0,7,0,0,2,2,1,A01
200800036215,0,7,0,0,2,8,16,B02
200800036216,0,7,0,0,2,3,13,A01
200800036216,0,7,0,0,2,1,1,B02
200800036217,0,7,0,0,2,1,1,A01
200800036217,0,7,0,0,2,1,1,B02
200800036218,0,31,0,0,2,8,13,A01
200800036218,0,16,0,0,2,3,1,B02
200800036219,0,32,0,0,1,1,1,A01
200800036220,0,16,0,0,1,5,1,A01
200800036221,0,2,0,15,0,3,1,A01
200800036222,0,7,0,13,0,1,1,A01
200800036223,0,2,0,6,0,7,1,A01
200800036224,0,3,0,13,0,1,1,A01
200800036225,0,2,0,6,0,1,1,A01
200800036226,0,21,0,0,0,2,1,A01
200800036227,0,7,0,0,2,1,17,A01
200800036227,0,7,0,0,2,6,15,B02
200800036228,0,7,0,0,2,3,16,B02
200800036228,0,7,0,0,2,3,1,A01
200800036229,0,10,0,0,1,3,1,A01
200800036230,0,7,0,0,1,3,0,A01
200800036231,0,7,0,0,0,2,19,A01
200800036231,0,1,0,0,2,1,1,B02
200800036232,0,7,0,0,9,1,19,A01
200800036232,0,1,0,0,2,7,1,B02
200800036233,0,30,0,0,2,7,19,A01
200800036233,0,7,0,0,2,8,1,B02
200800036234,0,7,0,0,1,3,1,A01
200800036235,0,33,0,0,0,0,1,A01
200800036235,0,7,0,0,0,0,1,B02
200800036235,0,99,0,0,0,0,1,C03
200800036236,0,7,0,0,2,4,15,A01
200800036236,0,7,0,0,2,4,1,B02
200800036236,0,7,0,0,2,1,1,C03
200800036236,0,10,0,0,2,1,1,D04
200800036237,0,7,0,0,1,1,1,A01
200800036238,0,7,0,0,1,1,1,A01
200800036239,0,10,0,13,0,6,1,A01
200800036240,0,1,0,0,2,4,1,A01
200800036240,0,7,0,0,9,3,1,B02
200800036241,0,7,0,6,0,2,0,A01
200800036242,0,7,0,0,1,2,1,A01
200800036243,0,7,0,0,1,7,1,A01
200800036244,0,31,0,0,2,5,15,A01
200800036244,1,7,0,0,2,0,1,B02
200800036245,0,17,0,13,0,8,1,A01
200800036246,0,30,0,0,2,8,15,A01
200800036246,0,7,0,0,9,1,1,B02
200800036247,0,10,0,13,0,1,1,A01
200800036248,0,7,0,0,2,2,17,A01
200800036248,0,21,0,0,2,6,15,B02
200800036249,0,7,0,0,1,1,1,A01
200800036250,0,2,0,0,2,1,13,A01
200800036250,0,7,0,0,9,3,1,B02
200800036251,0,31,0,0,2,8,1,A01
200800036251,0,7,0,0,2,3,1,B02
200800036252,0,7,0,0,2,1,13,A01
200800036252,0,7,0,0,2,1,1,B02
200800036253,0,10,0,0,2,1,2,A01
200800036253,0,7,0,0,2,4,2,B02
200800036253,0,7,0,0,2,4,2,C03
200800036254,0,14,0,0,1,7,1,A01
200800036255,0,30,0,0,9,8,15,A01
200800036255,0,7,0,0,2,2,21,B02
200800036256,0,7,0,0,2,3,13,A01
200800036256,0,33,0,0,2,3,1,B02
200800036256,0,33,0,0,2,2,1,C03
200800036256,0,33,0,0,2,2,1,D04
200800036257,0,7,0,0,1,3,23,A01
200800036258,0,7,0,0,0,8,15,A01
200800036258,0,10,0,0,2,3,1,B02
200800036259,0,10,0,0,2,1,9,A01
200800036259,0,33,0,0,0,1,1,B02
200800036260,0,7,0,0,2,3,1,B02
200800036260,0,1,0,0,2,8,16,A01
200800036261,0,7,0,0,2,3,17,A01
200800036261,0,7,0,0,2,1,1,B02
200800036262,0,33,0,0,0,8,1,A01
200800036263,0,7,0,0,1,2,21,A01
200800036264,0,7,0,0,0,0,1,A01
200800036264,0,33,0,8,0,1,1,B02
200800036265,0,7,0,0,1,5,4,A01
200800036266,0,7,0,0,2,1,13,A01
200800036266,0,33,0,0,2,1,1,B02
200800036267,0,1,0,0,2,1,19,A01
200800036267,0,7,0,0,2,1,1,B02
200800036268,0,7,0,0,2,1,1,A01
200800036268,0,7,0,0,2,4,2,B02
200800036269,0,7,0,0,0,5,19,A01
200800036269,0,30,0,0,2,1,1,B02
200800036270,0,33,0,0,2,7,2,A01
200800036270,0,7,0,0,0,6,2,B02
200800036271,0,33,0,2,0,8,1,A01
200800036272,0,10,0,0,0,3,1,A01
200800036272,0,10,0,0,0,3,1,B02
200800036273,0,2,0,0,2,1,2,A01
200800036273,0,7,0,0,2,6,15,B02
200800036274,0,33,0,13,0,9,1,A01
200800036275,0,33,0,0,0,0,1,A01
200800036276,0,7,0,0,2,1,1,A01
200800036276,0,17,0,0,2,4,1,B02
200800036277,0,99,0,13,0,2,1,A01
200800036278,0,33,0,0,2,3,13,A01
200800036278,0,7,0,0,2,3,1,B02
200800036279,0,7,0,16,0,3,1,A01
200800036280,0,32,0,0,2,8,17,B02
200800036280,0,7,0,0,2,8,15,A01
200800036281,0,7,0,0,0,3,13,A01
200800036281,0,7,0,0,0,1,0,B02
200800036282,0,7,0,0,0,5,15,A01
200800036282,0,7,0,0,2,2,1,B02
200800036283,0,7,0,0,2,8,1,C03
200800036283,0,7,0,0,2,1,1,A01
200800036283,0,7,0,0,2,1,1,B02
200800036284,0,7,0,0,2,3,1,A01
200800036284,0,10,0,0,2,8,1,B02
200800036285,0,7,0,0,2,7,1,A01
200800036285,0,1,0,0,2,1,19,B02
200800036286,0,33,0,2,0,7,1,A01
200800036286,0,7,0,0,2,8,1,B02
200800036287,0,7,0,0,2,8,9,A01
200800036287,0,2,0,0,2,1,1,B02
200800036288,0,7,0,0,0,8,10,A01
200800036288,0,7,0,0,2,1,21,B02
200800036289,0,2,0,8,0,1,1,A01
200800036290,0,7,0,0,2,3,15,A01
200800036290,0,33,0,0,2,1,17,B02
200800036291,0,21,0,0,2,3,15,A01
200800036291,0,33,0,0,2,3,17,B02
200800036292,0,7,0,13,0,1,0,A01
200800036293,0,10,0,0,2,5,4,B02
200800036293,0,33,0,0,2,8,1,A01
200800036294,0,17,0,0,1,0,1,A01
200800036295,0,33,0,14,0,1,1,A01
200800036296,0,7,0,0,2,2,13,A01
200800036296,0,33,0,0,2,1,1,B02
200800036297,0,7,0,2,0,1,1,A01
200800036298,0,7,0,13,2,3,1,A01
200800036298,0,7,0,0,2,3,1,B02
200800036299,0,7,0,0,2,2,5,A01
200800036299,0,33,0,0,2,1,1,B02
200800036300,0,33,0,8,0,4,0,A01
200800036301,0,31,0,0,0,1,1,A01
200800036302,0,7,0,0,2,2,15,B02
200800036302,0,31,0,0,2,2,1,A01
200800036303,0,32,0,0,2,1,13,A01
200800036303,0,7,0,0,2,1,1,B02
200800036304,0,7,0,0,2,1,1,A01
200800036304,0,3,0,0,2,8,19,B02
200800036305,0,7,0,8,0,1,13,A01
200800036306,0,7,0,0,4,1,1,A01
200800036306,0,39,0,0,0,3,1,B02
200800036307,0,7,0,0,2,3,13,A01
200800036307,0,7,0,0,2,8,1,B02
200800036307,0,7,0,0,2,1,1,C03
200800036308,0,7,0,0,0,1,1,A01
200800036308,0,32,0,0,0,1,1,B02
200800036309,0,33,0,6,0,3,1,A01
200800036310,0,7,0,14,0,1,1,A01
200800036311,0,7,0,0,1,2,1,A01
200800036312,0,7,0,2,0,5,1,A01
200800036313,0,33,0,0,2,1,1,A01
200800036313,0,7,0,0,2,8,1,B02
200800036313,0,7,0,0,2,1,1,C03
200800036313,0,7,0,0,2,0,1,D04
200800036314,0,33,0,0,2,1,1,A01
200800036314,0,33,0,0,2,8,1,B02
200800036314,0,33,0,0,2,7,1,C03
200800036314,0,33,0,0,2,7,1,D04
200800036315,0,33,0,0,0,1,1,A01
200800036316,0,7,0,13,0,1,1,A01
200800036317,0,2,0,0,2,1,1,B02
200800036317,0,7,0,0,2,6,15,A01
200800036318,0,2,0,0,2,3,13,A01
200800036318,0,7,0,0,2,6,1,B02
200800036319,0,10,0,0,0,7,15,A01
200800036319,0,2,0,0,2,1,1,B02
200800036320,0,30,0,0,2,1,13,A01
200800036320,0,10,0,0,2,3,1,B02
200800036321,0,31,0,0,2,1,13,A01
200800036321,0,21,0,0,2,8,1,B02
200800036322,0,7,0,0,2,5,15,A01
200800036322,0,7,0,0,2,2,1,B02
200800036322,0,7,0,0,2,3,1,C03
200800036323,0,7,0,0,1,0,13,A01
200800036323,0,7,0,0,2,0,1,B02
200800036324,0,7,0,2,0,2,1,A01
200800036325,0,17,0,0,2,3,1,A01
200800036325,0,10,0,0,2,3,13,B02
200800036326,0,7,0,0,0,0,17,A01
200800036326,0,33,0,0,0,0,17,B02
200800036327,0,10,0,0,0,8,1,A01
200800036328,0,7,0,0,2,1,19,A01
200800036328,0,7,0,0,0,8,1,B02
200800036329,0,10,0,0,0,8,15,A01
200800036329,0,33,0,0,2,1,13,B02
200800036330,0,21,0,0,1,2,15,A01
200800036331,0,7,0,0,1,4,4,A01
200800036332,0,7,0,0,2,2,19,A01
200800036332,0,2,0,0,2,1,1,B02
200800036333,0,7,0,0,2,3,21,A01
200800036333,0,7,0,0,2,1,5,B02
200800036334,0,33,0,0,0,1,1,A01
200800036335,0,7,0,0,2,1,15,A01
200800036335,0,33,0,0,2,1,1,B02
200800036336,0,7,0,0,2,1,13,A01
200800036336,0,7,0,0,2,1,1,B02
200800036337,0,7,0,8,2,2,15,A01
200800036337,0,7,0,0,2,8,15,B02
200800036338,0,7,0,0,2,3,13,A01
200800036338,0,17,0,0,2,3,21,B02
200800036339,0,7,0,0,2,8,6,A01
200800036339,0,7,0,0,2,1,1,B02
200800036340,0,1,0,0,2,3,1,B02
200800036340,0,30,0,0,2,2,1,A01
200800036341,0,7,0,13,0,0,13,A01
200800036342,0,30,0,0,2,1,0,A01
200800036342,0,7,0,0,2,1,0,B02
200800036343,0,7,0,0,2,1,14,A01
200800036343,0,7,0,0,2,4,1,B02
200800036343,0,7,0,0,2,1,1,C03
200800036344,0,2,0,0,0,0,1,A01
200800036345,0,7,0,0,1,0,1,A01
200800036346,0,7,0,0,2,7,19,A01
200800036346,0,7,0,0,2,1,1,B02
200800036347,0,7,0,0,2,3,13,A01
200800036347,0,10,0,0,2,3,1,B02
200800036348,0,7,0,0,1,3,1,A01
200800036349,0,7,0,0,2,4,23,A01
200800036349,0,7,0,0,2,1,1,B02
200800036350,0,30,0,0,0,7,5,A01
200800036351,0,14,0,0,2,1,13,A01
200800036351,0,14,0,0,2,1,1,B02
200800036352,0,7,0,13,0,1,18,A01
200800036353,0,10,0,0,2,7,19,A01
200800036353,0,10,0,0,2,1,1,B02
200800036354,0,7,0,0,2,2,1,A01
200800036354,0,1,0,0,2,8,19,B02
200800036355,0,7,0,0,2,1,1,B02
200800036355,0,7,0,0,2,3,13,A01
200800036356,0,2,0,0,2,1,2,A01
200800036356,0,7,0,0,2,3,2,B02
200800036357,0,7,0,0,2,3,15,A01
200800036357,0,30,0,0,2,1,1,B02
200800036358,0,7,0,0,2,3,13,A01
200800036358,0,7,0,13,2,3,1,B02
200800036359,0,30,0,1,0,1,0,A01
200800036360,0,7,0,2,0,7,1,A01
200800036361,0,31,0,13,0,1,1,A01
200800036362,0,7,0,6,0,1,1,A01
200800036363,0,7,0,0,2,8,15,A01
200800036363,0,33,0,0,2,1,1,B02
200800036364,0,33,0,0,0,0,1,A01
200800036365,0,10,0,0,2,2,1,A01
200800036365,0,35,0,0,2,8,1,B02
200800036366,0,7,0,0,2,7,15,A01
200800036366,0,2,0,0,2,1,1,B02
200800036367,0,7,0,0,2,1,13,A01
200800036367,0,7,0,0,2,1,1,B02
200800036368,0,7,0,0,9,2,1,A01
200800036368,0,1,0,0,2,3,1,B02
200800036369,0,10,0,0,9,7,2,A01
200800036369,0,1,0,0,2,8,13,B02
200800036370,0,1,0,0,2,6,1,A01
200800036370,0,33,0,0,2,1,2,B02
200800036371,0,7,0,0,2,2,15,A01
200800036371,0,7,0,0,2,1,1,B02
200800036371,0,10,0,0,2,1,23,C03
200800036372,0,7,0,0,2,3,15,A01
200800036372,0,33,0,0,2,2,1,B02
200800036373,0,7,0,0,2,3,15,A01
200800036373,0,33,0,0,2,1,17,B02
200800036374,0,30,0,0,2,1,13,A01
200800036374,0,7,0,0,2,2,0,B02
200800036375,0,31,0,8,0,7,1,A01
200800036376,0,7,0,0,2,1,13,A01
200800036376,0,7,0,0,2,1,1,B02
200800036377,0,7,0,1,0,9,13,A01
200800036378,0,30,0,0,2,1,5,A01
200800036378,0,10,0,0,2,1,1,B02
200800036379,0,7,0,0,1,2,13,A01
200800036380,0,7,0,3,2,3,13,A01
200800036380,0,10,0,3,2,1,1,B02
200800036380,0,7,0,0,2,1,1,C03
200800036381,0,33,0,13,0,2,1,A01
200800036382,0,7,0,0,2,7,14,A01
200800036382,0,2,0,0,2,8,1,B02
200800036383,0,7,0,13,0,2,1,A01
200800036384,0,7,0,13,0,1,1,A01
200800036385,0,7,0,0,2,1,19,B02
200800036385,0,33,0,0,2,4,1,A01
200800036386,0,7,0,0,2,8,1,A01
200800036386,0,2,0,0,2,1,19,B02
200800036387,0,33,0,0,0,8,1,A01
200800036388,0,2,0,0,0,0,1,A01
200800036388,0,1,0,0,0,0,1,B02
200800036389,0,10,0,0,2,1,13,A01
200800036389,0,7,0,0,2,1,1,B02
200800036389,0,7,0,0,2,2,1,C03
200800036390,0,10,0,0,2,2,2,A01
200800036390,0,3,0,0,2,4,2,B02
200800036391,0,7,0,0,2,3,15,A01
200800036391,0,7,0,0,2,3,1,B02
200800036392,0,7,0,2,0,1,1,A01
200800036393,0,7,0,0,2,2,15,A01
200800036393,0,1,0,0,2,1,1,B02
200800036394,0,7,0,0,2,2,1,A01
200800036394,0,7,0,0,2,3,1,B02
200800036395,0,7,0,6,0,1,1,A01
200800036396,0,7,0,0,5,2,1,A01
200800036397,0,35,0,0,2,1,2,A01
200800036397,0,7,0,0,2,4,23,B02
200800036398,0,32,0,0,2,1,2,A01
200800036398,0,7,0,0,2,4,2,B02
200800036399,0,7,0,0,9,1,1,A01
200800036399,0,1,0,0,2,7,1,B02
200800036400,0,7,0,0,9,0,1,A01
200800036400,0,1,0,0,2,1,13,B02
200800036401,0,7,0,0,2,2,19,A01
200800036401,0,7,0,0,2,3,1,B02
200800036402,0,7,0,0,2,3,5,A01
200800036402,0,7,0,0,2,3,1,B02
200800036403,0,33,0,0,2,1,1,A01
200800036403,0,99,0,0,2,7,1,B02
200800036403,0,99,0,0,2,7,1,C03
200800036404,0,30,0,0,2,1,19,B02
200800036404,0,7,0,0,2,7,1,A01
200800036405,0,7,0,6,2,8,13,A01
200800036405,0,7,0,0,2,8,1,B02
200800036406,0,31,0,11,0,1,17,A01
200800036407,0,31,0,13,0,1,17,A01
200800036408,0,33,0,0,2,1,17,A01
200800036408,0,10,0,0,2,3,15,B02
200800036409,0,7,0,2,0,3,1,A01
200800036410,0,7,0,0,2,6,1,A01
200800036410,0,33,0,0,2,1,2,B02
200800036411,0,33,0,0,2,2,15,A01
200800036411,0,7,0,0,2,6,15,B02
200800036412,0,2,0,0,0,8,10,A01
200800036413,0,2,0,0,2,1,13,A01
200800036413,0,7,0,0,2,3,1,B02
200800036414,0,30,0,16,0,1,19,A01
200800036415,0,7,0,6,0,3,13,A01
200800036416,0,2,0,0,1,3,13,A01
200800036416,0,16,0,0,2,3,1,B02
200800036417,0,7,0,0,2,1,1,A01
200800036417,0,7,0,0,2,8,19,B02
200800036418,0,10,0,16,0,3,19,A01
200800036419,0,7,0,0,2,1,1,A01
200800036419,0,7,0,0,2,7,19,B02
200800036420,0,7,0,0,2,1,2,A01
200800036420,0,7,0,0,2,4,2,B02
200800036421,0,30,0,0,2,1,14,A01
200800036421,0,30,0,0,2,4,14,B02
200800036422,0,7,0,0,2,3,1,A01
200800036422,0,7,0,0,2,3,1,B02
200800036423,0,33,0,0,2,0,17,A01
200800036423,0,7,0,0,0,0,2,B02
200800036424,0,7,0,0,2,3,13,A01
200800036424,0,7,0,0,2,3,1,B02
200800036424,0,7,0,0,2,1,1,C03
200800036425,0,7,0,16,0,1,1,A01
200800036426,0,33,0,0,2,9,17,A01
200800036426,0,7,0,0,9,3,15,B02
200800036427,0,7,0,0,2,3,1,A01
200800036427,0,30,0,0,2,3,1,B02
200800036428,0,30,0,0,2,1,1,A01
200800036428,0,7,0,0,2,3,19,B02
200800036429,0,31,0,0,2,0,0,A01
200800036429,0,21,0,0,2,1,1,B02
200800036430,0,33,0,0,2,1,1,A01
200800036430,0,7,0,0,2,1,1,B02
200800036431,0,7,0,0,2,2,15,A01
200800036431,0,1,0,0,2,1,16,B02
200800036432,0,7,0,8,0,7,0,A01
200800036433,0,7,0,0,2,3,13,A01
200800036433,0,7,0,0,2,3,1,B02
200800036434,0,7,0,0,1,2,1,A01
200800036435,0,7,0,0,2,2,2,A01
200800036435,0,10,0,0,0,6,1,B02
200800036435,0,17,0,15,0,0,21,C03
200800036436,0,33,0,0,2,1,17,A01
200800036436,0,7,0,0,2,3,1,B02
200800036437,0,7,0,0,2,1,15,A01
200800036437,0,33,0,0,2,1,1,B02
200800036438,0,7,0,13,0,1,1,A01
200800036439,0,2,0,0,2,1,13,A01
200800036439,0,2,0,0,2,1,1,B02
200800036440,0,33,0,13,0,1,1,A01
200800036440,0,33,0,7,0,1,1,B02
200800036441,0,7,0,0,2,3,13,A01
200800036441,0,7,0,0,2,3,1,B02
200800036442,0,7,0,2,0,1,0,A01
200800036443,0,33,0,8,0,1,15,A01
200800036444,0,7,0,13,0,2,14,A01
200800036445,0,10,0,0,2,3,16,A01
200800036445,0,30,0,0,2,7,1,B02
200800036446,0,7,0,0,2,4,1,A01
200800036446,0,7,0,0,2,2,1,B02
200800036447,0,7,0,0,2,1,1,A01
200800036447,0,1,0,0,2,4,13,B02
200800036448,0,17,0,13,0,8,1,A01
200800036449,0,7,0,13,0,1,14,A01
200800036450,0,7,0,0,2,1,1,A01
200800036450,0,7,0,0,1,4,23,B02
200800036451,0,7,0,0,2,3,13,A01
200800036451,0,7,0,0,2,3,1,B02
200800036452,0,30,0,0,2,1,13,A01
200800036452,0,7,0,0,2,3,1,B02
200800036453,0,10,0,0,2,3,1,A01
200800036453,0,7,0,0,2,2,15,B02
200800036454,0,7,0,2,0,2,1,A01
200800036455,0,7,0,0,2,1,1,B02
200800036455,0,7,0,0,2,8,0,A01
200800036456,0,30,0,15,0,1,1,A01
200800036457,0,7,0,9,0,1,14,A01
200800036458,0,7,0,0,0,4,15,A01
200800036458,0,33,0,0,2,1,17,B02
200800036459,0,33,0,0,2,1,1,A01
200800036459,0,7,0,0,2,7,15,B02
200800036460,0,31,0,0,2,1,1,A01
200800036460,0,7,0,0,2,8,1,B02
200800036461,0,7,0,0,2,1,17,A01
200800036461,0,7,0,0,2,7,17,B02
200800036461,0,33,0,0,2,1,1,C03
200800036462,0,14,0,0,0,0,1,A01