Num_Acc,senc,catv,occutc,obs,obsm,choc,manv,num_veh
200800036462,0,33,0,0,9,8,1,B02
200800036463,0,7,0,0,0,3,15,A01
200800036463,0,2,0,0,0,8,1,B02
200800036464,0,7,0,0,2,2,1,A01
200800036464,0,7,0,0,2,3,15,B02
200800036465,0,33,0,0,2,1,1,A01
200800036465,0,7,0,0,2,3,1,B02
200800036466,0,7,0,0,2,7,15,A01
200800036466,0,2,0,0,2,1,1,B02
200800036467,0,2,0,0,2,1,1,A01
200800036467,0,7,0,0,2,7,1,B02
200800036468,0,7,0,0,2,3,15,A01
200800036468,0,7,0,0,2,1,1,B02
200800036469,0,7,0,12,0,7,15,A01
200800036470,0,30,0,0,2,1,2,A01
200800036470,0,10,0,0,0,4,23,B02
200800036471,0,7,0,0,9,5,15,A01
200800036471,0,1,0,0,2,0,1,B02
200800036472,0,1,0,0,0,1,1,A01
200800036473,0,7,0,1,1,1,21,A01
200800036473,0,7,0,0,0,7,24,B02
200800036474,0,30,0,13,0,1,0,A01
200800036475,0,7,0,0,2,1,19,A01
200800036475,0,7,0,0,2,1,21,B02
200800036476,0,7,0,6,0,1,1,A01
200800036477,0,7,0,0,2,1,1,A01
200800036477,0,7,0,0,2,4,1,B02
200800036477,0,7,0,0,2,1,1,C03
200800036478,0,31,0,0,0,0,2,A01
200800036479,0,33,0,0,6,8,1,A01
200800036480,0,2,0,0,2,2,1,A01
200800036480,0,1,0,0,0,3,1,B02
200800036481,0,7,0,0,2,1,15,A01
200800036481,0,10,0,0,2,7,1,B02
200800036482,0,30,0,0,2,7,1,A01
200800036482,0,7,0,0,2,1,1,B02
200800036483,0,7,0,2,0,2,1,A01
200800036484,0,7,0,0,2,5,1,A01
200800036484,0,14,0,0,2,2,1,B02
200800036485,0,7,0,0,2,3,13,A01
200800036485,0,99,0,0,2,8,1,B02
200800036485,0,7,0,0,2,8,1,C03
200800036486,0,7,0,0,6,0,1,A01
200800036487,0,7,0,0,2,3,13,A01
200800036487,0,7,0,0,2,3,1,B02
200800036488,0,33,0,0,0,0,17,A01
200800036489,0,7,0,0,9,8,15,A01
200800036489,0,1,0,0,2,1,2,B02
200800036489,0,1,0,0,2,1,2,C03
200800036490,0,7,0,0,2,3,13,A01
200800036490,0,7,0,0,2,3,21,B02
200800036491,0,33,0,0,2,7,23,A01
200800036491,0,7,0,0,0,1,1,B02
200800036492,0,2,0,0,0,8,1,A01
200800036493,0,7,0,0,2,3,13,A01
200800036493,0,14,0,0,2,3,1,B02
200800036494,0,7,0,0,2,3,15,A01
200800036494,0,33,0,0,2,8,1,B02
200800036495,0,7,0,0,2,2,13,A01
200800036495,0,10,0,0,2,0,1,B02
200800036496,0,7,0,0,1,2,17,A01
200800036497,0,14,0,13,0,1,1,A01
200800036498,0,7,0,1,0,2,1,A01
200800036498,0,21,0,1,0,6,23,B02
200800036499,0,21,0,0,2,5,15,A01
200800036499,0,33,0,0,2,7,1,B02
200800036500,0,33,0,1,0,1,17,A01
200800036500,0,7,0,1,0,1,0,B02
200800036500,0,7,0,1,0,4,0,C03
200800036501,0,7,0,13,0,1,1,A01
200800036502,0,7,0,13,0,2,1,A01
200800036503,0,10,0,0,2,6,1,A01
200800036503,0,2,0,0,2,1,1,B02
200800036504,0,7,0,0,2,2,1,A01
200800036504,0,31,0,0,0,1,1,B02
200800036505,0,7,0,13,0,1,1,A01
200800036506,0,7,0,2,0,3,2,A01
200800036507,0,30,0,0,2,1,13,A01
200800036507,0,7,0,0,2,1,1,B02
200800036508,0,33,0,13,0,1,1,A01
200800036509,0,7,0,0,0,1,0,A01
200800036510,0,2,0,0,2,1,1,A01
200800036510,0,7,0,0,2,2,1,B02
200800036511,0,2,0,1,0,7,1,A01
200800036512,0,7,0,0,2,2,15,A01
200800036512,0,2,0,0,2,1,1,B02
200800036513,0,10,0,0,2,2,1,B02
200800036513,0,10,0,0,2,1,16,A01
200800036514,0,30,0,0,5,1,1,A01
200800036515,0,7,0,8,0,1,11,A01
200800036516,0,7,0,0,2,1,1,A01
200800036516,0,7,0,0,2,3,19,B02
200800036517,0,7,0,16,0,2,13,A01
200800036518,0,7,0,0,2,3,1,A01
200800036518,0,1,0,0,2,1,19,B02
200800036519,0,7,0,0,2,1,2,A01
200800036519,0,1,0,0,2,4,2,B02
200800036520,0,7,0,0,0,3,0,A01
200800036520,0,14,0,0,0,3,0,B02
200800036521,0,7,0,6,0,3,13,A01
200800036522,0,7,0,0,2,7,19,A01
200800036522,0,7,0,0,2,1,1,B02
200800036523,0,7,0,0,2,1,1,A01
200800036523,0,30,0,0,2,8,19,B02
200800036524,0,7,0,0,2,1,1,A01
200800036524,0,32,0,0,2,4,1,B02
200800036524,0,7,0,0,2,4,1,C03
200800036524,0,10,0,0,2,4,1,D04
200800036525,0,10,0,0,2,6,19,A01
200800036525,0,33,0,0,2,3,1,B02
200800036526,0,7,0,0,2,7,16,A01
200800036526,0,33,0,0,0,1,18,B02
200800036527,0,7,0,0,2,1,1,B02
200800036527,0,2,0,0,2,6,1,A01
200800036528,0,7,0,6,0,3,16,A01
200800036529,0,7,0,0,2,7,15,A01
200800036529,0,32,0,0,2,1,1,B02
200800036530,0,7,0,0,2,7,15,A01
200800036530,0,30,0,0,2,1,18,B02
200800036531,0,7,0,8,0,1,13,A01
200800036532,0,10,0,0,2,1,1,A01
200800036532,0,7,0,0,2,5,19,B02
200800036533,0,7,0,0,2,3,1,A01
200800036533,0,2,0,0,0,4,1,B02
200800036534,0,7,0,0,1,1,1,A01
200800036535,0,99,0,0,2,1,19,A01
200800036535,0,14,0,0,2,3,1,B02
200800036536,0,7,0,0,2,2,13,A01
200800036536,0,7,0,0,2,2,1,B02
200800036537,0,7,0,0,2,2,1,A01
200800036537,0,7,0,0,2,3,1,B02
200800036538,0,35,0,0,0,3,19,A01
200800036538,0,33,0,0,0,1,1,B02
200800036539,0,7,0,13,0,2,1,A01
200800036540,0,7,0,0,2,1,2,A01
200800036540,0,7,0,0,2,4,2,B02
200800036540,0,7,0,0,0,4,2,C03
200800036541,0,2,0,14,0,0,1,A01
200800036542,0,10,0,0,2,1,1,A01
200800036542,0,7,0,0,2,1,1,B02
200800036543,0,7,0,0,2,3,19,A01
200800036543,0,7,0,0,2,2,1,B02
200800036544,0,7,0,0,2,1,1,A01
200800036544,0,7,0,0,2,1,1,B02
200800036544,0,7,0,0,2,1,1,C03
200800036545,0,15,0,0,2,2,1,A01
200800036545,0,1,0,0,2,8,15,B02
200800036546,0,7,0,0,2,2,19,A01
200800036546,0,30,0,0,2,1,0,B02
200800036547,0,7,0,0,2,1,1,A01
200800036547,0,7,0,0,2,1,1,B02
200800036548,0,7,0,2,0,6,13,A01
200800036549,0,7,0,0,2,3,1,A01
200800036549,0,7,0,0,1,1,17,B02
200800036550,0,7,0,0,2,1,1,A01
200800036550,0,7,0,0,2,1,1,B02
200800036551,0,7,0,2,0,1,13,A01
200800036552,0,7,0,0,2,6,2,A01
200800036552,0,33,0,0,2,1,2,B02
200800036552,0,33,0,0,2,7,1,C03
200800036553,0,2,0,0,2,2,17,B02
200800036553,0,7,0,0,2,3,1,A01
200800036554,0,31,0,0,0,2,17,A01
200800036554,0,7,0,0,0,3,15,B02
200800036555,0,7,0,13,0,3,13,A01
200800036556,0,33,0,0,2,1,13,A01
200800036556,0,7,0,0,2,3,1,B02
200800036557,0,7,0,0,1,1,1,A01
200800036558,0,7,0,0,2,6,1,A01
200800036558,0,30,0,0,2,1,1,B02
200800036559,0,7,0,13,0,6,1,A01
200800036560,0,7,0,0,2,7,1,A01
200800036560,0,21,0,0,2,1,1,B02
200800036561,0,7,0,0,0,3,15,A01
200800036561,0,7,0,0,2,1,1,B02
200800036562,0,7,0,13,0,1,1,A01
200800036563,0,7,0,13,2,2,1,A01
200800036563,0,1,0,0,2,8,15,B02
200800036564,0,7,0,0,2,8,15,A01
200800036564,0,31,0,0,2,1,1,B02
200800036565,0,30,0,6,0,1,1,A01
200800036566,0,7,0,0,2,2,16,A01
200800036566,0,33,0,0,2,6,1,B02
200800036567,0,7,0,0,2,2,19,A01
200800036567,0,2,0,0,2,1,1,B02
200800036568,0,14,0,13,5,2,1,A01
200800036569,0,99,0,0,2,1,2,A01
200800036569,0,7,0,2,2,4,2,B02
200800036570,0,32,0,0,0,0,1,A01
200800036571,0,7,0,6,0,2,1,A01
200800036572,0,7,0,0,2,1,1,A01
200800036572,0,21,0,0,0,8,1,B02
200800036573,0,14,0,0,2,7,19,A01
200800036573,0,10,0,0,2,1,1,B02
200800036574,0,7,0,0,2,2,1,A01
200800036574,0,1,0,0,2,1,19,B02
200800036575,0,33,0,0,2,2,17,A01
200800036575,0,7,0,0,2,3,15,B02
200800036576,0,2,0,14,0,1,1,A01
200800036577,0,30,0,0,1,3,1,A01
200800036578,0,31,0,0,2,8,9,B02
200800036578,0,7,0,0,2,2,1,A01
200800036579,0,30,0,2,0,1,1,A01
200800036580,0,30,0,0,0,2,1,A01
200800036581,0,7,0,12,2,8,19,A01
200800036581,0,7,0,0,2,2,1,B02
200800036582,0,7,0,0,2,3,1,A01
200800036582,0,2,0,0,2,1,1,B02
200800036583,0,7,0,2,0,7,1,A01
200800036584,0,33,0,0,0,1,1,A01
200800036585,0,10,0,0,1,2,1,A01
200800036586,0,7,0,2,0,1,13,A01
200800036587,0,7,0,0,0,0,1,A01
200800036587,0,10,0,0,2,1,1,B02
200800036588,0,7,0,0,2,1,13,A01
200800036588,0,15,0,2,2,1,1,B02
200800036589,0,7,0,0,2,1,1,A01
200800036589,0,1,0,0,2,7,19,B02
200800036590,0,7,0,0,0,9,1,A01
200800036591,0,7,0,0,9,1,1,A01
200800036591,0,1,0,0,2,7,19,B02
200800036592,0,7,0,13,0,2,14,A01
200800036593,0,7,0,13,0,9,1,A01
200800036594,0,33,0,12,0,1,17,A01
200800036595,0,7,0,0,1,3,1,A01
200800036596,0,7,0,0,2,3,9,A01
200800036596,0,15,0,0,2,2,1,B02
200800036597,0,7,0,0,2,2,13,A01
200800036597,0,21,0,0,2,2,1,B02
200800036598,0,33,0,0,2,1,17,A01
200800036598,0,30,0,0,2,6,15,B02
200800036599,0,30,0,0,2,3,1,A01
200800036599,0,30,0,0,2,3,1,B02
200800036600,0,30,0,1,0,1,13,A01
200800036600,0,7,0,0,2,1,23,B02
200800036601,0,7,0,13,0,3,13,A01
200800036602,0,7,0,6,0,1,1,A01
200800036603,0,7,0,0,2,2,1,A01
200800036603,0,1,0,0,2,7,15,B02
200800036604,0,7,0,0,2,8,1,A01
200800036604,0,33,0,0,2,8,1,B02
200800036605,0,7,0,2,0,3,14,A01
200800036606,0,7,0,0,2,1,15,A01
200800036606,0,31,0,0,2,1,1,B02
200800036607,0,33,0,0,2,3,0,A01
200800036607,0,7,0,0,2,8,1,B02
200800036608,0,7,0,0,9,3,1,A01
200800036608,0,1,0,0,2,1,19,B02
200800036609,0,30,0,0,2,1,19,A01
200800036609,0,37,0,0,2,1,1,B02
200800036610,0,7,0,0,2,3,13,A01
200800036610,0,7,0,0,2,3,1,B02
200800036611,0,7,0,0,2,2,15,A01
200800036611,0,7,0,0,2,1,1,B02
200800036611,0,7,0,0,2,8,23,C03
200800036612,0,7,0,6,0,3,14,A01
200800036613,0,7,0,0,2,1,1,A01
200800036613,0,2,0,0,0,4,23,B02
200800036614,0,2,0,0,0,0,1,A01
200800036615,0,30,0,1,0,1,2,A01
200800036615,0,7,0,0,0,4,0,B02
200800036616,0,7,0,2,0,1,14,A01
200800036617,0,7,0,0,2,1,17,A01
200800036617,0,7,0,0,2,1,1,B02
200800036618,0,31,0,13,0,1,1,A01
200800036619,0,7,0,0,2,8,10,A01
200800036619,0,31,0,0,2,1,1,B02
200800036620,0,7,0,0,2,3,5,A01
200800036620,0,7,0,0,2,2,1,B02
200800036620,0,7,0,0,2,8,1,C03
200800036620,0,7,0,0,2,8,1,D04
200800036621,0,31,0,0,0,1,0,A01
200800036621,0,7,0,0,0,4,15,B02
200800036622,0,7,0,2,0,2,1,A01
200800036623,0,33,0,8,0,1,13,A01
200800036624,0,7,0,2,0,3,13,A01
200800036625,0,34,0,0,2,8,1,B02
200800036625,0,10,0,0,2,2,19,A01
200800036626,0,7,0,0,2,1,15,A01
200800036626,0,2,0,0,2,1,1,B02
200800036627,0,31,0,8,0,1,1,A01
200800036628,0,7,0,0,2,7,1,A01
200800036628,0,7,0,0,2,1,1,B02
200800036629,0,10,0,0,2,3,17,A01
200800036629,0,7,0,0,2,8,1,B02
200800036630,0,7,0,0,2,2,2,A01
200800036630,0,30,0,0,2,3,2,B02
200800036631,0,7,0,2,0,8,1,A01
200800036632,0,7,0,0,2,1,1,B02
200800036632,0,7,0,7,2,8,19,A01
200800036633,0,7,0,0,0,9,14,A01
200800036634,0,33,0,0,2,1,13,A01
200800036634,0,10,0,0,2,1,0,B02
200800036635,0,33,0,0,2,1,17,A01
200800036635,0,7,0,0,0,3,15,B02
200800036636,0,7,0,13,0,0,1,A01
200800036637,0,7,0,0,2,1,13,A01
200800036637,0,10,0,0,2,3,1,B02
200800036638,0,1,0,0,2,4,1,A01
200800036638,0,7,0,0,2,1,17,B02
200800036639,0,31,0,1,0,0,0,A01
200800036640,0,7,0,0,2,1,1,A01
200800036640,0,7,0,0,2,6,1,C03
200800036640,0,30,0,0,2,4,1,B02
200800036641,0,33,0,13,0,1,1,A01
200800036642,0,10,0,2,0,1,1,A01
200800036643,0,7,0,0,1,1,1,A01
200800036644,0,7,0,2,0,2,1,A01
200800036645,0,7,0,0,2,3,19,A01
200800036645,0,7,0,0,2,2,1,B02
200800036646,0,7,0,0,2,7,15,A01
200800036646,0,7,0,0,2,2,21,B02
200800036647,0,7,0,6,0,2,1,A01
200800036648,0,21,0,0,2,3,15,A01
200800036648,0,7,0,0,2,3,1,B02
200800036649,0,7,0,0,2,1,13,A01
200800036649,0,7,0,0,2,1,1,B02
200800036650,0,7,0,0,2,1,1,A01
200800036650,0,14,0,0,2,1,1,B02
200800036651,0,33,0,0,2,7,17,A01
200800036651,0,7,0,0,2,8,15,B02
200800036652,0,7,0,0,2,3,1,A01
200800036652,0,7,0,0,2,3,13,B02
200800036653,0,7,0,0,2,1,13,A01
200800036653,0,10,0,0,2,8,1,B02
200800036653,0,7,0,0,2,1,1,C03
200800036654,0,7,0,0,2,1,15,A01
200800036654,0,31,0,0,2,1,1,B02
200800036654,0,31,0,0,0,8,1,C03
200800036655,0,7,0,0,9,2,2,A01
200800036655,0,1,0,0,0,4,2,B02
200800036656,0,33,0,8,0,2,0,A01
200800036657,0,7,0,0,1,7,1,A01
200800036658,0,33,0,2,2,1,1,A01
200800036658,0,7,0,0,2,6,1,B02
200800036659,0,7,0,0,2,1,16,A01
200800036659,0,10,0,0,2,3,15,B02
200800036660,0,7,0,0,2,1,1,A01
200800036660,0,7,0,0,2,1,1,B02
200800036661,0,14,0,13,0,7,1,A01
200800036662,0,7,0,13,0,2,1,A01
200800036663,0,33,0,0,2,8,13,A01
200800036663,0,7,0,0,2,3,21,B02
200800036664,0,7,0,3,0,1,13,A01
200800036665,0,30,0,10,0,8,1,A01
200800036666,0,21,0,0,2,6,15,A01
200800036666,0,33,0,0,2,1,1,B02
200800036667,0,2,0,0,2,1,15,A01
200800036667,0,7,0,0,2,1,1,B02
200800036668,0,7,0,0,9,7,1,A01
200800036668,0,1,0,0,2,1,19,B02
200800036669,0,7,0,2,0,9,14,A01
200800036670,0,7,0,0,2,2,15,A01
200800036670,0,33,0,0,2,1,1,B02
200800036671,0,7,0,0,2,5,12,A01
200800036671,0,33,0,0,2,8,18,B02
200800036672,0,33,0,0,2,5,13,A01
200800036672,0,7,0,0,0,2,1,B02
200800036673,0,33,0,0,2,1,12,A01
200800036673,0,7,0,0,0,3,1,B02
200800036674,0,33,0,12,0,8,1,A01
200800036675,0,7,0,2,0,2,1,A01
200800036676,0,31,0,0,0,0,1,A01
200800036677,0,7,0,0,2,3,1,A01
200800036677,0,7,0,0,2,3,1,B02
200800036677,0,7,0,0,2,1,1,C03
200800036678,0,7,0,0,2,8,1,A01
200800036679,0,7,0,13,0,1,1,A01
200800036680,0,10,0,2,0,1,14,A01
200800036681,0,7,0,2,0,8,13,A01
200800036682,0,7,0,0,2,3,15,B02
200800036682,0,17,0,0,2,2,1,A01
200800036683,0,7,0,0,2,1,1,A01
200800036683,0,7,0,0,0,8,9,B02
200800036684,0,7,0,0,2,3,1,A01
200800036684,0,7,0,0,2,1,17,B02
200800036685,0,10,0,0,2,2,2,A01
200800036685,0,1,0,0,2,4,2,B02
200800036686,0,7,0,0,2,3,13,A01
200800036686,0,10,0,0,2,3,1,B02
200800036687,0,7,0,6,0,1,1,A01
200800036688,0,31,0,2,0,7,1,A01
200800036689,0,7,0,0,2,3,13,A01
200800036689,0,7,0,0,0,8,1,B02
200800036690,0,7,0,3,0,1,13,A01
200800036691,0,7,0,0,2,8,10,A01
200800036691,0,33,0,0,2,1,1,B02
200800036691,0,33,0,0,2,1,1,C03
200800036692,0,7,0,16,0,2,1,A01
200800036692,0,2,0,0,0,7,1,B02
200800036693,0,30,0,0,0,0,1,A01
200800036694,0,2,0,14,0,1,1,A01
200800036695,0,7,0,0,0,0,1,A01
200800036695,0,7,0,0,2,2,15,B02
200800036696,0,7,0,0,9,2,15,A01
200800036696,0,1,0,0,2,1,1,B02
200800036697,0,31,0,6,0,1,14,A01
200800036698,0,2,0,0,2,1,13,A01
200800036698,0,7,0,0,2,3,1,B02
200800036699,0,7,0,0,2,3,13,A01
200800036699,0,14,0,0,2,3,1,B02
200800036700,0,33,0,0,2,1,17,A01
200800036700,0,7,0,0,2,8,15,B02
200800036701,0,7,0,0,2,1,13,A01
200800036701,0,17,0,0,2,3,0,B02
200800036702,0,7,0,2,0,1,15,A01
200800036703,0,14,0,0,2,8,1,A01
200800036703,0,7,0,0,2,8,1,B02
200800036703,0,7,0,0,2,8,13,C03
200800036703,0,7,0,0,2,1,1,D04
200800036704,0,2,0,0,0,1,1,A01
200800036704,0,7,0,0,0,7,1,B02
200800036705,0,7,0,0,2,3,13,A01
200800036705,0,7,0,0,2,3,14,B02
200800036705,0,7,0,0,2,9,1,C03
200800036705,0,10,0,0,2,1,1,D04
200800036706,0,10,0,0,2,1,13,A01
200800036706,0,14,0,0,2,3,0,B02
200800036707,0,7,0,13,0,1,2,A01
200800036708,0,2,0,11,0,1,1,A01
200800036709,0,7,0,13,0,3,1,A01
200800036710,0,10,0,0,2,3,1,A01
200800036710,0,7,0,0,2,1,1,B02
200800036711,0,7,0,0,9,2,1,A01
200800036711,0,1,0,0,2,1,1,B02
200800036712,0,33,0,0,0,1,2,A01
200800036712,0,7,0,0,0,4,15,B02
200800036713,0,7,0,0,2,1,13,A01
200800036713,0,7,0,0,2,1,1,B02
200800036714,0,7,0,13,0,1,1,A01
200800036715,0,7,0,0,2,3,13,A01
200800036715,0,7,0,0,2,3,1,B02
200800036716,0,7,0,0,2,3,13,A01
200800036716,0,10,0,0,2,3,1,B02
200800036717,0,7,0,13,2,5,13,A01
200800036717,0,7,0,0,2,7,1,B02
200800036718,0,10,0,0,2,2,1,B02
200800036718,0,7,0,0,2,3,15,A01
200800036719,0,30,0,0,2,1,1,A01
200800036719,0,30,0,0,2,6,15,B02
200800036720,0,7,0,0,2,3,21,A01
200800036720,0,7,0,0,2,1,13,B02
200800036721,0,7,0,0,2,3,1,A01
200800036721,0,7,0,0,0,3,1,B02
200800036722,0,7,0,0,1,3,1,A01
200800036723,0,10,0,0,2,1,13,A01
200800036723,0,7,0,0,2,1,0,B02
200800036724,0,2,0,0,0,7,1,A01
200800036725,0,36,0,0,0,9,1,A01
200800036726,0,14,0,0,2,5,15,A01
200800036726,0,30,0,0,2,1,1,B02
200800036727,0,33,0,0,0,0,13,A01
200800036728,0,7,0,13,0,3,0,A01
200800036729,0,10,0,0,2,6,1,A01
200800036729,0,34,0,0,2,1,13,B02
200800036730,0,7,0,0,2,1,13,A01
200800036730,0,7,0,0,2,3,0,B02
200800036731,0,7,0,0,0,0,1,A01
200800036732,0,2,0,0,2,2,13,A01
200800036732,0,7,0,0,2,2,1,B02
200800036733,0,30,0,8,0,1,0,A01
200800036734,0,17,0,0,0,3,0,A01
200800036735,0,7,0,6,0,1,14,A01
200800036736,0,7,0,2,0,2,1,A01
200800036737,0,21,0,0,0,8,1,A01
200800036738,0,7,0,15,0,2,1,A01
200800036739,0,33,0,3,0,3,6,A01
200800036740,0,10,0,0,1,4,20,A01
200800036741,0,7,0,13,0,2,14,A01
200800036742,0,1,0,0,9,4,1,A01
200800036742,0,1,0,0,9,1,1,B02
200800036743,0,2,0,0,2,1,5,A01
200800036743,0,7,0,0,2,3,1,B02
200800036744,0,7,0,0,2,1,2,A01
200800036744,0,33,0,0,2,4,2,B02
200800036745,0,7,0,0,2,2,15,A01
200800036745,0,10,0,0,2,1,1,B02
200800036746,0,7,0,2,0,1,1,A01
200800036747,0,10,0,0,2,0,15,A01
200800036747,0,33,0,0,2,1,1,B02
200800036748,0,10,0,0,2,1,13,A01
200800036748,0,14,0,0,2,1,1,B02
200800036749,0,7,0,8,0,1,1,A01
200800036750,0,7,0,13,0,1,19,A01
200800036751,0,7,0,0,2,3,13,A01
200800036751,0,7,0,0,2,3,1,B02
200800036751,0,14,0,0,2,0,1,C03
200800036752,1,10,0,0,2,7,1,A01
200800036752,0,1,0,0,2,8,1,B02
200800036753,0,14,0,0,2,6,2,A01
200800036753,0,14,0,0,2,2,2,B02
200800036753,0,7,0,0,2,3,1,C03
200800036753,0,7,0,0,2,8,1,D04
200800036754,0,30,0,0,2,0,2,A01
200800036754,0,15,0,0,2,6,2,B02
200800036755,0,10,0,0,2,7,15,A01
200800036755,0,33,0,0,2,1,1,B02
200800036756,0,10,0,2,0,1,1,A01
200800036757,0,7,0,0,2,2,1,A01
200800036757,0,1,0,0,2,8,16,B02
200800036758,0,7,0,0,0,2,1,A01
200800036759,0,7,0,0,2,3,13,A01
200800036759,0,7,0,0,2,3,1,B02
200800036760,0,7,0,0,2,3,1,A01
200800036760,0,7,0,0,2,3,1,B02
200800036761,0,7,0,0,0,1,14,A01
200800036762,0,1,0,0,2,1,1,A01
200800036762,0,7,0,0,9,7,15,B02
200800036763,0,14,0,13,2,2,19,A01
200800036763,0,7,0,0,0,6,1,B02
200800036763,0,7,0,0,2,1,1,C03
200800036764,0,7,0,0,2,3,1,A01
200800036764,0,7,0,0,2,3,1,B02
200800036765,0,7,0,6,0,3,1,A01
200800036766,0,7,0,0,0,4,23,A01
200800036766,0,31,0,0,2,1,0,B02
200800036767,0,30,0,0,0,7,1,A01
200800036768,0,7,0,0,2,3,15,A01
200800036768,0,31,0,0,2,1,1,B02
200800036769,0,7,0,0,0,0,1,A01
200800036769,0,1,0,0,0,0,1,B02
200800036770,0,36,0,1,1,1,1,A01
200800036771,0,7,0,0,1,2,0,A01
200800036772,0,7,0,0,2,7,19,A01
200800036772,0,7,0,0,2,1,1,B02
200800036773,0,2,0,3,0,1,0,A01
200800036774,0,10,0,0,2,3,1,A01
200800036774,0,30,0,0,2,3,0,B02
200800036775,0,7,0,0,9,3,1,A01
200800036775,0,1,0,0,2,1,13,B02
200800036776,0,33,0,0,5,1,1,A01
200800036777,0,7,0,0,0,4,1,A01
200800036777,0,7,0,0,0,4,1,B02
200800036777,0,7,0,0,0,4,1,C03
200800036777,0,7,0,0,0,1,1,D04
200800036778,0,33,0,0,2,1,17,A01
200800036778,0,7,0,0,2,3,1,B02
200800036779,0,7,0,2,0,3,1,A01
200800036780,0,7,0,6,0,7,13,A01
200800036781,0,30,0,0,2,1,16,B02
200800036781,0,7,0,0,2,5,1,A01
200800036782,0,7,0,0,2,1,1,A01
200800036782,0,31,0,0,2,4,15,B02
200800036783,0,7,0,0,2,3,15,A01
200800036783,0,1,0,0,2,6,1,B02
200800036784,0,7,0,16,0,9,1,A01
200800036785,0,7,0,0,0,3,15,A01
200800036785,0,33,0,0,0,1,1,B02
200800036786,0,10,0,0,0,2,1,A01
200800036786,0,31,0,0,0,1,0,B02
200800036787,0,7,0,6,0,9,14,A01
200800036788,0,33,0,0,2,3,1,A01
200800036788,0,7,0,0,2,6,15,B02
200800036789,0,7,0,0,2,3,0,A01
200800036789,0,1,0,0,2,2,1,B02
200800036790,0,30,0,0,2,1,15,A01
200800036790,0,10,0,0,2,3,1,B02
200800036790,0,7,0,0,2,3,1,C03
200800036791,0,10,0,0,0,3,1,A01
200800036791,0,33,0,0,2,1,13,B02
200800036792,0,7,0,0,2,5,15,A01
200800036792,0,33,0,0,2,1,1,B02
200800036793,0,7,0,0,2,1,1,A01
200800036793,0,7,0,0,2,1,0,B02
200800036794,0,7,0,0,2,3,13,A01
200800036794,0,7,0,0,0,8,1,B02
200800036795,0,33,0,6,0,7,1,A01
200800036795,0,14,0,0,9,0,1,B02
200800036796,0,33,0,12,0,1,1,A01
200800036797,0,7,0,0,1,1,1,A01
200800036798,0,33,0,0,0,7,1,A01
200800036799,0,7,0,0,2,7,15,A01
200800036799,0,33,0,0,2,1,1,B02
200800036800,0,7,0,0,9,3,1,A01
200800036800,0,1,0,0,0,8,19,B02
200800036801,0,7,0,13,0,3,13,A01
200800036802,0,7,0,0,2,1,2,A01
200800036802,0,2,0,0,0,4,13,B02
200800036803,0,7,0,0,1,4,4,A01
200800036804,0,17,0,0,2,3,1,A01
200800036804,0,7,0,0,2,3,6,B02
200800036804,0,7,0,0,2,3,1,C03
200800036804,0,7,0,0,2,2,21,D04
200800036804,0,7,0,0,9,7,1,E05
200800036805,0,7,0,0,1,3,1,A01
200800036806,0,31,0,0,2,1,1,B02
200800036806,0,30,0,0,2,3,15,A01
200800036807,0,2,0,0,2,8,2,A01
200800036807,0,10,0,0,2,7,0,B02
200800036808,0,10,0,0,0,2,2,A01
200800036808,0,1,0,0,2,8,13,B02
200800036809,0,10,0,0,1,4,4,A01
200800036810,0,7,0,0,2,2,1,A01
200800036810,0,1,0,0,2,4,1,B02
200800036811,0,7,0,2,0,8,1,A01
200800036812,0,7,0,13,0,1,0,A01
200800036813,0,7,0,0,0,3,1,A01
200800036813,0,1,0,0,2,1,1,B02
200800036814,0,14,0,13,0,1,1,A01
200800036815,0,7,0,0,2,6,15,A01
200800036815,0,2,0,0,2,1,1,B02
200800036816,0,7,0,0,2,1,1,A01
200800036816,0,7,0,0,2,1,1,B02
200800036817,0,31,0,0,2,1,2,A01
200800036817,0,7,0,0,2,3,9,B02
200800036818,0,7,0,0,2,8,15,A01
200800036818,0,33,0,0,2,8,13,B02
200800036819,0,7,0,0,9,1,1,A01
200800036819,0,30,0,0,2,7,19,B02
200800036820,0,7,0,0,2,2,15,A01
200800036820,0,33,0,0,2,7,1,B02
200800036821,0,7,0,0,2,3,13,A01
200800036821,0,7,0,0,2,3,1,B02
200800036822,0,10,0,0,2,1,15,A01
200800036822,0,33,0,0,2,1,1,B02
200800036823,0,33,0,9,1,1,5,A01
200800036823,0,7,0,0,2,3,0,B02
200800036824,0,30,0,0,2,1,13,A01
200800036824,0,10,0,0,2,3,1,B02
200800036825,0,7,0,0,0,1,1,A01
200800036825,0,7,0,0,0,1,1,B02
200800036826,0,7,0,0,0,0,17,A01
200800036826,0,2,0,0,0,0,15,B02
200800036827,0,7,0,0,2,1,1,A01
200800036827,0,10,0,0,2,7,0,B02
200800036828,0,7,0,0,2,2,15,A01
200800036828,0,33,0,0,2,1,1,B02
200800036829,0,7,0,2,0,3,1,A01
200800036830,0,7,0,0,2,1,17,A01
200800036830,0,7,0,0,2,1,1,B02
200800036831,0,7,0,0,2,6,15,A01