Num_Acc,senc,catv,occutc,obs,obsm,choc,manv,num_veh
200800036831,0,33,0,0,2,1,1,B02
200800036832,0,7,0,10,0,3,1,A01
200800036833,0,7,0,0,2,1,13,A01
200800036833,0,7,0,0,2,1,1,B02
200800036834,0,7,0,2,0,8,13,A01
200800036835,0,7,0,0,2,2,5,A01
200800036835,0,7,0,0,2,2,1,B02
200800036836,0,7,0,0,2,3,13,A01
200800036836,0,14,0,0,2,3,1,B02
200800036837,0,7,0,0,1,2,16,A01
200800036838,0,7,0,0,2,3,1,A01
200800036838,0,33,0,0,2,1,1,B02
200800036839,0,7,0,0,2,7,21,A01
200800036839,0,7,0,0,2,2,1,B02
200800036840,0,7,0,0,0,0,15,A01
200800036840,0,34,0,13,0,1,1,B02
200800036841,0,7,0,1,0,3,1,A01
200800036842,0,7,0,2,0,7,1,A01
200800036843,0,7,0,0,2,7,13,A01
200800036843,0,7,0,0,2,1,1,B02
200800036844,0,33,0,0,2,1,1,A01
200800036844,0,7,0,0,2,8,9,B02
200800036845,0,30,0,6,0,1,13,A01
200800036846,0,31,0,10,0,3,1,A01
200800036847,0,33,0,0,0,0,1,A01
200800036848,0,7,0,0,2,8,15,A01
200800036848,0,33,0,15,2,1,17,B02
200800036849,0,33,0,16,0,7,14,A01
200800036850,0,7,0,0,2,1,15,A01
200800036850,0,7,0,0,2,3,1,B02
200800036851,0,7,0,13,0,1,1,A01
200800036852,0,30,0,16,0,1,1,A01
200800036853,0,33,0,0,0,0,0,A01
200800036854,0,7,0,0,0,4,23,A01
200800036854,0,1,0,0,0,1,2,B02
200800036855,0,7,0,0,2,7,6,A01
200800036855,0,14,0,0,2,2,1,B02
200800036856,0,10,0,2,0,1,1,A01
200800036857,0,7,0,2,0,3,14,A01
200800036858,0,7,0,2,0,8,0,A01
200800036859,0,7,0,0,2,2,15,A01
200800036859,0,7,0,0,2,1,1,B02
200800036860,0,10,0,0,2,1,13,A01
200800036860,0,10,0,0,2,1,1,B02
200800036861,0,33,0,0,2,8,13,A01
200800036861,0,7,0,0,1,2,1,B02
200800036862,0,20,0,14,0,2,14,A01
200800036863,0,7,0,13,0,1,1,A01
200800036864,0,33,0,0,2,7,17,A01
200800036864,0,33,0,0,2,3,15,B02
200800036865,0,15,0,0,2,5,17,A01
200800036865,0,2,0,0,2,8,15,B02
200800036866,0,7,0,0,2,1,17,A01
200800036866,0,21,0,0,2,6,15,B02
200800036867,0,7,0,0,2,2,1,A01
200800036867,0,7,0,0,2,7,1,B02
200800036868,0,7,0,0,1,3,13,A01
200800036869,0,7,0,2,0,9,0,A01
200800036870,0,7,0,0,2,1,19,A01
200800036870,0,33,0,0,2,8,1,B02
200800036871,0,7,0,0,2,1,1,A01
200800036871,0,7,0,0,2,6,1,B02
200800036871,0,7,0,14,0,8,1,C03
200800036871,0,7,0,0,2,1,1,D04
200800036872,0,7,0,0,2,7,10,A01
200800036872,0,33,0,0,2,1,1,B02
200800036873,0,33,0,16,0,0,1,A01
200800036874,0,7,0,0,2,1,1,A01
200800036874,0,33,0,0,2,1,17,B02
200800036875,0,7,0,0,2,6,11,A01
200800036875,0,16,0,0,2,1,1,B02
200800036875,0,7,0,0,2,1,1,C03
200800036876,0,7,0,0,0,9,13,A01
200800036876,0,7,0,0,2,2,1,B02
200800036877,0,33,0,0,2,1,1,A01
200800036877,0,21,0,0,2,4,4,B02
200800036878,0,10,0,0,1,3,16,A01
200800036879,0,7,0,0,2,3,13,A01
200800036879,0,15,0,0,2,3,1,B02
200800036880,0,7,0,0,2,3,15,A01
200800036880,0,7,0,1,2,3,1,B02
200800036880,0,17,0,0,2,3,23,C03
200800036881,0,7,0,0,2,1,1,A01
200800036881,0,2,0,0,2,7,15,B02
200800036882,0,7,0,0,0,0,15,B02
200800036882,0,31,0,0,0,0,13,A01
200800036883,0,30,0,0,2,3,13,A01
200800036883,0,7,0,0,2,3,1,B02
200800036884,0,33,0,15,0,2,0,A01
200800036885,0,7,0,0,2,3,13,A01
200800036885,0,7,0,0,2,3,1,B02
200800036886,0,7,0,0,2,1,1,A01
200800036886,0,7,0,0,2,8,1,B02
200800036887,0,7,0,0,2,3,13,A01
200800036887,0,14,0,0,2,8,0,B02
200800036888,0,7,0,0,2,2,1,A01
200800036888,0,7,0,0,2,3,16,B02
200800036889,0,7,0,0,2,6,16,A01
200800036889,0,1,0,0,2,1,1,B02
200800036890,0,7,0,0,2,3,9,A01
200800036890,0,31,0,0,2,1,1,B02
200800036891,0,7,0,0,1,1,1,A01
200800036892,0,33,0,0,2,1,1,A01
200800036892,0,7,0,0,2,5,15,B02
200800036893,0,7,0,0,2,1,1,A01
200800036893,0,7,0,0,2,1,1,B02
200800036894,0,7,0,0,2,8,9,A01
200800036894,0,10,0,0,2,1,15,B02
200800036895,0,7,0,0,2,6,15,A01
200800036895,0,34,0,0,2,1,1,B02
200800036896,0,7,0,6,0,9,13,A01
200800036897,0,1,0,0,2,7,1,A01
200800036897,0,7,0,0,2,3,19,B02
200800036898,0,7,0,0,2,3,1,A01
200800036898,0,7,0,0,2,3,1,B02
200800036899,0,7,0,0,0,3,1,A01
200800036899,0,33,0,0,0,4,1,B02
200800036900,0,7,0,0,2,2,15,A01
200800036900,0,31,0,0,2,1,1,B02
200800036901,0,14,0,13,0,2,14,A01
200800036902,0,15,0,0,1,7,1,A01
200800036903,0,7,0,0,2,6,4,A01
200800036903,0,2,0,0,2,1,21,B02
200800036904,0,2,0,0,2,6,15,A01
200800036904,2,2,0,0,2,1,17,B02
200800036905,0,33,0,0,2,4,1,A01
200800036905,0,7,0,0,2,1,1,B02
200800036906,0,7,0,0,0,8,1,A01
200800036906,0,7,0,0,0,1,0,B02
200800036907,0,7,0,0,0,1,15,A01
200800036907,0,7,0,0,0,8,1,B02
200800036908,0,31,0,0,0,2,13,A01
200800036908,0,7,0,0,0,2,1,B02
200800036909,0,7,0,0,2,3,1,B02
200800036909,0,7,0,0,2,2,1,A01
200800036910,0,7,0,0,2,1,13,A01
200800036910,0,14,0,0,2,1,21,B02
200800036910,0,7,0,0,2,1,21,C03
200800036910,0,7,0,0,2,1,21,D04
200800036911,0,7,0,0,2,7,13,A01
200800036911,0,7,0,0,2,1,1,B02
200800036912,0,31,0,0,2,0,15,A01
200800036912,0,7,0,0,2,0,16,B02
200800036913,0,7,0,13,0,1,1,A01
200800036914,0,33,0,0,2,1,17,A01
200800036914,0,7,0,0,0,8,15,B02
200800036915,0,7,0,0,2,7,1,B02
200800036915,0,10,0,0,2,3,16,A01
200800036916,0,7,0,0,0,0,1,A01
200800036917,0,7,0,6,0,2,1,A01
200800036918,0,7,0,0,2,3,1,A01
200800036918,0,33,0,0,2,1,1,B02
200800036919,0,31,0,0,0,7,1,A01
200800036920,0,7,0,0,2,3,3,A01
200800036920,0,7,0,1,2,1,14,B02
200800036921,0,21,0,0,0,1,1,A01
200800036921,0,2,0,0,2,1,1,B02
200800036922,0,7,0,0,2,8,13,A01
200800036922,0,17,0,0,2,8,1,B02
200800036923,0,2,0,1,0,2,0,A01
200800036923,0,7,0,0,9,2,0,B02
200800036924,0,33,0,13,0,2,0,A01
200800036925,0,32,0,0,2,0,1,A01
200800036925,0,7,0,0,0,0,16,B02
200800036926,0,7,0,8,0,3,1,A01
200800036927,0,33,0,13,0,1,18,A01
200800036928,0,7,0,8,0,3,13,A01
200800036929,0,33,0,0,2,1,1,A01
200800036929,0,7,0,0,2,8,14,B02
200800036930,0,33,0,0,2,1,13,A01
200800036930,0,7,0,0,2,3,1,B02
200800036931,0,10,0,0,2,3,15,A01
200800036931,0,33,0,0,2,1,1,B02
200800036932,0,7,0,6,0,1,1,A01
200800036933,0,7,0,0,0,7,15,A01
200800036933,0,33,0,0,2,1,1,B02
200800036934,0,7,0,0,2,3,1,A01
200800036934,0,1,0,0,2,1,1,B02
200800036935,0,7,0,0,2,1,1,A01
200800036935,0,1,0,0,2,1,5,B02
200800036936,0,7,0,13,0,4,1,A01
200800036937,0,7,0,6,0,2,14,A01
200800036938,0,31,0,0,0,0,1,A01
200800036939,0,7,0,0,2,8,13,A01
200800036939,0,30,0,15,2,3,1,B02
200800036940,0,7,0,5,0,2,1,A01
200800036941,0,7,0,0,0,1,9,A01
200800036941,0,30,0,0,0,1,5,B02
200800036942,0,7,0,0,0,3,17,A01
200800036942,0,1,0,0,0,3,1,B02
200800036942,0,1,0,0,0,3,1,C03
200800036943,0,7,0,13,0,9,1,A01
200800036944,0,33,0,14,0,1,2,A01
200800036944,0,10,0,0,2,6,23,B02
200800036945,0,7,0,3,0,8,13,A01
200800036946,0,1,0,0,2,1,16,A01
200800036946,0,10,0,0,9,8,15,B02
200800036947,0,7,0,0,2,7,15,A01
200800036947,0,33,0,0,2,1,1,B02
200800036948,0,31,0,0,2,1,2,A01
200800036948,0,7,0,0,0,4,2,B02
200800036949,0,7,0,0,1,1,13,A01
200800036950,0,30,0,0,0,7,16,A01
200800036951,0,7,0,0,0,1,1,A01
200800036952,0,10,0,0,2,1,17,A01
200800036952,0,31,0,0,2,1,1,B02
200800036953,0,2,0,2,0,1,1,A01
200800036954,0,7,0,0,2,2,0,A01
200800036954,0,7,0,0,2,3,0,B02
200800036955,0,7,0,0,2,8,19,A01
200800036955,0,33,0,0,2,1,1,B02
200800036956,0,14,0,0,1,1,1,A01
200800036957,0,7,0,0,2,3,10,A01
200800036957,0,2,0,0,2,1,17,B02
200800036958,0,1,0,0,0,3,2,A01
200800036958,0,7,0,0,0,5,2,B02
200800036959,0,10,0,8,2,1,1,A01
200800036959,0,30,0,0,2,2,0,B02
200800036960,0,7,0,0,1,3,2,A01
200800036961,0,7,0,0,9,5,15,A01
200800036961,0,1,0,0,2,1,1,B02
200800036962,0,1,0,0,1,0,1,A01
200800036963,0,33,0,5,0,1,1,A01
200800036964,0,7,0,0,2,8,13,A01
200800036964,0,7,0,0,2,8,1,B02
200800036964,0,7,0,3,0,0,1,C03
200800036965,0,7,0,0,2,2,1,A01
200800036965,0,33,0,0,2,1,1,B02
200800036966,0,7,0,0,2,1,1,B02
200800036966,0,7,0,0,2,2,1,A01
200800036967,0,30,0,5,0,1,1,A01
200800036968,0,38,0,0,2,2,1,A01
200800036968,0,7,0,3,2,1,13,B02
200800036969,0,33,0,13,0,7,21,A01
200800036970,0,7,0,0,2,2,1,A01
200800036970,0,33,0,0,2,1,0,B02
200800036971,0,7,0,0,0,5,23,A01
200800036971,0,30,0,0,2,1,2,B02
200800036972,0,13,0,0,2,6,23,A01
200800036972,0,2,0,0,2,1,19,B02
200800036973,0,10,0,0,2,2,19,A01
200800036973,0,33,0,0,2,1,21,B02
200800036974,0,31,0,0,2,1,17,A01
200800036974,0,7,0,0,2,3,19,B02
200800036975,0,10,0,0,2,3,15,A01
200800036975,0,33,0,0,2,1,1,B02
200800036976,0,33,0,0,2,2,17,A01
200800036976,0,7,0,0,2,3,15,B02
200800036977,0,10,0,0,2,2,19,A01
200800036977,0,1,0,0,2,1,1,B02
200800036978,0,7,0,0,2,1,1,A01
200800036978,0,7,0,0,2,3,15,B02
200800036979,0,7,0,0,2,3,13,A01
200800036979,0,7,0,0,2,3,1,B02
200800036980,0,7,0,0,2,1,15,A01
200800036980,0,7,0,0,2,1,1,B02
200800036981,0,1,0,0,2,1,1,A01
200800036981,0,17,0,0,0,4,1,B02
200800036982,0,10,0,0,2,3,13,A01
200800036982,0,31,0,0,2,3,16,B02
200800036983,0,7,0,2,0,1,1,A01
200800036984,0,7,0,0,2,3,1,A01
200800036984,0,7,0,0,2,3,1,B02
200800036985,0,1,0,0,2,1,1,B02
200800036985,0,7,0,0,2,3,19,A01
200800036986,0,32,0,0,2,1,1,A01
200800036986,0,7,0,0,0,4,1,B02
200800036987,0,36,0,6,0,1,1,A01
200800036988,0,7,0,0,2,6,1,A01
200800036988,0,17,0,0,2,1,1,B02
200800036989,0,33,0,0,2,1,17,A01
200800036989,0,7,0,0,2,8,15,B02
200800036990,0,7,0,2,0,1,1,A01
200800036991,0,7,0,0,2,1,1,A01
200800036991,0,7,0,0,2,1,1,B02
200800036992,0,10,0,0,2,3,19,A01
200800036992,0,7,0,0,2,1,1,B02
200800036993,0,1,0,0,2,8,1,A02
200800036994,0,10,0,0,2,3,19,A01
200800036994,0,3,0,0,2,1,1,B02
200800036995,0,7,0,0,2,3,10,A01
200800036995,0,2,0,0,9,1,1,B02
200800036996,0,7,0,0,1,1,1,A01
200800036997,0,33,0,0,0,1,1,A01
200800036997,0,17,0,0,2,4,2,B02
200800036998,0,7,0,13,0,1,13,A01
200800036999,0,7,0,0,2,2,15,A01
200800036999,0,7,0,0,2,1,1,B02
200800037000,0,2,0,0,2,3,9,A01
200800037000,0,7,0,0,2,1,1,B02
200800037001,0,2,0,0,2,3,13,A01
200800037001,0,7,0,0,9,8,1,B02
200800037002,0,7,0,0,2,1,5,A01
200800037002,0,7,0,0,2,1,1,B02
200800037003,0,7,0,0,2,2,1,A01
200800037003,0,2,0,0,2,1,13,B02
200800037004,0,7,0,2,0,3,13,A01
200800037005,0,7,0,0,2,3,15,A01
200800037005,0,7,0,0,2,3,16,B02
200800037006,0,7,0,0,2,1,13,A01
200800037006,0,7,0,0,2,1,1,B02
200800037007,0,7,0,3,0,9,13,A01
200800037008,0,7,0,0,2,1,13,A01
200800037008,0,7,0,0,2,1,1,B02
200800037009,0,7,0,0,2,4,1,A01
200800037009,0,33,0,13,2,3,1,B02
200800037010,0,7,0,13,0,1,1,A01
200800037011,0,99,0,2,0,1,1,A01
200800037012,0,30,0,0,0,1,13,A01
200800037013,0,7,0,0,0,3,1,A01
200800037013,0,7,0,0,0,3,1,B02
200800037014,0,7,0,0,2,1,12,A01
200800037014,0,7,0,0,2,8,23,B02
200800037015,0,2,0,6,2,1,1,A01
200800037015,0,7,0,0,2,7,20,B02
200800037016,0,7,0,15,0,1,1,A01
200800037017,0,7,0,0,2,3,1,A01
200800037017,0,30,0,0,2,8,19,B02
200800037018,0,7,0,0,0,1,1,A01
200800037018,0,21,0,0,0,3,1,B02
200800037019,0,7,0,0,2,3,14,A01
200800037019,0,30,0,0,0,4,1,B02
200800037020,0,7,0,13,0,1,1,A01
200800037021,0,7,0,2,0,1,0,A01
200800037022,0,33,0,12,0,7,1,A01
200800037023,0,31,0,6,2,1,2,A01
200800037023,0,7,0,0,2,4,2,B02
200800037024,0,7,0,0,2,3,1,A01
200800037024,0,1,0,0,2,8,1,B02
200800037025,0,7,0,0,2,2,9,A01
200800037025,0,36,0,0,2,3,1,B02
200800037026,0,7,0,4,0,1,10,A01
200800037027,0,7,0,0,2,3,1,A01
200800037027,0,1,0,0,2,8,19,B02
200800037028,0,7,0,0,2,3,13,A01
200800037028,0,7,0,0,2,1,1,B02
200800037029,0,33,0,0,0,7,1,A01
200800037030,0,7,0,0,2,3,13,A01
200800037030,0,7,0,0,2,3,1,B02
200800037031,0,7,0,0,0,1,1,A01
200800037032,0,7,0,0,2,2,1,A01
200800037032,0,1,0,0,2,1,16,B02
200800037033,0,7,0,0,2,3,1,A01
200800037033,0,7,0,0,2,3,15,B02
200800037034,0,33,0,0,2,1,1,A01
200800037034,0,7,0,0,2,7,15,B02
200800037035,0,7,0,0,2,2,1,A01
200800037035,0,30,0,0,2,4,1,B02
200800037036,0,7,0,0,2,5,17,A01
200800037036,0,10,0,0,2,3,1,B02
200800037037,0,7,0,13,0,2,1,A01
200800037038,0,2,0,0,0,0,0,A01
200800037039,0,10,0,0,0,7,6,A01
200800037040,0,7,0,0,1,8,1,A01
200800037041,0,31,0,0,2,8,15,B02
200800037041,0,7,0,0,2,1,1,A01
200800037042,0,7,0,4,0,1,0,A01
200800037043,0,13,0,0,0,7,23,A01
200800037043,0,7,0,0,2,8,1,B02
200800037044,1,7,0,0,1,3,13,A01
200800037045,0,33,0,0,2,1,1,A01
200800037045,0,7,0,0,2,2,1,B02
200800037046,0,33,0,13,0,2,1,A01
200800037047,0,33,0,0,2,1,1,A01
200800037047,0,7,0,0,2,5,1,B02
200800037048,0,31,0,0,0,1,1,A01
200800037049,0,7,0,0,2,3,0,B02
200800037049,0,33,0,0,2,8,15,A01
200800037050,0,14,0,0,2,2,15,A01
200800037050,0,2,0,0,2,1,1,B02
200800037051,0,33,0,3,2,1,1,A01
200800037051,0,14,0,0,0,0,9,B02
200800037052,0,7,0,0,2,3,1,B02
200800037052,0,1,0,0,2,1,1,A01
200800037053,0,33,0,0,2,1,1,B02
200800037053,0,7,0,0,2,3,15,A01
200800037054,0,7,0,0,2,1,13,A01
200800037054,0,10,0,0,2,1,1,B02
200800037055,0,7,0,0,2,3,13,A01
200800037055,0,7,0,0,2,3,1,B02
200800037055,0,7,0,0,2,1,1,C03
200800037056,0,99,0,16,0,9,1,A01
200800037057,0,7,0,0,0,1,1,A01
200800037057,0,1,0,0,0,0,0,B02
200800037058,0,7,0,0,2,2,13,A01
200800037058,0,10,0,0,2,1,1,B02
200800037059,0,7,0,0,0,9,1,A01
200800037060,0,7,0,0,2,3,1,A01
200800037060,0,7,0,0,2,1,1,B02
200800037060,0,7,0,0,2,8,1,C03
200800037061,0,3,0,0,0,2,0,A01
200800037061,0,7,0,0,0,3,0,B02
200800037062,0,7,0,0,2,2,1,A01
200800037062,0,1,0,0,2,4,1,B02
200800037063,0,33,0,13,0,0,1,A01
200800037064,0,33,0,13,0,1,1,A01
200800037065,0,33,0,0,0,3,1,A01
200800037066,0,30,0,0,2,8,13,A01
200800037066,0,33,0,0,2,8,1,B02
200800037067,0,33,0,15,0,1,1,A01
200800037068,0,2,0,0,2,1,1,A01
200800037068,0,1,0,0,2,1,13,B02
200800037069,0,7,0,0,2,1,13,A01
200800037069,0,7,0,0,2,1,1,B02
200800037070,0,7,0,3,0,3,21,A01
200800037071,0,33,0,0,2,1,17,A01
200800037071,0,7,0,0,9,6,1,B02
200800037072,0,30,0,0,2,1,1,A01
200800037072,0,14,0,0,9,1,1,B02
200800037073,0,7,0,0,0,7,15,A01
200800037073,0,33,0,0,0,1,1,B02
200800037074,0,2,0,1,0,2,1,A01
200800037075,0,33,0,0,0,3,13,A01
200800037076,0,30,0,0,0,0,1,A01
200800037077,0,7,0,0,2,2,1,A01
200800037077,0,2,0,0,2,8,1,B02
200800037078,0,7,0,0,2,3,1,A01
200800037078,0,2,0,0,2,1,19,B02
200800037079,0,7,0,0,1,3,15,A01
200800037080,0,2,0,0,1,1,14,A01
200800037081,0,7,0,13,0,2,1,A01
200800037082,0,7,0,0,1,2,2,A01
200800037083,0,7,0,0,2,2,13,A01
200800037083,0,7,0,0,2,1,1,B02
200800037084,0,7,0,0,2,1,1,A01
200800037084,0,7,0,0,2,3,19,B02
200800037085,0,33,0,7,0,1,1,A01
200800037086,0,10,0,0,2,1,1,A01
200800037086,0,7,0,0,2,1,13,B02
200800037087,0,30,0,0,2,1,1,A01
200800037087,0,7,0,0,0,8,10,B02
200800037088,0,33,0,0,2,1,17,A01
200800037088,0,7,0,5,2,3,1,B02
200800037089,0,7,0,0,0,1,1,A01
200800037090,0,33,0,0,0,1,17,A01
200800037090,0,7,0,0,2,8,1,B02
200800037090,0,10,0,0,2,3,1,C03
200800037091,0,7,0,0,1,4,4,A01
200800037092,0,10,0,0,1,2,1,A01
200800037093,0,33,0,0,2,1,1,A01
200800037093,0,36,0,0,2,6,1,B02
200800037094,0,7,0,2,2,2,17,A01
200800037094,0,15,0,0,2,3,1,B02
200800037095,0,1,0,1,0,3,0,A01
200800037096,0,7,0,0,0,7,1,A01
200800037097,0,10,0,0,0,0,13,A01
200800037098,0,17,0,0,0,0,1,A01
200800037099,0,7,0,0,0,8,1,A01
200800037099,0,1,0,0,0,1,13,B02
200800037100,0,10,0,0,2,3,2,A01
200800037100,0,1,0,0,2,6,2,B02
200800037101,0,14,0,0,0,1,15,A01
200800037101,0,33,0,0,2,7,1,B02
200800037102,0,7,0,0,2,2,1,A01
200800037102,0,31,0,0,2,3,16,B02
200800037103,0,30,0,0,0,0,0,A01
200800037104,0,36,0,13,0,2,1,A01
200800037105,0,7,0,0,2,3,1,A01
200800037105,0,30,0,0,2,4,15,B02
200800037106,0,7,0,16,0,0,1,A01
200800037107,0,7,0,0,2,3,13,A01
200800037107,0,7,0,0,2,3,1,B02
200800037108,0,33,0,13,0,2,1,A01
200800037109,0,7,0,2,0,3,1,A01
200800037110,0,7,0,0,0,0,0,A01
200800037110,0,21,0,0,0,6,1,B02
200800037111,0,7,0,0,2,1,1,A01
200800037111,0,7,0,0,2,1,1,B02
200800037112,0,2,0,0,2,1,1,A01
200800037112,0,7,0,0,0,5,15,B02
200800037113,0,7,0,0,2,1,1,A01
200800037113,0,2,0,0,2,1,15,B02
200800037114,0,1,0,14,0,1,6,A01
200800037115,0,7,0,0,2,3,13,A01
200800037115,0,17,0,0,2,6,21,B02
200800037116,0,7,0,0,2,3,5,A01
200800037116,0,7,0,0,2,6,1,B02
200800037116,0,2,0,0,2,8,1,C03
200800037117,0,7,0,0,2,1,1,A01
200800037117,0,17,0,0,2,1,1,B02
200800037118,0,7,0,0,0,3,19,A01
200800037118,0,7,0,13,0,2,1,B02
200800037119,0,31,0,0,2,1,19,A01
200800037119,0,7,0,0,2,3,0,B02
200800037120,0,10,0,6,0,1,1,A01
200800037121,0,7,0,0,2,3,1,A01
200800037121,0,15,0,0,2,2,19,B02
200800037122,0,7,0,0,1,1,18,A01
200800037123,0,2,0,0,4,0,1,A01
200800037123,0,39,0,0,9,2,1,B02
200800037124,0,7,0,0,2,1,11,A01
200800037124,0,1,0,0,2,1,1,B02
200800037125,0,33,0,0,2,1,13,A01
200800037125,0,30,0,0,2,1,1,B02
200800037126,0,33,0,0,0,0,14,A01
200800037127,0,7,0,0,2,1,13,A01
200800037127,0,7,0,0,2,1,1,B02
200800037127,0,7,0,0,2,2,1,C03
200800037127,0,7,0,0,2,6,1,D04
200800037128,0,31,0,5,0,1,1,A01
200800037129,0,17,0,0,1,5,1,A01
200800037130,0,7,0,0,2,8,19,A01
200800037130,0,33,0,0,2,2,1,B02
200800037131,0,7,0,3,2,3,1,A01
200800037131,0,7,0,0,2,1,3,B02
200800037132,0,7,0,8,2,1,19,A01
200800037132,0,7,0,0,2,3,1,B02
200800037133,0,30,0,0,5,1,1,A01
200800037134,0,7,0,0,1,1,1,A01
200800037135,0,33,0,0,0,7,17,A01
200800037135,0,1,0,0,0,8,1,B02
200800037136,0,1,0,0,0,8,1,A01
200800037137,0,7,0,0,0,4,1,A01
200800037137,0,2,0,0,2,1,2,B02
200800037138,0,7,0,0,0,9,19,A01
200800037139,0,7,0,0,2,3,9,A01
200800037139,0,30,0,0,2,1,1,B02
200800037140,0,17,0,0,0,0,1,A01
200800037141,0,21,0,0,0,4,0,A01
200800037141,0,15,0,0,0,1,2,B02
200800037142,0,7,0,0,1,1,0,A01
200800037143,0,30,0,0,2,1,17,A01
200800037143,0,21,0,0,0,6,15,B02
200800037144,0,30,0,15,0,1,1,A01
200800037145,0,7,0,0,1,1,1,A01
200800037146,0,7,0,0,0,7,15,A01
200800037146,0,1,0,0,2,1,1,B02
200800037147,0,7,0,0,2,6,13,A01
200800037147,0,7,0,0,2,2,1,B02
200800037148,0,33,0,0,2,1,1,A01
200800037148,0,7,0,0,2,5,15,B02
200800037149,0,33,0,9,2,6,1,A01
200800037149,0,7,0,0,2,2,19,B02
200800037150,0,2,0,0,2,1,19,B02
200800037150,0,7,0,0,2,8,1,A01
200800037151,0,7,0,0,2,1,19,A01
200800037151,0,2,0,0,2,3,1,B02
200800037152,0,7,0,0,2,6,19,A01
200800037152,0,33,0,0,2,1,1,B02
200800037153,0,33,0,2,0,1,1,A01
200800037154,0,7,0,6,0,1,1,A01
200800037155,0,7,0,0,1,7,1,A01
200800037156,0,7,0,0,2,2,15,A01
200800037156,0,1,0,0,2,1,1,B02
200800037157,0,33,0,0,2,1,17,A01
200800037157,0,7,0,0,2,2,5,B02
200800037158,0,10,0,0,1,1,1,A01
200800037159,0,7,0,0,1,4,20,A01
200800037160,0,7,0,0,2,3,9,A01
200800037160,0,31,0,0,2,1,1,B02
200800037161,0,7,0,14,0,1,1,A01
200800037162,0,7,0,0,2,2,1,A01
200800037162,0,2,0,0,2,1,1,B02
200800037163,0,33,0,0,9,1,1,A01
200800037164,0,30,0,3,0,2,0,A01
200800037165,0,30,0,8,2,1,21,A01
200800037166,0,7,0,0,2,1,1,A01
200800037166,0,30,0,0,2,8,1,B02
200800037167,0,33,0,16,0,0,1,A01
200800037168,0,7,0,0,2,1,0,A01
200800037168,0,7,0,0,2,1,0,B02
200800037169,0,7,0,2,0,8,17,A01
200800037170,0,7,0,2,0,8,1,A01
200800037171,0,7,0,2,0,1,13,A01
200800037171,0,7,0,0,0,0,23,B02
200800037172,0,7,0,0,2,7,13,A01
200800037172,0,14,0,0,2,3,1,B02
200800037173,0,7,0,13,0,1,14,A01
200800037174,0,7,0,0,0,1,15,A01
200800037174,0,33,0,0,2,7,1,B02
200800037175,0,7,0,6,0,1,1,A01
200800037176,0,33,0,0,2,1,11,A01
200800037176,0,7,0,0,2,8,1,B02
200800037177,0,21,0,0,2,2,15,A01
200800037177,0,2,0,0,2,1,1,B02
200800037178,0,21,0,0,2,1,11,A01
200800037178,0,7,0,0,2,1,1,B02
200800037179,0,7,0,0,2,1,1,A01
200800037180,0,7,0,0,0,2,1,A01
200800037180,0,7,0,0,2,1,15,B02
200800037181,0,7,0,13,0,1,1,A01
200800037182,0,10,0,0,0,2,1,A01
200800037182,0,2,0,0,0,6,19,B02
200800037183,0,7,0,2,0,3,1,A01
200800037184,0,7,0,0,2,2,5,A01
200800037184,0,2,0,0,2,1,1,B02
200800037185,0,7,0,2,0,3,1,A01
200800037186,0,7,0,2,0,8,1,A01
200800037187,0,10,0,13,0,3,14,A01
200800037188,1,7,0,0,1,1,1,A01
200800037189,0,2,0,0,2,1,13,A01
200800037189,0,7,0,0,2,2,1,B02
200800037190,0,7,0,0,0,0,13,A01
200800037190,0,7,0,0,0,6,1,B02
200800037190,0,33,0,0,2,1,1,C03
200800037191,0,7,0,0,2,2,15,A01
200800037191,0,7,0,0,2,1,19,B02
200800037192,0,7,0,0,2,2,19,A01
200800037192,0,1,0,0,2,1,1,B02
200800037193,0,33,0,0,2,1,1,A01
200800037193,0,7,0,0,2,6,19,B02
200800037194,0,31,0,0,9,1,11,A01
200800037195,0,7,0,0,2,3,1,B02
200800037195,0,7,0,0,2,4,16,A01
200800037196,0,7,0,0,2,1,15,A01
200800037196,0,2,0,0,2,1,1,B02
200800037197,0,7,0,0,0,0,1,A01
200800037198,0,7,0,0,2,2,10,A01
200800037198,0,33,0,6,2,1,14,B02
200800037199,0,7,0,0,0,3,9,A01
200800037199,0,33,0,0,0,5,1,B02
200800037200,0,7,0,6,0,1,1,A01
200800037201,0,7,0,0,0,2,1,A01
200800037201,0,7,0,0,2,3,10,B02
200800037202,0,14,0,16,0,7,1,A01
200800037203,0,7,0,0,2,3,1,A01
200800037203,0,99,0,0,0,6,1,B02
200800037204,0,17,0,0,2,1,15,A01
200800037204,0,7,0,0,2,1,13,B02
200800037205,0,7,0,6,0,6,1,A01
200800037206,0,7,0,0,2,1,13,A01
200800037206,0,7,0,0,2,1,1,B02
200800037207,0,7,0,0,0,9,1,A01
200800037208,0,7,0,0,1,2,1,A01
200800037209,0,7,0,0,2,1,13,A01
200800037209,0,7,0,0,2,1,1,B02
200800037210,0,7,0,0,2,1,19,A01
200800037210,0,33,0,0,2,1,13,B02
200800037211,0,7,0,13,0,4,1,A01
200800037212,0,7,0,0,0,1,0,A01
200800037212,0,2,0,0,0,7,0,B02