Num_Acc,senc,catv,occutc,obs,obsm,choc,manv,num_veh
200800037213,0,7,0,0,0,0,0,A01
200800037213,0,10,0,0,2,1,1,B02
200800037214,0,7,0,0,0,6,4,A01
200800037214,0,31,0,0,0,1,0,B02
200800037215,0,33,0,0,0,8,14,A01
200800037216,0,14,0,4,0,2,6,A01
200800037217,0,7,0,0,9,2,1,A01
200800037217,0,1,0,0,2,3,15,B02
200800037218,0,7,0,0,2,2,17,A01
200800037218,0,2,0,0,2,6,15,B02
200800037219,0,7,0,0,2,1,2,A01
200800037219,0,14,0,0,2,4,2,B02
200800037220,0,7,0,0,2,3,15,A01
200800037220,0,2,0,0,2,1,1,B02
200800037221,0,7,0,13,0,1,1,A01
200800037222,0,7,0,0,2,3,13,A01
200800037222,0,7,0,0,2,8,1,B02
200800037222,0,7,0,0,2,2,1,C03
200800037223,0,7,0,0,2,2,19,A01
200800037223,0,2,0,0,2,8,1,B02
200800037224,0,31,0,0,0,0,0,A01
200800037225,0,30,0,16,0,1,1,A01
200800037226,0,7,0,9,0,1,1,A01
200800037227,0,21,0,0,2,8,1,A01
200800037227,0,32,0,0,2,1,16,B02
200800037228,0,33,0,13,0,7,1,A01
200800037229,0,7,0,11,0,7,14,A01
200800037230,0,7,0,0,2,1,13,A01
200800037230,0,7,0,0,2,2,1,B02
200800037231,0,7,0,0,2,3,19,A01
200800037231,0,7,0,0,2,8,1,B02
200800037232,0,7,0,8,2,1,19,A01
200800037232,0,7,0,0,2,3,1,B02
200800037233,0,7,0,16,0,0,0,A01
200800037234,0,7,0,16,0,1,1,A01
200800037235,0,7,0,8,0,1,1,A01
200800037236,0,7,0,13,0,3,13,A01
200800037237,0,7,0,0,2,2,2,A01
200800037237,0,33,0,0,0,4,2,B02
200800037238,0,7,0,13,0,8,13,A01
200800037239,0,21,0,0,1,5,1,A01
200800037240,0,2,0,0,2,8,15,A01
200800037240,0,7,0,0,2,2,17,B02
200800037241,0,30,0,6,0,1,1,A01
200800037242,0,33,0,0,2,3,13,A01
200800037242,0,7,0,0,9,3,1,B02
200800037243,0,15,0,0,2,1,1,B02
200800037243,0,7,0,0,2,7,19,A01
200800037244,0,7,0,3,0,2,19,A01
200800037245,0,33,0,0,6,1,1,A01
200800037246,0,15,0,0,9,3,17,A01
200800037246,0,33,0,0,2,1,17,B02
200800037247,0,7,0,0,2,3,15,A01
200800037247,0,2,0,0,2,1,1,B02
200800037248,0,10,0,0,2,1,0,A01
200800037248,0,15,0,0,2,3,0,B02
200800037249,0,7,0,0,2,3,1,A01
200800037249,0,14,0,0,2,3,1,B02
200800037250,0,33,0,3,0,3,1,A01
200800037251,0,33,0,0,0,8,1,A01
200800037252,0,14,0,0,2,1,1,A01
200800037252,0,7,0,0,2,4,15,B02
200800037252,0,7,0,0,2,4,15,C03
200800037253,0,36,0,13,0,1,1,A01
200800037254,0,36,0,0,0,0,1,A01
200800037255,0,7,0,3,0,9,17,A01
200800037256,0,7,0,0,0,3,1,A01
200800037256,0,7,0,0,0,3,1,B02
200800037257,0,7,0,13,0,3,1,A01
200800037258,0,7,0,16,0,1,1,A01
200800037259,0,17,0,0,2,3,1,A01
200800037259,0,10,0,0,2,3,1,B02
200800037260,0,33,0,0,2,1,1,A01
200800037260,0,21,0,0,2,6,15,B02
200800037261,1,2,0,0,2,2,17,A01
200800037261,0,1,0,0,2,3,15,B02
200800037262,0,7,0,8,0,8,1,A01
200800037263,0,7,0,13,0,1,1,A01
200800037264,0,7,0,0,0,7,15,A01
200800037264,0,10,0,0,0,1,1,B02
200800037265,0,7,0,2,0,7,17,A01
200800037266,0,33,0,0,2,8,1,A01
200800037266,0,7,0,0,2,2,15,B02
200800037267,0,7,0,3,2,4,1,A01
200800037267,0,10,0,3,2,4,1,B02
200800037268,0,10,0,0,2,2,1,A01
200800037268,0,1,0,0,2,1,15,B02
200800037269,0,7,0,0,2,7,15,A01
200800037269,0,33,0,0,2,7,1,B02
200800037270,0,30,0,0,2,1,1,A01
200800037270,0,7,0,0,2,2,1,B02
200800037271,0,33,0,9,0,1,1,A01
200800037272,0,7,0,0,2,2,19,A01
200800037272,0,7,0,0,2,3,1,B02
200800037273,0,7,0,6,0,2,1,A01
200800037274,0,10,0,0,2,1,1,B02
200800037274,0,7,0,0,2,8,19,A01
200800037275,0,7,0,0,1,1,1,A01
200800037276,0,7,0,0,2,3,13,A01
200800037276,0,14,0,0,2,8,1,B02
200800037277,0,7,0,6,0,3,1,A01
200800037278,0,10,0,0,2,4,24,A01
200800037278,0,30,0,1,0,1,1,B02
200800037279,0,7,0,13,0,1,13,A01
200800037280,0,36,0,6,0,2,15,A01
200800037281,0,7,0,0,2,5,16,A01
200800037281,0,7,0,0,2,2,1,B02
200800037282,0,7,0,0,2,3,13,A01
200800037282,0,7,0,0,2,3,1,B02
200800037283,0,7,0,0,0,6,19,A01
200800037283,0,7,0,0,2,3,0,B02
200800037284,0,7,0,0,2,3,1,A01
200800037284,0,7,0,0,2,3,13,B02
200800037285,0,33,0,3,0,1,16,A01
200800037286,0,1,0,0,2,8,1,A01
200800037286,0,33,0,0,9,2,1,B02
200800037287,0,33,0,0,0,7,2,A01
200800037288,0,7,0,2,0,1,1,A01
200800037289,0,7,0,0,2,2,2,A01
200800037289,0,1,0,0,0,6,1,B02
200800037290,0,7,0,10,0,8,1,A01
200800037291,0,7,0,0,2,1,1,A01
200800037291,0,1,0,0,2,8,15,B02
200800037292,0,7,0,0,2,8,1,A01
200800037292,0,7,0,0,2,1,15,B02
200800037293,0,7,0,0,2,3,1,A01
200800037293,0,7,0,0,2,3,1,B02
200800037294,0,7,0,0,2,1,15,A01
200800037294,0,31,0,0,2,1,1,B02
200800037295,0,7,0,13,0,1,1,A01
200800037296,0,2,0,0,2,3,13,A01
200800037296,0,7,0,0,2,3,1,B02
200800037297,0,7,0,0,2,3,16,A01
200800037297,0,7,0,0,2,2,1,B02
200800037298,0,10,0,0,2,1,17,A01
200800037298,0,7,0,0,0,0,2,B02
200800037298,0,7,0,0,0,6,15,C03
200800037299,0,7,0,6,0,3,1,A01
200800037300,0,7,0,13,6,1,1,A01
200800037301,0,7,0,8,2,2,1,A01
200800037301,0,7,0,0,2,1,2,B02
200800037302,0,7,0,13,0,2,0,A01
200800037303,0,36,0,0,0,0,1,A01
200800037304,0,7,0,1,2,8,1,A01
200800037304,0,7,0,0,2,1,0,B02
200800037305,0,2,0,0,0,0,1,A01
200800037306,0,7,0,6,0,7,0,A01
200800037307,0,2,0,0,2,1,1,A01
200800037307,0,2,0,0,2,1,1,B02
200800037308,0,7,0,0,2,8,15,A01
200800037308,0,33,0,0,2,1,17,B02
200800037309,0,7,0,13,0,1,1,A01
200800037310,0,33,0,8,0,1,1,A01
200800037311,0,31,0,3,0,7,1,A01
200800037312,0,33,0,0,2,1,1,A01
200800037312,0,7,0,0,2,2,15,B02
200800037313,0,7,0,3,0,3,1,A01
200800037314,0,21,0,0,0,0,1,A01
200800037315,0,33,0,6,0,1,19,A01
200800037316,0,7,0,0,2,3,1,B02
200800037316,0,30,0,0,2,1,13,A01
200800037317,0,7,0,0,2,7,1,A01
200800037317,0,7,0,0,2,1,1,B02
200800037318,0,30,0,0,2,3,2,A01
200800037318,0,7,0,0,2,5,2,B02
200800037319,0,2,0,0,2,3,0,A01
200800037319,0,7,0,0,2,3,9,B02
200800037320,0,7,0,0,0,8,1,A01
200800037321,0,7,0,0,2,8,13,A01
200800037321,0,7,0,0,2,1,21,B02
200800037322,0,7,0,0,2,3,1,A01
200800037322,0,7,0,0,2,3,1,B02
200800037323,0,30,0,0,0,1,1,A01
200800037324,0,7,0,0,2,2,1,A01
200800037324,0,2,0,0,2,5,13,B02
200800037325,0,33,0,0,2,1,17,A01
200800037325,0,31,0,0,2,8,15,B02
200800037326,0,7,0,0,2,2,13,A01
200800037326,0,2,0,0,2,1,1,B02
200800037327,0,7,0,6,0,3,1,A01
200800037328,0,33,0,0,2,1,17,A01
200800037328,0,7,0,0,2,3,1,B02
200800037329,0,10,0,6,0,1,1,A01
200800037330,0,17,0,14,0,3,2,A01
200800037330,0,7,0,0,0,4,23,B02
200800037330,0,7,0,14,0,3,1,C03
200800037331,0,7,0,0,2,1,1,A01
200800037331,0,7,0,0,0,5,15,B02
200800037332,0,7,0,3,2,1,19,A01
200800037333,0,1,0,0,9,4,2,A01
200800037334,0,7,0,0,2,3,13,A01
200800037334,0,7,0,0,2,1,1,B02
200800037334,0,7,0,0,2,8,1,C03
200800037334,0,99,0,0,2,8,1,D04
200800037335,0,2,0,0,2,8,13,A01
200800037335,0,7,0,0,2,3,1,B02
200800037336,0,2,0,7,0,1,16,A01
200800037337,0,7,0,0,0,2,1,A01
200800037337,0,1,0,0,2,1,9,B02
200800037338,0,10,0,0,2,3,17,A01
200800037338,0,7,0,0,2,3,1,B02
200800037339,0,7,0,0,2,1,9,A01
200800037339,0,1,0,0,2,1,1,B02
200800037340,0,7,0,0,2,1,13,A01
200800037340,0,10,0,0,2,7,21,B02
200800037341,0,2,0,0,2,1,2,A01
200800037341,0,7,0,0,2,6,2,B02
200800037342,0,7,0,0,2,7,1,B02
200800037342,0,7,0,0,2,2,19,A01
200800037343,0,7,0,0,2,1,5,A01
200800037343,0,7,0,0,2,1,1,B02
200800037343,0,15,0,0,2,8,1,C03
200800037344,0,1,0,0,0,3,15,A01
200800037344,0,7,0,0,9,1,1,B02
200800037345,0,2,0,0,2,1,1,A01
200800037345,0,7,0,0,2,1,15,B02
200800037346,0,7,0,8,0,2,13,A01
200800037347,0,10,0,0,0,4,23,A01
200800037347,0,1,0,1,0,1,1,B02
200800037348,0,7,0,0,2,2,19,A01
200800037348,0,2,0,0,2,1,1,B02
200800037349,0,33,0,0,0,4,23,A01
200800037349,0,7,0,0,0,2,2,B02
200800037350,0,10,0,0,2,5,19,A01
200800037350,0,33,0,0,2,1,1,B02
200800037351,0,7,0,4,0,2,15,A01
200800037352,0,7,0,2,2,5,13,A01
200800037352,0,7,0,0,2,2,1,B02
200800037353,0,7,0,2,2,3,1,A01
200800037353,0,7,0,13,2,3,14,B02
200800037354,0,7,0,2,0,2,1,A01
200800037355,0,7,0,9,0,3,1,A01
200800037356,0,17,0,1,0,2,1,A01
200800037356,0,15,0,0,2,6,23,B02
200800037357,0,7,0,0,2,9,17,A01
200800037357,0,17,0,0,2,0,1,B02
200800037357,0,17,0,0,2,4,1,C03
200800037357,0,17,0,0,2,2,1,D04
200800037358,0,7,0,4,0,3,1,A01
200800037359,0,7,0,0,2,1,14,A01
200800037359,0,10,0,0,2,4,1,B02
200800037359,0,7,0,0,2,6,1,C03
200800037360,0,7,0,3,2,9,15,A01
200800037360,0,7,0,4,2,7,2,B02
200800037361,0,7,0,0,2,6,23,A01
200800037361,0,7,0,1,0,2,21,B02
200800037361,0,7,0,1,0,1,23,C03
200800037361,0,7,0,1,0,4,2,D04
200800037361,0,10,0,14,0,4,23,E05
200800037361,0,7,0,1,0,4,23,F06
200800037362,0,7,0,0,2,2,3,A01
200800037362,0,17,0,0,0,6,1,C03
200800037363,0,7,0,0,2,8,15,A01
200800037363,0,33,0,0,2,7,1,B02
200800037364,0,33,0,0,2,1,1,A01
200800037364,0,7,0,0,2,5,1,B02
200800037365,0,10,0,0,2,2,13,A01
200800037365,0,10,0,0,2,3,1,B02
200800037366,0,2,0,0,0,8,1,A01
200800037367,0,33,0,0,2,8,13,A01
200800037367,0,7,0,0,2,6,1,B02
200800037368,0,7,0,0,2,2,5,A01
200800037368,0,7,0,0,2,3,1,B02
200800037368,0,7,0,0,2,1,2,C03
200800037369,0,33,0,0,2,3,1,A01
200800037369,0,33,0,0,2,3,0,B02
200800037370,0,7,0,13,0,3,21,A01
200800037371,0,31,0,0,2,1,13,A01
200800037371,0,10,0,0,0,3,1,B02
200800037372,0,33,0,0,0,1,1,A01
200800037373,0,7,0,0,0,2,1,A01
200800037373,0,1,0,0,0,8,19,B02
200800037374,0,7,0,15,0,7,1,A01
200800037375,0,7,0,0,2,5,17,A01
200800037375,0,7,0,0,2,3,1,B02
200800037376,0,33,0,11,0,1,17,A01
200800037377,0,7,0,0,2,1,19,A01
200800037377,0,7,0,0,2,1,1,B02
200800037378,0,7,0,9,0,1,16,A01
200800037379,0,7,0,2,0,2,1,A01
200800037380,0,33,0,0,2,3,17,A01
200800037380,0,7,0,0,2,3,1,B02
200800037381,0,1,0,0,2,7,13,A01
200800037381,0,7,0,0,0,2,1,B02
200800037382,0,7,0,2,0,3,0,A01
200800037383,0,7,0,0,2,8,17,A01
200800037383,0,30,0,0,2,8,1,B02
200800037384,0,33,0,2,0,0,1,A01
200800037385,0,7,0,0,0,3,15,A01
200800037385,0,7,0,0,0,1,1,B02
200800037386,0,21,0,13,0,9,1,A01
200800037387,0,33,0,3,0,1,1,A01
200800037388,0,7,0,6,0,2,1,A01
200800037389,0,33,0,13,0,9,1,A01
200800037390,0,14,0,0,0,0,0,A01
200800037391,0,33,0,0,2,1,15,A01
200800037391,0,7,0,0,2,1,1,B02
200800037392,0,7,0,0,2,3,13,A01
200800037392,0,7,0,0,2,3,1,B02
200800037393,0,33,0,13,0,1,1,A01
200800037394,0,7,0,0,0,9,1,A01
200800037395,0,7,0,13,0,2,21,A01
200800037396,0,7,0,0,2,1,13,A01
200800037396,0,7,0,0,2,1,1,B02
200800037397,0,7,0,2,0,1,14,A01
200800037398,0,33,0,0,0,0,17,A01
200800037398,0,7,0,0,0,0,17,B02
200800037399,0,7,0,6,0,1,1,A01
200800037400,0,7,0,2,0,8,15,A01
200800037400,0,33,0,0,2,1,17,B02
200800037401,0,33,0,0,2,1,18,A01
200800037401,0,7,0,0,2,5,16,B02
200800037402,0,7,0,0,2,1,1,A01
200800037402,0,2,0,0,2,1,17,B02
200800037403,0,7,0,0,0,1,1,A01
200800037404,0,7,0,0,2,1,13,A01
200800037404,0,7,0,0,2,1,1,B02
200800037405,0,30,0,0,2,8,13,A01
200800037405,0,7,0,0,2,8,1,B02
200800037406,0,7,0,0,2,1,11,A01
200800037406,0,7,0,0,2,3,1,B02
200800037407,0,10,0,0,2,1,11,A01
200800037407,0,10,0,0,2,1,1,B02
200800037408,0,10,0,0,2,2,15,A01
200800037408,0,33,0,0,2,1,1,B02
200800037409,0,2,0,0,2,1,17,A01
200800037409,0,7,0,0,2,3,1,B02
200800037410,0,7,0,0,2,1,17,A01
200800037410,0,7,0,0,2,1,1,B02
200800037411,0,7,0,4,0,1,15,A01
200800037412,0,7,0,0,2,6,19,A01
200800037412,0,33,0,0,2,1,1,B02
200800037413,0,30,0,0,2,3,16,A01
200800037413,0,10,0,0,2,2,1,B02
200800037414,0,7,0,0,2,3,15,A01
200800037414,0,30,0,0,2,1,1,B02
200800037415,0,10,0,0,2,2,15,A01
200800037415,0,33,0,0,2,1,1,B02
200800037416,0,30,0,0,2,8,1,A01
200800037416,0,7,0,0,2,7,16,B02
200800037417,0,1,0,0,1,1,19,A01
200800037418,0,30,0,0,2,3,15,A01
200800037418,0,33,0,0,2,2,17,B02
200800037419,0,31,0,0,0,1,1,A01
200800037420,0,7,0,0,0,3,1,A01
200800037420,0,7,0,0,0,3,1,B02
200800037421,0,7,0,10,0,2,16,A01
200800037422,0,33,0,0,2,7,17,A01
200800037422,0,30,0,0,2,8,15,B02
200800037423,0,30,0,0,2,1,1,A01
200800037423,0,14,0,0,2,3,1,B02
200800037424,0,7,0,0,2,8,10,A01
200800037424,0,13,0,0,2,2,1,B02
200800037425,0,31,0,0,2,1,13,A01
200800037425,0,7,0,0,2,1,0,B02
200800037426,0,7,0,0,2,1,13,A01
200800037426,0,3,0,0,2,0,1,B02
200800037427,0,30,0,0,2,1,17,A01
200800037427,0,32,0,0,2,1,2,B02
200800037428,0,33,0,0,1,1,1,A01
200800037429,0,32,0,3,0,7,1,A01
200800037430,0,33,0,0,0,1,13,A01
200800037430,0,7,0,0,0,3,1,B02
200800037431,0,7,0,0,2,8,15,B02
200800037431,0,7,0,0,2,1,1,A01
200800037432,0,10,0,0,0,3,1,A01
200800037432,0,7,0,0,0,3,1,B02
200800037433,0,33,0,0,6,1,1,A01
200800037434,0,7,0,0,2,3,1,A01
200800037434,0,33,0,0,2,1,13,B02
200800037435,0,33,0,0,2,3,13,A01
200800037435,0,7,0,0,2,3,1,B02
200800037436,0,7,0,2,0,1,1,A01
200800037437,0,30,0,0,2,2,16,A01
200800037437,0,7,0,0,2,3,16,B02
200800037438,0,7,0,2,0,1,1,A01
200800037439,0,33,0,4,2,1,14,A01
200800037439,0,7,0,0,2,6,23,B02
200800037440,0,33,0,0,6,1,0,A01
200800037441,0,33,0,0,2,1,13,A01
200800037441,0,15,0,0,2,3,1,B02
200800037442,0,7,0,6,2,2,13,A01
200800037442,0,7,0,0,2,3,1,B02
200800037443,0,30,0,0,2,1,16,A01
200800037443,0,7,0,0,2,1,1,B02
200800037444,0,10,0,0,2,5,15,A01
200800037444,0,2,0,0,2,2,1,B02
200800037445,0,7,0,0,2,2,15,A01
200800037445,0,2,0,0,2,1,0,B02
200800037446,0,7,0,0,0,3,13,A01
200800037446,0,10,0,0,2,3,1,B02
200800037446,0,7,0,0,2,3,1,C03
200800037447,0,7,0,0,2,6,17,A01
200800037447,0,7,0,0,2,6,15,B02
200800037448,0,33,0,13,0,1,19,A01
200800037449,0,33,0,11,0,1,14,A01
200800037450,0,32,0,8,0,2,13,A01
200800037451,0,7,0,8,0,8,1,A01
200800037452,0,7,0,0,2,1,15,A01
200800037452,0,33,0,0,2,7,1,B02
200800037452,0,17,0,0,2,3,1,C03
200800037453,0,34,0,0,2,6,11,A01
200800037453,0,7,0,0,2,5,12,B02
200800037454,0,7,0,0,2,8,19,A01
200800037454,0,33,0,0,2,3,1,B02
200800037455,0,2,0,0,1,1,17,A01
200800037456,0,7,0,0,2,3,1,A01
200800037456,0,33,0,0,2,1,13,B02
200800037456,0,7,0,0,2,8,0,C03
200800037457,0,7,0,0,2,6,10,A01
200800037457,0,31,0,0,2,1,17,B02
200800037458,0,7,0,0,2,7,15,A01
200800037458,0,34,0,0,2,7,1,B02
200800037458,0,7,0,0,2,1,1,C03
200800037459,0,7,0,0,2,8,19,A01
200800037459,0,38,0,0,2,1,1,B02
200800037459,0,7,0,0,2,8,23,C03
200800037460,0,7,0,0,2,8,10,A01
200800037460,0,33,0,0,2,1,1,B02
200800037460,0,33,0,0,2,1,0,C03
200800037461,0,7,0,0,2,3,13,A01
200800037461,0,7,0,0,2,3,1,B02
200800037461,0,10,0,0,2,8,1,C03
200800037462,0,10,0,0,2,3,1,A01
200800037462,0,2,0,0,2,3,13,B02
200800037463,0,33,0,0,0,0,1,A01
200800037464,0,7,0,13,0,9,21,A01
200800037465,0,32,0,0,2,7,17,A01
200800037465,0,7,0,0,2,8,15,B02
200800037466,0,31,0,0,2,1,13,A01
200800037466,0,14,0,0,2,1,1,B02
200800037467,0,7,0,0,2,8,19,A01
200800037467,0,30,0,0,2,1,1,B02
200800037468,0,7,0,0,2,8,19,A01
200800037468,0,32,0,0,2,1,1,B02
200800037469,0,7,0,0,2,1,17,A01
200800037469,0,7,0,0,2,1,1,B02
200800037470,0,7,0,0,2,3,15,A01
200800037470,0,32,0,0,2,1,1,B02
200800037471,0,7,0,0,2,8,15,A01
200800037471,0,2,0,0,2,1,1,B02
200800037472,0,17,0,0,2,6,2,A01
200800037472,0,2,0,0,2,6,2,B02
200800037473,0,31,0,0,2,1,1,A01
200800037473,0,7,0,0,2,4,15,B02
200800037473,0,7,0,0,2,1,1,C03
200800037474,0,31,0,0,2,8,18,A01
200800037474,0,7,0,0,2,7,16,B02
200800037475,0,33,0,0,2,1,1,A01
200800037475,0,7,0,0,2,3,5,B02
200800037476,0,10,0,13,0,9,1,A01
200800037477,0,10,0,0,2,1,13,A01
200800037477,0,7,0,0,2,1,1,B02
200800037478,0,15,0,0,0,6,19,A01
200800037478,0,7,0,0,2,3,1,B02
200800037479,0,3,0,0,0,1,0,A01
200800037479,0,1,0,0,0,1,0,B02
200800037480,0,2,0,0,2,0,13,A01
200800037480,0,7,0,0,2,1,1,B02
200800037481,0,7,0,0,2,3,1,A01
200800037481,0,7,0,0,2,3,1,B02
200800037482,0,7,0,0,2,3,10,A01
200800037482,0,33,0,0,2,1,1,B02
200800037483,0,7,0,0,2,2,15,A01
200800037483,0,1,0,0,2,1,1,B02
200800037484,0,7,0,2,0,7,1,A01
200800037485,0,7,0,0,2,3,9,A01
200800037485,0,30,0,0,2,8,18,B02
200800037486,0,7,0,0,2,5,15,A01
200800037486,0,2,0,0,2,1,1,B02
200800037487,0,30,0,0,2,1,5,A01
200800037487,0,1,0,0,2,1,1,B02
200800037488,0,10,0,0,2,7,16,A01
200800037488,0,2,0,0,2,1,1,B02
200800037489,0,7,0,0,2,3,13,A01
200800037489,0,10,0,0,2,3,1,B02
200800037490,0,7,0,7,0,2,0,A01
200800037491,0,31,0,0,2,1,1,A01
200800037491,0,7,0,0,0,4,1,B02
200800037492,0,7,0,2,0,3,1,A01
200800037493,0,10,0,0,2,7,1,A01
200800037493,0,1,0,0,0,0,0,B02
200800037494,0,7,0,0,2,6,20,A01
200800037494,0,7,0,0,2,1,1,B02
200800037494,0,7,0,0,9,1,1,C03
200800037495,0,7,0,0,2,3,15,A01
200800037495,0,32,0,0,2,6,1,B02
200800037496,0,7,0,8,0,1,1,A01
200800037497,0,30,0,8,9,1,1,A01
200800037498,0,10,0,0,2,7,17,A01
200800037498,0,17,0,0,2,8,1,B02
200800037499,0,33,0,0,6,1,1,A01
200800037500,0,7,0,0,2,1,1,A01
200800037500,0,1,0,0,2,1,16,B02
200800037501,0,31,0,0,2,0,1,A01
200800037501,0,7,0,0,2,3,1,B02
200800037502,0,7,0,0,2,2,1,A01
200800037502,0,7,0,0,2,3,1,B02
200800037503,0,33,0,0,2,1,18,A01
200800037503,0,10,0,0,2,7,16,B02
200800037504,0,14,0,0,2,0,15,A01
200800037504,0,2,0,0,2,1,1,B02
200800037505,0,33,0,0,2,1,1,A01
200800037505,0,7,0,0,2,2,9,B02
200800037506,0,7,0,0,2,1,1,A01
200800037506,0,1,0,0,0,6,10,B02
200800037507,0,7,0,0,2,1,19,A01
200800037507,0,31,0,0,2,7,17,B02
200800037508,0,33,0,0,1,2,13,A01
200800037509,0,7,0,0,1,1,1,A01
200800037510,0,7,0,2,0,8,1,A01
200800037511,0,33,0,0,0,0,17,A01
200800037512,0,2,0,0,1,1,5,A01
200800037513,0,7,0,13,0,1,14,A01
200800037514,0,7,0,0,0,3,10,A01
200800037514,0,33,0,0,2,1,17,B02
200800037515,0,2,0,0,6,1,1,A01
200800037516,0,7,0,13,0,1,1,A01
200800037517,0,7,0,0,2,7,15,A01
200800037517,0,31,0,0,2,1,1,B02
200800037518,0,1,0,0,0,8,10,A01
200800037518,0,7,0,0,2,2,17,B02
200800037519,1,7,0,0,1,8,19,A01
200800037520,0,7,0,2,0,1,1,A01
200800037521,0,30,0,0,0,8,1,A01
200800037521,0,30,0,0,2,7,21,B02
200800037522,0,7,0,16,0,7,1,A01
200800037523,0,7,0,16,0,2,1,A01
200800037524,0,33,0,0,0,7,1,A01
200800037525,0,7,0,0,2,3,13,A01
200800037525,0,7,0,0,2,3,1,B02
200800037526,0,1,0,0,2,1,13,A01
200800037526,0,7,0,0,9,1,1,B02
200800037527,0,7,0,2,0,3,13,A01
200800037528,0,33,0,0,0,8,1,A01
200800037529,0,2,0,2,0,1,1,A01
200800037530,0,7,0,0,0,3,1,A01
200800037530,0,7,0,0,0,8,10,B02
200800037531,0,7,0,0,2,1,2,A01
200800037531,0,2,0,0,2,4,2,B02
200800037532,0,7,0,0,2,1,1,A01
200800037532,0,7,0,0,2,3,15,B02
200800037533,0,31,0,0,2,1,1,A01
200800037533,0,7,0,0,0,8,19,B02
200800037534,0,7,0,2,0,1,1,A01
200800037535,0,10,0,16,0,7,1,A01
200800037536,0,7,0,0,2,3,1,A01
200800037536,0,15,0,0,2,2,1,B02
200800037537,0,33,0,0,1,7,17,A01
200800037538,0,7,0,0,2,1,1,A01
200800037538,0,7,0,0,2,4,1,B02
200800037538,0,7,0,0,2,4,1,C03
200800037539,0,7,0,13,0,1,1,A01
200800037540,0,7,0,0,2,5,17,A01
200800037540,0,7,0,0,2,3,17,B02
200800037540,0,10,0,0,2,1,1,C03
200800037541,0,2,0,0,2,6,19,A01
200800037541,0,7,0,0,9,1,1,B02
200800037542,0,3,0,5,0,9,0,A01
200800037543,0,7,0,2,0,7,1,A01
200800037544,0,33,0,0,0,1,1,A01
200800037545,0,7,0,0,2,3,13,A01
200800037545,0,7,0,0,2,3,1,B02
200800037546,0,7,0,1,0,0,1,A01
200800037547,0,33,0,0,2,7,1,A01
200800037548,0,2,0,0,9,1,1,A01
200800037548,0,1,0,0,9,4,1,B02
200800037549,0,7,0,0,1,2,16,A01
200800037550,0,7,0,0,2,1,1,A01
200800037550,0,7,0,0,2,1,1,B02
200800037551,0,7,0,0,0,8,15,A01
200800037552,0,7,0,0,2,1,13,A01
200800037552,0,7,0,0,2,1,1,B02
200800037553,0,7,0,0,2,3,1,A01
200800037553,0,10,0,0,2,3,17,B02
200800037554,0,7,0,0,2,3,17,A01
200800037554,0,7,0,0,2,3,1,B02
200800037555,0,31,0,0,2,1,1,A01
200800037555,0,7,0,0,2,6,9,B02
200800037556,0,7,0,13,0,3,1,A01
200800037557,0,7,0,0,2,3,13,A01
200800037557,0,10,0,0,2,3,1,B02
200800037557,0,7,0,0,2,3,21,C03
200800037558,0,33,0,0,0,5,21,A01
200800037558,0,7,0,0,2,8,23,B02
200800037559,0,17,0,0,1,7,16,A01
200800037559,0,1,0,0,2,1,23,B02
200800037560,0,7,0,0,9,2,1,A01
200800037560,0,1,0,0,0,4,1,B02
200800037561,0,33,0,0,2,1,17,A01
200800037561,0,7,0,0,2,3,1,B02
200800037562,0,10,0,0,2,2,1,A01
200800037562,0,1,0,0,2,4,1,B02
200800037563,0,33,0,16,0,1,1,A01
200800037564,0,7,0,2,0,1,13,A01
200800037565,0,7,0,6,0,6,1,A01
200800037566,0,2,0,0,0,6,10,A01
200800037566,0,33,0,0,2,1,21,B02
200800037567,0,7,0,0,2,1,1,A01
200800037567,0,7,0,0,2,1,1,B02
200800037568,0,7,0,0,2,1,13,A01
200800037568,0,7,0,0,2,1,1,B02
200800037569,0,33,0,0,2,2,17,A01
200800037569,0,10,0,0,2,3,15,B02
200800037570,0,7,0,0,0,7,14,A01
200800037571,0,30,0,0,2,1,13,A01
200800037571,0,7,0,0,2,1,1,B02
200800037572,0,7,0,0,0,8,1,A01
200800037572,0,33,0,0,0,8,1,B02
200800037573,0,33,0,13,0,7,1,A01
200800037574,0,7,0,0,1,7,15,A01
200800037575,0,7,0,0,2,1,15,A01
200800037575,0,7,0,0,2,1,1,B02
200800037575,0,7,0,0,2,8,23,C03
200800037576,0,7,0,0,0,3,1,A01
200800037576,0,7,0,0,2,3,0,B02
200800037577,0,10,0,0,2,6,1,A01
200800037577,0,33,0,0,2,2,17,B02
200800037578,0,31,0,0,2,1,13,A01
200800037578,0,7,0,0,2,8,1,B02
200800037578,0,7,0,0,2,3,1,C03
200800037579,0,7,0,0,2,3,1,A01
200800037579,0,7,0,0,2,2,1,B02
200800037580,0,7,0,4,2,3,3,A01
200800037580,0,7,0,4,2,5,2,B02
200800037581,0,7,0,0,2,3,13,A01
200800037581,0,31,0,0,2,1,1,B02
200800037582,0,10,0,0,0,0,0,A01
200800037583,0,7,0,0,1,4,4,A01