Num_Acc,senc,catv,occutc,obs,obsm,choc,manv,num_veh
200800038342,0,31,0,0,2,8,1,B01
200800038343,0,13,0,0,1,8,9,A01
200800038344,0,7,0,0,2,1,15,B01
200800038344,0,30,0,0,2,0,1,A01
200800038345,0,7,0,0,2,7,0,A01
200800038345,0,33,0,0,2,1,0,B01
200800038346,0,7,0,6,0,1,14,A01
200800038347,0,2,0,0,2,1,1,B01
200800038347,0,10,0,0,2,3,15,A01
200800038348,0,31,0,0,0,0,0,A01
200800038348,0,31,0,1,2,0,1,B01
200800038349,0,7,0,0,2,1,1,A01
200800038349,0,7,0,0,2,4,2,B01
200800038349,0,7,0,0,2,4,2,C01
200800038350,0,2,0,0,1,1,21,A01
200800038351,0,7,0,1,0,3,0,A01
200800038352,0,10,0,0,2,5,15,A01
200800038352,0,2,0,0,2,3,1,B01
200800038353,0,31,0,0,0,0,0,A01
200800038354,0,2,0,14,0,1,1,A01
200800038354,0,33,0,0,2,4,23,B01
200800038355,0,33,0,0,2,1,0,A01
200800038355,0,7,0,0,2,3,1,B01
200800038356,0,33,0,0,2,7,16,A01
200800038356,0,7,0,0,2,3,1,B01
200800038357,0,7,0,7,4,7,1,A01
200800038357,0,40,0,0,2,1,1,B01
200800038358,0,7,0,0,2,3,15,A01
200800038358,0,30,0,0,2,7,1,B01
200800038359,0,40,0,0,1,1,1,A01
200800038360,0,7,0,0,2,3,15,A01
200800038360,0,32,0,0,2,1,1,B01
200800038361,0,7,0,0,2,7,15,A01
200800038361,0,2,0,0,2,0,1,B01
200800038362,0,31,0,0,0,0,0,A01
200800038362,0,7,0,0,0,0,0,B01
200800038363,0,7,0,0,1,1,15,A01
200800038364,0,7,0,0,2,3,1,A01
200800038364,0,7,0,1,2,2,1,B01
200800038365,0,7,0,0,2,3,9,A01
200800038365,0,33,0,0,2,1,1,B01
200800038366,0,7,0,0,2,3,15,A01
200800038366,0,7,0,0,2,7,1,B01
200800038367,0,32,0,0,2,1,1,A01
200800038367,0,7,0,0,2,5,16,B01
200800038368,0,1,0,0,2,1,2,B01
200800038368,0,7,0,0,9,5,2,A01
200800038369,0,33,0,0,2,1,1,B01
200800038369,0,7,0,0,2,8,9,A01
200800038370,0,10,0,10,0,1,1,A01
200800038371,0,36,0,0,2,1,13,A01
200800038371,0,7,0,0,2,6,1,B01
200800038372,0,32,0,0,2,1,0,B01
200800038372,0,7,0,0,2,2,15,A01
200800038373,0,7,0,14,0,2,1,A01
200800038374,0,7,0,0,1,2,0,A01
200800038375,0,7,0,0,2,5,15,A01
200800038375,0,2,0,0,2,1,18,B01
200800038376,0,37,20,0,0,3,1,B01
200800038376,0,33,0,0,2,1,1,A01
200800038377,0,33,0,0,2,1,1,B01
200800038377,0,7,0,0,2,8,19,A01
200800038378,0,2,0,0,0,0,0,A01
200800038379,0,7,0,0,2,3,1,B01
200800038379,0,7,0,0,2,3,5,A01
200800038380,0,7,0,0,2,1,1,A01
200800038380,0,2,0,0,2,3,1,B01
200800038381,0,7,0,0,1,2,17,A01
200800038382,0,7,0,0,1,3,1,A01
200800038383,0,7,0,0,2,6,15,A01
200800038383,0,2,0,0,2,1,0,B01
200800038384,0,7,0,0,2,3,17,A01
200800038384,0,33,0,0,2,1,1,B01
200800038385,0,7,0,0,2,3,13,A01
200800038385,0,13,0,0,2,3,1,B01
200800038386,0,7,0,10,0,1,14,A01
200800038387,0,7,0,0,2,3,1,A01
200800038387,0,1,0,0,2,2,1,B01
200800038388,0,7,0,0,2,1,5,A01
200800038388,0,7,0,0,2,1,1,B01
200800038389,0,7,0,0,2,1,13,A01
200800038389,0,7,0,0,2,1,1,B01
200800038390,0,7,0,0,2,8,16,B01
200800038390,0,2,0,0,2,1,1,A01
200800038391,0,30,0,0,2,1,1,A01
200800038391,0,7,0,0,2,3,1,B01
200800038392,0,7,0,0,2,6,1,B01
200800038392,0,1,0,0,2,6,1,A01
200800038393,0,7,0,0,2,1,2,A01
200800038393,0,7,0,0,2,4,2,B01
200800038394,0,31,0,0,5,0,1,A01
200800038395,0,7,0,0,2,8,1,B01
200800038395,0,30,0,0,2,1,1,A01
200800038396,0,7,0,0,2,3,1,A01
200800038396,0,7,0,0,2,3,1,B01
200800038397,0,7,0,0,1,4,4,A01
200800038398,0,2,0,0,2,1,1,B01
200800038398,0,7,0,0,2,3,15,A01
200800038399,0,2,0,0,0,0,1,A01
200800038400,0,7,0,0,1,1,1,A01
200800038401,0,30,0,0,2,1,17,A01
200800038401,0,7,0,0,2,1,1,B01
200800038402,0,7,0,0,1,0,1,A01
200800038403,0,2,0,0,0,0,1,A01
200800038404,0,2,0,0,2,1,13,A01
200800038404,0,7,0,0,2,3,21,B01
200800038404,0,2,0,0,0,0,2,C01
200800038405,0,7,0,0,2,7,19,A01
200800038405,0,7,0,0,2,1,1,B01
200800038406,0,7,0,0,2,3,0,B01
200800038406,0,2,0,0,2,1,1,A01
200800038407,0,7,0,0,2,1,15,A01
200800038407,0,2,0,0,2,1,1,B01
200800038408,0,7,0,0,2,3,0,A01
200800038408,0,2,0,0,2,8,0,B01
200800038409,0,31,0,0,2,1,1,A01
200800038409,0,31,0,0,2,1,1,B01
200800038410,0,7,0,0,2,0,0,A01
200800038410,0,7,0,0,2,0,0,B01
200800038411,0,7,0,0,1,1,1,A01
200800038412,0,7,0,0,2,6,15,A01
200800038412,0,33,0,0,1,1,1,B01
200800038413,0,10,0,0,2,2,15,A01
200800038413,0,7,0,0,2,2,1,B01
200800038414,0,32,0,8,2,2,17,A01
200800038414,0,7,0,0,2,3,15,B01
200800038415,1,32,0,0,1,0,0,A01
200800038416,0,7,0,0,1,2,16,A01
200800038417,0,7,0,8,0,1,1,A01
200800038418,0,33,0,0,2,1,17,A01
200800038418,0,7,0,0,2,3,15,B01
200800038419,0,7,0,0,0,0,0,A01
200800038420,0,7,0,0,2,3,10,A01
200800038420,0,33,0,0,2,7,17,B01
200800038421,0,10,0,0,2,1,2,A01
200800038421,0,7,0,0,2,4,2,B01
200800038421,0,7,0,0,2,4,2,C01
200800038422,0,7,0,0,2,1,1,A01
200800038422,0,7,0,0,2,4,23,B01
200800038422,0,7,0,0,2,4,1,C01
200800038423,0,30,0,0,2,1,13,A01
200800038423,0,7,0,0,2,3,1,B01
200800038424,0,14,0,0,2,6,13,A01
200800038424,0,7,0,0,2,8,16,B01
200800038425,0,30,0,0,2,1,1,A01
200800038425,0,7,0,0,2,2,15,B01
200800038426,0,1,0,0,2,1,5,A01
200800038426,0,7,0,0,2,1,1,B01
200800038427,1,7,0,0,2,8,15,A01
200800038427,0,2,0,0,2,7,1,B01
200800038428,0,7,0,0,2,3,13,A01
200800038428,0,7,0,0,2,3,1,B01
200800038429,0,33,0,0,2,1,17,A01
200800038429,0,7,0,0,9,3,15,B01
200800038430,0,7,0,2,0,1,14,A01
200800038431,0,10,0,0,2,7,14,A01
200800038431,0,1,0,0,2,8,1,B01
200800038432,1,99,0,0,1,1,1,A01
200800038433,0,7,0,0,2,1,1,A01
200800038433,0,32,0,0,2,7,1,B01
200800038434,0,7,0,0,2,2,15,B01
200800038434,0,33,0,3,2,9,1,A01
200800038435,0,7,0,0,2,3,15,A01
200800038435,0,30,0,0,2,3,17,B01
200800038436,0,7,0,0,2,8,15,A01
200800038436,0,2,0,0,2,1,1,B01
200800038437,0,7,0,0,2,3,10,A01
200800038437,0,33,0,0,2,1,2,B01
200800038438,0,33,0,0,2,1,1,B01
200800038438,0,7,0,0,2,2,4,A01
200800038439,0,31,0,8,0,0,1,A01
200800038439,0,21,0,0,9,8,15,B01
200800038440,0,7,0,0,1,1,16,A01
200800038441,0,7,0,6,2,5,16,B01
200800038441,0,13,0,0,2,3,16,A01
200800038442,0,7,0,0,1,2,1,A01
200800038443,0,7,1,0,2,1,1,A01
200800038443,0,7,1,0,2,1,5,B01
200800038444,0,7,0,0,2,3,5,A01
200800038444,0,7,1,0,2,3,5,B01
200800038445,0,2,0,16,0,1,1,A01
200800038446,0,7,0,0,2,3,5,A01
200800038446,0,33,0,0,2,1,1,B01
200800038447,0,7,0,0,2,2,1,A01
200800038447,0,7,0,0,2,3,1,B01
200800038448,0,7,0,0,2,7,1,B01
200800038448,0,7,0,0,2,2,15,A01
200800038449,0,7,1,0,2,7,1,A01
200800038449,0,1,0,0,2,3,19,B01
200800038449,0,1,0,0,2,7,19,C01
200800038450,0,7,0,0,0,8,1,A01
200800038450,1,10,0,0,2,7,1,B01
200800038451,0,7,0,8,0,3,2,A01
200800038452,1,7,0,0,1,1,1,A01
200800038453,0,2,0,0,2,1,2,A01
200800038453,0,10,0,0,0,5,2,B01
200800038454,0,7,0,0,2,1,2,A01
200800038454,0,7,0,0,2,9,2,B01
200800038454,0,7,0,0,0,4,2,C01
200800038455,0,7,0,11,0,2,2,A01
200800038455,0,30,0,0,2,5,2,B01
200800038456,0,7,0,0,2,1,15,A01
200800038456,0,7,0,0,2,1,23,B01
200800038456,0,7,0,0,2,1,23,C01
200800038457,0,7,0,0,2,1,2,A01
200800038457,0,7,0,0,0,4,2,B01
200800038458,0,32,0,0,2,3,1,A01
200800038458,0,7,0,0,2,8,1,B01
200800038459,0,10,0,0,2,5,10,A01
200800038459,0,10,0,0,2,1,0,B01
200800038460,0,32,0,0,2,0,0,B01
200800038460,1,7,0,0,2,0,0,A01
200800038461,0,7,0,0,2,7,1,B01
200800038461,0,7,0,15,2,1,16,A01
200800038462,0,7,0,0,1,1,1,A01
200800038463,0,7,0,0,2,4,2,B01
200800038463,0,7,0,0,9,4,2,A01
200800038463,0,7,0,0,2,1,2,C01
200800038464,0,30,0,0,4,1,9,A01
200800038464,0,40,0,0,2,3,0,B01
200800038465,0,7,0,0,2,0,0,A01
200800038465,0,30,0,0,2,3,1,B01
200800038465,0,7,0,0,2,6,0,C01
200800038466,0,7,0,1,2,3,1,B01
200800038466,1,7,0,0,2,5,17,A01
200800038467,0,7,0,0,0,0,0,A01
200800038467,0,7,0,0,0,8,0,B01
200800038468,0,7,0,0,1,2,1,A01
200800038469,0,7,0,6,0,3,0,A01
200800038470,0,7,0,15,0,1,1,A01
200800038471,0,7,0,0,0,1,1,A01
200800038471,0,7,0,0,0,4,23,B01
200800038471,0,7,0,0,0,4,23,C01
200800038472,0,2,0,0,2,1,1,A01
200800038472,0,7,0,0,9,5,15,B01
200800038473,0,7,0,8,0,8,0,A01
200800038474,0,31,0,0,2,1,15,A01
200800038474,0,7,0,0,2,1,1,B01
200800038475,0,7,0,8,0,1,0,A01
200800038476,0,33,0,0,2,7,1,A01
200800038476,1,7,0,0,2,0,1,B01
200800038477,0,7,0,0,2,5,0,A01
200800038477,0,30,0,1,0,1,2,B01
200800038478,0,33,0,0,2,1,0,A01
200800038478,1,7,0,0,0,5,15,B01
200800038479,0,37,0,0,2,7,16,A01
200800038479,0,7,0,0,2,8,1,B01
200800038480,0,32,0,0,2,8,2,A01
200800038480,0,7,0,0,2,7,16,B01
200800038481,0,37,0,0,2,3,16,A01
200800038481,0,31,0,0,2,7,1,B01
200800038482,0,7,0,0,2,7,10,A01
200800038482,0,7,0,0,2,1,1,B01
200800038483,0,33,0,0,2,1,1,A01
200800038483,0,7,0,0,2,8,15,B01
200800038484,0,7,0,0,0,1,0,A01
200800038484,0,32,0,0,0,4,0,B01
200800038485,0,32,0,0,2,1,13,A01
200800038485,0,7,0,0,2,3,1,B01
200800038486,0,7,0,0,2,3,2,A01
200800038486,0,7,0,0,0,5,2,B01
200800038487,0,7,0,0,1,2,15,A01
200800038488,0,30,0,0,2,1,0,A01
200800038488,0,7,0,0,0,4,0,B01
200800038489,0,7,0,0,2,2,19,A01
200800038489,0,10,0,0,2,8,1,B01
200800038490,0,7,0,0,1,2,2,A01
200800038491,0,30,0,0,0,0,1,A01
200800038492,0,7,0,0,2,1,2,A01
200800038492,0,10,0,0,2,4,2,B01
200800038493,0,10,0,0,0,0,0,B01
200800038494,0,32,0,0,1,1,21,A01
200800038495,0,7,0,0,1,1,17,A01
200800038496,0,15,0,0,2,1,2,A01
200800038496,0,14,0,0,2,4,2,B01
200800038496,0,7,0,0,2,6,1,C01
200800038497,0,7,0,0,0,6,0,A01
200800038497,1,7,0,0,2,1,2,B01
200800038498,0,7,0,1,0,1,1,A01
200800038498,0,7,0,0,2,4,0,B01
200800038499,0,32,0,0,0,7,1,A01
200800038500,0,7,0,0,2,3,0,A01
200800038500,0,2,0,0,2,7,0,B01
200800038501,0,7,0,0,0,0,0,A01
200800038501,0,37,0,0,0,0,0,B01
200800038502,0,7,0,8,0,1,2,A01
200800038503,0,7,0,0,2,3,0,A01
200800038503,0,34,0,0,2,0,0,B01
200800038504,0,7,0,0,2,3,13,A01
200800038504,0,7,0,0,2,8,1,B01
200800038505,0,30,0,0,2,1,1,B01
200800038505,0,7,0,0,2,3,1,A01
200800038506,1,7,0,0,0,0,0,A01
200800038507,1,32,0,0,0,0,0,A01
200800038508,0,7,0,0,2,2,14,A01
200800038508,0,1,0,0,2,0,2,B01
200800038509,0,33,0,0,2,2,0,B01
200800038509,1,10,0,0,2,6,11,A01
200800038510,0,7,0,0,1,4,0,A01
200800038511,0,33,0,0,2,8,21,A01
200800038511,0,1,0,0,2,4,1,B01
200800038512,0,33,0,12,0,0,2,A01
200800038513,0,30,0,0,0,1,1,A01
200800038514,0,7,0,0,2,2,15,A01
200800038514,0,7,0,0,2,5,1,B01
200800038515,0,30,0,0,2,7,9,A01
200800038515,1,2,0,0,0,0,0,B01
200800038516,0,30,0,0,0,7,0,A01
200800038517,0,32,0,0,2,1,21,A01
200800038517,0,7,0,0,2,1,20,B01
200800038518,0,7,0,0,1,2,1,A01
200800038519,0,7,0,0,1,3,0,A01
200800038520,0,7,0,0,2,1,1,A01
200800038520,0,7,0,0,2,3,16,B01
200800038521,0,7,0,1,1,2,1,A01
200800038522,0,7,0,0,2,1,2,A01
200800038522,0,7,0,0,2,1,2,B01
200800038522,0,7,0,0,2,4,2,C01
200800038522,0,7,0,0,2,4,2,D01
200800038523,0,7,0,1,0,2,19,A01
200800038523,0,32,0,0,0,0,0,B01
200800038524,0,10,0,0,0,2,1,A01
200800038524,0,7,0,0,0,3,0,B01
200800038525,0,7,0,0,0,5,15,A01
200800038525,0,31,0,0,2,1,2,B01
200800038526,0,30,0,0,2,1,1,A01
200800038526,1,7,0,0,2,0,15,B01
200800038527,0,37,5,0,2,3,11,A01
200800038527,0,34,0,0,2,2,1,B01
200800038528,0,7,0,0,2,1,5,A01
200800038528,0,7,0,0,2,1,0,B01
200800038529,0,7,0,0,2,3,15,A01
200800038529,0,34,0,0,2,1,1,B01
200800038530,0,7,0,1,2,7,1,B01
200800038530,1,7,0,0,2,1,19,A01
200800038531,0,7,0,15,0,1,1,A01
200800038532,0,7,0,0,2,8,9,A01
200800038532,1,7,0,0,0,0,0,B01
200800038533,0,34,0,0,2,1,17,A01
200800038533,0,7,0,0,0,4,0,B01
200800038534,0,30,0,0,2,1,1,A01
200800038534,0,34,0,0,2,8,19,B01
200800038535,0,7,0,0,2,8,15,A01
200800038535,0,7,0,0,0,1,23,B01
200800038536,0,2,0,0,2,1,1,A01
200800038536,0,7,0,0,2,4,20,B01
200800038537,0,7,0,0,0,7,1,A01
200800038538,0,30,0,12,0,1,1,A01
200800038539,0,32,0,3,0,1,1,A01
200800038540,0,30,0,0,2,8,11,A01
200800038540,0,34,0,0,2,7,1,B01
200800038541,1,7,0,0,0,0,0,A01
200800038541,0,7,0,0,0,0,0,B01
200800038542,0,7,0,1,0,2,1,A01
200800038543,0,7,0,0,0,0,1,A01
200800038543,0,32,0,0,0,0,0,B01
200800038544,0,7,0,6,2,7,13,A01
200800038544,0,7,0,0,2,1,1,B01
200800038545,0,33,0,1,0,1,1,A01
200800038546,0,7,0,1,0,2,14,A01
200800038546,0,7,0,0,2,6,0,B01
200800038547,0,30,0,0,2,2,17,A01
200800038547,0,10,0,0,2,8,2,B01
200800038548,0,32,0,1,2,8,0,A01
200800038548,0,7,0,0,2,8,0,B01
200800038549,0,7,0,1,0,1,0,A01
200800038550,0,7,0,0,0,1,0,A01
200800038550,0,7,0,0,0,0,0,B01
200800038551,0,30,0,0,2,1,1,B01
200800038551,0,7,0,0,2,2,1,A01
200800038552,0,7,0,0,2,8,9,A01
200800038552,0,33,0,0,2,0,2,B01
200800038553,0,32,0,0,2,1,2,A01
200800038553,0,7,0,0,2,6,2,B01
200800038554,0,30,0,0,0,8,13,A01
200800038554,0,7,0,0,0,5,0,B01
200800038555,0,34,0,0,2,8,1,B01
200800038555,1,7,0,0,2,7,17,A01
200800038556,0,7,0,1,0,0,22,A01
200800038556,0,37,0,0,0,8,0,B01
200800038557,1,99,0,0,0,0,0,A01
200800038558,0,30,0,0,1,1,5,A01
200800038559,0,7,0,0,2,3,15,A01
200800038559,0,34,0,0,2,7,17,B01
200800038560,0,7,0,0,2,2,20,A01
200800038560,0,34,0,0,2,1,1,B01
200800038561,0,7,0,0,2,1,21,A01
200800038561,0,7,0,0,2,1,0,B01
200800038562,0,7,0,0,1,1,1,A01
200800038563,0,31,0,0,2,1,1,A01
200800038563,0,7,0,0,2,4,2,B01
200800038564,1,7,0,0,0,0,0,A01
200800038564,0,30,0,0,0,0,2,B01
200800038565,0,30,0,0,4,2,0,A01
200800038565,0,40,0,0,2,2,1,B01
200800038566,0,7,0,0,2,0,0,A01
200800038566,0,34,0,1,0,0,1,B01
200800038567,0,7,0,0,2,8,20,A01
200800038567,0,2,0,0,2,2,17,B01
200800038568,0,7,0,0,2,3,15,A01
200800038568,0,30,0,0,2,2,15,B01
200800038569,0,7,0,0,2,3,4,A01
200800038569,0,34,0,0,2,1,2,B01
200800038570,0,7,0,0,2,0,15,A01
200800038570,0,30,0,0,2,7,3,B01
200800038571,1,7,0,0,1,0,0,A01
200800038572,0,30,0,0,0,0,5,A01
200800038572,0,33,0,0,2,0,0,B01
200800038573,0,7,0,0,1,3,15,A01
200800038574,0,7,0,8,0,1,1,A01
200800038575,0,7,0,0,1,3,1,A01
200800038576,0,7,0,12,0,3,21,A01
200800038577,2,37,0,0,1,5,0,A01
200800038578,0,7,0,0,2,6,1,A01
200800038578,0,32,0,0,2,2,1,B01
200800038579,0,30,0,14,0,2,0,A01
200800038580,0,2,0,0,2,5,0,A01
200800038580,0,7,0,0,2,1,1,B01
200800038581,0,30,0,0,2,1,15,A01
200800038581,0,32,0,0,2,8,1,B01
200800038582,0,33,0,4,0,1,0,A01
200800038583,0,7,0,0,2,1,1,A01
200800038583,0,7,0,0,2,4,1,B01
200800038584,0,7,0,0,2,7,1,A01
200800038584,0,7,0,0,2,1,1,B01
200800038585,0,32,0,0,1,0,0,A01
200800038586,0,7,0,15,0,2,0,A01
200800038587,0,10,0,0,2,1,15,A01
200800038587,0,30,0,0,2,1,1,B01
200800038588,0,7,0,0,0,4,2,C01
200800038588,0,7,0,0,2,4,2,B01
200800038588,0,7,0,0,2,1,2,A01
200800038589,0,30,0,8,0,0,15,A01
200800038590,0,2,0,0,2,1,1,A01
200800038590,0,32,0,0,2,8,1,B01
200800038591,0,30,0,0,2,6,9,A01
200800038591,0,7,0,0,2,7,9,B01
200800038592,0,30,0,0,2,1,1,B01
200800038592,0,7,0,0,2,2,9,A01
200800038593,0,7,0,0,0,6,10,A01
200800038593,0,32,0,0,2,1,17,B01
200800038594,0,7,0,0,2,1,1,A01
200800038594,0,7,0,0,2,4,23,B01
200800038595,0,7,0,0,0,1,1,A01
200800038595,0,7,0,0,0,4,2,B01
200800038596,1,7,0,0,2,1,0,A01
200800038596,0,7,0,0,2,8,1,B01
200800038597,0,7,0,0,0,4,1,A01
200800038597,0,7,0,0,2,1,2,B01
200800038598,0,33,0,0,1,2,1,A01
200800038599,0,7,0,0,2,6,15,A01
200800038599,0,32,0,0,2,1,1,B01
200800038600,1,7,0,0,2,0,1,A01
200800038600,0,33,0,0,2,4,21,B01
200800038601,0,10,0,0,2,1,15,A01
200800038601,0,34,0,0,2,8,1,B01
200800038602,0,7,0,0,1,1,7,A01
200800038603,0,33,0,0,1,7,0,A01
200800038604,0,30,0,0,1,1,2,A01
200800038605,0,7,0,0,1,1,15,A01
200800038606,0,7,0,0,2,3,9,A01
200800038606,0,30,0,0,2,5,1,B01
200800038607,0,2,0,0,0,0,0,A01
200800038608,0,7,0,0,2,8,11,A01
200800038608,0,33,0,0,2,2,2,B01
200800038609,0,7,0,0,2,3,17,A01
200800038609,0,34,0,0,2,2,17,B01
200800038610,0,7,0,0,2,3,2,A01
200800038610,0,33,0,0,2,7,2,B01
200800038611,0,32,0,0,2,9,21,A01
200800038611,0,7,0,0,2,8,1,B01
200800038612,0,7,0,0,1,2,1,A01
200800038613,0,33,0,0,0,7,1,A01
200800038614,0,7,0,0,2,1,15,B01
200800038614,0,7,0,0,2,7,2,A01
200800038615,0,7,0,0,2,1,1,B01
200800038615,0,2,0,0,2,1,13,A01
200800038616,0,33,0,1,0,1,17,A01
200800038616,0,7,0,0,0,0,15,B01
200800038616,0,7,0,0,2,8,24,C01
200800038617,0,7,0,0,2,8,15,A01
200800038617,0,30,0,0,2,7,17,B01
200800038618,0,7,0,0,2,3,15,A01
200800038618,0,33,0,0,2,1,1,B01
200800038619,0,7,0,0,2,8,13,A01
200800038619,0,7,0,0,2,8,2,B01
200800038619,0,7,0,0,2,3,2,C01
200800038620,0,7,0,0,2,1,1,A01
200800038620,0,7,0,0,2,4,2,B01
200800038620,0,7,0,0,2,4,2,C01
200800038621,0,31,0,0,2,1,15,B01
200800038621,0,7,0,0,2,2,1,A01
200800038622,0,7,0,0,2,2,9,B01
200800038622,0,31,0,0,2,8,2,A01
200800038623,0,7,0,0,2,1,1,A01
200800038623,0,7,0,0,2,4,1,B01
200800038624,0,2,0,0,2,1,1,B01
200800038624,0,7,0,0,2,7,1,A01
200800038625,0,7,0,0,2,5,1,B01
200800038625,0,32,0,0,2,3,2,A01
200800038626,0,7,0,0,2,3,15,A01
200800038626,0,33,0,0,2,1,1,B01
200800038627,0,7,0,0,2,2,9,A01
200800038627,0,33,0,0,2,1,2,B01
200800038628,0,7,0,0,2,2,1,A01
200800038628,0,30,0,0,2,8,0,B01
200800038629,0,7,0,0,1,2,1,A01
200800038630,0,7,0,0,2,3,13,A01
200800038630,0,2,0,0,2,7,1,B01
200800038631,0,13,0,1,1,6,1,A01
200800038632,1,7,0,0,0,0,1,B01
200800038632,0,34,0,0,9,3,1,A01
200800038633,0,33,0,0,2,1,1,A01
200800038633,0,7,0,0,2,8,0,B01
200800038634,0,7,0,0,0,1,2,A01
200800038634,0,7,0,2,0,4,2,B01
200800038635,0,7,0,0,1,3,18,A01
200800038636,0,2,0,0,2,1,1,B01
200800038636,0,7,0,0,9,3,11,A01
200800038637,0,7,0,0,2,3,18,A01
200800038637,0,15,0,0,2,1,2,B01
200800038638,0,7,0,0,2,3,13,A01
200800038638,0,32,0,0,2,2,1,B01
200800038639,0,7,0,0,1,2,2,A01
200800038640,0,10,0,0,1,0,4,B01
200800038641,0,7,0,0,1,3,2,A01
200800038642,0,7,0,0,2,7,15,A01
200800038642,0,30,0,0,2,2,1,B01
200800038643,0,7,0,0,1,2,1,A01
200800038644,0,2,0,0,0,0,0,A01
200800038645,0,7,0,0,2,7,16,A01
200800038645,0,34,0,0,2,3,7,B01
200800038646,0,7,0,0,2,2,15,A01
200800038646,0,37,44,0,2,2,1,B01
200800038647,0,34,0,0,1,2,1,A01
200800038648,0,37,0,1,0,2,2,A01
200800038648,0,10,0,8,0,6,23,B01
200800038649,0,34,0,0,2,0,0,A01
200800038650,0,30,0,0,1,1,1,A01
200800038651,1,10,0,0,0,6,0,A01
200800038651,0,32,0,1,0,2,1,B01
200800038652,0,7,0,0,0,8,15,A01
200800038652,0,2,0,0,2,8,1,B01
200800038653,0,33,0,0,0,7,1,A01
200800038654,0,7,0,9,0,1,2,A01
200800038655,0,30,0,0,2,1,17,A01
200800038655,0,7,0,0,2,1,0,B01
200800038656,0,30,0,0,2,1,19,A01
200800038656,0,34,0,0,2,1,1,B01
200800038656,0,10,0,0,2,1,1,C01
200800038657,0,7,0,0,2,7,14,A01
200800038657,0,32,0,1,2,9,18,B01
200800038658,0,30,0,0,1,1,1,A01
200800038659,0,36,0,8,0,9,1,A01
200800038660,0,2,0,0,0,0,0,A01
200800038660,0,7,0,0,0,0,0,B01
200800038661,0,7,0,0,1,1,1,A01
200800038662,0,7,0,0,2,1,2,A01
200800038662,0,7,0,0,0,4,2,B01
200800038663,0,7,0,0,2,2,0,A01
200800038663,0,33,0,0,2,1,1,B01
200800038664,0,7,0,0,2,3,13,A01
200800038664,0,2,0,0,2,7,17,B01
200800038665,1,10,0,0,1,1,0,A01
200800038666,0,7,0,0,1,1,0,A01
200800038667,0,7,0,14,0,1,2,A01
200800038667,0,7,0,14,0,4,2,B01
200800038667,0,7,0,0,0,4,2,C01
200800038668,0,33,0,0,2,7,0,A01
200800038668,0,7,0,0,2,3,0,B01
200800038669,0,30,0,0,1,1,1,A01
200800038670,0,7,0,0,0,8,15,A01
200800038670,0,32,0,0,2,7,1,B01
200800038671,0,7,0,0,0,7,1,B01
200800038671,0,33,0,0,2,1,1,A01
200800038672,0,34,0,0,2,1,1,B01
200800038672,0,7,0,4,2,3,1,A01
200800038673,0,1,0,0,0,8,2,B01
200800038673,1,7,0,0,0,7,16,A01
200800038674,0,7,0,0,0,1,15,A01
200800038674,0,32,0,0,2,1,1,B01
200800038675,0,31,0,0,2,1,0,A01
200800038675,0,32,0,0,2,1,0,B01
200800038676,0,30,0,0,2,1,17,A01
200800038676,0,7,0,0,2,3,23,B01
200800038677,0,7,0,0,2,0,5,A01
200800038677,0,30,0,0,2,1,12,B01
200800038678,0,2,0,0,2,7,0,A01
200800038678,0,7,0,0,2,6,1,B01
200800038679,0,32,0,0,0,8,1,A01
200800038680,0,7,0,0,1,3,0,A01
200800038681,0,33,0,11,0,1,17,A01
200800038682,0,7,0,0,2,1,1,A01
200800038682,0,7,0,0,2,4,21,B01
200800038683,0,7,0,4,2,2,1,A01
200800038683,0,7,0,0,2,3,1,B01
200800038684,0,7,0,0,2,1,2,A01
200800038684,0,7,0,0,2,3,2,B01
200800038685,0,7,0,0,2,1,1,A01
200800038685,0,7,0,0,2,4,1,B01
200800038686,0,32,0,0,0,0,0,A01
200800038686,0,32,0,0,0,0,16,B01
200800038687,1,7,0,0,0,0,0,A01
200800038688,0,7,0,0,2,3,15,A01
200800038688,0,31,0,0,2,1,1,B01
200800038689,0,7,0,9,0,1,0,A01
200800038690,0,7,0,0,2,3,0,B01
200800038690,0,32,0,0,2,7,0,A01
200800038691,0,2,0,0,0,0,0,A01
200800038692,0,10,0,0,0,8,10,A01
200800038692,0,30,0,0,2,1,1,B01
200800038693,0,7,0,0,0,8,0,A01
200800038693,0,32,0,0,2,1,1,B01
200800038694,0,7,0,0,0,8,1,A01
200800038694,0,7,0,0,2,1,1,B01
200800038695,0,7,0,0,1,1,15,A01
200800038696,0,7,0,0,2,1,1,A01
200800038696,0,30,0,0,2,8,1,B01
200800038697,0,7,0,0,2,1,1,A01
200800038697,0,7,0,0,2,8,1,B01
200800038698,0,7,0,0,2,1,2,A01
200800038698,0,33,0,0,0,1,3,B01
200800038699,0,32,0,0,2,3,16,B01
200800038699,0,7,0,0,2,2,15,A01
200800038700,0,7,0,0,0,1,16,A01
200800038701,0,30,0,0,2,0,0,A01
200800038701,0,7,0,0,2,1,1,B01
200800038702,0,7,0,0,2,8,10,A01
200800038702,0,7,0,0,2,1,2,B01
200800038703,0,7,0,0,2,2,1,A01
200800038703,0,7,0,0,2,8,1,B01
200800038704,0,32,0,0,2,2,17,A01