Num_Acc,senc,catv,occutc,obs,obsm,choc,manv,num_veh
200800039060,0,2,0,0,0,0,2,A01
200800039061,0,7,0,0,2,3,1,B01
200800039061,0,30,0,0,2,1,19,A01
200800039062,0,7,0,8,0,1,0,A01
200800039063,0,2,0,0,0,8,1,A01
200800039064,0,2,0,0,0,8,15,A01
200800039065,0,1,0,0,2,0,1,A01
200800039065,0,7,0,0,9,4,0,B01
200800039066,0,7,0,0,1,1,1,A01
200800039067,0,7,0,0,2,8,11,A01
200800039067,0,33,0,0,2,7,17,B01
200800039068,0,7,0,0,2,2,9,A01
200800039068,0,1,0,0,2,8,16,B01
200800039069,0,30,0,0,2,1,2,A01
200800039069,0,7,0,0,2,4,2,B01
200800039070,0,2,0,0,0,0,0,A01
200800039071,1,7,0,0,2,3,15,A01
200800039071,0,34,0,0,2,2,17,B01
200800039072,0,7,0,0,2,7,1,A01
200800039072,0,1,0,0,2,1,19,B01
200800039073,0,7,0,1,2,7,15,A01
200800039073,0,7,0,0,2,1,1,B01
200800039074,0,2,0,0,0,0,0,B01
200800039074,0,7,0,0,2,3,1,A01
200800039075,0,7,0,14,0,1,2,A01
200800039075,0,32,0,0,0,4,2,B01
200800039076,0,7,0,0,2,8,1,A01
200800039076,0,7,0,0,2,8,1,B01
200800039076,0,7,0,0,2,1,1,C01
200800039077,0,7,0,13,0,1,2,A01
200800039078,0,33,0,0,2,1,1,B01
200800039078,0,7,0,0,2,1,15,A01
200800039079,0,7,0,0,2,1,15,B01
200800039079,0,7,0,0,2,2,1,A01
200800039080,0,2,0,0,2,1,1,A01
200800039080,0,7,0,0,2,7,12,B01
200800039081,0,7,0,14,0,1,6,A01
200800039082,0,32,0,0,0,0,1,A01
200800039083,0,99,0,0,2,7,0,A01
200800039083,0,1,0,0,2,8,0,B01
200800039084,0,14,0,0,2,2,1,A01
200800039084,0,7,0,3,2,6,9,B01
200800039085,0,7,0,0,2,3,10,A01
200800039085,0,7,0,0,2,3,1,B01
200800039086,0,7,0,0,2,6,15,B01
200800039086,0,2,0,0,2,1,17,A01
200800039087,0,7,0,0,1,0,0,A01
200800039088,0,7,0,0,2,1,1,A01
200800039088,0,7,0,0,2,4,0,B01
200800039089,0,7,0,0,2,4,2,A01
200800039089,0,33,0,0,2,1,2,B01
200800039090,0,7,0,0,2,1,16,A01
200800039090,0,37,20,0,2,7,1,B01
200800039091,0,30,0,0,0,0,1,A01
200800039092,0,7,0,0,2,1,2,A01
200800039092,0,1,0,0,2,4,2,B01
200800039093,0,33,0,0,0,0,1,A01
200800039093,1,7,0,0,0,0,2,B01
200800039093,1,7,0,0,0,0,1,C01
200800039094,0,7,0,0,2,3,1,A01
200800039094,0,7,0,0,2,1,1,B01
200800039095,1,7,0,0,2,1,5,A01
200800039095,0,7,0,0,2,1,1,B01
200800039096,0,7,0,0,2,1,2,A01
200800039096,0,7,0,0,0,4,2,B01
200800039097,0,30,0,0,0,0,1,A01
200800039098,0,7,0,0,2,8,1,B01
200800039098,0,7,0,0,2,1,1,A01
200800039099,0,7,0,0,0,1,23,A01
200800039099,0,32,0,15,0,1,1,B01
200800039100,0,33,0,0,2,1,1,A01
200800039100,0,7,0,0,2,6,1,B01
200800039101,0,7,0,0,2,2,1,A01
200800039101,0,14,0,0,2,6,15,B01
200800039102,0,7,0,2,2,3,1,A01
200800039102,0,7,0,2,2,1,1,B01
200800039103,0,31,0,3,2,1,1,A01
200800039103,1,99,0,0,2,3,5,B01
200800039104,0,7,0,0,2,0,1,A01
200800039104,0,30,0,0,2,1,0,B01
200800039105,0,7,0,14,0,3,6,A01
200800039106,0,7,0,0,2,1,13,A01
200800039106,0,15,0,0,2,3,1,B01
200800039107,0,10,0,3,0,3,1,A01
200800039108,0,7,0,0,2,7,14,A01
200800039108,0,30,0,0,2,1,0,B01
200800039109,0,7,0,3,0,1,1,A01
200800039110,0,30,0,0,2,1,1,B01
200800039110,0,7,0,0,2,6,16,A01
200800039111,0,33,0,0,0,8,1,A01
200800039112,0,7,0,0,2,1,1,B01
200800039112,0,1,0,0,2,1,1,A01
200800039113,0,7,0,7,2,1,1,B01
200800039113,0,7,0,0,2,1,1,A01
200800039114,0,7,0,0,1,6,1,A01
200800039115,0,31,0,0,1,1,0,A01
200800039116,0,10,0,0,2,5,12,A01
200800039116,0,1,0,0,2,4,1,B01
200800039117,0,7,0,0,2,8,0,A01
200800039117,0,33,0,0,2,7,0,B01
200800039118,0,7,0,0,2,4,1,A01
200800039118,0,14,0,0,2,1,1,B01
200800039119,0,7,0,0,1,1,1,A01
200800039120,0,7,0,0,2,7,0,A01
200800039120,1,7,0,0,2,0,0,B01
200800039121,0,31,0,1,0,1,0,A01
200800039122,0,7,0,0,2,1,0,A01
200800039122,0,7,0,0,2,4,0,B01
200800039122,0,7,0,0,2,4,0,C01
200800039123,0,7,0,0,2,1,0,A01
200800039123,0,7,0,0,2,4,23,B01
200800039123,0,7,0,0,2,4,23,C01
200800039123,0,7,0,0,2,4,23,D01
200800039124,0,7,0,0,2,8,9,A01
200800039124,0,7,0,0,2,1,0,B01
200800039125,0,30,0,0,2,1,0,A01
200800039125,0,7,0,0,2,4,0,B01
200800039126,0,31,0,0,2,6,0,A01
200800039126,0,7,0,0,0,2,0,B01
200800039127,0,15,0,0,2,7,12,A01
200800039127,0,7,0,0,2,8,1,B01
200800039128,0,32,0,0,2,7,0,B01
200800039128,0,7,0,0,2,1,0,A01
200800039129,0,10,0,0,2,7,0,A01
200800039129,0,30,0,0,2,1,0,B01
200800039130,0,7,0,0,2,2,0,B01
200800039130,0,1,0,0,2,2,0,A01
200800039131,0,7,0,0,2,6,0,A01
200800039131,0,7,0,0,2,1,0,B01
200800039132,0,7,0,0,2,0,0,B01
200800039132,0,7,0,0,2,0,0,A01
200800039133,0,7,0,7,0,0,16,A01
200800039134,0,2,0,0,2,1,0,B01
200800039134,0,7,0,0,2,0,0,A01
200800039135,0,7,0,1,0,3,0,A01
200800039136,0,7,0,0,2,7,0,A01
200800039136,0,33,0,0,2,1,0,B01
200800039137,0,7,0,0,2,6,0,A01
200800039137,0,33,0,0,2,1,0,B01
200800039138,0,30,0,9,0,1,0,A01
200800039139,0,7,0,0,2,8,0,B01
200800039139,0,7,0,0,2,2,0,A01
200800039140,0,30,0,0,0,1,0,A01
200800039141,0,7,0,0,2,2,0,A01
200800039141,0,32,0,0,2,1,0,B01
200800039142,0,7,0,0,2,3,0,A01
200800039142,0,31,0,0,2,7,0,B01
200800039143,0,7,0,0,2,0,0,A01
200800039143,0,1,0,0,2,0,0,B01
200800039144,0,7,0,8,0,1,0,A01
200800039145,0,7,0,0,2,0,22,A01
200800039145,0,1,0,1,0,1,1,B01
200800039146,0,7,0,0,2,5,0,A01
200800039146,0,1,0,0,2,2,0,B01
200800039147,0,33,0,0,2,4,0,A01
200800039147,0,10,0,0,2,2,0,B01
200800039148,1,7,0,0,1,1,15,A01
200800039149,0,7,0,0,2,5,0,A01
200800039149,0,30,0,0,2,1,0,B01
200800039150,0,32,0,8,2,1,2,A01
200800039150,0,7,0,0,2,7,2,B01
200800039151,0,7,0,0,1,1,0,A01
200800039152,0,7,0,0,2,1,15,A01
200800039152,0,7,0,0,2,3,0,B01
200800039153,0,7,0,0,2,1,15,A01
200800039153,0,32,0,0,2,1,1,B01
200800039154,0,33,0,0,2,0,0,A01
200800039154,0,7,0,0,2,1,0,B01
200800039154,0,7,0,0,2,1,0,C01
200800039155,0,32,0,0,2,3,2,A01
200800039155,0,7,0,0,2,3,13,B01
200800039156,0,30,0,0,2,1,0,A01
200800039156,0,7,0,0,2,1,0,B01
200800039157,0,2,0,0,2,8,0,A01
200800039157,0,7,0,0,2,3,0,B01
200800039158,0,7,0,0,1,0,0,A01
200800039159,0,7,0,0,2,1,0,B01
200800039159,0,10,0,0,2,1,1,A01
200800039160,0,7,0,0,2,1,1,A01
200800039160,0,7,0,0,2,4,23,B01
200800039160,0,7,0,0,2,4,23,C01
200800039161,0,7,0,1,0,1,0,A01
200800039162,0,7,0,0,1,5,0,A01
200800039163,0,7,0,0,2,1,0,A01
200800039163,0,7,0,0,2,4,0,B01
200800039163,0,7,0,0,0,4,1,C01
200800039164,0,33,0,0,0,0,0,A01
200800039165,0,10,0,0,2,8,0,A01
200800039165,0,7,0,0,2,1,0,B01
200800039166,0,7,0,0,2,1,0,A01
200800039166,0,33,0,0,2,4,0,B01
200800039167,0,20,0,0,2,1,1,B01
200800039167,0,7,0,0,2,8,1,A01
200800039168,0,7,0,0,1,3,1,A01
200800039169,0,7,0,0,2,1,1,A01
200800039169,0,7,0,0,2,8,1,B01
200800039169,0,7,0,0,2,5,1,C01
200800039170,0,7,0,0,0,0,17,A01
200800039170,0,31,0,0,0,8,21,B01
200800039170,0,7,0,0,0,0,0,C01
200800039171,0,7,0,4,2,3,13,A01
200800039171,0,15,0,0,2,3,1,B01
200800039171,0,7,0,0,2,7,1,C01
200800039171,0,7,0,0,2,5,1,D01
200800039171,0,33,0,0,2,1,1,E01
200800039172,0,31,0,0,2,9,1,A01
200800039172,0,7,0,0,2,0,15,B01
200800039173,0,7,0,0,2,0,0,A01
200800039173,0,33,0,0,2,1,0,B01
200800039174,0,7,0,4,0,8,13,A01
200800039175,0,30,0,0,2,1,1,A01
200800039175,0,7,0,0,2,7,1,B01
200800039176,0,1,0,0,2,0,0,B01
200800039176,0,31,0,0,2,0,17,A01
200800039177,0,10,0,0,2,4,23,A01
200800039177,0,7,0,0,2,1,1,B01
200800039178,0,2,0,0,2,1,18,A01
200800039178,0,7,0,0,2,7,16,B01
200800039179,0,7,0,0,2,7,15,A01
200800039179,0,33,0,0,2,1,1,B01
200800039180,0,7,0,1,0,7,1,C01
200800039180,0,7,0,0,2,8,24,B01
200800039180,0,7,0,1,2,2,1,A01
200800039181,0,7,0,13,0,7,14,A01
200800039182,0,2,0,0,2,1,1,B01
200800039182,0,7,0,0,2,8,11,A01
200800039183,0,7,0,0,2,1,1,A01
200800039183,0,7,0,0,2,4,15,B01
200800039184,0,2,0,0,0,7,16,A01
200800039185,0,2,0,0,2,1,1,A01
200800039185,0,7,0,0,2,4,23,B01
200800039186,0,7,0,0,2,8,15,A01
200800039186,0,31,0,0,2,0,17,B01
200800039187,0,7,0,0,2,1,9,A01
200800039187,0,33,0,0,2,1,1,B01
200800039188,0,7,0,0,2,2,13,A01
200800039188,0,33,0,0,2,1,1,B01
200800039189,0,7,0,0,2,8,13,A01
200800039189,0,33,0,0,2,1,17,B01
200800039190,0,2,0,0,0,1,2,B01
200800039190,0,7,0,0,2,3,1,A01
200800039191,0,2,0,0,2,1,1,A01
200800039191,0,7,0,0,2,4,23,B01
200800039192,0,1,0,0,2,1,1,B01
200800039192,0,7,0,0,2,0,1,A01
200800039193,0,7,0,0,1,4,4,A01
200800039194,0,31,0,0,2,1,1,B01
200800039194,0,7,0,0,0,7,0,A01
200800039195,0,7,0,0,0,2,1,B01
200800039195,0,2,0,0,2,1,1,A01
200800039196,0,7,0,0,2,1,1,B01
200800039196,0,7,0,0,0,2,1,A01
200800039197,0,14,0,14,0,2,1,A01
200800039197,0,7,0,14,0,4,23,B01
200800039197,0,7,0,0,0,4,23,C01
200800039198,0,7,0,0,2,4,15,B01
200800039198,0,7,0,0,2,2,1,A01
200800039198,0,7,0,0,2,1,1,C01
200800039199,0,7,0,0,0,8,22,A01
200800039199,0,1,0,0,2,1,1,B01
200800039200,0,33,0,0,2,2,1,B01
200800039200,2,1,0,0,2,1,5,A01
200800039201,0,7,0,0,2,3,15,B01
200800039201,0,1,0,0,0,1,1,A01
200800039202,0,7,0,0,2,1,1,A01
200800039202,0,14,0,0,0,6,15,B01
200800039203,0,7,0,0,2,2,12,A01
200800039203,0,32,0,0,0,8,1,B01
200800039204,0,7,0,0,2,3,9,A01
200800039204,0,33,0,0,0,7,1,B01
200800039205,0,2,0,0,2,1,1,B01
200800039205,0,7,0,0,2,7,1,A01
200800039206,0,7,0,0,0,3,15,B01
200800039206,0,2,0,0,2,1,1,A01
200800039207,0,7,0,0,1,5,4,A01
200800039208,0,33,0,14,0,7,1,A01
200800039209,0,2,0,0,0,2,1,A01
200800039210,0,33,0,0,2,1,1,B01
200800039210,0,7,0,0,0,8,1,A01
200800039211,0,1,0,0,0,7,1,A01
200800039211,0,32,0,0,2,1,1,B01
200800039212,0,14,0,1,2,8,1,A01
200800039212,0,7,0,0,0,0,1,C01
200800039213,0,7,0,0,0,3,1,B01
200800039213,0,7,0,0,2,3,15,A01
200800039214,0,7,0,0,2,2,16,A01
200800039214,0,30,0,0,2,6,1,B01
200800039215,0,7,0,0,2,7,12,A01
200800039215,0,2,0,0,0,8,1,B01
200800039216,0,2,0,1,0,3,1,A01
200800039217,0,1,0,0,1,0,1,A01
200800039218,0,2,0,12,0,0,1,A01
200800039219,0,10,0,0,2,3,18,A01
200800039219,0,7,0,0,0,4,2,B01
200800039220,0,10,0,0,2,1,1,A01
200800039220,0,10,0,0,0,6,23,B01
200800039221,0,1,0,0,0,7,1,B01
200800039221,0,7,0,0,2,3,16,A01
200800039222,0,7,0,0,0,7,10,A01
200800039222,0,33,0,0,2,3,1,B01
200800039223,0,7,0,0,0,2,1,B01
200800039223,0,2,0,0,2,1,1,A01
200800039224,0,7,0,0,2,0,1,A01
200800039225,0,7,0,8,0,2,1,A01
200800039225,0,31,0,0,2,1,1,B01
200800039226,0,10,0,0,2,1,2,A01
200800039226,0,7,0,0,2,4,23,B01
200800039227,0,7,0,0,1,4,4,A01
200800039228,0,1,0,0,2,1,1,A01
200800039228,0,7,0,0,0,3,1,B01
200800039229,0,33,0,0,2,1,8,A01
200800039229,0,7,0,0,0,7,15,B01
200800039230,0,7,0,0,1,2,1,A01
200800039231,0,2,0,1,0,1,1,A01
200800039232,0,7,0,0,0,2,15,A01
200800039232,0,33,0,0,2,1,1,B01
200800039233,0,30,0,0,2,1,2,A01
200800039233,0,7,0,0,0,6,1,B01
200800039234,0,99,0,0,2,1,1,B01
200800039234,0,7,0,7,0,7,1,A01
200800039235,0,2,0,0,2,3,1,B01
200800039235,0,7,0,0,0,8,15,A01
200800039236,0,7,0,0,2,3,13,A01
200800039236,0,7,0,0,0,3,1,B01
200800039237,0,7,0,8,0,1,1,A01
200800039238,0,7,0,0,2,1,0,B01
200800039238,0,7,0,6,0,6,1,A01
200800039239,0,7,0,0,2,1,5,A01
200800039239,0,7,0,0,2,1,1,B01
200800039240,0,7,0,1,1,2,1,A01
200800039241,0,7,0,0,0,2,15,A01
200800039241,0,1,0,0,2,1,1,B01
200800039242,0,1,0,0,2,1,1,A01
200800039242,0,7,0,0,0,4,23,B01
200800039243,0,7,0,0,1,1,1,A01
200800039244,0,7,0,0,2,1,15,A01
200800039244,0,32,0,0,2,1,1,B01
200800039245,0,7,0,6,0,2,14,A01
200800039246,0,7,0,0,0,8,10,A01
200800039246,0,33,0,0,2,1,1,B01
200800039247,0,2,0,0,1,1,1,A01
200800039248,0,7,0,0,2,1,13,A01
200800039248,0,7,0,8,0,1,1,B01
200800039249,0,7,0,0,0,3,15,A01
200800039249,0,2,0,0,2,1,1,B01
200800039250,0,2,0,1,0,1,21,A01
200800039250,0,7,0,0,0,0,15,B01
200800039251,0,7,0,0,2,1,1,B01
200800039251,0,2,0,0,0,8,1,A01
200800039252,0,7,0,0,0,3,15,A01
200800039252,0,31,0,0,2,1,2,B01
200800039253,0,7,0,0,4,3,15,A01
200800039253,0,40,0,0,0,0,1,B01
200800039254,0,1,0,0,0,4,1,A01
200800039254,1,7,0,0,2,0,15,B01
200800039255,0,2,0,0,2,1,2,A01
200800039255,0,7,0,0,0,4,23,B01
200800039256,0,10,0,0,2,3,15,A01
200800039256,0,1,0,0,0,3,1,B01
200800039257,0,7,0,0,0,3,15,B01
200800039257,0,2,0,0,1,1,1,A01
200800039258,0,7,0,0,0,8,15,B01
200800039258,0,2,0,0,2,1,1,A01
200800039259,0,7,0,0,2,1,1,A01
200800039259,0,7,0,0,0,4,23,B01
200800039260,0,7,0,0,0,1,15,A01
200800039260,0,31,0,0,2,1,18,B01
200800039261,0,10,0,0,2,2,1,A01
200800039261,0,7,0,0,0,6,23,C01
200800039261,0,10,0,0,0,3,23,D01
200800039261,0,7,0,0,2,1,1,B01
200800039262,0,1,0,0,1,0,1,A01
200800039263,0,1,0,0,2,0,1,A01
200800039263,1,30,0,0,0,2,17,B01
200800039264,0,7,0,0,2,1,13,A01
200800039264,0,7,0,0,2,1,1,B01
200800039265,0,2,0,0,2,1,1,B01
200800039265,0,7,0,0,0,5,15,A01
200800039266,0,7,0,0,0,2,1,B01
200800039266,0,7,0,0,2,3,15,A01
200800039267,0,32,0,0,2,1,1,B01
200800039267,0,7,0,0,0,2,15,A01
200800039268,0,7,0,0,2,1,1,B01
200800039268,0,7,0,0,0,3,15,A01
200800039269,0,7,0,0,0,2,15,A01
200800039269,0,7,0,0,2,1,1,B01
200800039270,0,32,0,0,2,1,1,B01
200800039270,0,7,0,0,0,3,15,A01
200800039271,0,7,0,0,2,1,15,A01
200800039271,0,31,0,0,2,1,1,B01
200800039272,0,7,0,0,2,1,1,A01
200800039272,0,7,0,0,2,4,1,B01
200800039272,0,7,0,0,2,4,1,C01
200800039272,0,7,0,0,0,4,1,D01
200800039273,0,7,0,0,0,8,1,B01
200800039273,0,7,0,0,2,1,1,A01
200800039274,0,14,0,0,2,2,14,A01
200800039274,0,7,0,0,0,8,1,B01
200800039275,0,1,0,0,2,1,1,B01
200800039275,0,7,0,0,0,7,16,A01
200800039276,0,1,0,0,2,1,1,B01
200800039276,0,1,0,0,2,1,1,A01
200800039277,0,33,0,0,2,3,18,A01
200800039277,0,7,0,0,2,2,16,B01
200800039278,0,7,0,6,0,1,19,A01
200800039279,0,2,0,0,2,1,1,B01
200800039279,0,7,0,0,2,0,16,A01
200800039280,0,7,0,1,0,3,24,A01
200800039280,0,1,0,1,0,1,1,B01
200800039281,0,10,0,0,2,1,2,A01
200800039281,0,31,0,0,0,4,23,B01
200800039282,0,7,0,0,2,3,1,B01
200800039282,0,2,0,0,0,0,1,A01
200800039283,0,7,0,0,2,1,5,A01
200800039283,0,7,0,0,2,0,1,B01
200800039284,0,7,0,0,1,3,0,A01
200800039285,0,10,0,0,2,3,15,B01
200800039285,0,30,0,0,2,1,1,A01
200800039286,0,7,0,0,2,2,15,A01
200800039286,0,33,0,0,2,1,1,B01
200800039287,0,7,0,0,1,1,0,A01
200800039288,0,2,0,14,0,1,1,A01
200800039288,0,10,0,0,0,4,23,B01
200800039289,0,7,0,0,1,1,1,A01
200800039290,0,7,0,0,2,5,4,A01
200800039290,0,30,0,0,2,1,1,B01
200800039291,0,32,0,0,2,1,17,A01
200800039291,0,7,0,0,2,6,15,B01
200800039292,0,7,0,0,1,2,1,A01
200800039293,0,10,0,0,2,1,1,A01
200800039293,0,7,0,0,0,4,2,B01
200800039294,0,7,0,0,2,2,2,A01
200800039294,0,31,0,0,2,8,2,B01
200800039295,0,7,0,0,2,4,15,A01
200800039295,0,7,0,0,2,3,1,B01
200800039296,0,30,0,16,0,0,1,A01
200800039297,0,7,0,0,2,8,10,A01
200800039297,0,32,0,0,2,2,2,B01
200800039298,0,30,0,1,0,1,3,A01
200800039299,0,7,0,0,2,4,1,B01
200800039299,0,7,0,0,2,1,1,A01
200800039300,0,7,0,0,2,5,10,A01
200800039300,0,33,0,0,2,1,1,B01
200800039301,0,7,0,0,1,1,1,A01
200800039302,1,7,0,0,2,3,1,A01
200800039302,0,30,0,0,2,2,16,B01
200800039303,1,7,0,0,2,8,11,A01
200800039303,0,30,0,1,2,8,1,B01
200800039304,0,2,0,16,0,0,0,A01
200800039305,0,2,0,16,0,0,0,A01
200800039306,0,7,0,6,0,1,14,A01
200800039307,0,30,0,0,2,1,16,B01
200800039307,0,7,0,0,2,1,9,A01
200800039308,0,13,0,9,0,1,14,A01
200800039309,0,7,0,0,2,1,1,A01
200800039309,0,7,0,0,2,4,2,B01
200800039310,0,7,0,0,2,1,15,A01
200800039310,0,15,0,0,2,1,1,B01
200800039311,0,7,0,0,2,1,1,A01
200800039311,0,2,0,0,2,4,0,B01
200800039312,0,7,0,13,0,9,14,A01
200800039313,0,7,0,0,2,8,1,B01
200800039313,0,7,0,0,2,7,1,A01
200800039314,0,7,0,0,1,1,1,A01
200800039315,2,7,0,13,0,0,0,A01
200800039316,0,37,1,0,2,1,1,A01
200800039316,0,7,0,0,2,4,15,B01
200800039317,0,2,0,0,0,1,1,B01
200800039317,0,7,0,0,2,8,15,A01
200800039318,0,7,0,13,0,1,21,A01
200800039319,0,7,0,0,2,8,10,A01
200800039319,0,7,0,0,2,3,1,B01
200800039320,0,30,0,0,2,1,1,A01
200800039320,0,7,0,0,2,4,1,B01
200800039321,0,7,0,0,2,1,2,A01
200800039321,0,7,0,9,0,4,15,B01
200800039322,0,7,0,13,0,0,14,A01
200800039323,0,7,0,0,2,3,13,A01
200800039323,0,37,1,0,2,3,1,B01
200800039324,0,7,0,0,2,4,4,A01
200800039324,0,7,0,0,2,2,1,B01
200800039325,0,7,0,8,0,2,14,A01
200800039326,0,99,0,0,2,1,2,A01
200800039326,0,7,0,0,2,4,2,B01
200800039327,0,7,0,0,2,6,1,A01
200800039327,1,7,0,0,2,2,2,B01
200800039328,0,7,0,0,1,1,15,A01
200800039329,0,33,0,0,2,1,13,A01
200800039329,0,7,0,0,2,1,1,B01
200800039330,0,7,0,0,2,1,0,A01
200800039330,0,7,0,0,2,4,2,B01
200800039330,0,7,0,0,0,0,2,C01
200800039331,0,7,0,0,2,1,15,A01
200800039331,0,2,0,0,2,1,1,B01
200800039332,0,2,0,0,2,1,2,A01
200800039332,0,7,0,0,0,4,2,B01
200800039333,0,7,0,0,2,7,15,A01
200800039333,0,10,0,0,2,1,1,B01
200800039334,0,7,0,12,0,2,1,A01
200800039335,0,7,0,0,1,1,1,A01
200800039336,0,7,0,2,0,6,16,A01
200800039336,1,99,0,0,0,0,0,B01
200800039337,0,7,0,0,2,1,2,A01
200800039337,0,7,0,0,2,4,2,B01
200800039338,0,7,0,0,2,1,1,A01
200800039338,0,1,0,0,0,7,1,B01
200800039339,0,7,0,0,1,8,1,A01
200800039340,0,7,0,0,2,0,21,A01
200800039340,0,33,0,0,0,0,1,B01
200800039341,0,10,0,0,2,2,15,A01
200800039341,0,7,0,0,2,1,1,B01
200800039342,0,7,0,0,6,1,0,A01
200800039343,0,33,0,0,2,1,16,B01
200800039343,0,7,0,0,2,3,15,A01
200800039344,0,7,0,4,2,6,1,A01
200800039344,1,99,0,0,2,7,9,B01
200800039345,0,7,0,0,1,1,1,A01
200800039346,0,33,0,0,0,0,1,A01
200800039347,0,7,0,0,9,7,2,A01
200800039348,0,7,0,0,2,1,0,A01
200800039348,0,7,0,0,2,7,1,B01
200800039349,0,10,0,0,2,3,13,A01
200800039349,0,7,0,0,2,1,1,C01
200800039349,0,7,0,0,2,8,1,B01
200800039350,0,7,0,0,1,3,1,A01
200800039351,0,7,0,0,2,7,16,B01
200800039351,0,32,0,0,2,8,18,A01
200800039352,0,7,0,0,2,1,1,A01
200800039352,0,7,0,0,0,4,1,B01
200800039353,0,10,0,0,2,1,1,A01
200800039353,0,7,0,0,2,4,1,B01
200800039353,0,7,0,0,2,4,1,C01
200800039353,0,7,0,0,0,4,1,D01
200800039354,0,7,0,0,1,1,1,A01
200800039355,0,7,0,0,2,1,9,A01
200800039355,0,7,0,0,2,2,1,B01
200800039355,0,7,0,0,2,8,1,C01
200800039356,0,2,0,0,2,8,0,A01
200800039356,0,7,0,0,2,0,19,B01
200800039357,0,99,0,0,2,0,0,A01
200800039357,0,10,0,0,9,2,1,B01
200800039358,0,37,1,0,1,2,1,A01
200800039359,0,30,0,0,2,7,15,A01
200800039359,0,7,0,0,2,3,1,B01
200800039360,0,7,0,0,2,1,15,A01
200800039360,0,33,0,0,2,1,1,B01
200800039361,0,33,0,0,0,0,1,A01
200800039361,0,7,0,0,0,4,11,B01
200800039362,1,99,0,0,0,0,0,B01
200800039362,0,10,0,8,2,3,21,A01
200800039363,0,20,0,0,1,3,1,A01
200800039364,0,7,0,0,2,1,15,A01
200800039364,0,33,0,0,2,1,2,B01
200800039365,0,7,0,0,2,3,15,A01
200800039365,0,34,0,0,2,3,1,B01
200800039366,0,7,0,0,2,6,11,A01
200800039366,0,7,0,0,0,2,2,B01
200800039367,0,32,0,0,0,0,1,A01
200800039368,0,7,0,0,2,8,11,A01
200800039368,0,7,0,0,2,1,1,B01
200800039369,0,7,0,0,2,1,1,A01
200800039369,0,7,0,0,0,4,1,B01
200800039370,0,7,0,0,2,1,1,A01
200800039370,0,7,0,0,0,4,1,B01
200800039370,0,7,0,0,0,4,1,C01
200800039370,0,7,0,0,2,1,1,D01
200800039371,0,7,0,0,2,8,10,A01
200800039371,0,7,0,0,0,1,1,B01
200800039372,0,14,0,0,1,5,0,A01
200800039373,0,31,0,0,2,1,1,A01
200800039373,0,7,0,0,2,6,2,B01
200800039374,0,33,0,0,2,7,1,B01
200800039374,0,7,0,0,2,3,9,A01
200800039375,0,7,0,0,2,1,1,A01
200800039375,0,7,0,0,2,4,2,B01
200800039376,0,7,0,0,2,1,17,A01
200800039376,0,17,0,0,2,6,1,B01
200800039377,0,33,0,0,2,1,13,A01
200800039377,0,7,0,0,2,6,1,B01
200800039378,0,3,0,0,2,2,9,A01
200800039378,0,7,0,0,2,1,1,B01
200800039379,0,33,0,0,2,1,1,B01
200800039379,0,7,0,0,2,2,15,A01
200800039380,0,7,0,0,2,1,15,A01
200800039380,0,33,0,0,2,1,17,B01
200800039381,0,30,0,0,2,5,2,B01
200800039381,0,30,0,0,2,1,2,A01
200800039382,0,7,0,0,2,7,15,A01
200800039382,0,37,0,0,2,1,1,B01
200800039383,0,7,0,0,2,8,15,A01
200800039383,0,33,0,0,2,1,17,B01
200800039384,0,7,0,0,1,1,1,A01
200800039385,1,7,0,0,1,0,0,A01
200800039386,2,7,0,0,1,1,16,A01
200800039387,0,1,0,0,0,0,11,A01
200800039388,0,30,0,0,2,1,1,A01
200800039388,0,7,0,0,2,7,15,B01
200800039389,0,31,0,0,0,7,1,A01
200800039390,0,7,0,0,1,0,6,A01
200800039391,0,7,0,7,0,1,16,A01
200800039392,0,33,0,0,0,0,0,A01
200800039393,1,2,0,15,1,0,1,A01
200800039394,0,99,0,0,1,7,15,A01
200800039395,0,31,0,0,0,0,1,A01
200800039396,0,7,0,0,0,0,1,B01
200800039396,1,10,0,0,0,0,0,A01
200800039397,0,10,0,0,2,2,12,A01
200800039397,0,7,0,0,2,8,1,B01
200800039398,0,1,0,16,0,0,1,A01
200800039399,0,2,0,16,0,0,1,A01
200800039400,0,33,0,4,0,1,1,A01
200800039401,0,30,0,0,2,8,1,A01
200800039401,0,10,0,0,2,1,1,B01
200800039402,0,2,0,0,0,0,1,A01
200800039403,0,7,0,15,0,1,1,A01
200800039404,0,7,0,0,2,7,0,A01
200800039404,0,10,0,0,2,1,1,B01
200800039405,0,2,0,0,0,0,1,A01
200800039406,0,7,0,0,0,1,1,A01
200800039407,0,7,0,3,0,3,1,A01
200800039408,0,2,0,16,0,0,0,A01
200800039409,0,7,0,0,2,3,9,A01
200800039409,0,1,0,0,2,0,1,B01
200800039410,1,7,0,0,2,0,9,A01
200800039410,0,1,0,0,2,0,1,B01
200800039411,0,1,0,0,0,0,21,A01
200800039412,0,2,0,0,2,8,1,A01
200800039412,0,7,0,0,2,2,1,B01
200800039413,0,7,0,9,2,1,1,A01
200800039413,0,7,0,0,2,4,2,B01
200800039414,0,7,0,0,2,1,1,B01
200800039414,0,13,0,0,2,2,1,A01
200800039415,0,7,0,0,2,0,10,A01
200800039415,0,33,0,0,2,1,1,B01