Num_Acc,senc,catv,occutc,obs,obsm,choc,manv,num_veh
200800039416,0,7,0,0,2,1,2,A01
200800039416,0,7,0,0,2,4,23,B01
200800039416,0,10,0,0,2,4,23,C01
200800039416,0,7,0,0,0,4,23,D01
200800039417,0,30,0,0,2,1,1,A01
200800039417,0,7,0,0,2,0,15,B01
200800039418,0,7,0,0,2,2,15,A01
200800039418,0,2,0,0,2,1,1,B01
200800039419,0,7,0,0,1,3,1,A01
200800039420,0,7,0,0,2,1,15,A01
200800039420,0,30,0,0,2,1,1,B01
200800039421,0,7,0,0,2,3,1,A01
200800039421,0,7,0,0,2,1,1,B01
200800039422,0,7,0,0,2,1,15,A01
200800039422,0,7,0,0,2,1,1,B01
200800039423,0,7,0,6,0,1,1,A01
200800039424,0,7,0,0,2,3,9,A01
200800039424,0,31,0,0,2,1,1,B01
200800039425,0,7,0,0,2,2,15,B01
200800039425,0,30,0,0,2,9,1,A01
200800039426,0,7,0,0,2,1,1,A01
200800039426,0,30,0,0,2,4,1,B01
200800039427,0,7,0,0,1,1,15,A01
200800039428,0,7,0,0,2,1,1,A01
200800039428,0,7,0,0,0,4,1,B01
200800039429,0,30,0,0,2,4,2,A01
200800039429,0,30,0,0,2,1,2,B01
200800039430,0,33,0,0,0,0,1,A01
200800039431,0,1,0,0,0,0,1,A01
200800039432,0,7,0,0,2,1,2,A01
200800039432,0,7,0,0,2,4,2,B01
200800039432,0,7,0,0,2,1,2,C01
200800039432,0,7,0,0,2,6,2,D01
200800039433,0,2,0,0,2,1,1,A01
200800039433,0,7,0,0,0,4,1,B01
200800039434,0,2,0,0,2,8,9,A01
200800039434,0,7,0,0,2,1,1,B01
200800039435,0,7,0,0,1,1,1,A01
200800039436,0,33,0,0,2,2,17,A01
200800039436,0,7,0,0,2,6,15,B01
200800039437,0,7,0,14,0,1,1,A01
200800039438,0,7,0,15,0,1,1,A01
200800039439,0,7,0,3,0,1,1,A01
200800039440,0,7,0,0,2,1,9,A01
200800039440,0,7,0,0,0,7,1,B01
200800039441,0,33,0,0,6,1,1,A01
200800039442,0,33,0,0,0,9,1,A01
200800039443,0,7,0,0,2,1,1,A01
200800039443,0,7,0,0,0,3,1,B01
200800039444,0,10,0,0,2,2,1,A01
200800039444,0,10,0,0,2,1,19,B01
200800039445,0,7,0,0,2,3,15,A01
200800039445,0,37,20,0,2,2,13,B01
200800039446,0,1,0,1,0,0,0,A01
200800039447,0,2,0,10,1,1,1,A01
200800039448,0,33,0,0,0,8,1,A01
200800039449,0,7,0,0,0,0,1,A01
200800039449,0,37,0,0,0,0,1,B01
200800039450,0,7,0,8,2,1,1,B01
200800039450,0,7,0,9,2,2,1,A01
200800039451,0,7,0,0,1,1,1,A01
200800039452,0,33,0,0,0,0,13,B01
200800039452,0,30,0,0,2,1,19,A01
200800039453,0,7,0,0,2,1,15,A01
200800039453,0,2,0,0,2,1,1,B01
200800039454,0,10,0,0,2,2,15,A01
200800039454,0,2,0,0,2,1,1,B01
200800039455,0,10,0,0,2,3,1,B01
200800039455,0,7,0,0,0,6,19,A01
200800039456,0,30,0,0,0,0,17,B01
200800039456,1,7,0,0,2,0,15,A01
200800039457,0,7,0,0,9,2,1,B01
200800039457,0,1,0,0,2,1,1,A01
200800039458,0,2,0,0,2,1,1,B01
200800039458,0,7,0,0,2,2,1,A01
200800039459,0,7,0,0,2,2,16,A01
200800039459,0,1,0,0,2,1,1,B01
200800039460,0,7,0,0,1,1,16,A01
200800039461,0,7,0,0,2,8,18,A01
200800039461,0,1,0,0,2,1,14,B01
200800039462,1,7,0,0,1,1,1,A01
200800039463,0,7,0,0,1,3,1,A01
200800039464,0,10,0,0,2,8,15,A01
200800039464,0,7,0,1,2,1,1,B01
200800039465,0,7,0,0,1,4,4,A01
200800039466,0,7,0,0,2,3,9,A01
200800039466,0,31,0,0,2,7,1,B01
200800039467,0,30,0,0,2,1,18,A01
200800039467,0,7,0,0,2,2,16,B01
200800039468,0,7,0,0,2,6,11,A01
200800039468,0,33,0,0,2,2,1,B01
200800039469,0,7,0,0,1,1,15,A01
200800039470,0,7,0,0,2,1,1,B01
200800039470,0,7,0,0,2,7,15,A01
200800039471,0,7,0,0,2,1,1,A01
200800039471,0,1,0,0,2,1,19,B01
200800039472,0,7,0,0,2,1,1,B01
200800039472,0,7,0,0,2,2,15,A01
200800039473,0,7,0,0,2,3,15,A01
200800039473,0,33,0,0,2,1,1,B01
200800039474,0,30,0,0,2,1,1,B01
200800039474,0,7,0,0,2,7,10,A01
200800039475,0,7,0,0,2,3,15,A01
200800039475,0,33,0,0,2,2,17,B01
200800039476,0,38,1,0,2,2,15,A01
200800039476,0,7,0,0,2,3,1,B01
200800039477,0,33,0,0,2,1,1,A01
200800039477,0,7,0,0,2,1,15,B01
200800039478,0,7,0,0,2,1,15,B01
200800039478,0,10,0,0,2,2,1,A01
200800039479,0,30,0,0,2,1,1,B01
200800039479,0,1,0,0,2,1,1,A01
200800039480,0,7,0,0,2,1,2,A01
200800039480,0,7,0,0,1,4,2,B01
200800039481,0,7,0,0,2,5,1,B01
200800039481,0,30,0,0,2,2,16,A01
200800039482,0,32,0,0,2,8,1,A01
200800039482,0,10,0,0,2,7,16,B01
200800039483,0,10,0,0,2,1,15,A01
200800039483,0,1,0,0,2,1,1,B01
200800039484,0,7,0,0,2,2,15,A01
200800039484,0,31,0,0,2,8,1,B01
200800039485,0,37,1,0,1,5,0,A01
200800039486,0,7,0,0,1,1,1,A01
200800039487,0,7,0,0,2,3,13,A01
200800039487,0,7,0,0,2,8,1,B01
200800039488,0,7,0,0,1,2,1,A01
200800039489,0,7,0,0,1,3,0,A01
200800039490,0,2,0,0,1,1,1,A01
200800039491,0,7,0,0,9,5,0,A01
200800039492,0,7,0,0,0,0,9,A01
200800039492,0,33,0,0,2,0,1,B01
200800039493,0,7,0,8,2,9,13,A01
200800039493,0,1,0,0,2,1,1,B01
200800039494,0,7,0,0,2,2,19,A01
200800039494,0,2,0,0,2,1,1,B01
200800039495,0,7,0,0,2,1,15,A01
200800039495,0,7,0,0,2,1,1,B01
200800039496,0,7,0,0,2,3,5,A01
200800039496,0,7,0,0,2,3,1,B01
200800039497,0,7,0,0,2,3,15,A01
200800039497,0,30,0,0,2,1,17,B01
200800039498,0,7,0,0,2,2,15,A01
200800039498,0,2,0,0,2,1,1,B01
200800039499,1,7,0,0,0,0,0,A01
200800039499,0,2,0,0,0,1,1,B01
200800039500,0,7,0,0,6,1,0,A01
200800039501,0,2,0,8,0,1,0,A01
200800039502,0,7,0,0,1,8,1,A01
200800039503,0,33,0,0,2,1,0,B01
200800039503,0,7,0,0,2,5,1,A01
200800039504,0,7,0,15,0,1,1,A01
200800039505,0,2,0,0,2,8,1,B01
200800039505,0,7,0,0,9,3,0,A01
200800039506,0,30,0,8,6,6,1,B01
200800039506,0,30,0,0,2,3,2,A01
200800039507,0,7,0,0,2,6,23,C01
200800039507,0,7,0,0,2,4,23,B01
200800039507,0,33,0,0,2,1,1,A01
200800039508,0,7,0,0,2,3,23,C01
200800039508,0,7,0,0,2,1,5,A01
200800039508,0,7,0,0,2,2,23,B01
200800039509,0,7,0,0,9,8,0,A01
200800039509,0,1,0,15,2,1,2,B01
200800039510,0,7,0,0,2,4,23,B01
200800039510,0,7,0,14,0,4,1,A01
200800039511,0,7,0,0,2,8,1,B01
200800039511,0,30,0,0,2,1,0,A01
200800039512,0,7,0,15,0,1,1,A01
200800039513,0,7,0,0,2,4,1,B01
200800039513,0,15,0,0,2,1,1,A01
200800039514,0,7,0,0,2,1,1,B01
200800039514,0,7,0,0,2,3,6,A01
200800039515,0,7,0,0,2,7,9,B01
200800039515,0,32,0,0,2,1,1,A01
200800039516,0,7,0,0,1,1,1,A01
200800039517,0,7,0,0,2,1,23,C01
200800039517,0,7,0,0,2,1,23,D01
200800039517,0,10,0,0,2,7,1,A01
200800039517,0,7,0,0,2,3,1,B01
200800039518,0,36,0,0,2,3,1,B01
200800039518,0,7,0,6,2,3,11,A01
200800039519,0,17,0,0,2,2,2,A01
200800039519,0,7,0,0,2,4,2,B01
200800039519,0,7,0,0,2,4,2,C01
200800039519,0,7,0,0,2,4,2,D01
200800039520,0,7,0,0,2,8,0,A01
200800039520,0,2,0,0,2,1,0,B01
200800039521,0,7,0,0,2,7,0,A01
200800039521,0,33,0,0,2,1,0,B01
200800039522,0,7,0,0,2,1,2,A01
200800039522,0,7,0,0,2,6,2,B01
200800039523,0,10,0,0,2,8,0,B01
200800039523,0,10,0,0,2,3,13,A01
200800039524,0,7,0,0,1,2,0,A01
200800039525,0,30,0,0,0,0,1,A01
200800039526,0,2,0,0,2,1,17,A01
200800039526,0,14,0,0,2,8,15,B01
200800039527,0,7,0,13,0,1,13,A01
200800039528,0,2,0,0,5,7,1,A01
200800039529,0,7,0,0,2,3,15,A01
200800039529,0,7,0,0,2,2,1,B01
200800039530,0,7,0,0,2,8,1,B01
200800039530,2,7,0,0,2,3,1,A01
200800039531,0,30,0,0,2,1,1,A01
200800039531,0,7,0,0,2,4,23,B01
200800039532,0,7,0,0,1,3,1,A01
200800039533,0,7,0,0,2,1,13,A01
200800039533,0,7,0,0,2,1,1,B01
200800039534,0,32,0,0,2,1,2,A01
200800039534,0,7,0,0,1,6,15,B01
200800039534,0,7,0,0,2,3,1,C01
200800039535,0,7,0,0,9,3,1,A01
200800039535,0,1,0,0,2,4,2,B01
200800039536,0,7,0,1,1,6,4,A01
200800039537,0,7,0,0,0,4,16,A01
200800039537,0,7,0,0,2,1,1,B01
200800039538,0,7,0,0,2,2,19,A01
200800039538,0,30,0,0,2,0,0,B01
200800039539,0,30,0,0,2,8,15,A01
200800039539,0,7,0,0,2,2,1,B01
200800039540,0,7,0,0,2,3,1,B01
200800039540,0,7,0,0,2,2,15,A01
200800039541,0,7,0,0,1,3,15,A01
200800039542,0,10,0,0,1,1,15,A01
200800039543,0,7,0,0,9,1,1,A01
200800039543,0,33,0,0,9,8,1,B01
200800039544,0,7,0,0,1,1,1,A01
200800039545,0,7,0,0,1,7,1,A01
200800039546,0,10,0,0,1,5,15,A01
200800039547,0,30,0,0,2,8,1,B01
200800039547,0,10,0,0,2,1,21,A01
200800039548,0,7,0,0,2,3,15,A01
200800039548,0,33,0,0,2,1,1,B01
200800039549,0,1,0,0,2,1,2,A01
200800039549,0,7,0,0,2,4,2,B01
200800039550,0,7,0,0,2,8,1,A01
200800039550,0,33,0,0,2,1,1,B01
200800039551,0,7,0,1,1,7,1,A01
200800039552,0,7,0,0,1,8,1,A01
200800039553,0,37,0,0,1,3,13,A01
200800039554,0,30,0,0,1,1,1,A01
200800039555,0,7,0,0,1,2,9,A01
200800039556,0,7,0,0,2,1,1,A01
200800039556,0,7,0,0,2,6,15,B01
200800039557,1,10,0,0,2,1,0,B01
200800039557,0,1,0,0,2,0,1,A01
200800039558,0,7,0,0,2,1,2,A01
200800039558,0,7,0,0,2,4,2,B01
200800039558,0,7,0,0,0,4,2,C01
200800039559,0,37,0,0,1,7,0,A01
200800039560,0,7,0,0,1,3,1,A01
200800039561,0,7,0,0,2,1,1,B01
200800039561,0,7,0,0,2,5,1,A01
200800039562,0,10,0,0,2,7,0,A01
200800039562,0,7,0,0,2,3,1,B01
200800039563,0,7,0,0,2,3,15,A01
200800039563,0,7,0,0,2,7,1,B01
200800039564,0,7,0,0,2,1,9,A01
200800039564,0,33,0,0,2,1,1,B01
200800039565,0,7,0,0,1,3,1,A01
200800039566,0,10,0,0,2,1,2,A01
200800039566,0,7,0,0,2,5,23,B01
200800039566,0,7,0,0,2,4,23,C01
200800039567,0,7,0,12,0,1,14,A01
200800039568,0,7,0,0,1,1,1,A01
200800039569,0,7,0,0,2,7,15,A01
200800039569,0,33,0,0,2,1,1,B01
200800039570,0,7,0,0,2,7,5,A01
200800039570,0,7,0,0,2,1,1,B01
200800039571,0,7,0,0,1,4,4,A01
200800039572,0,33,0,0,2,3,1,B01
200800039572,0,7,0,0,2,8,15,A01
200800039573,0,7,0,0,1,1,16,A01
200800039574,0,30,0,0,2,7,1,B01
200800039574,1,7,0,0,2,3,9,A01
200800039575,0,7,0,0,1,1,1,A01
200800039576,0,30,0,0,9,5,2,A01
200800039576,0,1,0,0,9,8,2,B01
200800039577,0,7,0,1,0,2,1,A01
200800039577,0,10,0,0,0,8,24,B01
200800039577,0,7,0,0,2,7,24,C01
200800039578,0,2,0,11,0,1,1,A01
200800039579,0,30,0,0,2,3,9,A01
200800039579,0,1,0,0,2,2,1,B01
200800039580,0,30,0,0,2,1,1,A01
200800039580,0,7,0,0,2,7,15,B01
200800039581,0,1,0,0,1,1,1,A01
200800039582,0,7,0,0,2,3,13,A01
200800039582,0,33,0,0,2,1,1,B01
200800039582,0,7,0,0,2,6,23,C01
200800039583,0,7,0,6,0,7,2,A01
200800039584,0,7,0,15,0,4,4,A01
200800039585,0,10,0,0,1,7,1,A01
200800039586,1,7,0,0,9,2,16,A01
200800039586,0,1,0,0,2,8,16,B01
200800039587,0,30,0,1,0,1,1,A01
200800039588,0,7,0,0,1,7,1,A01
200800039589,0,2,0,0,1,1,1,A01
200800039590,1,7,0,0,2,1,0,A01
200800039590,0,1,0,0,2,4,1,B01
200800039591,0,7,0,4,0,0,1,A01
200800039592,0,7,0,0,2,3,9,A01
200800039592,0,7,0,0,2,1,1,B01
200800039593,0,7,0,0,2,1,9,A01
200800039593,0,1,0,0,2,5,1,B01
200800039594,0,7,0,0,2,8,1,B01
200800039594,0,7,0,0,2,1,1,A01
200800039595,0,33,0,0,2,8,9,B01
200800039595,0,7,0,0,2,2,1,A01
200800039596,0,7,0,0,2,6,15,A01
200800039596,0,30,0,0,2,1,17,B01
200800039597,0,7,0,0,2,1,2,A01
200800039597,0,7,0,0,2,4,2,B01
200800039597,0,7,0,0,2,4,2,C01
200800039597,0,7,0,0,2,4,2,D01
200800039598,0,7,0,8,0,1,1,A01
200800039599,1,10,0,0,2,1,2,A01
200800039599,0,7,0,0,2,4,23,B01
200800039600,0,30,0,0,2,1,5,A01
200800039600,0,7,0,0,2,2,1,B01
200800039601,0,30,0,0,2,1,1,B01
200800039601,0,7,0,0,2,1,9,A01
200800039602,0,7,0,0,2,5,12,A01
200800039602,0,33,0,0,2,1,2,B01
200800039603,0,17,0,0,2,2,21,A01
200800039603,0,7,0,0,2,6,0,B01
200800039604,0,33,0,3,0,1,13,A01
200800039605,0,10,0,0,1,7,0,A01
200800039606,0,7,0,0,2,8,13,A01
200800039606,0,30,0,0,2,1,1,B01
200800039607,0,7,0,0,2,5,15,B01
200800039607,0,1,0,0,2,1,1,A01
200800039608,0,7,0,0,2,1,15,B01
200800039608,0,33,0,0,2,1,1,A01
200800039609,0,7,0,0,2,4,1,B01
200800039609,1,7,0,14,0,1,2,A01
200800039610,0,30,0,0,1,1,1,A01
200800039611,0,7,0,0,2,1,1,A01
200800039611,0,7,0,0,0,1,1,B01
200800039612,0,7,0,0,0,7,14,A01
200800039612,0,33,0,0,2,1,1,B01
200800039613,0,1,0,0,2,1,1,B01
200800039613,0,10,0,0,2,3,16,A01
200800039614,2,30,0,0,1,1,1,A01
200800039615,0,7,0,0,2,7,16,A01
200800039615,0,2,0,0,2,1,18,B01
200800039616,0,1,0,0,2,1,16,B01
200800039616,1,7,0,0,2,6,13,A01
200800039617,0,33,0,0,0,0,0,A01
200800039618,0,7,0,0,2,1,1,A01
200800039618,0,7,0,0,2,4,1,B01
200800039619,0,1,0,1,0,1,1,A01
200800039620,0,33,0,0,2,1,1,A01
200800039620,0,10,0,0,0,7,15,B01
200800039621,0,7,0,0,2,8,0,B01
200800039621,0,7,0,0,2,9,0,A01
200800039622,0,7,0,0,1,1,1,A01
200800039623,0,7,0,0,2,3,1,A01
200800039623,0,7,0,0,2,3,1,B01
200800039624,0,7,0,0,2,3,0,A01
200800039624,0,7,0,0,2,3,0,B01
200800039625,0,2,0,0,9,8,1,A01
200800039625,0,2,0,0,6,8,15,B01
200800039626,0,7,0,1,0,1,13,A01
200800039627,0,2,0,0,2,2,17,B01
200800039627,0,30,0,0,2,3,17,A01
200800039628,0,7,0,0,2,1,2,A01
200800039628,0,7,0,0,2,4,1,B01
200800039629,0,1,0,0,2,1,19,A01
200800039629,0,10,0,0,2,8,1,B01
200800039630,0,31,0,9,0,1,0,A01
200800039631,0,2,0,0,2,3,17,A01
200800039631,0,7,0,0,2,8,1,B01
200800039632,0,40,0,0,1,1,1,A01
200800039633,0,33,0,0,2,1,17,A01
200800039633,0,7,0,0,2,4,1,B01
200800039634,0,7,0,0,2,1,13,A01
200800039634,0,7,0,0,2,3,1,B01
200800039634,0,7,0,0,2,1,1,C01
200800039635,0,7,0,0,2,1,2,A01
200800039635,0,33,0,0,2,4,23,B01
200800039636,0,33,0,0,2,1,17,A01
200800039636,0,7,0,0,2,4,17,B01
200800039637,0,7,0,0,1,1,1,A01
200800039638,0,7,0,0,1,1,1,A01
200800039639,0,1,0,0,2,0,15,B01
200800039639,0,7,0,0,0,1,1,A01
200800039640,0,7,0,2,0,1,0,A01
200800039641,0,1,0,0,2,4,1,B01
200800039641,0,7,0,0,2,1,9,A01
200800039642,0,1,0,0,2,8,19,A01
200800039642,0,7,0,0,2,1,1,B01
200800039643,0,7,0,0,0,0,0,A01
200800039643,0,2,0,12,0,7,2,B01
200800039644,0,1,0,0,2,1,15,B01
200800039644,0,7,0,0,9,1,17,A01
200800039645,0,7,0,0,2,4,15,B01
200800039645,0,7,0,0,2,1,1,A01
200800039646,0,2,0,0,0,0,8,A01
200800039647,0,14,0,0,2,1,2,A01
200800039647,0,7,0,0,2,8,1,B01
200800039648,0,7,0,0,2,4,9,A01
200800039648,0,30,0,0,2,1,1,B01
200800039649,0,2,0,0,2,8,0,A01
200800039649,0,7,0,0,0,7,1,B01
200800039650,0,7,0,7,0,0,0,A01
200800039651,0,7,0,0,2,3,0,A01
200800039651,0,33,0,0,2,1,0,B01
200800039652,0,2,0,0,2,3,1,B01
200800039652,2,7,0,0,2,0,15,A01
200800039653,0,33,0,3,0,7,1,A01
200800039654,0,7,0,0,2,7,15,A01
200800039654,0,33,0,0,2,1,1,B01
200800039655,0,2,0,0,2,8,1,B01
200800039656,0,7,0,0,2,8,13,A01
200800039656,0,14,0,0,2,8,14,B01
200800039657,0,33,0,13,0,1,1,A01
200800039658,0,15,0,0,2,7,1,A01
200800039658,0,7,0,0,2,1,1,B01
200800039659,0,7,0,0,2,1,1,A01
200800039659,0,30,0,0,2,4,23,B01
200800039660,0,1,0,0,2,0,9,A01
200800039660,0,30,0,0,9,0,1,B01
200800039661,0,2,0,0,0,8,1,A01
200800039662,0,7,0,0,2,3,1,A01
200800039662,0,2,0,0,2,1,1,B01
200800039663,0,30,0,0,0,8,0,A01
200800039664,0,1,0,0,0,0,0,A01
200800039665,0,2,0,0,0,1,0,A01
200800039666,0,1,0,0,2,7,2,A01
200800039666,0,7,0,0,2,8,2,B01
200800039667,0,7,0,0,1,1,0,A01
200800039668,0,30,0,0,0,7,0,A01
200800039669,0,7,0,0,2,2,0,A01
200800039669,0,1,0,0,2,1,0,B01
200800039670,0,30,0,0,2,8,0,A01
200800039670,0,7,0,0,2,2,0,B01
200800039671,0,1,0,0,0,0,0,A01
200800039672,0,2,0,0,2,3,0,A01
200800039672,0,7,0,0,2,5,0,B01
200800039673,0,7,0,0,2,2,16,A01
200800039673,0,1,0,0,2,1,1,B01
200800039674,0,10,0,6,2,1,0,A01
200800039674,0,7,0,0,2,9,0,B01
200800039674,0,7,0,0,2,1,0,C01
200800039675,0,34,0,0,0,8,21,A01
200800039676,0,30,0,0,2,0,17,A01
200800039676,0,1,0,0,2,0,1,B01
200800039677,0,7,0,0,2,1,0,A01
200800039677,0,2,0,0,2,8,0,B01
200800039678,0,7,0,0,2,7,1,B01
200800039678,0,7,0,0,2,8,1,A01
200800039679,0,7,0,0,2,1,1,A01
200800039679,0,7,0,0,2,4,16,B01
200800039680,0,10,0,0,1,4,20,A01
200800039681,0,7,0,0,2,3,17,A01
200800039682,0,7,0,0,2,1,1,A01
200800039682,0,1,0,0,2,7,19,B01
200800039683,0,17,0,0,2,2,16,A01
200800039683,0,1,0,0,2,1,1,B01
200800039684,0,1,0,12,0,1,1,A01
200800039685,0,2,0,0,0,2,1,A01
200800039686,0,2,0,0,0,7,1,A01
200800039687,0,7,0,2,0,0,1,A01
200800039688,0,7,0,0,2,5,15,A01
200800039688,0,33,0,0,2,1,1,B01
200800039689,0,2,0,0,0,8,1,A01
200800039690,0,7,0,0,2,5,15,A01
200800039690,0,30,0,0,2,1,1,B01
200800039691,0,30,0,0,0,1,1,A01
200800039692,0,10,0,0,2,5,17,A01
200800039692,0,1,0,0,2,3,1,B01
200800039693,0,1,0,0,0,0,1,A01
200800039694,0,7,0,0,2,2,15,A01
200800039694,0,37,3,0,2,2,1,B01
200800039695,0,7,0,0,2,1,15,A01
200800039695,0,7,0,0,2,1,1,B01
200800039696,0,2,0,9,0,7,20,A01
200800039697,0,7,0,0,1,3,15,A01
200800039698,0,7,0,0,2,3,1,B01
200800039698,0,2,0,0,2,1,1,A01
200800039699,0,7,0,0,1,3,1,A01
200800039700,0,2,0,0,2,1,1,B01
200800039700,0,7,0,0,2,8,15,A01
200800039701,1,30,0,0,2,7,9,A01
200800039701,0,1,0,0,2,3,1,B01
200800039702,0,7,0,0,1,1,15,A01
200800039703,0,7,0,9,0,1,1,A01
200800039704,0,7,0,0,9,1,1,A01
200800039704,0,1,0,0,0,4,1,B01
200800039705,0,15,0,0,9,1,2,A01
200800039705,0,21,0,0,2,4,2,B01
200800039705,0,7,0,0,9,3,9,C01
200800039706,1,7,0,0,2,7,18,A01
200800039706,0,7,0,0,2,2,2,B01
200800039707,0,7,0,0,2,1,2,A01
200800039707,0,7,0,0,2,1,2,B01
200800039707,0,7,0,0,0,4,23,C01
200800039708,0,33,0,0,2,1,1,A01
200800039708,0,2,0,0,2,5,2,B01
200800039709,0,7,0,0,2,1,1,A01
200800039709,0,7,0,0,0,3,1,B01
200800039710,0,7,0,0,2,8,15,A01
200800039710,0,1,0,0,2,1,1,B01
200800039711,0,7,0,0,1,6,1,B01
200800039712,0,2,0,16,0,0,0,A01
200800039713,0,7,0,0,2,1,1,A01
200800039713,0,7,0,0,2,1,1,B01
200800039714,0,14,0,0,1,4,4,A01
200800039715,0,7,0,0,2,1,1,A01
200800039715,0,7,0,0,2,4,23,B01
200800039716,0,2,0,0,2,1,1,B01
200800039716,0,7,0,0,2,8,1,A01
200800039717,0,7,0,0,2,1,1,A01
200800039717,0,7,0,0,2,4,1,B01
200800039717,0,7,0,0,2,4,1,C01
200800039718,0,2,0,0,2,1,2,A01
200800039718,0,7,0,0,2,5,1,B01
200800039719,0,30,0,8,0,1,14,A01
200800039720,0,7,0,4,0,3,13,A01
200800039721,0,2,0,0,2,1,2,A01
200800039721,0,7,0,0,2,4,23,B01
200800039722,0,7,0,0,1,4,4,A01
200800039723,0,7,0,0,2,8,9,A01
200800039723,0,33,0,0,2,1,1,B01
200800039724,0,7,0,0,2,3,13,A01
200800039724,0,7,0,0,2,3,1,B01
200800039725,0,7,0,0,2,3,13,B01
200800039725,0,7,0,0,2,1,13,A01
200800039726,0,30,0,3,0,0,0,A01
200800039727,0,14,0,3,0,8,16,A01
200800039728,0,7,0,0,2,7,17,A01
200800039728,0,1,0,0,2,8,1,B01
200800039729,0,10,0,0,2,7,19,A01
200800039729,0,10,0,0,2,1,1,B01
200800039730,0,33,0,0,2,1,13,A01
200800039730,0,7,0,0,2,3,21,B01
200800039731,1,7,0,0,2,1,2,A01
200800039731,0,31,0,0,2,4,23,B01
200800039732,0,10,0,0,1,2,1,A01
200800039733,0,7,0,0,2,5,1,B01
200800039733,0,2,0,0,2,1,1,A01
200800039734,0,7,0,0,1,8,1,A01
200800039735,0,1,0,0,2,1,1,A01
200800039736,0,7,0,0,1,2,1,A01
200800039737,0,33,0,0,2,2,0,A01
200800039737,1,7,0,0,2,0,0,B01
200800039738,0,7,0,0,1,4,4,A01
200800039739,0,10,0,0,1,4,4,A01
200800039740,0,7,0,0,2,1,1,A01
200800039740,0,7,0,0,2,4,1,B01
200800039741,0,7,0,0,2,3,6,A01
200800039741,0,7,0,0,2,1,4,B01
200800039742,0,7,0,0,2,1,15,A01
200800039742,0,2,0,0,2,1,1,B01
200800039743,0,7,0,0,1,5,1,A01
200800039744,0,20,0,6,0,1,1,A01
200800039745,0,7,0,0,2,7,1,A01
200800039746,0,7,0,0,1,1,15,A01
200800039747,0,7,0,0,2,8,10,A01
200800039747,0,1,0,0,2,1,1,B01
200800039748,0,33,0,12,0,1,14,A01
200800039749,0,1,0,0,2,8,19,A01
200800039749,0,7,0,0,2,1,21,B01
200800039750,0,33,0,0,1,1,21,A01
200800039751,0,30,0,14,0,1,1,A01
200800039752,0,7,0,2,0,7,13,A01
200800039753,0,30,0,12,0,1,13,A01
200800039754,0,7,0,0,2,2,1,A01
200800039754,0,7,0,0,0,6,1,B01
200800039755,0,7,0,0,0,0,5,A01
200800039755,0,15,0,3,0,0,1,B01
200800039755,0,17,0,3,2,1,2,C01
200800039756,0,7,0,0,2,1,1,B01
200800039756,0,7,0,0,2,7,0,A01
200800039757,0,2,0,0,0,4,2,A01
200800039758,0,30,0,0,0,2,2,A01
200800039759,0,7,0,0,2,1,5,A01
200800039759,0,33,0,0,2,1,1,B01
200800039760,0,33,0,6,0,1,1,A01
200800039761,0,17,0,0,2,3,1,A01
200800039761,0,7,0,0,2,5,15,B01
200800039761,0,7,0,0,2,3,1,C01
200800039762,0,30,0,1,0,0,14,A01
200800039762,0,30,0,0,0,0,21,B01
200800039763,0,2,0,0,2,7,17,B01
200800039763,0,7,0,0,2,8,10,A01
200800039764,0,7,0,15,0,7,2,A01
200800039765,0,7,0,0,2,2,21,A01
200800039765,0,7,0,0,2,3,21,B01
200800039766,0,7,0,5,0,0,1,A01
200800039767,0,7,0,0,2,3,1,B01
200800039767,0,2,0,0,2,1,15,A01
200800039768,0,7,0,0,2,4,10,A01
200800039768,0,33,0,0,2,1,1,B01
200800039769,0,7,0,0,2,1,2,A01
200800039769,0,7,0,0,1,4,23,B01
200800039770,0,7,0,0,0,0,11,A01
200800039770,0,33,0,0,0,0,21,B01
200800039771,0,2,0,0,2,1,2,A01
200800039771,0,7,0,0,2,4,23,B01
200800039772,0,33,0,0,2,1,1,A01
200800039772,0,7,0,0,2,8,1,B01
200800039773,0,7,0,0,1,1,15,A01
200800039774,0,7,0,0,2,1,2,A01
200800039774,0,7,0,0,2,4,2,B01
200800039774,0,7,0,0,2,4,2,C01
200800039775,0,1,0,0,1,1,1,A01
200800039776,0,1,0,0,2,1,1,B01
200800039776,0,7,0,0,2,8,24,A01
200800039777,0,7,0,0,2,1,2,A01
200800039777,0,10,0,0,2,4,23,B01
200800039777,0,7,0,0,2,4,23,C01
200800039778,0,2,0,0,2,1,2,A01
200800039778,0,1,0,0,2,4,1,B01
200800039779,0,7,0,6,0,1,14,A01
200800039780,0,7,0,0,2,2,15,B01
200800039780,0,2,0,0,2,6,1,A01
200800039781,0,33,0,0,0,7,1,A01
200800039782,0,7,0,0,2,6,1,B01
200800039782,0,33,0,3,0,7,1,A01
200800039783,0,7,0,0,2,7,15,A01
200800039783,0,7,0,0,2,3,1,B01
200800039784,0,7,0,0,2,1,2,A01
200800039784,0,7,0,0,2,4,2,B01
200800039784,0,7,0,0,2,4,2,C01
200800039785,0,7,0,0,2,6,5,A01
200800039785,0,33,0,0,2,1,1,B01
200800039786,0,33,0,0,0,7,1,A01
200800039787,0,7,0,0,1,2,1,A01
200800039788,0,7,0,0,2,1,2,A01
200800039788,0,7,0,0,2,4,23,B01
200800039789,0,2,0,0,2,1,1,A01