Num_Acc,senc,catv,occutc,obs,obsm,choc,manv,num_veh
200800039789,0,7,0,0,2,3,1,B01
200800039790,0,7,0,0,2,1,1,A01
200800039790,0,7,0,0,0,4,1,B01
200800039791,0,7,0,0,1,1,6,A01
200800039792,0,30,0,0,2,1,2,A01
200800039792,0,30,0,0,0,4,2,B01
200800039793,0,1,0,16,0,0,1,A01
200800039794,0,33,0,0,0,2,6,A01
200800039795,0,99,0,15,0,1,1,A01
200800039796,0,10,0,0,2,3,13,A01
200800039796,0,7,0,0,2,3,1,B01
200800039797,0,7,0,0,9,4,2,B01
200800039797,0,1,0,0,2,1,2,A01
200800039798,0,7,0,13,0,0,13,A01
200800039799,0,14,0,0,2,0,19,A01
200800039799,0,31,0,0,2,1,1,B01
200800039800,0,7,0,0,2,4,4,A01
200800039800,0,7,0,0,2,5,24,B01
200800039801,0,30,0,0,2,1,17,A01
200800039801,0,7,0,0,2,3,15,B01
200800039802,0,30,0,0,0,8,1,A01
200800039803,0,7,0,0,2,7,16,A01
200800039803,0,2,0,0,2,1,1,B01
200800039804,0,7,0,8,0,1,1,A01
200800039805,0,3,0,13,0,1,1,A01
200800039806,0,33,0,0,2,1,17,B01
200800039806,0,7,0,0,2,3,15,A01
200800039807,0,7,0,0,2,1,1,B01
200800039807,0,7,0,0,2,7,1,A01
200800039808,0,7,0,0,6,1,1,A01
200800039809,0,7,0,0,2,3,15,A01
200800039809,0,30,0,0,2,1,1,B01
200800039810,0,7,0,0,2,3,1,A01
200800039810,0,3,0,0,2,0,1,B01
200800039811,0,1,0,0,0,0,1,A01
200800039812,0,7,0,0,2,0,6,A01
200800039812,0,7,0,0,2,7,1,B01
200800039813,0,7,0,2,0,1,1,A01
200800039814,0,1,0,0,0,0,1,A01
200800039815,0,7,0,0,2,1,15,A01
200800039815,0,1,0,0,2,1,10,B01
200800039816,0,7,0,0,2,1,1,A01
200800039816,0,7,0,0,2,3,15,B01
200800039817,0,1,0,0,0,1,1,A01
200800039818,0,2,0,11,0,1,1,A01
200800039819,0,2,0,0,0,8,1,A01
200800039820,0,7,0,3,0,2,1,A01
200800039821,0,2,0,12,0,1,1,A01
200800039822,0,1,0,0,0,0,1,A01
200800039823,0,30,0,0,0,0,1,A01
200800039824,0,3,0,0,1,1,16,A01
200800039825,0,7,0,0,1,1,10,A01
200800039826,0,37,1,0,2,1,1,B01
200800039826,0,7,0,0,2,8,15,A01
200800039827,0,30,0,0,2,1,17,B01
200800039827,0,7,0,0,2,3,9,A01
200800039828,1,7,0,0,2,0,1,A01
200800039828,0,33,0,0,0,0,21,B01
200800039829,0,7,0,0,2,3,17,A01
200800039829,0,7,0,0,2,3,1,C01
200800039829,0,7,0,0,2,1,1,B01
200800039830,0,30,0,0,2,1,1,A01
200800039830,0,7,0,0,2,1,1,B01
200800039831,0,7,0,8,0,1,0,A01
200800039832,0,7,0,0,2,1,1,B01
200800039832,0,30,0,0,2,4,11,A01
200800039833,0,10,0,0,2,1,9,B01
200800039833,0,33,0,0,2,7,17,A01
200800039834,0,7,0,0,0,0,0,A01
200800039834,0,33,0,0,0,0,1,B01
200800039835,0,7,0,0,2,3,15,A01
200800039835,0,7,0,0,2,1,1,B01
200800039836,0,7,0,0,9,7,1,A01
200800039837,0,10,0,0,2,3,1,B01
200800039837,0,7,0,0,2,2,15,A01
200800039838,1,7,0,0,1,0,0,A01
200800039839,0,7,0,0,1,4,4,A01
200800039840,0,7,0,0,2,1,1,B01
200800039840,0,7,0,0,2,3,1,A01
200800039841,0,7,0,0,2,3,9,A01
200800039841,0,33,0,0,2,1,12,B01
200800039842,0,7,0,8,0,9,1,A01
200800039843,0,1,0,0,1,0,0,A01
200800039844,0,7,0,0,1,2,17,A01
200800039845,0,7,0,0,2,7,1,A01
200800039845,0,7,0,0,2,3,1,B01
200800039846,0,2,0,0,2,7,17,A01
200800039846,0,2,0,0,2,5,1,B01
200800039846,0,7,0,0,2,7,1,C01
200800039846,0,7,0,0,2,4,1,D01
200800039847,0,7,0,0,2,1,2,A01
200800039847,0,33,0,0,2,4,1,B01
200800039848,0,10,0,0,1,1,1,A01
200800039849,0,7,0,0,2,3,15,A01
200800039849,0,7,0,0,2,1,1,B01
200800039850,0,7,0,0,2,1,13,A01
200800039850,0,7,0,0,2,6,1,B01
200800039850,0,10,0,0,2,1,1,C01
200800039851,0,33,0,0,2,3,1,B01
200800039851,0,7,0,0,2,5,9,A01
200800039852,0,7,0,0,1,2,1,A01
200800039853,1,7,0,0,2,1,1,A01
200800039853,0,7,0,6,2,4,1,B01
200800039854,1,7,0,0,2,2,15,A01
200800039854,0,1,0,0,2,8,1,B01
200800039855,0,7,0,0,1,1,1,A01
200800039856,0,7,0,0,2,1,1,A01
200800039856,0,7,0,0,2,4,23,B01
200800039857,0,7,0,0,2,4,1,B01
200800039857,0,7,0,0,2,1,1,A01
200800039858,0,33,0,0,2,8,1,B01
200800039858,0,7,0,0,2,3,15,A01
200800039859,0,7,0,0,2,4,4,A01
200800039859,0,7,0,8,2,1,1,B01
200800039860,0,7,0,2,0,1,1,A01
200800039861,0,7,0,0,2,3,15,A01
200800039861,0,7,0,0,2,1,1,B01
200800039862,0,33,0,0,2,1,2,A01
200800039862,0,7,0,0,2,4,15,B01
200800039863,0,7,0,0,2,2,15,A01
200800039863,0,2,0,0,2,1,1,B01
200800039864,0,7,0,3,0,1,1,A01
200800039865,0,7,0,0,2,1,1,A01
200800039865,0,7,0,0,2,8,1,B01
200800039866,0,10,0,0,2,5,4,A01
200800039866,0,7,0,0,2,2,1,B01
200800039867,0,7,0,0,2,1,2,A01
200800039867,0,7,0,0,2,4,2,B01
200800039868,0,7,0,0,2,1,5,A01
200800039868,0,7,0,0,2,1,1,B01
200800039869,0,7,0,0,2,1,2,A01
200800039869,0,7,0,0,2,4,2,B01
200800039870,0,2,0,0,0,1,1,A01
200800039871,0,7,0,8,0,1,1,A01
200800039872,0,10,0,0,2,1,2,A01
200800039872,0,7,0,0,2,1,2,B01
200800039872,0,7,0,0,0,4,23,C01
200800039873,0,7,0,0,2,1,15,B01
200800039873,0,2,0,0,2,7,17,A01
200800039874,0,3,0,1,0,9,1,A01
200800039875,0,14,0,0,2,5,16,A01
200800039875,0,1,0,0,2,0,0,B01
200800039876,0,7,0,8,0,3,13,A01
200800039877,0,7,0,0,1,2,1,A01
200800039878,0,7,0,0,2,1,1,B01
200800039878,0,7,0,0,2,1,1,A01
200800039879,0,7,0,0,1,1,15,A01
200800039880,0,2,0,0,2,8,16,B01
200800039880,0,7,0,0,2,2,1,A01
200800039881,0,7,0,0,0,8,10,A01
200800039881,0,7,0,0,2,1,0,B01
200800039882,0,7,0,0,1,3,1,A01
200800039883,0,2,0,0,2,0,2,A01
200800039883,1,1,0,0,2,0,0,B01
200800039884,0,2,0,1,0,1,0,A01
200800039884,0,7,0,1,2,6,2,B01
200800039885,0,10,0,0,0,2,1,A01
200800039886,0,30,0,0,2,1,1,B01
200800039886,0,7,0,0,2,1,15,A01
200800039887,0,33,0,12,0,1,1,A01
200800039888,0,7,0,0,2,9,6,A01
200800039888,0,7,0,0,2,1,1,B01
200800039889,0,30,0,1,0,1,13,A01
200800039890,0,7,0,0,2,3,15,A01
200800039890,0,2,0,0,2,1,1,B01
200800039891,0,33,0,1,0,1,14,A01
200800039892,0,7,0,13,0,9,1,A01
200800039893,0,1,0,0,2,1,1,B01
200800039893,1,7,0,0,2,0,1,A01
200800039894,0,7,0,0,2,3,9,A01
200800039894,0,30,0,0,2,1,1,B01
200800039895,0,7,0,0,2,6,10,A01
200800039895,0,31,0,0,2,1,1,B01
200800039896,0,33,0,0,0,0,1,A01
200800039897,0,7,0,0,1,1,1,A01
200800039898,0,7,0,13,0,1,1,A01
200800039899,0,1,0,0,0,0,1,A01
200800039900,0,7,0,0,2,5,15,A01
200800039900,0,30,0,0,2,1,1,B01
200800039901,0,2,0,7,0,1,1,A01
200800039902,0,10,0,0,0,0,9,A01
200800039902,0,1,0,0,0,0,1,B01
200800039903,0,7,0,0,2,5,16,A01
200800039903,0,1,0,0,2,1,1,B01
200800039904,0,7,0,0,1,3,1,A01
200800039905,0,10,0,0,2,2,21,A01
200800039905,0,1,0,0,2,1,19,B01
200800039906,0,7,0,0,2,3,2,A01
200800039906,0,2,0,0,0,4,2,B01
200800039907,0,7,0,0,2,2,1,B01
200800039907,0,2,0,0,2,1,1,A01
200800039908,0,10,0,5,0,1,1,A01
200800039909,0,10,0,0,2,7,12,A01
200800039909,0,33,0,0,2,3,1,B01
200800039910,0,15,0,0,2,5,1,A01
200800039910,0,1,0,0,2,1,1,B01
200800039911,0,7,0,0,2,3,1,B01
200800039911,0,32,0,0,2,1,1,A01
200800039912,0,37,0,0,1,0,1,A01
200800039913,0,30,0,4,0,1,16,A01
200800039914,0,10,0,0,2,4,1,B01
200800039914,0,33,0,0,2,1,1,A01
200800039915,0,10,0,1,2,1,9,A01
200800039915,0,7,0,0,2,2,1,B01
200800039916,0,7,0,0,1,4,4,A01
200800039917,0,10,0,0,2,6,1,A01
200800039917,0,30,0,0,2,1,1,B01
200800039918,0,1,0,0,1,1,0,A01
200800039919,0,7,0,0,2,1,1,A01
200800039919,0,2,0,0,2,1,1,B01
200800039920,0,10,0,0,2,2,20,A01
200800039920,0,30,0,0,2,1,12,B01
200800039921,0,33,0,0,2,0,0,A01
200800039921,0,7,0,0,2,0,0,B01
200800039922,0,7,0,0,2,2,23,A01
200800039922,0,1,0,0,2,1,18,B01
200800039923,0,7,0,0,1,1,15,A01
200800039924,0,30,0,4,0,1,1,A01
200800039925,0,7,0,0,2,1,2,A01
200800039925,0,7,0,0,2,4,2,B01
200800039926,0,7,0,0,2,1,15,A01
200800039926,0,1,0,0,2,2,1,B01
200800039927,0,7,0,0,2,1,1,A01
200800039927,0,1,0,0,2,7,19,B01
200800039928,0,7,0,0,2,1,15,A01
200800039928,0,1,0,0,2,8,1,B01
200800039929,0,7,0,0,2,1,1,B01
200800039929,0,30,0,0,2,1,15,A01
200800039930,0,7,0,0,1,1,1,A01
200800039931,0,30,0,0,2,1,1,B01
200800039931,0,10,0,0,2,5,16,A01
200800039932,0,7,0,0,2,1,1,A01
200800039932,0,7,0,0,2,1,2,B01
200800039932,0,3,0,0,2,1,2,C01
200800039932,0,7,0,0,2,4,1,D01
200800039933,0,7,0,0,2,1,10,A01
200800039933,0,7,0,0,2,1,1,B01
200800039934,0,7,0,0,2,1,1,B01
200800039934,0,33,0,1,0,1,1,A01
200800039935,0,2,0,0,0,1,1,A01
200800039936,0,30,0,0,0,1,1,A01
200800039937,0,7,0,1,0,2,1,A01
200800039938,0,7,0,0,2,7,16,A01
200800039938,0,34,0,0,2,1,1,B01
200800039939,1,2,0,0,1,1,1,A01
200800039940,0,10,0,0,2,5,20,A01
200800039940,0,1,0,0,2,0,1,B01
200800039941,0,7,0,0,2,3,1,A01
200800039941,0,30,0,0,2,2,0,B01
200800039942,0,7,0,4,0,9,1,A01
200800039943,0,7,0,0,2,2,15,A01
200800039943,0,30,0,0,2,1,1,B01
200800039944,0,7,0,0,2,3,15,A01
200800039944,0,33,0,0,2,8,11,B01
200800039945,0,7,0,0,2,3,1,B01
200800039945,0,10,0,0,2,3,15,A01
200800039946,0,7,0,0,2,1,15,A01
200800039946,0,7,0,0,2,1,1,B01
200800039947,0,10,0,0,1,2,2,A01
200800039948,0,7,0,0,2,3,19,A01
200800039948,0,15,0,0,2,1,2,B01
200800039949,0,7,0,1,0,9,14,A01
200800039950,0,7,0,0,2,6,0,B01
200800039950,0,7,0,0,2,1,2,A01
200800039951,0,7,0,0,2,2,16,A01
200800039951,0,1,0,0,2,8,1,B01
200800039952,0,2,0,1,0,4,1,A01
200800039953,1,30,0,0,1,0,0,A01
200800039954,0,7,0,0,1,2,1,A01
200800039955,0,7,0,1,2,5,4,A01
200800039956,0,33,0,0,2,1,1,B01
200800039956,0,7,0,0,2,1,15,A01
200800039957,0,7,0,0,1,1,2,A01
200800039958,0,7,0,0,1,2,1,A01
200800039959,0,7,0,0,2,1,15,A01
200800039959,0,2,0,0,2,1,1,B01
200800039960,0,2,0,9,0,1,1,A01
200800039961,0,7,0,0,1,4,1,A01
200800039962,0,7,0,0,2,1,15,A01
200800039962,0,7,0,8,2,1,1,B01
200800039963,0,30,0,6,0,8,1,A01
200800039964,0,3,0,0,0,0,2,A01
200800039965,0,30,0,0,0,0,1,A01
200800039966,0,7,0,0,2,3,1,A01
200800039966,0,34,0,0,2,1,1,B01
200800039967,0,7,0,0,2,1,1,A01
200800039967,0,30,0,0,0,4,1,B01
200800039968,0,7,0,0,2,0,15,A01
200800039968,0,30,0,0,2,8,1,B01
200800039969,0,7,0,0,2,1,15,A01
200800039969,0,7,0,0,2,1,1,B01
200800039970,0,7,0,0,2,2,16,A01
200800039970,0,2,0,0,2,4,1,B01
200800039971,0,7,0,0,0,1,1,A01
200800039972,0,31,0,0,2,1,1,A01
200800039973,0,7,0,0,1,0,1,A01
200800039974,0,1,0,14,2,4,16,A01
200800039974,0,37,0,0,2,0,1,B01
200800039975,0,7,0,7,2,1,1,A01
200800039975,0,7,0,0,2,7,1,B01
200800039976,0,7,0,0,2,1,13,A01
200800039976,0,7,0,0,2,1,1,B01
200800039977,0,7,0,1,1,1,1,A01
200800039978,0,7,0,0,2,6,1,A01
200800039978,0,37,0,0,2,1,1,B01
200800039979,0,1,0,0,2,4,19,B01
200800039979,0,7,0,0,2,8,1,A01
200800039980,0,7,0,0,2,3,20,A01
200800039980,0,2,0,0,2,0,1,B01
200800039981,0,7,0,0,2,7,1,A01
200800039981,0,1,0,0,2,0,19,B01
200800039982,0,7,0,7,1,1,1,B01
200800039983,0,10,0,0,2,0,4,A01
200800039983,0,1,0,0,2,0,1,B01
200800039984,0,7,0,0,1,1,16,A01
200800039985,0,7,0,0,2,1,15,A01
200800039985,0,2,0,0,2,9,1,B01
200800039986,0,7,0,0,2,4,4,A01
200800039986,0,7,0,0,2,3,1,B01
200800039987,0,7,0,1,1,0,1,A01
200800039988,0,2,0,14,2,0,1,A01
200800039988,0,2,0,0,2,1,1,B01
200800039989,0,7,0,0,2,3,20,A01
200800039989,0,31,0,0,2,1,1,B01
200800039990,2,7,0,1,2,1,13,A01
200800039990,0,7,0,1,2,6,1,B01
200800039991,1,7,0,0,2,3,1,A01
200800039991,0,1,0,0,2,0,19,B01
200800039992,0,7,0,0,2,7,20,A01
200800039992,0,2,0,0,2,8,1,B01
200800039993,0,2,0,0,2,0,15,B01
200800039993,0,7,0,14,2,1,1,A01
200800039994,0,7,0,1,2,2,2,A01
200800039994,0,2,0,0,2,8,1,B01
200800039995,0,31,0,0,2,7,1,A01
200800039995,0,7,0,0,2,3,20,B01
200800039996,0,7,0,0,2,7,15,A01
200800039996,0,2,0,0,2,1,1,B01
200800039997,0,33,0,0,2,9,17,A01
200800039997,0,7,0,0,2,8,15,B01
200800039998,0,7,0,0,2,0,1,B01
200800039998,0,1,0,14,2,0,9,A01
200800039999,0,2,0,0,2,1,1,A01
200800039999,0,7,0,0,2,4,23,B01
200800040000,0,7,0,14,2,0,16,A01
200800040000,0,7,0,0,2,0,1,B01
200800040001,0,33,0,12,0,8,1,A01
200800040002,0,7,0,0,2,1,13,A01
200800040002,0,7,0,0,2,1,0,B01
200800040003,0,7,0,0,2,3,15,A01
200800040003,0,7,0,0,2,8,21,B01
200800040004,0,7,0,0,1,1,15,A01
200800040005,0,7,0,0,0,6,15,A01
200800040005,0,33,0,0,0,1,1,B01
200800040006,0,2,0,0,2,8,0,A01
200800040007,0,7,0,0,1,3,1,A01
200800040008,0,10,0,0,0,5,1,A01
200800040009,0,3,0,0,2,8,1,A01
200800040009,0,7,0,0,2,1,15,B01
200800040010,0,7,0,0,1,2,15,A01
200800040011,0,7,0,0,0,1,16,A01
200800040011,0,7,0,0,0,1,1,B01
200800040012,0,99,0,0,1,6,1,A01
200800040012,0,7,0,0,2,3,15,B01
200800040013,0,7,0,0,2,7,15,A01
200800040013,0,33,0,0,2,2,1,B01
200800040014,0,7,0,0,0,3,1,A01
200800040014,0,2,0,0,2,6,1,B01
200800040015,0,33,0,0,0,0,0,B01
200800040015,0,7,0,0,0,0,0,A01
200800040016,0,7,0,0,2,1,5,A01
200800040016,0,7,0,0,2,1,1,B01
200800040017,0,7,0,0,2,5,1,B01
200800040017,0,2,0,0,2,1,0,A01
200800040018,0,99,0,1,0,1,0,A01
200800040019,0,7,0,0,2,3,13,A01
200800040019,0,7,0,0,2,3,1,B01
200800040020,0,7,0,0,2,7,20,A01
200800040020,0,2,0,0,0,8,1,B01
200800040021,0,30,0,0,0,0,1,A01
200800040022,0,33,0,1,0,1,0,A01
200800040023,0,7,0,0,2,1,1,A01
200800040023,0,7,0,0,2,4,1,B01
200800040024,0,33,0,1,0,1,19,A01
200800040024,0,7,0,0,2,6,0,B01
200800040025,1,7,0,0,2,0,1,A01
200800040025,0,2,0,0,2,1,15,B01
200800040026,0,2,0,0,2,1,1,B01
200800040026,0,7,0,0,2,2,19,A01
200800040027,0,7,0,0,2,7,17,A01
200800040027,0,15,0,0,2,3,15,B01
200800040028,0,7,0,0,2,1,15,A01
200800040028,0,1,0,0,2,1,1,B01
200800040029,0,7,0,0,2,3,20,A01
200800040029,0,30,0,0,2,7,0,B01
200800040030,0,7,0,0,1,8,1,A01
200800040031,0,7,0,0,1,2,1,A01
200800040032,0,7,0,0,2,1,1,A01
200800040032,0,7,0,0,2,4,1,B01
200800040033,0,7,0,0,2,2,1,A01
200800040033,0,1,0,0,2,0,19,B01
200800040034,0,2,0,0,2,1,17,A01
200800040034,0,7,0,0,2,3,15,B01
200800040035,0,33,0,0,2,1,17,A01
200800040035,0,7,0,0,2,4,17,B01
200800040036,0,7,0,0,2,5,15,A01
200800040036,0,31,0,0,2,1,1,B01
200800040037,0,7,0,0,0,0,1,A01
200800040038,0,1,0,0,9,6,2,B01
200800040038,0,7,0,0,9,7,17,A01
200800040038,0,1,0,0,0,4,2,C01
200800040039,0,7,0,0,1,3,1,A01
200800040040,0,7,0,0,9,3,13,A01
200800040040,0,33,0,0,2,7,17,B01
200800040040,0,7,0,0,9,8,1,C01
200800040041,0,7,0,0,9,1,9,A01
200800040041,0,1,0,0,2,1,5,B01
200800040042,0,7,0,0,1,6,1,A01
200800040043,0,1,0,0,0,0,17,B01
200800040043,0,7,0,0,0,0,17,A01
200800040044,0,7,0,13,0,3,14,A01
200800040045,0,7,0,0,1,7,1,A01
200800040046,0,7,0,0,2,3,1,A01
200800040046,0,1,0,0,2,6,19,B01
200800040047,0,7,0,0,2,1,1,A01
200800040047,0,10,0,0,2,8,1,B01
200800040048,0,30,0,0,1,2,1,A01
200800040049,0,32,0,0,2,8,1,A01
200800040049,0,7,0,0,2,8,1,B01
200800040050,0,33,0,0,2,1,16,A01
200800040050,0,10,0,0,2,2,5,B01
200800040051,0,36,0,1,0,1,13,A01
200800040052,0,30,0,0,0,7,9,A01
200800040053,0,7,0,7,0,3,14,A01
200800040054,0,30,0,0,1,1,1,A01
200800040055,0,1,0,0,2,8,19,A01
200800040055,0,33,0,0,2,1,17,B01
200800040056,0,2,0,0,1,1,1,A01
200800040057,0,7,0,0,1,2,14,A01
200800040058,0,7,0,0,1,3,1,A01
200800040059,0,7,0,0,1,3,0,A01
200800040060,0,31,0,0,2,1,17,A01
200800040060,0,7,0,0,0,0,1,B01
200800040061,0,7,0,0,2,3,15,A01
200800040061,0,33,0,0,2,3,1,B01
200800040062,0,7,0,0,2,8,9,A01
200800040062,0,31,0,0,2,1,1,B01
200800040063,0,33,0,6,0,1,13,A01
200800040064,0,7,0,0,2,3,9,A01
200800040064,0,1,0,0,2,1,1,B01
200800040065,1,7,0,0,1,1,1,A01
200800040066,2,7,0,0,2,3,15,A01
200800040066,0,33,0,0,2,8,1,B01
200800040067,1,7,0,0,1,1,0,A01
200800040068,0,7,0,0,1,2,1,A01
200800040069,0,10,0,0,2,5,1,A01
200800040069,0,2,0,0,2,1,1,B01
200800040070,0,7,0,0,2,6,15,A01
200800040070,0,30,0,0,0,1,17,B01
200800040071,0,7,0,0,2,8,1,A01
200800040071,0,7,0,0,2,1,1,B01
200800040072,0,30,0,0,2,1,17,A01
200800040072,0,7,0,0,2,8,15,B01
200800040073,0,1,0,0,2,0,2,A01
200800040073,0,7,0,0,0,7,17,B01
200800040074,0,7,0,0,2,2,2,A01
200800040074,0,1,0,0,2,1,2,B01
200800040075,0,7,0,0,2,2,15,A01
200800040075,0,33,0,0,2,1,2,B01
200800040076,0,2,0,0,2,7,17,A01
200800040076,0,7,0,0,2,6,1,B01
200800040077,0,7,0,0,2,2,1,A01
200800040077,1,7,0,0,2,3,14,B01
200800040078,0,7,0,0,2,6,15,A01
200800040078,0,33,0,0,2,8,1,B01
200800040079,0,7,0,0,1,5,1,A01
200800040080,0,7,0,1,0,1,1,A01
200800040080,0,7,0,0,0,0,20,B01
200800040081,1,7,0,0,2,4,1,A01
200800040081,0,1,0,0,2,1,1,B01
200800040082,0,7,0,6,0,1,14,A01
200800040083,0,7,0,0,2,3,13,A01
200800040083,0,2,0,0,2,1,1,B01
200800040084,0,7,0,0,1,1,1,A01
200800040085,0,30,0,0,1,1,1,A01
200800040086,0,7,0,0,9,1,20,A01
200800040086,0,2,0,0,2,1,1,B01
200800040087,0,7,0,0,2,5,1,A01
200800040087,0,7,0,0,2,1,1,B01
200800040088,0,7,0,0,9,1,1,A01
200800040088,0,30,0,0,2,1,1,B01
200800040089,0,33,0,0,2,1,17,A01
200800040089,0,7,0,0,9,3,15,B01
200800040090,0,7,0,0,1,3,1,A01
200800040091,0,33,0,3,2,0,1,A01
200800040091,0,7,0,0,2,3,1,B01
200800040091,0,7,0,0,2,5,2,C01
200800040092,0,7,0,13,0,1,1,A01
200800040093,1,7,0,0,1,1,5,A01
200800040094,0,1,0,0,2,7,0,B01
200800040094,0,7,0,0,9,1,9,A01
200800040095,0,36,0,8,0,1,2,A01
200800040096,0,2,0,0,1,0,0,A01
200800040096,0,1,0,0,2,7,0,B01
200800040097,0,7,0,0,1,3,0,A01
200800040098,0,7,0,0,2,1,1,B01
200800040098,0,7,0,0,2,3,19,A01
200800040099,0,33,0,0,2,1,21,B01
200800040099,0,7,0,0,2,1,19,A01
200800040100,0,31,0,0,0,0,1,A01
200800040101,0,7,0,0,2,1,1,A01
200800040101,0,7,0,0,2,1,1,B01
200800040102,0,7,0,0,0,0,1,A01
200800040103,0,10,0,0,2,1,0,A01
200800040103,0,7,0,6,2,1,0,B01
200800040104,0,7,0,0,2,2,0,A01
200800040105,0,7,0,0,2,3,1,B01
200800040105,0,1,0,0,2,1,1,A01
200800040106,0,7,0,0,2,3,1,A01
200800040106,0,7,0,0,2,2,1,B01
200800040107,0,30,0,0,0,0,1,A01
200800040108,0,2,0,0,2,1,6,A01
200800040108,0,7,0,0,2,3,1,B01
200800040109,0,14,0,0,2,1,2,A01
200800040109,0,7,0,0,0,4,1,B01
200800040110,0,7,0,0,2,3,1,A01
200800040110,0,7,0,0,2,1,15,B01
200800040111,0,37,1,0,2,1,1,B01
200800040111,0,10,0,0,2,3,15,A01
200800040112,0,10,0,0,2,2,9,A01
200800040112,0,33,0,0,2,5,0,B01
200800040113,0,7,0,15,0,1,1,A01
200800040114,0,7,0,0,2,2,15,A01
200800040114,0,33,0,0,2,8,1,B01
200800040115,0,10,0,0,2,2,2,A01
200800040115,0,7,0,0,2,4,2,B01
200800040115,0,7,0,0,2,4,2,C01
200800040116,0,7,0,0,2,1,15,B01
200800040116,0,7,0,0,2,1,1,A01
200800040117,0,2,0,0,0,0,0,A01
200800040118,0,7,0,0,2,1,1,A01
200800040118,0,7,0,0,2,1,1,B01
200800040119,0,7,0,0,2,1,1,A01
200800040119,1,10,0,0,2,4,1,B01
200800040119,0,7,0,0,2,4,1,C01
200800040120,0,7,0,0,2,1,1,A01
200800040120,0,7,0,0,2,4,1,B01
200800040121,0,34,0,0,2,0,0,A01
200800040122,0,7,0,0,2,2,15,A01
200800040122,0,7,0,0,2,1,1,B01
200800040123,0,7,0,0,2,2,17,A01
200800040123,0,33,0,0,2,1,1,B01
200800040124,0,7,0,0,1,2,1,A01
200800040125,0,10,0,0,2,0,4,A01
200800040125,0,1,0,0,2,1,1,B01
200800040126,0,7,0,0,0,1,1,A01
200800040127,0,7,0,0,2,1,15,A01
200800040127,0,32,0,0,2,1,1,B01
200800040128,0,7,0,0,2,8,1,B01
200800040128,0,7,0,0,2,3,1,A01
200800040129,0,2,0,0,2,8,1,A01
200800040129,0,7,0,0,2,3,15,B01
200800040130,0,7,0,0,1,1,15,A01
200800040131,0,7,0,0,0,1,1,A01
200800040131,0,7,0,0,2,8,0,B01
200800040132,0,30,0,0,2,1,1,A01
200800040132,0,7,0,0,2,4,1,B01
200800040133,0,7,0,0,2,8,1,B01
200800040133,0,7,0,0,2,1,1,A01
200800040134,0,33,0,0,2,8,1,B01
200800040134,0,7,0,0,2,3,10,A01
200800040135,0,1,0,0,0,0,0,A01
200800040136,0,7,0,0,2,3,1,B01
200800040136,0,7,0,0,2,3,1,A01
200800040137,0,10,0,0,2,2,1,B01
200800040137,0,7,0,0,2,1,15,A01
200800040138,0,7,0,0,2,7,19,A01
200800040138,0,7,0,0,2,1,1,B01
200800040139,0,7,0,0,2,1,1,A01
200800040139,0,7,0,0,2,6,0,B01
200800040140,0,7,0,0,2,0,19,A01
200800040140,0,7,0,0,2,1,1,B01
200800040141,0,7,0,3,2,6,1,B01
200800040141,0,7,0,0,2,1,15,A01
200800040142,0,2,0,0,2,1,19,A01
200800040142,0,7,0,0,2,5,1,B01
200800040143,0,15,0,0,2,1,15,A01
200800040143,0,2,0,0,2,1,1,B01
200800040144,0,32,0,0,2,1,13,A01
200800040144,0,7,0,0,2,1,1,B01
200800040145,0,7,0,0,2,7,13,A01
200800040145,0,7,0,0,2,1,1,B01
200800040146,0,2,0,8,0,2,14,A01
200800040147,0,32,0,0,2,1,1,A01
200800040147,0,7,0,0,2,5,15,B01
200800040148,0,33,0,0,2,1,1,B01
200800040148,0,7,0,0,2,2,15,A01
200800040149,0,7,0,0,2,3,16,A01
200800040149,0,33,0,0,2,1,1,B01
200800040150,0,7,0,0,2,2,15,A01
200800040150,0,7,0,0,2,3,1,B01
200800040151,0,7,0,0,2,3,9,A01
200800040151,0,30,0,0,2,1,1,B01
200800040152,0,32,0,0,0,1,1,A01
200800040153,0,7,0,0,2,3,9,A01
200800040153,0,30,0,0,2,1,2,B01
200800040154,0,7,0,0,1,7,1,A01
200800040155,0,10,0,0,1,7,1,A01
200800040156,0,7,0,0,2,1,15,A01
200800040156,0,2,0,0,2,1,1,B01
200800040157,0,7,0,0,2,1,9,A01
200800040157,0,31,0,0,2,1,1,B01
200800040158,0,7,0,0,1,1,1,A01
200800040159,0,7,0,0,2,8,15,A01
200800040159,0,32,0,0,2,1,1,B01
200800040160,0,7,0,0,1,0,0,A01
200800040161,0,7,0,0,2,8,15,A01
200800040161,0,2,0,0,2,1,17,B01
200800040162,0,33,0,0,1,1,1,A01
200800040163,0,30,0,0,1,1,1,A01
200800040164,0,7,0,0,1,2,1,A01
200800040165,0,7,0,0,2,1,1,A01
200800040165,0,30,0,0,2,4,10,B01
200800040166,0,30,0,1,0,1,1,A01
200800040166,0,7,0,0,2,4,24,B01
200800040167,0,7,0,0,1,2,1,B01
200800040167,0,7,0,0,2,1,1,A01
200800040168,0,2,0,0,2,1,1,A01
200800040168,0,7,0,0,2,4,1,B01
200800040169,0,7,0,0,2,2,15,A01
200800040169,0,2,0,0,0,0,1,B01
200800040170,0,30,0,0,2,7,16,A01
200800040170,0,7,0,0,2,6,1,B01
200800040171,0,7,0,0,2,3,1,A01
200800040171,0,33,0,0,2,1,1,B01