Num_Acc,senc,catv,occutc,obs,obsm,choc,manv,num_veh
200800040172,0,7,0,0,1,1,1,A01
200800040173,0,7,0,0,2,1,0,A01
200800040173,0,33,0,0,2,4,1,B01
200800040174,0,7,0,0,2,3,3,A01
200800040174,0,7,0,0,2,3,3,B01
200800040175,0,7,0,0,0,0,15,A01
200800040175,0,32,0,0,0,0,1,B01
200800040176,0,7,0,0,2,1,1,A01
200800040176,0,33,0,0,2,1,1,B01
200800040177,0,7,0,0,2,3,15,A01
200800040177,0,7,0,0,2,8,1,B01
200800040178,0,7,0,0,9,5,14,A01
200800040178,0,1,0,0,2,3,1,B01
200800040179,0,2,0,0,2,1,1,A01
200800040179,0,7,0,0,2,4,1,B01
200800040180,0,2,0,0,2,2,0,A01
200800040180,0,7,0,0,2,2,1,B01
200800040181,0,31,0,0,0,1,13,A01
200800040182,0,33,0,0,2,8,9,A01
200800040182,0,7,0,0,2,1,12,B01
200800040183,0,7,0,0,2,1,13,A01
200800040183,0,7,0,0,2,8,1,B01
200800040183,0,7,0,0,2,1,1,C01
200800040184,0,7,0,0,0,0,20,A01
200800040184,0,33,0,0,0,3,1,B01
200800040185,0,1,0,0,9,2,3,B01
200800040185,0,7,0,0,9,7,15,A01
200800040186,0,32,0,0,2,1,1,B01
200800040186,0,7,0,0,2,2,15,A01
200800040187,0,7,0,0,2,6,15,B01
200800040187,0,30,0,0,2,1,17,A01
200800040188,0,7,0,16,0,1,21,A01
200800040189,0,2,0,0,2,7,17,B01
200800040189,0,7,0,0,2,3,10,A01
200800040190,0,7,0,0,2,3,24,B01
200800040190,0,7,0,1,0,2,14,A01
200800040191,0,2,0,0,2,1,5,A01
200800040191,0,7,0,0,2,2,1,B01
200800040192,0,10,0,0,2,4,1,B01
200800040192,0,2,0,0,2,1,2,A01
200800040193,0,7,0,0,2,4,2,B01
200800040193,0,7,0,0,2,4,2,C01
200800040193,0,7,0,0,2,1,1,A01
200800040194,0,7,0,0,2,4,1,B01
200800040194,0,7,0,0,2,1,2,A01
200800040195,0,7,0,0,2,7,16,B01
200800040195,0,30,0,0,2,1,18,A01
200800040196,0,7,0,6,0,9,1,A01
200800040197,0,7,0,0,2,1,13,A01
200800040197,0,30,0,0,2,1,1,B01
200800040198,0,30,0,0,2,4,1,B01
200800040198,0,33,0,0,2,1,2,A01
200800040199,0,7,0,0,2,1,1,B01
200800040199,0,33,0,0,2,1,5,A01
200800040200,0,30,0,0,2,1,1,A01
200800040200,0,7,0,0,2,7,16,B01
200800040201,0,30,0,0,2,1,15,B01
200800040201,0,7,0,0,2,5,10,A01
200800040202,0,33,0,0,2,1,1,A01
200800040202,0,7,0,0,2,1,15,B01
200800040203,0,32,0,0,2,2,17,A01
200800040203,0,15,0,0,2,6,15,B01
200800040204,0,1,0,0,2,1,1,B01
200800040204,0,7,0,0,2,7,14,A01
200800040204,0,1,0,0,2,1,1,C01
200800040205,0,2,0,0,2,1,1,B01
200800040205,0,7,0,0,2,2,12,A01
200800040206,0,7,0,9,2,0,1,A01
200800040206,0,10,0,0,0,8,16,B01
200800040207,0,1,0,0,2,8,9,B01
200800040207,0,7,0,0,2,2,1,A01
200800040208,0,7,0,14,0,1,2,A01
200800040208,0,7,0,14,0,9,2,B01
200800040208,0,7,0,0,0,4,2,C01
200800040209,0,7,0,0,2,8,15,A01
200800040209,0,7,0,0,2,1,1,B01
200800040210,0,7,0,0,2,6,19,A01
200800040210,0,7,0,0,2,3,1,B01
200800040211,0,33,0,14,0,1,1,A01
200800040212,0,7,0,14,0,3,1,A01
200800040213,0,1,0,0,2,8,0,A01
200800040213,0,7,0,0,9,2,17,B01
200800040214,0,7,0,0,2,2,19,A01
200800040214,0,7,0,0,2,3,1,B01
200800040215,0,1,0,0,2,8,15,B01
200800040215,0,7,0,0,9,2,17,A01
200800040216,0,7,0,0,1,1,1,A01
200800040217,0,7,0,0,2,0,15,A01
200800040217,0,30,0,0,2,1,17,B01
200800040218,0,7,0,0,2,1,15,A01
200800040218,0,7,0,0,2,8,19,B01
200800040219,0,7,0,0,2,1,17,A01
200800040219,0,7,0,0,2,1,1,B01
200800040220,0,7,0,0,2,8,10,A01
200800040220,0,7,0,0,2,1,1,B01
200800040221,0,30,0,8,0,1,1,A01
200800040222,0,7,0,0,2,1,1,B01
200800040222,0,7,0,0,2,7,15,A01
200800040223,0,7,0,0,2,6,1,B01
200800040224,0,7,0,0,2,5,14,A01
200800040224,0,30,0,0,2,1,1,B01
200800040225,0,7,0,0,2,1,1,A01
200800040225,0,2,0,0,2,4,1,B01
200800040226,0,7,0,0,1,2,1,A01
200800040227,0,33,0,0,2,1,1,A01
200800040227,0,7,0,0,2,7,15,B01
200800040228,0,7,0,0,2,1,1,A01
200800040228,0,7,0,0,2,1,2,B01
200800040229,0,7,0,0,0,9,11,A01
200800040230,0,7,0,0,2,3,1,B01
200800040230,0,7,0,0,2,6,1,C01
200800040230,0,7,0,0,2,3,11,A01
200800040231,0,7,0,15,0,1,11,B01
200800040231,0,30,0,15,0,9,1,A01
200800040232,0,10,0,0,2,8,22,A01
200800040232,0,1,0,0,2,1,1,B01
200800040233,0,7,0,0,2,3,1,A01
200800040233,0,10,0,0,2,2,1,B01
200800040234,0,7,0,0,2,5,20,A01
200800040234,0,32,0,0,2,1,1,B01
200800040235,0,7,0,0,2,1,1,A01
200800040235,0,7,0,0,2,4,0,B01
200800040235,0,10,0,0,2,4,1,C01
200800040235,0,7,0,0,2,4,1,D01
200800040236,0,7,0,0,9,1,1,B01
200800040236,0,1,0,0,2,1,5,A01
200800040237,0,1,0,0,2,1,19,B01
200800040237,0,7,0,0,9,1,1,A01
200800040238,0,7,0,0,1,1,1,A01
200800040239,0,7,0,0,1,1,4,A01
200800040240,0,7,0,0,2,1,1,B01
200800040240,0,2,0,0,2,6,1,A01
200800040241,0,2,0,0,2,1,1,A01
200800040241,0,7,0,0,2,4,1,B01
200800040242,0,7,0,0,2,1,16,A01
200800040242,0,7,0,0,2,7,15,B01
200800040243,0,7,0,1,0,2,1,A01
200800040244,0,10,0,0,2,1,1,B01
200800040244,0,10,0,0,2,2,15,A01
200800040245,0,7,0,0,2,1,1,A01
200800040245,0,7,0,0,2,4,1,B01
200800040245,0,2,0,0,2,1,1,C01
200800040246,0,37,0,0,2,1,15,A01
200800040246,0,7,0,0,0,4,1,B01
200800040247,0,2,0,0,2,1,1,A01
200800040247,0,7,0,0,2,8,15,B01
200800040248,0,7,0,0,2,1,1,A01
200800040248,0,10,0,0,6,1,1,B01
200800040249,0,1,0,0,1,1,1,B01
200800040250,0,7,0,6,0,1,1,A01
200800040251,0,14,0,0,2,5,18,A01
200800040251,0,1,0,0,2,8,0,B01
200800040252,0,14,0,1,0,7,1,A01
200800040252,0,14,0,0,0,6,24,B01
200800040253,0,7,0,0,2,8,15,A01
200800040253,0,2,0,0,2,1,1,B01
200800040254,0,7,0,0,1,1,1,A01
200800040255,0,7,0,0,2,2,15,A01
200800040255,0,33,0,0,2,7,1,B01
200800040256,0,30,0,0,2,1,0,A01
200800040256,0,7,0,0,2,3,1,B01
200800040257,0,10,0,0,2,3,1,B01
200800040257,0,7,0,0,2,1,15,A01
200800040258,0,7,0,0,0,1,16,A01
200800040259,0,1,0,0,2,8,15,A01
200800040259,0,37,0,0,2,7,1,B01
200800040260,0,7,0,0,2,1,12,A01
200800040260,0,7,0,0,2,4,1,B01
200800040260,1,7,0,0,2,1,1,C01
200800040261,0,1,0,0,2,1,1,B01
200800040261,0,7,0,0,2,1,1,A01
200800040262,0,7,0,6,0,1,1,A01
200800040263,0,7,0,0,1,1,1,A01
200800040264,0,37,1,0,2,2,1,A01
200800040264,0,1,0,0,2,8,11,B01
200800040265,0,7,0,0,9,4,0,B01
200800040265,0,1,0,0,2,1,1,A01
200800040266,0,7,0,6,0,1,1,A01
200800040266,0,2,0,0,0,0,1,B01
200800040267,0,7,0,0,1,6,1,A01
200800040268,0,7,0,0,2,6,1,A01
200800040268,0,99,0,0,2,3,1,B01
200800040269,0,2,0,0,1,0,0,A01
200800040270,0,7,0,0,2,7,10,A01
200800040270,0,33,0,0,2,1,1,B01
200800040271,0,7,0,0,2,1,1,B01
200800040271,0,7,0,0,2,7,1,A01
200800040272,0,2,0,0,2,0,1,A01
200800040272,0,7,0,0,2,0,15,B01
200800040273,1,7,0,0,2,0,17,A01
200800040273,0,33,0,0,2,3,1,B01
200800040274,0,7,0,0,2,2,1,A01
200800040274,0,1,0,0,2,1,15,B01
200800040275,0,7,0,0,2,2,1,A01
200800040275,0,7,0,0,2,3,1,B01
200800040276,0,7,0,0,2,6,1,B01
200800040276,0,7,0,0,2,1,1,A01
200800040277,0,33,0,0,2,1,2,A01
200800040277,0,1,0,0,2,8,15,B01
200800040278,1,7,0,0,2,0,17,A01
200800040278,0,1,0,0,2,0,1,B01
200800040279,0,7,0,0,2,1,2,A01
200800040279,0,1,0,0,2,4,23,B01
200800040280,0,30,0,0,2,1,5,A01
200800040280,0,30,0,0,2,2,1,B01
200800040281,0,10,0,0,2,8,10,A01
200800040281,0,31,0,0,2,1,1,B01
200800040282,0,7,0,0,2,3,5,A01
200800040282,0,7,0,0,2,3,1,B01
200800040283,0,7,0,0,1,1,0,A01
200800040284,0,7,0,0,2,1,0,A01
200800040284,0,7,0,0,2,4,2,B01
200800040284,0,7,0,0,2,9,2,C01
200800040284,0,7,0,0,2,4,15,D01
200800040285,1,7,0,0,1,1,1,A01
200800040286,0,7,0,0,1,1,9,A01
200800040287,0,10,0,0,1,1,1,A01
200800040288,0,7,0,14,0,1,2,A01
200800040288,0,7,0,0,2,4,2,B01
200800040289,0,7,0,1,1,2,1,A01
200800040290,0,7,0,0,2,1,19,B01
200800040290,0,7,0,0,2,2,19,A01
200800040291,0,2,0,0,2,1,2,A01
200800040291,0,30,0,0,0,3,15,B01
200800040292,0,7,0,0,0,1,9,A01
200800040292,0,1,0,0,2,0,1,B01
200800040293,0,30,0,0,2,8,1,A01
200800040293,0,7,0,0,2,2,16,B01
200800040294,0,7,0,0,2,4,23,B01
200800040294,0,7,0,0,2,1,2,A01
200800040295,0,1,0,0,2,1,1,B01
200800040295,0,7,0,0,9,2,19,A01
200800040296,0,1,0,0,2,1,19,A01
200800040296,0,7,0,0,2,2,1,B01
200800040297,0,30,0,0,2,8,13,A01
200800040297,0,7,0,0,2,8,0,B01
200800040297,0,7,0,0,0,0,9,C01
200800040298,0,7,0,0,1,1,9,A01
200800040299,0,10,0,0,0,4,2,A01
200800040299,0,17,0,0,2,1,2,B01
200800040300,0,1,0,0,0,2,1,B01
200800040300,0,7,0,0,0,0,0,A01
200800040301,0,7,0,0,2,3,1,A01
200800040301,0,1,0,0,2,1,9,B01
200800040302,0,7,0,0,2,1,1,A01
200800040302,0,7,0,0,0,8,15,B01
200800040303,0,32,0,0,1,1,1,A01
200800040304,0,30,0,0,2,6,11,A01
200800040304,0,14,0,0,0,6,1,B01
200800040305,1,7,0,0,2,2,15,B01
200800040305,0,7,0,0,0,8,1,A01
200800040306,0,7,0,0,2,0,1,A01
200800040306,0,7,0,0,2,1,1,B01
200800040306,0,7,0,0,2,1,1,C01
200800040307,0,7,0,0,2,8,15,A01
200800040307,0,2,0,0,2,1,1,B01
200800040308,0,7,0,7,0,1,1,A01
200800040309,0,1,0,0,2,1,1,A01
200800040309,0,7,0,0,2,3,20,B01
200800040310,0,7,0,0,1,1,1,A01
200800040311,0,7,0,0,0,6,4,A01
200800040312,0,7,0,0,2,2,16,B01
200800040312,0,30,0,0,2,3,18,A01
200800040313,0,7,0,0,0,1,0,A01
200800040313,0,7,0,0,0,6,24,B01
200800040314,0,30,0,0,0,0,2,A01
200800040314,0,7,0,0,0,5,16,B01
200800040315,0,10,0,0,2,3,9,A01
200800040315,0,37,27,0,2,2,1,B01
200800040316,1,7,0,0,2,1,2,B01
200800040316,0,7,0,0,2,4,23,A01
200800040317,0,14,0,0,9,1,16,A01
200800040317,0,1,0,0,2,8,1,B01
200800040318,0,7,0,0,2,1,2,A01
200800040318,0,7,0,0,2,4,2,B01
200800040319,0,7,0,0,2,3,11,A01
200800040319,0,2,0,0,2,7,1,B01
200800040320,0,35,0,0,2,1,17,A01
200800040320,0,7,0,0,2,3,15,B01
200800040321,0,7,0,0,9,3,2,A01
200800040321,0,1,0,0,2,1,0,B01
200800040322,0,7,0,0,2,1,1,B01
200800040322,0,30,0,0,2,1,1,A01
200800040323,0,7,0,0,9,7,14,A01
200800040323,0,1,0,0,2,8,1,B01
200800040324,0,33,0,0,2,1,2,B01
200800040324,0,7,0,0,2,5,15,A01
200800040325,0,7,0,0,1,1,1,A01
200800040326,0,30,0,0,2,3,18,A01
200800040326,0,7,0,0,2,2,16,B01
200800040327,0,30,0,0,1,3,18,A01
200800040328,1,7,0,0,2,0,0,A01
200800040328,0,33,0,0,2,0,0,B01
200800040329,1,10,0,0,2,3,10,A01
200800040329,0,30,0,0,2,5,1,B01
200800040330,0,7,0,0,2,1,9,A01
200800040330,0,7,0,0,2,3,1,B01
200800040331,0,10,0,0,1,1,15,A01
200800040332,0,33,0,12,0,7,16,A01
200800040333,0,7,0,0,2,3,23,C01
200800040333,0,7,0,1,2,8,1,B01
200800040333,0,10,0,0,2,2,15,A01
200800040334,0,32,0,0,2,2,5,A01
200800040334,0,7,0,0,2,2,0,B01
200800040335,0,7,0,0,1,1,1,A01
200800040336,0,7,0,0,1,2,16,A01
200800040337,0,7,0,15,0,0,17,A01
200800040338,0,7,0,0,2,1,13,A01
200800040338,0,7,0,0,2,6,2,B01
200800040338,0,7,0,0,2,1,1,C01
200800040339,0,7,0,0,1,1,18,A01
200800040340,0,7,0,0,2,7,1,A01
200800040340,0,14,0,0,2,2,1,B01
200800040341,0,7,0,0,1,2,1,A01
200800040342,0,7,0,7,2,1,1,A01
200800040342,0,7,0,0,2,1,1,B01
200800040343,0,10,0,0,2,1,1,A01
200800040343,0,7,0,0,2,7,1,B01
200800040344,0,10,0,0,2,4,6,B01
200800040344,0,7,0,0,2,1,1,A01
200800040345,0,30,0,0,2,1,9,A01
200800040345,0,7,0,0,2,2,1,B01
200800040346,2,7,0,0,2,1,1,A01
200800040346,0,1,0,0,2,4,1,B01
200800040347,0,7,0,0,2,7,17,A01
200800040347,0,2,0,0,2,8,2,B01
200800040348,0,7,0,0,0,1,13,A01
200800040348,0,7,0,0,2,1,1,B01
200800040349,0,30,0,0,0,0,1,A01
200800040350,0,7,0,8,0,1,0,A01
200800040351,0,33,0,0,2,1,1,B01
200800040351,0,7,0,0,2,8,15,A01
200800040352,0,2,0,0,2,1,1,A01
200800040352,0,7,0,0,2,3,15,B01
200800040353,0,7,0,0,2,2,1,A01
200800040353,0,7,0,0,2,3,20,B01
200800040353,0,7,0,0,2,1,1,C01
200800040354,0,7,0,2,0,2,1,A01
200800040355,0,7,0,0,2,3,1,B01
200800040355,0,7,0,0,2,1,1,A01
200800040356,0,2,0,1,2,1,14,A01
200800040357,0,7,0,8,0,1,1,A01
200800040358,0,7,0,0,2,3,1,A01
200800040358,0,15,0,0,2,3,1,B01
200800040359,0,7,0,0,1,0,1,A01
200800040360,0,7,0,0,2,2,10,A01
200800040360,0,2,0,0,2,1,1,B01
200800040361,0,7,0,9,0,1,14,A01
200800040362,0,7,0,8,0,1,14,A01
200800040363,0,10,0,0,1,1,16,A01
200800040364,0,33,0,0,2,7,16,A01
200800040364,0,7,0,0,2,8,15,B01
200800040365,0,7,0,0,0,7,15,A01
200800040365,0,7,0,0,0,1,1,B01
200800040366,0,7,0,0,0,7,15,A01
200800040366,0,7,0,0,2,1,1,B01
200800040366,0,7,0,0,2,1,1,C01
200800040367,0,7,0,11,0,1,1,A01
200800040368,0,7,0,0,2,1,1,A01
200800040368,0,7,0,0,0,4,1,B01
200800040369,0,7,0,8,2,1,1,A01
200800040369,0,7,0,0,0,4,1,B01
200800040370,0,7,0,0,0,8,1,B01
200800040370,0,7,0,0,2,1,1,A01
200800040371,0,10,0,0,2,1,15,A01
200800040371,0,33,0,0,2,1,1,B01
200800040372,0,7,0,0,2,1,1,A01
200800040372,0,7,0,0,2,4,1,B01
200800040373,0,7,0,0,0,2,13,A01
200800040373,0,1,0,0,2,1,1,B01
200800040374,0,7,0,0,0,8,10,A01
200800040374,0,2,0,0,2,1,1,B01
200800040375,0,2,0,16,0,8,1,A01
200800040376,0,7,0,0,1,7,1,A01
200800040377,0,7,0,0,0,0,1,A01
200800040377,0,33,0,0,0,8,21,B01
200800040378,0,10,0,0,2,1,1,A01
200800040378,0,7,0,0,0,8,9,B01
200800040379,0,7,0,0,0,1,9,A01
200800040379,0,1,0,0,2,1,1,B01
200800040380,0,10,0,0,2,2,1,A01
200800040380,0,7,0,0,0,3,1,B01
200800040381,0,7,0,0,2,3,15,A01
200800040381,0,7,0,0,0,3,1,B01
200800040382,0,33,0,0,2,1,1,A01
200800040382,0,7,0,0,0,4,15,B01
200800040383,0,7,0,0,2,1,1,A01
200800040383,0,7,0,0,0,4,1,B01
200800040384,0,7,0,0,1,1,1,A01
200800040385,0,36,0,0,2,3,13,A01
200800040385,0,10,0,0,0,3,1,B01
200800040386,0,7,0,0,2,1,1,B01
200800040386,0,2,0,0,0,1,15,A01
200800040387,0,7,0,0,2,2,1,A01
200800040387,0,2,0,0,0,1,1,B01
200800040388,0,1,0,12,0,7,1,A01
200800040389,0,7,0,2,0,1,1,A01
200800040390,0,2,0,16,0,1,1,A01
200800040391,0,7,0,0,2,0,1,A01
200800040391,0,1,0,0,0,4,1,B01
200800040392,1,7,0,0,2,3,15,A01
200800040392,0,2,0,0,0,1,1,B01
200800040393,0,7,0,0,1,3,16,A01
200800040394,0,1,0,0,2,1,17,A01
200800040394,0,1,0,0,0,1,1,B01
200800040395,0,7,0,0,1,2,1,A01
200800040396,0,7,0,0,2,1,9,A01
200800040396,0,1,0,12,2,1,0,B01
200800040397,0,7,0,0,1,4,4,A01
200800040398,0,7,0,0,0,3,0,B01
200800040398,0,7,0,0,2,3,0,A01
200800040399,0,7,0,1,0,1,1,A01
200800040400,0,33,0,0,2,1,5,A01
200800040400,0,7,0,0,0,2,1,B01
200800040401,0,7,0,0,2,1,23,A01
200800040401,0,33,0,0,2,1,1,B01
200800040402,0,7,0,0,2,1,1,B01
200800040402,0,33,0,0,2,1,1,A01
200800040403,0,33,0,0,2,8,1,A01
200800040403,0,7,0,0,2,6,1,B01
200800040404,0,33,0,0,2,1,2,A01
200800040404,0,7,0,0,2,3,15,B01
200800040405,0,33,0,0,2,4,2,A01
200800040405,0,99,0,0,0,0,2,B01
200800040406,0,7,0,8,0,1,0,A01
200800040407,0,33,0,0,2,0,16,B01
200800040407,1,7,0,0,2,1,1,A01
200800040408,0,33,0,0,2,1,0,B01
200800040408,0,7,0,0,2,1,0,A01
200800040409,0,30,0,0,1,0,0,A01
200800040410,0,30,0,0,1,0,0,A01
200800040411,0,33,0,0,0,0,0,A01
200800040412,0,7,0,0,2,1,1,B01
200800040412,0,1,0,0,2,1,13,A01
200800040413,0,1,0,0,0,0,16,A01
200800040414,0,7,0,0,2,6,1,C01
200800040414,0,7,0,0,2,2,16,B01
200800040414,0,33,0,0,2,3,1,A01
200800040415,0,30,0,0,2,5,12,A01
200800040415,0,7,0,0,2,2,9,B01
200800040416,0,7,0,0,2,3,1,A01
200800040416,0,33,0,0,2,9,2,B01
200800040417,0,7,0,15,0,1,1,A01
200800040418,0,38,111,0,2,3,1,B01
200800040418,0,15,0,0,2,7,10,A01
200800040419,0,33,0,3,0,7,1,A01
200800040420,0,37,18,0,1,2,1,A01
200800040421,0,7,0,0,2,0,1,B01
200800040421,0,1,0,0,2,0,0,A01
200800040422,0,7,0,0,0,4,2,B01
200800040422,0,7,0,0,2,1,2,A01
200800040423,0,33,0,0,0,7,1,A01
200800040424,0,7,0,0,2,1,1,B01
200800040424,0,33,0,0,2,1,1,A01
200800040425,0,7,0,0,2,5,11,B01
200800040425,0,30,0,0,2,1,1,A01
200800040426,0,7,0,0,2,6,1,B01
200800040426,0,14,0,0,2,1,1,A01
200800040427,0,2,0,0,2,1,1,B01
200800040427,0,2,0,0,2,3,1,A01
200800040428,0,7,0,0,2,4,1,C01
200800040428,0,7,0,0,2,4,1,B01
200800040428,0,7,0,0,2,1,1,A01
200800040429,0,2,0,12,0,1,21,A01
200800040430,0,7,0,0,2,1,1,B01
200800040430,0,7,0,0,2,2,1,A01
200800040431,0,2,0,0,2,1,1,B01
200800040431,1,7,0,0,2,6,15,A01
200800040432,0,34,0,0,2,1,2,A01
200800040432,0,7,0,0,0,6,2,B01
200800040432,0,15,0,0,0,6,2,C01
200800040433,0,7,0,0,2,6,15,A01
200800040433,0,33,0,0,2,2,2,B01
200800040434,0,31,0,0,1,1,1,A01
200800040435,0,7,0,0,1,6,4,A01
200800040436,0,33,0,1,0,2,1,A01
200800040437,0,2,0,12,0,2,0,A01
200800040438,0,7,0,0,2,2,1,A01
200800040438,0,7,0,0,2,4,1,B01
200800040439,1,7,0,0,1,7,1,A01
200800040440,0,1,0,0,1,1,1,A01
200800040441,0,30,0,1,2,1,1,A01
200800040441,0,30,0,0,2,1,1,B01
200800040442,0,7,0,2,2,1,1,A01
200800040442,0,7,0,0,2,6,1,B01
200800040443,0,7,0,0,2,1,15,A01
200800040443,0,2,0,0,2,1,1,B01
200800040443,0,2,0,0,2,1,1,C01
200800040444,0,1,0,0,2,1,1,A01
200800040444,0,7,0,0,2,2,1,B01
200800040445,0,7,0,0,2,3,1,A01
200800040445,0,1,0,0,2,7,19,B01
200800040446,1,7,0,0,1,7,1,A01
200800040447,0,7,0,0,2,1,15,B01
200800040447,0,30,0,0,2,7,1,A01
200800040448,1,7,0,0,2,1,17,A01
200800040448,0,7,0,7,2,8,15,B01
200800040449,0,33,0,11,0,8,1,A01
200800040450,0,33,0,0,0,8,1,A01
200800040451,0,2,0,0,2,1,1,A01
200800040451,0,2,0,0,2,7,1,B01
200800040452,0,14,0,0,2,2,16,B01
200800040452,0,30,0,0,2,1,1,A01
200800040453,0,33,0,0,0,7,2,A01
200800040454,0,7,0,0,2,1,15,A01
200800040454,0,33,0,0,2,3,1,B01
200800040455,0,7,0,0,2,1,1,A01
200800040455,0,7,0,0,2,4,1,B01
200800040456,0,33,0,0,2,8,17,A01
200800040456,0,7,0,0,2,3,16,B01
200800040457,0,33,0,2,2,7,14,A01
200800040457,0,7,0,1,2,6,1,B01
200800040458,0,7,0,0,2,1,1,A01
200800040458,0,7,0,0,0,4,1,B01
200800040459,0,7,0,0,1,2,1,A01
200800040460,0,7,0,0,2,4,24,A01
200800040460,0,7,0,1,2,1,2,B01
200800040460,0,7,0,0,2,1,2,C01
200800040461,0,7,0,0,1,1,1,A01
200800040462,0,7,0,0,2,1,15,B01
200800040462,0,2,0,0,2,1,1,A01
200800040463,0,7,0,0,2,8,10,A01
200800040463,0,30,0,0,2,1,1,B01
200800040464,0,7,0,12,2,1,0,A01
200800040464,0,7,0,9,0,1,1,B01
200800040465,0,7,0,0,2,1,15,A01
200800040465,0,33,0,0,2,1,1,B01
200800040466,0,7,0,4,0,3,1,A01
200800040467,0,2,0,0,0,8,8,A01
200800040468,0,1,0,14,0,0,1,A01
200800040469,0,7,0,0,9,7,15,A01
200800040469,0,1,0,0,2,7,1,B01
200800040470,0,33,0,0,2,1,1,A01
200800040470,0,7,0,0,2,2,15,B01
200800040471,0,7,0,0,0,0,0,A01
200800040472,0,2,0,0,0,0,1,A01
200800040473,0,7,0,0,1,2,0,A01
200800040474,0,7,0,0,2,5,1,A01
200800040474,0,33,0,0,2,1,1,B01
200800040475,0,33,0,0,2,1,7,A01
200800040475,0,7,0,0,2,3,15,B01
200800040476,0,7,0,11,0,1,1,A01
200800040477,0,33,0,0,2,9,2,A01
200800040477,0,33,0,0,2,9,21,B01
200800040478,0,31,0,0,0,2,1,A01
200800040479,1,7,0,0,0,0,0,A01
200800040479,0,30,0,0,0,0,21,B01
200800040480,0,33,0,0,1,2,1,A01
200800040481,0,30,0,12,0,2,21,A01
200800040482,0,7,0,0,0,0,0,A01
200800040483,0,31,0,0,0,8,2,A01
200800040484,0,30,0,0,2,1,1,A01
200800040484,0,7,0,0,0,5,23,B01
200800040485,0,7,0,15,0,3,1,A01
200800040485,0,7,0,0,2,2,1,B01
200800040486,0,30,0,0,2,1,2,A01
200800040486,0,7,0,0,0,6,2,B01
200800040487,0,7,0,12,0,1,15,A01
200800040487,0,31,0,12,0,1,1,B01
200800040488,0,30,0,1,0,1,1,A01
200800040489,0,7,0,0,2,6,15,A01
200800040489,0,33,0,0,2,3,1,B01
200800040490,0,7,0,0,2,8,1,A01
200800040490,0,7,0,0,2,8,1,B01
200800040491,0,7,0,0,1,2,1,A01
200800040492,0,33,0,8,0,1,6,A01
200800040493,0,33,0,8,0,7,14,A01
200800040494,0,33,0,6,0,7,1,A01
200800040495,0,33,0,0,0,9,1,A01
200800040496,0,33,0,0,2,1,1,B01
200800040496,0,7,0,0,2,2,1,A01
200800040497,0,7,0,0,2,1,19,A01
200800040497,0,7,0,0,2,7,1,B01
200800040498,0,33,0,1,0,1,1,A01
200800040499,1,10,0,0,2,1,2,A01
200800040499,0,7,0,0,2,4,2,B01
200800040499,0,7,0,0,2,4,2,C01
200800040499,0,7,0,0,0,4,2,D01
200800040500,0,7,0,0,2,2,2,A01
200800040500,0,33,0,0,0,6,2,B01
200800040501,0,2,0,0,2,1,2,A01
200800040501,0,7,0,0,0,6,2,B01
200800040502,0,30,0,0,2,1,1,B01
200800040502,0,7,0,0,2,1,15,A01
200800040503,0,7,0,0,2,1,1,B01
200800040503,0,7,0,0,2,7,15,A01
200800040504,0,7,0,0,0,9,0,A01
200800040505,0,30,0,0,0,2,15,B01
200800040505,0,7,0,0,2,1,2,A01
200800040506,0,7,0,1,9,3,1,A01
200800040507,0,7,0,0,0,4,24,B01
200800040507,0,7,0,1,0,1,2,A01
200800040508,2,10,0,0,2,8,13,A01
200800040508,0,13,0,0,0,8,2,B01
200800040509,0,7,0,0,2,2,2,A01
200800040509,0,1,0,0,0,4,2,B01
200800040510,0,7,0,0,1,2,17,A01
200800040511,0,31,0,0,2,1,13,A01
200800040511,0,7,0,0,2,3,1,B01
200800040512,0,7,0,0,2,3,15,B01
200800040512,0,30,0,0,2,1,17,A01
200800040513,0,3,0,12,0,3,6,A01
200800040514,0,7,0,2,0,9,1,A01
200800040515,0,10,0,0,0,2,1,A01
200800040516,0,7,0,0,2,7,13,A01
200800040516,0,7,0,0,2,1,0,B01
200800040517,0,7,0,0,2,3,2,A01
200800040517,0,33,0,0,0,4,2,B01
200800040518,0,7,0,0,1,3,4,A01
200800040519,0,2,0,0,0,9,0,A01
200800040520,0,7,0,0,2,2,1,B01
200800040520,0,7,0,0,2,8,10,A01
200800040521,0,7,0,13,0,9,1,A01
200800040522,0,33,0,0,2,1,2,C01
200800040522,0,13,0,0,2,3,2,B01
200800040522,1,13,0,0,2,8,10,A01
200800040523,1,10,0,0,1,1,5,A01
200800040524,0,10,0,0,2,3,15,A01
200800040524,0,1,0,0,2,2,0,B01
200800040525,0,38,1,0,9,2,2,A01
200800040525,0,1,0,0,2,4,2,B01
200800040526,0,7,0,0,2,3,5,A01
200800040526,0,2,0,0,2,3,5,B01
200800040527,0,30,0,9,0,1,1,A01
200800040528,0,33,0,0,0,0,6,A01
200800040529,0,7,0,0,1,2,21,A01
200800040530,0,7,0,13,0,2,14,A01
200800040531,0,7,0,0,2,8,2,A01
200800040531,0,7,0,0,2,7,2,B01
200800040532,0,33,0,0,2,7,17,B01
200800040532,0,7,0,0,9,2,10,A01
200800040533,0,7,0,2,0,7,2,A01
200800040534,0,2,0,0,2,1,5,A01