Num_Acc,senc,catv,occutc,obs,obsm,choc,manv,num_veh
200800040534,0,7,0,0,2,3,1,B01
200800040535,0,7,0,0,0,1,1,B01
200800040535,0,7,0,0,2,5,15,A01
200800040535,0,7,0,0,2,1,1,C01
200800040536,0,7,0,0,2,2,15,A01
200800040536,0,33,0,0,2,1,1,B01
200800040537,0,7,0,0,0,3,10,A01
200800040537,0,33,0,0,2,1,1,B01
200800040538,0,7,0,2,0,1,1,A01
200800040539,0,17,0,0,1,2,1,A01
200800040540,0,10,0,0,2,2,15,A01
200800040540,0,7,0,0,2,3,1,B01
200800040541,0,30,0,0,2,7,1,B01
200800040541,0,7,0,0,0,1,1,A01
200800040542,0,37,0,0,2,1,2,A01
200800040542,0,7,0,0,0,4,2,B01
200800040543,0,7,0,0,9,2,1,A01
200800040543,0,1,0,0,2,3,1,B01
200800040544,0,30,0,0,0,1,1,A01
200800040544,0,1,0,0,0,4,1,B01
200800040545,0,32,0,0,2,2,17,A01
200800040545,0,10,0,0,2,3,15,B01
200800040546,0,7,0,0,9,2,2,A01
200800040546,0,1,0,0,0,4,2,B01
200800040547,1,7,0,0,2,6,13,A01
200800040547,0,2,0,0,2,3,1,B01
200800040548,0,32,0,2,0,3,17,A01
200800040549,0,31,0,0,1,3,17,A01
200800040550,0,10,0,0,1,4,4,A01
200800040551,0,2,0,0,2,7,21,A01
200800040551,0,7,0,0,0,0,23,B01
200800040552,0,7,0,0,2,1,1,A01
200800040552,0,37,1,0,2,1,11,B01
200800040553,0,7,0,0,2,1,2,A01
200800040553,0,7,0,0,2,4,2,B01
200800040554,0,14,0,0,2,3,2,A01
200800040554,0,7,0,8,2,8,2,B01
200800040555,0,3,0,0,2,1,1,B01
200800040555,0,7,0,0,2,1,1,A01
200800040556,0,30,0,1,0,3,1,A01
200800040557,0,10,0,0,2,1,2,A01
200800040557,0,7,0,0,0,4,1,B01
200800040558,0,1,0,0,2,1,1,B01
200800040558,0,30,0,0,9,2,1,A01
200800040559,0,7,0,0,2,1,2,A01
200800040559,0,7,0,0,2,4,2,B01
200800040560,0,7,0,1,2,3,2,A01
200800040560,0,1,0,0,0,4,11,B01
200800040561,0,30,0,11,0,1,13,A01
200800040562,0,2,0,0,2,1,17,A01
200800040562,0,7,0,0,2,8,15,B01
200800040563,0,7,0,0,1,1,1,A01
200800040564,0,2,0,0,1,1,1,A01
200800040565,0,38,40,0,2,1,1,A01
200800040565,0,7,0,0,2,4,1,B01
200800040566,0,2,0,0,2,1,1,B01
200800040566,0,3,0,9,2,1,1,A01
200800040567,0,7,0,0,0,8,1,B01
200800040567,0,14,0,0,2,1,1,A01
200800040568,0,7,0,0,0,8,10,A01
200800040568,0,7,0,0,2,1,1,B01
200800040569,0,2,0,0,1,1,0,A01
200800040570,0,2,0,0,2,1,2,A01
200800040570,0,7,0,0,0,6,1,B01
200800040571,0,10,0,0,2,1,16,A01
200800040571,0,2,0,0,2,1,1,B01
200800040572,0,10,0,0,2,4,23,B01
200800040572,0,10,0,1,0,1,1,A01
200800040573,0,30,0,0,2,0,17,A01
200800040573,0,7,0,0,0,0,15,B01
200800040574,0,33,0,0,1,1,1,A01
200800040575,0,7,0,0,2,2,0,B01
200800040575,0,7,0,0,2,3,0,A01
200800040576,0,2,0,0,2,1,2,B01
200800040576,0,7,0,0,0,4,2,A01
200800040577,0,7,0,0,2,3,1,A01
200800040577,0,1,0,0,2,7,19,B01
200800040578,0,7,0,0,1,2,21,A01
200800040579,0,7,0,0,2,3,13,A01
200800040579,0,7,0,0,2,3,1,B01
200800040580,0,7,0,0,2,5,12,A01
200800040580,0,7,0,0,2,3,1,B01
200800040581,0,7,0,0,2,3,2,B01
200800040581,0,7,0,12,2,5,2,A01
200800040582,0,7,0,0,2,7,15,A01
200800040582,0,33,0,0,2,9,1,B01
200800040583,0,7,0,0,2,1,6,A01
200800040583,0,7,0,0,2,8,23,B01
200800040584,0,7,0,0,2,3,1,A01
200800040584,0,1,0,0,2,1,19,B01
200800040585,0,7,0,1,0,1,0,A01
200800040585,0,99,0,0,2,5,24,B01
200800040586,0,33,0,0,0,7,21,A01
200800040587,0,7,0,0,2,1,2,A01
200800040587,0,7,0,0,2,4,2,B01
200800040588,0,7,0,0,2,2,15,A01
200800040588,0,7,0,0,2,3,1,B01
200800040589,0,7,0,1,2,1,15,A01
200800040589,0,7,0,0,2,1,1,B01
200800040590,0,7,0,0,2,4,1,B01
200800040590,0,7,0,0,2,1,1,C01
200800040590,0,7,0,0,2,9,1,A01
200800040591,0,7,0,0,1,3,1,A01
200800040592,0,7,0,0,1,3,17,A01
200800040593,0,30,0,14,0,1,1,A01
200800040594,0,33,0,14,0,3,1,A01
200800040595,0,10,0,0,2,2,0,A01
200800040595,0,7,0,0,0,6,0,B01
200800040596,0,7,0,0,1,4,4,A01
200800040597,0,7,0,0,2,4,10,A01
200800040597,0,33,0,0,2,7,1,B01
200800040598,0,7,0,9,0,1,9,A01
200800040599,0,7,0,0,2,1,1,A01
200800040599,0,7,0,0,2,4,2,B01
200800040599,0,7,0,0,2,4,2,C01
200800040600,0,7,0,0,2,3,15,A01
200800040600,0,7,0,0,2,2,1,B01
200800040601,0,30,0,0,9,7,1,A01
200800040601,0,1,0,0,0,7,16,B01
200800040602,0,7,0,0,2,6,10,A01
200800040602,0,33,0,0,2,1,17,B01
200800040603,0,7,0,0,2,8,11,A01
200800040603,0,33,0,0,2,1,17,B01
200800040604,0,7,0,0,2,1,15,B01
200800040604,0,33,0,0,2,1,1,A01
200800040605,0,7,0,0,2,1,1,B01
200800040605,0,7,0,0,2,2,1,A01
200800040606,0,2,0,0,2,7,17,B01
200800040606,0,7,0,0,2,8,17,A01
200800040607,0,7,0,9,0,4,4,A01
200800040608,0,7,0,0,1,1,1,A01
200800040609,0,7,0,0,1,1,1,A01
200800040610,0,7,0,0,2,1,1,A01
200800040610,0,2,0,0,2,4,1,B01
200800040611,0,7,0,0,2,1,1,A01
200800040611,0,33,0,0,2,6,15,B01
200800040612,0,7,0,0,2,8,12,A01
200800040612,0,7,0,0,2,1,1,B01
200800040613,0,7,0,0,2,4,1,B01
200800040613,0,7,0,0,2,1,1,A01
200800040613,0,7,0,0,2,4,1,C01
200800040614,0,2,0,0,2,1,1,A01
200800040614,0,7,0,0,2,6,1,B01
200800040615,0,10,0,0,2,2,15,A01
200800040615,0,7,0,0,2,1,1,B01
200800040616,0,7,0,0,2,1,2,A01
200800040616,0,7,0,0,2,4,2,B01
200800040617,0,2,0,8,0,1,1,A01
200800040618,0,30,0,0,2,8,13,A01
200800040618,0,7,0,0,2,5,17,B01
200800040619,0,2,0,0,2,1,13,A01
200800040619,0,7,0,0,2,6,15,B01
200800040620,0,13,0,0,2,1,1,B01
200800040620,0,7,0,0,2,8,15,A01
200800040621,0,7,0,0,2,8,11,A01
200800040621,0,31,0,0,2,7,1,B01
200800040622,0,33,0,9,2,3,18,A01
200800040622,0,7,0,0,2,7,1,B01
200800040623,0,7,0,0,2,8,15,A01
200800040623,0,33,0,0,2,1,1,B01
200800040624,0,7,0,0,2,3,15,A01
200800040624,0,30,0,0,2,1,2,B01
200800040625,0,7,0,0,0,4,23,B01
200800040625,0,7,0,0,2,1,2,A01
200800040626,0,1,0,0,2,1,5,A01
200800040626,0,7,0,0,2,3,1,B01
200800040627,0,7,0,0,1,1,1,A01
200800040628,0,7,0,0,2,7,1,A01
200800040628,0,2,0,0,2,1,1,B01
200800040629,0,31,0,0,2,1,17,A01
200800040629,0,7,0,0,2,3,15,B01
200800040630,0,7,0,0,2,2,15,A01
200800040630,0,1,0,0,2,8,19,B01
200800040631,0,7,0,0,2,6,10,A01
200800040631,0,33,0,0,2,1,1,B01
200800040632,0,7,0,0,2,1,1,A01
200800040632,0,10,0,0,0,4,1,B01
200800040633,0,34,0,12,0,1,1,A01
200800040634,0,7,0,0,2,2,2,A01
200800040634,0,2,0,0,2,4,2,B01
200800040635,0,7,0,11,2,1,13,A01
200800040635,0,2,0,0,2,1,1,B01
200800040636,0,7,0,0,1,1,1,A01
200800040637,0,33,0,12,0,2,1,A01
200800040638,0,7,0,0,2,3,13,A01
200800040638,0,7,0,0,2,1,1,B01
200800040639,0,7,0,0,2,3,23,C01
200800040639,0,7,0,0,2,7,15,A01
200800040639,0,7,0,0,2,1,1,B01
200800040640,0,30,0,0,1,1,16,A01
200800040641,0,17,0,0,2,3,19,B01
200800040641,0,7,0,12,2,7,0,A01
200800040642,0,30,0,0,0,7,1,A01
200800040643,0,7,0,0,1,6,4,A01
200800040644,0,7,0,0,2,7,1,B01
200800040644,0,30,0,0,2,1,15,A01
200800040645,0,7,0,0,2,1,1,B01
200800040645,0,7,0,0,2,1,15,A01
200800040646,0,1,0,1,0,1,14,A01
200800040647,0,30,0,0,0,2,0,A01
200800040648,0,7,0,0,2,8,15,A01
200800040648,0,2,0,0,2,1,17,B01
200800040649,0,7,0,0,1,1,1,A01
200800040650,0,7,0,0,2,1,1,A01
200800040650,0,7,0,0,2,4,1,B01
200800040650,0,7,0,0,2,4,1,C01
200800040651,0,1,0,0,2,1,1,A01
200800040651,0,7,0,0,2,1,16,B01
200800040652,0,7,0,0,2,3,1,B01
200800040652,0,7,0,0,2,7,15,A01
200800040653,0,7,0,0,1,1,15,A01
200800040654,0,7,0,0,2,3,15,A01
200800040654,0,33,0,0,2,8,1,B01
200800040655,0,7,0,0,1,1,1,A01
200800040656,0,7,0,0,1,2,1,A01
200800040657,0,7,0,0,2,1,13,A01
200800040657,0,7,0,0,2,1,1,B01
200800040657,0,7,0,0,2,1,1,C01
200800040657,0,7,0,0,2,4,1,D01
200800040657,0,7,0,0,2,8,1,E01
200800040658,0,7,0,0,1,4,20,A01
200800040659,0,7,0,0,2,9,13,A01
200800040659,0,7,0,0,2,8,1,B01
200800040659,0,7,0,0,2,8,1,C01
200800040660,0,7,0,0,2,7,15,A01
200800040660,0,7,0,0,2,1,1,B01
200800040660,0,7,0,0,2,8,15,C01
200800040661,0,7,0,0,2,6,10,A01
200800040661,0,7,0,0,2,2,1,B01
200800040662,0,7,0,0,2,1,15,A01
200800040662,0,7,0,0,2,3,1,B01
200800040663,1,7,0,0,1,0,1,A01
200800040664,0,7,0,16,0,9,1,A01
200800040665,0,7,0,0,2,3,1,A01
200800040665,0,7,0,0,2,8,1,B01
200800040666,0,7,0,10,0,1,1,A01
200800040667,0,7,0,0,2,8,15,B01
200800040667,0,7,0,0,2,1,1,A01
200800040668,0,7,0,0,2,2,15,A01
200800040668,0,7,0,0,2,1,1,B01
200800040669,0,2,0,8,0,1,1,A01
200800040670,0,33,0,0,2,7,0,A01
200800040670,0,7,0,0,2,3,0,B01
200800040671,0,7,0,0,1,1,1,A01
200800040672,0,7,0,0,2,1,5,A01
200800040672,0,7,0,0,2,1,0,B01
200800040673,0,2,0,0,2,1,1,A01
200800040673,0,10,0,0,2,8,1,B01
200800040674,0,2,0,0,2,1,1,A01
200800040674,0,7,0,0,2,2,1,B01
200800040675,1,7,0,0,2,1,16,A01
200800040675,0,1,0,0,2,6,15,B01
200800040676,0,7,0,0,2,1,16,A01
200800040676,0,7,0,0,2,1,1,B01
200800040677,0,2,0,16,0,8,1,A01
200800040678,0,2,0,1,0,1,1,A01
200800040679,0,10,0,2,0,1,13,A01
200800040680,0,99,0,7,0,2,16,A01
200800040681,0,7,0,0,1,3,1,A01
200800040682,0,7,0,0,1,3,1,A01
200800040683,0,7,0,0,2,1,1,B01
200800040683,0,30,0,0,2,1,1,A01
200800040684,0,14,0,0,2,3,16,A01
200800040684,0,1,0,0,2,1,0,B01
200800040685,0,15,0,0,2,1,1,A01
200800040685,0,2,0,0,2,1,1,B01
200800040686,0,7,0,0,2,8,1,A01
200800040686,0,30,0,0,2,1,2,B01
200800040687,0,7,0,0,2,1,1,A01
200800040687,0,7,0,0,2,1,1,B01
200800040687,0,7,0,0,2,1,1,C01
200800040688,0,7,0,0,2,1,1,B01
200800040688,1,7,0,0,2,1,1,A01
200800040689,0,7,0,0,2,1,19,A01
200800040689,0,2,0,0,2,1,19,B01
200800040690,0,2,0,13,0,1,1,A01
200800040691,0,14,0,0,1,1,1,A01
200800040692,0,7,0,0,2,3,11,A01
200800040692,0,34,0,0,2,2,2,B01
200800040693,0,7,0,1,0,2,1,A01
200800040693,0,7,0,0,0,6,24,B01
200800040694,0,1,0,13,0,4,19,A01
200800040694,0,30,0,0,0,1,1,B01
200800040695,0,33,0,0,2,1,1,A01
200800040695,0,7,0,0,2,8,10,B01
200800040696,0,33,0,0,2,1,5,A01
200800040696,0,7,0,0,2,3,1,B01
200800040697,2,7,0,0,2,3,17,A01
200800040697,0,7,0,0,2,3,1,B01
200800040697,0,7,0,0,0,0,1,C01
200800040698,0,7,0,0,0,3,16,A01
200800040698,0,2,0,0,0,1,17,B01
200800040699,0,7,0,0,2,3,15,A01
200800040699,0,32,0,0,2,1,1,B01
200800040700,0,99,0,0,1,2,1,A01
200800040701,0,7,0,0,2,1,1,B01
200800040701,0,7,0,0,2,1,17,A01
200800040702,0,7,0,0,0,1,17,A01
200800040703,0,33,0,0,2,1,2,B01
200800040703,0,7,0,0,2,3,9,A01
200800040704,0,1,0,0,2,1,19,B01
200800040704,0,7,0,0,9,3,0,A01
200800040705,0,7,0,0,9,1,1,B01
200800040705,0,2,0,0,2,1,13,A01
200800040706,0,7,0,0,2,3,13,B01
200800040706,0,7,0,0,2,3,1,A01
200800040707,0,7,0,0,1,1,1,A01
200800040708,0,7,0,0,2,8,1,B01
200800040708,0,7,0,0,2,1,1,C01
200800040708,0,7,0,0,2,1,13,A01
200800040709,0,7,0,0,2,8,1,B01
200800040709,0,30,0,0,2,1,13,A01
200800040710,0,33,0,0,0,1,0,A01
200800040711,0,7,0,0,1,2,1,A01
200800040712,0,31,0,6,0,1,1,A01
200800040713,0,7,0,0,2,5,17,A01
200800040713,0,1,0,0,2,8,1,B01
200800040714,0,7,0,0,2,1,2,A01
200800040714,0,7,0,0,2,4,23,B01
200800040714,0,7,0,0,0,4,23,C01
200800040715,0,31,0,0,2,1,2,A01
200800040715,0,7,0,0,2,3,15,B01
200800040716,0,7,0,0,2,6,10,A01
200800040716,0,30,0,0,2,1,1,B01
200800040717,0,7,0,0,2,1,11,A01
200800040717,0,31,0,0,2,7,1,B01
200800040718,0,2,0,0,2,1,13,A01
200800040718,0,10,0,0,2,3,1,B01
200800040719,0,30,0,0,1,1,1,A01
200800040720,0,30,0,0,1,1,1,A01
200800040721,0,7,0,0,2,3,9,A01
200800040721,0,34,0,0,2,1,2,B01
200800040722,0,7,0,0,1,3,1,A01
200800040723,0,34,0,0,2,1,21,A01
200800040723,0,7,0,0,0,0,0,B01
200800040724,0,31,0,0,0,0,0,B01
200800040724,0,20,0,0,2,0,0,A01
200800040725,0,30,0,0,2,1,1,A01
200800040725,0,7,0,0,2,1,10,B01
200800040726,0,7,0,0,2,0,11,A01
200800040726,0,30,0,0,2,0,1,B01
200800040727,0,7,0,0,2,1,1,B01
200800040727,0,7,0,0,2,7,1,A01
200800040728,0,7,0,0,2,7,19,A01
200800040728,0,31,0,0,2,8,1,B01
200800040729,0,33,0,0,2,1,1,B01
200800040729,0,7,0,0,2,5,15,A01
200800040730,1,2,0,0,1,2,0,A01
200800040731,0,1,0,1,0,0,1,A01
200800040732,0,2,0,0,1,1,1,A01
200800040733,1,7,0,0,1,0,0,A01
200800040734,0,2,0,0,2,1,2,A01
200800040734,0,2,0,0,2,3,2,B01
200800040735,0,7,0,0,2,8,15,A01
200800040735,0,33,0,0,2,1,1,B01
200800040736,0,7,0,0,2,3,10,A01
200800040736,0,32,0,1,2,1,1,B01
200800040737,0,31,0,0,2,1,1,B01
200800040737,0,7,0,0,2,1,15,A01
200800040738,0,7,0,0,2,2,1,B01
200800040738,0,30,0,0,2,1,0,A01
200800040739,0,33,0,12,0,0,0,A01
200800040740,0,33,0,0,2,8,1,B01
200800040740,0,99,0,0,2,2,12,A01
200800040741,0,2,0,0,0,0,1,B01
200800040741,0,15,0,0,0,0,1,A01
200800040742,0,7,0,0,2,3,2,A01
200800040742,0,7,0,0,2,8,23,C01
200800040742,0,7,0,0,0,5,23,B01
200800040743,1,7,0,0,1,1,1,A01
200800040744,0,1,0,0,2,8,1,B01
200800040744,0,14,0,0,9,6,13,A01
200800040745,0,7,0,0,2,3,1,B01
200800040745,0,31,0,0,2,7,2,A01
200800040746,0,7,0,0,1,3,1,A01
200800040747,0,7,0,0,0,4,23,B01
200800040747,0,99,0,0,2,1,2,A01
200800040748,0,7,0,0,1,2,0,A01
200800040749,0,7,0,0,2,8,1,B01
200800040749,0,7,0,0,2,3,15,A01
200800040750,1,7,0,0,0,4,15,B01
200800040750,0,30,0,0,2,6,13,A01
200800040751,0,7,0,0,0,8,23,B01
200800040751,0,7,0,1,0,2,1,A01
200800040752,0,7,0,0,2,1,1,A01
200800040752,0,7,0,0,2,1,1,B01
200800040753,0,32,0,0,2,4,2,B01
200800040753,0,7,0,0,0,4,2,C01
200800040753,0,10,0,0,2,1,2,A01
200800040754,0,7,0,0,1,4,4,A01
200800040755,0,99,0,0,2,2,16,B01
200800040755,0,30,0,0,2,8,18,A01
200800040756,0,7,0,0,2,1,1,B01
200800040756,0,3,0,0,2,7,1,A01
200800040757,0,15,0,0,2,6,12,B01
200800040757,0,7,0,0,2,2,1,A01
200800040758,0,30,0,0,2,1,2,B01
200800040758,0,7,0,0,2,3,11,A01
200800040759,0,1,0,0,2,1,21,B01
200800040759,0,7,0,0,2,1,13,A01
200800040760,0,32,0,0,2,1,1,B01
200800040760,0,7,0,0,0,1,10,A01
200800040761,1,30,0,0,1,1,0,A01
200800040762,0,7,0,9,2,8,1,A01
200800040762,0,7,0,0,2,1,1,B01
200800040763,0,2,0,1,0,2,1,A01
200800040764,0,7,0,0,1,3,1,A01
200800040765,1,7,0,0,0,0,0,A01
200800040765,0,32,0,0,2,4,2,B01
200800040766,0,7,0,1,1,3,10,A01
200800040767,0,7,0,0,1,2,1,A01
200800040768,0,7,0,0,2,2,15,A01
200800040768,0,32,0,0,2,1,1,B01
200800040769,0,15,0,0,0,0,1,C01
200800040769,0,34,0,0,2,7,1,B01
200800040769,0,7,0,0,2,2,2,A01
200800040770,0,1,0,0,2,1,1,B01
200800040770,0,7,0,0,2,5,19,A01
200800040771,0,30,0,0,2,1,18,A01
200800040771,0,33,0,0,2,7,16,B01
200800040772,0,7,0,0,2,1,1,A01
200800040772,0,7,0,0,2,3,1,B01
200800040773,0,7,0,0,2,3,9,A01
200800040773,0,7,0,0,2,0,0,B01
200800040773,0,7,0,0,2,0,0,C01
200800040774,0,10,0,0,2,1,1,A01
200800040774,0,33,0,0,2,4,1,B01
200800040775,0,7,0,0,2,1,1,A01
200800040775,0,33,0,0,2,4,23,B01
200800040776,0,7,0,0,1,0,0,A01
200800040777,0,37,9,0,2,1,1,A01
200800040777,0,7,0,0,2,4,1,B01
200800040778,0,10,0,8,0,1,1,A01
200800040779,0,7,0,0,1,1,0,A01
200800040780,0,30,0,0,2,1,1,A01
200800040780,0,7,0,0,2,4,1,B01
200800040781,0,33,0,0,2,1,1,A01
200800040781,0,7,0,0,2,8,15,B01
200800040782,0,7,0,0,2,1,0,A01
200800040782,0,32,0,1,0,0,0,B01
200800040783,0,7,0,0,2,7,20,A01
200800040783,0,30,0,0,2,8,1,B01
200800040784,0,7,0,0,2,1,2,A01
200800040784,0,7,0,0,2,4,23,B01
200800040784,0,7,0,0,2,4,23,C01
200800040785,0,33,0,0,2,1,1,A01
200800040785,0,7,0,0,0,8,1,B01
200800040785,1,7,0,0,2,4,0,C01
200800040786,0,7,0,0,1,4,4,A01
200800040787,0,7,0,0,2,5,16,A01
200800040787,0,30,0,0,2,1,1,B01
200800040788,0,7,0,3,2,9,5,A01
200800040789,0,32,0,0,0,8,1,A01
200800040790,0,7,0,0,2,2,15,A01
200800040790,0,33,0,0,2,1,1,B01
200800040791,0,7,0,0,1,1,15,A01
200800040792,0,33,0,0,2,1,21,A01
200800040792,0,7,0,0,0,6,13,B01
200800040792,0,7,0,0,2,3,1,C01
200800040793,0,15,0,0,2,1,2,A01
200800040793,0,10,0,0,0,4,23,B01
200800040794,0,7,0,0,2,1,2,A01
200800040794,0,7,0,0,2,4,2,B01
200800040794,0,7,0,0,2,4,2,C01
200800040795,0,10,0,0,2,3,11,A01
200800040795,0,7,0,0,2,3,1,B01
200800040796,1,7,0,0,2,3,15,A01
200800040796,0,7,0,2,2,8,1,B01
200800040797,0,7,0,0,2,3,15,A01
200800040797,0,33,0,0,2,1,1,B01
200800040798,0,31,0,0,0,8,2,A01
200800040799,1,7,0,0,2,1,1,A01
200800040799,0,2,0,0,2,4,23,B01
200800040800,0,7,0,0,2,3,10,A01
200800040800,0,31,0,0,2,7,2,B01
200800040801,0,2,0,0,6,1,2,A01
200800040802,0,2,0,0,2,3,9,A01
200800040802,0,7,0,0,2,5,1,B01
200800040803,0,15,0,0,0,4,23,B01
200800040803,0,1,0,1,0,1,1,A01
200800040804,0,7,0,0,1,2,1,A01
200800040805,0,7,0,0,2,1,15,A01
200800040805,0,31,0,0,2,1,1,B01
200800040806,0,7,0,0,1,2,1,A01
200800040807,0,7,0,0,2,2,19,A01
200800040807,0,33,0,0,2,1,1,B01
200800040808,0,7,0,0,2,3,1,B01
200800040808,0,7,0,0,2,1,1,A01
200800040808,0,1,0,0,2,1,1,C01
200800040809,0,7,0,0,2,6,1,B01
200800040809,0,7,0,0,2,3,1,A01
200800040810,0,33,0,0,2,3,11,A01
200800040810,0,38,1,0,2,6,11,B01
200800040811,0,7,0,2,0,8,14,A01
200800040812,0,7,0,0,0,0,19,A01
200800040812,0,31,0,0,2,0,21,B01
200800040813,0,10,0,0,2,7,1,B01
200800040813,0,7,0,2,2,1,9,A01
200800040814,0,7,0,0,2,2,1,A01
200800040815,0,7,0,0,2,1,1,B01
200800040815,0,7,0,1,2,3,9,A01
200800040816,0,33,0,0,2,1,2,A01
200800040816,0,7,0,0,2,4,2,B01
200800040817,0,2,0,0,2,2,15,A01
200800040817,0,7,0,0,2,1,1,B01
200800040818,0,10,0,0,2,8,15,A01
200800040818,0,10,0,0,2,1,1,B01
200800040819,0,7,0,6,0,1,1,A01
200800040820,0,1,0,0,2,1,2,A01
200800040820,0,7,0,0,2,4,2,B01
200800040821,0,7,0,0,1,1,1,A01
200800040822,0,33,0,0,2,5,1,B01
200800040822,0,7,0,0,2,3,9,A01
200800040823,1,7,0,0,1,0,1,A01
200800040824,0,7,0,0,2,1,0,A01
200800040824,0,7,0,0,2,8,1,B01
200800040825,0,7,0,0,2,1,17,A01
200800040825,0,7,0,0,2,6,15,B01
200800040826,0,7,0,0,2,3,16,A01
200800040826,0,33,0,0,2,0,1,B01
200800040827,0,7,0,0,2,3,1,B01
200800040827,0,31,0,0,2,1,1,A01
200800040828,0,7,0,0,2,2,15,A01
200800040828,0,10,0,0,2,1,1,B01
200800040829,0,7,0,3,0,1,1,A01
200800040830,0,7,0,0,2,1,15,A01
200800040830,0,7,0,0,2,1,1,B01
200800040830,0,7,0,0,2,1,23,C01
200800040831,0,30,0,0,1,1,1,A01
200800040832,0,1,0,0,2,1,1,A01
200800040833,0,7,0,13,0,1,1,A01
200800040834,0,7,0,0,1,2,1,A01
200800040835,0,7,0,0,2,1,15,A01
200800040835,0,7,0,0,2,1,1,B01
200800040836,0,7,0,0,2,1,1,B01
200800040836,0,7,0,0,2,2,15,A01
200800040837,0,7,0,0,2,2,13,A01
200800040837,0,7,0,0,2,3,1,B01
200800040838,0,7,0,0,2,1,1,B01
200800040838,0,7,0,0,2,1,16,A01
200800040839,0,10,0,3,0,9,1,A01
200800040840,0,33,0,0,2,1,1,B01
200800040840,0,7,0,0,2,2,9,A01
200800040841,0,37,0,0,2,3,1,B01
200800040841,0,2,0,0,2,2,1,A01
200800040842,0,7,0,0,2,3,2,A01
200800040842,0,10,0,0,2,9,23,B01
200800040842,0,10,0,0,2,2,1,C01
200800040843,0,30,0,0,2,1,0,B01
200800040843,0,33,0,0,2,1,0,A01
200800040844,0,14,0,0,2,1,12,A01
200800040844,0,7,0,9,2,6,1,B01
200800040845,0,7,0,0,2,1,2,A01
200800040845,0,7,0,0,2,4,1,C01
200800040845,0,7,0,0,2,4,2,B01
200800040846,0,32,0,0,0,0,0,A01
200800040847,0,31,0,0,2,2,1,A01
200800040847,0,7,0,0,2,6,1,B01
200800040848,0,10,0,0,1,1,1,A01
200800040849,0,7,0,0,2,1,2,A01
200800040849,0,7,0,0,2,4,1,B01
200800040850,0,7,0,0,2,8,13,A01
200800040850,0,15,0,0,2,8,1,B01
200800040851,0,31,0,0,2,9,17,A01
200800040851,0,7,0,0,2,3,15,B01
200800040852,0,33,0,0,2,1,17,A01
200800040852,0,14,0,0,2,6,1,B01
200800040852,0,7,0,0,2,6,0,C01
200800040853,0,7,0,0,2,1,15,B01
200800040853,0,33,0,0,2,8,1,A01
200800040854,0,7,0,0,2,3,1,A01
200800040854,0,7,0,0,2,3,1,B01
200800040855,0,2,0,0,0,1,1,A01
200800040856,0,31,0,0,0,0,0,A01
200800040857,0,2,0,0,0,0,1,A01
200800040858,0,7,0,1,0,1,2,A01
200800040859,0,7,0,9,0,1,2,A01
200800040860,0,2,0,6,0,0,16,A01
200800040861,0,7,0,9,0,1,2,A01
200800040862,0,30,0,12,0,1,2,A01
200800040863,0,7,0,0,2,1,15,A01
200800040863,0,7,0,0,2,1,1,B01
200800040864,0,1,0,0,2,8,19,A01
200800040864,0,7,0,0,2,1,2,B01
200800040865,0,15,0,0,2,3,15,A01
200800040865,0,7,0,0,2,3,1,B01
200800040866,0,7,0,0,2,5,15,A01
200800040866,0,30,0,0,2,1,2,B01
200800040867,0,1,0,0,2,8,19,A01
200800040867,0,7,0,0,1,1,2,B01
200800040868,0,7,0,0,2,8,13,A01
200800040868,0,17,0,0,2,6,1,B01
200800040869,0,10,0,0,2,1,2,A01
200800040869,0,7,0,0,0,4,15,B01
200800040870,0,30,0,0,2,1,2,A01
200800040870,0,7,0,0,0,6,23,B01
200800040871,0,7,0,0,2,1,2,A01
200800040871,0,7,0,1,0,5,16,B01
200800040872,0,33,0,0,2,1,17,A01
200800040872,0,7,0,0,2,3,2,B01
200800040873,0,1,0,0,2,8,15,A01
200800040873,0,7,0,0,2,3,1,B01
200800040874,0,7,0,0,2,1,1,A01
200800040874,0,33,0,0,2,4,1,B01
200800040875,0,7,0,0,2,1,5,A01
200800040875,0,7,0,0,2,1,1,B01
200800040876,0,7,0,0,2,8,9,A01
200800040876,0,30,0,0,2,1,1,B01
200800040877,0,7,0,0,1,1,1,A01
200800040878,0,7,0,0,2,1,15,A01
200800040878,0,7,0,0,2,1,1,B01
200800040879,0,33,0,0,2,8,1,B01
200800040879,1,7,0,0,2,7,12,A01
200800040880,0,7,0,0,2,2,13,A01
200800040880,0,7,0,0,2,2,1,B01
200800040881,0,32,0,0,0,7,0,A01
200800040882,0,7,0,0,2,2,15,A01
200800040882,0,30,0,0,2,1,1,B01
200800040883,0,1,0,0,9,1,0,A01
200800040883,0,1,0,0,9,1,0,B01
200800040884,0,7,0,0,2,4,2,A01
200800040884,0,30,0,0,2,4,2,B01
200800040885,0,7,0,0,2,7,1,A01
200800040885,0,2,0,0,2,8,2,B01
200800040886,0,2,0,0,2,2,1,A01
200800040886,0,7,0,0,2,3,15,B01
200800040887,0,7,0,0,2,1,2,A01
200800040887,0,7,0,0,2,4,2,B01
200800040888,0,7,0,0,2,2,0,A01
200800040888,0,7,0,0,0,4,0,B01
200800040889,0,7,0,0,2,1,2,A01
200800040889,0,7,0,0,0,4,2,B01
200800040890,0,7,0,0,2,1,1,B01
200800040890,0,7,0,15,2,7,1,A01