Num_Acc,senc,catv,occutc,obs,obsm,choc,manv,num_veh
200800041261,0,2,0,0,2,1,1,A01
200800041262,0,32,0,0,1,7,7,A01
200800041263,0,34,0,0,2,7,1,B01
200800041263,0,7,0,0,2,2,1,A01
200800041264,0,7,0,0,0,5,2,B01
200800041264,0,2,0,0,0,1,1,A01
200800041265,0,7,0,0,0,4,2,A01
200800041265,0,7,0,0,0,4,2,B01
200800041266,0,30,0,0,1,0,0,A01
200800041267,0,33,0,0,2,8,2,B01
200800041267,0,2,0,0,2,1,2,A01
200800041268,0,7,0,0,2,2,1,A01
200800041268,0,33,0,12,2,3,2,B01
200800041269,0,7,0,0,2,1,1,A01
200800041269,0,7,0,0,2,4,0,B01
200800041270,0,2,0,0,1,0,2,A01
200800041271,0,7,0,0,2,1,1,A01
200800041271,0,7,0,0,2,1,1,B01
200800041271,0,10,0,0,2,4,2,C01
200800041271,0,7,0,0,2,4,2,D01
200800041271,1,7,0,0,2,4,2,E01
200800041272,1,7,0,0,2,1,0,A01
200800041272,0,7,0,0,2,3,1,B01
200800041273,0,7,0,0,2,2,3,A01
200800041273,0,7,0,0,2,6,2,B01
200800041273,0,7,0,0,2,7,1,C01
200800041274,0,7,0,0,0,8,11,B01
200800041274,0,33,0,0,2,8,1,A01
200800041275,0,7,0,0,1,7,1,A01
200800041276,0,2,0,0,2,6,19,A01
200800041276,0,7,0,0,2,1,1,B01
200800041276,0,7,0,0,0,0,0,C01
200800041277,0,37,30,1,1,7,20,A01
200800041277,0,7,0,0,2,8,24,B01
200800041278,0,7,0,6,0,1,20,A01
200800041279,0,37,0,0,1,0,2,A01
200800041280,0,10,0,0,1,4,4,A01
200800041281,1,7,0,0,0,0,0,A01
200800041281,0,33,0,0,2,1,2,B01
200800041282,0,7,0,0,9,1,0,A01
200800041282,0,1,0,0,2,8,0,B01
200800041283,0,7,0,0,2,1,0,B01
200800041283,0,7,0,0,2,7,0,A01
200800041284,0,34,0,0,2,1,2,A01
200800041285,0,7,0,0,1,3,0,A01
200800041286,0,7,0,0,2,4,0,A01
200800041286,0,99,0,0,2,1,0,B01
200800041287,0,7,0,0,2,2,10,A01
200800041287,0,34,0,0,2,1,1,B01
200800041288,0,30,0,0,2,1,11,A01
200800041288,0,10,0,0,2,4,0,B01
200800041289,0,30,0,0,2,1,2,B01
200800041289,0,7,0,0,2,3,1,A01
200800041290,0,99,0,0,2,6,10,A01
200800041290,0,33,0,0,2,1,1,B01
200800041291,0,7,0,8,0,6,15,A01
200800041291,1,99,0,0,0,0,0,B01
200800041292,0,7,0,0,2,1,2,A01
200800041292,0,7,0,0,2,4,2,B01
200800041293,0,7,0,0,2,1,2,A01
200800041293,0,30,0,0,0,4,23,B01
200800041294,0,32,0,0,2,2,17,A01
200800041294,0,7,0,0,0,3,15,B01
200800041295,0,7,0,0,2,3,1,A01
200800041295,0,34,0,0,2,3,18,B01
200800041296,0,2,0,0,2,6,1,A01
200800041296,0,7,0,0,2,1,1,B01
200800041297,0,7,0,0,2,2,2,A01
200800041297,0,7,0,0,2,4,2,B01
200800041298,0,7,0,0,1,1,15,A01
200800041299,1,7,0,0,9,1,2,B01
200800041299,0,31,0,0,2,7,1,A01
200800041300,0,30,0,0,2,7,3,A01
200800041300,0,7,0,0,2,8,1,B01
200800041301,0,7,0,0,2,3,15,A01
200800041301,0,2,0,0,2,6,1,B01
200800041302,0,31,0,0,1,1,1,A01
200800041303,0,7,0,0,1,1,17,A01
200800041304,0,7,0,0,1,2,1,A01
200800041305,0,7,0,0,2,3,1,A01
200800041305,0,2,0,0,2,1,16,B01
200800041306,0,30,0,0,2,1,16,B01
200800041306,0,7,0,0,2,5,1,A01
200800041307,0,10,0,0,2,3,15,B01
200800041307,0,7,0,0,2,3,1,A01
200800041308,0,7,0,0,2,7,17,A01
200800041308,0,30,0,0,2,8,2,B01
200800041309,0,31,0,0,2,2,10,A01
200800041309,0,33,0,0,0,0,1,B01
200800041310,0,7,0,0,2,1,1,B01
200800041310,0,7,0,0,2,2,1,A01
200800041311,0,7,0,0,1,2,2,A01
200800041312,0,7,0,1,2,4,0,B01
200800041312,2,7,0,1,0,1,0,A01
200800041313,0,7,0,0,0,3,2,A01
200800041314,0,34,0,0,1,7,21,A01
200800041315,0,7,0,0,1,1,0,A01
200800041316,1,7,0,0,2,4,2,C01
200800041316,1,7,0,0,2,1,2,B01
200800041316,0,7,0,0,2,4,2,A01
200800041317,0,31,0,0,2,2,2,B01
200800041317,0,7,0,0,2,3,9,A01
200800041318,0,7,0,0,0,0,0,B01
200800041318,0,2,0,0,0,0,0,A01
200800041319,1,7,0,0,1,1,1,A01
200800041320,0,7,0,0,2,4,2,C01
200800041320,0,7,0,0,2,4,2,B01
200800041320,0,7,0,0,2,1,2,A01
200800041321,0,33,0,0,2,1,0,B01
200800041321,0,7,0,0,2,6,16,A01
200800041322,0,7,0,0,0,0,4,A01
200800041323,0,7,0,0,2,2,0,B01
200800041323,0,7,0,0,2,3,0,A01
200800041324,0,7,0,7,0,2,2,A01
200800041325,0,33,0,0,2,7,17,B01
200800041325,0,7,0,0,2,3,11,A01
200800041326,0,7,0,0,0,4,23,C01
200800041326,0,10,0,1,0,0,23,B01
200800041326,0,7,0,0,0,1,1,A01
200800041327,0,33,0,0,2,1,1,A01
200800041327,2,33,0,0,2,1,5,B01
200800041328,0,7,0,0,0,7,0,A01
200800041329,0,7,0,0,1,3,0,A01
200800041330,0,10,0,1,0,3,11,A01
200800041330,0,37,50,1,0,2,1,B01
200800041331,0,1,0,0,2,1,2,B01
200800041331,0,7,0,0,9,6,1,A01
200800041332,0,7,0,1,0,0,0,C01
200800041332,0,7,0,1,0,0,0,B01
200800041332,0,30,0,0,0,1,0,A01
200800041333,0,7,0,0,0,0,0,B01
200800041333,0,30,0,0,0,0,0,A01
200800041334,0,31,0,0,2,4,0,B01
200800041334,1,7,0,0,2,1,1,A01
200800041335,0,30,0,0,1,1,0,A01
200800041336,0,7,0,11,0,0,1,A01
200800041337,0,7,0,8,2,7,0,B01
200800041337,0,7,0,0,2,1,0,A01
200800041338,1,7,0,0,0,0,0,C01
200800041338,0,7,0,0,2,1,2,B01
200800041338,0,7,0,0,2,2,2,A01
200800041339,0,37,0,0,0,0,0,A01
200800041339,0,31,0,0,0,8,0,B01
200800041339,0,33,0,0,0,7,0,C01
200800041340,0,7,0,8,0,1,0,A01
200800041341,0,99,0,0,0,3,15,B01
200800041341,0,33,0,0,2,1,17,A01
200800041342,0,33,0,0,0,1,2,A01
200800041342,0,33,0,0,0,4,2,B01
200800041343,0,33,0,0,2,2,0,A01
200800041344,0,7,0,0,2,1,5,A01
200800041344,0,7,0,0,2,1,0,B01
200800041345,0,7,0,0,0,1,1,A01
200800041346,0,37,1,0,2,5,1,B01
200800041346,0,32,0,0,2,1,15,A01
200800041347,0,30,0,0,2,6,18,A01
200800041347,0,14,0,0,2,2,1,B01
200800041348,0,2,0,0,2,1,12,A01
200800041348,0,7,0,0,0,3,15,B01
200800041349,0,7,0,0,2,1,11,A01
200800041349,0,7,0,0,2,2,1,B01
200800041350,0,7,0,0,0,5,9,A01
200800041350,0,33,0,0,2,3,1,B01
200800041351,0,7,0,0,2,1,15,A01
200800041351,0,33,0,0,2,8,0,B01
200800041352,0,7,0,0,9,2,15,A01
200800041352,0,2,0,0,0,1,1,B01
200800041353,1,30,0,0,2,1,19,A01
200800041353,0,2,0,0,2,3,1,B01
200800041354,0,7,0,0,0,3,13,A01
200800041355,0,7,0,0,2,1,5,A01
200800041355,0,7,0,0,2,1,1,B01
200800041356,0,33,0,0,0,3,0,A01
200800041356,0,7,0,0,0,0,0,B01
200800041357,0,7,0,0,2,8,1,A01
200800041357,0,7,0,0,2,8,1,B01
200800041358,0,33,0,0,2,1,1,A01
200800041358,0,7,0,0,2,5,15,B01
200800041358,0,7,0,0,2,3,1,C01
200800041359,0,30,0,0,0,0,0,A01
200800041360,0,32,0,0,2,1,1,B01
200800041360,0,7,0,0,2,2,15,A01
200800041361,0,30,0,0,2,1,0,A01
200800041361,0,37,1,0,2,8,0,B01
200800041362,0,3,0,0,2,6,11,A01
200800041362,0,15,0,0,2,2,1,B01
200800041363,0,7,0,0,2,1,2,A01
200800041363,0,7,0,0,2,0,2,B01
200800041363,0,7,0,0,2,4,2,C01
200800041364,0,7,0,0,0,0,0,B01
200800041364,0,7,0,0,0,0,0,A01
200800041365,0,37,4,12,0,1,1,A01
200800041366,0,7,0,1,0,6,0,C01
200800041366,0,7,0,0,2,1,0,A01
200800041366,0,7,0,0,0,4,1,B01
200800041367,0,7,0,0,0,0,16,B01
200800041367,0,33,0,0,0,1,18,A01
200800041368,0,7,0,1,2,5,16,B01
200800041368,0,7,0,0,2,3,1,A01
200800041369,0,7,0,0,1,3,1,A01
200800041370,0,33,0,0,0,0,0,B01
200800041370,0,7,0,0,2,6,15,A01
200800041371,0,7,0,0,2,1,0,B01
200800041371,0,7,0,0,2,7,0,A01
200800041372,0,33,0,0,1,1,1,B01
200800041372,0,7,0,1,0,5,15,A01
200800041373,0,7,0,0,2,1,2,A01
200800041373,0,7,0,0,0,4,2,B01
200800041374,0,7,0,0,2,3,11,B01
200800041374,0,33,0,0,0,1,17,A01
200800041375,0,33,0,0,2,1,2,A01
200800041375,0,7,0,0,0,4,2,B01
200800041376,0,7,0,0,1,8,1,A01
200800041377,0,7,0,0,1,7,15,A01
200800041378,0,7,0,0,2,1,1,B01
200800041378,0,1,0,0,2,8,19,A01
200800041379,0,7,0,0,2,3,0,A01
200800041379,0,7,0,0,2,3,0,B01
200800041380,0,7,0,0,2,8,10,A01
200800041380,0,33,0,0,2,1,1,B01
200800041380,0,33,0,0,2,8,1,C01
200800041381,0,33,0,0,2,4,3,A01
200800041381,0,17,0,0,2,7,1,B01
200800041381,0,7,0,0,2,8,1,C01
200800041382,0,10,0,0,0,2,2,A01
200800041382,0,32,0,0,0,1,2,B01
200800041383,0,7,0,0,9,3,1,A01
200800041383,0,1,0,0,2,8,19,B01
200800041384,0,7,0,0,1,1,20,A01
200800041385,0,30,0,0,0,2,1,A01
200800041385,0,7,0,0,0,2,1,B01
200800041386,0,1,0,0,2,4,17,A01
200800041386,0,7,0,0,2,3,1,B01
200800041387,0,7,0,0,1,1,15,A01
200800041388,0,7,0,1,0,2,1,B01
200800041388,0,7,0,0,2,1,0,A01
200800041389,0,7,0,0,2,3,15,A01
200800041389,0,34,0,0,2,7,1,B01
200800041390,0,7,0,0,1,1,15,A01
200800041391,0,7,0,0,2,7,0,A01
200800041391,0,1,0,0,2,1,1,B01
200800041392,0,7,0,0,1,3,1,A01
200800041393,0,7,0,0,2,3,20,A01
200800041393,0,2,0,0,2,5,1,B01
200800041394,0,7,0,0,0,3,1,A01
200800041395,0,32,0,0,2,2,2,A01
200800041395,0,10,0,0,2,6,1,B01
200800041396,0,7,0,0,1,5,4,A01
200800041397,0,7,0,0,2,2,15,A01
200800041397,0,30,0,0,2,3,1,B01
200800041398,0,10,0,0,2,3,2,A01
200800041398,0,7,0,0,2,1,1,B01
200800041399,0,2,0,0,1,1,1,A01
200800041400,0,7,0,0,2,1,15,A01
200800041400,0,7,0,0,2,3,1,B01
200800041401,0,7,0,0,2,8,15,A01
200800041401,0,33,0,0,2,7,1,B01
200800041402,0,7,0,0,2,1,2,A01
200800041402,0,33,0,0,0,4,2,B01
200800041403,0,30,0,0,1,8,1,A01
200800041404,0,7,0,0,0,3,15,B01
200800041404,0,2,0,0,2,1,17,A01
200800041405,0,7,0,3,0,8,1,A01
200800041406,0,7,0,8,0,1,0,A01
200800041407,0,7,0,0,2,1,0,B01
200800041407,0,7,0,0,2,6,9,A01
200800041408,0,7,0,0,2,1,0,B01
200800041408,0,7,0,0,2,1,0,A01
200800041409,0,7,0,15,0,8,2,A01
200800041410,0,14,0,0,2,1,2,A01
200800041410,0,7,0,0,2,4,2,B01
200800041411,0,30,0,0,2,1,1,A01
200800041412,0,7,0,0,2,1,14,A01
200800041412,0,15,0,0,2,5,13,B01
200800041413,0,7,0,0,2,0,1,A01
200800041413,0,7,0,0,2,6,2,B01
200800041413,0,7,0,0,2,4,2,C01
200800041414,0,7,0,0,1,1,0,A01
200800041415,0,7,0,0,0,3,2,A01
200800041415,0,1,0,0,2,1,2,B01
200800041416,0,33,0,0,0,7,2,A01
200800041417,0,14,0,0,2,1,2,A01
200800041417,0,7,0,0,2,1,2,B01
200800041417,0,7,0,0,2,4,2,C01
200800041418,0,7,0,0,1,1,2,A01
200800041418,0,1,0,0,2,0,3,B01
200800041419,0,7,0,0,2,2,2,A01
200800041419,0,7,0,8,2,4,2,B01
200800041420,0,7,0,0,0,0,0,A01
200800041421,0,7,0,0,2,3,9,A01
200800041421,0,2,0,0,2,1,1,B01
200800041422,0,2,0,12,0,1,0,A01
200800041423,0,7,0,0,1,1,15,A01
200800041424,0,7,0,0,2,2,1,A01
200800041424,0,31,0,0,2,1,1,B01
200800041425,0,33,0,0,2,1,2,A01
200800041425,0,7,0,0,2,4,1,B01
200800041426,0,1,0,0,2,1,19,A01
200800041426,0,7,0,0,9,1,15,B01
200800041427,0,7,0,0,2,0,15,A01
200800041427,0,31,0,0,2,3,1,B01
200800041428,0,37,0,0,2,6,15,B01
200800041428,0,2,0,0,2,1,1,A01
200800041429,0,7,0,0,2,3,2,B01
200800041429,0,14,0,0,2,5,4,A01
200800041430,0,2,0,0,0,8,2,B01
200800041430,0,7,0,0,0,2,12,A01
200800041431,0,7,0,0,2,3,1,B01
200800041431,0,33,0,0,2,3,0,A01
200800041432,0,7,0,0,1,3,22,A01
200800041433,0,33,0,0,0,7,16,A01
200800041434,0,7,0,0,0,3,10,B01
200800041434,0,33,0,1,2,1,2,A01
200800041435,0,7,0,0,2,3,1,B01
200800041435,0,7,0,0,2,1,15,A01
200800041436,0,2,0,0,2,1,1,A01
200800041436,0,7,0,0,0,2,15,B01
200800041437,0,10,0,6,0,1,2,A01
200800041437,0,7,0,0,2,4,2,B01
200800041437,0,7,0,0,2,1,2,C01
200800041438,1,7,0,0,0,4,2,A01
200800041438,0,7,0,0,0,4,2,B01
200800041439,0,30,0,0,0,2,1,A01
200800041439,1,99,0,0,0,0,0,B01
200800041440,0,10,0,9,0,1,1,A01
200800041441,0,7,0,0,2,2,14,A01
200800041442,0,7,0,4,0,3,2,A01
200800041443,0,33,0,0,2,1,1,B01
200800041443,0,7,0,0,2,3,19,A01
200800041444,0,33,0,0,2,2,2,A01
200800041444,0,7,0,0,0,8,16,B01
200800041445,0,37,0,9,2,4,4,A01
200800041445,0,7,0,0,2,4,23,C01
200800041445,0,7,0,0,2,4,23,B01
200800041445,0,99,0,0,2,4,23,D01
200800041446,0,7,0,0,2,3,1,B01
200800041446,0,7,0,0,2,3,15,A01
200800041447,0,30,0,0,2,1,11,B01
200800041447,0,7,0,0,0,8,0,A01
200800041448,0,33,0,0,2,1,1,A01
200800041448,1,7,0,0,2,1,15,B01
200800041449,0,7,0,0,1,4,4,A01
200800041450,0,7,0,0,2,1,1,A01
200800041450,0,7,0,0,2,4,23,B01
200800041450,0,7,0,0,2,4,23,C01
200800041450,0,7,0,0,0,4,23,D01
200800041451,0,2,0,0,0,8,1,A01
200800041452,0,7,0,0,0,0,0,A01
200800041452,0,7,0,0,0,3,0,B01
200800041452,0,7,0,2,0,1,0,C01
200800041453,0,7,0,0,2,8,10,A01
200800041453,0,30,0,0,2,7,18,B01
200800041454,0,7,0,0,2,4,23,A01
200800041454,1,7,0,14,0,1,2,B01
200800041455,0,33,0,0,2,0,18,A01
200800041455,0,7,0,0,0,7,23,B01
200800041456,0,7,0,0,2,8,15,A01
200800041456,0,33,0,0,2,2,17,B01
200800041457,0,32,0,0,2,1,1,A01
200800041457,0,33,0,0,2,4,2,B01
200800041458,0,13,0,0,0,4,2,B01
200800041458,0,7,0,0,2,1,2,A01
200800041459,0,7,0,0,0,2,2,A01
200800041459,0,7,0,0,0,6,2,B01
200800041460,0,7,0,0,2,1,0,A01
200800041460,0,7,0,0,0,8,1,B01
200800041461,0,30,0,0,2,1,0,A01
200800041461,0,33,0,0,0,2,0,B01
200800041462,0,7,0,0,2,9,1,A01
200800041462,1,7,0,0,0,0,0,B01
200800041463,0,7,0,3,0,2,1,A01
200800041464,0,1,0,0,1,2,0,A01
200800041465,0,7,0,0,1,1,1,A01
200800041466,0,30,0,0,0,0,0,A01
200800041467,0,7,0,0,2,1,1,A01
200800041467,0,34,0,0,2,8,12,B01
200800041468,0,7,0,8,0,2,0,A01
200800041469,0,37,0,0,1,5,9,A01
200800041470,0,7,0,11,0,2,2,A01
200800041470,0,1,0,12,0,6,2,B01
200800041471,0,7,0,0,0,1,0,A01
200800041471,0,7,0,0,0,4,0,C01
200800041471,0,7,0,0,0,4,0,B01
200800041472,1,10,0,0,2,2,0,A01
200800041472,0,7,0,0,2,8,0,B01
200800041472,0,7,0,0,2,3,0,C01
200800041472,0,7,0,0,2,4,0,D01
200800041472,0,7,0,0,2,1,0,E01
200800041473,0,7,0,0,2,6,2,B01
200800041473,1,7,0,0,2,2,1,A01
200800041474,0,7,0,0,9,5,4,A01
200800041474,0,2,0,0,2,0,0,B01
200800041475,0,7,0,0,2,3,15,A01
200800041475,0,33,0,0,2,1,17,B01
200800041476,0,7,0,0,2,1,11,A01
200800041476,0,7,0,0,2,3,1,B01
200800041477,0,7,0,0,2,3,1,A01
200800041477,0,2,0,0,2,8,18,B01
200800041478,0,7,0,0,2,4,20,A01
200800041478,0,31,0,0,2,1,17,B01
200800041479,0,7,0,0,2,2,15,A01
200800041479,0,32,0,0,2,1,1,B01
200800041480,0,7,0,0,1,2,1,A01
200800041481,0,7,0,0,1,1,0,A01
200800041482,0,7,0,0,2,3,15,A01
200800041482,0,1,0,0,2,3,1,B01
200800041483,0,10,0,0,2,3,10,A01
200800041483,0,31,0,0,2,1,17,B01
200800041484,0,34,0,0,2,7,1,A01
200800041484,0,7,0,0,2,3,10,B01
200800041485,0,7,0,0,2,2,15,A01
200800041485,0,31,0,0,2,1,21,B01
200800041486,0,32,0,0,1,3,1,A01
200800041487,0,7,0,0,2,2,1,A01
200800041487,0,32,0,0,2,1,1,B01
200800041488,0,7,0,0,2,1,1,B01
200800041488,0,7,0,0,2,7,1,A01
200800041489,0,7,0,0,2,1,2,A01
200800041489,0,7,0,14,2,4,23,B01
200800041489,0,7,0,0,1,4,23,C01
200800041490,0,10,0,0,2,1,2,A01
200800041490,0,7,0,0,2,4,2,B01
200800041490,0,7,0,0,0,4,2,C01
200800041491,0,13,0,0,9,5,0,A01
200800041491,0,30,0,0,0,1,1,B01
200800041492,0,10,0,0,2,2,2,A01
200800041492,0,2,0,0,2,6,23,B01
200800041493,0,7,0,0,1,3,15,A01
200800041494,0,30,0,0,2,2,17,A01
200800041494,0,7,0,0,2,8,10,B01
200800041495,0,10,0,0,2,2,2,A01
200800041495,0,7,0,0,2,6,2,B01
200800041496,0,33,0,12,0,1,16,A01
200800041497,0,7,0,7,0,1,16,A01
200800041498,0,7,0,0,1,0,1,A01
200800041499,0,7,0,0,2,3,9,A01
200800041499,0,30,0,0,2,1,1,B01
200800041500,0,37,1,0,2,3,1,A01
200800041500,0,7,0,0,2,3,1,B01
200800041501,0,7,0,0,2,0,16,A01
200800041501,0,7,0,0,2,0,16,B01
200800041502,0,7,0,0,2,1,1,B01
200800041502,0,2,0,1,2,7,1,A01
200800041503,0,31,0,0,2,7,17,A01
200800041503,0,7,0,0,2,6,15,B01
200800041504,0,7,0,0,2,1,2,A01
200800041504,0,7,0,0,2,4,23,B01
200800041505,0,31,0,0,2,7,0,A01
200800041505,0,10,0,0,2,8,15,B01
200800041506,0,30,0,0,2,1,15,A01
200800041506,0,7,0,0,2,1,1,B01
200800041507,0,7,0,7,2,1,1,B01
200800041507,0,32,0,8,2,7,1,A01
200800041508,0,7,0,0,1,2,1,A01
200800041509,0,7,0,8,2,8,2,B01
200800041509,0,7,0,8,2,1,1,A01
200800041510,0,7,0,0,2,2,23,A01
200800041510,0,33,0,0,2,7,2,B01
200800041511,0,7,0,0,1,1,17,A01
200800041512,0,7,0,0,1,1,15,A01
200800041513,0,33,0,1,2,1,1,A01
200800041513,0,37,1,0,2,8,24,C01
200800041513,0,7,0,0,2,2,15,B01
200800041514,0,32,0,1,2,1,1,A01
200800041514,1,7,0,0,2,1,9,C01
200800041514,0,7,0,0,2,8,24,B01
200800041515,0,7,0,0,2,1,2,A01
200800041515,0,7,0,0,2,4,1,B01
200800041516,0,33,0,0,2,1,1,B01
200800041516,1,7,0,0,2,1,16,A01
200800041517,0,7,0,0,2,8,11,A01
200800041517,0,33,0,0,2,1,2,B01
200800041518,0,2,0,0,2,1,1,A01
200800041518,0,7,0,0,2,1,1,B01
200800041519,0,32,0,0,1,1,3,A01
200800041519,0,7,0,0,2,1,1,B01
200800041520,0,7,0,0,2,1,1,A01
200800041520,0,31,0,0,2,7,15,B01
200800041521,0,10,0,0,2,1,1,A01
200800041521,0,7,0,0,2,4,1,B01
200800041522,0,30,0,12,0,1,1,A01
200800041523,0,7,0,0,2,1,17,A01
200800041523,0,30,0,0,2,1,1,B01
200800041524,0,7,0,0,2,1,2,A01
200800041524,0,10,0,0,2,9,2,B01
200800041524,0,10,0,0,2,4,16,C01
200800041525,0,7,0,0,2,1,2,A01
200800041525,0,7,0,0,2,9,2,B01
200800041525,0,7,0,0,2,9,2,C01
200800041525,0,10,0,0,2,9,0,D01
200800041526,0,30,0,0,2,1,2,A01
200800041526,0,7,0,0,2,4,2,B01
200800041527,0,33,0,9,2,1,1,A01
200800041527,0,7,0,0,2,1,15,B01
200800041528,0,7,0,11,0,1,1,A01
200800041529,0,30,0,0,2,1,17,A01
200800041529,0,10,0,0,2,1,15,B01
200800041530,0,7,0,0,2,1,15,A01
200800041530,0,7,0,0,2,6,1,B01
200800041531,0,33,0,0,0,9,0,A01
200800041532,0,7,0,0,2,3,10,A01
200800041532,0,10,0,4,2,9,1,B01
200800041533,0,7,0,0,0,0,0,A01
200800041533,0,7,0,0,0,0,0,B01
200800041534,0,7,0,0,1,7,2,A01
200800041535,0,7,0,0,2,8,1,B01
200800041535,0,2,0,0,2,1,1,A01
200800041536,0,7,0,0,1,1,1,A01
200800041537,0,7,0,0,2,8,22,A01
200800041537,0,1,0,1,0,1,1,B01
200800041538,0,7,0,0,1,2,1,A01
200800041539,0,31,0,0,1,1,1,A01
200800041540,0,2,0,14,0,8,1,A01
200800041541,0,7,0,0,1,2,1,A01
200800041542,0,7,0,0,1,2,0,A01
200800041543,0,7,0,0,2,1,2,A01
200800041543,0,7,0,0,2,9,11,B01
200800041544,0,1,0,0,2,9,0,A01
200800041544,0,7,0,0,2,2,0,B01
200800041545,0,33,0,0,2,1,0,B01
200800041545,0,7,0,0,0,2,0,A01
200800041546,0,7,0,0,1,7,7,A01
200800041547,0,7,0,8,2,8,1,B01
200800041547,0,7,0,0,2,1,9,A01
200800041548,0,30,0,0,2,8,11,A01
200800041548,0,7,0,0,2,7,11,B01
200800041549,0,14,0,0,2,6,11,A01
200800041549,0,33,0,0,2,5,1,B01
200800041550,0,7,0,0,2,8,1,B01
200800041550,0,2,0,0,2,1,1,A01
200800041551,0,30,0,16,0,8,1,A01
200800041552,0,30,0,0,2,1,15,B01
200800041552,0,7,0,0,2,2,9,A01
200800041553,0,2,0,11,0,0,0,A01
200800041554,0,33,0,8,0,1,0,A01
200800041555,0,30,0,12,0,8,9,A01
200800041556,0,31,0,16,0,8,18,A01
200800041557,0,2,0,16,0,7,1,A01
200800041558,2,1,0,0,1,1,1,A01
200800041559,0,10,0,0,2,1,1,A01
200800041559,0,17,0,0,2,4,2,B01
200800041560,0,7,0,0,2,8,9,A01
200800041560,0,33,0,0,2,3,0,B01
200800041561,0,2,0,16,0,1,1,A01
200800041562,0,30,0,0,2,1,17,A01
200800041562,0,7,0,0,9,3,0,B01
200800041563,0,1,0,0,9,2,0,B01
200800041563,0,1,0,0,9,1,0,A01
200800041564,0,10,0,0,2,7,15,A01
200800041564,0,33,0,0,2,1,1,B01
200800041565,0,10,0,0,1,2,0,A01
200800041566,0,30,0,0,2,1,2,A01
200800041566,0,7,0,0,2,4,0,B01
200800041567,0,33,0,0,2,1,0,A01
200800041567,0,7,0,0,2,1,0,B01
200800041568,0,7,0,0,1,2,1,A01
200800041569,0,31,0,0,2,1,17,A01
200800041569,0,7,0,0,2,3,15,B01
200800041570,1,2,0,0,1,0,17,A01
200800041571,0,7,0,0,2,3,1,A01
200800041571,0,7,0,0,2,3,1,C01
200800041571,0,33,0,0,2,2,1,B01
200800041572,0,7,0,0,2,1,17,A01
200800041572,0,7,0,0,2,6,15,B01
200800041573,0,7,0,0,1,1,16,A01
200800041574,0,7,0,0,1,3,1,A01
200800041575,0,7,0,0,2,8,15,B01
200800041575,0,33,0,0,2,2,1,A01
200800041576,1,7,0,0,9,0,0,A01
200800041576,0,1,0,0,2,0,0,B01
200800041577,0,7,0,0,1,1,1,A01
200800041578,0,30,0,0,2,1,1,A01
200800041578,0,7,0,0,2,5,15,B01
200800041579,0,7,0,0,0,4,23,A01
200800041579,0,7,0,0,2,1,1,B01
200800041580,0,7,0,0,2,1,1,A01
200800041580,0,7,0,0,0,4,15,B01
200800041581,1,7,0,0,1,0,1,A01
200800041582,0,7,0,0,2,6,4,A01
200800041582,0,30,0,0,2,1,2,B01
200800041583,0,7,0,0,1,3,1,A01
200800041584,0,7,0,0,2,1,1,A01
200800041584,0,1,0,0,2,7,15,B01
200800041585,0,1,0,0,2,4,5,A01
200800041585,0,33,0,0,2,1,1,B01
200800041586,0,10,0,0,1,1,1,A01
200800041587,0,7,0,0,1,2,1,A01
200800041588,0,2,0,0,2,1,17,A01
200800041588,0,7,0,0,2,4,15,B01
200800041589,0,7,0,0,2,2,9,A01
200800041589,0,33,0,0,2,1,0,B01
200800041590,0,7,0,0,2,8,19,A01
200800041590,0,33,0,0,2,1,1,B01
200800041590,0,7,0,0,2,3,23,C01
200800041591,0,30,0,0,2,1,2,A01
200800041591,0,7,0,0,2,5,23,B01
200800041592,0,7,0,0,2,2,17,A01
200800041592,0,1,0,0,0,0,1,B01
200800041593,0,33,0,0,0,1,1,A01
200800041594,0,7,0,2,0,1,1,A01
200800041595,0,7,0,0,2,1,15,A01
200800041595,0,7,0,0,2,1,1,B01
200800041596,0,30,0,0,2,1,0,A01
200800041596,0,7,0,0,2,1,1,B01
200800041597,0,7,0,9,1,1,1,A01
200800041598,0,7,0,0,1,3,1,A01
200800041598,0,2,0,0,2,1,2,B01
200800041599,0,7,0,0,2,1,1,B01
200800041599,0,33,0,0,2,1,15,A01
200800041600,0,1,0,0,2,1,1,A01
200800041600,0,7,0,0,0,6,1,B01
200800041601,0,7,0,0,2,3,15,A01
200800041601,0,33,0,0,2,1,17,B01
200800041602,0,7,0,1,0,1,1,A01
200800041603,0,2,0,0,9,1,6,A01
200800041604,0,7,0,0,1,1,1,A01
200800041605,0,31,0,0,2,2,2,A01
200800041605,0,7,0,0,2,5,2,B01
200800041606,0,2,0,1,0,1,1,A01
200800041607,0,7,0,0,2,3,15,A01
200800041607,0,33,0,0,2,2,17,B01
200800041608,0,31,0,0,1,2,1,A01
200800041609,0,31,0,0,2,1,17,A01
200800041609,0,10,0,0,2,8,15,B01
200800041610,0,31,0,0,2,1,17,A01
200800041610,0,30,0,0,2,1,9,B01
200800041611,0,1,0,0,2,2,19,A01
200800041611,0,7,0,0,2,3,1,B01
200800041612,0,10,0,0,2,2,10,A01
200800041612,0,7,0,0,2,8,1,B01
200800041612,0,7,0,0,2,3,1,C01
200800041613,0,7,0,1,0,2,1,A01
200800041614,1,33,0,0,2,1,5,A01