Num_Acc,senc,catv,occutc,obs,obsm,choc,manv,num_veh
200800041953,0,7,0,0,2,4,2,C01
200800041953,0,7,0,0,2,4,2,D01
200800041953,0,7,0,0,2,1,2,E01
200800041954,0,7,0,13,0,1,12,A01
200800041955,0,7,0,0,2,4,2,A01
200800041955,0,7,0,0,2,1,2,B01
200800041956,0,7,0,3,0,1,2,A01
200800041957,0,7,0,2,0,1,1,A01
200800041958,0,7,0,4,0,3,1,A01
200800041959,0,7,0,0,0,4,2,A01
200800041959,0,7,0,14,0,1,2,B01
200800041960,0,7,0,0,0,1,14,A01
200800041961,0,7,0,13,0,1,1,A01
200800041962,0,7,0,0,0,4,1,A01
200800041962,0,7,0,0,0,4,1,B01
200800041962,0,7,0,0,0,1,2,C01
200800041963,0,7,0,4,0,8,0,A01
200800041964,0,7,0,0,9,2,1,A01
200800041965,0,7,0,0,0,4,2,A01
200800041965,0,7,0,0,2,1,2,B01
200800041966,0,99,0,3,0,8,1,A01
200800041967,0,7,0,0,0,2,0,A01
200800041967,0,7,0,0,0,5,2,B01
200800041968,0,7,0,13,0,5,1,A01
200800041969,0,7,0,0,0,2,2,A01
200800041969,0,7,0,3,0,3,2,B01
200800041970,0,33,0,0,2,1,18,A01
200800041970,0,10,0,0,2,4,1,B01
200800041970,0,17,0,0,2,7,12,C01
200800041970,0,7,0,0,9,1,1,D01
200800041971,0,7,0,0,0,4,1,A01
200800041971,0,7,0,0,2,6,2,B01
200800041971,0,7,0,0,2,1,2,C01
200800041972,0,33,0,0,0,1,0,A01
200800041973,0,7,0,4,0,1,2,A01
200800041974,0,17,0,0,2,2,12,B01
200800041974,0,7,0,0,2,8,1,A01
200800041975,0,15,0,0,2,2,12,A01
200800041975,0,7,0,0,2,8,1,B01
200800041976,0,33,0,4,0,1,14,A01
200800041977,0,7,0,0,0,6,1,A01
200800041977,0,33,0,0,2,1,1,B01
200800041978,0,7,0,0,2,6,1,A01
200800041978,0,7,0,0,2,5,2,B01
200800041979,0,33,0,0,0,8,2,A01
200800041980,0,7,0,0,0,6,10,A01
200800041980,0,33,0,0,2,1,1,B01
200800041981,0,7,0,0,2,8,1,A01
200800041982,0,10,0,0,0,6,1,A01
200800041982,0,33,0,0,2,1,1,B01
200800041983,0,7,0,0,2,4,2,A01
200800041983,0,7,0,0,2,4,2,B01
200800041983,0,7,0,0,0,1,2,C01
200800041984,0,7,0,0,2,8,1,A01
200800041984,0,33,0,0,2,7,1,B01
200800041985,0,7,0,0,2,4,2,A01
200800041985,0,7,0,0,2,1,2,B01
200800041986,0,7,0,3,0,1,21,A01
200800041987,0,7,0,3,2,2,1,A01
200800041987,1,99,0,0,2,6,11,B01
200800041988,0,7,0,3,0,1,1,A01
200800041989,0,7,0,0,0,1,1,A01
200800041990,0,7,0,0,2,4,2,A01
200800041990,0,7,0,0,0,1,2,B01
200800041990,0,7,0,0,2,1,2,C01
200800041991,0,7,0,0,0,6,1,A01
200800041991,0,7,0,0,2,2,2,B01
200800041992,0,7,0,0,2,4,2,A01
200800041992,0,7,0,0,2,1,2,B01
200800041993,0,7,0,6,0,1,14,A01
200800041994,1,7,0,0,1,0,1,A01
200800041995,0,2,0,12,2,1,2,A01
200800041995,1,7,0,0,2,0,2,B01
200800041996,0,33,0,12,0,1,7,A01
200800041997,0,33,0,0,2,3,1,A01
200800041997,0,34,0,0,2,2,16,B01
200800041998,1,7,0,0,0,0,0,A01
200800041999,0,30,0,0,0,0,2,A01
200800042000,0,7,0,0,1,0,4,A01
200800042001,0,7,0,0,0,2,0,B01
200800042001,0,1,0,0,2,1,1,A01
200800042002,0,7,0,0,0,3,0,A01
200800042002,0,33,0,0,2,2,1,B01
200800042003,0,7,0,0,2,3,15,A01
200800042003,0,31,0,0,2,7,1,B01
200800042004,0,7,0,0,2,0,11,A01
200800042004,0,32,0,0,2,1,7,B01
200800042005,0,7,0,0,0,6,11,B01
200800042005,0,34,0,0,2,1,1,A01
200800042006,0,34,0,0,0,1,1,B01
200800042006,0,7,0,0,0,3,11,A01
200800042007,0,7,0,0,2,4,2,B01
200800042007,0,7,0,0,2,2,2,A01
200800042008,0,7,0,0,0,3,15,A01
200800042009,0,7,0,0,0,3,15,A01
200800042009,0,33,0,0,0,7,17,B01
200800042010,0,33,0,0,2,1,2,A01
200800042010,0,10,0,0,0,5,2,B01
200800042011,0,32,0,0,0,7,1,A01
200800042012,0,30,0,0,0,0,1,A01
200800042013,0,32,0,0,1,1,1,A01
200800042014,0,7,0,0,2,8,0,B01
200800042014,0,2,0,0,2,1,0,A01
200800042015,0,32,0,0,1,3,1,A01
200800042016,0,14,0,0,2,7,1,B01
200800042016,0,30,0,0,2,1,1,A01
200800042017,1,32,0,0,0,0,15,B01
200800042017,0,30,0,0,2,0,1,A01
200800042018,0,30,0,0,9,1,7,A01
200800042018,0,1,0,0,2,8,15,B01
200800042019,0,1,0,0,0,2,19,A01
200800042019,0,32,0,0,0,3,1,B01
200800042020,0,10,0,0,1,5,4,A01
200800042021,0,32,0,0,2,7,2,B01
200800042021,0,10,0,0,0,5,20,A01
200800042022,0,7,0,0,0,8,1,A01
200800042023,0,7,0,0,1,3,7,A01
200800042024,0,7,0,0,1,3,4,A01
200800042025,0,32,0,0,2,8,15,A01
200800042025,0,7,0,0,2,2,1,B01
200800042026,0,7,0,8,2,2,1,B01
200800042026,0,10,0,0,2,1,1,A01
200800042027,0,7,0,0,2,7,22,A01
200800042027,0,30,0,1,2,1,1,B01
200800042028,0,30,0,0,2,1,1,A01
200800042028,0,7,0,0,2,6,1,B01
200800042029,1,30,0,0,1,0,0,A01
200800042030,0,32,0,1,0,1,1,A01
200800042031,0,30,0,0,2,0,0,A01
200800042032,0,2,0,0,0,1,5,B01
200800042032,0,7,0,0,0,1,16,A01
200800042033,0,2,0,0,2,1,1,B01
200800042033,0,10,0,0,2,2,1,A01
200800042034,0,7,0,0,1,3,1,A01
200800042035,0,7,0,0,2,3,15,A01
200800042035,0,2,0,0,0,5,17,B01
200800042036,0,2,0,0,2,3,1,B01
200800042036,0,7,0,0,2,2,2,A01
200800042037,0,30,0,15,2,1,1,B01
200800042037,0,7,0,1,2,2,1,A01
200800042038,0,30,0,0,1,3,1,A01
200800042039,0,2,0,0,2,6,12,A01
200800042039,0,30,0,0,2,7,1,B01
200800042040,0,1,0,0,9,1,7,A01
200800042041,0,32,0,0,0,6,2,A01
200800042041,1,7,0,0,0,1,2,B01
200800042042,0,2,0,0,2,2,1,A01
200800042042,1,7,0,0,0,0,15,B01
200800042043,0,33,0,0,0,9,1,A01
200800042044,0,10,0,0,2,6,15,B01
200800042044,0,33,0,0,2,1,1,A01
200800042045,0,30,0,0,1,8,1,A01
200800042046,0,1,0,0,2,8,7,B01
200800042046,0,7,0,0,2,7,17,A01
200800042047,0,7,0,0,0,6,2,A01
200800042047,0,30,0,0,2,1,2,B01
200800042047,0,30,0,0,2,8,2,C01
200800042047,0,34,0,0,2,1,2,D01
200800042048,0,33,0,12,0,1,1,A01
200800042049,0,34,0,0,2,0,21,A01
200800042050,0,33,0,12,9,1,13,A01
200800042051,0,32,0,7,0,1,13,A01
200800042052,0,37,30,0,2,5,15,A01
200800042052,0,2,0,0,2,1,1,B01
200800042053,0,7,0,0,2,1,2,A01
200800042053,0,7,0,0,0,4,2,B01
200800042054,0,7,0,0,2,3,2,A01
200800042054,0,7,0,0,0,4,2,B01
200800042055,0,7,0,0,2,6,7,B01
200800042055,0,7,0,0,2,2,16,A01
200800042056,0,1,0,0,0,0,1,A01
200800042057,0,2,0,0,0,2,1,B01
200800042057,0,7,0,0,0,1,9,A01
200800042058,0,34,0,0,2,8,14,A01
200800042059,0,31,0,0,0,3,1,A01
200800042060,0,30,0,1,0,1,17,A01
200800042060,0,37,0,0,0,8,1,C01
200800042060,0,7,0,1,0,1,1,B01
200800042061,0,2,0,0,0,1,2,A01
200800042061,0,33,0,0,0,4,2,B01
200800042062,0,30,0,0,0,7,1,A01
200800042063,0,1,0,0,2,3,15,A01
200800042063,0,33,0,0,9,1,1,B01
200800042064,0,10,0,0,1,1,1,A01
200800042065,0,10,0,1,0,1,2,A01
200800042065,0,7,0,0,0,4,23,B01
200800042066,0,30,0,0,2,1,2,A01
200800042066,0,7,0,0,0,5,23,B01
200800042067,0,1,0,0,0,0,7,A01
200800042067,0,2,0,0,0,5,16,B01
200800042068,0,33,0,0,2,1,5,A01
200800042068,0,30,0,2,2,1,1,B01
200800042069,0,30,0,8,0,7,14,A01
200800042070,0,7,0,0,1,2,1,A01
200800042071,0,7,0,0,1,3,15,A01
200800042072,0,7,0,0,2,1,2,A01
200800042072,0,2,0,0,2,4,23,B01
200800042073,0,7,0,0,1,1,0,A01
200800042074,0,7,0,0,2,3,10,A01
200800042074,0,34,0,0,2,8,1,B01
200800042075,0,7,0,0,1,5,16,A01
200800042076,0,10,0,0,2,3,0,A01
200800042076,0,2,0,0,2,1,0,B01
200800042077,0,7,0,0,2,8,10,A01
200800042077,0,34,0,1,2,1,1,B01
200800042078,0,7,0,0,1,2,1,A01
200800042079,0,7,0,0,1,4,4,A01
200800042080,0,1,0,0,1,1,1,A01
200800042081,0,31,0,0,0,8,1,B01
200800042081,0,7,0,0,2,2,10,A01
200800042082,0,30,0,0,0,2,1,A01
200800042083,0,32,0,0,2,0,13,A01
200800042083,0,1,0,0,2,8,11,B01
200800042084,0,1,0,14,0,0,7,A01
200800042085,0,10,0,0,1,6,1,A01
200800042086,0,31,0,0,2,0,2,B01
200800042086,0,7,0,0,0,0,2,A01
200800042087,0,33,0,1,0,7,1,A01
200800042087,0,7,0,0,2,3,22,B01
200800042088,0,7,0,0,2,5,15,C01
200800042088,0,2,0,0,0,3,15,A01
200800042088,0,30,0,0,2,2,1,B01
200800042089,0,7,0,0,2,1,2,A01
200800042089,0,38,1,0,0,4,23,B01
200800042090,0,32,0,0,0,7,1,A01
200800042091,0,30,0,0,0,2,1,A01
200800042092,0,34,0,0,1,0,1,A01
200800042093,0,10,0,0,2,5,2,A01
200800042093,0,32,0,0,2,3,2,B01
200800042094,0,30,0,0,1,1,1,A01
200800042095,0,32,0,0,2,8,17,A01
200800042095,0,7,0,0,2,8,15,B01
200800042096,0,33,0,0,2,8,1,B01
200800042096,0,7,0,0,2,1,15,A01
200800042097,0,32,0,0,1,1,1,A01
200800042098,0,31,0,0,0,0,2,A01
200800042098,0,32,0,0,0,0,2,B01
200800042098,0,32,0,0,0,0,2,C01
200800042099,0,7,0,0,2,3,2,A01
200800042099,0,32,0,0,0,4,15,B01
200800042100,0,7,0,0,0,0,14,A01
200800042101,0,1,0,0,0,6,7,B01
200800042101,0,7,0,0,0,7,14,A01
200800042102,0,7,0,0,1,1,1,A01
200800042103,0,32,0,0,0,0,1,A01
200800042104,0,33,0,0,0,1,2,A01
200800042104,0,7,0,0,0,4,23,B01
200800042105,0,7,0,0,1,2,1,A01
200800042106,0,33,0,0,2,7,15,A01
200800042106,0,7,0,0,2,7,1,B01
200800042107,0,1,0,0,2,8,7,B01
200800042107,0,30,0,0,2,2,1,A01
200800042108,0,32,0,0,2,1,2,A01
200800042108,0,7,0,0,0,4,2,B01
200800042109,0,7,0,0,2,1,15,A01
200800042109,0,33,0,0,2,3,1,B01
200800042110,0,32,0,0,2,2,17,A01
200800042110,0,7,0,0,2,3,15,B01
200800042111,0,7,0,0,2,3,10,B01
200800042111,0,30,0,0,2,1,17,A01
200800042112,0,33,0,0,2,8,2,B01
200800042112,0,7,0,0,2,1,2,A01
200800042113,0,7,0,0,2,6,0,B01
200800042113,0,31,0,0,2,1,1,A01
200800042114,0,1,0,0,2,1,0,A01
200800042114,0,7,0,0,0,5,23,B01
200800042115,0,7,0,0,2,5,0,A01
200800042115,0,32,0,0,2,3,0,B01
200800042116,0,7,0,0,2,1,2,A01
200800042116,0,33,0,0,2,4,23,B01
200800042117,0,30,0,0,2,3,21,A01
200800042118,0,7,0,0,0,1,2,A01
200800042118,0,7,0,0,0,4,23,B01
200800042119,0,7,0,0,1,2,1,A01
200800042120,0,7,0,0,1,6,4,A01
200800042121,0,7,0,0,2,2,9,A01
200800042121,0,33,0,0,2,1,1,B01
200800042122,0,2,0,14,0,1,14,A01
200800042123,0,34,0,0,1,1,0,A01
200800042124,0,33,0,0,2,8,18,A01
200800042124,0,7,0,0,2,2,16,B01
200800042125,0,7,0,0,0,2,0,A01
200800042125,0,32,0,0,2,3,1,B01
200800042126,0,30,0,0,0,1,1,A01
200800042127,0,7,0,8,0,2,14,A01
200800042128,0,10,0,14,1,3,1,A01
200800042129,0,38,1,0,2,4,2,A01
200800042129,0,7,0,0,2,4,2,B01
200800042130,1,30,0,0,1,0,1,A01
200800042131,0,33,0,0,2,1,2,A01
200800042131,0,7,0,0,0,6,23,B01
200800042132,0,7,0,7,0,1,13,A01
200800042133,0,7,0,0,2,2,16,A01
200800042133,0,1,0,0,2,1,7,B01
200800042134,0,32,0,0,2,8,7,A01
200800042134,0,10,0,0,9,7,16,B01
200800042135,0,31,0,0,1,1,1,A01
200800042136,0,32,0,0,0,1,2,A01
200800042136,0,7,0,0,0,5,15,B01
200800042137,0,7,0,0,1,5,1,A01
200800042138,0,7,0,0,2,6,13,A01
200800042138,0,14,0,0,0,2,1,B01
200800042139,0,7,0,0,2,4,2,B01
200800042139,0,7,0,0,2,1,2,A01
200800042140,0,32,0,0,0,0,21,A01
200800042141,0,32,0,0,2,3,1,B01
200800042141,0,7,0,0,2,2,16,A01
200800042142,1,7,0,0,1,0,1,A01
200800042143,0,7,0,0,2,3,2,A01
200800042143,0,7,0,0,2,6,2,B01
200800042144,0,2,0,0,2,1,2,A01
200800042144,0,33,0,0,2,4,23,B01
200800042145,0,32,0,0,2,1,2,A01
200800042145,0,14,0,0,2,8,15,B01
200800042146,0,2,0,0,2,1,1,B01
200800042146,0,7,0,0,2,5,1,A01
200800042147,0,33,0,0,2,1,5,A01
200800042147,0,7,0,0,2,8,15,B01
200800042148,0,33,0,0,2,1,7,A01
200800042148,0,7,0,0,2,2,16,B01
200800042149,0,7,0,0,2,3,15,A01
200800042149,0,33,0,0,2,3,1,B01
200800042150,0,7,0,0,2,1,0,A01
200800042150,0,32,0,0,2,7,0,B01
200800042151,0,31,0,0,2,0,0,A01
200800042151,2,10,0,0,0,0,0,B01
200800042152,0,7,0,0,0,2,1,A01
200800042152,0,32,0,0,0,3,2,B01
200800042153,0,7,0,0,2,8,22,A01
200800042153,0,1,0,1,0,7,1,B01
200800042154,0,7,0,0,2,2,1,A01
200800042154,0,7,0,0,0,3,1,B01
200800042155,0,30,0,0,1,1,1,A01
200800042156,0,7,0,0,1,3,16,A01
200800042157,0,7,0,0,2,2,1,B01
200800042157,0,7,0,0,0,7,1,A01
200800042158,0,7,0,0,0,3,15,A01
200800042158,0,32,0,0,0,7,7,B01
200800042159,0,10,0,0,1,6,1,A01
200800042160,0,7,0,0,2,3,1,B01
200800042160,0,7,0,0,2,1,1,A01
200800042161,0,7,0,0,2,1,1,A01
200800042161,0,7,0,0,2,6,1,B01
200800042162,0,1,0,0,0,3,11,A01
200800042162,0,7,0,0,0,5,1,B01
200800042163,0,7,0,0,1,2,1,A01
200800042164,0,7,0,0,2,2,16,A01
200800042164,0,32,0,0,2,8,1,B01
200800042165,0,30,0,0,0,0,7,A01
200800042166,0,7,0,0,1,2,7,A01
200800042167,0,10,0,1,9,8,22,A01
200800042167,0,1,0,0,0,7,1,B01
200800042168,0,30,0,0,2,8,18,A01
200800042168,0,7,0,0,2,7,1,B01
200800042169,0,7,0,0,2,0,11,A01
200800042169,0,33,0,0,2,8,1,B01
200800042170,0,7,0,0,2,3,15,A01
200800042170,0,33,0,0,2,1,17,B01
200800042171,0,7,0,0,2,2,16,A01
200800042171,0,32,0,0,2,8,1,B01
200800042172,0,7,0,0,2,3,15,B01
200800042172,0,2,0,0,2,1,8,A01
200800042173,0,1,0,0,0,0,0,A01
200800042174,0,7,0,0,1,2,13,A01
200800042175,0,7,0,0,2,2,1,B01
200800042175,0,7,0,9,2,2,11,A01
200800042176,0,7,0,0,2,3,15,A01
200800042176,0,32,0,0,2,3,7,B01
200800042177,0,30,0,0,0,1,1,A01
200800042178,0,7,0,0,2,2,1,B01
200800042178,0,7,0,0,2,3,13,A01
200800042179,0,7,0,0,0,8,1,B01
200800042179,0,33,0,0,2,2,17,A01
200800042180,0,30,0,0,0,8,1,B01
200800042180,0,7,0,0,0,2,1,A01
200800042181,0,7,0,0,0,2,1,A01
200800042182,0,7,0,0,1,1,1,A01
200800042183,0,33,0,15,0,9,21,A01
200800042184,0,32,0,0,2,7,0,A01
200800042184,0,7,0,0,9,8,11,B01
200800042185,0,7,0,0,0,5,22,A01
200800042185,0,30,0,1,0,3,18,B01
200800042186,0,32,0,0,1,2,1,A01
200800042187,0,31,0,0,0,0,1,A01
200800042188,0,32,0,0,0,6,15,B01
200800042188,0,30,0,0,0,1,1,A01
200800042189,0,38,1,0,0,2,22,A01
200800042189,0,33,0,1,0,3,1,B01
200800042190,0,7,0,0,1,2,1,A01
200800042191,0,1,0,0,2,4,2,A01
200800042191,0,1,0,0,9,1,2,B01
200800042192,0,32,0,14,2,1,1,A01
200800042192,0,7,0,0,2,2,1,B01
200800042193,0,32,0,0,0,0,1,A01
200800042193,0,33,0,0,0,0,1,B01
200800042194,0,2,0,0,2,1,7,A01
200800042194,0,7,0,0,0,3,15,B01
200800042195,0,7,0,0,2,7,16,B01
200800042195,0,30,0,0,2,8,1,A01
200800042196,0,7,0,0,0,7,12,A01
200800042196,0,30,0,12,0,2,1,B01
200800042197,0,7,0,0,1,2,1,A01
200800042198,0,1,0,1,2,8,1,B01
200800042198,0,7,0,0,2,2,22,A01
200800042199,0,30,0,0,0,0,1,A01
200800042200,0,7,0,0,2,1,15,A01
200800042200,0,30,0,0,2,8,1,B01
200800042201,0,32,0,0,1,1,7,A01
200800042202,0,1,0,0,2,1,2,A01
200800042202,0,7,0,0,2,4,2,B01
200800042203,0,32,0,0,1,8,21,A01
200800042204,0,1,0,0,0,0,0,A01
200800042205,0,32,0,0,1,3,15,A01
200800042206,0,32,0,0,0,0,1,A01
200800042207,0,31,0,0,1,2,1,A01
200800042208,0,31,0,0,0,0,1,A01
200800042209,0,1,0,8,0,3,1,A01
200800042210,0,2,0,1,0,2,12,A01
200800042211,0,32,0,0,0,0,2,A01
200800042212,0,7,0,0,0,7,1,C01
200800042212,0,7,0,1,0,8,2,B01
200800042212,0,33,0,1,0,1,1,A01
200800042213,0,1,0,0,1,3,0,A01
200800042214,0,30,0,0,2,5,1,B01
200800042214,0,7,0,0,2,1,15,A01
200800042215,0,7,0,0,2,1,9,A01
200800042215,0,1,0,0,2,4,23,B01
200800042215,0,37,0,0,0,5,1,C01
200800042216,0,30,0,0,1,1,1,A01
200800042217,0,32,0,0,0,7,1,A01
200800042218,0,2,0,0,0,5,1,B01
200800042218,0,7,0,0,1,8,13,A01
200800042219,0,31,0,0,0,0,1,A01
200800042220,0,7,0,0,1,3,1,A01
200800042221,0,31,0,0,2,1,21,A01
200800042222,0,7,0,0,1,1,1,A01
200800042223,0,7,0,0,2,6,1,B01
200800042223,0,7,0,0,0,1,1,A01
200800042224,0,30,0,0,2,2,1,B01
200800042224,0,7,0,0,2,8,13,A01
200800042225,0,30,0,1,2,8,14,A01
200800042226,0,1,0,1,1,2,5,A01
200800042227,0,7,0,0,1,1,15,A01
200800042228,0,33,0,0,1,2,1,A01
200800042229,0,1,0,0,2,4,15,B01
200800042229,0,33,0,0,2,3,17,A01
200800042230,0,33,0,0,0,0,21,A01
200800042231,0,31,0,0,1,2,1,A01
200800042232,0,7,0,0,0,2,1,A01
200800042232,0,32,0,0,2,1,1,B01
200800042233,0,7,0,1,2,1,2,A01
200800042233,0,7,0,0,2,4,2,B01
200800042234,0,1,0,0,1,1,1,A01
200800042235,0,7,0,0,2,1,11,A01
200800042235,0,7,0,0,2,7,16,B01
200800042236,0,1,0,0,2,8,16,A01
200800042236,0,33,0,0,2,1,1,B01
200800042237,0,10,0,0,1,2,16,A01
200800042238,0,10,0,0,9,2,16,A01
200800042238,0,1,0,0,2,1,1,B01
200800042239,0,7,0,0,2,6,11,A01
200800042239,0,30,0,0,2,0,1,B01
200800042240,0,1,0,0,2,8,13,A01
200800042240,0,7,0,0,9,2,1,B01
200800042241,0,10,0,0,2,7,15,A01
200800042241,0,32,0,0,2,1,1,B01
200800042242,0,10,0,0,2,3,9,B01
200800042242,0,32,0,0,2,1,17,A01
200800042243,0,7,0,0,1,1,15,A01
200800042244,0,30,0,8,0,2,14,A01
200800042245,0,7,0,0,9,8,11,A01
200800042245,0,2,0,0,2,8,1,B01
200800042246,0,7,0,0,0,1,14,A01
200800042246,0,7,0,0,2,4,24,B01
200800042247,0,7,0,0,1,2,1,A01
200800042248,0,10,0,0,1,4,20,A01
200800042249,0,1,0,0,2,1,1,B01
200800042249,0,7,0,0,9,1,15,A01
200800042250,0,7,0,0,2,6,1,B01
200800042250,0,32,0,0,2,0,1,A01
200800042251,0,30,0,0,2,3,1,B01
200800042251,0,7,0,0,0,2,17,A01
200800042252,0,1,0,0,5,7,1,A01
200800042253,0,30,0,0,0,0,12,A01
200800042254,0,30,0,0,0,0,1,A01
200800042255,0,38,1,0,9,7,16,A01
200800042255,0,1,0,0,9,8,1,B01
200800042256,0,7,0,0,2,7,15,A01
200800042256,0,1,0,0,2,1,1,B01
200800042257,1,10,0,0,0,8,22,A01
200800042257,0,1,0,1,0,1,1,B01
200800042258,0,7,0,0,9,5,10,A01
200800042258,0,1,0,0,2,5,1,B01
200800042259,0,10,0,0,2,7,16,A01
200800042259,0,32,0,0,2,1,1,B01
200800042260,0,2,0,0,2,2,2,A01
200800042260,0,7,0,0,9,6,2,B01
200800042261,0,1,0,0,2,1,1,A01
200800042261,0,1,0,0,2,1,14,B01
200800042262,0,32,0,0,2,8,1,B01
200800042262,0,7,0,0,2,3,11,A01
200800042263,0,7,0,0,1,3,1,A01
200800042264,1,7,0,0,2,2,2,A01
200800042264,0,33,0,0,2,8,2,B01
200800042265,0,7,0,0,2,7,14,A01
200800042265,0,2,0,0,2,8,1,B01
200800042266,0,1,0,0,2,1,1,A01
200800042266,0,7,0,0,2,4,10,B01
200800042267,0,7,0,0,2,4,2,A01
200800042267,1,7,0,0,2,1,2,B01
200800042268,0,30,0,0,2,1,2,A01
200800042268,1,7,0,0,0,4,4,B01
200800042269,0,7,0,0,2,1,2,A01
200800042269,0,7,0,0,2,4,23,B01
200800042270,0,10,0,0,2,3,15,A01
200800042270,0,1,0,0,2,4,15,B01
200800042271,0,7,0,1,0,2,1,A01
200800042272,1,14,0,0,1,0,1,A01
200800042273,0,30,0,0,0,7,13,A01
200800042274,0,2,0,0,2,2,18,A01
200800042274,0,10,0,0,2,2,14,B01
200800042275,0,3,0,0,2,1,2,A01
200800042275,0,7,0,0,2,5,15,B01
200800042276,0,2,0,14,0,2,2,A01
200800042276,0,7,0,0,0,4,2,B01
200800042277,0,34,0,0,0,8,18,A01
200800042277,0,7,0,0,0,0,16,B01
200800042278,0,32,0,0,0,2,17,B01
200800042278,0,7,0,0,0,3,13,A01
200800042279,0,1,0,0,0,0,1,A01
200800042279,1,7,0,0,0,8,10,B01
200800042280,0,30,0,14,0,7,0,A01
200800042281,0,1,0,15,0,0,1,A01
200800042282,0,7,0,0,2,2,1,A01
200800042282,0,33,0,0,2,3,15,B01
200800042283,0,30,0,0,2,0,2,A01
200800042283,0,7,0,0,0,4,23,B01
200800042284,0,7,0,0,1,2,1,A01
200800042285,0,7,0,0,2,7,1,B01
200800042285,0,7,0,0,2,1,1,A01
200800042286,0,7,0,0,0,0,1,C01
200800042286,0,30,0,0,2,1,2,A01
200800042286,0,7,0,0,0,4,1,B01
200800042287,0,7,0,0,2,1,1,A01
200800042287,0,1,0,0,0,0,0,B01
200800042288,0,1,0,0,1,1,2,A01
200800042288,0,1,0,0,1,1,2,B01
200800042289,0,1,0,0,2,8,13,A01
200800042289,0,7,0,0,9,2,7,B01
200800042290,0,7,0,0,0,1,1,A01
200800042291,0,30,0,0,2,2,16,A01
200800042291,0,7,0,0,2,3,1,B01
200800042292,0,7,0,0,2,3,10,A01
200800042292,0,33,0,0,2,1,1,B01
200800042293,1,37,0,0,0,5,1,A01
200800042294,0,7,0,0,1,3,15,A01
200800042295,0,1,0,0,2,1,2,A01
200800042295,0,1,0,0,0,8,15,B01
200800042296,0,31,0,0,2,1,2,A01
200800042296,0,10,0,0,2,4,2,B01
200800042297,0,31,0,12,0,3,15,A01
200800042298,0,7,0,0,0,5,1,A01
200800042299,0,7,0,0,2,4,23,C01
200800042299,0,7,0,0,9,4,23,B01
200800042299,0,10,0,0,2,1,2,A01
200800042300,0,32,0,0,0,2,1,B01
200800042300,0,30,0,0,2,3,15,A01
200800042301,0,30,0,0,0,0,1,A01
200800042302,0,2,0,1,0,1,14,A01
200800042303,0,32,0,0,2,1,1,A01
200800042303,0,7,0,0,2,2,16,B01
200800042304,0,32,0,0,2,1,1,A01
200800042304,0,1,0,0,2,2,19,B01
200800042305,0,32,0,0,0,7,1,A01
200800042306,0,1,0,0,1,1,1,A01
200800042307,0,7,0,0,2,8,1,B01
200800042307,0,30,0,0,2,1,1,A01
200800042308,0,37,42,0,2,7,7,B01
200800042308,0,7,0,0,2,6,4,A01
200800042309,0,1,0,0,0,0,13,A01
200800042309,0,14,0,0,0,0,24,B01
200800042310,0,7,0,0,0,6,11,A01
200800042310,0,32,0,0,0,2,2,B01
200800042311,0,7,0,0,2,2,5,A01
200800042311,0,32,0,0,2,7,17,B01
200800042312,0,7,0,0,1,3,1,A01
200800042313,0,7,0,0,0,2,1,A01
200800042313,0,33,0,0,2,8,1,B01
200800042314,1,7,0,0,2,0,1,A01
200800042314,0,32,0,0,2,8,1,B01
200800042315,0,7,0,0,2,3,15,A01
200800042315,0,30,0,0,2,7,2,B01
200800042316,0,7,0,0,2,2,15,A01
200800042316,0,32,0,1,2,8,1,B01
200800042317,0,32,0,0,2,1,18,A01
200800042317,0,7,0,0,9,2,16,B01
200800042318,0,33,0,0,0,0,1,A01
200800042319,0,10,0,0,2,1,1,A01
200800042319,0,32,0,0,2,2,1,B01
200800042320,0,1,0,1,2,1,1,B01
200800042320,0,7,0,0,2,8,22,A01
200800042321,0,30,0,0,2,8,7,A01
200800042321,0,7,0,0,2,7,16,B01
200800042322,0,2,0,0,0,7,1,A01
200800042323,0,7,0,0,2,3,2,A01
200800042323,0,7,0,0,0,5,2,B01
200800042324,0,32,0,1,2,7,15,A01
200800042324,0,7,0,0,2,1,7,B01
200800042325,0,7,0,7,0,1,21,A01
200800042326,0,7,0,0,1,0,0,A01
200800042327,0,30,0,0,0,1,16,A01
200800042328,0,7,0,0,2,7,15,A01
200800042328,0,32,0,0,2,3,0,B01
200800042329,0,7,0,0,9,1,1,B01
200800042329,0,1,0,0,2,8,1,A01
200800042330,0,2,0,0,0,1,1,A01
200800042331,0,7,0,0,2,3,1,B01
200800042331,0,7,0,0,2,7,14,A01
200800042332,0,38,36,0,1,5,7,A01
200800042333,0,33,0,12,0,0,1,A01
200800042334,0,10,0,0,2,1,2,A01
200800042334,0,7,0,0,0,4,23,B01
200800042335,0,7,0,0,2,2,15,A01
200800042335,0,2,0,0,2,1,1,B01
200800042336,0,32,0,0,0,7,5,A01
200800042337,0,10,0,0,2,6,14,B01
200800042337,0,7,0,0,2,3,15,A01
200800042337,0,34,0,0,2,3,1,C01
200800042338,0,32,0,0,0,2,21,A01
200800042338,0,38,1,0,0,4,24,B01
200800042339,0,33,0,0,1,1,1,A01