Num_Acc,senc,catv,occutc,obs,obsm,choc,manv,num_veh
200800042705,0,7,0,0,2,6,1,B01
200800042706,1,7,0,1,0,1,1,A01
200800042706,0,7,0,0,2,6,22,B01
200800042707,0,31,0,0,2,7,17,B01
200800042707,0,7,0,0,2,1,1,A01
200800042708,0,20,0,0,1,3,1,A01
200800042709,0,10,0,0,2,2,1,A01
200800042709,0,2,0,0,2,6,15,B01
200800042710,0,7,0,0,0,4,1,A01
200800042711,0,2,0,0,2,1,1,A01
200800042711,0,7,0,0,9,2,15,B01
200800042712,0,37,1,0,1,3,1,A01
200800042713,0,7,0,0,2,1,1,A01
200800042713,0,10,0,0,2,7,1,B01
200800042714,0,34,0,0,2,1,1,A01
200800042714,0,7,0,0,2,2,15,B01
200800042715,0,7,0,0,2,1,1,A01
200800042715,0,7,0,0,2,1,1,B01
200800042716,0,7,0,0,2,2,20,A01
200800042716,0,30,0,0,2,8,21,B01
200800042717,0,7,0,0,2,1,13,A01
200800042717,0,7,0,0,2,1,1,B01
200800042717,0,7,0,0,2,4,1,C01
200800042718,0,7,0,0,2,1,13,A01
200800042718,0,7,0,0,2,1,1,B01
200800042719,0,7,0,1,0,1,1,A01
200800042720,0,7,0,0,1,1,1,A01
200800042721,0,7,0,14,2,1,2,A01
200800042721,0,7,0,0,2,4,0,B01
200800042722,0,7,0,0,2,8,1,A01
200800042722,0,7,0,0,2,2,1,B01
200800042723,0,7,0,0,1,4,4,A01
200800042724,0,7,0,0,2,1,2,A01
200800042724,0,7,0,0,2,4,2,B01
200800042725,0,17,0,0,2,3,1,A01
200800042725,0,7,0,0,0,5,23,B01
200800042726,0,20,0,0,2,1,10,A01
200800042726,0,33,0,0,0,1,1,B01
200800042727,0,7,0,0,2,1,14,A01
200800042727,0,7,0,0,0,6,23,B01
200800042728,0,11,0,0,2,2,10,A01
200800042728,0,11,0,0,2,6,24,B01
200800042729,0,7,0,0,0,2,1,A01
200800042729,0,1,0,0,0,4,1,B01
200800042730,0,7,0,0,1,1,1,A01
200800042731,0,7,0,0,2,6,1,A01
200800042731,0,7,0,0,2,6,1,B01
200800042732,0,7,0,0,2,2,15,A01
200800042732,0,31,0,0,2,1,1,B01
200800042733,0,30,0,0,0,7,1,A01
200800042734,0,2,0,1,0,1,1,B01
200800042734,0,17,0,0,0,4,23,A01
200800042735,0,15,0,0,2,1,16,A01
200800042735,0,1,0,0,0,8,16,B01
200800042736,0,7,0,1,0,1,12,A01
200800042737,0,7,0,0,1,7,15,A01
200800042738,0,2,0,0,9,1,1,B01
200800042738,0,1,0,0,9,1,1,A01
200800042739,0,7,0,0,2,5,15,A01
200800042739,0,7,0,0,2,1,2,B01
200800042740,1,7,0,0,1,1,1,A01
200800042741,0,10,0,0,2,3,1,B01
200800042741,0,1,0,0,2,1,1,A01
200800042742,0,7,0,15,0,1,13,A01
200800042743,0,7,0,0,2,1,1,A01
200800042743,0,7,0,0,2,2,15,B01
200800042744,0,7,0,0,2,3,1,B01
200800042744,0,33,0,0,2,8,1,A01
200800042745,0,7,0,0,2,7,1,B01
200800042745,0,7,0,0,2,1,1,A01
200800042746,0,7,0,0,2,3,15,B01
200800042746,0,7,0,0,2,1,1,A01
200800042747,0,30,0,14,0,1,1,A01
200800042748,0,7,0,1,2,1,1,B01
200800042748,0,7,0,0,2,3,1,A01
200800042749,0,33,0,0,2,1,1,B01
200800042749,0,7,0,0,2,3,15,A01
200800042750,0,7,0,0,2,5,15,A01
200800042750,0,33,0,0,2,9,1,B01
200800042751,0,10,0,0,1,1,15,A01
200800042752,0,7,0,0,2,7,15,A01
200800042752,0,33,0,0,2,2,1,B01
200800042753,0,7,0,0,1,4,4,A01
200800042754,0,37,1,0,2,8,1,B01
200800042754,0,7,0,0,2,8,2,A01
200800042755,0,7,0,0,2,6,1,A01
200800042755,0,7,0,0,2,1,1,B01
200800042756,0,7,0,0,2,1,1,A01
200800042756,0,7,0,0,2,4,1,B01
200800042757,0,7,0,0,1,1,0,A01
200800042758,0,7,0,0,2,3,19,A01
200800042758,0,7,0,0,2,1,1,B01
200800042759,0,7,0,0,2,3,1,A01
200800042759,0,1,0,0,2,1,9,B01
200800042760,0,7,0,0,2,3,15,A01
200800042760,0,33,0,0,2,1,0,B01
200800042761,0,7,0,0,1,1,19,A01
200800042762,0,33,0,0,2,3,16,A01
200800042762,0,33,0,0,2,3,1,B01
200800042763,0,33,0,0,2,1,1,A01
200800042763,0,14,0,0,2,4,14,B01
200800042764,0,32,0,0,1,2,1,A01
200800042765,0,7,0,12,0,3,14,A01
200800042766,0,34,0,0,2,3,1,A01
200800042766,0,7,0,0,2,5,16,B01
200800042767,0,7,0,0,2,6,1,B01
200800042767,0,7,0,0,2,1,1,A01
200800042768,0,7,0,0,1,7,16,A01
200800042769,0,7,0,0,2,8,11,A01
200800042769,0,32,0,0,2,7,1,B01
200800042770,0,7,0,0,2,0,15,B01
200800042770,0,30,0,0,2,3,1,A01
200800042771,0,7,0,0,2,3,14,B01
200800042771,0,33,0,0,2,1,17,A01
200800042772,0,2,0,0,2,4,9,B01
200800042772,0,7,0,0,2,2,1,A01
200800042773,0,7,0,0,2,5,1,A01
200800042773,0,2,0,0,2,8,15,B01
200800042774,0,33,0,0,0,1,21,A01
200800042775,0,7,0,0,1,7,1,A01
200800042776,0,32,0,0,2,8,9,A01
200800042776,0,32,0,0,2,1,1,B01
200800042777,1,7,0,0,1,1,7,A01
200800042778,0,30,0,0,2,3,1,A01
200800042778,0,13,0,0,2,2,14,B01
200800042779,0,10,0,0,2,8,17,A01
200800042779,0,32,0,0,2,8,1,B01
200800042780,0,7,0,0,2,2,1,A01
200800042780,0,30,0,0,2,6,17,B01
200800042781,0,7,0,0,2,2,10,A01
200800042781,0,31,0,0,2,1,1,B01
200800042782,0,33,0,0,2,5,1,B01
200800042782,0,7,0,0,2,3,11,A01
200800042783,0,7,0,0,1,3,1,A01
200800042784,0,32,0,0,2,3,1,A01
200800042784,1,7,0,0,2,7,12,B01
200800042785,0,30,0,0,2,4,1,A01
200800042785,1,7,0,0,2,0,1,B01
200800042786,0,10,0,0,2,2,15,A01
200800042786,0,13,0,0,2,2,7,B01
200800042787,0,30,0,0,0,0,21,A01
200800042788,0,7,0,0,2,5,16,B01
200800042788,0,33,0,0,2,8,18,A01
200800042789,0,34,0,0,0,0,21,A01
200800042790,0,7,0,0,1,3,1,A01
200800042791,0,3,0,0,2,4,12,A01
200800042791,0,2,0,0,2,1,1,B01
200800042792,0,7,0,0,1,1,1,A01
200800042793,1,1,0,0,1,0,1,A01
200800042794,0,30,0,0,2,1,1,B01
200800042794,0,7,0,0,2,0,9,A01
200800042795,0,2,0,14,0,1,14,A01
200800042796,0,30,0,12,0,1,7,A01
200800042797,0,33,0,0,1,2,1,A01
200800042798,0,30,0,0,1,1,1,A01
200800042799,0,34,0,0,1,0,1,A01
200800042800,0,7,0,0,1,3,1,A01
200800042801,0,30,0,0,0,7,14,A01
200800042802,0,30,0,0,2,6,17,B01
200800042802,0,30,0,0,2,5,11,A01
200800042803,0,7,0,0,1,2,1,A01
200800042804,0,33,0,14,0,1,13,A01
200800042805,0,2,0,0,1,3,1,A01
200800042806,0,32,0,0,2,1,17,A01
200800042806,0,7,0,0,2,8,15,B01
200800042807,0,2,0,0,2,2,15,A01
200800042807,0,7,0,0,2,2,1,B01
200800042808,0,7,0,0,2,7,15,A01
200800042808,0,7,0,0,2,3,17,B01
200800042809,0,7,0,0,2,2,10,B01
200800042809,0,2,0,0,2,1,1,A01
200800042810,0,13,0,0,1,1,1,A01
200800042811,0,31,0,0,2,2,17,B01
200800042811,0,10,0,0,2,3,15,A01
200800042812,0,7,0,0,2,4,2,A01
200800042812,0,7,0,0,2,1,2,B01
200800042813,0,30,0,0,0,8,1,A01
200800042814,0,30,0,0,2,1,1,A01
200800042814,1,7,0,0,2,2,1,B01
200800042815,0,30,0,0,2,3,1,B01
200800042815,0,7,0,0,2,3,9,A01
200800042816,0,7,0,14,0,8,5,A01
200800042817,0,33,0,0,1,2,1,A01
200800042818,0,7,0,0,2,2,10,A01
200800042818,0,1,0,0,2,1,1,B01
200800042819,0,2,0,0,1,1,1,A01
200800042820,0,32,0,0,0,0,1,A01
200800042821,0,33,0,0,1,1,1,A01
200800042822,0,30,0,0,0,1,1,A01
200800042823,0,32,0,0,2,1,2,A01
200800042823,0,7,0,0,2,5,23,B01
200800042824,0,32,0,0,1,2,1,A01
200800042825,0,2,0,0,2,1,18,A01
200800042825,0,10,0,0,2,7,16,B01
200800042826,0,33,0,0,2,2,17,B01
200800042826,0,7,0,0,2,3,15,A01
200800042827,0,7,0,0,1,1,1,A01
200800042828,0,7,0,0,1,2,1,A01
200800042829,0,2,0,12,2,4,2,A01
200800042829,1,2,0,0,2,1,2,B01
200800042830,0,7,0,0,2,3,15,A01
200800042830,0,30,0,0,2,2,1,B01
200800042831,0,7,0,0,2,7,16,A01
200800042831,0,34,0,0,2,1,7,B01
200800042832,0,32,0,0,2,1,13,A01
200800042832,0,7,0,0,2,5,23,B01
200800042833,0,10,0,1,0,3,16,A01
200800042834,0,7,0,0,2,2,2,A01
200800042834,0,7,0,0,2,6,2,B01
200800042835,0,7,0,0,1,2,0,A01
200800042836,0,32,0,16,0,7,14,A01
200800042837,0,7,0,0,2,3,15,A01
200800042837,0,2,0,0,2,0,2,B01
200800042838,0,33,0,0,2,1,5,A01
200800042838,0,37,10,0,2,3,8,B01
200800042839,0,32,0,0,2,1,1,B01
200800042839,0,1,0,0,2,3,9,A01
200800042840,0,10,0,0,0,2,1,A01
200800042841,0,7,0,0,2,3,9,A01
200800042841,0,34,0,0,2,2,1,B01
200800042842,0,2,0,0,2,3,2,B01
200800042842,0,10,0,0,2,3,15,A01
200800042843,0,7,0,0,2,1,5,A01
200800042843,0,10,0,1,2,3,1,B01
200800042843,0,7,0,0,2,6,14,C01
200800042843,0,7,0,0,2,3,1,D01
200800042844,0,33,0,15,9,1,11,A01
200800042844,0,7,0,0,0,0,11,B01
200800042845,0,7,0,0,9,2,1,A01
200800042845,0,33,0,0,2,4,15,B01
200800042846,0,31,0,6,0,7,0,B01
200800042846,0,7,0,0,2,3,10,A01
200800042847,0,7,0,0,0,6,11,A01
200800042847,0,34,0,0,0,1,0,B01
200800042848,0,10,0,0,1,3,15,A01
200800042849,0,7,0,0,1,2,15,A01
200800042850,0,7,0,0,1,1,1,A01
200800042851,0,32,0,0,2,1,1,A01
200800042851,0,7,0,0,2,7,1,B01
200800042852,1,32,0,0,1,0,1,A01
200800042853,0,32,0,0,0,0,1,A01
200800042854,0,7,0,0,2,8,22,A01
200800042854,0,33,0,0,2,7,7,B01
200800042855,0,7,0,0,2,3,1,B01
200800042855,0,1,0,0,2,3,1,A01
200800042856,0,7,0,0,2,3,10,A01
200800042856,0,2,0,0,2,1,1,B01
200800042857,0,7,0,1,2,1,9,A01
200800042857,0,7,0,0,2,0,1,B01
200800042858,0,38,15,0,2,1,1,A01
200800042858,0,7,0,0,2,4,17,B01
200800042859,0,33,0,0,0,8,21,A01
200800042860,0,7,0,0,2,8,15,B01
200800042860,0,2,0,0,2,1,17,A01
200800042861,0,10,0,0,2,3,1,B01
200800042861,0,7,0,0,2,1,1,A01
200800042862,0,7,0,0,2,1,2,A01
200800042862,0,14,0,0,2,4,2,B01
200800042863,0,7,0,0,2,1,2,A01
200800042863,0,7,0,0,2,1,2,B01
200800042863,0,7,0,1,2,4,2,C01
200800042864,0,2,0,0,0,0,0,A01
200800042865,0,7,0,0,1,4,1,A01
200800042866,0,32,0,0,1,0,21,A01
200800042867,0,1,0,0,2,1,1,A01
200800042867,1,7,0,0,0,0,0,B01
200800042868,0,7,0,0,9,1,2,A01
200800042868,0,7,0,0,2,1,2,B01
200800042868,0,7,0,0,2,1,2,C01
200800042869,0,10,0,0,1,1,2,A01
200800042870,0,7,0,0,2,8,10,A01
200800042870,0,31,0,0,2,1,0,B01
200800042871,0,2,0,0,2,4,0,B01
200800042871,0,38,30,0,0,2,1,A01
200800042872,0,7,0,0,0,3,0,A01
200800042873,0,32,0,1,2,7,1,A01
200800042873,0,7,0,0,0,6,15,B01
200800042874,0,7,0,4,0,3,11,A01
200800042875,0,7,0,0,1,6,4,A01
200800042876,0,32,0,1,2,2,1,B01
200800042876,0,10,0,0,2,3,16,A01
200800042877,0,7,0,4,0,1,0,A01
200800042878,0,7,0,0,2,7,12,A01
200800042878,0,33,0,10,2,8,1,B01
200800042878,0,7,0,0,2,7,1,C01
200800042879,0,33,0,0,2,0,3,A01
200800042880,0,7,0,0,2,1,2,A01
200800042880,0,7,0,0,2,4,2,B01
200800042880,0,7,0,0,2,4,2,C01
200800042881,0,2,0,0,1,7,1,B01
200800042881,0,2,0,0,2,8,7,A01
200800042882,0,10,0,0,1,8,2,A01
200800042883,0,32,0,0,0,1,18,A01
200800042883,0,7,0,0,0,2,1,B01
200800042884,0,7,0,0,1,6,2,A01
200800042885,0,7,0,0,9,2,2,A01
200800042885,0,1,0,0,0,4,2,B01
200800042886,0,33,0,12,2,7,5,A01
200800042886,0,7,0,0,2,7,0,B01
200800042887,0,7,0,15,0,1,1,A01
200800042888,0,31,0,0,0,1,2,A01
200800042888,0,7,0,0,0,4,2,B01
200800042889,0,33,0,0,0,1,1,B01
200800042889,0,7,0,0,0,2,15,A01
200800042890,0,33,0,0,0,1,2,A01
200800042890,0,7,0,0,0,4,11,B01
200800042891,0,7,0,0,2,8,2,A01
200800042891,0,30,0,0,2,7,2,B01
200800042892,0,7,0,0,1,8,2,A01
200800042893,0,2,0,0,0,8,21,A01
200800042894,0,2,0,0,0,2,2,A01
200800042894,0,7,0,0,0,6,0,B01
200800042895,0,7,0,0,2,1,11,A01
200800042895,0,33,0,0,2,1,2,B01
200800042896,0,33,0,1,0,1,0,A01
200800042897,0,7,0,15,0,3,1,A01
200800042898,0,30,0,0,2,1,2,B01
200800042898,0,7,0,0,2,6,15,A01
200800042899,0,7,0,8,2,2,7,B01
200800042899,0,10,0,0,2,6,11,A01
200800042900,0,2,0,14,0,1,1,A01
200800042901,0,30,0,0,1,1,1,A01
200800042902,0,2,0,0,1,3,1,A01
200800042903,0,7,0,0,1,2,1,A01
200800042904,0,7,0,11,0,1,1,A01
200800042905,1,7,0,0,2,0,1,B01
200800042905,0,33,0,0,2,1,1,A01
200800042906,0,30,0,12,0,1,14,A01
200800042907,0,30,0,0,1,0,16,A01
200800042908,0,7,0,0,2,3,1,A01
200800042908,0,32,0,0,2,1,1,B01
200800042909,0,7,0,0,2,5,16,A01
200800042909,0,33,0,0,2,3,1,B01
200800042910,0,34,0,0,2,3,17,A01
200800042910,0,7,0,0,2,3,15,B01
200800042911,0,30,0,0,2,1,1,A01
200800042911,0,7,0,0,2,8,1,B01
200800042912,0,32,0,0,1,2,1,A01
200800042913,0,1,0,0,2,2,1,A01
200800042913,0,32,0,0,2,3,1,B01
200800042914,0,33,0,0,0,1,21,A01
200800042915,0,32,0,0,1,3,1,A01
200800042916,0,32,0,0,0,8,21,A01
200800042917,0,7,0,0,2,8,15,A01
200800042917,0,31,0,15,2,1,17,B01
200800042918,0,7,0,0,2,1,12,A01
200800042918,0,7,0,0,2,6,1,B01
200800042918,0,7,0,0,2,2,1,C01
200800042919,1,7,0,1,1,5,4,A01
200800042920,0,33,0,1,0,0,14,A01
200800042921,1,7,0,0,0,2,1,B01
200800042921,0,30,0,0,0,2,1,A01
200800042922,0,31,0,0,2,4,15,B01
200800042922,0,7,0,0,2,1,2,A01
200800042923,0,7,0,0,2,3,13,A01
200800042923,0,33,0,0,2,1,1,B01
200800042924,0,7,0,0,1,2,1,A01
200800042925,0,7,0,0,2,3,18,A01
200800042925,0,7,0,0,2,7,16,B01
200800042926,0,7,0,0,2,4,23,A01
200800042926,0,1,0,0,2,1,2,B01
200800042927,0,10,0,0,2,2,16,A01
200800042927,0,2,0,0,2,3,7,B01
200800042928,1,7,0,0,2,0,12,B02
200800042928,0,7,0,1,2,9,1,A01
200800042929,0,10,0,0,2,3,2,A01
200800042929,0,10,0,0,2,5,2,B01
200800042929,0,7,0,0,2,4,2,C01
200800042930,0,7,0,0,2,7,12,A01
200800042930,0,33,0,0,2,8,18,B01
200800042931,0,33,0,0,2,7,1,A01
200800042931,1,7,0,0,2,0,13,B01
200800042932,0,30,0,0,0,0,21,A01
200800042933,0,7,0,0,2,1,1,A01
200800042933,0,30,0,0,2,3,1,B01
200800042934,0,7,0,0,2,4,23,A01
200800042934,1,7,0,0,2,1,2,B01
200800042935,0,7,0,0,2,2,15,A01
200800042935,0,32,0,0,2,3,1,B01
200800042936,0,2,0,0,2,1,1,B01
200800042936,0,7,0,1,2,2,1,A01
200800042937,0,7,0,0,1,2,1,A01
200800042938,1,2,0,0,1,0,1,A01
200800042939,0,31,0,14,0,7,14,A01
200800042940,0,30,0,16,0,0,13,A01
200800042941,0,7,0,0,2,1,1,A01
200800042941,0,13,0,8,2,8,1,B01
200800042942,0,38,51,0,2,1,7,A01
200800042942,0,7,0,0,2,4,7,B01
200800042943,0,7,0,0,1,7,1,A01
200800042944,0,30,0,0,2,2,17,A01
200800042944,0,7,0,0,2,8,15,B01
200800042945,0,7,0,8,2,1,14,A01
200800042945,0,1,0,12,2,4,1,B01
200800042946,0,1,0,0,0,0,1,A01
200800042947,0,13,0,1,1,2,14,A01
200800042948,0,33,0,0,2,5,2,A01
200800042948,0,33,0,0,2,6,2,B01
200800042949,0,30,0,1,2,1,2,B01
200800042949,0,7,0,0,2,6,23,A01
200800042950,0,7,0,0,2,1,1,A01
200800042950,0,7,0,0,2,3,1,B01
200800042950,0,7,0,0,2,3,23,C01
200800042951,0,30,0,0,1,8,1,A01
200800042952,0,33,0,0,1,1,1,A01
200800042953,0,10,0,0,2,8,22,A01
200800042953,0,1,0,1,2,1,1,B01
200800042954,0,30,0,0,0,7,1,A01
200800042955,0,7,0,0,2,2,12,A01
200800042955,0,32,0,0,2,3,1,B01
200800042956,0,33,0,12,0,7,14,A01
200800042957,0,31,0,5,0,3,21,A01
200800042958,0,2,0,0,2,1,1,A01
200800042958,0,32,0,0,2,2,1,B01
200800042959,0,7,0,0,1,1,7,A01
200800042960,0,30,0,0,2,1,15,A01
200800042960,0,7,0,0,2,3,1,B01
200800042961,0,7,0,0,1,3,1,A01
200800042962,0,7,0,8,1,9,4,A01
200800042963,0,32,0,0,0,7,1,A01
200800042964,0,14,0,0,2,1,2,A01
200800042964,0,7,0,0,2,4,23,B01
200800042965,0,30,0,0,0,8,1,A01
200800042966,0,31,0,0,2,1,2,A01
200800042966,0,7,0,0,2,3,2,B01
200800042967,0,33,0,0,2,1,2,A01
200800042967,0,7,0,0,2,6,2,B01
200800042968,0,33,0,0,2,4,15,B01
200800042968,0,7,0,0,2,3,2,A01
200800042969,0,32,0,0,2,0,18,A01
200800042969,0,7,0,0,2,0,22,B01
200800042970,0,7,0,0,2,3,11,A01
200800042970,0,2,0,0,2,2,1,B01
200800042971,0,2,0,12,0,8,13,A01
200800042972,0,32,0,14,0,1,1,A01
200800042973,0,7,0,0,2,6,15,B01
200800042973,0,30,0,0,2,2,2,A01
200800042973,0,7,0,0,2,1,1,C01
200800042974,0,7,0,12,0,2,1,A01
200800042975,0,31,0,0,2,1,1,B01
200800042975,0,7,0,0,2,5,15,A01
200800042976,0,2,0,0,0,0,21,A01
200800042977,0,7,0,0,2,8,1,B01
200800042977,0,7,0,0,2,1,1,A01
200800042978,0,7,0,7,1,3,1,A01
200800042979,0,32,0,0,0,0,1,A01
200800042980,0,34,0,0,2,8,1,A01
200800042980,0,7,0,15,2,1,1,B01
200800042981,0,7,0,0,2,3,1,E01
200800042981,0,10,0,0,2,2,12,A01
200800042981,0,7,0,4,2,6,1,B01
200800042981,0,7,0,0,2,2,2,C01
200800042981,0,7,0,0,2,1,2,D01
200800042982,0,37,25,0,1,2,7,A01
200800042983,0,2,0,0,2,8,1,A01
200800042983,0,7,0,0,2,8,15,B01
200800042984,0,7,0,0,1,2,1,A01
200800042985,0,7,0,0,1,2,1,A01
200800042986,0,32,0,0,1,1,1,A01
200800042987,1,30,0,0,1,1,1,A01
200800042988,0,7,0,0,2,2,1,A01
200800042988,0,31,0,0,2,1,1,B01
200800042989,0,7,0,4,2,3,13,A01
200800042989,0,14,0,0,2,8,1,B01
200800042990,0,33,0,0,2,1,11,A01
200800042990,0,7,0,0,2,4,1,B01
200800042991,0,33,0,4,0,8,1,A01
200800042992,0,7,0,0,2,1,2,A01
200800042992,0,10,0,4,2,4,2,B01
200800042993,0,7,0,0,2,2,15,A01
200800042993,0,31,0,0,2,3,1,B01
200800042994,0,7,0,0,2,8,15,A01
200800042994,0,1,0,0,2,2,17,B01
200800042995,0,31,0,0,1,3,7,A01
200800042996,0,7,0,0,1,2,15,A01
200800042997,0,33,0,1,2,8,1,B01
200800042997,0,7,0,0,2,1,1,A01
200800042998,0,2,0,0,5,7,1,A01
200800042999,0,7,0,0,2,1,1,A01
200800042999,0,30,0,0,2,8,1,B01
200800043000,0,7,0,0,2,5,15,A01
200800043000,0,30,0,0,2,3,1,B01
200800043001,0,7,0,0,2,6,11,A01
200800043001,0,32,0,4,2,7,1,B01
200800043002,0,7,0,0,2,8,15,B01
200800043002,0,33,0,0,2,2,17,A01
200800043003,0,7,0,0,2,1,9,A01
200800043003,0,30,0,0,2,1,17,B01
200800043004,0,7,0,0,2,1,2,A01
200800043004,0,7,0,0,2,4,2,B01
200800043005,0,7,0,0,2,3,13,A01
200800043005,0,33,0,0,2,7,3,B01
200800043006,0,7,0,0,2,5,12,A01
200800043006,0,32,0,0,2,8,1,B01
200800043007,0,13,0,0,2,1,2,A01
200800043007,0,7,0,0,2,5,2,B01
200800043008,0,1,0,0,1,1,7,A01
200800043009,0,32,0,0,0,8,21,A01
200800043010,0,32,0,0,2,0,1,A01
200800043010,0,30,0,0,2,6,11,B01
200800043011,0,7,0,0,2,7,15,A01
200800043011,0,33,0,0,2,7,1,B01
200800043012,0,33,0,0,1,1,1,A01
200800043013,0,33,0,0,2,7,15,A01
200800043013,0,7,0,0,2,1,1,B01
200800043014,0,7,0,0,2,2,9,A01
200800043014,0,33,0,1,2,8,1,B01
200800043015,0,7,0,0,1,0,1,A01
200800043016,0,3,0,0,2,2,15,A01
200800043016,0,1,0,0,2,1,1,B01
200800043017,0,30,0,4,2,3,13,A01
200800043017,0,7,0,0,2,0,1,B01
200800043018,0,7,0,0,2,2,2,E01
200800043018,0,33,0,0,2,2,3,A01
200800043018,0,7,0,0,2,9,14,B01
200800043018,0,7,0,0,2,9,2,C01
200800043018,0,7,0,0,2,9,2,D01
200800043019,0,32,0,0,2,3,3,A01
200800043019,0,33,0,0,2,1,1,F02
200800043019,0,7,0,0,2,2,2,B01
200800043019,0,7,0,0,2,8,1,G02
200800043019,0,7,0,0,2,8,1,C01
200800043019,0,7,0,0,2,8,2,H02
200800043019,0,7,0,0,2,8,1,D01
200800043019,0,7,0,0,2,7,2,E01
200800043020,0,7,0,0,2,1,2,A01
200800043020,0,7,0,0,2,4,2,B01
200800043021,0,7,0,0,2,8,1,B01
200800043021,0,30,0,0,2,1,1,A01
200800043022,0,30,0,14,0,1,1,A01
200800043023,0,7,0,0,2,7,16,A01
200800043023,0,1,0,0,2,1,7,B01
200800043024,0,30,0,0,2,8,7,A01
200800043024,0,7,0,0,2,7,16,B01
200800043025,0,7,0,0,2,5,15,A01
200800043025,0,33,0,0,2,8,1,B01
200800043026,0,2,0,1,0,3,18,A01
200800043027,0,7,0,0,1,3,1,A01
200800043028,0,32,0,0,2,3,1,A01
200800043028,1,7,0,0,2,0,14,B01
200800043029,0,14,0,0,2,7,1,B01
200800043029,0,2,0,0,2,3,10,A01
200800043030,0,31,0,0,0,7,1,A01
200800043031,0,30,0,0,2,1,1,A01
200800043031,0,7,0,0,2,3,1,B01
200800043032,0,33,0,0,1,1,1,A01
200800043033,0,7,0,8,2,1,1,A01
200800043033,0,7,0,0,2,1,1,B01
200800043034,0,1,0,0,1,1,5,A01
200800043035,0,7,0,0,2,1,9,A01
200800043035,0,31,0,0,2,7,23,B01
200800043036,0,7,0,0,2,1,1,B01
200800043036,0,32,0,0,2,7,1,A01
200800043037,0,2,0,8,0,0,1,A01
200800043038,0,32,0,0,2,1,2,A01
200800043038,0,7,0,0,2,4,2,B01
200800043039,0,7,0,0,1,3,15,A01
200800043040,0,7,0,0,2,8,23,B01
200800043040,0,30,0,0,2,2,1,A01
200800043040,1,7,0,0,2,7,22,C01
200800043041,0,7,0,0,2,1,1,B01
200800043041,0,7,0,12,2,7,1,A01
200800043042,0,1,0,0,2,1,1,B01
200800043042,0,7,0,0,2,2,22,A01
200800043043,0,7,0,0,2,3,15,A01
200800043043,0,32,0,0,2,7,17,B01
200800043044,0,7,0,0,2,5,15,A01
200800043044,0,32,0,0,2,3,1,B01
200800043045,0,30,0,0,0,0,1,A01
200800043046,0,7,0,0,2,7,15,B01
200800043046,0,33,0,0,2,3,1,A01
200800043047,0,7,0,0,2,3,2,A01
200800043047,0,7,0,0,2,3,2,B01
200800043047,0,33,0,0,2,4,23,C01
200800043048,0,7,0,0,1,3,1,A01
200800043049,0,7,0,0,2,1,1,A01
200800043049,0,7,0,0,2,5,15,B01
200800043050,0,7,0,0,2,8,22,A01
200800043050,0,1,0,1,2,0,1,B01
200800043051,0,7,0,0,2,1,17,A01
200800043051,0,1,0,0,2,6,1,B01
200800043052,0,7,0,0,2,1,2,A01
200800043052,0,7,0,0,2,4,23,B01
200800043052,0,7,0,0,2,4,23,C01
200800043053,0,2,0,0,0,1,17,A01
200800043054,0,7,0,4,0,1,14,A01
200800043055,0,33,0,0,0,2,1,A01
200800043056,0,33,0,0,2,2,11,A01
200800043056,0,7,0,0,2,6,1,B01
200800043057,0,30,0,0,0,1,1,A01
200800043058,0,30,0,3,2,1,2,A01
200800043058,0,7,0,0,2,6,2,B01
200800043059,0,2,0,0,2,2,5,A01
200800043059,0,31,0,0,2,3,15,B01
200800043060,0,7,0,11,2,6,13,A01
200800043060,0,7,0,0,2,6,23,B01
200800043061,0,7,0,0,2,4,2,A01
200800043061,0,10,0,0,2,1,2,B01
200800043062,0,10,0,0,1,3,15,A01
200800043063,0,7,0,0,1,4,4,A01
200800043064,0,7,0,0,2,3,13,B01
200800043064,0,31,0,0,2,7,17,A01
200800043065,0,7,0,0,1,0,16,A01
200800043066,0,7,0,0,2,7,22,A01
200800043066,0,30,0,0,2,3,3,B01
200800043066,0,10,0,0,2,8,7,C01
200800043067,0,7,0,0,2,8,13,B01
200800043067,0,32,0,0,2,7,17,A01
200800043068,0,7,0,0,2,2,15,A01
200800043068,0,33,0,0,2,3,1,B01
200800043069,0,7,0,0,1,1,1,A01
200800043070,0,13,0,0,2,1,1,A01
200800043070,0,37,10,0,2,7,1,B01
200800043071,1,7,0,0,2,0,1,B01
200800043071,0,1,0,0,2,4,1,A01
200800043072,0,1,0,14,0,1,21,A01
200800043073,0,7,0,0,2,2,2,A01
200800043073,0,1,0,0,2,6,15,B01
200800043074,0,7,0,0,2,8,9,A01
200800043074,0,32,0,0,2,2,1,B01
200800043075,0,31,0,1,0,2,0,A01
200800043076,0,7,0,0,2,2,15,A01
200800043076,0,33,0,0,2,1,1,B01
200800043077,0,10,0,0,1,7,1,A01
200800043078,0,7,0,4,2,1,11,A01
200800043078,0,7,0,0,2,1,1,B01
200800043079,0,33,0,0,2,1,11,A01
200800043079,0,7,0,0,2,4,23,B01
200800043080,0,1,0,14,2,8,7,A01
200800043080,0,37,1,0,2,7,17,B01