Num_Acc,senc,catv,occutc,obs,obsm,choc,manv,num_veh
200800043456,0,33,0,1,0,1,0,A01
200800043457,0,30,0,1,0,3,0,A01
200800043458,1,7,0,0,1,3,0,A01
200800043459,0,33,0,0,2,1,2,A01
200800043459,0,3,0,0,2,6,2,B01
200800043460,0,7,0,0,2,1,0,A01
200800043460,0,7,0,0,2,1,0,B01
200800043461,0,7,0,0,2,5,9,A01
200800043461,0,31,0,0,2,5,1,B01
200800043462,0,7,0,0,2,8,9,A01
200800043462,0,30,0,0,2,8,9,B01
200800043463,0,33,0,12,0,1,17,A01
200800043464,0,7,0,0,1,1,0,A01
200800043465,0,2,0,0,0,8,0,A01
200800043466,0,7,0,0,2,3,15,A01
200800043466,0,33,0,0,2,3,9,B01
200800043467,0,31,0,0,0,6,21,A01
200800043468,0,32,0,0,0,8,2,A01
200800043469,0,7,0,0,2,2,9,A01
200800043469,0,7,0,0,0,9,2,B01
200800043470,1,7,0,0,1,1,1,A01
200800043471,0,30,0,0,2,5,2,A01
200800043471,0,7,0,0,2,5,2,B01
200800043471,0,7,0,0,2,2,5,C01
200800043472,0,7,0,6,2,1,2,A01
200800043473,0,7,0,0,2,1,0,A01
200800043473,0,7,0,0,2,4,0,B01
200800043473,0,7,0,0,2,4,0,C01
200800043474,0,7,0,0,2,2,15,A01
200800043474,0,7,0,0,2,3,1,B01
200800043475,0,7,0,0,2,7,15,A01
200800043475,0,7,0,0,2,1,1,B01
200800043476,1,7,0,1,1,0,0,A01
200800043477,0,32,0,0,0,7,0,A01
200800043478,0,7,0,1,0,1,12,A01
200800043479,0,7,0,0,0,3,15,A01
200800043479,0,32,0,0,2,1,17,B01
200800043480,0,7,0,0,2,2,15,A01
200800043480,0,30,0,0,2,1,1,B01
200800043481,0,7,0,0,2,0,0,A01
200800043481,0,34,0,3,0,2,3,B01
200800043482,0,30,0,0,2,1,1,A01
200800043482,0,7,0,0,2,7,1,B01
200800043483,0,2,0,0,0,3,1,A01
200800043484,0,7,0,0,2,3,9,A01
200800043484,0,7,0,0,2,2,1,B01
200800043485,0,17,0,0,2,1,0,A01
200800043485,0,7,0,0,0,7,3,B01
200800043486,0,7,0,14,0,1,0,A01
200800043487,0,7,0,0,2,3,15,A01
200800043487,0,37,62,0,2,2,0,B01
200800043488,0,7,0,0,2,1,15,A01
200800043488,0,7,0,0,2,6,1,B01
200800043489,0,7,0,0,2,1,15,B01
200800043489,1,30,0,0,2,1,1,A01
200800043490,0,7,0,0,0,6,13,A01
200800043490,0,2,0,0,0,7,2,B01
200800043491,0,7,0,0,0,2,1,B01
200800043491,0,33,0,0,2,1,1,A01
200800043492,1,7,0,0,0,0,18,A01
200800043492,0,30,0,0,2,7,12,B01
200800043493,0,7,0,0,0,7,2,A01
200800043493,0,1,0,12,2,8,2,B01
200800043494,0,7,0,0,1,1,1,A01
200800043495,0,7,0,0,2,7,1,A01
200800043495,0,33,0,0,2,1,9,B01
200800043496,0,10,0,0,1,1,1,A01
200800043497,0,7,0,12,0,1,17,A01
200800043498,0,33,0,14,0,0,7,A01
200800043499,0,1,0,0,2,1,1,A01
200800043499,0,7,0,0,2,2,16,B01
200800043500,0,7,0,0,2,7,10,A01
200800043500,0,33,0,0,2,1,1,B01
200800043501,0,7,0,0,2,1,15,A01
200800043501,0,7,0,0,2,1,1,B01
200800043502,0,2,0,0,2,1,1,B01
200800043502,0,7,0,0,2,1,1,A01
200800043503,0,30,0,0,2,1,5,A01
200800043503,0,7,0,0,2,1,1,B01
200800043504,0,7,0,0,2,1,2,A01
200800043504,0,7,0,0,2,9,23,B01
200800043504,0,7,0,0,2,9,23,C01
200800043504,0,7,0,0,2,4,23,D01
200800043505,0,7,0,0,2,6,10,A01
200800043505,0,31,0,0,2,1,2,B01
200800043506,0,7,0,8,2,9,1,B01
200800043506,0,7,0,0,2,1,1,A01
200800043507,0,7,0,0,1,1,2,A01
200800043508,0,7,0,0,2,2,10,A01
200800043508,0,32,0,0,2,8,1,B01
200800043509,0,7,0,0,2,8,15,A01
200800043509,0,7,0,0,2,1,1,B01
200800043510,0,7,0,0,2,2,1,A01
200800043510,0,7,0,0,2,4,1,B01
200800043511,0,7,0,0,2,5,1,A01
200800043511,0,7,0,0,2,1,1,B01
200800043512,0,37,6,0,2,2,16,B01
200800043512,0,34,0,0,2,6,18,A01
200800043513,0,7,0,0,1,1,1,A01
200800043514,0,2,0,0,1,0,1,A01
200800043515,0,7,0,4,0,9,1,A01
200800043516,0,7,0,7,0,1,1,A01
200800043516,0,7,0,0,2,3,15,B01
200800043517,0,7,0,8,0,3,1,A01
200800043518,0,33,0,0,0,7,1,A01
200800043519,0,7,0,0,2,1,1,A01
200800043519,0,7,0,0,2,4,1,B01
200800043520,0,7,0,0,2,1,2,A01
200800043520,0,7,0,0,2,4,2,B01
200800043520,0,7,0,0,2,4,2,C01
200800043520,0,7,0,0,2,4,2,D01
200800043521,0,37,1,6,0,1,1,A01
200800043522,0,32,0,0,0,0,17,A01
200800043522,0,7,0,0,0,0,13,B01
200800043523,0,1,0,0,2,0,1,B01
200800043523,0,7,0,0,2,1,1,A01
200800043524,0,7,0,0,2,3,13,A01
200800043524,0,33,0,0,2,2,1,B01
200800043525,0,7,0,0,2,2,1,A01
200800043525,0,32,0,0,2,1,1,B01
200800043526,0,7,0,0,1,0,0,A01
200800043527,0,7,0,0,2,5,15,A01
200800043527,0,37,70,0,2,2,1,B01
200800043528,0,7,0,0,2,6,1,B01
200800043528,0,10,0,0,2,1,15,A01
200800043529,0,7,0,0,2,1,0,A01
200800043529,0,7,0,0,0,4,0,B01
200800043530,0,7,0,12,0,1,1,A01
200800043531,0,33,0,0,1,1,1,A01
200800043532,0,7,0,0,2,1,1,A01
200800043532,0,7,0,0,0,4,1,B01
200800043533,0,31,0,0,2,0,1,B01
200800043533,0,7,0,0,2,2,9,A01
200800043534,0,7,0,0,2,2,2,A01
200800043534,1,99,0,0,2,1,9,B01
200800043535,0,7,0,0,2,6,2,B01
200800043535,0,7,0,0,2,1,0,A01
200800043536,0,7,0,0,2,5,20,A01
200800043536,0,30,0,0,2,1,1,B01
200800043537,0,7,0,0,1,1,1,A01
200800043538,0,32,0,14,2,1,17,A01
200800043539,0,7,0,0,1,3,2,A01
200800043540,0,7,0,14,0,1,2,A01
200800043540,0,7,0,0,2,4,23,B01
200800043541,1,7,0,1,1,0,0,A01
200800043542,0,7,0,0,1,1,1,A01
200800043543,0,14,0,0,2,2,16,A01
200800043543,0,7,0,0,2,4,23,B01
200800043544,0,34,0,16,0,1,1,A01
200800043545,0,7,0,0,2,1,1,A01
200800043545,0,7,0,0,2,4,2,B01
200800043546,0,32,0,0,1,8,1,A01
200800043547,0,30,0,0,2,1,17,A01
200800043547,0,10,0,0,2,3,15,B01
200800043548,0,32,0,0,0,9,1,B01
200800043548,0,7,0,0,0,8,15,A01
200800043549,0,7,0,0,2,2,17,A01
200800043549,0,37,1,0,2,3,1,B01
200800043550,0,7,0,0,2,2,2,A01
200800043550,0,7,0,0,2,9,2,B01
200800043551,0,7,0,0,2,2,16,A01
200800043551,0,37,1,0,2,3,7,B01
200800043552,0,7,0,0,2,5,1,A01
200800043552,0,7,0,0,0,0,0,B01
200800043553,0,7,0,0,2,8,1,A01
200800043553,0,31,0,0,2,7,0,B01
200800043554,0,7,0,15,0,1,1,A01
200800043555,0,10,0,8,0,1,16,A01
200800043556,0,33,0,0,0,0,2,A01
200800043557,0,2,0,0,2,1,1,A01
200800043557,0,7,0,0,0,7,15,B01
200800043557,0,7,0,0,2,1,1,C01
200800043558,0,2,0,0,2,1,17,A01
200800043558,0,7,0,0,2,4,15,B01
200800043559,0,7,0,0,2,1,1,A01
200800043559,0,7,0,0,2,8,1,B01
200800043560,0,10,0,0,1,0,1,A01
200800043561,0,13,0,0,2,1,17,A01
200800043561,0,31,0,0,2,8,1,B01
200800043562,0,7,0,0,2,1,16,A01
200800043562,0,30,0,0,2,5,1,B01
200800043563,0,7,0,0,2,8,15,A01
200800043563,0,10,0,0,2,1,1,B01
200800043564,0,7,0,15,0,1,21,B01
200800043564,0,10,0,0,2,1,1,C01
200800043564,0,7,0,0,2,1,21,A01
200800043565,0,7,0,0,1,2,1,A01
200800043566,0,2,0,0,2,1,17,A01
200800043566,0,7,0,0,2,8,15,B01
200800043567,0,7,0,0,1,7,1,A01
200800043568,0,7,0,0,1,1,1,A01
200800043569,0,31,0,0,0,1,1,A01
200800043570,0,7,0,0,2,1,1,A01
200800043570,0,7,0,0,0,4,1,B01
200800043571,0,7,0,3,2,2,17,A01
200800043571,0,7,0,3,2,8,1,B01
200800043572,0,7,0,0,1,1,15,A01
200800043573,0,33,0,0,2,1,1,A01
200800043573,0,31,0,0,2,8,1,B01
200800043573,0,7,0,0,2,8,1,C01
200800043574,0,33,0,0,2,1,17,A01
200800043574,0,7,0,0,2,3,15,B01
200800043575,0,7,0,1,2,1,1,B01
200800043575,0,7,0,8,2,2,16,A01
200800043576,0,7,0,0,2,2,9,A01
200800043576,0,7,0,0,2,1,1,B01
200800043577,0,7,0,0,2,8,20,A01
200800043577,0,2,0,0,2,8,1,B01
200800043578,0,7,0,0,2,8,15,A01
200800043578,0,2,0,0,2,1,17,B01
200800043579,0,7,0,0,2,1,13,A01
200800043579,0,14,0,0,2,3,1,B01
200800043579,0,7,0,0,2,1,1,C01
200800043579,0,7,0,0,2,4,1,D01
200800043580,0,7,0,0,2,2,9,A01
200800043580,0,33,0,0,2,7,1,B01
200800043581,0,7,0,1,2,8,1,B01
200800043581,0,7,0,0,2,1,1,A01
200800043582,0,10,0,0,2,3,1,A01
200800043582,0,7,0,0,2,3,1,B01
200800043583,0,10,0,0,2,8,9,B01
200800043583,0,7,0,0,2,1,1,A01
200800043584,0,7,0,0,2,3,5,A01
200800043584,0,7,0,0,2,3,1,B01
200800043585,0,33,0,1,0,1,1,A01
200800043585,0,7,0,0,2,6,24,B01
200800043586,0,7,0,0,2,6,23,C01
200800043586,1,7,0,0,2,2,16,A01
200800043586,0,30,0,0,2,8,18,B01
200800043587,0,31,0,0,2,8,17,A01
200800043587,0,10,0,0,2,1,9,B01
200800043588,0,2,0,0,2,1,17,A01
200800043588,0,7,0,0,2,6,15,B01
200800043589,1,7,0,0,1,0,1,A01
200800043590,0,7,0,0,2,5,15,A01
200800043590,0,2,0,0,2,1,1,B01
200800043591,0,31,0,0,2,0,1,A01
200800043591,0,7,0,0,2,7,1,B01
200800043592,0,33,0,0,2,8,2,A01
200800043592,0,33,0,0,0,0,2,B01
200800043593,0,7,0,7,0,1,12,A01
200800043594,0,10,0,0,2,7,20,A01
200800043594,0,2,0,0,2,3,1,B01
200800043595,0,7,0,0,2,2,1,A01
200800043595,0,1,0,0,2,4,15,B01
200800043596,0,10,0,0,2,1,1,B01
200800043596,0,7,0,8,2,8,1,A01
200800043597,0,7,0,0,2,1,1,A01
200800043597,0,1,0,0,2,4,19,B01
200800043598,0,7,0,0,2,3,22,A01
200800043598,0,1,0,1,0,1,1,B01
200800043599,0,7,0,0,2,3,1,B01
200800043599,0,7,0,0,2,1,15,A01
200800043600,0,7,0,0,2,3,15,A01
200800043600,0,33,0,1,2,7,1,B01
200800043601,0,7,0,0,2,5,16,A01
200800043601,0,37,0,0,2,3,1,B01
200800043602,0,7,0,0,2,1,15,A01
200800043602,0,1,0,0,2,1,1,B01
200800043603,0,30,0,0,2,1,1,B01
200800043603,0,7,0,0,2,2,1,A01
200800043604,0,7,0,0,2,2,14,A01
200800043604,0,30,0,0,2,3,1,B01
200800043605,0,7,0,1,2,8,1,B01
200800043605,0,7,0,0,2,6,24,C01
200800043605,0,10,0,0,2,1,1,A01
200800043606,0,38,0,8,2,7,1,A01
200800043606,0,10,0,0,2,1,1,B01
200800043607,0,38,0,0,1,1,1,A01
200800043608,0,1,0,0,1,1,1,A01
200800043609,0,1,0,0,1,0,1,A01
200800043610,0,7,0,1,1,0,4,A01
200800043611,0,33,0,0,2,7,1,A01
200800043611,1,7,0,0,2,3,11,B01
200800043612,0,33,0,0,2,5,2,A01
200800043612,0,7,0,0,2,3,2,B01
200800043613,0,10,0,0,2,4,2,A01
200800043613,0,7,0,0,2,0,1,D01
200800043613,0,7,0,0,2,1,2,B01
200800043613,0,32,0,0,0,0,1,E01
200800043613,0,33,0,0,0,0,1,F01
200800043613,0,33,0,0,0,0,2,C01
200800043614,0,7,0,0,2,4,0,A01
200800043614,0,33,0,0,2,1,0,B01
200800043615,0,99,0,0,2,5,21,C01
200800043615,0,33,0,0,2,1,21,B01
200800043615,0,7,0,0,0,6,4,A01
200800043616,0,7,0,0,0,4,0,A01
200800043616,1,99,0,0,0,0,0,B01
200800043617,0,33,0,0,2,6,2,A01
200800043618,0,33,0,0,0,8,1,A01
200800043619,0,15,0,3,0,2,13,A01
200800043620,0,7,0,3,0,3,14,A01
200800043621,0,33,0,12,0,1,14,A01
200800043622,1,99,0,0,0,0,0,A01
200800043622,0,7,0,0,2,5,1,B01
200800043623,1,7,0,0,0,0,0,B01
200800043623,0,34,0,0,2,3,1,A01
200800043624,0,10,0,11,0,1,0,A01
200800043625,0,7,0,0,0,2,1,C01
200800043625,0,7,0,0,0,4,1,B01
200800043625,0,7,0,0,2,1,1,A01
200800043626,0,7,0,0,2,2,2,A01
200800043626,0,10,0,0,2,4,2,B01
200800043627,0,7,0,4,0,3,0,A01
200800043628,0,7,0,0,0,1,0,A01
200800043629,0,33,0,0,0,1,0,A01
200800043630,0,7,0,4,0,1,0,A01
200800043631,0,7,0,0,2,8,2,B01
200800043631,0,7,0,4,2,3,1,A01
200800043632,0,7,0,0,1,1,1,A01
200800043633,0,33,0,0,2,1,3,A01
200800043633,0,7,0,0,0,6,1,B01
200800043634,0,7,0,4,0,1,0,A01
200800043635,0,30,0,0,0,0,1,A01
200800043636,0,31,0,0,2,1,2,A01
200800043636,0,7,0,0,2,4,2,B01
200800043637,0,7,0,0,2,1,2,A01
200800043637,0,7,0,0,2,4,1,B01
200800043638,0,14,0,0,2,7,12,A01
200800043638,0,7,0,0,2,8,1,B01
200800043638,0,33,0,0,2,1,1,C01
200800043639,0,7,0,4,2,8,9,A01
200800043639,0,7,0,0,2,1,13,B01
200800043640,0,7,0,4,0,3,17,A01
200800043640,0,15,0,0,0,3,0,B01
200800043640,0,7,0,0,2,1,21,C01
200800043641,0,33,0,0,0,0,16,A01
200800043642,0,33,0,0,0,7,0,A01
200800043643,0,7,0,0,2,1,2,A01
200800043643,0,30,0,0,0,4,2,B01
200800043644,0,33,0,4,0,1,9,A01
200800043645,0,7,0,13,0,2,1,A01
200800043646,0,7,0,0,2,1,11,A01
200800043646,0,7,0,0,2,8,1,B01
200800043647,0,7,0,0,2,0,0,A01
200800043647,0,7,0,0,0,0,0,B01
200800043648,0,7,0,0,0,0,1,A01
200800043649,0,33,0,0,0,7,0,A01
200800043650,0,17,0,1,0,2,14,A01
200800043650,0,7,0,0,0,6,24,B01
200800043651,0,7,0,4,0,1,13,A01
200800043652,0,7,0,4,0,1,13,A01
200800043653,0,7,0,4,0,1,13,A01
200800043654,0,7,0,0,2,1,1,A01
200800043654,0,7,0,0,2,4,2,B01
200800043654,0,7,0,0,2,4,2,C01
200800043655,0,10,0,0,2,2,1,A01
200800043655,0,7,0,3,2,4,1,B01
200800043655,0,7,0,4,0,1,2,C01
200800043656,0,99,0,0,0,0,21,A01
200800043657,0,7,0,0,2,1,1,A01
200800043657,0,7,0,0,2,4,2,B01
200800043657,0,7,0,0,2,4,2,C01
200800043658,0,7,0,0,2,1,1,A01
200800043658,0,7,0,0,2,4,2,B01
200800043659,0,7,0,4,0,1,13,A01
200800043660,0,7,0,0,2,2,1,A01
200800043660,0,17,0,0,2,4,2,B01
200800043661,0,7,0,4,0,1,0,A01
200800043662,0,7,0,4,0,2,13,A01
200800043663,0,10,0,0,2,2,1,A01
200800043663,0,7,0,0,2,4,0,B01
200800043663,0,7,0,0,2,4,2,C01
200800043664,0,7,0,0,2,1,1,A01
200800043665,0,33,0,0,2,1,3,A01
200800043665,0,7,0,0,2,4,1,B01
200800043665,0,7,0,0,2,4,1,C01
200800043665,0,10,0,0,9,1,1,D01
200800043666,0,7,0,0,2,1,1,A01
200800043666,0,7,0,0,2,4,1,B01
200800043666,0,7,0,0,0,4,1,C01
200800043667,0,7,0,0,0,8,1,A01
200800043667,0,15,0,0,2,7,12,B01
200800043668,0,10,0,13,0,0,0,A01
200800043668,0,7,0,0,0,0,0,B01
200800043668,0,17,0,0,0,0,0,C01
200800043669,0,33,0,0,2,8,11,A01
200800043669,0,14,0,0,2,8,1,B01
200800043670,0,7,0,0,2,7,11,A01
200800043670,0,7,0,0,2,7,1,B01
200800043671,0,7,0,4,0,2,1,A01
200800043672,0,7,0,4,0,2,1,A01
200800043673,0,7,0,2,0,1,1,A01
200800043674,0,7,0,3,0,1,1,A01
200800043675,0,7,0,0,2,2,12,A01
200800043675,0,10,0,3,0,8,1,B01
200800043676,0,7,0,0,2,1,1,A01
200800043676,0,7,0,4,0,4,1,B01
200800043677,0,7,0,0,0,0,0,A01
200800043678,0,7,0,4,0,0,14,A01
200800043679,0,7,0,0,2,1,2,A01
200800043679,0,7,0,0,2,4,2,B01
200800043679,0,7,0,0,2,4,2,C01
200800043679,0,10,0,0,2,4,2,D01
200800043679,0,7,0,0,0,4,2,E01
200800043680,0,33,0,0,2,1,2,A01
200800043680,0,10,0,0,0,6,2,B01
200800043681,0,7,0,4,0,8,1,A01
200800043682,0,15,0,0,2,3,11,A01
200800043682,0,7,0,0,2,5,1,B01
200800043683,0,10,0,0,2,1,1,A01
200800043683,0,7,0,0,2,4,1,B01
200800043683,0,7,0,0,2,4,1,C01
200800043683,0,7,0,0,2,4,2,D01
200800043683,0,7,0,0,0,4,2,E01
200800043684,0,33,0,0,2,1,2,A01
200800043684,0,7,0,0,0,4,2,B01
200800043685,0,7,0,3,0,1,1,A01
200800043686,0,10,0,0,2,2,17,A01
200800043686,0,7,0,0,0,3,1,B01
200800043687,0,7,0,4,0,1,1,A01
200800043688,0,7,0,4,0,1,1,A01
200800043689,0,7,0,4,0,1,1,A01
200800043690,0,7,0,0,2,1,2,A01
200800043690,0,10,0,0,2,5,2,B01
200800043690,0,10,0,0,0,4,2,C01
200800043691,0,7,0,4,0,1,2,A01
200800043692,0,7,0,4,0,1,1,A01
200800043693,0,7,0,0,2,2,2,A01
200800043693,0,7,0,0,0,4,2,B01
200800043694,0,7,0,3,0,2,1,A01
200800043695,0,7,0,4,0,3,2,A01
200800043696,0,7,0,0,2,1,2,A01
200800043696,0,7,0,0,2,4,2,B01
200800043696,0,7,0,0,2,4,2,C01
200800043696,0,7,0,0,0,4,2,D01
200800043697,0,7,0,4,0,1,2,A01
200800043698,0,17,0,0,2,2,12,A01
200800043698,0,7,0,0,2,8,2,B01
200800043699,0,7,0,4,0,1,1,A01
200800043700,0,7,0,3,0,1,2,A01
200800043701,0,7,0,0,0,1,1,A01
200800043702,0,1,0,0,0,0,2,A01
200800043703,0,7,0,0,2,1,2,A01
200800043703,0,7,0,0,2,1,2,C01
200800043703,0,7,0,0,2,6,2,B01
200800043704,0,7,0,0,0,9,0,A01
200800043705,0,10,0,0,2,2,1,A01
200800043705,0,7,0,4,0,6,2,B01
200800043706,0,17,0,0,2,2,2,A01
200800043706,0,7,0,0,2,6,2,B01
200800043707,0,10,0,0,2,1,2,A01
200800043707,0,7,0,0,0,4,2,B01
200800043708,0,7,0,3,0,1,1,A01
200800043709,0,7,0,0,2,2,2,A01
200800043709,0,7,0,0,0,6,2,B01
200800043710,0,7,0,14,2,3,19,B01
200800043710,0,7,0,4,2,2,1,A01
200800043711,0,7,0,0,0,3,13,A01
200800043712,0,7,0,0,0,3,1,A01
200800043713,0,7,0,0,2,6,1,B01
200800043713,0,15,0,0,0,1,9,A01
200800043714,0,7,0,0,0,4,2,B01
200800043714,0,7,0,2,2,1,2,A01
200800043715,0,7,0,0,2,1,2,A01
200800043715,0,7,0,0,0,4,2,B01
200800043716,0,7,0,0,0,9,1,A01
200800043717,0,10,0,0,2,3,2,A01
200800043717,0,7,0,0,0,4,2,B01
200800043718,0,7,0,0,2,6,13,A01
200800043718,0,7,0,0,2,2,1,B01
200800043718,0,7,0,0,2,7,1,C01
200800043719,0,14,0,0,2,2,12,A01
200800043719,0,7,0,0,2,6,1,B01
200800043720,0,7,0,0,2,1,2,A01
200800043720,0,7,0,0,2,4,2,B01
200800043721,0,7,0,8,2,1,12,A01
200800043721,0,7,0,0,2,4,1,B01
200800043722,0,7,0,3,0,1,1,A01
200800043723,0,7,0,4,0,9,17,A01
200800043724,0,7,0,0,2,1,2,A01
200800043724,0,7,0,0,0,4,2,B01
200800043725,0,7,0,4,0,1,16,A01
200800043726,0,7,0,4,0,1,1,A01
200800043727,0,7,0,4,0,3,13,A01
200800043728,0,7,0,3,0,3,21,A01
200800043729,0,7,0,3,1,1,21,A01
200800043730,0,15,0,0,2,3,1,B01
200800043730,0,7,0,3,2,8,17,A01
200800043731,0,7,0,0,2,8,2,B01
200800043731,0,7,0,4,0,2,2,A01
200800043732,0,33,0,0,2,1,2,A01
200800043732,0,7,0,0,2,6,2,B01
200800043732,0,7,0,0,2,6,0,C01
200800043733,0,7,0,0,2,1,2,A01
200800043733,0,7,0,0,2,4,2,B01
200800043734,0,31,0,0,0,1,3,A01
200800043735,0,33,0,3,0,1,1,A01
200800043736,0,7,0,3,0,1,1,A01
200800043737,0,7,0,0,2,5,23,A01
200800043737,0,7,0,0,2,2,1,B01
200800043738,0,33,0,15,0,8,1,A01
200800043739,0,7,0,0,0,7,20,A01
200800043740,0,7,0,3,0,3,1,A01
200800043741,0,7,0,0,2,4,2,A01
200800043741,0,7,0,0,2,1,2,B01
200800043741,0,7,0,0,2,1,2,C01
200800043742,0,7,0,0,2,4,2,A01
200800043742,0,7,0,0,2,1,2,B01
200800043743,0,7,0,0,2,5,12,A01
200800043743,0,33,0,0,2,8,1,B01
200800043744,0,7,0,0,2,3,1,A01
200800043744,0,7,0,2,2,5,14,B01
200800043745,0,7,0,4,0,2,12,A01
200800043746,0,7,0,16,0,9,0,A01
200800043747,0,7,0,3,0,2,1,A01
200800043748,0,7,0,3,0,4,1,A01
200800043748,0,7,0,0,2,1,2,B01
200800043749,0,7,0,0,2,7,3,A01
200800043749,0,7,0,0,2,8,3,B01
200800043750,0,7,0,0,0,4,2,A01
200800043750,0,7,0,0,2,1,2,B01
200800043751,0,7,0,3,0,2,1,A01
200800043752,0,7,0,3,0,1,1,A01
200800043753,0,7,0,4,0,1,1,A01
200800043753,0,10,0,0,0,6,0,B01
200800043753,0,7,0,0,2,1,2,C01
200800043754,0,14,0,0,0,6,0,A01
200800043754,0,7,0,0,0,5,0,B01
200800043754,0,7,0,1,1,1,1,C01
200800043755,0,7,0,0,0,1,0,A01
200800043756,0,7,0,3,0,9,14,A01
200800043757,0,7,0,3,0,1,1,A01
200800043758,0,7,0,0,0,3,2,A01
200800043759,0,33,0,3,0,2,12,A01
200800043760,0,7,0,0,0,4,2,A01
200800043760,0,7,0,14,0,4,2,B01
200800043760,0,7,0,14,0,4,2,C01
200800043760,0,7,0,14,0,1,2,D01
200800043761,0,7,0,3,0,1,14,A01
200800043762,0,7,0,4,0,1,1,A01
200800043763,0,7,0,0,0,8,0,A01
200800043764,0,10,0,13,0,1,1,A01
200800043765,0,7,0,4,0,1,2,A01
200800043766,0,7,0,0,0,6,1,A01
200800043766,0,7,0,0,0,5,1,B01
200800043766,0,7,0,0,2,1,1,C01
200800043767,0,7,0,0,0,4,1,A01
200800043767,0,7,0,0,2,1,1,B01
200800043767,0,7,0,0,2,1,1,C01
200800043767,0,7,0,0,2,1,1,D01
200800043767,0,7,0,0,2,1,1,E01
200800043768,0,7,0,13,0,8,13,A01
200800043769,0,7,0,13,0,6,1,A01
200800043770,0,7,0,0,2,8,2,A01
200800043770,0,14,0,0,2,7,2,B01
200800043771,0,7,0,0,0,4,2,A01
200800043771,0,7,0,0,2,1,2,B01
200800043772,0,7,0,13,0,9,0,A01
200800043773,0,7,0,4,2,6,0,B01
200800043773,0,17,0,0,2,2,0,A01
200800043774,0,7,0,0,0,9,0,A01
200800043775,0,33,0,0,2,1,2,A01
200800043775,0,7,0,0,2,4,2,B01
200800043776,0,7,0,0,0,1,14,A01
200800043777,0,7,0,4,0,3,12,A01
200800043778,0,7,0,0,2,6,2,B01
200800043778,0,33,0,0,2,2,2,A01
200800043779,0,33,0,16,0,9,1,A01
200800043780,0,33,0,0,2,1,1,C01
200800043780,0,7,0,0,2,3,11,B01
200800043780,0,33,0,0,2,1,0,A01
200800043781,0,7,0,0,0,0,1,A01
200800043782,0,7,0,3,0,2,14,A01
200800043783,0,15,0,4,0,8,16,A01
200800043784,0,7,0,3,0,2,0,A01
200800043785,0,7,0,4,0,1,1,A01
200800043786,0,33,0,0,2,1,2,B01
200800043786,0,7,0,3,0,4,2,A01
200800043787,0,7,0,4,0,1,1,A01
200800043788,0,7,0,4,2,7,17,B01
200800043788,0,15,0,4,2,3,1,A01
200800043789,0,15,0,0,2,3,11,B01
200800043789,0,7,0,0,2,5,1,A01
200800043790,0,7,0,0,2,4,23,C01
200800043790,0,7,0,0,2,4,23,B01
200800043790,0,7,0,0,2,5,12,A01
200800043791,0,15,0,4,0,3,0,A01
200800043792,0,7,0,0,2,1,1,A01
200800043792,0,7,0,0,0,4,1,B01
200800043793,0,7,0,0,0,1,0,B01
200800043793,0,7,0,0,0,1,9,A01
200800043794,0,7,0,0,0,8,1,B01
200800043794,0,15,0,0,0,7,12,A01
200800043795,0,7,0,0,2,7,12,B01
200800043795,0,33,0,0,2,3,3,A01
200800043796,0,7,0,0,0,1,2,A01
200800043796,0,7,0,0,0,4,2,B01
200800043797,0,33,0,0,2,3,3,B01
200800043797,0,10,0,0,0,5,1,A01
200800043798,0,7,0,0,0,1,1,A01
200800043799,0,7,0,0,0,7,2,B01
200800043799,0,7,0,0,2,3,13,A01
200800043800,0,7,0,2,0,1,0,A01
200800043801,0,7,0,0,2,1,1,A01
200800043801,0,7,0,0,2,4,2,B01
200800043802,0,7,0,0,2,6,15,C01
200800043802,1,7,0,0,2,1,1,A01
200800043802,0,7,0,0,2,0,1,B01
200800043803,0,15,0,0,2,7,16,A01
200800043803,0,1,0,0,2,1,1,B01
200800043804,0,2,0,0,2,1,17,A01
200800043804,0,7,0,0,2,8,15,B01
200800043805,0,7,0,0,2,1,13,A01
200800043805,0,7,0,0,2,1,1,B01
200800043806,0,30,0,0,2,8,1,B01
200800043806,0,7,0,0,2,2,15,A01
200800043807,0,7,0,2,0,7,1,A01
200800043808,0,7,0,6,0,1,14,A01
200800043809,0,7,0,6,0,1,1,A01
200800043810,0,3,0,0,2,1,1,A01
200800043810,0,7,0,0,2,4,1,B01
200800043811,0,7,0,0,2,7,15,B01
200800043811,0,2,0,0,2,1,1,A01
200800043812,0,2,0,0,0,0,16,A01
200800043813,0,7,0,0,1,3,16,A01
200800043814,0,7,0,9,0,1,1,A01
200800043815,0,30,0,0,2,1,17,A01
200800043815,0,7,0,0,2,3,9,B01
200800043816,0,7,0,0,2,6,9,A01
200800043816,0,2,0,0,2,1,1,B01
200800043817,0,2,0,0,2,8,16,B01
200800043817,0,7,0,0,2,2,2,A01
200800043818,0,7,0,0,1,4,4,A01
200800043819,0,2,0,0,2,2,19,A01
200800043819,0,33,0,0,2,1,2,B01
200800043820,0,7,0,0,2,8,19,B01
200800043820,0,32,0,0,2,1,19,A01
200800043821,0,7,0,0,0,9,1,A01
200800043822,0,31,0,6,0,4,13,A01
200800043823,0,7,0,0,2,7,1,B01
200800043823,0,7,0,0,2,1,1,A01
200800043824,0,7,0,0,2,1,13,A01
200800043824,0,7,0,0,2,1,1,B01