Num_Acc,senc,catv,occutc,obs,obsm,choc,manv,num_veh
200800043825,1,7,0,0,9,3,5,A01
200800043825,0,1,0,0,2,1,5,B01
200800043826,0,2,0,14,0,1,2,A01
200800043826,0,7,0,0,0,4,23,B01
200800043827,0,7,0,7,2,7,15,A01
200800043827,0,7,0,0,2,1,1,B01
200800043828,0,32,0,0,2,1,1,A01
200800043828,1,7,0,0,2,2,15,B01
200800043829,0,7,0,0,4,2,1,A01
200800043829,0,40,0,0,2,3,1,B01
200800043830,0,10,0,0,1,1,1,A01
200800043831,0,33,0,0,2,1,0,A01
200800043831,0,7,0,0,2,4,23,B01
200800043832,0,2,0,0,2,1,2,A01
200800043832,0,2,0,0,2,4,23,B01
200800043833,0,7,0,0,2,2,1,B01
200800043833,0,33,0,0,2,1,1,A01
200800043834,0,33,0,16,0,0,1,A01
200800043835,0,10,0,6,0,1,1,A01
200800043835,0,7,0,0,0,0,1,B01
200800043836,0,33,0,0,2,1,1,A01
200800043836,0,7,0,0,0,4,1,B01
200800043837,0,2,0,1,0,1,1,A01
200800043838,0,2,0,16,0,1,1,A01
200800043839,0,1,0,1,0,1,1,A01
200800043840,0,30,0,0,1,1,1,A01
200800043841,0,2,0,0,2,1,1,A01
200800043841,0,7,0,0,0,6,23,B01
200800043842,0,7,0,8,0,1,1,A01
200800043843,0,7,0,13,2,1,1,A01
200800043843,0,7,0,0,0,7,16,B01
200800043844,0,7,0,0,2,1,1,A01
200800043844,0,1,0,0,0,1,1,B01
200800043845,0,2,0,0,2,1,1,A01
200800043845,0,7,0,0,0,1,15,B01
200800043846,0,7,0,0,2,3,15,A01
200800043846,0,30,0,0,2,1,1,B01
200800043847,0,7,0,0,1,6,15,A01
200800043848,0,7,0,0,1,3,1,A01
200800043849,0,1,0,0,2,7,17,A01
200800043849,0,7,0,0,9,3,15,B01
200800043850,0,7,0,0,2,0,9,A01
200800043850,0,7,0,1,0,3,14,B01
200800043851,0,7,0,0,1,1,1,A01
200800043852,1,2,0,0,2,1,10,A01
200800043852,0,1,0,0,0,1,1,B01
200800043853,0,7,0,0,2,7,15,B01
200800043853,0,2,0,0,2,2,0,A01
200800043854,1,7,0,0,2,0,5,A01
200800043854,0,7,0,0,2,1,1,B01
200800043855,0,7,0,0,0,3,11,B01
200800043855,0,33,0,0,2,7,11,A01
200800043856,0,7,0,2,0,9,1,A01
200800043857,0,7,0,0,2,1,2,C01
200800043857,0,7,0,0,2,4,2,B01
200800043857,0,7,0,0,2,4,2,A01
200800043858,0,31,0,0,0,0,1,A01
200800043859,0,2,0,0,2,8,15,B01
200800043859,0,7,0,0,2,1,1,A01
200800043860,0,7,0,0,2,3,1,B01
200800043860,0,1,0,0,2,1,1,A01
200800043861,0,33,0,0,2,1,1,B01
200800043861,0,7,0,0,2,2,19,A01
200800043862,0,7,0,0,1,7,1,A01
200800043863,0,7,0,0,1,1,1,A01
200800043864,0,7,0,0,0,0,12,A01
200800043864,0,2,0,0,0,8,1,B01
200800043865,0,1,0,0,2,1,23,B01
200800043865,0,7,0,0,2,3,15,A01
200800043866,0,7,0,14,0,1,1,A01
200800043867,0,7,0,0,2,7,1,A01
200800043867,0,7,0,0,2,1,1,B01
200800043868,0,36,0,0,0,1,1,A01
200800043869,0,7,0,6,0,1,1,A01
200800043870,0,7,0,12,0,9,0,A01
200800043871,0,7,0,8,0,1,1,A01
200800043872,0,1,0,0,0,0,0,A01
200800043873,0,7,0,14,0,1,1,A01
200800043873,0,3,0,0,0,4,23,B01
200800043874,0,3,0,11,0,1,0,A01
200800043875,0,7,0,0,1,2,1,A01
200800043876,0,7,0,0,9,2,1,B01
200800043876,0,99,0,0,2,1,1,A01
200800043877,0,30,0,0,2,7,15,A01
200800043877,0,31,0,0,2,1,1,B01
200800043878,0,7,0,0,9,5,1,A01
200800043878,0,30,0,0,2,8,1,B01
200800043879,0,7,0,0,1,1,0,A01
200800043880,0,7,0,2,2,1,1,A01
200800043880,0,7,0,0,2,1,15,B01
200800043881,0,7,0,0,2,7,15,A01
200800043881,0,33,0,0,2,1,1,B01
200800043882,0,7,0,0,9,3,15,A01
200800043882,0,14,0,0,2,1,1,B01
200800043883,0,10,0,2,0,1,14,A01
200800043884,0,30,0,0,2,1,5,A01
200800043884,0,7,0,0,2,3,1,B01
200800043885,0,7,0,0,2,9,5,A01
200800043885,0,7,0,0,2,1,1,B01
200800043886,0,7,0,0,2,6,11,A01
200800043886,0,33,0,0,2,7,0,B01
200800043887,0,33,0,0,2,1,1,B01
200800043887,0,7,0,0,2,3,17,A01
200800043888,0,7,0,0,2,6,1,B01
200800043888,0,10,0,0,2,2,2,A01
200800043889,0,33,0,0,2,1,2,A01
200800043889,0,7,0,0,2,8,9,B01
200800043890,0,7,0,6,0,0,1,B01
200800043890,0,7,0,0,0,0,1,A01
200800043891,0,7,0,0,2,3,1,B01
200800043891,0,10,0,0,2,3,13,A01
200800043892,0,7,0,0,0,5,13,A01
200800043892,0,7,0,0,2,1,1,B01
200800043893,0,7,0,13,0,1,1,A01
200800043894,0,7,0,0,2,3,11,B01
200800043894,0,31,0,0,2,2,2,A01
200800043895,0,2,0,0,1,1,1,A01
200800043896,0,7,0,0,2,3,10,A01
200800043896,0,33,0,12,2,7,17,B01
200800043897,0,7,0,0,2,3,15,A01
200800043897,0,33,0,0,2,1,1,B01
200800043898,0,31,0,0,0,1,1,A01
200800043898,2,7,0,0,0,3,10,B01
200800043899,0,7,0,0,0,0,0,A01
200800043899,0,7,0,0,0,0,0,B01
200800043899,0,7,0,0,0,0,0,C01
200800043900,0,7,0,13,2,1,11,A01
200800043900,0,7,0,0,2,4,1,B01
200800043901,0,7,0,0,0,0,13,A01
200800043901,0,7,0,0,2,0,21,B01
200800043902,0,33,0,0,2,3,1,A01
200800043902,0,7,0,0,0,0,0,B01
200800043903,0,3,0,12,0,0,16,A01
200800043904,0,31,0,0,2,1,1,B01
200800043904,0,14,0,0,2,3,15,A01
200800043905,0,32,0,0,0,8,1,A01
200800043906,0,33,0,0,0,1,0,A01
200800043907,0,31,0,0,0,1,0,A01
200800043908,0,7,0,0,0,3,1,A01
200800043908,0,7,0,1,2,1,1,B01
200800043909,0,7,0,0,0,9,2,A01
200800043910,0,7,0,0,2,2,1,A01
200800043910,0,30,0,0,2,4,1,B01
200800043911,0,2,0,0,0,0,1,A01
200800043912,0,7,0,0,2,6,11,A01
200800043912,0,7,0,0,2,1,1,B01
200800043913,0,7,0,13,2,7,13,A01
200800043913,0,7,0,13,2,1,12,B01
200800043914,0,37,5,0,1,3,1,A01
200800043915,0,7,0,0,2,2,15,A01
200800043915,0,33,0,0,2,1,1,B01
200800043916,0,31,0,0,2,1,1,B01
200800043916,0,7,0,0,2,2,1,A01
200800043917,0,1,0,0,2,8,15,A01
200800043917,0,7,0,0,2,1,1,B01
200800043918,0,15,0,0,2,1,1,A01
200800043918,0,7,0,0,2,4,1,B01
200800043919,0,7,0,0,1,2,1,A01
200800043920,0,7,0,16,0,1,1,A01
200800043921,0,2,0,0,2,1,19,A01
200800043921,0,30,0,0,2,3,19,B01
200800043922,0,7,0,0,2,1,2,A01
200800043922,0,7,0,0,0,4,1,B01
200800043923,0,7,0,0,0,3,15,B01
200800043923,0,33,0,0,2,1,1,A01
200800043924,1,7,0,0,2,1,0,A01
200800043924,0,33,0,0,0,4,16,B01
200800043925,0,7,0,15,0,1,1,A01
200800043926,0,2,0,0,2,1,1,A01
200800043926,0,7,0,0,0,6,1,B01
200800043927,0,38,1,14,0,1,1,A01
200800043928,0,33,0,0,1,1,1,A01
200800043929,0,7,0,0,2,2,1,A01
200800043929,0,10,0,0,2,6,2,B01
200800043930,0,7,0,13,0,8,6,A01
200800043931,0,7,0,0,2,3,15,A01
200800043931,0,7,0,0,2,3,1,B01
200800043932,0,7,0,0,2,3,1,B01
200800043932,0,7,0,0,2,3,11,A01
200800043933,0,1,0,0,2,1,1,A01
200800043933,0,7,0,0,2,8,15,B01
200800043934,0,7,0,0,2,7,0,A01
200800043934,0,7,0,0,2,1,1,B01
200800043935,1,7,0,0,2,1,17,A01
200800043935,0,7,0,0,2,8,1,B01
200800043936,0,2,0,8,0,1,11,A01
200800043937,0,7,0,0,2,3,15,B01
200800043937,0,7,0,0,2,1,1,A01
200800043938,0,7,0,1,0,3,2,A01
200800043939,0,7,0,0,2,3,16,C01
200800043939,0,7,0,0,2,8,17,A01
200800043939,0,30,0,0,0,3,1,B01
200800043940,0,7,0,0,2,2,1,B01
200800043940,0,7,0,0,2,3,1,A01
200800043941,0,7,0,0,2,2,1,A01
200800043941,0,1,0,0,2,8,19,B01
200800043942,0,7,0,0,2,3,1,B01
200800043942,0,7,0,0,2,1,1,A01
200800043943,0,7,0,0,2,6,15,B01
200800043943,0,1,0,0,2,1,1,A01
200800043944,0,2,0,0,2,1,1,B01
200800043944,0,7,0,0,0,5,15,A01
200800043945,0,7,0,0,2,1,13,A01
200800043945,0,7,0,0,2,3,1,B01
200800043946,0,7,0,8,0,1,1,A01
200800043947,0,32,0,0,2,1,9,A01
200800043947,0,7,0,0,2,5,1,B01
200800043948,0,7,0,0,2,1,1,B01
200800043948,0,7,0,0,2,7,19,A01
200800043949,0,30,0,0,1,1,1,A01
200800043950,0,7,0,0,2,2,16,A01
200800043950,0,33,0,0,2,3,16,B01
200800043951,0,34,0,0,2,1,2,A01
200800043951,0,7,0,0,2,4,23,B01
200800043952,0,7,0,8,0,1,1,A01
200800043953,0,33,0,0,0,0,23,A01
200800043954,0,7,0,0,1,1,1,A01
200800043955,0,33,0,1,0,1,1,A01
200800043956,0,2,0,3,0,7,1,A01
200800043957,0,7,0,0,2,7,19,A01
200800043957,0,31,0,0,2,1,1,B01
200800043958,0,7,0,0,2,7,16,A01
200800043958,0,33,0,0,2,3,18,B01
200800043959,0,1,0,0,2,2,1,B01
200800043959,0,7,0,0,2,3,1,A01
200800043960,0,3,0,12,0,2,0,A01
200800043961,0,7,0,0,1,2,1,A01
200800043962,0,2,0,0,2,8,16,B01
200800043962,0,7,0,0,2,3,1,A01
200800043963,0,7,0,0,1,7,1,A01
200800043964,0,10,0,0,2,1,1,A01
200800043964,0,7,0,0,2,2,1,B01
200800043965,0,7,0,6,0,9,1,A01
200800043966,0,7,0,0,1,1,1,A01
200800043967,0,7,0,16,0,9,1,A01
200800043968,0,7,0,0,2,1,1,A01
200800043968,0,7,0,0,2,4,1,B01
200800043969,0,7,0,0,1,1,1,A01
200800043970,0,7,0,0,2,1,13,A01
200800043970,0,7,0,0,2,1,1,B01
200800043971,0,7,0,0,2,8,15,A01
200800043971,0,7,0,0,2,1,1,B01
200800043972,0,7,0,0,2,8,9,A01
200800043972,0,7,0,0,2,1,1,B01
200800043973,0,7,0,0,1,1,1,A01
200800043974,0,7,0,0,2,7,15,A01
200800043974,0,7,0,0,2,1,1,B01
200800043975,0,7,0,0,2,3,1,A01
200800043975,0,37,2,0,2,8,1,B01
200800043976,1,33,0,0,2,1,1,A01
200800043976,0,7,0,0,2,8,1,B01
200800043977,0,33,0,3,0,7,1,A01
200800043978,0,7,0,0,2,1,1,B01
200800043978,0,1,0,0,2,8,9,A01
200800043979,0,7,0,0,2,1,1,B01
200800043979,0,7,0,0,2,7,15,A01
200800043980,0,2,0,16,0,8,1,A01
200800043981,0,7,0,0,2,1,1,A01
200800043981,0,7,0,0,2,8,16,B01
200800043982,0,7,0,0,2,1,1,A01
200800043982,0,7,0,0,2,4,1,B01
200800043982,0,7,0,0,2,4,1,C01
200800043983,0,7,0,0,2,7,1,A01
200800043983,0,2,0,0,2,8,1,B01
200800043984,0,33,0,0,2,1,1,A01
200800043984,0,7,0,0,2,4,1,B01
200800043985,0,7,0,0,2,8,10,A01
200800043985,0,2,0,0,2,1,1,B01
200800043986,0,7,0,0,2,8,19,A01
200800043986,0,33,0,0,2,1,1,B01
200800043987,0,2,0,0,2,1,1,A01
200800043987,0,7,0,0,2,4,1,B01
200800043988,0,33,0,0,2,1,1,B01
200800043988,0,7,0,0,2,7,15,A01
200800043989,1,7,0,0,1,0,0,A01
200800043990,0,7,0,0,2,1,0,A01
200800043990,0,7,0,0,2,4,20,B01
200800043991,1,7,0,0,1,0,1,A01
200800043992,0,7,0,0,2,3,15,B01
200800043992,1,3,0,0,2,0,1,A01
200800043993,0,7,0,0,2,8,15,A01
200800043993,0,2,0,0,2,1,1,B01
200800043994,0,2,0,0,2,1,1,A01
200800043994,1,7,0,0,2,0,1,B01
200800043995,0,7,0,0,2,8,16,A01
200800043995,0,33,0,0,2,1,1,B01
200800043996,0,7,0,0,2,8,1,A01
200800043996,0,37,0,0,2,2,1,B01
200800043997,0,2,0,0,2,1,1,A01
200800043997,0,7,0,0,2,4,1,B01
200800043998,0,2,0,0,2,1,0,A01
200800043998,0,7,0,0,2,3,0,B01
200800043999,0,7,0,0,1,1,1,A01
200800044000,0,7,0,0,2,2,0,A01
200800044000,0,7,0,0,2,1,0,B01
200800044001,0,7,0,0,2,3,13,A01
200800044001,0,17,0,0,2,3,1,B01
200800044001,0,14,0,0,2,1,1,C01
200800044002,0,31,0,0,2,1,6,B01
200800044002,0,7,0,0,2,5,0,A01
200800044003,0,10,0,0,1,6,4,A01
200800044004,0,7,0,0,2,1,13,A01
200800044004,0,7,0,0,2,1,21,B01
200800044005,0,2,0,1,0,1,1,A01
200800044006,0,33,0,11,0,1,17,A01
200800044007,0,3,0,0,2,1,1,A01
200800044007,0,7,0,0,2,6,1,B01
200800044008,1,7,0,0,2,1,18,A01
200800044008,0,7,0,0,2,7,1,B01
200800044009,0,7,0,0,2,1,19,A01
200800044009,0,10,0,0,2,2,1,B01
200800044010,0,30,0,0,0,1,1,A01
200800044011,0,7,0,0,2,8,15,A01
200800044011,0,30,0,0,2,1,17,B01
200800044012,0,7,0,0,2,3,11,A01
200800044012,0,1,0,0,2,8,19,B01
200800044013,0,7,0,0,2,8,19,A01
200800044013,0,33,0,0,2,1,1,B01
200800044014,0,1,0,0,0,0,1,A01
200800044015,0,7,0,0,2,1,15,A01
200800044015,0,33,0,0,2,7,0,B01
200800044016,0,32,0,0,2,1,13,A01
200800044016,0,7,0,0,2,3,1,B01
200800044017,0,7,0,0,2,6,10,A01
200800044017,0,33,0,0,2,1,17,B01
200800044018,0,7,0,0,1,1,2,A01
200800044019,0,7,0,0,2,8,15,A01
200800044019,0,32,0,0,2,7,17,B01
200800044020,0,7,0,0,1,1,0,A01
200800044021,0,7,0,0,1,1,23,A01
200800044022,0,7,0,0,2,7,15,A01
200800044022,0,32,0,0,2,1,1,B01
200800044023,0,7,0,15,0,2,1,A01
200800044024,0,7,0,13,0,1,6,A01
200800044025,0,7,0,0,1,1,1,A01
200800044026,0,7,0,0,2,8,9,A01
200800044026,0,2,0,0,2,1,1,B01
200800044027,0,7,0,0,2,3,9,A01
200800044027,0,33,0,0,2,3,1,B01
200800044028,1,7,0,0,2,5,13,A01
200800044028,0,1,0,0,0,1,1,B01
200800044029,0,33,0,0,2,1,17,A01
200800044029,0,7,0,0,2,8,15,B01
200800044030,0,34,0,0,2,7,17,A01
200800044030,0,1,0,0,2,8,1,B01
200800044031,0,31,0,0,2,1,1,B01
200800044031,0,7,0,0,2,5,15,A01
200800044032,0,7,0,0,2,3,15,A01
200800044032,0,33,0,1,2,1,1,B01
200800044033,0,7,0,0,2,1,23,B01
200800044033,0,7,0,0,2,1,5,A01
200800044034,1,2,0,0,0,0,11,B01
200800044034,0,30,0,0,2,2,1,A01
200800044035,0,7,0,6,0,2,1,A01
200800044036,0,2,0,0,2,5,15,B01
200800044036,0,2,0,0,2,6,17,A01
200800044037,0,7,0,0,0,8,21,B01
200800044037,0,34,0,0,2,7,17,A01
200800044038,0,7,0,0,2,3,15,B01
200800044038,0,7,0,0,2,2,16,A01
200800044039,0,32,0,0,2,4,23,B01
200800044039,0,7,0,0,2,1,2,A01
200800044040,0,2,0,0,2,3,15,B01
200800044040,0,2,0,0,2,1,17,A01
200800044041,0,7,0,0,1,2,1,A01
200800044042,0,1,0,0,0,0,0,B01
200800044042,0,7,0,0,2,1,15,A01
200800044043,0,7,0,0,2,4,2,C01
200800044043,0,7,0,0,2,4,2,B01
200800044043,0,7,0,0,2,1,2,A01
200800044044,0,7,0,0,1,2,1,A01
200800044045,0,7,0,0,1,3,1,A01
200800044046,0,7,0,0,2,4,2,B01
200800044046,0,7,0,0,2,1,2,A01
200800044047,0,7,0,0,0,4,2,B01
200800044047,0,7,0,0,2,1,2,A01
200800044048,0,7,0,0,1,4,4,A01
200800044049,0,7,0,0,1,1,15,A01
200800044050,0,7,0,0,2,3,15,B01
200800044050,0,2,0,0,2,1,1,A01
200800044051,1,2,0,0,1,0,16,A01
200800044052,0,7,0,0,2,4,0,C01
200800044052,0,7,0,0,2,1,2,B01
200800044052,0,7,0,0,2,1,2,A01
200800044053,0,7,0,0,2,1,15,A01
200800044053,0,30,0,0,2,1,1,B01
200800044054,0,7,0,0,2,6,15,A01
200800044054,0,31,0,0,2,7,17,B01
200800044055,0,7,0,0,2,1,1,A01
200800044055,0,1,0,0,2,4,1,B01
200800044056,0,7,0,0,2,1,1,A01
200800044056,0,7,0,0,2,7,1,B01
200800044057,0,7,0,0,2,5,1,A01
200800044057,0,1,0,0,2,3,1,B01
200800044058,2,7,0,3,2,1,1,A01
200800044058,0,10,0,0,2,1,1,B01
200800044059,0,7,0,0,2,7,15,A01
200800044059,0,33,0,0,2,1,1,B01
200800044060,0,33,0,1,0,0,1,A01
200800044061,0,7,0,0,2,8,1,B01
200800044061,2,7,0,15,2,1,1,A01
200800044062,0,7,0,0,2,3,1,A01
200800044062,0,7,0,0,2,7,16,B01
200800044063,0,1,0,0,2,8,15,A01
200800044063,0,2,0,0,2,1,1,B01
200800044064,0,32,0,0,2,1,0,A01
200800044064,0,7,0,0,2,4,0,B01
200800044065,0,7,0,0,2,1,1,A01
200800044065,0,7,0,0,2,4,23,B01
200800044066,0,2,0,0,0,1,1,C01
200800044066,1,7,0,0,2,8,15,A01
200800044066,0,2,0,0,2,1,1,B01
200800044067,0,33,0,0,2,7,17,A01
200800044067,0,7,0,0,2,3,15,B01
200800044068,0,7,0,0,2,2,1,A01
200800044068,0,7,0,0,2,3,1,B01
200800044069,0,1,0,1,0,7,2,B01
200800044069,0,7,0,0,2,6,24,A01
200800044070,0,7,0,0,2,2,2,A01
200800044070,0,1,0,0,2,0,23,B01
200800044071,0,2,0,0,0,8,2,A01
200800044072,0,7,0,0,1,1,2,A01
200800044073,0,2,0,0,2,1,19,A01
200800044073,0,7,0,0,2,3,2,B01
200800044074,0,30,0,0,2,0,2,A01
200800044074,0,7,0,0,0,4,2,B01
200800044075,0,7,0,0,2,3,2,A01
200800044075,0,7,0,0,2,1,2,B01
200800044076,0,7,0,1,2,1,2,A01
200800044076,0,1,0,0,2,4,2,B01
200800044077,0,7,0,0,2,5,2,A01
200800044077,0,33,0,0,2,1,2,B01
200800044078,0,7,0,0,2,1,13,A01
200800044078,0,7,0,0,2,1,1,B01
200800044079,0,7,0,15,0,1,14,A01
200800044080,0,7,0,0,1,1,8,A01
200800044081,0,10,0,0,2,1,2,A01
200800044081,0,7,0,0,2,4,2,B01
200800044082,0,7,0,0,2,1,19,B01
200800044082,0,7,0,0,2,2,19,A01
200800044083,0,7,0,0,2,3,15,A01
200800044083,0,7,0,0,2,3,1,B01
200800044084,0,2,0,0,2,8,9,A01
200800044084,0,7,0,0,2,3,21,B01
200800044085,0,7,0,13,0,9,13,A01
200800044086,0,7,0,0,1,6,4,A01
200800044087,0,32,0,0,2,8,1,B01
200800044087,0,7,0,0,2,1,1,A01
200800044088,0,7,0,0,0,7,20,A01
200800044088,0,31,0,0,0,3,1,B01
200800044089,0,33,0,0,2,1,17,A01
200800044089,0,7,0,0,2,8,15,B01
200800044090,0,7,0,0,2,8,15,A01
200800044090,0,30,0,0,2,1,1,B01
200800044091,0,1,0,0,1,1,21,A01
200800044092,0,30,0,0,2,8,17,A01
200800044092,0,7,0,0,2,8,15,B01
200800044093,0,7,0,0,2,0,15,A01
200800044093,0,33,0,0,2,1,1,B01
200800044094,0,34,0,0,2,2,17,A01
200800044094,0,7,0,0,2,8,15,B01
200800044095,2,7,0,1,0,1,1,A01
200800044096,0,7,0,0,1,1,1,A01
200800044097,0,7,0,0,2,8,15,A01
200800044097,0,32,0,0,2,2,17,B01
200800044098,0,7,0,0,0,2,6,A01
200800044099,0,7,0,0,2,2,15,A01
200800044099,0,33,0,0,2,1,1,B01
200800044100,0,7,0,0,2,3,1,B01
200800044100,0,30,0,0,2,1,1,A01
200800044101,0,32,0,0,2,1,1,B01
200800044101,0,7,0,0,2,3,1,A01
200800044102,2,7,0,0,1,1,1,A01
200800044103,0,7,0,8,0,1,1,A01
200800044104,0,7,0,0,0,6,0,C01
200800044104,0,33,0,0,0,1,2,B01
200800044104,0,7,0,0,0,2,2,A01
200800044105,0,7,0,0,0,4,2,B01
200800044105,0,14,0,0,2,1,2,A01
200800044106,0,32,0,0,2,1,1,C01
200800044106,0,34,0,0,2,1,1,B01
200800044106,0,7,0,0,2,2,15,A01
200800044107,0,31,0,0,2,1,1,B01
200800044107,1,7,0,0,0,0,0,A01
200800044108,0,7,0,0,2,1,1,B01
200800044108,0,10,0,0,2,1,19,A01
200800044109,0,7,0,0,2,0,2,B01
200800044109,0,7,0,0,2,2,0,A01
200800044110,0,7,0,0,2,3,1,B01
200800044110,0,7,0,0,2,2,1,A01
200800044111,0,7,0,0,2,1,1,A01
200800044111,0,7,0,0,2,4,2,B01
200800044112,0,7,0,0,2,2,15,A01
200800044112,0,33,0,0,2,1,1,B01
200800044113,0,2,0,0,2,1,1,A01
200800044113,0,7,0,0,2,2,15,B01
200800044114,0,7,0,0,1,2,1,A01
200800044115,0,7,0,9,0,1,2,A01
200800044116,0,7,0,14,0,9,1,A01
200800044117,0,7,0,1,0,9,0,A01
200800044118,0,7,0,0,2,3,2,B01
200800044118,0,7,0,0,2,8,2,A01
200800044119,0,7,0,0,2,5,12,A01
200800044119,0,17,0,0,2,3,1,B01
200800044120,0,7,0,16,0,0,1,A01
200800044121,0,7,0,0,2,1,1,B01
200800044121,0,7,0,0,2,6,9,A01
200800044122,0,10,0,0,2,4,1,A01
200800044122,0,2,0,0,2,1,1,B01
200800044123,0,31,0,16,0,1,2,A01
200800044124,0,7,0,0,2,7,15,A01
200800044124,0,7,0,0,2,1,1,B01
200800044125,0,31,0,0,2,8,17,A01
200800044125,0,30,0,0,2,5,15,B01
200800044126,0,7,0,0,2,8,15,A01
200800044126,0,33,0,0,2,1,2,B01
200800044127,0,30,0,0,0,8,1,A01
200800044128,0,7,0,0,2,1,1,A01
200800044128,0,7,0,0,2,3,1,B01
200800044129,0,7,0,0,2,1,2,B01
200800044129,0,7,0,0,2,1,2,A01
200800044130,0,7,0,0,1,1,2,A01
200800044131,0,7,0,0,2,1,1,A01
200800044131,0,7,0,0,0,4,1,B01
200800044132,0,30,0,16,0,8,2,A01
200800044133,0,7,0,0,0,0,11,A01
200800044133,0,30,0,0,0,8,1,B01
200800044133,0,30,0,0,0,0,1,C01
200800044134,0,7,0,3,0,3,2,A01
200800044135,0,7,0,0,1,1,1,A01
200800044136,0,7,0,0,2,7,17,A01
200800044136,0,1,0,0,2,8,2,B01
200800044137,0,1,0,0,0,1,1,A01
200800044138,0,7,0,14,0,1,1,A01
200800044139,0,2,0,16,0,1,2,A01
200800044140,0,2,0,0,2,7,1,A01
200800044141,0,7,0,9,0,1,2,A01
200800044142,0,30,0,16,0,1,2,A01
200800044143,0,15,0,0,2,8,15,A01
200800044143,0,7,0,0,2,2,15,B01
200800044144,0,7,0,0,2,7,2,A01
200800044144,0,10,0,0,2,1,15,B01
200800044145,0,31,0,0,2,1,2,A01
200800044145,0,7,0,0,2,4,2,B01
200800044146,0,7,0,0,1,1,1,A01
200800044147,0,30,0,0,2,1,2,A01
200800044147,0,7,0,0,2,4,0,B01
200800044148,0,7,0,0,2,1,2,A01
200800044148,0,7,0,0,2,4,2,B01
200800044149,0,30,0,0,2,1,2,A01
200800044149,0,7,0,0,2,4,2,B01
200800044150,0,30,0,0,2,2,1,A01
200800044150,0,7,0,0,2,4,0,B01
200800044151,0,7,0,0,2,7,9,B01
200800044151,0,30,0,0,2,1,9,A01
200800044152,0,1,0,12,0,7,2,A01
200800044153,1,7,0,0,2,0,1,A01
200800044153,0,30,0,0,2,2,1,B01
200800044154,0,7,0,0,2,1,9,A01
200800044154,0,2,0,0,2,4,0,B01
200800044155,1,7,0,0,2,2,1,A01
200800044155,0,7,0,0,2,6,12,B01
200800044156,0,7,0,1,1,7,2,A01
200800044157,0,7,0,0,2,9,5,A01
200800044157,0,7,0,0,2,0,0,B01
200800044158,0,7,0,0,2,1,2,B01
200800044158,0,1,0,0,2,8,9,A01
200800044159,0,7,0,0,1,2,2,A01
200800044160,0,7,0,0,2,1,1,A01
200800044160,0,7,0,0,2,4,23,B01
200800044160,0,7,0,0,2,4,23,C01
200800044161,0,7,0,0,2,1,1,A01
200800044161,0,7,0,0,2,4,23,B01
200800044161,0,7,0,0,2,4,23,C01
200800044162,0,7,0,0,1,1,1,A01
200800044163,0,1,0,0,2,8,1,B01
200800044163,1,13,0,0,2,7,1,A01
200800044164,0,13,0,0,2,8,1,B01
200800044164,0,30,0,0,2,1,1,A01
200800044165,0,33,0,0,0,7,1,A01
200800044166,0,7,0,1,0,1,1,A01
200800044167,0,30,0,0,2,0,0,A01
200800044167,0,7,0,0,2,0,0,B01
200800044168,0,33,0,0,2,1,1,A01
200800044168,0,7,0,0,2,1,1,B01
200800044169,0,2,0,0,0,8,1,A01
200800044170,0,7,0,0,2,8,10,A01
200800044170,0,13,0,0,2,1,1,B01
200800044171,0,1,0,0,2,0,0,A01
200800044171,0,1,0,0,2,1,0,B01
200800044172,0,10,0,0,0,1,2,A01
200800044172,0,7,0,0,0,4,2,B01
200800044173,0,7,0,0,0,1,14,A01
200800044173,0,1,0,0,0,0,0,B01
200800044174,0,7,0,0,0,0,1,B01
200800044174,0,7,0,0,0,0,1,A01
200800044175,0,2,0,0,2,3,0,A01
200800044175,0,7,0,0,2,4,0,B01
200800044176,0,7,0,0,2,1,2,A01
200800044176,0,7,0,0,2,6,2,B01
200800044177,0,32,0,0,1,2,1,A01
200800044178,0,7,0,0,2,2,15,A01
200800044178,0,7,0,0,2,1,1,B01
200800044179,0,1,0,0,2,4,0,A01
200800044179,1,7,0,0,2,1,2,B01
200800044180,0,30,0,0,2,3,0,A01
200800044180,0,7,0,0,2,0,0,B01
200800044181,0,7,0,0,2,1,1,A01
200800044181,0,7,0,0,0,3,1,C01
200800044181,0,7,0,0,0,2,1,B01
200800044182,0,7,0,0,0,3,1,B01
200800044182,0,30,0,0,2,1,1,A01
200800044183,0,2,0,0,0,2,0,A01
200800044184,0,7,0,8,0,1,15,A01
200800044185,0,7,0,0,9,2,16,A01
200800044185,0,1,0,0,2,1,1,B01
200800044186,0,30,0,0,2,2,1,A01
200800044186,0,7,0,0,9,3,1,B01
200800044187,0,7,0,2,0,1,1,A01
200800044188,0,7,0,0,2,1,9,A01
200800044188,0,33,0,0,2,1,1,B01
200800044189,0,7,0,0,0,1,1,A01
200800044189,0,7,0,0,0,4,23,B01
200800044189,0,10,0,0,0,4,23,C01
200800044190,0,7,0,12,2,2,0,A01
200800044191,0,7,0,0,2,8,13,A01
200800044191,0,33,0,0,2,7,8,B01
200800044192,0,7,0,1,2,2,14,A01
200800044192,0,1,0,0,2,4,1,B01
200800044193,0,7,0,0,2,1,17,A01
200800044193,0,7,0,0,2,8,1,B01
200800044193,0,7,0,0,2,1,1,C01
200800044194,0,36,0,15,0,1,13,A01
200800044195,0,7,0,0,2,8,15,A01