Num_Acc,senc,catv,occutc,obs,obsm,choc,manv,num_veh
200800044195,0,33,0,0,2,1,17,B01
200800044196,0,10,0,0,2,7,15,A01
200800044196,0,31,0,0,2,1,1,B01
200800044197,0,33,0,1,0,1,10,A01
200800044198,0,14,0,11,0,1,16,A01
200800044199,0,7,0,0,2,8,22,A01
200800044199,0,1,0,1,0,1,1,B01
200800044200,0,7,0,0,2,1,2,A01
200800044200,0,33,0,0,2,4,1,B01
200800044201,0,7,0,0,2,1,15,A01
200800044201,0,30,0,0,2,3,1,B01
200800044202,0,2,0,0,0,0,16,A01
200800044203,1,7,0,0,1,2,0,A01
200800044204,0,7,0,0,2,0,1,B01
200800044204,0,7,0,0,2,2,15,A01
200800044205,0,33,0,3,0,7,15,A01
200800044206,2,7,0,0,2,1,6,A01
200800044206,0,7,0,0,2,3,1,B01
200800044207,0,7,0,0,1,1,1,A01
200800044208,0,7,0,1,0,1,1,A01
200800044209,0,7,0,11,0,9,16,A01
200800044210,0,2,0,0,2,1,13,A01
200800044210,0,2,0,0,2,8,1,B01
200800044210,0,7,0,0,2,1,1,C01
200800044211,0,7,0,9,0,2,1,A01
200800044212,0,34,0,0,0,0,1,B01
200800044212,1,7,0,0,0,0,0,A01
200800044213,0,7,0,3,0,6,14,A01
200800044214,0,33,0,0,0,2,16,A01
200800044215,0,37,46,0,2,2,1,B01
200800044215,0,7,0,0,2,3,1,A01
200800044216,0,30,0,0,2,1,1,B01
200800044216,0,7,0,0,2,3,9,A01
200800044217,0,7,0,13,0,9,16,A01
200800044218,0,7,0,11,2,5,16,A01
200800044218,0,7,0,0,2,1,16,B01
200800044219,0,7,0,1,0,2,13,A01
200800044220,0,33,0,16,0,3,17,A01
200800044221,0,7,0,0,1,2,16,A01
200800044222,0,34,0,0,0,8,1,A01
200800044223,0,1,0,0,0,0,0,A01
200800044224,0,10,0,0,2,4,23,A01
200800044224,0,1,0,1,0,1,1,B01
200800044225,0,15,0,0,2,3,15,A01
200800044225,0,2,0,0,2,4,15,B01
200800044226,0,7,0,0,2,2,16,A01
200800044226,0,2,0,0,2,1,2,B01
200800044227,0,7,0,13,0,9,16,A01
200800044228,0,7,0,0,2,2,16,A01
200800044228,0,1,0,0,2,4,1,B01
200800044229,0,7,0,0,2,8,9,A01
200800044229,0,32,0,0,2,1,1,B01
200800044230,0,7,0,0,2,1,1,B01
200800044230,0,7,0,0,2,6,15,A01
200800044231,0,7,0,14,0,1,1,A01
200800044231,0,7,0,0,2,4,1,B01
200800044232,0,7,0,0,1,1,1,A01
200800044233,0,2,0,1,2,1,13,A01
200800044234,0,7,0,0,2,1,1,A01
200800044234,0,7,0,0,1,4,15,B01
200800044235,0,7,0,0,2,1,15,A01
200800044235,0,7,0,0,2,1,1,B01
200800044236,0,7,0,0,0,9,1,A01
200800044237,0,7,0,0,2,1,1,A01
200800044237,0,15,0,0,2,4,1,B01
200800044238,0,2,0,0,0,0,14,A01
200800044239,0,7,0,13,0,1,1,A01
200800044240,0,1,0,0,2,1,0,B01
200800044240,0,7,0,0,9,5,4,A01
200800044241,0,7,0,0,1,2,1,A01
200800044242,0,7,0,0,2,6,15,A01
200800044242,0,33,0,0,2,1,17,B01
200800044243,0,2,0,5,0,7,2,A01
200800044244,0,7,0,0,2,3,1,B01
200800044244,0,2,0,0,2,8,1,A01
200800044245,0,7,0,0,2,3,1,A01
200800044245,0,1,0,0,2,4,15,B01
200800044246,2,1,0,0,2,1,19,A01
200800044246,0,33,0,0,2,3,1,B01
200800044246,0,7,0,0,0,8,1,C01
200800044247,0,7,0,0,2,2,17,A01
200800044247,0,2,0,0,2,3,15,B01
200800044248,0,7,0,0,2,1,1,B01
200800044248,0,10,0,0,2,1,5,A01
200800044249,0,31,0,0,2,1,2,A01
200800044249,0,7,0,0,2,4,2,B01
200800044250,0,7,0,0,2,1,16,A01
200800044250,0,7,0,0,2,3,1,B01
200800044251,0,33,0,0,2,1,1,A01
200800044251,0,7,0,0,2,7,15,B01
200800044252,0,30,0,0,2,1,17,A01
200800044252,0,7,0,0,2,3,15,B01
200800044253,0,7,0,0,1,3,0,A01
200800044254,0,7,0,0,2,3,10,A01
200800044254,0,30,0,0,2,2,17,B01
200800044255,0,7,0,0,2,3,15,A01
200800044255,0,7,0,0,2,1,1,B01
200800044256,0,37,0,0,1,2,7,A01
200800044257,0,7,0,0,2,3,1,A01
200800044257,0,2,0,0,2,1,21,B01
200800044258,0,7,0,0,2,3,1,A01
200800044258,0,7,0,0,2,1,1,B01
200800044259,0,7,0,0,1,2,1,A01
200800044260,1,17,0,0,0,0,14,A01
200800044260,0,7,0,8,9,0,1,B01
200800044261,0,33,0,0,2,2,15,A01
200800044261,0,7,0,0,2,8,15,B01
200800044262,0,40,0,0,2,1,1,A01
200800044262,0,1,0,0,2,1,16,B01
200800044263,0,2,0,0,2,1,1,A01
200800044263,0,7,0,0,2,7,1,B01
200800044264,0,7,0,0,2,3,2,A01
200800044264,0,33,0,0,2,1,2,B01
200800044265,1,7,0,0,1,3,1,A01
200800044266,0,7,0,0,1,1,1,A01
200800044267,0,32,0,0,2,1,1,A01
200800044267,1,7,0,0,2,4,4,B01
200800044268,0,33,0,6,2,1,2,A01
200800044268,0,7,0,0,0,6,2,B01
200800044269,0,7,0,0,0,3,1,B01
200800044269,0,2,0,0,2,1,1,A01
200800044269,0,7,0,0,2,3,23,C01
200800044270,0,36,0,0,2,7,1,A01
200800044270,0,7,0,0,2,8,1,B01
200800044271,0,30,0,0,2,1,1,A01
200800044271,0,7,0,0,2,7,1,B01
200800044272,0,7,0,0,2,7,1,B01
200800044272,0,7,0,0,2,8,1,A01
200800044273,0,2,0,12,0,0,1,A01
200800044274,0,7,0,0,2,1,13,A01
200800044274,0,7,0,0,2,3,1,B01
200800044275,0,33,0,0,1,1,1,A01
200800044276,0,7,0,13,0,2,1,A01
200800044277,0,7,0,0,1,3,1,A01
200800044278,0,7,0,0,2,1,1,A01
200800044278,0,7,0,0,2,8,1,B01
200800044279,0,33,0,0,2,1,1,B01
200800044279,0,7,0,0,2,7,15,A01
200800044280,0,33,0,0,2,1,2,A01
200800044280,0,7,0,0,0,4,23,B01
200800044281,0,7,0,0,1,4,4,A01
200800044282,0,7,0,0,1,1,15,A01
200800044283,0,14,0,9,1,6,16,A01
200800044284,0,10,0,0,2,1,1,B01
200800044284,0,7,0,0,2,8,1,A01
200800044285,0,7,0,0,2,3,9,A01
200800044285,0,33,0,0,2,7,1,B01
200800044286,0,7,0,0,2,3,15,A01
200800044286,0,2,0,0,2,1,1,B01
200800044287,0,7,0,0,1,6,20,A01
200800044288,0,7,0,0,2,3,15,B01
200800044288,0,1,0,0,2,1,1,A01
200800044289,0,7,0,0,2,3,9,A01
200800044289,0,10,0,0,2,7,1,B01
200800044290,0,7,0,1,0,1,1,A01
200800044291,0,2,0,0,2,2,1,A01
200800044291,0,7,0,0,2,3,16,B01
200800044292,0,30,0,0,1,1,1,A01
200800044293,0,7,0,0,1,1,1,A01
200800044294,0,2,0,0,2,8,1,B01
200800044294,0,7,0,0,2,1,1,A01
200800044295,0,2,0,0,1,1,1,A01
200800044296,0,7,0,3,0,8,1,A01
200800044297,0,2,0,0,2,8,1,B01
200800044297,0,7,0,0,9,2,1,A01
200800044298,0,2,0,0,2,1,1,A01
200800044298,0,7,0,0,2,5,1,B01
200800044299,0,1,0,0,2,0,1,B01
200800044300,0,7,0,8,0,1,1,A01
200800044301,0,37,0,0,1,2,1,A01
200800044302,0,7,0,0,2,1,2,A01
200800044302,0,7,0,0,2,4,2,B01
200800044302,0,7,0,0,2,4,2,C01
200800044302,0,7,0,0,2,4,2,D01
200800044303,0,2,0,0,2,1,0,A01
200800044303,0,7,0,0,0,5,0,B01
200800044304,0,7,0,8,0,2,13,A01
200800044305,0,2,0,0,0,0,1,B01
200800044305,1,7,0,0,2,7,15,A01
200800044306,0,1,0,0,0,1,13,A01
200800044306,0,99,0,0,0,6,23,B01
200800044307,0,7,0,0,2,3,0,B01
200800044307,0,7,0,0,2,1,0,A01
200800044308,0,2,0,0,2,2,1,A01
200800044308,0,7,0,0,2,6,1,B01
200800044309,0,7,0,0,2,1,15,A01
200800044309,0,2,0,0,2,1,1,B01
200800044310,0,7,0,0,2,3,15,A01
200800044310,0,33,0,0,2,1,1,B01
200800044311,0,7,0,0,9,1,1,A01
200800044311,0,1,0,0,2,7,19,B01
200800044311,0,7,0,0,0,7,24,C01
200800044312,0,14,0,0,2,3,1,A01
200800044312,0,10,0,0,2,1,13,B01
200800044313,0,7,0,0,1,2,14,A01
200800044314,0,33,0,0,2,1,3,A01
200800044314,0,7,0,0,0,8,15,B01
200800044315,0,7,0,2,0,1,1,A01
200800044316,0,30,0,0,2,1,17,B01
200800044316,0,7,0,0,0,3,23,C01
200800044316,0,7,0,0,2,8,15,A01
200800044317,0,7,0,0,2,1,2,D01
200800044317,0,7,0,0,2,4,2,C01
200800044317,0,7,0,0,2,4,2,B01
200800044317,0,7,0,0,0,4,2,A01
200800044318,0,1,0,0,1,1,1,A01
200800044319,0,7,0,0,2,3,19,B01
200800044319,0,3,0,0,2,1,19,A01
200800044320,0,7,0,0,1,1,1,A01
200800044321,0,7,0,0,2,8,1,B01
200800044321,0,7,0,0,2,1,1,A01
200800044322,0,2,0,0,2,1,1,B01
200800044322,0,7,0,0,2,6,16,A01
200800044323,0,2,0,1,0,1,1,A01
200800044324,0,7,0,0,2,4,23,C01
200800044324,0,7,0,0,2,4,23,B01
200800044324,0,7,0,0,2,1,2,A01
200800044325,0,7,0,0,2,4,15,B01
200800044325,0,7,0,0,2,1,2,A01
200800044325,0,7,0,0,2,5,15,C01
200800044326,0,10,0,16,2,1,1,B01
200800044326,0,7,0,0,2,1,1,A01
200800044327,0,7,0,0,2,1,2,B01
200800044327,0,7,0,0,2,4,23,A01
200800044328,0,7,0,6,0,1,1,A01
200800044329,0,30,0,0,2,1,1,B01
200800044329,0,7,0,0,2,1,15,A01
200800044330,0,2,0,0,2,1,1,B01
200800044330,0,7,0,0,2,1,1,A01
200800044331,0,7,0,0,2,1,16,A01
200800044331,0,7,0,0,2,3,1,B01
200800044332,0,7,0,11,0,0,1,A01
200800044333,0,2,0,11,0,7,1,A01
200800044334,0,1,0,0,2,4,1,B01
200800044334,0,7,0,0,2,3,15,A01
200800044335,0,2,0,0,2,1,18,A01
200800044335,0,7,0,0,2,5,15,B01
200800044336,0,7,0,0,2,3,1,B01
200800044336,0,7,0,0,2,3,1,A01
200800044337,0,33,0,0,2,7,17,A01
200800044337,0,10,0,0,2,8,15,B01
200800044338,0,7,0,0,1,2,1,A01
200800044339,0,7,0,0,2,6,1,B01
200800044339,0,7,0,0,2,3,15,A01
200800044340,0,7,0,0,1,0,0,A01
200800044341,0,10,0,0,2,8,15,B01
200800044341,0,33,0,0,2,1,17,A01
200800044342,0,7,0,0,2,7,2,B01
200800044342,0,1,0,0,2,1,18,A01
200800044343,0,7,0,0,2,7,15,A01
200800044343,0,31,0,0,2,1,1,B01
200800044344,0,30,0,0,2,8,15,A01
200800044344,0,7,0,0,9,1,1,B01
200800044345,0,7,0,0,2,3,13,A01
200800044345,0,7,0,0,0,3,14,B01
200800044346,0,7,0,0,1,1,11,A01
200800044347,0,7,0,0,2,3,5,B01
200800044347,0,7,0,0,2,3,5,A01
200800044348,0,7,0,0,2,4,1,B01
200800044348,0,7,0,0,2,1,1,A01
200800044349,0,7,0,0,2,3,15,A01
200800044349,0,2,0,0,2,8,1,B01
200800044350,0,7,0,0,1,3,1,A01
200800044351,0,10,0,0,1,1,15,A01
200800044352,0,7,0,0,2,3,13,A01
200800044352,0,7,0,0,2,8,1,B01
200800044353,0,7,0,0,2,1,21,A01
200800044353,0,7,0,1,2,7,19,B01
200800044354,0,2,0,0,2,1,1,B01
200800044354,0,7,0,0,0,4,12,A01
200800044355,0,7,0,0,2,7,15,A01
200800044355,0,2,0,0,2,1,1,B01
200800044356,0,34,0,0,2,1,0,B01
200800044356,0,10,0,0,2,3,15,A01
200800044357,0,7,0,0,9,5,15,A01
200800044357,0,1,0,0,2,4,0,B01
200800044358,0,33,0,0,2,3,1,A01
200800044358,0,33,0,0,2,3,1,B01
200800044359,0,7,0,0,0,9,1,A01
200800044360,0,2,0,0,0,0,0,A01
200800044361,0,7,0,0,2,1,2,A01
200800044361,0,7,0,0,2,4,2,B01
200800044362,0,7,0,0,2,7,0,A01
200800044362,0,1,0,0,2,8,0,B01
200800044363,0,2,0,0,0,1,1,A01
200800044364,0,7,0,0,1,1,1,A01
200800044365,0,1,0,0,2,1,15,A01
200800044365,0,1,0,0,2,1,1,B01
200800044366,0,7,0,9,0,2,1,A01
200800044367,0,7,0,5,0,1,0,A01
200800044368,0,7,0,0,2,2,0,A01
200800044368,0,7,0,0,2,5,0,B01
200800044369,0,7,0,0,1,1,15,A01
200800044370,0,2,0,5,2,0,0,A01
200800044370,0,7,0,0,2,1,0,B01
200800044371,0,30,0,0,2,1,1,A01
200800044371,0,7,0,0,2,1,1,B01
200800044372,0,1,0,0,2,7,1,B01
200800044372,0,7,0,0,2,3,1,A01
200800044373,0,7,0,1,0,5,4,A01
200800044373,0,30,0,0,2,7,1,B01
200800044374,0,15,0,0,2,7,12,A01
200800044374,0,7,0,3,2,6,1,B01
200800044375,0,7,0,0,2,8,9,A01
200800044375,0,1,0,0,2,1,1,B01
200800044376,0,30,0,1,0,1,1,A01
200800044376,0,7,0,0,0,7,0,B01
200800044377,0,7,0,0,2,1,1,A01
200800044377,0,7,0,0,2,4,1,B01
200800044378,0,1,0,0,2,1,1,B01
200800044378,0,7,0,0,2,6,9,A01
200800044379,0,2,0,14,0,1,1,A01
200800044379,0,7,0,0,2,4,2,B01
200800044380,0,7,0,0,2,7,13,A01
200800044380,0,7,0,0,2,1,1,B01
200800044381,0,17,0,0,2,5,2,A01
200800044381,0,1,0,0,2,0,0,B01
200800044382,0,7,0,0,2,2,16,A01
200800044382,0,32,0,0,2,0,1,B01
200800044383,0,7,0,8,0,1,1,A01
200800044384,0,7,0,0,2,4,2,B01
200800044384,0,14,0,0,2,1,2,A01
200800044385,0,10,0,0,2,1,2,A01
200800044385,0,33,0,0,2,9,2,B01
200800044385,0,7,0,0,2,4,2,C01
200800044386,0,15,0,13,0,1,16,A01
200800044387,0,40,0,0,2,1,1,B01
200800044387,0,7,0,0,9,3,1,A01
200800044388,0,7,0,0,2,2,1,A01
200800044388,0,33,0,0,2,1,1,B01
200800044389,0,7,0,0,1,1,1,A01
200800044390,0,32,0,7,0,1,15,A01
200800044391,0,37,0,0,1,5,9,A01
200800044392,0,7,0,0,2,1,2,A01
200800044392,0,7,0,0,2,4,2,B01
200800044392,0,7,0,0,2,4,2,C01
200800044393,0,7,0,13,0,8,1,A01
200800044394,0,32,0,1,0,1,14,A01
200800044395,0,7,0,7,0,1,1,A01
200800044396,0,2,0,0,9,1,9,A01
200800044396,0,30,0,0,9,9,1,B01
200800044396,0,2,0,0,9,0,1,C01
200800044397,0,7,0,0,2,1,1,A01
200800044397,0,7,0,0,2,9,1,B01
200800044398,0,30,0,0,2,1,17,A01
200800044398,0,3,0,0,9,0,0,B01
200800044399,0,7,0,0,1,1,1,A01
200800044400,0,7,0,0,1,3,1,A01
200800044401,0,33,0,9,0,1,1,A01
200800044402,0,7,0,0,2,8,1,B01
200800044402,0,7,0,0,2,3,5,A01
200800044403,0,7,0,0,2,1,9,A01
200800044403,1,15,0,0,2,4,0,B01
200800044404,0,33,0,0,2,2,15,A01
200800044404,0,7,0,0,2,8,1,B01
200800044405,0,7,0,0,2,2,1,A01
200800044405,0,30,0,0,2,1,10,B01
200800044406,0,13,0,0,2,4,15,A01
200800044406,0,2,0,0,2,1,1,B01
200800044407,0,99,0,14,0,1,0,A01
200800044408,0,7,0,0,2,1,1,A01
200800044408,0,7,0,0,0,4,1,B01
200800044409,0,7,0,0,2,1,1,A01
200800044409,0,7,0,0,2,7,1,B01
200800044410,0,7,0,0,1,7,1,A01
200800044411,0,7,0,14,0,0,0,A01
200800044412,1,7,0,0,2,1,1,A01
200800044412,0,7,0,0,2,4,1,B01
200800044412,0,7,0,0,2,1,1,C01
200800044413,0,7,0,0,2,8,1,B01
200800044413,0,30,0,0,2,1,0,A01
200800044414,0,7,0,0,2,1,13,A01
200800044414,0,7,0,0,2,2,1,B01
200800044415,0,7,0,0,2,3,14,A01
200800044415,0,7,0,0,2,3,1,B01
200800044416,0,7,0,0,2,1,15,A01
200800044416,0,2,0,0,2,1,1,B01
200800044417,0,1,0,0,2,1,0,A01
200800044417,0,7,0,0,2,2,1,B01
200800044418,0,2,0,0,2,3,1,B01
200800044418,0,7,0,0,2,7,15,A01
200800044419,0,7,0,9,2,1,0,A01
200800044419,0,7,0,9,2,7,1,B01
200800044420,0,7,0,0,2,1,15,A01
200800044420,0,2,0,0,2,8,1,B01
200800044421,0,7,0,0,0,0,0,A01
200800044422,0,7,0,0,2,1,1,A01
200800044422,0,7,0,0,2,8,1,B01
200800044423,0,30,0,0,0,0,1,A01
200800044424,0,7,0,0,2,0,0,A01
200800044424,0,1,0,0,2,1,0,B01
200800044425,0,7,0,0,2,1,2,A01
200800044425,0,7,0,0,2,4,2,B01
200800044426,0,15,0,0,2,2,1,A01
200800044426,0,7,0,0,2,8,0,B01
200800044427,0,7,0,0,2,7,1,B01
200800044427,0,2,0,0,2,1,1,A01
200800044428,0,7,0,0,1,1,15,A01
200800044429,0,30,0,0,0,8,1,A01
200800044430,0,7,0,0,2,1,2,A01
200800044430,0,7,0,0,2,4,2,B01
200800044431,0,7,0,0,2,1,2,A01
200800044431,0,7,0,0,2,4,2,B01
200800044432,0,7,0,0,2,3,9,A01
200800044432,0,7,0,0,2,2,1,B01
200800044433,0,2,0,0,2,1,2,A01
200800044433,0,7,0,0,2,4,2,B01
200800044434,0,7,0,0,2,7,17,A01
200800044434,0,1,0,0,2,3,1,B01
200800044435,0,7,0,0,1,2,1,A01
200800044436,0,7,0,0,2,8,1,A01
200800044436,0,7,0,0,2,2,1,B01
200800044437,0,37,1,0,1,1,1,A01
200800044438,0,1,0,0,0,0,1,A01
200800044439,0,7,0,0,2,1,15,A01
200800044439,0,7,0,0,2,3,1,B01
200800044440,0,7,0,3,0,1,1,A01
200800044441,0,3,0,0,0,3,16,B01
200800044441,0,1,0,0,2,1,5,A01
200800044442,0,7,0,0,2,1,15,A01
200800044442,0,32,0,0,2,3,1,B01
200800044443,0,7,0,0,2,3,1,B01
200800044443,0,15,0,0,2,1,1,A01
200800044443,0,7,0,0,2,2,1,C01
200800044444,0,2,0,0,2,1,1,A01
200800044444,0,7,0,0,2,8,19,B01
200800044445,0,7,0,0,2,4,2,B01
200800044446,0,2,0,0,0,8,1,A01
200800044447,0,7,0,0,0,6,23,B01
200800044447,0,33,0,0,2,1,2,A01
200800044447,0,7,0,0,2,1,1,C01
200800044448,0,33,0,0,2,1,2,A01
200800044448,0,7,0,0,2,7,16,B01
200800044449,0,30,0,0,2,1,9,A01
200800044449,0,7,0,0,2,1,1,B01
200800044450,0,7,0,0,2,1,2,A01
200800044450,0,7,0,0,2,6,23,B01
200800044450,0,7,0,0,2,5,23,C01
200800044450,0,7,0,0,2,6,23,D01
200800044451,1,2,0,0,1,1,1,A01
200800044452,0,2,0,0,2,6,1,A01
200800044452,1,2,0,0,2,7,17,B01
200800044453,0,7,0,14,0,0,1,A01
200800044454,1,7,0,0,2,1,1,A01
200800044454,0,2,0,0,2,4,1,B01
200800044455,0,7,0,0,2,2,9,A01
200800044455,0,31,0,0,2,1,1,B01
200800044456,0,7,0,0,2,1,1,A01
200800044456,0,7,0,0,2,4,1,B01
200800044457,0,2,0,12,0,1,14,A01
200800044458,0,1,0,13,0,1,14,A01
200800044459,0,7,0,0,2,1,15,A01
200800044459,0,2,0,0,2,1,1,B01
200800044460,0,2,0,0,2,1,13,A01
200800044460,0,7,0,0,2,3,1,B01
200800044461,0,7,0,0,2,1,9,B01
200800044461,0,7,0,0,2,8,1,A01
200800044462,0,1,0,1,0,1,14,A01
200800044463,0,30,0,0,2,1,13,A01
200800044463,0,7,0,0,2,1,1,B01
200800044464,0,7,0,0,2,3,1,B01
200800044464,0,2,0,0,2,1,1,A01
200800044465,0,7,0,6,0,1,13,A01
200800044466,0,7,0,0,2,3,1,B01
200800044466,0,1,0,0,2,1,1,A01
200800044467,0,10,0,0,1,2,1,A01
200800044468,0,7,0,13,0,9,1,A01
200800044469,0,7,0,0,9,2,2,A01
200800044469,0,1,0,0,0,4,2,B01
200800044470,0,7,0,0,2,1,2,B01
200800044470,0,7,0,0,2,7,1,A01
200800044471,1,7,0,0,0,5,1,A01
200800044471,0,31,0,0,0,0,2,B01
200800044472,0,7,0,0,1,3,1,A01
200800044473,0,10,0,0,2,2,15,A01
200800044473,0,7,0,0,2,1,1,B01
200800044474,0,7,0,0,2,3,0,B01
200800044474,0,7,0,0,2,2,0,A01
200800044475,1,99,0,0,0,0,0,C01
200800044475,0,2,0,0,2,1,17,A01
200800044475,0,7,0,0,2,1,0,B01
200800044476,0,31,0,0,0,8,15,A01
200800044477,0,30,0,14,0,1,1,A01
200800044478,0,10,0,0,1,4,4,A01
200800044479,0,30,0,0,0,7,16,A01
200800044480,0,33,0,0,2,1,21,A01
200800044480,0,7,0,0,2,4,23,B01
200800044481,0,2,0,0,2,1,21,A01
200800044481,0,7,0,0,2,4,23,B01
200800044482,0,7,0,0,2,1,0,A01
200800044482,0,7,0,0,2,4,1,B01
200800044483,0,20,0,0,2,1,15,B01
200800044483,0,2,0,0,2,2,1,A01
200800044484,0,7,0,0,1,1,21,A01
200800044485,0,7,0,13,0,1,13,A01
200800044486,0,2,0,0,2,3,1,A01
200800044486,0,7,0,0,2,7,16,B01
200800044487,0,7,0,0,1,1,2,A01
200800044488,0,1,0,0,1,1,0,A01
200800044489,0,7,0,0,1,1,0,A01
200800044490,0,7,0,0,2,1,2,A01
200800044490,0,7,0,0,2,6,2,B01
200800044491,0,30,0,0,0,1,2,A01
200800044491,0,13,0,0,0,4,2,B01
200800044492,0,7,0,0,1,2,16,A01
200800044493,0,2,0,0,2,2,17,A01
200800044493,0,30,0,0,0,6,15,B01
200800044494,0,7,0,0,1,1,1,A01
200800044495,0,7,0,0,2,1,9,A01
200800044495,0,1,0,0,2,4,1,B01
200800044496,0,37,15,0,1,1,1,A01
200800044497,0,7,0,10,2,8,1,B01
200800044497,0,2,0,0,2,1,1,A01
200800044498,0,7,0,0,2,1,15,A01
200800044498,0,33,0,0,2,7,1,B01
200800044499,0,37,30,0,1,7,1,A01
200800044500,0,7,0,0,2,1,1,A01
200800044500,0,7,0,0,2,4,23,B01
200800044501,0,7,0,0,2,8,22,A01
200800044501,0,1,0,1,0,1,1,B01
200800044502,0,7,0,0,2,1,2,A01
200800044502,0,7,0,0,2,4,2,B01
200800044503,0,7,0,0,2,1,0,A01
200800044503,0,7,0,0,2,7,0,B01
200800044504,0,7,0,0,1,2,15,A01
200800044505,0,7,0,0,1,2,1,A01
200800044506,0,7,0,0,2,3,1,B01
200800044506,0,7,0,1,2,1,1,A01
200800044507,0,33,0,16,0,0,1,A01
200800044508,0,7,0,0,2,8,15,A01
200800044508,0,7,0,0,2,1,1,B01
200800044509,1,7,0,0,2,2,15,A01
200800044509,0,2,0,0,2,1,1,B01
200800044510,1,1,0,0,1,1,1,A01
200800044511,0,7,0,0,2,2,2,A01
200800044511,0,7,0,0,2,6,23,B01
200800044511,0,7,0,0,2,4,23,C01
200800044512,0,1,0,0,1,1,1,A01
200800044513,0,7,0,0,2,1,1,B01
200800044513,0,2,0,0,2,1,1,A01
200800044514,0,2,0,0,2,1,5,A01
200800044514,0,7,0,0,2,1,15,B01
200800044515,1,7,0,0,0,0,15,A01
200800044515,0,2,0,11,0,8,1,B01
200800044516,0,2,0,0,0,2,1,A01
200800044517,0,31,0,0,2,4,13,A01
200800044517,0,7,0,0,2,3,1,B01
200800044518,0,7,0,0,2,3,13,A01
200800044518,0,33,0,1,2,1,17,B01
200800044519,0,33,0,0,0,9,1,A01
200800044520,0,30,0,0,0,2,1,A01
200800044521,0,7,0,13,0,1,14,A01
200800044522,0,2,0,0,1,1,1,A01
200800044523,0,7,0,0,2,1,20,A01
200800044523,0,2,0,0,2,1,1,B01
200800044524,0,7,0,9,0,2,14,A01
200800044525,0,1,0,10,2,1,1,B01
200800044525,0,7,0,0,2,2,9,A01
200800044526,0,7,0,0,2,1,1,A01
200800044526,0,7,0,0,2,4,1,B01
200800044526,0,7,0,0,2,4,20,D01
200800044527,0,2,0,0,1,1,1,A01
200800044528,0,7,0,0,9,2,9,A01
200800044528,0,33,0,0,2,7,1,B01
200800044529,0,7,0,11,0,1,1,A01
200800044530,0,32,0,0,1,8,1,A01
200800044531,0,30,0,0,2,7,1,B01
200800044531,0,7,0,0,2,3,1,A01
200800044532,0,31,0,0,0,8,1,A01
200800044533,0,1,0,0,2,1,1,B01
200800044533,0,7,0,0,2,0,15,A01
200800044534,0,7,0,6,0,1,1,A01
200800044535,0,7,0,0,2,7,1,A01
200800044535,0,1,0,0,2,8,1,B01
200800044536,0,1,0,0,0,0,1,A01
200800044537,0,1,0,12,0,0,1,A01
200800044538,0,31,0,0,0,3,1,A01
200800044539,0,30,0,12,0,8,1,A01
200800044540,0,7,0,0,2,1,1,A01
200800044540,0,7,0,0,2,1,1,B01
200800044540,0,7,0,0,0,4,1,C01
200800044541,0,1,0,16,0,0,1,A01
200800044542,0,7,0,0,2,1,1,A01
200800044542,0,3,0,0,2,4,1,B01
200800044543,0,7,0,0,2,1,1,A01
200800044543,0,7,0,0,2,8,1,B01
200800044544,0,30,0,0,0,0,1,A01
200800044545,1,7,0,0,2,1,1,A01
200800044545,0,7,0,0,2,4,1,B01
200800044546,0,7,0,0,2,3,1,B01
200800044546,0,1,0,0,2,1,1,A01
200800044547,0,1,0,0,0,0,1,A01
200800044548,0,2,0,0,2,1,1,A01
200800044548,0,7,0,0,2,4,23,B01
200800044549,0,7,0,0,2,2,15,A01
200800044549,0,7,0,0,2,6,1,B01
200800044549,0,7,0,0,2,1,1,C01
200800044550,0,1,0,1,0,1,1,A01
200800044551,0,33,0,0,0,7,1,A01
200800044552,0,7,0,0,2,1,15,A01
200800044552,0,33,0,0,2,1,1,B01
200800044553,0,30,0,0,0,0,1,A01
200800044554,0,2,0,0,0,2,1,A01
200800044555,0,7,0,0,2,1,1,A01
200800044555,0,7,0,0,2,4,1,B01
200800044556,0,10,0,0,2,1,1,A01
200800044556,0,7,0,0,2,4,1,B01
200800044556,0,7,0,0,2,4,1,C01
200800044557,0,7,0,0,2,1,16,A01
200800044557,0,7,0,15,2,1,1,B01
200800044558,0,30,0,1,2,1,17,A01
200800044558,0,7,0,0,2,3,15,B01
200800044559,0,1,0,0,0,0,1,A01
200800044560,0,7,0,0,2,3,1,B01
200800044560,0,7,0,0,2,3,1,A01
200800044561,0,7,0,2,0,1,1,A01
200800044562,1,7,0,0,1,0,1,A01
200800044563,0,33,0,0,2,1,17,A01
200800044563,0,7,0,0,2,3,13,B01
200800044564,0,7,0,13,0,1,11,A01
200800044565,0,7,0,0,2,3,15,C01
200800044565,0,7,0,0,2,8,15,B01
200800044565,0,7,0,0,2,1,1,A01
200800044566,0,7,0,0,1,3,1,A01
200800044567,0,1,0,0,0,0,5,A01
200800044568,0,7,0,0,2,3,15,B01
200800044568,0,2,0,9,2,7,17,A01
200800044569,0,30,0,0,2,7,1,B01
200800044569,0,7,0,0,2,3,11,A01
200800044570,0,7,0,0,2,3,15,B01
200800044570,0,7,0,0,2,9,1,A01
200800044571,0,7,0,0,2,7,2,B01
200800044571,0,7,0,0,2,1,2,A01
200800044572,0,7,0,0,2,7,1,A01
200800044572,0,7,0,0,2,1,1,B01