Num_Acc,senc,catv,occutc,obs,obsm,choc,manv,num_veh
200800044573,0,33,0,0,2,1,1,B01
200800044573,0,7,0,0,2,3,9,A01
200800044574,1,7,0,0,0,0,17,A01
200800044574,0,2,0,12,0,1,1,B01
200800044575,0,3,0,0,1,4,4,A01
200800044576,0,7,0,0,2,1,1,B01
200800044576,0,10,0,0,2,1,13,A01
200800044577,0,7,0,2,0,1,1,A01
200800044578,0,7,0,0,1,2,1,A01
200800044579,0,7,0,0,2,4,2,B01
200800044579,0,10,0,0,2,1,2,A01
200800044580,0,7,0,0,1,3,1,A01
200800044581,0,7,0,0,2,3,15,A01
200800044581,0,30,0,0,2,1,1,B01
200800044582,0,7,0,9,2,1,17,A01
200800044582,0,7,0,0,2,8,1,B01
200800044583,0,30,0,0,1,1,1,A01
200800044584,0,2,0,15,0,1,14,A01
200800044585,0,7,0,0,2,5,15,B01
200800044585,0,31,0,0,2,0,9,A01
200800044586,0,7,0,0,2,1,2,A01
200800044586,0,7,0,0,2,4,2,B01
200800044586,0,7,0,0,2,4,2,C01
200800044587,1,7,0,0,0,0,2,A01
200800044587,0,2,0,12,0,8,14,B01
200800044588,0,7,0,0,1,2,1,A01
200800044589,0,1,0,0,2,1,4,A01
200800044589,0,7,0,0,9,5,1,B01
200800044590,0,7,0,0,1,3,1,A01
200800044591,0,7,0,0,2,3,15,A01
200800044591,0,10,0,0,2,1,1,B01
200800044592,0,1,0,0,2,1,1,A01
200800044592,0,38,1,0,9,1,15,B01
200800044593,0,7,0,0,1,2,0,A01
200800044594,0,7,0,0,2,1,1,B01
200800044594,0,99,0,10,2,1,1,A01
200800044595,0,2,0,0,2,1,1,B01
200800044595,0,7,0,0,2,1,1,C01
200800044595,0,99,0,0,2,6,1,A01
200800044596,0,2,0,0,2,2,1,B01
200800044596,0,30,0,0,2,1,2,A01
200800044597,0,7,0,0,2,6,10,A01
200800044597,0,33,0,0,2,1,1,B01
200800044598,0,7,0,0,2,3,2,A01
200800044598,0,7,0,0,2,5,15,B01
200800044599,0,7,0,0,1,1,16,A01
200800044600,0,7,0,0,1,1,1,A01
200800044601,0,7,0,0,2,2,1,A01
200800044601,0,1,0,0,2,1,19,B01
200800044602,0,7,0,0,1,1,1,A01
200800044603,0,7,0,0,2,3,17,A01
200800044603,0,7,0,0,2,1,1,B01
200800044604,0,7,0,0,1,2,1,A01
200800044605,0,7,0,0,9,7,16,A01
200800044605,0,2,0,0,2,1,0,B01
200800044606,0,2,0,1,0,4,1,A01
200800044607,0,33,0,0,2,4,17,A01
200800044608,0,7,0,6,0,0,0,A01
200800044609,0,7,0,0,2,2,15,A01
200800044609,0,2,0,0,2,1,1,B01
200800044610,0,32,0,0,2,6,0,A01
200800044610,0,7,0,0,2,1,0,B01
200800044611,0,1,0,1,0,1,1,B01
200800044611,0,7,0,0,2,8,22,A01
200800044612,0,7,0,0,0,3,5,A01
200800044613,0,30,0,12,0,7,14,A01
200800044614,0,7,0,8,0,6,19,A01
200800044615,0,7,0,0,2,2,17,A01
200800044615,0,7,0,0,2,2,1,B01
200800044616,0,7,0,0,2,1,17,A01
200800044616,0,7,0,0,2,1,1,B01
200800044617,1,10,0,0,2,7,1,A01
200800044617,0,1,0,0,2,8,1,B01
200800044618,0,7,0,0,2,1,1,B01
200800044618,0,7,0,0,2,8,1,A01
200800044619,0,7,0,0,2,8,1,B01
200800044619,0,7,0,0,2,1,1,A01
200800044620,0,7,0,0,2,1,1,A01
200800044620,0,37,1,0,2,8,15,B01
200800044621,0,30,0,0,2,2,1,A01
200800044621,0,17,0,0,2,2,16,B01
200800044622,1,7,0,0,2,1,15,A01
200800044622,0,1,0,0,2,5,1,B01
200800044623,0,7,0,0,1,1,1,A01
200800044624,0,7,0,5,0,1,1,A01
200800044625,0,7,0,0,1,1,1,A01
200800044626,0,7,0,0,1,1,1,A01
200800044627,0,1,0,0,0,0,0,A01
200800044627,0,7,0,0,9,2,1,B01
200800044628,0,7,0,0,2,1,13,A01
200800044628,0,17,0,0,2,3,21,B01
200800044629,0,33,0,11,0,1,1,A01
200800044630,0,7,0,8,0,1,1,A01
200800044631,0,7,0,0,2,3,1,A01
200800044631,0,7,0,0,2,6,11,B01
200800044632,0,7,0,0,2,2,15,A01
200800044632,0,33,0,0,2,1,1,B01
200800044633,0,7,0,0,2,3,15,A01
200800044633,0,2,0,0,2,2,17,B01
200800044634,0,7,0,0,2,3,15,A01
200800044634,0,30,0,0,2,1,1,B01
200800044635,0,30,0,0,2,3,1,A01
200800044635,0,7,0,0,2,1,1,B01
200800044636,0,7,0,0,2,8,15,A01
200800044636,0,33,0,0,2,1,1,B01
200800044637,0,30,0,1,0,4,1,A01
200800044638,0,10,0,0,2,1,1,A01
200800044638,0,7,0,0,2,4,1,B01
200800044639,0,3,0,11,0,9,1,A01
200800044640,0,7,0,2,0,1,1,A01
200800044641,0,30,0,0,2,1,1,A01
200800044641,0,7,0,0,2,1,1,B01
200800044642,2,7,0,1,2,1,1,A01
200800044642,0,7,0,15,2,3,15,B01
200800044643,0,1,0,0,2,1,15,A01
200800044643,0,7,0,0,2,2,1,B01
200800044644,0,7,0,0,2,7,16,A01
200800044644,0,1,0,0,2,1,1,B01
200800044645,0,7,0,0,1,1,1,A01
200800044646,0,7,0,0,2,3,24,A01
200800044646,0,1,0,0,2,1,1,B01
200800044647,0,30,0,0,1,1,1,A01
200800044648,0,7,0,0,2,1,1,B01
200800044648,0,7,0,6,2,7,1,A01
200800044649,0,31,0,0,2,1,17,A01
200800044649,0,7,0,0,2,3,15,B01
200800044650,0,1,0,0,2,1,19,A01
200800044650,0,7,0,0,2,2,1,B01
200800044651,1,7,0,0,0,0,0,A01
200800044651,0,1,0,0,2,0,0,B01
200800044652,0,10,0,0,0,2,1,B01
200800044652,0,1,0,0,2,1,1,A01
200800044653,0,7,0,8,2,1,1,A01
200800044653,0,7,0,8,2,8,1,B01
200800044654,0,7,0,0,1,1,1,A01
200800044655,0,7,0,0,4,7,1,A01
200800044655,0,39,0,0,2,2,1,B01
200800044656,0,7,0,0,2,1,1,A01
200800044656,0,7,0,0,2,1,1,B01
200800044656,0,7,0,0,2,4,1,C01
200800044657,0,7,0,0,2,1,5,A01
200800044657,0,10,0,0,2,1,1,B01
200800044658,0,33,0,1,0,1,17,A01
200800044659,0,7,0,0,2,6,15,A01
200800044659,0,30,0,0,2,8,1,B01
200800044660,0,7,0,0,1,4,4,A01
200800044661,0,7,0,0,2,3,15,A01
200800044661,0,30,0,0,2,1,1,B01
200800044662,0,7,0,0,2,1,1,A01
200800044662,0,2,0,0,2,4,1,B01
200800044663,0,10,0,0,1,2,1,A01
200800044664,1,30,0,0,0,0,0,A01
200800044665,0,10,0,0,2,4,23,A01
200800044665,0,2,0,0,2,1,1,B01
200800044666,0,7,0,0,2,1,1,A01
200800044666,0,7,0,0,2,4,23,B01
200800044667,0,2,0,0,0,1,1,A01
200800044668,0,7,0,0,2,1,15,A01
200800044668,0,33,0,1,2,1,2,B01
200800044669,0,7,0,0,2,1,2,A01
200800044669,0,7,0,0,2,4,2,B01
200800044670,0,7,0,3,0,1,1,A01
200800044671,0,7,0,0,2,4,4,A01
200800044671,0,30,0,0,2,7,1,B01
200800044672,0,33,0,0,0,0,16,B01
200800044673,0,7,0,0,1,0,1,A01
200800044674,0,7,0,0,2,5,1,A01
200800044674,0,2,0,0,2,8,11,B01
200800044675,0,7,0,0,1,4,4,A01
200800044676,0,15,0,0,2,2,1,A01
200800044676,0,7,0,0,0,8,15,B01
200800044677,0,7,0,0,2,1,1,A01
200800044677,0,7,0,0,2,1,19,B01
200800044678,0,2,0,0,2,9,1,B01
200800044678,0,7,0,0,2,3,15,A01
200800044679,0,7,0,14,2,7,1,A01
200800044679,0,2,0,0,2,9,1,B01
200800044680,0,7,0,0,2,1,10,A01
200800044680,0,2,0,0,2,8,1,B01
200800044681,0,7,0,0,2,9,1,B01
200800044681,0,7,0,14,2,1,1,A01
200800044682,0,7,0,1,1,0,1,A01
200800044683,0,7,0,14,2,0,1,A01
200800044683,0,1,0,0,2,0,1,B01
200800044684,0,7,0,0,1,1,1,A01
200800044685,0,37,0,0,2,1,15,B01
200800044685,0,7,0,0,2,1,1,A01
200800044686,0,30,0,1,0,1,1,A01
200800044687,0,14,0,0,1,0,16,A01
200800044688,0,7,0,0,2,2,15,A01
200800044688,0,7,0,0,2,0,1,B01
200800044689,0,7,0,0,1,0,16,A01
200800044690,0,1,0,1,2,1,13,A01
200800044690,0,7,0,0,2,3,1,B01
200800044691,0,7,0,0,1,2,1,A01
200800044691,0,1,0,0,2,0,19,B01
200800044692,0,2,0,0,2,7,1,A01
200800044692,0,7,0,0,2,1,1,B01
200800044693,0,32,0,0,2,1,1,A01
200800044694,0,2,0,0,2,7,1,A01
200800044694,0,7,0,0,2,1,9,B01
200800044695,0,7,0,0,9,8,22,A01
200800044695,0,1,0,1,0,1,1,B01
200800044696,0,30,0,0,0,2,21,B01
200800044696,0,7,0,0,2,2,19,A01
200800044697,0,7,0,1,2,1,1,A01
200800044697,0,7,0,0,2,8,21,C01
200800044698,0,99,0,6,0,1,11,A01
200800044699,0,7,0,2,0,1,14,A01
200800044700,0,7,0,0,2,1,11,A01
200800044700,0,7,0,0,2,1,1,B01
200800044701,0,7,0,13,1,2,1,A01
200800044702,0,7,0,0,1,2,1,A01
200800044703,0,7,0,0,9,6,15,A01
200800044703,0,31,0,0,2,1,1,B01
200800044704,0,14,0,0,2,1,15,A01
200800044704,0,7,0,0,2,3,1,B01
200800044705,0,10,0,0,1,3,2,A01
200800044706,0,1,0,0,2,0,1,B01
200800044706,0,7,0,0,0,3,9,A01
200800044707,0,2,0,0,0,7,1,B01
200800044707,1,7,0,0,0,1,1,A01
200800044708,0,2,0,0,2,1,2,A01
200800044708,0,1,0,0,2,0,2,B01
200800044709,1,7,0,0,2,2,0,A01
200800044709,0,1,0,0,2,4,1,B01
200800044710,0,30,0,6,0,1,0,A01
200800044711,0,7,0,0,1,5,4,A01
200800044712,0,2,0,0,2,1,5,A01
200800044712,0,7,0,0,2,3,15,B01
200800044713,0,1,0,0,1,1,1,A01
200800044714,0,7,0,2,2,1,0,A01
200800044714,0,7,0,0,2,2,1,B01
200800044715,0,7,0,0,2,5,10,A01
200800044715,0,2,0,0,2,1,1,B01
200800044716,0,7,0,0,2,7,16,A01
200800044716,0,33,0,0,2,8,1,B01
200800044717,0,7,0,0,1,0,4,A01
200800044718,0,7,0,0,2,2,1,B01
200800044718,0,30,0,1,2,1,16,A01
200800044719,0,7,0,0,2,1,0,A01
200800044719,0,2,0,0,2,5,0,B01
200800044720,0,1,0,0,2,4,1,B01
200800044720,0,7,0,0,2,1,0,A01
200800044721,0,7,0,0,2,1,1,A01
200800044721,0,1,0,0,2,1,19,B01
200800044722,0,31,0,0,2,3,1,B01
200800044722,0,7,0,0,2,3,10,C01
200800044722,0,7,0,0,2,2,1,A01
200800044723,0,7,0,9,0,2,1,A01
200800044724,0,7,0,0,1,1,1,A01
200800044725,0,7,0,0,1,0,16,A01
200800044726,0,7,0,3,1,1,0,A01
200800044727,0,30,0,0,2,1,1,A01
200800044727,0,7,0,0,2,4,1,B01
200800044728,0,1,0,0,0,4,23,B01
200800044728,0,2,0,0,2,1,2,A01
200800044729,0,33,0,15,1,0,13,A01
200800044730,0,37,0,0,2,5,1,B01
200800044730,0,30,0,0,0,0,9,A01
200800044731,0,7,0,1,2,9,13,A01
200800044731,0,7,0,0,2,6,2,C01
200800044732,0,7,0,0,2,1,9,A01
200800044732,0,2,0,0,2,7,1,B01
200800044733,0,7,0,0,2,7,15,A01
200800044733,0,7,0,0,2,1,1,B01
200800044734,0,36,0,0,2,1,12,A01
200800044734,0,7,0,0,2,6,1,B01
200800044735,0,7,0,0,2,3,1,B01
200800044735,0,7,0,0,2,3,13,A01
200800044736,1,7,0,0,2,3,15,A01
200800044736,0,1,0,12,2,4,1,B01
200800044737,0,33,0,0,0,8,16,A01
200800044738,0,7,0,0,2,7,12,A01
200800044738,0,33,0,0,2,8,16,B01
200800044739,0,7,0,0,2,7,1,B01
200800044739,0,7,0,0,2,1,1,A01
200800044740,0,7,0,0,1,1,17,A01
200800044741,0,7,0,0,1,1,1,A01
200800044742,0,7,0,0,1,1,1,A01
200800044743,0,10,0,0,2,7,2,A01
200800044743,0,10,0,0,2,1,1,B01
200800044744,0,7,0,0,9,0,21,B01
200800044744,0,1,0,0,2,1,9,A01
200800044745,0,33,0,0,2,1,2,A01
200800044745,0,7,0,0,0,6,2,B01
200800044746,0,7,0,16,0,0,0,A01
200800044747,0,2,0,0,2,1,16,A01
200800044747,0,1,0,0,2,8,1,B01
200800044748,0,2,0,0,0,1,0,A01
200800044749,0,7,0,1,0,1,0,A01
200800044749,0,7,0,0,2,7,24,B01
200800044750,0,7,0,0,2,2,1,A01
200800044750,0,30,0,0,2,1,1,B01
200800044751,0,7,0,0,1,2,1,A01
200800044752,2,7,0,0,2,2,2,B01
200800044752,0,7,0,0,2,8,19,A01
200800044753,0,7,0,3,0,1,1,A01
200800044754,0,1,0,0,2,1,2,B01
200800044754,0,7,0,0,2,7,15,A01
200800044755,0,2,0,0,2,1,2,B01
200800044755,0,7,0,0,2,7,2,A01
200800044756,0,2,0,1,0,1,2,A01
200800044757,0,7,0,0,2,2,15,A01
200800044757,0,1,0,0,2,0,1,B01
200800044758,0,7,0,0,2,3,17,A01
200800044758,0,33,0,0,0,8,1,B01
200800044759,0,7,0,0,2,5,17,A01
200800044759,0,1,0,0,2,1,1,B01
200800044760,0,7,0,0,2,8,15,A01
200800044760,0,2,0,0,2,1,17,B01
200800044761,0,7,0,6,2,1,17,A01
200800044761,0,7,0,6,2,8,1,B01
200800044762,0,7,0,0,2,1,1,B01
200800044762,0,7,0,0,2,4,15,A01
200800044762,0,7,0,0,2,3,1,C01
200800044763,0,7,0,0,2,1,1,B01
200800044763,0,7,0,0,2,4,4,A01
200800044764,0,1,0,0,1,1,1,A01
200800044765,0,2,0,1,0,1,14,A01
200800044766,0,7,0,0,9,8,15,B01
200800044766,0,30,0,0,2,1,1,A01
200800044767,0,2,0,0,2,1,1,A01
200800044767,0,7,0,0,9,5,15,B01
200800044768,0,33,0,0,2,1,17,B01
200800044768,0,7,0,0,9,3,15,A01
200800044769,0,10,0,0,1,2,1,A01
200800044770,0,7,0,0,1,1,1,A01
200800044771,0,1,0,0,2,3,15,B01
200800044771,0,7,0,0,9,2,1,A01
200800044772,0,7,0,0,2,1,13,A01
200800044772,0,7,0,0,2,1,23,B01
200800044773,0,7,0,0,2,1,2,A01
200800044773,0,7,0,0,2,4,2,B01
200800044774,0,7,0,0,2,3,21,A01
200800044774,0,7,0,0,2,1,13,B01
200800044775,0,7,0,0,2,1,1,A01
200800044775,0,7,0,0,2,4,0,B01
200800044776,0,1,0,0,1,1,0,A01
200800044777,0,7,0,16,1,2,0,A01
200800044777,0,1,0,15,2,0,0,B01
200800044778,0,1,0,0,2,1,1,A01
200800044778,0,7,0,0,9,5,1,B01
200800044779,0,2,0,0,2,1,1,B01
200800044779,0,10,0,0,2,5,15,A01
200800044780,0,7,0,0,2,2,13,A01
200800044780,0,2,0,0,2,1,1,B01
200800044781,0,7,0,0,2,1,2,A01
200800044781,0,7,0,0,2,4,2,B01
200800044782,0,32,0,0,2,1,1,A01
200800044782,0,7,0,0,2,4,1,B01
200800044783,0,32,0,0,2,1,1,B01
200800044783,0,7,0,0,2,3,16,A01
200800044784,0,7,0,0,2,1,2,A01
200800044784,0,7,0,0,2,4,2,B01
200800044784,0,7,0,0,0,4,2,C01
200800044785,0,7,0,0,2,1,1,B01
200800044785,0,2,0,0,2,1,19,A01
200800044786,0,33,0,0,0,0,1,B01
200800044787,0,7,0,0,2,7,15,A01
200800044787,0,7,0,0,2,1,1,B01
200800044788,0,7,0,0,2,2,1,B01
200800044788,0,7,0,0,2,3,1,A01
200800044789,0,7,0,0,2,0,12,A01
200800044789,0,33,0,0,2,7,21,B01
200800044790,0,17,0,7,0,0,1,A01
200800044791,0,1,0,0,2,1,1,A01
200800044791,0,7,0,0,2,4,23,B01
200800044792,0,7,0,0,2,2,19,A01
200800044792,0,7,0,0,2,3,1,B01
200800044793,0,31,0,14,0,1,1,A01
200800044794,0,7,0,0,2,3,1,A01
200800044794,0,30,0,0,2,7,1,B01
200800044795,0,7,0,0,2,1,19,A01
200800044795,0,7,0,0,2,3,1,B01
200800044796,0,7,0,0,2,1,1,A01
200800044796,0,7,0,0,2,4,1,B01
200800044797,0,31,0,0,2,7,0,A01
200800044797,0,7,0,0,2,1,0,B01
200800044798,0,7,0,0,2,3,15,A01
200800044798,0,33,0,0,2,8,1,B01
200800044799,0,7,0,0,1,2,1,A01
200800044800,0,10,0,0,2,3,15,A01
200800044800,0,31,0,1,2,2,1,B01
200800044801,0,7,0,6,2,1,1,B01
200800044801,0,7,0,0,2,7,1,A01
200800044802,0,10,0,0,1,4,4,A01
200800044803,0,7,0,6,2,1,1,A01
200800044803,0,7,0,0,2,4,15,B01
200800044804,0,7,0,0,2,1,1,B01
200800044804,0,1,0,0,2,1,1,A01
200800044805,0,33,0,16,0,8,1,A01
200800044805,0,20,0,0,1,8,1,B01
200800044806,0,7,0,0,2,1,15,A01
200800044806,0,7,0,0,2,3,1,B01
200800044807,0,7,0,0,2,7,1,B01
200800044807,0,7,0,0,2,1,1,A01
200800044808,0,1,0,0,2,1,13,B01
200800044808,0,7,0,0,2,2,15,A01
200800044809,0,7,0,0,2,3,15,B01
200800044809,0,33,0,0,2,7,1,A01
200800044810,0,33,0,16,0,9,1,A01
200800044811,0,7,0,0,2,1,1,A01
200800044811,0,32,0,0,2,7,1,B01
200800044812,0,7,0,0,2,1,0,A01
200800044812,0,1,0,0,2,2,2,B01
200800044813,0,3,0,0,2,2,17,A01
200800044813,0,7,0,0,2,3,20,B01
200800044814,0,34,0,0,2,0,1,A01
200800044814,0,7,0,0,2,5,15,B01
200800044815,0,7,0,0,2,3,0,A01
200800044815,0,30,0,0,2,0,0,B01
200800044816,0,7,0,0,2,4,15,A01
200800044816,0,31,0,0,2,1,17,B01
200800044817,0,7,0,0,2,3,15,A01
200800044817,0,30,0,0,2,2,17,B01
200800044818,0,7,0,0,2,2,15,A01
200800044818,0,31,0,0,2,1,1,B01
200800044819,0,33,0,8,0,0,0,A01
200800044820,0,7,0,0,2,3,11,A01
200800044820,0,7,0,0,2,2,1,B01
200800044821,0,99,0,0,1,1,1,A01
200800044822,0,30,0,0,2,1,1,A01
200800044822,0,14,0,0,2,2,1,B01
200800044823,0,7,0,6,0,1,1,A01
200800044824,0,7,0,0,0,0,23,A01
200800044825,0,7,0,0,2,3,15,A01
200800044825,0,30,0,0,2,2,1,B01
200800044826,0,2,0,0,2,1,17,A01
200800044826,0,7,0,0,2,3,15,B01
200800044827,0,7,0,0,2,8,15,A01
200800044827,0,2,0,0,2,1,2,B01
200800044828,0,32,0,0,2,8,13,A01
200800044828,0,7,0,0,2,8,1,B01
200800044829,0,2,0,0,2,3,1,B01
200800044829,0,7,0,0,2,8,15,A01
200800044830,0,7,0,0,2,1,0,A01
200800044830,0,7,0,0,0,4,15,B01
200800044831,0,31,0,0,0,0,1,A01
200800044832,0,2,0,0,2,1,17,B01
200800044832,0,7,0,0,2,6,15,A01
200800044833,0,30,0,0,2,1,17,A01
200800044833,0,7,0,0,2,6,11,B01
200800044834,0,2,0,0,2,1,1,A01
200800044834,0,7,0,0,9,4,1,B01
200800044835,0,2,0,0,2,8,17,A01
200800044835,0,7,0,0,9,3,15,B01
200800044836,0,10,0,0,9,3,1,B01
200800044836,0,2,0,0,2,1,16,A01
200800044837,1,7,0,0,1,0,1,A01
200800044838,0,30,0,0,2,1,2,A01
200800044838,0,7,0,0,2,4,2,B01
200800044839,0,1,0,0,2,1,1,B01
200800044839,0,7,0,0,2,3,9,A01
200800044840,0,1,0,0,2,1,5,A01
200800044840,0,1,0,0,2,2,1,B01
200800044841,0,7,0,0,0,1,17,A01
200800044841,1,7,0,0,0,0,17,B01
200800044842,0,7,0,0,2,8,15,A01
200800044842,0,2,0,0,2,1,1,B01
200800044843,0,7,0,0,0,0,0,A01
200800044843,0,7,0,0,0,0,0,B01
200800044844,0,7,0,0,2,1,15,A01
200800044844,0,7,0,0,2,1,1,B01
200800044845,0,36,0,1,2,1,1,A01
200800044845,0,7,0,0,0,4,1,B01
200800044846,0,7,0,0,2,1,13,A01
200800044846,0,7,0,0,2,1,1,B01
200800044846,0,7,0,0,0,0,0,C01
200800044847,0,7,0,8,0,1,0,A01
200800044848,0,31,0,0,2,1,1,B01
200800044848,0,7,0,0,2,2,13,A01
200800044849,0,7,0,0,2,1,1,A01
200800044849,0,10,0,0,2,4,1,B01
200800044850,0,7,0,0,2,3,15,A01
200800044850,0,30,0,0,2,1,10,B01
200800044851,0,7,0,1,1,1,1,A01
200800044852,0,1,0,0,2,0,2,A01
200800044853,0,7,0,0,2,1,13,A01
200800044853,0,7,0,0,2,1,1,B01
200800044854,0,7,0,0,1,1,1,A01
200800044855,0,7,0,0,2,1,1,A01
200800044855,0,7,0,0,2,4,1,B01
200800044856,0,7,0,1,2,1,1,A01
200800044856,0,7,0,0,2,4,23,B01
200800044856,0,7,0,0,0,4,23,C01
200800044857,0,7,0,0,2,3,15,A01
200800044857,0,33,0,0,2,1,1,B01
200800044858,0,7,0,0,1,3,1,A01
200800044859,0,1,0,0,2,4,1,A01
200800044859,1,7,0,0,2,1,1,B01
200800044860,0,30,0,16,0,0,0,A01
200800044861,0,7,0,0,2,4,2,B01
200800044861,0,7,0,0,2,1,2,A01
200800044862,0,7,0,2,0,1,14,A01
200800044863,0,2,0,0,1,1,1,A01
200800044864,0,33,0,0,2,1,3,A01
200800044864,0,7,0,0,2,3,9,B01
200800044865,0,2,0,0,2,1,1,C01
200800044865,0,30,0,0,2,1,1,B01
200800044865,0,7,0,0,2,5,9,A01
200800044866,0,2,0,0,2,1,17,A01
200800044866,0,7,0,0,2,8,15,B01
200800044867,0,7,0,0,2,4,2,B01
200800044867,0,7,0,0,2,1,1,A01
200800044868,0,1,0,0,2,1,1,B01
200800044868,0,7,0,0,2,3,15,A01
200800044869,0,7,0,0,2,4,2,B01
200800044869,0,2,0,0,2,1,1,A01
200800044870,0,2,0,0,2,3,1,A01
200800044870,0,1,0,0,2,0,16,B01
200800044871,0,2,0,0,2,7,17,B01
200800044871,0,7,0,0,2,8,15,A01
200800044872,0,7,0,0,1,2,2,A01
200800044873,0,2,0,0,2,1,17,A01
200800044873,0,7,0,0,0,3,15,B01
200800044874,0,7,0,0,1,2,1,A01
200800044875,0,1,0,0,2,0,0,B01
200800044875,0,30,0,0,2,8,0,A01
200800044876,0,7,0,0,2,7,1,B01
200800044876,0,7,0,0,2,8,13,A01
200800044877,0,7,0,0,2,1,1,B01
200800044877,0,7,0,0,1,1,23,A01
200800044878,0,33,0,0,2,1,1,B01
200800044878,0,30,0,0,2,7,15,A01
200800044879,0,2,0,12,0,0,0,A01
200800044880,0,7,0,0,2,7,0,A01
200800044880,0,1,0,0,2,0,1,B01
200800044881,0,7,0,0,1,1,1,A01
200800044882,0,7,0,0,2,5,19,A01
200800044882,0,7,0,0,2,3,1,B01
200800044883,0,7,0,0,2,7,19,A01
200800044883,0,2,0,0,2,1,1,B01
200800044884,1,7,0,0,2,0,16,B01
200800044884,0,2,0,0,2,1,1,A01
200800044885,0,30,0,1,0,1,1,A01
200800044885,0,7,0,0,2,1,23,B01
200800044886,0,7,0,0,2,1,1,A01
200800044886,0,7,0,0,2,4,1,B01
200800044887,0,7,0,0,2,1,13,A01
200800044887,0,14,0,0,2,1,1,B01
200800044888,1,7,0,0,2,1,13,A01
200800044888,0,7,0,0,2,5,23,B01
200800044889,0,2,0,0,2,1,1,A01
200800044889,0,7,0,0,2,8,1,B01
200800044890,0,7,0,0,1,1,15,A01
200800044891,0,7,0,0,2,7,15,A01
200800044891,0,2,0,0,2,1,1,B01
200800044892,0,2,0,0,2,2,2,A01
200800044892,0,7,0,0,2,4,23,B01
200800044893,0,30,0,0,2,1,1,B01
200800044893,0,7,0,0,2,3,15,A01
200800044894,0,30,0,4,0,1,0,A01
200800044895,0,33,0,0,2,7,2,B01
200800044895,0,7,0,0,2,3,2,A01
200800044896,0,7,0,0,2,1,1,B01
200800044896,0,7,0,0,2,1,5,A01
200800044897,0,30,0,0,2,1,1,B01
200800044897,0,7,0,0,2,1,15,A01
200800044898,0,7,0,0,1,3,1,A01
200800044899,0,7,0,0,2,1,15,A01
200800044899,0,33,0,0,2,1,1,B01
200800044900,0,7,0,0,2,3,5,A01
200800044900,0,7,0,0,2,3,1,B01
200800044901,0,7,0,6,0,1,17,A01
200800044901,1,7,0,0,0,0,0,B01
200800044902,0,7,0,0,1,2,9,A01
200800044903,0,7,0,13,0,9,15,A01
200800044904,0,33,0,0,2,1,1,B01
200800044904,0,7,0,0,2,6,16,A01
200800044905,0,2,0,2,2,3,21,B01
200800044905,0,7,0,0,9,3,19,A01
200800044906,0,7,0,0,2,3,24,A01
200800044906,0,1,0,1,0,1,1,B01
200800044907,0,7,0,0,2,2,1,B01
200800044907,0,7,0,0,2,3,1,A01
200800044908,0,30,0,8,0,1,1,A01
200800044909,1,1,0,0,1,1,0,A01
200800044910,0,1,0,0,2,1,1,A01
200800044910,0,7,0,0,2,8,1,B01
200800044911,0,33,0,0,2,1,2,A01
200800044911,0,7,0,0,2,4,2,B01
200800044912,0,2,0,0,2,1,17,A01
200800044912,0,7,0,0,2,8,15,B01
200800044913,0,2,0,0,2,1,1,A01
200800044913,0,7,0,0,2,4,1,B01
200800044914,0,1,0,0,2,1,1,A01
200800044914,0,7,0,0,2,4,23,B01
200800044915,0,1,0,0,2,6,19,A01
200800044915,0,7,0,0,2,1,1,B01
200800044916,0,7,0,0,2,1,13,A01
200800044916,0,37,1,0,2,1,1,B01
200800044917,1,7,0,0,2,3,1,B01
200800044917,0,2,0,0,2,3,15,A01
200800044918,0,7,0,0,2,3,15,A01
200800044918,0,7,0,0,2,9,1,B01
200800044919,0,7,0,8,0,1,1,A01
200800044920,0,10,0,0,2,1,2,A01
200800044920,0,7,0,0,2,4,2,B01
200800044921,0,7,0,15,0,3,16,A01
200800044922,0,1,0,0,2,8,1,A01
200800044922,0,7,0,0,9,2,15,B01
200800044923,0,30,0,0,2,7,1,A01
200800044923,0,7,0,0,2,3,1,B01
200800044924,0,7,0,0,2,1,1,A01
200800044924,0,7,0,0,2,1,1,B01
200800044924,0,7,0,0,2,4,1,C01
200800044925,0,7,0,1,0,2,1,A01
200800044926,0,7,0,0,2,6,10,A01
200800044926,0,31,0,0,2,1,1,B01
200800044927,0,7,0,0,2,2,10,A01
200800044927,0,30,0,0,2,1,1,B01
200800044928,0,7,0,0,1,4,4,A01
200800044929,0,7,0,0,2,3,1,A01
200800044929,0,7,0,0,2,5,15,B01
200800044930,0,10,0,0,2,5,1,A01
200800044930,0,33,0,0,2,1,1,B01
200800044931,0,40,0,0,1,1,1,A01
200800044932,0,32,0,0,2,2,1,A01
200800044932,0,1,0,0,2,4,1,B01
200800044933,0,7,0,0,2,7,24,A01
200800044933,0,1,0,1,0,0,1,B01
200800044934,1,30,0,0,1,0,1,A01
200800044935,0,7,0,0,2,2,1,A01
200800044935,0,1,0,0,2,1,1,B01
200800044936,1,2,0,0,0,0,0,A01
200800044937,0,7,0,0,2,2,5,A01
200800044937,0,30,0,0,2,1,1,B01
200800044938,0,7,0,0,1,1,1,A01
200800044939,0,7,0,15,0,1,14,A01
200800044940,0,7,0,0,2,6,1,A01
200800044940,0,7,0,0,2,1,1,B01
200800044941,0,7,0,0,2,2,15,A01
200800044941,0,2,0,0,2,1,1,B01