Num_Acc,senc,catv,occutc,obs,obsm,choc,manv,num_veh
200800044942,0,2,0,1,0,1,14,A01
200800044943,0,33,0,1,0,1,1,A01
200800044944,0,2,0,0,2,1,18,A01
200800044944,0,7,0,0,0,7,16,B01
200800044945,0,7,0,15,0,1,0,A01
200800044946,0,7,0,0,1,4,4,A01
200800044947,0,7,0,0,9,5,4,A01
200800044947,0,1,0,0,2,4,1,B01
200800044948,0,7,0,0,2,5,15,A01
200800044948,0,31,0,0,2,1,1,B01
200800044949,0,7,0,0,2,1,11,A01
200800044949,0,3,0,0,2,3,1,B01
200800044950,0,33,0,0,2,3,2,B01
200800044950,0,7,0,0,2,3,15,A01
200800044951,0,7,0,0,2,1,1,A01
200800044951,0,7,0,0,2,1,1,B01
200800044951,0,7,0,0,2,1,1,C01
200800044952,0,7,0,0,0,7,2,A01
200800044952,0,30,0,0,0,8,2,B01
200800044953,0,7,0,0,9,2,15,A01
200800044953,0,1,0,0,2,1,1,B01
200800044954,0,7,0,0,0,0,0,A01
200800044954,0,37,0,0,0,0,0,B01
200800044955,0,7,0,0,1,1,21,A01
200800044956,1,7,0,0,2,0,15,A01
200800044956,0,32,0,0,2,0,1,B01
200800044957,0,7,0,0,2,0,9,A01
200800044957,0,30,0,0,2,0,0,B01
200800044958,0,7,0,9,9,6,9,A01
200800044958,0,1,0,0,2,1,1,B01
200800044959,0,30,0,0,2,1,1,A01
200800044959,0,7,0,0,2,3,15,B01
200800044960,0,7,0,0,2,0,13,A01
200800044960,0,7,0,0,2,0,2,B01
200800044961,0,7,0,0,0,2,15,A01
200800044961,0,2,0,0,2,1,1,B01
200800044962,0,7,0,0,1,4,0,A01
200800044963,0,7,0,0,2,3,0,A01
200800044963,0,2,0,0,2,1,0,B01
200800044964,1,2,0,0,1,7,2,A01
200800044965,0,7,0,0,2,2,1,B01
200800044965,0,7,0,0,2,3,16,A01
200800044966,0,7,0,0,2,1,2,A01
200800044966,0,7,0,0,2,6,2,B01
200800044967,0,7,0,0,1,7,1,A01
200800044968,0,7,0,0,2,2,15,A01
200800044968,0,10,0,0,2,3,1,B01
200800044969,0,7,0,0,1,1,15,A01
200800044970,0,7,0,6,0,1,2,A01
200800044970,1,99,0,0,0,0,0,B01
200800044971,0,7,0,0,1,1,1,A01
200800044972,0,33,0,0,0,0,0,A01
200800044973,0,7,0,0,2,3,11,B01
200800044973,0,2,0,1,0,1,1,A01
200800044974,0,7,0,0,2,4,11,A01
200800044974,0,7,0,0,2,7,1,B01
200800044975,0,7,0,3,0,3,2,A01
200800044976,0,2,0,0,2,1,1,A01
200800044976,0,7,0,0,0,1,1,B01
200800044977,0,2,0,12,0,8,1,A01
200800044978,0,7,0,0,2,1,1,B01
200800044978,0,7,0,0,2,1,15,A01
200800044979,0,13,0,0,2,3,1,B01
200800044979,0,10,0,0,2,1,1,A01
200800044980,0,7,0,0,2,3,1,B01
200800044980,0,7,0,0,2,1,15,A01
200800044981,0,7,0,0,2,1,5,A01
200800044981,0,7,0,0,2,1,1,B01
200800044982,0,7,0,0,2,1,1,A01
200800044982,0,7,0,0,0,4,1,C01
200800044982,0,7,0,0,2,4,1,B01
200800044983,0,7,0,0,2,4,1,C01
200800044983,0,7,0,0,2,4,1,B01
200800044983,0,7,0,0,2,1,1,A01
200800044984,0,33,0,0,2,1,1,B01
200800044984,0,10,0,0,2,5,15,A01
200800044985,0,31,0,0,2,0,5,A01
200800044985,0,7,0,0,2,2,1,B01
200800044986,0,7,0,0,1,1,9,A01
200800044987,0,33,0,0,0,0,0,A01
200800044988,1,7,0,0,2,0,9,B01
200800044988,0,7,0,0,2,7,1,A01
200800044989,0,10,0,0,0,2,10,A01
200800044989,0,33,0,0,2,1,1,B01
200800044990,0,7,0,0,0,9,1,A01
200800044991,0,30,0,0,2,1,1,A01
200800044991,0,7,0,0,0,3,15,B01
200800044992,0,33,0,6,0,6,1,A01
200800044993,0,10,0,0,2,1,2,A01
200800044993,0,7,0,0,1,4,2,B01
200800044994,0,7,0,0,1,4,4,A01
200800044995,0,7,0,1,0,1,0,A01
200800044996,0,7,0,0,2,2,15,A01
200800044996,0,2,0,0,2,1,1,B01
200800044997,0,10,0,0,1,4,20,A01
200800044998,0,7,0,0,2,8,9,B01
200800044998,0,7,0,0,2,2,1,A01
200800044999,0,2,0,8,0,1,1,A01
200800045000,0,30,0,0,0,0,9,A01
200800045001,0,33,0,0,0,7,1,A01
200800045002,0,37,0,0,1,7,1,A01
200800045003,0,7,0,0,1,1,1,A01
200800045004,0,3,0,0,2,3,1,A01
200800045004,0,10,0,0,2,1,1,B01
200800045005,0,10,0,0,2,3,15,B01
200800045005,0,2,0,0,2,1,1,A01
200800045006,0,10,0,0,2,3,15,A01
200800045006,0,1,0,0,2,1,1,B01
200800045007,0,10,0,0,2,3,2,B01
200800045007,0,33,0,0,2,2,2,A01
200800045008,0,7,0,0,2,3,1,B01
200800045008,0,7,0,0,2,2,6,A01
200800045009,0,7,0,0,2,3,17,A01
200800045009,0,7,0,0,2,8,17,B01
200800045010,0,33,0,0,1,1,0,A01
200800045011,0,32,0,1,0,0,0,A01
200800045012,0,7,0,0,2,2,9,A01
200800045012,0,32,0,0,2,1,1,B01
200800045013,0,7,0,0,1,1,0,A01
200800045014,0,7,0,0,1,1,15,A01
200800045015,0,7,0,0,2,1,2,A01
200800045015,0,7,0,0,2,4,0,B01
200800045016,0,30,0,0,2,1,1,B01
200800045016,0,7,0,0,2,3,9,A01
200800045017,0,10,0,0,0,9,1,A01
200800045017,1,7,0,0,0,0,5,B01
200800045018,0,7,0,0,2,4,23,B01
200800045018,0,7,0,0,2,1,1,A01
200800045018,0,7,0,0,2,4,23,C01
200800045019,0,7,0,0,2,7,15,A01
200800045019,0,7,0,0,0,1,1,B01
200800045020,0,2,0,0,2,7,1,A01
200800045020,0,10,0,0,2,8,1,B01
200800045021,0,2,0,0,2,2,0,A01
200800045021,0,7,0,0,2,6,15,B01
200800045022,0,14,0,0,1,2,1,A01
200800045023,0,7,0,0,2,3,1,A01
200800045023,0,7,0,0,2,7,15,B01
200800045024,0,7,0,0,2,8,1,A01
200800045024,0,34,0,0,2,1,1,B01
200800045025,0,7,0,0,2,1,1,A01
200800045025,0,7,0,0,2,9,1,B01
200800045025,0,7,0,0,2,4,23,C01
200800045026,0,7,0,0,2,8,10,A01
200800045026,0,33,0,0,2,1,1,B01
200800045027,0,7,0,0,1,1,1,A01
200800045028,0,7,0,0,2,8,19,A01
200800045028,0,7,0,0,2,1,1,B01
200800045029,0,7,0,0,1,1,1,A01
200800045030,0,7,0,0,2,4,1,A01
200800045030,0,7,0,0,2,1,1,B01
200800045031,0,10,0,0,2,7,17,A01
200800045031,0,7,0,0,2,3,1,B01
200800045032,0,7,0,9,2,1,16,B01
200800045032,0,7,0,0,2,3,15,A01
200800045033,0,7,0,0,1,4,4,A01
200800045034,0,7,0,0,1,1,1,A01
200800045035,1,10,0,0,1,1,1,A01
200800045036,1,10,0,0,2,0,0,A01
200800045036,0,30,0,0,2,3,1,B01
200800045037,0,10,0,0,1,5,4,A01
200800045038,0,2,0,0,1,1,2,A01
200800045039,0,7,0,0,1,1,1,A01
200800045040,0,30,0,0,2,1,2,A01
200800045040,0,7,0,0,2,2,10,B01
200800045041,0,10,0,0,2,1,1,A01
200800045041,0,7,0,0,2,1,1,B01
200800045042,0,10,0,0,2,2,1,A01
200800045042,0,10,0,0,2,3,9,B01
200800045043,0,33,0,1,0,1,6,A01
200800045044,0,10,0,0,1,1,15,A01
200800045045,0,2,0,0,2,1,2,A01
200800045045,0,10,0,0,2,6,2,B01
200800045046,0,33,0,0,2,1,0,A01
200800045046,0,7,0,0,0,4,2,B01
200800045047,0,7,0,0,2,3,15,A01
200800045047,0,33,0,0,2,1,1,B01
200800045048,0,15,0,0,2,7,14,A01
200800045048,0,7,0,0,2,8,1,B01
200800045049,0,30,0,0,2,1,1,B01
200800045049,0,7,0,0,9,8,19,A01
200800045050,0,7,0,16,2,5,17,B01
200800045050,0,32,0,0,2,0,15,A01
200800045051,0,33,0,0,0,8,1,A01
200800045052,0,7,0,2,0,8,13,A01
200800045053,0,7,0,0,0,6,2,B01
200800045053,0,33,0,0,0,1,2,A01
200800045054,0,7,0,2,0,7,2,A01
200800045055,0,7,0,13,0,1,2,A01
200800045056,0,7,0,13,0,2,14,A01
200800045057,0,7,0,0,2,1,1,B01
200800045057,0,1,0,0,2,7,19,A01
200800045058,0,7,0,11,0,1,1,A01
200800045059,0,7,0,0,2,4,23,B01
200800045059,0,7,0,0,2,1,1,A01
200800045060,0,7,0,0,2,1,15,A01
200800045060,0,30,0,0,2,1,1,B01
200800045061,0,7,0,0,2,3,15,A01
200800045061,0,7,0,0,2,2,2,B01
200800045062,0,7,0,0,0,3,19,A01
200800045062,0,7,0,0,2,1,1,B01
200800045063,0,7,0,0,2,1,2,A01
200800045063,0,7,0,0,0,4,23,B01
200800045064,0,30,0,0,0,3,1,A01
200800045065,0,2,0,0,2,2,19,A01
200800045065,0,34,0,0,2,1,1,B01
200800045066,0,7,0,0,2,8,1,B01
200800045066,0,7,0,0,2,2,15,A01
200800045067,0,7,0,1,0,5,20,A01
200800045068,0,7,0,0,2,3,15,A01
200800045068,0,31,0,0,2,1,1,B01
200800045069,0,2,0,12,0,7,2,A01
200800045070,0,7,0,0,2,4,23,B01
200800045070,0,2,0,14,1,1,1,A01
200800045071,0,7,0,0,2,6,18,A01
200800045071,0,7,0,0,2,2,12,B01
200800045072,0,7,0,0,2,2,15,A01
200800045072,0,31,0,0,2,1,1,B01
200800045073,0,7,0,0,2,1,15,A01
200800045073,0,33,0,0,2,9,17,B01
200800045074,0,7,0,0,2,1,11,A01
200800045074,0,1,0,0,2,4,1,B01
200800045075,0,7,0,0,0,3,15,B01
200800045075,0,2,0,0,2,2,5,A01
200800045076,0,1,0,0,2,8,13,A01
200800045076,0,1,0,0,2,7,17,B01
200800045077,0,7,0,0,2,1,9,A01
200800045077,0,2,0,0,2,1,0,B01
200800045078,0,1,0,0,2,0,1,B01
200800045078,0,7,0,0,2,3,1,A01
200800045079,0,7,0,0,2,7,11,A01
200800045079,0,7,0,0,2,1,1,B01
200800045080,0,31,0,6,0,1,1,A01
200800045081,0,7,0,0,2,1,2,A01
200800045081,0,7,0,0,0,4,2,B01
200800045082,0,7,0,0,2,5,11,A01
200800045082,0,2,0,0,2,1,1,B01
200800045083,0,7,0,4,0,1,1,A01
200800045084,0,7,0,0,2,1,2,A01
200800045084,0,7,0,0,0,4,2,B01
200800045085,0,7,0,0,2,9,0,A01
200800045085,0,7,0,13,2,1,1,B01
200800045086,0,7,0,4,0,8,13,A01
200800045087,0,7,0,11,0,2,15,A01
200800045088,0,7,0,0,0,6,2,A01
200800045089,0,30,0,0,2,1,2,A01
200800045089,0,7,0,0,2,2,2,B01
200800045090,0,10,0,0,2,0,1,A01
200800045090,0,30,0,0,2,0,1,B01
200800045091,0,7,0,0,2,2,15,A01
200800045091,0,33,0,0,2,1,1,B01
200800045092,0,7,0,0,2,1,13,A01
200800045092,0,7,0,0,2,1,1,B01
200800045093,1,7,0,0,1,3,1,A01
200800045094,1,30,0,0,1,1,1,A01
200800045095,0,7,0,8,0,7,15,A01
200800045096,0,7,0,0,2,1,1,B01
200800045096,0,7,0,0,2,1,5,A01
200800045097,0,7,0,0,2,7,1,A01
200800045097,0,10,0,0,2,1,1,B01
200800045098,0,7,0,0,2,2,1,B01
200800045098,0,2,0,0,2,3,9,A01
200800045099,0,7,0,0,2,1,15,A01
200800045099,0,7,0,0,2,1,1,B01
200800045100,0,7,0,8,0,3,1,A01
200800045101,0,17,0,0,1,3,15,A01
200800045102,0,7,0,0,1,1,15,A01
200800045103,0,7,0,0,2,7,16,A01
200800045103,0,1,0,0,2,8,1,B01
200800045104,0,7,0,0,2,1,1,A01
200800045104,0,7,0,0,0,4,23,B01
200800045105,0,7,0,0,1,1,1,A01
200800045106,0,1,0,0,2,2,1,B01
200800045106,0,7,0,0,2,3,9,A01
200800045107,0,7,0,0,2,1,1,A01
200800045107,0,7,0,0,0,4,23,B01
200800045108,0,7,0,0,2,1,1,A01
200800045108,0,7,0,0,2,4,23,B01
200800045108,0,7,0,0,0,4,23,C01
200800045109,0,7,0,0,1,1,1,A01
200800045110,0,10,0,0,2,1,1,A01
200800045110,0,7,0,0,2,4,23,B01
200800045110,0,7,0,0,0,4,23,C01
200800045111,0,7,0,0,2,8,1,B01
200800045111,0,30,0,0,2,1,19,A01
200800045112,0,14,0,0,2,3,1,A01
200800045112,0,7,0,0,2,5,15,B01
200800045113,0,31,0,0,0,0,0,A01
200800045114,0,10,0,0,2,2,0,A01
200800045114,0,7,0,0,2,3,0,B01
200800045115,0,1,0,0,2,7,1,A01
200800045115,1,33,0,0,2,0,0,B01
200800045116,0,7,0,0,2,1,1,A01
200800045116,0,7,0,4,2,1,1,B01
200800045116,0,7,0,0,2,4,1,C01
200800045117,0,7,0,7,2,8,1,B01
200800045117,0,7,0,0,2,1,1,A01
200800045118,0,1,0,0,0,0,1,A01
200800045119,0,7,0,0,0,3,23,A01
200800045119,0,7,0,0,2,1,1,B01
200800045120,0,7,0,0,1,2,1,A01
200800045121,0,7,0,0,2,7,23,A01
200800045121,0,34,0,1,0,1,3,B01
200800045121,0,7,0,0,2,3,23,C01
200800045122,0,7,0,0,2,1,1,A01
200800045122,0,7,0,0,2,1,1,B01
200800045123,0,33,0,0,2,1,17,A01
200800045123,0,7,0,0,2,3,15,B01
200800045124,0,7,0,0,2,2,15,A01
200800045124,0,1,0,0,2,1,1,B01
200800045125,0,7,0,0,1,2,1,A01
200800045126,0,7,0,0,2,6,15,B01
200800045126,0,32,0,0,2,1,1,A01
200800045127,0,7,0,2,0,1,1,A01
200800045128,0,30,0,8,0,0,1,A01
200800045129,0,7,0,0,0,0,1,A01
200800045130,0,7,0,0,2,1,9,A01
200800045130,0,1,0,0,2,7,1,B01
200800045131,0,7,0,0,2,1,2,A01
200800045131,0,7,0,0,2,4,1,B01
200800045131,0,7,0,0,2,4,2,C01
200800045131,0,7,0,0,2,4,2,D01
200800045132,0,7,0,0,2,3,1,B01
200800045132,0,7,0,0,2,1,9,A01
200800045133,0,7,0,0,2,1,2,A01
200800045133,0,7,0,0,2,4,2,B01
200800045134,0,7,0,6,0,1,1,A01
200800045135,0,7,0,0,2,1,1,A01
200800045135,0,7,0,0,2,1,1,B01
200800045136,0,7,0,0,1,1,1,A01
200800045137,0,7,0,16,0,0,14,A01
200800045138,0,7,0,0,2,5,15,A01
200800045138,0,7,0,0,2,1,1,B01
200800045139,0,7,0,0,2,2,15,A01
200800045139,0,32,0,0,2,1,1,B01
200800045140,0,7,0,0,2,1,2,A01
200800045140,0,7,0,0,2,4,2,B01
200800045141,0,7,0,0,1,3,1,A01
200800045142,0,7,0,0,1,1,17,A01
200800045143,0,30,0,0,2,7,1,A01
200800045143,0,7,0,0,2,7,16,B01
200800045144,0,33,0,0,1,0,1,A01
200800045145,0,7,0,0,2,3,1,A01
200800045145,0,7,0,0,2,2,1,B01
200800045146,0,10,0,6,0,1,1,A01
200800045147,0,7,0,0,2,3,11,A01
200800045147,0,1,0,0,2,2,17,B01
200800045148,0,37,0,0,1,3,15,A01
200800045149,0,7,0,0,2,8,0,A01
200800045149,1,7,0,0,2,0,1,B01
200800045150,0,7,0,0,2,3,0,A01
200800045150,0,7,0,0,2,2,1,B01
200800045151,0,30,0,0,2,1,13,A01
200800045151,0,7,0,0,2,1,1,B01
200800045152,0,7,0,13,0,9,1,A01
200800045153,0,1,0,0,0,1,9,A01
200800045153,0,7,0,0,9,2,0,B01
200800045154,0,30,0,0,2,8,15,A01
200800045154,0,7,0,0,2,2,1,B01
200800045155,0,7,0,0,0,8,15,B01
200800045155,0,33,0,0,2,2,17,A01
200800045156,0,7,0,0,1,3,1,B01
200800045157,0,7,0,6,0,1,20,A01
200800045158,0,7,0,10,2,0,12,B01
200800045158,0,7,0,0,2,0,2,A01
200800045159,1,7,0,0,9,0,0,A01
200800045159,0,30,0,0,2,8,2,B01
200800045160,0,7,0,0,2,0,0,A01
200800045160,0,2,0,0,2,1,0,B01
200800045161,0,7,0,0,2,1,0,A01
200800045161,0,7,0,0,2,3,0,B01
200800045162,0,7,0,2,0,1,13,A01
200800045163,0,7,0,16,0,0,0,A01
200800045164,0,7,0,0,2,6,15,B01
200800045164,0,31,0,0,2,1,17,A01
200800045165,0,2,0,0,2,1,1,A01
200800045165,0,7,0,0,2,6,15,B01
200800045166,0,36,0,0,2,1,1,B01
200800045166,0,7,0,0,2,6,9,A01
200800045167,0,33,0,0,2,7,1,B01
200800045167,0,10,0,0,2,3,9,A01
200800045168,0,7,0,0,2,3,16,B01
200800045168,0,7,0,0,2,2,1,A01
200800045169,0,7,0,0,1,0,1,A01
200800045170,0,7,0,0,2,1,2,A01
200800045170,0,7,0,0,2,4,2,B01
200800045170,0,7,0,0,0,4,2,C01
200800045171,0,7,0,0,2,1,2,A01
200800045171,0,7,0,0,2,1,2,B01
200800045171,0,7,0,0,0,4,2,C01
200800045172,0,7,0,0,2,1,2,A01
200800045172,0,7,0,0,0,4,2,B01
200800045172,0,7,0,0,2,3,1,C01
200800045173,0,7,0,0,2,1,2,A01
200800045173,0,2,0,0,0,4,2,B01
200800045174,0,7,0,0,0,8,5,A01
200800045175,0,33,0,0,2,1,17,A01
200800045175,0,7,0,0,2,6,19,B01
200800045176,0,7,0,0,2,3,0,B01
200800045176,0,7,0,0,2,3,0,A01
200800045177,0,17,0,8,0,1,1,A01
200800045178,0,7,0,13,0,7,1,A01
200800045179,0,1,0,8,0,1,1,A01
200800045180,0,7,0,0,2,2,1,A01
200800045180,0,7,0,0,0,1,1,B01
200800045181,0,7,0,0,2,1,1,A01
200800045181,0,7,0,0,2,4,1,B01
200800045182,0,34,0,0,2,2,1,B01
200800045182,0,30,0,0,2,1,1,A01
200800045183,0,7,0,0,2,3,19,A01
200800045183,0,33,0,0,2,1,1,B01
200800045184,0,33,0,0,2,1,1,A01
200800045184,0,31,0,0,2,0,16,B01
200800045185,0,33,0,0,0,7,16,A01
200800045186,0,33,0,3,0,8,1,A01
200800045187,0,2,0,16,0,1,1,A01
200800045188,0,7,0,0,2,2,1,A01
200800045188,0,30,0,0,2,1,1,B01
200800045189,0,7,0,0,1,1,1,A01
200800045189,1,7,0,0,0,0,15,B01
200800045190,0,7,0,0,2,3,5,A01
200800045190,0,32,0,0,2,7,1,B01
200800045191,0,7,0,13,0,1,14,A01
200800045192,0,7,0,0,2,8,1,A01
200800045192,0,7,0,8,2,1,1,B01
200800045192,1,7,0,0,0,0,17,C01
200800045193,0,7,0,0,2,6,18,A01
200800045193,0,33,0,0,2,3,1,B01
200800045193,0,7,0,0,0,0,12,C01
200800045194,0,7,0,0,2,3,0,B01
200800045194,0,7,0,0,2,2,0,A01
200800045195,0,7,0,0,2,3,16,B01
200800045195,0,30,0,0,2,2,1,A01
200800045196,0,7,0,0,0,1,0,A01
200800045197,0,33,0,0,2,7,1,B01
200800045197,0,32,0,0,2,8,9,A01
200800045198,0,33,0,0,0,0,1,A01
200800045199,0,7,0,0,2,3,1,B01
200800045199,0,7,0,15,2,3,19,A01
200800045200,0,7,0,0,2,7,1,B01
200800045200,0,30,0,0,2,1,0,A01
200800045201,0,7,0,0,1,1,1,A01
200800045202,0,7,0,0,2,1,1,A01
200800045202,0,7,0,0,2,4,1,B01
200800045203,0,1,0,0,2,2,1,B01
200800045203,0,7,0,0,2,3,1,A01
200800045204,0,7,0,13,2,1,13,A01
200800045204,0,7,0,0,2,2,1,B01
200800045205,0,7,0,0,2,1,13,A01
200800045205,0,7,0,0,2,1,1,B01
200800045206,0,7,0,0,2,5,4,A01
200800045206,0,2,0,0,0,1,2,B01
200800045207,0,31,0,12,0,2,1,A01
200800045208,0,7,0,0,2,1,2,A01
200800045208,0,7,0,0,2,4,2,B01
200800045208,0,7,0,0,0,4,2,C01
200800045209,0,7,0,2,0,7,15,A01
200800045209,0,7,0,0,2,1,1,B01
200800045210,0,7,0,0,2,1,2,A01
200800045210,0,30,0,0,2,4,2,B01
200800045211,0,7,0,0,0,0,0,A01
200800045212,0,7,0,0,2,4,15,B01
200800045212,0,30,0,0,2,4,15,C01
200800045212,0,7,0,0,2,1,1,A01
200800045213,0,7,0,0,2,7,9,A01
200800045213,0,31,0,0,2,8,1,B01
200800045214,0,31,0,0,2,8,15,B01
200800045214,0,7,0,0,2,1,1,A01
200800045215,0,2,0,0,9,1,0,A01
200800045216,0,7,0,0,0,0,0,A01
200800045217,0,33,0,4,2,4,2,A01
200800045217,1,7,0,0,2,4,18,X01
200800045218,0,30,0,0,1,1,2,B01
200800045219,0,30,0,0,2,4,16,B01
200800045219,0,7,0,0,2,3,2,A01
200800045220,0,7,0,4,0,1,0,A01
200800045221,0,7,0,0,2,1,1,A01
200800045221,0,30,0,0,2,4,1,B01
200800045222,0,7,0,0,2,1,15,A01
200800045222,0,7,0,0,2,1,1,B01
200800045223,0,34,0,0,0,0,0,A01
200800045223,0,10,0,0,0,0,0,B01
200800045224,0,7,0,0,1,1,1,A01
200800045225,0,7,0,4,0,1,0,A01
200800045226,0,7,0,0,0,0,0,A01
200800045227,0,7,0,0,2,0,0,A01
200800045227,0,7,0,0,2,0,0,B01
200800045228,0,2,0,12,0,1,1,A01
200800045229,0,7,0,0,0,0,0,A01
200800045229,0,32,0,0,0,0,0,B01
200800045230,0,7,0,4,0,1,0,A01
200800045231,0,15,0,0,2,2,12,A01
200800045231,0,7,0,0,2,6,1,B01
200800045232,0,7,0,0,2,3,16,A01
200800045232,0,33,0,0,2,7,1,B01
200800045233,1,7,0,0,2,0,0,A01
200800045233,0,1,0,0,2,4,0,B01
200800045234,0,7,0,0,2,4,0,A01
200800045234,0,7,0,0,2,4,2,B01
200800045235,0,2,0,0,0,1,0,A01
200800045236,0,7,0,0,2,1,2,A01
200800045236,0,1,0,0,2,0,0,B01
200800045237,0,7,0,0,2,7,1,B01
200800045237,0,30,0,0,2,0,0,A01
200800045238,0,7,0,0,2,1,1,A01
200800045238,0,7,0,0,2,4,1,B01
200800045239,0,31,0,0,0,0,0,A01
200800045239,0,7,0,0,2,0,0,B01
200800045240,0,33,0,0,2,1,1,A01
200800045240,0,7,0,0,9,2,15,B01
200800045241,0,31,0,0,2,1,0,A01
200800045241,0,7,0,0,2,2,0,B01
200800045242,0,7,0,0,2,3,11,A01
200800045242,0,7,0,0,0,0,0,B01
200800045243,0,7,0,0,1,1,1,A01
200800045244,0,32,0,0,9,3,1,A01
200800045245,0,7,0,0,2,8,0,B01
200800045245,0,32,0,0,2,1,2,A01
200800045246,0,14,0,0,2,5,12,A01
200800045246,0,7,0,4,2,6,1,B01
200800045247,0,33,0,0,1,1,1,A01
200800045248,0,31,0,1,0,2,0,A01
200800045249,0,7,0,0,2,2,0,A01
200800045249,0,7,0,0,2,6,23,B01
200800045250,0,7,0,0,2,6,0,A01
200800045250,0,31,0,0,2,1,0,B01
200800045251,0,31,0,0,1,1,0,A01
200800045252,0,7,0,12,0,8,0,A01
200800045253,0,33,0,1,0,1,0,A01
200800045254,0,2,0,0,2,0,0,A01
200800045254,0,1,0,0,2,1,0,B01
200800045255,0,7,0,0,2,1,0,A01
200800045255,0,33,0,0,2,7,0,B01
200800045256,0,7,0,0,2,2,0,A01
200800045256,0,7,0,0,2,3,0,B01
200800045257,0,32,0,0,2,1,0,A01
200800045257,0,7,0,0,2,1,0,B01
200800045258,0,33,0,0,2,1,21,B01
200800045259,0,7,0,0,2,8,0,B01
200800045259,0,13,0,0,2,1,0,A01
200800045260,0,2,0,0,0,0,21,A01
200800045261,0,33,0,0,0,0,0,A01
200800045262,0,7,0,0,2,1,0,A01
200800045262,0,2,0,0,2,0,0,B01
200800045263,0,7,0,0,2,1,0,A01
200800045263,0,7,0,0,2,1,0,B01
200800045264,0,7,0,0,2,1,0,A01
200800045264,0,7,0,0,2,4,0,B01
200800045265,0,7,0,10,0,0,0,A01
200800045266,0,1,0,0,2,0,0,A01
200800045266,0,10,0,0,2,0,0,B01
200800045267,0,7,0,0,2,8,17,A01
200800045267,0,32,0,0,2,2,17,B01
200800045268,0,7,0,0,2,2,0,A01
200800045268,0,1,0,0,2,1,0,B01
200800045269,0,33,0,0,2,4,23,A01
200800045269,0,7,0,0,2,1,1,B01
200800045270,0,7,0,0,2,1,9,A01
200800045270,0,31,0,0,2,8,1,B01
200800045271,0,7,0,0,2,6,15,A01
200800045271,0,7,0,0,2,1,1,B01
200800045272,0,7,0,0,1,2,0,A01
200800045273,0,7,0,0,2,1,0,B01
200800045273,0,2,0,0,2,1,0,A01
200800045274,0,7,0,0,2,5,1,A01
200800045274,0,1,0,0,2,0,19,B01
200800045275,0,7,0,0,2,7,15,A01
200800045275,0,33,0,0,2,1,1,B01
200800045276,0,7,0,0,2,4,2,B01
200800045276,0,7,0,0,2,4,2,C01
200800045276,0,7,0,0,0,4,2,D01
200800045276,0,7,0,0,2,1,2,A01
200800045277,0,7,0,0,2,3,13,A01
200800045277,0,7,0,0,2,3,2,B01
200800045278,0,7,0,0,2,3,15,A01
200800045278,0,30,0,0,2,1,1,B01
200800045279,0,10,0,0,2,3,10,A01
200800045279,0,33,0,0,2,1,17,B01
200800045280,0,1,0,0,2,1,14,A01
200800045280,0,33,0,0,2,1,1,B01
200800045281,0,7,0,0,2,1,1,B01
200800045281,0,7,0,0,2,2,19,A01
200800045282,1,7,0,0,2,8,10,A01
200800045282,0,31,0,0,2,1,17,B01
200800045283,0,33,0,1,2,1,17,A01
200800045283,0,7,0,0,0,3,15,B01
200800045284,0,10,0,0,0,3,1,B01
200800045284,0,2,0,0,2,1,1,A01
200800045285,0,7,0,0,2,1,2,A01
200800045285,0,7,0,0,0,4,23,B01
200800045286,0,2,0,0,2,1,0,A01
200800045286,0,7,0,0,2,3,0,B01
200800045287,0,14,0,0,0,8,13,A01
200800045287,0,33,0,0,2,2,1,B01
200800045288,0,32,0,0,2,1,1,B01
200800045288,0,7,0,0,0,3,1,A01
200800045289,0,7,0,13,0,9,14,A01
200800045290,0,7,0,0,0,7,1,B01
200800045290,0,7,0,0,2,1,1,A01
200800045291,0,7,0,0,2,1,2,A01
200800045291,0,7,0,0,0,4,23,B01
200800045292,0,10,0,0,1,1,1,A01
200800045293,0,7,0,0,2,1,1,B01
200800045293,0,30,0,0,0,8,1,A01
200800045294,0,7,0,0,0,3,15,A01
200800045294,0,33,0,0,2,2,17,B01
200800045295,0,7,0,6,0,9,13,A01
200800045296,0,33,0,14,0,2,0,A01
200800045296,0,2,0,14,0,4,0,B01
200800045297,0,7,0,0,2,0,1,A01
200800045297,0,40,0,0,2,0,1,B01
200800045298,0,7,0,0,2,1,16,A01
200800045298,0,2,0,0,0,4,16,B01
200800045299,0,30,0,12,2,0,17,A01
200800045299,0,7,0,0,0,0,23,B01
200800045300,0,33,0,0,2,1,1,A01
200800045300,0,7,0,0,0,4,17,B01
200800045301,0,7,0,0,2,2,21,A01
200800045301,0,7,0,0,0,6,13,B01
200800045302,0,7,0,0,2,1,1,B01
200800045302,0,7,0,0,2,1,1,A01
200800045303,0,2,0,0,0,5,1,A01
200800045303,0,7,0,0,2,2,16,B01
200800045304,0,1,0,0,2,0,1,B01
200800045304,0,7,0,0,2,0,1,A01
200800045305,0,1,0,0,2,1,1,A01
200800045305,0,7,0,0,0,3,1,B01
200800045306,0,2,0,12,0,1,1,A01
200800045307,0,7,0,0,0,2,15,B01
200800045307,0,7,0,0,2,1,1,A01
200800045308,0,7,0,0,0,3,10,A01
200800045308,0,33,0,0,2,2,1,B01
200800045309,0,1,0,0,2,1,16,B01
200800045309,0,7,0,0,0,3,16,A01