Num_Acc,senc,catv,occutc,obs,obsm,choc,manv,num_veh
200800045310,0,7,0,0,2,2,2,A01
200800045310,0,10,0,0,0,6,2,B01
200800045311,0,7,0,0,2,1,2,A01
200800045311,0,7,0,0,0,4,23,B01
200800045312,0,37,62,0,1,2,1,A01
200800045313,0,7,0,0,2,0,1,B01
200800045313,0,31,0,0,0,0,1,A01
200800045314,0,7,0,0,2,1,1,A01
200800045314,0,1,0,0,2,1,15,B01
200800045315,0,7,0,0,1,2,10,A01
200800045316,0,7,0,0,0,7,15,A01
200800045316,0,33,0,0,2,1,1,B01
200800045317,0,7,0,0,0,2,1,B01
200800045317,0,1,0,0,2,1,5,A01
200800045318,0,7,0,8,0,0,1,B01
200800045318,0,7,0,0,2,1,16,A01
200800045319,0,1,0,0,0,3,15,B01
200800045319,0,31,0,0,2,2,1,A01
200800045320,0,7,0,0,0,4,15,B01
200800045320,0,7,0,0,2,1,15,A01
200800045321,0,31,0,0,2,1,1,A01
200800045321,0,7,0,0,0,7,15,B01
200800045322,0,2,0,0,2,1,1,A01
200800045322,0,7,0,0,0,6,1,B01
200800045323,0,7,0,8,0,5,12,A01
200800045323,0,7,0,0,2,2,1,B01
200800045324,0,7,0,0,2,1,15,B01
200800045324,0,1,0,0,2,2,9,A01
200800045325,0,7,0,0,2,1,2,A01
200800045325,0,7,0,0,2,4,23,B01
200800045326,0,31,0,0,2,3,2,A01
200800045326,0,7,0,0,0,4,2,B01
200800045327,0,31,0,0,2,1,1,B01
200800045327,0,7,0,0,0,5,15,A01
200800045328,0,2,0,0,2,1,2,A01
200800045328,0,7,0,0,2,6,23,B01
200800045329,0,14,0,0,0,5,15,A01
200800045329,0,1,0,0,2,8,15,B01
200800045330,0,7,0,0,0,3,15,A01
200800045330,0,2,0,0,2,1,17,B01
200800045331,0,2,0,0,2,1,1,B01
200800045331,0,7,0,0,0,6,15,A01
200800045332,0,33,0,0,2,1,1,A01
200800045332,0,7,0,0,0,3,23,B01
200800045333,0,7,0,0,1,2,15,A01
200800045334,0,33,0,0,0,8,15,A01
200800045334,0,7,0,0,2,3,17,B01
200800045335,0,7,0,0,2,7,15,A01
200800045335,0,31,0,0,2,7,1,B01
200800045336,0,7,0,0,0,0,16,A01
200800045336,0,1,0,0,2,0,1,B01
200800045337,0,7,0,1,0,2,13,A01
200800045338,0,99,0,0,2,1,1,B01
200800045338,0,10,0,0,0,3,15,A01
200800045339,0,7,0,0,2,1,1,A01
200800045339,0,10,0,0,0,4,16,B01
200800045340,0,7,0,8,2,3,1,A01
200800045340,0,7,0,0,0,0,1,B01
200800045341,0,7,0,0,2,1,15,A01
200800045341,0,31,0,0,0,3,1,B01
200800045342,0,7,0,0,0,0,15,A01
200800045342,0,1,0,0,0,0,1,B01
200800045343,0,7,0,0,0,2,16,B01
200800045343,0,2,0,0,2,3,1,A01
200800045344,0,7,0,0,0,2,16,A01
200800045344,0,30,0,0,2,1,1,B01
200800045345,0,7,0,0,2,1,23,A01
200800045345,0,7,0,0,0,4,2,B01
200800045346,0,7,0,0,0,8,13,A01
200800045346,0,7,0,0,2,2,1,B01
200800045347,0,7,0,0,2,1,2,A01
200800045347,0,7,0,0,0,4,23,B01
200800045348,0,1,0,0,2,0,1,A01
200800045348,1,2,0,0,0,0,1,B01
200800045349,0,7,0,0,2,1,2,A01
200800045349,0,7,0,0,0,4,2,B01
200800045350,0,7,0,12,0,8,9,A01
200800045350,0,7,0,0,2,1,1,B01
200800045351,0,7,0,0,2,1,2,A01
200800045351,0,7,0,0,2,4,2,B01
200800045351,0,7,0,0,0,4,2,C01
200800045352,0,31,0,0,2,1,5,A01
200800045352,0,7,0,0,0,8,21,B01
200800045353,0,30,0,0,0,0,1,A01
200800045354,0,7,0,0,0,7,15,A01
200800045354,0,30,0,0,2,1,1,B01
200800045355,0,7,0,0,2,3,1,A01
200800045355,1,7,0,0,0,0,15,B01
200800045356,0,7,0,0,0,0,0,A01
200800045357,0,7,0,0,0,3,15,A01
200800045357,0,33,0,0,2,1,1,B01
200800045358,0,7,0,2,0,3,17,A01
200800045358,0,7,0,2,0,3,14,B01
200800045359,0,32,0,0,1,2,2,A01
200800045360,0,7,0,0,9,1,1,A01
200800045360,0,1,0,0,0,8,19,B01
200800045361,0,7,0,0,1,0,0,A01
200800045362,0,10,0,0,9,7,1,A01
200800045362,0,1,0,0,2,8,1,B01
200800045363,0,7,0,0,2,8,1,B01
200800045363,0,7,0,0,2,1,1,A01
200800045364,0,7,0,0,2,3,9,A01
200800045364,0,7,0,0,2,1,1,B01
200800045365,0,7,0,0,2,1,13,A01
200800045365,0,7,0,0,2,3,1,B01
200800045365,0,7,0,0,2,3,1,C01
200800045365,0,7,0,0,2,1,1,D01
200800045366,0,7,0,0,2,7,14,A01
200800045366,0,30,0,0,2,8,0,B01
200800045367,0,7,0,8,0,1,14,A01
200800045368,0,7,0,10,0,0,0,A01
200800045369,0,33,0,12,0,0,14,A01
200800045370,0,7,0,0,2,3,9,A01
200800045370,0,7,0,0,2,2,1,B01
200800045371,0,33,0,0,2,1,15,B01
200800045371,0,7,0,0,2,3,1,A01
200800045372,0,7,0,0,9,2,1,A01
200800045372,0,1,0,0,2,4,10,B01
200800045373,0,7,0,0,2,1,1,B01
200800045373,0,7,0,0,2,7,15,A01
200800045374,0,7,0,0,2,1,2,A01
200800045374,0,7,0,0,0,4,2,B01
200800045374,0,7,0,0,0,4,21,C01
200800045375,0,7,0,0,0,1,0,A01
200800045376,0,7,0,13,0,9,14,A01
200800045377,0,2,0,2,0,1,14,A01
200800045377,1,7,0,0,0,0,17,B01
200800045378,0,2,0,0,2,1,1,A01
200800045378,0,7,0,0,2,1,1,B01
200800045379,0,30,0,0,2,8,19,A01
200800045379,0,7,0,0,2,1,1,B01
200800045380,0,7,0,0,2,8,13,A01
200800045380,0,33,0,0,2,1,2,B01
200800045381,0,7,0,13,0,0,0,A01
200800045382,0,7,0,0,1,1,1,A01
200800045383,0,7,0,0,2,2,19,A01
200800045383,0,2,0,0,2,1,19,B01
200800045384,0,10,0,13,0,7,14,A01
200800045385,0,32,0,0,2,1,1,A01
200800045385,0,7,0,0,2,6,11,B01
200800045385,0,10,0,0,2,1,1,C01
200800045386,0,7,0,0,2,2,1,A01
200800045386,0,30,0,0,2,8,9,B01
200800045387,0,7,0,13,0,7,14,A01
200800045388,0,7,0,0,2,1,2,A01
200800045388,0,7,0,0,2,4,2,B01
200800045388,0,7,0,0,0,4,2,C01
200800045389,0,7,0,0,2,2,9,A01
200800045389,0,30,0,0,2,7,1,B01
200800045390,0,7,0,13,0,7,14,A01
200800045391,0,7,0,0,2,3,1,A01
200800045391,0,34,0,0,2,1,1,B01
200800045392,0,10,0,0,1,2,1,A01
200800045393,0,34,0,0,2,1,2,A01
200800045393,0,7,0,0,2,4,23,B01
200800045394,0,7,0,0,2,6,9,A01
200800045394,0,33,0,0,2,1,1,B01
200800045395,0,7,0,0,0,4,23,B01
200800045395,0,1,0,0,2,1,1,A01
200800045396,0,7,0,1,0,2,14,A01
200800045397,0,7,0,0,1,4,4,A01
200800045398,0,30,0,0,2,3,3,A01
200800045398,0,7,0,0,0,7,1,B01
200800045399,1,7,0,0,2,2,3,A01
200800045399,0,7,0,4,2,6,1,B01
200800045400,1,7,0,0,1,7,1,A01
200800045401,0,7,0,15,2,1,19,A01
200800045401,0,7,0,0,2,2,1,B01
200800045402,0,2,0,14,0,1,0,A01
200800045403,0,10,0,0,2,7,1,B01
200800045403,0,10,0,0,2,1,1,A01
200800045404,0,33,0,0,0,8,15,A01
200800045405,0,30,0,12,0,1,1,A01
200800045406,0,10,0,13,0,2,14,A01
200800045407,0,7,0,0,0,3,10,A01
200800045407,0,33,0,0,9,3,2,B01
200800045408,0,30,0,0,2,1,2,A01
200800045408,0,7,0,0,2,4,1,B01
200800045409,0,2,0,0,0,7,1,A01
200800045410,0,2,0,12,0,1,2,A01
200800045411,0,7,0,0,2,1,2,A01
200800045411,0,33,0,0,2,4,1,B01
200800045412,0,7,0,0,1,8,2,A01
200800045413,0,7,0,0,2,6,1,B01
200800045413,0,7,0,0,2,1,1,A01
200800045414,0,1,0,0,0,0,21,B01
200800045414,0,7,0,0,0,0,16,A01
200800045415,0,30,0,0,2,1,2,A01
200800045415,0,7,0,0,2,4,2,B01
200800045416,0,7,0,0,2,8,1,B01
200800045416,0,30,0,0,2,2,1,A01
200800045417,0,7,0,0,2,4,11,A01
200800045417,0,33,0,0,2,1,1,B01
200800045418,0,32,0,0,2,1,1,A01
200800045418,0,7,0,0,0,5,15,B01
200800045419,0,32,0,12,0,7,14,A01
200800045420,0,7,0,2,0,3,1,A01
200800045421,0,1,0,0,2,1,5,A01
200800045421,0,7,0,0,2,2,1,B01
200800045422,0,30,0,0,0,7,1,A01
200800045423,0,7,0,0,2,3,9,A01
200800045423,0,7,0,0,2,7,15,B01
200800045424,0,7,0,0,0,3,15,B01
200800045424,0,7,0,0,2,1,1,A01
200800045425,0,7,0,0,2,2,11,A01
200800045425,0,32,0,0,2,1,1,B01
200800045425,0,7,0,0,2,1,1,C01
200800045426,0,37,1,8,1,0,20,A01
200800045427,0,30,0,0,2,1,17,A01
200800045427,0,7,0,0,2,3,15,B01
200800045428,0,7,0,0,2,1,2,A01
200800045428,0,7,0,0,2,4,2,B01
200800045428,0,7,0,0,2,4,2,C01
200800045428,0,7,0,0,2,4,2,D01
200800045429,0,7,0,0,2,2,1,B01
200800045429,0,36,0,12,2,8,9,A01
200800045430,0,31,0,0,2,3,2,A01
200800045431,0,7,0,0,0,6,13,A01
200800045431,0,32,0,0,2,1,1,B01
200800045432,0,33,0,0,0,0,1,A01
200800045433,0,33,0,0,2,7,17,A01
200800045433,0,7,0,0,2,1,15,B01
200800045434,0,7,0,0,2,1,1,A01
200800045434,0,7,0,0,2,4,1,B01
200800045434,0,7,0,0,0,4,1,C01
200800045435,0,7,0,0,1,1,1,A01
200800045436,0,7,0,0,2,3,15,A01
200800045436,0,7,0,0,2,1,1,B01
200800045437,0,1,0,0,2,1,1,B01
200800045437,0,10,0,0,9,4,4,A01
200800045438,0,7,0,0,2,3,15,A01
200800045438,0,10,0,0,2,3,1,B01
200800045439,0,3,0,0,2,6,14,A01
200800045439,0,7,0,0,2,2,17,B01
200800045440,0,2,0,0,2,7,2,A01
200800045440,0,32,0,0,0,5,15,B01
200800045441,0,7,0,0,0,4,1,A01
200800045441,0,30,0,12,0,1,1,B01
200800045442,0,1,0,15,0,0,0,A01
200800045443,0,40,0,0,0,2,0,A01
200800045444,0,14,0,0,2,1,12,A01
200800045444,0,7,0,0,2,6,1,B01
200800045445,0,10,0,13,0,1,2,A01
200800045446,0,2,0,0,2,1,1,A01
200800045446,0,7,0,0,2,7,1,B01
200800045447,0,7,0,0,1,8,1,A01
200800045448,0,33,0,0,2,9,1,A01
200800045448,0,14,0,2,2,1,15,B01
200800045449,0,7,0,9,0,1,13,A01
200800045450,0,2,0,12,2,2,0,A01
200800045450,0,7,0,2,0,8,1,B01
200800045451,0,7,0,0,2,8,1,B01
200800045451,0,33,0,0,2,1,1,A01
200800045452,0,16,0,5,0,8,1,A01
200800045453,0,7,0,12,9,9,2,A01
200800045454,1,7,0,0,0,1,0,A01
200800045454,0,1,0,0,2,8,19,B01
200800045455,0,7,0,0,2,2,15,A01
200800045455,0,34,0,0,2,1,1,B01
200800045456,1,7,0,0,0,0,0,B01
200800045456,0,2,0,0,0,1,21,A01
200800045457,0,7,0,0,2,2,12,A01
200800045457,0,33,0,0,2,8,1,B01
200800045458,0,7,0,0,2,8,1,B01
200800045458,0,30,0,0,2,1,0,A01
200800045459,0,7,0,0,2,8,2,A01
200800045459,0,7,0,0,2,1,2,B01
200800045460,0,7,0,0,2,1,13,A01
200800045460,0,7,0,0,2,3,1,B01
200800045461,0,33,0,0,2,1,0,A01
200800045461,0,99,0,0,0,4,0,B01
200800045462,0,7,0,0,1,2,1,B01
200800045463,0,7,0,0,1,2,1,A01
200800045464,0,30,0,0,2,1,13,A01
200800045464,0,7,0,0,0,8,1,B01
200800045465,0,7,0,0,2,8,9,A01
200800045465,0,30,0,0,2,1,1,B01
200800045466,0,1,0,0,0,1,0,A01
200800045466,0,7,0,0,0,2,1,B01
200800045467,1,7,0,0,2,8,0,A01
200800045467,0,30,0,0,0,8,0,B01
200800045468,0,33,0,0,0,1,2,B01
200800045469,0,10,0,0,2,7,1,A01
200800045469,1,7,0,0,2,1,19,B01
200800045470,0,10,0,4,0,2,11,A01
200800045471,0,14,0,0,2,6,11,A01
200800045471,0,33,0,0,0,1,1,B01
200800045472,0,7,0,0,2,8,13,A01
200800045472,0,7,0,0,2,2,1,B01
200800045473,0,7,0,0,1,1,1,A01
200800045474,0,7,0,0,2,1,1,A01
200800045474,0,7,0,0,0,4,23,B01
200800045475,0,33,0,0,2,1,17,A01
200800045475,0,7,0,0,2,8,15,B01
200800045476,0,32,0,0,2,8,9,A01
200800045476,0,10,0,0,2,5,1,B01
200800045477,0,10,0,13,0,1,14,A01
200800045478,0,7,0,0,1,4,4,A01
200800045479,0,7,0,0,2,1,0,A01
200800045479,0,7,0,0,2,6,1,B01
200800045479,0,7,0,0,2,1,1,C01
200800045480,0,7,0,0,1,1,15,A01
200800045481,0,7,0,0,2,3,15,B01
200800045481,0,30,0,0,2,7,17,A01
200800045482,0,33,0,12,0,0,1,A01
200800045483,0,7,0,2,0,0,1,A01
200800045484,0,7,0,15,1,9,1,A01
200800045485,0,32,0,7,0,1,6,A01
200800045486,0,7,0,0,2,2,5,A01
200800045486,0,7,0,1,0,3,1,B01
200800045487,0,7,0,0,1,5,4,A01
200800045488,0,7,0,0,0,1,0,A01
200800045488,0,7,0,0,2,8,0,B01
200800045489,0,1,0,0,2,8,0,A01
200800045489,0,7,0,0,2,2,1,B01
200800045490,0,7,0,0,2,6,6,A01
200800045490,0,7,0,0,2,1,1,B01
200800045490,0,7,0,0,2,2,1,C01
200800045491,0,7,0,0,2,3,23,C01
200800045491,0,33,0,0,2,3,1,B01
200800045491,0,7,0,0,2,5,15,A01
200800045492,0,7,0,0,2,3,1,B01
200800045492,0,7,0,0,2,1,19,A01
200800045492,0,7,0,0,2,8,23,C01
200800045493,0,7,0,10,2,3,1,B01
200800045493,0,7,0,0,2,1,15,A01
200800045494,0,30,0,0,2,1,5,A01
200800045494,0,7,0,0,2,2,1,B01
200800045495,0,7,0,0,2,3,1,B01
200800045495,0,32,0,0,2,2,15,A01
200800045496,0,32,0,0,2,3,18,B01
200800045496,0,7,0,0,2,2,16,A01
200800045497,0,7,0,0,2,1,19,A01
200800045497,0,7,0,0,2,2,1,B01
200800045498,0,30,0,0,2,1,2,A01
200800045498,0,7,0,0,2,4,2,B01
200800045499,2,7,0,0,2,1,1,A01
200800045500,0,7,0,0,2,7,20,A01
200800045500,0,2,0,0,2,1,1,B01
200800045501,0,7,0,0,2,2,1,A01
200800045501,0,32,0,0,2,1,0,B01
200800045502,0,1,0,0,1,5,1,A01
200800045503,0,2,0,0,1,1,17,A01
200800045504,0,32,0,0,1,1,1,A01
200800045505,0,7,0,0,1,1,1,A01
200800045506,0,7,0,0,1,1,1,A01
200800045507,0,7,0,0,2,4,2,C01
200800045507,0,7,0,0,2,4,2,B01
200800045507,0,99,0,0,2,1,2,A01
200800045508,0,7,0,8,0,1,1,A01
200800045509,0,7,0,0,1,2,1,A01
200800045510,0,31,0,0,2,1,1,A01
200800045510,0,7,0,0,2,3,13,B01
200800045511,0,2,0,0,2,6,2,A01
200800045511,1,7,0,0,2,4,1,B01
200800045512,0,15,0,13,2,8,21,B01
200800045512,0,7,0,0,2,3,13,A01
200800045513,0,33,0,0,2,2,17,A01
200800045513,0,33,0,0,0,6,1,B01
200800045514,0,7,0,1,1,2,1,A01
200800045515,0,7,0,0,2,2,1,B01
200800045515,0,7,0,0,2,8,9,A01
200800045516,1,7,0,0,2,0,2,A01
200800045516,0,7,0,0,2,5,2,B01
200800045517,0,31,0,0,2,1,13,A01
200800045517,0,7,0,0,2,3,23,B01
200800045518,0,2,0,1,0,1,13,A01
200800045519,0,7,0,0,2,1,13,A01
200800045519,0,7,0,0,2,3,1,B01
200800045520,0,7,0,0,2,8,15,B01
200800045520,0,34,0,0,2,1,17,A01
200800045521,0,7,0,0,2,3,1,B01
200800045521,0,7,0,6,2,1,13,A01
200800045522,0,7,0,0,2,6,1,B01
200800045522,0,2,0,0,2,1,1,A01
200800045523,0,30,0,0,2,1,16,B01
200800045523,0,7,0,0,2,3,17,A01
200800045524,0,7,0,13,0,1,13,A01
200800045525,0,7,0,0,2,6,1,B01
200800045525,0,7,0,15,2,1,13,A01
200800045526,0,3,0,12,0,9,13,A01
200800045527,0,7,0,0,2,3,13,A01
200800045527,0,17,0,0,2,3,1,B01
200800045528,0,7,0,0,1,4,1,B01
200800045528,0,10,0,0,2,1,1,A01
200800045529,0,7,0,0,2,1,15,A01
200800045529,0,30,0,0,2,7,1,B01
200800045530,0,7,0,0,1,4,4,A01
200800045531,0,7,0,2,0,8,13,A01
200800045532,0,7,0,0,2,2,16,A01
200800045532,0,33,0,2,2,1,14,B01
200800045533,0,10,0,0,2,1,2,A01
200800045533,0,7,0,0,2,4,2,B01
200800045534,0,7,0,0,1,2,1,A01
200800045535,1,7,0,0,1,0,1,A01
200800045536,0,7,0,0,1,2,1,A01
200800045537,0,34,0,1,2,1,2,A01
200800045537,0,7,0,0,2,6,23,B01
200800045538,0,34,0,0,2,1,1,B01
200800045538,0,7,0,0,2,2,10,A01
200800045539,0,7,0,0,1,1,1,A01
200800045540,0,30,0,0,2,1,2,A01
200800045540,0,10,0,0,0,4,2,B01
200800045541,0,30,0,0,2,1,1,B01
200800045541,0,7,0,0,2,3,10,A01
200800045542,0,32,0,0,2,2,17,A01
200800045542,0,7,0,0,2,6,15,B01
200800045543,0,32,0,0,0,1,1,A01
200800045544,1,7,0,0,1,0,0,A01
200800045545,0,33,0,0,0,0,0,A01
200800045546,0,30,0,0,2,1,2,A01
200800045546,0,7,0,0,0,4,23,B01
200800045547,0,7,0,0,2,3,1,B01
200800045547,0,7,0,0,2,1,1,A01
200800045548,0,32,0,0,0,8,23,B01
200800045548,1,7,0,0,0,0,0,A01
200800045549,0,7,0,0,2,5,15,A01
200800045549,0,1,0,0,2,1,1,B01
200800045550,0,7,0,6,0,7,1,A01
200800045551,0,7,0,0,2,4,20,B01
200800045551,0,1,0,0,2,1,1,A01
200800045552,0,7,0,0,2,8,9,A01
200800045552,0,31,0,1,2,1,0,B01
200800045553,0,14,0,0,2,7,9,A01
200800045553,0,32,0,8,2,1,1,B01
200800045554,0,32,0,0,2,1,20,A01
200800045554,0,7,0,0,2,2,1,B01
200800045555,0,31,0,0,2,0,1,A01
200800045555,0,32,0,0,2,6,1,B01
200800045555,0,7,0,0,2,5,1,C01
200800045556,0,7,0,0,2,2,1,A01
200800045556,0,7,0,0,2,3,1,B01
200800045557,0,7,0,0,2,3,9,A01
200800045557,0,32,0,0,2,5,1,B01
200800045558,0,14,0,0,2,1,9,A01
200800045558,0,33,0,0,2,1,1,B01
200800045559,0,30,0,0,1,7,1,A01
200800045560,0,32,0,0,2,8,15,A01
200800045560,0,7,0,0,2,3,1,B01
200800045561,0,10,0,0,2,2,15,A01
200800045561,0,32,0,0,2,1,1,B01
200800045562,0,2,0,0,2,1,2,A01
200800045562,0,31,0,0,2,4,2,B01
200800045562,0,7,0,0,2,4,2,C01
200800045563,0,7,0,0,2,1,2,A01
200800045563,0,7,0,0,2,4,2,B01
200800045564,0,10,0,0,2,1,2,A01
200800045564,0,7,0,0,2,4,2,B01
200800045565,0,31,0,12,0,0,1,A01
200800045566,0,7,0,0,2,5,16,A01
200800045566,0,30,0,0,2,8,16,B01
200800045567,1,34,0,0,0,0,0,A01
200800045568,0,30,0,0,2,1,1,A01
200800045568,0,7,0,0,2,1,1,B01
200800045569,1,10,0,0,1,0,1,A01
200800045570,0,30,0,0,2,7,17,A01
200800045570,0,7,0,0,2,6,15,B01
200800045571,0,30,0,0,2,5,16,A01
200800045571,0,1,0,0,2,1,1,B01
200800045572,0,7,0,0,2,1,15,B01
200800045572,0,30,0,1,2,1,16,A01
200800045573,0,7,0,0,2,1,2,A01
200800045573,0,30,0,0,2,4,2,B01
200800045573,0,7,0,0,2,4,2,C01
200800045574,0,7,0,0,2,1,1,A01
200800045574,0,7,0,0,2,4,1,B01
200800045575,0,2,0,0,2,1,7,A01
200800045575,0,2,0,0,2,7,16,B01
200800045576,0,7,0,0,2,1,15,A01
200800045576,0,31,0,0,2,1,1,B01
200800045577,0,7,0,0,2,4,0,A01
200800045577,0,31,0,0,2,1,1,B01
200800045578,0,7,0,0,9,0,0,A01
200800045578,0,30,0,0,2,1,2,B01
200800045579,0,7,0,0,2,3,15,A01
200800045579,0,33,0,0,2,1,1,B01
200800045580,0,30,0,0,2,1,0,A01
200800045580,0,7,0,0,2,3,1,B01
200800045581,0,2,0,0,2,1,1,B01
200800045582,0,14,0,0,2,0,0,A01
200800045582,0,33,0,0,2,1,1,B01
200800045583,0,2,0,0,2,1,5,A01
200800045583,0,7,0,0,2,7,1,B01
200800045584,0,31,0,0,2,1,17,A01
200800045584,0,7,0,0,2,8,9,B01
200800045585,0,2,0,0,2,1,1,A01
200800045585,0,37,1,0,2,7,1,B01
200800045586,0,7,0,0,2,2,15,A01
200800045586,0,2,0,0,2,1,8,B01
200800045587,0,7,0,0,1,1,1,A01
200800045588,0,7,0,0,0,8,9,A01
200800045588,0,31,0,0,2,1,1,B01
200800045589,0,7,0,0,1,1,1,A01
200800045590,0,2,0,0,0,0,0,A01
200800045591,0,2,0,0,0,0,0,A01
200800045592,0,7,0,0,2,3,13,A01
200800045592,0,7,0,0,0,3,1,B01
200800045593,0,7,0,0,2,2,21,A01
200800045593,0,7,0,15,0,3,23,B01
200800045594,0,7,0,0,2,1,2,A01
200800045594,0,7,0,0,0,4,15,B01
200800045594,0,7,0,0,2,1,2,C01
200800045595,0,34,0,0,0,0,0,A01
200800045596,0,34,0,0,0,0,1,A01
200800045597,0,7,0,0,2,8,13,A01
200800045597,0,34,0,0,2,7,17,B01
200800045598,0,2,0,0,2,1,16,B01
200800045598,0,7,0,0,2,1,16,A01
200800045599,0,7,0,12,0,0,0,A01
200800045600,0,7,0,2,0,4,4,A01
200800045601,0,7,0,0,2,1,15,A01
200800045601,0,7,0,0,2,3,1,B01
200800045602,0,14,0,0,2,1,2,A01
200800045602,0,7,0,0,2,4,2,B01
200800045602,0,7,0,0,2,4,2,C01
200800045602,0,7,0,0,0,4,2,D01
200800045603,0,2,0,0,2,1,2,A01
200800045603,0,7,0,0,0,4,2,B01
200800045604,0,30,0,0,0,0,0,A01
200800045605,0,7,0,0,2,1,13,A01
200800045605,0,7,0,0,2,3,1,B01
200800045606,0,7,0,0,2,3,13,A01
200800045606,0,7,0,0,2,3,1,B01
200800045607,0,2,0,0,0,0,0,A01
200800045608,0,33,0,1,1,1,17,A01
200800045609,0,32,0,0,2,1,1,B01
200800045609,0,10,0,0,0,3,15,A01
200800045610,0,10,0,0,1,3,1,A01
200800045611,0,30,0,0,2,1,1,A01
200800045611,0,7,0,0,0,4,23,B01
200800045612,0,7,0,0,2,3,13,A01
200800045612,0,2,0,0,2,3,1,B01
200800045613,0,31,0,0,2,2,1,B01
200800045613,0,7,0,0,0,3,15,A01
200800045614,0,1,0,0,0,1,1,B01
200800045614,0,7,0,0,2,3,1,A01
200800045615,0,32,0,0,2,9,1,A01
200800045615,0,7,0,0,2,1,1,B01
200800045616,1,1,0,0,2,8,10,C01
200800045616,0,32,0,0,2,1,1,A01
200800045616,0,7,0,0,2,8,1,B01
200800045617,0,7,0,0,0,0,4,A01
200800045617,0,33,0,1,0,0,13,B01
200800045618,0,7,0,1,2,3,9,B01
200800045618,0,7,0,0,2,2,2,A01
200800045619,0,7,0,0,0,0,15,A01
200800045619,0,31,0,0,0,1,21,B01
200800045620,1,7,0,0,2,0,2,A01
200800045620,0,7,0,0,2,3,24,B01
200800045621,0,7,0,0,2,6,11,A01
200800045621,0,2,0,0,2,1,1,B01
200800045622,0,36,0,0,2,3,13,A01
200800045622,0,7,0,0,2,2,1,B01
200800045623,0,2,0,0,1,1,0,A01
200800045624,0,30,0,0,2,1,9,B01
200800045624,0,7,0,0,2,1,2,A01
200800045625,0,10,0,0,2,3,22,A01
200800045625,0,31,0,1,0,1,1,B01
200800045626,0,2,0,0,2,0,1,A01
200800045627,0,7,0,0,2,3,11,A01
200800045627,0,31,0,0,2,2,1,B01
200800045628,1,33,0,0,0,0,13,C01
200800045628,0,30,0,0,2,0,0,A01
200800045628,0,30,0,0,2,1,0,B01
200800045629,0,30,0,0,2,1,2,B01
200800045629,0,7,0,0,2,1,15,A01
200800045630,0,7,0,0,1,2,15,A01
200800045631,0,7,0,0,0,7,23,A01
200800045631,0,30,0,1,0,1,2,B01
200800045632,0,7,0,0,2,1,2,A01
200800045632,0,2,0,0,2,4,2,B01
200800045632,0,7,0,0,2,4,2,C01
200800045633,0,30,0,0,2,1,0,A01
200800045633,0,7,0,0,2,6,2,B01
200800045634,0,10,0,0,2,2,15,A01
200800045634,0,7,0,0,2,3,2,B01
200800045635,0,7,0,0,2,0,9,A01
200800045635,0,2,0,0,2,1,1,B01
200800045636,0,7,0,8,2,3,1,A01
200800045636,0,7,0,0,2,8,1,B01
200800045637,0,30,0,0,2,1,15,A01
200800045637,0,34,0,0,2,1,1,B01
200800045638,0,7,0,0,2,3,2,B01
200800045638,0,1,0,0,2,1,2,A01
200800045639,0,30,0,0,1,1,2,A01
200800045640,0,10,0,0,1,1,1,A01
200800045641,0,7,0,0,2,1,2,A01
200800045641,0,7,0,0,0,4,2,B01
200800045642,0,7,0,0,2,1,2,A01
200800045642,0,7,0,0,2,8,2,B01
200800045643,0,2,0,0,1,1,1,A01
200800045644,0,7,0,1,0,2,1,A01
200800045645,0,33,0,0,2,1,1,B01
200800045645,0,7,0,0,2,7,15,A01
200800045646,0,7,0,0,2,6,10,A01
200800045646,0,30,0,0,2,1,2,B01
200800045647,0,33,0,0,2,1,2,A01
200800045647,0,7,0,0,2,6,2,B01
200800045648,0,31,0,0,2,0,0,A01
200800045649,0,2,0,0,2,1,0,A01
200800045649,0,37,1,0,2,3,1,B01
200800045650,0,7,0,0,2,1,15,B01
200800045650,0,7,0,0,2,2,1,A01
200800045651,0,33,0,0,0,0,0,A01
200800045652,0,7,0,0,2,7,15,A01
200800045652,0,7,0,0,2,1,2,B01
200800045653,0,31,0,0,2,8,2,A01
200800045653,0,7,0,0,2,0,0,B01
200800045654,0,2,0,0,2,0,21,A01
200800045654,0,7,0,0,2,6,23,B01
200800045655,0,7,0,12,2,1,13,A01
200800045655,0,7,0,0,2,1,2,B01
200800045656,0,7,0,0,2,3,15,A01
200800045656,0,2,0,0,2,1,1,B01
200800045657,0,31,0,0,2,1,1,B01
200800045657,0,7,0,0,2,6,1,A01
200800045658,1,7,0,0,2,0,0,B01
200800045658,0,1,0,0,0,0,0,A01
200800045659,0,7,0,0,2,3,20,A01
200800045659,0,31,0,0,2,1,2,B01
200800045660,0,31,0,0,2,2,12,A01
200800045660,0,7,0,0,2,6,2,B01
200800045661,0,2,0,0,2,1,1,B01
200800045661,0,7,0,0,2,1,5,A01
200800045662,0,7,0,0,1,2,1,A01
200800045663,0,7,0,0,2,8,9,A01
200800045663,0,30,0,0,2,2,1,B01
200800045664,0,7,0,0,2,3,15,A01
200800045665,0,7,0,0,2,7,9,A01
200800045665,0,33,0,0,2,8,2,B01
200800045666,0,7,0,0,2,3,1,B01
200800045666,0,31,0,0,2,1,1,A01