Num_Acc,senc,catv,occutc,obs,obsm,choc,manv,num_veh
200800045667,1,7,0,0,2,0,13,A01
200800045667,0,32,0,0,0,0,1,B01
200800045668,0,7,0,0,2,3,13,A01
200800045668,0,7,0,0,2,3,1,B01
200800045669,0,7,0,0,4,1,13,A01
200800045669,0,7,0,0,2,1,1,B01
200800045670,0,7,0,0,2,1,0,B01
200800045670,0,7,0,0,2,2,0,A01
200800045671,0,7,0,0,2,3,0,A01
200800045671,0,31,0,0,2,2,0,B01
200800045672,0,33,0,0,2,7,1,A01
200800045672,0,7,0,0,2,1,1,B01
200800045673,0,1,0,0,1,1,2,A01
200800045674,0,7,0,0,2,6,9,A01
200800045674,0,7,0,0,2,3,2,B01
200800045675,1,7,0,0,2,0,0,A01
200800045675,0,2,0,14,0,0,0,B01
200800045676,0,40,0,0,2,2,1,B01
200800045676,0,7,0,0,4,3,1,A01
200800045677,0,7,0,0,2,3,13,A01
200800045677,0,7,0,0,2,3,2,B01
200800045678,0,10,0,0,1,1,1,A01
200800045679,0,31,0,0,2,3,13,A01
200800045679,0,7,0,0,2,3,1,B01
200800045679,0,14,0,0,2,0,1,C01
200800045680,0,7,0,0,2,3,15,A01
200800045680,0,33,0,0,2,1,1,B01
200800045681,0,31,0,0,2,1,2,A01
200800045681,0,7,0,0,2,4,2,B01
200800045682,0,33,0,0,2,1,1,A01
200800045682,0,10,0,0,2,6,1,B01
200800045683,0,7,0,0,2,1,9,A01
200800045683,0,2,0,0,2,1,2,B01
200800045684,0,33,0,0,2,1,1,A01
200800045684,0,7,0,0,2,3,1,B01
200800045685,0,30,0,0,2,0,2,A01
200800045685,0,7,0,0,2,6,15,B01
200800045686,0,7,0,4,0,2,9,A01
200800045687,0,10,0,0,2,1,1,B01
200800045687,0,7,0,0,2,2,0,A01
200800045688,0,7,0,1,2,5,2,A01
200800045688,0,7,0,0,2,1,2,B01
200800045689,0,7,0,1,0,3,0,A01
200800045689,1,7,0,0,0,0,11,B01
200800045690,0,2,0,0,0,0,0,A01
200800045691,0,7,0,0,2,1,9,A01
200800045691,0,31,0,0,2,1,1,B01
200800045692,0,7,0,2,0,1,14,A01
200800045693,0,30,0,0,2,3,2,A01
200800045693,0,10,0,0,2,6,9,B01
200800045694,0,7,0,0,2,3,13,A01
200800045694,0,37,23,0,2,2,1,B01
200800045695,0,7,0,0,2,3,0,A01
200800045695,0,30,0,0,2,6,0,B01
200800045695,0,7,0,0,2,3,0,C01
200800045696,0,10,0,0,2,2,9,A01
200800045696,0,7,0,0,2,3,1,B01
200800045697,0,7,0,0,2,3,16,B01
200800045697,0,33,0,0,2,1,5,A01
200800045698,0,31,0,0,1,2,0,A01
200800045699,0,10,0,0,2,3,9,A01
200800045699,0,2,0,0,2,1,1,B01
200800045700,0,7,0,0,1,1,0,A01
200800045701,0,34,0,0,2,3,0,A01
200800045701,0,34,0,0,2,3,0,B01
200800045702,0,7,0,0,2,2,12,A01
200800045702,0,15,0,0,2,1,1,B01
200800045703,0,30,0,0,1,2,0,A01
200800045704,0,10,0,0,2,4,4,A01
200800045704,0,31,0,0,2,1,1,B01
200800045705,0,2,0,0,2,1,1,B01
200800045705,0,7,0,0,2,2,1,A01
200800045706,2,2,0,0,2,1,0,A01
200800045706,0,2,0,1,2,4,0,B01
200800045707,0,7,0,0,2,3,2,B01
200800045707,0,7,0,0,2,2,2,A01
200800045708,0,30,0,0,2,7,1,B01
200800045708,0,7,0,0,2,8,15,A01
200800045709,0,7,0,0,2,0,0,A01
200800045709,0,34,0,0,2,9,0,B01
200800045710,0,31,0,0,0,8,0,A01
200800045711,0,7,0,0,2,2,16,A01
200800045711,0,37,23,0,2,1,7,B01
200800045712,0,2,0,0,0,1,0,A01
200800045713,0,37,1,0,1,1,1,A01
200800045714,0,33,0,0,2,1,5,A01
200800045714,0,7,0,0,2,8,5,B01
200800045715,0,7,0,0,2,1,5,A01
200800045715,0,7,0,0,2,1,1,B01
200800045716,0,7,0,0,2,1,0,A01
200800045716,0,7,0,8,2,8,0,B01
200800045717,0,7,0,0,2,1,0,A01
200800045717,0,2,0,0,2,8,0,B01
200800045718,0,7,0,0,2,1,15,A01
200800045718,0,1,0,0,2,1,1,B01
200800045719,0,2,0,0,2,1,1,A01
200800045719,0,7,0,0,2,8,1,B01
200800045720,0,7,0,8,0,5,0,A01
200800045721,0,33,0,9,0,1,1,A01
200800045722,0,7,0,0,1,1,1,A01
200800045723,0,30,0,15,0,0,1,A01
200800045724,0,1,0,0,2,8,15,A01
200800045724,0,7,0,0,9,2,17,B01
200800045725,0,7,0,0,2,1,2,A01
200800045725,0,7,0,0,0,4,2,B01
200800045726,0,7,0,0,1,1,1,A01
200800045727,0,7,0,0,2,1,5,A01
200800045727,0,7,0,0,2,1,5,B01
200800045728,0,7,0,0,2,1,15,A01
200800045728,0,7,0,0,2,1,1,B01
200800045729,0,7,0,15,0,1,1,A01
200800045730,0,7,0,0,2,1,1,A01
200800045730,0,7,0,0,0,4,1,B01
200800045731,0,7,0,0,2,2,1,A01
200800045731,0,32,0,0,2,1,16,B01
200800045732,0,7,0,15,1,3,14,A01
200800045733,0,33,0,1,0,1,0,A01
200800045734,0,7,0,0,2,1,2,A01
200800045734,0,7,0,0,2,4,2,B01
200800045734,0,7,0,0,2,4,2,C01
200800045735,0,2,0,14,0,1,1,A01
200800045736,0,7,0,0,2,1,1,B01
200800045736,0,13,0,0,2,8,0,A01
200800045737,0,7,0,0,2,3,1,B01
200800045737,0,7,0,0,2,2,1,A01
200800045738,0,7,0,0,2,3,13,A01
200800045738,0,7,0,0,2,2,1,B01
200800045739,0,7,0,8,0,1,1,A01
200800045740,0,7,0,0,1,1,1,A01
200800045741,0,7,0,0,2,6,10,A01
200800045741,0,30,0,0,2,1,1,B01
200800045742,0,10,0,0,2,1,1,A01
200800045742,0,7,0,0,0,4,23,B01
200800045742,0,7,0,0,2,4,1,C01
200800045742,0,13,0,0,2,1,1,D01
200800045742,0,7,0,0,2,1,1,E01
200800045743,0,2,0,12,9,0,17,A01
200800045744,0,7,0,0,1,3,1,A01
200800045745,0,2,0,0,2,1,5,A01
200800045745,0,7,0,0,2,1,0,B01
200800045746,0,7,0,14,2,3,1,A01
200800045746,0,7,0,0,2,3,1,B01
200800045747,0,10,0,0,2,2,15,A01
200800045747,0,30,0,0,2,2,1,B01
200800045748,0,2,0,0,2,1,2,A01
200800045748,0,7,0,0,9,4,2,B01
200800045749,0,7,0,6,2,3,1,A01
200800045749,0,7,0,0,2,3,1,B01
200800045750,0,7,0,0,2,3,15,A01
200800045750,0,33,0,0,2,1,1,B01
200800045751,0,7,0,0,2,2,15,A01
200800045751,0,33,0,0,2,1,1,B01
200800045752,0,7,0,0,1,1,1,A01
200800045753,0,2,0,13,0,0,0,A01
200800045754,0,7,0,0,2,1,0,A01
200800045754,0,7,0,0,2,1,0,B01
200800045755,0,7,0,2,0,2,1,A01
200800045756,0,7,0,0,2,8,15,B01
200800045756,0,2,0,0,2,1,1,A01
200800045757,0,7,0,0,0,3,2,A01
200800045757,0,7,0,0,2,8,2,B01
200800045758,0,7,0,0,2,5,15,A01
200800045758,0,33,0,0,2,9,1,B01
200800045759,0,7,0,0,2,1,1,A01
200800045759,0,7,0,0,2,4,23,B01
200800045759,0,10,0,0,2,4,23,C01
200800045760,0,7,0,0,2,1,13,A01
200800045760,0,7,0,0,2,1,1,B01
200800045761,0,7,0,0,2,2,15,A01
200800045761,0,30,0,0,2,1,1,B01
200800045762,0,10,0,0,1,7,17,A01
200800045763,0,7,0,0,2,1,1,A01
200800045763,0,7,0,0,2,4,1,B01
200800045763,0,7,0,0,2,4,1,C01
200800045764,0,7,0,13,0,1,1,A01
200800045765,1,7,0,0,2,0,0,A01
200800045765,0,2,0,0,2,0,1,B01
200800045766,0,7,0,0,2,1,1,A01
200800045766,0,7,0,0,2,4,2,B01
200800045767,0,2,0,0,2,8,2,B01
200800045767,0,7,0,0,2,2,16,A01
200800045768,0,33,0,0,0,0,1,A01
200800045769,0,7,0,0,2,8,2,B01
200800045769,0,7,0,0,2,1,1,A01
200800045770,0,7,0,0,1,2,1,A01
200800045771,0,7,0,0,0,3,9,A01
200800045771,0,1,0,0,2,2,16,B01
200800045772,0,33,0,0,9,1,9,A01
200800045772,0,1,0,0,9,4,1,B01
200800045773,0,34,0,0,0,1,1,A01
200800045774,0,7,0,0,2,1,2,A01
200800045774,0,7,0,0,2,4,2,B01
200800045774,0,7,0,0,0,4,2,C01
200800045775,0,7,0,0,2,3,15,A01
200800045775,0,7,0,0,2,3,1,B01
200800045776,0,7,0,0,1,1,15,A01
200800045777,0,2,0,0,0,0,18,A01
200800045777,0,1,0,0,2,5,2,B01
200800045778,0,7,0,0,2,3,9,A01
200800045778,0,7,0,0,2,1,1,B01
200800045779,0,7,0,0,1,3,0,A01
200800045780,0,7,0,0,2,1,1,A01
200800045780,0,7,0,0,2,7,1,B01
200800045781,0,32,0,0,0,8,1,B01
200800045781,0,7,0,0,2,1,15,A01
200800045782,0,7,0,4,0,0,0,A01
200800045783,1,7,0,0,0,1,1,B01
200800045783,0,7,0,0,2,2,1,A01
200800045784,0,2,0,0,2,1,1,A01
200800045784,0,7,0,0,2,1,11,B01
200800045785,0,2,0,0,2,1,13,A01
200800045785,2,2,0,0,2,1,0,B01
200800045786,0,7,0,0,9,1,2,A01
200800045786,0,1,0,0,2,4,2,B01
200800045787,0,33,0,0,0,0,0,A01
200800045787,0,7,0,0,0,1,1,B01
200800045787,1,7,0,0,0,0,0,C01
200800045788,0,2,0,0,2,7,1,A01
200800045788,0,7,0,0,9,1,1,B01
200800045789,1,10,0,0,1,1,2,A01
200800045790,0,7,0,0,1,2,0,A01
200800045791,0,7,0,0,2,3,0,A01
200800045791,0,32,0,0,1,5,12,B01
200800045792,1,7,0,1,0,1,0,A01
200800045793,0,7,0,1,0,1,1,A01
200800045794,0,7,0,0,1,3,1,A01
200800045795,0,7,0,1,0,9,1,A01
200800045796,0,10,0,0,2,1,2,A01
200800045796,0,7,0,0,2,4,2,B01
200800045797,0,7,0,0,2,3,15,A01
200800045797,0,34,0,0,2,2,17,B01
200800045798,0,33,0,0,0,7,0,A01
200800045799,0,7,0,0,2,5,15,A01
200800045799,0,2,0,0,2,5,13,B01
200800045800,0,7,0,0,1,1,15,A01
200800045801,0,7,0,0,2,1,0,A01
200800045801,0,7,0,0,2,1,0,B01
200800045802,0,30,0,0,0,0,1,A01
200800045803,0,32,0,0,2,7,2,A01
200800045803,0,7,0,0,0,5,2,B01
200800045804,0,30,0,0,2,2,1,A01
200800045804,0,7,0,0,2,1,1,B01
200800045805,0,30,0,0,2,1,17,A01
200800045805,1,7,0,0,0,0,0,B01
200800045806,0,7,0,0,2,5,9,A01
200800045806,0,33,0,0,2,1,0,B01
200800045807,0,7,0,15,0,2,1,A01
200800045808,0,7,0,0,2,8,10,A01
200800045808,0,7,0,0,2,1,1,B01
200800045809,0,7,0,0,1,1,0,A01
200800045810,0,7,0,0,2,5,2,A01
200800045810,0,31,0,0,2,4,2,B01
200800045811,0,31,0,0,0,0,2,A01
200800045812,0,34,0,0,2,1,17,A01
200800045812,0,7,0,0,2,3,15,B01
200800045813,0,7,0,0,0,0,2,A01
200800045813,0,2,0,0,0,0,0,B01
200800045814,0,7,0,0,2,7,9,A01
200800045814,0,30,0,0,2,1,1,B01
200800045815,0,7,0,0,2,4,0,A01
200800045815,0,7,0,0,2,1,2,B01
200800045816,0,7,0,0,1,1,1,A01
200800045817,0,7,0,0,0,0,9,B01
200800045817,0,2,0,0,0,1,2,A01
200800045818,0,30,0,0,2,7,1,A01
200800045818,0,7,0,0,2,6,15,B01
200800045819,0,7,0,0,2,3,15,A01
200800045820,0,1,0,0,0,0,0,B01
200800045821,0,7,0,0,2,3,0,A01
200800045821,0,32,0,0,2,1,1,B01
200800045822,0,30,0,0,0,0,0,A01
200800045823,0,7,0,0,0,3,15,A01
200800045823,0,1,0,0,2,1,0,B01
200800045824,1,7,0,0,1,1,20,A01
200800045825,0,7,0,0,2,1,1,A01
200800045825,0,7,0,0,2,4,1,B01
200800045826,0,7,0,0,2,1,2,A01
200800045826,0,2,0,0,0,4,2,B01
200800045827,0,7,0,1,0,3,2,A01
200800045828,0,10,0,0,2,1,2,A01
200800045828,0,7,0,0,2,4,2,B01
200800045829,0,2,0,0,2,4,15,A01
200800045829,0,7,0,0,2,7,17,B01
200800045830,0,7,0,0,1,1,1,A01
200800045831,0,7,0,0,2,3,0,A01
200800045831,0,2,0,0,2,8,0,B01
200800045832,0,10,0,8,0,2,14,A01
200800045832,1,7,0,1,0,1,1,B01
200800045833,0,7,0,0,2,2,15,A01
200800045833,0,33,0,0,2,1,1,B01
200800045834,0,7,0,0,2,1,2,A01
200800045834,0,7,0,0,2,4,23,B01
200800045835,0,7,0,0,1,3,1,A01
200800045836,0,7,0,0,1,3,9,A01
200800045837,0,7,0,0,2,5,2,A01
200800045837,0,7,0,0,2,1,2,B01
200800045838,0,33,0,12,0,0,17,A01
200800045838,0,7,0,0,0,0,20,B01
200800045839,0,7,0,0,0,0,0,A01
200800045840,1,7,0,0,1,2,1,A01
200800045841,0,7,0,0,2,7,15,A01
200800045841,0,2,0,0,2,1,2,B01
200800045842,0,15,0,0,0,0,0,A01
200800045843,0,7,0,0,2,1,2,A01
200800045843,0,7,0,0,0,4,2,B01
200800045844,0,7,0,0,1,6,17,A01
200800045845,0,2,0,0,2,8,1,A01
200800045845,0,34,0,0,2,1,1,B01
200800045846,0,7,0,0,2,3,15,A01
200800045846,0,30,0,0,2,2,1,B01
200800045847,0,32,0,0,2,0,0,A01
200800045847,0,7,0,0,2,0,0,B01
200800045848,0,7,0,0,1,1,16,A01
200800045849,0,34,0,1,0,1,2,A01
200800045849,0,37,0,0,0,6,23,B01
200800045850,0,30,0,0,2,0,15,A01
200800045850,0,7,0,0,2,1,1,B01
200800045851,0,7,0,0,2,1,2,A01
200800045851,0,30,0,0,2,4,23,B01
200800045852,0,7,0,0,1,3,1,A01
200800045853,0,32,0,0,2,3,9,A01
200800045853,0,7,0,0,2,2,0,B01
200800045854,0,7,0,0,2,3,5,A01
200800045854,0,7,0,0,2,1,1,B01
200800045855,0,30,0,0,0,1,0,A01
200800045856,0,7,0,15,2,6,0,A01
200800045856,0,14,0,0,2,2,1,B01
200800045857,0,33,0,15,0,2,1,A01
200800045858,0,7,0,0,1,2,1,A01
200800045859,0,7,0,0,1,2,17,A01
200800045860,0,7,0,0,2,2,2,A01
200800045860,0,7,0,1,2,1,23,B01
200800045861,0,33,0,0,2,1,0,A01
200800045861,0,7,0,0,2,3,1,B01
200800045862,0,7,0,0,2,3,19,A01
200800045862,0,30,0,0,2,1,1,B01
200800045863,0,7,0,0,2,3,1,B01
200800045863,0,32,0,0,2,8,13,A01
200800045864,0,10,0,0,0,4,4,A01
200800045864,0,7,0,0,2,3,23,B01
200800045865,0,7,0,0,2,1,19,A01
200800045865,0,33,0,0,2,1,1,B01
200800045866,0,7,0,0,2,3,2,A01
200800045866,0,33,0,0,2,1,5,B01
200800045867,0,30,0,0,2,1,1,A01
200800045867,0,7,0,0,2,6,10,B01
200800045868,0,7,0,0,2,5,15,A01
200800045868,0,34,0,0,2,1,0,B01
200800045869,0,7,0,0,1,3,1,A01
200800045870,0,7,0,0,1,2,1,A01
200800045871,0,7,0,0,2,6,2,A01
200800045871,0,32,0,0,2,1,2,B01
200800045872,0,7,0,0,2,6,1,A01
200800045872,0,7,0,0,2,3,1,B01
200800045873,0,7,0,0,2,1,5,A01
200800045873,0,33,0,0,2,1,1,B01
200800045874,1,7,0,0,1,1,0,A01
200800045875,0,7,0,0,1,4,4,A01
200800045876,0,30,0,0,2,1,16,B01
200800045876,1,7,0,0,2,3,15,A01
200800045877,0,7,0,0,2,1,1,B01
200800045877,0,7,0,0,0,7,1,A01
200800045878,0,7,0,0,2,1,1,B01
200800045878,0,7,0,0,2,3,1,A01
200800045879,2,7,0,0,2,1,9,A01
200800045879,0,7,0,4,2,8,15,B01
200800045880,0,7,0,0,0,2,0,A01
200800045880,0,7,0,0,2,1,21,B01
200800045881,1,7,0,0,1,1,2,A01
200800045882,0,7,0,0,2,0,15,A01
200800045882,0,34,0,0,2,0,1,B01
200800045883,0,32,0,0,0,0,15,A01
200800045884,0,7,0,0,9,7,17,A01
200800045884,0,1,0,0,2,8,15,B01
200800045885,0,7,0,0,2,8,15,A01
200800045885,0,32,0,0,2,1,17,B01
200800045886,0,7,0,0,1,2,1,A01
200800045887,0,33,0,0,1,8,1,A01
200800045888,0,37,0,0,1,1,0,A01
200800045889,0,2,0,0,0,0,15,A01
200800045890,0,10,0,0,0,6,23,A01
200800045890,0,30,0,0,0,1,1,B01
200800045891,0,7,0,0,0,8,15,A01
200800045891,0,30,0,0,2,7,17,B01
200800045892,0,7,0,0,2,1,0,A01
200800045892,0,37,0,0,2,7,0,B01
200800045893,0,7,0,0,2,1,2,A01
200800045893,0,7,0,0,2,4,2,B01
200800045894,0,7,0,0,2,3,1,B01
200800045894,0,30,0,0,2,2,9,A01
200800045895,0,7,0,0,2,2,9,A01
200800045895,0,2,0,0,2,1,1,B01
200800045896,0,7,0,0,0,2,1,A01
200800045896,0,2,0,0,0,4,10,B01
200800045897,0,33,0,0,1,1,1,A01
200800045898,0,7,0,0,2,3,2,A01
200800045898,0,2,0,0,2,4,2,B01
200800045899,0,7,0,0,2,8,2,A01
200800045899,0,30,0,0,2,1,17,B01
200800045900,0,7,0,0,1,2,1,A01
200800045901,0,33,0,0,2,1,2,A01
200800045901,0,99,0,0,0,4,23,B01
200800045902,0,7,0,0,2,1,1,A01
200800045902,0,7,0,0,2,4,23,B01
200800045903,0,30,0,0,2,1,1,A01
200800045903,0,7,0,0,0,5,15,B01
200800045904,0,7,0,0,2,1,5,A01
200800045904,0,7,0,0,2,3,0,B01
200800045905,0,7,0,0,2,2,0,A01
200800045905,0,34,0,0,2,1,1,B01
200800045906,0,7,0,0,0,7,15,A01
200800045906,0,34,0,0,2,2,1,B01
200800045907,0,7,0,0,2,1,2,A01
200800045907,0,7,0,0,2,4,2,B01
200800045908,0,7,0,0,1,0,1,A01
200800045909,0,7,0,0,2,1,2,A01
200800045909,0,7,0,0,0,4,2,B01
200800045910,0,7,0,0,2,1,1,A01
200800045910,0,33,0,0,1,4,2,B01
200800045911,0,7,0,0,2,1,2,A01
200800045911,0,1,0,0,2,1,19,B01
200800045912,0,7,0,0,2,1,2,A01
200800045912,0,7,0,0,2,4,2,B01
200800045913,0,7,0,0,2,1,15,A01
200800045913,0,7,0,1,2,1,1,B01
200800045914,0,7,0,0,2,1,2,A01
200800045914,0,7,0,0,2,4,2,B01
200800045915,0,7,0,0,2,2,12,A01
200800045915,0,33,0,0,2,6,2,B01
200800045916,0,7,0,0,1,2,16,A01
200800045917,0,1,0,0,2,1,16,A01
200800045917,0,7,0,0,2,3,1,B01
200800045918,0,7,0,0,2,3,16,A01
200800045918,0,32,0,0,2,1,1,B01
200800045919,0,14,0,1,0,1,2,A01
200800045919,0,32,0,0,0,1,0,B01
200800045920,0,30,0,0,0,0,1,A01
200800045921,0,17,0,0,0,0,0,A01
200800045921,0,32,0,0,0,0,1,B01
200800045922,0,2,0,0,2,2,15,A01
200800045922,0,32,0,0,2,6,17,B01
200800045923,0,7,0,0,2,4,23,B01
200800045924,0,7,0,0,2,3,5,A01
200800045924,0,7,0,0,2,1,0,B01
200800045925,0,30,0,0,2,7,2,A01
200800045925,0,7,0,0,2,5,2,B01
200800045926,0,7,0,0,1,1,1,A01
200800045927,0,30,0,0,2,1,2,A01
200800045927,0,7,0,0,2,4,2,B01
200800045928,0,7,0,0,2,1,16,A01
200800045928,0,7,0,0,2,7,2,B01
200800045929,0,7,0,0,2,1,1,A01
200800045929,0,7,0,0,2,7,1,B01
200800045930,0,7,0,0,1,1,1,A01
200800045931,0,2,0,0,1,7,17,A01
200800045932,0,7,0,0,1,2,1,A01
200800045933,0,7,0,4,0,2,0,A01
200800045934,0,7,0,0,2,1,0,A01
200800045934,0,7,0,0,2,4,0,B01
200800045935,0,7,0,0,1,2,0,A01
200800045936,0,7,0,0,2,5,16,A01
200800045936,0,31,0,0,2,8,1,B01
200800045937,0,30,0,0,2,1,2,A01
200800045937,0,7,0,0,0,5,1,B01
200800045938,0,33,0,0,0,0,0,A01
200800045939,0,30,0,0,2,1,2,A01
200800045939,0,7,0,0,0,4,2,B01
200800045940,0,31,0,0,1,2,13,A01
200800045941,0,7,0,0,2,0,9,A01
200800045941,0,32,0,0,2,8,2,B01
200800045942,0,7,0,12,0,1,1,A01
200800045943,0,99,0,0,2,8,10,A01
200800045943,0,33,0,0,2,1,1,B01
200800045944,0,30,0,0,0,0,1,A01
200800045945,0,2,0,1,2,6,1,A01
200800045945,0,7,0,0,2,2,1,B01
200800045946,0,2,0,9,0,3,13,A01
200800045947,0,7,0,0,1,4,4,A01
200800045948,0,7,0,0,1,4,4,A01
200800045949,0,7,0,0,2,3,9,A01
200800045949,0,2,0,0,2,1,21,B01
200800045950,0,7,0,0,2,1,1,A01
200800045950,0,7,0,0,0,4,1,B01
200800045951,0,7,0,0,2,8,0,A01
200800045951,0,30,0,0,2,1,2,B01
200800045952,0,7,0,0,2,3,20,A01
200800045952,0,33,0,0,2,1,2,B01
200800045953,0,32,0,0,1,1,1,A01
200800045954,0,7,0,0,2,1,1,C01
200800045954,0,33,0,0,2,9,1,B01
200800045954,0,7,0,0,2,7,15,A01
200800045955,0,7,0,0,2,8,9,A01
200800045955,0,37,15,0,2,1,1,B01
200800045956,0,7,0,0,2,1,1,A01
200800045956,0,33,0,0,2,7,0,B01
200800045957,0,32,0,0,2,1,1,A01
200800045957,1,7,0,0,2,8,9,B01
200800045958,0,31,0,0,1,8,1,A01
200800045959,0,32,0,0,2,8,18,B01
200800045959,0,7,0,0,2,7,12,A01
200800045960,0,34,0,0,1,3,3,A01
200800045960,0,7,0,0,2,5,23,B01
200800045961,0,13,0,0,2,3,1,B01
200800045961,0,7,0,0,2,3,1,A01
200800045962,0,32,0,0,0,0,0,B01
200800045962,0,7,0,0,0,0,0,A01
200800045963,0,30,0,1,0,1,0,A01
200800045963,0,7,0,0,0,0,0,B01
200800045964,0,7,0,0,2,1,1,A01
200800045964,0,7,0,1,2,7,1,B01
200800045965,0,7,0,0,2,3,19,A01
200800045965,0,7,0,0,2,1,1,B01
200800045966,0,7,0,0,2,2,21,A01
200800045966,0,7,0,0,2,8,10,B01
200800045967,0,32,0,0,2,1,17,A01
200800045967,0,7,0,0,2,8,15,B01
200800045968,0,7,0,0,2,1,2,A01
200800045968,0,7,0,0,2,4,23,B01
200800045969,0,7,0,0,2,1,2,A01
200800045969,0,7,0,0,2,4,2,B01
200800045969,0,7,0,0,2,4,2,C01
200800045970,0,7,0,0,2,1,15,A01
200800045971,0,38,1,0,0,7,4,A01
200800045972,0,7,0,0,0,2,1,A01
200800045972,0,7,0,0,0,3,1,B01
200800045973,0,7,0,0,2,8,10,A01
200800045973,0,33,0,0,2,1,0,B01
200800045974,0,7,0,13,0,2,1,A01
200800045975,0,7,0,0,0,1,2,A01
200800045975,0,7,0,0,0,4,2,B01
200800045976,0,7,0,0,1,2,1,A01
200800045977,0,10,0,0,2,6,1,A01
200800045977,0,30,0,0,2,1,1,B01
200800045978,0,7,0,0,2,1,9,A01
200800045978,0,7,0,0,2,4,9,B01
200800045979,0,7,0,0,0,1,0,B01
200800045979,0,7,0,0,0,3,19,A01
200800045980,0,34,0,0,2,1,2,A01
200800045980,0,7,0,0,2,3,13,B01
200800045981,0,7,0,0,2,1,0,A01
200800045981,0,7,0,0,2,3,1,B01
200800045982,0,33,0,0,2,1,2,B01
200800045982,0,7,0,0,2,1,9,A01
200800045983,0,7,0,0,2,1,5,A01
200800045983,0,7,0,0,2,1,1,B01
200800045984,0,7,0,0,1,1,1,A01
200800045985,0,33,0,0,2,1,1,B01
200800045985,0,7,0,0,2,1,1,A01
200800045986,0,7,0,0,0,4,23,C01
200800045986,0,10,0,14,0,1,2,B01
200800045987,0,7,0,0,2,3,13,A01
200800045987,0,10,0,0,2,3,1,B01
200800045988,0,7,0,0,0,6,9,A01
200800045988,0,33,0,0,2,1,1,B01
200800045989,0,7,0,0,2,8,0,B01
200800045989,0,7,0,0,2,7,0,A01
200800045990,0,1,0,0,2,7,1,B01
200800045990,0,7,0,0,2,1,9,A01
200800045991,0,7,0,0,2,6,11,A01
200800045991,0,33,0,0,2,5,1,B01
200800045992,0,7,0,0,0,3,15,B01
200800045992,0,2,0,0,2,1,1,A01
200800045993,0,7,0,15,2,8,11,A01
200800045993,0,33,0,0,2,7,1,B01
200800045994,0,1,0,0,2,2,15,A01
200800045994,0,7,0,0,9,1,1,B01
200800045995,0,7,0,0,2,8,10,A01
200800045995,0,33,0,0,2,1,3,B01
200800045996,0,7,0,0,2,2,5,A01
200800045996,0,3,0,0,2,1,1,B01
200800045997,0,2,0,0,2,1,17,A01
200800045997,0,7,0,0,2,3,1,B01
200800045998,0,7,0,0,2,3,1,B01
200800045998,0,33,0,0,2,1,1,A01
200800045999,2,31,0,0,2,2,17,A01
200800045999,0,1,0,0,2,8,1,B01
200800046000,0,7,0,0,1,1,15,A01
200800046001,0,7,0,0,1,4,4,A01
200800046002,0,7,0,0,2,3,5,A01
200800046002,0,17,0,0,2,2,1,B01
200800046003,0,33,0,3,2,8,9,A01
200800046003,0,33,0,3,2,5,9,B01
200800046004,0,2,0,0,0,3,1,A01
200800046005,0,2,0,0,2,2,17,B01
200800046005,0,7,0,0,2,3,15,A01
200800046006,0,2,0,0,2,1,1,A01
200800046006,0,2,0,0,2,8,13,B01
200800046007,0,2,0,0,0,1,1,A01
200800046008,0,7,0,0,2,1,1,A01
200800046008,0,32,0,0,2,4,1,B01
200800046009,0,2,0,7,0,1,1,A01
200800046010,0,7,0,0,2,3,13,A01
200800046010,0,7,0,0,2,3,13,B01
200800046011,0,2,0,0,2,1,1,A01
200800046011,0,7,0,0,2,4,1,B01
200800046012,1,7,0,0,2,2,1,A01
200800046012,0,1,0,0,2,4,1,B01
200800046013,0,7,0,2,0,9,1,A01
200800046014,0,7,0,1,0,2,20,A01
200800046015,0,30,0,0,2,1,1,A01
200800046015,0,7,0,0,2,4,1,B01
200800046016,0,1,0,0,2,1,1,B01
200800046016,0,7,0,0,2,5,16,A01
200800046017,0,7,0,0,2,1,1,A01
200800046017,0,7,0,0,2,4,1,B01
200800046018,0,7,0,0,2,1,1,A01
200800046018,0,7,0,0,2,4,1,B01
200800046019,0,10,0,0,2,1,16,A01
200800046019,0,1,0,0,2,4,1,B01
200800046020,0,7,0,0,1,7,1,A01
200800046021,0,1,0,0,2,1,1,B01
200800046021,0,7,0,0,2,5,16,A01
200800046022,0,7,0,0,2,1,20,A01
200800046022,0,7,0,0,2,1,1,B01
200800046023,0,7,0,3,0,2,14,A01
200800046024,0,7,0,0,1,7,14,A01
200800046025,0,13,0,6,0,1,1,A01
200800046026,0,30,0,0,2,1,13,A01
200800046026,0,7,0,0,2,3,1,B01
200800046027,0,7,0,0,2,1,13,A01
200800046027,0,30,0,0,2,1,1,B01
200800046028,0,7,0,13,0,1,14,A01
200800046029,0,7,0,1,2,2,1,A01
200800046029,0,7,0,0,1,1,1,B01
200800046030,0,7,0,0,1,8,1,A01
200800046031,0,30,0,0,2,1,1,A01
200800046031,0,7,0,0,2,4,1,B01
200800046032,0,7,0,0,2,3,1,A01
200800046032,0,32,0,0,2,1,1,B01
200800046033,0,7,0,0,2,7,16,A01
200800046033,0,1,0,0,2,1,1,B01
200800046034,0,7,0,0,1,3,1,A01
200800046035,0,7,0,0,2,2,1,A01
200800046035,0,1,0,0,2,1,1,B01
200800046036,0,7,0,0,1,6,4,A01