Num_Acc,senc,catv,occutc,obs,obsm,choc,manv,num_veh
200800047225,0,7,0,3,0,3,17,A01
200800047226,0,7,0,6,0,3,19,A01
200800047227,0,10,0,0,2,1,1,A01
200800047227,0,7,0,0,2,1,1,B02
200800047228,0,7,0,0,0,2,1,A01
200800047229,0,7,0,13,0,2,1,A01
200800047230,0,7,0,0,2,1,13,A01
200800047230,0,7,0,0,2,1,1,B02
200800047231,0,7,0,3,2,3,17,A01
200800047232,0,7,0,0,0,9,14,A01
200800047233,0,7,0,3,0,9,1,A01
200800047234,0,33,0,0,6,1,1,A01
200800047235,0,7,0,3,0,3,21,A01
200800047235,0,7,0,0,2,1,2,B02
200800047235,0,7,0,0,2,1,2,C03
200800047236,0,33,0,3,0,7,1,A01
200800047237,0,7,0,0,2,6,23,A01
200800047237,0,10,0,0,2,1,1,B02
200800047238,0,7,0,5,0,2,1,A01
200800047239,0,7,0,4,0,3,1,A01
200800047240,0,7,0,0,2,3,13,A01
200800047240,0,7,0,0,2,3,1,B02
200800047241,0,7,0,0,0,3,1,A01
200800047242,0,7,0,0,2,0,19,A01
200800047242,0,2,0,0,2,0,1,B02
200800047243,0,7,0,8,0,3,1,A01
200800047244,0,7,0,0,9,6,15,A01
200800047244,0,39,0,0,2,3,1,B02
200800047245,0,32,0,0,2,8,1,B02
200800047245,0,10,0,0,2,2,15,A01
200800047246,0,7,0,3,0,3,14,A01
200800047247,0,7,0,0,1,2,1,A01
200800047248,0,7,0,0,2,1,15,A01
200800047248,0,1,0,0,2,8,2,B02
200800047249,0,33,0,0,2,1,2,A01
200800047249,0,30,0,0,2,4,1,B02
200800047250,0,17,0,0,2,3,1,A01
200800047250,0,33,0,0,2,2,1,B02
200800047251,0,30,0,0,2,1,1,A01
200800047251,0,7,0,0,2,3,1,B02
200800047252,0,10,0,0,1,3,2,A01
200800047253,0,36,0,12,0,3,13,A01
200800047254,0,7,0,8,0,2,14,A01
200800047255,0,7,0,0,2,3,10,A01
200800047255,0,7,0,0,2,7,1,B02
200800047256,0,7,0,0,2,1,13,A01
200800047256,0,7,0,0,2,1,1,B02
200800047256,0,7,0,0,2,7,1,C03
200800047257,0,33,0,0,6,1,1,A01
200800047258,0,7,0,0,2,7,15,A01
200800047258,0,7,0,0,2,2,1,B02
200800047259,0,7,0,0,2,3,1,A01
200800047260,0,7,0,0,2,1,23,B02
200800047260,0,7,0,0,2,1,0,C03
200800047260,0,7,0,0,2,3,15,A01
200800047261,0,7,0,0,2,9,13,A01
200800047261,0,33,0,0,2,9,17,B02
200800047262,0,7,0,16,0,9,13,A01
200800047263,0,7,0,0,2,1,13,A01
200800047263,0,10,0,0,2,1,1,B02
200800047264,0,7,0,0,2,3,15,A01
200800047264,0,2,0,0,2,3,1,B02
200800047265,0,7,0,0,0,1,1,A01
200800047266,0,7,0,13,2,1,14,A01
200800047266,0,7,0,0,2,4,1,B02
200800047267,0,7,0,0,0,1,1,A01
200800047268,0,33,0,8,0,1,1,A01
200800047269,0,1,0,0,1,1,1,A01
200800047270,0,7,0,3,0,2,0,A01
200800047271,0,7,0,0,2,1,2,A01
200800047271,0,7,0,0,2,4,23,B02
200800047271,0,7,0,0,0,4,23,C03
200800047272,0,7,0,2,0,1,13,A01
200800047273,0,7,0,13,0,3,1,A01
200800047274,0,7,0,14,2,1,1,A01
200800047274,0,10,0,0,2,3,23,B02
200800047275,0,7,0,16,0,9,2,A01
200800047276,0,7,0,6,0,7,1,A01
200800047277,0,7,0,0,2,1,1,A01
200800047277,0,7,0,0,2,4,1,B02
200800047278,0,7,0,16,0,0,14,A01
200800047279,0,10,0,13,0,9,19,A01
200800047280,0,7,0,0,2,1,1,A01
200800047280,0,7,0,0,0,4,1,B02
200800047281,0,7,0,0,2,3,5,A01
200800047281,0,7,0,0,2,3,17,B02
200800047281,0,7,0,0,2,1,17,C03
200800047281,0,7,0,0,2,2,1,D04
200800047282,0,33,0,0,2,1,17,A01
200800047282,0,33,0,0,2,4,17,B02
200800047283,0,7,0,3,0,3,1,A01
200800047284,0,7,0,3,0,3,2,A01
200800047285,0,7,0,0,0,6,17,A01
200800047286,0,7,0,3,0,1,0,A01
200800047286,0,7,0,1,0,1,17,B02
200800047286,0,7,0,1,0,3,17,C03
200800047287,0,7,0,4,0,3,21,A01
200800047288,0,33,0,13,0,7,1,A01
200800047289,0,33,0,0,2,1,2,A01
200800047289,0,1,0,0,2,1,15,B02
200800047290,0,10,0,0,9,3,16,A01
200800047290,0,32,0,0,2,7,1,B02
200800047291,0,7,0,0,0,2,1,A01
200800047292,0,7,0,0,2,2,15,A01
200800047292,0,30,0,0,2,1,1,B02
200800047293,0,33,0,6,0,1,1,A01
200800047294,0,14,0,0,2,2,21,A01
200800047294,0,2,0,1,0,8,13,B02
200800047295,0,33,0,0,2,1,17,A01
200800047295,0,7,0,0,0,8,15,B02
200800047296,0,7,0,2,0,8,1,A01
200800047297,0,33,0,0,2,1,1,A01
200800047297,0,10,0,0,0,4,1,B02
200800047298,0,7,0,0,2,8,15,A01
200800047298,0,32,0,0,2,1,1,B02
200800047299,0,33,0,0,0,8,1,A01
200800047300,0,7,0,0,1,1,15,A01
200800047301,0,33,0,12,0,1,20,A01
200800047302,0,7,0,0,0,0,1,A01
200800047303,0,7,0,0,0,8,0,A01
200800047303,0,7,0,0,2,1,1,B02
200800047304,0,7,0,0,2,4,23,A01
200800047304,0,33,0,0,2,1,1,B02
200800047305,0,33,0,15,0,1,15,A01
200800047306,0,7,0,2,0,1,1,A01
200800047307,0,7,0,2,0,2,1,A01
200800047308,0,7,0,0,9,8,15,A01
200800047308,0,10,0,0,0,1,1,B02
200800047309,0,7,0,0,2,1,15,B02
200800047309,0,33,0,0,2,1,1,A01
200800047310,0,33,0,0,9,1,1,A01
200800047310,0,33,0,0,2,1,2,B02
200800047311,0,7,0,13,0,1,14,A01
200800047312,0,33,0,0,2,8,9,A01
200800047312,0,15,0,0,2,7,1,B02
200800047313,0,7,0,0,2,7,15,A01
200800047313,0,33,0,0,2,1,1,B02
200800047314,0,7,0,1,0,1,0,A01
200800047315,0,33,0,0,0,0,1,A01
200800047316,0,21,0,0,2,3,16,A01
200800047316,0,33,0,0,2,1,1,B02
200800047317,0,7,0,3,2,1,2,A01
200800047317,0,7,0,13,2,4,2,B02
200800047318,0,7,0,0,0,9,1,A01
200800047319,0,7,0,12,0,1,0,A01
200800047320,0,7,0,0,0,1,1,A01
200800047321,0,10,0,2,0,3,1,A01
200800047322,0,7,0,0,2,2,1,B02
200800047322,0,7,0,0,2,3,9,A01
200800047323,0,2,0,6,0,1,1,A01
200800047324,0,10,0,0,2,3,13,A01
200800047324,0,7,0,0,2,1,1,B02
200800047325,0,7,0,0,2,2,15,A01
200800047325,0,7,0,0,2,1,1,B02
200800047326,0,10,0,8,0,1,1,A01
200800047327,0,7,0,0,2,7,1,A01
200800047327,0,31,0,0,2,8,1,B02
200800047328,0,31,0,1,0,5,1,A01
200800047328,0,7,0,1,0,5,0,B02
200800047329,0,35,0,0,2,1,13,A01
200800047329,0,7,0,0,2,1,1,B02
200800047330,0,7,0,13,0,2,2,A01
200800047331,0,7,0,0,2,3,13,A01
200800047331,0,7,0,0,2,1,1,B02
200800047332,0,30,0,13,0,0,1,A01
200800047333,0,33,0,0,2,2,17,A01
200800047333,0,7,0,0,2,3,15,B02
200800047334,0,2,0,6,0,1,1,A01
200800047335,0,10,0,4,0,3,13,A01
200800047336,0,7,0,0,0,7,1,A01
200800047336,0,1,0,0,2,1,15,B02
200800047337,0,7,0,0,2,1,15,A01
200800047337,0,1,0,0,0,8,1,B02
200800047338,0,15,0,13,0,2,1,A01
200800047339,0,7,0,0,2,4,15,A01
200800047339,0,31,0,0,2,1,17,B02
200800047340,0,33,0,13,0,1,1,A01
200800047341,0,7,0,2,0,2,1,A01
200800047342,0,10,0,2,0,3,1,A01
200800047343,0,33,0,0,6,1,1,A01
200800047344,0,33,0,2,0,1,1,A01
200800047345,0,7,0,0,2,1,19,A01
200800047345,0,7,0,0,2,5,1,B02
200800047346,0,30,0,0,2,1,18,A01
200800047346,0,21,0,0,0,5,16,B02
200800047347,0,36,0,0,0,1,1,A01
200800047347,0,33,0,0,0,1,10,B02
200800047347,0,7,0,0,0,3,1,C03
200800047348,0,33,0,0,2,1,17,A01
200800047348,0,7,0,0,2,3,15,B02
200800047349,0,7,0,0,0,2,1,A01
200800047349,0,1,0,0,0,4,1,B02
200800047350,0,2,0,16,0,7,1,A01
200800047351,0,2,0,2,0,1,1,A01
200800047352,0,31,0,0,2,9,17,A01
200800047352,0,7,0,0,2,8,1,B02
200800047352,0,7,0,0,2,8,1,C03
200800047353,0,31,0,6,0,1,1,A01
200800047354,0,7,0,0,0,3,1,A01
200800047355,0,7,0,0,0,0,1,A01
200800047356,0,7,0,0,0,7,1,A01
200800047357,0,31,0,13,0,1,0,A01
200800047358,0,30,0,6,0,1,1,A01
200800047359,0,10,0,0,2,2,17,A01
200800047359,0,17,0,0,2,6,1,B02
200800047360,0,7,0,0,2,1,2,A01
200800047360,0,7,0,0,0,4,2,B02
200800047361,0,2,0,0,0,7,1,A01
200800047362,0,10,0,0,2,3,19,A01
200800047362,0,10,0,0,2,2,1,B02
200800047363,0,7,0,2,0,1,15,A01
200800047364,0,7,0,0,1,2,1,A01
200800047365,0,2,0,0,1,1,1,A01
200800047366,0,21,0,0,2,8,15,A01
200800047366,0,33,0,0,2,1,17,B02
200800047367,0,7,0,0,2,7,1,B02
200800047367,0,7,0,0,2,1,1,A01
200800047368,0,10,0,0,2,3,13,A01
200800047368,0,17,0,0,2,7,1,B02
200800047368,0,17,0,0,2,1,1,C03
200800047369,0,33,0,0,0,0,1,A01
200800047370,0,33,0,0,0,0,1,A01
200800047371,0,33,0,0,6,1,1,A01
200800047372,0,7,0,7,6,2,1,A01
200800047373,0,3,0,0,0,8,19,A01
200800047373,0,7,0,0,2,1,1,B02
200800047374,0,10,0,0,2,3,1,A01
200800047374,0,30,0,0,2,1,13,B02
200800047375,0,2,0,0,2,1,13,A01
200800047375,0,21,0,0,2,2,1,B02
200800047376,0,2,0,0,2,1,0,A01
200800047376,0,7,0,0,2,5,1,B02
200800047377,0,7,0,8,0,1,0,A01
200800047378,0,2,0,0,2,1,13,A01
200800047378,0,7,0,0,2,1,1,B02
200800047379,0,30,0,0,2,7,1,A01
200800047379,0,7,0,0,0,3,1,B02
200800047380,0,7,0,13,0,1,1,A01
200800047381,0,7,0,0,9,2,2,A01
200800047381,0,1,0,0,2,4,2,B02
200800047382,0,33,0,0,2,1,1,B02
200800047382,0,7,0,0,2,3,9,A01
200800047383,0,10,0,0,2,1,13,A01
200800047383,0,7,0,0,2,2,1,B02
200800047384,0,30,0,0,0,1,0,A01
200800047384,0,30,0,0,0,7,0,B02
200800047385,0,7,0,0,2,4,13,A01
200800047385,0,7,0,0,2,1,1,B02
200800047386,0,7,0,0,2,1,15,A01
200800047386,0,33,0,0,2,3,1,B02
200800047387,0,31,0,8,0,1,14,A01
200800047388,0,36,0,0,0,0,1,A01
200800047389,0,7,0,0,2,8,15,A01
200800047389,0,32,0,0,2,1,1,B02
200800047390,0,33,0,0,0,0,1,A01
200800047391,0,7,0,2,0,1,1,A01
200800047392,0,33,0,0,2,1,1,A01
200800047392,0,10,0,0,2,3,15,B02
200800047393,0,2,0,0,2,1,17,A01
200800047393,0,2,0,0,2,1,5,B02
200800047394,0,7,0,0,9,2,13,A01
200800047394,0,17,0,0,0,0,1,B02
200800047395,0,33,0,0,1,7,2,A01
200800047396,0,7,0,0,9,1,15,A01
200800047396,0,1,0,0,2,8,1,B02
200800047397,0,7,0,0,2,8,15,A01
200800047397,0,7,0,0,2,1,1,B02
200800047398,0,7,0,0,2,8,1,A01
200800047398,0,33,0,0,2,1,1,B02
200800047399,0,7,0,13,0,9,2,A01
200800047400,0,7,0,0,2,1,13,A01
200800047400,0,15,0,0,2,1,1,B02
200800047401,0,7,0,6,0,1,2,A01
200800047402,0,33,0,2,0,9,14,A01
200800047403,0,7,0,0,2,1,1,A01
200800047403,0,2,0,0,2,1,1,B02
200800047404,0,14,0,14,0,7,17,A01
200800047405,0,10,0,0,1,1,1,A01
200800047406,0,33,0,0,2,1,17,A01
200800047406,0,7,0,0,2,1,2,B02
200800047407,0,7,0,0,2,3,13,A01
200800047407,0,21,0,0,2,3,1,B02
200800047408,0,7,0,0,1,1,19,A01
200800047409,0,7,0,13,0,9,1,A01
200800047410,0,33,0,0,2,2,13,A01
200800047410,0,21,0,0,0,3,2,B02
200800047411,0,30,0,0,2,2,17,A01
200800047411,0,7,0,0,2,3,15,B02
200800047412,0,30,0,12,0,0,0,A01
200800047413,0,7,0,2,0,8,1,A01
200800047414,0,7,0,8,0,2,1,A01
200800047415,0,7,0,13,0,1,1,A01
200800047416,0,31,0,0,0,0,1,A01
200800047417,0,31,0,0,0,0,1,A01
200800047418,0,1,0,0,2,5,15,A01
200800047418,0,7,0,0,9,2,1,B02
200800047419,0,7,0,0,6,7,19,A01
200800047420,0,30,0,0,2,1,6,A01
200800047420,0,7,0,0,2,3,1,B02
200800047421,0,7,0,0,2,3,13,A01
200800047421,0,7,0,0,2,3,1,B02
200800047422,0,33,0,0,2,1,1,B02
200800047422,0,7,0,0,2,6,15,A01
200800047423,0,33,0,0,2,1,17,A01
200800047423,0,10,0,0,2,1,1,B02
200800047424,0,7,0,10,0,8,0,A01
200800047425,0,7,0,0,2,2,17,A01
200800047425,0,7,0,0,2,3,1,B02
200800047426,0,7,0,8,0,1,1,A01
200800047426,0,7,0,0,0,3,15,B02
200800047427,0,7,0,2,0,1,14,A01
200800047428,0,33,0,0,2,1,0,A01
200800047428,0,7,0,0,0,0,0,B02
200800047428,0,33,0,0,2,1,0,C03
200800047428,0,7,0,0,0,0,0,D04
200800047429,0,31,0,12,0,3,21,A01
200800047429,0,7,0,0,0,0,20,B02
200800047430,0,33,0,0,2,6,1,A01
200800047430,0,7,0,0,2,3,1,B02
200800047431,0,33,0,3,0,7,1,A01
200800047432,0,7,0,0,1,3,2,A01
200800047433,0,33,0,0,2,8,10,A01
200800047433,0,33,0,0,2,1,2,B02
200800047434,0,7,0,6,0,8,2,A01
200800047435,0,7,0,2,0,7,14,A01
200800047436,0,33,0,0,2,8,17,A01
200800047436,0,7,0,0,0,8,1,B02
200800047437,0,7,0,0,2,3,9,A01
200800047437,0,32,0,0,2,1,1,B02
200800047438,0,17,0,0,2,8,19,A01
200800047438,0,33,0,0,2,1,21,B02
200800047439,0,10,0,0,2,3,1,A01
200800047439,0,36,0,0,2,1,1,B02
200800047440,0,21,0,0,2,1,1,A01
200800047440,0,7,0,0,2,1,1,B02
200800047441,0,7,0,0,2,3,13,A01
200800047441,0,21,0,0,2,6,1,B02
200800047442,0,31,0,0,2,7,19,B02
200800047442,0,7,0,0,2,1,1,A01
200800047443,0,30,0,0,0,0,1,A01
200800047444,0,7,0,2,0,3,13,A01
200800047445,0,1,0,0,0,3,15,A01
200800047446,0,7,0,0,2,8,10,A01
200800047446,0,33,0,0,2,1,1,B02
200800047447,0,7,0,13,0,3,13,A01
200800047448,0,33,0,13,0,7,2,A01
200800047449,0,7,0,0,0,1,13,A01
200800047449,0,7,0,0,0,1,1,B02
200800047450,0,7,0,0,2,3,1,A01
200800047450,0,10,0,0,2,3,1,B02
200800047451,0,7,0,0,2,3,13,A01
200800047451,0,7,0,0,2,3,21,B02
200800047451,0,7,0,0,2,3,21,C03
200800047452,0,7,0,0,2,3,13,A01
200800047452,0,7,0,0,2,3,1,B02
200800047452,0,7,0,0,2,3,1,C03
200800047453,0,15,0,0,2,1,1,A01
200800047453,0,7,0,0,2,1,17,C03
200800047454,0,7,0,0,2,4,23,A01
200800047454,0,32,0,0,2,1,1,B02
200800047455,0,7,0,0,2,7,13,A01
200800047455,0,37,0,0,2,1,1,B02
200800047456,0,7,0,0,0,6,1,A01
200800047456,0,7,0,0,2,2,12,B02
200800047457,0,7,0,0,2,3,17,A01
200800047457,0,7,0,0,2,2,1,B02
200800047458,0,7,0,0,2,1,2,A01
200800047458,0,7,0,0,0,4,2,B02
200800047459,0,7,0,0,2,1,2,A01
200800047459,0,7,0,0,2,1,2,B02
200800047459,0,7,0,0,2,4,23,C03
200800047459,0,7,0,0,2,4,23,D04
200800047459,0,7,0,0,2,4,23,E05
200800047459,0,7,0,0,2,4,23,F06
200800047460,0,7,0,0,2,7,15,A01
200800047460,0,33,0,0,2,9,1,B02
200800047461,0,7,0,0,0,3,15,A01
200800047461,0,33,0,0,0,7,1,B02
200800047462,0,7,0,0,2,8,15,A01
200800047462,0,33,0,0,2,1,1,B02
200800047463,0,10,0,0,0,0,1,A01
200800047463,0,1,0,0,0,1,1,B02
200800047463,0,1,0,0,0,1,1,C03
200800047464,0,7,0,0,2,1,13,A01
200800047464,0,7,0,0,2,3,1,B02
200800047465,0,7,0,6,0,1,1,A01
200800047466,0,7,0,0,2,3,1,A01
200800047466,0,33,0,0,2,1,1,B02
200800047467,0,13,0,0,2,7,17,A01
200800047467,0,1,0,0,2,8,1,B02
200800047468,0,33,0,0,2,1,15,A01
200800047468,0,7,0,0,9,1,1,B02
200800047468,0,7,0,0,2,6,23,C03
200800047469,0,7,0,0,0,9,1,A01
200800047470,0,7,0,13,0,1,13,A01
200800047471,0,33,0,0,2,2,2,A01
200800047471,0,15,0,0,0,7,2,B02
200800047472,0,7,0,0,1,3,1,A01
200800047473,0,32,0,0,2,3,13,A01
200800047473,0,7,0,0,2,3,1,B02
200800047474,0,30,0,0,2,1,13,A01
200800047474,0,33,0,13,2,8,1,B02
200800047475,0,7,0,0,2,1,1,A01
200800047475,0,7,0,0,2,3,1,B02
200800047476,0,30,0,0,0,3,2,A01
200800047476,0,7,0,0,0,1,15,B02
200800047477,0,7,0,0,0,0,15,A01
200800047477,0,36,0,8,2,0,21,B02
200800047478,0,7,0,0,2,1,1,A01
200800047478,0,7,0,0,2,1,1,B02
200800047479,0,7,0,8,0,1,14,A01
200800047480,0,10,0,0,2,1,17,A01
200800047480,0,1,0,0,2,8,15,B02
200800047481,0,30,0,0,0,0,15,A01
200800047482,0,33,0,0,5,0,19,A01
200800047483,0,7,0,0,0,3,15,A01
200800047483,0,33,0,0,0,1,17,B02
200800047484,0,7,0,0,2,8,1,A01
200800047484,0,31,0,0,2,1,13,B02
200800047485,0,33,0,0,2,8,21,A01
200800047485,0,10,0,0,2,7,2,B02
200800047486,0,7,0,0,9,2,1,A01
200800047486,0,33,0,13,9,9,13,B02
200800047487,0,7,0,2,0,3,14,A01
200800047488,0,7,0,0,2,3,13,A01
200800047488,0,33,0,13,0,0,21,B02
200800047488,0,33,0,0,2,8,13,C03
200800047489,0,33,0,0,2,7,1,B02
200800047489,0,10,0,0,2,3,15,A01
200800047490,0,7,0,13,0,1,1,A01
200800047491,0,30,0,0,2,7,17,A01
200800047491,0,7,0,0,2,2,9,B02
200800047492,0,30,0,0,2,1,1,A01
200800047492,0,7,0,0,2,3,1,B02
200800047493,0,7,0,0,2,3,1,A01
200800047493,0,30,0,0,2,5,12,B02
200800047494,0,7,0,0,2,1,13,A01
200800047494,0,10,0,0,2,3,2,B02
200800047495,0,7,0,0,2,8,19,A01
200800047495,0,31,0,0,2,1,1,B02
200800047496,0,34,0,0,2,6,13,A01
200800047496,0,7,0,0,2,1,1,B02
200800047497,0,2,0,0,0,7,16,A01
200800047498,0,33,0,0,0,8,1,A01
200800047499,0,31,0,0,0,7,1,A01
200800047500,0,33,0,0,0,7,1,A01
200800047501,0,30,0,0,1,1,17,A01
200800047502,0,2,0,14,0,0,0,A01
200800047503,0,7,0,0,2,3,13,A01
200800047503,0,33,0,0,2,1,1,B02
200800047504,0,30,0,0,2,7,17,A01
200800047504,0,7,0,0,2,3,1,B02
200800047505,0,7,0,0,0,0,19,A01
200800047505,0,33,0,0,2,0,21,B02
200800047506,0,7,0,0,2,3,15,A01
200800047506,0,2,0,0,2,1,1,B02
200800047507,0,30,0,13,0,8,13,A01
200800047508,0,7,0,0,2,2,15,A01
200800047508,0,1,0,0,2,1,1,B02
200800047509,0,7,0,0,9,2,19,A01
200800047509,0,1,0,0,2,1,1,B02
200800047510,0,7,0,0,2,1,13,A01
200800047510,0,7,0,0,2,1,1,B02
200800047511,0,7,0,0,2,1,15,A01
200800047511,0,33,0,0,2,1,1,B02
200800047512,0,33,0,13,2,8,5,A01
200800047512,0,7,0,0,2,2,1,B02
200800047513,0,10,0,13,0,1,0,A01
200800047514,0,7,0,13,0,2,1,A01
200800047515,0,30,0,0,2,1,0,A01
200800047515,0,7,0,0,2,3,0,B02
200800047516,0,10,0,0,0,3,1,A01
200800047516,0,7,0,0,0,3,5,B02
200800047517,0,31,0,0,2,1,2,A01
200800047517,0,10,0,0,0,8,10,B02
200800047518,0,33,0,0,2,1,17,A01
200800047518,0,7,0,0,2,1,1,B02
200800047519,0,7,0,0,2,1,19,A01
200800047519,0,33,0,0,2,0,1,B02
200800047519,0,7,0,0,2,8,23,C03
200800047520,0,7,0,0,2,2,15,A01
200800047520,0,30,0,0,2,1,1,B02
200800047521,0,7,0,13,0,3,1,A01
200800047522,0,7,0,2,0,7,13,A01
200800047523,0,7,0,13,0,9,1,A01
200800047524,0,31,0,13,0,4,1,A01
200800047525,0,7,0,0,2,3,1,A01
200800047525,0,33,0,0,2,1,13,B02
200800047526,0,2,0,0,2,8,16,A01
200800047526,0,14,0,0,2,2,1,B02
200800047527,0,7,0,0,2,1,15,A01
200800047527,0,30,0,0,2,1,1,B02
200800047528,0,31,0,0,1,1,1,A01
200800047529,0,33,0,3,0,1,1,A01
200800047530,0,33,0,13,0,7,1,A01
200800047531,0,1,0,0,2,1,1,A01
200800047531,0,7,0,0,2,6,1,B02
200800047532,0,7,0,0,2,2,19,A01
200800047532,0,33,0,0,2,1,1,B02
200800047533,0,7,0,0,0,8,15,A01
200800047533,0,33,0,0,0,1,1,B02
200800047534,0,7,0,0,2,3,1,A01
200800047534,0,7,0,0,2,3,13,B02
200800047535,0,15,0,4,0,0,1,A01
200800047536,0,7,0,0,2,1,13,A01
200800047536,0,7,0,0,2,1,1,B02
200800047537,0,33,0,0,1,1,17,A01
200800047538,0,33,0,0,2,1,1,A01
200800047538,0,10,0,0,2,6,2,B02
200800047538,0,7,0,0,0,4,23,C03
200800047539,0,7,0,0,2,3,13,A01
200800047539,0,7,0,0,2,3,1,B02
200800047540,0,2,0,0,2,1,13,A01
200800047540,0,7,0,0,2,3,1,B02
200800047541,0,7,0,0,2,2,19,A01
200800047541,0,32,0,0,2,1,1,B02
200800047542,0,7,0,0,2,3,13,A01
200800047542,0,7,0,0,2,3,1,B02
200800047543,0,30,0,0,1,1,1,A01
200800047544,0,7,0,0,2,3,1,A01
200800047544,0,7,0,0,2,3,13,B02
200800047545,0,7,0,0,2,8,19,A01
200800047545,0,33,0,0,2,2,1,B02
200800047546,0,7,0,0,1,3,1,A01
200800047547,0,7,0,0,0,6,15,A01
200800047547,0,33,0,0,2,1,17,B02
200800047548,0,7,0,0,2,1,1,A01
200800047548,0,2,0,0,2,8,19,B02
200800047549,0,2,0,0,2,1,17,A01
200800047549,0,7,0,0,0,4,11,B02
200800047550,0,7,0,0,2,3,13,A01
200800047550,0,7,0,0,2,3,0,B02
200800047551,0,30,0,0,2,1,5,A01
200800047551,0,7,0,0,2,1,1,B02
200800047552,0,31,0,0,2,1,2,A01
200800047552,0,7,0,14,0,4,15,B02
200800047553,0,30,0,0,2,4,16,A01
200800047553,0,33,0,0,2,0,1,B02
200800047554,0,7,0,2,0,3,14,A01
200800047555,0,30,0,10,2,8,13,A01
200800047555,0,7,0,13,2,0,1,B02
200800047556,0,1,0,0,0,4,2,A01
200800047556,0,33,0,0,0,1,2,B02
200800047557,0,7,0,0,2,3,13,A01
200800047557,0,7,0,0,2,3,1,B02
200800047557,0,7,0,0,2,1,1,C03
200800047557,0,7,0,0,2,8,1,D04
200800047558,0,10,0,0,2,3,1,A01
200800047558,0,30,0,0,0,8,17,B02
200800047559,0,7,0,0,2,1,13,A01
200800047559,0,7,0,0,2,6,1,B02
200800047559,0,7,0,0,2,1,1,C03
200800047560,0,14,0,0,2,3,15,A01
200800047560,0,7,0,0,2,1,1,B02
200800047561,0,7,0,0,2,1,1,A01
200800047561,0,14,0,0,2,3,1,B02
200800047562,0,10,0,0,2,3,2,A01
200800047562,0,33,0,0,0,4,2,B02
200800047563,0,7,0,0,9,3,19,A01
200800047563,0,33,0,0,2,1,17,B02
200800047564,0,7,0,0,2,5,12,A01
200800047564,0,1,0,0,2,1,1,B02
200800047565,0,30,0,12,0,1,0,A01
200800047566,0,10,0,0,2,1,5,A01
200800047566,0,2,0,0,2,1,1,B02
200800047567,0,7,0,0,2,3,1,A01
200800047567,0,7,0,0,2,5,15,B02
200800047567,0,7,0,0,2,3,1,C03
200800047568,0,7,0,0,2,4,2,A01
200800047568,0,7,0,0,2,1,17,B02
200800047568,0,7,0,0,2,4,13,C03
200800047569,0,10,0,0,2,3,13,A01
200800047569,0,99,0,0,2,3,1,B02
200800047570,0,7,0,0,2,3,13,A01
200800047570,0,7,0,0,2,6,1,B02
200800047570,0,7,0,0,2,1,1,C03
200800047571,0,7,0,6,0,1,1,A01
200800047572,0,7,0,0,2,2,17,A01
200800047572,0,1,0,0,2,8,15,B02
200800047573,0,7,0,0,0,0,0,A01
200800047573,0,33,0,0,0,5,0,B02
200800047574,0,10,0,2,0,9,13,A01
200800047575,0,1,0,0,2,1,13,A01
200800047575,0,10,0,0,9,3,1,B02
200800047576,0,1,0,0,2,1,13,A01
200800047576,0,10,0,0,2,3,1,B02
200800047577,0,7,0,0,2,3,1,A01
200800047577,0,7,0,0,2,3,1,B02
200800047578,0,1,0,13,0,2,1,A01
200800047579,0,7,0,13,0,2,1,A01
200800047580,0,7,0,0,1,2,1,A01
200800047581,0,33,0,13,0,1,1,A01
200800047582,0,7,0,13,0,9,1,A01
200800047583,0,7,0,13,0,9,1,A01
200800047584,0,10,0,0,2,1,1,A01
200800047584,0,10,0,0,2,8,13,B02
200800047585,0,7,0,0,2,3,1,A01
200800047585,0,31,0,0,2,7,1,B02
200800047586,0,7,0,13,0,3,13,A01
200800047587,0,7,0,6,0,1,1,A01
200800047588,0,7,0,13,0,7,1,A01
200800047589,0,7,0,0,2,2,15,A01
200800047589,0,7,0,0,2,2,1,B02
200800047589,0,7,0,0,2,3,23,C03
200800047590,0,7,0,0,1,1,19,A01
200800047591,0,7,0,0,2,1,1,A01
200800047591,0,7,0,0,0,4,23,B02
200800047591,0,7,0,0,9,1,1,C03
200800047592,0,7,0,0,2,7,1,A01
200800047592,0,2,0,0,2,1,1,B02
200800047593,0,1,0,16,0,0,1,A01
200800047593,0,1,0,0,2,1,1,B02
200800047594,0,33,0,0,0,1,0,A01
200800047595,0,33,0,0,2,4,17,A01
200800047595,0,7,0,0,2,3,1,B02
200800047596,0,33,0,0,2,1,1,A01
200800047596,0,7,0,0,2,3,1,B02
200800047597,0,33,0,15,0,1,14,A01
200800047598,0,7,0,2,0,1,1,A01
200800047599,0,7,0,0,2,2,1,A01
200800047599,0,7,0,0,2,3,19,B02
200800047600,0,33,0,0,0,8,1,A01
200800047601,0,32,0,13,0,1,1,A01
200800047602,0,7,0,0,9,1,15,A01
200800047602,0,1,0,0,2,1,15,B02
200800047603,0,7,0,0,9,1,13,A01
200800047603,0,1,0,0,2,3,1,B02
200800047603,0,1,0,0,2,3,1,C03
200800047603,0,1,0,0,2,3,1,D04