Num_Acc,senc,catv,occutc,obs,obsm,choc,manv,num_veh
200800047604,0,7,0,0,0,9,1,A01
200800047605,0,7,0,0,2,2,13,A01
200800047605,0,7,0,0,2,3,1,B02
200800047606,0,7,0,0,2,3,15,A01
200800047606,0,7,0,0,0,7,1,B02
200800047607,0,10,0,0,2,1,13,A01
200800047607,0,33,0,0,2,1,1,B02
200800047607,0,7,0,0,2,3,1,C03
200800047608,0,7,0,0,2,8,15,A01
200800047608,0,32,0,0,0,1,1,B02
200800047609,0,7,0,8,0,1,1,A01
200800047610,0,7,0,0,2,5,15,A01
200800047610,0,32,0,0,2,1,1,B02
200800047611,0,30,0,0,0,7,17,A01
200800047611,0,7,0,0,0,8,15,B02
200800047612,0,33,0,1,0,1,17,A01
200800047612,0,7,0,0,2,3,1,B02
200800047612,0,7,0,0,2,3,0,C03
200800047613,0,7,0,0,0,4,10,A01
200800047613,0,7,0,0,2,1,2,B02
200800047613,0,7,0,0,2,7,0,C03
200800047614,0,7,0,2,0,5,1,A01
200800047615,0,7,0,2,0,2,14,A01
200800047616,0,7,0,13,0,9,14,A01
200800047617,0,10,0,16,0,9,18,A01
200800047618,0,31,0,13,0,1,15,A01
200800047619,0,33,0,0,0,7,1,A01
200800047620,0,7,0,0,2,3,13,A01
200800047620,0,15,0,0,2,3,1,B02
200800047621,0,2,0,0,5,7,1,A01
200800047622,0,2,0,13,0,1,16,A01
200800047623,0,7,0,0,2,3,13,A01
200800047623,0,7,0,0,2,3,1,B02
200800047623,0,33,0,0,2,1,1,C03
200800047624,0,7,0,0,9,7,21,A01
200800047624,0,1,0,0,0,8,0,B02
200800047625,0,7,0,0,0,7,0,A01
200800047626,0,30,0,2,0,1,1,A01
200800047627,0,7,0,13,0,2,1,A01
200800047628,0,36,0,0,2,1,13,A01
200800047628,0,13,0,0,2,1,1,B02
200800047628,0,7,0,0,2,1,1,C03
200800047629,0,33,0,0,0,9,1,A01
200800047630,0,38,0,0,2,2,1,A01
200800047630,0,1,0,0,2,0,1,B02
200800047631,0,33,0,0,2,1,1,A01
200800047631,0,7,0,0,2,2,1,B02
200800047632,0,7,0,8,2,2,1,A01
200800047632,0,7,0,0,2,7,19,B02
200800047633,0,7,0,2,0,1,14,A01
200800047634,0,7,0,0,2,6,10,A01
200800047634,0,33,0,0,2,1,1,B02
200800047635,0,33,0,16,0,8,1,A01
200800047636,0,7,0,13,0,1,1,A01
200800047637,0,7,0,0,2,2,1,A01
200800047637,0,7,0,0,0,6,15,B02
200800047637,0,7,0,0,0,3,1,C03
200800047638,0,7,0,8,0,1,17,A01
200800047639,0,10,0,0,0,5,15,A01
200800047639,0,33,0,0,2,1,1,B02
200800047640,0,7,0,0,2,2,13,A01
200800047640,0,31,0,0,2,1,21,B02
200800047641,2,7,0,2,0,1,1,A01
200800047642,0,10,0,0,0,5,4,A01
200800047642,0,1,0,0,2,1,2,B02
200800047643,0,33,0,13,0,1,1,A01
200800047644,0,2,0,13,0,3,16,A01
200800047645,0,7,0,0,0,2,1,A01
200800047645,0,30,0,0,2,1,19,B02
200800047646,0,7,0,0,2,3,13,A01
200800047646,0,10,0,0,2,8,1,B02
200800047646,0,7,0,0,2,8,1,C03
200800047647,0,33,0,0,6,7,1,A01
200800047648,0,7,0,0,2,1,17,A01
200800047648,0,31,0,0,2,1,0,B02
200800047649,0,7,0,0,1,2,15,A01
200800047649,0,7,0,0,2,3,1,B02
200800047650,0,7,0,0,1,3,1,A01
200800047651,0,7,0,0,2,2,16,A01
200800047651,0,33,0,9,2,1,18,B02
200800047652,0,7,0,0,2,7,14,A01
200800047652,0,30,0,0,2,8,2,B02
200800047653,0,10,0,0,9,0,1,A01
200800047653,0,1,0,0,9,1,1,B02
200800047653,0,1,0,0,9,1,1,C03
200800047653,0,1,0,0,9,7,1,D04
200800047654,0,7,0,0,1,1,1,A01
200800047655,0,7,0,0,2,2,14,A01
200800047655,0,33,0,0,0,6,1,B02
200800047656,0,7,0,13,0,2,1,A01
200800047657,0,7,0,2,0,3,1,A01
200800047658,0,10,0,4,0,1,1,A01
200800047659,0,7,0,0,1,3,1,A01
200800047660,0,7,0,0,1,4,4,A01
200800047661,0,7,0,0,1,2,2,A01
200800047661,0,7,0,0,2,3,2,B02
200800047662,0,33,0,15,0,1,1,A01
200800047663,0,7,0,0,2,3,15,A01
200800047663,0,10,0,0,2,3,1,B02
200800047663,0,7,0,0,2,3,23,C03
200800047664,0,36,0,13,0,2,1,A01
200800047665,0,14,0,0,0,3,1,A01
200800047665,0,7,0,14,0,2,1,B02
200800047665,0,7,0,0,0,3,0,C03
200800047666,0,7,0,13,0,2,1,A01
200800047667,0,7,0,0,2,3,1,A01
200800047667,0,7,0,0,2,3,1,B02
200800047668,0,7,0,0,1,5,1,A01
200800047669,0,33,0,13,0,1,1,A01
200800047670,0,33,0,2,0,3,14,A01
200800047671,0,7,0,0,2,1,1,A01
200800047672,0,7,0,2,0,2,14,A01
200800047673,0,7,0,13,0,7,1,A01
200800047674,0,7,0,0,0,0,17,A01
200800047675,0,7,0,2,0,2,0,A01
200800047676,1,7,0,0,9,2,17,A01
200800047676,0,1,0,0,2,8,1,B02
200800047677,0,7,0,0,2,3,13,A01
200800047677,0,10,0,0,2,3,21,B02
200800047678,0,7,0,0,2,3,1,B02
200800047678,0,7,0,11,2,1,6,A01
200800047679,0,31,0,6,0,7,1,A01
200800047680,0,7,0,0,2,3,13,A01
200800047680,0,7,0,0,2,1,1,B02
200800047680,0,7,0,0,2,1,1,C03
200800047681,0,33,0,0,2,1,2,A01
200800047681,0,33,0,0,0,8,15,B02
200800047682,0,7,0,0,2,1,19,A01
200800047682,0,7,0,9,0,2,1,B02
200800047683,0,7,0,0,2,6,10,A01
200800047683,0,2,0,0,2,1,1,B02
200800047684,0,7,0,13,0,1,14,A01
200800047685,0,30,0,0,2,1,1,A01
200800047685,0,7,0,0,2,5,15,B02
200800047686,0,7,0,0,0,6,13,A01
200800047686,0,33,0,0,2,1,17,B02
200800047687,0,7,0,0,1,2,21,A01
200800047688,0,7,0,0,2,3,13,A01
200800047688,0,1,0,0,2,1,1,B02
200800047689,0,7,0,0,2,1,13,A01
200800047689,0,7,0,0,2,2,1,B02
200800047690,0,30,0,0,2,1,1,A01
200800047690,0,7,0,0,0,6,15,B02
200800047691,0,7,0,0,2,3,9,A01
200800047691,0,2,0,0,2,1,1,B02
200800047692,0,10,0,0,1,4,4,A01
200800047693,0,1,0,2,0,1,1,A01
200800047694,0,7,0,0,2,2,17,A01
200800047694,0,7,0,0,2,3,15,B02
200800047695,0,33,0,0,2,3,17,A01
200800047695,0,7,0,0,2,3,1,B02
200800047695,0,7,0,0,2,8,1,C03
200800047696,0,33,0,0,0,7,1,A01
200800047697,0,36,0,0,2,3,13,A01
200800047697,0,7,0,0,2,1,1,B02
200800047698,0,7,0,0,2,1,1,A01
200800047698,0,2,0,0,2,1,1,B02
200800047699,0,7,0,0,2,1,15,A01
200800047699,0,33,0,0,2,3,18,B02
200800047700,0,33,0,0,0,0,0,A01
200800047701,0,7,0,13,0,1,1,A01
200800047702,0,34,0,0,2,7,17,A01
200800047702,0,10,0,0,2,3,15,B02
200800047703,0,7,0,0,2,3,0,A01
200800047703,0,33,0,0,2,1,0,B02
200800047704,0,36,0,0,2,8,1,A01
200800047704,0,36,0,0,2,7,1,B02
200800047705,0,33,0,16,0,8,1,A01
200800047706,0,1,0,0,2,1,13,A01
200800047706,0,7,0,0,2,2,1,B02
200800047707,0,14,0,0,0,0,17,A01
200800047707,0,32,0,0,0,0,1,B02
200800047708,0,7,0,13,0,1,1,A01
200800047709,0,33,0,0,2,1,13,A01
200800047709,0,7,0,0,2,3,1,B02
200800047709,0,7,0,0,1,1,1,C03
200800047710,0,7,0,6,0,8,13,A01
200800047711,0,7,0,0,2,1,15,A01
200800047711,0,33,0,0,2,1,1,B02
200800047712,0,36,0,5,0,2,0,A01
200800047712,0,36,0,0,2,1,21,B02
200800047713,0,33,0,0,2,7,1,A01
200800047713,0,7,0,0,2,3,1,B02
200800047714,0,7,0,0,0,3,15,A01
200800047715,0,7,0,0,2,1,11,A01
200800047715,0,7,0,0,2,3,1,B02
200800047716,0,7,0,8,0,1,1,A01
200800047717,0,33,0,0,2,1,1,A01
200800047717,0,33,0,0,2,4,1,B02
200800047718,0,33,0,0,2,7,17,A01
200800047718,0,7,0,0,2,8,1,B02
200800047719,0,7,0,0,2,1,19,A01
200800047719,0,30,0,0,2,8,1,B02
200800047720,0,33,0,0,2,1,14,A01
200800047720,0,7,0,0,2,3,1,B02
200800047720,0,7,0,0,2,6,1,C03
200800047721,0,7,0,6,0,2,17,A01
200800047722,0,10,0,0,0,3,1,A01
200800047722,0,1,0,0,0,1,13,B02
200800047723,0,7,0,13,0,1,1,A01
200800047724,0,7,0,0,2,3,5,A01
200800047724,0,7,0,0,2,3,1,B02
200800047725,0,7,0,0,2,3,13,A01
200800047725,0,7,0,0,2,3,1,B02
200800047725,0,7,0,0,2,0,2,C03
200800047726,0,33,0,16,0,9,14,A01
200800047727,0,33,0,0,2,3,13,A01
200800047727,0,7,0,0,2,3,1,B02
200800047728,0,33,0,0,0,2,21,A01
200800047729,0,7,0,0,2,2,15,A01
200800047729,0,7,0,0,2,1,1,B02
200800047730,0,14,0,12,0,1,1,A01
200800047731,0,14,0,4,0,1,2,A01
200800047731,0,7,0,4,0,8,1,B02
200800047731,0,7,0,4,0,8,0,C03
200800047731,0,7,0,4,0,8,0,D04
200800047732,0,7,0,12,2,0,6,A01
200800047732,0,15,0,0,2,7,1,B02
200800047733,0,7,0,5,0,9,13,A01
200800047734,0,2,0,15,0,2,1,A01
200800047735,0,7,0,0,0,9,14,A01
200800047736,0,14,0,0,2,3,6,A01
200800047736,0,7,0,0,2,8,1,B02
200800047737,0,33,0,0,2,1,1,A01
200800047737,0,10,0,0,0,8,20,B02
200800047738,0,7,0,0,2,3,13,A01
200800047738,0,15,0,0,2,3,1,B02
200800047738,0,7,0,0,2,3,2,C03
200800047739,0,10,0,0,2,8,2,A01
200800047739,0,33,0,0,2,7,2,B02
200800047740,0,31,0,0,0,0,1,A01
200800047741,0,33,0,0,0,8,0,A01
200800047742,0,7,0,0,0,9,1,A01
200800047743,0,31,0,0,2,2,1,A01
200800047743,2,7,0,0,2,2,5,B02
200800047744,0,31,0,1,0,1,1,A01
200800047745,0,7,0,0,2,1,0,A01
200800047745,0,7,0,0,2,3,0,B02
200800047746,0,33,0,15,0,0,1,A01
200800047747,0,7,0,0,0,7,1,A01
200800047747,0,7,0,6,2,1,1,B02
200800047748,0,7,0,0,0,0,1,A01
200800047749,0,33,0,0,0,3,1,A01
200800047750,0,15,0,0,2,3,23,A01
200800047750,0,33,0,0,2,7,1,B02
200800047751,0,33,0,3,0,1,1,A01
200800047752,0,30,0,0,2,1,1,B02
200800047752,0,7,0,0,2,7,1,A01
200800047753,0,15,0,0,2,2,2,A01
200800047753,0,7,0,0,2,3,2,B02
200800047754,0,30,0,7,0,1,0,A01
200800047755,0,33,0,0,2,1,1,A01
200800047755,0,7,0,0,2,3,1,B02
200800047756,0,7,0,0,2,1,5,A01
200800047756,0,7,0,14,2,1,1,B02
200800047756,0,7,0,0,2,1,1,C03
200800047757,0,1,0,0,0,8,15,A01
200800047757,0,10,0,0,9,1,2,B02
200800047758,0,7,0,0,2,3,13,A01
200800047758,0,7,0,0,2,3,1,B02
200800047759,0,7,0,6,9,9,13,A01
200800047760,0,33,0,6,0,1,1,A01
200800047761,0,1,0,0,2,4,2,A02
200800047762,0,33,0,3,0,3,13,A01
200800047763,0,7,0,0,2,6,15,A01
200800047763,0,33,0,0,2,1,1,B02
200800047764,0,7,0,13,0,1,1,A01
200800047765,0,33,0,7,2,2,17,A01
200800047765,0,30,0,0,2,3,1,B02
200800047766,0,7,0,0,2,1,13,A01
200800047766,0,7,0,0,2,1,1,B02
200800047766,0,7,0,0,2,2,1,C03
200800047767,0,7,0,6,0,1,15,A01
200800047768,0,7,0,0,2,7,15,A01
200800047768,0,7,0,0,2,3,1,B02
200800047769,0,7,0,0,0,0,1,A01
200800047770,0,2,0,0,2,1,5,A01
200800047770,0,17,0,0,2,3,1,B02
200800047771,0,10,0,0,2,3,1,B02
200800047771,0,7,0,0,2,7,19,A01
200800047772,0,7,0,13,0,7,1,A01
200800047773,0,7,0,0,2,2,1,A01
200800047773,0,2,0,0,2,1,1,B02
200800047774,0,33,0,0,2,1,17,A01
200800047774,0,7,0,0,2,1,1,B02
200800047775,0,7,0,8,0,1,15,A01
200800047776,0,7,0,0,2,1,13,A01
200800047776,0,7,0,0,2,1,1,B02
200800047777,0,7,0,13,0,2,1,A01
200800047778,0,7,0,2,0,1,13,A01
200800047779,0,7,0,8,0,3,13,A01
200800047780,0,7,0,0,2,8,1,A01
200800047780,0,7,0,0,2,3,1,B02
200800047781,0,7,0,0,2,1,13,A01
200800047781,0,17,0,0,2,1,1,B02
200800047782,0,30,0,7,0,1,13,A01
200800047783,0,7,0,13,0,1,1,A01
200800047784,0,7,0,0,2,1,5,A01
200800047784,0,10,0,0,2,1,1,B02
200800047785,0,7,0,2,0,7,1,A01
200800047786,0,31,0,13,0,9,1,A01
200800047787,0,7,0,0,2,2,13,A01
200800047787,0,7,0,0,2,3,1,B02
200800047788,0,7,0,16,0,9,1,A01
200800047789,0,1,0,0,2,8,13,A01
200800047789,0,17,0,0,1,0,17,B02
200800047790,0,7,0,0,2,1,1,B02
200800047790,0,7,0,0,2,2,1,A01
200800047791,0,7,0,2,0,3,1,A01
200800047792,0,7,0,2,0,8,1,A01
200800047793,0,7,0,0,2,1,1,A01
200800047793,0,7,0,0,2,3,1,B02
200800047794,0,1,0,0,2,1,9,A01
200800047794,0,7,0,0,9,1,1,B02
200800047795,0,7,0,2,0,1,1,A01
200800047796,0,7,0,0,2,1,13,A01
200800047796,0,7,0,0,2,3,1,B02
200800047797,0,33,0,0,2,2,13,A01
200800047797,0,7,0,0,2,7,1,B02
200800047798,0,31,0,0,2,3,5,A01
200800047798,0,7,0,0,2,3,5,B02
200800047799,0,33,0,14,0,1,2,A01
200800047799,0,7,0,0,2,5,2,B02
200800047800,0,7,0,13,0,1,21,A01
200800047801,0,7,0,0,2,1,13,A01
200800047801,0,7,0,0,2,1,1,B02
200800047802,0,7,0,13,0,3,1,A01
200800047803,0,7,0,13,0,3,1,A01
200800047804,0,33,0,0,0,7,1,A01
200800047805,0,7,0,0,2,3,13,A01
200800047805,0,7,0,0,2,3,1,B02
200800047806,0,10,0,0,2,2,15,A01
200800047806,0,30,0,0,2,1,1,B02
200800047807,0,7,0,0,2,3,13,A01
200800047807,0,7,0,0,2,3,1,B02
200800047808,0,31,0,9,0,1,2,A01
200800047809,0,33,0,0,6,1,0,A01
200800047810,0,33,0,0,2,1,5,A01
200800047810,0,7,0,0,2,3,1,B02
200800047810,0,7,0,0,2,1,2,C03
200800047811,0,1,0,0,2,1,1,A01
200800047811,0,1,0,0,2,1,1,B02
200800047812,0,99,0,0,2,3,1,A01
200800047812,0,30,0,0,0,1,11,B02
200800047813,0,7,0,13,0,1,14,A01
200800047814,0,33,0,16,0,0,1,A01
200800047815,0,7,0,0,2,1,13,A01
200800047815,0,7,0,0,2,1,1,B02
200800047816,0,7,0,0,2,1,1,A01
200800047816,0,3,0,6,0,4,1,B02
200800047817,0,7,0,0,1,7,1,A01
200800047818,0,30,0,0,2,1,2,A01
200800047818,0,1,0,0,2,4,2,B02
200800047818,0,1,0,0,2,4,2,C03
200800047819,0,31,0,2,0,1,1,A01
200800047820,0,2,0,0,2,8,17,A01
200800047820,0,7,0,0,2,8,1,B02
200800047820,0,7,0,0,0,0,1,C03
200800047821,0,2,0,0,1,1,1,A01
200800047822,0,10,0,8,0,3,0,A01
200800047823,0,31,0,0,1,1,1,A01
200800047824,0,32,0,0,2,2,1,A01
200800047824,0,17,0,0,2,1,15,B02
200800047825,0,7,0,0,2,2,1,A01
200800047825,0,1,0,0,2,8,1,B02
200800047826,0,7,0,0,2,3,19,A01
200800047826,0,2,0,0,2,1,17,B02
200800047827,0,7,0,0,0,1,13,A01
200800047828,0,31,0,6,2,1,1,A01
200800047828,0,7,0,0,2,3,15,B02
200800047829,0,7,0,0,2,2,13,A01
200800047829,0,7,0,0,2,1,1,B02
200800047830,0,7,0,0,0,7,15,A01
200800047830,0,2,0,0,2,1,1,B02
200800047831,0,33,0,13,0,5,13,A01
200800047832,0,7,0,11,0,1,1,A01
200800047833,0,7,0,0,2,8,15,A01
200800047833,0,2,0,0,2,1,17,B02
200800047834,0,7,0,0,1,2,1,A01
200800047834,0,2,0,0,2,4,23,B02
200800047835,0,7,0,0,2,1,13,A01
200800047835,0,7,0,0,2,1,1,B02
200800047836,0,7,0,1,0,1,20,A01
200800047836,0,7,0,0,0,4,24,B02
200800047837,0,30,0,0,2,1,19,B02
200800047837,0,7,0,0,2,2,1,A01
200800047838,0,7,0,0,0,1,13,A01
200800047839,0,7,0,0,2,1,1,A01
200800047839,0,7,0,0,2,3,1,B02
200800047840,0,7,0,0,2,7,19,B02
200800047840,0,10,0,0,2,1,1,A01
200800047841,0,7,0,0,2,1,13,A01
200800047841,0,7,0,0,2,1,1,B02
200800047842,0,10,0,10,2,8,1,A01
200800047842,0,7,0,13,2,3,1,B02
200800047842,0,7,0,0,2,3,13,C03
200800047843,0,33,0,0,2,2,1,A01
200800047843,0,7,0,0,2,3,15,B02
200800047844,0,7,0,1,0,1,14,A01
200800047844,0,7,0,0,1,3,0,B02
200800047845,0,7,0,0,1,2,16,A01
200800047846,0,7,0,0,2,1,2,A01
200800047846,0,7,0,0,0,4,1,B02
200800047846,0,7,0,0,0,4,1,C03
200800047846,0,7,0,0,0,4,1,D04
200800047847,0,2,0,12,0,7,1,A01
200800047848,0,7,0,0,2,3,17,A01
200800047848,0,7,0,0,2,3,1,B02
200800047849,0,1,0,0,2,7,15,A01
200800047849,0,7,0,0,2,1,1,B02
200800047850,0,10,0,0,1,3,2,A01
200800047851,0,38,0,0,0,2,14,A01
200800047852,0,7,0,0,2,4,1,A01
200800047852,0,7,0,0,2,1,12,B02
200800047853,0,15,0,3,2,3,6,A01
200800047854,0,7,0,0,0,0,1,A01
200800047854,0,7,0,0,0,0,1,B02
200800047855,0,7,0,0,2,1,2,A01
200800047855,0,7,0,0,0,4,2,B02
200800047856,0,7,0,0,0,3,1,A01
200800047857,0,7,0,2,2,0,1,A01
200800047857,0,7,0,0,2,6,23,B02
200800047857,0,7,0,0,2,4,23,C03
200800047858,0,7,0,0,0,4,23,A01
200800047858,0,7,0,14,0,1,2,B02
200800047858,0,7,0,14,0,2,2,C03
200800047859,0,7,0,4,0,3,1,A01
200800047860,0,34,0,0,0,8,1,A01
200800047861,0,7,0,3,0,2,1,A01
200800047862,0,10,0,0,0,8,1,A01
200800047863,0,10,0,0,2,1,1,A01
200800047863,0,7,0,0,0,4,1,B02
200800047864,0,7,0,11,0,2,14,A01
200800047865,0,7,0,0,2,7,1,A01
200800047865,0,10,0,0,2,1,1,B02
200800047866,0,7,0,6,0,1,1,A01
200800047867,0,7,0,0,2,2,14,A01
200800047868,0,7,0,0,2,5,12,A01
200800047868,0,7,0,0,2,3,1,B02
200800047868,0,7,0,0,2,4,23,C03
200800047868,0,7,0,1,0,8,1,D04
200800047869,0,7,0,2,0,9,13,A01
200800047870,0,7,0,3,0,3,13,A01
200800047871,0,7,0,13,0,2,14,A01
200800047872,0,7,0,0,0,0,1,A01
200800047873,0,7,0,0,2,1,1,A01
200800047873,0,7,0,0,2,4,1,B02
200800047873,0,7,0,0,9,1,1,C03
200800047874,0,10,0,0,2,6,23,A01
200800047874,0,7,0,0,2,2,14,B02
200800047875,0,7,0,11,0,1,9,A01
200800047876,0,7,0,0,2,1,14,A01
200800047876,0,7,0,0,0,4,1,B02
200800047877,0,7,0,0,2,1,5,A01
200800047877,0,7,0,0,2,3,17,B02
200800047878,0,7,0,0,2,1,2,A01
200800047878,0,7,0,0,2,4,2,B02
200800047879,0,7,0,0,2,3,0,A01
200800047879,0,7,0,0,2,4,1,B02
200800047880,0,10,0,3,0,2,0,A01
200800047881,0,7,0,0,2,2,2,A01
200800047881,0,7,0,0,0,6,2,B02
200800047882,0,7,0,0,2,2,12,A01
200800047882,0,7,0,0,0,6,12,B02
200800047883,0,7,0,3,0,2,14,A01
200800047884,0,30,0,1,0,1,14,A01
200800047885,0,7,0,13,0,2,1,A01
200800047886,0,7,0,13,0,1,1,A01
200800047887,0,7,0,13,0,6,1,A01
200800047888,0,7,0,0,2,1,2,A01
200800047888,0,10,0,0,0,5,2,B02
200800047889,0,7,0,4,0,4,2,A01
200800047889,0,7,0,4,2,9,2,B02
200800047889,0,7,0,0,0,6,3,C03
200800047889,0,7,0,1,0,1,2,D04
200800047889,0,7,0,0,0,4,2,E05
200800047889,0,7,0,0,0,6,3,F06
200800047890,0,17,0,4,0,1,1,A01
200800047891,0,7,0,0,2,2,14,A01
200800047891,0,17,0,0,2,3,1,B02
200800047891,0,17,0,14,0,3,1,C03
200800047891,0,7,0,14,0,3,1,D04
200800047891,0,7,0,0,2,3,23,E05
200800047891,0,7,0,0,2,3,23,F06
200800047891,0,7,0,1,0,2,1,G07
200800047892,0,7,0,4,0,1,0,A01
200800047893,0,7,0,0,2,3,1,A01
200800047893,0,7,0,0,2,3,13,B02
200800047894,0,7,0,0,2,2,2,A01
200800047894,0,7,0,0,0,6,0,B02
200800047895,0,2,0,0,9,1,2,A01
200800047895,0,1,0,0,9,4,2,B02
200800047896,0,36,0,8,0,7,1,A01
200800047897,0,7,0,0,2,3,0,B02
200800047897,0,33,0,0,2,7,1,A01
200800047898,0,10,0,0,2,3,1,A01
200800047898,0,7,0,0,2,3,1,B02
200800047899,0,7,0,13,0,1,1,A01
200800047900,0,31,0,0,0,1,17,A01
200800047900,0,7,0,0,0,3,13,B02
200800047901,0,7,0,0,2,3,0,A01
200800047901,0,33,0,0,2,2,0,B02
200800047902,0,7,0,2,0,1,0,A01
200800047903,0,7,0,0,0,6,12,A01
200800047903,0,14,0,0,2,2,1,B02
200800047904,0,7,0,0,0,9,0,A01
200800047904,0,7,0,14,0,1,21,B02
200800047904,0,7,0,14,0,1,21,C03
200800047904,0,7,0,14,0,1,21,D04
200800047904,0,7,0,14,0,1,21,E05
200800047904,0,7,0,14,0,1,21,F06
200800047904,0,7,0,14,0,1,21,G07
200800047904,0,7,0,14,0,1,21,H08
200800047904,0,7,0,14,0,1,21,I09
200800047904,0,7,0,14,0,1,21,J10
200800047905,0,7,0,3,2,3,11,A01
200800047905,0,7,0,0,2,6,1,B02
200800047905,0,7,0,0,2,8,1,C03
200800047906,0,15,0,0,2,6,11,A01
200800047906,0,33,0,0,2,2,1,B02
200800047907,0,7,0,0,0,0,16,A01
200800047907,0,34,0,16,0,7,2,B02
200800047908,0,10,0,0,2,1,2,A01
200800047908,0,7,0,0,0,4,2,B02
200800047909,0,33,0,0,2,3,1,A01
200800047909,0,7,0,0,2,2,9,B02
200800047910,0,1,0,13,2,1,1,A01
200800047911,0,1,0,4,0,6,13,A01
200800047912,0,7,0,3,0,1,1,A01
200800047913,0,7,0,3,2,9,6,A01
200800047913,0,15,0,0,2,8,1,B02
200800047914,0,10,0,0,2,6,4,A01
200800047914,0,32,0,0,0,1,2,B02
200800047915,0,7,0,0,2,8,5,B02
200800047915,0,7,0,0,2,2,5,C03
200800047915,0,33,0,0,2,4,5,D04
200800047915,0,10,0,0,0,0,5,E05
200800047915,0,7,0,0,2,1,19,A01
200800047916,0,33,0,0,2,1,2,A01
200800047916,0,33,0,0,2,4,1,B02
200800047916,0,7,0,0,2,8,1,C03
200800047917,0,7,0,0,2,3,5,A01
200800047917,0,7,0,0,2,3,1,B02
200800047918,0,17,0,0,2,1,2,A01
200800047918,0,10,0,0,0,6,0,B02
200800047919,0,17,0,0,0,4,2,A01
200800047919,0,17,0,0,2,4,2,B02
200800047919,0,14,0,0,2,1,2,C03
200800047920,0,7,0,7,0,1,1,A01
200800047921,0,31,0,15,0,1,0,A01
200800047922,0,7,0,3,0,3,17,A01
200800047923,0,7,0,4,0,1,1,A01
200800047924,0,10,0,2,0,2,0,A01
200800047925,0,7,0,6,0,1,1,A01
200800047926,0,10,0,4,0,1,1,A01
200800047927,0,14,0,3,0,3,1,A01
200800047927,0,7,0,0,2,3,1,B02
200800047928,0,14,0,0,0,4,2,A01
200800047929,0,7,0,3,2,1,1,A01
200800047929,0,17,0,0,0,6,1,B02
200800047930,0,7,0,0,2,2,14,A01
200800047930,0,7,0,0,0,3,0,B02
200800047931,0,7,0,14,0,1,1,A01
200800047932,0,7,0,3,0,4,0,A01
200800047932,0,7,0,0,2,3,13,B02
200800047933,0,7,0,0,2,1,2,A01
200800047933,0,17,0,0,2,4,2,B02
200800047934,0,7,0,0,2,6,15,A01
200800047934,0,33,0,0,2,2,17,B02
200800047935,0,17,0,0,2,2,1,A01
200800047935,0,7,0,0,2,4,1,B02
200800047936,0,7,0,0,1,7,1,A01
200800047937,0,33,0,0,2,1,1,A01
200800047937,0,7,0,0,2,6,10,B02
200800047938,0,7,0,0,2,7,12,A01
200800047938,0,33,0,0,2,8,1,B02
200800047939,0,33,0,13,0,1,1,A01
200800047940,0,7,0,13,0,1,1,A01
200800047941,0,17,0,3,0,0,0,A01
200800047942,0,10,0,3,0,2,1,A01
200800047943,0,15,0,3,0,3,1,A01
200800047944,0,33,0,0,2,1,17,A01
200800047944,0,7,0,0,2,6,15,B02
200800047945,0,7,0,13,0,3,21,A01
200800047946,0,7,0,0,2,7,15,A01
200800047946,0,7,0,0,2,2,1,B02
200800047947,0,7,0,0,1,1,1,A01
200800047948,0,7,0,13,0,2,1,A01
200800047949,0,10,0,0,0,9,17,A01
200800047950,0,7,0,2,0,2,0,A01
200800047951,0,7,0,0,2,1,0,A01
200800047951,0,7,0,0,2,4,0,B02
200800047952,0,7,0,3,0,3,17,A01
200800047953,0,7,0,3,0,3,1,A01
200800047954,0,7,0,14,0,2,1,A01
200800047955,0,7,0,2,0,1,13,A01
200800047956,0,33,0,0,0,1,2,A01
200800047956,0,7,0,0,0,4,2,B02
200800047957,0,7,0,0,2,3,1,A01
200800047957,0,7,0,0,2,3,5,B02
200800047958,0,7,0,0,2,1,13,A01
200800047958,0,7,0,0,2,1,1,B02
200800047959,0,30,0,14,0,1,0,A01
200800047960,0,30,0,0,2,1,1,A01
200800047960,0,7,0,0,2,5,15,B02
200800047961,0,7,0,3,2,1,1,A01
200800047961,0,7,0,15,0,2,2,B02
200800047962,0,31,0,0,2,1,13,A01
200800047962,0,10,0,0,2,8,21,B02
200800047963,0,17,0,3,0,3,1,A01
200800047964,0,7,0,0,2,2,15,A01
200800047964,0,32,0,0,2,1,1,B02
200800047965,0,7,0,0,9,3,9,A01
200800047965,0,1,0,0,2,7,2,B02
200800047966,0,7,0,0,2,3,18,A01
200800047966,0,7,0,0,0,7,15,B02
200800047967,0,7,0,0,2,3,13,A01
200800047967,0,7,0,0,2,3,1,B02
200800047968,0,7,0,0,2,7,15,A01
200800047968,0,7,0,0,2,1,1,B02
200800047969,0,31,0,11,0,1,1,A01
200800047970,0,7,0,8,0,9,14,A01
200800047971,0,7,0,2,0,2,1,A01
200800047972,0,33,0,13,0,0,1,A01
200800047973,0,7,0,0,1,2,1,A01
200800047974,0,10,0,0,2,2,2,A01
200800047974,0,1,0,0,2,4,2,B02
200800047975,0,7,0,2,0,1,1,A01
200800047976,0,10,0,0,0,5,15,A01
200800047976,0,33,0,0,2,1,2,B02