Num_Acc,senc,catv,occutc,obs,obsm,choc,manv,num_veh
200800047977,0,14,0,6,0,7,1,A01
200800047978,0,7,0,3,0,1,1,A01
200800047979,0,7,0,13,0,2,1,A01
200800047980,0,7,0,13,0,1,0,A01
200800047981,0,7,0,6,0,1,14,A01
200800047982,0,7,0,0,0,7,2,A01
200800047983,0,7,0,0,2,1,13,A01
200800047983,0,7,0,0,2,3,1,B02
200800047984,0,7,0,0,2,3,10,A01
200800047984,0,31,0,0,2,1,1,B02
200800047985,0,7,0,0,2,2,1,B02
200800047985,0,7,0,0,2,3,15,A01
200800047986,0,33,0,0,0,0,1,A01
200800047987,0,7,0,3,0,1,1,A01
200800047987,0,7,0,0,2,2,2,B02
200800047988,0,31,0,0,2,1,17,A01
200800047988,0,14,0,0,2,3,1,B02
200800047988,0,14,0,0,0,0,1,C03
200800047989,0,7,0,13,0,6,1,A01
200800047990,0,7,0,0,9,7,17,A01
200800047990,0,1,0,0,0,1,1,B02
200800047991,0,7,0,0,0,8,19,A01
200800047991,0,7,0,0,0,2,1,B02
200800047992,0,1,0,0,2,1,1,A01
200800047992,0,1,0,0,2,1,0,B02
200800047992,0,14,0,0,2,1,0,C03
200800047993,0,7,0,0,1,2,1,A01
200800047994,0,7,0,0,9,1,16,A01
200800047994,0,1,0,0,0,7,19,B02
200800047995,0,7,0,0,2,3,13,A01
200800047995,0,7,0,1,2,3,1,B02
200800047996,0,31,0,8,0,1,0,A01
200800047997,0,7,0,0,0,1,21,A01
200800047998,0,7,0,0,9,3,1,A01
200800047998,0,1,0,0,2,1,19,B02
200800047999,0,7,0,4,0,7,1,A01
200800048000,0,7,0,0,2,7,0,A01
200800048000,0,17,0,14,0,2,1,B02
200800048001,0,7,0,4,0,9,1,A01
200800048002,0,7,0,3,0,3,13,A01
200800048003,0,14,0,0,1,1,1,A01
200800048004,1,7,0,0,2,2,2,A01
200800048004,0,1,0,0,2,0,2,B02
200800048005,0,33,0,3,0,2,1,A01
200800048006,2,14,0,0,2,2,17,A01
200800048006,0,7,0,0,2,3,1,B02
200800048007,1,7,0,0,5,2,2,A01
200800048008,0,31,0,0,2,1,17,A01
200800048008,0,34,0,0,2,1,17,B02
200800048008,0,7,0,0,2,8,2,C03
200800048009,1,34,0,0,1,0,1,A01
200800048010,0,7,0,0,1,1,1,A01
200800048011,0,36,0,0,2,3,13,A01
200800048011,0,7,0,0,2,3,23,B01
200800048012,0,1,0,0,0,1,2,A01
200800048013,0,7,0,0,1,0,0,A01
200800048014,0,7,0,0,1,2,1,A01
200800048015,0,7,0,0,2,2,0,A01
200800048015,0,1,0,0,0,0,1,B01
200800048016,0,7,0,9,0,2,14,A01
200800048017,0,30,0,0,1,1,0,A01
200800048018,0,34,0,0,2,1,18,A01
200800048018,0,1,0,0,2,1,16,B01
200800048019,0,33,0,0,1,1,0,A01
200800048020,1,7,0,0,2,2,16,A01
200800048020,0,30,0,0,2,1,1,B01
200800048021,0,7,0,0,1,1,16,A01
200800048022,0,1,0,0,2,1,8,B01
200800048022,0,7,0,0,2,2,9,A01
200800048023,0,7,0,0,1,3,2,A01
200800048024,0,7,0,0,2,9,1,A01
200800048024,0,7,0,0,2,1,1,B01
200800048025,0,2,0,0,2,1,2,A01
200800048025,0,7,0,0,0,4,2,B01
200800048026,0,7,0,0,2,3,1,B01
200800048026,0,32,0,0,2,1,1,A01
200800048027,0,33,0,0,2,1,2,A01
200800048027,0,7,0,0,0,6,2,B01
200800048027,0,7,0,0,0,0,24,C01
200800048028,0,7,0,0,2,1,2,A01
200800048028,0,7,0,0,2,4,2,B01
200800048028,0,7,0,0,2,4,15,C01
200800048029,0,7,0,0,2,1,2,A01
200800048029,0,7,0,0,2,4,2,B01
200800048030,0,7,0,0,2,3,15,A01
200800048030,0,2,0,12,2,1,1,B01
200800048031,0,7,0,9,0,1,1,A01
200800048032,0,7,0,0,1,4,4,A01
200800048033,0,7,0,0,2,9,1,A01
200800048033,0,99,0,0,2,1,1,B01
200800048034,0,7,0,0,2,1,2,A01
200800048034,0,7,0,0,2,9,2,B01
200800048034,0,7,0,0,2,9,2,C01
200800048034,0,7,0,0,2,4,2,D01
200800048035,0,30,0,0,2,3,13,A01
200800048035,0,7,0,0,2,2,1,B01
200800048036,0,7,0,0,2,2,2,A01
200800048036,0,33,0,0,2,1,2,B01
200800048037,0,7,0,0,2,1,5,A01
200800048037,0,7,0,0,2,2,1,B01
200800048038,0,7,0,8,0,1,1,A01
200800048039,0,33,0,0,2,7,17,A01
200800048039,0,7,0,0,2,3,1,B01
200800048040,0,7,0,0,2,1,2,A01
200800048040,0,7,0,0,2,4,1,B01
200800048041,0,7,0,0,2,2,1,B01
200800048041,0,30,0,0,2,1,1,A01
200800048042,1,7,0,0,2,1,1,A01
200800048042,0,33,0,0,2,8,1,B01
200800048043,0,7,0,0,1,2,1,A01
200800048044,0,7,0,0,1,1,1,A01
200800048045,0,7,0,0,1,4,4,A01
200800048046,0,1,0,0,2,0,2,B01
200800048046,0,7,0,0,9,1,2,A01
200800048047,0,7,0,0,2,3,5,A01
200800048047,0,7,0,0,2,3,1,B01
200800048047,0,7,0,0,2,1,2,C01
200800048047,0,7,0,0,0,0,2,D01
200800048048,0,7,0,0,2,2,17,A01
200800048048,0,7,0,0,0,0,0,B01
200800048049,0,33,0,0,2,9,2,A01
200800048049,0,7,0,0,0,5,17,B01
200800048050,0,7,0,0,1,2,2,A01
200800048051,0,7,0,1,1,0,2,A01
200800048052,0,7,0,13,0,2,0,A01
200800048052,1,7,0,0,0,0,5,B01
200800048053,0,7,0,0,1,7,2,A01
200800048054,0,30,0,9,0,3,2,A01
200800048055,0,30,0,0,2,1,2,A01
200800048056,0,2,0,0,0,1,2,A01
200800048057,0,7,0,0,2,3,15,A01
200800048057,0,7,0,6,2,3,1,B01
200800048058,0,7,0,0,1,3,0,A01
200800048059,0,10,0,12,2,1,13,A01
200800048059,0,7,0,0,2,8,1,C01
200800048059,0,10,0,0,2,1,1,B01
200800048059,0,7,0,0,2,3,1,D01
200800048059,0,7,0,0,2,1,1,E01
200800048060,2,7,0,0,2,0,0,A01
200800048060,0,1,0,0,0,2,0,B01
200800048061,0,10,0,6,0,1,1,A01
200800048062,0,34,0,1,0,1,0,A01
200800048062,0,7,0,0,2,2,23,B01
200800048063,0,7,0,11,0,2,21,A01
200800048063,1,7,0,0,0,0,0,B01
200800048064,1,7,0,0,0,0,0,A01
200800048064,0,7,0,0,2,9,21,B01
200800048065,0,7,0,0,2,1,1,A01
200800048065,0,7,0,0,2,4,1,B01
200800048065,0,10,0,0,0,4,1,C01
200800048066,0,1,0,0,0,1,1,A01
200800048066,0,15,0,1,0,4,0,B01
200800048067,0,2,0,7,2,1,1,A01
200800048067,0,2,0,0,2,5,15,B01
200800048068,0,1,0,0,2,1,1,A01
200800048068,0,1,0,0,2,1,1,B01
200800048069,0,1,0,0,2,1,5,A01
200800048069,0,1,0,0,2,1,1,B01
200800048070,0,7,0,0,1,3,1,A01
200800048071,0,33,0,0,2,1,2,B01
200800048071,0,7,0,0,2,2,15,A01
200800048072,0,7,0,0,2,5,20,A01
200800048072,0,30,0,0,2,2,1,B01
200800048073,0,17,0,0,2,7,1,A01
200800048073,0,7,0,12,2,8,2,B01
200800048074,0,7,0,0,2,1,2,A01
200800048074,0,7,0,0,0,4,2,B01
200800048075,0,33,0,0,6,1,1,A01
200800048076,0,7,0,0,2,1,2,A01
200800048076,0,7,0,0,2,9,2,B01
200800048076,0,7,0,0,2,4,2,C01
200800048077,0,10,0,0,2,5,4,A01
200800048077,0,7,0,0,0,2,1,B01
200800048078,0,1,0,0,2,1,15,B01
200800048078,0,7,0,0,9,1,1,A01
200800048079,0,7,0,0,2,4,2,B01
200800048079,0,7,0,0,2,2,2,A01
200800048080,0,1,0,0,2,2,1,A01
200800048080,0,7,0,0,9,3,1,B01
200800048081,0,7,0,0,2,3,2,A01
200800048081,0,7,0,0,2,4,2,B01
200800048082,0,10,0,0,2,4,2,B01
200800048082,0,7,0,0,2,1,2,A01
200800048082,0,7,0,0,2,4,1,C01
200800048083,0,7,0,0,2,7,15,A01
200800048083,0,30,0,0,2,1,1,B01
200800048084,0,15,0,0,0,0,2,A01
200800048084,0,7,0,0,9,2,2,B01
200800048085,0,7,0,0,2,1,2,A01
200800048085,0,7,0,0,2,0,2,B01
200800048085,0,7,0,0,2,6,2,C01
200800048086,0,7,0,15,0,0,1,A01
200800048087,0,7,0,7,2,1,13,A01
200800048087,0,7,0,0,2,1,1,B01
200800048088,0,30,0,1,0,0,1,A01
200800048089,0,10,0,0,2,0,2,A01
200800048089,0,7,0,0,2,0,2,B01
200800048090,0,7,0,0,2,6,9,A01
200800048090,0,33,0,0,2,7,1,B01
200800048091,0,7,0,0,1,0,9,A01
200800048092,0,14,0,0,2,0,2,A01
200800048092,0,7,0,0,2,0,0,G01
200800048092,0,7,0,0,2,0,2,B01
200800048092,0,7,0,0,2,0,0,H01
200800048092,0,7,0,0,2,4,2,C01
200800048092,0,7,0,0,2,0,0,F01
200800048092,0,7,0,0,2,0,2,D01
200800048092,0,7,0,0,2,0,0,J01
200800048092,0,7,0,0,2,0,2,E01
200800048092,0,7,0,0,2,8,20,K01
200800048093,0,7,0,0,2,1,2,A01
200800048093,0,7,0,0,2,4,2,B01
200800048094,0,31,0,0,2,8,1,A01
200800048095,0,7,0,0,2,0,1,B01
200800048095,0,2,0,0,2,0,1,A01
200800048096,0,7,0,0,1,0,0,A01
200800048097,0,7,0,6,1,1,0,A01
200800048098,0,7,0,0,1,1,1,A01
200800048099,0,7,0,0,2,4,1,A01
200800048099,0,7,0,0,2,1,2,B01
200800048100,0,7,0,0,2,1,17,A01
200800048100,0,33,0,0,2,1,1,B01
200800048101,0,7,0,0,2,0,15,A01
200800048101,0,13,0,0,2,3,1,B01
200800048102,0,7,0,0,1,0,1,A01
200800048103,1,7,0,0,2,0,2,C01
200800048103,0,7,0,0,2,4,2,A01
200800048103,0,7,0,0,2,4,2,B01
200800048104,0,33,0,0,2,8,1,B01
200800048104,0,7,0,0,2,1,15,A01
200800048105,0,7,0,0,2,1,13,A01
200800048105,0,7,0,0,2,1,1,B01
200800048106,0,7,0,0,2,7,15,A01
200800048106,0,33,0,0,2,0,1,B01
200800048107,0,7,0,0,2,8,9,B01
200800048107,0,32,0,0,2,7,1,A01
200800048108,0,7,0,14,0,1,1,A01
200800048109,1,7,0,0,1,0,0,A01
200800048110,0,2,0,0,2,1,1,A01
200800048110,0,7,0,0,2,4,1,B01
200800048111,0,7,0,8,0,1,1,A01
200800048112,0,7,0,14,0,1,1,A01
200800048113,0,2,0,0,2,1,13,A01
200800048113,0,7,0,0,2,1,1,B01
200800048114,0,32,0,0,1,1,1,A01
200800048115,0,7,0,0,2,1,13,A01
200800048115,0,7,0,0,2,1,1,B01
200800048116,0,32,0,13,0,1,1,A01
200800048117,0,7,0,0,2,8,20,A01
200800048117,0,33,0,0,2,1,1,B01
200800048118,0,7,0,0,2,3,9,A01
200800048118,0,7,0,0,2,0,1,B01
200800048119,0,10,0,0,2,1,2,A01
200800048119,0,99,0,0,0,4,2,B01
200800048120,0,10,0,0,2,2,2,A01
200800048120,0,30,0,0,0,4,2,B02
200800048120,0,30,0,0,0,4,2,C03
200800048121,0,33,0,0,2,1,19,C03
200800048121,0,7,0,0,2,3,1,A01
200800048121,0,7,0,0,2,5,1,B02
200800048122,2,7,0,3,0,1,0,A01
200800048123,1,15,0,0,0,0,1,A01
200800048123,0,99,0,0,2,8,1,B02
200800048123,0,99,0,0,2,8,1,C03
200800048124,0,33,0,2,2,7,17,A01
200800048124,0,7,0,0,2,8,15,B02
200800048125,0,14,0,2,0,1,1,A01
200800048126,0,21,0,0,2,3,15,A01
200800048126,0,7,0,0,2,2,17,B02
200800048127,0,7,0,0,2,1,15,A01
200800048127,0,7,0,0,2,8,1,B02
200800048127,0,7,0,0,2,8,1,C03
200800048128,0,7,0,0,2,3,1,A01
200800048128,0,10,0,0,2,3,1,B02
200800048129,0,31,0,0,2,1,17,A01
200800048129,0,7,0,0,2,6,15,B02
200800048130,0,7,0,0,2,7,13,A01
200800048130,0,7,0,0,2,1,1,B02
200800048131,0,7,0,6,0,1,13,A01
200800048132,0,10,0,16,0,2,1,A01
200800048133,0,33,0,0,2,1,1,A01
200800048133,0,7,0,0,2,3,15,B02
200800048134,0,7,0,0,0,5,15,A01
200800048134,0,2,0,0,2,1,1,B02
200800048135,0,7,0,0,2,1,13,A01
200800048135,0,7,0,0,2,1,1,B02
200800048136,0,33,0,0,2,1,2,A01
200800048136,0,7,0,0,0,5,9,B02
200800048137,0,30,0,12,0,8,1,A01
200800048138,0,36,0,0,1,3,0,A01
200800048139,0,36,0,0,0,1,1,A01
200800048140,0,7,0,0,2,1,1,B02
200800048140,0,7,0,0,2,8,19,A01
200800048141,0,7,0,0,2,7,15,A01
200800048141,0,33,0,0,2,1,1,B02
200800048142,0,10,0,0,2,1,1,A01
200800048142,0,10,0,0,2,7,15,B02
200800048143,0,7,0,0,9,8,22,A01
200800048143,0,1,0,1,2,2,1,B02
200800048144,0,7,0,0,0,3,15,A01
200800048144,0,33,0,0,0,1,17,B02
200800048145,0,7,0,2,0,1,13,A01
200800048146,0,10,0,2,0,2,0,A01
200800048147,0,33,0,12,0,1,17,A01
200800048148,0,7,0,0,2,1,13,A01
200800048148,0,17,0,0,2,1,1,B02
200800048149,0,7,0,13,0,1,1,A01
200800048150,0,7,0,0,2,3,1,A01
200800048150,0,33,0,0,2,8,1,B02
200800048151,0,7,0,0,0,0,13,A01
200800048152,0,7,0,2,0,2,13,A01
200800048153,0,7,0,2,0,7,13,A01
200800048154,0,33,0,0,6,1,1,A01
200800048155,0,31,0,0,2,2,17,A01
200800048155,0,7,0,0,2,3,15,B02
200800048156,0,7,0,0,2,1,1,B02
200800048156,0,10,0,0,2,3,19,A01
200800048157,0,7,0,0,2,3,15,A01
200800048157,0,33,0,0,2,1,17,B02
200800048158,0,7,0,0,0,1,1,A01
200800048158,0,30,0,0,0,1,13,B02
200800048159,0,7,0,0,2,1,5,A01
200800048159,0,7,0,0,2,8,1,B02
200800048159,0,7,0,0,2,1,1,C03
200800048160,0,2,0,0,2,1,2,B02
200800048160,0,7,0,0,2,4,2,A01
200800048161,0,7,0,0,2,2,10,A01
200800048161,0,33,0,0,2,1,1,B02
200800048162,0,30,0,0,2,0,21,A01
200800048163,0,7,0,0,2,2,16,A01
200800048163,0,2,0,0,2,8,19,B02
200800048164,0,7,0,2,0,1,1,A01
200800048165,0,7,0,0,1,2,1,A01
200800048166,0,7,0,2,0,1,14,A01
200800048167,0,2,0,0,0,1,1,A01
200800048168,0,7,0,3,0,1,1,A01
200800048169,0,7,0,6,0,7,19,A01
200800048170,0,31,0,15,0,7,1,A01
200800048171,0,7,0,0,2,1,1,A01
200800048171,0,30,0,0,2,8,1,B02
200800048172,0,7,0,0,1,2,1,A01
200800048173,0,7,0,0,2,5,15,A01
200800048173,0,33,0,0,2,7,1,B02
200800048174,0,7,0,0,2,3,1,A01
200800048174,0,7,0,0,2,3,1,B02
200800048175,0,99,0,6,0,8,1,A01
200800048176,0,7,0,0,2,1,1,A01
200800048176,0,7,0,0,2,1,6,B02
200800048177,0,30,0,0,2,1,13,A01
200800048177,0,7,0,0,2,3,1,B02
200800048178,0,7,0,0,2,8,15,B02
200800048178,0,33,0,0,2,1,1,A01
200800048179,0,15,0,0,2,1,1,A01
200800048179,0,15,0,0,2,8,13,B02
200800048180,0,30,0,0,2,1,15,A01
200800048180,0,7,0,0,2,1,1,B02
200800048181,0,7,0,13,0,3,1,A01
200800048182,0,10,0,2,0,3,13,A01
200800048183,0,2,0,0,0,1,0,A01
200800048184,0,33,0,0,0,0,1,A01
200800048185,0,33,0,2,0,1,1,A01
200800048186,0,7,0,1,0,1,1,A01
200800048186,0,7,0,0,2,4,24,B02
200800048187,0,33,0,0,1,1,1,A01
200800048188,0,1,0,0,2,7,19,A01
200800048188,0,10,0,0,2,8,1,B02
200800048189,0,7,0,13,0,1,1,A01
200800048190,0,7,0,0,2,1,1,A01
200800048190,0,7,0,0,2,1,1,B02
200800048191,0,7,0,0,2,1,13,A01
200800048191,0,7,0,0,2,8,0,B02
200800048191,0,7,0,0,2,1,0,C03
200800048192,0,7,0,0,0,7,15,A01
200800048192,0,33,0,0,2,1,1,B02
200800048193,0,7,0,0,2,4,9,A01
200800048193,0,33,0,0,2,1,1,B02
200800048193,0,7,0,0,2,1,1,C03
200800048194,0,7,0,0,2,3,20,A01
200800048194,0,33,0,0,2,2,1,B02
200800048195,0,15,0,0,2,8,13,A01
200800048195,0,7,0,0,2,1,21,B02
200800048196,0,7,0,8,0,6,13,A01
200800048197,0,7,0,0,2,3,13,A01
200800048197,0,17,0,0,2,8,1,B02
200800048198,0,7,0,0,2,3,15,A01
200800048198,0,33,0,0,2,8,1,B02
200800048199,0,1,0,0,2,1,1,A01
200800048199,0,7,0,0,9,2,19,B02
200800048200,0,33,0,0,2,1,1,B02
200800048200,0,7,0,8,0,6,16,A01
200800048201,0,7,0,0,2,6,9,A01
200800048201,0,7,0,0,2,2,1,B02
200800048202,0,7,0,13,0,9,13,A01
200800048203,0,7,0,1,0,1,6,A01
200800048203,0,37,0,0,0,6,23,B02
200800048204,0,30,0,0,0,0,1,A01
200800048205,0,7,0,0,2,1,13,A01
200800048205,0,7,0,0,2,3,1,B02
200800048206,0,7,0,0,2,2,1,A01
200800048206,0,7,0,0,2,7,13,B02
200800048207,0,33,0,0,2,2,17,A01
200800048207,0,7,0,0,2,8,17,B02
200800048208,0,7,0,0,2,3,13,A01
200800048208,0,17,0,0,2,3,1,B02
200800048209,0,10,0,13,2,2,1,A01
200800048209,0,7,0,0,2,1,1,B02
200800048210,0,31,0,0,2,3,1,A01
200800048210,0,7,0,0,2,7,15,B02
200800048211,0,2,0,0,2,1,1,A01
200800048211,0,7,0,0,0,5,15,B02
200800048212,0,7,0,0,2,1,17,A01
200800048212,0,20,0,0,2,1,1,B02
200800048213,0,7,0,0,2,2,2,A01
200800048213,0,1,0,0,2,4,2,B02
200800048214,0,7,0,0,2,2,1,A01
200800048214,0,1,0,2,2,3,15,B02
200800048215,0,7,0,6,0,3,1,A01
200800048216,0,7,0,0,1,3,1,A01
200800048217,0,10,0,6,0,1,14,A01
200800048218,0,17,0,0,0,8,1,A01
200800048219,0,33,0,0,0,2,1,A01
200800048220,0,33,0,4,0,1,13,A01
200800048221,0,33,0,0,2,8,1,A01
200800048221,0,33,0,0,2,8,1,B02
200800048222,0,15,0,13,0,3,13,A01
200800048223,0,7,0,0,1,2,0,A01
200800048224,0,33,0,0,2,1,13,A01
200800048224,0,7,0,0,2,3,1,B02
200800048225,0,7,0,0,2,7,15,A01
200800048225,0,30,0,0,2,7,1,B02
200800048226,0,33,0,0,0,7,1,A01
200800048227,0,7,0,6,0,1,1,A01
200800048228,0,7,0,0,2,1,13,A01
200800048228,0,7,0,0,2,1,1,B02
200800048229,0,1,0,0,2,1,1,B02
200800048229,0,7,0,0,2,2,1,A01
200800048230,0,7,0,8,0,8,13,A01
200800048231,0,7,0,0,2,7,15,A01
200800048231,0,31,0,0,2,1,1,B02
200800048232,0,7,0,8,0,7,0,A01
200800048233,0,7,0,2,0,3,14,A01
200800048234,0,7,0,0,2,2,21,A01
200800048234,0,33,0,0,2,1,5,B02
200800048235,0,17,0,7,9,8,1,A01
200800048236,0,7,0,0,1,2,2,A01
200800048237,0,7,0,0,1,2,1,A01
200800048238,0,7,0,2,0,1,1,A01
200800048239,0,7,0,0,2,3,5,A01
200800048239,0,7,0,0,2,3,21,B02
200800048240,0,33,0,0,5,1,1,A01
200800048241,0,7,0,0,2,7,13,A01
200800048241,0,7,0,0,2,1,1,B02
200800048241,0,7,0,0,2,1,1,C03
200800048242,0,30,0,2,0,2,0,A01
200800048243,0,32,0,0,0,7,1,A01
200800048244,0,33,0,3,0,1,1,A01
200800048245,0,7,0,0,2,2,16,A01
200800048245,0,33,0,0,2,1,1,B02
200800048246,0,7,0,0,0,1,1,A01
200800048246,0,1,0,0,2,1,13,B02
200800048247,0,33,0,0,2,1,1,A01
200800048247,0,7,0,0,2,8,15,B02
200800048248,0,7,0,0,0,2,1,A01
200800048248,0,33,0,0,0,2,13,B02
200800048249,0,7,0,0,2,5,15,A01
200800048249,0,7,0,0,2,1,1,B02
200800048250,0,7,0,3,2,1,13,A01
200800048250,0,7,0,0,2,1,1,B02
200800048251,0,33,0,7,0,0,1,A01
200800048252,0,7,0,0,2,3,13,A01
200800048252,0,10,0,0,2,3,1,B02
200800048253,0,30,0,0,2,1,1,A01
200800048253,0,7,0,0,2,3,15,B02
200800048254,0,7,0,0,2,3,1,A01
200800048254,0,2,0,0,2,3,1,B02
200800048255,0,30,0,0,2,1,19,A01
200800048255,0,7,0,0,2,7,1,B02
200800048256,0,7,0,0,2,8,19,A01
200800048256,0,33,0,0,2,1,1,B02
200800048257,0,7,0,0,9,2,15,A01
200800048257,0,2,0,0,2,1,1,B02
200800048258,0,7,0,2,0,1,1,A01
200800048259,0,30,0,6,0,2,14,A01
200800048260,0,7,0,0,0,0,13,A01
200800048260,0,1,0,16,2,7,21,B02
200800048261,0,2,0,8,0,1,1,A01
200800048262,0,7,0,0,9,2,1,A01
200800048262,0,1,0,0,0,7,19,B02
200800048263,0,30,0,12,0,1,13,A01
200800048264,0,10,0,0,0,5,2,A01
200800048264,0,1,0,0,0,3,0,B02
200800048265,0,7,0,0,2,2,15,A01
200800048265,0,2,0,0,2,1,1,B02
200800048266,0,30,0,0,2,3,15,A01
200800048266,0,7,0,0,2,3,17,B02
200800048267,0,7,0,0,9,2,1,A01
200800048267,0,1,0,0,2,8,1,B02
200800048268,0,10,0,0,2,3,10,A01
200800048268,0,33,0,0,2,1,17,B02
200800048269,0,7,0,0,2,2,15,A01
200800048269,0,33,0,0,2,3,1,B02
200800048270,0,7,0,0,2,3,17,A01
200800048270,0,7,0,0,2,3,1,B02
200800048270,0,2,0,0,2,1,1,C03
200800048271,0,7,0,0,2,1,17,A01
200800048271,0,7,0,0,2,8,15,B02
200800048272,0,7,0,14,0,1,6,A01
200800048272,0,15,0,0,0,0,19,B02
200800048273,0,2,0,0,2,3,19,A01
200800048273,0,7,0,0,2,3,1,B02
200800048274,0,33,0,0,0,1,1,A01
200800048275,0,7,0,0,2,3,1,A01
200800048275,0,7,0,0,2,2,15,B02
200800048276,0,7,0,6,2,3,17,A01
200800048276,0,7,0,15,2,3,1,B02
200800048277,0,7,0,0,1,2,1,A01
200800048278,0,7,0,0,1,6,1,A01
200800048279,0,7,0,0,2,1,13,A01
200800048279,0,14,0,0,2,3,1,B02
200800048280,0,7,0,13,0,2,2,A01
200800048281,0,33,0,0,2,1,1,A01
200800048281,0,7,0,0,2,3,13,B02
200800048282,0,33,0,8,0,1,2,A01
200800048283,0,33,0,0,0,1,1,A01
200800048284,0,7,0,0,2,8,19,A01
200800048284,0,34,0,0,2,7,19,B02
200800048285,0,7,0,0,1,1,1,A01
200800048286,0,7,0,2,0,3,1,A01
200800048287,0,32,0,0,2,1,17,A01
200800048287,0,7,0,0,2,1,15,B02
200800048288,0,7,0,0,0,7,15,A01
200800048288,0,33,0,0,0,3,18,B02
200800048289,0,7,0,0,2,3,1,A01
200800048289,0,7,0,0,2,3,1,B02
200800048290,0,7,0,0,2,2,15,A01
200800048290,0,2,0,0,2,1,1,B02
200800048291,0,30,0,0,2,2,13,A01
200800048291,0,7,0,0,9,3,1,B02
200800048292,0,7,0,0,2,2,15,A01
200800048292,0,7,0,0,2,1,1,B02
200800048293,0,10,0,3,0,8,13,A01
200800048294,0,15,0,0,0,7,1,A01
200800048294,0,30,0,0,2,1,16,B02
200800048295,0,7,0,8,0,7,17,A01
200800048296,0,7,0,0,2,3,2,A01
200800048296,0,10,0,0,2,5,15,B02
200800048297,0,30,0,0,2,1,1,A01
200800048297,0,30,0,0,2,1,1,B02
200800048298,0,31,0,0,0,2,1,A01
200800048298,0,7,0,0,0,3,15,B02
200800048299,0,7,0,0,9,3,15,A01
200800048299,0,1,0,0,0,6,1,B02
200800048300,0,7,0,0,1,2,1,A01
200800048301,0,1,0,0,0,1,1,A01
200800048301,0,7,0,0,0,3,9,B02
200800048302,0,33,0,2,0,1,1,A01
200800048303,0,7,0,2,0,7,1,A01
200800048304,0,7,0,0,2,1,17,A01
200800048304,0,7,0,0,2,3,1,B02
200800048305,0,7,0,0,0,6,15,A01
200800048305,0,33,0,0,2,1,17,B02
200800048306,0,7,0,0,2,2,15,A01
200800048306,0,1,0,0,2,1,1,B02
200800048307,0,1,0,0,2,8,1,A01
200800048307,0,1,0,0,0,8,1,B02
200800048308,0,33,0,0,2,7,21,A01
200800048308,0,7,0,0,2,7,15,B02
200800048309,0,7,0,0,2,1,1,A01
200800048309,0,14,0,0,2,4,23,B02
200800048310,0,99,0,0,2,8,15,A01
200800048310,0,31,0,0,2,1,17,B02
200800048311,0,10,0,0,2,3,1,A01
200800048311,0,30,0,0,2,1,5,B02
200800048312,0,7,0,0,1,2,1,A01
200800048313,0,7,0,6,0,1,14,A01
200800048314,0,7,0,0,2,3,1,B02
200800048314,0,2,0,0,2,3,15,A01
200800048315,0,7,0,0,1,1,1,A01
200800048316,0,7,0,0,2,3,16,A01
200800048316,0,7,0,0,2,1,1,B02
200800048316,0,10,0,0,2,8,1,C03
200800048317,0,7,0,14,0,1,5,A01
200800048318,0,7,0,13,0,7,2,A01
200800048319,0,7,0,0,0,7,1,A01
200800048319,0,1,0,0,2,1,2,B02
200800048320,0,7,0,13,6,1,1,A01
200800048321,0,30,0,0,0,8,1,A01
200800048322,0,7,0,2,2,1,1,A01
200800048323,0,7,0,0,2,3,13,A01
200800048323,0,7,0,0,2,3,1,B02
200800048324,0,14,0,0,9,2,1,A01
200800048324,0,1,0,0,2,8,23,B02
200800048325,0,38,0,0,1,2,2,A01
200800048326,0,7,0,0,2,2,16,A01
200800048326,0,30,0,0,2,8,18,B02
200800048327,0,7,0,0,2,2,1,A01
200800048327,0,33,0,0,2,3,13,B02
200800048328,0,7,0,0,2,3,19,A01
200800048328,0,31,0,0,2,1,21,B02
200800048329,0,7,0,8,0,9,21,A01
200800048330,0,7,0,0,2,3,19,A01
200800048330,0,31,0,0,2,1,1,B02
200800048331,0,10,0,0,2,1,13,A01
200800048331,0,7,0,0,2,1,1,B02
200800048332,0,7,0,0,4,7,1,A01
200800048332,0,39,0,0,2,1,1,B02
200800048333,0,7,0,0,2,1,15,A01
200800048333,0,30,0,0,2,1,13,B02
200800048334,0,7,0,0,0,8,15,A01
200800048334,0,33,0,0,2,1,1,B02
200800048335,0,99,0,0,2,2,11,A01
200800048335,0,99,0,0,2,3,1,B02
200800048336,0,7,0,2,2,1,17,A01
200800048336,0,7,0,0,2,3,15,B02
200800048337,0,7,0,0,2,6,10,A01
200800048337,0,34,0,0,2,2,2,B02
200800048338,0,33,0,16,0,9,1,A01
200800048339,0,7,0,0,0,0,0,A01
200800048339,0,7,0,0,2,3,1,B02
200800048340,0,33,0,13,0,1,1,A01
200800048341,0,7,0,0,2,3,1,A01
200800048341,0,31,0,0,2,1,1,B02
200800048342,0,33,0,0,2,1,17,A01
200800048342,0,17,0,0,2,3,15,B02
200800048343,0,7,0,0,2,6,1,A01
200800048343,0,33,0,0,2,1,1,B02
200800048344,0,7,0,0,0,2,0,A01
200800048345,0,21,0,0,2,6,1,A01
200800048345,0,2,0,0,2,1,1,B02
200800048346,0,1,0,0,1,1,1,A01
200800048347,0,10,0,0,0,9,1,A01
200800048348,0,7,0,13,0,2,14,A01