Num_Acc,senc,catv,occutc,obs,obsm,choc,manv,num_veh
200800048349,0,2,0,0,2,1,13,A01
200800048349,0,7,0,0,2,3,21,B02
200800048349,0,7,0,0,2,2,2,C03
200800048349,0,17,0,0,2,6,1,D04
200800048350,0,7,0,0,0,9,1,A01
200800048351,0,7,0,13,0,2,1,A01
200800048352,0,7,0,13,0,1,1,A01
200800048353,0,33,0,0,2,7,21,A01
200800048353,0,7,0,0,2,6,13,B02
200800048354,0,2,0,16,0,3,1,A01
200800048355,0,7,0,2,0,1,1,A01
200800048356,0,7,0,13,0,1,1,A01
200800048357,0,2,0,0,0,8,19,A01
200800048357,0,7,0,0,0,3,1,B02
200800048358,0,7,0,0,2,1,13,A01
200800048358,0,17,0,0,2,1,1,B02
200800048359,0,7,0,8,0,9,0,A01
200800048360,0,7,0,0,2,1,1,A01
200800048360,0,7,0,0,2,8,1,B02
200800048361,0,7,0,8,0,1,1,A01
200800048362,0,2,0,0,2,1,1,A01
200800048362,0,7,0,0,2,2,15,B02
200800048363,0,1,0,0,1,1,1,A01
200800048364,0,7,0,0,1,2,1,A01
200800048365,0,31,0,0,2,1,1,A01
200800048365,0,20,0,0,2,2,1,B02
200800048366,0,7,0,0,2,1,1,A01
200800048366,0,7,0,0,2,7,19,B02
200800048367,0,7,0,0,0,9,1,A01
200800048368,0,7,0,0,2,1,2,A01
200800048368,0,2,0,0,0,4,2,B02
200800048369,0,1,0,0,0,4,1,A01
200800048369,0,1,0,0,0,4,1,B02
200800048369,0,7,0,0,0,2,0,C03
200800048370,0,7,0,2,0,2,1,A01
200800048371,0,17,0,0,2,1,1,A01
200800048371,0,7,0,6,2,6,1,B02
200800048372,0,7,0,13,0,1,1,A01
200800048373,0,7,0,0,2,1,1,A01
200800048373,0,7,0,0,2,1,15,B02
200800048374,0,7,0,0,0,1,15,A01
200800048374,0,33,0,0,0,8,1,B02
200800048375,0,7,0,0,2,1,15,A01
200800048375,0,30,0,0,2,8,1,B02
200800048376,0,7,0,0,2,7,13,A01
200800048376,0,7,0,0,2,1,1,B02
200800048377,0,7,0,0,9,1,1,A01
200800048377,0,1,0,0,2,8,19,B02
200800048378,0,7,0,0,1,3,1,A01
200800048379,0,33,0,0,2,2,13,A01
200800048379,0,38,0,0,2,2,0,B02
200800048380,0,10,0,0,2,3,13,A01
200800048380,0,10,0,0,2,3,1,B02
200800048381,0,7,0,0,2,1,1,A01
200800048381,0,7,0,0,2,7,19,B02
200800048382,0,7,0,0,9,1,1,A01
200800048382,0,30,0,0,2,8,19,B02
200800048383,0,7,0,13,0,9,14,A01
200800048384,0,30,0,12,0,2,1,A01
200800048385,0,7,0,0,2,8,10,A01
200800048385,0,7,0,0,2,1,1,B02
200800048386,0,21,0,0,2,3,1,A01
200800048387,0,7,0,13,0,3,1,A01
200800048388,0,7,0,0,2,6,19,A01
200800048388,0,33,0,0,2,1,1,B02
200800048389,0,7,0,0,2,3,19,A01
200800048389,0,33,0,0,2,1,1,B02
200800048390,0,7,0,0,0,0,0,A01
200800048390,0,21,0,0,2,4,2,B02
200800048391,0,7,0,0,2,3,15,A01
200800048391,0,7,0,0,2,1,1,B02
200800048392,0,7,0,8,0,1,1,A01
200800048393,0,7,0,13,0,3,1,A01
200800048394,0,7,0,13,0,3,13,A01
200800048395,0,7,0,13,0,3,1,A01
200800048396,0,7,0,0,2,2,17,A01
200800048396,0,31,0,0,2,4,16,B02
200800048397,0,33,0,0,2,1,17,A01
200800048397,0,7,0,0,2,8,15,B02
200800048398,0,7,0,0,2,1,1,A01
200800048398,0,30,0,0,2,8,15,B02
200800048399,0,10,0,0,0,4,15,A01
200800048399,0,31,0,0,2,1,1,B02
200800048400,0,7,0,0,2,3,15,A01
200800048400,0,7,0,15,1,3,1,B02
200800048401,0,7,0,0,2,7,13,A01
200800048401,0,3,0,0,2,1,1,B02
200800048402,0,32,0,0,0,1,1,A01
200800048403,0,20,0,0,2,4,4,A01
200800048403,0,1,0,0,2,1,1,B02
200800048404,0,7,0,0,2,2,15,A01
200800048404,0,1,0,0,2,1,21,B02
200800048405,0,2,0,0,2,8,10,A01
200800048405,0,3,0,0,2,2,1,B02
200800048406,0,7,0,0,2,1,15,A01
200800048406,0,7,0,0,2,1,1,B02
200800048406,0,7,0,0,2,1,23,C03
200800048407,0,7,0,0,2,1,5,A01
200800048407,0,7,0,0,2,1,1,B02
200800048408,0,7,0,13,0,1,19,A01
200800048409,0,7,0,0,1,2,17,A01
200800048410,0,7,0,8,0,6,1,A01
200800048411,0,7,0,0,2,1,17,A01
200800048411,0,30,0,0,2,1,1,B02
200800048412,0,7,0,0,2,2,19,A01
200800048412,0,30,0,0,2,1,1,B02
200800048413,0,7,0,0,0,3,1,A01
200800048414,0,1,0,0,2,7,19,A01
200800048414,0,7,0,0,2,1,1,B02
200800048415,0,7,0,0,2,2,13,A01
200800048415,0,7,0,0,2,6,1,B02
200800048415,0,7,0,0,2,1,17,C03
200800048416,0,7,0,6,0,3,1,A01
200800048417,0,33,0,13,0,0,14,A01
200800048418,0,7,0,0,2,2,15,A01
200800048418,0,7,0,0,2,1,1,B02
200800048419,0,99,0,0,5,0,1,A01
200800048419,0,99,0,0,5,1,1,B02
200800048420,0,7,0,1,0,2,2,A01
200800048420,0,7,0,0,0,4,23,B02
200800048421,0,33,0,0,2,0,1,A01
200800048421,0,99,0,0,0,4,1,B02
200800048422,0,33,0,0,2,3,1,A01
200800048422,0,21,0,0,2,3,13,B02
200800048423,0,14,0,0,2,1,15,A01
200800048423,0,2,0,0,2,1,1,B02
200800048424,0,32,0,6,0,1,17,A01
200800048425,0,7,0,0,0,2,13,A01
200800048425,0,33,0,0,2,2,11,B02
200800048426,0,7,0,13,0,7,21,A01
200800048427,0,7,0,0,2,8,17,A01
200800048427,0,33,0,0,2,1,1,B02
200800048428,0,33,0,12,0,1,1,A01
200800048429,0,7,0,0,2,1,23,A01
200800048429,0,7,0,0,0,1,23,B02
200800048429,0,7,0,0,0,1,1,C03
200800048430,0,32,0,0,0,0,1,A01
200800048431,0,7,0,8,0,1,14,A01
200800048432,0,7,0,2,0,1,1,A01
200800048433,0,33,0,2,0,1,1,A01
200800048434,0,10,0,6,0,1,1,A01
200800048435,0,7,0,3,0,6,1,A01
200800048436,0,7,0,0,2,1,13,A01
200800048436,0,7,0,0,2,1,1,B02
200800048437,0,7,0,0,2,8,15,A01
200800048437,0,33,0,0,2,1,17,B02
200800048438,0,7,0,1,0,2,1,A01
200800048438,0,7,0,0,2,6,0,B02
200800048439,0,33,0,0,2,7,13,A01
200800048439,0,7,0,0,2,2,15,B02
200800048440,0,7,0,0,0,8,15,A01
200800048440,0,14,0,0,2,3,1,B02
200800048441,0,31,0,12,0,1,14,A01
200800048442,0,30,0,0,2,1,1,A01
200800048442,0,10,0,2,2,3,17,B02
200800048443,0,33,0,16,0,2,2,A01
200800048444,0,33,0,14,0,1,2,A01
200800048444,0,33,0,0,0,4,1,B02
200800048445,0,7,0,0,2,3,15,A01
200800048445,0,30,0,0,2,1,1,B02
200800048446,0,7,0,8,0,3,0,A01
200800048447,0,7,0,13,0,9,21,A01
200800048448,0,7,0,2,0,1,13,A01
200800048449,0,33,0,0,0,0,2,A01
200800048450,0,35,0,0,0,0,2,A01
200800048451,0,7,0,2,0,3,1,A01
200800048452,0,7,0,0,0,0,1,A01
200800048453,0,7,0,0,2,5,13,A01
200800048453,0,7,0,0,2,1,1,B02
200800048454,0,7,0,16,0,2,1,A01
200800048455,0,7,0,13,0,9,21,A01
200800048456,0,10,0,0,2,7,20,A01
200800048456,0,33,0,0,2,1,1,B02
200800048457,0,7,0,0,2,2,15,A01
200800048457,0,30,0,0,2,1,16,B02
200800048458,0,7,0,3,0,9,1,A01
200800048459,0,7,0,0,2,4,23,A01
200800048459,0,7,0,0,2,1,2,B02
200800048460,0,7,0,0,1,3,15,A01
200800048461,0,7,0,0,2,3,13,A01
200800048461,0,7,0,0,2,3,1,B02
200800048462,0,7,0,0,2,3,13,A01
200800048462,0,7,0,0,2,3,1,B02
200800048463,0,7,0,0,2,3,13,A01
200800048463,0,7,0,0,2,3,1,B02
200800048464,0,7,0,13,0,3,1,A01
200800048465,0,33,0,2,0,1,1,A01
200800048466,0,7,0,0,0,8,19,A01
200800048466,0,7,0,0,2,1,1,B02
200800048467,0,7,0,0,1,1,16,A01
200800048468,0,10,0,0,1,1,15,A01
200800048469,0,7,0,2,0,1,17,A01
200800048470,0,30,0,0,2,1,13,A01
200800048470,0,7,0,0,2,1,0,B02
200800048471,0,33,0,0,2,1,1,A01
200800048471,0,33,0,0,0,4,1,B02
200800048471,0,7,0,0,0,6,1,C03
200800048472,0,7,0,0,2,4,4,A01
200800048472,0,30,0,0,2,8,1,B02
200800048473,0,7,0,0,9,3,1,A01
200800048474,0,7,0,0,2,3,19,A01
200800048474,0,33,0,0,2,1,17,B02
200800048475,0,33,0,0,0,1,1,A01
200800048476,0,7,0,2,0,1,14,A01
200800048477,0,7,0,0,2,1,13,A01
200800048477,0,7,0,0,2,3,1,B02
200800048478,0,7,0,0,2,1,1,A01
200800048478,0,7,0,0,0,2,23,B02
200800048479,0,7,0,2,0,1,13,A01
200800048480,0,7,0,6,0,3,19,A01
200800048481,0,33,0,13,0,1,1,A01
200800048482,0,7,0,0,0,3,19,A01
200800048483,0,7,0,0,2,1,1,A01
200800048483,0,7,0,0,2,1,1,B02
200800048484,0,7,0,0,1,1,1,A01
200800048485,0,7,0,13,0,1,19,A01
200800048485,0,7,0,0,9,3,0,B02
200800048486,0,7,0,2,0,7,14,A01
200800048487,0,7,0,6,6,1,1,A01
200800048488,0,33,0,0,2,1,2,A01
200800048488,0,7,0,0,0,6,2,B02
200800048489,0,7,0,2,0,1,1,A01
200800048490,0,7,0,0,2,2,15,A01
200800048490,0,7,0,0,2,3,1,B02
200800048491,0,7,0,0,2,2,23,A01
200800048491,0,1,0,0,2,1,1,B02
200800048492,0,33,0,0,9,1,17,A01
200800048492,0,1,0,0,0,6,13,B02
200800048493,0,7,0,1,0,1,1,A01
200800048493,0,21,0,0,2,3,23,B02
200800048494,0,31,0,0,0,0,1,A01
200800048495,0,30,0,0,2,1,1,A01
200800048495,0,7,0,0,0,8,1,B02
200800048496,0,30,0,8,2,4,1,A01
200800048497,0,7,0,0,2,1,1,A01
200800048497,0,30,0,0,2,3,19,B02
200800048498,0,7,0,0,2,5,10,A01
200800048498,0,2,0,0,2,1,1,B02
200800048499,0,2,0,0,2,1,2,A01
200800048499,0,2,0,0,2,4,2,B02
200800048500,0,7,0,6,2,1,1,A01
200800048501,0,31,0,0,2,8,1,A01
200800048501,0,1,0,0,2,7,1,B02
200800048502,0,14,0,0,1,2,1,A01
200800048503,0,7,0,0,2,1,1,A01
200800048503,0,7,0,0,2,1,1,B02
200800048504,0,7,0,0,9,2,2,A01
200800048504,0,1,0,0,2,4,13,B02
200800048505,0,7,0,0,2,3,20,A01
200800048505,0,2,0,0,2,5,17,B02
200800048506,0,7,0,0,2,6,10,A01
200800048506,0,33,0,0,2,1,1,B02
200800048506,0,7,0,0,2,3,1,C03
200800048507,0,10,0,0,1,8,1,A01
200800048508,0,10,0,13,0,9,16,A01
200800048509,0,1,0,0,0,0,1,A01
200800048510,0,7,0,2,0,3,1,A01
200800048511,0,7,0,0,2,2,15,A01
200800048511,0,7,0,0,2,5,1,B02
200800048512,0,7,0,0,2,3,1,A01
200800048512,0,10,0,0,2,3,13,B02
200800048513,0,10,0,0,2,8,15,A01
200800048513,0,30,0,0,2,1,1,B02
200800048514,0,7,0,0,2,3,15,A01
200800048514,0,7,0,0,2,3,1,B02
200800048515,0,10,0,0,0,0,0,A01
200800048516,0,7,0,13,0,3,1,A01
200800048517,0,7,0,0,2,3,15,A01
200800048517,0,7,0,0,2,3,1,B02
200800048517,0,7,0,0,2,3,23,C03
200800048518,0,10,0,0,1,2,1,A01
200800048519,0,10,0,0,2,3,13,A01
200800048519,0,21,0,0,0,0,1,B02
200800048520,0,14,0,2,0,2,13,A01
200800048521,0,7,0,0,2,1,1,A01
200800048521,0,33,0,0,2,8,1,B02
200800048521,0,7,0,0,2,1,23,C03
200800048521,0,7,0,0,2,1,23,D04
200800048522,0,33,0,0,0,8,1,A01
200800048522,0,7,0,0,0,1,9,B02
200800048523,0,33,0,0,0,8,15,A01
200800048524,0,7,0,0,2,8,10,A01
200800048524,0,33,0,0,2,1,1,B02
200800048525,0,2,0,0,0,0,18,A01
200800048526,0,34,0,15,0,1,1,A01
200800048527,0,7,0,0,0,2,15,A01
200800048527,0,7,0,0,0,3,1,B02
200800048528,0,10,0,13,0,8,16,A01
200800048529,0,7,0,2,0,8,1,A01
200800048530,0,7,0,6,0,1,13,A01
200800048531,0,7,0,0,2,3,19,A01
200800048531,0,2,0,0,2,1,1,B02
200800048532,0,31,0,10,0,1,1,A01
200800048533,0,2,0,0,2,1,1,A01
200800048533,0,7,0,0,2,4,1,B02
200800048534,0,7,0,2,0,3,1,A01
200800048535,0,7,0,0,0,7,0,A01
200800048536,0,7,0,3,2,7,13,A01
200800048536,0,7,0,0,2,1,1,B02
200800048537,0,7,0,0,2,6,13,A01
200800048537,0,17,0,0,2,3,21,B02
200800048538,0,7,0,0,2,5,13,A01
200800048538,0,7,0,0,2,1,1,B02
200800048539,0,7,0,12,0,2,1,A01
200800048540,0,7,0,0,2,2,17,A01
200800048540,0,7,0,0,2,6,1,B02
200800048541,0,7,0,0,2,2,1,A01
200800048541,0,1,0,0,2,1,19,B02
200800048542,0,7,0,0,1,5,2,A01
200800048543,0,7,0,0,2,3,17,A01
200800048543,0,7,0,0,2,3,1,B02
200800048543,0,10,0,0,2,6,1,C03
200800048544,0,10,0,0,2,1,1,B02
200800048544,0,7,0,0,2,8,1,A01
200800048545,0,7,0,0,2,1,13,A01
200800048545,0,7,0,0,2,1,1,B02
200800048546,0,7,0,13,0,2,1,A01
200800048547,0,7,0,0,1,1,1,A01
200800048548,0,33,0,0,0,8,1,A01
200800048549,0,7,0,0,2,3,15,A01
200800048549,0,7,0,0,2,1,1,B02
200800048550,0,7,0,0,2,9,1,A01
200800048550,0,7,0,0,2,2,1,B02
200800048551,0,7,0,0,2,1,2,A01
200800048551,0,7,0,0,0,4,15,B02
200800048552,0,7,0,0,0,3,1,A01
200800048553,0,7,0,2,0,1,14,A01
200800048554,0,33,0,0,0,0,13,A01
200800048554,0,17,0,0,9,2,1,B02
200800048555,0,7,0,0,0,8,19,A01
200800048555,0,31,0,0,2,1,1,B02
200800048556,0,7,0,0,0,0,0,A01
200800048556,0,15,0,0,0,0,1,B02
200800048557,0,30,0,16,0,1,1,A01
200800048558,0,7,0,0,2,3,17,A01
200800048558,0,7,0,0,2,3,1,B02
200800048558,0,7,0,0,2,8,1,C03
200800048559,0,15,0,0,2,0,0,A01
200800048559,0,7,0,0,2,1,13,B02
200800048559,0,7,0,0,2,1,1,C03
200800048560,0,7,0,0,2,2,13,A01
200800048560,0,7,0,0,2,1,1,B02
200800048561,0,7,0,0,0,0,0,A01
200800048561,0,17,0,0,0,6,2,B02
200800048562,0,7,0,0,2,7,13,A01
200800048562,0,10,0,0,2,1,1,B02
200800048563,0,7,0,0,2,3,13,A01
200800048563,0,7,0,0,2,3,1,B02
200800048564,0,7,0,2,0,1,13,A01
200800048565,0,10,0,0,2,7,1,A01
200800048565,0,2,0,0,2,8,16,B02
200800048566,0,7,0,0,2,3,1,A01
200800048566,0,10,0,0,2,3,1,B02
200800048567,0,7,0,0,2,2,15,A01
200800048567,0,31,0,0,2,1,15,B02
200800048568,0,7,0,0,1,2,1,A01
200800048569,0,14,0,0,2,3,1,A01
200800048569,0,20,0,0,2,3,13,B02
200800048570,0,7,0,0,2,7,13,A01
200800048570,0,7,0,0,2,1,1,B02
200800048571,0,7,0,0,0,1,14,A01
200800048572,0,7,0,2,0,1,1,A01
200800048573,0,33,0,0,2,1,2,A01
200800048573,0,7,0,0,2,6,2,B02
200800048573,0,33,0,0,2,1,5,C03
200800048573,0,33,0,0,2,8,5,D04
200800048574,0,7,0,13,0,2,13,A01
200800048575,0,33,0,0,2,7,13,A01
200800048575,0,7,0,0,2,3,1,B02
200800048576,0,7,0,0,2,1,13,A01
200800048576,0,7,0,0,2,1,1,B02
200800048577,0,7,0,13,0,3,13,A01
200800048578,0,17,0,0,0,7,0,A01
200800048579,0,7,0,2,0,2,13,A01
200800048580,0,7,0,13,0,2,14,A01
200800048581,0,2,0,0,2,8,1,B02
200800048581,0,10,0,0,2,1,1,A01
200800048582,0,7,0,0,2,1,15,A01
200800048582,0,2,0,0,2,1,1,B02
200800048583,0,31,0,0,2,1,1,A01
200800048583,0,10,0,0,2,2,19,B02
200800048584,0,33,0,6,0,1,0,A01
200800048585,0,7,0,10,0,1,0,A01
200800048586,0,14,0,10,0,7,1,A01
200800048587,0,15,0,0,1,2,2,A01
200800048588,0,7,0,13,0,2,14,A01
200800048589,0,7,0,0,2,3,1,B02
200800048589,0,1,0,0,2,1,16,A01
200800048590,0,7,0,0,2,3,1,A01
200800048590,0,2,0,0,2,1,1,B02
200800048591,0,7,0,0,0,0,1,A01
200800048592,0,7,0,0,2,1,1,B02
200800048592,0,7,0,0,2,7,19,A01
200800048593,0,7,0,0,0,6,19,A01
200800048593,0,7,0,0,0,3,1,B02
200800048594,0,7,0,0,0,4,1,A01
200800048594,0,7,0,0,2,1,1,B02
200800048594,0,7,0,0,2,1,1,C03
200800048595,0,7,0,6,0,3,1,A01
200800048596,0,7,0,0,2,1,1,A01
200800048596,0,7,0,0,2,3,1,B02
200800048597,0,7,0,0,1,1,1,A01
200800048598,0,7,0,0,1,1,9,A01
200800048599,0,1,0,0,2,6,9,A01
200800048599,0,10,0,0,2,2,1,B02
200800048600,0,33,0,9,0,7,1,A01
200800048601,0,30,0,0,0,0,1,A01
200800048602,0,7,0,0,2,1,17,A01
200800048602,0,7,0,0,2,1,1,B02
200800048603,0,7,0,13,0,1,1,A01
200800048604,0,7,0,0,2,1,17,A01
200800048604,0,7,0,0,2,1,1,B02
200800048605,0,10,0,0,2,1,15,A01
200800048605,0,31,0,0,2,1,1,B02
200800048606,0,7,0,3,2,3,1,A01
200800048606,0,7,0,0,2,3,13,B02
200800048607,0,33,0,0,6,1,21,A01
200800048608,0,30,0,0,9,1,1,A01
200800048608,0,1,0,0,2,2,2,B02
200800048609,0,7,0,0,2,1,13,A01
200800048609,0,7,0,0,2,3,1,B02
200800048610,0,31,0,0,2,1,1,A01
200800048610,0,21,0,0,2,3,1,B02
200800048611,0,7,0,11,0,0,1,A01
200800048612,0,33,0,0,0,8,1,A01
200800048613,0,7,0,0,2,2,1,A01
200800048613,0,30,0,0,2,3,6,B02
200800048614,0,33,0,0,0,3,13,A01
200800048615,0,7,0,8,0,1,1,A01
200800048616,0,7,0,0,2,8,1,A01
200800048616,0,7,0,0,2,1,1,B02
200800048617,0,33,0,0,2,8,13,A01
200800048617,0,7,0,0,2,3,1,B02
200800048618,0,7,0,0,2,3,13,A01
200800048618,0,38,0,0,2,3,1,B02
200800048619,0,7,0,2,0,1,1,A01
200800048620,0,7,0,2,0,5,1,A01
200800048621,0,33,0,0,2,1,17,A01
200800048621,0,7,0,0,2,6,15,B02
200800048621,0,7,0,0,1,1,5,C03
200800048621,0,7,0,0,0,0,2,D04
200800048622,0,2,0,0,1,1,17,A01
200800048623,0,7,0,6,0,2,1,A01
200800048624,0,7,0,0,2,2,13,A01
200800048624,0,7,0,0,2,2,1,B02
200800048625,0,7,0,2,0,1,13,A01
200800048626,0,7,0,0,2,1,1,A01
200800048626,0,7,0,0,0,7,19,B02
200800048627,0,7,0,0,2,1,15,A01
200800048627,0,2,0,0,2,1,1,B02
200800048628,0,7,0,0,2,3,13,A01
200800048628,0,7,0,0,2,3,1,B02
200800048629,0,7,0,0,2,1,13,A01
200800048629,0,7,0,0,2,1,1,B02
200800048630,0,33,0,0,2,1,17,A01
200800048630,0,7,0,0,2,6,17,B02
200800048631,0,7,0,0,2,8,13,A01
200800048631,0,10,0,0,2,1,1,B02
200800048632,0,7,0,0,2,8,15,A01
200800048632,0,7,0,0,2,1,17,B02
200800048633,0,17,0,16,2,7,1,A01
200800048633,0,17,0,16,0,2,1,B02
200800048634,0,7,0,0,2,3,1,A01
200800048634,0,7,0,0,2,3,13,B02
200800048635,0,30,0,0,2,1,1,B02
200800048635,0,7,0,0,2,3,19,A01
200800048636,0,7,0,0,1,1,1,A01
200800048637,0,17,0,0,0,0,2,A01
200800048637,0,31,0,0,2,3,21,B02
200800048638,0,7,0,6,0,8,1,A01
200800048639,0,17,0,13,0,7,2,A01
200800048640,0,33,0,0,2,1,1,A01
200800048640,0,10,0,0,2,3,1,B02
200800048641,0,7,0,0,2,7,13,A01
200800048641,0,7,0,0,2,1,1,B02
200800048642,0,7,0,0,2,3,13,A01
200800048642,0,2,0,0,2,1,1,B02
200800048643,0,7,0,0,9,1,13,A01
200800048643,0,17,0,0,2,3,1,B02
200800048644,0,7,0,0,2,1,15,A01
200800048644,0,2,0,0,2,3,1,B02
200800048645,0,2,0,0,0,0,1,A01
200800048646,0,7,0,15,0,8,14,A01
200800048647,0,2,0,13,0,1,1,A01
200800048648,0,7,0,13,0,9,1,A01
200800048649,0,7,0,0,2,1,1,A01
200800048649,0,2,0,0,2,8,19,B02
200800048650,0,17,0,0,1,6,13,A01
200800048651,0,7,0,0,2,3,17,A01
200800048651,0,7,0,0,2,3,1,B02
200800048652,0,7,0,0,2,2,21,A01
200800048652,0,2,0,0,2,1,17,B02
200800048653,0,7,0,0,2,3,15,A01
200800048653,0,2,0,0,2,8,1,B02
200800048654,0,7,0,0,2,3,15,A01
200800048654,0,33,0,0,2,3,21,B02
200800048655,0,7,0,0,2,3,15,A01
200800048655,0,33,0,0,2,8,1,B02
200800048656,0,7,0,0,0,0,21,A01
200800048657,0,14,0,3,0,2,1,A01
200800048658,0,7,0,0,2,4,2,A01
200800048658,0,7,0,0,2,1,2,B02
200800048658,0,14,0,14,0,2,21,C03
200800048659,0,7,0,16,0,3,1,A01
200800048660,0,7,0,0,2,2,1,A01
200800048660,0,7,0,0,0,4,1,B02
200800048661,0,33,0,13,0,1,19,A01
200800048662,0,33,0,0,2,3,13,A01
200800048662,0,7,0,0,2,3,0,B02
200800048663,0,30,0,0,1,2,21,A01
200800048664,0,7,0,13,0,2,1,A01
200800048665,0,30,0,0,0,8,1,A01
200800048666,0,7,0,14,0,1,2,A01
200800048666,0,7,0,0,0,4,1,B02
200800048667,0,7,0,0,2,3,13,A01
200800048667,0,7,0,0,2,3,1,B02
200800048668,0,33,0,0,2,1,1,A01
200800048668,0,7,0,0,2,8,15,B02
200800048669,0,7,0,0,2,3,1,A01
200800048669,0,7,0,0,2,7,19,B02
200800048670,0,10,0,0,2,8,1,A01
200800048670,0,38,31,0,2,3,1,B02
200800048671,0,30,0,0,2,3,16,A01
200800048671,0,7,0,0,2,8,1,B02
200800048672,0,7,0,0,2,2,19,A01
200800048672,0,7,0,0,2,3,1,B02
200800048673,0,30,0,12,0,2,1,A01
200800048674,0,7,0,2,0,3,1,A01
200800048675,0,31,0,0,2,1,1,A01
200800048675,0,7,0,0,2,3,19,B02
200800048676,0,7,0,6,0,1,1,A01
200800048677,0,7,0,3,2,1,1,A01
200800048677,0,7,0,0,2,1,1,B02
200800048678,0,7,0,2,0,3,13,A01
200800048679,0,7,0,0,2,1,5,A01
200800048679,0,7,0,0,2,1,1,B02
200800048680,0,30,0,0,0,7,1,A01
200800048681,0,7,0,0,1,2,1,A01
200800048682,0,7,0,0,1,7,1,A01
200800048683,0,7,0,0,0,3,13,A01
200800048683,0,7,0,8,0,3,21,B02
200800048684,0,7,0,0,2,1,13,A01
200800048684,0,7,0,0,2,1,1,B02
200800048685,0,1,0,0,1,1,1,A01
200800048686,0,30,0,0,2,1,19,A01
200800048686,0,10,0,0,2,2,1,B02
200800048687,0,31,0,0,2,1,1,A01
200800048687,0,99,0,0,2,3,15,B02
200800048688,0,2,0,0,2,1,1,A01
200800048689,0,7,0,0,2,6,19,A01
200800048689,0,33,0,0,2,1,1,B02
200800048690,0,7,0,0,0,0,1,A01
200800048691,0,10,0,0,2,1,15,A01
200800048691,0,30,0,0,2,1,1,B02
200800048692,0,7,0,0,2,8,15,A01
200800048692,0,31,0,0,2,7,17,B02
200800048693,0,10,0,0,2,8,1,A01
200800048693,0,2,0,0,2,3,1,B02
200800048694,0,7,0,0,0,4,15,A01
200800048694,0,33,0,0,2,1,1,B02
200800048695,0,33,0,0,2,1,1,A01
200800048695,0,7,0,0,2,5,15,B02
200800048696,0,7,0,2,0,1,0,A01
200800048697,0,7,0,8,0,1,1,A01
200800048698,0,7,0,0,0,3,15,A01
200800048698,0,33,0,0,0,1,1,B02
200800048699,0,1,0,0,2,8,19,A01
200800048699,0,30,0,0,9,7,1,B02
200800048700,0,33,0,0,2,2,1,A01
200800048700,0,7,0,0,2,2,15,B02
200800048701,0,33,0,0,2,1,1,A01
200800048701,0,7,0,0,0,4,23,B02
200800048702,0,7,0,2,0,8,1,A01
200800048703,0,7,0,0,0,5,1,A01
200800048703,0,2,0,1,2,1,1,B02
200800048704,0,7,0,13,0,2,1,A01
200800048705,0,15,0,0,2,2,1,A01
200800048705,0,7,0,3,2,7,1,B02
200800048706,0,7,0,0,2,3,13,A01
200800048706,0,7,0,0,2,3,1,B02
200800048707,0,7,0,0,2,2,15,A01
200800048707,0,32,0,0,2,1,1,B02
200800048708,0,33,0,13,0,1,17,A01
200800048708,0,7,0,0,0,0,1,B02
200800048708,0,7,0,0,0,0,17,C03
200800048708,0,7,0,0,0,0,1,D04
200800048709,0,7,0,0,0,1,15,A01
200800048710,0,10,0,6,2,1,17,A01
200800048710,0,21,0,0,2,1,1,B02
200800048710,0,7,0,0,0,3,23,C03
200800048711,0,7,0,0,2,8,1,A01
200800048711,0,7,0,8,2,1,19,B02
200800048712,0,7,0,1,0,1,14,A01
200800048712,0,7,0,0,2,1,24,B02
200800048713,0,7,0,0,1,1,1,A01
200800048714,0,20,0,0,0,5,0,A01
200800048714,0,30,0,0,0,1,1,B02
200800048715,0,33,0,16,0,8,1,A01
200800048716,0,33,0,16,0,7,1,A01
200800048717,0,10,0,2,0,8,1,A01
200800048718,0,7,0,13,0,1,1,A01
200800048719,0,7,0,0,2,3,16,A01
200800048719,0,30,0,0,2,1,1,B02
200800048720,0,7,0,2,0,1,1,A01
200800048721,0,30,0,0,2,1,2,A01
200800048721,0,7,0,0,2,6,2,B02
200800048722,0,2,0,0,2,1,13,A01
200800048722,0,7,0,0,2,2,1,B02
200800048723,0,1,0,0,2,3,19,A01
200800048723,0,10,0,0,2,1,1,B02
200800048724,0,7,0,0,2,1,15,A01
200800048724,0,7,0,0,2,1,1,B02
200800048725,0,7,0,0,2,5,15,A01
200800048725,0,33,0,0,2,1,1,B02
200800048726,0,7,0,0,1,1,13,A01
200800048727,0,7,0,2,0,7,0,A01
200800048728,0,7,0,0,2,1,17,A01
200800048728,0,17,0,0,2,1,21,B02
200800048729,0,7,0,0,2,8,0,A01
200800048729,0,33,0,0,2,3,0,B02
200800048730,0,7,0,0,2,3,15,A01
200800048730,0,7,0,0,2,3,1,B02
200800048731,0,30,0,0,2,7,19,A01
200800048731,0,7,0,0,2,1,1,B02
200800048732,0,7,0,0,2,1,15,A01
200800048732,0,33,0,0,2,1,1,B02
200800048733,0,7,0,0,0,8,16,A01
200800048733,0,2,0,0,2,1,1,B02
200800048734,0,36,0,8,0,1,13,A01
200800048735,0,7,0,0,2,1,5,A01