Num_Acc,senc,catv,occutc,obs,obsm,choc,manv,num_veh
200800048735,0,7,0,0,2,1,1,B02
200800048736,0,7,0,0,2,1,1,A01
200800048736,0,2,0,0,2,8,19,B02
200800048737,0,7,0,0,2,1,13,A01
200800048737,0,33,0,0,2,1,1,B02
200800048738,0,2,0,0,2,1,19,A01
200800048738,0,7,0,0,2,1,1,B02
200800048739,0,7,0,0,0,1,13,A01
200800048739,0,13,0,0,0,1,1,B02
200800048740,0,10,0,0,0,2,14,A01
200800048741,0,7,0,0,2,7,13,A01
200800048741,0,7,0,0,2,1,1,B02
200800048742,0,7,0,0,2,3,1,A01
200800048742,0,21,0,0,2,3,1,B02
200800048743,0,31,0,0,0,1,1,A01
200800048743,0,7,0,0,0,6,10,B02
200800048744,0,7,0,2,0,8,1,A01
200800048745,0,7,0,6,0,3,13,A01
200800048746,0,7,0,0,2,1,1,A01
200800048746,0,7,0,0,2,7,19,B02
200800048747,0,7,0,0,2,1,1,A01
200800048747,0,7,0,0,2,2,15,B02
200800048748,0,7,0,0,2,1,1,A01
200800048748,0,7,0,0,2,2,15,B02
200800048749,0,7,0,0,2,1,1,A01
200800048749,0,7,0,0,2,9,1,B02
200800048750,0,33,0,0,2,1,2,A01
200800048750,0,7,0,0,2,5,19,B02
200800048751,0,99,0,16,2,5,9,A01
200800048751,0,30,0,0,2,1,1,B02
200800048752,0,7,0,0,1,2,1,A01
200800048753,0,7,0,8,0,2,1,A01
200800048754,0,7,0,0,2,3,5,A01
200800048754,0,7,0,0,2,3,1,B02
200800048755,0,7,0,0,1,3,15,A01
200800048756,0,33,0,0,2,1,1,A01
200800048756,0,7,0,0,0,4,1,B02
200800048757,0,7,0,0,2,1,1,A01
200800048757,0,7,0,0,0,5,16,B02
200800048758,0,31,0,0,0,0,1,A01
200800048759,0,7,0,0,2,1,1,A01
200800048759,0,37,0,0,2,2,1,B02
200800048760,0,7,0,0,2,3,15,A01
200800048760,0,2,0,0,2,0,17,B02
200800048761,0,30,0,0,9,1,1,A01
200800048761,0,1,0,0,0,4,1,B02
200800048762,0,7,0,0,2,3,16,A01
200800048762,0,7,0,0,2,3,1,B02
200800048763,0,2,0,0,2,8,19,A01
200800048763,0,7,0,0,2,1,1,B02
200800048763,0,7,0,0,2,3,23,C03
200800048764,0,14,0,0,2,2,15,A01
200800048764,0,30,0,0,2,1,1,B02
200800048765,0,33,0,0,0,1,1,A01
200800048765,0,33,0,0,0,0,0,B02
200800048766,0,7,0,0,2,1,1,A01
200800048766,0,7,0,0,0,4,15,B02
200800048767,0,7,0,0,2,2,19,A01
200800048768,0,7,0,0,0,4,1,A01
200800048768,0,7,0,0,2,1,1,B02
200800048769,0,33,0,7,0,0,1,A01
200800048770,0,31,0,0,2,7,1,A01
200800048770,0,7,0,0,2,3,9,B02
200800048771,0,1,0,0,2,6,1,A01
200800048771,0,7,0,0,9,2,1,B02
200800048772,0,7,0,0,2,4,1,A01
200800048772,0,7,0,0,2,1,2,B02
200800048773,0,7,0,1,0,2,0,A01
200800048773,0,7,0,0,2,6,1,B02
200800048773,0,7,0,0,2,1,0,C03
200800048774,0,7,0,0,2,1,1,C03
200800048774,0,7,0,0,2,2,6,A01
200800048774,0,7,0,0,2,3,2,B02
200800048775,0,7,0,0,2,1,5,A01
200800048775,0,7,0,0,2,1,1,B02
200800048776,0,7,0,0,0,0,0,A01
200800048777,0,10,0,0,0,3,15,A01
200800048777,0,7,0,0,0,3,1,B02
200800048778,0,7,0,0,9,3,1,A01
200800048778,0,1,0,0,2,4,1,B02
200800048779,0,7,0,0,2,1,15,A01
200800048779,0,7,0,0,2,1,1,B02
200800048780,0,7,0,0,0,3,15,B02
200800048780,0,30,0,0,0,2,1,A01
200800048781,0,7,0,0,2,1,1,B02
200800048781,0,7,0,0,2,8,19,A01
200800048782,0,7,0,0,2,3,1,B02
200800048782,0,7,0,0,2,3,1,A01
200800048783,0,7,0,0,2,2,15,A01
200800048783,0,7,0,15,2,3,1,B02
200800048784,0,37,0,0,2,1,1,A01
200800048784,0,7,0,0,2,1,5,B02
200800048785,0,7,0,0,2,2,17,A01
200800048785,0,7,0,0,2,1,1,B02
200800048786,0,7,0,0,2,2,13,A01
200800048786,0,7,0,0,2,1,1,B02
200800048787,0,7,0,0,2,2,1,A01
200800048787,0,2,0,0,2,1,1,B02
200800048788,0,10,0,6,0,2,1,A01
200800048789,0,33,0,14,0,0,1,A01
200800048790,0,7,0,0,2,2,1,A01
200800048790,0,2,0,0,2,8,19,B02
200800048791,0,7,0,0,2,3,8,A01
200800048791,0,7,0,0,2,6,2,B02
200800048792,0,7,0,0,0,5,1,A01
200800048792,0,2,0,0,2,1,2,B02
200800048793,0,31,0,0,2,1,1,A01
200800048793,0,7,0,0,2,3,15,B02
200800048794,0,7,0,0,2,3,1,A01
200800048794,0,21,0,0,2,3,1,B02
200800048795,0,7,0,0,0,1,1,A01
200800048796,0,7,0,0,2,9,1,A01
200800048796,0,17,0,0,2,1,1,B02
200800048796,0,7,0,0,2,1,1,C03
200800048796,0,7,0,0,2,0,1,D04
200800048797,0,7,0,0,0,7,1,B02
200800048797,0,7,0,0,2,1,15,A01
200800048798,0,7,0,0,2,3,1,A01
200800048798,0,37,0,0,2,3,1,B02
200800048799,0,7,0,8,2,1,19,A01
200800048799,0,7,0,0,2,1,1,B02
200800048800,0,7,0,0,0,0,15,A01
200800048800,0,31,0,0,0,8,1,B02
200800048801,0,7,0,0,2,2,17,A01
200800048801,0,7,0,0,2,6,1,B02
200800048801,0,15,0,0,2,2,1,C03
200800048802,0,7,0,0,2,7,19,A01
200800048802,0,7,0,0,2,1,1,B02
200800048803,0,7,0,0,1,2,1,A01
200800048804,0,7,0,0,0,2,15,A01
200800048804,0,31,0,0,2,1,1,B02
200800048805,0,7,0,0,2,3,13,A01
200800048805,0,7,0,0,2,3,1,B02
200800048806,0,7,0,8,0,1,14,A01
200800048807,0,7,0,0,2,3,1,A01
200800048807,0,7,0,0,2,1,1,B02
200800048808,0,7,0,0,1,2,11,A01
200800048809,0,7,0,0,2,8,19,A01
200800048809,0,7,0,0,2,1,1,B02
200800048810,0,7,0,0,2,1,13,A01
200800048810,0,7,0,0,2,3,1,B02
200800048811,0,33,0,12,0,1,17,A01
200800048812,0,7,0,0,1,2,1,A01
200800048813,0,7,0,0,2,3,1,B02
200800048813,0,7,0,0,2,1,15,A01
200800048814,0,7,0,0,2,2,15,A01
200800048814,0,7,0,0,2,1,0,B02
200800048815,0,7,0,0,2,7,1,A01
200800048815,0,7,0,0,2,2,1,B02
200800048816,0,7,0,0,2,1,19,A01
200800048816,0,7,0,0,2,8,1,B02
200800048817,0,14,0,0,2,3,13,A01
200800048817,0,14,0,0,2,8,1,B02
200800048818,0,7,0,0,2,1,2,A01
200800048818,0,7,0,0,0,4,2,B02
200800048819,0,7,0,16,0,1,1,A01
200800048820,0,33,0,6,0,1,1,A01
200800048821,0,33,0,0,5,1,1,A01
200800048822,0,7,0,13,0,5,14,A01
200800048823,0,7,0,0,1,4,4,A01
200800048824,0,7,0,0,0,8,10,A01
200800048824,0,7,0,0,2,2,21,B02
200800048825,0,14,0,0,1,1,1,A01
200800048826,0,7,0,2,0,9,1,A01
200800048827,0,33,0,0,2,1,13,A01
200800048827,0,7,0,0,2,3,1,B02
200800048828,0,2,0,0,2,8,15,A01
200800048828,0,33,0,0,2,1,1,B02
200800048829,0,10,0,0,2,2,1,A01
200800048829,0,1,0,0,2,4,1,B02
200800048830,0,30,0,13,0,1,1,A01
200800048831,0,7,0,0,2,1,19,B02
200800048831,0,7,0,6,2,1,1,A01
200800048832,0,7,0,13,0,1,1,A01
200800048833,0,15,0,8,0,7,1,A01
200800048834,0,30,0,0,0,1,2,A01
200800048834,0,7,0,0,0,6,23,B02
200800048835,0,7,0,0,0,3,13,A01
200800048835,0,7,0,2,0,3,1,B02
200800048836,0,10,0,0,9,7,17,A01
200800048836,0,1,0,0,2,8,1,B02
200800048837,0,7,0,13,0,9,1,A01
200800048838,0,7,0,0,2,1,1,A01
200800048838,0,7,0,0,2,4,15,B02
200800048838,0,7,0,0,2,1,1,C03
200800048839,0,7,0,3,0,6,9,A01
200800048839,0,7,0,0,2,4,9,B02
200800048839,0,7,0,0,2,1,1,C03
200800048839,0,7,0,0,2,8,20,D04
200800048840,0,1,0,0,1,1,1,A01
200800048841,0,2,0,0,2,3,5,A01
200800048841,0,7,0,0,2,3,1,B02
200800048842,0,15,0,0,2,3,13,A01
200800048842,0,7,0,0,2,3,1,B02
200800048843,0,7,0,0,2,5,13,A01
200800048843,0,7,0,0,2,1,2,B02
200800048844,0,33,0,0,2,1,13,A01
200800048844,0,7,0,0,2,3,1,B02
200800048845,0,7,0,0,2,3,13,A01
200800048845,0,7,0,0,2,2,1,B02
200800048846,0,7,0,0,1,2,16,A01
200800048847,0,7,0,0,2,5,13,A01
200800048847,0,7,0,0,2,1,1,B02
200800048848,0,7,0,13,0,3,13,A01
200800048849,0,33,0,14,0,1,1,A01
200800048850,0,2,0,13,0,1,0,A01
200800048851,0,15,0,0,2,1,1,B02
200800048851,0,10,0,0,2,3,11,C03
200800048851,0,7,0,0,2,2,19,A01
200800048852,0,3,0,0,2,7,19,A01
200800048852,0,7,0,0,2,1,1,B02
200800048853,0,15,0,0,2,3,1,A01
200800048853,0,7,0,0,2,8,19,B02
200800048854,0,10,0,16,0,2,1,A01
200800048855,0,7,0,0,1,2,1,A01
200800048856,0,7,0,0,2,1,19,A01
200800048856,0,2,0,0,2,1,1,B02
200800048857,0,2,0,0,2,1,17,B02
200800048857,0,7,0,0,2,8,15,A01
200800048858,0,33,0,13,0,1,16,A01
200800048859,0,10,0,0,2,7,1,A01
200800048859,0,30,0,0,2,1,15,B02
200800048860,0,7,0,0,2,5,11,A01
200800048860,0,30,0,0,2,1,1,B02
200800048861,0,7,0,0,2,6,1,A01
200800048861,0,7,0,6,2,1,1,B02
200800048862,0,30,0,0,2,1,18,A01
200800048862,0,7,0,0,2,2,20,B02
200800048863,0,30,0,0,2,1,2,A01
200800048864,0,7,0,2,0,1,14,A01
200800048865,0,7,0,13,0,3,1,A01
200800048866,0,2,0,0,2,1,2,A01
200800048866,0,7,0,0,0,5,2,B02
200800048867,0,7,0,0,0,3,0,A01
200800048867,0,31,0,0,0,3,0,B02
200800048868,0,7,0,2,0,2,1,A01
200800048869,0,10,0,0,2,3,13,A01
200800048869,0,10,0,0,2,3,1,B02
200800048870,0,7,0,0,2,3,1,B02
200800048870,0,30,0,0,2,1,13,A01
200800048871,0,30,0,0,2,1,1,A01
200800048871,0,7,0,6,2,5,13,B02
200800048872,0,7,0,13,0,2,14,A01
200800048873,0,7,0,13,0,3,1,A01
200800048874,0,7,0,0,2,1,17,A01
200800048874,0,2,0,0,2,4,15,B02
200800048875,0,7,0,0,2,8,19,A01
200800048875,0,7,0,0,2,1,1,B02
200800048876,0,33,0,0,2,1,21,A01
200800048876,0,7,0,0,2,6,19,B02
200800048877,0,7,0,6,0,1,0,A01
200800048878,0,7,0,6,0,7,1,A01
200800048879,0,7,0,0,1,1,1,A01
200800048880,0,33,0,16,0,1,1,A01
200800048881,0,7,0,6,0,8,1,A01
200800048882,0,7,0,0,0,1,1,B02
200800048882,0,7,0,0,0,1,1,A01
200800048883,0,7,0,0,0,5,15,A01
200800048883,0,31,0,0,2,1,1,B02
200800048884,0,7,0,2,0,9,14,A01
200800048885,0,7,0,0,2,7,15,A01
200800048885,0,33,0,0,2,1,1,B02
200800048886,0,7,0,13,0,3,1,A01
200800048887,0,30,0,2,0,1,14,A01
200800048888,0,33,0,0,2,1,17,A01
200800048888,0,7,0,0,2,1,1,B02
200800048889,0,10,0,0,2,3,13,A01
200800048889,0,33,0,0,2,8,1,B02
200800048890,0,10,0,0,2,8,15,A01
200800048890,0,33,0,0,2,1,1,B02
200800048891,0,7,0,0,0,0,15,A01
200800048891,0,7,0,6,0,1,21,B02
200800048892,0,7,0,8,2,9,1,A01
200800048892,0,7,0,0,2,1,1,B02
200800048893,0,30,0,0,2,5,19,A01
200800048894,0,7,0,13,0,1,1,A01
200800048895,0,31,0,13,0,8,1,A01
200800048896,0,7,0,8,0,1,14,A01
200800048897,0,7,0,13,0,7,1,A01
200800048898,0,33,0,0,2,6,1,A01
200800048898,0,7,0,0,2,2,9,B02
200800048899,0,7,0,0,2,1,1,B02
200800048899,0,7,0,0,2,2,19,A01
200800048900,0,7,0,0,2,3,1,A01
200800048900,0,2,0,0,2,7,15,B02
200800048901,0,7,0,2,0,1,1,A01
200800048902,0,2,0,0,2,7,19,A01
200800048902,0,7,0,0,2,1,1,B02
200800048903,0,17,0,13,0,2,1,A01
200800048904,0,30,0,12,0,1,1,A01
200800048905,0,7,0,13,0,1,14,A01
200800048906,0,7,0,13,0,2,1,A01
200800048907,0,7,0,6,0,2,1,A01
200800048908,0,33,0,0,2,5,1,B02
200800048908,0,7,0,0,2,1,15,A01
200800048909,0,33,0,0,2,6,1,B02
200800048909,0,7,0,0,2,1,19,A01
200800048910,0,33,0,12,0,7,1,A01
200800048911,0,7,0,3,0,3,13,A01
200800048911,0,7,0,0,1,3,1,B02
200800048912,0,1,0,0,2,7,13,A01
200800048912,0,7,0,0,2,1,1,B02
200800048913,0,10,0,0,2,5,15,A01
200800048913,0,30,0,0,2,1,1,B02
200800048914,0,7,0,0,1,0,1,A01
200800048915,0,99,0,0,1,1,1,A01
200800048916,0,30,0,0,2,1,5,A01
200800048916,0,7,0,0,2,1,1,B02
200800048917,0,7,0,14,0,3,1,A01
200800048917,0,21,0,0,0,6,1,B02
200800048918,0,2,0,1,0,2,1,A01
200800048918,0,7,0,0,0,2,24,B02
200800048919,0,7,0,0,2,7,17,A01
200800048919,0,2,0,0,2,8,0,B02
200800048920,0,7,0,2,0,1,1,A01
200800048921,0,30,0,0,2,5,0,A01
200800048921,0,7,0,0,2,3,0,B02
200800048922,0,2,0,13,0,8,1,A01
200800048923,0,10,0,0,2,3,1,A01
200800048923,0,10,0,0,2,3,1,B02
200800048924,0,7,0,6,0,8,1,A01
200800048925,0,33,0,0,2,1,13,A01
200800048925,0,13,0,0,2,3,1,B02
200800048926,0,31,0,0,1,7,1,A01
200800048927,0,7,0,6,0,1,13,A01
200800048928,0,33,0,0,2,1,1,A01
200800048928,0,7,0,0,2,2,15,B02
200800048929,0,7,0,0,2,8,19,A01
200800048929,0,7,0,0,2,1,1,B02
200800048930,0,33,0,0,2,7,1,B02
200800048930,0,17,0,0,0,1,23,C03
200800048930,0,3,0,0,2,2,19,A01
200800048931,0,14,0,0,2,3,1,A01
200800048931,0,7,0,0,2,7,9,B02
200800048932,0,7,0,0,1,1,15,A01
200800048933,0,7,0,0,2,0,1,A01
200800048933,0,7,0,0,2,2,0,B02
200800048934,0,10,0,0,2,3,1,A01
200800048934,0,7,0,0,2,3,1,B02
200800048934,0,7,0,0,2,7,1,C03
200800048935,0,7,0,0,2,3,15,A01
200800048935,0,1,0,0,2,1,1,B02
200800048936,0,7,0,0,2,1,1,A01
200800048936,0,7,0,0,0,4,1,B02
200800048937,0,30,0,0,2,1,1,A01
200800048937,0,7,0,0,2,3,21,B02
200800048938,0,1,0,0,2,1,0,A01
200800048938,0,7,0,0,0,2,6,B02
200800048939,0,33,0,0,2,3,13,A01
200800048939,0,7,0,0,2,3,1,B02
200800048940,0,7,0,13,0,9,1,A01
200800048941,0,7,0,0,0,0,15,A01
200800048941,0,33,0,0,2,0,1,B02
200800048942,0,37,0,0,0,3,15,A01
200800048942,0,33,0,0,2,1,0,B02
200800048943,0,7,0,0,1,3,1,A01
200800048943,0,7,0,0,1,2,1,B02
200800048944,0,33,0,0,2,1,5,A01
200800048944,0,37,0,0,2,3,14,B02
200800048945,0,7,0,0,0,5,15,A01
200800048945,0,33,0,14,0,1,2,B02
200800048946,0,32,0,0,0,0,14,A01
200800048947,0,7,0,2,0,3,1,A01
200800048948,0,7,0,0,2,7,15,A01
200800048948,0,33,0,0,2,8,1,B02
200800048949,0,7,0,0,2,1,1,B02
200800048949,0,7,0,0,2,7,1,A01
200800048950,0,30,0,0,2,1,1,A01
200800048950,0,7,0,0,0,6,1,B02
200800048951,0,10,0,0,2,2,20,A01
200800048951,0,2,0,0,2,1,1,B02
200800048952,0,7,0,0,2,1,13,A01
200800048952,0,7,0,0,2,2,1,B02
200800048953,0,31,0,15,0,1,1,A01
200800048954,0,7,0,6,0,9,14,A01
200800048955,0,7,0,0,2,2,13,A01
200800048955,0,7,0,0,2,7,1,B02
200800048955,0,7,0,0,2,2,1,C03
200800048956,0,7,0,16,0,3,14,A01
200800048957,0,7,0,0,2,2,17,A01
200800048957,0,30,0,0,2,1,1,B02
200800048958,0,10,0,13,0,0,0,A01
200800048959,0,33,0,0,2,1,2,A01
200800048959,0,7,0,0,2,6,15,B02
200800048960,0,7,0,0,1,2,21,A01
200800048961,0,32,0,15,0,7,1,A01
200800048962,0,30,0,0,2,1,5,A01
200800048962,0,7,0,0,2,2,1,B02
200800048963,0,7,0,0,2,7,13,A01
200800048963,0,30,0,0,2,1,1,B02
200800048964,0,7,0,3,0,1,0,A01
200800048965,0,33,0,0,2,1,1,A01
200800048965,0,7,0,0,2,3,15,B02
200800048966,0,33,0,13,0,1,0,A01
200800048967,0,7,0,0,1,1,1,A01
200800048968,0,7,0,0,2,1,13,A01
200800048968,0,7,0,0,2,3,1,B02
200800048969,0,7,0,0,2,1,1,A01
200800048969,0,7,0,0,2,8,1,B02
200800048970,0,33,0,16,9,1,1,A01
200800048971,0,7,0,0,1,3,1,A01
200800048972,0,33,0,0,2,1,14,A01
200800048972,0,7,0,0,0,5,1,B02
200800048973,0,7,0,0,2,2,1,A01
200800048973,0,1,0,0,2,7,19,B02
200800048974,0,7,0,0,2,8,19,A01
200800048974,0,7,0,0,2,1,1,B02
200800048975,0,7,0,0,2,8,15,A01
200800048975,0,33,0,0,2,1,17,B02
200800048976,0,10,0,0,2,2,1,A01
200800048976,0,7,0,10,2,4,1,B02
200800048977,0,33,0,14,0,1,9,A01
200800048977,0,7,0,0,2,6,1,B02
200800048978,0,31,0,14,0,1,13,A01
200800048978,0,7,0,0,2,3,23,B02
200800048979,0,10,0,0,2,1,1,A01
200800048979,0,7,0,0,2,3,1,B02
200800048980,0,7,0,0,2,2,1,B02
200800048980,0,7,0,13,2,3,1,C03
200800048980,0,7,0,0,2,6,6,A01
200800048981,0,31,0,0,2,1,15,B02
200800048981,0,7,0,0,2,7,1,A01
200800048982,0,33,0,3,0,7,1,A01
200800048983,0,31,0,0,2,1,1,A01
200800048983,0,7,0,0,2,1,1,B02
200800048984,0,7,0,0,2,2,2,A01
200800048984,0,20,0,0,0,6,1,B02
200800048985,0,2,0,6,0,2,1,A01
200800048986,0,2,0,0,0,1,1,A01
200800048987,0,2,0,13,0,1,0,A01
200800048988,0,7,0,1,0,1,13,A01
200800048989,0,7,0,0,0,1,15,A01
200800048989,0,7,0,0,0,1,1,B02
200800048990,0,7,0,13,0,3,13,A01
200800048991,0,7,0,0,2,2,1,B02
200800048991,0,7,0,0,2,1,1,A01
200800048992,0,7,0,0,2,1,1,B02
200800048992,0,2,0,0,2,1,19,A01
200800048993,0,7,0,0,4,7,19,A01
200800048993,0,39,0,0,2,1,1,B02
200800048994,0,7,0,0,2,6,11,A01
200800048994,0,2,0,0,2,1,1,B02
200800048995,0,7,0,0,0,0,0,A01
200800048995,0,7,0,0,2,1,1,B02
200800048996,0,30,0,0,0,0,1,A01
200800048997,0,10,0,0,2,8,9,A01
200800048997,0,1,0,0,2,7,1,B02
200800048998,0,7,0,0,2,7,1,A01
200800048998,0,7,0,0,2,8,13,B02
200800048999,0,30,0,16,0,7,1,A01
200800049000,0,7,0,0,2,8,15,A01
200800049000,0,33,0,0,2,1,17,B02
200800049001,0,7,0,6,0,1,1,A01
200800049002,0,10,0,0,2,3,13,A01
200800049002,0,17,0,0,0,3,1,B02
200800049003,0,7,0,0,2,1,1,A01
200800049003,0,7,0,0,0,0,0,B02
200800049004,0,30,0,0,2,1,13,A01
200800049004,0,7,0,0,2,3,1,B02
200800049005,0,7,0,0,0,9,14,A01
200800049006,0,7,0,0,2,4,10,A01
200800049006,0,14,0,0,2,3,1,B02
200800049007,0,33,0,0,2,1,2,A01
200800049007,0,10,0,0,0,4,2,B02
200800049008,0,7,0,13,0,1,1,A01
200800049009,0,7,0,0,2,3,13,A01
200800049009,0,7,0,0,2,3,0,B02
200800049010,0,31,0,8,0,2,14,A01
200800049011,0,7,0,0,2,8,19,A01
200800049011,0,7,0,0,2,1,1,B02
200800049012,0,7,0,6,0,1,1,A01
200800049013,0,7,0,0,2,3,1,A01
200800049013,0,2,0,0,2,1,13,B02
200800049014,0,33,0,0,0,8,1,A01
200800049015,0,17,0,0,0,6,19,A01
200800049015,0,7,0,0,2,3,1,B02
200800049016,0,7,0,0,1,1,1,A01
200800049017,0,7,0,0,0,2,1,A01
200800049018,0,7,0,0,2,2,2,A01
200800049018,0,21,0,0,2,4,2,B02
200800049019,0,7,0,16,0,9,1,A01
200800049020,0,7,0,0,2,3,10,A01
200800049020,0,7,0,0,2,2,1,B02
200800049021,0,7,0,8,0,3,1,A01
200800049022,0,7,0,0,2,7,14,A01
200800049022,0,7,0,0,2,3,23,B02
200800049023,0,33,0,0,2,3,17,A01
200800049023,0,7,0,0,2,4,15,B02
200800049023,0,7,0,0,0,0,1,C03
200800049024,0,10,0,13,0,3,13,A01
200800049025,0,7,0,15,0,3,13,A01
200800049026,0,7,0,13,0,1,17,A01
200800049026,0,7,0,0,9,1,1,B02
200800049026,0,7,0,0,9,1,1,C03
200800049027,0,10,0,0,2,3,15,A01
200800049027,0,31,0,0,2,8,1,B02
200800049028,0,7,0,0,2,6,1,A01
200800049028,0,33,0,0,2,1,1,B02
200800049029,0,7,0,0,9,3,2,A01
200800049029,0,1,0,0,0,4,15,B02
200800049030,0,7,0,13,0,9,1,A01
200800049031,0,7,0,0,2,1,5,A01
200800049031,0,7,0,0,2,2,1,B02
200800049032,0,7,0,0,2,3,13,A01
200800049032,0,7,0,0,2,3,1,B02
200800049033,0,33,0,0,0,7,0,A01
200800049033,0,7,0,0,0,3,0,B02
200800049034,0,10,0,0,2,1,19,B02
200800049034,0,7,0,0,2,8,1,A01
200800049035,0,2,0,0,2,1,1,A01
200800049035,0,7,0,0,2,1,1,B02
200800049036,0,2,0,6,0,1,14,A01
200800049037,0,10,0,0,1,1,16,A01
200800049038,0,13,0,0,0,4,24,A01
200800049038,0,1,0,1,0,1,1,B02
200800049039,0,33,0,0,2,1,21,A01
200800049039,0,15,0,0,0,8,15,B02
200800049040,0,10,0,0,2,8,15,A01
200800049040,0,32,0,0,2,7,1,B02
200800049041,0,7,0,0,2,1,1,B02
200800049041,0,2,0,0,2,8,15,A01
200800049042,0,30,0,0,2,1,1,A01
200800049042,0,7,0,0,2,1,1,B02
200800049043,0,7,0,6,0,2,1,A01
200800049044,0,7,0,0,2,1,1,A01
200800049044,0,30,0,0,2,8,17,B02
200800049044,0,7,0,0,2,4,1,C03
200800049044,0,7,0,0,2,8,1,D04
200800049045,0,30,0,6,0,1,1,A01
200800049046,0,33,0,0,2,1,17,A01
200800049046,0,7,0,0,2,8,15,B02
200800049047,0,30,0,0,2,1,17,A01
200800049047,0,7,0,0,2,3,1,B02
200800049048,0,7,0,0,0,0,2,A01
200800049049,0,33,0,0,0,5,1,A01
200800049050,0,7,0,0,2,1,1,A01
200800049050,0,7,0,0,2,7,19,B02
200800049051,0,33,0,0,2,8,2,A01
200800049051,0,7,0,0,2,7,10,B02
200800049052,0,7,0,0,2,2,1,A01
200800049052,0,2,0,0,2,6,1,B02
200800049053,0,7,0,0,2,2,1,A01
200800049053,0,1,0,0,2,7,19,B02
200800049054,0,7,0,0,2,1,15,A01
200800049054,0,7,0,0,2,1,1,B02
200800049055,0,30,0,16,0,8,1,A01
200800049056,0,7,0,0,2,2,15,A01
200800049056,0,33,0,0,2,1,1,B02
200800049057,0,7,0,2,0,7,1,A01
200800049058,0,10,0,0,2,2,15,B02
200800049058,0,31,0,0,2,7,1,A01
200800049059,0,10,0,0,2,7,15,A01
200800049059,0,33,0,0,2,1,1,B02
200800049060,0,10,0,0,2,1,17,A01
200800049060,0,7,0,0,2,1,21,B02
200800049061,0,7,0,13,0,9,1,A01
200800049062,0,7,0,2,0,3,1,A01
200800049063,0,7,0,1,0,2,1,A01
200800049063,0,15,0,0,0,6,23,B02
200800049064,0,7,0,0,2,3,15,A01
200800049064,0,7,0,0,2,3,1,B02
200800049065,0,7,0,1,0,1,2,A01
200800049065,0,7,0,0,0,4,23,B02
200800049066,0,10,0,13,0,9,1,A01
200800049067,0,7,0,0,2,3,1,B02
200800049067,0,7,0,0,2,5,19,A01
200800049068,0,7,0,1,0,1,1,A01
200800049069,0,7,0,0,9,2,17,A01
200800049069,0,1,0,0,2,0,15,B02
200800049070,0,7,0,0,1,3,1,A01
200800049071,0,7,0,0,2,3,13,A01
200800049071,0,7,0,0,2,3,1,B02
200800049072,0,7,0,8,0,3,0,A01
200800049073,0,7,0,0,2,8,19,A01
200800049073,0,33,0,0,2,1,1,B02
200800049074,0,7,0,2,0,3,1,A01
200800049075,0,7,0,0,2,3,15,A01
200800049075,0,7,0,0,2,3,1,B02
200800049076,0,33,0,0,2,1,1,A01
200800049076,0,7,0,0,2,6,19,B02
200800049077,0,7,0,0,2,4,1,A01
200800049077,0,33,0,0,2,1,1,B02
200800049078,0,7,0,13,0,7,1,A01
200800049079,0,33,0,0,2,1,1,A01
200800049079,0,7,0,0,2,1,5,B02
200800049080,0,7,0,0,2,1,15,A01
200800049080,0,14,0,0,2,2,21,B02
200800049081,0,7,0,6,0,8,13,A01
200800049082,0,7,0,0,1,1,1,A01
200800049083,0,30,0,3,0,8,1,A01
200800049084,0,7,0,0,1,2,1,A01
200800049085,0,2,0,13,0,1,1,A01
200800049086,0,7,0,0,2,3,1,B02
200800049086,0,7,0,0,2,2,1,A01
200800049087,0,17,0,0,0,0,1,A01
200800049088,0,7,0,0,2,3,1,A01
200800049088,0,7,0,0,2,8,1,B02
200800049089,0,7,0,2,0,5,15,A01
200800049090,0,7,0,0,0,8,9,A01
200800049090,0,30,0,0,2,2,2,B02
200800049091,0,36,0,13,0,3,1,A01
200800049092,0,7,0,13,0,2,0,A01
200800049093,0,33,0,12,0,8,1,A01
200800049094,0,7,0,2,0,7,14,A01
200800049095,0,7,0,0,2,2,1,A01
200800049095,0,2,0,0,2,1,1,B02
200800049096,0,7,0,0,2,5,13,A01
200800049096,0,14,0,0,2,1,1,B02
200800049097,0,2,0,6,0,1,1,A01
200800049098,0,7,0,0,0,0,1,A01
200800049099,0,7,0,0,0,5,23,A01
200800049099,0,33,0,1,0,3,1,B02
200800049100,0,33,0,14,2,2,1,A01
200800049100,0,7,0,0,0,0,13,B02
200800049100,0,7,0,0,2,2,23,C03
200800049101,0,7,0,0,2,1,13,A01
200800049101,0,7,0,0,2,1,1,B02
200800049102,0,33,0,0,0,1,1,A01
200800049103,0,10,0,2,0,3,1,A01
200800049104,0,7,0,0,1,5,1,A01
200800049105,0,1,0,0,0,0,0,A01
200800049106,0,10,0,0,2,1,1,B02
200800049106,0,7,0,0,2,3,19,A01
200800049107,0,21,0,0,2,8,19,A01
200800049107,0,33,0,0,2,1,1,B02
200800049108,0,7,0,0,2,3,15,A01
200800049108,0,30,0,0,2,8,5,B02
200800049109,0,7,0,0,2,1,1,A01
200800049109,0,7,0,0,2,1,1,B02
200800049110,0,7,0,11,0,1,1,A01
200800049111,0,7,0,2,0,9,1,A01
200800049112,0,7,0,0,2,3,13,A01