Num_Acc,senc,catv,occutc,obs,obsm,choc,manv,num_veh
200800049112,0,7,0,0,2,3,1,B02
200800049113,0,7,0,0,2,1,13,A01
200800049113,0,7,0,0,2,1,1,B02
200800049114,0,7,0,1,0,2,1,A01
200800049114,0,7,0,0,2,6,23,B02
200800049115,0,15,0,0,9,7,17,A01
200800049115,0,1,0,0,2,8,1,B02
200800049115,0,1,0,0,2,8,1,C03
200800049116,0,30,0,0,2,0,21,A01
200800049116,0,7,0,0,0,0,1,B02
200800049117,0,10,0,0,0,4,15,A01
200800049117,0,33,0,0,2,1,1,B02
200800049117,0,10,0,0,2,3,1,C03
200800049118,0,7,0,1,0,2,12,A01
200800049118,0,10,0,0,0,3,24,B02
200800049119,0,99,0,0,2,3,14,A01
200800049119,0,7,0,0,2,3,1,B02
200800049120,0,34,0,13,0,0,1,A01
200800049121,0,7,0,10,0,3,1,A01
200800049122,0,7,0,0,0,6,2,A01
200800049122,0,30,0,0,2,3,2,B02
200800049123,0,7,0,13,0,7,1,A01
200800049124,0,7,0,0,2,2,13,A01
200800049124,0,7,0,0,2,3,1,B02
200800049125,0,7,0,0,2,1,17,A01
200800049125,0,1,0,0,2,8,15,B02
200800049126,0,7,0,0,2,3,9,A01
200800049126,0,33,0,0,2,1,1,B02
200800049127,0,7,0,0,1,1,16,A01
200800049128,0,14,0,8,0,1,1,A01
200800049129,0,10,0,0,2,1,2,A01
200800049129,0,10,0,0,2,4,2,B02
200800049129,0,10,0,0,2,4,2,C03
200800049130,0,7,0,0,2,3,1,A01
200800049130,0,7,0,0,2,3,1,B02
200800049131,0,14,0,0,1,1,1,A01
200800049132,0,33,0,0,0,8,1,A01
200800049133,0,14,0,2,0,3,1,A01
200800049134,0,7,0,13,0,1,1,A01
200800049135,0,7,0,0,2,2,17,A01
200800049135,0,17,0,0,0,8,15,B02
200800049136,0,7,0,14,0,1,1,A01
200800049137,0,7,0,0,2,3,5,A01
200800049137,0,10,0,0,0,8,1,B02
200800049138,0,7,0,0,0,0,1,A01
200800049139,0,7,0,8,0,1,13,A01
200800049140,0,7,0,0,2,1,13,A01
200800049140,0,7,0,0,2,3,1,B02
200800049141,0,7,0,0,2,8,1,B02
200800049141,0,17,0,0,2,3,1,A01
200800049142,0,7,0,0,2,3,13,A01
200800049142,0,10,0,0,2,3,1,B02
200800049143,0,30,0,0,2,1,1,A01
200800049143,0,10,0,0,2,4,0,B02
200800049144,0,30,0,0,2,1,1,A01
200800049144,0,7,0,0,2,1,19,B02
200800049145,0,7,0,0,0,0,15,A01
200800049145,0,2,0,0,0,1,1,B02
200800049146,0,7,0,0,2,1,15,A01
200800049146,0,7,0,0,2,1,1,B02
200800049147,0,7,0,0,2,1,1,A01
200800049147,0,7,0,0,2,4,1,B02
200800049147,0,7,0,0,0,4,1,C03
200800049148,0,7,0,0,1,0,21,A01
200800049149,0,7,0,0,2,3,1,A01
200800049149,0,30,0,0,2,1,13,B02
200800049150,0,7,0,13,0,1,1,A01
200800049151,0,7,0,6,0,7,13,A01
200800049152,0,7,0,0,2,3,15,B02
200800049152,0,33,0,0,2,2,1,A01
200800049153,0,7,0,2,0,4,1,A01
200800049154,0,7,0,0,2,8,6,A01
200800049154,0,1,0,0,2,7,6,B02
200800049155,0,7,0,2,0,3,1,A01
200800049156,0,31,0,0,0,7,1,A01
200800049157,0,7,0,8,0,1,0,A01
200800049158,0,7,0,0,0,3,14,A01
200800049158,0,7,0,0,2,1,13,B02
200800049159,0,31,0,0,2,1,2,A01
200800049159,0,21,0,0,0,4,2,B02
200800049160,0,7,0,13,0,1,1,A01
200800049161,0,15,0,2,0,7,1,A01
200800049162,0,7,0,8,2,7,17,A01
200800049162,0,7,0,0,0,8,1,B02
200800049163,0,7,0,0,2,3,13,A01
200800049163,0,15,0,0,2,3,1,B02
200800049164,0,33,0,0,2,1,1,A01
200800049164,0,14,0,0,2,3,13,B02
200800049165,0,30,0,0,2,1,13,A01
200800049165,0,7,0,0,2,1,1,B02
200800049166,0,7,0,0,2,3,1,A01
200800049166,0,33,0,0,2,1,17,B02
200800049167,0,7,0,0,2,3,19,A01
200800049167,0,2,0,0,2,3,1,B02
200800049168,0,33,0,0,2,7,2,A01
200800049168,0,7,0,0,2,3,24,B02
200800049169,0,7,0,0,2,3,13,A01
200800049169,0,7,0,0,2,3,14,B02
200800049170,0,33,0,0,2,0,2,A01
200800049170,1,7,0,0,2,3,15,B02
200800049171,0,7,0,13,0,1,1,A01
200800049172,0,7,0,0,2,7,15,A01
200800049172,0,17,0,0,2,2,1,B02
200800049173,0,7,0,0,2,1,13,A01
200800049173,0,1,0,0,2,1,1,B02
200800049174,0,7,0,13,0,9,1,A01
200800049175,0,7,0,0,0,2,19,A01
200800049175,0,2,0,0,0,1,1,B02
200800049176,0,7,0,2,0,3,21,A01
200800049177,0,7,0,0,2,8,9,A01
200800049177,0,1,0,0,2,1,1,B02
200800049178,0,7,0,0,0,1,1,A01
200800049179,0,31,0,0,2,0,2,A01
200800049180,0,2,0,2,0,1,21,A01
200800049181,0,7,0,0,1,3,1,A01
200800049182,0,7,0,0,2,8,1,B02
200800049182,0,7,0,0,2,9,19,A01
200800049183,0,10,0,0,2,1,13,A01
200800049183,0,7,0,0,2,1,1,B02
200800049184,0,7,0,0,0,8,10,A01
200800049184,0,31,0,0,2,1,1,B02
200800049185,0,7,0,2,0,1,1,A01
200800049186,0,7,0,0,2,1,1,A01
200800049186,0,7,0,0,0,7,19,B02
200800049187,0,17,0,0,9,5,17,A01
200800049187,0,1,0,0,0,0,2,B02
200800049188,0,7,0,0,2,3,1,A01
200800049188,0,31,0,0,2,8,17,B02
200800049189,0,7,0,3,0,1,21,A01
200800049190,0,7,0,0,1,1,1,A01
200800049191,0,10,0,0,2,1,1,A01
200800049191,0,30,0,0,2,7,15,B02
200800049192,0,7,0,0,2,1,19,A01
200800049192,0,7,0,0,2,8,1,B02
200800049193,0,7,0,0,2,3,1,A01
200800049193,0,2,0,0,2,1,5,B02
200800049194,0,33,0,0,0,1,2,A01
200800049195,0,33,0,5,0,1,17,A01
200800049196,0,32,0,1,1,1,17,A01
200800049196,0,7,0,0,0,3,24,B02
200800049197,0,15,0,0,2,2,15,A01
200800049197,0,33,0,0,2,1,1,B02
200800049198,0,7,0,6,0,1,1,A01
200800049199,0,2,0,0,2,1,19,A01
200800049199,0,7,0,0,2,3,1,B02
200800049200,0,2,0,0,2,6,15,A01
200800049200,0,7,0,0,2,2,17,B02
200800049201,0,7,0,0,0,6,24,A01
200800049201,0,7,0,1,0,2,2,B02
200800049202,0,1,0,0,5,2,1,A01
200800049202,0,1,0,0,2,1,1,B02
200800049203,0,10,0,0,2,1,1,B02
200800049203,0,3,0,0,2,1,19,A01
200800049204,0,10,0,2,0,2,1,A01
200800049205,0,7,0,0,2,6,2,A01
200800049205,0,7,0,0,2,4,2,B02
200800049206,0,10,0,0,9,2,21,A01
200800049206,0,1,0,0,0,6,1,B02
200800049207,0,7,0,0,2,8,19,A01
200800049207,0,7,0,0,2,1,1,B02
200800049208,0,17,0,0,6,3,21,A01
200800049209,0,7,0,0,0,1,0,A01
200800049209,0,30,0,0,0,8,0,B02
200800049210,0,2,0,0,2,7,19,B02
200800049210,0,7,0,0,9,1,1,A01
200800049211,0,7,0,0,2,0,13,A01
200800049211,0,7,0,0,2,0,21,B02
200800049212,0,7,0,16,0,8,1,A01
200800049213,0,7,0,2,0,8,1,A01
200800049214,0,2,0,0,2,1,1,A01
200800049214,0,7,0,0,2,3,19,B02
200800049215,0,33,0,3,0,7,17,A01
200800049216,0,7,0,13,0,3,1,A01
200800049217,0,33,0,0,5,2,1,A01
200800049218,0,7,0,0,0,8,10,A01
200800049218,0,7,0,0,0,3,2,B02
200800049219,0,7,0,0,2,3,13,A01
200800049219,0,7,0,0,2,8,1,B02
200800049220,0,31,0,6,0,7,2,A01
200800049221,0,7,0,13,0,1,13,A01
200800049222,0,7,0,13,0,4,13,A01
200800049223,0,7,0,0,2,1,15,A01
200800049223,0,1,0,0,2,3,1,B02
200800049224,0,30,0,0,2,1,13,A01
200800049224,0,7,0,0,2,3,1,B02
200800049225,0,7,0,0,2,3,15,A01
200800049225,0,33,0,0,2,1,1,B02
200800049226,0,30,0,12,0,0,0,A01
200800049227,0,7,0,0,2,3,5,A01
200800049227,0,17,0,0,0,0,1,B02
200800049228,0,10,0,0,2,2,1,A01
200800049228,0,21,0,0,2,3,15,B02
200800049229,0,7,0,6,0,2,14,A01
200800049230,0,2,0,1,0,2,14,A01
200800049231,0,7,0,0,2,1,13,A01
200800049231,0,7,0,0,2,1,1,B02
200800049232,0,2,0,0,2,1,13,A01
200800049232,0,10,0,0,9,1,1,B02
200800049233,0,2,0,13,0,1,1,A01
200800049234,0,7,0,0,2,3,13,A01
200800049234,0,7,0,0,2,3,1,B02
200800049235,0,2,0,0,2,1,1,A01
200800049235,0,7,0,0,2,5,16,B02
200800049236,0,7,0,8,0,7,1,A01
200800049237,0,7,0,6,0,2,1,A01
200800049238,0,2,0,0,0,4,10,A01
200800049238,0,7,0,0,2,1,1,B02
200800049239,0,7,0,0,0,9,1,A01
200800049240,0,7,0,13,0,1,1,A01
200800049241,0,7,0,13,0,1,1,A01
200800049242,0,7,0,0,2,7,17,A01
200800049242,0,2,0,0,2,8,2,B02
200800049243,0,10,0,0,2,3,15,A01
200800049243,0,33,0,0,2,3,1,B02
200800049244,0,2,0,0,2,2,1,B02
200800049245,0,7,0,0,2,1,1,A01
200800049245,0,7,0,0,0,4,1,B02
200800049246,0,33,0,12,0,7,1,A01
200800049247,0,7,0,0,2,1,1,A01
200800049247,0,7,0,0,2,1,0,B02
200800049248,0,7,0,0,0,4,23,A01
200800049248,0,7,0,0,0,4,23,B02
200800049248,0,7,0,0,0,4,23,C03
200800049248,0,7,0,1,0,1,2,D04
200800049249,0,7,0,0,1,3,1,A01
200800049250,0,7,0,0,1,1,15,A01
200800049251,0,7,0,8,0,1,13,A01
200800049252,0,33,0,0,0,0,1,A01
200800049253,0,33,0,0,2,1,17,A01
200800049253,0,7,0,0,2,6,1,B02
200800049254,0,10,0,0,0,5,15,A01
200800049254,0,33,0,0,2,3,1,B02
200800049255,0,10,0,0,2,2,1,A01
200800049255,0,7,0,0,2,8,9,B02
200800049256,0,7,0,0,0,6,19,A01
200800049256,0,1,0,0,0,1,1,B02
200800049257,0,7,0,2,0,3,13,A01
200800049258,0,7,0,0,6,1,1,A01
200800049259,0,2,0,0,0,9,1,A01
200800049260,0,7,0,0,2,3,15,A01
200800049260,0,31,0,0,2,8,1,B02
200800049261,0,7,0,0,9,3,1,A01
200800049261,0,1,0,0,2,1,11,B02
200800049262,0,7,0,0,2,7,19,B02
200800049262,0,7,0,0,2,1,1,A01
200800049263,0,1,0,12,0,1,1,A01
200800049264,0,7,0,0,2,3,15,A01
200800049264,0,31,0,0,2,3,1,B02
200800049265,0,7,0,13,0,3,1,A01
200800049266,0,7,0,0,1,3,15,A01
200800049267,0,7,0,0,6,0,1,A01
200800049268,0,7,0,0,2,2,5,A01
200800049268,0,7,0,0,2,2,1,B02
200800049269,0,7,0,13,0,2,1,A01
200800049270,0,7,0,8,0,1,1,A01
200800049271,0,7,0,0,2,5,1,A01
200800049271,0,7,0,0,2,1,1,B02
200800049272,0,31,0,0,2,3,13,A01
200800049272,0,7,0,0,2,3,1,B02
200800049273,0,33,0,2,0,1,0,A01
200800049274,0,33,0,0,2,1,2,A01
200800049274,0,7,0,0,0,4,15,B02
200800049275,0,7,0,2,0,9,1,A01
200800049276,0,33,0,13,0,1,14,A01
200800049277,0,33,0,3,0,1,13,A01
200800049278,0,7,0,0,2,1,15,A01
200800049278,0,7,0,0,2,1,1,B02
200800049279,0,7,0,13,0,1,1,A01
200800049280,0,7,0,6,0,1,0,A01
200800049281,0,33,0,13,0,1,13,A01
200800049282,0,10,0,0,2,2,1,A01
200800049282,0,2,0,0,2,1,13,B02
200800049283,0,33,0,0,2,3,1,A01
200800049283,0,33,0,0,2,3,1,B02
200800049284,0,7,0,0,0,4,23,A01
200800049284,0,7,0,0,2,1,1,B02
200800049284,0,10,0,3,2,3,1,C03
200800049284,0,7,0,0,2,3,1,D04
200800049285,0,7,0,13,0,9,1,A01
200800049286,0,7,0,0,2,1,17,A01
200800049286,0,7,0,0,2,1,1,B02
200800049286,0,7,0,0,2,8,1,C03
200800049286,0,7,0,0,2,1,1,D04
200800049287,0,7,0,2,0,3,1,A01
200800049288,0,7,0,13,0,2,1,A01
200800049289,0,7,0,13,0,3,1,A01
200800049290,0,17,0,13,0,3,1,A01
200800049291,0,15,0,0,2,7,15,A01
200800049291,0,10,0,0,2,1,1,B02
200800049292,0,7,0,0,0,3,1,A01
200800049292,0,7,0,0,2,3,13,B02
200800049293,0,14,0,2,0,2,1,A01
200800049294,0,14,0,0,2,1,1,A01
200800049294,0,7,0,0,2,4,16,B02
200800049295,0,30,0,16,0,7,1,A01
200800049296,0,2,0,0,2,1,0,A01
200800049296,0,7,0,0,2,1,0,B02
200800049297,0,2,0,0,2,1,13,A01
200800049297,0,3,0,0,2,2,1,B02
200800049298,0,7,0,0,9,5,1,A01
200800049298,0,1,0,0,2,1,19,B02
200800049299,0,2,0,0,2,3,5,A01
200800049299,0,7,0,0,2,3,1,B02
200800049300,0,7,0,0,0,1,1,A01
200800049300,0,7,0,0,0,1,13,B02
200800049301,0,33,0,13,0,9,1,A01
200800049302,0,7,0,0,2,3,1,A01
200800049302,0,7,0,0,2,3,1,B02
200800049303,0,7,0,13,0,9,13,A01
200800049304,0,7,0,0,2,1,13,A01
200800049304,0,7,0,0,2,3,1,B02
200800049305,0,33,0,0,2,1,13,A01
200800049305,0,7,0,0,2,1,1,B02
200800049306,0,7,0,0,2,8,19,A01
200800049306,0,31,0,0,2,1,1,B02
200800049307,0,14,0,0,2,1,3,A01
200800049307,0,7,0,0,2,6,15,B02
200800049308,0,33,0,0,2,1,17,A01
200800049308,0,7,0,0,0,5,15,B02
200800049309,0,33,0,0,0,1,0,A01
200800049310,0,14,0,13,2,9,6,A01
200800049310,0,14,0,0,2,2,1,B02
200800049311,0,7,0,0,1,4,20,A01
200800049312,0,14,0,0,2,1,17,A01
200800049312,0,14,0,0,2,1,1,B02
200800049312,0,14,0,0,2,8,1,C03
200800049312,0,14,0,0,2,1,1,D04
200800049313,0,10,0,0,2,2,15,A01
200800049313,0,33,0,0,2,1,1,B02
200800049314,0,33,0,0,0,1,1,A01
200800049315,0,7,0,0,1,4,4,A01
200800049316,0,7,0,0,2,1,1,A01
200800049316,0,1,0,0,2,8,19,B02
200800049317,0,7,0,0,2,3,13,A01
200800049317,0,7,0,0,2,8,1,B02
200800049318,0,7,0,0,2,8,10,A01
200800049318,0,33,0,0,2,1,1,B02
200800049319,0,33,0,0,0,1,1,A01
200800049320,0,33,0,0,0,7,1,A01
200800049321,0,7,0,2,0,8,1,A01
200800049322,0,7,0,0,2,1,13,A01
200800049322,0,10,0,0,2,3,1,B02
200800049323,0,30,0,0,2,7,15,A01
200800049323,0,7,0,0,2,1,1,B02
200800049324,0,7,0,0,2,3,1,A01
200800049324,0,7,0,0,2,3,1,B02
200800049325,0,7,0,0,2,8,15,A01
200800049325,0,7,0,0,2,2,1,B02
200800049326,0,7,0,0,0,7,10,A01
200800049326,0,31,0,0,2,1,1,B02
200800049327,0,10,0,16,0,1,1,A01
200800049328,0,7,0,0,1,1,1,A01
200800049329,0,7,0,0,9,3,17,A01
200800049329,0,2,0,0,2,1,1,B02
200800049330,0,7,0,0,2,1,13,A01
200800049330,0,7,0,0,2,1,1,B02
200800049331,0,33,0,3,0,2,1,A01
200800049332,0,33,0,16,0,9,17,A01
200800049333,0,33,0,0,2,0,2,A01
200800049333,0,7,0,0,0,0,15,B02
200800049334,0,7,0,0,2,3,13,A01
200800049334,0,7,0,0,2,8,1,B02
200800049335,0,33,0,0,0,9,1,A01
200800049336,0,7,0,0,2,3,13,A01
200800049336,0,10,0,0,2,3,1,B02
200800049337,0,7,0,0,2,8,19,A01
200800049337,0,7,0,0,2,3,1,B02
200800049338,0,33,0,0,2,2,1,A01
200800049338,0,7,0,1,0,6,23,B02
200800049338,0,37,0,1,0,0,0,C03
200800049339,0,33,0,0,0,7,1,A01
200800049340,0,7,0,3,0,3,13,A01
200800049341,0,7,0,0,2,2,17,A01
200800049341,0,31,0,0,2,7,1,B02
200800049342,0,33,0,3,0,3,1,A01
200800049343,0,7,0,0,2,6,1,A01
200800049343,0,30,0,0,2,1,1,B02
200800049344,0,7,0,0,1,1,1,A01
200800049345,0,7,0,0,2,3,19,A01
200800049345,0,30,0,0,2,1,17,B02
200800049346,0,7,0,0,2,1,19,A01
200800049346,0,33,0,0,2,2,17,B02
200800049347,0,31,0,0,2,1,1,A01
200800049348,0,10,0,5,2,1,1,A01
200800049348,0,10,0,0,2,4,1,B02
200800049348,0,10,0,0,2,4,1,C03
200800049348,0,10,0,0,0,4,1,D04
200800049349,0,7,0,0,2,5,15,A01
200800049349,0,33,0,0,2,8,1,B02
200800049350,0,33,0,0,2,1,17,A01
200800049350,0,13,0,0,2,3,17,B02
200800049350,0,33,0,0,2,9,2,C03
200800049350,0,33,0,0,2,9,2,D04
200800049351,0,14,0,0,2,1,1,A01
200800049351,0,33,0,0,2,1,5,B02
200800049352,0,10,0,2,0,1,1,A01
200800049353,0,14,0,0,2,8,13,A01
200800049353,0,2,0,0,2,1,1,B02
200800049354,0,31,0,0,2,1,13,A01
200800049354,0,7,0,0,2,1,0,B02
200800049355,0,14,0,3,0,1,19,A01
200800049356,0,33,0,5,0,1,1,A01
200800049357,0,33,0,0,2,1,1,A01
200800049357,0,33,0,0,2,1,1,B02
200800049358,0,33,0,0,0,7,1,A01
200800049359,0,33,0,6,0,5,1,A01
200800049360,0,10,0,0,2,3,6,A01
200800049360,0,33,0,0,2,1,1,B02
200800049361,0,30,0,0,2,1,1,A01
200800049361,0,7,0,0,0,3,1,B02
200800049362,0,31,0,6,0,1,1,A01
200800049363,0,17,0,0,0,0,1,A01
200800049363,0,7,0,0,2,7,1,B02
200800049363,0,7,0,0,2,1,1,C03
200800049363,0,7,0,0,2,1,1,D04
200800049364,0,2,0,0,2,1,1,A01
200800049364,0,7,0,0,2,1,1,B02
200800049365,0,14,0,0,2,3,13,A01
200800049365,0,14,0,0,2,3,2,B02
200800049366,0,33,0,0,2,1,13,A01
200800049366,0,7,0,0,2,8,1,B02
200800049367,0,10,0,0,2,3,15,A01
200800049367,0,31,0,0,2,1,1,B02
200800049368,0,33,0,0,9,9,14,A01
200800049369,0,33,0,5,0,2,0,A01
200800049370,0,36,0,0,0,1,1,A01
200800049371,0,2,0,0,2,7,1,A01
200800049371,0,10,0,0,2,8,0,B02
200800049372,0,7,0,0,2,3,1,A01
200800049372,0,10,0,0,2,1,13,B02
200800049373,0,10,0,0,2,2,15,A01
200800049373,0,7,0,0,2,1,1,B02
200800049373,0,7,0,0,2,1,1,C03
200800049374,0,7,0,8,0,8,1,A01
200800049375,0,31,0,0,2,1,17,A01
200800049375,0,7,0,0,2,6,15,B02
200800049376,0,33,0,0,6,1,1,A01
200800049377,0,33,0,2,0,1,13,A01
200800049378,0,7,0,8,0,3,13,A01
200800049379,1,7,0,0,2,7,17,A01
200800049379,0,1,0,0,2,8,2,B02
200800049380,0,7,0,0,2,1,13,A01
200800049380,0,7,0,0,2,7,1,B02
200800049381,0,7,0,13,2,6,13,A01
200800049381,0,7,0,0,2,2,1,B02
200800049382,0,7,0,0,0,3,13,A01
200800049382,0,7,0,0,0,3,1,B02
200800049382,0,7,0,0,2,1,2,C03
200800049383,0,7,0,0,2,5,19,A01
200800049383,0,33,0,0,2,1,1,B02
200800049384,0,2,0,0,2,1,13,A01
200800049384,0,7,0,0,2,3,1,B02
200800049384,0,7,0,0,2,8,1,C03
200800049385,0,7,0,0,2,2,19,A01
200800049385,0,34,0,0,2,1,1,B02
200800049386,0,33,0,2,2,2,17,A01
200800049386,0,7,0,0,2,3,1,B02
200800049387,0,7,0,2,0,1,1,A01
200800049388,0,1,0,0,2,3,1,A01
200800049388,0,15,0,0,9,5,17,B02
200800049389,0,7,0,0,2,3,13,A01
200800049389,0,7,0,0,2,6,1,B02
200800049389,0,33,0,0,2,3,1,C03
200800049389,0,7,0,0,2,1,1,D04
200800049389,0,10,0,0,2,1,1,E05
200800049390,0,30,0,0,2,1,19,A01
200800049390,0,7,0,0,2,2,1,B02
200800049391,0,31,0,0,2,8,17,A01
200800049391,0,7,0,0,2,8,1,B02
200800049392,0,7,0,0,2,3,15,A01
200800049392,0,32,0,0,2,1,1,B02
200800049393,0,7,0,2,0,3,13,A01
200800049394,0,7,0,0,0,3,19,A01
200800049394,0,33,0,0,2,1,17,B02
200800049395,0,7,0,0,2,2,1,A01
200800049395,0,1,0,0,2,8,19,B02
200800049396,0,7,0,0,2,3,2,A01
200800049396,0,33,0,0,2,1,2,B02
200800049397,0,7,0,8,0,8,1,A01
200800049398,0,7,0,0,2,2,19,A01
200800049398,0,7,0,0,2,1,1,B02
200800049398,0,7,0,0,2,3,23,C03
200800049399,0,7,0,0,0,7,17,A01
200800049399,0,32,0,0,0,8,1,B02
200800049400,0,33,0,6,0,1,1,A01
200800049401,0,30,0,0,0,5,1,A01
200800049402,0,30,0,0,1,2,1,A01
200800049403,0,7,0,0,1,6,4,A01
200800049404,0,7,0,0,9,3,5,A01
200800049404,0,33,0,0,2,1,1,B02
200800049405,0,7,0,0,2,2,19,A01
200800049405,0,33,0,0,2,1,1,B02
200800049405,0,7,0,0,2,3,1,C03
200800049406,0,7,0,0,2,3,1,A01
200800049406,0,7,0,0,2,3,13,B02
200800049407,0,33,0,8,0,1,13,A01
200800049408,0,38,0,0,2,1,1,A01
200800049408,0,7,0,0,2,1,1,B02
200800049408,0,10,0,0,2,6,1,C03
200800049409,0,7,0,0,2,1,13,A01
200800049409,0,7,0,0,2,1,1,B02
200800049410,0,33,0,13,0,0,1,A01
200800049411,0,30,0,0,0,8,1,A01
200800049412,0,7,0,0,2,3,17,A01
200800049412,0,7,0,0,2,3,1,B02
200800049412,0,7,0,0,1,3,2,C03
200800049413,0,7,0,3,0,1,14,A01
200800049414,0,7,0,12,0,1,1,A01
200800049415,0,7,0,0,2,3,1,A01
200800049415,0,7,0,0,2,3,13,B02
200800049416,0,7,0,0,2,2,1,A01
200800049416,0,99,0,0,0,0,0,B02
200800049417,0,7,0,0,0,3,0,A01
200800049418,0,7,0,0,2,1,14,A01
200800049418,0,7,0,0,2,1,13,B02
200800049419,0,33,0,13,2,1,17,A01
200800049419,0,7,0,0,2,6,15,B02
200800049420,0,7,0,0,2,3,13,A01
200800049420,0,7,0,0,2,3,1,B02
200800049421,0,10,0,2,0,0,14,A01
200800049422,0,33,0,0,2,1,17,A01
200800049422,0,10,0,0,2,6,15,B02
200800049423,0,7,0,11,0,1,0,A01
200800049424,0,7,0,13,0,3,19,A01
200800049425,0,7,0,0,0,5,15,A01
200800049425,0,2,0,0,2,1,1,B02
200800049426,0,7,0,0,2,3,15,A01
200800049426,0,33,0,0,2,1,1,B02
200800049427,0,33,0,3,2,1,1,A01
200800049427,0,7,0,0,2,1,1,B02
200800049428,0,30,0,0,2,3,19,A01
200800049428,0,7,0,0,2,2,1,B02
200800049429,0,7,0,13,0,1,1,A01
200800049430,0,14,0,0,0,8,15,A01
200800049430,0,7,0,0,2,1,1,B02
200800049431,0,7,0,2,0,3,1,A01
200800049432,1,7,0,0,2,2,2,A01
200800049432,0,30,0,0,2,6,1,B02
200800049433,0,33,0,3,0,1,1,A01
200800049434,0,7,0,13,0,2,1,A01
200800049435,0,33,0,3,0,3,1,A01
200800049436,0,33,0,7,0,1,1,A01
200800049437,0,7,0,0,0,1,1,A01
200800049438,0,7,0,0,2,1,5,A01
200800049438,0,7,0,0,2,3,21,B02
200800049439,0,20,0,10,0,2,14,A01
200800049440,0,7,0,0,5,1,1,A01
200800049441,0,7,0,0,2,3,13,A01
200800049441,0,7,0,0,2,3,1,B02
200800049442,0,7,0,0,2,3,13,A01
200800049442,0,33,0,0,2,8,1,B02
200800049442,0,33,0,0,2,8,1,C03
200800049443,0,7,0,0,2,8,9,A01
200800049443,0,7,0,0,2,2,1,B02
200800049444,0,7,0,0,9,2,1,A01
200800049444,0,1,0,0,2,3,15,B02
200800049445,0,10,0,0,2,1,19,A01
200800049445,0,33,0,0,2,7,1,B02
200800049446,0,7,0,0,2,1,13,A01
200800049446,0,31,0,0,0,1,1,B02
200800049446,0,31,0,0,0,1,1,C03
200800049447,2,7,0,13,0,3,13,A01
200800049448,0,7,0,2,0,3,1,A01
200800049449,0,33,0,0,0,8,1,A01
200800049450,0,7,0,0,0,4,15,A01
200800049450,0,7,0,0,0,1,1,B02
200800049451,0,31,0,0,0,0,0,A01
200800049451,0,7,0,0,2,1,15,B02
200800049452,0,7,0,0,1,5,4,A01
200800049453,0,7,0,0,2,3,13,A01
200800049453,0,10,0,0,2,3,1,B02
200800049454,0,7,0,2,0,1,13,A01
200800049455,0,7,0,0,0,0,1,A01
200800049456,0,30,0,0,2,1,1,B02
200800049456,0,7,0,0,2,3,19,A01
200800049457,0,7,0,0,1,3,1,A01
200800049458,0,7,0,13,0,8,13,A01
200800049459,0,35,0,0,0,9,0,A01
200800049460,0,7,0,13,0,1,19,A01
200800049461,0,34,0,0,0,0,14,A01
200800049462,0,7,0,13,0,0,1,A01
200800049463,0,7,0,0,2,7,15,A01
200800049463,0,30,0,0,2,1,1,B02
200800049464,0,32,0,6,0,1,1,A01
200800049465,0,33,0,0,2,2,17,A01
200800049465,0,7,0,0,2,3,15,B02
200800049466,0,7,0,6,0,2,14,A01
200800049467,0,10,0,0,2,7,15,A01
200800049467,0,14,0,0,2,1,1,B02
200800049468,0,7,0,13,0,9,1,A01
200800049469,0,7,0,13,0,3,1,A01
200800049470,0,7,0,0,2,1,17,A01
200800049470,0,7,0,0,2,1,0,B02
200800049471,0,7,0,13,0,2,0,A01
200800049472,0,33,0,0,2,1,13,A01
200800049472,0,7,0,0,2,1,1,B02
200800049473,0,7,0,0,2,3,13,A01
200800049473,0,7,0,0,2,3,15,B02
200800049474,0,7,0,6,0,1,1,A01
200800049475,0,7,0,0,2,1,15,A01
200800049475,0,7,0,0,2,1,1,B02
200800049476,0,7,0,0,2,5,19,A01
200800049476,0,33,0,0,2,7,1,B02
200800049477,0,7,0,0,2,1,1,A01
200800049477,0,7,0,0,2,3,19,B02
200800049478,0,33,0,13,0,9,1,A01
200800049479,0,7,0,0,2,9,15,A01
200800049479,0,7,0,0,2,1,1,B02
200800049479,0,7,0,0,2,3,1,C03
200800049480,0,7,0,0,2,1,1,A01
200800049480,0,21,0,0,2,7,16,B02
200800049481,0,30,0,0,0,8,1,A01
200800049482,0,33,0,13,0,7,1,A01
200800049483,0,7,0,0,2,3,15,A01
200800049483,0,31,0,0,2,8,1,B02
200800049484,0,7,0,0,2,3,15,A01
200800049484,0,31,0,0,2,1,1,B02
200800049485,0,7,0,0,2,3,1,A01
200800049485,0,33,0,0,2,1,1,B02
200800049486,0,7,0,0,2,1,2,A01
200800049486,0,7,0,0,0,4,1,B02
200800049487,0,10,0,0,2,2,15,A01
200800049487,0,10,0,0,2,2,1,B02
200800049488,0,7,0,0,1,2,1,A01
200800049489,0,7,0,2,0,3,1,A01
200800049489,0,10,0,0,2,2,1,B02
200800049490,0,7,0,13,0,8,1,A01
200800049491,0,7,0,0,2,1,1,A01
200800049491,0,10,0,0,2,1,1,B02