Num_Acc,senc,catv,occutc,obs,obsm,choc,manv,num_veh
200800049492,0,7,0,13,0,1,1,A01
200800049493,0,33,0,0,0,8,1,A01
200800049494,0,7,0,2,0,2,1,A01
200800049495,0,7,0,2,0,7,1,A01
200800049496,0,7,0,0,2,1,1,A01
200800049496,0,1,0,0,2,7,14,B02
200800049497,0,31,0,10,2,2,5,A01
200800049497,0,7,0,0,2,2,21,B02
200800049498,0,7,0,0,2,7,9,A01
200800049498,0,7,0,0,2,0,1,B02
200800049499,0,14,0,0,2,7,1,A01
200800049499,0,7,0,0,2,8,9,B02
200800049500,0,2,0,0,2,1,5,A01
200800049500,0,7,0,0,2,1,16,B02
200800049501,0,7,0,13,0,1,1,A01
200800049502,0,7,0,2,0,2,13,A01
200800049503,0,7,0,6,0,3,13,A01
200800049504,0,7,0,0,2,1,1,A01
200800049504,0,7,0,0,0,8,15,B02
200800049505,0,7,0,0,2,3,1,A01
200800049505,0,7,0,0,2,8,1,B02
200800049505,0,7,0,0,2,1,1,C03
200800049506,0,7,0,0,1,1,1,A01
200800049507,0,33,0,13,0,2,1,A01
200800049508,0,7,0,0,2,6,2,A01
200800049508,0,31,0,0,2,2,2,B02
200800049509,0,30,0,0,2,1,17,A01
200800049509,0,10,0,0,2,3,15,B02
200800049510,0,30,0,0,2,3,1,A01
200800049510,0,7,0,0,2,3,1,B02
200800049511,0,7,0,0,2,3,17,A01
200800049511,0,7,0,0,2,3,1,B02
200800049511,0,7,0,0,2,7,1,C03
200800049511,0,7,0,0,2,7,1,D04
200800049511,0,33,0,0,2,1,1,E05
200800049512,0,7,0,0,2,1,9,A01
200800049512,0,33,0,0,2,8,1,B02
200800049513,0,7,0,0,2,6,2,A01
200800049513,0,7,0,0,2,1,2,B02
200800049514,0,33,0,4,0,1,1,A01
200800049515,0,7,0,13,0,1,14,A01
200800049516,0,7,0,6,0,1,1,A01
200800049517,0,7,0,0,2,3,13,A01
200800049517,0,7,0,0,2,6,1,B02
200800049518,0,7,0,0,2,1,1,A01
200800049518,0,7,0,0,2,4,1,B02
200800049518,0,7,0,0,2,4,1,C03
200800049519,0,33,0,0,2,7,17,A01
200800049519,0,7,0,0,2,8,1,B02
200800049520,0,7,0,3,0,1,1,A01
200800049521,0,7,0,0,2,1,13,A01
200800049521,0,7,0,0,2,1,1,B02
200800049522,0,7,0,0,2,2,17,A01
200800049522,0,7,0,0,0,8,15,B02
200800049523,0,33,0,16,0,9,21,A01
200800049524,0,7,0,6,0,1,13,A01
200800049525,0,30,0,0,2,2,17,A01
200800049525,0,7,0,0,2,3,15,B02
200800049526,0,7,0,0,2,3,13,A01
200800049526,0,7,0,0,2,3,1,B02
200800049527,0,7,0,0,0,8,0,A01
200800049527,0,30,0,0,2,1,0,B02
200800049528,0,7,0,0,0,0,0,A01
200800049528,0,7,0,0,0,6,0,B02
200800049529,0,7,0,0,2,2,13,A01
200800049529,0,10,0,0,2,2,21,B02
200800049530,0,7,0,1,0,3,0,A01
200800049530,0,7,0,0,0,3,0,B02
200800049531,0,10,0,0,1,2,1,A01
200800049532,0,31,0,8,0,1,0,A01
200800049533,0,15,0,1,0,4,24,A01
200800049533,0,7,0,1,0,1,1,B02
200800049534,0,10,0,0,2,1,2,A01
200800049534,0,7,0,0,0,4,2,B02
200800049535,0,7,0,0,2,8,19,A01
200800049535,0,33,0,0,2,1,1,B02
200800049536,0,7,0,0,1,2,2,A01
200800049537,0,7,0,0,0,3,13,A01
200800049537,0,7,0,0,0,1,1,B02
200800049537,0,7,0,0,0,8,1,C03
200800049538,0,99,0,0,0,4,23,A01
200800049538,0,1,0,0,2,1,2,B02
200800049539,0,33,0,1,2,3,13,A01
200800049539,0,7,0,0,2,3,21,B02
200800049539,0,33,0,0,2,8,21,C03
200800049540,0,7,0,0,2,3,1,A01
200800049540,0,7,0,0,2,6,19,B02
200800049541,0,14,0,0,2,6,1,B02
200800049541,0,32,0,0,2,2,13,A01
200800049542,0,7,0,2,0,3,13,A01
200800049543,0,7,0,0,0,8,20,A01
200800049543,0,30,0,0,2,1,1,B02
200800049544,0,7,0,0,2,7,15,A01
200800049544,0,31,0,0,2,1,1,B02
200800049545,0,7,0,0,2,3,1,A01
200800049545,0,1,0,0,2,0,19,B02
200800049546,0,7,0,0,2,3,15,A01
200800049546,0,33,0,0,2,1,1,B02
200800049547,0,32,0,0,0,7,1,A01
200800049547,0,7,0,0,0,3,15,B02
200800049548,0,31,0,0,2,1,17,B02
200800049548,0,7,0,0,2,3,16,A01
200800049549,0,14,0,0,0,6,1,A01
200800049549,0,32,0,0,2,1,13,B02
200800049550,0,7,0,0,0,2,1,A01
200800049550,0,33,0,0,0,8,15,B02
200800049551,0,33,0,0,2,1,17,A01
200800049551,0,7,0,0,2,8,15,B02
200800049552,0,7,0,0,0,8,15,B02
200800049552,0,32,0,0,0,1,1,A01
200800049553,0,7,0,0,2,2,19,B02
200800049553,0,7,0,0,2,1,1,A01
200800049554,0,7,0,0,2,7,9,A01
200800049554,0,31,0,0,2,7,1,B02
200800049555,0,10,0,0,2,2,2,A01
200800049555,0,38,0,0,2,6,23,B02
200800049556,0,7,0,0,2,3,10,A01
200800049556,0,7,0,0,2,2,1,B02
200800049557,0,7,0,12,0,1,19,A01
200800049558,0,7,0,0,2,3,1,B02
200800049558,0,7,0,0,2,2,19,A01
200800049559,0,7,0,1,0,1,5,A01
200800049560,0,33,0,0,2,0,9,A01
200800049561,0,31,0,0,2,1,17,A01
200800049561,0,10,0,0,2,3,10,B02
200800049562,0,7,0,0,2,4,15,A01
200800049562,0,2,0,0,2,1,17,B02
200800049563,0,2,0,0,2,7,15,A01
200800049563,0,7,0,0,2,1,1,B02
200800049564,0,31,0,0,2,1,1,A01
200800049564,0,17,0,0,2,8,1,B02
200800049565,0,7,0,0,2,1,13,A01
200800049565,0,7,0,0,2,1,1,B02
200800049566,0,7,0,0,2,1,13,A01
200800049566,0,7,0,0,2,1,1,B02
200800049567,0,33,0,0,0,8,1,A01
200800049568,0,7,0,0,1,4,20,A01
200800049569,0,7,0,16,0,7,1,A01
200800049570,0,7,0,0,2,2,15,A01
200800049570,0,33,0,0,2,1,1,B02
200800049571,0,33,0,0,0,2,17,A01
200800049571,0,7,0,0,0,3,15,B02
200800049572,0,33,0,0,2,1,1,A01
200800049572,0,7,0,0,2,3,1,B02
200800049573,0,7,0,0,2,1,1,A01
200800049573,0,7,0,15,2,8,16,B02
200800049574,0,7,0,0,0,0,14,A01
200800049575,0,10,0,16,0,9,13,A01
200800049576,0,33,0,0,2,1,1,A01
200800049576,0,7,0,0,0,5,1,B02
200800049577,0,7,0,4,2,9,1,A01
200800049577,0,7,0,0,2,1,1,B02
200800049578,0,31,0,0,0,0,1,A01
200800049579,0,7,0,0,2,1,1,A01
200800049579,0,20,0,0,0,4,15,B02
200800049580,0,7,0,0,2,1,11,A01
200800049580,0,7,0,0,0,3,1,B02
200800049581,0,7,0,2,0,3,1,A01
200800049582,0,7,0,0,2,3,13,A01
200800049582,0,10,0,0,2,3,1,B02
200800049583,0,7,0,0,1,3,1,A01
200800049584,0,31,0,8,0,1,1,A01
200800049585,0,7,0,0,2,3,1,A01
200800049585,0,7,0,0,2,3,1,B02
200800049586,0,33,0,0,2,1,2,A01
200800049586,0,30,0,0,2,4,2,B02
200800049587,0,7,0,0,2,5,13,A01
200800049587,0,7,0,0,2,1,1,B02
200800049588,0,7,0,2,0,5,1,A01
200800049589,0,7,0,0,2,2,13,A01
200800049589,0,7,0,0,2,1,0,B02
200800049590,0,33,0,0,2,3,17,A01
200800049590,0,7,0,0,2,3,1,B02
200800049590,0,7,0,0,2,8,1,C03
200800049591,0,7,0,13,0,2,1,A01
200800049592,0,33,0,0,6,1,1,A01
200800049592,0,33,0,0,1,1,21,B02
200800049593,0,2,0,15,0,1,1,A01
200800049594,0,7,0,0,2,3,1,A01
200800049594,0,33,0,0,2,8,1,B02
200800049595,0,33,0,0,2,1,13,A01
200800049595,0,17,0,0,2,3,1,B02
200800049596,0,30,0,0,1,1,0,A01
200800049597,0,33,0,3,2,3,18,A01
200800049597,0,7,0,3,0,2,1,B02
200800049598,0,7,0,0,2,1,1,B02
200800049598,0,10,0,0,2,7,1,A01
200800049599,0,7,0,0,0,2,1,A01
200800049600,0,7,0,16,0,9,1,A01
200800049601,0,7,0,2,0,1,1,A01
200800049602,0,10,0,0,0,8,10,A01
200800049602,0,33,0,0,2,1,3,B02
200800049603,0,33,0,0,2,1,17,A01
200800049603,0,7,0,0,0,3,15,B02
200800049604,0,7,0,2,2,1,2,A01
200800049604,0,7,0,0,2,4,2,B02
200800049605,0,7,0,16,0,1,1,A01
200800049606,0,1,0,0,0,0,1,A01
200800049607,0,7,0,0,2,1,13,A01
200800049607,0,7,0,0,2,1,1,B02
200800049608,0,30,0,0,2,1,1,A01
200800049608,0,7,0,0,2,3,1,B02
200800049609,0,7,0,0,0,6,17,A01
200800049609,0,7,0,0,0,2,21,B02
200800049610,0,7,0,0,2,3,13,A01
200800049610,0,14,0,0,2,3,1,B02
200800049611,0,7,0,0,2,3,15,A01
200800049611,0,33,0,0,2,1,1,B02
200800049612,0,7,0,2,0,1,1,A01
200800049613,0,7,0,0,2,4,4,A01
200800049613,0,33,0,0,2,1,1,B02
200800049614,0,7,0,0,2,1,1,A01
200800049614,0,30,0,0,2,8,19,B02
200800049615,0,7,0,0,2,3,13,A01
200800049615,0,10,0,0,2,3,1,B02
200800049616,0,7,0,16,0,1,1,A01
200800049617,0,7,0,16,0,4,1,A01
200800049618,0,31,0,0,2,7,1,A01
200800049618,0,7,0,0,2,1,15,B02
200800049619,0,36,0,16,0,1,1,A01
200800049620,0,7,0,0,0,9,1,A01
200800049621,0,31,0,0,0,0,1,A01
200800049622,0,30,0,0,2,1,2,A01
200800049622,0,1,0,0,0,4,2,B02
200800049623,0,7,0,13,0,9,1,A01
200800049624,0,7,0,0,0,0,1,A01
200800049625,0,7,0,0,2,5,19,A01
200800049625,0,7,0,0,2,1,1,B02
200800049626,0,7,0,0,2,8,19,A01
200800049626,0,7,0,0,2,1,1,B02
200800049627,0,33,0,15,0,8,1,A01
200800049628,0,10,0,0,9,5,2,A01
200800049628,0,30,0,0,2,8,2,B02
200800049629,0,7,0,16,0,9,1,A01
200800049630,0,7,0,0,2,3,13,A01
200800049630,0,7,0,0,2,3,1,B02
200800049631,0,7,0,13,0,9,13,A01
200800049632,0,7,0,13,0,7,1,A01
200800049633,0,7,0,8,0,9,1,A01
200800049634,0,1,0,0,0,0,0,A01
200800049634,0,10,0,0,9,1,1,B02
200800049635,0,31,0,0,2,1,2,A01
200800049635,0,33,0,0,0,6,15,B02
200800049636,0,7,0,13,0,1,1,A01
200800049637,0,7,0,0,2,8,15,A01
200800049637,0,7,0,0,2,3,1,B02
200800049638,0,7,0,0,2,3,13,A01
200800049638,0,7,0,0,2,3,1,B02
200800049639,0,15,0,0,0,4,24,A01
200800049639,0,15,0,1,0,1,20,B02
200800049640,0,15,0,0,0,0,1,A01
200800049640,0,33,0,16,0,1,1,B02
200800049641,0,7,0,0,0,8,19,A01
200800049641,0,7,0,0,0,1,1,B02
200800049642,0,2,0,0,2,7,1,A01
200800049643,0,7,0,0,1,1,1,A01
200800049644,0,10,0,0,2,2,16,A01
200800049644,0,1,0,0,0,4,1,B02
200800049645,0,30,0,14,0,1,5,A01
200800049646,0,7,0,2,0,1,13,A01
200800049647,0,7,0,0,2,2,13,A01
200800049647,0,7,0,0,2,3,5,B02
200800049648,0,30,0,0,2,7,19,B02
200800049648,0,7,0,0,2,1,1,A01
200800049649,0,30,0,0,0,4,23,A01
200800049649,0,7,0,0,2,1,1,B02
200800049650,0,7,0,0,2,8,9,A01
200800049650,0,2,0,0,2,7,1,B02
200800049651,0,7,0,0,2,1,2,A01
200800049651,0,7,0,0,2,4,2,B02
200800049651,0,10,0,0,0,0,15,C03
200800049652,0,7,0,0,2,8,13,A01
200800049652,0,7,0,0,2,3,1,B02
200800049653,0,7,0,0,1,2,1,A01
200800049654,0,33,0,0,2,1,2,A01
200800049654,0,7,0,0,0,4,2,B02
200800049655,0,10,0,0,2,2,15,A01
200800049655,0,34,0,0,2,1,1,B02
200800049656,0,33,0,13,0,1,1,A01
200800049657,0,7,0,0,2,1,17,A01
200800049657,0,7,0,4,0,4,2,B02
200800049658,0,10,0,0,2,2,14,A01
200800049658,0,7,0,0,2,6,1,B02
200800049658,0,10,0,0,2,3,21,C03
200800049659,0,7,0,0,0,6,11,A01
200800049660,0,15,0,0,2,1,1,A01
200800049660,0,21,0,0,2,4,1,B02
200800049661,0,30,0,0,0,7,1,A01
200800049662,0,7,0,1,1,3,1,A01
200800049663,0,7,0,13,0,1,1,A01
200800049664,0,10,0,0,0,0,0,A01
200800049664,0,10,0,14,0,1,2,B02
200800049664,0,17,0,14,0,1,0,C03
200800049665,0,7,0,4,0,1,1,A01
200800049665,0,10,0,0,2,1,1,B02
200800049665,0,7,0,3,0,2,1,C03
200800049665,0,15,0,0,2,3,1,D04
200800049665,0,7,0,0,2,1,1,E05
200800049665,0,17,0,0,2,8,1,F06
200800049666,0,7,0,10,0,1,21,A01
200800049667,0,7,0,2,0,1,14,A01
200800049668,0,7,0,0,0,0,1,A01
200800049668,0,7,0,3,2,0,0,B02
200800049669,0,10,0,0,2,1,2,A01
200800049669,0,17,0,0,0,0,2,B02
200800049670,0,10,0,0,0,0,1,A01
200800049671,0,7,0,4,9,1,21,A01
200800049672,0,17,0,1,9,9,14,A01
200800049672,0,15,0,0,0,6,24,B02
200800049673,0,7,0,0,0,1,1,A01
200800049673,0,2,0,0,0,4,1,B02
200800049674,0,7,0,0,1,7,1,A01
200800049675,0,7,0,15,0,1,1,A01
200800049675,0,7,0,0,0,0,9,B02
200800049676,0,7,0,0,2,1,5,A01
200800049676,0,7,0,0,2,3,1,B02
200800049677,0,7,0,2,0,1,1,A01
200800049678,0,7,0,0,2,1,2,A01
200800049678,0,15,0,0,0,4,0,B02
200800049678,0,7,0,0,2,1,1,C03
200800049679,0,7,0,0,2,3,13,A01
200800049679,0,15,0,0,2,3,1,B02
200800049680,0,10,0,0,2,3,0,A01
200800049680,0,10,0,0,2,8,1,B02
200800049680,0,7,0,0,2,1,1,C03
200800049681,0,7,0,1,0,3,1,A01
200800049681,0,7,0,0,2,5,15,B02
200800049681,0,7,0,0,2,8,1,C03
200800049682,0,7,0,13,0,1,2,A01
200800049683,0,7,0,0,2,2,2,A01
200800049683,0,7,0,0,2,1,2,B02
200800049683,0,7,0,0,2,1,2,C03
200800049683,0,10,0,0,2,1,2,D04
200800049683,0,7,0,0,2,1,2,E05
200800049683,0,7,0,0,0,4,2,F06
200800049684,0,7,0,5,0,2,13,A01
200800049685,0,7,0,0,2,2,17,A01
200800049685,0,17,0,0,2,8,1,B02
200800049686,0,7,0,3,2,7,21,A01
200800049686,0,7,0,3,2,8,0,B02
200800049687,0,7,0,0,2,2,17,A01
200800049687,0,7,0,0,2,8,15,B02
200800049688,0,17,0,0,2,3,1,A01
200800049688,0,7,0,0,2,3,1,B02
200800049689,0,1,0,12,0,1,0,A01
200800049690,0,7,0,0,2,3,11,A01
200800049690,0,7,0,3,0,6,1,B02
200800049691,0,7,0,0,2,1,1,A01
200800049691,0,7,0,0,2,4,1,B02
200800049692,0,7,0,14,0,2,1,A01
200800049693,0,7,0,0,2,2,2,A01
200800049693,0,1,0,0,0,4,2,B02
200800049694,0,7,0,1,0,3,1,A01
200800049695,0,7,0,4,0,2,0,A01
200800049696,0,7,0,8,0,7,16,A01
200800049697,0,7,0,3,0,1,1,A01
200800049698,0,7,0,8,0,1,2,A01
200800049699,0,10,0,4,2,1,2,A01
200800049699,0,14,0,0,2,4,2,B02
200800049700,0,17,0,0,1,2,1,A01
200800049700,0,7,0,4,0,1,1,B02
200800049700,0,7,0,0,0,0,1,C03
200800049700,0,7,0,14,0,1,1,D04
200800049701,0,17,0,13,0,2,0,A01
200800049702,0,7,0,13,0,2,14,A01
200800049703,0,7,0,0,2,3,13,A01
200800049703,0,7,0,0,2,3,1,B02
200800049704,0,2,0,8,0,1,0,A01
200800049705,0,7,0,6,0,7,17,A01
200800049706,0,33,0,16,2,7,1,A01
200800049706,0,33,0,16,0,7,1,B02
200800049706,0,7,0,0,2,8,1,C03
200800049707,0,30,0,0,2,7,1,A01
200800049707,0,10,0,0,2,3,9,B02
200800049708,0,33,0,0,0,4,1,A01
200800049708,0,7,0,0,2,1,2,B02
200800049708,0,10,0,0,2,2,1,C03
200800049709,0,38,0,0,1,2,1,A01
200800049710,0,7,0,3,0,3,21,A01
200800049711,0,7,0,0,2,3,17,A01
200800049711,0,7,0,0,2,3,0,B02
200800049711,0,7,0,0,2,1,17,C03
200800049711,0,7,0,14,0,1,1,D04
200800049712,2,7,0,0,2,3,5,A01
200800049712,0,33,0,0,2,2,21,B02
200800049713,0,7,0,1,0,2,2,A01
200800049713,0,15,0,0,0,6,0,B02
200800049714,0,7,0,3,0,1,1,A01
200800049715,0,33,0,0,2,1,2,A01
200800049715,0,7,0,0,0,4,2,B02
200800049716,0,7,0,0,2,3,13,A01
200800049716,0,7,0,0,2,8,1,B02
200800049717,0,7,0,0,0,6,23,A01
200800049717,0,7,0,1,0,2,2,B02
200800049718,0,7,0,0,2,2,2,A01
200800049718,0,17,0,0,0,0,1,B02
200800049718,0,14,0,0,2,1,1,D04
200800049719,0,31,0,0,2,1,2,A01
200800049719,0,10,0,0,0,4,2,B02
200800049720,0,7,0,0,2,2,2,A01
200800049720,0,7,0,0,0,6,1,B02
200800049721,0,7,0,13,0,9,14,A01
200800049722,0,7,0,0,2,1,15,A01
200800049722,0,33,0,0,2,1,1,B02
200800049723,0,7,0,0,0,5,15,A01
200800049723,0,33,0,0,0,1,1,B02
200800049724,0,33,0,0,2,1,2,A01
200800049724,0,7,0,0,0,4,0,B02
200800049725,0,7,0,0,2,5,1,A01
200800049725,0,33,0,0,2,1,1,B02
200800049725,0,33,0,0,2,1,1,C03
200800049726,0,33,0,3,0,5,1,A01
200800049727,0,7,0,0,2,1,2,A01
200800049727,0,7,0,0,2,9,23,B02
200800049727,0,10,0,0,2,4,23,C03
200800049728,0,7,0,0,2,1,2,A01
200800049728,0,7,0,0,2,4,2,B02
200800049729,0,17,0,0,2,1,2,A01
200800049729,0,7,0,0,2,4,2,B02
200800049730,0,7,0,1,0,2,13,A01
200800049730,0,7,0,0,2,8,23,B02
200800049731,0,7,0,0,2,1,2,A01
200800049731,0,7,0,0,2,4,1,B02
200800049732,0,7,0,0,2,3,5,A01
200800049732,0,7,0,0,2,3,0,B02
200800049732,0,7,0,0,2,0,0,C03
200800049732,0,7,0,0,2,0,21,D04
200800049733,0,30,0,0,2,3,13,A01
200800049733,0,33,0,0,2,8,17,B02
200800049734,0,7,0,13,0,1,2,A01
200800049735,0,10,0,3,2,9,17,A01
200800049735,0,14,0,0,0,3,1,B02
200800049736,0,7,0,0,2,2,13,A01
200800049736,0,7,0,0,2,6,1,B02
200800049737,0,10,0,0,2,3,15,A01
200800049737,0,7,0,0,2,2,1,B02
200800049738,0,7,0,0,2,2,2,A01
200800049738,0,7,0,0,2,4,2,B02
200800049739,0,33,0,0,2,1,1,A01
200800049739,0,7,0,0,2,1,1,B02
200800049740,0,10,0,0,2,3,13,A01
200800049740,0,7,0,0,2,7,17,B02
200800049741,0,7,0,3,0,1,1,A01
200800049742,0,7,0,0,1,7,1,A01
200800049743,0,7,0,0,1,0,1,A01
200800049744,0,7,0,1,0,1,14,A01
200800049744,0,15,0,0,0,4,24,B02
200800049745,0,7,0,0,2,1,2,A01
200800049745,0,17,0,0,0,0,1,B02
200800049746,0,7,0,5,0,1,17,A01
200800049747,0,7,0,0,2,4,2,A01
200800049747,0,7,0,0,2,1,1,B02
200800049748,0,7,0,0,2,1,13,A01
200800049748,0,7,0,0,2,1,1,B02
200800049749,0,33,0,0,2,1,19,A01
200800049749,0,7,0,0,2,2,1,B02
200800049750,0,7,0,1,1,1,1,A01
200800049751,0,7,0,6,0,2,1,A01
200800049752,0,7,0,0,2,1,17,A01
200800049752,0,7,0,0,2,1,1,B02
200800049753,0,7,0,0,1,1,1,A01
200800049754,0,7,0,6,0,3,1,A01
200800049755,0,7,0,2,0,3,13,A01
200800049756,0,30,0,0,2,1,2,A01
200800049756,0,10,0,0,2,6,2,B02
200800049757,0,7,0,0,2,1,1,A01
200800049757,0,7,0,0,0,4,1,B02
200800049758,0,33,0,4,0,3,1,A01
200800049759,0,2,0,0,2,1,1,A01
200800049759,0,10,0,0,2,6,1,B02
200800049760,0,7,0,0,2,1,1,A01
200800049760,0,7,0,0,2,1,1,B02
200800049761,0,7,0,0,2,5,19,A01
200800049761,0,7,0,0,2,1,1,B02
200800049762,0,7,0,0,0,8,19,A01
200800049762,0,33,0,0,2,1,1,B02
200800049763,0,33,0,0,2,2,17,A01
200800049763,0,7,0,0,0,3,15,B02
200800049764,0,2,0,0,0,1,1,A01
200800049764,0,7,0,0,0,2,0,B02
200800049765,0,33,0,0,0,0,17,A01
200800049766,0,7,0,0,1,1,1,A01
200800049766,0,7,0,0,1,2,1,B02
200800049767,0,33,0,16,0,0,1,A01
200800049768,0,7,0,0,2,3,13,A01
200800049768,0,7,0,0,2,3,1,B02
200800049769,0,33,0,0,0,0,1,A01
200800049770,0,7,0,4,1,3,11,A01
200800049771,0,33,0,0,2,1,17,A01
200800049771,0,7,0,0,2,3,1,B02
200800049772,0,14,0,0,0,0,2,A01
200800049772,0,7,0,0,2,1,2,C03
200800049773,0,7,0,0,0,1,19,A01
200800049773,0,7,0,0,0,3,1,B02
200800049774,0,10,0,0,2,2,17,A01
200800049774,0,17,0,0,0,6,1,B02
200800049775,0,99,0,0,2,3,1,A01
200800049775,0,31,0,0,2,0,1,B02
200800049776,0,33,0,0,2,1,1,A01
200800049776,0,7,0,0,0,2,1,B02
200800049777,0,7,0,0,2,1,21,A01
200800049777,0,7,0,0,2,1,1,B02
200800049778,0,7,0,2,0,3,1,A01
200800049779,0,7,0,0,2,2,15,A01
200800049779,0,7,0,0,2,1,1,B02
200800049780,0,2,0,0,2,1,17,A01
200800049780,0,2,0,0,2,4,2,B02
200800049781,0,7,0,0,2,3,13,A01
200800049781,0,7,0,0,2,3,1,B02
200800049782,0,7,0,1,0,1,2,A01
200800049782,0,7,0,0,0,4,23,B02
200800049783,0,17,0,0,0,8,13,A01
200800049784,0,30,0,0,0,8,1,A01
200800049785,0,32,0,0,2,8,15,A01
200800049785,0,7,0,0,2,7,17,B02
200800049786,0,7,0,8,0,9,1,A01
200800049787,0,33,0,0,2,2,17,A01
200800049787,0,7,0,0,2,8,1,B02
200800049788,0,30,0,12,0,2,1,A01
200800049789,0,7,0,3,0,9,14,A01
200800049790,0,10,0,3,0,1,1,A01
200800049791,0,7,0,3,0,3,13,A01
200800049792,0,17,0,3,0,7,1,A01
200800049793,0,7,0,0,2,1,13,A01
200800049793,0,2,0,0,2,1,1,B02
200800049794,0,7,0,13,0,2,14,A01
200800049795,0,17,0,0,2,4,1,A01
200800049795,0,7,0,0,2,1,2,B02
200800049796,0,7,0,13,0,1,16,A01
200800049797,0,7,0,13,0,2,1,A01
200800049798,0,7,0,13,0,1,1,A01
200800049799,0,33,0,0,2,1,1,A01
200800049799,0,33,0,0,2,4,1,B02
200800049800,0,7,0,0,0,8,15,A01
200800049800,0,7,0,0,2,1,1,B02
200800049801,0,7,0,0,2,3,5,A01
200800049801,0,7,0,0,2,3,1,B02
200800049801,0,14,0,0,2,6,1,C03
200800049802,0,7,0,0,0,5,2,A01
200800049802,0,33,0,0,2,9,2,B02
200800049803,0,33,0,13,0,1,6,A01
200800049804,0,7,0,13,0,6,1,A01
200800049805,0,7,0,0,0,0,0,A01
200800049805,0,7,0,0,2,1,1,B02
200800049806,0,33,0,0,6,1,0,A01
200800049807,0,7,0,0,2,3,1,A01
200800049807,0,7,0,0,0,8,1,B02
200800049807,0,7,0,0,2,1,1,C03
200800049808,0,7,0,0,2,2,1,A01
200800049808,0,30,0,9,2,3,5,B02
200800049809,0,7,0,13,0,3,1,A01
200800049810,0,33,0,7,0,9,1,A01
200800049811,0,2,0,0,2,1,13,A01
200800049811,0,7,0,0,2,3,1,B02
200800049812,0,30,0,0,2,1,2,A01
200800049812,0,7,0,0,0,4,23,B02
200800049813,0,7,0,0,0,1,1,A01
200800049813,0,7,0,0,0,6,2,B02
200800049814,0,7,0,0,2,2,15,A01
200800049814,0,30,0,0,2,1,5,B02
200800049815,0,7,0,3,2,1,8,A01
200800049815,0,7,0,0,2,2,21,B02
200800049815,0,7,0,0,2,1,21,C03
200800049815,0,7,0,0,2,6,21,D04
200800049816,0,31,0,0,2,1,13,A01
200800049816,0,7,0,0,2,3,1,B02
200800049817,0,30,0,0,2,1,1,A01
200800049817,0,7,0,0,2,6,15,B02
200800049818,0,7,0,0,2,8,15,A01
200800049818,0,33,0,0,2,1,1,B02
200800049819,0,7,0,3,0,2,19,A01
200800049820,0,10,0,13,0,2,17,A01
200800049821,0,17,0,3,0,2,14,A01
200800049822,0,17,0,0,2,6,1,A01
200800049822,0,10,0,0,2,1,2,B02
200800049823,0,14,0,0,2,8,13,A01
200800049823,0,14,0,0,2,8,1,B02
200800049824,0,14,0,9,0,1,13,A01
200800049825,0,7,0,0,2,8,19,A01
200800049825,0,38,0,0,2,3,1,B02
200800049826,0,33,0,0,9,7,21,A01
200800049827,0,2,0,0,2,1,13,A01
200800049827,0,14,0,0,2,2,1,B02
200800049828,0,7,0,0,2,3,13,A01
200800049828,0,7,0,0,2,3,1,B02
200800049829,0,33,0,0,0,1,1,A01
200800049829,0,7,0,0,2,5,23,B02
200800049830,0,14,0,6,0,1,1,A01
200800049831,0,7,0,0,2,1,9,A01
200800049831,0,33,0,0,2,1,13,B02
200800049832,0,7,0,4,0,1,1,A01
200800049833,0,10,0,13,0,2,14,A01
200800049834,0,7,0,4,0,3,1,A01
200800049835,0,10,0,0,2,4,6,A01
200800049835,0,10,0,0,2,1,1,B02
200800049836,0,7,0,0,0,6,2,A01
200800049836,0,10,0,0,2,4,2,B02
200800049836,0,7,0,0,2,4,2,C03
200800049836,0,7,0,0,2,1,2,D04
200800049837,0,7,0,13,0,1,1,A01
200800049838,0,7,0,0,2,2,21,A01
200800049838,0,7,0,13,2,3,1,B02
200800049839,0,7,0,0,2,1,5,A01
200800049839,0,33,0,0,2,1,1,B02
200800049840,0,7,0,2,1,4,4,A01
200800049841,0,10,0,0,2,3,15,A01
200800049841,0,2,0,0,2,1,1,B01
200800049842,0,7,0,0,2,1,1,B01
200800049842,0,33,0,0,2,1,0,A01
200800049843,0,10,0,0,2,2,13,A01
200800049843,0,7,0,0,2,2,1,B01
200800049843,0,7,0,0,2,8,1,C01
200800049844,0,10,0,0,2,8,15,A01
200800049844,0,33,0,0,2,1,17,B01
200800049845,0,2,0,0,2,8,21,A01
200800049845,0,7,0,0,2,2,1,B01
200800049846,0,7,0,0,2,1,15,A01
200800049846,0,31,0,0,2,1,1,B01
200800049847,0,17,0,16,0,7,15,A01
200800049848,0,7,0,0,0,2,13,A01
200800049849,0,7,0,0,2,1,1,A01
200800049849,0,37,1,0,2,4,23,B01
200800049850,0,7,0,0,1,8,21,A01
200800049851,0,30,0,16,0,1,14,A01
200800049852,0,7,0,0,2,3,13,A01
200800049852,0,7,0,0,2,3,1,B01
200800049853,0,7,0,15,2,1,0,A01
200800049854,0,7,0,12,0,1,2,A01
200800049855,0,7,0,0,2,4,2,A01
200800049855,0,7,0,0,2,1,2,B01
200800049855,0,7,0,0,2,1,2,C01