Num_Acc,senc,catv,occutc,obs,obsm,choc,manv,num_veh
200800049856,0,7,0,8,0,1,13,A01
200800049857,0,36,0,0,2,1,13,A01
200800049857,0,7,0,0,2,3,2,B01
200800049858,0,2,0,0,2,8,3,A01
200800049858,0,7,0,0,9,8,2,B01
200800049859,0,2,0,0,0,0,21,A01
200800049860,0,2,0,0,2,1,2,A01
200800049860,0,7,0,0,0,5,20,B01
200800049861,0,7,0,1,2,2,1,A01
200800049862,0,30,0,0,2,3,18,A01
200800049862,0,30,0,0,2,2,1,B01
200800049863,0,1,0,0,2,1,15,B01
200800049863,0,7,0,0,9,3,1,A01
200800049864,0,7,0,0,0,9,19,A01
200800049865,0,37,7,0,1,2,1,A01
200800049866,0,7,0,0,2,1,2,A01
200800049866,0,7,0,0,2,4,2,B01
200800049867,0,30,0,0,2,8,0,B01
200800049867,0,7,0,0,2,2,1,A01
200800049868,0,10,0,0,2,4,23,C01
200800049868,0,14,0,0,2,1,2,A01
200800049868,0,10,0,0,2,4,2,B01
200800049868,0,7,0,0,2,4,2,D01
200800049869,0,30,0,0,2,0,0,A01
200800049869,0,13,0,0,0,6,15,B01
200800049870,0,7,0,0,2,4,2,B01
200800049870,0,7,0,0,2,1,2,A01
200800049871,0,2,0,0,2,8,1,A01
200800049871,0,37,15,0,2,2,1,B01
200800049872,0,7,0,0,2,3,1,A01
200800049873,0,7,0,0,2,8,1,B01
200800049873,0,10,0,0,2,1,1,A01
200800049874,0,7,0,0,2,1,2,A01
200800049874,0,7,0,0,2,4,23,B01
200800049875,0,7,0,0,2,1,1,B01
200800049875,0,7,0,6,2,1,1,A01
200800049876,0,7,0,0,1,1,1,A01
200800049877,0,7,0,0,2,1,2,A01
200800049877,0,7,0,0,2,4,23,B01
200800049877,0,7,0,0,2,4,23,C01
200800049878,0,7,0,0,1,2,1,A01
200800049879,0,7,0,0,2,3,1,B01
200800049879,0,7,0,0,2,1,1,A01
200800049880,0,7,0,0,2,8,1,B01
200800049880,0,2,0,0,2,1,1,A01
200800049881,0,7,0,0,2,1,16,A01
200800049882,0,7,0,0,2,3,1,B01
200800049882,0,7,0,0,2,3,15,A01
200800049883,0,1,0,0,1,1,1,A01
200800049884,0,37,15,0,1,2,1,A01
200800049885,0,7,0,0,1,2,1,A01
200800049886,0,7,0,0,1,3,1,A01
200800049887,0,7,0,0,1,1,1,A01
200800049888,0,7,0,1,0,1,14,A01
200800049889,0,7,0,0,1,4,4,A01
200800049890,0,7,0,0,2,3,23,C01
200800049890,0,7,0,0,2,3,13,A01
200800049890,0,7,0,0,2,3,1,B01
200800049891,0,7,0,0,2,3,1,B01
200800049891,0,7,0,0,2,1,1,A01
200800049892,0,2,0,0,2,1,17,A01
200800049892,0,7,0,0,0,3,15,B01
200800049893,0,7,0,0,2,1,5,A01
200800049893,0,7,0,0,2,1,1,B01
200800049894,0,33,0,0,0,7,1,A01
200800049895,0,7,0,0,0,7,16,B01
200800049895,0,30,0,0,2,1,18,A01
200800049896,0,30,0,0,0,1,1,A01
200800049897,0,7,0,2,0,3,13,A01
200800049898,0,2,0,0,0,1,1,A01
200800049899,0,7,0,1,0,1,1,A01
200800049900,0,7,0,2,0,1,1,A01
200800049901,0,1,0,0,2,1,1,A01
200800049901,0,7,0,0,2,2,1,B01
200800049902,0,2,0,8,0,2,1,A01
200800049903,0,7,0,3,0,1,14,A01
200800049904,0,7,0,0,2,7,1,B01
200800049904,0,32,0,0,2,8,1,A01
200800049905,0,2,0,0,2,1,1,A01
200800049905,0,7,0,0,2,1,1,B01
200800049906,0,2,0,0,2,1,2,B01
200800049906,0,7,0,0,2,3,9,A01
200800049907,0,33,0,0,2,1,1,A01
200800049907,0,7,0,0,2,1,1,B01
200800049908,0,33,0,13,0,1,14,A01
200800049909,0,7,0,8,0,1,6,A01
200800049910,0,7,0,0,2,6,23,B01
200800049910,0,33,0,0,2,1,1,A01
200800049911,0,33,0,0,0,0,0,A01
200800049912,0,38,0,0,2,1,1,A01
200800049912,0,7,0,0,2,6,13,B01
200800049913,0,30,0,0,0,0,1,A01
200800049914,0,2,0,0,0,0,1,A01
200800049915,0,30,0,0,0,0,1,A01
200800049916,0,30,0,0,0,0,0,A01
200800049917,0,7,0,0,2,3,1,A01
200800049917,0,7,0,0,2,1,1,B01
200800049918,0,7,0,0,1,1,1,A01
200800049919,0,2,0,0,2,1,1,A01
200800049919,0,7,0,0,2,4,1,B01
200800049920,0,7,0,0,2,2,16,A01
200800049920,0,1,0,0,2,1,1,B01
200800049921,0,7,0,0,1,0,15,A01
200800049922,0,7,0,12,0,1,1,A01
200800049923,0,7,0,0,2,1,13,A01
200800049923,0,7,0,0,2,1,1,B01
200800049924,0,7,0,0,2,2,9,A01
200800049924,0,30,0,0,2,0,0,B01
200800049925,0,2,0,0,2,1,1,A01
200800049925,0,7,0,0,2,4,1,B01
200800049926,0,1,0,0,2,1,15,A01
200800049926,0,7,0,0,2,1,1,B01
200800049927,0,7,0,0,1,1,1,A01
200800049928,0,7,0,0,2,3,17,A01
200800049928,0,2,0,0,2,1,17,B01
200800049929,0,2,0,0,1,1,1,A01
200800049930,0,7,0,0,2,3,9,B01
200800049930,0,10,0,6,2,1,1,A01
200800049931,1,7,0,0,1,1,0,A01
200800049932,0,7,0,0,2,3,15,A01
200800049932,0,1,0,0,2,0,1,B01
200800049933,0,7,0,0,2,3,15,B01
200800049933,0,7,0,0,2,1,1,A01
200800049934,0,30,0,0,0,8,1,A01
200800049935,0,1,0,0,0,0,1,A01
200800049936,0,1,0,0,2,0,1,B01
200800049936,0,7,0,0,2,1,1,A01
200800049937,0,30,0,0,2,8,1,A01
200800049937,0,7,0,0,0,7,1,B01
200800049938,0,1,0,0,0,1,19,A01
200800049938,0,7,0,0,2,2,1,B01
200800049939,0,7,0,0,2,1,1,A01
200800049939,0,7,0,0,0,1,1,B01
200800049939,0,7,0,0,0,4,1,C01
200800049940,0,2,0,0,0,8,1,A01
200800049941,0,7,0,12,0,1,1,A01
200800049942,0,7,0,0,1,1,1,A01
200800049943,0,7,0,0,2,1,2,A01
200800049943,0,7,0,0,2,4,2,B01
200800049944,0,7,0,0,2,0,9,A01
200800049944,0,33,0,0,2,0,21,B01
200800049945,0,7,0,0,2,3,9,A01
200800049945,0,33,0,0,2,1,1,B01
200800049946,0,7,0,0,2,4,15,A01
200800049946,0,31,0,0,2,1,1,B01
200800049947,1,1,0,0,1,1,1,A01
200800049948,0,7,0,0,1,0,9,A01
200800049949,0,7,0,0,2,3,9,A01
200800049949,0,30,0,0,2,1,1,B01
200800049950,0,7,0,0,2,1,2,A01
200800049950,0,7,0,0,2,4,2,B01
200800049951,0,7,0,0,1,1,17,A01
200800049952,1,7,0,0,2,1,1,B01
200800049952,0,7,0,0,9,4,1,C01
200800049952,1,7,0,0,2,1,1,D01
200800049952,0,7,0,6,2,4,24,A01
200800049953,0,7,0,0,2,4,15,B01
200800049953,0,7,0,0,2,1,2,A01
200800049954,0,2,0,0,2,0,1,A01
200800049954,1,7,0,0,2,0,1,B01
200800049955,0,7,0,13,0,7,21,A01
200800049956,0,17,0,0,1,2,1,A01
200800049957,0,7,0,0,2,1,13,A01
200800049957,0,37,1,0,2,1,1,B01
200800049958,0,34,0,12,0,7,1,A01
200800049959,0,33,0,3,0,1,17,A01
200800049960,0,33,0,0,2,7,17,A01
200800049960,0,7,0,0,2,1,9,B01
200800049961,0,37,62,0,1,5,2,A01
200800049962,0,7,0,0,2,1,20,A01
200800049962,0,33,0,0,2,1,1,B01
200800049963,0,7,0,0,2,8,9,A01
200800049963,0,7,0,0,2,1,1,B01
200800049964,0,7,0,0,2,1,1,A01
200800049964,0,7,0,0,2,4,1,B01
200800049964,0,30,0,0,2,1,1,C01
200800049965,0,2,0,0,2,3,2,A01
200800049965,0,7,0,0,2,5,1,B01
200800049966,0,7,0,0,2,2,12,A01
200800049966,0,33,0,0,2,3,1,B01
200800049967,0,10,0,0,2,1,2,A01
200800049967,0,7,0,0,2,4,1,B01
200800049968,0,7,0,0,2,7,2,A01
200800049968,0,7,0,0,2,6,1,B01
200800049969,0,7,0,2,0,2,14,A01
200800049970,0,7,0,0,1,2,1,A01
200800049971,0,7,0,0,2,3,9,A01
200800049971,0,17,0,0,2,7,1,B01
200800049972,0,33,0,0,2,2,1,B01
200800049972,0,10,0,0,2,6,1,A01
200800049973,0,7,0,0,1,2,1,A01
200800049974,0,7,0,0,2,1,2,A01
200800049974,0,7,0,0,2,2,1,B01
200800049974,0,7,0,0,0,0,12,C01
200800049975,0,33,0,0,2,1,1,B01
200800049975,0,7,0,0,2,1,15,A01
200800049976,0,1,0,0,2,1,5,A01
200800049976,0,7,0,0,2,1,1,B01
200800049977,0,7,0,0,1,1,0,A01
200800049978,0,7,0,1,0,2,13,A01
200800049979,0,7,0,0,2,1,1,A01
200800049979,0,7,0,0,2,4,23,B01
200800049980,0,2,0,0,9,1,2,A01
200800049980,0,2,0,0,2,1,2,B01
200800049981,0,1,0,0,2,1,19,B01
200800049981,0,7,0,0,9,3,0,A01
200800049982,0,3,0,0,1,2,14,A01
200800049983,0,7,0,0,2,8,9,A01
200800049983,0,33,0,0,2,1,1,B01
200800049984,0,2,0,0,2,8,17,A01
200800049984,0,7,0,0,2,8,15,B01
200800049985,0,7,0,0,2,1,2,A01
200800049985,0,7,0,0,2,4,1,B01
200800049986,0,7,0,0,2,3,15,A01
200800049986,0,7,0,0,2,3,1,B01
200800049987,0,7,0,0,2,1,1,A01
200800049987,0,7,0,0,2,4,1,B01
200800049988,0,1,0,0,0,0,1,A01
200800049989,0,2,0,0,0,0,1,A01
200800049990,0,7,0,0,2,3,23,B01
200800049990,0,30,0,0,2,0,1,A01
200800049991,0,7,0,8,0,1,1,A01
200800049992,1,7,0,0,1,0,1,A01
200800049993,0,7,0,0,2,3,1,B01
200800049993,0,7,0,0,2,2,9,A01
200800049994,0,7,0,0,0,4,1,B01
200800049994,0,7,0,0,2,1,2,A01
200800049995,0,2,0,0,0,0,0,B01
200800049995,0,7,0,0,2,3,15,A01
200800049996,0,2,0,0,1,0,1,A01
200800049997,0,2,0,0,2,3,0,B01
200800049997,0,2,0,0,2,1,1,A01
200800049998,0,2,0,0,2,0,16,B01
200800049998,0,10,0,0,2,0,17,A01
200800049999,0,7,0,0,0,8,10,A01
200800049999,0,33,0,0,2,8,1,B01
200800050000,0,30,0,1,0,2,2,B01
200800050000,0,7,0,1,2,0,22,A01
200800050001,0,7,0,0,2,1,21,B01
200800050001,0,7,0,0,2,1,5,A01
200800050002,0,2,0,0,2,1,2,A01
200800050002,0,7,0,0,2,8,17,B01
200800050003,0,7,0,0,0,0,1,B01
200800050003,0,7,0,0,2,0,1,A01
200800050004,0,30,0,0,2,1,5,B01
200800050004,0,30,0,0,2,2,1,A01
200800050005,0,33,0,0,2,7,1,B01
200800050005,0,7,0,0,2,3,15,A01
200800050006,0,7,0,0,2,3,15,B01
200800050006,0,7,0,0,2,1,1,A01
200800050007,0,7,0,0,2,8,15,B01
200800050007,0,2,0,0,2,1,1,A01
200800050008,0,10,0,13,0,1,19,A01
200800050009,0,7,0,0,2,7,15,B01
200800050009,0,33,0,0,2,1,1,A01
200800050010,0,2,0,1,0,1,1,A01
200800050011,0,2,0,0,2,1,3,A01
200800050011,0,7,0,0,2,4,1,B01
200800050012,0,30,0,0,2,3,17,A01
200800050012,0,7,0,0,2,5,1,B01
200800050013,0,7,0,0,1,2,1,A01
200800050014,0,15,0,0,1,5,16,A01
200800050015,0,7,0,0,2,3,15,A01
200800050015,0,33,0,0,2,3,1,B01
200800050016,0,2,0,0,2,1,1,A01
200800050016,0,7,0,0,1,1,16,B01
200800050017,0,33,0,0,2,1,9,A01
200800050017,0,7,0,0,2,7,1,B01
200800050018,0,33,0,13,0,1,17,A01
200800050019,0,7,0,0,2,3,15,A01
200800050019,0,30,0,0,2,1,1,B01
200800050020,0,10,0,0,1,2,9,A01
200800050021,0,7,0,7,0,1,13,A01
200800050022,0,30,0,15,0,0,0,A01
200800050023,0,30,0,1,0,1,2,A01
200800050024,0,7,0,0,1,1,1,A01
200800050025,0,7,0,0,2,1,1,A01
200800050025,0,7,0,0,2,7,1,B01
200800050026,0,7,0,0,2,2,15,A01
200800050026,0,7,0,0,2,8,1,B01
200800050027,0,7,0,0,2,1,16,A01
200800050027,0,1,0,0,2,1,1,B01
200800050028,1,7,0,0,2,1,1,A01
200800050028,0,2,0,0,2,1,1,B01
200800050029,2,2,0,0,1,1,1,A01
200800050030,0,7,0,0,1,1,1,A01
200800050031,0,1,0,0,2,7,1,A01
200800050031,0,7,0,0,2,1,1,B01
200800050032,0,7,0,0,2,3,15,A01
200800050032,0,1,0,0,2,0,1,B01
200800050033,0,2,0,0,2,7,2,B01
200800050033,0,7,0,0,2,3,9,A01
200800050034,0,14,0,0,2,4,16,A01
200800050034,0,7,0,0,2,2,9,B01
200800050035,0,7,0,8,0,1,1,A01
200800050036,0,7,0,0,1,1,15,A01
200800050037,0,33,0,15,0,1,1,A01
200800050038,0,7,0,0,2,4,4,A01
200800050038,0,2,0,0,2,1,1,B01
200800050039,0,7,0,0,2,1,15,B01
200800050039,0,1,0,0,2,1,1,A01
200800050040,0,2,0,0,2,1,1,A01
200800050040,0,1,0,0,2,1,0,B01
200800050041,0,7,0,0,2,5,15,A01
200800050041,0,31,0,0,2,1,1,B01
200800050042,0,7,0,0,2,2,16,A01
200800050042,0,2,0,0,2,1,1,B01
200800050043,0,7,0,0,2,1,15,A01
200800050043,0,2,0,0,2,1,1,B01
200800050044,0,13,0,0,1,4,4,A01
200800050045,0,7,0,0,2,4,9,A01
200800050045,0,7,0,0,2,1,1,B01
200800050046,0,7,0,0,2,7,1,A01
200800050046,0,7,0,0,2,1,15,B01
200800050047,0,14,0,0,1,0,1,A01
200800050048,0,33,0,0,2,1,15,B01
200800050048,0,7,0,0,2,1,1,A01
200800050049,0,31,0,0,1,1,1,A01
200800050050,0,7,0,0,2,8,15,A01
200800050050,0,31,0,0,2,1,1,B01
200800050051,0,33,0,0,2,1,1,A01
200800050051,0,7,0,0,2,3,15,B01
200800050052,0,7,0,0,2,1,1,B01
200800050052,0,7,0,0,2,3,1,A01
200800050053,0,7,0,0,2,6,10,A01
200800050053,0,33,0,0,2,1,1,B01
200800050054,0,7,0,1,0,1,0,A01
200800050055,0,7,0,0,2,5,19,A01
200800050055,0,33,0,0,2,1,2,B01
200800050056,0,7,0,5,0,1,1,A01
200800050057,1,30,0,0,0,0,0,A01
200800050058,0,33,0,0,0,0,1,A01
200800050059,0,7,0,0,2,5,15,A01
200800050059,0,33,0,0,2,1,1,B01
200800050059,0,7,0,0,2,2,1,C01
200800050060,0,7,0,0,2,1,1,A01
200800050060,0,33,0,0,2,4,23,B01
200800050061,0,1,0,0,2,1,19,A01
200800050061,0,7,0,0,2,2,2,B01
200800050062,0,7,0,0,2,8,15,A01
200800050062,0,33,0,0,2,1,1,B01
200800050063,0,33,0,0,2,1,17,A01
200800050063,0,7,0,0,2,3,15,B01
200800050064,0,2,0,0,9,0,1,A01
200800050065,0,7,0,0,2,1,2,A01
200800050065,0,7,0,0,2,4,23,B01
200800050066,0,2,0,0,2,4,19,A01
200800050066,0,7,0,0,2,1,2,B01
200800050067,1,7,0,0,1,1,1,A01
200800050068,0,33,0,0,0,7,1,B01
200800050069,0,7,0,0,2,4,4,A01
200800050069,0,1,0,0,2,1,19,B01
200800050070,0,15,0,0,2,6,1,A01
200800050070,0,1,0,0,2,1,1,B01
200800050071,0,31,0,0,2,1,1,A01
200800050071,0,7,0,0,2,3,1,B01
200800050072,0,7,0,0,1,1,1,A01
200800050073,0,7,0,0,2,7,10,A01
200800050073,0,7,0,0,2,1,1,B01
200800050074,0,10,0,0,2,1,1,A01
200800050074,0,37,44,0,2,6,1,B01
200800050075,0,7,0,0,2,6,0,A01
200800050075,0,31,0,0,2,1,1,B01
200800050076,0,7,0,0,1,2,1,A01
200800050077,0,34,0,13,0,0,13,A01
200800050078,0,7,0,0,1,1,0,A01
200800050079,0,7,0,0,2,1,1,B01
200800050079,0,10,0,0,2,5,1,A01
200800050080,0,14,0,0,1,1,1,A01
200800050081,0,7,0,0,2,3,6,A01
200800050081,0,14,0,0,2,3,1,B01
200800050082,0,7,0,0,1,1,9,A01
200800050083,0,7,0,0,2,0,9,A01
200800050083,0,2,0,0,2,1,2,B01
200800050084,0,7,0,0,2,3,1,B01
200800050084,0,32,0,0,2,7,1,A01
200800050085,0,7,0,0,1,1,2,A01
200800050086,0,7,0,0,2,1,16,A01
200800050086,0,33,0,0,2,0,1,B01
200800050087,0,7,0,0,2,5,1,B01
200800050087,0,2,0,8,2,1,18,A01
200800050088,0,33,0,0,0,0,1,A01
200800050089,0,30,0,0,2,1,1,A01
200800050089,0,7,0,0,2,5,0,B01
200800050090,0,1,0,0,2,1,1,A01
200800050090,0,1,0,0,2,1,1,B01
200800050091,0,7,0,0,2,3,9,A01
200800050091,0,30,0,0,2,7,1,B01
200800050092,0,7,0,0,2,4,1,A01
200800050092,0,7,0,0,2,1,1,B01
200800050093,0,7,0,0,1,2,1,A01
200800050094,0,7,0,0,2,1,1,A01
200800050094,0,7,0,0,2,4,1,B01
200800050094,0,7,0,0,2,6,1,C01
200800050095,0,7,0,0,2,1,20,A01
200800050095,0,30,0,0,2,1,1,B01
200800050096,0,7,0,0,2,1,1,A01
200800050096,0,7,0,0,2,4,4,B01
200800050097,0,7,0,0,1,1,2,A01
200800050098,0,30,0,0,0,8,1,A01
200800050099,0,7,0,10,2,1,2,B01
200800050099,0,7,0,0,2,1,2,A01
200800050100,0,1,0,0,1,1,1,A01
200800050101,1,30,0,0,1,1,1,A01
200800050102,0,7,0,0,1,2,1,A01
200800050103,0,7,0,0,2,1,9,A01
200800050103,0,33,0,0,2,1,17,B01
200800050104,0,7,0,0,2,3,0,B01
200800050104,0,30,0,0,2,8,15,A01
200800050105,0,2,0,8,0,0,1,A01
200800050106,0,2,0,0,0,0,1,A01
200800050107,0,31,0,0,2,1,1,A01
200800050107,0,7,0,0,0,4,1,B01
200800050108,0,30,0,0,0,8,1,A01
200800050109,0,7,0,2,0,1,1,A01
200800050110,0,7,0,0,2,0,16,A01
200800050110,0,2,0,0,2,8,1,B01
200800050111,0,7,0,0,2,1,15,A01
200800050111,0,7,0,0,2,1,1,B01
200800050112,0,7,0,0,2,1,15,A01
200800050112,0,7,0,0,2,2,1,B01
200800050113,0,7,0,0,2,2,15,A01
200800050113,0,2,0,0,2,1,1,B01
200800050114,0,7,0,0,2,6,9,A01
200800050114,0,31,0,0,2,1,1,B01
200800050115,0,7,0,0,2,1,1,A01
200800050115,0,7,0,7,2,4,2,B01
200800050116,0,33,0,0,2,1,1,B01
200800050116,0,7,0,14,2,9,1,A01
200800050117,0,7,0,0,2,8,22,A01
200800050117,0,1,0,1,2,0,1,B01
200800050118,0,7,0,0,1,0,1,A01
200800050119,0,7,0,1,1,2,16,A01
200800050120,0,2,0,0,2,1,17,A01
200800050120,0,7,0,0,2,8,15,B01
200800050121,0,32,0,0,2,9,1,B01
200800050121,0,7,0,14,2,1,1,A01
200800050122,0,7,0,0,2,1,13,A01
200800050122,0,2,0,0,2,1,1,B01
200800050123,0,2,0,0,2,9,15,A01
200800050123,0,30,0,0,2,7,1,B01
200800050124,0,7,0,0,2,0,15,A01
200800050124,0,32,0,0,2,9,1,B01
200800050125,0,1,0,0,2,1,13,A01
200800050125,0,7,0,0,2,1,1,B01
200800050126,0,7,0,0,2,1,1,B01
200800050126,0,7,0,14,2,9,1,A01
200800050127,0,2,0,0,1,9,1,A01
200800050128,0,7,0,14,2,1,1,A01
200800050128,0,7,0,0,2,3,1,B01
200800050129,0,2,0,4,1,9,1,A01
200800050130,0,7,0,0,1,0,1,A01
200800050131,0,7,0,0,2,1,1,B01
200800050131,0,7,0,14,2,8,1,A01
200800050132,0,7,0,0,2,2,15,A01
200800050132,0,33,0,0,2,1,1,B01
200800050133,0,7,0,0,2,0,22,A01
200800050133,0,1,0,1,2,0,1,B01
200800050134,0,7,0,0,2,1,10,A01
200800050134,0,7,0,0,2,9,1,B01
200800050135,0,2,0,0,2,1,1,B01
200800050135,0,7,0,0,2,2,15,A01
200800050136,0,7,0,0,2,4,10,A01
200800050136,0,34,0,0,2,1,1,B01
200800050137,0,7,0,0,1,0,4,A01
200800050138,0,2,0,0,2,1,1,A01
200800050138,0,7,0,0,2,8,15,B01
200800050139,1,7,0,0,2,0,17,A01
200800050139,0,7,0,0,2,5,15,B01
200800050140,0,7,0,0,1,0,1,A01
200800050141,0,1,0,0,2,0,1,A01
200800050141,0,2,0,0,2,0,1,B01
200800050142,0,2,0,0,2,9,1,A01
200800050142,0,7,0,0,2,5,15,B01
200800050143,0,7,0,0,2,0,2,A01
200800050143,0,7,0,0,2,9,2,B01
200800050143,0,7,0,0,2,4,23,C01
200800050144,1,2,0,0,1,1,17,A01
200800050145,0,37,2,0,0,3,15,A01
200800050145,0,2,0,0,0,1,0,B01
200800050146,0,7,0,0,0,2,15,A01
200800050146,0,33,0,0,2,1,1,B01
200800050147,0,7,0,0,0,0,15,A01
200800050147,0,32,0,0,0,0,0,B01
200800050148,0,7,0,0,0,8,0,A01
200800050148,0,30,0,0,0,0,0,B01
200800050149,0,7,0,0,2,4,23,B01
200800050149,0,7,0,0,2,4,2,A01
200800050150,0,30,0,0,1,1,1,A01
200800050151,0,7,0,0,2,1,9,A01
200800050151,0,32,0,0,2,7,2,B01
200800050152,0,7,0,0,2,2,13,A01
200800050152,0,10,0,0,2,3,5,B01
200800050153,0,7,0,0,9,3,9,A01
200800050153,0,1,0,0,2,2,0,B01
200800050154,0,7,0,0,2,3,9,A01
200800050154,0,2,0,0,2,1,1,B01
200800050155,0,30,0,0,1,1,1,A01
200800050156,0,32,0,0,2,1,1,B01
200800050156,0,7,0,0,2,3,0,A01
200800050157,1,7,0,0,2,1,5,A01
200800050157,0,7,0,0,2,1,1,B01
200800050158,0,7,0,0,1,1,0,A01
200800050159,0,7,0,0,2,3,1,B01
200800050159,0,1,0,0,2,1,1,A01
200800050160,0,7,0,0,2,1,5,A01
200800050160,0,7,0,0,2,6,15,B01
200800050161,0,7,0,0,2,1,0,A01
200800050161,0,7,0,0,2,5,1,B01
200800050162,0,7,0,0,1,1,1,A01
200800050163,0,7,0,0,2,1,17,A01
200800050163,0,7,0,0,2,8,15,B01
200800050164,0,7,0,0,1,2,1,A01
200800050165,0,7,0,0,2,3,1,A01
200800050165,0,2,0,0,2,0,3,B01
200800050166,0,7,0,0,2,1,1,A01
200800050166,0,7,0,0,2,4,1,B01
200800050166,0,7,0,0,2,4,1,C01
200800050167,0,31,0,0,2,1,1,A01
200800050167,0,7,0,0,2,7,1,B01
200800050168,0,1,0,0,2,7,1,A01
200800050168,0,7,0,0,2,1,1,B01
200800050169,0,30,0,1,0,1,1,A01
200800050170,0,7,0,0,2,3,0,B01
200800050170,0,2,0,0,2,7,0,A01
200800050171,0,33,0,0,2,1,2,A01
200800050171,0,7,0,0,2,6,1,B01
200800050172,0,7,0,0,2,1,1,B01
200800050172,0,7,0,0,2,7,1,A01
200800050173,0,7,0,0,2,7,1,A01
200800050173,0,7,0,0,2,1,1,B01
200800050173,0,7,0,0,0,1,1,C01
200800050174,0,7,0,0,1,1,1,A01
200800050175,0,36,0,1,9,1,1,A01
200800050176,0,7,0,6,1,2,1,A01
200800050177,0,7,0,0,1,2,16,A01
200800050178,0,7,0,0,1,1,1,A01
200800050178,0,1,0,0,2,1,2,B01
200800050179,0,7,0,0,2,2,15,A01
200800050179,0,2,0,0,2,1,1,B01
200800050180,0,2,0,0,2,1,1,A01
200800050180,0,7,0,0,2,3,13,B01
200800050181,0,7,0,0,1,0,1,A01
200800050182,0,13,0,0,1,1,1,A01
200800050183,0,7,0,0,1,1,1,A01
200800050184,0,2,0,0,2,1,13,A01
200800050184,0,7,0,0,2,1,1,B01
200800050185,0,7,0,0,1,1,1,A01
200800050186,0,32,0,0,1,2,1,A01
200800050187,0,7,0,0,0,8,15,B01
200800050187,0,33,0,0,2,1,1,A01
200800050188,0,7,0,0,1,1,1,A01
200800050189,0,30,0,0,0,7,1,A01
200800050190,0,30,0,0,2,8,13,A01
200800050190,0,7,0,0,2,3,5,B01
200800050191,0,7,0,0,0,0,1,A01
200800050191,0,30,0,0,0,7,1,B01
200800050192,0,2,0,0,2,1,2,A01
200800050192,0,7,0,0,9,3,15,B01
200800050193,0,7,0,0,0,7,15,A01
200800050193,0,33,0,0,2,1,1,B01
200800050194,0,2,0,0,2,1,2,A01
200800050194,0,7,0,0,2,4,2,B01
200800050195,0,7,0,0,2,7,15,A01
200800050195,0,33,0,0,2,3,1,B01
200800050196,0,7,0,0,2,1,13,A01
200800050196,0,7,0,0,2,1,13,B01
200800050197,0,7,0,0,1,2,17,A01
200800050198,0,30,0,16,0,7,1,A01
200800050199,0,2,0,1,0,1,1,A01
200800050200,1,7,0,0,1,1,1,A01
200800050201,1,7,0,0,0,0,1,A01
200800050201,0,33,0,0,0,0,1,B01
200800050202,0,7,0,0,2,7,15,B01
200800050202,0,31,0,0,2,7,1,A01
200800050203,0,10,0,0,2,1,13,A01
200800050203,0,7,0,0,2,1,0,B01
200800050204,0,2,0,0,2,1,1,B01
200800050204,0,2,0,0,2,1,17,A01
200800050205,0,7,0,0,1,3,1,A01
200800050206,0,7,0,0,2,3,15,A01
200800050206,0,2,0,0,2,1,17,B01
200800050207,0,7,0,0,2,3,15,A01
200800050207,0,2,0,0,2,1,1,B01
200800050208,0,7,0,15,0,3,1,A01
200800050209,0,7,0,0,1,2,1,A01
200800050210,0,2,0,0,1,1,17,A01
200800050210,0,7,0,0,2,3,15,B01
200800050211,0,2,0,0,2,2,17,A01
200800050211,0,7,0,0,2,3,15,B01
200800050212,2,7,0,0,2,1,19,A01
200800050212,0,7,0,0,2,2,1,B01
200800050213,0,30,0,0,2,1,1,B01
200800050213,0,1,0,0,2,1,15,A01
200800050214,0,7,0,0,2,1,2,A01
200800050214,0,7,0,0,2,4,2,B01
200800050214,0,7,0,0,2,4,2,C01
200800050215,0,7,0,0,2,8,16,A01
200800050215,0,2,0,0,2,1,1,B01
200800050216,0,31,0,0,2,1,1,A01
200800050216,0,17,0,0,0,5,15,B01
200800050217,0,7,0,0,2,2,15,A01
200800050217,0,2,0,0,2,1,1,B01
200800050218,0,7,0,0,2,3,17,A01
200800050218,0,2,0,0,2,1,21,B01
200800050219,0,7,0,0,2,3,10,A01
200800050219,0,33,0,0,2,7,17,B01
200800050220,0,2,0,0,2,1,16,B01
200800050220,0,7,0,0,2,2,1,A01
200800050221,0,10,0,0,1,2,1,A01
200800050221,0,1,0,0,2,1,19,B01
200800050222,0,7,0,0,2,5,16,B01
200800050222,0,2,0,0,2,8,1,A01
200800050223,0,7,0,6,1,1,20,A01
200800050224,0,7,0,0,2,1,1,A01
200800050224,0,7,0,0,2,4,1,B01
200800050224,0,7,0,0,2,4,1,C01
200800050224,0,7,0,0,2,4,1,D01
200800050225,0,10,0,0,2,7,10,A01
200800050225,0,33,0,0,2,1,1,B01
200800050226,0,2,0,0,2,1,1,A01
200800050226,0,7,0,0,2,1,15,B01
200800050227,0,7,0,0,2,1,9,A01
200800050227,0,2,0,0,0,0,1,B01
200800050228,0,7,0,0,2,3,1,A01
200800050228,0,2,0,0,2,1,15,B01
200800050229,0,7,0,0,9,3,15,B01
200800050229,0,2,0,0,2,1,1,A01
200800050230,0,7,0,6,1,9,13,A01
200800050231,0,7,0,1,1,1,15,A01
200800050232,0,7,0,0,2,1,15,A01
200800050232,0,7,0,0,2,3,1,B01
200800050233,0,7,0,0,1,2,1,A01
200800050234,0,7,0,0,2,8,1,B01
200800050234,0,7,0,0,2,3,13,A01