Num_Acc,senc,catv,occutc,obs,obsm,choc,manv,num_veh
200800050235,0,7,0,0,9,5,15,A01
200800050235,0,2,0,0,2,1,1,B01
200800050236,0,7,0,0,2,2,21,B01
200800050236,0,30,0,0,0,4,13,A01
200800050237,0,7,0,0,2,3,15,A01
200800050237,0,2,0,0,2,1,1,B01
200800050238,0,7,0,0,2,8,1,B01
200800050238,0,30,0,0,2,1,15,A01
200800050239,0,7,0,0,2,7,16,A01
200800050239,0,30,0,0,2,1,1,B01
200800050240,0,1,0,0,2,8,15,A01
200800050240,0,7,0,0,2,2,1,B01
200800050241,0,30,0,0,2,2,1,A01
200800050241,0,7,0,0,2,2,1,B01
200800050242,0,7,0,0,2,0,1,B01
200800050242,0,7,0,0,2,3,15,A01
200800050243,0,13,0,0,2,2,16,A01
200800050243,0,1,0,0,2,1,1,B01
200800050244,0,1,0,0,2,1,1,B01
200800050244,0,7,0,0,2,8,16,A01
200800050245,0,7,0,0,2,1,2,A01
200800050245,0,7,0,0,2,4,1,B01
200800050246,1,7,0,0,1,0,1,A01
200800050247,0,1,0,0,2,1,13,A01
200800050247,0,7,0,0,2,8,1,B01
200800050248,0,14,0,0,2,3,16,A01
200800050248,0,2,0,0,2,1,1,B01
200800050249,0,2,0,0,2,4,1,B01
200800050249,0,2,0,0,0,7,1,A01
200800050250,0,7,0,2,0,1,14,A01
200800050251,0,30,0,0,0,9,2,A01
200800050251,0,7,0,0,2,5,16,B01
200800050252,0,7,0,0,2,2,21,A01
200800050252,0,7,0,0,0,6,23,B01
200800050253,0,7,0,9,0,9,0,A01
200800050254,0,7,0,8,0,1,1,A01
200800050255,0,7,0,0,1,2,1,A01
200800050255,0,30,0,0,1,1,1,B01
200800050256,0,1,0,0,2,6,19,A01
200800050256,0,2,0,0,2,2,1,B01
200800050257,0,1,0,0,2,1,16,B01
200800050257,0,7,0,0,0,2,1,A01
200800050258,0,7,0,0,1,2,1,A01
200800050259,0,7,0,0,0,0,2,B01
200800050259,0,7,0,1,2,1,2,A01
200800050260,0,7,0,0,2,1,1,A01
200800050260,0,7,0,0,2,8,1,B01
200800050261,0,7,0,0,2,8,16,A01
200800050261,0,7,0,0,2,1,1,B01
200800050262,0,7,0,0,2,6,0,B01
200800050262,0,7,0,1,0,7,1,A01
200800050263,0,7,0,0,0,1,2,A01
200800050263,0,7,0,0,2,4,23,B01
200800050263,0,7,0,0,2,4,23,C01
200800050264,0,7,0,0,2,1,15,A01
200800050264,0,1,0,0,2,1,1,B01
200800050265,0,7,0,0,2,1,9,A01
200800050265,0,7,0,0,2,1,0,B01
200800050266,0,7,0,0,2,1,15,A01
200800050266,0,7,0,0,2,1,1,B01
200800050267,0,33,0,0,2,2,0,A01
200800050267,0,7,0,0,2,8,9,B01
200800050268,0,2,0,0,2,1,17,A01
200800050268,0,7,0,0,2,3,15,B01
200800050269,0,7,0,0,2,1,15,B01
200800050269,0,30,0,0,2,1,1,A01
200800050270,0,7,0,1,0,3,15,A01
200800050271,0,7,0,0,2,1,1,A01
200800050271,0,30,0,0,2,7,16,B01
200800050272,0,7,0,0,2,4,2,B01
200800050272,0,10,0,0,2,1,2,A01
200800050273,0,7,0,13,0,0,0,A01
200800050274,0,2,0,0,2,4,23,B01
200800050274,0,7,0,0,2,1,2,A01
200800050275,0,30,0,0,2,1,16,B01
200800050275,0,7,0,0,2,8,10,A01
200800050276,0,7,0,0,2,1,2,A01
200800050276,0,7,0,0,2,4,2,B01
200800050277,0,7,0,0,2,3,1,B01
200800050277,0,7,0,0,2,1,15,A01
200800050278,0,7,0,0,2,2,15,B01
200800050278,0,7,0,0,2,1,1,A01
200800050279,0,34,0,0,2,1,1,B01
200800050279,0,7,0,0,2,7,15,A01
200800050280,0,7,0,0,2,8,9,A01
200800050280,0,30,0,0,2,1,15,B01
200800050281,0,30,0,0,2,1,13,A01
200800050281,0,7,0,0,2,2,1,B01
200800050282,0,30,0,0,0,8,14,A01
200800050283,0,2,0,0,2,1,1,B01
200800050283,0,7,0,0,2,9,13,A01
200800050284,0,7,0,0,2,1,1,B01
200800050284,0,30,0,0,2,8,13,A01
200800050285,0,10,0,0,1,2,14,A01
200800050286,0,7,0,0,1,6,4,A01
200800050287,0,7,0,0,2,4,1,B01
200800050287,0,7,0,0,2,1,2,A01
200800050288,0,31,0,0,2,1,17,B01
200800050288,0,7,0,0,0,8,15,A01
200800050289,0,7,0,0,2,1,1,B01
200800050289,0,7,0,6,2,1,2,A01
200800050290,0,7,0,0,2,0,15,B01
200800050290,0,7,0,0,2,8,1,A01
200800050291,0,33,0,0,2,7,2,A01
200800050291,0,1,0,0,2,7,2,B01
200800050292,0,7,0,0,2,2,15,A01
200800050292,0,33,0,0,2,5,1,B01
200800050293,0,7,0,0,2,3,9,A01
200800050293,0,30,0,0,2,1,21,B01
200800050294,0,7,0,0,2,1,1,A01
200800050294,0,13,0,0,2,4,1,C01
200800050294,0,7,0,0,2,1,1,B01
200800050295,0,7,0,0,2,1,2,A01
200800050295,0,7,0,0,2,4,2,C01
200800050295,0,31,0,0,2,1,2,B01
200800050296,0,33,0,0,2,2,1,B01
200800050296,0,7,0,0,2,3,15,A01
200800050297,0,7,0,0,2,1,19,B01
200800050297,0,7,0,0,2,2,19,A01
200800050298,0,10,0,0,2,1,1,A01
200800050298,0,39,0,0,2,1,1,B01
200800050299,0,10,0,0,2,1,2,A01
200800050299,0,7,0,0,2,4,23,C01
200800050299,0,7,0,0,2,1,23,B01
200800050300,0,7,0,0,1,2,1,A01
200800050301,0,30,0,0,2,1,2,B01
200800050301,0,7,0,0,2,4,2,A01
200800050301,0,7,0,0,2,4,2,C01
200800050302,0,7,0,0,2,3,1,B01
200800050302,0,1,0,0,2,1,1,A01
200800050303,0,7,0,0,1,5,1,A01
200800050304,0,7,0,0,2,3,15,A01
200800050304,0,7,0,0,2,1,17,B01
200800050305,0,7,0,0,2,1,13,A01
200800050305,0,14,0,0,2,1,1,B01
200800050306,0,7,0,0,2,2,2,B01
200800050306,0,7,0,0,2,1,1,A01
200800050307,0,7,0,0,2,2,1,A01
200800050307,0,7,0,0,0,1,1,B01
200800050308,0,7,0,13,0,1,14,A01
200800050309,0,1,0,0,2,1,5,A01
200800050309,0,7,0,0,9,1,1,B01
200800050310,0,10,0,0,1,2,1,A01
200800050311,0,7,0,0,2,2,1,B01
200800050311,0,7,0,0,2,8,1,A01
200800050312,0,7,0,0,9,2,2,A01
200800050312,0,2,0,0,2,4,2,B01
200800050313,0,7,0,0,2,9,1,A01
200800050313,0,7,0,0,2,3,1,B01
200800050314,0,7,0,0,2,5,4,A01
200800050314,0,7,0,0,2,1,1,B01
200800050315,0,7,0,1,0,1,6,A01
200800050316,0,7,0,8,0,1,13,A01
200800050317,0,2,0,1,0,0,0,A01
200800050318,0,7,0,0,1,1,16,A01
200800050319,0,32,0,0,2,1,18,A01
200800050319,0,7,0,0,2,3,1,B01
200800050320,0,7,0,0,2,1,0,B01
200800050320,0,30,0,0,2,1,0,A01
200800050321,0,7,0,0,1,1,0,A01
200800050321,0,1,0,0,2,7,0,B01
200800050322,0,15,0,0,0,5,15,A01
200800050322,0,33,0,14,2,6,21,B01
200800050323,0,7,0,0,2,4,4,A01
200800050323,0,30,0,0,2,6,0,B01
200800050324,0,7,0,8,0,1,2,A01
200800050325,0,33,0,0,0,8,1,B01
200800050325,0,33,0,11,0,1,17,A01
200800050326,0,31,0,0,2,1,1,B01
200800050326,0,7,0,0,2,2,1,A01
200800050327,0,7,0,0,2,8,20,A01
200800050327,0,33,0,0,2,2,1,B01
200800050328,0,7,0,0,2,7,16,A01
200800050328,0,37,2,0,2,8,7,B01
200800050329,1,7,0,0,2,1,1,A01
200800050329,0,7,0,0,2,4,23,B01
200800050330,0,7,0,0,1,1,16,A01
200800050331,0,7,0,0,2,1,1,B01
200800050331,0,7,0,0,2,8,1,A01
200800050332,0,7,0,0,2,3,1,B01
200800050332,0,7,0,0,2,2,15,A01
200800050333,0,7,0,0,2,2,15,A01
200800050333,0,7,0,0,2,1,1,B01
200800050334,0,7,0,0,2,1,0,A01
200800050334,0,38,1,0,2,1,0,B01
200800050335,0,30,0,0,2,7,17,A01
200800050335,0,7,0,0,2,3,15,B01
200800050336,0,7,0,0,2,1,1,B01
200800050336,0,33,0,0,2,2,1,A01
200800050337,0,10,0,0,2,1,1,B01
200800050337,0,7,0,0,2,2,1,A01
200800050338,0,2,0,0,2,4,0,A01
200800050338,0,7,0,0,0,4,0,B01
200800050339,0,2,0,0,2,8,1,B01
200800050339,0,7,0,0,2,1,15,A01
200800050340,0,7,0,0,2,5,4,A01
200800050340,0,7,0,0,2,8,1,B01
200800050341,0,7,0,0,1,1,1,A01
200800050342,0,7,0,0,2,6,1,B01
200800050342,0,7,0,0,2,1,1,A01
200800050343,0,7,0,0,0,7,0,B01
200800050343,0,1,0,0,2,7,0,A01
200800050344,0,7,0,0,2,1,13,A01
200800050344,0,7,0,0,2,8,1,B01
200800050345,0,7,0,0,2,7,15,A01
200800050345,0,7,0,0,2,1,1,B01
200800050346,0,7,0,0,2,2,13,A01
200800050346,0,7,0,0,2,3,0,B01
200800050347,0,7,0,0,2,1,18,A01
200800050347,0,7,0,0,2,7,1,B01
200800050348,0,7,0,0,2,1,5,A01
200800050348,0,7,0,0,2,1,1,B01
200800050349,0,7,0,0,2,2,9,A01
200800050349,0,31,0,1,2,1,1,B01
200800050350,0,37,0,0,2,1,2,A01
200800050350,0,7,0,0,0,4,1,B01
200800050351,0,33,0,0,2,1,17,A01
200800050351,0,7,0,0,0,8,15,B01
200800050352,0,7,0,0,2,7,1,B01
200800050352,0,7,0,0,2,1,1,A01
200800050353,0,7,0,15,2,3,15,A01
200800050353,0,7,0,0,2,2,1,B01
200800050354,0,7,0,0,1,1,15,A01
200800050355,0,7,0,1,2,8,1,B01
200800050355,0,7,0,0,2,1,1,A01
200800050356,0,31,0,0,2,7,21,A01
200800050356,0,7,0,0,0,4,1,B01
200800050357,0,7,0,0,2,1,16,B01
200800050357,0,7,0,0,2,2,15,A01
200800050358,0,30,0,1,2,1,1,A01
200800050358,0,7,0,0,2,2,16,B01
200800050359,0,32,0,0,1,1,1,A01
200800050360,0,32,0,0,2,1,15,A01
200800050360,0,7,0,0,2,7,1,B01
200800050361,0,7,0,0,2,7,15,A01
200800050361,0,7,0,0,2,1,1,B01
200800050362,0,7,0,15,0,1,0,A01
200800050363,0,7,0,0,1,4,1,A01
200800050364,0,31,0,0,2,1,0,A01
200800050364,0,7,0,0,2,2,0,B01
200800050365,0,7,0,0,1,2,15,A01
200800050366,0,10,0,0,2,7,19,A01
200800050366,0,33,0,0,2,8,1,B01
200800050367,0,7,0,0,2,3,10,A01
200800050367,0,33,0,0,2,2,5,B01
200800050368,0,7,0,1,0,1,1,A01
200800050369,0,7,0,0,2,1,1,B01
200800050369,0,3,0,0,2,3,1,A01
200800050370,0,7,0,0,2,3,10,A01
200800050370,0,33,0,0,2,1,1,B01
200800050371,0,30,0,0,2,1,1,A01
200800050371,0,7,0,0,2,4,1,B01
200800050372,0,7,0,0,1,1,15,A01
200800050373,0,37,1,0,1,1,1,A01
200800050374,0,7,0,0,1,2,1,A01
200800050375,0,10,0,0,1,3,1,A01
200800050376,0,33,0,0,2,7,1,B01
200800050376,0,7,0,0,2,3,9,A01
200800050377,0,7,0,0,2,8,1,B01
200800050377,0,30,0,0,2,1,1,A01
200800050378,0,7,0,0,2,3,5,A01
200800050378,0,7,0,0,2,3,1,B01
200800050379,0,33,0,0,5,1,1,A01
200800050380,0,33,0,0,2,1,1,B01
200800050380,1,7,0,0,0,8,10,A01
200800050381,0,7,0,0,2,2,15,A01
200800050381,0,2,0,0,2,1,1,B01
200800050382,0,7,0,0,2,2,2,A01
200800050382,0,2,0,0,2,4,23,B01
200800050383,0,33,0,5,0,1,1,A01
200800050384,0,7,0,0,2,6,1,A01
200800050384,0,31,0,0,2,1,1,B01
200800050385,0,7,0,0,2,3,15,A01
200800050385,0,2,0,0,2,1,17,B01
200800050386,0,7,0,0,2,2,1,B01
200800050386,0,2,0,0,2,1,5,A01
200800050387,0,33,0,0,2,1,17,A01
200800050387,0,7,0,0,2,3,11,B01
200800050388,0,30,0,0,2,1,1,A01
200800050388,0,2,0,0,2,4,15,B01
200800050389,0,30,0,12,0,7,14,A01
200800050390,0,3,0,0,2,9,13,A01
200800050390,0,7,0,0,2,1,1,B01
200800050390,0,7,0,0,2,3,1,C01
200800050391,0,7,0,0,0,1,1,A01
200800050392,0,10,0,0,1,1,15,A01
200800050393,0,7,0,0,2,1,1,A01
200800050393,0,7,0,0,2,9,1,B01
200800050394,0,7,0,0,2,1,1,A01
200800050394,0,7,0,0,0,4,1,B01
200800050395,0,1,0,0,2,8,3,B01
200800050395,0,7,0,0,2,1,2,A01
200800050396,0,7,0,15,0,1,1,A01
200800050397,0,7,0,0,0,8,15,A01
200800050397,0,32,0,0,2,1,1,B01
200800050398,0,7,0,3,0,1,1,A01
200800050399,0,10,0,0,2,1,5,A01
200800050399,0,7,0,0,2,1,1,B01
200800050400,0,7,0,0,1,1,1,A01
200800050401,0,10,0,0,0,3,1,A01
200800050401,0,10,0,0,0,3,1,B01
200800050401,0,30,0,0,0,1,1,C01
200800050402,0,7,0,0,1,6,4,A01
200800050403,0,7,0,8,0,1,1,A01
200800050404,0,7,0,0,2,2,15,A01
200800050404,0,2,0,0,2,1,1,B01
200800050405,0,7,0,0,9,7,15,A01
200800050405,0,1,0,0,2,3,1,B01
200800050406,0,7,0,0,1,2,1,A01
200800050407,0,7,0,0,2,3,15,A01
200800050407,0,32,0,0,2,1,1,B01
200800050408,0,1,0,0,2,2,1,B01
200800050408,0,7,0,0,2,3,16,A01
200800050409,0,7,0,0,2,1,13,A01
200800050409,0,7,0,0,2,1,1,B01
200800050410,0,7,0,0,2,1,1,A01
200800050410,2,7,0,0,2,1,13,B01
200800050411,0,7,0,0,0,1,0,A01
200800050412,0,7,0,0,1,2,1,A01
200800050413,0,7,0,8,2,1,0,A01
200800050414,0,7,0,0,2,1,15,A01
200800050414,0,30,0,0,2,1,1,B01
200800050415,0,7,0,0,1,1,15,A01
200800050416,0,30,0,0,1,1,19,A01
200800050417,0,7,0,15,0,2,1,A01
200800050418,0,1,0,0,2,1,19,A01
200800050418,0,7,0,0,2,1,1,B01
200800050419,0,7,0,0,2,7,15,A01
200800050419,0,7,0,0,2,1,1,B01
200800050420,0,32,0,0,2,1,5,A01
200800050420,0,7,0,0,2,3,15,B01
200800050421,0,7,0,0,2,7,1,B01
200800050421,0,34,0,0,2,1,1,A01
200800050422,0,7,0,0,2,6,11,A01
200800050422,0,33,0,0,2,1,1,B01
200800050423,0,33,0,0,0,1,17,A01
200800050424,0,32,0,0,2,1,1,A01
200800050424,0,7,0,0,2,1,15,B01
200800050425,0,7,0,0,1,3,1,A01
200800050426,0,10,0,0,1,4,4,A01
200800050427,0,32,0,0,0,0,1,A01
200800050428,0,7,0,0,2,1,2,A01
200800050428,0,7,0,0,0,4,1,B01
200800050429,0,7,0,0,2,1,15,A01
200800050429,0,1,0,0,2,8,1,B01
200800050430,0,7,0,8,0,8,0,A01
200800050431,0,34,0,0,2,1,2,B01
200800050431,0,7,0,0,2,8,1,A01
200800050432,0,33,0,14,0,7,17,A01
200800050433,0,7,0,0,2,1,1,A01
200800050433,0,7,0,0,2,9,2,B01
200800050433,0,7,0,0,2,4,2,D01
200800050433,1,7,0,0,2,0,2,C01
200800050434,0,7,0,0,2,3,16,A01
200800050434,0,1,0,0,2,8,1,B01
200800050435,0,7,0,0,1,2,2,A01
200800050436,0,30,0,12,0,0,1,A01
200800050437,0,7,0,0,1,2,12,A01
200800050438,0,7,0,0,1,4,4,A01
200800050439,0,7,0,0,2,1,1,A01
200800050439,0,7,0,0,2,8,1,B01
200800050440,0,34,0,0,2,7,1,A01
200800050440,0,7,0,0,2,6,16,B01
200800050440,0,7,0,0,2,1,5,C01
200800050441,0,7,0,0,2,1,1,A01
200800050441,0,7,0,0,2,4,1,B01
200800050442,0,1,0,0,0,0,1,A01
200800050443,0,7,0,0,2,2,1,A01
200800050444,0,7,0,0,2,1,1,B01
200800050444,0,7,0,0,2,2,1,A01
200800050445,0,7,0,0,2,2,15,A01
200800050445,0,33,0,0,2,1,1,B01
200800050446,0,7,0,0,0,9,14,A01
200800050447,0,33,0,0,2,7,1,B01
200800050447,0,7,0,0,2,1,1,A01
200800050448,0,34,0,0,2,1,18,A01
200800050448,0,7,0,0,2,2,16,B01
200800050449,0,7,0,0,1,2,1,A01
200800050450,0,7,0,0,2,1,1,A01
200800050450,0,7,0,0,2,4,2,B01
200800050451,0,31,0,8,0,1,14,A01
200800050452,0,7,0,2,0,2,13,A01
200800050453,0,7,0,4,0,0,14,A01
200800050454,0,7,0,11,0,0,1,A01
200800050455,0,33,0,0,0,0,23,A01
200800050456,0,7,0,0,2,1,2,A01
200800050456,0,7,0,0,2,4,2,B01
200800050456,0,7,0,0,2,4,2,C01
200800050456,1,10,0,0,0,0,23,D01
200800050457,0,7,0,0,1,1,1,A01
200800050458,0,7,0,0,2,2,16,A01
200800050458,0,1,0,0,2,1,1,B01
200800050459,0,30,0,0,2,1,1,A01
200800050459,0,7,0,0,2,7,15,B01
200800050460,0,7,0,0,2,0,16,A01
200800050460,0,1,0,0,2,0,1,B01
200800050461,0,10,0,0,2,1,2,A01
200800050461,0,7,0,3,2,4,2,B01
200800050461,0,7,0,0,2,2,2,C01
200800050462,0,37,1,0,2,2,1,B01
200800050462,0,1,0,0,2,0,1,A01
200800050463,0,7,0,13,0,3,13,A01
200800050464,0,2,0,0,2,1,1,A01
200800050464,0,7,0,0,2,5,16,B01
200800050465,0,7,0,0,2,1,1,A01
200800050465,0,7,0,0,2,4,2,B01
200800050465,0,7,0,0,2,4,2,C01
200800050465,0,10,0,0,2,4,2,D01
200800050466,0,30,0,0,2,1,1,A01
200800050466,0,37,0,0,2,7,0,B01
200800050467,0,7,0,0,1,2,1,A01
200800050468,0,10,0,0,2,1,1,A01
200800050468,0,7,0,0,2,2,15,B01
200800050469,0,7,0,0,2,2,15,A01
200800050469,0,7,0,0,2,1,1,B01
200800050470,0,30,0,0,2,1,2,A01
200800050470,0,7,0,0,9,4,1,B01
200800050471,0,7,0,0,2,6,17,A01
200800050471,0,31,0,0,2,7,17,B01
200800050472,0,30,0,11,0,1,1,A01
200800050473,0,7,0,0,2,0,15,A01
200800050473,0,1,0,0,2,8,1,B01
200800050474,0,1,0,0,2,1,1,A01
200800050474,0,7,0,0,2,7,1,B01
200800050475,0,7,0,0,1,1,15,A01
200800050476,0,1,0,0,2,1,1,B01
200800050477,0,7,0,0,1,1,15,A01
200800050478,0,7,0,0,2,8,22,A01
200800050478,0,1,0,1,0,1,1,B01
200800050479,0,2,0,0,2,1,7,A01
200800050479,0,7,0,0,2,2,15,B01
200800050480,0,7,0,7,0,1,1,A01
200800050481,0,7,0,0,2,3,9,A01
200800050481,0,33,0,0,2,1,1,B01
200800050482,0,7,0,0,2,5,15,A01
200800050482,0,7,0,0,2,1,1,B01
200800050483,0,7,0,0,2,2,16,A01
200800050483,0,30,0,0,2,8,1,B01
200800050484,0,7,0,0,2,4,23,A01
200800050484,0,30,0,0,2,1,2,B01
200800050485,0,30,0,0,2,5,17,A01
200800050485,0,1,0,0,2,3,1,B01
200800050486,0,7,0,0,2,3,9,A01
200800050486,0,1,0,0,2,1,1,B01
200800050487,0,10,0,0,2,1,2,A01
200800050487,0,7,0,0,2,4,2,B01
200800050487,0,7,0,0,2,4,1,C01
200800050488,0,2,0,0,2,1,2,A01
200800050488,0,7,0,0,2,4,1,B01
200800050489,0,7,0,6,2,3,1,A01
200800050489,0,7,0,0,2,1,1,B01
200800050490,0,7,0,0,2,1,1,A01
200800050490,0,30,0,0,2,8,1,B01
200800050491,0,2,0,0,1,1,1,A01
200800050492,0,30,0,0,2,7,15,A01
200800050492,0,7,0,0,2,8,1,B01
200800050493,0,2,0,0,2,0,2,A01
200800050493,0,2,0,0,2,4,1,B01
200800050494,0,2,0,0,0,4,1,B01
200800050494,0,7,0,0,2,3,2,A01
200800050495,0,7,0,0,2,1,1,A01
200800050495,0,7,0,0,2,2,1,B01
200800050496,0,7,0,0,2,1,1,A01
200800050496,0,2,0,0,2,4,1,B01
200800050497,0,7,0,0,2,7,14,A01
200800050497,0,33,0,0,2,8,1,B01
200800050498,0,10,0,0,1,2,1,A01
200800050499,0,30,0,7,0,1,1,A01
200800050500,0,7,0,0,2,1,1,B01
200800050500,0,7,0,0,2,2,1,A01
200800050501,0,7,0,0,2,1,5,A01
200800050501,0,7,0,0,2,1,1,B01
200800050502,0,7,0,0,2,3,1,A01
200800050502,0,1,0,0,2,1,1,B01
200800050503,0,1,0,0,2,1,1,B01
200800050503,0,7,0,0,2,3,9,A01
200800050504,0,7,0,6,0,1,20,A01
200800050505,0,7,0,0,2,4,4,A01
200800050505,0,30,0,0,2,1,1,B01
200800050506,0,7,0,0,2,2,20,A01
200800050506,0,31,0,0,2,1,1,B01
200800050507,0,7,0,0,2,8,16,A01
200800050507,0,33,0,0,2,1,1,B01
200800050508,0,7,0,0,2,1,16,A01
200800050508,0,30,0,0,2,1,1,B01
200800050509,0,7,0,0,2,1,2,A01
200800050509,0,7,0,0,0,4,2,B01
200800050510,0,30,0,0,2,1,18,A01
200800050510,0,7,0,0,2,7,1,B01
200800050511,0,33,0,0,2,1,18,A01
200800050511,0,7,0,0,2,7,20,B01
200800050512,0,30,0,0,2,6,1,B01
200800050512,0,7,0,0,2,7,1,A01
200800050513,0,7,0,0,2,1,1,B01
200800050513,0,7,0,0,2,7,1,A01
200800050514,0,7,0,0,2,3,15,A01
200800050514,0,33,0,0,2,1,1,B01
200800050515,0,7,0,0,1,3,1,A01
200800050516,0,7,0,0,2,3,6,A01
200800050516,0,7,0,0,2,3,1,B01
200800050517,0,7,0,1,0,9,1,A01
200800050518,0,2,0,0,2,8,3,A01
200800050518,0,37,0,0,2,7,1,B01
200800050519,0,7,0,8,0,3,1,A01
200800050520,0,7,0,6,1,4,4,A01
200800050521,0,7,0,0,2,1,1,B01
200800050521,0,30,0,0,2,2,1,A01
200800050522,0,7,0,0,1,2,1,A01
200800050522,0,7,0,0,0,0,1,B01
200800050523,0,2,0,0,2,1,1,A01
200800050523,0,7,0,0,2,4,15,B01
200800050524,0,7,0,0,2,5,16,A01
200800050524,0,1,0,0,2,1,1,B01
200800050525,0,33,0,0,0,4,1,B01
200800050525,0,7,0,0,2,1,1,A01
200800050526,0,7,0,0,2,0,13,A01
200800050526,0,33,0,0,2,0,1,B01
200800050527,0,7,0,0,2,8,10,A01
200800050527,0,33,0,0,2,1,1,B01
200800050528,0,1,0,0,2,1,12,A01
200800050528,0,10,0,0,2,5,1,B01
200800050529,0,7,0,0,1,3,1,A01
200800050530,0,7,0,0,2,3,15,A01
200800050530,0,30,0,0,2,2,1,B01
200800050531,0,7,0,0,2,1,1,A01
200800050531,0,30,0,0,2,8,1,B01
200800050532,0,7,0,0,1,2,1,A01
200800050533,0,7,0,0,1,1,1,A01
200800050534,0,7,0,0,2,3,15,A01
200800050534,0,30,0,0,2,1,1,B01
200800050535,0,7,0,0,2,1,1,A01
200800050535,0,30,0,0,2,1,1,B01
200800050536,0,30,0,0,1,3,1,A01
200800050537,0,10,0,0,1,2,1,A01
200800050538,0,7,0,0,2,8,1,B01
200800050538,0,30,0,0,2,8,5,A01
200800050539,0,30,0,0,2,1,1,A01
200800050539,0,7,0,0,2,8,1,B01
200800050540,0,7,0,0,1,2,15,A01
200800050541,0,7,0,0,2,7,15,A01
200800050541,0,33,0,0,2,1,1,B01
200800050542,0,10,0,0,9,7,15,A01
200800050542,0,1,0,0,2,1,1,B01
200800050543,0,7,0,0,2,0,0,A01
200800050543,0,7,0,0,2,0,1,B01
200800050544,0,7,0,0,2,3,15,A01
200800050544,0,33,0,0,2,1,1,B01
200800050545,0,7,0,0,1,1,15,A01
200800050546,0,7,0,0,1,2,1,A01
200800050547,0,7,0,0,2,3,16,A01
200800050547,0,7,0,0,1,5,1,B01
200800050548,0,2,0,0,2,1,1,A01
200800050548,0,7,0,0,2,8,1,B01
200800050549,0,7,0,0,9,7,15,A01
200800050549,0,1,0,0,2,1,1,B01
200800050550,0,7,0,0,2,2,15,A01
200800050550,0,30,0,0,2,1,1,B01
200800050551,0,40,0,0,2,3,1,A01
200800050551,0,1,0,1,4,1,1,B01
200800050552,0,10,0,0,1,5,1,A01
200800050553,0,7,0,0,2,3,1,A01
200800050553,0,7,0,0,2,2,1,B01
200800050554,0,7,0,0,4,4,15,A01
200800050554,0,40,0,0,2,1,1,B01
200800050555,0,7,0,0,1,1,1,A01
200800050556,0,7,0,0,2,7,23,A01
200800050556,0,30,0,0,2,1,18,B01
200800050557,0,7,0,0,2,2,15,A01
200800050557,0,33,0,0,2,1,1,B01
200800050558,0,7,0,0,2,1,1,A01
200800050558,0,14,0,0,2,3,1,B01
200800050559,0,7,0,0,2,1,2,A01
200800050559,0,7,0,0,2,4,2,B01
200800050559,0,7,0,0,0,4,15,C01
200800050560,0,7,0,0,2,1,13,A01
200800050560,0,33,0,0,2,1,1,B01
200800050561,0,7,0,0,2,3,10,A01
200800050561,0,2,0,0,2,1,1,B01
200800050562,0,33,0,0,2,1,15,A01
200800050562,0,7,0,0,2,1,1,B01
200800050563,0,7,0,0,2,1,19,A01
200800050563,0,7,0,0,2,3,19,B01
200800050564,0,1,0,0,2,8,19,A01
200800050564,0,33,0,0,2,1,21,B01
200800050565,0,7,0,0,1,7,1,A01
200800050566,0,7,0,0,0,9,1,A01
200800050567,0,10,0,0,2,3,1,A01
200800050567,0,7,0,0,2,1,1,C01
200800050567,0,2,0,0,2,8,1,B01
200800050568,0,7,0,0,9,4,23,B01
200800050568,0,2,0,0,2,1,1,A01
200800050569,0,1,0,0,2,8,11,B01
200800050569,0,33,0,0,9,7,1,A01
200800050570,0,33,0,11,0,1,17,A01
200800050571,0,32,0,0,0,0,1,A01
200800050572,0,30,0,0,2,1,1,B01
200800050572,0,7,0,0,2,5,15,A01
200800050573,0,7,0,0,2,1,1,B01
200800050573,0,7,0,0,2,1,5,A01
200800050574,0,7,0,0,1,1,15,A01
200800050575,0,7,0,0,1,1,1,A01
200800050576,0,7,0,0,2,8,10,A01
200800050576,0,14,0,0,2,1,0,B01
200800050577,0,36,0,0,2,1,17,A01
200800050577,0,7,0,0,2,6,15,B01
200800050578,0,7,0,0,2,1,1,A01
200800050578,0,7,0,0,2,1,1,B01
200800050579,0,30,0,3,0,1,1,A01
200800050580,0,7,0,0,2,1,1,B01
200800050580,0,30,0,0,2,1,5,A01
200800050581,0,7,0,0,2,8,15,B01
200800050581,0,2,0,0,2,1,17,A01
200800050582,0,2,0,0,2,4,1,A01
200800050582,0,7,0,0,0,4,23,B01
200800050583,0,33,0,0,2,1,1,A01
200800050583,0,10,0,0,2,8,19,B01
200800050584,0,7,0,0,1,1,0,A01
200800050585,0,7,0,0,2,1,1,A01
200800050585,0,30,0,0,2,8,1,B01
200800050586,0,2,0,0,2,1,1,A01
200800050586,0,7,0,0,2,8,15,B01
200800050587,0,33,0,0,2,0,1,B01
200800050587,0,7,0,0,2,8,1,A01
200800050588,0,1,0,0,2,6,1,A01
200800050588,1,7,0,0,2,0,1,B01
200800050589,0,7,0,0,2,8,15,A01
200800050589,0,30,0,0,2,1,17,B01
200800050590,0,7,0,0,1,7,1,A01
200800050591,0,7,0,0,0,3,1,A01
200800050591,0,34,0,0,0,1,1,B01
200800050592,0,7,0,0,1,1,1,A01
200800050593,0,7,0,0,1,4,4,A01
200800050594,0,7,0,0,2,1,1,A01
200800050594,0,2,0,0,2,7,1,B01