Num_Acc,senc,catv,occutc,obs,obsm,choc,manv,num_veh
200800050595,0,7,0,0,0,4,1,A01
200800050595,1,7,0,0,0,1,2,C01
200800050595,0,10,0,0,2,1,2,B01
200800050596,0,2,0,0,2,1,1,A01
200800050596,0,7,0,0,2,3,15,B01
200800050597,0,7,0,8,2,1,13,A01
200800050597,0,33,0,0,2,3,0,B01
200800050598,0,7,0,0,2,1,1,A01
200800050598,0,30,0,0,0,8,1,B01
200800050599,0,7,0,0,2,3,1,B01
200800050599,0,1,0,0,2,1,0,A01
200800050600,0,1,0,0,2,1,15,B01
200800050600,0,7,0,0,2,1,1,A01
200800050601,0,30,0,0,2,1,1,A01
200800050601,0,7,0,0,9,8,9,B01
200800050602,0,7,0,0,1,2,1,A01
200800050603,0,7,0,0,2,7,15,B01
200800050603,0,7,0,0,2,3,1,A01
200800050604,0,15,0,0,2,3,1,B01
200800050604,0,7,0,0,9,5,17,A01
200800050605,0,40,0,0,1,3,1,A01
200800050606,0,10,0,0,2,3,15,A01
200800050606,0,7,0,0,2,2,1,B01
200800050607,0,30,0,0,2,1,1,B01
200800050607,0,7,0,0,2,7,1,A01
200800050608,0,7,0,0,2,7,9,A01
200800050608,0,7,0,0,2,3,1,B01
200800050609,0,7,0,0,2,1,1,A01
200800050609,0,7,0,0,2,3,1,B01
200800050610,0,10,0,0,2,3,16,A01
200800050610,0,7,0,0,2,3,1,B01
200800050611,0,33,0,0,1,1,1,A01
200800050612,0,7,0,0,2,1,1,A01
200800050612,0,32,0,0,2,4,1,B01
200800050613,0,7,0,0,2,3,9,A01
200800050613,0,7,0,0,2,7,1,B01
200800050614,0,31,0,0,2,1,1,A01
200800050614,0,7,0,0,9,4,1,B01
200800050615,0,7,0,0,1,1,1,A01
200800050616,0,7,0,0,1,2,1,A01
200800050617,0,33,0,0,2,1,1,A01
200800050617,0,7,0,0,9,4,1,B01
200800050618,0,7,0,0,1,7,1,A01
200800050619,0,31,0,1,0,2,2,A01
200800050619,0,37,0,0,2,4,23,B01
200800050620,0,7,0,1,2,2,14,A01
200800050621,0,7,0,0,2,2,0,A01
200800050621,0,7,0,0,2,3,0,B01
200800050622,0,14,0,0,2,5,9,A01
200800050622,0,1,0,0,2,4,9,B01
200800050623,0,34,0,0,2,1,1,A01
200800050623,0,7,0,0,2,8,15,B01
200800050624,0,7,0,0,2,1,1,A01
200800050624,0,7,0,0,2,4,23,B01
200800050625,0,7,0,0,2,1,2,A01
200800050625,0,7,0,0,2,4,23,B01
200800050625,0,7,0,0,0,4,23,C01
200800050626,0,7,0,0,2,3,15,B01
200800050626,0,2,0,0,2,1,1,A01
200800050627,0,7,0,0,2,1,1,A01
200800050627,0,7,0,0,2,8,1,B01
200800050628,0,7,0,0,1,7,1,A01
200800050629,0,7,0,0,1,3,15,A01
200800050630,0,7,0,0,2,3,16,B01
200800050630,0,7,0,0,2,2,1,A01
200800050631,0,7,0,0,1,1,1,A01
200800050632,0,7,0,0,1,2,16,A01
200800050633,0,7,0,0,0,7,1,B01
200800050633,0,30,0,0,2,1,1,A01
200800050634,0,7,0,0,2,3,15,A01
200800050634,0,2,0,0,2,1,1,B01
200800050635,0,7,0,0,0,9,1,A01
200800050636,0,7,0,0,0,1,16,B01
200800050636,0,1,0,0,0,7,16,A01
200800050637,0,7,0,0,9,8,24,A01
200800050637,0,1,0,1,0,7,1,B01
200800050638,0,2,0,0,2,1,1,A01
200800050639,0,7,0,0,4,3,15,A01
200800050639,0,40,0,0,2,1,1,B01
200800050640,0,2,0,0,0,3,0,A01
200800050641,0,7,0,0,2,8,1,A01
200800050641,0,10,0,0,2,3,13,B01
200800050642,0,7,0,0,2,5,1,B01
200800050642,0,7,0,0,2,2,1,A01
200800050643,0,7,0,0,2,6,23,A01
200800050643,0,2,0,0,2,1,2,B01
200800050644,0,7,0,0,2,8,15,B01
200800050644,2,7,0,0,2,1,15,A01
200800050645,0,7,0,0,1,1,1,A01
200800050646,0,7,0,0,2,1,1,A01
200800050646,0,7,0,0,0,7,0,B01
200800050647,0,40,0,0,2,1,1,B01
200800050647,0,7,0,0,4,7,1,A01
200800050648,0,7,0,0,2,1,21,A01
200800050648,0,7,0,0,2,4,15,B01
200800050649,0,7,0,0,2,1,0,A01
200800050649,0,7,0,0,0,4,0,B01
200800050649,0,7,0,0,0,1,0,C01
200800050650,0,7,0,15,1,2,1,A01
200800050651,0,7,0,0,2,1,2,A01
200800050651,0,7,0,0,2,4,2,B01
200800050652,0,33,0,0,2,1,1,A01
200800050652,0,7,0,0,2,4,1,B01
200800050653,0,7,0,0,2,1,15,A01
200800050653,0,1,0,0,2,3,1,B01
200800050654,0,7,0,0,2,2,16,A01
200800050654,0,1,0,0,2,6,1,B01
200800050655,0,10,0,0,2,1,1,A01
200800050655,0,7,0,0,2,4,2,B01
200800050655,0,7,0,0,2,4,2,C01
200800050655,0,30,0,0,2,1,2,D01
200800050656,0,7,0,0,2,3,12,A01
200800050656,0,7,0,0,2,5,1,B01
200800050657,0,1,0,0,2,1,1,A01
200800050657,0,30,0,0,2,1,1,B01
200800050658,0,7,0,0,2,2,15,A01
200800050658,0,2,0,0,2,1,1,B01
200800050659,0,2,0,0,2,1,1,A01
200800050659,0,7,0,0,2,4,23,B01
200800050660,0,7,0,0,0,0,0,A01
200800050660,0,7,0,0,0,1,1,B01
200800050661,0,7,0,0,1,2,1,A01
200800050662,0,40,0,0,1,2,1,A01
200800050663,0,1,0,0,2,1,1,B01
200800050663,0,7,0,0,2,3,1,A01
200800050664,0,2,0,0,2,1,17,A01
200800050664,0,7,0,0,2,8,15,B01
200800050665,0,17,0,0,2,2,12,A01
200800050665,0,7,0,0,2,6,1,B01
200800050666,0,7,0,0,1,0,0,A01
200800050667,0,7,0,0,1,1,1,A01
200800050668,0,31,0,2,0,1,0,A01
200800050669,1,7,0,0,2,7,15,A01
200800050669,0,33,0,0,2,3,1,B01
200800050670,0,7,0,0,2,3,19,A01
200800050670,0,7,0,0,2,2,1,B01
200800050671,0,34,0,0,2,1,2,A01
200800050671,0,7,0,0,0,4,2,B01
200800050672,0,7,0,0,2,4,2,A01
200800050672,0,2,0,0,2,1,2,B01
200800050673,0,40,0,0,1,1,1,A01
200800050674,0,13,0,0,2,1,1,A01
200800050674,0,7,0,0,2,4,1,B01
200800050675,0,7,0,0,2,5,4,A01
200800050675,0,30,0,1,2,1,1,B01
200800050676,0,37,0,14,1,2,19,A01
200800050677,0,30,0,0,2,1,1,A01
200800050677,0,7,0,0,2,2,1,B01
200800050678,0,7,0,0,2,3,15,A01
200800050678,0,33,0,0,2,1,1,B01
200800050679,0,7,0,0,1,3,1,A01
200800050680,0,2,0,14,0,1,7,A01
200800050680,0,7,0,0,2,4,7,B01
200800050681,0,7,0,13,0,1,1,A01
200800050682,0,2,0,0,1,1,1,A01
200800050683,0,33,0,0,9,7,17,A01
200800050683,0,1,0,0,2,8,13,B01
200800050684,0,7,0,0,1,1,15,A01
200800050685,0,7,0,0,2,7,20,A01
200800050685,0,34,0,0,2,0,0,B01
200800050686,0,7,0,0,1,0,16,A01
200800050687,0,7,0,0,9,3,0,A01
200800050687,0,1,0,0,2,1,2,B01
200800050688,0,2,0,0,1,1,1,A01
200800050689,2,7,0,1,2,1,17,A01
200800050689,0,30,0,0,2,2,1,C01
200800050690,0,7,0,0,2,5,0,A01
200800050690,0,1,0,0,2,8,1,B01
200800050691,0,7,0,0,2,3,9,A01
200800050691,0,1,0,0,2,2,1,B01
200800050692,0,2,0,0,2,2,1,A01
200800050693,0,2,0,1,0,1,1,A01
200800050693,0,7,0,0,0,4,23,B01
200800050694,0,7,0,0,2,2,1,B01
200800050694,0,30,0,0,2,1,1,A01
200800050695,0,7,0,0,2,5,16,A01
200800050695,0,1,0,0,2,1,0,B01
200800050696,0,1,0,0,2,3,0,A01
200800050696,0,7,0,0,2,5,0,B01
200800050697,0,3,0,0,2,1,15,A01
200800050697,0,34,0,0,2,0,0,B01
200800050698,0,7,0,2,0,1,1,A01
200800050699,0,7,0,0,1,2,1,A01
200800050700,0,1,0,0,2,0,13,A01
200800050700,0,7,0,0,2,1,0,B01
200800050701,0,7,0,0,2,1,9,A01
200800050701,0,7,0,0,2,9,1,B01
200800050701,0,7,0,0,2,7,1,C01
200800050702,0,7,0,4,0,0,0,A01
200800050703,0,7,0,0,2,3,1,A01
200800050703,0,7,0,0,2,6,1,B01
200800050704,0,30,0,0,2,1,17,A01
200800050704,0,7,0,0,9,3,15,B01
200800050705,0,7,0,0,2,1,1,A01
200800050705,0,7,0,0,2,4,1,B01
200800050706,0,7,0,0,1,1,1,A01
200800050707,0,7,0,0,1,1,1,A01
200800050708,0,7,0,0,0,9,0,A01
200800050709,0,1,0,0,2,9,1,B01
200800050709,0,7,0,0,2,2,1,A01
200800050710,0,7,0,8,0,1,5,A01
200800050711,0,10,0,0,2,8,22,A01
200800050711,0,1,0,1,0,1,1,B01
200800050712,0,7,0,1,0,9,0,A01
200800050713,0,7,0,4,0,2,14,A01
200800050714,0,7,0,0,2,1,1,A01
200800050714,0,7,0,0,2,4,2,B01
200800050715,0,7,0,0,1,1,1,A01
200800050716,0,33,0,0,2,1,17,A01
200800050716,0,7,0,6,0,0,11,B01
200800050717,0,7,0,0,2,1,16,A01
200800050717,0,1,0,0,2,4,1,B01
200800050718,1,7,0,0,2,1,16,A01
200800050718,0,33,0,0,2,3,1,B01
200800050719,0,7,0,0,2,1,1,A01
200800050719,0,7,0,0,2,9,23,B01
200800050719,0,7,0,0,1,4,23,C01
200800050720,0,7,0,0,2,8,22,A01
200800050720,0,1,0,0,2,1,1,B01
200800050721,0,13,0,0,2,4,1,B01
200800050721,0,7,0,0,2,1,1,A01
200800050722,0,7,0,0,2,1,15,A01
200800050722,0,33,0,0,2,1,1,B01
200800050723,0,31,0,0,2,1,1,A01
200800050723,0,7,0,0,2,3,15,B01
200800050724,0,7,0,0,1,1,0,A01
200800050725,0,7,0,0,2,2,15,A01
200800050725,0,7,0,0,2,1,1,B01
200800050726,0,7,0,0,2,2,1,A01
200800050726,0,7,0,0,2,0,15,B01
200800050727,0,7,0,0,2,3,11,A01
200800050727,0,31,0,0,2,8,1,B01
200800050728,0,7,0,0,2,5,1,B01
200800050728,0,31,0,0,2,0,0,A01
200800050729,0,2,0,0,2,1,1,A01
200800050729,0,7,0,0,2,4,15,B01
200800050730,2,7,0,6,2,2,17,A01
200800050730,0,7,0,0,2,8,15,B01
200800050731,0,7,0,0,2,0,1,A01
200800050731,0,1,0,0,2,7,1,B01
200800050732,0,7,0,0,2,1,2,A01
200800050732,0,7,0,0,2,4,23,B01
200800050733,0,7,0,0,2,1,5,A01
200800050733,0,7,0,0,2,1,1,B01
200800050734,0,2,0,0,2,7,9,A01
200800050734,0,7,0,0,2,1,1,B01
200800050735,0,10,0,0,2,2,13,A01
200800050735,0,7,0,0,2,6,15,B01
200800050736,0,39,0,1,0,1,1,A01
200800050736,0,38,0,6,0,3,23,B01
200800050737,0,7,0,0,1,2,1,A01
200800050738,0,7,0,0,1,1,1,A01
200800050739,0,1,0,0,2,1,1,B01
200800050739,0,2,0,0,9,1,5,A01
200800050740,1,10,0,0,2,1,1,A01
200800050740,0,2,0,0,2,4,1,B01
200800050741,0,7,0,0,2,1,1,A01
200800050741,0,1,0,0,2,3,16,B01
200800050742,0,7,0,6,2,0,1,B01
200800050742,0,7,0,1,2,3,16,A01
200800050743,0,31,0,0,2,1,16,A01
200800050743,0,7,0,0,2,2,1,B01
200800050744,0,7,0,0,2,1,2,A01
200800050744,0,7,0,0,2,4,2,B01
200800050745,0,7,0,0,2,1,1,A01
200800050745,0,1,0,0,2,8,15,B01
200800050746,0,7,0,0,2,1,1,A01
200800050746,0,2,0,0,2,0,13,B01
200800050747,0,7,0,0,2,1,1,A01
200800050747,0,2,0,0,2,4,1,B01
200800050748,1,7,0,0,0,0,0,A01
200800050748,0,7,0,13,2,0,1,B01
200800050749,0,7,0,0,9,1,0,B01
200800050749,0,30,0,0,2,1,13,A01
200800050750,0,33,0,0,2,1,13,A01
200800050750,0,32,0,0,2,1,1,B01
200800050751,0,10,0,0,1,2,1,A01
200800050752,0,7,0,0,2,2,15,A01
200800050752,0,30,0,0,2,1,1,B01
200800050753,0,7,0,0,2,2,16,A01
200800050753,0,1,0,0,2,1,1,B01
200800050754,0,7,0,0,2,3,9,A01
200800050754,0,33,0,0,2,1,1,B01
200800050755,0,33,0,0,0,0,1,A01
200800050756,0,2,0,0,0,6,1,A01
200800050757,0,7,0,0,2,5,1,A01
200800050757,0,7,0,0,2,1,1,B01
200800050758,0,2,0,0,0,8,1,A01
200800050759,0,30,0,0,0,1,1,A01
200800050760,0,7,0,16,0,7,1,A01
200800050761,0,2,0,0,0,1,1,A01
200800050762,0,30,0,0,0,7,1,A01
200800050763,0,7,0,0,1,3,1,A01
200800050764,0,10,0,0,2,1,2,A01
200800050764,0,7,0,0,2,4,2,B01
200800050764,0,7,0,0,2,7,17,C01
200800050765,0,7,0,0,2,1,9,A01
200800050765,0,15,0,0,2,5,1,B01
200800050766,0,2,0,0,0,3,0,A01
200800050767,0,7,0,0,1,0,1,A01
200800050768,0,10,0,0,1,0,20,A01
200800050769,0,7,0,0,0,9,1,A01
200800050770,0,7,0,0,2,3,2,A01
200800050770,0,2,0,0,2,1,2,B01
200800050771,0,7,0,0,2,1,2,A01
200800050771,0,7,0,0,2,4,1,B01
200800050772,0,1,0,0,2,3,0,A01
200800050772,0,7,0,0,2,1,0,B01
200800050773,0,7,0,0,2,3,0,A01
200800050773,0,30,0,0,2,0,0,B01
200800050774,0,7,0,0,2,1,0,A01
200800050774,0,30,0,0,2,7,0,B01
200800050775,0,3,0,0,0,0,0,A01
200800050776,0,7,0,0,2,3,0,A01
200800050776,0,2,0,0,2,1,1,B01
200800050777,0,33,0,0,0,2,1,A01
200800050778,1,10,0,0,2,1,1,A01
200800050778,0,7,0,0,2,4,23,B01
200800050778,0,7,0,0,2,4,23,C01
200800050779,0,1,0,0,0,1,1,A01
200800050780,0,7,0,0,2,1,9,A01
200800050780,0,7,0,0,2,2,0,B01
200800050781,0,7,0,0,2,1,2,A01
200800050781,0,7,0,0,2,4,2,B01
200800050782,0,1,0,0,2,1,1,B01
200800050782,0,7,0,0,2,2,19,A01
200800050783,0,7,0,0,2,7,16,A01
200800050783,0,2,0,0,2,1,1,B01
200800050784,0,7,0,0,2,3,11,A01
200800050784,0,7,0,0,2,1,1,B01
200800050785,0,7,0,0,2,5,15,A01
200800050785,0,2,0,0,2,1,1,B01
200800050786,0,7,0,7,0,9,1,A01
200800050787,1,7,0,0,0,0,1,A01
200800050787,0,2,0,0,2,2,1,B01
200800050788,0,7,0,0,1,1,1,A01
200800050789,0,1,0,1,0,1,1,A01
200800050790,0,1,0,0,0,0,1,A01
200800050791,0,1,0,0,0,0,1,A01
200800050792,0,2,0,6,0,1,1,A01
200800050793,0,2,0,0,2,1,1,A01
200800050793,0,7,0,0,0,6,15,B01
200800050794,0,1,0,0,5,0,1,A01
200800050795,0,33,0,0,2,1,1,B01
200800050795,0,7,0,0,2,3,15,A01
200800050796,0,1,0,0,0,0,1,A01
200800050797,0,7,0,0,1,2,1,A01
200800050798,0,7,0,0,1,0,1,A01
200800050799,0,7,0,0,2,1,2,A01
200800050799,0,7,0,0,2,4,2,B01
200800050800,0,2,0,0,0,0,1,A01
200800050801,0,7,0,0,2,1,1,B01
200800050801,0,7,0,0,2,8,19,A01
200800050802,0,2,0,14,0,1,1,A01
200800050803,0,33,0,0,2,1,1,A01
200800050803,0,7,0,0,2,4,1,B01
200800050804,0,7,0,0,2,3,20,A01
200800050804,0,1,0,0,2,1,0,B01
200800050805,0,1,0,0,0,0,1,A01
200800050806,0,2,0,0,0,7,1,A01
200800050807,0,7,0,0,1,1,9,A01
200800050808,0,7,0,0,2,1,1,A01
200800050808,0,7,0,0,2,1,1,B01
200800050809,0,7,0,0,2,7,17,A01
200800050809,0,1,0,0,2,1,1,B01
200800050810,1,7,0,0,2,1,2,A01
200800050810,0,30,0,0,2,4,2,B01
200800050811,0,2,0,0,2,1,2,A01
200800050811,0,7,0,0,2,4,23,B01
200800050812,0,7,0,0,1,4,4,A01
200800050813,0,2,0,14,0,1,5,A01
200800050814,0,7,0,0,1,1,1,A01
200800050815,0,30,0,12,0,1,1,A01
200800050816,0,2,0,0,1,1,1,A01
200800050816,0,7,0,0,2,5,1,B01
200800050817,0,10,0,0,2,4,1,B01
200800050817,0,1,0,0,2,4,1,A01
200800050818,0,7,0,0,2,1,1,A01
200800050818,0,14,0,0,2,8,1,B01
200800050818,0,7,0,0,2,1,1,C01
200800050819,0,2,0,0,2,7,10,A01
200800050819,0,7,0,0,2,1,1,B01
200800050820,0,2,0,16,0,7,1,A01
200800050821,0,7,0,0,2,8,9,A01
200800050821,0,7,0,0,2,7,1,B01
200800050822,0,7,0,0,0,0,2,A01
200800050822,0,30,0,0,0,8,2,B01
200800050823,0,7,0,6,0,3,1,A01
200800050824,0,7,0,0,1,3,1,A01
200800050825,0,7,0,0,2,6,1,B01
200800050825,0,2,0,0,2,1,1,A01
200800050826,0,7,0,0,2,1,9,A01
200800050826,0,2,0,0,2,1,1,B01
200800050826,0,7,0,0,2,8,23,C01
200800050827,0,7,0,0,1,1,1,A01
200800050828,0,7,0,0,2,1,1,B01
200800050828,0,7,0,0,2,1,15,A01
200800050829,0,33,0,0,2,1,2,A01
200800050829,0,7,0,0,2,4,1,B01
200800050830,0,7,0,0,2,1,1,A01
200800050830,0,7,0,0,2,4,23,B01
200800050830,0,7,0,0,0,4,23,C01
200800050831,0,2,0,0,2,1,17,A01
200800050831,0,7,0,0,2,3,15,B01
200800050832,0,7,0,1,1,4,4,A01
200800050833,0,2,0,0,2,1,18,A01
200800050833,0,7,0,0,2,2,15,B01
200800050834,0,7,0,0,1,3,1,A01
200800050835,0,7,0,0,2,1,2,A01
200800050835,0,7,0,0,2,4,1,B01
200800050836,0,7,0,6,2,1,1,A01
200800050836,0,7,0,6,2,4,1,B01
200800050837,0,33,0,1,0,1,13,A01
200800050837,0,7,0,0,2,7,24,B01
200800050838,0,7,0,15,2,3,1,B01
200800050838,0,7,0,0,2,1,16,A01
200800050839,0,7,0,0,2,1,1,A01
200800050839,0,7,0,0,2,1,15,B01
200800050840,0,2,0,12,0,4,0,A01
200800050841,0,7,0,13,0,3,13,A01
200800050842,0,30,0,0,0,0,5,A01
200800050843,0,13,0,0,1,1,1,A01
200800050844,0,7,0,0,1,1,1,A01
200800050845,0,2,0,0,1,2,1,A01
200800050846,0,7,0,0,2,2,16,A01
200800050846,0,1,0,0,2,3,1,B01
200800050847,0,7,0,0,2,8,15,A01
200800050847,0,7,0,0,2,1,1,B01
200800050848,0,30,0,0,2,0,1,A01
200800050848,0,7,0,0,2,1,1,B01
200800050849,0,31,0,0,2,1,1,A01
200800050849,0,7,0,0,2,8,1,B01
200800050850,0,7,0,0,2,7,1,A01
200800050850,0,1,0,0,2,8,1,B01
200800050851,0,7,0,0,2,3,2,A01
200800050851,0,7,0,0,2,9,2,B01
200800050851,0,7,0,0,2,4,2,C01
200800050851,0,7,0,0,2,1,2,D01
200800050851,0,7,0,0,2,4,2,E01
200800050852,0,7,0,0,2,1,9,A01
200800050852,0,31,0,1,2,8,1,B01
200800050853,0,33,0,0,2,1,1,A01
200800050853,0,7,0,0,2,4,1,B01
200800050854,0,7,0,0,2,7,1,A01
200800050854,0,10,0,0,2,7,1,B01
200800050854,0,33,0,0,2,5,9,C01
200800050855,0,7,0,0,0,0,0,A01
200800050855,0,33,0,0,0,0,0,B01
200800050856,0,33,0,0,0,0,0,A01
200800050856,0,7,0,0,0,0,0,B01
200800050857,0,7,0,0,0,0,0,A01
200800050857,0,7,0,0,0,0,0,B01
200800050858,0,33,0,0,2,8,2,A01
200800050858,0,7,0,0,2,1,2,B01
200800050859,0,7,0,0,2,1,13,A01
200800050859,0,7,0,0,2,1,0,B01
200800050860,0,7,0,0,2,7,15,A01
200800050860,0,33,0,0,2,1,1,B01
200800050861,0,7,0,0,1,1,1,A01
200800050862,0,7,0,0,2,2,15,A01
200800050862,0,2,0,0,2,2,1,B01
200800050863,0,7,0,9,0,1,0,A01
200800050864,0,7,0,0,2,1,1,B01
200800050864,0,30,0,0,2,1,5,A01
200800050865,0,30,0,0,2,1,1,A01
200800050865,0,7,0,0,2,4,1,B01
200800050866,0,7,0,1,0,1,1,A01
200800050867,0,32,0,0,2,1,1,A01
200800050867,0,10,0,0,2,8,10,B01
200800050868,0,33,0,0,9,0,0,A01
200800050869,0,7,0,4,0,1,1,A01
200800050870,0,7,0,6,0,1,0,A01
200800050871,0,7,0,8,1,1,13,A01
200800050872,0,7,0,8,0,2,15,A01
200800050873,0,7,0,0,1,2,1,A01
200800050874,0,7,0,0,2,1,15,A01
200800050874,0,3,0,0,2,1,1,B01
200800050875,0,7,0,0,2,1,1,B01
200800050875,0,7,0,0,2,3,19,A01
200800050876,0,7,0,0,2,4,1,A01
200800050876,0,7,0,0,0,4,1,B01
200800050877,0,7,0,0,2,2,1,B01
200800050877,0,7,0,0,2,1,15,A01
200800050878,0,7,0,1,2,3,1,B01
200800050878,0,7,0,0,2,3,15,A01
200800050879,0,7,0,8,2,3,1,A01
200800050879,0,7,0,0,2,5,16,B01
200800050880,0,7,0,0,9,3,22,A01
200800050880,0,1,0,1,0,1,1,B01
200800050881,0,7,0,0,2,3,15,A01
200800050881,0,7,0,0,2,3,0,B01
200800050882,0,33,0,0,1,1,1,A01
200800050883,0,30,0,0,0,1,0,A01
200800050883,0,7,0,0,0,0,0,B01
200800050884,0,10,0,0,2,1,21,A01
200800050884,0,7,0,0,0,4,20,B01
200800050885,0,7,0,0,2,1,1,A01
200800050885,0,2,0,0,0,7,15,B01
200800050886,0,99,0,6,0,1,0,A01
200800050887,0,7,0,0,1,2,0,A01
200800050888,0,7,0,0,2,2,0,A01
200800050888,0,31,0,0,2,1,0,B01
200800050889,0,7,0,0,2,3,2,A01
200800050889,0,10,0,0,2,0,2,B01
200800050890,0,7,0,1,2,2,13,A01
200800050890,0,10,0,0,2,6,0,B01
200800050890,0,7,0,0,2,1,0,C01
200800050891,0,30,0,0,0,8,1,A01
200800050892,0,2,0,0,0,8,15,A01
200800050893,0,7,0,0,2,1,13,A01
200800050893,0,7,0,0,2,1,0,B01
200800050894,0,31,0,0,0,0,17,A01
200800050895,0,7,0,0,1,0,1,A01
200800050896,0,7,0,0,2,1,2,A01
200800050896,0,7,0,0,2,4,9,B01
200800050897,0,7,0,0,1,7,1,A01
200800050898,0,1,0,1,0,7,1,A01
200800050899,0,7,0,1,0,2,21,A01
200800050900,0,7,0,0,2,6,10,A01
200800050900,0,33,0,0,2,1,1,B01
200800050901,0,7,0,0,1,3,1,A01
200800050902,0,7,0,0,1,3,15,A01
200800050903,0,7,0,0,9,3,16,A01
200800050903,0,1,0,0,2,3,5,B01
200800050904,0,7,0,0,2,1,2,A01
200800050904,0,7,0,0,2,4,2,B01
200800050905,0,7,0,0,2,1,13,A01
200800050905,0,7,0,0,2,1,1,B01
200800050906,0,7,0,0,2,2,2,A01
200800050906,0,7,0,0,2,4,2,B01
200800050907,0,10,0,0,2,2,2,A01
200800050907,0,1,0,0,2,4,2,B01
200800050907,0,1,0,0,2,4,1,C01
200800050908,0,30,0,0,2,1,5,A01
200800050908,0,7,0,0,2,1,5,B01
200800050909,0,7,0,0,2,1,5,A01
200800050909,0,7,0,0,2,1,5,B01
200800050910,0,7,0,0,2,8,10,A01
200800050910,0,33,0,0,2,2,17,B01
200800050911,0,7,0,0,1,1,1,A01
200800050912,0,7,0,0,2,1,9,A01
200800050912,0,7,0,0,2,8,1,B01
200800050913,0,7,0,0,2,0,1,A01
200800050913,0,1,0,0,2,0,0,B01
200800050914,0,7,0,0,2,1,1,A01
200800050914,0,7,0,0,2,3,1,B01
200800050915,0,7,0,0,2,3,3,A01
200800050915,0,7,0,0,2,3,1,B01
200800050915,0,7,0,0,2,3,1,C01
200800050916,0,7,0,1,0,9,1,A01
200800050917,0,7,0,0,1,1,1,A01
200800050918,0,7,0,0,2,4,20,A01
200800050918,0,10,0,0,2,4,20,B01
200800050919,0,7,0,0,2,8,11,A01
200800050919,0,33,0,0,2,2,1,B01
200800050920,0,7,0,0,2,2,19,A01
200800050920,0,31,0,15,2,7,1,B01
200800050921,0,7,0,0,1,1,15,A01
200800050922,0,10,0,0,2,7,0,A01
200800050922,0,10,0,0,2,1,1,B01
200800050923,0,7,0,0,0,0,13,A01
200800050923,0,30,0,0,0,1,17,B01
200800050924,0,10,0,0,2,2,12,A01
200800050924,0,31,0,0,2,8,1,B01
200800050925,0,10,0,0,1,3,1,A01
200800050926,0,32,0,0,2,2,0,A01
200800050926,0,7,0,0,9,2,0,B01
200800050927,0,7,0,0,1,1,1,A01
200800050928,0,30,0,0,2,1,17,A01
200800050928,0,7,0,0,2,6,15,B01
200800050929,0,33,0,0,2,8,0,A01
200800050929,0,7,0,0,2,1,15,B01
200800050930,0,7,0,0,1,1,0,A01
200800050931,0,14,0,0,2,7,0,A01
200800050931,0,30,0,0,2,8,0,B01
200800050932,0,7,0,1,9,1,16,A01
200800050933,0,7,0,0,2,2,0,B01
200800050933,0,33,0,0,2,1,0,A01
200800050934,0,7,0,0,1,6,20,A01
200800050935,0,30,0,0,2,8,0,A01
200800050936,0,7,0,0,2,8,10,A01
200800050936,0,32,0,0,2,1,1,B01
200800050937,0,10,0,0,2,2,21,A01
200800050937,0,33,0,0,2,1,0,B01
200800050938,0,7,0,0,2,1,12,A01
200800050938,0,7,0,0,2,1,2,B01
200800050938,0,7,0,0,2,4,1,C01
200800050939,0,7,0,0,1,1,0,A01
200800050940,0,7,0,0,2,2,22,A01
200800050940,0,1,0,0,2,1,18,B01
200800050941,0,7,0,0,1,6,4,A01
200800050942,0,7,0,0,2,4,2,B01
200800050942,0,10,0,0,2,1,2,A01
200800050943,0,7,0,0,2,2,15,B01
200800050943,0,7,0,0,2,1,1,A01
200800050944,0,7,0,0,1,1,1,A01
200800050945,0,1,0,0,2,1,1,A01
200800050945,0,10,0,0,2,5,15,B01
200800050946,0,31,0,0,2,1,1,B01
200800050946,0,7,0,0,2,8,1,A01
200800050947,0,7,0,0,2,3,1,A01
200800050947,0,30,0,0,2,3,1,B01
200800050948,0,7,0,0,1,1,15,A01
200800050949,0,7,0,0,1,1,15,A01
200800050950,0,33,0,0,2,1,1,A01
200800050950,0,7,0,0,2,3,23,B01
200800050951,0,10,0,0,1,1,1,A01
200800050952,0,33,0,0,2,1,9,A01
200800050952,0,7,0,0,2,1,1,B01
200800050953,0,31,0,0,2,7,15,A01
200800050953,0,31,0,0,2,1,1,B01
200800050954,0,7,0,0,2,8,1,A01
200800050954,0,34,0,0,2,7,17,B01
200800050955,0,7,0,0,1,1,1,A01
200800050956,0,33,0,0,0,1,1,A01
200800050956,0,7,0,0,0,4,10,B01
200800050957,0,31,0,0,2,1,1,A01
200800050957,0,7,0,0,1,3,15,B01
200800050958,0,37,0,0,1,1,1,A01
200800050959,0,7,0,0,2,1,1,A01
200800050959,0,7,0,0,2,4,1,B01
200800050960,0,7,0,0,1,1,15,A01
200800050961,0,10,0,0,2,8,10,A01
200800050961,0,31,0,0,2,8,17,B01
200800050962,0,7,0,0,2,1,12,A01
200800050962,0,7,0,0,2,4,1,B01
200800050963,0,33,0,0,2,1,1,A01
200800050963,0,7,0,0,2,3,9,B01
200800050963,0,7,0,0,2,3,1,C01
200800050964,0,2,0,0,1,1,1,A01
200800050965,0,7,0,0,0,2,15,A01
200800050965,0,30,0,0,2,1,13,B01
200800050966,0,7,0,0,2,2,1,A01
200800050966,0,31,0,0,2,3,15,B01
200800050967,0,7,0,0,2,3,9,A01