Num_Acc,senc,catv,occutc,obs,obsm,choc,manv,num_veh
200800050967,0,32,0,0,2,0,1,B01
200800050968,0,7,0,0,2,3,1,B01
200800050968,0,7,0,0,2,7,9,A01
200800050969,0,30,0,0,2,1,17,A01
200800050969,0,7,0,0,0,3,9,B01
200800050970,0,7,0,0,1,2,2,A01
200800050971,0,30,0,0,1,1,17,A01
200800050972,0,7,0,0,1,1,1,A01
200800050973,0,7,0,0,2,2,22,A01
200800050973,0,30,0,0,2,3,18,B01
200800050974,0,7,0,0,2,3,10,A01
200800050974,0,30,0,0,2,1,1,B01
200800050974,0,31,0,0,0,0,21,C01
200800050975,0,32,0,0,2,8,1,A01
200800050975,0,7,0,0,2,3,15,B01
200800050976,0,7,0,0,2,3,15,A01
200800050976,0,32,0,0,2,1,15,B01
200800050977,0,32,0,0,2,3,15,B01
200800050977,0,7,0,0,2,3,1,A01
200800050978,0,7,0,0,2,6,11,A01
200800050978,0,33,0,0,2,2,17,B01
200800050979,0,7,0,0,1,3,15,A01
200800050980,0,33,0,0,1,1,2,A01
200800050981,0,10,0,0,2,3,1,A01
200800050981,0,7,0,0,2,3,1,B01
200800050982,0,10,0,0,2,2,16,A01
200800050982,0,30,0,0,2,1,16,B01
200800050983,0,2,0,0,2,3,17,A01
200800050983,0,7,0,0,9,3,15,B01
200800050984,0,10,0,0,9,2,21,A01
200800050984,0,1,0,0,2,1,2,B01
200800050985,0,7,0,0,9,5,15,A01
200800050985,0,32,0,0,2,1,2,B01
200800050986,0,32,0,0,2,2,17,A01
200800050986,0,7,0,0,9,3,15,B01
200800050987,0,7,0,0,9,1,15,A01
200800050987,0,2,0,0,2,8,2,B01
200800050988,0,33,0,0,2,2,9,A01
200800050988,0,7,0,0,9,3,9,B01
200800050989,0,33,0,0,1,1,2,A01
200800050989,0,7,0,0,9,4,2,B01
200800050990,1,30,0,0,0,0,15,A01
200800050990,0,33,0,0,9,1,15,B01
200800050991,0,7,0,0,1,1,7,A01
200800050992,2,7,0,6,9,1,5,A01
200800050992,0,2,0,0,2,1,2,B01
200800050993,0,33,0,0,1,1,2,A01
200800050994,0,7,0,0,2,3,2,B01
200800050994,0,7,0,0,2,1,15,A01
200800050995,0,10,0,0,9,1,15,A01
200800050995,0,2,0,0,2,8,2,B01
200800050996,0,33,0,0,2,1,2,A01
200800050996,0,7,0,0,9,6,2,B01
200800050997,0,7,0,0,2,8,2,B01
200800050997,1,7,0,0,2,1,2,A01
200800050998,0,7,0,0,2,7,15,A01
200800050998,0,7,0,0,2,1,2,B01
200800050999,0,33,0,0,2,2,17,A01
200800050999,0,10,0,0,2,3,2,B01
200800051000,0,7,0,0,1,1,1,A01
200800051001,0,31,0,0,2,8,15,A01
200800051001,0,7,0,0,2,2,1,B01
200800051002,0,10,0,11,1,7,13,A01
200800051003,0,7,0,0,1,1,1,A01
200800051004,0,2,0,12,0,7,1,A01
200800051005,0,2,0,0,2,8,1,A01
200800051005,0,7,0,0,2,7,16,B01
200800051006,0,1,0,0,1,1,1,A01
200800051007,0,31,0,0,0,8,1,A01
200800051008,2,7,0,0,0,0,10,A01
200800051008,0,31,0,0,0,0,1,B01
200800051009,0,2,0,0,2,0,1,A01
200800051010,0,2,0,0,2,3,16,A01
200800051010,0,7,0,0,2,7,16,B01
200800051011,0,31,0,0,2,2,17,A01
200800051011,0,7,0,0,2,8,15,B01
200800051012,0,10,0,0,1,2,1,A01
200800051013,0,7,0,0,2,8,15,A01
200800051013,0,31,0,0,2,2,17,B01
200800051014,1,7,0,0,2,0,16,A01
200800051014,0,30,0,0,2,8,1,B01
200800051015,0,7,0,0,2,7,16,A01
200800051015,0,30,0,0,2,8,1,B01
200800051016,0,7,0,0,2,8,15,A01
200800051016,0,2,0,0,2,7,17,B01
200800051017,0,34,0,0,2,1,1,A01
200800051017,0,10,0,0,2,8,15,B01
200800051018,0,33,0,0,2,1,17,A01
200800051018,0,7,0,0,2,8,15,B01
200800051019,0,7,0,0,2,7,17,A01
200800051019,0,1,0,0,2,6,1,B01
200800051020,0,30,0,0,2,7,1,B01
200800051020,0,7,0,0,2,5,10,A01
200800051021,0,30,0,0,2,2,1,A01
200800051021,0,7,0,0,2,3,15,B01
200800051022,0,7,0,0,2,4,1,B01
200800051022,0,32,0,0,2,2,1,A01
200800051023,0,7,0,0,2,2,10,A01
200800051023,0,33,0,0,2,1,1,B01
200800051024,0,7,0,8,0,2,1,A01
200800051025,0,7,0,0,1,3,1,A01
200800051026,0,33,0,0,0,8,1,A01
200800051027,0,1,0,0,0,0,1,A01
200800051028,0,31,0,0,2,1,0,B01
200800051028,0,7,0,0,2,6,4,A01
200800051029,0,7,0,15,0,6,1,B01
200800051029,0,33,0,0,2,1,1,A01
200800051030,0,7,0,0,2,2,15,B01
200800051030,0,31,0,0,2,5,1,A01
200800051031,0,30,0,0,2,1,18,A01
200800051031,0,7,0,0,9,2,16,B01
200800051032,0,7,0,0,1,3,15,A01
200800051033,0,7,0,0,2,1,2,A01
200800051033,0,30,0,0,2,7,0,B01
200800051034,0,10,0,0,2,8,1,B01
200800051034,0,30,0,0,2,3,1,A01
200800051035,0,7,0,0,2,7,1,A01
200800051035,0,33,0,0,2,3,1,B01
200800051036,0,2,0,0,1,1,1,A01
200800051037,0,33,0,0,2,1,0,B01
200800051037,0,7,0,0,2,3,15,A01
200800051038,0,7,0,0,2,4,1,B01
200800051038,0,33,0,0,2,1,1,A01
200800051039,0,7,0,0,2,3,0,A01
200800051039,0,34,0,0,2,1,1,B01
200800051040,0,7,0,0,2,3,9,A01
200800051040,0,33,0,0,2,1,1,B01
200800051041,0,7,0,0,1,1,1,A01
200800051042,0,34,0,0,2,1,17,A01
200800051042,0,7,0,0,2,3,1,B01
200800051043,0,7,0,0,2,1,15,A01
200800051043,0,32,0,0,2,1,1,B01
200800051044,0,7,0,0,1,1,0,A01
200800051045,0,7,0,0,0,1,1,A01
200800051046,0,2,0,0,0,1,1,A01
200800051047,0,10,0,0,0,3,0,A01
200800051047,0,30,0,0,0,0,1,B01
200800051048,0,30,0,0,0,0,1,A01
200800051049,0,1,0,0,0,0,0,B01
200800051049,0,7,0,0,0,3,0,A01
200800051050,0,34,0,0,0,0,0,A01
200800051051,0,7,0,0,0,1,1,A01
200800051051,0,10,0,0,0,0,1,B01
200800051052,0,10,0,0,0,0,0,A01
200800051053,0,33,0,0,0,0,0,A01
200800051053,0,7,0,0,0,5,0,B01
200800051054,0,14,0,0,1,3,0,A01
200800051055,0,33,0,0,0,7,0,A01
200800051056,0,7,0,0,2,3,15,A01
200800051056,0,32,0,0,2,7,15,B01
200800051057,0,7,0,0,2,6,15,A01
200800051057,0,7,0,0,2,1,0,B01
200800051058,0,2,0,0,2,3,1,B01
200800051058,0,10,0,0,2,2,1,A01
200800051059,0,10,0,0,0,0,0,A01
200800051059,0,30,0,0,0,0,0,B01
200800051060,0,33,0,0,2,1,0,B01
200800051060,0,7,0,0,2,2,9,A01
200800051061,0,7,0,0,2,0,12,A01
200800051061,0,34,0,0,2,3,0,B01
200800051062,0,33,0,0,0,0,0,A01
200800051063,0,7,0,0,1,7,1,A01
200800051064,0,13,0,0,2,6,11,A01
200800051064,0,33,0,0,2,1,1,B01
200800051065,0,7,0,2,2,3,22,A01
200800051065,0,30,0,1,0,1,1,B01
200800051066,0,32,0,0,2,1,17,A01
200800051066,0,99,0,0,2,3,15,B01
200800051067,0,7,0,0,2,5,16,A01
200800051067,0,37,15,0,2,1,1,B01
200800051068,0,7,0,0,2,2,1,B01
200800051068,0,7,0,0,2,1,1,A01
200800051069,0,7,0,0,2,1,1,B01
200800051069,0,2,0,0,2,1,1,A01
200800051070,0,7,0,0,2,3,1,B01
200800051070,0,1,0,0,2,1,1,A01
200800051071,0,7,0,0,1,1,1,A01
200800051072,0,30,0,0,2,1,1,B01
200800051072,0,7,0,0,0,8,1,A01
200800051073,0,10,0,6,0,1,0,A01
200800051074,0,7,0,0,2,1,15,A01
200800051074,0,2,0,0,2,1,1,B01
200800051075,0,7,0,0,2,7,23,A01
200800051075,0,30,0,0,2,8,2,B01
200800051076,0,30,0,0,2,7,1,A01
200800051076,0,7,0,0,2,3,1,B01
200800051077,0,7,0,0,0,2,9,A01
200800051077,0,30,0,0,2,1,1,B01
200800051078,0,7,0,0,0,3,12,A01
200800051078,0,33,0,0,2,2,17,B01
200800051079,0,30,0,7,2,1,17,A01
200800051079,0,7,0,0,0,3,15,B01
200800051080,0,7,0,0,2,6,16,B01
200800051080,0,7,0,0,2,2,16,C01
200800051080,0,7,0,0,1,3,1,A01
200800051081,0,7,0,0,2,1,2,A01
200800051081,0,7,0,0,0,4,23,B01
200800051082,0,33,0,0,2,1,1,B01
200800051082,0,7,0,0,2,2,15,A01
200800051083,0,7,0,0,2,3,9,A01
200800051083,0,2,0,0,2,7,1,B01
200800051084,0,10,0,0,0,2,15,A01
200800051084,0,30,0,0,2,1,1,B01
200800051085,0,31,0,0,2,7,1,A01
200800051085,0,7,0,0,0,8,15,B01
200800051086,0,7,0,0,2,1,2,A01
200800051086,0,7,0,0,0,5,1,B01
200800051087,0,33,0,0,1,1,1,A01
200800051088,0,7,0,0,2,3,15,A01
200800051088,0,33,0,0,2,7,17,B01
200800051089,0,2,0,15,0,1,1,A01
200800051090,0,2,0,0,2,1,2,A01
200800051090,0,7,0,0,2,8,15,B01
200800051091,0,2,0,1,0,1,10,A01
200800051092,0,33,0,0,2,1,2,A01
200800051092,0,7,0,0,2,4,23,B01
200800051093,0,7,0,0,1,1,16,A01
200800051094,0,2,0,0,2,1,1,A01
200800051094,0,7,0,0,2,3,1,B01
200800051095,0,33,0,0,0,7,1,A01
200800051096,0,7,0,0,2,1,17,A01
200800051096,0,31,0,0,2,3,1,B01
200800051097,0,7,0,0,1,2,1,A01
200800051098,0,2,0,0,1,1,17,A01
200800051099,0,1,0,0,1,1,1,A01
200800051100,0,7,0,0,2,2,9,A01
200800051100,0,2,0,0,2,2,17,B01
200800051101,0,7,0,0,2,7,16,A01
200800051101,0,2,0,0,2,1,1,B01
200800051102,0,31,0,0,2,2,17,A01
200800051102,0,7,0,0,2,3,15,B01
200800051103,0,33,0,11,0,1,1,A01
200800051104,0,33,0,0,9,1,1,A01
200800051105,0,2,0,0,0,0,2,A01
200800051106,0,31,0,0,2,2,2,A01
200800051106,0,7,0,0,2,3,15,B01
200800051106,0,7,0,0,2,3,23,C01
200800051107,0,7,0,12,0,1,1,A01
200800051108,0,2,0,14,0,1,1,A01
200800051108,0,7,0,0,0,4,23,B01
200800051109,0,10,0,14,2,1,5,A01
200800051109,0,7,0,0,2,1,1,B01
200800051110,0,7,0,0,2,4,4,A01
200800051110,0,32,0,0,2,1,1,B01
200800051111,0,32,0,0,2,8,3,A01
200800051111,0,7,0,0,2,7,1,B01
200800051112,0,33,0,0,1,8,1,A01
200800051113,0,7,0,0,2,2,13,A01
200800051113,0,7,0,0,2,2,1,B01
200800051114,0,7,0,0,1,3,1,A01
200800051115,0,7,0,0,0,7,1,A01
200800051115,0,7,0,0,2,1,1,B01
200800051116,0,32,0,0,2,2,2,A01
200800051116,0,7,0,0,0,6,2,B01
200800051117,0,34,0,12,0,3,21,A01
200800051118,0,7,0,1,0,8,9,A01
200800051118,0,37,4,1,0,2,2,B01
200800051119,0,7,0,0,0,2,16,A01
200800051120,0,33,0,1,2,8,1,B01
200800051120,0,2,0,0,2,7,9,A01
200800051121,0,7,0,0,0,0,0,A01
200800051122,0,1,0,0,2,1,5,A01
200800051122,0,7,0,0,9,3,1,B01
200800051123,0,7,0,0,9,2,1,A01
200800051123,0,1,0,0,2,3,0,B01
200800051124,0,37,1,0,1,2,1,A01
200800051125,0,14,0,0,0,4,0,A01
200800051125,0,7,0,0,0,4,0,B01
200800051125,0,7,0,0,0,4,0,C01
200800051126,0,2,0,0,2,8,23,A01
200800051126,0,7,0,0,0,2,2,B01
200800051127,0,2,0,2,1,1,0,A01
200800051128,0,31,0,14,0,1,5,A01
200800051129,0,33,0,0,2,2,17,A01
200800051129,0,7,0,0,2,3,15,B01
200800051130,0,2,0,0,2,1,17,A01
200800051130,0,7,0,0,2,3,15,B01
200800051131,0,7,0,0,0,8,0,A01
200800051131,0,7,0,0,0,3,0,B01
200800051131,0,3,0,0,0,1,0,C01
200800051131,0,7,0,0,0,6,0,D01
200800051132,0,7,0,0,2,7,0,B01
200800051132,0,7,0,0,2,1,9,A01
200800051133,0,34,0,0,1,1,1,A01
200800051134,0,7,0,0,1,1,2,A01
200800051135,0,7,0,0,9,1,2,A01
200800051136,0,30,0,0,2,8,1,B01
200800051136,0,31,0,0,2,2,1,A01
200800051137,0,7,0,0,2,7,15,A01
200800051137,0,31,0,0,2,1,2,B01
200800051138,1,7,0,0,0,0,0,B01
200800051138,0,7,0,0,2,2,1,A01
200800051139,0,31,0,1,0,1,11,A01
200800051139,0,7,0,0,0,0,0,B01
200800051140,0,7,0,0,2,7,15,A01
200800051140,0,33,0,0,2,1,1,B01
200800051141,0,2,0,0,2,1,2,A01
200800051141,0,7,0,0,0,0,0,B01
200800051142,0,7,0,0,0,2,15,A01
200800051142,0,33,0,0,0,0,2,B01
200800051143,0,7,0,0,0,1,2,A01
200800051144,1,7,0,0,0,6,16,A01
200800051144,0,32,0,0,2,1,2,B01
200800051145,0,7,0,0,1,2,1,A01
200800051146,0,7,0,0,1,1,2,A01
200800051147,0,7,0,0,2,2,0,A01
200800051147,0,33,0,0,2,3,0,B01
200800051148,2,33,0,0,1,1,2,A01
200800051149,0,7,0,0,2,1,2,A01
200800051149,0,7,0,0,2,4,23,B01
200800051149,0,7,0,0,2,4,23,C01
200800051150,0,7,0,0,0,1,1,A01
200800051150,0,7,0,0,0,7,1,B01
200800051150,0,7,0,0,0,1,1,C01
200800051151,0,31,0,0,2,1,3,A01
200800051151,0,30,0,0,2,1,3,B01
200800051152,0,7,0,0,1,1,1,A01
200800051153,0,7,0,0,2,4,0,A01
200800051153,0,7,0,0,2,1,0,B01
200800051154,0,7,0,0,2,6,13,A01
200800051154,0,33,0,0,2,7,2,B01
200800051155,0,34,0,0,2,3,14,A01
200800051155,0,7,0,0,2,3,13,B01
200800051156,0,7,0,0,1,2,0,A01
200800051157,0,7,0,0,0,0,0,B01
200800051157,0,32,0,0,0,0,0,A01
200800051158,0,7,0,0,1,1,1,B01
200800051159,0,7,0,0,1,2,16,A01
200800051160,1,13,0,0,0,4,2,A01
200800051160,0,7,0,0,0,1,2,B01
200800051160,0,7,0,0,0,2,2,C01
200800051161,1,2,0,0,1,1,0,A01
200800051162,0,7,0,0,2,1,0,A01
200800051163,0,7,0,0,1,3,1,A01
200800051164,0,7,0,0,2,1,19,A01
200800051164,0,14,0,0,2,2,1,B01
200800051165,0,7,0,14,0,1,1,A01
200800051165,1,7,0,0,2,7,1,B01
200800051166,0,7,0,0,2,7,15,A01
200800051166,0,30,0,0,2,1,1,B01
200800051167,0,7,0,0,1,4,9,A01
200800051168,0,7,0,0,0,8,1,A01
200800051169,0,7,0,0,0,8,1,B01
200800051169,0,30,0,14,0,1,3,A01
200800051170,1,7,0,0,2,3,16,B01
200800051170,0,30,0,0,2,1,1,A01
200800051171,0,7,0,1,0,3,1,A01
200800051172,0,7,0,8,0,3,1,A01
200800051173,0,7,0,0,2,7,12,A01
200800051173,0,30,0,0,2,8,17,B01
200800051174,0,7,0,0,0,3,9,A01
200800051174,0,34,0,0,0,1,9,B01
200800051175,0,7,0,0,2,6,2,A01
200800051175,0,30,0,0,2,2,2,B01
200800051176,0,7,0,0,1,2,2,A01
200800051177,0,30,0,0,0,1,1,A01
200800051178,0,2,0,0,2,1,1,A01
200800051178,0,7,0,0,2,6,19,B01
200800051179,0,7,0,0,2,3,10,A01
200800051179,0,33,0,0,2,1,17,B01
200800051180,0,7,0,0,2,3,20,B01
200800051180,0,33,0,1,2,1,1,A01
200800051181,0,10,0,0,1,4,4,A01
200800051182,0,7,0,0,2,4,1,B01
200800051182,0,30,0,0,2,1,17,A01
200800051183,0,7,0,0,0,4,2,B01
200800051183,0,17,0,14,0,1,2,A01
200800051184,0,7,0,8,0,8,1,A01
200800051185,0,7,0,0,2,6,10,A01
200800051185,0,32,0,0,2,3,1,B01
200800051186,0,7,0,0,0,1,0,C01
200800051186,0,7,0,0,0,8,0,B01
200800051186,0,7,0,0,0,3,0,A01
200800051187,0,33,0,0,2,1,1,B01
200800051187,0,7,0,0,2,3,10,A01
200800051188,0,7,0,0,1,2,11,A01
200800051189,0,7,0,0,2,2,1,B01
200800051189,0,7,0,0,2,3,11,A01
200800051190,0,7,0,0,1,6,4,A01
200800051191,0,7,0,0,2,1,2,B01
200800051191,0,10,0,0,2,4,2,A01
200800051192,0,7,0,1,2,2,2,A01
200800051192,0,7,0,0,0,5,1,B01
200800051193,0,7,0,0,2,1,17,A01
200800051193,0,7,0,0,2,8,1,B01
200800051194,0,30,0,0,2,7,0,A01
200800051194,0,7,0,0,9,1,0,B01
200800051195,0,7,0,0,2,9,0,B01
200800051195,0,31,0,0,2,0,0,A01
200800051196,0,7,0,0,1,2,13,A01
200800051197,1,7,0,1,1,8,2,A01
200800051198,0,34,0,0,2,1,1,A01
200800051198,0,7,0,0,2,5,1,B01
200800051199,0,30,0,0,2,7,1,A01
200800051199,0,7,0,0,2,1,1,B01
200800051200,0,7,0,9,0,7,11,A01
200800051200,0,32,0,0,2,1,1,B01
200800051201,0,32,0,0,1,1,1,A01
200800051202,0,30,0,0,2,1,5,A01
200800051202,0,7,0,0,2,1,2,B01
200800051203,0,34,0,0,2,1,1,A01
200800051203,0,7,0,0,2,2,15,B01
200800051204,0,7,0,0,0,3,2,A01
200800051204,0,30,0,0,0,3,2,B01
200800051205,0,7,0,0,2,2,11,A01
200800051205,0,33,0,0,2,2,1,B01
200800051205,0,7,0,0,2,1,1,C01
200800051206,0,7,0,0,1,1,21,A01
200800051207,0,7,0,0,0,5,0,B01
200800051207,0,30,0,0,0,1,0,A01
200800051208,0,7,0,0,1,2,1,A01
200800051209,0,7,0,0,2,2,1,A01
200800051209,1,7,0,0,2,1,1,B01
200800051210,0,7,0,0,0,3,15,A01
200800051210,0,33,0,0,2,2,1,B01
200800051211,0,7,0,0,2,6,9,A01
200800051211,2,7,0,0,2,1,1,B01
200800051212,0,10,0,0,2,1,15,A01
200800051212,0,2,0,0,2,8,1,B01
200800051213,0,10,0,15,0,1,0,A01
200800051214,0,30,0,0,2,1,1,A01
200800051214,0,7,0,0,2,1,1,B01
200800051215,0,33,0,0,2,1,15,B01
200800051215,0,7,0,0,2,3,15,A01
200800051216,0,33,0,0,2,8,2,A01
200800051216,1,7,0,0,2,2,16,B01
200800051217,0,37,1,0,2,3,2,B01
200800051217,0,10,0,0,2,3,2,A01
200800051218,0,10,0,1,0,1,0,A01
200800051219,0,7,0,0,1,3,2,A01
200800051220,0,30,0,0,2,2,17,B01
200800051220,0,7,0,0,2,3,17,A01
200800051221,0,10,0,0,2,1,1,B01
200800051221,0,7,0,0,2,2,15,A01
200800051222,0,2,0,0,2,1,17,A01
200800051222,0,10,0,0,2,8,15,B01
200800051223,0,30,0,0,2,3,1,B01
200800051223,0,37,3,0,2,3,1,A01
200800051224,0,30,0,0,2,1,1,B01
200800051224,0,7,0,0,2,4,4,A01
200800051225,0,32,0,0,2,1,17,B01
200800051225,0,10,0,0,2,3,9,A01
200800051226,0,32,0,0,2,2,1,B01
200800051226,0,7,0,0,2,3,9,A01
200800051227,0,7,0,0,2,3,15,B01
200800051227,0,32,0,0,2,1,1,A01
200800051228,0,7,0,0,2,4,23,B01
200800051228,0,7,0,0,2,1,0,A01
200800051229,0,32,0,0,0,0,1,A01
200800051230,0,2,0,0,0,4,23,A01
200800051230,0,10,0,0,9,1,0,B01
200800051231,0,7,0,0,1,2,1,A01
200800051232,0,30,0,0,2,8,0,B01
200800051232,0,7,0,0,2,1,0,A01
200800051233,0,7,0,0,0,9,14,A01
200800051234,0,7,0,0,2,3,1,B01
200800051234,0,7,0,0,2,3,13,A01
200800051235,0,7,0,0,2,1,1,B01
200800051235,0,7,0,0,2,7,10,A01
200800051236,0,7,0,0,2,4,1,B01
200800051236,0,33,0,0,2,1,2,A01
200800051237,0,7,0,0,2,5,3,B01
200800051237,0,1,0,0,2,1,2,A01
200800051238,0,7,0,0,1,2,1,A01
200800051239,0,7,0,0,2,3,9,A01
200800051239,0,7,0,12,0,0,1,B01
200800051239,0,7,0,0,2,1,1,C01
200800051240,0,7,0,0,1,2,1,A01
200800051241,0,7,0,0,1,2,2,A01
200800051242,0,2,0,0,2,1,5,A01
200800051242,0,7,0,0,2,1,0,B01
200800051243,0,7,0,0,2,3,15,B01
200800051243,0,30,0,0,2,1,17,A01
200800051244,0,7,0,0,2,4,1,A01
200800051245,0,1,0,0,2,4,1,A01
200800051246,1,7,0,0,1,1,16,A01
200800051247,0,7,0,0,1,2,1,A01
200800051248,0,10,0,0,1,2,1,A01
200800051249,0,31,0,9,2,1,17,A01
200800051249,0,7,0,0,2,3,1,B01
200800051250,0,13,0,0,2,1,16,A01
200800051250,0,1,0,0,2,7,1,B01
200800051251,0,7,0,0,2,8,10,A01
200800051251,0,31,0,0,2,1,2,B01
200800051252,0,37,1,14,0,1,2,A01
200800051252,0,7,0,0,2,4,23,B01
200800051252,0,7,0,0,2,8,23,C01
200800051252,0,7,0,0,2,1,23,D01
200800051253,0,30,0,12,0,1,1,A01
200800051254,0,7,0,0,2,1,1,A01
200800051254,0,7,0,0,2,4,1,B01
200800051255,0,2,0,0,2,1,1,A01
200800051255,0,7,0,0,2,5,16,B01
200800051256,0,7,0,11,0,1,1,A01
200800051257,0,2,0,0,2,1,1,A01
200800051257,0,7,0,0,2,4,1,B01
200800051258,1,2,0,0,2,1,1,A01
200800051258,0,1,0,0,2,1,1,B01
200800051259,0,1,0,0,2,8,1,B01
200800051259,0,7,0,0,2,2,16,A01
200800051260,0,2,0,0,2,1,1,A01
200800051260,0,7,0,0,2,4,1,B01
200800051261,0,7,0,0,2,1,1,A01
200800051261,0,32,0,0,2,4,1,B01
200800051261,0,7,0,0,2,4,1,C01
200800051262,0,2,0,0,2,1,1,A01
200800051262,0,30,0,0,2,4,1,B01
200800051263,0,7,0,0,2,2,1,A01
200800051263,0,1,0,0,2,1,1,B01
200800051264,0,7,0,0,2,5,15,A01
200800051264,0,7,0,0,2,2,1,B01
200800051265,0,7,0,6,0,1,1,A01
200800051266,0,7,0,6,0,2,1,A01
200800051267,0,30,0,0,2,1,1,A01
200800051267,0,7,0,0,2,4,16,B01
200800051268,0,7,0,0,1,1,1,A01
200800051269,0,7,0,0,2,1,2,A01
200800051269,0,7,0,0,2,4,2,B01
200800051270,0,7,0,0,2,8,0,A01
200800051270,0,2,0,0,2,1,5,B01
200800051271,0,40,0,0,1,1,1,A01
200800051272,0,2,0,0,2,7,1,A01
200800051272,0,7,0,0,2,3,1,B01
200800051273,0,1,0,0,1,1,1,A01
200800051274,0,7,0,0,2,6,10,A01
200800051274,0,30,0,0,2,1,1,B01
200800051275,0,1,0,0,2,1,15,A01
200800051275,0,1,0,0,2,1,2,B01
200800051276,0,1,0,0,1,3,1,A01
200800051277,0,1,0,0,2,7,1,B01
200800051277,0,1,0,0,2,1,15,A01
200800051278,0,10,0,0,2,2,1,B01
200800051278,0,2,0,0,2,1,16,A01
200800051279,0,1,0,0,2,1,0,A01
200800051279,0,7,0,0,2,1,1,B01
200800051280,0,7,0,0,2,8,23,B01
200800051280,0,1,0,0,2,1,1,A01
200800051281,0,1,0,0,1,1,1,A01
200800051282,0,7,0,0,1,1,1,A01
200800051283,1,30,0,0,1,0,1,A01
200800051284,0,7,0,0,4,8,13,A01
200800051284,0,40,0,0,2,2,1,B01
200800051285,0,7,0,6,0,1,0,A01
200800051286,0,30,0,0,2,1,1,B01
200800051286,0,7,0,0,2,6,15,A01
200800051287,0,7,0,0,4,8,15,A01
200800051287,0,40,0,0,2,1,1,B01
200800051288,0,10,0,0,2,3,1,A01
200800051288,0,2,0,0,2,1,1,B01
200800051289,0,7,0,0,2,1,15,A01
200800051289,0,2,0,0,2,1,1,B01
200800051290,0,7,0,0,1,7,1,A01
200800051291,0,7,0,0,1,1,1,A01
200800051292,0,7,0,11,0,1,1,A01
200800051292,0,7,0,0,9,8,1,B01
200800051293,0,1,0,0,2,1,0,A01
200800051293,0,7,0,0,2,3,0,B01
200800051294,0,32,0,0,2,9,1,A01
200800051294,0,7,0,0,2,1,1,B01
200800051295,0,7,0,0,2,4,1,B01
200800051295,2,7,0,0,2,2,1,A01
200800051296,0,33,0,0,2,3,1,A01
200800051296,0,7,0,0,2,7,23,B01
200800051297,0,30,0,0,2,1,1,A01
200800051297,0,7,0,0,2,4,1,B01
200800051298,0,7,0,0,1,3,1,A01
200800051299,0,7,0,0,2,1,1,A01
200800051299,0,7,0,1,2,7,1,B01
200800051300,0,30,0,0,2,1,1,B01
200800051300,0,7,0,0,2,2,1,A01
200800051301,0,2,0,0,2,1,1,A01
200800051301,0,1,0,0,2,5,5,B01
200800051302,0,30,0,0,2,1,5,A01
200800051302,0,7,0,0,2,2,1,B01
200800051303,0,7,0,0,2,3,15,A01
200800051303,0,33,0,0,2,1,1,B01
200800051304,0,7,0,1,0,1,14,A01
200800051305,2,30,0,0,2,1,5,A01
200800051305,0,7,0,0,2,2,1,B01
200800051306,0,7,0,0,2,1,1,A01
200800051306,0,10,0,0,2,6,1,B01
200800051307,0,7,0,0,2,3,15,A01
200800051307,0,1,0,0,2,8,1,B01
200800051308,0,1,0,0,2,1,1,A01
200800051308,1,7,0,0,2,2,15,B01
200800051309,0,7,0,0,1,1,1,A01
200800051310,0,7,0,0,2,1,1,B01
200800051310,0,1,0,0,2,8,1,A01
200800051311,0,7,0,0,1,1,1,A01
200800051312,0,7,0,0,2,1,5,A01
200800051312,0,7,0,0,2,1,0,B01
200800051313,0,7,0,0,2,2,14,A01
200800051313,0,30,0,0,2,0,18,B01
200800051314,0,33,0,0,2,1,1,A01
200800051314,0,2,0,0,2,1,1,B01
200800051315,0,7,0,0,9,3,16,A01
200800051315,0,1,0,0,0,0,2,B01
200800051316,1,7,0,0,1,0,0,A01
200800051317,0,7,0,0,2,2,0,A01
200800051317,0,1,0,0,2,8,19,B01
200800051318,0,7,0,0,9,2,2,A01
200800051318,0,1,0,0,2,1,2,B01
200800051319,0,7,0,0,1,2,2,A01
200800051320,0,7,0,0,2,3,17,A01
200800051320,0,2,0,0,2,1,1,B01
200800051321,0,7,0,0,2,1,2,A01
200800051321,0,7,0,0,2,4,2,B01
200800051321,0,7,0,0,2,3,1,C01
200800051322,0,7,0,0,2,1,15,A01
200800051322,0,7,0,0,2,3,1,B01
200800051323,0,1,0,0,5,1,1,A01
200800051324,0,7,0,0,2,1,1,A01
200800051324,0,1,0,0,2,7,19,B01
200800051325,0,7,0,0,2,2,15,A01
200800051325,0,1,0,0,2,1,1,B01
200800051326,0,7,0,0,2,0,17,A01
200800051326,0,7,0,0,2,6,1,B01
200800051326,0,7,0,0,2,8,2,C01
200800051327,0,7,0,0,0,5,1,A01
200800051328,0,2,0,0,2,1,5,A01
200800051328,0,7,0,0,2,1,1,B01
200800051329,0,7,0,0,2,3,1,B01
200800051329,0,1,0,0,2,7,15,A01
200800051330,0,30,0,0,2,1,18,A01
200800051330,0,7,0,0,2,2,15,B01
200800051331,0,10,0,0,0,3,15,B01
200800051331,0,32,0,0,2,2,17,A01
200800051332,0,33,0,0,2,1,2,A01
200800051332,0,14,0,0,2,5,2,B01
200800051333,0,32,0,0,2,1,1,A01
200800051333,0,7,0,0,2,6,15,B01
200800051334,0,7,0,0,2,1,1,B01
200800051334,0,33,0,0,2,1,17,A01