Num_Acc,senc,catv,occutc,obs,obsm,choc,manv,num_veh
200800051335,0,2,0,0,0,1,0,A01
200800051335,0,7,0,0,2,3,15,B01
200800051336,0,33,0,0,2,1,2,A01
200800051336,0,7,0,0,0,6,15,B01
200800051337,0,33,0,0,0,1,1,A01
200800051338,0,33,0,3,0,1,1,A01
200800051339,0,32,0,0,2,1,1,A01
200800051339,0,7,0,0,2,2,16,B01
200800051340,0,7,0,0,2,3,1,A01
200800051340,0,30,0,0,2,3,1,B01
200800051340,0,2,0,0,2,3,1,C01
200800051340,0,30,0,0,0,7,2,D01
200800051341,0,7,0,0,2,1,2,A01
200800051341,0,7,0,0,2,4,2,B01
200800051342,0,7,0,0,1,1,1,A01
200800051343,0,7,0,0,2,1,15,A01
200800051343,0,32,0,0,2,1,1,B01
200800051344,0,30,0,0,2,1,2,A01
200800051344,0,7,0,0,2,4,23,B01
200800051345,0,7,0,2,0,1,1,A01
200800051346,0,7,0,0,1,2,1,A01
200800051347,0,7,0,0,1,2,2,A01
200800051348,0,7,0,6,1,3,1,A01
200800051349,0,7,0,0,2,2,1,B01
200800051349,0,7,0,0,2,1,0,A01
200800051350,0,30,0,0,2,1,2,A01
200800051350,0,7,0,0,2,0,2,B01
200800051351,0,2,0,0,2,8,19,B01
200800051351,0,7,0,0,9,3,19,A01
200800051352,0,32,0,0,2,1,1,B01
200800051352,0,7,0,0,2,5,15,A01
200800051353,0,7,0,0,2,3,15,B01
200800051353,0,30,0,0,2,1,1,A01
200800051354,0,30,0,0,2,1,17,A01
200800051354,0,7,0,0,2,6,15,B01
200800051355,0,31,0,0,2,1,1,B01
200800051355,0,7,0,0,2,3,16,A01
200800051356,0,7,0,6,0,9,1,A01
200800051357,0,7,0,0,1,0,1,A01
200800051358,0,7,0,0,9,1,2,A01
200800051358,0,1,0,0,2,0,9,B01
200800051359,0,7,0,0,2,1,2,A01
200800051359,0,7,0,0,2,4,2,B01
200800051360,0,7,0,0,2,1,15,A01
200800051360,0,1,0,0,2,1,1,B01
200800051361,0,7,0,0,2,1,0,A01
200800051361,0,7,0,0,2,1,0,B01
200800051362,0,7,0,0,2,1,2,A01
200800051362,0,7,0,0,0,4,2,B01
200800051362,0,7,0,0,0,4,2,C01
200800051363,0,10,0,0,2,3,1,B01
200800051363,0,2,0,0,2,1,1,A01
200800051364,0,30,0,0,2,1,1,B01
200800051364,0,7,0,0,2,1,1,A01
200800051365,0,1,0,0,2,7,1,B01
200800051365,0,7,0,0,2,1,15,A01
200800051366,0,32,0,0,2,8,1,B01
200800051366,0,7,0,0,2,1,15,A01
200800051367,0,2,0,0,2,5,1,B01
200800051367,0,7,0,0,2,3,1,A01
200800051368,0,7,0,0,1,3,0,A01
200800051369,0,7,0,0,1,3,15,A01
200800051370,1,30,0,0,1,1,1,A01
200800051371,0,7,0,0,1,3,20,A01
200800051372,0,7,0,1,2,3,1,B01
200800051372,0,7,0,1,2,2,9,A01
200800051373,0,7,0,0,2,1,1,B01
200800051373,0,7,0,0,2,3,1,A01
200800051374,0,32,0,0,2,1,1,B01
200800051374,0,7,0,0,2,8,10,A01
200800051375,0,2,0,0,2,1,1,B01
200800051375,0,7,0,0,2,4,15,A01
200800051376,0,7,0,7,2,9,2,A01
200800051376,0,7,0,0,2,6,2,B01
200800051377,0,7,0,0,2,8,11,A01
200800051377,0,7,0,0,2,2,1,B01
200800051378,0,7,0,0,2,2,9,A01
200800051378,0,33,0,0,2,1,1,B01
200800051379,0,1,0,0,2,1,2,B01
200800051379,0,7,0,0,2,7,22,A01
200800051380,0,7,0,0,2,1,15,A01
200800051380,0,7,0,0,2,1,1,B01
200800051381,0,7,0,15,9,8,1,A01
200800051381,0,40,0,0,2,1,1,B01
200800051382,0,7,0,0,2,3,15,A01
200800051382,0,7,0,0,2,1,1,B01
200800051383,0,7,0,0,2,2,15,A01
200800051383,0,7,0,8,2,6,1,B01
200800051384,0,7,0,0,2,1,19,A01
200800051384,0,7,0,0,2,7,1,B01
200800051385,0,7,0,0,2,1,1,A01
200800051385,0,7,0,0,2,4,23,B01
200800051385,0,1,0,0,2,8,19,C01
200800051386,0,7,0,0,0,6,10,A01
200800051386,0,2,0,0,2,3,1,B01
200800051387,0,7,0,0,2,1,13,A01
200800051387,0,7,0,0,2,1,1,B01
200800051388,0,33,0,0,2,1,0,A01
200800051388,0,7,0,0,2,3,15,B01
200800051389,0,2,0,0,2,8,1,A01
200800051389,0,7,0,0,2,3,1,B01
200800051390,0,7,0,0,2,1,1,A01
200800051390,0,7,0,1,2,6,0,B01
200800051391,0,30,0,0,2,1,1,A01
200800051391,0,7,0,0,2,3,16,B01
200800051392,0,2,0,0,2,1,17,A01
200800051392,0,7,0,0,2,6,15,B01
200800051393,0,7,0,0,2,3,1,B01
200800051393,0,7,0,0,2,3,1,A01
200800051394,0,7,0,0,1,2,1,A01
200800051395,0,10,0,13,0,1,1,A01
200800051396,0,7,0,0,2,1,5,A01
200800051396,0,7,0,0,2,5,1,B01
200800051397,0,7,0,0,1,7,1,A01
200800051398,0,7,0,0,2,7,15,A01
200800051398,0,7,0,0,2,1,2,B01
200800051399,0,2,0,0,0,0,1,A01
200800051400,0,7,0,0,2,1,1,A01
200800051400,0,2,0,0,0,4,1,B01
200800051401,0,7,0,0,2,3,19,B01
200800051401,0,1,0,0,2,1,1,A01
200800051402,0,7,0,0,0,1,0,A01
200800051403,0,7,0,0,2,1,1,A01
200800051403,0,7,0,0,2,9,1,B01
200800051404,0,30,0,0,2,1,1,B01
200800051404,0,7,0,0,0,2,1,A01
200800051405,1,7,0,0,1,1,1,A01
200800051406,0,2,0,0,2,2,16,A01
200800051406,0,7,0,0,0,2,9,B01
200800051407,0,7,0,0,1,1,1,A01
200800051408,0,7,0,0,2,1,0,A01
200800051408,0,2,0,0,2,8,1,B01
200800051409,0,33,0,0,2,1,1,A01
200800051409,0,7,0,0,0,7,1,B01
200800051410,0,7,0,0,0,0,15,A01
200800051410,0,2,0,0,2,7,17,B01
200800051411,0,7,0,0,2,1,1,A01
200800051411,0,1,0,0,2,4,1,B01
200800051412,0,2,0,0,0,8,17,B01
200800051412,0,7,0,0,2,8,1,A01
200800051413,0,7,0,0,2,5,1,A01
200800051413,0,2,0,0,0,8,1,B01
200800051414,0,7,0,14,0,8,1,A01
200800051415,0,7,0,0,2,2,15,A01
200800051415,0,7,0,0,0,1,1,B01
200800051416,0,1,0,0,0,1,1,B01
200800051416,0,7,0,0,2,1,1,A01
200800051417,0,7,0,16,0,1,1,A01
200800051418,0,2,0,0,2,1,1,A01
200800051418,0,7,0,0,0,7,16,B01
200800051419,0,7,0,0,2,1,13,A01
200800051419,0,7,0,0,0,1,1,B01
200800051420,0,2,0,16,0,8,1,A01
200800051421,0,2,0,0,2,1,1,A01
200800051421,0,7,0,0,0,7,16,B01
200800051422,0,7,0,0,2,1,1,B01
200800051422,0,2,0,0,0,8,1,A01
200800051423,0,7,0,0,2,3,1,A01
200800051423,0,33,0,0,0,8,1,B01
200800051424,1,7,0,0,2,0,0,A01
200800051424,0,7,0,0,0,7,1,B01
200800051425,0,7,0,0,2,1,15,A01
200800051425,0,7,0,0,0,3,1,B01
200800051426,0,7,0,0,2,3,9,A01
200800051426,0,2,0,0,0,5,1,B01
200800051427,0,33,0,0,2,2,1,A01
200800051427,0,1,0,0,0,3,11,B01
200800051428,0,7,0,0,2,1,1,A01
200800051428,0,33,0,0,1,4,23,B01
200800051429,0,7,0,0,1,1,1,A01
200800051430,0,7,0,0,2,1,1,A01
200800051430,0,40,0,0,0,0,1,B01
200800051431,0,2,0,0,2,7,15,A01
200800051431,0,7,0,0,0,2,15,B01
200800051432,0,2,0,16,0,8,1,A01
200800051433,0,10,0,0,0,0,1,A01
200800051433,0,31,0,0,2,1,1,B01
200800051433,0,7,0,0,2,6,21,C01
200800051433,0,7,0,0,0,6,1,D01
200800051433,0,7,0,0,0,8,1,E01
200800051434,0,32,0,0,2,7,1,B01
200800051434,1,7,0,0,2,3,9,A01
200800051435,0,7,0,0,2,8,1,A01
200800051435,0,30,0,0,2,1,1,B01
200800051436,1,7,0,0,0,0,1,A01
200800051436,0,31,0,1,0,1,17,B01
200800051437,0,7,0,0,1,4,23,B01
200800051437,0,7,0,0,2,1,2,A01
200800051438,0,7,0,0,2,2,0,A01
200800051438,0,1,0,0,2,1,2,B01
200800051439,0,33,0,0,2,1,2,A01
200800051439,0,10,0,0,0,4,23,B01
200800051440,0,1,0,0,0,2,19,A01
200800051440,1,7,0,0,2,1,1,B01
200800051441,0,32,0,0,0,1,1,B01
200800051441,0,7,0,0,2,1,15,A01
200800051442,1,7,0,0,2,1,1,A01
200800051442,0,2,0,0,0,4,1,B01
200800051443,0,2,0,1,0,1,1,A01
200800051444,0,7,0,0,2,1,13,A01
200800051444,0,7,0,0,0,1,1,B01
200800051445,0,7,0,0,1,1,2,A01
200800051446,0,31,0,0,2,1,13,B01
200800051446,0,7,0,0,2,0,0,A01
200800051447,0,30,0,0,0,8,11,A01
200800051448,1,7,0,0,2,6,11,A01
200800051448,0,31,0,0,2,2,1,B01
200800051449,0,30,0,0,0,0,1,A01
200800051450,0,7,0,0,2,7,15,A01
200800051450,0,2,0,0,2,1,2,B01
200800051451,0,7,0,0,2,4,1,B01
200800051451,0,2,0,0,2,1,1,A01
200800051452,0,33,0,16,0,6,1,A01
200800051453,0,7,0,0,2,4,2,D01
200800051453,0,7,0,0,2,4,2,C01
200800051453,0,7,0,0,2,4,2,B01
200800051453,0,7,0,0,2,1,2,A01
200800051454,0,7,0,0,2,4,1,B01
200800051454,0,7,0,0,2,1,1,A01
200800051455,0,7,0,0,2,1,10,A01
200800051455,0,2,0,0,2,5,1,B01
200800051456,0,7,0,0,2,2,1,B01
200800051456,0,7,0,0,2,3,15,A01
200800051457,0,7,0,13,0,1,21,A01
200800051458,0,7,0,0,2,7,23,B01
200800051458,0,30,0,0,0,1,13,A01
200800051459,0,7,0,0,2,4,1,B01
200800051459,0,7,0,0,2,1,1,A01
200800051460,0,31,0,0,2,2,1,B01
200800051460,0,7,0,0,2,3,9,A01
200800051461,0,7,0,2,0,7,0,A01
200800051462,0,7,0,0,2,4,23,B01
200800051462,0,7,0,0,2,1,1,A01
200800051463,0,30,0,0,2,1,15,B01
200800051463,0,7,0,0,2,8,15,A01
200800051464,0,10,0,9,2,2,15,B01
200800051464,0,7,0,0,2,1,1,A01
200800051465,0,7,0,0,1,2,1,A01
200800051466,2,7,0,0,2,1,1,A01
200800051466,0,7,0,0,0,8,19,B01
200800051467,0,7,0,0,0,6,10,A01
200800051467,0,33,0,0,2,0,2,B01
200800051468,0,3,0,0,2,1,1,A01
200800051468,0,7,0,0,2,8,9,B01
200800051469,0,7,0,0,1,2,1,A01
200800051470,0,10,0,0,1,2,1,A01
200800051471,0,2,0,0,2,1,1,B01
200800051471,0,7,0,0,9,3,1,A01
200800051472,0,7,0,0,2,7,15,A01
200800051472,0,30,0,0,2,1,1,B01
200800051473,0,7,0,3,0,7,1,A01
200800051474,0,33,0,0,2,1,1,B01
200800051474,0,10,0,0,2,2,15,A01
200800051474,0,7,0,0,2,8,23,C01
200800051475,0,7,0,0,2,1,2,A01
200800051475,0,7,0,0,2,9,23,B01
200800051475,0,7,0,0,2,4,23,C01
200800051476,0,33,0,6,0,1,1,A01
200800051477,0,7,0,0,2,3,9,A01
200800051477,0,2,0,0,2,2,1,B01
200800051478,0,30,0,0,2,8,11,A01
200800051478,0,7,0,0,2,7,1,B01
200800051479,0,1,0,0,1,1,1,A01
200800051480,0,7,0,0,9,8,15,B01
200800051480,0,30,0,0,2,1,1,A01
200800051481,0,2,0,15,0,0,0,A01
200800051482,0,7,0,2,2,2,17,A01
200800051482,0,7,0,0,2,6,15,B01
200800051483,0,7,0,0,2,1,1,A01
200800051483,0,7,0,0,2,4,1,B01
200800051484,1,7,0,0,2,8,1,A01
200800051484,0,1,0,0,2,8,1,B01
200800051485,1,7,0,0,2,1,1,A01
200800051485,0,33,0,0,2,4,2,B01
200800051486,1,7,0,0,1,2,1,A01
200800051487,0,2,0,0,2,1,0,A01
200800051487,1,7,0,0,2,0,0,B01
200800051488,0,7,0,0,2,2,15,A01
200800051488,0,2,0,0,0,1,1,B01
200800051489,0,7,0,12,0,2,1,A01
200800051490,0,7,0,0,2,1,13,A01
200800051490,0,7,0,0,2,1,1,B01
200800051491,0,7,0,14,2,3,13,A01
200800051491,0,7,0,0,2,3,1,B01
200800051492,0,7,0,6,0,2,14,A01
200800051493,0,7,0,0,1,7,15,A01
200800051494,0,7,0,0,2,1,15,A01
200800051494,0,7,0,8,2,2,1,B01
200800051495,0,7,0,0,0,4,17,A01
200800051495,0,7,0,0,2,1,17,B01
200800051495,0,7,0,0,2,1,17,C01
200800051495,0,33,0,0,2,1,17,D01
200800051495,0,7,0,0,2,6,0,E01
200800051496,0,7,0,13,0,9,14,A01
200800051497,0,30,0,0,2,1,1,A01
200800051497,0,7,0,8,2,2,1,B01
200800051498,0,30,0,1,2,9,0,A01
200800051498,0,7,0,0,2,3,1,B01
200800051499,0,7,0,0,2,3,15,A01
200800051499,0,33,0,0,2,1,1,B01
200800051500,0,30,0,0,2,1,13,A01
200800051500,0,7,0,0,2,6,2,B01
200800051501,0,30,0,0,2,1,1,B01
200800051501,0,7,0,0,2,1,15,A01
200800051502,0,7,0,9,2,7,1,A01
200800051502,0,32,0,9,2,2,1,B01
200800051503,0,31,0,12,2,3,1,A01
200800051503,0,31,0,0,2,6,1,B01
200800051504,0,7,0,9,0,3,10,A01
200800051504,0,30,0,0,0,1,7,B01
200800051505,0,7,0,0,2,1,2,A01
200800051505,0,7,0,0,2,4,1,B01
200800051506,0,32,0,1,0,1,1,A01
200800051506,0,36,0,0,0,0,0,C01
200800051507,0,32,0,0,1,7,1,A01
200800051508,0,15,0,0,2,1,2,A01
200800051508,0,15,0,0,2,0,1,B01
200800051509,0,7,0,0,2,3,15,A01
200800051509,0,33,0,0,2,1,1,B01
200800051510,0,7,0,0,2,2,15,A01
200800051510,0,33,0,0,2,6,1,B01
200800051511,0,7,0,0,2,3,16,B01
200800051511,0,33,0,0,2,1,1,A01
200800051512,0,30,0,0,0,8,1,A01
200800051513,0,32,0,0,2,1,2,A01
200800051513,0,7,0,0,0,4,1,B01
200800051514,0,7,0,3,0,9,2,A01
200800051514,0,7,0,0,2,1,2,B01
200800051514,0,7,0,0,2,8,2,C01
200800051515,0,33,0,0,0,0,0,A01
200800051515,0,7,0,0,2,4,2,B01
200800051516,0,7,0,0,9,2,16,B01
200800051516,0,30,0,0,2,7,1,A01
200800051517,0,33,0,0,2,1,2,A01
200800051517,0,7,0,4,0,4,2,B01
200800051518,0,30,0,0,0,8,0,A01
200800051519,0,7,0,0,1,2,0,A01
200800051520,0,7,0,0,2,2,15,A01
200800051520,0,32,0,0,2,1,1,B01
200800051521,0,30,0,1,2,2,17,A01
200800051521,0,7,0,1,2,3,20,B01
200800051522,0,7,0,5,0,9,2,A01
200800051523,0,7,0,1,0,1,0,A01
200800051524,0,2,0,0,5,1,1,A01
200800051525,0,7,0,3,2,1,1,A01
200800051525,0,7,0,0,2,1,2,B01
200800051525,0,7,0,3,2,1,1,C01
200800051525,0,13,0,0,2,1,2,D01
200800051525,0,7,0,0,0,4,2,E01
200800051526,0,7,0,0,2,2,1,A01
200800051526,0,7,0,9,2,1,1,B01
200800051527,0,33,0,14,0,8,0,A01
200800051528,0,31,0,9,1,7,1,A01
200800051529,0,33,0,0,1,1,1,A01
200800051530,0,30,0,12,0,1,14,B01
200800051530,1,7,0,0,2,0,0,A01
200800051531,0,30,0,0,2,0,5,A01
200800051531,0,37,1,0,2,5,15,B01
200800051532,0,33,0,0,2,6,17,A01
200800051532,0,7,0,0,2,3,1,B01
200800051533,0,33,0,0,2,1,1,A01
200800051533,0,7,0,0,2,1,1,B01
200800051534,0,30,0,0,2,7,1,A01
200800051534,0,7,0,0,2,3,1,B01
200800051535,0,7,0,0,2,1,5,A01
200800051535,0,7,0,0,2,1,1,B01
200800051536,0,7,0,0,2,1,1,B01
200800051536,0,7,0,0,2,8,15,A01
200800051537,0,7,0,0,2,3,10,A01
200800051537,0,7,0,0,2,1,1,B01
200800051538,0,7,0,16,2,1,5,B01
200800051538,0,7,0,16,2,1,5,A01
200800051539,0,2,0,0,2,1,19,B01
200800051539,0,10,0,0,2,3,19,A01
200800051540,0,7,0,6,0,1,2,A01
200800051541,0,7,0,2,0,8,1,A01
200800051542,0,7,0,2,0,1,13,A01
200800051543,0,1,0,1,0,1,1,A01
200800051544,0,33,0,0,2,1,1,B01
200800051544,0,10,0,0,2,2,15,A01
200800051545,0,2,0,0,2,1,1,B01
200800051545,0,7,0,0,2,3,9,A01
200800051546,0,7,0,0,2,8,15,B01
200800051546,0,10,0,0,2,2,1,A01
200800051547,0,7,0,0,2,3,9,B01
200800051547,0,1,0,0,2,1,1,A01
200800051548,0,15,0,0,1,2,2,A01
200800051549,0,1,0,0,2,7,1,A01
200800051549,0,7,0,0,9,2,1,B01
200800051550,0,7,0,0,0,9,1,A01
200800051551,0,33,0,0,0,0,0,A01
200800051552,0,7,0,0,2,2,17,A01
200800051552,0,7,0,0,2,3,1,B01
200800051553,0,32,0,0,0,8,0,A01
200800051554,0,33,0,0,2,1,5,C01
200800051554,0,7,0,0,0,6,2,B01
200800051554,0,33,0,0,2,7,5,A01
200800051555,0,33,0,0,0,1,0,B01
200800051555,0,7,0,0,0,3,0,A01
200800051556,0,7,0,0,0,4,0,A01
200800051556,0,33,0,14,0,1,2,B01
200800051557,0,33,0,7,2,9,17,A01
200800051557,0,7,0,0,2,8,15,B01
200800051558,0,7,0,0,2,1,15,A01
200800051558,0,2,0,0,2,1,1,B01
200800051559,0,7,0,0,0,0,1,A01
200800051560,0,2,0,4,0,1,2,A01
200800051561,0,7,0,0,0,3,2,A01
200800051561,0,7,0,0,0,4,23,B01
200800051561,0,7,0,0,0,4,23,C01
200800051562,0,7,0,0,0,0,0,B01
200800051562,0,33,0,0,0,0,0,A01
200800051563,0,10,0,0,2,1,1,A01
200800051563,0,7,0,0,2,3,10,B01
200800051564,0,2,0,0,2,7,1,A01
200800051564,0,7,0,0,2,3,1,B01
200800051565,0,7,0,0,0,1,17,A01
200800051565,0,7,0,0,0,5,15,B01
200800051566,0,33,0,0,2,0,19,B01
200800051566,0,7,0,0,0,8,19,A01
200800051567,0,7,0,0,9,3,15,A01
200800051567,0,1,0,0,2,1,1,B01
200800051568,0,34,0,0,2,3,11,A01
200800051568,0,13,0,0,2,7,17,B01
200800051569,0,15,0,4,0,3,9,A01
200800051570,0,7,0,0,1,1,1,A01
200800051571,0,7,0,0,2,1,13,A01
200800051571,0,7,0,0,2,3,1,B01
200800051571,0,7,0,0,2,1,1,C01
200800051572,0,7,0,0,2,1,13,A01
200800051572,0,7,0,0,2,3,1,B01
200800051573,0,7,0,0,2,1,1,A01
200800051573,0,7,0,0,2,4,1,B01
200800051574,0,7,0,0,2,1,0,A01
200800051574,0,7,0,0,2,1,1,B01
200800051575,0,33,0,0,2,1,5,A01
200800051575,0,7,0,0,2,1,1,B01
200800051576,0,7,0,0,2,3,13,A01
200800051576,0,7,0,0,2,3,1,B01
200800051577,0,7,0,0,2,1,1,A01
200800051577,0,1,0,0,1,8,19,B01
200800051578,0,10,0,0,1,5,4,A01
200800051579,0,33,0,0,2,1,1,B01
200800051579,0,7,0,0,2,5,1,A01
200800051580,0,7,0,15,0,1,9,A01
200800051581,0,2,0,0,1,1,1,A01
200800051582,0,7,0,0,2,2,1,A01
200800051582,0,7,0,0,2,2,15,B01
200800051583,0,7,0,0,1,8,11,A01
200800051583,0,32,0,0,2,7,0,B01
200800051584,0,7,0,3,0,1,1,A01
200800051585,0,14,0,0,2,2,2,A01
200800051585,0,7,0,0,2,4,2,B01
200800051586,0,32,0,0,0,9,6,A01
200800051587,0,7,0,0,2,1,5,A01
200800051587,0,7,0,0,2,1,2,B01
200800051588,0,7,0,0,1,7,1,A01
200800051589,0,32,0,0,2,1,17,A01
200800051589,0,7,0,0,2,3,15,B01
200800051590,0,2,0,0,2,1,2,B01
200800051590,0,10,0,0,2,4,2,A01
200800051591,0,33,0,0,1,1,1,A01
200800051592,0,7,0,12,0,9,0,A01
200800051593,0,7,0,0,2,1,2,A01
200800051593,0,7,0,0,0,4,2,B01
200800051594,0,30,0,0,2,0,0,B01
200800051594,0,7,0,0,2,2,15,A01
200800051595,0,7,0,0,9,8,24,A01
200800051595,0,1,0,1,0,1,1,B01
200800051596,1,7,0,0,1,2,16,A01
200800051597,0,1,0,0,0,1,0,A01
200800051598,0,7,0,0,0,6,15,A01
200800051598,0,33,0,0,0,3,17,B01
200800051599,0,1,0,0,0,2,0,B01
200800051599,0,33,0,0,0,1,0,A01
200800051600,0,7,0,0,0,8,1,A01
200800051601,0,33,0,0,0,3,1,A01
200800051601,0,2,0,0,0,2,1,B01
200800051602,0,10,0,0,0,3,15,B01
200800051602,0,32,0,0,2,1,1,A01
200800051603,0,1,0,0,2,3,19,A01
200800051603,0,7,0,0,0,3,1,B01
200800051604,0,10,0,0,1,1,15,A01
200800051605,0,7,0,0,1,1,1,A01
200800051606,0,7,0,7,1,3,15,A01
200800051607,0,7,0,0,2,8,1,A01
200800051607,0,33,0,0,2,7,1,B01
200800051608,0,99,0,0,2,1,15,A01
200800051608,0,7,0,0,2,1,15,B01
200800051609,0,7,0,0,2,1,1,A01
200800051609,0,7,0,0,0,4,23,B01
200800051610,0,7,0,0,1,1,1,A01
200800051611,0,7,0,0,2,8,10,A01
200800051611,0,7,0,0,2,1,1,B01
200800051612,0,7,0,0,1,1,1,A01
200800051613,0,33,0,0,2,1,1,B01
200800051613,0,10,0,0,0,5,15,A01
200800051614,1,7,0,0,2,1,5,A01
200800051614,0,7,0,0,2,1,1,B01
200800051615,0,7,0,0,2,1,1,A01
200800051615,0,10,0,0,2,1,15,B01
200800051616,0,7,0,0,2,1,2,A01
200800051616,0,7,0,0,2,4,2,B01
200800051616,0,10,0,0,0,4,2,C01
200800051617,0,33,0,0,2,1,1,A01
200800051617,0,7,0,0,2,6,15,B01
200800051618,0,10,0,0,2,5,4,A01
200800051618,0,37,40,0,2,5,1,B01
200800051619,0,7,0,16,0,3,6,A01
200800051620,0,7,0,0,2,2,1,A01
200800051620,0,7,0,0,2,3,1,B01
200800051621,0,7,0,0,2,3,1,A01
200800051621,0,1,0,0,2,8,19,B01
200800051622,0,2,0,0,2,3,2,B01
200800051622,0,33,0,0,2,1,2,C01
200800051622,0,7,0,0,2,5,18,A01
200800051623,0,7,0,0,2,3,15,B01
200800051623,0,7,0,0,2,2,1,A01
200800051624,0,1,0,0,2,8,15,B01
200800051624,0,7,0,0,2,1,1,A01
200800051625,0,2,0,0,0,0,1,A01
200800051626,0,7,0,0,2,8,10,A01
200800051626,0,33,0,0,2,2,17,B01
200800051627,0,33,0,0,2,1,2,B01
200800051627,0,7,0,0,2,2,1,A01
200800051628,0,1,0,0,0,0,1,A01
200800051629,0,7,0,0,2,3,15,A01
200800051629,0,7,0,0,2,1,1,B01
200800051630,0,7,0,0,2,2,1,A01
200800051630,0,7,0,0,2,1,1,B01
200800051631,0,14,0,0,2,7,1,A01
200800051631,0,99,0,0,2,9,1,B01
200800051632,0,7,0,0,9,7,1,A01
200800051632,0,1,0,0,2,8,1,B01
200800051633,0,7,0,0,1,1,1,A01
200800051634,0,1,0,0,2,4,1,A01
200800051634,0,1,0,0,2,4,1,B01
200800051635,0,7,0,1,0,7,0,A01
200800051636,0,2,0,0,9,2,21,A01
200800051637,0,33,0,12,0,8,1,A01
200800051638,0,10,0,0,2,1,1,A01
200800051638,0,7,0,0,2,1,1,B01
200800051639,0,7,0,0,1,3,1,A01
200800051640,0,33,0,0,2,1,1,A01
200800051640,0,7,0,0,0,3,1,B01
200800051640,0,33,0,0,2,8,1,C01
200800051640,0,33,0,0,0,0,1,D01
200800051641,0,7,0,2,0,3,1,A01
200800051642,0,7,0,0,2,1,15,A01
200800051642,0,32,0,0,2,1,1,B01
200800051643,0,7,0,0,1,2,0,A01
200800051644,0,7,0,0,1,1,1,A01
200800051645,0,33,0,12,2,1,1,A01
200800051645,0,7,0,0,2,6,1,B01
200800051646,0,7,0,0,2,1,1,B01
200800051646,0,10,0,0,2,2,15,A01
200800051647,0,7,0,0,2,1,2,A01
200800051647,0,7,0,0,2,4,2,B01
200800051648,0,7,0,0,2,3,1,A01
200800051648,0,7,0,0,2,1,1,B01
200800051648,0,7,0,0,2,6,19,C01
200800051649,0,7,0,0,1,2,1,A01
200800051650,0,7,0,0,2,8,15,B01
200800051650,0,7,0,0,2,1,1,A01
200800051651,0,7,0,0,2,3,2,A01
200800051651,0,7,0,0,0,6,2,B01
200800051652,0,7,0,0,2,3,11,A01
200800051652,0,33,0,0,2,2,1,B01
200800051653,0,7,0,1,2,4,1,A01
200800051653,0,7,0,1,0,4,1,B01
200800051653,0,7,0,1,2,4,1,C01
200800051653,0,7,0,0,0,4,2,D01
200800051654,0,33,0,0,2,2,17,A01
200800051654,0,7,0,0,0,8,15,B01
200800051655,0,7,0,0,2,7,19,A01
200800051655,0,2,0,0,2,1,1,B01
200800051656,0,7,0,0,2,3,1,B01
200800051656,0,7,0,0,2,2,1,A01
200800051657,0,7,0,0,2,2,15,A01
200800051657,0,7,0,0,2,1,1,B01
200800051658,0,7,0,0,2,3,15,A01
200800051658,0,31,0,0,2,1,1,B01
200800051659,0,7,0,0,2,2,1,A01
200800051659,0,7,0,0,2,3,15,B01
200800051660,0,1,0,0,1,2,1,A01
200800051661,0,7,0,0,1,0,1,A01
200800051662,0,33,0,0,2,1,1,B01
200800051662,0,7,0,0,2,7,9,A01
200800051663,0,7,0,0,1,7,1,A01
200800051664,0,7,0,0,1,8,1,A01
200800051665,0,33,0,0,2,8,0,A01
200800051665,0,7,0,0,2,8,1,B01
200800051666,0,30,0,0,2,1,18,A01
200800051666,0,10,0,0,0,1,15,B01
200800051667,0,7,0,0,0,6,15,A01
200800051667,0,30,0,0,2,1,17,B01
200800051668,0,7,0,0,1,3,15,A01
200800051669,0,7,0,0,0,2,16,A01
200800051669,0,1,0,0,2,1,18,B01
200800051670,0,10,0,0,0,2,15,A01
200800051670,0,33,0,0,2,1,17,B01
200800051671,0,2,0,0,2,1,1,A01
200800051671,0,7,0,0,0,7,15,B01
200800051672,0,7,0,6,0,1,15,A01
200800051673,0,30,0,0,2,1,1,A01
200800051673,0,7,0,0,2,7,16,B01
200800051674,0,33,0,0,0,1,1,A01
200800051675,0,7,0,0,2,1,1,A01
200800051675,0,1,0,0,2,4,2,B01
200800051676,0,7,0,0,2,1,1,B01
200800051676,0,7,0,0,2,7,2,A01
200800051677,0,30,0,0,2,8,0,A01
200800051677,0,7,0,0,2,1,15,B01
200800051678,0,7,0,0,0,2,9,B01
200800051678,0,2,0,0,2,1,17,A01
200800051679,0,1,0,0,1,1,0,A01
200800051680,0,7,0,0,2,7,0,A01
200800051680,0,32,0,0,2,1,0,B01
200800051681,0,7,0,0,1,1,0,A01
200800051682,1,7,0,0,1,2,1,A01
200800051683,0,2,0,0,2,1,1,A01
200800051683,0,7,0,0,2,5,15,B01
200800051684,0,2,0,0,2,8,0,A01
200800051685,0,7,0,0,2,8,1,B01
200800051685,0,7,0,0,2,1,1,A01
200800051686,0,2,0,8,0,1,1,A01
200800051687,0,10,0,0,2,1,14,A01
200800051687,0,14,0,0,2,1,23,B01
200800051688,0,7,0,0,1,2,1,A01
200800051689,0,7,0,14,0,1,1,A01
200800051690,0,7,0,0,2,1,1,A01
200800051690,0,7,0,0,2,4,1,B01
200800051691,0,7,0,6,2,1,1,B01
200800051691,0,7,0,0,2,1,1,A01