Num_Acc,senc,catv,occutc,obs,obsm,choc,manv,num_veh
200800051692,0,7,0,0,1,1,1,A01
200800051693,1,7,0,0,2,0,15,A01
200800051693,0,33,0,0,2,1,1,B01
200800051694,0,7,0,0,2,1,15,A01
200800051694,0,33,0,0,2,8,1,B01
200800051695,0,1,0,0,1,1,1,A01
200800051696,0,7,0,0,1,7,0,A01
200800051697,0,7,0,0,2,2,15,A01
200800051697,0,33,0,0,2,1,21,B01
200800051698,0,7,0,0,2,2,15,A01
200800051698,0,2,0,0,2,1,1,B01
200800051699,1,7,0,0,0,0,0,A01
200800051699,0,33,0,0,0,0,1,B01
200800051700,0,7,0,1,0,1,1,A01
200800051701,0,7,0,0,2,3,1,B01
200800051701,0,7,0,0,2,3,15,A01
200800051702,0,33,0,0,2,8,1,A01
200800051702,0,7,0,0,2,5,16,B01
200800051703,0,7,0,0,1,2,1,A01
200800051704,0,7,0,0,2,1,1,A01
200800051704,0,7,0,0,2,4,1,B01
200800051704,0,7,0,0,2,4,1,C01
200800051705,0,2,0,0,2,7,5,A01
200800051705,0,7,0,0,2,2,9,B01
200800051706,0,7,0,0,2,3,15,A01
200800051706,0,2,0,0,2,1,1,B01
200800051707,0,3,0,1,0,0,1,A01
200800051708,0,7,0,0,2,3,0,A01
200800051708,0,7,0,0,2,1,0,B01
200800051709,0,7,0,0,2,3,16,B01
200800051709,0,7,0,0,2,3,1,A01
200800051710,1,2,0,0,1,0,0,A01
200800051711,0,2,0,0,2,1,17,A01
200800051711,0,7,0,0,2,1,1,B01
200800051712,0,7,0,0,2,1,15,A01
200800051712,0,33,0,0,2,1,1,B01
200800051713,0,7,0,0,2,6,13,A01
200800051713,0,2,0,0,2,1,1,B01
200800051714,0,2,0,0,2,1,1,A01
200800051714,0,7,0,0,2,4,15,B01
200800051715,0,2,0,0,2,1,1,A01
200800051715,0,7,0,0,2,7,20,B01
200800051716,0,7,0,0,2,3,1,A01
200800051716,0,7,0,0,2,7,1,B01
200800051717,0,7,0,0,2,1,1,A01
200800051717,0,7,0,0,2,1,1,B01
200800051718,0,10,0,0,2,7,16,B01
200800051718,0,2,0,0,2,1,18,A01
200800051719,0,7,0,0,2,8,13,A01
200800051719,0,33,0,0,2,7,1,B01
200800051720,0,7,0,0,2,8,10,A01
200800051720,0,7,0,0,2,2,1,B01
200800051721,0,7,0,0,1,1,1,A01
200800051722,0,1,0,14,0,1,2,A01
200800051723,0,10,0,0,1,3,15,A01
200800051724,0,1,0,0,2,8,19,A01
200800051724,0,7,0,0,9,1,1,B01
200800051725,0,7,0,0,2,7,19,A01
200800051725,0,7,0,0,2,1,1,B01
200800051726,1,7,0,1,0,4,4,A01
200800051727,0,7,0,0,2,3,16,B01
200800051727,0,2,0,11,2,1,5,A01
200800051728,0,2,0,0,2,6,2,A01
200800051728,0,7,0,0,2,2,15,B01
200800051729,0,7,0,0,1,1,0,A01
200800051730,0,7,0,0,1,0,0,A01
200800051731,0,7,0,0,2,1,19,A01
200800051731,0,31,0,0,2,7,1,B01
200800051732,0,7,0,0,2,1,2,A01
200800051732,0,7,0,0,2,4,2,B01
200800051733,0,7,0,2,0,1,1,A01
200800051734,0,7,0,0,2,1,9,A01
200800051734,0,7,0,0,2,7,19,B01
200800051735,0,30,0,0,2,1,2,A01
200800051735,0,7,0,0,2,4,2,B01
200800051736,0,30,0,0,2,1,19,A01
200800051736,0,7,0,0,2,1,1,B01
200800051737,0,7,0,13,0,1,1,A01
200800051738,0,7,0,8,2,1,2,A01
200800051738,0,7,0,0,2,4,1,B01
200800051739,0,30,0,0,0,1,1,A01
200800051740,0,7,0,0,1,4,4,A01
200800051741,0,33,0,0,0,1,1,A01
200800051742,0,30,0,0,2,1,0,A01
200800051742,0,7,0,0,2,3,0,B01
200800051743,0,30,0,0,2,1,19,A01
200800051743,0,10,0,0,2,2,1,B01
200800051744,0,7,0,2,0,1,2,A01
200800051745,0,2,0,8,0,1,1,A01
200800051746,0,33,0,0,2,9,1,A01
200800051746,0,7,0,0,2,1,15,B01
200800051747,0,1,0,0,2,8,2,A01
200800051747,0,33,0,0,2,2,2,B01
200800051748,0,7,0,0,2,3,0,B01
200800051748,0,30,0,0,2,1,1,A01
200800051749,0,7,0,0,1,0,1,A01
200800051750,0,33,0,0,2,1,1,B01
200800051750,0,7,0,0,2,8,19,A01
200800051751,0,33,0,0,2,1,1,B01
200800051751,0,7,0,0,2,1,9,A01
200800051752,0,7,0,0,2,1,0,C01
200800051752,0,7,0,0,2,1,0,A01
200800051752,0,7,0,0,2,1,0,D01
200800051752,0,7,0,0,2,5,1,B01
200800051753,0,7,0,2,0,1,0,A01
200800051754,0,30,0,0,2,1,1,B01
200800051754,0,7,0,0,2,5,15,A01
200800051755,0,32,0,0,2,1,1,B01
200800051755,0,13,0,0,2,3,15,A01
200800051756,0,33,0,0,2,0,21,B01
200800051756,0,7,0,0,2,3,9,A01
200800051757,0,7,0,0,2,2,1,A01
200800051757,0,1,0,0,2,4,1,B01
200800051758,0,7,0,0,2,4,1,A01
200800051758,0,30,0,0,2,1,2,B01
200800051759,0,7,0,0,0,8,15,B01
200800051759,0,30,0,0,2,1,17,A01
200800051760,0,7,0,0,2,2,19,A01
200800051760,0,7,0,0,2,1,1,B01
200800051761,0,10,0,0,1,3,1,A01
200800051762,0,33,0,0,2,1,8,A01
200800051762,0,7,0,0,2,3,16,B01
200800051763,0,7,0,0,2,1,1,B01
200800051763,0,7,0,0,2,7,1,A01
200800051764,0,7,0,0,2,1,10,A01
200800051764,0,32,0,0,2,1,1,B01
200800051765,0,7,0,0,2,4,1,A01
200800051765,0,7,0,0,0,4,23,B01
200800051766,0,7,0,1,2,2,15,A01
200800051766,0,7,0,0,2,1,2,B01
200800051766,0,10,0,0,2,4,0,C01
200800051767,0,1,0,0,2,1,13,A01
200800051767,0,7,0,0,2,3,1,B01
200800051768,0,7,0,0,2,3,1,B01
200800051768,0,31,0,0,2,1,1,A01
200800051769,0,7,0,0,2,3,2,A01
200800051769,0,33,0,0,2,2,2,B01
200800051770,0,34,0,0,2,1,17,A01
200800051770,0,10,0,0,2,4,15,B01
200800051771,0,2,0,0,2,1,1,A01
200800051771,0,10,0,0,2,3,9,B01
200800051772,0,7,0,0,1,1,1,A01
200800051773,0,7,0,0,2,4,1,B01
200800051773,0,32,0,0,2,1,2,A01
200800051774,0,2,0,0,2,1,1,B01
200800051774,0,7,0,0,2,3,11,A01
200800051775,0,7,0,0,2,4,23,B01
200800051775,0,7,0,0,2,8,2,A01
200800051776,0,7,0,0,2,1,1,B01
200800051776,0,7,0,0,2,1,5,A01
200800051777,0,7,0,0,2,2,1,B01
200800051777,0,33,0,0,2,8,10,A01
200800051778,0,2,0,0,2,1,1,B01
200800051778,0,7,0,0,0,3,15,A01
200800051779,0,30,0,0,2,1,1,B01
200800051779,0,7,0,0,2,2,9,A01
200800051780,0,7,0,0,2,3,1,B01
200800051780,0,7,0,0,2,3,10,A01
200800051781,0,1,0,0,2,8,19,B01
200800051781,0,7,0,0,2,1,1,A01
200800051782,0,7,0,0,2,8,0,B01
200800051782,0,7,0,0,2,7,0,A01
200800051783,0,33,0,0,2,7,21,B01
200800051783,0,7,0,0,2,3,9,A01
200800051784,0,1,0,0,2,1,16,B01
200800051784,0,7,0,0,2,3,16,A01
200800051785,0,7,0,0,0,6,1,A01
200800051786,0,30,0,0,2,1,17,A01
200800051786,0,7,0,0,2,3,15,B01
200800051787,0,7,0,0,1,1,1,A01
200800051788,0,33,0,0,2,1,1,B01
200800051788,0,7,0,0,2,2,11,A01
200800051789,0,30,0,0,2,0,3,B01
200800051789,0,7,0,0,9,1,1,A01
200800051790,0,31,0,0,2,1,1,B01
200800051790,0,7,0,0,2,2,1,A01
200800051791,0,34,0,0,2,1,1,B01
200800051791,0,7,0,0,2,2,15,A01
200800051792,0,7,0,0,2,8,15,B01
200800051792,0,33,0,0,2,1,2,A01
200800051793,0,7,0,0,2,5,15,B01
200800051793,0,30,0,0,2,1,1,A01
200800051794,0,7,0,0,0,3,2,B01
200800051794,0,30,0,0,2,7,17,A01
200800051795,0,7,0,0,2,3,0,B01
200800051795,0,1,0,1,0,8,5,A01
200800051796,0,7,0,0,2,1,1,C01
200800051796,0,33,0,0,2,1,1,A01
200800051796,0,7,0,0,2,6,9,B01
200800051797,0,32,0,0,2,2,15,A01
200800051797,0,7,0,0,2,1,1,C01
200800051797,0,7,0,0,2,1,1,B01
200800051798,0,7,0,0,2,2,15,B01
200800051798,0,30,0,0,2,1,1,A01
200800051799,0,7,0,0,2,2,1,A01
200800051799,0,7,0,0,2,3,15,B01
200800051800,0,7,0,0,2,2,15,A01
200800051800,0,2,0,0,2,1,1,B01
200800051801,0,7,0,0,2,1,1,B01
200800051801,0,7,0,0,2,5,1,A01
200800051802,0,7,0,0,2,3,15,B01
200800051802,0,31,0,0,2,1,17,A01
200800051803,0,7,0,0,2,8,15,B01
200800051803,0,30,0,0,2,7,17,A01
200800051804,0,7,0,0,2,2,15,A01
200800051804,0,33,0,0,2,1,2,B01
200800051805,0,33,0,0,0,0,1,B01
200800051805,0,14,0,0,0,0,1,A01
200800051806,0,7,0,0,2,4,1,B01
200800051806,0,7,0,0,2,1,1,A01
200800051807,0,7,0,0,2,7,9,A01
200800051807,0,7,0,0,2,1,1,B01
200800051808,0,7,0,0,2,1,1,A01
200800051808,0,7,0,0,2,4,23,B01
200800051809,0,7,0,0,2,8,24,A01
200800051809,0,1,0,1,0,1,1,B01
200800051810,0,7,0,0,2,0,0,A01
200800051810,0,7,0,0,2,1,0,B01
200800051811,0,7,0,0,2,7,17,A01
200800051811,0,1,0,1,2,8,17,B01
200800051812,0,33,0,0,2,7,16,A01
200800051812,0,7,0,0,2,3,1,B01
200800051813,0,7,0,0,2,1,1,A01
200800051813,0,34,0,0,2,0,0,B01
200800051814,0,17,0,0,2,1,1,A01
200800051815,0,7,0,0,2,2,1,A01
200800051815,0,7,0,0,2,3,1,B01
200800051816,0,33,0,0,2,2,1,A01
200800051816,0,7,0,0,2,4,1,B01
200800051817,0,7,0,0,1,8,1,A01
200800051818,0,33,0,0,2,3,1,A01
200800051818,0,7,0,0,2,5,15,B01
200800051819,0,7,0,0,2,7,9,A01
200800051819,0,30,0,0,2,1,0,B01
200800051820,1,30,0,0,1,1,1,A01
200800051821,0,33,0,0,2,1,1,A01
200800051821,0,7,0,0,0,2,15,B01
200800051822,1,7,0,0,1,3,16,A01
200800051822,0,30,0,13,2,3,1,B01
200800051823,0,7,0,0,2,4,1,A01
200800051823,0,7,0,0,2,1,2,B01
200800051824,0,7,0,0,1,3,1,B01
200800051824,0,7,0,0,0,1,1,C01
200800051824,0,1,0,0,2,1,9,A01
200800051825,0,7,0,0,0,4,15,A01
200800051825,0,31,0,0,2,1,1,B01
200800051826,0,7,0,0,2,1,15,A01
200800051826,0,2,0,0,2,1,1,B01
200800051827,0,30,0,0,2,1,0,B01
200800051827,0,7,0,0,2,3,0,A01
200800051828,0,7,0,0,2,1,1,A01
200800051828,0,7,0,0,2,1,1,B01
200800051828,0,7,0,0,2,4,1,C01
200800051829,0,31,0,0,2,1,1,A01
200800051829,0,7,0,0,2,4,1,B01
200800051830,0,7,0,0,2,8,2,A01
200800051830,0,33,0,0,2,7,2,B01
200800051831,0,7,0,0,2,1,9,A01
200800051831,0,7,0,0,2,7,2,B01
200800051832,0,7,0,0,2,3,10,A01
200800051832,0,31,0,0,2,1,2,B01
200800051833,0,7,0,0,2,4,12,A01
200800051833,0,10,0,0,2,2,1,B01
200800051834,0,7,0,12,1,2,1,A01
200800051835,0,7,0,0,2,2,9,A01
200800051835,0,30,0,0,2,1,1,B01
200800051836,0,7,0,0,0,0,1,A01
200800051836,0,7,0,4,0,1,1,B01
200800051837,0,7,0,1,0,3,13,A01
200800051838,0,7,0,6,0,1,1,A01
200800051839,0,7,0,0,2,8,5,A01
200800051839,0,10,0,0,2,8,1,B01
200800051840,0,7,0,0,1,1,1,A01
200800051841,0,10,0,0,2,3,15,A01
200800051841,0,7,0,0,2,2,1,B01
200800051842,0,7,0,0,2,3,17,A01
200800051842,0,2,0,0,2,2,1,B01
200800051843,0,2,0,0,2,1,1,A01
200800051843,0,7,0,0,2,4,2,B01
200800051844,0,7,0,0,2,1,1,A01
200800051844,0,7,0,0,2,4,2,B01
200800051844,0,7,0,0,2,4,2,C01
200800051845,0,7,0,0,2,2,1,B01
200800051845,0,7,0,0,2,1,15,A01
200800051846,0,7,0,0,2,1,15,A01
200800051846,0,7,0,0,2,1,1,B01
200800051847,0,2,0,0,2,1,2,A01
200800051847,0,10,0,0,2,4,2,B01
200800051848,0,7,0,0,2,3,15,A01
200800051848,0,2,0,0,2,1,1,B01
200800051849,0,7,0,0,2,5,1,B01
200800051849,0,30,0,0,2,1,16,A01
200800051850,0,7,0,0,2,1,1,A01
200800051851,0,7,0,0,2,7,19,A01
200800051851,0,7,0,0,2,1,1,B01
200800051852,0,7,0,0,2,7,0,C01
200800051852,0,10,0,0,2,7,1,B01
200800051852,0,7,0,0,2,3,13,A01
200800051853,0,7,0,0,2,1,1,B01
200800051853,0,1,0,0,2,4,19,A01
200800051854,0,7,0,0,2,1,1,A01
200800051854,0,7,0,0,2,4,2,B01
200800051855,0,7,0,9,0,1,14,A01
200800051856,0,10,0,0,2,1,1,A01
200800051856,0,7,0,0,2,3,1,B01
200800051857,0,2,0,0,2,1,9,A01
200800051857,0,7,0,0,2,2,1,B01
200800051858,0,10,0,1,0,1,2,A01
200800051859,0,7,0,0,2,1,1,A01
200800051859,0,32,0,0,2,1,1,B01
200800051860,0,30,0,0,1,1,1,A01
200800051861,0,7,0,0,2,1,1,A01
200800051861,0,7,0,0,2,4,1,B01
200800051862,0,30,0,0,0,7,1,A01
200800051863,0,7,0,0,1,7,1,A01
200800051864,0,15,0,0,1,2,3,A01
200800051864,0,7,0,0,2,8,2,B01
200800051865,0,30,0,16,0,8,2,A01
200800051866,0,7,0,0,2,1,1,A01
200800051866,0,7,0,0,2,1,1,B01
200800051867,0,7,0,4,2,9,1,A01
200800051868,0,7,0,0,2,1,2,A01
200800051868,0,7,0,0,2,4,2,B01
200800051868,0,7,0,0,2,1,2,C01
200800051869,0,7,0,0,1,2,2,A01
200800051870,0,7,0,0,2,1,2,A01
200800051870,0,7,0,0,2,4,15,B01
200800051871,0,7,0,0,2,3,1,A01
200800051871,0,7,0,0,2,1,1,B01
200800051872,0,34,0,11,0,1,1,A01
200800051873,0,7,0,0,2,2,1,A01
200800051873,0,33,0,0,2,0,1,B01
200800051874,0,7,0,0,2,1,0,C01
200800051874,0,7,0,0,2,9,1,B01
200800051874,0,7,0,0,2,1,1,A01
200800051875,0,7,0,0,2,1,1,A01
200800051875,0,7,0,0,2,7,1,B01
200800051876,0,33,0,16,0,1,2,A01
200800051877,0,32,0,0,2,1,2,B01
200800051877,0,7,0,0,2,2,15,A01
200800051878,0,7,0,0,2,1,2,A01
200800051878,0,7,0,0,2,4,2,B01
200800051879,0,7,0,0,1,3,1,A01
200800051880,0,7,0,12,0,9,1,A01
200800051881,0,1,0,13,0,0,1,A01
200800051882,0,30,0,0,2,3,2,A01
200800051882,2,7,0,0,2,7,16,B01
200800051883,0,7,0,11,0,1,2,A01
200800051884,0,33,0,0,2,1,1,B01
200800051884,0,7,0,0,2,3,9,A01
200800051885,0,10,0,0,2,2,15,A01
200800051885,0,37,28,0,2,1,2,B01
200800051886,0,7,0,0,2,5,2,B01
200800051886,0,33,0,0,2,8,11,A01
200800051887,0,30,0,0,2,1,17,A01
200800051887,0,7,0,0,2,3,15,B01
200800051888,0,7,0,0,1,1,2,A01
200800051889,0,7,0,0,2,3,15,A01
200800051889,0,7,0,0,2,1,1,B01
200800051890,0,2,0,0,2,7,17,A01
200800051890,0,7,0,0,2,8,15,B01
200800051891,0,10,0,0,2,1,2,A01
200800051891,0,7,0,0,2,4,23,B01
200800051892,0,30,0,0,0,7,1,A01
200800051893,0,7,0,0,2,0,0,A01
200800051893,0,30,0,0,2,4,2,B01
200800051894,1,7,0,0,2,3,1,A01
200800051895,0,1,0,0,0,1,0,A01
200800051896,0,2,0,0,2,7,15,B01
200800051896,0,7,0,0,2,2,9,A01
200800051897,0,7,0,0,2,2,16,A01
200800051897,0,1,0,0,2,3,1,B01
200800051898,0,33,0,0,2,1,17,A01
200800051898,0,10,0,0,0,3,15,B01
200800051899,0,7,0,0,1,1,1,A01
200800051900,0,33,0,0,0,6,15,B01
200800051900,0,7,0,0,2,2,21,A01
200800051901,0,7,0,0,2,1,10,A01
200800051901,0,7,0,0,0,6,1,B01
200800051902,0,7,0,0,1,1,0,A01
200800051903,0,7,0,0,0,2,9,A01
200800051903,0,33,0,0,2,1,1,B01
200800051904,0,7,0,0,1,1,17,A01
200800051905,0,7,0,0,2,2,15,A01
200800051905,0,7,0,0,2,1,1,B01
200800051906,0,7,0,13,0,1,1,A01
200800051906,0,7,0,0,0,9,21,B01
200800051907,0,2,0,0,2,1,1,A01
200800051907,0,7,0,0,2,3,1,B01
200800051908,0,2,0,0,2,1,17,A01
200800051908,0,7,0,0,2,6,15,B01
200800051909,1,7,0,0,1,7,1,A01
200800051910,0,7,0,0,0,1,1,A01
200800051910,0,7,0,0,0,4,1,B01
200800051910,0,7,0,0,0,1,1,C01
200800051911,0,7,0,0,2,0,0,B01
200800051911,0,30,0,14,0,1,9,A01
200800051912,0,7,0,0,2,6,13,A01
200800051912,0,7,0,0,2,8,1,B01
200800051913,0,10,0,0,0,3,2,A01
200800051913,0,33,0,0,0,2,17,B01
200800051914,1,1,0,0,1,1,1,A01
200800051915,0,1,0,0,0,0,0,A01
200800051916,0,2,0,0,2,4,2,A01
200800051916,0,7,0,0,2,1,2,B01
200800051917,0,7,0,0,2,7,11,A01
200800051917,0,30,0,0,2,1,0,B01
200800051918,0,7,0,0,2,5,0,A01
200800051918,0,7,0,0,2,1,1,B01
200800051919,0,7,0,0,2,2,15,A01
200800051919,0,7,0,0,2,3,1,B01
200800051920,0,10,0,0,1,3,16,A01
200800051921,0,7,0,0,0,1,0,A01
200800051921,0,7,0,0,0,2,0,B01
200800051922,0,7,0,0,0,4,2,A01
200800051922,0,7,0,0,2,1,2,B01
200800051923,0,7,0,0,0,4,0,A01
200800051923,0,1,0,0,0,1,3,B01
200800051924,0,2,0,0,2,1,2,A01
200800051924,0,7,0,0,2,4,1,B01
200800051925,0,7,0,0,2,1,0,A01
200800051925,0,7,0,0,2,8,0,B01
200800051926,0,33,0,0,2,1,12,A01
200800051926,0,7,0,0,0,8,1,B01
200800051927,0,14,0,0,2,2,17,A01
200800051927,0,1,0,0,0,8,2,B01
200800051928,0,7,0,0,2,1,1,B01
200800051928,0,17,0,0,2,8,5,A01
200800051929,0,10,0,0,1,3,1,A01
200800051930,0,7,0,15,0,5,17,B01
200800051930,1,14,0,0,2,0,0,A01
200800051931,0,2,0,0,2,8,1,B01
200800051931,0,2,0,0,2,8,13,A01
200800051932,0,2,0,0,2,1,1,B01
200800051932,0,7,0,0,0,3,0,A01
200800051933,0,7,0,0,1,2,1,A01
200800051934,0,7,0,0,2,8,11,A01
200800051934,0,32,0,0,2,7,3,B01
200800051935,0,7,0,0,2,7,12,A01
200800051935,0,10,0,0,2,3,1,B01
200800051936,0,2,0,0,2,1,1,A01
200800051936,0,7,0,0,2,1,1,B01
200800051936,0,7,0,0,2,7,0,C01
200800051937,0,7,0,0,2,1,13,A01
200800051937,0,7,0,0,2,1,1,B01
200800051938,0,10,0,0,1,4,4,A01
200800051939,0,2,0,0,2,1,5,A01
200800051939,0,7,0,0,2,1,15,B01
200800051940,0,7,0,0,2,3,9,A01
200800051940,0,2,0,0,2,1,17,B01
200800051941,0,10,0,0,2,8,9,A01
200800051941,0,33,0,0,2,1,1,B01
200800051942,0,7,0,0,2,1,9,A01
200800051942,0,2,0,0,2,1,1,B01
200800051943,0,7,0,0,2,1,2,A01
200800051943,0,7,0,0,2,4,23,B01
200800051943,0,7,0,0,2,4,23,C01
200800051944,0,7,0,0,2,1,2,A01
200800051944,0,7,0,0,2,4,23,B01
200800051945,0,7,0,0,2,1,2,A01
200800051945,0,7,0,0,2,4,23,B01
200800051946,0,1,0,0,2,1,1,A01
200800051946,0,7,0,0,9,4,1,B01
200800051947,0,7,0,0,2,3,9,A01
200800051947,0,7,0,0,2,2,1,B01
200800051948,0,7,0,0,2,1,1,B01
200800051948,0,17,0,0,2,2,0,A01
200800051949,0,2,0,0,2,1,2,A01
200800051950,0,7,0,14,0,3,1,A01
200800051951,0,7,0,0,2,0,1,B01
200800051951,0,7,0,0,2,1,1,A01
200800051952,0,7,0,0,2,5,9,A01
200800051952,0,7,0,0,2,1,1,B01
200800051953,0,7,0,0,2,1,15,A01
200800051953,0,1,0,0,2,1,1,B01
200800051954,0,7,0,0,2,6,1,B01
200800051954,0,7,0,0,2,1,1,A01
200800051955,0,7,0,0,1,2,16,A01
200800051956,0,7,0,7,0,1,16,A01
200800051957,0,2,0,0,2,1,1,B01
200800051957,0,7,0,0,2,7,15,A01
200800051958,0,7,0,0,2,1,1,A01
200800051958,0,7,0,0,2,8,1,B01
200800051959,0,7,0,0,2,8,1,B01
200800051959,0,7,0,0,2,1,1,A01
200800051959,0,7,0,0,2,1,1,C01
200800051960,0,7,0,0,2,1,1,A01
200800051960,0,7,0,0,2,4,2,B01
200800051961,0,7,0,0,1,3,1,A01
200800051962,0,7,0,0,2,3,1,A01
200800051962,0,37,20,0,2,2,15,B01
200800051963,0,7,0,0,1,2,1,A01
200800051964,0,7,0,0,2,2,1,A01
200800051964,0,7,0,1,2,3,9,B01
200800051965,0,1,0,0,1,1,1,A01
200800051966,0,7,0,0,1,3,1,A01
200800051967,0,7,0,0,1,3,15,A01
200800051968,0,7,0,0,2,1,2,A01
200800051968,0,7,0,0,2,4,23,B01
200800051969,0,7,0,0,1,1,1,A01
200800051970,0,7,0,0,2,3,15,A01
200800051970,0,33,0,0,2,1,1,B01
200800051971,0,7,0,0,2,3,16,B01
200800051971,0,7,0,0,2,2,1,A01
200800051972,0,7,0,0,2,1,1,B01
200800051972,0,7,0,8,2,3,1,A01
200800051973,0,2,0,0,2,6,1,A01
200800051973,0,7,0,0,2,2,0,B01
200800051974,0,7,0,0,2,1,1,A01
200800051974,0,7,0,0,2,3,16,B01
200800051975,0,7,0,0,2,6,11,A01
200800051975,0,31,0,0,2,2,1,B01
200800051975,0,7,0,0,2,3,1,C01
200800051976,0,7,0,0,1,2,1,A01
200800051977,0,7,0,0,2,1,2,A01
200800051977,0,7,0,0,2,4,23,B01
200800051977,0,37,1,0,2,6,23,C01
200800051978,0,33,0,0,2,1,16,A01
200800051978,0,10,0,0,2,2,15,B01
200800051979,0,7,0,0,1,2,1,A01
200800051980,0,2,0,0,2,1,1,B01
200800051980,0,7,0,0,2,6,15,A01
200800051981,0,7,0,0,2,3,1,A01
200800051981,0,2,0,0,2,1,1,B01
200800051982,0,7,0,0,2,3,15,A01
200800051982,0,31,0,0,2,2,1,B01
200800051983,0,10,0,8,0,1,14,A01
200800051984,0,7,0,0,2,1,1,A01
200800051984,0,2,0,0,2,4,2,B01
200800051985,0,7,0,0,2,3,0,B01
200800051985,0,7,0,0,2,1,0,A01
200800051986,0,7,0,0,2,1,2,A01
200800051986,0,7,0,0,2,4,2,B01
200800051987,0,7,0,0,2,1,2,A01
200800051987,0,7,0,0,2,4,1,B01
200800051988,0,10,0,0,2,3,19,A01
200800051988,0,31,0,0,2,1,1,B01
200800051989,0,7,0,0,2,2,11,A01
200800051989,0,7,0,0,2,6,1,B01
200800051989,0,7,0,0,2,4,2,C01
200800051990,0,2,0,0,2,1,2,A01
200800051990,0,7,0,0,2,4,23,B01
200800051991,0,2,0,0,2,1,2,A01
200800051991,0,7,0,0,2,4,23,B01
200800051992,0,2,0,0,2,2,1,A01
200800051992,0,13,0,0,2,3,1,B01
200800051993,0,7,0,0,2,1,2,A01
200800051993,0,7,0,0,2,4,2,B01
200800051994,0,99,0,0,2,7,1,B01
200800051994,0,2,0,0,2,1,1,A01
200800051995,0,7,0,0,0,3,1,B01
200800051995,0,30,0,0,2,1,5,A01
200800051996,0,30,0,0,2,1,0,A01
200800051996,0,7,0,0,2,3,0,B01
200800051997,0,7,0,0,1,1,1,A01
200800051998,0,1,0,0,2,4,1,B01
200800051998,0,7,0,15,2,2,2,A01
200800051999,0,7,0,4,2,7,11,B01
200800051999,0,15,0,0,2,4,12,A01
200800052000,0,33,0,0,2,7,17,B01
200800052000,0,7,0,0,2,1,9,A01
200800052001,0,7,0,0,0,0,0,A01
200800052002,0,1,0,0,2,4,1,B01
200800052002,1,7,0,0,2,0,0,A01
200800052003,0,7,0,7,0,2,1,A01
200800052004,0,33,0,0,0,8,17,A01
200800052005,0,7,0,0,2,4,2,B01
200800052005,0,7,0,0,2,1,1,A01
200800052006,0,7,0,0,2,2,1,B01
200800052006,0,7,0,0,2,3,20,A01
200800052007,0,7,0,0,1,1,1,A01
200800052008,0,33,0,0,2,3,1,B01
200800052008,1,10,0,0,0,0,1,A01
200800052009,0,7,0,0,2,1,15,B01
200800052009,0,30,0,0,2,1,17,A01
200800052010,0,33,0,0,0,7,1,A01
200800052011,0,7,0,0,2,8,1,B01
200800052011,0,2,0,0,2,1,1,A01
200800052012,0,7,0,0,2,1,2,A01
200800052012,0,7,0,0,2,4,1,B01
200800052013,0,7,0,0,2,3,1,B01
200800052013,0,32,0,0,2,2,23,A01
200800052014,0,33,0,0,2,1,1,B01
200800052014,0,14,0,0,2,3,15,A01
200800052015,0,7,0,0,1,1,1,A01
200800052016,0,33,0,0,2,2,1,A01
200800052016,0,7,0,0,2,6,11,B01
200800052017,0,7,0,0,2,2,9,A01
200800052017,0,7,0,0,2,8,1,B01
200800052018,0,30,0,0,2,3,1,B01
200800052018,0,7,0,0,2,1,15,A01
200800052019,0,7,0,0,0,0,0,B01
200800052019,0,7,0,0,2,4,2,A01
200800052020,0,7,0,0,2,1,2,A01
200800052020,0,7,0,0,2,4,2,B01
200800052021,0,30,0,7,0,1,1,A01
200800052022,0,2,0,12,0,7,1,A01
200800052023,0,7,0,13,0,1,1,A01
200800052024,0,7,0,0,2,6,10,A01
200800052024,0,33,0,0,2,1,1,B01
200800052025,0,10,0,0,0,0,0,A01
200800052025,0,1,0,0,2,1,1,B01
200800052026,0,31,0,0,2,1,1,A01
200800052026,0,7,0,0,2,6,1,B01
200800052027,0,7,0,0,2,3,1,B01
200800052027,0,7,0,0,2,1,11,A01
200800052028,0,30,0,0,0,0,2,A01
200800052029,0,2,0,0,2,1,1,A01
200800052029,0,7,0,0,2,2,1,B01
200800052030,0,30,0,0,2,4,5,A01
200800052030,0,7,0,0,2,2,1,B01
200800052031,0,7,0,0,2,1,1,A01
200800052031,0,7,0,0,2,7,19,B01
200800052031,0,7,0,0,2,0,23,C01
200800052032,0,7,0,0,2,2,1,A01
200800052032,0,7,0,0,2,1,15,B01
200800052033,0,7,0,0,1,1,1,A01
200800052034,0,7,0,0,1,1,1,A01
200800052035,0,33,0,0,1,1,17,A01
200800052036,0,2,0,0,2,2,2,A01
200800052036,0,7,0,0,2,8,2,B01
200800052037,0,7,0,1,2,3,5,A01
200800052037,0,7,0,0,2,3,1,B01
200800052038,0,7,0,0,2,5,9,A01
200800052038,0,2,0,0,2,7,1,B01
200800052039,0,7,0,0,2,5,16,A01
200800052039,0,1,0,0,2,1,1,B01
200800052040,0,7,0,0,2,1,1,A01
200800052040,0,7,0,0,0,4,2,B01
200800052041,0,7,0,0,1,1,1,A01
200800052042,0,7,0,0,2,1,2,A01
200800052042,0,7,0,0,0,4,2,B01
200800052043,0,7,0,0,2,4,4,A01
200800052043,0,30,0,0,2,1,1,B01
200800052044,0,2,0,0,2,1,1,A01