Num_Acc,senc,catv,occutc,obs,obsm,choc,manv,num_veh
200800052044,0,7,0,0,2,3,2,B01
200800052045,0,1,0,0,0,4,1,B01
200800052045,0,7,0,0,9,2,9,A01
200800052046,0,7,0,0,2,1,2,A01
200800052046,0,7,0,0,2,4,2,B01
200800052046,0,7,0,0,2,4,2,C01
200800052047,0,7,0,0,2,1,2,A01
200800052047,0,7,0,0,2,4,2,B01
200800052048,0,7,0,0,2,1,20,A01
200800052048,0,13,0,0,2,4,24,B01
200800052049,0,1,0,0,2,1,15,A01
200800052049,0,7,0,0,2,2,1,B01
200800052050,0,7,0,2,0,5,1,A01
200800052051,0,7,0,3,0,8,5,A01
200800052052,0,7,0,0,0,0,2,A01
200800052052,0,7,0,0,2,0,2,B01
200800052053,0,7,0,0,2,2,17,A01
200800052053,0,1,0,0,2,4,13,B01
200800052054,0,7,0,0,2,3,1,A01
200800052054,0,7,0,0,2,2,1,B01
200800052055,0,7,0,0,2,2,15,A01
200800052055,0,33,0,0,2,1,1,B01
200800052056,0,7,0,1,0,1,1,A01
200800052056,0,7,0,0,0,4,1,B01
200800052057,0,7,0,0,1,2,1,A01
200800052058,0,7,0,0,2,1,15,A01
200800052058,0,30,0,0,2,1,15,B01
200800052059,0,7,0,0,2,2,1,B01
200800052059,0,7,0,0,2,1,15,A01
200800052060,0,7,0,0,9,3,1,B01
200800052060,0,2,0,0,2,0,15,A01
200800052061,0,7,0,0,2,2,1,B01
200800052061,0,1,0,0,2,3,19,A01
200800052062,0,1,0,0,0,0,2,B01
200800052062,1,99,0,0,0,0,0,A01
200800052063,0,7,0,13,0,8,13,A01
200800052064,0,7,0,16,0,7,1,A01
200800052065,0,7,0,0,2,2,1,B01
200800052065,0,7,0,0,2,3,9,A01
200800052066,0,7,0,0,9,3,15,A01
200800052066,0,1,0,0,2,1,17,B01
200800052067,0,7,0,0,2,8,15,A01
200800052067,0,2,0,0,2,1,17,B01
200800052068,0,30,0,0,2,1,1,B01
200800052068,0,7,0,0,2,1,9,A01
200800052069,0,7,0,0,2,1,2,A01
200800052069,0,7,0,0,2,4,2,B01
200800052069,0,7,0,0,2,4,2,C01
200800052069,0,7,0,0,2,4,2,D01
200800052070,0,7,0,0,2,1,1,A01
200800052070,0,7,0,0,0,4,23,B01
200800052071,0,7,0,6,0,3,14,A01
200800052072,0,7,0,4,0,9,0,A01
200800052073,0,7,0,0,2,7,9,A01
200800052073,0,7,0,0,2,3,1,B01
200800052074,0,7,0,0,0,6,1,A01
200800052075,0,7,0,14,2,3,1,A01
200800052075,0,7,0,0,2,8,1,B01
200800052076,0,7,0,0,1,3,1,A01
200800052077,0,7,0,0,2,3,1,A01
200800052077,0,7,0,0,2,3,0,B01
200800052078,0,7,0,8,0,1,1,A01
200800052079,0,7,0,7,2,7,15,A01
200800052079,0,7,0,0,2,1,12,B01
200800052080,0,7,0,0,2,1,0,A01
200800052080,0,7,0,0,2,2,1,B01
200800052081,0,7,0,0,0,1,15,A01
200800052081,0,33,0,0,2,1,1,B01
200800052082,0,7,0,0,2,1,1,A01
200800052082,0,7,0,0,0,4,1,B01
200800052083,0,7,0,0,2,1,1,B01
200800052083,0,1,0,0,2,1,1,A01
200800052084,0,7,0,0,2,1,16,A01
200800052084,0,1,0,0,0,0,1,B01
200800052085,1,10,0,0,0,8,13,A01
200800052085,0,33,0,0,2,7,17,B01
200800052086,0,10,0,0,1,5,20,A01
200800052087,0,7,0,0,2,3,5,A01
200800052087,0,7,0,0,2,1,1,B01
200800052088,0,7,0,0,0,3,10,B01
200800052088,0,33,0,0,2,1,1,A01
200800052089,0,7,0,0,0,4,2,B01
200800052089,0,10,0,0,2,1,1,A01
200800052090,0,7,0,0,2,1,2,A01
200800052090,0,10,0,0,2,4,2,B01
200800052090,0,7,0,0,2,4,2,C01
200800052091,0,30,0,0,2,1,18,A01
200800052091,0,7,0,0,2,4,16,B01
200800052092,0,7,0,6,0,7,1,A01
200800052093,0,7,0,0,1,1,20,A01
200800052094,0,33,0,11,0,1,1,A01
200800052095,0,30,0,0,0,0,1,A01
200800052096,0,7,0,0,2,7,1,A01
200800052096,0,7,0,0,2,3,1,B01
200800052097,0,7,0,0,0,0,1,A01
200800052098,0,7,0,0,2,2,1,A01
200800052098,0,7,0,1,2,6,24,B01
200800052099,0,1,0,0,2,1,1,B01
200800052099,0,7,0,0,2,3,23,A01
200800052100,0,7,0,2,0,1,1,A01
200800052101,0,7,0,0,2,1,2,B01
200800052101,0,7,0,0,2,1,2,A01
200800052101,0,7,0,0,2,4,1,D01
200800052101,0,7,0,0,2,4,2,C01
200800052102,0,7,0,2,0,0,0,A01
200800052103,0,7,0,0,2,2,1,B01
200800052103,0,7,0,0,2,3,15,A01
200800052104,0,7,0,0,1,2,1,A01
200800052105,0,7,0,0,2,2,20,B01
200800052105,0,33,0,0,2,1,1,A01
200800052106,0,7,0,0,2,2,15,B01
200800052106,0,33,0,0,2,1,1,A01
200800052107,0,7,0,0,1,2,1,A01
200800052108,0,7,0,0,2,1,2,A01
200800052108,0,7,0,0,2,4,2,B01
200800052108,0,7,0,0,2,4,2,C01
200800052108,0,7,0,0,0,4,2,D01
200800052109,0,7,0,0,0,7,24,B01
200800052109,0,31,0,0,2,1,0,A01
200800052110,0,7,0,0,2,4,2,B01
200800052110,0,7,0,0,2,1,2,A01
200800052110,0,7,0,0,0,4,2,C01
200800052111,0,7,0,0,2,8,19,A01
200800052111,0,2,0,0,2,1,1,B01
200800052112,0,7,0,0,2,1,2,A01
200800052112,0,7,0,0,2,4,2,B01
200800052112,0,7,0,0,0,5,2,C01
200800052113,0,31,0,0,2,3,2,A01
200800052113,0,7,0,0,2,7,2,B01
200800052114,0,7,0,0,2,1,15,A01
200800052114,0,7,0,0,2,3,1,B01
200800052115,0,7,0,0,9,1,1,A01
200800052115,0,1,0,0,2,7,19,B01
200800052116,0,7,0,0,0,3,24,A01
200800052116,0,1,0,0,2,2,21,B01
200800052117,0,7,0,0,2,1,2,A01
200800052117,0,7,0,0,2,4,2,B01
200800052118,0,7,0,2,0,2,1,A01
200800052119,0,7,0,0,2,3,0,B01
200800052119,0,7,0,0,2,3,1,A01
200800052120,0,7,0,0,9,1,0,A01
200800052120,0,1,0,0,2,8,1,B01
200800052121,0,7,0,0,2,8,19,A01
200800052121,0,7,0,0,2,2,1,B01
200800052122,0,7,0,0,2,6,10,A01
200800052122,0,33,0,0,2,1,1,B01
200800052123,0,7,0,0,2,5,15,B01
200800052123,0,33,0,0,2,1,2,A01
200800052124,0,7,0,0,2,0,19,A01
200800052124,0,33,0,0,2,7,1,B01
200800052125,0,7,0,0,2,3,15,A01
200800052125,0,1,0,0,2,1,5,B01
200800052126,0,99,0,0,1,2,7,A01
200800052127,0,7,0,0,2,6,1,A01
200800052127,0,2,0,0,2,1,1,B01
200800052128,0,3,0,1,1,4,20,A01
200800052129,0,7,0,1,0,1,13,A01
200800052130,0,1,0,0,2,1,1,B01
200800052130,0,7,0,0,9,2,9,A01
200800052131,0,7,0,0,2,2,9,A01
200800052131,0,30,0,0,2,1,18,B01
200800052132,1,7,0,0,1,2,1,A01
200800052133,0,37,10,0,2,2,2,A01
200800052133,0,10,0,0,2,4,2,B01
200800052133,0,7,0,0,2,4,2,C01
200800052134,0,7,0,0,2,1,1,B01
200800052134,0,10,0,0,2,1,9,A01
200800052135,0,2,0,0,2,1,15,A01
200800052135,0,7,0,0,2,3,1,B01
200800052136,0,7,0,1,0,8,1,B01
200800052136,0,7,0,0,2,1,0,A01
200800052137,0,7,0,0,1,1,17,A01
200800052138,0,7,0,0,2,1,1,A01
200800052138,0,10,0,0,0,4,1,B01
200800052139,0,7,0,0,2,1,15,A01
200800052139,0,30,0,0,2,1,1,B01
200800052140,0,1,0,0,2,7,1,A01
200800052140,0,10,0,0,2,1,1,B01
200800052141,0,7,0,0,1,0,1,A01
200800052142,0,7,0,1,0,0,15,A01
200800052142,0,30,0,12,0,0,21,B01
200800052143,0,7,0,0,2,7,15,A01
200800052143,0,7,0,0,2,1,1,B01
200800052144,1,7,0,0,1,3,1,A01
200800052145,0,7,0,0,2,2,15,A01
200800052145,0,7,0,0,2,0,1,B01
200800052146,0,2,0,1,0,1,1,A01
200800052147,0,7,0,0,2,1,1,A01
200800052147,0,7,0,0,2,4,23,B01
200800052147,0,7,0,0,2,4,23,C01
200800052148,0,7,0,9,0,1,1,A01
200800052149,0,7,0,1,9,8,1,B01
200800052149,0,30,0,0,2,1,9,A01
200800052150,0,30,0,1,0,0,1,A01
200800052151,0,7,0,1,0,1,1,A01
200800052152,0,7,0,0,2,8,10,A01
200800052152,0,33,0,0,2,1,1,B01
200800052153,0,7,0,0,2,1,15,A01
200800052153,0,33,0,0,2,1,1,B01
200800052154,0,7,0,1,0,1,1,A01
200800052155,0,7,0,0,2,1,15,A01
200800052155,0,7,0,0,2,8,1,B01
200800052156,0,7,0,0,2,8,9,A01
200800052156,0,1,0,1,2,7,1,B01
200800052157,0,7,0,0,2,3,9,B01
200800052157,0,7,0,1,2,1,1,A01
200800052158,0,7,0,0,9,4,2,D01
200800052158,0,7,0,0,0,4,2,C01
200800052158,0,7,0,0,0,4,2,B01
200800052158,0,10,0,0,2,1,2,A01
200800052159,0,7,0,0,1,1,1,A01
200800052160,0,30,0,0,2,3,1,A01
200800052160,0,7,0,0,2,2,16,B01
200800052161,0,7,0,6,0,2,13,A01
200800052162,0,7,0,0,1,3,0,A01
200800052163,0,7,0,0,9,4,2,B01
200800052163,0,30,0,0,2,1,2,A01
200800052164,0,31,0,0,2,5,2,A01
200800052164,0,7,0,0,9,3,2,B01
200800052165,0,7,0,0,2,1,1,A01
200800052165,0,7,0,0,2,4,1,B01
200800052165,0,7,0,0,2,4,1,C01
200800052166,0,2,0,0,2,8,0,A01
200800052166,0,7,0,0,2,5,15,B01
200800052167,0,2,0,0,2,9,17,A01
200800052167,0,7,0,0,2,3,1,B01
200800052168,0,7,0,0,2,3,15,B01
200800052168,0,2,0,0,2,1,17,A01
200800052169,0,7,0,8,0,1,14,A01
200800052170,0,7,0,0,2,3,1,B01
200800052170,0,7,0,0,2,1,15,A01
200800052171,0,7,0,0,1,1,1,A01
200800052172,0,2,0,0,2,0,0,B01
200800052172,0,7,0,0,0,3,0,A01
200800052173,0,33,0,0,2,1,1,B01
200800052173,0,7,0,0,2,2,15,A01
200800052174,0,7,0,0,2,3,1,A01
200800052174,0,7,0,0,2,8,1,B01
200800052175,0,1,0,0,2,1,1,B01
200800052175,0,7,0,0,2,0,9,A01
200800052176,0,7,0,0,0,0,13,C01
200800052176,0,7,0,1,0,2,16,A01
200800052176,0,7,0,0,0,6,0,B01
200800052177,0,7,0,0,1,2,1,A01
200800052178,0,34,0,0,2,1,17,A01
200800052178,0,7,0,0,0,3,15,B01
200800052179,0,7,0,0,0,0,1,A01
200800052180,0,7,0,13,0,0,14,A01
200800052181,0,7,0,6,0,1,14,A01
200800052182,0,7,0,0,2,2,1,B01
200800052182,0,7,0,0,2,7,1,A01
200800052183,0,7,0,0,2,1,1,B01
200800052183,0,7,0,0,2,7,1,A01
200800052184,0,30,0,0,2,7,15,A01
200800052184,0,7,0,0,2,1,1,B01
200800052185,0,1,0,1,0,0,0,A01
200800052186,0,7,0,0,2,3,0,C01
200800052186,0,7,0,0,2,1,0,A01
200800052186,0,7,0,0,2,9,0,B01
200800052187,0,30,0,0,0,7,9,A01
200800052188,0,7,0,0,2,1,2,A01
200800052188,0,7,0,0,0,4,2,B01
200800052189,0,7,0,0,2,4,2,A01
200800052189,0,7,0,0,2,4,2,B01
200800052189,0,7,0,0,2,1,2,C01
200800052189,0,7,0,0,2,1,1,D01
200800052190,0,7,0,8,0,1,11,A01
200800052191,0,7,0,0,0,1,0,A01
200800052192,0,7,0,0,0,0,11,A01
200800052192,0,33,0,0,0,0,1,B01
200800052193,0,7,0,13,2,1,17,A01
200800052193,0,7,0,0,2,6,1,B01
200800052194,0,2,0,0,2,1,1,A01
200800052194,0,7,0,0,2,4,1,B01
200800052195,0,7,0,0,2,1,1,A01
200800052195,0,7,0,0,2,1,1,B01
200800052196,0,30,0,0,2,1,1,A01
200800052196,0,7,0,0,2,6,22,B01
200800052197,0,2,0,0,2,7,17,A01
200800052197,0,15,0,0,2,2,15,B01
200800052198,0,7,0,0,2,1,15,B01
200800052198,0,30,0,0,2,2,17,A01
200800052199,0,7,0,0,2,1,2,A01
200800052199,0,7,0,0,0,4,2,B01
200800052200,0,7,0,1,2,1,15,B01
200800052200,0,7,0,0,2,7,1,A01
200800052201,0,34,0,0,1,0,0,A01
200800052202,0,7,0,0,2,1,2,A01
200800052202,0,36,0,0,2,4,2,B01
200800052203,0,7,0,0,2,8,1,A01
200800052203,0,7,0,0,2,1,1,B01
200800052204,0,33,0,0,2,1,1,A01
200800052204,0,7,0,0,2,1,15,B01
200800052205,0,7,0,0,9,2,11,A01
200800052205,0,2,0,0,2,6,11,B01
200800052206,0,7,0,0,2,7,19,A01
200800052206,0,7,0,0,2,3,23,C01
200800052206,0,7,0,0,2,1,1,B01
200800052207,0,7,0,0,2,2,15,A01
200800052207,0,7,0,0,2,3,1,B01
200800052208,0,33,0,0,2,7,17,A01
200800052208,0,7,0,0,2,8,15,B01
200800052209,0,14,0,0,2,2,16,A01
200800052209,0,7,0,0,2,8,16,B01
200800052210,0,30,0,0,1,1,1,A01
200800052211,0,7,0,0,2,3,9,A01
200800052211,0,32,0,0,2,7,21,B01
200800052212,0,33,0,12,0,1,0,A01
200800052213,0,7,0,2,0,1,0,A01
200800052214,0,7,0,0,2,1,13,A01
200800052214,0,7,0,0,2,8,1,B01
200800052214,0,7,0,0,2,1,1,C01
200800052215,0,7,0,0,1,1,16,A01
200800052216,0,7,0,0,2,3,1,A01
200800052216,0,7,0,3,2,3,1,B01
200800052217,0,7,0,0,9,2,1,B01
200800052217,0,1,0,0,2,1,0,A01
200800052218,0,7,0,0,1,1,1,A01
200800052219,0,10,0,0,2,1,2,A01
200800052219,0,7,0,0,2,4,0,B01
200800052220,0,10,0,0,2,1,2,A01
200800052220,0,7,0,0,2,4,2,B01
200800052221,0,7,0,3,2,3,0,B01
200800052221,0,7,0,0,2,2,0,A01
200800052222,0,7,0,4,0,3,13,A01
200800052223,0,7,0,13,0,7,14,A01
200800052224,0,1,0,0,2,1,1,A01
200800052224,0,7,0,0,2,2,1,B01
200800052225,0,2,0,0,2,1,5,A01
200800052225,0,7,0,0,2,2,1,B01
200800052226,0,32,0,12,0,1,1,A01
200800052226,0,7,0,0,0,0,1,B01
200800052227,0,1,0,0,2,1,9,A01
200800052227,0,7,0,0,2,2,1,B01
200800052228,0,7,0,6,0,1,0,A01
200800052229,0,7,0,0,2,3,9,A01
200800052229,0,30,0,0,2,2,2,B01
200800052230,0,2,0,0,2,2,2,B01
200800052230,0,7,0,0,2,3,9,A01
200800052231,0,31,0,15,0,1,1,A01
200800052232,0,7,0,14,0,9,1,B01
200800052232,0,7,0,0,2,4,1,A01
200800052232,0,7,0,14,2,9,1,C01
200800052232,0,7,0,14,0,1,1,D01
200800052233,0,30,0,12,0,3,1,A01
200800052234,0,1,0,0,2,1,1,A01
200800052234,0,33,0,0,2,1,1,B01
200800052235,0,1,0,0,2,1,0,A01
200800052235,0,7,0,0,2,1,1,B01
200800052236,0,34,0,0,1,1,1,A01
200800052237,0,1,0,0,2,1,19,B01
200800052237,0,7,0,0,2,3,16,A01
200800052238,0,1,0,0,2,1,6,A01
200800052238,0,7,0,0,2,6,1,B01
200800052239,0,7,0,0,2,7,19,A01
200800052239,0,1,0,0,2,1,1,B01
200800052240,0,10,0,14,0,1,1,A01
200800052241,0,7,0,0,2,3,15,B01
200800052241,0,30,0,0,2,1,17,A01
200800052242,0,30,0,0,2,7,1,B01
200800052242,0,7,0,0,2,0,9,A01
200800052243,0,7,0,0,1,2,1,A01
200800052244,0,7,0,0,2,3,15,B01
200800052244,0,33,0,0,2,1,17,A01
200800052245,0,33,0,5,0,0,1,A01
200800052246,0,10,0,0,2,5,15,A01
200800052246,0,32,0,0,0,1,1,B01
200800052247,0,7,0,0,2,1,1,A01
200800052248,0,7,0,0,2,1,2,A01
200800052248,0,7,0,0,0,4,23,B01
200800052249,0,10,0,0,2,1,2,A01
200800052249,0,7,0,0,0,4,2,B01
200800052250,0,7,0,0,0,8,24,A01
200800052250,0,2,0,1,0,2,1,B01
200800052251,0,30,0,0,2,1,2,A01
200800052251,0,7,0,0,0,4,2,B01
200800052252,0,30,0,0,2,1,1,A01
200800052252,0,30,0,0,0,4,1,B01
200800052253,0,7,0,0,2,2,15,A01
200800052253,0,32,0,0,2,3,1,B01
200800052254,0,7,0,0,2,1,15,A01
200800052254,0,30,0,0,0,7,17,B01
200800052255,0,7,0,0,2,1,2,A01
200800052255,0,7,0,0,2,4,2,B01
200800052255,0,7,0,0,0,4,2,C01
200800052256,0,31,0,0,2,2,1,B01
200800052256,0,1,0,0,0,5,16,A01
200800052257,0,7,0,0,1,5,4,A01
200800052258,1,7,0,0,1,0,1,A01
200800052259,0,10,0,0,1,1,15,A01
200800052260,0,7,0,0,2,1,2,A01
200800052260,0,7,0,0,0,4,2,B01
200800052261,0,7,0,15,0,1,1,B01
200800052261,0,7,0,0,0,0,1,A01
200800052262,0,7,0,0,2,1,2,A01
200800052262,0,10,0,0,0,4,2,B01
200800052263,0,40,0,0,1,1,1,A01
200800052264,0,7,0,0,0,3,15,A01
200800052264,0,32,0,0,2,1,17,B01
200800052265,0,7,0,0,1,2,15,A01
200800052266,0,7,0,0,2,1,1,A01
200800052266,0,7,0,0,0,4,1,B01
200800052267,0,2,0,0,2,1,1,A01
200800052267,0,7,0,0,0,4,16,B01
200800052268,0,7,0,6,0,8,1,B01
200800052268,0,7,0,0,2,1,1,A01
200800052269,0,7,0,0,0,6,1,B01
200800052269,0,2,0,0,2,1,1,A01
200800052270,0,37,1,0,1,7,16,A01
200800052271,0,7,0,0,0,8,24,A01
200800052271,0,1,0,1,0,1,1,B01
200800052272,0,2,0,0,2,1,1,A01
200800052272,0,7,0,0,0,3,15,B01
200800052273,0,7,0,0,0,6,1,B01
200800052273,0,7,0,0,2,1,1,C01
200800052273,0,7,0,0,2,1,11,A01
200800052274,0,7,0,0,0,4,1,A01
200800052274,0,30,0,0,2,1,1,B01
200800052275,0,7,0,0,0,2,17,A01
200800052275,0,1,0,0,2,3,15,B01
200800052276,0,7,0,0,2,1,1,A01
200800052276,0,7,0,0,0,4,1,B01
200800052277,0,31,0,0,2,1,1,A01
200800052277,0,7,0,0,0,4,1,B01
200800052278,0,7,0,0,0,5,1,B01
200800052278,0,7,0,0,2,3,1,A01
200800052279,0,33,0,0,2,1,1,A01
200800052279,0,7,0,0,0,4,15,B01
200800052280,0,7,0,0,2,1,1,A01
200800052280,0,7,0,0,0,8,23,B01
200800052280,0,7,0,0,0,2,0,C01
200800052281,0,10,0,0,0,0,1,A01
200800052282,0,2,0,0,2,3,1,A01
200800052282,0,7,0,0,0,5,1,B01
200800052283,1,7,0,0,1,3,15,A01
200800052284,0,7,0,0,0,2,15,A01
200800052284,0,30,0,0,2,8,1,B01
200800052285,0,7,0,0,0,7,15,A01
200800052285,0,32,0,0,2,1,1,B01
200800052286,0,2,0,0,2,3,1,B01
200800052286,0,7,0,0,0,0,1,A01
200800052287,0,30,0,0,2,1,1,A01
200800052287,0,7,0,0,0,4,1,B01
200800052288,0,31,0,0,2,1,1,A01
200800052288,0,7,0,0,0,4,1,B01
200800052289,0,7,0,0,2,2,17,A01
200800052289,0,7,0,0,0,8,1,B01
200800052289,0,7,0,0,0,3,1,C01
200800052290,0,30,0,0,0,3,1,B01
200800052290,0,7,0,0,2,2,1,A01
200800052291,0,32,0,0,0,7,17,B01
200800052291,0,7,0,0,2,1,15,A01
200800052292,0,30,0,0,2,1,1,A01
200800052292,0,7,0,0,0,6,1,B01
200800052293,0,7,0,0,0,6,4,A01
200800052293,0,1,0,0,2,1,1,B01
200800052294,0,1,0,0,2,1,1,B01
200800052294,1,7,0,0,0,0,15,A01
200800052295,0,10,0,0,2,1,2,A01
200800052295,0,7,0,0,2,4,1,B01
200800052296,0,7,0,0,2,1,13,A01
200800052296,0,7,0,0,2,3,1,B01
200800052297,0,2,0,0,0,8,13,A01
200800052297,0,33,0,0,2,1,1,B01
200800052298,0,33,0,0,2,1,1,A01
200800052298,0,7,0,0,0,5,1,B01
200800052299,0,31,0,0,2,7,17,A01
200800052299,0,7,0,0,0,8,15,B01
200800052300,0,7,0,0,0,5,12,A01
200800052300,0,33,0,0,2,0,1,B01
200800052301,0,2,0,0,2,3,1,A01
200800052301,0,7,0,0,0,7,16,B01
200800052302,0,33,0,1,2,1,21,A01
200800052302,1,10,0,0,0,0,15,B01
200800052303,0,7,0,0,1,1,15,A01
200800052304,0,7,0,0,2,1,1,A01
200800052304,0,13,0,0,0,5,23,B01
200800052305,1,7,0,0,0,0,1,A01
200800052305,0,31,0,0,2,0,21,B01
200800052306,0,7,0,1,0,0,1,B01
200800052306,0,7,0,0,2,0,5,A01
200800052307,0,7,0,0,0,3,1,B01
200800052307,0,7,0,0,2,2,15,A01
200800052308,0,1,0,0,2,1,1,B01
200800052308,0,2,0,0,2,1,1,A01
200800052309,1,7,0,0,0,0,24,A01
200800052309,0,1,0,1,0,0,21,B01
200800052310,0,33,0,0,2,1,1,B01
200800052310,1,10,0,0,2,0,15,A01
200800052311,0,2,0,0,2,1,1,A01
200800052311,0,7,0,0,0,6,4,B01
200800052312,0,1,0,0,0,7,13,A01
200800052312,0,7,0,0,2,1,17,B01
200800052313,0,1,0,0,0,1,1,A01
200800052313,0,1,0,0,0,1,1,B01
200800052314,0,7,0,0,1,1,1,A01
200800052315,0,33,0,0,1,3,1,A01
200800052316,0,37,2,0,2,1,17,A01
200800052316,0,7,0,0,0,3,15,B01
200800052317,0,7,0,0,2,1,1,A01
200800052317,0,7,0,0,0,4,1,B01
200800052318,0,7,0,0,1,1,1,A01
200800052319,0,7,0,0,0,3,1,B01
200800052319,0,30,0,0,2,2,1,A01
200800052320,0,7,0,0,0,2,1,B01
200800052320,0,7,0,0,2,1,1,A01
200800052321,0,33,0,0,0,6,1,A01
200800052321,0,7,0,6,2,2,16,B01
200800052322,0,10,0,0,2,4,4,A01
200800052322,0,2,0,0,2,1,23,B01
200800052323,0,7,0,0,2,1,0,A01
200800052323,0,10,0,0,2,1,0,B01
200800052324,0,7,0,0,1,0,0,A01
200800052325,0,2,0,0,2,1,0,B01
200800052325,0,7,0,0,2,3,0,A01
200800052326,0,7,0,0,2,8,15,B01
200800052326,0,7,0,0,2,1,1,A01
200800052327,0,31,0,0,2,1,2,A01
200800052327,0,13,0,0,2,4,23,B01
200800052328,0,7,0,0,2,1,11,A01
200800052328,0,1,0,0,2,1,0,B01
200800052329,0,7,0,0,2,1,1,A01
200800052329,0,7,0,0,2,4,1,B01
200800052329,0,7,0,0,2,4,1,C01
200800052330,0,7,0,0,2,1,1,A01
200800052330,0,7,0,0,2,4,1,B01
200800052330,0,7,0,0,2,4,1,C01
200800052330,0,7,0,0,2,4,1,D01
200800052331,0,7,0,0,2,1,0,A01
200800052331,0,7,0,0,2,4,0,B01
200800052332,0,7,0,0,2,3,0,A01
200800052332,0,30,0,0,2,4,0,B01
200800052333,0,7,0,0,2,2,0,A01
200800052333,0,33,0,0,2,7,0,B01
200800052334,0,7,0,0,2,1,15,A01
200800052334,0,7,0,9,2,3,7,B01
200800052335,1,30,0,0,1,1,0,A01
200800052336,0,7,0,4,0,1,13,A01
200800052337,0,7,0,4,0,1,17,A01
200800052338,0,2,0,0,2,1,0,A01
200800052338,0,7,0,0,2,3,0,B01
200800052339,0,31,0,5,0,1,1,A01
200800052340,0,7,0,0,2,3,0,A01
200800052340,0,10,0,0,2,1,0,B01
200800052340,0,7,0,0,2,3,1,C01
200800052341,0,14,0,0,2,1,0,A01
200800052341,0,7,0,0,2,8,0,B01
200800052342,0,7,0,0,2,0,0,A01
200800052342,1,7,0,0,2,0,0,B01
200800052343,0,7,0,0,1,2,14,A01
200800052344,0,7,0,0,2,1,1,A01
200800052344,0,30,0,0,2,0,0,B01
200800052345,0,7,0,0,2,1,11,A01
200800052345,0,7,0,0,2,4,1,B01
200800052346,0,7,0,0,2,3,9,A01
200800052346,0,7,0,0,2,2,1,B01
200800052347,0,7,0,0,2,3,0,B01
200800052347,0,7,0,0,2,3,0,C01
200800052347,0,2,0,0,2,0,0,A01
200800052348,0,1,0,0,2,1,0,A01
200800052348,0,7,0,0,2,1,0,B01
200800052349,0,2,0,0,2,1,0,A01
200800052349,0,7,0,0,2,7,0,B01
200800052350,0,7,0,0,2,1,0,A01
200800052350,0,7,0,0,2,4,2,B01
200800052350,0,7,0,0,2,4,2,C01
200800052351,1,7,0,0,1,0,0,A01
200800052352,0,7,0,0,2,2,16,A01
200800052352,0,1,0,0,2,1,7,B01
200800052353,0,7,0,0,2,2,1,B01
200800052353,0,30,0,0,2,1,1,A01
200800052354,0,7,0,0,2,3,15,B01
200800052354,0,33,0,0,2,1,16,A01
200800052355,0,7,0,0,2,9,2,A01
200800052355,0,7,0,0,2,1,0,B01
200800052356,0,33,0,0,2,1,17,A01
200800052356,1,7,0,0,0,3,0,B01
200800052357,0,7,0,4,0,1,13,A01
200800052358,0,30,0,0,2,9,15,A01
200800052358,0,7,0,0,0,0,0,B01
200800052359,0,7,0,0,2,2,2,B01
200800052359,0,7,0,0,2,3,2,C01
200800052359,0,7,0,0,2,9,1,A01
200800052360,0,10,0,0,2,2,15,A01
200800052360,0,31,0,0,2,1,1,B01
200800052361,0,33,0,0,2,1,1,A01
200800052361,0,15,0,0,2,4,2,B01
200800052362,0,7,0,0,2,2,3,A01
200800052362,0,31,0,0,2,6,3,B01
200800052363,0,7,0,0,2,2,0,A01
200800052363,0,7,0,0,2,4,0,B01
200800052363,0,7,0,0,2,4,0,C01
200800052363,0,7,0,0,2,4,0,D01
200800052364,2,7,0,0,2,2,12,A01
200800052364,0,33,0,0,2,8,1,B01
200800052365,0,7,0,0,2,3,0,A01
200800052365,0,7,0,0,2,1,0,B01
200800052366,0,7,0,0,2,3,9,A01
200800052366,0,33,0,0,2,2,1,B01
200800052367,0,10,0,0,1,0,0,A01
200800052368,0,7,0,0,0,9,1,A01
200800052369,0,31,0,0,0,7,1,A01
200800052370,0,13,0,0,1,3,1,A01
200800052371,0,7,0,0,2,1,0,A01
200800052371,0,7,0,0,2,4,0,B01
200800052372,0,7,0,0,2,4,0,B01
200800052372,0,10,0,0,2,1,0,A01
200800052373,0,7,0,0,2,1,0,A01
200800052373,0,7,0,0,2,6,2,B01
200800052373,0,7,0,0,2,3,1,C01
200800052374,0,7,0,0,2,2,16,A01
200800052374,0,31,0,0,2,8,1,B01
200800052375,0,7,0,0,0,9,13,A01
200800052376,0,32,0,1,0,9,0,A01
200800052377,0,7,0,0,2,8,1,A01
200800052377,0,1,0,0,2,6,1,B01
200800052378,0,30,0,0,2,1,13,A01
200800052378,0,7,0,0,2,3,1,B01
200800052379,0,33,0,14,2,9,1,A01
200800052379,0,7,0,0,2,0,1,B01
200800052379,0,7,0,0,2,3,1,C01
200800052380,0,7,0,0,2,1,13,A01
200800052380,0,7,0,1,0,0,24,B01
200800052381,0,31,0,0,2,7,17,A01
200800052381,0,7,0,0,2,8,15,B01
200800052382,0,7,0,0,2,1,1,A01
200800052382,0,7,0,0,2,3,15,B01
200800052382,0,7,0,0,2,3,0,C01
200800052383,0,31,0,0,2,1,1,B01
200800052383,0,7,0,0,2,1,15,A01
200800052384,0,7,0,0,2,2,16,A01
200800052384,0,7,0,0,2,3,0,B01
200800052385,0,7,0,0,2,6,15,A01
200800052385,0,39,0,0,2,8,1,B01
200800052386,0,7,0,0,2,0,22,A01
200800052386,0,7,0,0,2,0,1,B01