Num_Acc,senc,catv,occutc,obs,obsm,choc,manv,num_veh
200800052735,0,7,0,0,0,0,11,B01
200800052736,0,7,0,0,2,7,9,A01
200800052736,0,31,0,0,2,1,1,B01
200800052737,0,7,0,0,2,1,1,A01
200800052737,0,7,0,0,2,4,15,B01
200800052738,0,7,0,0,0,9,1,A01
200800052739,0,7,0,0,2,1,13,A01
200800052739,0,14,0,0,2,1,2,B01
200800052740,0,7,0,0,9,1,0,B01
200800052740,0,2,0,0,2,1,9,A01
200800052741,0,30,0,0,2,1,1,A01
200800052741,0,7,0,0,2,4,16,B01
200800052742,0,7,0,0,0,0,15,A01
200800052742,0,31,0,1,0,1,17,B01
200800052743,0,7,0,0,2,8,15,A01
200800052743,0,31,0,0,2,1,1,B01
200800052744,0,7,0,6,0,1,13,A01
200800052745,0,7,0,0,1,3,1,A01
200800052746,1,7,0,0,1,3,1,A01
200800052747,1,7,0,0,1,3,1,A01
200800052748,0,7,0,13,2,1,13,A01
200800052748,0,10,0,13,2,8,1,B01
200800052749,0,7,0,9,2,8,16,A01
200800052749,0,33,0,0,2,8,21,B01
200800052750,0,30,0,0,2,1,16,A01
200800052750,0,7,0,0,2,1,1,B01
200800052751,0,33,0,1,0,1,1,A01
200800052752,0,7,0,0,2,1,9,A01
200800052752,0,30,0,0,2,7,17,B01
200800052753,0,7,0,0,2,8,15,A01
200800052753,0,30,0,0,2,2,17,B01
200800052754,0,7,0,0,2,2,1,A01
200800052754,0,7,0,0,2,7,1,B01
200800052755,0,7,0,0,1,3,1,A01
200800052756,0,7,0,0,1,6,4,A01
200800052757,0,2,0,0,0,9,2,A01
200800052757,0,7,0,0,0,6,2,B01
200800052758,0,7,0,0,1,8,15,A01
200800052759,0,34,0,0,2,4,2,A01
200800052759,0,7,0,0,2,4,2,B01
200800052760,0,7,0,0,2,3,1,A01
200800052760,0,7,0,0,2,3,15,B01
200800052761,0,7,0,0,2,1,13,A01
200800052761,0,7,0,0,2,1,1,B01
200800052762,0,7,0,0,1,1,15,A01
200800052763,0,7,0,0,2,2,2,A01
200800052763,0,7,0,0,2,6,15,B01
200800052764,0,7,0,15,2,7,17,A01
200800052764,0,7,0,0,2,3,15,B01
200800052765,0,15,0,0,2,2,2,B01
200800052765,0,7,0,0,2,2,1,A01
200800052766,0,7,0,0,2,3,13,A01
200800052766,0,7,0,0,2,3,1,B01
200800052767,0,7,0,0,2,1,2,A01
200800052767,0,7,0,0,2,9,2,B01
200800052767,0,7,0,0,2,4,2,C01
200800052768,0,34,0,0,0,1,2,A01
200800052768,0,7,0,0,0,1,2,B01
200800052769,1,7,0,0,2,1,2,A01
200800052769,0,7,0,0,2,4,2,B01
200800052770,2,7,0,1,2,1,1,A01
200800052770,0,7,0,0,2,6,15,B01
200800052771,0,7,0,0,2,4,23,B01
200800052771,1,7,0,0,2,1,0,A01
200800052772,0,34,0,0,2,1,1,B01
200800052772,0,10,0,0,2,1,17,A01
200800052773,0,7,0,0,0,8,15,C01
200800052773,0,7,0,0,0,6,2,B01
200800052773,0,33,0,0,2,1,2,A01
200800052774,0,32,0,0,2,1,17,A01
200800052774,0,7,0,0,2,8,1,B01
200800052775,0,33,0,1,2,1,13,A01
200800052775,0,32,0,2,2,1,1,B01
200800052776,0,7,0,0,2,1,1,A01
200800052776,0,7,0,0,0,4,23,B01
200800052777,0,7,0,0,2,7,3,A01
200800052777,0,32,0,0,2,1,1,B01
200800052778,0,7,0,0,2,3,15,A01
200800052778,0,33,0,0,2,1,1,B01
200800052779,0,7,0,0,2,8,1,A01
200800052779,0,7,0,0,2,8,1,B01
200800052780,0,1,0,0,0,0,0,A01
200800052781,0,31,0,0,0,0,15,A01
200800052782,0,10,0,0,2,1,16,A01
200800052782,0,7,0,0,2,1,23,B01
200800052783,1,30,0,0,1,0,0,A01
200800052784,0,7,0,0,2,3,21,A01
200800052784,0,7,0,0,2,2,15,B01
200800052785,0,7,0,0,2,1,1,A01
200800052785,0,7,0,0,2,6,0,B01
200800052786,0,7,0,0,2,1,1,A01
200800052786,0,33,0,0,2,4,1,B01
200800052787,0,7,0,1,2,9,1,A01
200800052787,0,7,0,0,9,1,2,D01
200800052788,0,7,0,0,1,1,0,A01
200800052789,0,7,0,0,1,2,4,A01
200800052790,0,33,0,14,0,1,1,A01
200800052791,0,30,0,0,0,1,0,A01
200800052791,0,7,0,1,0,1,0,B01
200800052792,1,7,0,1,0,0,0,A01
200800052793,0,7,0,0,0,8,1,B01
200800052793,2,7,0,0,2,1,1,A01
200800052794,0,34,0,0,2,0,2,A01
200800052794,1,7,0,0,2,0,0,B01
200800052795,0,33,0,0,2,1,1,B01
200800052795,1,7,0,0,2,8,10,A01
200800052796,0,7,0,0,1,0,20,A01
200800052796,0,1,0,0,0,0,0,B01
200800052797,0,10,0,0,2,0,0,A01
200800052797,0,33,0,0,2,0,0,B01
200800052798,0,30,0,0,1,1,1,A01
200800052799,0,7,0,0,2,2,2,A01
200800052799,0,7,0,0,2,6,2,B01
200800052800,0,7,0,0,2,7,15,A01
200800052800,0,30,0,0,2,1,1,B01
200800052801,0,7,0,0,2,3,1,A01
200800052801,0,2,0,0,2,3,1,B01
200800052802,0,30,0,0,1,1,1,A01
200800052803,0,30,0,0,2,1,1,B01
200800052803,0,7,0,0,2,3,15,A01
200800052804,0,7,0,0,0,4,16,A01
200800052804,0,32,0,0,2,1,1,B01
200800052805,0,7,0,0,2,2,0,A01
200800052805,0,7,0,0,2,3,0,B01
200800052806,0,7,0,15,0,1,2,A01
200800052807,0,30,0,0,1,0,3,A01
200800052808,0,30,0,0,1,1,1,A01
200800052809,0,33,0,0,0,0,1,A01
200800052810,0,2,0,0,2,7,10,A01
200800052810,0,7,0,0,2,8,1,B01
200800052811,0,7,0,0,2,6,9,A01
200800052811,0,7,0,0,2,1,1,B01
200800052812,0,7,0,0,2,1,1,A01
200800052812,0,7,0,0,2,4,2,B01
200800052812,0,7,0,0,2,4,2,C01
200800052812,0,7,0,0,0,4,2,D01
200800052813,0,7,0,0,0,4,23,A01
200800052813,0,7,0,0,2,1,2,B01
200800052814,0,2,0,0,2,7,1,B01
200800052814,1,7,0,0,2,0,15,A01
200800052815,0,2,0,0,2,1,1,A01
200800052815,0,7,0,0,2,6,19,B01
200800052816,0,7,0,0,2,0,9,A01
200800052816,0,7,0,0,2,6,0,B01
200800052817,0,7,0,0,1,0,0,A01
200800052818,1,7,0,0,1,1,1,A01
200800052819,0,7,0,0,0,2,20,A01
200800052819,0,32,0,0,0,3,1,B01
200800052820,0,30,0,0,2,1,0,A01
200800052820,0,32,0,0,2,1,1,B01
200800052821,0,31,0,0,2,8,1,A01
200800052821,0,7,0,0,2,6,1,B01
200800052822,0,7,0,0,2,4,4,A01
200800052822,0,33,0,0,2,3,21,B01
200800052823,0,14,0,0,2,1,2,A01
200800052823,0,7,0,0,2,4,23,B01
200800052824,0,7,0,0,2,3,15,A01
200800052824,0,30,0,0,2,1,1,B01
200800052825,0,7,0,0,2,4,23,C01
200800052825,0,7,0,0,2,1,1,A01
200800052825,0,7,0,0,2,4,23,B01
200800052826,0,7,0,0,2,3,16,A01
200800052826,0,32,0,0,2,2,1,B01
200800052827,0,30,0,0,2,1,5,A01
200800052827,0,7,0,0,2,6,1,B01
200800052827,0,7,0,0,2,3,1,C01
200800052828,0,30,0,0,2,1,17,A01
200800052828,0,7,0,0,2,3,1,B01
200800052829,0,7,0,7,0,1,2,A01
200800052830,0,7,0,1,2,0,0,A01
200800052830,0,7,0,0,2,1,0,B01
200800052830,0,10,0,0,2,1,0,C01
200800052831,0,30,0,4,2,1,2,A01
200800052831,0,30,0,0,0,4,2,B01
200800052832,0,99,0,0,2,2,1,B01
200800052832,0,15,0,6,2,3,1,A01
200800052833,0,2,0,0,0,0,0,A01
200800052834,0,7,0,0,2,1,15,A01
200800052834,0,33,0,0,2,1,1,B01
200800052835,0,7,0,6,0,2,1,A01
200800052836,0,32,0,0,2,1,1,B01
200800052836,0,7,0,0,2,6,10,A01
200800052837,0,7,0,0,2,3,0,A01
200800052837,0,33,0,0,2,1,1,B01
200800052838,0,33,0,0,2,1,17,B01
200800052838,0,7,0,0,2,3,15,A01
200800052839,0,32,0,0,0,7,2,A01
200800052840,0,2,0,0,2,7,1,A01
200800052840,0,7,0,0,2,1,0,B01
200800052841,0,7,0,0,2,1,2,B01
200800052841,0,7,0,0,2,3,15,A01
200800052842,0,7,0,0,2,1,1,B01
200800052842,0,7,0,0,2,3,1,A01
200800052843,0,7,0,0,0,3,1,B01
200800052843,0,30,0,0,0,7,1,A01
200800052844,0,7,0,0,2,7,1,B01
200800052844,0,99,0,0,2,1,1,A01
200800052845,0,7,0,12,0,1,1,A01
200800052846,0,7,0,0,2,4,13,A01
200800052846,0,30,0,0,2,1,1,B01
200800052847,0,2,0,0,1,1,5,A01
200800052848,0,34,0,0,0,6,1,A01
200800052848,0,30,0,0,2,1,1,B01
200800052849,0,7,0,0,1,3,2,A01
200800052850,0,32,0,0,2,7,1,B01
200800052850,0,7,0,0,2,1,1,A01
200800052851,0,30,0,0,0,1,0,A01
200800052851,0,7,0,0,0,7,0,B01
200800052852,0,7,0,0,0,0,10,A01
200800052852,0,33,0,0,0,0,2,B01
200800052853,0,7,0,0,2,3,1,B01
200800052853,0,7,0,0,2,2,1,A01
200800052854,0,30,0,0,0,1,2,A01
200800052855,0,7,0,0,0,4,2,B01
200800052855,0,7,0,0,2,1,2,A01
200800052856,0,7,0,0,1,1,1,A01
200800052857,0,10,0,0,1,1,1,A01
200800052858,0,33,0,12,0,1,15,A01
200800052859,0,30,0,1,0,1,1,A01
200800052860,0,7,0,0,2,1,0,A01
200800052860,0,7,0,1,2,8,0,B01
200800052861,0,31,0,0,2,0,0,B01
200800052861,0,7,0,0,2,0,0,A01
200800052862,0,7,0,0,0,4,2,B01
200800052862,0,7,0,0,2,1,2,A01
200800052863,0,7,0,0,2,3,1,B01
200800052863,0,32,0,0,2,1,1,A01
200800052864,0,7,0,0,2,7,1,B01
200800052864,0,7,0,0,2,8,9,A01
200800052865,0,2,0,0,2,1,1,B01
200800052865,0,7,0,0,2,3,15,A01
200800052866,0,32,0,0,2,1,1,B01
200800052866,0,7,0,0,9,2,17,A01
200800052867,0,34,0,0,1,1,21,A01
200800052868,0,7,0,0,2,7,19,A01
200800052868,0,31,0,0,2,1,1,B01
200800052869,0,7,0,0,9,1,2,A01
200800052869,0,1,0,0,2,0,19,B01
200800052870,0,7,0,0,2,4,2,B01
200800052870,0,33,0,0,2,1,2,A01
200800052871,0,30,0,0,2,1,1,B01
200800052871,0,7,0,0,2,5,15,A01
200800052872,0,16,0,0,1,1,17,A01
200800052873,0,7,0,0,0,8,10,B01
200800052873,0,7,0,0,0,1,1,A01
200800052874,0,30,0,0,2,8,1,B01
200800052874,0,7,0,0,2,1,10,A01
200800052875,0,2,0,0,0,0,1,B01
200800052875,0,32,0,0,0,7,0,C01
200800052875,0,2,0,0,0,0,1,A01
200800052876,0,7,0,0,2,3,16,A01
200800052876,0,7,0,0,2,2,1,B01
200800052877,0,7,0,0,1,1,0,A01
200800052878,0,7,0,0,2,8,15,A01
200800052878,0,2,0,0,2,1,1,B01
200800052879,0,32,0,0,1,1,0,A01
200800052880,1,7,0,1,0,1,0,A01
200800052880,0,7,0,1,0,0,0,B01
200800052881,0,7,0,6,0,3,1,A01
200800052882,0,7,0,0,2,4,2,A01
200800052882,0,7,0,0,2,4,1,B01
200800052883,0,7,0,0,1,0,0,A01
200800052884,0,7,0,0,0,0,1,A01
200800052884,0,7,0,0,0,0,0,C01
200800052884,0,7,0,0,0,0,1,B01
200800052885,0,7,0,0,2,2,19,A01
200800052885,0,37,0,0,2,3,17,B01
200800052886,0,10,0,0,2,3,1,B01
200800052886,0,30,0,0,2,1,1,A01
200800052887,0,7,0,0,2,3,2,B01
200800052887,0,32,0,0,2,2,2,A01
200800052888,0,7,0,0,1,2,1,A01
200800052889,0,7,0,0,2,4,2,C01
200800052889,0,7,0,0,2,4,2,B01
200800052889,0,7,0,0,2,1,2,A01
200800052890,0,31,0,0,2,0,1,B01
200800052890,0,10,0,0,2,5,12,A01
200800052891,0,7,0,0,2,1,1,A01
200800052891,0,33,0,0,2,3,9,B01
200800052892,0,32,0,0,0,0,0,A01
200800052893,0,30,0,0,2,1,17,D01
200800052893,0,7,0,0,2,3,5,C01
200800052893,0,7,0,0,2,8,5,B01
200800052893,0,7,0,0,2,8,5,A01
200800052894,0,7,0,0,1,7,1,A01
200800052895,0,32,0,0,2,1,1,A01
200800052895,0,7,0,0,0,5,23,B01
200800052896,0,7,0,0,2,3,15,B01
200800052896,0,30,0,0,2,8,17,A01
200800052897,0,7,0,0,2,1,2,B01
200800052897,0,7,0,1,2,5,1,A01
200800052898,0,7,0,0,2,4,2,D01
200800052898,0,7,0,0,2,9,2,C01
200800052898,0,7,0,0,2,9,2,B01
200800052898,0,7,0,0,2,1,2,A01
200800052899,0,14,0,0,0,0,0,B01
200800052899,0,32,0,0,0,0,0,A01
200800052900,0,7,0,0,1,4,4,A01
200800052901,0,7,0,0,2,6,1,B01
200800052901,0,32,0,0,2,1,2,A01
200800052902,0,30,0,0,1,1,1,A01
200800052903,0,33,0,0,1,8,21,A01
200800052904,0,7,0,0,2,1,1,B01
200800052904,0,32,0,0,2,1,15,A01
200800052905,0,34,0,0,2,1,1,A01
200800052905,0,14,0,0,0,0,10,B01
200800052906,0,7,0,1,2,1,2,A01
200800052906,0,7,0,0,2,4,2,B01
200800052907,0,7,0,0,2,3,15,A01
200800052907,0,34,0,0,2,1,1,B01
200800052908,0,1,0,12,0,1,1,B01
200800052908,0,7,0,0,9,0,15,A01
200800052909,0,7,0,0,2,0,23,C01
200800052909,0,37,1,0,2,5,0,B01
200800052909,0,7,0,0,2,1,15,A01
200800052910,0,30,0,0,2,0,17,B01
200800052910,0,7,0,0,2,3,11,A01
200800052911,0,33,0,0,2,1,1,A01
200800052911,0,7,0,0,2,1,1,B01
200800052912,0,7,0,0,2,1,5,A01
200800052912,0,7,0,0,2,2,5,B01
200800052913,0,7,0,0,2,8,0,B01
200800052913,0,7,0,0,2,1,0,A01
200800052914,0,33,0,0,2,1,1,A01
200800052914,0,7,0,0,2,5,15,B01
200800052915,0,30,0,0,2,1,1,A01
200800052915,0,7,0,0,2,6,9,B01
200800052916,0,34,0,0,2,0,0,A01
200800052916,0,31,0,0,2,1,1,B01
200800052917,0,32,0,0,2,6,1,A01
200800052917,0,10,0,0,2,6,1,B01
200800052918,0,7,0,0,0,3,2,A01
200800052919,0,32,0,0,2,1,17,A01
200800052919,0,7,0,0,0,8,22,B01
200800052920,0,7,0,0,1,1,15,A01
200800052921,0,2,0,0,2,1,17,A01
200800052921,0,7,0,0,2,1,1,B01
200800052922,0,7,0,0,2,3,15,A01
200800052922,0,2,0,0,2,1,1,B01
200800052923,0,7,0,3,1,2,1,A01
200800052924,0,7,0,0,1,4,23,A01
200800052925,0,2,0,0,2,1,5,A01
200800052925,0,7,0,0,2,1,1,B01
200800052925,0,7,0,0,2,1,23,C01
200800052926,0,7,0,0,2,3,15,A01
200800052926,0,32,0,0,2,1,2,B01
200800052927,0,7,0,0,0,1,0,A01
200800052928,0,7,0,1,2,7,1,B01
200800052928,0,7,0,0,2,2,15,A01
200800052929,0,30,0,0,0,9,1,B01
200800052929,1,7,0,0,0,0,17,A01
200800052930,0,7,0,0,2,8,19,A01
200800052930,0,7,0,0,2,1,1,B01
200800052931,0,33,0,0,9,1,2,A01
200800052931,0,1,0,0,0,4,2,B01
200800052932,0,7,0,0,2,8,15,A01
200800052932,0,32,0,0,2,2,15,B01
200800052933,0,37,15,0,2,7,3,A01
200800052933,0,7,0,0,2,8,0,B01
200800052934,0,7,0,0,2,6,2,A01
200800052934,0,2,0,0,2,1,2,B01
200800052935,0,7,0,15,0,1,1,A01
200800052936,0,99,0,0,9,3,2,A01
200800052936,0,1,0,0,2,4,2,B01
200800052937,0,7,0,0,2,1,1,A01
200800052937,0,7,0,0,2,7,15,B01
200800052938,0,7,0,0,2,8,11,A01
200800052938,0,37,21,0,0,0,0,B01
200800052939,0,7,0,0,2,2,12,A01
200800052939,0,34,0,0,2,8,1,B01
200800052940,0,34,0,0,0,0,16,A01
200800052940,0,10,0,0,0,0,0,B01
200800052941,0,7,0,0,2,3,9,A01
200800052941,0,32,0,0,2,1,1,B01
200800052942,0,7,0,8,1,1,1,A01
200800052943,0,7,0,0,1,0,16,A01
200800052944,0,7,0,0,2,2,2,A01
200800052944,0,7,0,0,0,5,2,B01
200800052945,0,7,0,0,2,0,1,A01
200800052945,0,30,0,0,2,0,1,B01
200800052946,0,33,0,0,2,1,2,A01
200800052946,0,7,0,0,2,7,15,B01
200800052947,0,7,0,0,2,1,2,A01
200800052947,0,34,0,0,2,7,2,B01
200800052948,0,7,0,0,2,3,10,A01
200800052948,0,2,0,0,2,1,1,B01
200800052949,0,7,0,0,2,3,10,A01
200800052949,0,32,0,0,2,1,1,B01
200800052950,0,34,0,0,2,7,17,A01
200800052950,0,7,0,0,2,8,1,B01
200800052951,0,7,0,0,2,2,1,A01
200800052951,0,33,0,0,2,3,3,B01
200800052952,0,30,0,0,0,7,13,A01
200800052952,0,7,0,0,0,8,15,B01
200800052953,0,30,0,0,2,3,2,A01
200800052953,0,7,0,0,0,7,2,B01
200800052954,0,7,0,0,1,0,2,A01
200800052955,0,7,0,0,2,1,9,A01
200800052955,0,7,0,0,2,6,2,B01
200800052956,0,7,0,0,1,2,2,A01
200800052957,0,7,0,0,2,8,19,A01
200800052957,0,32,0,0,2,1,1,B01
200800052958,0,7,0,1,1,2,17,A01
200800052958,0,14,0,0,0,6,23,B01
200800052959,0,17,0,0,2,1,13,A01
200800052959,0,10,0,0,9,1,1,B01
200800052960,0,2,0,0,2,2,15,A01
200800052960,0,7,0,0,2,2,2,B01
200800052961,0,7,0,0,2,7,19,B01
200800052961,0,7,0,0,2,1,19,A01
200800052962,0,10,0,0,1,4,4,A01
200800052963,0,10,0,0,2,1,13,A01
200800052963,0,7,0,0,2,1,1,B01
200800052964,0,10,0,14,0,1,1,A01
200800052964,0,7,0,0,0,4,23,B01
200800052965,0,7,0,0,2,1,2,A01
200800052965,0,7,0,0,2,4,2,B01
200800052965,0,7,0,0,2,5,2,C01
200800052966,0,7,0,0,1,1,2,A01
200800052967,1,7,0,0,9,4,2,A01
200800052967,0,1,0,0,2,4,2,B01
200800052968,0,7,0,0,0,3,10,A01
200800052968,0,33,0,0,2,9,1,B01
200800052969,0,7,0,0,2,3,1,A01
200800052969,0,7,0,6,2,3,1,B01
200800052970,0,33,0,0,2,7,17,A01
200800052970,0,7,0,0,2,8,1,B01
200800052971,0,7,0,0,2,3,15,A01
200800052971,0,1,0,0,2,7,19,B01
200800052972,0,7,0,0,2,1,19,A01
200800052972,0,7,0,0,0,0,1,B01
200800052973,0,7,0,0,2,2,15,A01
200800052973,0,1,0,0,2,1,0,B01
200800052974,0,2,0,15,2,1,1,A01
200800052974,0,34,0,0,2,1,1,B01
200800052975,0,7,0,14,0,2,9,A01
200800052975,0,7,0,0,0,4,23,B01
200800052976,0,7,0,0,2,1,2,A01
200800052976,0,7,0,0,0,4,23,B01
200800052977,1,7,0,0,0,0,1,A01
200800052977,0,32,0,0,2,0,0,B01
200800052977,0,7,0,0,0,0,0,C01
200800052978,0,7,0,0,1,2,1,A01
200800052979,0,7,0,0,2,4,2,C01
200800052979,0,10,0,0,2,9,2,B01
200800052979,0,7,0,0,2,1,2,A01
200800052980,0,7,0,0,2,1,1,B01
200800052980,0,7,0,0,2,8,19,A01
200800052981,0,2,0,1,0,1,2,B01
200800052981,0,17,0,0,2,6,24,A01
200800052982,0,33,0,0,2,7,0,B01
200800052982,0,7,0,0,2,2,0,A01
200800052983,0,7,0,1,0,8,1,A01
200800052984,0,10,0,0,2,1,2,A01
200800052984,0,7,0,0,2,4,2,B01
200800052985,0,7,0,0,9,6,10,A01
200800052985,0,1,0,0,2,0,0,B01
200800052986,0,7,0,0,2,8,23,B01
200800052986,2,7,0,1,2,1,17,A01
200800052986,0,7,0,0,2,6,19,C01
200800052987,0,7,0,0,2,1,1,A01
200800052987,0,7,0,0,2,3,1,B01
200800052988,0,7,0,0,2,1,2,A01
200800052988,2,7,0,12,0,4,2,B01
200800052989,0,7,0,0,0,0,17,A01
200800052990,0,7,0,3,0,1,1,A01
200800052991,1,7,0,0,2,3,15,A01
200800052991,0,7,0,0,2,8,1,B01
200800052992,0,7,0,0,2,1,2,A01
200800052992,0,7,0,0,0,4,0,B01
200800052993,0,30,0,0,2,2,0,B01
200800052994,0,7,0,1,0,1,14,A01
200800052995,0,33,0,0,2,1,1,B01
200800052995,0,7,0,0,2,7,15,A01
200800052996,0,7,0,0,2,1,15,A01
200800052996,0,7,0,0,2,3,1,B01
200800052997,0,37,12,0,1,2,1,A01
200800052998,0,7,0,0,2,2,12,A01
200800052998,0,33,0,0,2,8,1,B01
200800052999,1,7,0,0,2,1,0,A01
200800052999,0,32,0,0,0,1,1,B01
200800053000,0,7,0,0,2,1,15,A01
200800053000,0,33,0,0,0,1,1,B01
200800053001,0,33,0,0,0,1,1,B01
200800053001,0,7,0,0,2,3,15,A01
200800053002,0,2,0,0,0,7,0,A01
200800053003,0,32,0,0,0,3,1,A01
200800053004,0,7,0,13,0,1,1,A01
200800053005,0,7,0,0,2,2,15,A01
200800053005,0,2,0,15,2,3,1,B01
200800053006,1,7,0,0,1,2,14,A01
200800053007,0,2,0,0,0,3,16,B01
200800053007,0,7,0,0,2,2,2,A01
200800053008,0,7,0,0,1,1,2,A01
200800053009,0,2,0,14,0,1,18,A01
200800053010,0,7,0,2,0,1,0,A01
200800053011,1,7,0,0,2,5,15,A01
200800053011,0,2,0,0,2,1,1,B01
200800053012,0,7,0,0,1,2,1,A01
200800053013,0,7,0,0,0,6,2,B01
200800053013,0,2,0,0,2,1,2,A01
200800053014,0,7,0,0,1,3,1,A01
200800053015,0,7,0,0,2,8,1,A01
200800053015,0,30,0,0,2,1,17,B01
200800053016,0,7,0,15,0,9,17,B01
200800053016,0,10,0,0,0,0,13,A01
200800053017,0,7,0,0,1,2,1,A01
200800053018,0,7,0,0,1,1,1,A01
200800053019,0,7,0,0,2,1,1,A01
200800053019,0,1,0,0,2,8,1,B01
200800053020,0,30,0,0,2,2,17,A01
200800053020,0,7,0,0,2,3,15,B01
200800053021,0,7,0,0,2,8,9,A01
200800053021,0,7,0,0,2,1,1,B01
200800053022,0,7,0,12,0,1,6,A01
200800053023,0,30,0,0,2,3,1,A01
200800053023,0,7,0,0,2,7,15,B01
200800053024,0,2,0,0,0,0,1,A01
200800053025,0,7,0,0,2,2,1,B01
200800053025,0,7,0,0,2,1,1,A01
200800053026,0,1,0,0,2,3,11,A01
200800053026,0,7,0,0,2,2,17,B01
200800053027,0,7,0,0,0,3,15,B01
200800053027,0,30,0,0,2,8,1,A01
200800053028,0,7,0,0,2,1,16,A01
200800053028,0,1,0,0,2,2,1,B01
200800053029,0,7,0,0,2,2,1,A01
200800053029,0,7,0,0,2,3,1,B01
200800053030,0,38,0,0,1,2,1,A01
200800053031,0,7,0,0,1,1,1,A01
200800053032,0,30,0,0,2,1,1,A01
200800053032,0,10,0,0,2,2,16,B01
200800053033,0,7,0,0,2,3,15,A01
200800053033,0,32,0,0,2,1,1,B01
200800053034,0,7,0,0,2,3,1,A01
200800053034,0,7,0,0,2,1,0,B01
200800053035,0,7,0,0,2,2,1,A01
200800053035,0,30,0,0,2,2,15,B01
200800053036,0,7,0,16,0,8,1,A01
200800053037,0,7,0,0,2,3,23,A01
200800053037,0,2,0,0,2,3,13,B01
200800053038,0,7,0,1,0,0,0,A01
200800053039,0,30,0,12,0,9,16,A01
200800053040,0,7,0,0,2,7,22,A01
200800053040,0,30,0,0,2,1,18,B01
200800053041,0,7,0,0,2,4,1,A01
200800053041,0,1,0,0,2,1,2,B01
200800053042,0,7,0,0,2,3,1,B01
200800053042,0,7,0,0,2,2,15,A01
200800053043,0,7,0,0,2,1,2,A01
200800053043,0,32,0,0,2,4,23,B01
200800053043,0,7,0,0,2,4,23,C01
200800053044,0,30,0,0,0,0,1,A01
200800053045,0,7,0,0,2,1,1,A01
200800053045,0,7,0,0,2,4,1,B01
200800053045,0,7,0,0,2,4,1,C01
200800053046,0,2,0,0,0,7,1,A01
200800053047,0,7,0,0,0,0,10,A01
200800053047,0,33,0,0,0,7,1,B01
200800053048,0,1,0,0,2,1,16,A01
200800053048,0,7,0,0,2,3,15,B01
200800053049,0,7,0,0,2,3,1,B01
200800053049,0,10,0,0,2,1,19,A01
200800053050,0,33,0,1,0,9,1,A01
200800053051,0,2,0,0,2,8,9,A01
200800053051,0,7,0,0,2,1,1,B01
200800053052,0,33,0,0,0,0,1,A01
200800053053,0,33,0,0,1,1,1,A01
200800053054,0,30,0,0,1,1,1,A01
200800053055,0,7,0,0,2,8,22,A01
200800053055,0,2,0,1,0,1,1,B01
200800053056,0,30,0,0,2,7,1,A01
200800053056,0,7,0,0,2,7,1,B01
200800053057,0,7,0,0,2,4,0,B01
200800053057,0,1,0,0,2,1,1,A01
200800053058,0,7,0,13,0,0,0,A01
200800053059,0,30,0,0,2,8,0,A01
200800053059,0,7,0,0,2,8,0,B01
200800053060,0,10,0,0,2,0,0,A01
200800053060,0,2,0,0,2,0,0,B01
200800053061,0,7,0,0,2,3,0,A01
200800053061,0,33,0,0,2,1,1,B01
200800053062,0,7,0,14,0,0,0,A01
200800053063,0,7,0,0,1,0,0,A01
200800053064,0,7,0,0,2,3,22,A01
200800053064,0,1,0,1,0,2,1,B01
200800053065,0,7,0,0,2,3,1,B01
200800053065,0,7,0,0,2,1,1,A01
200800053066,0,7,0,0,2,8,15,A01
200800053066,0,2,0,0,2,0,0,B01
200800053067,0,10,0,0,2,7,19,A01
200800053067,0,33,0,0,2,1,1,B01
200800053068,0,7,0,0,2,8,20,A01
200800053068,0,1,0,0,2,1,1,B01
200800053069,0,7,0,0,2,1,1,A01
200800053069,0,7,0,0,0,4,2,B01
200800053070,0,33,0,0,0,0,1,A01
200800053071,0,10,0,0,2,1,1,A01
200800053071,0,7,0,0,2,4,15,B01
200800053072,0,10,0,2,0,1,1,A01
200800053073,0,7,0,0,2,1,1,B01
200800053074,0,7,0,0,1,1,20,A01
200800053075,0,7,0,0,2,7,15,A01
200800053075,0,2,0,0,1,1,1,B01
200800053076,0,2,0,0,2,0,1,A01
200800053076,1,7,0,0,2,7,17,B01
200800053077,0,7,0,9,0,1,13,A01
200800053078,0,7,0,0,2,3,15,A01
200800053078,0,7,0,0,2,1,1,B01
200800053079,0,7,0,0,2,1,17,A01
200800053079,0,7,0,6,2,8,15,B01
200800053080,0,7,0,0,2,8,16,A01
200800053080,0,7,0,0,2,1,1,B01
200800053081,0,10,0,0,9,3,0,A01
200800053081,0,1,0,0,2,3,19,B01
200800053082,0,7,0,6,0,9,0,A01
200800053083,0,30,0,0,2,1,1,A01
200800053083,0,7,0,0,0,6,15,B01
200800053084,0,33,0,0,2,5,0,A01
200800053084,0,7,0,0,2,6,15,B01
200800053085,0,7,0,0,0,3,10,A01
200800053085,0,33,0,0,2,1,2,B01
200800053086,0,7,0,0,1,2,1,A01
200800053087,0,15,0,0,2,1,12,A01
200800053087,0,7,0,0,2,8,1,B01
200800053088,0,7,0,0,2,7,1,A01
200800053088,0,7,0,0,2,1,1,B01
200800053089,0,1,0,0,2,1,1,A01
200800053089,0,7,0,0,2,3,1,B01
200800053090,0,7,0,0,0,6,15,B01
200800053090,0,33,0,0,2,1,1,A01
200800053091,0,33,0,0,2,8,17,A01
200800053091,0,7,0,0,2,8,1,B01