Num_Acc,senc,catv,occutc,obs,obsm,choc,manv,num_veh
200800053454,0,3,0,0,2,4,23,C01
200800053455,0,7,0,0,2,1,1,B01
200800053455,0,7,0,1,2,1,1,A01
200800053456,0,32,0,0,5,1,1,A01
200800053457,0,7,0,0,1,1,1,A01
200800053458,0,30,0,0,2,6,18,A01
200800053458,0,10,0,0,2,7,23,B01
200800053459,0,13,0,0,2,4,10,B01
200800053459,0,32,0,0,2,1,2,A01
200800053460,0,32,0,0,0,8,1,A01
200800053461,0,33,0,12,0,0,13,A01
200800053462,0,37,1,0,1,5,1,A01
200800053463,0,32,0,0,1,1,1,A01
200800053464,1,7,0,0,2,0,2,E01
200800053464,0,33,0,0,2,1,2,A01
200800053464,0,7,0,0,2,4,1,B01
200800053464,0,10,0,0,2,4,2,C01
200800053464,0,7,0,0,2,1,2,D01
200800053465,0,7,0,0,2,6,12,A01
200800053465,0,33,0,0,2,1,2,B01
200800053465,0,33,0,0,2,2,2,C01
200800053465,0,10,0,0,2,4,1,D01
200800053466,0,7,0,0,2,8,1,A01
200800053466,0,7,0,0,1,4,1,B01
200800053466,0,7,0,0,2,1,1,C01
200800053467,0,33,0,0,0,7,1,A01
200800053468,0,7,0,13,0,4,0,A01
200800053469,0,10,0,0,0,9,2,A01
200800053469,0,15,0,0,0,0,23,G01
200800053469,0,33,0,0,0,0,2,C01
200800053469,0,10,0,0,0,0,2,H01
200800053469,0,7,0,0,0,0,23,D01
200800053469,0,7,0,0,0,0,2,I01
200800053469,0,7,0,0,0,0,2,E01
200800053469,0,7,0,0,0,0,2,J01
200800053469,0,7,0,0,0,0,23,B01
200800053469,0,7,0,0,0,0,21,F01
200800053470,0,33,0,0,2,1,3,A01
200800053470,0,7,0,0,2,5,12,B01
200800053471,0,7,0,3,0,1,0,A01
200800053471,0,10,0,0,2,1,1,B01
200800053472,0,10,0,0,0,5,1,A01
200800053472,0,33,0,0,2,1,2,B01
200800053473,0,7,0,0,0,2,2,A01
200800053474,0,7,0,0,0,6,1,A01
200800053474,0,33,0,0,2,2,17,B01
200800053474,0,7,0,0,0,4,0,C01
200800053474,0,7,0,14,0,4,2,D01
200800053475,0,7,0,0,0,4,2,A01
200800053475,0,7,0,0,2,1,2,B01
200800053476,0,7,0,0,2,4,2,A01
200800053476,0,7,0,0,2,1,2,B01
200800053477,0,33,0,0,0,0,3,A01
200800053478,0,33,0,0,2,2,3,A01
200800053478,0,7,0,0,2,3,11,B01
200800053479,0,32,0,0,2,7,3,A01
200800053479,0,7,0,0,0,8,11,B01
200800053480,0,7,0,0,2,6,2,A01
200800053480,0,17,0,0,2,2,2,B01
200800053481,0,33,0,0,0,9,0,A01
200800053482,0,7,0,0,2,4,0,A01
200800053482,0,7,0,0,2,1,0,B01
200800053483,0,33,0,0,2,8,3,A01
200800053483,0,7,0,0,2,5,1,B01
200800053484,0,10,0,0,2,6,11,A01
200800053484,0,33,0,0,2,1,3,B01
200800053485,0,7,0,0,2,1,2,A01
200800053485,0,7,0,0,0,4,2,B01
200800053486,0,7,0,0,2,5,12,A01
200800053486,0,33,0,0,2,3,13,B01
200800053487,0,33,0,0,2,0,17,A01
200800053488,0,7,0,4,2,8,13,A01
200800053488,0,7,0,0,2,1,21,B01
200800053489,0,7,0,0,2,1,2,A01
200800053489,0,7,0,0,0,4,2,B01
200800053489,0,7,0,0,0,4,2,C01
200800053490,0,7,0,4,0,3,0,A01
200800053491,0,7,0,0,0,6,13,A01
200800053491,0,15,0,0,2,2,1,B01
200800053492,0,7,0,0,2,4,2,A01
200800053492,0,7,0,0,2,1,2,B01
200800053492,0,7,0,0,2,1,2,C01
200800053492,0,7,0,0,2,1,2,D01
200800053493,0,7,0,0,2,6,1,A01
200800053493,0,7,0,0,2,8,1,B01
200800053493,0,33,0,0,2,7,14,C01
200800053494,0,7,0,4,0,1,2,A01
200800053495,0,33,0,0,2,1,0,A01
200800053495,0,33,0,0,2,4,1,B01
200800053496,0,7,0,15,0,3,11,A01
200800053497,0,7,0,4,0,7,0,A01
200800053498,0,7,0,0,0,4,1,A01
200800053498,0,7,0,0,2,1,1,B01
200800053499,0,13,0,0,0,5,0,A01
200800053499,0,33,0,0,2,1,2,B01
200800053500,0,17,0,0,0,4,2,A01
200800053500,0,32,0,0,0,4,2,B01
200800053500,0,7,0,0,2,1,2,C01
200800053501,0,32,0,0,2,1,17,A01
200800053501,0,7,0,0,2,1,9,B01
200800053501,0,7,0,2,2,4,23,C01
200800053502,0,7,0,0,0,6,11,A01
200800053502,0,32,0,0,2,1,1,B01
200800053503,0,7,0,0,2,8,11,A01
200800053503,0,32,0,0,2,7,1,B01
200800053504,0,10,0,0,2,3,2,A01
200800053504,0,7,0,0,0,4,2,B01
200800053505,0,7,0,0,2,4,2,A01
200800053505,0,7,0,0,2,4,2,B01
200800053505,0,7,0,0,2,4,2,C01
200800053505,0,7,0,0,2,4,2,D01
200800053505,0,7,0,0,2,1,2,E01
200800053506,0,7,0,0,2,7,14,A01
200800053506,0,7,0,0,2,8,1,B01
200800053507,0,7,0,0,2,1,1,B01
200800053507,0,7,0,0,2,6,1,A01
200800053508,0,7,0,0,0,8,0,B01
200800053508,0,7,0,4,2,2,0,A01
200800053509,0,10,0,0,0,0,1,A01
200800053510,0,10,0,0,9,1,0,A01
200800053511,0,17,0,0,2,8,1,A01
200800053511,0,33,0,0,2,7,0,B01
200800053512,0,33,0,0,0,7,2,A01
200800053513,0,33,0,0,2,1,13,B01
200800053513,0,7,0,0,2,3,12,A01
200800053514,0,7,0,0,2,4,1,B01
200800053514,0,7,0,0,0,4,0,A01
200800053514,2,7,0,0,2,1,1,C01
200800053515,0,15,0,0,2,2,2,B01
200800053515,0,7,0,10,2,8,11,A01
200800053516,0,33,0,0,0,8,1,A01
200800053516,0,30,0,0,2,1,1,B01
200800053517,0,7,0,3,2,3,2,B01
200800053517,0,7,0,0,0,5,2,A01
200800053518,0,33,0,0,2,4,0,B01
200800053518,0,10,0,0,2,3,1,A01
200800053519,0,7,0,0,2,1,1,D01
200800053519,0,10,0,0,2,4,1,C01
200800053519,0,7,0,0,2,6,1,B01
200800053519,0,10,0,0,2,4,23,A01
200800053520,0,7,0,0,2,4,23,B01
200800053520,0,7,0,0,2,4,23,A01
200800053520,0,7,0,0,2,1,2,C01
200800053521,0,7,0,4,0,3,13,A01
200800053522,0,7,0,4,0,1,1,A01
200800053523,0,7,0,13,0,1,1,A01
200800053524,0,10,0,0,2,1,2,B01
200800053524,0,7,0,0,0,4,23,A01
200800053525,0,7,0,4,0,3,21,A01
200800053526,0,7,0,0,2,6,0,B01
200800053526,0,7,0,4,2,0,0,A01
200800053526,0,7,0,0,2,6,0,C01
200800053527,0,7,0,0,2,1,1,A01
200800053527,0,7,0,0,2,6,11,C01
200800053527,0,14,0,0,2,2,1,B01
200800053528,0,7,0,0,0,0,0,B01
200800053528,0,7,0,0,0,0,0,A01
200800053529,0,32,0,0,2,2,18,B01
200800053529,0,7,0,0,2,8,11,A01
200800053530,0,33,0,0,0,0,1,A01
200800053531,0,7,0,0,2,1,1,B01
200800053531,0,10,0,0,0,4,1,A01
200800053531,0,15,0,0,2,1,1,C01
200800053532,0,15,0,0,2,3,1,B01
200800053532,0,7,0,0,2,7,12,A01
200800053533,0,7,0,0,2,1,2,B01
200800053533,0,7,0,0,0,4,2,A01
200800053534,0,7,0,0,0,0,0,A01
200800053535,0,7,0,0,2,4,1,B01
200800053535,0,7,0,0,0,4,1,A01
200800053535,0,10,0,0,2,1,1,C01
200800053536,0,14,0,1,2,3,1,A01
200800053536,0,33,0,0,0,4,0,B01
200800053537,0,7,0,7,0,1,1,C01
200800053537,0,33,0,7,2,7,2,B01
200800053537,0,7,0,0,2,8,1,A01
200800053538,0,7,0,4,2,3,17,A01
200800053538,0,37,32,0,2,8,18,B01
200800053539,0,7,0,0,2,5,12,A01
200800053539,0,13,0,0,2,3,1,B01
200800053540,0,17,0,3,0,8,17,A01
200800053541,0,7,0,0,0,4,2,A01
200800053541,0,33,0,0,2,1,0,B01
200800053542,0,7,0,0,2,6,1,A01
200800053542,0,33,0,0,2,3,3,B01
200800053542,0,7,0,0,2,7,1,C01
200800053543,0,7,0,0,2,6,0,A01
200800053543,0,33,0,0,2,4,0,B01
200800053543,0,33,0,0,2,1,0,C01
200800053544,0,7,0,0,2,1,19,A01
200800053544,0,7,0,0,0,1,1,B01
200800053544,0,7,0,0,0,2,1,C01
200800053545,0,7,0,4,0,1,1,A01
200800053546,0,7,0,0,0,6,11,A01
200800053546,0,33,0,0,2,1,1,B01
200800053547,0,33,0,0,0,7,0,A01
200800053547,0,33,0,0,0,7,0,B01
200800053548,0,7,0,4,0,1,0,A01
200800053549,0,7,0,0,2,2,0,A01
200800053549,0,7,0,0,2,6,0,B01
200800053550,0,7,0,0,2,7,14,A01
200800053550,0,30,0,0,2,3,3,B01
200800053551,0,7,0,0,2,1,1,A01
200800053551,0,7,0,0,2,4,1,B01
200800053552,0,7,0,14,0,1,21,A01
200800053552,0,7,0,0,2,2,14,B01
200800053552,0,17,0,0,0,8,1,C01
200800053553,0,7,0,4,0,6,2,A01
200800053553,0,7,0,0,2,2,12,B01
200800053554,0,33,0,0,2,5,2,A01
200800053554,0,7,0,0,2,5,1,B01
200800053554,0,7,0,0,0,0,0,C01
200800053554,0,7,0,0,2,8,1,D01
200800053555,0,7,0,0,2,8,0,A01
200800053555,0,7,0,0,2,9,1,B01
200800053555,0,7,0,0,2,7,1,C01
200800053556,0,7,0,0,2,6,13,A01
200800053556,0,14,0,0,2,2,14,B01
200800053557,0,33,0,0,2,6,3,A01
200800053557,0,10,0,0,2,7,12,B01
200800053557,0,7,0,0,2,5,1,C01
200800053558,0,33,0,0,2,1,3,A01
200800053558,0,7,0,0,0,5,12,B01
200800053558,0,7,0,0,2,3,1,C01
200800053559,0,7,0,0,0,0,0,A01
200800053560,0,33,0,0,2,1,3,A01
200800053560,0,7,0,4,0,5,1,B01
200800053560,0,7,0,0,9,0,1,C01
200800053560,0,7,0,0,0,0,2,D01
200800053561,0,7,0,0,0,0,0,A01
200800053561,0,32,0,0,0,0,1,B01
200800053562,0,7,0,0,0,8,11,A01
200800053562,0,7,0,0,0,4,2,B01
200800053562,0,32,0,0,2,1,3,C01
200800053563,0,15,0,3,0,3,13,A01
200800053564,0,33,0,0,2,1,3,A01
200800053564,0,7,0,0,0,6,2,B01
200800053565,0,7,0,0,2,1,2,A01
200800053565,0,7,0,3,0,4,2,B01
200800053566,0,33,0,0,2,1,2,A01
200800053566,0,7,0,0,0,4,2,B01
200800053567,0,7,0,0,2,4,2,A01
200800053567,0,7,0,0,2,9,2,B01
200800053567,2,10,0,0,2,1,2,C01
200800053568,0,7,0,0,0,0,1,A01
200800053568,0,33,0,0,2,2,1,B01
200800053569,0,32,0,0,2,7,3,A01
200800053569,0,15,0,0,0,0,1,B01
200800053570,0,10,0,0,1,2,9,A01
200800053571,0,17,0,0,2,2,9,B01
200800053571,0,7,0,0,2,8,1,A01
200800053572,0,33,0,0,0,8,3,A01
200800053573,0,17,0,0,2,1,2,B01
200800053573,0,7,0,0,0,4,0,A01
200800053574,0,10,0,0,9,3,13,B01
200800053574,0,15,0,0,2,3,12,A01
200800053575,0,7,0,0,2,1,2,B01
200800053575,0,7,0,0,0,4,1,A01
200800053576,0,31,0,0,2,1,2,B01
200800053576,0,7,0,0,2,4,0,A01
200800053577,0,7,0,13,0,7,1,A01
200800053578,0,7,0,4,0,7,0,A01
200800053579,0,7,0,2,0,3,0,A01
200800053580,0,10,0,0,2,1,2,D01
200800053580,0,7,0,0,2,4,2,C01
200800053580,0,7,0,0,2,1,2,B01
200800053580,0,7,0,0,0,4,2,A01
200800053581,0,10,0,0,0,4,2,B01
200800053581,0,7,0,0,2,1,2,A01
200800053582,0,7,0,0,0,3,1,A01
200800053583,0,7,0,3,0,1,0,A01
200800053584,0,7,0,4,0,2,12,A01
200800053585,0,7,0,0,2,5,12,A01
200800053585,0,33,0,0,2,1,1,B01
200800053586,0,33,0,0,0,1,1,A01
200800053587,0,15,0,0,2,1,1,B01
200800053587,0,7,0,0,2,4,0,A01
200800053588,0,7,0,0,0,4,2,A01
200800053588,0,7,0,0,2,1,2,B01
200800053589,0,7,0,4,0,3,11,A01
200800053590,0,7,0,0,0,6,2,B01
200800053590,0,7,0,3,2,1,1,A01
200800053591,0,7,0,0,0,1,9,A01
200800053591,0,7,0,0,0,7,1,B01
200800053592,0,10,0,0,2,4,2,C01
200800053592,0,10,0,0,2,4,2,B01
200800053592,0,10,0,0,2,3,1,A01
200800053593,0,14,0,0,2,4,23,A01
200800053593,0,17,0,0,2,1,0,B01
200800053594,0,33,0,0,2,3,3,A01
200800053594,0,13,0,0,0,6,11,B01
200800053595,0,7,0,0,2,4,2,A01
200800053595,0,7,0,0,2,1,2,B01
200800053596,0,99,0,3,0,8,0,A01
200800053596,0,7,0,4,2,7,14,B01
200800053596,0,7,0,14,0,1,0,C01
200800053597,0,7,0,0,0,3,1,A01
200800053598,0,7,0,1,0,7,2,B01
200800053598,0,7,0,1,2,2,0,A01
200800053599,0,7,0,0,0,5,1,B01
200800053599,0,33,0,0,2,8,21,A01
200800053599,0,7,0,0,0,3,1,C01
200800053600,0,7,0,0,0,6,0,A01
200800053600,0,7,0,0,2,3,18,C01
200800053600,0,7,0,0,2,2,2,B01
200800053601,0,7,0,15,0,1,2,D01
200800053601,0,7,0,14,0,4,2,A01
200800053601,0,7,0,14,0,4,2,C01
200800053601,0,7,0,14,0,4,2,B01
200800053602,0,15,0,0,0,6,0,B01
200800053602,0,7,0,0,0,2,0,A01
200800053603,0,38,73,0,0,4,2,A01
200800053603,0,7,0,0,2,1,1,B01
200800053604,0,33,0,0,6,1,21,A01
200800053605,0,15,0,0,2,2,0,B01
200800053605,0,10,0,0,2,8,0,A01
200800053606,0,7,0,1,2,4,1,C01
200800053606,0,7,0,0,2,4,1,B01
200800053606,0,7,0,0,0,4,1,A01
200800053606,0,7,0,0,2,4,1,D01
200800053607,0,7,0,0,2,4,2,B01
200800053607,0,7,0,0,2,1,2,A01
200800053608,0,14,0,3,0,3,6,A01
200800053609,0,7,0,0,2,8,1,B01
200800053609,0,7,0,0,2,7,1,A01
200800053610,0,7,0,4,0,8,1,A01
200800053611,0,7,0,4,0,0,13,A01
200800053612,0,14,0,0,2,3,11,A01
200800053612,0,7,0,4,2,7,1,B01
200800053613,0,7,0,0,0,1,1,A01
200800053614,0,7,0,0,1,1,1,A01
200800053615,0,7,0,0,2,2,12,A01
200800053616,0,7,0,0,0,0,1,A01
200800053617,0,7,0,0,0,0,1,A01
200800053618,0,7,0,0,2,1,1,A01
200800053618,0,7,0,0,0,4,1,B01
200800053619,0,7,0,4,0,9,1,A01
200800053620,0,7,0,0,2,4,12,A01
200800053620,0,7,0,0,2,1,1,B01
200800053620,0,7,0,0,0,0,1,C01
200800053621,0,7,0,4,0,0,13,A01
200800053622,0,7,0,3,0,0,13,A01
200800053623,0,7,0,15,0,1,14,A01
200800053624,0,7,0,4,0,3,13,A01
200800053625,0,17,0,0,2,2,1,A01
200800053625,0,10,0,0,2,6,11,B01
200800053626,0,14,0,0,2,7,12,A01
200800053626,0,7,0,0,2,8,1,B01
200800053627,0,7,0,3,0,7,14,A01
200800053627,0,17,0,0,2,1,1,B01
200800053628,0,7,0,0,2,1,2,A01
200800053628,0,17,0,0,0,4,2,B01
200800053629,0,33,0,0,2,0,3,A01
200800053629,0,10,0,0,0,0,23,B01
200800053629,0,7,0,0,0,0,23,C01
200800053630,0,7,0,0,0,0,0,A01
200800053631,0,33,0,0,2,1,3,A01
200800053631,0,7,0,0,2,5,1,B01
200800053632,0,7,0,4,2,7,12,A01
200800053632,0,10,0,0,2,8,1,B01
200800053633,0,7,0,0,2,1,2,A01
200800053633,0,10,0,0,2,1,2,B01
200800053633,0,10,0,0,2,1,2,C01
200800053633,0,7,0,0,2,4,2,D01
200800053633,0,7,0,0,0,4,2,E01
200800053634,0,14,0,0,2,1,2,A01
200800053634,0,7,0,0,0,4,2,B01
200800053635,0,7,0,4,0,2,14,A01
200800053636,0,7,0,4,0,7,14,A01
200800053637,0,7,0,4,0,0,13,A01
200800053638,0,7,0,0,2,0,0,A01
200800053638,0,7,0,0,2,0,0,B01
200800053639,0,7,0,0,2,1,14,A01
200800053639,0,7,0,0,0,4,23,B01
200800053640,0,17,0,3,0,0,14,A01
200800053641,0,17,0,0,2,7,12,A01
200800053641,0,7,0,0,2,8,11,B01
200800053642,0,17,0,0,2,8,11,A01
200800053642,0,7,0,0,2,7,1,B01
200800053643,0,33,0,16,0,0,14,A01
200800053644,0,33,0,0,0,0,0,A01
200800053645,0,17,0,0,2,2,12,A01
200800053645,0,7,0,0,2,8,1,B01
200800053646,0,7,0,0,0,0,0,A01
200800053647,0,7,0,0,2,8,11,A01
200800053647,0,33,0,0,2,7,0,B01
200800053648,0,7,0,0,2,1,5,A01
200800053648,0,17,0,0,2,1,1,B01
200800053649,0,33,0,0,2,7,1,A01
200800053649,0,7,0,0,2,8,11,B01
200800053650,0,33,0,0,0,0,0,A01
200800053651,0,33,0,0,2,1,3,A01
200800053651,0,7,0,0,0,4,1,B01
200800053652,0,17,0,13,0,0,0,A01
200800053653,0,7,0,3,0,0,14,A01
200800053653,0,7,0,14,0,0,0,B01
200800053654,0,7,0,0,2,1,2,A01
200800053654,0,7,0,0,0,4,2,B01
200800053655,0,10,0,0,0,1,2,A01
200800053655,0,7,0,0,0,4,2,B01
200800053656,0,7,0,0,2,0,0,A01
200800053656,0,7,0,0,2,0,0,B01
200800053656,1,17,0,0,2,0,0,C01
200800053657,0,7,0,0,2,4,2,C01
200800053657,0,7,0,0,0,4,2,D01
200800053657,0,17,0,0,2,1,2,A01
200800053657,0,7,0,0,2,4,2,B01
200800053658,1,7,0,4,0,0,13,A01
200800053659,1,17,0,0,2,8,13,A01
200800053659,0,7,0,0,2,7,1,B01
200800053660,0,14,0,0,2,0,0,A01
200800053660,0,7,0,0,2,0,0,B01
200800053661,0,7,0,3,0,0,0,A01
200800053662,0,7,0,4,0,1,2,A01
200800053663,0,7,0,4,2,2,2,A01
200800053663,0,7,0,4,0,1,2,B01
200800053664,0,7,0,0,2,1,2,A01
200800053664,0,7,0,0,2,4,2,B01
200800053664,0,7,0,0,0,4,2,C01
200800053665,0,33,0,0,2,7,3,A01
200800053665,0,7,0,0,0,2,2,B01
200800053666,0,7,0,4,0,1,2,A01
200800053667,0,7,0,0,2,3,9,A01
200800053667,0,17,0,0,0,2,2,B01
200800053667,0,17,0,0,2,1,2,C01
200800053668,0,33,0,0,2,1,2,A01
200800053668,0,7,0,0,0,4,2,B01
200800053669,0,7,0,4,0,3,2,A01
200800053670,0,7,0,4,0,1,2,A01
200800053671,0,7,0,0,2,1,2,A01
200800053671,0,7,0,0,2,4,2,B01
200800053671,0,7,0,0,2,4,2,C01
200800053671,0,7,0,0,0,4,2,D01
200800053672,0,10,0,4,0,1,2,A01
200800053673,0,7,0,4,0,1,2,A01
200800053674,0,7,0,0,2,2,17,A01
200800053674,0,7,0,3,0,6,2,B01
200800053675,0,17,0,0,2,2,12,A01
200800053675,0,7,0,4,0,6,2,B01
200800053676,0,7,0,3,2,1,2,A01
200800053676,0,33,0,0,0,4,2,B01
200800053677,0,33,0,0,2,8,3,A01
200800053677,0,7,0,0,0,2,2,B01
200800053677,0,7,0,0,0,6,2,C01
200800053678,0,7,0,3,0,2,2,A01
200800053679,0,7,0,0,2,3,2,A01
200800053679,0,10,0,0,0,5,24,B01
200800053680,0,7,0,0,0,1,0,A01
200800053681,0,7,0,0,2,0,1,C01
200800053681,0,17,0,0,2,0,12,B01
200800053681,0,7,0,0,2,0,1,A01
200800053682,0,7,0,0,2,1,2,C01
200800053682,0,7,0,0,2,4,2,B01
200800053682,0,17,0,0,0,4,1,A01
200800053683,0,7,0,0,2,0,1,B01
200800053683,0,7,0,0,2,4,1,A01
200800053684,0,7,0,3,0,6,2,B01
200800053684,0,7,0,3,2,2,2,A01
200800053685,0,15,0,1,0,1,2,A01
200800053685,0,10,0,0,0,4,23,B01
200800053685,0,14,0,0,0,8,23,C01
200800053686,0,7,0,13,0,9,14,A01
200800053687,0,7,0,3,0,1,16,A01
200800053688,0,7,0,0,0,4,1,A01
200800053688,0,7,0,0,2,1,2,B01
200800053688,0,7,0,0,2,1,2,C01
200800053689,0,15,0,0,2,2,12,A01
200800053689,0,7,0,0,2,6,1,B01
200800053689,0,7,0,0,2,1,1,C01
200800053690,0,7,0,4,0,3,13,A01
200800053691,0,7,0,0,2,7,12,A01
200800053691,0,33,0,0,2,8,1,B01
200800053692,0,7,0,4,0,4,21,A01
200800053693,0,7,0,3,0,2,21,A01
200800053694,0,7,0,0,0,5,1,A01
200800053694,0,33,0,0,0,8,3,B01
200800053694,0,30,0,0,2,3,3,C01
200800053695,0,32,0,0,0,1,1,A01
200800053696,0,7,0,0,2,3,11,A01
200800053696,0,33,0,0,2,7,1,B01
200800053697,0,7,0,0,0,5,2,A01
200800053697,0,7,0,0,2,3,2,B01
200800053698,0,15,0,0,0,6,2,A01
200800053698,0,7,0,0,2,2,1,B01
200800053699,0,7,0,0,2,4,1,A01
200800053699,0,7,0,0,0,4,1,B01
200800053699,0,7,0,0,2,8,1,C01
200800053699,0,7,0,0,2,4,1,D01
200800053699,0,10,0,0,2,1,3,E01
200800053700,0,7,0,0,0,4,1,A01
200800053700,0,7,0,0,2,4,1,B01
200800053700,0,7,0,0,2,4,1,C01
200800053700,0,10,0,0,2,1,1,D01
200800053701,0,7,0,3,0,2,21,A01
200800053702,0,7,0,0,0,5,2,A01
200800053702,0,7,0,0,2,3,9,B01
200800053703,0,33,0,0,0,8,0,A01
200800053704,0,7,0,4,0,9,1,A01
200800053705,0,7,0,0,0,9,0,A01
200800053706,0,7,0,3,0,3,13,A01
200800053707,0,7,0,0,0,7,1,A01
200800053708,0,7,0,0,0,4,1,A01
200800053708,0,7,0,0,2,1,1,B01
200800053709,0,7,0,0,2,2,2,B01
200800053709,0,7,0,0,2,6,2,A01
200800053710,0,7,0,0,2,4,2,A01
200800053710,0,7,0,0,2,1,2,B01
200800053711,0,10,0,0,2,2,17,B01
200800053711,0,7,0,3,2,6,1,A01
200800053712,0,7,0,0,0,4,1,A01
200800053712,0,7,0,0,2,1,2,B01
200800053713,0,7,0,0,0,4,1,A01
200800053714,0,10,0,0,0,4,2,A01
200800053715,0,10,0,4,2,4,1,A01
200800053715,0,7,0,0,2,9,11,B01
200800053715,0,10,0,0,2,2,1,C01
200800053716,0,7,0,0,2,4,1,A01
200800053716,0,7,0,0,2,4,1,B01
200800053716,0,7,0,0,2,1,1,C01
200800053717,0,7,0,13,0,2,1,A01
200800053718,0,7,0,4,0,3,0,A01
200800053719,0,7,0,0,2,4,2,A01
200800053719,0,7,0,0,2,1,2,B01
200800053720,0,33,0,3,0,8,13,A01
200800053721,0,10,0,0,2,1,2,A01
200800053721,0,7,0,0,0,4,1,C01
200800053721,0,7,0,0,0,4,2,D01
200800053721,0,10,0,0,0,4,2,B01
200800053722,0,7,0,0,2,1,2,B01
200800053722,0,7,0,0,0,4,0,A01
200800053723,0,2,0,15,0,8,1,A01
200800053724,0,7,0,14,0,4,1,A01
200800053724,0,7,0,0,2,1,2,B01
200800053725,0,7,0,4,0,3,1,A01
200800053726,0,7,0,4,0,1,2,A01
200800053727,0,7,0,13,0,1,14,A01
200800053728,0,7,0,3,0,1,19,A01
200800053729,0,7,0,0,2,1,2,A01
200800053729,0,7,0,0,2,4,2,F01
200800053729,0,7,0,0,2,4,2,B01
200800053729,0,7,0,0,0,4,2,C01
200800053729,0,14,0,0,0,4,23,D01
200800053729,0,7,0,0,2,4,2,E01
200800053730,0,33,0,0,2,1,21,A01
200800053730,0,32,0,0,2,1,18,B01
200800053730,0,7,0,0,0,4,12,C01
200800053731,0,7,0,15,2,5,14,A01
200800053731,0,10,0,3,0,3,1,B01
200800053732,0,7,0,3,0,2,0,A01
200800053733,0,7,0,3,2,3,5,A01
200800053733,0,10,0,3,2,3,21,B01
200800053733,0,10,0,0,2,3,21,C01
200800053733,0,10,0,0,9,3,21,D01
200800053734,0,7,0,0,2,1,2,A01
200800053734,0,7,0,0,2,4,2,B01
200800053734,0,7,0,0,0,4,2,C01
200800053735,0,7,0,4,0,3,2,A01
200800053736,0,10,0,0,1,2,1,A01
200800053737,0,30,0,0,0,0,1,A01
200800053738,0,33,0,0,1,1,1,A01
200800053739,0,33,0,0,2,2,21,A01
200800053739,0,30,0,0,2,0,21,B01
200800053740,0,32,0,11,0,1,14,A01
200800053741,0,31,0,0,0,8,21,A01
200800053742,0,2,0,0,0,0,1,A01
200800053743,0,30,0,0,0,7,1,A01
200800053744,0,30,0,12,2,7,1,B01
200800053744,0,7,0,0,2,3,9,A01
200800053745,0,1,0,0,2,8,13,A01
200800053745,0,7,0,0,2,2,1,B01
200800053746,0,32,0,0,0,0,21,A01
200800053747,0,31,0,0,0,8,1,A01
200800053748,0,30,0,8,0,1,13,A01
200800053749,0,7,0,0,2,7,15,A01
200800053749,0,32,0,0,2,1,1,B01
200800053750,0,10,0,0,2,1,2,A01
200800053750,0,7,0,0,2,4,23,B01
200800053751,0,7,0,0,2,4,2,B01
200800053751,0,32,0,0,2,1,2,A01
200800053752,0,7,0,0,2,2,1,B01
200800053752,0,7,0,0,2,3,1,A01
200800053753,0,31,0,0,0,0,1,A01
200800053754,0,2,0,0,0,8,21,A01
200800053755,0,32,0,0,1,2,1,A01
200800053756,0,7,0,0,2,1,2,B01
200800053756,0,7,0,0,2,4,2,C01
200800053756,0,7,0,0,2,1,2,A01
200800053757,0,7,0,0,2,0,9,A01
200800053757,0,32,0,0,2,0,1,B01
200800053758,0,31,0,0,0,0,1,A01
200800053759,0,31,0,0,2,2,12,B01
200800053759,0,7,0,0,2,3,1,A01
200800053760,0,7,0,0,2,4,23,A01
200800053760,0,7,0,0,2,1,2,B01
200800053761,0,10,0,0,2,3,15,A01
200800053761,0,31,0,0,2,7,1,B01
200800053762,0,2,0,0,0,8,21,A01
200800053763,0,7,0,0,2,7,14,A01
200800053763,0,31,0,0,2,3,7,B01
200800053764,0,2,0,0,1,2,1,A01
200800053765,0,32,0,0,2,2,1,A01
200800053765,1,10,0,0,2,6,12,B01
200800053766,0,7,0,0,2,1,2,A01
200800053766,0,7,0,0,2,4,2,B01
200800053767,0,7,0,0,1,4,4,A01
200800053768,0,38,1,0,2,5,1,A01
200800053768,0,30,0,0,2,8,1,B01
200800053769,0,33,0,0,2,1,3,A01
200800053769,0,33,0,0,2,4,3,B01
200800053769,0,7,0,0,2,7,1,C01
200800053769,0,7,0,0,2,3,1,D01
200800053770,0,33,0,0,0,7,1,A01
200800053771,0,32,0,0,0,7,1,A01
200800053772,0,10,0,0,2,7,12,A01
200800053772,0,31,0,0,2,8,1,B01
200800053773,0,7,0,0,2,1,2,A01
200800053773,0,7,0,0,2,4,2,B01
200800053774,0,7,0,0,2,5,14,B01
200800053774,0,31,0,0,2,8,3,A01
200800053775,0,33,0,0,2,3,11,A01
200800053775,0,7,0,0,2,5,12,B01
200800053776,0,7,0,1,2,3,1,A01
200800053776,0,13,0,0,2,5,2,B01
200800053777,0,34,0,0,0,1,0,B01
200800053777,0,7,0,0,0,2,0,A01
200800053778,0,7,0,0,2,2,23,C01
200800053778,0,2,0,1,2,1,3,A01
200800053778,0,37,10,0,2,6,24,B01
200800053779,0,7,0,0,2,2,1,C01
200800053779,0,1,0,0,2,1,1,A01
200800053779,0,7,0,0,2,6,16,B01
200800053780,0,30,0,0,0,8,2,A01
200800053781,0,31,0,0,2,1,2,A01