Num_Acc,senc,catv,occutc,obs,obsm,choc,manv,num_veh
200800053781,0,7,0,0,2,5,14,B01
200800053782,0,7,0,0,2,2,9,A01
200800053782,0,33,0,0,2,3,1,B01
200800053783,0,2,0,0,1,0,1,A01
200800053784,0,7,0,0,2,2,16,A01
200800053784,0,2,0,0,2,1,1,B01
200800053785,0,32,0,0,1,1,2,A01
200800053786,0,7,0,0,2,4,2,B01
200800053786,0,7,0,0,2,1,2,A01
200800053786,0,7,0,0,2,4,2,C01
200800053787,0,10,0,0,2,3,24,A01
200800053787,0,1,0,0,2,7,2,B01
200800053788,0,2,0,0,2,0,0,A01
200800053788,0,1,0,0,2,0,0,B01
200800053789,0,7,0,0,1,2,2,A01
200800053790,0,7,0,0,1,0,1,A01
200800053791,0,7,0,0,1,3,15,A01
200800053792,0,7,0,0,2,3,9,B01
200800053792,0,30,0,0,2,1,2,A01
200800053793,0,7,0,0,2,6,23,B01
200800053793,0,30,0,0,2,1,17,A01
200800053794,0,32,0,0,0,8,0,A01
200800053795,0,7,0,0,1,2,2,A01
200800053796,0,14,0,1,0,7,15,A01
200800053797,0,30,0,0,1,1,0,A01
200800053798,0,7,0,0,2,1,1,A01
200800053798,0,7,0,0,2,4,0,B01
200800053798,1,7,0,0,2,0,1,C01
200800053799,0,7,0,0,1,1,15,A01
200800053800,0,7,0,0,2,3,15,A01
200800053800,0,34,0,0,2,1,1,B01
200800053801,0,30,0,0,1,3,2,A01
200800053802,0,10,0,0,2,7,14,A01
200800053802,0,1,0,0,2,8,1,B01
200800053803,0,33,0,0,0,0,15,A01
200800053804,0,7,0,0,1,3,2,A01
200800053805,0,31,0,0,2,1,1,A01
200800053805,0,37,11,0,2,7,1,B01
200800053806,0,7,0,0,1,2,14,A01
200800053807,0,37,1,0,1,2,1,A01
200800053808,0,30,0,0,2,1,1,A01
200800053808,0,7,0,0,2,7,16,B01
200800053809,0,7,0,0,2,1,2,A01
200800053809,0,7,0,0,2,4,23,B01
200800053809,0,7,0,0,2,4,23,C01
200800053810,0,7,0,0,2,3,13,A01
200800053810,0,30,0,0,2,7,1,B01
200800053811,0,7,0,11,0,2,1,A01
200800053812,0,7,0,0,1,4,20,A01
200800053813,0,1,0,0,2,0,2,A01
200800053813,0,10,0,0,2,4,16,B01
200800053814,0,33,0,0,2,1,2,A01
200800053814,0,7,0,0,2,5,16,B01
200800053815,0,32,0,14,0,8,1,A01
200800053816,0,7,0,0,1,2,1,A01
200800053817,0,7,0,0,2,3,10,A01
200800053817,0,32,0,0,2,8,1,B01
200800053818,0,33,0,0,2,1,1,A01
200800053818,0,7,0,0,2,3,10,B01
200800053819,0,30,0,0,2,8,9,B01
200800053819,0,30,0,0,2,2,17,A01
200800053820,0,30,0,0,2,1,2,A01
200800053820,0,7,0,0,2,6,2,B01
200800053821,0,7,0,0,2,0,15,A01
200800053821,0,31,0,0,2,0,1,B01
200800053822,0,7,0,0,2,1,15,B01
200800053822,0,30,0,0,2,3,1,A01
200800053823,0,32,0,0,1,1,1,A01
200800053824,0,10,0,0,2,3,15,A01
200800053824,0,34,0,0,2,1,1,B01
200800053825,0,32,0,12,2,7,1,A01
200800053825,1,7,0,0,2,0,0,B01
200800053826,0,7,0,0,1,6,20,A01
200800053827,0,7,0,0,2,3,20,A01
200800053827,0,32,0,0,2,2,18,B01
200800053828,0,7,0,0,1,3,1,A01
200800053829,0,7,0,0,1,2,1,A01
200800053830,0,32,0,0,2,1,2,A01
200800053830,0,10,0,0,2,4,2,B01
200800053831,0,7,0,0,2,6,11,A01
200800053831,0,31,0,0,2,7,1,B01
200800053832,0,31,0,0,0,0,1,A01
200800053833,0,7,0,0,1,1,20,A01
200800053834,0,32,0,0,2,2,1,A01
200800053834,1,7,0,0,2,1,9,B01
200800053835,0,7,0,0,2,2,16,A01
200800053835,0,30,0,0,2,3,15,B01
200800053836,0,7,0,0,2,2,15,A01
200800053836,0,30,0,0,2,1,1,B01
200800053837,0,7,0,8,2,7,1,B01
200800053837,0,10,0,0,2,3,1,A01
200800053838,0,7,0,4,0,2,14,A01
200800053839,0,33,0,0,2,2,14,A01
200800053839,0,7,0,0,2,6,1,B01
200800053840,0,7,0,0,2,2,12,A01
200800053840,0,7,0,0,2,3,1,B01
200800053841,0,30,0,0,2,0,18,A01
200800053842,0,7,0,9,0,2,1,A01
200800053843,0,7,0,0,0,3,15,A01
200800053843,0,33,0,0,2,1,2,B01
200800053844,0,37,10,0,2,3,1,B01
200800053844,0,10,0,0,2,7,16,A01
200800053845,0,7,0,0,0,8,11,A01
200800053845,0,33,0,0,2,1,1,B01
200800053846,0,30,0,1,2,2,0,A01
200800053846,0,30,0,0,2,2,0,B01
200800053847,0,33,0,0,0,1,1,A01
200800053848,0,7,0,0,2,3,7,B01
200800053848,0,32,0,0,2,3,8,A01
200800053849,0,37,1,0,1,2,7,A01
200800053850,0,30,0,0,1,0,1,A01
200800053851,0,7,0,1,0,3,0,A01
200800053851,0,37,0,0,0,2,1,B01
200800053852,0,14,0,0,2,5,14,A01
200800053852,0,1,0,0,2,8,14,B01
200800053853,0,7,0,0,1,6,20,A01
200800053853,0,7,0,0,0,2,20,B01
200800053854,0,7,0,0,2,2,15,A01
200800053854,0,1,0,0,2,6,15,B01
200800053855,0,10,0,0,2,1,2,A01
200800053855,0,33,0,0,2,4,2,D01
200800053855,0,10,0,0,2,5,2,E01
200800053855,0,32,0,0,2,4,2,B01
200800053855,0,33,0,0,2,4,2,C01
200800053856,0,2,0,0,0,6,1,B01
200800053856,0,7,0,0,2,2,9,A01
200800053857,0,33,0,0,2,1,1,A01
200800053857,0,7,0,0,2,3,19,B01
200800053858,0,33,0,0,2,1,15,A01
200800053858,0,7,0,0,2,6,15,B01
200800053859,0,33,0,0,2,8,10,B01
200800053859,0,7,0,0,2,2,2,A01
200800053860,0,7,0,0,2,1,2,A01
200800053860,0,7,0,0,0,4,13,B01
200800053861,0,30,0,0,2,3,7,A01
200800053861,0,7,0,0,2,2,16,B01
200800053862,0,7,0,0,0,4,16,B01
200800053862,0,37,1,0,2,2,16,A01
200800053863,0,7,0,0,2,1,2,A01
200800053864,0,7,0,0,1,7,1,A01
200800053865,0,33,0,0,0,7,14,A01
200800053866,0,30,0,0,2,2,1,A01
200800053866,0,7,0,0,2,3,1,B01
200800053867,0,7,0,0,1,1,15,A01
200800053868,0,33,0,0,0,0,1,A01
200800053869,0,14,0,11,0,1,15,A01
200800053870,0,7,0,0,2,3,10,A01
200800053870,0,33,0,0,2,2,1,B01
200800053871,0,7,0,0,1,0,1,A01
200800053872,0,7,0,0,2,2,16,A01
200800053872,0,34,0,0,2,1,1,B01
200800053873,0,7,0,0,2,3,15,A01
200800053873,0,32,0,0,2,1,1,B01
200800053874,0,7,0,0,1,2,1,A01
200800053875,0,32,0,0,1,1,1,A01
200800053876,0,32,0,0,1,1,7,A01
200800053877,0,7,0,0,2,1,2,A01
200800053877,0,10,0,0,2,9,23,B01
200800053877,0,7,0,0,2,4,23,C01
200800053878,0,7,0,0,2,7,17,A01
200800053878,0,30,0,0,2,8,1,B01
200800053879,0,7,0,0,2,7,15,B01
200800053879,0,30,0,0,2,1,1,A01
200800053880,0,1,0,15,1,1,1,A01
200800053881,0,7,0,0,2,5,1,A01
200800053881,0,30,0,0,2,1,1,B01
200800053882,0,7,0,0,1,0,4,A01
200800053883,0,7,0,0,1,0,1,A01
200800053884,0,2,0,0,2,8,1,B01
200800053884,0,7,0,0,2,7,1,A01
200800053885,0,7,0,0,2,8,11,A01
200800053885,0,7,0,0,2,1,1,B01
200800053886,0,7,0,0,2,8,15,B01
200800053886,0,30,0,0,2,1,1,A01
200800053887,0,7,0,0,1,2,1,A01
200800053888,0,34,0,0,0,0,1,A01
200800053889,0,7,0,0,2,1,1,A01
200800053889,0,7,0,0,2,1,1,B01
200800053890,0,32,0,0,2,4,2,A01
200800053890,1,7,0,0,2,0,2,B01
200800053891,0,2,0,4,0,0,13,A01
200800053892,0,1,0,0,2,7,17,A01
200800053892,0,10,0,0,2,8,15,B01
200800053893,0,2,0,0,1,0,1,A01
200800053894,0,1,0,1,2,0,14,A01
200800053894,0,1,0,0,2,1,1,B01
200800053895,0,33,0,0,1,2,1,A01
200800053896,0,32,0,0,0,0,11,A01
200800053897,0,7,0,0,2,1,2,A01
200800053897,0,7,0,0,2,4,2,B01
200800053898,0,7,0,0,2,1,15,A01
200800053898,0,7,0,0,2,3,1,B01
200800053899,0,7,0,0,2,8,15,A01
200800053899,0,31,0,0,2,7,1,B01
200800053900,0,30,0,0,2,1,2,A01
200800053900,0,7,0,0,2,4,2,B01
200800053901,0,1,0,0,2,1,1,B01
200800053901,0,31,0,0,2,7,1,A01
200800053902,0,7,0,0,1,2,1,A01
200800053903,0,7,0,0,1,2,15,A01
200800053904,0,30,0,0,2,3,7,A01
200800053904,0,7,0,0,2,2,16,B01
200800053905,0,7,0,0,2,8,22,A01
200800053905,0,1,0,1,2,1,1,B01
200800053906,0,32,0,0,2,1,1,A01
200800053906,0,7,0,0,2,6,24,B01
200800053907,0,32,0,0,2,0,13,B01
200800053907,0,7,0,0,2,8,17,A01
200800053908,0,32,0,0,0,0,21,A01
200800053909,0,7,0,0,2,3,1,B01
200800053909,0,7,0,0,2,1,10,A01
200800053910,0,7,0,0,2,8,22,A01
200800053910,0,10,0,1,2,2,1,B01
200800053911,0,1,0,0,2,0,18,A01
200800053911,0,10,0,0,2,0,22,B01
200800053912,1,10,0,0,2,7,15,A01
200800053912,0,7,0,0,2,1,1,B01
200800053913,0,30,0,12,0,7,14,A01
200800053914,0,7,0,0,2,3,10,A01
200800053914,0,33,0,0,2,1,1,B01
200800053915,0,10,0,0,2,2,17,A01
200800053915,0,1,0,0,2,3,13,B01
200800053916,0,32,0,0,2,1,18,A01
200800053916,0,7,0,0,2,2,16,B01
200800053917,0,10,0,0,2,1,2,A01
200800053917,0,7,0,0,2,4,2,B01
200800053918,0,7,0,0,2,5,2,A01
200800053918,1,7,0,0,2,0,2,B01
200800053919,0,7,0,0,2,8,11,B01
200800053919,0,33,0,4,2,7,1,A01
200800053920,0,31,0,3,2,2,1,B01
200800053920,0,7,0,0,2,8,11,A01
200800053921,0,33,0,0,0,7,3,A01
200800053922,0,7,0,0,0,5,22,A01
200800053922,0,30,0,1,0,1,7,B01
200800053923,0,7,0,0,0,0,11,A01
200800053923,0,31,0,11,0,0,1,B01
200800053924,0,7,0,0,0,0,12,B01
200800053924,0,34,0,0,0,0,0,A01
200800053925,0,32,0,0,1,1,1,A01
200800053926,0,30,0,1,0,0,0,A01
200800053927,0,30,0,0,1,1,1,A01
200800053928,0,7,0,0,2,2,12,A01
200800053928,0,33,0,0,2,3,2,B01
200800053929,0,33,0,0,2,4,23,B01
200800053929,0,7,0,0,2,1,1,A01
200800053930,0,7,0,0,2,6,15,B01
200800053930,0,33,0,0,0,7,17,A01
200800053931,0,7,0,0,1,6,20,A01
200800053932,0,30,0,0,9,8,15,A01
200800053932,0,7,0,0,0,0,15,B01
200800053933,0,7,0,0,2,3,15,B01
200800053933,0,30,0,0,2,3,1,A01
200800053934,0,33,0,0,1,1,2,A01
200800053935,0,7,0,0,0,2,0,A01
200800053935,0,30,0,0,2,1,2,B01
200800053936,0,7,0,12,2,7,0,A01
200800053936,0,13,0,0,2,1,9,B01
200800053937,0,10,0,15,1,6,4,A01
200800053938,0,32,0,0,2,1,12,A01
200800053938,0,7,0,0,0,4,1,B01
200800053939,0,7,0,0,2,0,13,A01
200800053939,0,34,0,0,2,5,17,B01
200800053940,0,7,0,0,1,2,1,A01
200800053941,0,7,0,0,2,3,13,B01
200800053941,0,33,0,0,2,7,5,A01
200800053942,0,10,0,0,2,5,17,A01
200800053942,0,32,0,0,2,8,12,B01
200800053943,0,1,0,0,2,1,1,B01
200800053943,0,7,0,0,2,6,4,A01
200800053944,0,30,0,0,1,1,1,A01
200800053945,0,7,0,0,2,8,1,A01
200800053945,0,32,0,0,2,8,1,B01
200800053946,0,31,0,0,2,3,16,B01
200800053946,0,14,0,0,2,7,16,A01
200800053947,0,7,0,11,0,1,1,A01
200800053948,0,33,0,0,0,2,16,A01
200800053949,0,7,0,0,2,2,10,A01
200800053949,0,2,0,0,2,7,5,B01
200800053950,0,7,0,0,1,3,15,A01
200800053951,0,32,0,0,2,1,1,A01
200800053951,0,30,0,0,2,8,1,B01
200800053952,0,33,0,0,2,7,17,A01
200800053952,0,7,0,0,2,8,1,B01
200800053953,0,7,0,0,1,1,15,A01
200800053954,0,7,0,0,1,7,16,A01
200800053955,0,33,0,0,2,1,17,A01
200800053955,0,7,0,0,2,6,15,B01
200800053956,0,7,0,0,2,2,15,A01
200800053956,0,30,0,0,2,0,1,B01
200800053957,0,7,0,0,2,7,12,A01
200800053957,0,37,20,0,2,1,7,B01
200800053958,1,33,0,0,1,0,1,A01
200800053959,0,2,0,0,2,4,2,B01
200800053959,0,7,0,0,2,2,2,A01
200800053960,0,7,0,0,2,2,16,A01
200800053960,0,30,0,0,2,6,7,B01
200800053961,0,33,0,0,2,8,3,A01
200800053961,0,7,0,0,2,7,2,B01
200800053961,0,7,0,0,2,3,2,C01
200800053962,0,33,0,0,2,7,1,B01
200800053962,0,10,0,0,2,6,11,A01
200800053963,0,7,0,0,2,0,1,A01
200800053963,0,32,0,0,2,0,21,B01
200800053964,0,30,0,0,2,2,1,B01
200800053964,0,7,0,0,2,6,15,A01
200800053965,0,7,0,0,2,2,1,B01
200800053965,0,33,0,0,2,1,1,A01
200800053966,0,7,0,0,1,2,1,A01
200800053967,0,7,0,0,1,0,1,A01
200800053968,0,7,0,0,2,3,16,A01
200800053968,0,1,0,0,2,0,7,B01
200800053969,0,7,0,0,1,2,7,A01
200800053970,0,7,0,0,2,7,1,A01
200800053970,0,7,0,0,2,1,1,B01
200800053971,0,7,0,0,2,1,8,B01
200800053971,0,7,0,0,2,1,9,A01
200800053972,0,7,0,0,2,4,2,A01
200800053972,0,7,0,0,2,2,2,B01
200800053972,0,34,0,0,2,1,2,C01
200800053973,0,34,0,0,2,2,1,B01
200800053973,0,7,0,0,2,6,11,A01
200800053974,0,7,0,0,2,6,23,A01
200800053974,0,30,0,0,2,0,18,B01
200800053975,0,32,0,0,0,0,1,A01
200800053976,0,33,0,0,2,1,13,A01
200800053976,0,37,7,0,2,6,23,B01
200800053977,0,7,0,0,1,3,15,A01
200800053978,0,7,0,0,2,7,16,A01
200800053978,1,7,0,0,2,0,18,B01
200800053979,0,7,0,0,2,3,15,B01
200800053979,0,34,0,0,2,1,5,A01
200800053980,0,1,0,0,2,6,19,A01
200800053980,0,33,0,0,2,2,1,B01
200800053981,0,7,0,0,2,3,15,A01
200800053981,0,30,0,0,2,2,1,B01
200800053982,0,7,0,0,2,1,15,A01
200800053982,0,7,0,0,2,8,1,B01
200800053983,0,7,0,0,1,3,7,A01
200800053984,0,7,0,0,2,4,20,A01
200800053984,0,1,0,0,2,1,2,B01
200800053985,0,33,0,0,1,3,1,A01
200800053986,0,13,0,0,2,1,15,B01
200800053986,0,30,0,0,2,2,1,A01
200800053987,0,7,0,0,2,1,2,A01
200800053987,0,7,0,0,2,4,23,B01
200800053987,0,7,0,0,2,4,23,C01
200800053988,0,7,0,1,1,2,1,A01
200800053989,0,30,0,0,2,3,1,B01
200800053989,0,7,0,0,2,7,16,A01
200800053990,1,7,0,0,2,3,15,A01
200800053990,0,1,0,0,2,2,1,B01
200800053991,0,31,0,0,2,8,1,B01
200800053991,0,7,0,0,2,7,1,A01
200800053992,0,7,0,0,2,1,16,A01
200800053992,0,31,0,0,2,4,23,B01
200800053993,0,14,0,0,2,5,16,A01
200800053993,0,1,0,0,2,6,1,B01
200800053994,0,30,0,1,2,2,17,A01
200800053994,0,7,0,0,2,3,1,B01
200800053995,0,7,0,0,2,4,23,B01
200800053995,0,7,0,0,2,4,23,C01
200800053995,0,7,0,0,2,4,23,D01
200800053995,0,7,0,0,2,1,2,A01
200800053996,2,7,0,1,2,2,1,A01
200800053996,0,33,0,0,2,3,1,B01
200800053997,0,1,0,0,2,7,17,A01
200800053997,0,1,0,0,2,8,1,B01
200800053998,0,7,0,11,0,8,1,A01
200800053999,0,7,0,1,2,1,1,B01
200800053999,0,7,0,0,2,5,5,A01
200800054000,0,7,0,0,2,1,2,A01
200800054000,0,7,0,0,2,4,23,B01
200800054000,0,7,0,0,2,4,23,C01
200800054001,0,33,0,0,0,8,3,A01
200800054002,0,7,0,0,2,5,12,A01
200800054002,0,33,0,0,2,1,3,B01
200800054003,0,31,0,0,2,2,1,B01
200800054003,0,7,0,0,2,7,12,A01
200800054004,0,33,0,0,2,3,3,A01
200800054004,0,7,0,0,2,2,12,B01
200800054005,0,32,0,0,2,6,3,A01
200800054005,0,7,0,0,0,6,2,B01
200800054006,0,13,0,0,0,6,24,B01
200800054006,0,31,0,1,0,1,0,A01
200800054007,0,7,0,0,0,5,2,A01
200800054007,0,33,0,0,0,1,2,B01
200800054008,0,1,0,0,0,0,1,A01
200800054009,0,32,0,0,2,7,18,A01
200800054009,0,7,0,0,2,2,16,B01
200800054010,0,7,0,0,2,6,2,B01
200800054010,0,2,0,0,2,1,18,A01
200800054011,1,10,0,0,0,0,0,A01
200800054011,0,1,0,0,0,0,0,B01
200800054012,0,7,0,1,9,0,21,A01
200800054012,0,32,0,1,0,0,0,B01
200800054013,0,33,0,0,2,8,16,A01
200800054013,0,7,0,0,0,7,16,B01
200800054014,0,33,0,0,2,1,2,A01
200800054014,0,13,0,0,2,4,0,B01
200800054015,0,2,0,0,2,3,18,A01
200800054015,0,7,0,0,2,2,16,B01
200800054016,0,7,0,0,9,3,22,A01
200800054016,0,1,0,1,0,1,1,B01
200800054017,0,34,0,0,2,1,0,A01
200800054017,0,1,0,0,0,2,0,B01
200800054018,0,7,0,0,1,8,0,A01
200800054019,0,30,0,0,2,2,2,A01
200800054019,1,7,0,0,2,8,15,B01
200800054020,0,10,0,0,1,4,4,A01
200800054021,0,32,0,0,0,1,2,A01
200800054022,0,32,0,0,2,7,2,A01
200800054022,0,7,0,0,2,5,23,B01
200800054023,0,32,0,0,0,9,3,A01
200800054023,0,10,0,0,2,2,1,B01
200800054023,0,7,0,0,2,6,1,C01
200800054024,0,32,0,0,0,7,1,A01
200800054025,0,7,0,0,0,8,10,A01
200800054025,0,31,0,0,2,1,1,B01
200800054026,0,32,0,0,0,0,0,A01
200800054027,0,7,0,0,2,5,0,A01
200800054028,0,32,0,0,2,3,16,A01
200800054028,0,7,0,0,0,5,16,B01
200800054029,0,7,0,0,1,4,0,A01
200800054030,0,7,0,0,1,5,4,A01
200800054031,0,7,0,0,2,3,15,A01
200800054031,0,33,0,0,2,7,2,B01
200800054032,0,10,0,0,1,2,2,A01
200800054033,0,7,0,0,0,1,1,A01
200800054033,0,7,0,0,2,2,1,B01
200800054034,0,2,0,0,0,0,0,B01
200800054034,1,7,0,0,0,0,0,A01
200800054035,1,7,0,0,2,0,4,A01
200800054035,0,31,0,0,2,0,0,B01
200800054036,0,2,0,12,0,2,1,A01
200800054037,2,7,0,4,0,9,13,A01
200800054038,0,33,0,0,2,1,2,A01
200800054038,0,10,0,0,0,5,2,B01
200800054038,0,31,0,0,2,1,3,C01
200800054039,0,32,0,0,0,8,2,A01
200800054040,0,10,0,0,2,1,2,A01
200800054040,0,7,0,0,2,4,2,B01
200800054041,0,7,0,0,2,8,11,A01
200800054041,0,33,0,0,0,7,1,B01
200800054042,0,32,0,0,2,1,2,A01
200800054042,0,10,0,0,0,6,3,B01
200800054043,0,1,0,0,1,1,1,A01
200800054044,0,7,0,0,0,0,1,A01
200800054044,0,32,0,0,0,0,1,B01
200800054045,0,33,0,12,0,1,16,A01
200800054046,0,2,0,0,0,1,13,A01
200800054046,1,7,0,0,0,0,24,B01
200800054047,0,2,0,0,2,2,2,A01
200800054047,0,32,0,0,2,6,2,B01
200800054048,0,7,0,0,2,2,10,A01
200800054048,0,33,0,0,2,1,1,B01
200800054049,0,7,0,0,0,1,0,A01
200800054050,0,30,0,0,0,1,2,B01
200800054050,0,7,0,0,0,5,2,A01
200800054051,0,34,0,0,2,2,0,A01
200800054052,0,33,0,0,2,1,1,A01
200800054052,0,7,0,0,0,4,16,B01
200800054053,1,32,0,0,1,1,0,A01
200800054054,0,2,0,0,1,1,2,A01
200800054055,0,7,0,0,2,3,15,B01
200800054055,0,32,0,0,2,2,2,A01
200800054056,0,7,0,8,0,4,2,A01
200800054057,0,7,0,0,2,3,10,A01
200800054057,0,2,0,0,2,1,17,B01
200800054058,0,30,0,0,2,1,1,A01
200800054058,0,7,0,0,0,8,1,B01
200800054059,0,7,0,0,2,3,15,A01
200800054059,0,32,0,0,2,1,1,B01
200800054060,0,33,0,0,2,1,1,A01
200800054060,0,7,0,0,2,4,1,B01
200800054061,0,30,0,0,0,1,0,A01
200800054062,0,7,0,0,1,4,4,A01
200800054063,0,2,0,0,0,0,0,A01
200800054064,0,10,0,0,0,0,12,A01
200800054064,0,7,0,0,0,0,21,B01
200800054064,0,32,0,0,2,0,21,C01
200800054065,0,30,0,0,2,1,3,B01
200800054065,0,7,0,0,2,3,10,A01
200800054066,0,30,0,1,2,1,17,A01
200800054066,0,7,0,0,2,8,1,B01
200800054066,0,7,0,0,2,8,24,C01
200800054067,0,7,0,0,0,0,1,A01
200800054068,0,7,0,0,1,2,1,A01
200800054069,0,2,0,0,2,3,19,A01
200800054069,0,7,0,0,2,3,0,B01
200800054070,0,31,0,1,0,1,2,A01
200800054071,0,32,0,11,0,0,2,A01
200800054072,0,7,0,0,2,1,2,A01
200800054072,0,7,0,0,0,4,2,B01
200800054073,0,33,0,0,9,3,1,A01
200800054073,0,7,0,0,0,4,1,B01
200800054074,0,33,0,0,0,0,2,A01
200800054075,0,32,0,0,1,1,1,A01
200800054076,0,33,0,0,0,1,1,A01
200800054077,0,7,0,0,2,6,10,A01
200800054077,0,33,0,0,2,1,2,B01
200800054078,0,7,0,8,0,1,7,A01
200800054079,0,33,0,0,2,1,1,B01
200800054079,0,7,0,0,0,6,11,A01
200800054080,0,7,0,0,2,1,15,A01
200800054080,0,32,0,0,2,1,1,B01
200800054081,0,7,0,0,2,2,15,A01
200800054081,0,7,0,0,2,3,1,B01
200800054082,0,30,0,0,0,7,14,A01
200800054082,0,30,0,0,0,7,0,B01
200800054083,0,1,0,0,2,1,5,A01
200800054083,0,1,0,0,2,1,1,B01
200800054084,0,7,0,0,2,3,15,A01
200800054084,0,30,0,0,2,7,0,B01
200800054085,0,33,0,0,0,0,0,A01
200800054086,0,7,0,12,1,1,7,A01
200800054087,0,32,0,0,2,8,1,B01
200800054087,0,7,0,0,2,1,15,A01
200800054088,0,30,0,0,2,3,0,B01
200800054088,0,13,0,0,0,2,9,A01
200800054089,0,7,0,0,2,1,1,B01
200800054089,0,2,0,0,0,8,1,A01
200800054090,0,7,0,9,0,2,1,A01
200800054091,0,7,0,0,0,1,2,A01
200800054091,0,7,0,0,2,9,2,B01
200800054091,0,7,0,0,0,4,2,C01
200800054092,1,7,0,0,2,0,11,A01
200800054092,0,32,0,0,0,5,1,B01
200800054093,0,7,0,0,2,6,23,B01
200800054093,0,2,0,0,2,1,2,A01
200800054094,0,30,0,0,2,1,2,A01
200800054094,0,7,0,0,2,4,23,B01
200800054095,0,7,0,0,2,2,16,A01
200800054095,0,30,0,0,2,3,7,B01
200800054096,0,7,0,0,1,3,1,A01
200800054097,0,33,0,0,1,7,5,A01
200800054098,0,33,0,0,2,0,1,B01
200800054098,0,7,0,0,2,6,10,A01
200800054099,0,37,0,0,2,3,7,A01
200800054099,0,38,34,0,2,5,12,B01
200800054100,0,10,0,0,2,6,15,B01
200800054100,0,2,0,0,2,1,1,A01
200800054101,0,7,0,0,2,8,22,A01
200800054101,0,33,0,0,2,7,1,B01
200800054102,0,2,0,0,2,4,7,A01
200800054102,1,7,0,0,2,0,2,B01
200800054103,0,32,0,0,1,1,1,A01
200800054104,0,32,0,11,0,1,1,A01
200800054105,0,7,0,0,2,2,1,B01
200800054105,0,33,0,0,2,3,1,A01
200800054106,0,7,0,0,2,2,1,B01
200800054106,0,1,0,0,2,3,13,A01
200800054107,0,2,0,0,2,3,13,A01
200800054107,0,7,0,0,2,5,1,B01
200800054108,0,34,0,0,0,8,1,A01
200800054109,0,31,0,0,2,7,1,B01
200800054109,0,7,0,0,2,1,9,A01
200800054110,0,1,0,0,2,3,1,B01
200800054110,0,10,0,0,2,2,16,A01
200800054111,0,1,0,0,2,8,1,B01
200800054111,0,38,1,0,2,6,24,C01
200800054111,0,7,0,0,2,7,14,A01
200800054112,0,33,0,0,1,1,16,A01
200800054113,0,38,1,0,2,0,15,A01
200800054113,0,7,0,0,2,0,21,B01
200800054113,0,30,0,0,2,0,1,C01
200800054114,0,7,0,0,1,4,4,A01
200800054115,0,7,0,0,2,1,1,B01
200800054115,0,7,0,0,2,7,1,A01
200800054116,0,1,0,0,2,1,18,A01
200800054116,0,7,0,0,2,1,15,B01
200800054117,0,10,0,0,1,3,1,A01
200800054118,0,30,0,0,1,6,1,A01
200800054119,0,7,0,0,2,8,1,B01
200800054119,0,2,0,0,2,1,1,A01
200800054120,0,14,0,0,1,1,1,A01
200800054121,0,34,0,0,2,1,1,A01
200800054121,1,7,0,0,2,0,11,B01
200800054122,0,33,0,0,1,1,1,A01
200800054123,0,7,0,0,2,2,15,A01
200800054123,0,31,0,0,2,1,1,B01
200800054124,0,7,0,0,2,8,11,A01
200800054124,0,31,0,0,2,7,1,B01
200800054125,0,7,0,0,2,8,11,A01
200800054125,0,33,0,0,2,2,1,B01
200800054126,0,7,0,0,2,6,11,A01
200800054126,0,32,0,0,2,7,1,B01
200800054127,0,30,0,14,0,8,1,A01
200800054128,0,31,0,0,1,8,1,A01
200800054129,0,7,0,0,2,5,10,A01
200800054129,0,7,0,0,2,2,1,B01
200800054130,0,1,0,0,0,8,19,A01
200800054130,0,33,0,0,0,0,21,B01
200800054131,0,2,0,0,0,1,1,A01
200800054131,0,7,0,0,0,3,1,B01
200800054132,0,32,0,0,2,1,2,B01
200800054132,0,15,0,0,0,8,15,A01
200800054133,0,1,0,0,0,0,2,B01
200800054133,0,7,0,0,0,8,1,A01
200800054134,0,10,0,15,1,1,1,A01
200800054135,0,7,0,0,0,2,1,A01
200800054136,0,2,0,0,2,2,5,A01
200800054136,0,13,0,0,2,3,1,B01
200800054137,0,7,0,14,0,8,6,A01
200800054137,0,7,0,0,9,0,0,B01
200800054137,0,7,0,0,0,3,0,C01
200800054138,0,20,0,0,2,2,16,A01
200800054138,0,2,0,0,2,9,1,B01
200800054139,0,7,0,0,1,1,1,A01
200800054140,0,30,0,0,2,1,1,A01
200800054140,0,7,0,0,0,3,1,B01
200800054141,0,30,0,0,0,0,0,A01
200800054141,0,30,0,0,0,0,0,B01
200800054142,0,7,0,0,2,3,1,B01
200800054142,2,7,0,0,2,3,13,A01
200800054143,0,7,0,0,2,1,1,A01
200800054143,0,7,0,0,2,7,15,B01
200800054144,0,2,0,0,2,1,2,A01
200800054144,0,14,0,0,2,2,0,B01
200800054145,0,7,0,0,2,6,3,A01
200800054145,0,14,0,0,2,2,3,B01
200800054146,0,37,20,0,2,1,1,B01
200800054146,0,7,0,0,0,2,15,A01
200800054147,0,7,0,0,2,2,0,A01
200800054147,0,30,0,0,4,5,0,B01
200800054148,0,7,0,12,0,2,1,A01
200800054149,0,7,0,0,2,2,1,A01
200800054149,0,7,0,0,2,3,1,B01
200800054150,0,14,0,0,2,3,16,A01