Num_Acc,senc,catv,occutc,obs,obsm,choc,manv,num_veh
200800054150,0,10,0,0,2,1,1,B01
200800054150,0,10,0,0,0,0,1,C01
200800054150,0,7,0,0,2,1,1,D01
200800054151,0,1,0,0,1,1,0,A01
200800054152,0,7,0,0,2,3,15,A01
200800054152,0,7,0,8,2,2,1,B01
200800054153,0,7,0,0,2,1,1,A01
200800054153,0,7,0,0,0,3,1,B01
200800054154,0,7,0,0,0,0,0,B01
200800054154,0,1,0,0,0,0,0,A01
200800054155,0,7,0,11,0,1,6,A01
200800054156,0,7,0,0,1,3,2,A01
200800054157,0,7,0,0,0,4,2,A01
200800054157,0,99,0,14,0,1,2,B01
200800054158,0,7,0,0,0,2,0,A01
200800054158,0,38,15,0,0,1,0,B01
200800054159,0,33,0,0,2,1,15,B01
200800054159,0,7,0,0,2,2,19,A01
200800054160,0,33,0,14,0,1,2,A01
200800054160,0,7,0,14,2,6,11,B01
200800054161,0,7,0,0,1,8,1,A01
200800054162,0,34,0,0,2,1,1,A01
200800054162,0,7,0,0,2,4,23,B01
200800054163,0,14,0,0,1,8,2,A01
200800054164,0,37,0,0,1,8,1,A01
200800054165,0,33,0,0,2,1,2,A01
200800054165,0,7,0,0,0,4,2,B01
200800054166,0,7,0,0,2,2,20,A01
200800054166,0,32,0,0,2,2,1,B01
200800054167,0,7,0,0,1,2,1,A01
200800054168,0,30,0,7,0,1,1,A01
200800054169,0,7,0,0,2,2,1,A01
200800054169,0,33,0,0,2,6,15,B01
200800054170,0,7,0,0,2,7,1,B01
200800054170,0,30,0,0,2,1,1,A01
200800054171,0,7,0,0,2,1,1,B01
200800054171,0,30,0,0,2,2,1,A01
200800054172,0,7,0,0,2,1,2,A01
200800054172,0,7,0,0,2,4,2,B01
200800054173,0,33,0,0,2,1,1,A01
200800054173,0,7,0,0,2,3,16,B01
200800054174,0,7,0,0,1,8,1,A01
200800054175,0,34,0,0,2,7,10,A01
200800054175,0,7,0,0,2,1,1,B01
200800054176,0,7,0,0,2,1,2,A01
200800054176,0,7,0,0,2,4,2,B01
200800054177,0,37,20,0,1,2,9,A01
200800054178,0,33,0,0,2,8,3,B01
200800054178,0,7,0,0,2,2,12,A01
200800054179,0,31,0,0,2,2,1,B01
200800054179,0,7,0,0,2,4,4,A01
200800054180,0,7,0,0,1,1,0,A01
200800054181,0,7,0,0,1,1,1,A01
200800054182,0,7,0,0,1,2,16,A01
200800054183,0,7,0,0,1,2,1,A01
200800054184,0,33,0,0,2,1,1,A01
200800054184,0,10,0,0,0,8,19,B01
200800054185,0,33,0,0,2,1,1,B01
200800054185,0,33,0,0,2,8,11,A01
200800054186,0,7,0,0,0,4,2,B01
200800054186,0,7,0,0,2,1,2,A01
200800054187,0,7,0,0,1,1,0,A01
200800054188,1,99,0,0,0,0,0,A01
200800054189,0,33,0,14,0,8,6,A01
200800054190,0,7,0,0,2,3,13,A01
200800054190,0,32,0,0,2,2,2,B01
200800054191,0,30,0,0,2,3,1,B01
200800054191,0,7,0,0,2,5,15,A01
200800054192,0,2,0,0,1,1,1,A01
200800054193,0,7,0,0,2,5,15,A01
200800054193,0,7,0,0,2,1,1,B01
200800054194,0,13,0,0,0,0,0,A01
200800054194,0,33,0,0,2,3,2,B01
200800054195,0,7,0,0,9,6,1,B01
200800054195,0,2,0,0,2,1,1,A01
200800054196,0,32,0,0,1,2,2,A01
200800054197,1,10,0,0,0,0,11,A01
200800054197,1,10,0,0,0,0,0,B01
200800054197,0,10,0,0,0,6,2,C01
200800054197,0,7,0,0,2,1,1,E01
200800054197,0,10,0,0,2,1,13,D01
200800054198,0,7,0,0,2,1,2,A01
200800054198,0,7,0,0,0,4,2,B01
200800054199,0,7,0,0,2,1,0,A01
200800054199,0,7,0,0,2,1,0,B01
200800054200,0,30,0,0,2,7,19,A01
200800054200,0,7,0,0,2,1,1,B01
200800054201,1,10,0,0,0,0,10,A01
200800054201,0,99,0,0,2,4,2,B01
200800054201,0,7,0,0,2,1,2,C01
200800054202,0,30,0,0,0,2,3,A01
200800054203,0,7,0,0,0,2,0,A01
200800054204,0,7,0,0,1,2,1,A01
200800054205,1,7,0,0,1,1,1,A01
200800054206,0,10,0,0,0,5,10,A01
200800054206,0,30,0,0,0,0,1,B01
200800054207,0,34,0,0,2,1,2,A01
200800054207,0,1,0,0,0,4,0,B01
200800054208,0,7,0,0,9,2,1,A01
200800054208,0,1,0,0,2,1,9,B01
200800054209,0,7,0,0,0,0,0,A01
200800054209,0,34,0,0,0,0,0,B01
200800054210,0,7,0,1,0,1,13,A01
200800054210,0,10,0,0,1,6,24,B01
200800054211,0,7,0,0,2,1,2,A01
200800054211,0,7,0,0,2,4,23,B01
200800054211,0,7,0,0,0,4,23,C01
200800054212,1,31,0,0,1,0,0,A01
200800054213,0,31,0,0,2,1,5,A01
200800054213,0,7,0,0,2,1,1,B01
200800054214,0,33,0,0,2,1,2,A01
200800054214,0,2,0,0,2,4,2,B01
200800054215,0,7,0,0,0,0,1,A01
200800054215,0,30,0,0,0,0,0,B01
200800054216,0,7,0,0,0,6,11,A01
200800054216,0,33,0,0,2,3,1,B01
200800054217,0,7,0,0,2,5,1,B01
200800054217,0,7,0,0,2,1,1,A01
200800054218,0,7,0,0,2,2,9,A01
200800054218,0,31,0,0,2,7,1,B01
200800054219,0,7,0,0,1,3,1,A01
200800054220,0,7,0,0,2,3,0,A01
200800054220,0,7,0,0,0,3,1,B01
200800054221,0,30,0,0,2,3,0,B01
200800054221,0,7,0,0,2,2,2,A01
200800054222,0,32,0,0,1,0,1,A01
200800054223,0,33,0,0,1,0,0,A01
200800054224,0,7,0,4,0,1,0,A01
200800054225,0,10,0,0,2,2,2,A01
200800054225,0,7,0,0,2,6,9,B01
200800054226,0,7,0,1,0,1,21,A01
200800054227,0,7,0,0,2,8,0,B01
200800054227,0,7,0,0,2,3,0,A01
200800054228,0,2,0,0,2,2,17,A01
200800054228,0,7,0,0,2,3,23,B01
200800054229,0,7,0,0,1,2,2,A01
200800054230,0,7,0,1,2,8,15,B01
200800054230,0,7,0,6,2,1,1,A01
200800054231,0,33,0,0,2,1,1,A01
200800054231,0,13,0,1,2,7,1,B01
200800054232,0,34,0,0,2,9,17,B01
200800054232,0,7,0,0,2,2,15,A01
200800054233,0,7,0,0,2,3,9,A01
200800054233,0,7,0,0,2,2,1,B01
200800054234,0,7,0,1,0,8,9,A01
200800054234,0,33,0,1,0,1,3,B01
200800054235,0,7,0,0,0,0,21,B01
200800054235,0,7,0,0,0,0,15,A01
200800054236,0,7,0,0,2,1,1,B01
200800054236,0,32,0,0,2,1,0,A01
200800054237,0,7,0,8,2,7,9,A01
200800054237,0,7,0,0,2,1,1,B01
200800054238,0,7,0,0,2,8,10,A01
200800054238,0,33,0,0,2,1,2,B01
200800054239,1,13,0,0,2,0,6,E01
200800054239,0,7,0,0,2,1,1,A01
200800054239,0,7,0,1,2,1,24,B01
200800054239,0,7,0,1,2,1,24,D01
200800054240,0,7,0,0,1,8,2,B01
200800054241,0,13,0,0,1,2,1,A01
200800054242,0,7,0,0,2,3,16,A01
200800054242,0,7,0,0,2,3,17,B01
200800054243,0,7,0,0,2,7,1,A01
200800054243,0,99,0,0,2,3,1,B01
200800054244,0,13,0,0,2,1,1,A01
200800054244,0,37,1,0,2,4,23,B01
200800054245,0,2,0,0,1,1,1,A01
200800054246,0,7,0,0,2,2,16,A01
200800054246,0,38,0,0,2,3,1,B01
200800054247,0,7,0,0,1,5,4,A01
200800054248,0,30,0,0,0,7,0,A01
200800054249,0,7,0,0,0,1,2,A01
200800054250,0,7,0,0,0,3,15,B01
200800054250,0,30,0,0,2,7,17,A01
200800054251,0,10,0,1,0,1,1,A01
200800054252,0,7,0,0,2,5,9,B01
200800054252,0,7,0,0,2,3,1,A01
200800054253,0,13,0,0,2,1,1,A01
200800054253,0,7,0,0,2,4,23,B01
200800054254,0,7,0,0,1,8,1,A01
200800054255,0,13,0,0,2,6,23,A01
200800054255,0,2,0,0,2,1,14,B01
200800054256,0,7,0,0,1,1,1,A01
200800054257,0,7,0,0,2,8,15,B01
200800054257,0,33,0,0,2,8,17,A01
200800054258,0,3,0,0,2,3,1,C01
200800054258,0,7,0,0,2,3,15,A01
200800054258,0,32,0,0,2,1,17,B01
200800054259,0,7,0,0,2,3,21,A01
200800054259,0,13,0,0,2,3,1,B01
200800054260,0,7,0,0,2,2,15,A01
200800054260,0,32,0,0,2,1,1,B01
200800054261,0,7,0,0,2,1,1,B01
200800054261,0,7,0,0,2,1,5,A01
200800054262,0,37,29,0,1,2,16,A01
200800054263,0,7,0,0,2,4,23,A01
200800054263,0,10,0,0,2,1,1,B01
200800054264,0,30,0,0,2,1,17,A01
200800054264,0,7,0,0,2,3,1,B01
200800054265,0,13,0,0,2,1,1,A01
200800054265,0,7,0,0,2,4,23,B01
200800054266,0,7,0,0,1,1,17,A01
200800054267,0,34,0,0,2,1,1,A01
200800054267,0,7,0,0,0,6,23,B01
200800054268,0,7,0,0,0,4,2,A01
200800054268,0,7,0,0,2,1,2,B01
200800054269,0,2,0,0,1,2,17,A01
200800054270,0,10,0,0,1,7,17,A01
200800054271,0,7,0,0,2,3,11,B01
200800054271,0,30,0,0,2,1,2,A01
200800054272,0,7,0,0,1,0,1,A01
200800054273,0,7,0,0,2,1,0,A01
200800054273,0,7,0,0,2,6,1,B01
200800054274,0,33,0,0,2,1,1,A01
200800054274,0,7,0,0,2,4,15,B01
200800054275,0,7,0,0,1,2,20,A01
200800054276,0,7,0,0,2,3,0,A01
200800054276,0,7,0,0,2,3,15,B01
200800054277,0,7,0,0,2,1,2,A01
200800054277,0,7,0,0,0,5,2,B01
200800054278,0,7,0,0,1,5,4,A01
200800054279,0,30,0,0,0,4,1,B01
200800054279,0,7,0,0,2,1,2,A01
200800054280,0,30,0,0,2,1,2,A01
200800054280,0,7,0,0,2,2,2,B01
200800054281,0,31,0,0,2,1,1,B01
200800054281,0,7,0,0,2,3,15,A01
200800054282,0,31,0,0,2,1,17,A01
200800054282,0,7,0,0,2,8,0,B01
200800054283,0,7,0,0,2,1,0,A01
200800054283,0,7,0,0,2,1,0,B01
200800054284,0,7,0,1,0,0,1,A01
200800054285,0,34,0,0,1,1,0,A01
200800054286,0,7,0,0,1,1,19,A01
200800054287,0,33,0,0,2,2,0,B01
200800054287,0,7,0,0,2,3,0,A01
200800054288,0,37,21,5,2,1,2,A01
200800054288,0,7,0,3,2,4,2,B01
200800054289,0,7,0,0,1,2,2,A01
200800054290,0,2,0,0,0,7,2,A01
200800054291,0,7,0,0,2,2,2,A01
200800054291,0,1,0,0,0,1,2,B01
200800054292,0,30,0,0,0,7,1,A01
200800054293,0,2,0,0,0,0,1,A01
200800054294,0,3,0,0,2,0,9,A01
200800054294,0,37,3,0,2,1,1,B01
200800054295,0,7,0,0,2,8,9,A01
200800054295,0,7,0,0,2,8,1,B01
200800054296,0,31,0,0,2,8,2,B01
200800054296,2,7,0,0,2,8,17,A01
200800054297,0,1,0,0,2,6,19,A01
200800054297,0,37,1,0,9,1,9,B01
200800054298,0,7,0,0,2,2,15,A01
200800054298,0,32,0,0,2,1,2,B01
200800054299,0,7,0,0,2,3,7,A01
200800054299,0,30,0,0,2,7,16,B01
200800054300,0,2,0,0,0,0,0,A01
200800054301,0,7,0,0,2,7,2,A01
200800054301,0,7,0,0,2,1,2,B01
200800054302,0,7,0,0,2,7,2,A01
200800054302,0,7,0,0,2,6,2,B01
200800054303,0,7,0,0,2,1,15,A01
200800054303,0,7,0,0,2,3,2,B01
200800054304,0,7,0,0,2,8,10,A01
200800054304,0,33,0,0,2,0,2,B01
200800054305,0,7,0,0,2,3,15,A01
200800054305,0,30,0,0,2,8,1,B01
200800054306,0,7,0,0,1,2,1,A01
200800054307,0,7,0,0,1,1,1,A01
200800054308,0,7,0,0,1,3,1,A01
200800054309,0,30,0,0,0,1,1,A01
200800054310,0,33,0,0,2,8,1,A01
200800054310,0,7,0,0,0,0,4,B01
200800054311,0,30,0,0,2,1,1,A01
200800054311,0,10,0,0,2,2,1,B01
200800054312,0,13,0,0,1,3,1,A01
200800054313,1,7,0,0,1,0,7,A01
200800054314,0,7,0,0,0,1,1,A01
200800054314,0,7,0,0,0,4,1,B01
200800054315,0,34,0,0,2,1,3,A01
200800054315,0,34,0,0,2,7,16,B01
200800054316,0,7,0,1,1,2,13,A01
200800054317,0,7,0,0,2,1,1,B01
200800054317,0,7,0,0,2,3,15,A01
200800054318,0,7,0,0,1,4,4,A01
200800054319,0,7,0,2,0,1,1,A01
200800054320,0,31,0,0,2,1,18,A01
200800054320,0,7,0,0,0,2,0,B01
200800054321,0,33,0,0,0,8,1,A01
200800054322,0,34,0,0,2,7,21,B01
200800054322,0,7,0,0,2,7,15,A01
200800054323,0,7,0,0,2,2,9,B01
200800054323,0,31,0,0,2,7,5,A01
200800054324,0,7,0,0,2,7,9,A01
200800054324,0,7,0,0,2,1,1,B01
200800054325,0,30,0,0,1,1,1,A01
200800054326,0,34,0,0,1,2,1,A01
200800054327,0,7,0,0,2,1,2,A01
200800054327,0,7,0,0,2,4,2,B01
200800054327,0,7,0,0,2,4,1,C01
200800054328,0,10,0,6,0,2,1,A01
200800054329,0,7,0,0,9,4,20,A01
200800054329,0,1,0,0,2,1,19,B01
200800054330,0,33,0,0,0,8,21,A01
200800054331,1,7,0,0,0,2,1,A01
200800054331,0,7,0,0,0,3,1,B01
200800054332,0,7,0,0,1,1,0,A01
200800054333,0,33,0,0,0,7,16,A01
200800054334,0,14,0,9,0,1,16,A01
200800054335,0,7,0,0,2,3,0,A01
200800054335,0,99,0,0,2,5,0,B01
200800054336,0,7,0,0,2,1,2,A01
200800054336,0,7,0,0,0,4,2,B01
200800054337,0,7,0,0,2,1,2,A01
200800054337,0,7,0,0,2,4,2,B01
200800054338,0,7,0,8,0,2,2,A01
200800054339,0,30,0,0,2,1,2,A01
200800054339,0,7,0,0,2,5,0,B01
200800054340,0,7,0,0,0,4,2,B01
200800054340,0,7,0,0,0,1,2,A01
200800054341,0,30,0,0,1,1,5,A01
200800054342,0,7,0,0,2,4,1,A01
200800054342,0,7,0,0,2,1,1,B01
200800054343,0,10,0,0,2,2,15,A01
200800054343,0,33,0,0,2,1,1,B01
200800054344,0,7,0,9,2,1,1,B01
200800054344,0,7,0,0,2,1,1,A01
200800054345,0,33,0,0,2,2,14,A01
200800054345,0,7,0,0,2,3,15,B01
200800054346,0,2,0,0,2,7,1,A01
200800054346,0,7,0,0,2,3,13,B01
200800054347,0,2,0,14,0,3,1,A01
200800054348,0,99,0,0,2,3,1,A01
200800054348,0,7,0,0,9,9,1,B01
200800054349,0,2,0,0,2,1,1,B01
200800054349,0,10,0,0,2,3,15,A01
200800054350,0,13,0,0,2,6,23,A01
200800054350,0,30,0,1,0,9,1,B01
200800054350,0,10,0,14,0,3,21,C01
200800054351,0,7,0,0,1,6,1,A01
200800054352,0,33,0,0,2,5,15,A01
200800054352,0,1,0,0,2,1,1,B01
200800054353,0,7,0,0,9,5,15,A01
200800054353,0,33,0,0,2,8,1,B01
200800054354,0,7,0,0,2,1,1,A01
200800054354,0,7,0,0,2,4,1,B01
200800054354,0,7,0,0,2,1,1,C01
200800054355,0,7,0,0,2,1,15,A01
200800054355,0,33,0,0,2,1,1,B01
200800054356,0,33,0,0,2,1,2,A01
200800054356,0,7,0,0,9,5,2,B01
200800054357,0,7,0,0,2,5,2,A01
200800054357,0,33,0,0,2,7,2,B01
200800054358,0,10,0,0,2,1,2,A01
200800054358,0,7,0,0,0,4,2,B01
200800054359,0,7,0,0,2,6,15,A01
200800054359,0,7,0,0,2,1,1,B01
200800054360,0,10,0,0,2,3,10,A01
200800054360,0,30,0,0,2,1,1,B01
200800054361,0,7,0,0,9,0,0,A01
200800054361,0,32,0,0,0,0,18,B01
200800054362,0,30,0,0,1,1,1,A01
200800054363,0,7,0,14,0,2,2,A01
200800054363,0,30,0,0,0,6,23,B01
200800054364,0,33,0,0,2,1,1,B01
200800054364,0,7,0,0,2,5,1,A01
200800054365,0,7,0,0,2,3,1,B01
200800054365,0,2,0,0,2,0,1,A01
200800054366,0,7,0,0,2,3,15,A01
200800054366,0,33,0,0,2,1,1,B01
200800054367,0,2,0,0,2,3,16,B01
200800054367,0,7,0,0,2,0,1,A01
200800054368,0,7,0,0,1,6,2,A01
200800054369,0,7,0,0,2,8,10,A01
200800054369,0,33,0,0,2,9,1,B01
200800054370,0,7,0,0,2,1,1,A01
200800054370,0,7,0,9,2,2,1,B01
200800054371,0,7,0,0,1,1,1,A01
200800054372,0,7,0,0,1,1,16,A01
200800054373,0,33,0,1,2,1,19,A01
200800054373,0,33,0,1,2,1,1,B01
200800054373,0,7,0,0,2,8,24,C01
200800054374,0,2,0,0,1,9,0,A01
200800054375,0,7,0,0,1,1,1,A01
200800054375,0,7,0,0,2,2,1,B01
200800054376,0,7,0,0,1,2,1,A01
200800054377,0,7,0,0,2,1,2,A01
200800054377,0,7,0,0,2,3,2,B01
200800054378,0,7,0,0,0,6,1,B01
200800054378,0,30,0,0,2,1,1,A01
200800054379,1,99,0,0,1,1,0,A01
200800054380,0,2,0,0,2,1,15,A01
200800054380,0,7,0,0,2,3,1,B01
200800054381,0,33,0,0,2,1,1,A01
200800054381,0,7,0,0,2,3,13,B01
200800054382,0,30,0,0,2,7,17,A01
200800054382,0,7,0,0,2,5,15,B01
200800054383,0,7,0,0,2,3,15,A01
200800054383,0,33,0,0,2,1,1,B01
200800054384,0,7,0,0,2,2,1,A01
200800054384,0,7,0,0,2,5,1,B01
200800054384,0,7,0,0,2,4,1,C01
200800054385,0,30,0,0,2,1,1,A01
200800054385,0,10,0,0,2,8,15,B01
200800054386,0,7,0,0,2,1,1,A01
200800054386,0,7,0,3,0,4,1,B01
200800054387,0,7,0,8,0,1,1,A01
200800054388,0,33,0,8,0,9,1,A01
200800054389,0,7,0,0,2,1,0,A01
200800054389,0,7,0,0,2,8,1,B01
200800054390,0,33,0,0,2,1,1,A01
200800054390,0,7,0,0,2,3,0,B01
200800054391,0,7,0,15,0,1,1,A01
200800054392,0,7,0,0,1,1,1,A01
200800054393,0,7,0,0,1,2,1,A01
200800054394,0,2,0,0,2,1,1,B01
200800054394,0,7,0,0,2,2,1,A01
200800054395,0,7,0,0,2,1,10,A01
200800054395,0,7,0,0,2,3,1,B01
200800054396,0,7,0,0,2,8,9,B01
200800054396,0,31,0,0,2,1,1,A01
200800054397,0,7,0,0,1,4,4,A01
200800054398,0,2,0,0,2,7,1,A01
200800054398,0,7,0,0,2,3,15,B01
200800054399,0,30,0,0,2,3,1,A01
200800054399,0,7,0,0,2,2,1,B01
200800054400,0,7,0,0,2,1,1,A01
200800054400,0,31,0,0,2,8,1,B01
200800054401,0,10,0,0,2,1,2,A01
200800054401,0,7,0,0,0,4,23,B01
200800054402,0,7,0,0,2,2,1,A01
200800054402,0,7,0,0,1,1,15,B01
200800054403,0,7,0,0,1,1,1,A01
200800054404,0,7,0,0,2,2,10,A01
200800054404,0,33,0,0,2,1,1,B01
200800054405,0,7,0,0,2,5,15,A01
200800054405,0,37,20,0,2,1,1,B01
200800054406,0,7,0,0,1,1,1,A01
200800054407,0,7,0,0,2,1,0,B01
200800054407,0,33,0,0,2,1,0,A01
200800054408,0,7,0,0,2,2,0,A01
200800054408,0,34,0,1,2,6,0,B01
200800054409,0,7,0,0,2,1,1,A01
200800054409,0,7,0,0,2,8,0,B01
200800054410,0,7,0,0,2,2,1,A01
200800054410,0,1,0,0,2,1,0,B01
200800054411,0,7,0,0,2,4,15,A01
200800054411,0,2,0,0,2,0,1,B01
200800054412,0,7,0,0,2,6,1,B01
200800054412,0,7,0,0,2,3,1,A01
200800054413,0,7,0,0,2,2,15,A01
200800054413,0,32,0,0,2,1,1,B01
200800054414,0,7,0,0,2,8,9,A01
200800054414,0,32,0,0,2,7,1,B01
200800054415,0,7,0,0,2,7,15,A01
200800054415,0,7,0,0,2,2,1,B01
200800054416,0,7,0,0,1,4,4,A01
200800054417,1,7,0,0,2,1,1,A01
200800054417,0,7,0,0,2,3,1,B01
200800054418,0,33,0,0,2,7,17,A01
200800054418,0,10,0,0,2,8,1,B01
200800054419,0,7,0,0,1,2,1,A01
200800054420,0,31,0,0,1,1,17,A01
200800054421,0,7,0,0,2,4,1,A01
200800054421,0,2,0,0,2,1,1,B01
200800054422,0,1,0,16,0,1,16,A01
200800054423,0,30,0,0,2,1,1,A01
200800054423,0,7,0,0,2,1,9,B01
200800054424,0,32,0,11,2,1,1,A01
200800054424,0,7,0,0,2,6,2,B01
200800054425,0,7,0,0,2,7,15,A01
200800054425,0,33,0,0,2,1,1,B01
200800054426,0,1,0,16,0,1,1,A01
200800054427,0,2,0,0,2,1,1,A01
200800054427,0,7,0,0,2,8,1,B01
200800054428,0,1,0,0,1,1,16,A01
200800054429,0,7,0,0,2,1,1,A01
200800054429,0,7,0,0,2,4,23,B01
200800054429,0,7,0,0,2,4,23,C01
200800054429,0,7,0,0,2,4,23,D01
200800054430,0,10,0,0,1,1,1,A01
200800054431,0,2,0,16,0,8,1,A01
200800054432,0,7,0,0,1,2,0,A01
200800054433,0,7,0,0,1,1,1,A01
200800054434,0,32,0,0,2,1,17,A01
200800054434,0,7,0,0,2,8,15,B01
200800054435,0,30,0,0,2,8,18,A01
200800054435,0,7,0,0,2,7,20,B01
200800054436,0,7,0,0,2,8,1,B01
200800054436,0,7,0,0,2,1,1,A01
200800054437,0,7,0,0,2,1,1,A01
200800054437,0,7,0,0,2,4,1,B01
200800054438,0,7,0,0,1,3,1,A01
200800054439,0,7,0,8,0,2,19,A01
200800054440,1,30,0,0,1,1,1,A01
200800054441,0,2,0,0,0,8,2,B01
200800054441,1,7,0,0,2,3,15,A01
200800054442,0,7,0,0,9,1,1,A01
200800054443,1,13,0,0,2,0,2,A01
200800054443,0,30,0,0,2,3,2,B01
200800054444,2,7,0,0,2,1,0,A01
200800054444,0,7,0,0,2,1,0,B01
200800054445,0,7,0,0,2,5,2,A01
200800054445,0,7,0,0,2,1,2,B01
200800054445,1,7,0,0,2,1,2,C01
200800054446,0,33,0,0,2,8,1,B01
200800054446,0,7,0,0,2,3,15,A01
200800054447,0,2,0,0,2,1,3,A01
200800054447,0,7,0,0,0,0,15,B01
200800054448,0,2,0,0,0,4,1,A01
200800054448,0,7,0,0,2,1,1,B01
200800054449,0,33,0,0,2,1,1,A01
200800054449,0,7,0,0,0,4,1,B01
200800054450,0,33,0,0,0,0,2,A01
200800054451,1,7,0,0,0,0,16,A01
200800054451,0,1,0,0,0,0,1,B01
200800054452,0,7,0,0,0,0,0,A01
200800054452,0,7,0,0,0,0,0,B01
200800054453,0,7,0,0,0,0,0,A01
200800054453,0,33,0,0,0,0,0,B01
200800054454,0,2,0,14,0,1,1,A01
200800054455,0,2,0,0,0,0,15,A01
200800054456,0,31,0,14,0,1,2,A01
200800054456,0,7,0,0,0,4,23,B01
200800054457,0,13,0,0,1,3,0,A01
200800054458,0,7,0,1,1,0,15,A01
200800054458,0,1,0,0,2,2,5,C01
200800054459,0,33,0,0,0,0,2,A01
200800054460,0,10,0,0,2,1,1,A01
200800054460,0,34,0,1,2,7,1,B01
200800054461,0,32,0,0,2,1,9,A01
200800054461,0,10,0,0,2,2,1,B01
200800054462,0,30,0,0,2,2,1,B01
200800054462,0,7,0,0,2,6,1,A01
200800054463,0,7,0,0,2,1,1,A01
200800054463,0,7,0,0,2,4,1,B01
200800054464,0,33,0,0,2,8,9,B01
200800054464,0,7,0,0,2,2,1,A01
200800054465,0,7,0,0,2,1,5,A01
200800054465,0,7,0,0,2,1,1,B01
200800054466,0,7,0,0,1,3,15,A01
200800054467,0,33,0,0,2,1,2,A01
200800054467,0,7,0,0,2,4,1,B01
200800054468,0,7,0,0,2,1,1,B01
200800054469,0,1,0,0,2,1,1,B01
200800054469,0,30,0,0,2,1,1,A01
200800054470,0,7,0,0,0,3,1,B01
200800054470,0,2,0,0,2,0,1,A01
200800054471,0,33,0,0,1,1,1,A01
200800054472,0,7,0,0,2,1,2,A01
200800054472,0,7,0,0,2,4,1,B01
200800054473,0,2,0,0,0,1,1,A01
200800054474,0,33,0,0,1,1,1,A01
200800054475,0,7,0,0,0,3,15,A01
200800054475,0,7,0,0,0,1,1,B01
200800054476,0,33,0,14,0,1,1,A01
200800054477,2,7,0,0,2,0,17,A01
200800054477,0,2,0,0,2,8,15,B01
200800054478,0,7,0,0,2,3,15,A01
200800054478,0,7,0,0,2,2,16,B01
200800054479,0,14,0,0,1,1,1,A01
200800054480,0,7,0,0,2,8,16,A01
200800054480,0,33,0,0,2,1,1,B01
200800054481,0,7,0,13,0,1,13,A01
200800054482,0,7,0,0,2,3,15,A01
200800054482,0,30,0,0,2,1,17,B01
200800054483,0,10,0,0,2,3,15,A01
200800054483,0,33,0,0,2,1,1,B01
200800054484,0,7,0,0,2,3,2,A01
200800054484,0,7,0,0,2,4,15,B01
200800054485,0,7,0,0,2,1,2,A01
200800054485,0,7,0,0,2,4,11,B01
200800054486,0,7,0,0,2,8,9,A01
200800054486,0,7,0,0,2,1,1,B01
200800054487,0,7,0,0,2,8,15,B01
200800054487,0,30,0,0,2,1,13,A01
200800054488,0,7,0,0,2,3,15,A01
200800054488,0,33,0,0,2,1,1,B01
200800054489,0,7,0,0,1,0,1,A01
200800054490,0,33,0,10,0,9,0,A01
200800054491,0,33,0,0,2,0,1,B01
200800054491,1,7,0,0,2,0,1,A01
200800054492,0,7,0,0,2,1,2,A01
200800054492,0,7,0,0,2,4,2,B01
200800054492,0,7,0,0,2,4,2,C01
200800054493,0,7,0,6,0,0,0,A01
200800054494,0,7,0,0,1,0,1,A01
200800054495,0,33,0,0,2,7,2,A01
200800054495,0,7,0,0,2,4,2,B01
200800054496,0,7,0,0,2,7,0,A01
200800054496,0,31,0,0,2,7,0,B01
200800054497,0,7,0,0,2,7,9,A01
200800054497,0,33,0,0,2,1,1,B01
200800054498,0,7,0,0,1,0,0,A01
200800054499,0,10,0,0,2,1,13,A01
200800054499,0,7,0,0,2,8,1,B01
200800054500,0,7,0,0,2,1,2,A01
200800054500,0,7,0,0,2,4,2,B01
200800054501,0,7,0,0,2,0,2,A01
200800054501,0,7,0,0,2,0,0,B01
200800054502,0,7,0,0,1,0,15,A01
200800054503,0,7,0,0,2,0,15,A01
200800054503,0,2,0,0,2,0,1,B01
200800054504,0,7,0,3,2,0,2,A01
200800054504,0,13,0,0,2,0,1,B01
200800054504,1,7,0,0,2,0,2,C01
200800054505,0,34,0,0,2,6,9,B01
200800054505,0,7,0,0,2,7,1,A01
200800054506,0,7,0,0,2,1,2,A01
200800054506,0,7,0,0,2,4,2,B01
200800054507,0,7,0,0,1,0,1,A01
200800054508,0,7,0,0,2,8,11,A01
200800054508,0,2,0,0,2,1,17,B01
200800054509,0,2,0,0,2,1,13,A01
200800054509,0,7,0,0,2,1,1,B01
200800054510,0,7,0,0,1,1,1,A01
200800054511,0,30,0,1,0,1,1,A01
200800054512,0,7,0,0,2,1,2,A01
200800054512,0,7,0,0,0,4,2,B01
200800054513,0,40,0,0,1,2,1,A01
200800054514,0,7,0,0,1,1,2,A01
200800054515,0,7,0,0,2,2,1,A01
200800054515,0,32,0,0,2,1,1,B01
200800054516,0,7,0,0,0,1,1,B01
200800054516,0,10,0,0,2,6,4,A01
200800054517,0,7,0,0,2,6,15,A01
200800054517,0,30,0,0,2,4,1,B01
200800054518,0,7,0,0,2,1,1,B01
200800054518,0,1,0,0,2,1,1,A01
200800054519,0,7,0,0,2,1,1,A01
200800054519,0,7,0,0,2,4,1,B01
200800054520,0,7,0,0,2,2,15,A01
200800054520,0,1,0,0,2,1,1,B01
200800054521,1,7,0,0,1,0,15,A01