Num_Acc,senc,catv,occutc,obs,obsm,choc,manv,num_veh
200800054522,0,7,0,0,1,3,1,A01
200800054523,0,7,0,0,2,8,11,A01
200800054523,0,30,0,0,2,1,1,B01
200800054524,0,2,0,0,2,1,1,A01
200800054524,0,7,0,0,2,3,15,B01
200800054525,0,7,0,0,1,1,1,A01
200800054526,0,30,0,0,4,5,15,A01
200800054526,0,40,0,0,2,1,1,B01
200800054527,0,7,0,0,1,1,1,A01
200800054528,0,7,0,0,1,1,1,A01
200800054529,0,7,0,0,1,2,15,A01
200800054530,0,7,0,6,0,1,21,A01
200800054531,0,7,0,1,1,1,1,A01
200800054532,0,7,0,0,1,4,4,A01
200800054533,0,32,0,0,2,1,15,B01
200800054533,0,7,0,0,2,3,16,A01
200800054534,0,33,0,0,2,1,1,B01
200800054534,0,7,0,0,2,8,1,A01
200800054535,0,33,0,0,1,1,1,A01
200800054536,0,33,0,1,2,7,1,A01
200800054536,0,7,0,0,2,3,1,B01
200800054537,0,7,0,0,2,3,1,A01
200800054537,0,7,0,0,2,1,1,B01
200800054538,0,7,0,0,1,0,1,A01
200800054539,0,2,0,0,2,1,1,A01
200800054539,0,7,0,0,2,3,15,B01
200800054540,0,7,0,0,2,1,2,A01
200800054540,0,7,0,0,2,4,2,B01
200800054540,0,7,0,0,2,4,2,C01
200800054541,0,10,0,0,2,1,1,A01
200800054541,0,7,0,0,1,4,23,B01
200800054542,0,10,0,6,0,1,1,A01
200800054543,0,7,0,0,1,1,1,A01
200800054544,1,30,0,0,1,0,0,A01
200800054545,0,7,0,0,2,1,19,A01
200800054545,0,30,0,1,0,8,19,B01
200800054546,0,32,0,0,2,8,7,A01
200800054546,0,7,0,0,9,2,11,B01
200800054547,0,2,0,0,2,3,1,A01
200800054547,0,7,0,0,2,1,15,B01
200800054548,0,31,0,0,2,1,13,A01
200800054548,0,7,0,0,2,1,15,B01
200800054549,0,7,0,1,2,2,1,A01
200800054549,0,7,0,0,2,8,1,B01
200800054550,0,7,0,0,1,3,0,A01
200800054551,0,7,0,0,2,2,15,A01
200800054551,0,30,0,0,2,1,1,B01
200800054552,0,30,0,0,2,2,1,B01
200800054552,0,7,0,0,2,7,1,A01
200800054553,0,7,0,0,0,0,0,A01
200800054553,0,7,0,0,2,1,1,B01
200800054554,0,7,0,0,9,7,1,A01
200800054554,0,1,0,0,2,8,1,B01
200800054555,0,7,0,0,2,1,15,A01
200800054555,0,33,0,0,2,1,1,B01
200800054556,0,7,0,1,2,7,1,B01
200800054556,0,7,0,0,2,1,1,A01
200800054557,0,7,0,0,2,2,2,A01
200800054557,0,7,0,0,2,6,2,B01
200800054557,0,7,0,0,2,1,1,C01
200800054557,0,7,0,0,2,4,2,D01
200800054558,0,32,0,0,2,1,2,C01
200800054558,0,7,0,0,2,8,11,A01
200800054558,0,33,0,0,2,7,2,B01
200800054559,0,7,0,0,1,3,2,A01
200800054560,0,7,0,0,1,2,2,A01
200800054561,0,7,0,0,1,8,1,A01
200800054562,0,2,0,0,2,3,2,A01
200800054562,0,7,0,0,2,3,15,B01
200800054563,0,7,0,0,2,1,1,A01
200800054563,0,7,0,0,2,1,2,B01
200800054564,0,7,0,0,2,2,9,A01
200800054564,0,33,0,1,2,1,1,B01
200800054565,0,7,0,0,2,8,1,A01
200800054565,0,14,0,0,2,2,1,B01
200800054566,0,7,0,1,0,1,0,A01
200800054567,0,7,0,0,1,1,0,A01
200800054568,0,7,0,0,2,2,1,B01
200800054568,0,7,0,0,2,1,1,A01
200800054569,0,7,0,0,9,3,20,A01
200800054569,0,1,0,0,2,1,1,B01
200800054570,0,7,0,0,2,3,16,A01
200800054570,0,7,0,0,2,2,1,B01
200800054571,0,1,0,0,2,1,0,B01
200800054571,0,7,0,0,2,3,1,A01
200800054572,0,7,0,0,1,1,1,A01
200800054573,0,7,0,1,0,1,13,A01
200800054574,0,7,0,0,1,2,1,A01
200800054575,0,7,0,0,1,2,1,A01
200800054576,0,10,0,0,1,3,1,A01
200800054577,0,7,0,0,2,0,13,A01
200800054577,0,7,0,0,2,6,1,B01
200800054578,0,7,0,0,2,1,1,A01
200800054578,0,7,0,8,2,8,1,B01
200800054579,0,7,0,0,2,6,15,A01
200800054579,0,34,0,0,2,2,17,B01
200800054580,0,37,1,0,1,5,20,A01
200800054581,0,7,0,0,0,4,4,A01
200800054581,0,32,0,0,2,1,1,B01
200800054582,0,7,0,15,0,1,0,A01
200800054583,0,31,0,0,1,1,1,A01
200800054584,0,37,74,0,2,0,14,A01
200800054584,0,1,0,1,2,0,1,B01
200800054585,0,33,0,0,2,1,1,B01
200800054585,0,13,0,0,2,7,15,A01
200800054586,0,33,0,0,1,1,1,A01
200800054587,0,7,0,0,1,2,1,A01
200800054588,0,37,6,0,2,3,9,A01
200800054588,0,1,0,0,2,2,17,B01
200800054589,0,31,0,0,2,2,17,A01
200800054589,0,7,0,0,2,3,15,B01
200800054590,0,7,0,0,2,1,1,B01
200800054590,0,10,0,8,2,7,1,A01
200800054591,0,7,0,0,2,4,2,A01
200800054591,0,7,0,0,2,4,23,B01
200800054592,0,1,0,1,0,1,13,A01
200800054593,0,32,0,0,1,3,1,A01
200800054594,0,33,0,0,2,0,1,B01
200800054594,0,32,0,0,2,0,9,A01
200800054595,0,33,0,0,0,0,21,A01
200800054596,0,7,0,0,2,5,16,A01
200800054596,0,30,0,0,2,1,1,B01
200800054597,0,3,0,0,1,1,16,A01
200800054598,0,7,0,0,2,7,15,A01
200800054598,0,30,0,0,2,1,1,B01
200800054599,0,37,1,0,1,2,1,A01
200800054600,0,31,0,1,0,1,21,A01
200800054601,0,1,0,0,0,0,1,A01
200800054602,0,2,0,0,0,0,21,A01
200800054603,0,7,0,0,2,7,1,A01
200800054603,0,7,0,0,2,1,1,B01
200800054604,0,2,0,0,2,1,2,A01
200800054604,0,32,0,0,2,4,23,B01
200800054605,0,30,0,0,0,0,1,A01
200800054606,0,31,0,0,1,1,18,A01
200800054607,0,7,0,9,0,1,21,A01
200800054608,0,33,0,0,2,8,2,A01
200800054608,0,7,0,0,2,5,23,B01
200800054609,0,7,0,0,2,1,2,A01
200800054609,0,7,0,0,2,4,23,B01
200800054609,0,7,0,0,2,6,23,C01
200800054610,0,32,0,0,0,0,12,A01
200800054611,0,7,0,0,1,2,1,A01
200800054612,0,30,0,0,2,6,2,A01
200800054612,0,32,0,0,2,5,2,B01
200800054613,0,32,0,0,2,0,2,A01
200800054613,0,7,0,0,2,0,2,B01
200800054614,0,33,0,0,0,0,21,A01
200800054615,0,7,0,0,2,2,15,A01
200800054615,0,2,0,0,2,1,1,B01
200800054616,0,7,0,0,2,3,1,B01
200800054616,0,7,0,0,2,2,1,A01
200800054617,0,32,0,0,1,3,1,A01
200800054618,0,7,0,0,2,0,9,A01
200800054618,0,34,0,0,2,8,1,B01
200800054619,0,7,0,0,2,3,9,A01
200800054619,0,32,0,0,2,7,1,B01
200800054620,0,15,0,0,1,7,7,A01
200800054621,0,7,0,0,2,1,2,A01
200800054621,0,32,0,0,2,4,2,B01
200800054622,0,7,0,0,2,6,23,A01
200800054622,2,33,0,1,2,8,2,B01
200800054623,0,1,0,0,0,0,2,A01
200800054624,0,30,0,0,0,8,1,A01
200800054625,0,32,0,0,2,7,1,B01
200800054625,0,7,0,0,2,8,11,A01
200800054626,0,32,0,0,2,2,1,A01
200800054626,0,1,0,0,2,6,13,B01
200800054627,0,7,0,0,2,1,1,A01
200800054627,0,7,0,0,2,2,1,B01
200800054628,0,7,0,0,1,8,16,A01
200800054629,0,30,0,0,0,8,1,A01
200800054630,0,7,0,6,0,4,4,A01
200800054631,0,7,0,0,1,2,15,A01
200800054632,0,33,0,0,1,2,1,A01
200800054633,0,32,0,0,0,8,1,A01
200800054634,0,7,0,0,1,3,1,A01
200800054635,0,7,0,0,2,8,10,A01
200800054635,0,31,0,0,2,1,1,B01
200800054636,0,7,0,2,1,1,1,A01
200800054637,0,30,0,0,1,1,1,A01
200800054638,0,32,0,0,2,1,3,A01
200800054638,0,7,0,0,2,5,12,B01
200800054638,0,10,0,0,2,2,2,C01
200800054639,0,31,0,0,0,3,1,A01
200800054640,0,7,0,0,1,3,15,A01
200800054641,0,32,0,0,0,2,1,A01
200800054642,0,7,0,0,1,1,15,A01
200800054643,0,7,0,0,2,3,22,A01
200800054643,0,1,0,0,2,1,1,B01
200800054644,0,30,0,14,0,8,11,A01
200800054645,0,7,0,1,0,1,13,A01
200800054646,1,7,0,0,1,1,16,A01
200800054647,0,32,0,0,2,1,2,A01
200800054647,0,7,0,0,2,5,2,B01
200800054647,0,7,0,0,2,5,2,C01
200800054648,0,7,0,0,1,2,1,A01
200800054649,0,7,0,0,2,1,1,B01
200800054649,0,2,0,0,2,7,1,A01
200800054650,0,10,0,0,2,3,23,A01
200800054650,0,32,0,0,2,0,17,B01
200800054651,0,7,0,8,2,8,1,B01
200800054651,0,10,0,0,2,1,1,A01
200800054652,0,30,0,0,1,1,1,A01
200800054653,0,2,0,0,2,2,17,A01
200800054653,0,14,0,0,2,0,22,B01
200800054654,0,7,0,0,2,0,5,A01
200800054654,0,30,0,0,2,0,1,B01
200800054655,0,2,0,0,1,0,17,A01
200800054656,0,31,0,0,2,0,1,B01
200800054656,1,7,0,0,2,0,1,A01
200800054657,1,10,0,0,0,0,1,A01
200800054658,0,13,0,0,1,3,1,A01
200800054659,0,13,0,0,2,7,15,A01
200800054659,0,31,0,0,2,1,1,B01
200800054660,0,7,0,0,2,5,12,A01
200800054660,0,33,0,0,2,3,1,B01
200800054661,0,34,0,8,0,2,1,A01
200800054662,0,32,0,0,0,8,1,A01
200800054663,0,30,0,12,0,7,14,A01
200800054664,0,32,0,0,2,2,1,B01
200800054664,0,7,0,0,2,3,15,A01
200800054665,0,10,0,0,2,2,1,B01
200800054665,0,32,0,0,2,9,18,A01
200800054666,0,2,0,0,2,2,17,A01
200800054666,0,7,0,0,2,3,15,B01
200800054667,0,30,0,0,2,2,1,A01
200800054667,0,31,0,0,2,6,15,B01
200800054668,0,30,0,0,0,8,1,A01
200800054669,0,30,0,0,2,2,15,A01
200800054669,0,7,0,0,2,0,1,B01
200800054670,0,30,0,0,2,0,1,A01
200800054670,1,7,0,0,2,0,14,B01
200800054671,0,33,0,0,1,8,7,A01
200800054672,0,7,0,0,1,1,1,A01
200800054673,0,7,0,0,1,6,20,A01
200800054674,1,30,0,0,1,1,1,A01
200800054675,0,7,0,0,2,6,23,B01
200800054675,0,31,0,0,2,2,2,A01
200800054676,0,7,0,0,1,2,1,A01
200800054677,0,2,0,0,2,2,7,A01
200800054677,0,7,0,0,2,2,16,B01
200800054678,0,33,0,0,1,1,1,A01
200800054679,0,32,0,0,2,2,12,A01
200800054679,0,10,0,0,2,6,23,B01
200800054680,0,7,0,0,2,4,20,A01
200800054680,0,7,0,1,2,3,9,B01
200800054681,0,7,0,0,2,3,10,A01
200800054681,0,31,0,0,2,7,17,B01
200800054682,0,1,0,0,2,1,5,A01
200800054682,0,34,0,0,2,1,1,B01
200800054683,0,7,0,0,2,1,2,A01
200800054683,0,7,0,0,2,4,2,B01
200800054684,0,33,0,0,2,3,13,A01
200800054684,0,10,0,0,2,5,1,B01
200800054685,0,10,0,0,2,7,12,A01
200800054685,0,31,0,0,2,7,3,B01
200800054686,0,30,0,0,2,8,18,A01
200800054686,0,7,0,0,2,2,16,B01
200800054687,0,7,0,0,1,2,1,A01
200800054688,0,7,0,0,2,1,1,A01
200800054688,0,7,0,0,2,1,1,B02
200800054688,0,7,0,0,2,1,1,C03
200800054689,0,7,0,0,2,1,1,A01
200800054689,0,7,0,0,2,1,1,B02
200800054690,0,99,0,0,2,8,1,A01
200800054690,0,33,0,0,2,8,1,B02
200800054690,0,33,0,16,0,9,1,C03
200800054691,0,7,0,0,2,1,2,A01
200800054691,0,1,0,0,2,4,2,B02
200800054692,0,2,0,0,2,1,1,A01
200800054692,0,7,0,0,2,6,1,B02
200800054693,0,7,0,0,9,3,1,A01
200800054693,0,2,0,0,2,1,1,B01
200800054694,0,7,0,0,2,3,15,A01
200800054694,0,7,0,0,2,1,1,B01
200800054695,0,30,0,0,2,1,1,A01
200800054695,0,7,0,0,0,0,15,B01
200800054696,0,7,0,0,2,1,24,B01
200800054696,0,7,0,1,0,1,2,A01
200800054697,0,7,0,0,2,1,1,A01
200800054697,0,7,0,0,2,4,0,B01
200800054698,0,31,0,0,1,1,1,A01
200800054699,0,31,0,0,2,7,1,B01
200800054699,0,7,0,1,2,2,15,A01
200800054700,0,2,0,0,2,1,1,A01
200800054700,0,7,0,0,2,2,1,B01
200800054701,0,7,0,0,2,3,1,B01
200800054701,0,7,0,0,2,1,9,A01
200800054702,0,7,0,0,2,4,0,B01
200800054702,0,7,0,0,2,4,0,C01
200800054702,0,14,0,0,2,1,0,A01
200800054703,0,7,0,0,2,2,15,B01
200800054703,1,10,0,0,2,5,1,A01
200800054704,0,7,0,0,2,2,1,A01
200800054704,0,7,0,0,2,2,9,B01
200800054705,0,7,0,0,2,1,1,A01
200800054705,0,7,0,0,2,2,15,B01
200800054706,0,7,0,0,2,2,15,A01
200800054706,0,2,0,0,2,1,1,B01
200800054707,0,7,0,0,2,3,13,A01
200800054707,0,31,0,0,2,1,1,B01
200800054708,0,7,0,0,2,3,15,A01
200800054708,0,2,0,0,2,1,1,B01
200800054709,0,7,0,0,2,1,1,A01
200800054709,0,7,0,0,2,4,0,B01
200800054710,0,7,0,0,0,5,16,A01
200800054710,2,7,0,0,2,1,2,B01
200800054711,0,7,0,0,1,1,1,A01
200800054712,0,7,0,0,2,3,9,A01
200800054712,0,33,0,0,2,1,1,B01
200800054713,0,1,0,0,2,1,15,A01
200800054713,0,7,0,0,9,3,1,B01
200800054714,0,7,0,0,1,1,1,A01
200800054715,0,1,0,1,2,8,15,A01
200800054715,0,33,0,0,9,1,17,B01
200800054716,0,7,0,12,0,1,16,A01
200800054717,0,7,0,0,0,6,2,B01
200800054717,0,30,0,0,2,1,2,A01
200800054718,0,7,0,0,0,7,15,A01
200800054718,0,33,0,0,2,1,5,B01
200800054719,0,7,0,0,2,8,15,B01
200800054719,0,7,0,15,2,1,17,A01
200800054720,0,7,0,0,2,3,15,A01
200800054720,0,1,0,0,2,1,1,B01
200800054721,0,7,0,0,1,2,1,A01
200800054722,0,31,0,0,0,0,0,A01
200800054723,0,7,0,0,0,1,2,B01
200800054723,0,7,0,0,2,4,2,A01
200800054724,0,7,0,0,2,3,16,B01
200800054724,0,7,0,6,2,1,13,A01
200800054725,0,7,0,0,2,2,15,A01
200800054725,0,2,0,0,0,1,1,B01
200800054726,0,7,0,0,0,3,1,B01
200800054726,0,7,0,0,2,3,1,A01
200800054727,0,7,0,0,1,3,2,A01
200800054728,0,7,0,0,0,7,2,A01
200800054728,0,1,0,0,0,0,2,B01
200800054729,0,30,0,12,0,7,1,A01
200800054730,0,7,0,0,0,0,2,A01
200800054730,0,7,0,0,0,4,2,B01
200800054731,2,7,0,12,0,1,5,A01
200800054732,0,7,0,0,1,0,1,A01
200800054733,1,10,0,0,2,1,1,B01
200800054733,0,7,0,0,2,3,9,A01
200800054734,0,1,0,0,2,1,1,A01
200800054734,0,7,0,0,2,1,1,B01
200800054735,0,2,0,6,0,1,0,A01
200800054736,0,7,0,0,2,1,1,A01
200800054736,0,7,0,0,0,4,2,B01
200800054737,0,31,0,0,6,1,1,A01
200800054738,0,7,0,0,2,1,1,A01
200800054738,0,7,0,0,0,4,23,B01
200800054739,0,7,0,0,0,9,1,B01
200800054739,0,7,0,0,2,1,9,A01
200800054740,0,7,0,13,0,1,1,A01
200800054741,0,7,0,0,1,3,10,A01
200800054741,0,33,0,0,2,1,17,B01
200800054742,0,7,0,0,2,1,5,A01
200800054742,0,33,0,0,2,1,5,B01
200800054743,0,7,0,2,0,2,13,A01
200800054744,0,33,0,0,9,2,1,A01
200800054745,0,32,0,0,1,1,17,A01
200800054746,0,7,0,0,0,2,1,B01
200800054746,0,30,0,0,0,3,1,A01
200800054747,0,30,0,0,2,3,13,A01
200800054747,0,7,0,0,2,2,1,B01
200800054748,0,7,0,0,2,1,2,A01
200800054748,0,7,0,0,2,4,23,C01
200800054748,0,7,0,0,0,5,2,B01
200800054749,0,1,0,0,2,6,1,B01
200800054749,0,7,0,0,2,2,2,A01
200800054750,0,7,0,0,2,5,16,A01
200800054750,0,33,0,0,2,4,1,B01
200800054751,0,7,0,0,2,8,10,A01
200800054751,0,33,0,0,2,1,17,B01
200800054752,0,7,0,0,1,1,0,A01
200800054753,0,7,0,0,2,1,1,A01
200800054753,0,31,0,0,2,9,1,B01
200800054753,0,7,0,0,2,4,1,C01
200800054754,0,1,0,0,2,1,2,A01
200800054754,0,37,1,0,9,4,23,B01
200800054755,0,7,0,0,1,1,1,A01
200800054756,0,7,0,1,0,3,0,A01
200800054757,0,32,0,0,2,1,0,A01
200800054757,0,7,0,0,2,6,1,B01
200800054758,0,7,0,0,2,1,1,A01
200800054758,0,7,0,0,0,7,1,B01
200800054759,0,34,0,1,2,0,13,A01
200800054759,0,7,0,0,2,1,1,B01
200800054760,0,33,0,0,2,7,17,A01
200800054760,0,7,0,0,2,3,17,B01
200800054761,0,32,0,0,2,7,21,C01
200800054761,0,7,0,1,2,2,1,A01
200800054761,0,7,0,1,2,6,20,B01
200800054762,0,7,0,0,2,5,15,A01
200800054762,0,33,0,0,2,1,1,B01
200800054763,0,7,0,0,2,1,1,A01
200800054763,0,7,0,0,2,2,15,B01
200800054764,0,7,0,1,0,2,2,A01
200800054765,0,10,0,0,0,0,0,A01
200800054765,0,7,0,0,2,8,1,B01
200800054766,0,7,0,9,0,1,0,A01
200800054767,0,7,0,0,1,1,5,A01
200800054768,0,7,0,0,0,2,2,A01
200800054768,0,7,0,0,0,5,2,B01
200800054769,0,7,0,0,1,1,2,A01
200800054770,0,14,0,0,0,3,0,A01
200800054771,0,33,0,0,2,7,3,A01
200800054771,0,37,0,0,2,8,1,B01
200800054772,0,7,0,0,2,5,16,A01
200800054772,0,30,0,0,2,8,18,B01
200800054773,0,7,0,0,2,3,15,A01
200800054773,0,1,0,0,2,1,1,B01
200800054774,0,7,0,0,2,1,15,A01
200800054774,0,32,0,0,2,1,8,B01
200800054775,0,7,0,0,1,1,1,A01
200800054776,0,33,0,0,1,3,1,A01
200800054777,0,7,0,0,2,1,0,A01
200800054777,0,7,0,0,2,4,1,B01
200800054777,0,7,0,0,2,4,1,C01
200800054778,0,30,0,0,2,1,1,A01
200800054778,0,10,0,0,2,4,23,B01
200800054779,0,7,0,0,2,3,1,B01
200800054779,0,33,0,0,2,1,2,A01
200800054780,0,7,0,0,2,1,10,A01
200800054780,0,34,0,0,2,9,1,B01
200800054781,0,30,0,0,1,1,0,A01
200800054782,0,7,0,0,2,2,1,A01
200800054782,0,31,0,0,2,1,0,B01
200800054783,0,7,0,1,2,9,0,A01
200800054783,0,7,0,1,2,9,0,B01
200800054784,0,7,0,0,2,2,0,A01
200800054784,0,32,0,0,2,3,2,B01
200800054785,0,7,0,0,1,1,0,A01
200800054786,0,33,0,0,2,1,1,A01
200800054786,0,7,0,0,2,7,0,B01
200800054787,0,99,0,0,2,2,0,A01
200800054787,0,33,0,0,2,1,0,B01
200800054788,0,7,0,0,2,2,0,A01
200800054788,0,7,0,0,2,1,0,B01
200800054789,0,30,0,0,1,1,0,A01
200800054790,0,7,0,0,2,1,10,A01
200800054790,0,33,0,0,2,9,1,B01
200800054791,0,7,0,0,2,3,15,A01
200800054791,0,32,0,0,2,9,1,B01
200800054792,0,7,0,1,0,1,0,A01
200800054793,0,7,0,1,0,9,0,A01
200800054794,0,7,0,0,2,3,0,A01
200800054794,0,32,0,0,2,1,0,B01
200800054795,0,32,0,0,2,8,15,B01
200800054795,0,34,0,0,2,1,1,A01
200800054796,0,7,0,0,1,1,15,A01
200800054797,0,10,0,0,1,1,1,A01
200800054798,0,7,0,0,2,3,15,B01
200800054798,0,30,0,0,2,1,17,A01
200800054799,0,1,0,0,2,1,1,A01
200800054799,0,7,0,0,2,4,23,B01
200800054800,0,7,0,0,2,1,1,B01
200800054800,0,32,0,0,2,8,1,A01
200800054801,0,32,0,0,2,1,2,A01
200800054801,0,7,0,0,2,6,12,B01
200800054802,0,7,0,0,1,1,0,A01
200800054803,0,33,0,0,2,1,17,A01
200800054803,0,7,0,0,2,3,15,B01
200800054804,0,2,0,0,2,1,1,B01
200800054804,0,7,0,0,2,2,15,A01
200800054805,0,7,0,0,2,3,2,B01
200800054805,0,31,0,0,2,2,2,A01
200800054806,0,7,0,0,2,1,15,A01
200800054806,0,33,0,0,2,1,1,B01
200800054807,0,32,0,0,2,2,3,A01
200800054807,0,7,0,0,0,3,15,B01
200800054808,0,30,0,0,2,1,2,A01
200800054808,0,7,0,0,2,4,2,B01
200800054809,0,7,0,0,2,1,1,A01
200800054809,0,1,0,0,0,0,0,B01
200800054810,0,34,0,0,2,7,11,A01
200800054810,0,7,0,0,0,8,15,B01
200800054811,1,30,0,11,0,0,0,A01
200800054812,0,37,7,12,1,2,23,A01
200800054813,0,33,0,0,0,4,2,B01
200800054813,0,10,0,0,0,2,2,A01
200800054814,0,7,0,0,2,2,15,A01
200800054814,0,2,0,0,2,1,1,B01
200800054815,0,7,0,0,1,2,1,A01
200800054816,0,7,0,0,0,0,10,A01
200800054816,0,32,0,0,0,0,21,B01
200800054817,0,7,0,0,0,4,0,A01
200800054817,0,7,0,0,2,1,2,B01
200800054818,0,33,0,4,0,8,13,A01
200800054819,0,7,0,0,2,6,11,B01
200800054819,0,33,0,0,2,6,3,A01
200800054820,0,7,0,0,2,6,2,B01
200800054820,0,14,0,0,2,1,12,A01
200800054821,0,7,0,0,2,4,2,D01
200800054821,0,7,0,0,2,1,2,C01
200800054821,0,7,0,0,2,4,2,B01
200800054821,0,10,0,0,2,1,2,A01
200800054822,0,7,0,0,2,6,21,B01
200800054822,0,7,0,0,2,2,17,A01
200800054823,0,33,0,0,0,8,0,A01
200800054824,0,7,0,0,0,4,1,B01
200800054824,0,7,0,0,2,1,1,A01
200800054825,0,10,0,0,2,1,1,B01
200800054825,0,7,0,4,0,1,1,A01
200800054826,0,7,0,4,0,7,1,A01
200800054827,0,7,0,0,0,6,2,C01
200800054827,0,7,0,0,2,7,17,B01
200800054827,0,7,0,0,2,2,21,A01
200800054828,0,37,1,3,0,1,0,A01
200800054829,0,7,0,0,0,5,2,B01
200800054829,0,33,0,0,2,3,3,A01
200800054830,0,7,0,15,0,2,2,A01
200800054831,0,17,0,0,2,8,2,B01
200800054831,0,32,0,0,2,7,3,A01
200800054832,0,7,0,0,2,2,12,B01
200800054832,0,33,0,0,2,3,1,A01
200800054833,0,7,0,0,2,2,1,B01
200800054833,0,3,0,0,2,6,11,A01
200800054834,0,33,0,0,2,8,2,B01
200800054834,0,7,0,0,2,2,12,A01
200800054835,0,10,0,0,0,0,1,T01
200800054835,0,37,1,0,0,4,1,B01
200800054835,0,7,0,0,2,1,2,A01
200800054836,0,7,0,0,2,6,11,B01
200800054836,0,32,0,0,2,8,1,A01
200800054837,0,7,0,0,2,4,0,B01
200800054837,0,7,0,0,2,1,0,A01
200800054838,0,7,0,0,2,3,1,B01
200800054838,0,10,0,0,2,7,12,A01
200800054839,0,7,0,4,0,4,0,A01
200800054840,0,7,0,0,2,1,2,B01
200800054840,0,7,0,0,0,4,0,A01
200800054841,0,33,0,0,2,7,2,A01
200800054842,0,7,0,5,0,0,0,A01
200800054843,0,31,0,0,2,2,0,B01
200800054843,0,7,0,0,2,3,1,A01
200800054844,0,7,0,0,2,7,1,C01
200800054844,0,7,0,0,2,8,1,B01
200800054844,0,33,0,0,2,7,1,A01
200800054845,0,7,0,0,2,6,11,B01
200800054845,0,33,0,0,2,2,1,A01
200800054846,0,7,0,6,0,3,0,A01
200800054847,0,10,0,4,0,1,0,A01
200800054848,0,7,0,0,2,4,2,B01
200800054848,0,33,0,0,2,1,1,A01
200800054849,0,10,0,3,0,1,12,A01
200800054850,0,7,0,0,0,4,2,B01
200800054850,0,34,0,0,2,1,2,A01
200800054851,0,7,0,0,0,5,1,B01
200800054851,0,33,0,0,2,2,3,A01
200800054852,0,7,0,0,0,3,13,A01
200800054853,0,7,0,4,2,6,18,B01
200800054853,0,15,0,0,0,2,12,A01
200800054854,0,7,0,3,2,4,2,B01
200800054854,0,7,0,0,2,1,2,A01
200800054855,0,7,0,0,9,0,0,A01
200800054856,0,7,0,0,9,4,2,B01
200800054856,0,33,0,14,2,1,2,A01
200800054857,0,7,0,0,0,5,1,C01
200800054857,0,7,0,0,0,8,11,B01
200800054857,0,33,0,0,2,1,3,A01
200800054858,0,33,0,0,0,7,1,A01
200800054859,0,10,0,0,2,6,1,C01
200800054859,0,7,0,0,2,4,2,B01
200800054859,0,33,0,0,2,1,2,A01
200800054860,0,7,0,0,2,6,2,C01
200800054860,0,7,0,4,2,4,1,B01
200800054860,0,7,0,0,2,1,0,A01
200800054861,0,7,0,0,2,4,2,C01
200800054861,0,7,0,0,2,4,2,B01
200800054861,0,7,0,0,2,1,2,A01
200800054862,0,7,0,1,2,7,22,A01
200800054862,0,30,0,1,2,1,18,B01
200800054863,0,33,0,0,2,7,12,A01
200800054863,0,7,0,0,0,8,1,B01
200800054864,0,7,0,4,0,6,1,A01
200800054865,0,7,0,4,0,1,21,A01
200800054866,0,33,0,0,2,1,2,A01
200800054866,0,7,0,0,2,4,2,B01
200800054867,0,7,0,4,0,1,1,A01
200800054868,0,7,0,0,2,2,12,A01
200800054868,0,7,0,3,0,6,1,B01
200800054869,0,7,0,0,2,1,2,D01
200800054869,0,7,0,0,0,4,2,C01
200800054869,0,7,0,0,2,5,1,B01
200800054869,0,7,0,0,2,1,11,A01
200800054870,1,10,0,0,0,0,2,C01
200800054870,0,7,0,1,2,1,2,B01
200800054870,0,7,0,14,2,4,0,A01
200800054871,0,7,0,0,2,5,12,A01
200800054871,0,15,0,0,2,3,1,B01
200800054872,0,7,0,0,2,7,2,B01
200800054872,0,33,0,0,2,8,2,A01
200800054873,0,7,0,0,2,4,2,C01
200800054873,0,7,0,0,2,0,2,B01
200800054873,0,7,0,0,2,1,18,A01
200800054874,0,7,0,3,0,1,17,A01
200800054875,0,7,0,6,0,1,14,A01
200800054876,0,33,0,0,2,1,2,A01
200800054876,0,7,0,0,0,4,2,B01
200800054877,0,31,0,2,0,1,2,A01
200800054878,0,7,0,0,0,4,2,B01
200800054878,0,7,0,0,2,1,2,A01
200800054879,0,7,0,3,0,1,2,A01
200800054880,0,7,0,0,0,1,0,A01
200800054881,0,7,0,0,2,1,1,A01
200800054881,0,7,0,0,2,4,1,B01
200800054882,0,10,0,3,0,9,0,A01
200800054883,0,7,0,13,0,9,1,A01
200800054884,0,7,0,4,0,7,0,A01
200800054885,0,7,0,0,2,1,1,C01
200800054885,0,15,0,0,0,2,1,B01
200800054885,0,7,0,0,2,3,11,A01
200800054886,0,7,0,0,2,8,1,B01
200800054886,0,17,0,0,2,2,0,A01
200800054887,0,33,0,12,0,7,1,A01
200800054888,0,7,0,0,0,4,2,C01
200800054888,0,7,0,0,2,4,2,B01
200800054888,0,7,0,0,2,1,2,A01
200800054889,0,7,0,0,2,8,2,B01
200800054889,0,15,0,0,2,2,3,A01
200800054890,0,33,0,0,0,4,2,C01
200800054890,0,7,0,0,2,4,1,B01
200800054890,0,7,0,0,2,1,1,A01
200800054891,0,7,0,0,0,4,2,B01
200800054891,0,7,0,0,2,1,2,A01
200800054892,0,7,0,4,0,6,1,A01
200800054893,0,33,0,0,0,7,0,A01
200800054894,0,33,0,0,2,2,1,B01
200800054894,0,7,0,0,2,6,11,A01
200800054895,0,2,0,0,2,4,2,A01