Num_Acc,senc,catv,occutc,obs,obsm,choc,manv,num_veh
200800054895,0,7,0,0,2,6,23,B01
200800054896,0,7,0,4,2,2,14,A01
200800054896,0,14,0,0,2,3,1,B01
200800054897,0,15,0,0,2,2,12,A01
200800054897,0,7,0,4,2,6,1,B01
200800054898,0,2,0,0,2,1,1,B01
200800054898,0,7,0,0,9,5,6,A01
200800054899,0,7,0,4,2,7,1,B01
200800054899,0,17,0,0,2,6,13,A01
200800054900,0,33,0,4,0,3,1,A01
200800054901,0,15,0,4,0,3,1,A01
200800054902,0,34,0,0,9,8,1,A01
200800054903,0,7,0,4,0,1,11,A01
200800054904,0,7,0,13,0,3,12,A01
200800054905,0,7,0,4,0,7,1,A01
200800054906,0,7,0,4,0,3,13,A01
200800054907,0,17,0,0,2,1,12,A01
200800054907,0,7,0,0,2,9,1,B01
200800054908,0,7,0,0,2,4,2,C01
200800054908,0,7,0,0,2,4,2,B01
200800054908,0,7,0,0,2,1,2,A01
200800054908,0,7,0,0,0,4,2,D01
200800054909,0,7,0,0,2,1,2,A01
200800054909,0,7,0,0,2,4,2,B01
200800054909,0,7,0,0,0,4,2,C01
200800054910,0,7,0,0,2,1,2,A01
200800054910,0,7,0,0,0,4,2,B01
200800054910,0,7,0,0,2,6,2,C01
200800054911,0,7,0,0,0,4,2,A01
200800054911,0,7,0,0,0,4,2,B01
200800054911,0,7,0,0,0,1,2,C01
200800054912,0,34,0,0,2,1,21,A01
200800054912,0,7,0,3,0,6,2,B01
200800054913,0,10,0,0,2,1,2,A01
200800054913,0,7,0,0,2,4,2,B01
200800054913,0,7,0,0,2,4,2,C01
200800054913,0,7,0,0,2,4,2,D01
200800054914,0,7,0,4,0,2,0,A01
200800054915,0,7,0,3,0,1,1,A01
200800054916,0,7,0,0,2,1,1,A01
200800054916,0,7,0,0,2,4,1,B01
200800054916,0,7,0,0,2,4,1,C01
200800054917,0,7,0,0,2,1,2,A01
200800054917,0,31,0,0,0,4,2,B01
200800054918,0,7,0,7,0,3,9,A01
200800054919,0,7,0,0,2,1,2,A01
200800054919,0,7,0,0,2,4,2,B01
200800054919,0,7,0,0,2,4,1,C01
200800054920,0,7,0,3,0,3,0,A01
200800054921,0,7,0,0,0,0,0,A01
200800054922,0,7,0,0,2,1,2,A01
200800054922,0,7,0,0,0,4,2,B01
200800054922,0,7,0,0,0,4,2,C01
200800054922,0,7,0,0,0,4,2,D01
200800054923,0,32,0,0,0,8,0,A01
200800054924,0,7,0,8,0,2,1,A01
200800054925,0,30,0,6,0,8,1,A01
200800054926,0,33,0,4,0,1,1,A01
200800054927,0,7,0,0,0,8,15,A01
200800054927,0,2,0,0,2,1,1,B02
200800054928,0,2,0,6,0,2,14,A01
200800054929,0,7,0,0,9,2,2,A01
200800054929,0,1,0,0,0,4,2,B02
200800054930,0,7,0,0,2,2,1,A01
200800054930,0,7,0,0,2,1,1,B02
200800054931,0,7,0,0,1,2,1,A01
200800054932,0,7,0,8,0,1,14,A01
200800054933,0,7,0,1,2,3,13,A01
200800054933,0,7,0,13,2,8,1,B02
200800054933,0,7,0,0,2,1,1,C03
200800054934,0,7,0,0,0,0,13,A01
200800054935,0,7,0,0,2,2,2,A01
200800054935,0,1,0,0,0,4,1,B02
200800054936,0,30,0,0,2,1,1,A01
200800054936,0,7,0,0,0,6,23,B02
200800054937,0,7,0,0,2,7,1,A01
200800054937,0,7,0,0,2,1,1,B02
200800054938,0,30,0,12,0,0,1,A01
200800054939,0,14,0,0,2,1,2,A01
200800054939,0,34,0,0,2,4,1,B02
200800054940,0,7,0,0,2,8,19,A01
200800054940,0,33,0,0,2,1,1,B02
200800054941,0,7,0,9,0,2,2,A01
200800054942,0,10,0,0,2,8,1,A01
200800054942,0,31,0,0,2,1,1,B02
200800054943,0,7,0,13,0,0,1,A01
200800054944,0,10,0,1,2,6,24,A01
200800054944,0,2,0,1,0,1,1,B02
200800054945,0,7,0,0,2,1,15,A01
200800054945,0,7,0,0,2,1,1,B02
200800054946,0,7,0,4,2,2,21,A01
200800054946,0,7,0,3,2,6,1,B02
200800054947,0,14,0,8,0,1,1,A01
200800054948,0,10,0,0,2,2,13,A01
200800054948,0,7,0,0,2,3,1,B02
200800054949,0,17,0,0,2,2,2,A01
200800054949,0,15,0,0,0,0,2,B02
200800054949,0,1,0,0,2,4,2,C03
200800054950,0,7,0,0,4,8,0,A01
200800054950,0,39,0,0,2,1,0,B02
200800054951,0,30,0,1,0,1,1,A01
200800054952,0,7,0,0,2,1,1,A01
200800054952,0,10,0,0,2,2,15,B02
200800054953,0,7,0,0,2,3,13,A01
200800054953,0,7,0,0,2,3,1,B02
200800054954,0,7,0,0,2,7,13,A01
200800054954,0,7,0,0,2,1,1,B02
200800054955,0,7,0,0,2,1,1,A01
200800054955,0,7,0,0,2,1,1,B02
200800054956,0,7,0,13,0,3,1,A01
200800054957,0,33,0,0,2,1,1,A01
200800054957,0,7,0,0,2,2,15,B02
200800054958,0,7,0,0,9,3,1,A01
200800054958,0,20,0,0,0,3,1,B02
200800054959,0,7,0,0,2,6,15,A01
200800054959,0,33,0,0,2,1,17,B02
200800054960,0,7,0,0,1,1,1,A01
200800054961,0,7,0,0,1,1,1,A01
200800054962,0,7,0,0,1,2,1,A01
200800054963,0,7,0,0,2,1,15,A01
200800054963,0,1,0,0,2,1,1,B02
200800054964,0,33,0,0,0,7,13,A01
200800054965,0,2,0,6,0,1,13,A01
200800054966,0,32,0,0,2,1,13,A01
200800054966,0,7,0,0,2,3,0,B02
200800054967,0,33,0,16,0,1,0,A01
200800054968,0,10,0,0,1,8,0,A01
200800054969,0,7,0,0,2,1,5,A01
200800054969,0,10,0,0,2,1,1,B02
200800054970,0,7,0,0,2,8,13,A01
200800054970,0,17,0,0,2,1,1,B02
200800054971,0,1,0,0,0,3,1,A01
200800054972,0,7,0,13,0,1,1,A01
200800054973,0,7,0,0,2,3,10,A01
200800054973,0,33,0,0,2,1,1,B02
200800054974,0,7,0,13,0,1,1,A01
200800054975,0,7,0,1,2,3,13,A01
200800054975,0,1,0,0,0,0,1,B02
200800054976,0,10,0,0,2,2,19,A01
200800054976,0,10,0,0,2,3,1,B02
200800054977,0,7,0,0,2,8,13,A01
200800054977,0,7,0,2,2,1,1,B02
200800054978,0,7,0,13,0,3,13,A01
200800054979,0,7,0,0,2,8,1,C03
200800054979,0,30,0,0,2,1,19,A01
200800054979,0,7,0,0,9,1,23,B02
200800054980,0,7,0,0,2,1,17,A01
200800054980,0,10,0,0,2,2,1,B02
200800054980,0,17,0,0,2,3,1,C03
200800054981,0,33,0,0,2,7,1,A01
200800054981,0,7,0,0,2,1,9,B02
200800054982,0,7,0,0,2,1,1,A01
200800054982,0,7,0,0,2,1,15,B02
200800054983,0,7,0,7,0,1,1,A01
200800054984,0,7,0,0,2,3,15,B02
200800054984,0,33,0,0,2,1,17,A01
200800054985,0,7,0,0,2,3,15,A01
200800054985,0,14,0,0,2,2,1,B02
200800054986,0,30,0,6,0,1,13,A01
200800054987,0,7,0,0,0,7,0,A01
200800054988,0,7,0,0,1,1,1,A01
200800054989,0,7,0,0,1,2,1,A01
200800054990,0,7,0,0,2,7,17,A01
200800054990,0,10,0,0,2,8,1,B02
200800054991,0,7,0,0,1,8,1,A01
200800054992,0,7,0,0,1,0,1,A01
200800054993,0,7,0,8,0,1,1,A01
200800054994,0,7,0,1,0,2,1,A01
200800054995,0,7,0,2,0,1,1,A01
200800054996,0,7,0,0,2,6,15,A01
200800054996,0,2,0,0,2,8,1,B02
200800054997,0,7,0,0,2,5,19,A01
200800054997,0,7,0,0,2,1,1,B02
200800054998,0,7,0,0,1,3,1,A01
200800054999,0,30,0,0,1,1,1,A01
200800055000,0,7,0,0,0,8,15,A01
200800055000,0,33,0,0,0,1,17,B02
200800055001,0,30,0,0,2,3,1,A01
200800055002,0,7,0,0,1,2,1,A01
200800055003,0,31,0,0,2,1,17,A01
200800055003,0,7,0,0,2,2,15,B02
200800055004,0,30,0,6,0,3,16,A01
200800055005,0,7,0,0,2,1,16,A01
200800055005,0,7,0,0,2,1,15,B02
200800055006,0,7,0,6,0,1,1,A01
200800055007,0,31,0,0,2,4,1,A01
200800055008,0,30,0,0,2,1,5,A01
200800055008,0,7,0,0,2,1,15,B02
200800055009,0,33,0,8,0,1,17,A01
200800055010,0,7,0,0,2,2,15,A01
200800055010,0,2,0,0,2,1,1,B02
200800055011,0,7,0,0,9,7,2,A01
200800055011,0,1,0,0,2,4,2,B02
200800055012,0,7,0,2,0,1,1,A01
200800055013,0,31,0,0,6,7,21,A01
200800055014,0,33,0,0,6,7,0,A01
200800055015,0,30,0,0,2,1,1,A01
200800055015,0,15,0,0,2,5,4,B02
200800055016,0,7,0,0,0,0,17,A01
200800055016,0,10,0,13,0,1,17,B02
200800055017,0,7,0,0,2,6,15,A01
200800055017,0,2,0,0,2,1,1,B02
200800055018,0,7,0,0,0,9,13,A01
200800055019,0,7,0,0,1,2,1,A01
200800055020,0,14,0,3,0,7,1,A01
200800055021,0,10,0,0,2,1,13,A01
200800055021,0,7,0,0,2,1,1,B02
200800055022,0,2,0,0,2,0,1,A01
200800055022,0,21,0,0,2,6,1,B02
200800055023,0,7,0,0,0,1,1,A01
200800055023,0,17,0,0,2,4,15,B02
200800055024,0,7,0,6,0,9,1,A01
200800055025,0,7,0,0,1,5,17,A01
200800055026,0,7,0,14,0,1,1,A01
200800055027,0,7,0,0,2,2,15,A01
200800055027,0,2,0,0,2,1,1,B02
200800055028,0,30,0,0,0,0,1,A01
200800055029,0,33,0,0,2,1,1,A01
200800055029,0,33,0,0,2,4,1,B02
200800055030,0,7,0,0,0,9,1,A01
200800055031,0,7,0,0,2,4,1,A01
200800055031,0,7,0,0,2,2,17,B02
200800055032,0,10,0,0,2,1,2,A01
200800055032,0,7,0,0,2,8,13,B02
200800055033,0,13,0,0,0,1,1,A01
200800055034,0,7,0,0,2,5,19,A01
200800055034,0,33,0,0,2,1,1,B02
200800055035,0,7,0,0,2,1,1,A01
200800055035,0,7,0,0,2,7,19,B02
200800055036,0,7,0,2,0,9,0,A01
200800055037,0,33,0,0,1,2,21,A01
200800055038,0,7,0,0,2,8,15,A01
200800055038,0,7,0,0,2,2,17,B02
200800055039,0,7,0,0,0,9,1,A01
200800055040,0,7,0,6,0,1,1,A01
200800055041,0,7,0,8,0,1,1,A01
200800055042,0,2,0,0,2,1,1,A01
200800055042,0,7,0,0,2,1,15,B02
200800055043,0,10,0,0,2,3,1,A01
200800055043,0,7,0,0,2,1,13,B02
200800055044,0,7,0,3,2,1,17,A01
200800055044,0,7,0,0,9,1,1,B02
200800055044,0,7,0,0,2,1,1,C03
200800055045,0,7,0,2,0,3,1,A01
200800055046,0,7,0,0,2,3,15,A01
200800055046,0,7,0,0,2,1,1,B02
200800055047,0,7,0,0,2,4,1,A01
200800055047,0,2,0,0,2,1,2,B02
200800055048,0,7,0,0,2,3,1,A01
200800055048,0,7,0,0,2,1,1,B02
200800055049,0,10,0,0,2,8,1,B02
200800055049,0,7,0,0,2,1,1,A01
200800055050,0,7,0,0,2,1,2,A01
200800055050,0,21,0,0,2,4,2,B02
200800055051,0,7,0,6,0,1,1,A01
200800055052,0,7,0,0,1,3,1,A01
200800055052,0,10,0,0,1,3,1,B02
200800055053,0,7,0,0,1,2,1,A01
200800055054,0,7,0,0,2,1,13,A01
200800055054,0,7,0,0,2,1,1,B02
200800055055,0,7,0,0,2,1,1,A01
200800055055,0,7,0,0,2,3,1,B02
200800055056,0,7,0,13,0,2,1,A01
200800055057,0,7,0,0,0,2,2,A01
200800055057,0,31,0,0,0,9,2,B02
200800055057,0,31,0,0,0,9,2,C03
200800055058,0,7,0,0,2,4,1,A01
200800055058,0,7,0,0,2,4,1,B02
200800055058,0,7,0,0,2,4,1,C03
200800055058,0,10,0,0,2,4,1,D04
200800055059,0,7,0,7,0,8,0,A01
200800055060,0,7,0,0,2,3,13,A01
200800055060,0,33,0,0,2,1,0,B02
200800055061,0,7,0,0,2,3,15,A01
200800055061,0,31,0,0,2,1,0,B02
200800055062,0,7,0,0,2,6,19,A01
200800055062,0,33,0,0,2,1,1,B02
200800055063,0,7,0,0,1,3,1,A01
200800055064,0,7,0,0,0,1,13,A01
200800055064,0,7,0,0,0,1,0,B02
200800055065,0,37,0,0,2,3,2,A01
200800055066,0,10,0,0,0,1,1,A01
200800055067,0,7,0,6,0,2,13,A01
200800055068,0,31,0,0,2,1,19,A01
200800055068,0,10,0,0,2,6,1,B02
200800055069,0,30,0,0,2,1,17,A01
200800055069,0,21,0,0,2,3,15,B02
200800055070,0,7,0,6,0,2,1,A01
200800055071,0,7,0,0,2,3,15,A01
200800055071,0,33,0,0,2,1,17,B02
200800055072,0,32,0,0,2,1,1,A01
200800055072,0,10,0,0,2,3,1,B02
200800055073,0,7,0,0,1,2,1,A01
200800055074,0,10,0,0,2,3,1,A01
200800055074,0,37,0,0,2,8,1,B02
200800055075,0,7,0,15,2,5,19,A01
200800055075,0,7,0,0,2,1,1,B02
200800055076,0,2,0,12,0,1,1,A01
200800055077,0,7,0,0,2,1,1,A01
200800055077,0,10,0,0,2,1,24,C03
200800055077,0,10,0,0,0,7,19,B02
200800055078,0,7,0,0,2,2,10,A01
200800055078,0,33,0,0,2,1,1,B02
200800055079,0,10,0,0,2,7,10,A01
200800055079,0,7,0,0,2,1,1,B02
200800055080,0,7,0,0,2,8,9,A01
200800055080,0,17,0,0,2,1,2,B02
200800055081,0,7,0,3,2,1,2,A01
200800055081,0,7,0,0,2,3,15,B02
200800055082,0,7,0,13,0,9,17,A01
200800055083,0,7,0,0,2,1,1,A01
200800055083,0,7,0,0,2,4,15,B02
200800055083,0,7,0,0,2,1,1,C03
200800055084,0,7,0,0,2,3,19,A01
200800055084,0,7,0,0,2,1,1,B02
200800055085,0,17,0,0,2,1,2,A01
200800055085,0,17,0,0,0,4,2,B02
200800055086,0,17,0,0,2,1,17,A01
200800055086,0,7,0,0,0,4,3,B02
200800055087,0,30,0,0,2,1,19,A01
200800055087,0,30,0,0,2,1,1,B02
200800055088,0,7,0,0,0,4,2,A01
200800055088,0,7,0,0,2,4,2,B02
200800055088,0,33,0,0,2,1,2,C03
200800055089,0,30,0,6,0,1,1,A01
200800055089,0,30,0,0,2,1,2,B02
200800055090,0,7,0,0,2,5,4,A01
200800055090,0,31,0,0,2,1,1,B02
200800055091,0,10,0,0,0,6,15,A01
200800055091,0,30,0,0,0,1,1,B02
200800055092,0,7,0,0,0,8,19,A01
200800055093,0,7,0,0,2,1,1,A01
200800055093,0,7,0,0,2,8,15,B02
200800055094,0,10,0,8,0,3,1,A01
200800055095,0,7,0,16,0,1,1,A01
200800055096,0,7,0,0,0,1,0,A01
200800055096,0,2,0,0,0,4,0,B02
200800055097,0,10,0,0,0,0,1,A01
200800055098,0,7,0,0,2,3,0,A01
200800055098,0,14,0,0,2,3,0,B02
200800055099,0,7,0,0,2,5,1,A01
200800055099,0,33,0,0,2,1,1,B02
200800055100,0,30,0,0,2,1,2,A01
200800055100,0,7,0,0,9,4,23,B02
200800055100,0,15,0,0,9,0,1,C03
200800055101,0,33,0,0,2,1,1,A01
200800055101,0,7,0,0,2,8,15,B02
200800055102,0,7,0,2,0,1,12,A01
200800055103,0,7,0,16,0,3,13,A01
200800055104,0,10,0,0,2,3,1,A01
200800055104,0,10,0,0,2,3,1,B02
200800055105,0,7,0,0,2,1,1,A01
200800055105,0,14,0,0,2,4,9,B02
200800055106,0,14,0,0,1,1,15,A01
200800055107,0,7,0,0,2,6,1,A01
200800055107,0,10,0,0,2,1,1,B02
200800055108,0,7,0,0,2,2,1,A01
200800055108,0,7,0,0,2,4,1,B02
200800055108,0,7,0,0,2,4,1,C03
200800055108,0,7,0,0,0,4,1,D04
200800055109,0,21,0,0,2,6,2,A01
200800055109,0,2,0,0,2,1,2,B02
200800055110,0,30,0,0,2,7,1,A01
200800055110,0,7,0,0,2,1,15,B02
200800055111,0,7,0,13,0,2,1,A01
200800055112,0,33,0,0,2,8,17,A01
200800055112,0,7,0,0,2,8,1,B02
200800055113,0,7,0,0,0,6,12,A01
200800055113,0,7,0,0,2,2,12,B02
200800055114,0,7,0,0,0,4,1,A01
200800055114,0,7,0,0,0,9,1,B02
200800055114,0,7,0,0,0,9,1,C03
200800055114,0,7,0,0,0,2,1,D04
200800055115,0,7,0,0,0,7,15,A01
200800055115,0,2,0,0,2,1,1,B02
200800055116,0,7,0,0,2,5,5,A01
200800055116,0,7,0,0,2,3,1,B02
200800055117,0,7,0,0,0,3,1,A01
200800055117,0,21,0,0,0,6,1,B02
200800055118,0,7,0,0,2,2,1,A01
200800055118,0,33,0,0,2,8,1,B02
200800055119,0,7,0,16,0,0,1,A01
200800055120,0,7,0,0,0,1,1,A01
200800055120,0,7,0,7,0,3,15,B02
200800055121,0,7,0,0,2,2,1,A01
200800055121,0,7,0,0,2,8,1,B02
200800055122,0,7,0,0,0,6,15,A01
200800055122,0,7,0,0,2,8,21,B02
200800055122,0,7,0,0,2,2,2,C03
200800055123,0,7,0,0,2,8,1,B02
200800055123,0,33,0,0,2,1,1,A01
200800055124,0,7,0,0,0,3,1,A01
200800055125,0,7,0,10,0,1,1,A01
200800055126,0,7,0,0,1,2,1,A01
200800055127,0,7,0,8,0,7,1,A01
200800055128,0,7,0,13,0,2,1,A01
200800055129,0,7,0,0,0,3,17,A01
200800055129,0,7,0,0,0,8,1,B02
200800055129,0,14,0,0,0,3,1,C03
200800055130,0,7,0,0,2,2,9,B02
200800055130,0,7,0,0,2,1,1,A01
200800055131,0,7,0,6,0,2,1,A01
200800055132,0,7,0,13,0,1,1,A01
200800055132,0,7,0,0,2,1,23,B02
200800055132,0,7,0,0,2,4,23,C03
200800055132,0,7,0,1,0,1,1,D04
200800055133,0,10,0,2,0,1,1,A01
200800055134,0,7,0,0,0,3,10,A01
200800055134,0,33,0,0,2,1,1,B02
200800055135,0,7,0,2,0,3,14,A01
200800055136,0,7,0,6,0,3,1,A01
200800055137,0,7,0,13,0,3,13,A01
200800055138,0,33,0,0,6,1,1,A01
200800055139,0,7,0,0,2,2,1,A01
200800055139,0,7,0,0,2,6,19,B02
200800055140,0,10,0,0,1,2,1,A01
200800055141,0,7,0,0,0,1,2,A01
200800055141,0,7,0,0,1,4,2,B02
200800055142,0,30,0,11,0,1,1,A01
200800055143,0,7,0,0,0,6,15,A01
200800055143,0,33,0,0,2,2,17,B02
200800055144,0,7,0,0,1,3,1,A01
200800055145,0,7,0,0,2,3,0,A01
200800055145,0,7,0,0,2,3,0,B02
200800055146,0,7,0,13,0,2,14,A01
200800055147,0,7,0,2,0,1,13,A01
200800055148,0,7,0,3,0,1,13,A01
200800055149,0,7,0,13,0,1,1,A01
200800055150,0,7,0,0,2,0,9,A01
200800055150,0,7,0,0,2,2,1,B02
200800055151,0,33,0,0,2,1,17,A01
200800055151,0,7,0,0,2,3,1,B02
200800055152,0,10,0,0,2,3,1,A01
200800055152,0,1,0,0,2,6,19,B02
200800055153,0,10,0,0,2,5,1,A01
200800055153,0,20,0,0,2,1,1,B02
200800055154,0,7,0,0,2,7,19,A01
200800055154,0,2,0,0,2,1,1,B02
200800055155,0,7,0,13,0,3,1,A01
200800055156,0,2,0,6,0,7,1,A01
200800055157,0,7,0,0,2,1,1,A01
200800055157,0,7,0,0,2,2,15,B02
200800055158,0,7,0,0,1,3,2,A01
200800055159,0,7,0,0,1,3,1,A01
200800055160,0,30,0,6,0,8,1,A01
200800055161,0,7,0,8,0,8,1,A01
200800055162,0,30,0,0,2,2,1,B02
200800055162,0,7,0,0,2,1,19,A01
200800055163,0,7,0,0,1,2,1,A01
200800055164,0,7,0,0,2,1,19,A01
200800055164,0,30,0,0,2,1,1,B02
200800055165,0,7,0,0,2,3,9,A01
200800055165,0,30,0,0,2,1,1,B02
200800055166,0,7,0,0,2,2,15,A01
200800055166,0,1,0,0,2,1,1,B02
200800055167,0,7,0,0,1,2,16,A01
200800055168,0,7,0,0,2,4,1,A01
200800055168,0,7,0,0,2,1,1,B02
200800055169,0,7,0,0,2,2,15,A01
200800055169,0,30,0,0,2,3,1,B02
200800055170,0,7,0,0,0,5,16,A01
200800055170,0,1,0,0,2,1,1,B02
200800055171,0,7,0,0,2,2,17,A01
200800055171,0,7,0,0,2,6,15,B02
200800055172,0,7,0,13,0,1,1,A01
200800055173,0,7,0,0,2,1,1,B02
200800055173,0,7,0,0,2,5,1,A01
200800055174,0,7,0,0,1,1,1,A01
200800055175,0,7,0,1,0,1,1,A01
200800055175,0,10,0,0,0,1,24,B02
200800055176,0,7,0,0,1,4,4,A01
200800055177,0,2,0,1,0,1,1,A01
200800055178,0,7,0,0,1,1,1,A01
200800055179,0,7,0,16,0,3,14,A01
200800055180,0,7,0,0,2,3,11,A01
200800055180,0,7,0,0,2,3,0,B02
200800055181,0,7,0,0,1,2,1,A01
200800055182,0,31,0,0,2,2,17,A01
200800055182,0,30,0,0,2,6,15,B02
200800055183,0,7,0,0,2,3,15,A01
200800055183,0,33,0,0,2,1,1,B02
200800055184,0,7,0,0,2,2,13,A01
200800055184,0,7,0,0,2,3,1,B02
200800055185,0,7,0,0,0,0,1,A01
200800055185,0,1,0,0,0,4,2,B02
200800055186,0,7,0,0,1,2,21,A01
200800055186,0,14,0,0,0,0,23,B02
200800055187,0,30,0,0,0,1,16,A01
200800055187,0,10,0,0,0,7,1,B02
200800055188,0,31,0,2,0,2,14,A01
200800055189,0,10,0,0,2,3,21,A01
200800055189,0,7,0,0,2,3,0,B02
200800055190,0,7,0,0,2,1,5,A01
200800055190,0,2,0,0,2,1,1,B02
200800055191,0,2,0,0,2,8,5,A01
200800055191,0,7,0,0,2,8,1,B02
200800055191,0,7,0,0,2,8,1,C03
200800055192,0,7,0,13,0,2,14,A01
200800055193,0,7,0,13,0,1,13,A01
200800055193,0,7,0,0,2,3,1,B02
200800055194,0,7,0,0,2,8,9,A01
200800055194,0,7,0,0,2,1,1,B02
200800055195,0,7,0,0,2,0,1,A01
200800055195,0,1,0,0,2,5,19,B02
200800055196,0,7,0,0,2,2,9,A01
200800055196,0,33,0,0,2,1,1,B02
200800055197,0,33,0,0,2,1,1,A01
200800055197,0,7,0,0,2,3,19,B02
200800055198,0,7,0,0,2,3,15,A01
200800055198,0,7,0,0,2,5,2,B02
200800055199,0,7,0,0,0,2,15,A01
200800055199,0,7,0,0,0,3,1,B02
200800055200,0,7,0,0,9,3,13,A01
200800055200,0,13,0,0,2,3,1,B02
200800055201,0,10,0,0,2,1,1,A01
200800055201,0,10,0,0,2,1,1,B02
200800055201,0,10,0,0,2,1,1,C03
200800055201,0,10,0,0,2,2,0,D04
200800055202,0,1,0,0,9,1,1,A01
200800055203,0,7,0,0,2,2,2,A01
200800055203,0,2,0,0,0,4,2,B02
200800055204,0,33,0,0,0,7,14,A01
200800055205,0,30,0,0,2,1,15,B02
200800055205,0,7,0,0,2,2,19,A01
200800055206,0,7,0,0,1,3,16,A01
200800055207,0,7,0,2,0,2,0,A01
200800055208,0,7,0,0,2,3,11,A01
200800055208,0,33,0,0,2,5,17,B02
200800055209,0,7,0,0,2,3,13,A01
200800055209,0,7,0,0,2,3,1,B02
200800055210,0,33,0,3,0,7,14,A01
200800055211,0,7,0,0,2,1,17,A01
200800055211,0,7,0,0,2,8,1,B02
200800055212,0,33,0,0,2,1,17,A01
200800055212,0,7,0,0,2,3,15,B02
200800055213,0,33,0,0,2,1,1,A01
200800055213,0,7,0,0,2,6,15,B02
200800055214,0,37,0,0,2,3,1,A01
200800055214,0,2,0,0,2,1,10,B02
200800055215,0,7,0,0,2,3,9,A01
200800055215,0,30,0,0,2,1,1,B02
200800055216,0,7,0,6,0,1,1,A01
200800055217,0,30,0,12,0,7,1,A01
200800055218,0,7,0,0,1,2,1,A01
200800055219,0,7,0,0,2,3,15,A01
200800055219,0,7,0,0,2,1,17,B02
200800055220,0,7,0,0,2,3,1,A01
200800055220,0,7,0,0,2,3,1,B02
200800055221,0,7,0,0,2,3,13,A01
200800055221,0,21,0,0,2,3,1,B02
200800055222,0,7,0,13,2,2,13,A01
200800055222,0,10,0,0,2,3,1,B02
200800055223,0,7,0,0,2,3,13,A01
200800055223,0,7,0,0,2,3,2,B02
200800055224,0,30,0,6,2,3,19,A01
200800055224,0,7,0,0,2,2,1,B02
200800055225,0,7,0,0,1,1,1,A01
200800055226,0,7,0,0,2,1,1,A01
200800055226,0,30,0,0,2,1,13,B02
200800055227,0,13,0,0,2,1,1,B02
200800055227,0,13,0,0,2,8,19,A01
200800055228,0,33,0,0,2,1,17,A01
200800055228,0,21,0,0,2,8,15,B02
200800055229,0,33,0,0,2,1,1,A01
200800055229,0,10,0,0,0,5,19,B02
200800055230,0,7,0,0,2,1,15,A01
200800055230,0,31,0,0,2,1,1,B02
200800055231,0,7,0,0,2,1,13,A01
200800055231,0,7,0,0,2,1,1,B02
200800055232,0,7,0,0,2,1,17,A01
200800055232,0,15,0,0,2,3,0,B02
200800055232,0,10,0,0,2,1,0,C03
200800055233,0,7,0,0,0,3,1,B02
200800055233,0,2,0,0,2,1,1,A01
200800055234,0,10,0,0,2,3,16,A01
200800055234,0,33,0,0,2,1,1,B02
200800055235,0,7,0,0,2,1,2,A01
200800055235,0,7,0,0,2,4,2,B02
200800055235,0,7,0,0,2,4,2,C03
200800055236,0,30,0,0,2,1,1,A01
200800055236,0,10,0,0,2,3,1,B02
200800055237,0,33,0,6,0,7,1,A01
200800055238,0,7,0,0,2,8,13,A01
200800055238,0,2,0,0,2,8,1,B02
200800055239,0,7,0,0,2,5,19,A01
200800055239,0,7,0,0,2,1,1,B02
200800055240,0,10,0,0,2,7,17,A01
200800055240,0,15,0,0,2,7,1,B02
200800055241,0,21,0,0,2,6,15,A01
200800055241,0,7,0,0,2,1,1,B02
200800055242,0,7,0,0,2,3,15,A01
200800055242,0,33,0,0,2,1,11,B02
200800055243,0,7,0,13,0,2,13,A01
200800055244,0,7,0,16,0,1,1,A01
200800055245,0,15,0,0,2,1,2,A01
200800055245,0,7,0,0,2,4,23,B02
200800055245,0,7,0,0,2,4,23,C03
200800055245,0,7,0,0,2,4,23,D04
200800055245,0,7,0,0,2,4,23,E05
200800055245,0,15,0,0,0,4,23,F06
200800055246,0,30,0,2,0,1,1,A01
200800055247,0,7,0,2,0,1,1,A01
200800055248,0,7,0,13,0,7,1,A01
200800055249,0,7,0,0,2,2,17,A01
200800055249,0,37,0,0,2,6,1,B02
200800055250,0,7,0,0,2,1,2,A01
200800055250,0,14,0,0,0,6,15,B02
200800055251,0,7,0,0,1,2,1,A01
200800055252,0,33,0,0,2,1,17,A01
200800055252,0,10,0,0,2,8,1,B02
200800055252,0,7,0,0,2,4,17,C03
200800055253,0,30,0,0,0,1,1,A01
200800055254,0,7,0,0,2,2,21,A01
200800055254,0,7,0,0,2,1,21,B02
200800055255,0,7,0,0,2,3,13,A01
200800055255,0,7,0,0,2,3,13,B02
200800055256,0,7,0,0,2,2,1,A01
200800055256,0,21,0,5,2,4,1,B02
200800055257,0,31,0,3,0,3,13,A01
200800055258,0,30,0,0,2,1,19,A01
200800055258,0,7,0,0,2,8,1,B02
200800055259,0,2,0,0,2,1,19,B02
200800055259,0,7,0,0,2,3,1,A01
200800055260,0,7,0,0,2,8,23,A01
200800055260,0,3,0,1,0,1,1,B02
200800055261,0,7,0,0,1,2,1,A01
200800055262,0,14,0,6,0,8,1,A01
200800055263,0,33,0,0,2,1,1,A01
200800055263,0,99,0,0,0,6,1,B02
200800055264,0,7,0,0,0,0,1,A01
200800055265,0,7,0,2,0,3,19,A01