Num_Acc,senc,catv,occutc,obs,obsm,choc,manv,num_veh
200800055266,0,7,0,0,2,2,13,A01
200800055266,0,7,0,0,2,3,1,B02
200800055267,0,7,0,0,2,2,13,A01
200800055267,0,30,0,0,2,8,15,B02
200800055268,0,7,0,0,0,1,1,A01
200800055269,0,30,0,0,0,7,1,A01
200800055269,0,7,0,0,0,1,15,B02
200800055270,0,33,0,0,2,1,17,A01
200800055270,0,13,0,0,0,6,15,B02
200800055271,0,7,0,0,2,3,15,A01
200800055271,0,2,0,0,2,1,1,B02
200800055272,0,2,0,0,0,5,0,A01
200800055272,0,7,0,0,2,3,0,B02
200800055273,0,14,0,16,0,1,15,A01
200800055273,0,31,0,0,0,1,1,B02
200800055274,0,7,0,0,1,2,1,A01
200800055275,0,7,0,0,1,2,1,A01
200800055276,0,7,0,0,9,2,13,A01
200800055276,0,1,0,0,2,3,13,B02
200800055277,0,7,0,16,1,8,1,A01
200800055278,0,7,0,0,2,8,19,A01
200800055278,0,2,0,0,2,0,1,B02
200800055279,0,7,0,0,2,1,5,A01
200800055279,0,33,0,0,2,1,1,B02
200800055280,0,7,0,0,2,1,2,A01
200800055280,0,10,0,0,2,4,23,B02
200800055281,0,30,0,0,2,1,18,A01
200800055281,0,7,0,0,2,7,16,B02
200800055282,0,7,0,0,9,1,15,B02
200800055282,0,30,0,0,2,1,23,A01
200800055283,0,30,0,0,2,1,0,B02
200800055283,0,7,0,0,2,3,15,A01
200800055284,0,10,0,0,2,2,1,A01
200800055284,0,10,0,0,2,2,1,B02
200800055285,0,2,0,0,1,1,0,A01
200800055286,0,7,0,0,1,2,1,A01
200800055287,0,7,0,0,1,2,1,A01
200800055288,0,17,0,12,0,7,1,A01
200800055289,0,7,0,0,0,3,17,A01
200800055289,0,7,0,0,2,1,1,B02
200800055290,0,33,0,13,0,1,14,A01
200800055290,0,7,0,0,0,0,19,B02
200800055291,0,7,0,0,0,2,1,A01
200800055291,0,33,0,0,2,4,1,B02
200800055292,0,7,0,13,0,3,1,A01
200800055293,0,2,0,0,2,1,13,A01
200800055293,0,7,0,0,9,8,0,B02
200800055294,0,30,0,0,2,6,13,A01
200800055294,0,7,0,0,9,3,1,B02
200800055295,0,10,0,0,0,1,15,A01
200800055295,0,7,0,0,0,2,1,B02
200800055296,0,33,0,0,2,1,17,A01
200800055296,0,10,0,0,2,4,1,B02
200800055297,0,7,0,0,2,1,5,A01
200800055297,0,2,0,0,2,1,1,B02
200800055298,0,17,0,0,1,1,1,A01
200800055299,0,7,0,0,2,2,2,A01
200800055299,0,1,0,0,0,4,1,B02
200800055300,0,17,0,0,0,4,1,A01
200800055300,0,31,0,0,2,1,2,B02
200800055301,0,7,0,0,2,7,15,A01
200800055301,0,7,0,0,2,1,1,B02
200800055302,0,7,0,0,2,3,15,A01
200800055302,0,31,0,0,2,1,1,B02
200800055303,0,30,0,0,2,7,5,A01
200800055303,0,7,0,0,2,7,21,B02
200800055304,0,7,0,0,2,2,1,A01
200800055304,0,7,0,0,2,1,13,B02
200800055305,0,30,0,0,2,1,1,A01
200800055305,0,7,0,0,2,8,1,B02
200800055306,0,7,0,0,2,2,15,A01
200800055306,0,33,0,0,2,1,1,B02
200800055307,0,10,0,15,0,3,1,A01
200800055308,0,7,0,6,0,3,1,A01
200800055309,0,33,0,0,2,3,13,A01
200800055309,0,7,0,0,2,3,21,B02
200800055310,0,7,0,0,2,1,13,A01
200800055310,0,7,0,0,2,1,1,B02
200800055311,0,31,0,13,0,7,14,A01
200800055312,0,33,0,0,0,1,1,A01
200800055313,0,7,0,8,0,2,0,A01
200800055314,0,7,0,0,2,3,13,A01
200800055314,0,7,0,0,2,8,1,B02
200800055315,0,7,0,13,0,1,1,A01
200800055316,0,7,0,0,2,1,1,A01
200800055316,0,7,0,0,2,1,13,B02
200800055317,0,7,0,13,0,1,1,A01
200800055318,0,7,0,0,0,5,15,A01
200800055318,0,7,0,0,0,1,1,B02
200800055319,0,7,0,2,0,7,1,A01
200800055320,0,1,0,0,2,1,13,A01
200800055320,0,7,0,0,2,3,1,B02
200800055321,0,7,0,0,2,2,13,A01
200800055321,0,7,0,0,2,1,1,B02
200800055322,0,2,0,16,0,7,1,A01
200800055323,0,2,0,0,2,1,1,A01
200800055323,0,7,0,0,2,6,15,B02
200800055324,0,7,0,6,0,7,0,A01
200800055325,0,30,0,0,2,1,1,A01
200800055325,0,7,0,0,2,3,1,B02
200800055326,0,7,0,0,2,1,13,A01
200800055326,0,17,0,0,0,1,1,B02
200800055327,0,7,0,6,0,1,1,A01
200800055328,0,1,0,0,2,8,19,A01
200800055328,0,13,0,0,2,2,1,B02
200800055329,0,2,0,0,0,0,1,A01
200800055330,0,7,0,13,0,3,1,A01
200800055331,0,7,0,0,1,3,15,A01
200800055332,0,7,0,0,9,3,17,A01
200800055332,0,1,0,0,2,7,15,B02
200800055333,0,7,0,0,0,8,15,A01
200800055333,0,2,0,0,2,1,17,B02
200800055334,0,7,0,0,2,3,1,A01
200800055334,0,7,0,0,2,3,1,B02
200800055335,0,7,0,16,2,1,1,A01
200800055335,0,7,0,0,2,8,19,B02
200800055336,0,7,0,0,2,1,15,A01
200800055336,0,2,0,0,2,1,1,B02
200800055337,0,7,0,2,0,2,13,A01
200800055338,0,7,0,0,0,1,13,A01
200800055339,0,7,0,16,0,9,1,A01
200800055340,0,7,0,6,2,9,19,A01
200800055340,0,7,0,6,2,3,21,B02
200800055340,0,7,0,0,2,3,1,C03
200800055341,0,14,0,6,0,3,13,A01
200800055342,0,7,0,6,0,1,13,A01
200800055343,0,7,0,0,2,1,17,A01
200800055343,0,2,0,0,2,1,1,B02
200800055344,0,7,0,0,1,6,4,A01
200800055345,0,30,0,12,0,1,15,A01
200800055346,0,30,0,0,2,6,15,A01
200800055346,0,31,0,0,2,1,1,B02
200800055347,0,7,0,0,2,2,1,A01
200800055347,0,7,0,0,1,6,16,B02
200800055348,0,7,0,13,0,2,1,A01
200800055349,0,7,0,2,0,9,13,A01
200800055350,0,7,0,8,0,8,17,A01
200800055351,0,7,0,0,2,5,14,A01
200800055351,0,7,0,0,2,8,1,B02
200800055352,0,14,0,0,1,1,1,A01
200800055353,0,7,0,6,0,9,1,A01
200800055354,0,15,0,0,2,1,1,A01
200800055354,0,7,0,0,0,8,1,B02
200800055355,0,7,0,3,0,3,1,A01
200800055356,0,30,0,8,0,5,1,A01
200800055357,0,7,0,0,1,2,1,A01
200800055358,0,31,0,6,0,1,1,A01
200800055359,0,33,0,0,2,1,13,A01
200800055359,0,7,0,0,2,3,1,B02
200800055360,0,7,0,2,0,1,16,A01
200800055361,0,17,0,0,2,3,17,A01
200800055361,0,30,0,0,2,1,1,B02
200800055362,0,7,0,0,0,3,17,A01
200800055362,0,33,0,0,0,8,1,B02
200800055363,0,7,0,0,2,1,13,A01
200800055363,0,7,0,0,2,1,1,B02
200800055364,0,7,0,0,2,3,13,A01
200800055364,0,7,0,0,2,3,1,B02
200800055365,0,7,0,8,1,8,21,A01
200800055366,0,34,0,0,2,7,1,A01
200800055367,0,7,0,0,0,1,1,A01
200800055367,0,7,0,0,0,1,13,B02
200800055368,0,7,0,0,2,2,1,A01
200800055368,0,7,0,0,2,1,19,B02
200800055369,0,1,0,0,2,8,1,A01
200800055369,0,7,0,0,2,1,15,B02
200800055370,0,7,0,0,2,1,13,A01
200800055370,0,7,0,0,2,1,1,B02
200800055371,0,7,0,0,2,1,13,A01
200800055371,0,7,0,0,2,3,1,B02
200800055372,0,7,0,2,0,7,2,A01
200800055373,0,1,0,0,2,1,2,A01
200800055374,0,7,0,0,1,1,1,A01
200800055375,0,7,0,13,0,2,1,A01
200800055376,0,7,0,0,1,1,1,A01
200800055377,0,30,0,0,2,1,1,A01
200800055377,0,30,0,0,2,1,1,B02
200800055378,0,7,0,14,0,1,1,A01
200800055378,0,7,0,14,0,4,1,B02
200800055378,0,7,0,14,0,4,1,C03
200800055379,0,7,0,0,2,7,13,A01
200800055379,0,7,0,0,2,1,1,B02
200800055380,0,7,0,0,0,7,15,A01
200800055380,0,33,0,0,0,1,1,B02
200800055381,0,33,0,16,0,1,1,A01
200800055382,0,33,0,0,0,5,1,A01
200800055383,0,7,0,13,0,2,14,A01
200800055384,0,7,0,0,2,8,13,A01
200800055384,0,7,0,0,2,1,1,B02
200800055385,0,14,0,0,2,1,0,A01
200800055385,0,7,0,0,2,8,1,B02
200800055386,0,7,0,13,0,1,1,A01
200800055387,0,10,0,0,0,0,1,A01
200800055387,0,99,0,0,2,8,1,B02
200800055387,0,10,0,6,2,3,1,C03
200800055387,0,7,0,0,2,1,1,D04
200800055388,0,7,0,0,2,1,1,A01
200800055388,0,10,0,0,2,3,1,B02
200800055389,0,7,0,2,0,3,1,A01
200800055390,0,33,0,0,2,4,1,A01
200800055390,0,33,0,0,2,1,1,B02
200800055391,0,7,0,2,0,1,1,A01
200800055392,0,7,0,13,0,1,1,A01
200800055393,0,7,0,13,0,1,1,A01
200800055394,0,7,0,13,0,9,1,A01
200800055395,0,7,0,2,0,7,1,A01
200800055396,0,33,0,13,0,1,1,A01
200800055397,0,7,0,0,2,3,15,A01
200800055397,0,10,0,0,2,1,1,B02
200800055398,0,30,0,13,0,1,1,A01
200800055399,0,7,0,2,0,1,1,A01
200800055400,0,7,0,0,0,8,6,A01
200800055400,0,30,0,0,2,1,2,B02
200800055401,0,1,0,1,0,1,13,A01
200800055401,0,7,0,0,9,1,23,B02
200800055402,0,33,0,0,2,7,16,A01
200800055402,0,33,0,0,2,8,1,B02
200800055403,0,33,0,0,0,0,17,A01
200800055404,0,15,0,8,0,3,1,A01
200800055405,0,14,0,0,0,0,15,A01
200800055405,0,33,0,6,0,8,21,B02
200800055406,0,30,0,0,1,1,17,A01
200800055407,0,15,0,8,0,1,1,A01
200800055408,0,13,0,6,0,1,13,A01
200800055409,0,7,0,0,2,3,13,A01
200800055409,0,7,0,0,2,2,1,B02
200800055410,0,7,0,0,2,5,15,A01
200800055410,0,1,0,0,2,1,1,B02
200800055411,0,7,0,0,2,5,15,A01
200800055411,0,33,0,0,2,1,1,B02
200800055412,0,7,0,13,0,1,1,A01
200800055413,0,7,0,8,0,2,13,A01
200800055414,0,7,0,0,2,1,13,A01
200800055414,0,15,0,0,2,1,1,B02
200800055415,0,7,0,0,2,2,1,A01
200800055415,0,7,0,0,2,1,1,B02
200800055416,0,7,0,0,2,1,13,A01
200800055416,0,7,0,0,2,1,1,B02
200800055416,0,7,0,0,2,2,1,C03
200800055416,0,7,0,0,2,2,1,D04
200800055417,0,30,0,0,0,7,0,A01
200800055418,0,7,0,0,2,1,15,A01
200800055418,0,33,0,0,2,1,1,B02
200800055419,0,7,0,0,2,1,17,A01
200800055419,0,7,0,0,2,1,1,B02
200800055420,0,17,0,0,0,6,24,A01
200800055420,0,7,0,1,0,2,1,B02
200800055421,0,33,0,0,2,3,13,A01
200800055421,0,7,0,0,2,3,1,B02
200800055422,0,7,0,10,0,1,1,A01
200800055423,0,10,0,0,2,3,1,A01
200800055423,0,3,0,0,2,3,13,B02
200800055424,0,10,0,2,0,3,0,A01
200800055425,0,7,0,0,2,1,1,A01
200800055425,0,2,0,0,2,1,1,B02
200800055426,0,7,0,6,0,9,1,A01
200800055427,0,7,0,13,0,3,13,A01
200800055428,0,99,0,2,0,1,1,A01
200800055429,0,7,0,8,0,5,1,A01
200800055430,0,7,0,0,2,2,15,A01
200800055430,0,33,0,0,2,3,1,B02
200800055431,0,7,0,0,2,1,15,A01
200800055431,0,7,0,0,2,1,1,B02
200800055432,0,7,0,0,2,2,15,A01
200800055432,0,7,0,0,2,1,1,B02
200800055432,0,7,0,0,2,1,23,C03
200800055433,0,7,0,13,0,3,1,A01
200800055434,0,7,0,6,0,8,14,A01
200800055435,0,7,0,0,2,6,0,A01
200800055435,0,33,0,0,2,1,1,B02
200800055436,0,7,0,0,0,7,15,A01
200800055436,0,33,0,0,0,2,1,B02
200800055437,0,17,0,0,0,0,22,A01
200800055437,0,1,0,0,0,7,1,B02
200800055438,0,7,0,0,2,3,15,A01
200800055438,0,2,0,0,2,1,1,B02
200800055439,0,7,0,0,1,8,1,A01
200800055440,0,7,0,0,2,3,1,A01
200800055440,0,7,0,0,2,3,15,B02
200800055441,0,7,0,0,1,2,1,A01
200800055442,0,7,0,0,2,3,13,A01
200800055442,0,17,0,0,2,3,1,B02
200800055443,0,10,0,0,2,7,15,A01
200800055443,0,2,0,0,2,1,1,C03
200800055444,0,7,0,13,0,1,1,A01
200800055445,0,2,0,0,2,7,15,A01
200800055445,0,7,0,0,2,1,1,B02
200800055446,0,7,0,0,6,1,0,A01
200800055447,0,7,0,2,0,1,1,A01
200800055448,0,10,0,0,2,2,2,A01
200800055448,0,1,0,0,2,4,2,B02
200800055449,0,7,0,0,2,2,15,A01
200800055449,0,7,0,0,2,3,1,B02
200800055450,0,7,0,13,0,3,1,A01
200800055451,0,10,0,0,1,2,1,A01
200800055452,0,7,0,0,2,1,17,A01
200800055452,0,7,0,0,2,1,21,B02
200800055453,0,33,0,0,2,3,13,A01
200800055453,0,7,0,0,2,3,1,B02
200800055454,0,7,0,0,2,1,1,A01
200800055454,0,7,0,0,2,8,19,B02
200800055455,0,7,0,0,2,1,13,A01
200800055455,0,7,0,0,2,7,23,B02
200800055456,0,7,0,0,1,2,1,A01
200800055457,0,7,0,0,2,3,1,A01
200800055457,0,7,0,0,2,2,19,B02
200800055458,0,7,0,0,2,3,1,A01
200800055458,0,10,0,0,2,3,1,B02
200800055459,0,7,0,2,0,1,1,A01
200800055460,0,7,0,0,0,3,1,A01
200800055461,0,33,0,11,0,1,6,A01
200800055461,0,15,0,0,0,0,1,B02
200800055462,0,7,0,0,2,3,1,A01
200800055462,0,7,0,0,2,3,1,B02
200800055463,0,7,0,0,9,2,1,A01
200800055463,0,1,0,0,2,8,19,B02
200800055464,0,33,0,0,2,2,1,A01
200800055464,0,7,0,0,0,4,15,B02
200800055465,0,7,0,6,0,1,1,A01
200800055466,0,33,0,0,2,1,17,A01
200800055466,0,7,0,0,0,6,23,B02
200800055467,0,7,0,2,0,3,13,A01
200800055468,0,7,0,0,2,1,1,A01
200800055468,0,7,0,0,2,3,1,B02
200800055468,0,31,0,0,2,4,15,C03
200800055469,0,7,0,0,2,1,15,A01
200800055469,0,7,0,0,2,1,1,B02
200800055470,0,7,0,0,2,7,17,A01
200800055470,0,7,0,0,2,1,1,B02
200800055471,0,33,0,0,2,1,1,A01
200800055471,0,7,0,0,2,1,15,B02
200800055472,0,7,0,0,2,3,1,A01
200800055472,0,7,0,0,2,3,13,B02
200800055472,0,7,0,14,0,1,1,C03
200800055473,0,7,0,0,2,4,23,A01
200800055473,0,2,0,0,2,1,2,B02
200800055474,0,32,0,0,2,7,19,A01
200800055474,0,7,0,0,2,2,1,B02
200800055475,0,7,0,0,2,1,2,A01
200800055475,0,7,0,0,0,4,15,B02
200800055475,0,10,0,0,2,3,1,C03
200800055476,0,7,0,13,0,4,1,A01
200800055477,0,30,0,0,2,1,1,A01
200800055477,0,7,0,0,0,2,15,B02
200800055478,0,7,0,0,2,3,13,A01
200800055478,0,2,0,0,2,1,1,B02
200800055479,0,7,0,0,2,8,1,A01
200800055479,0,30,0,0,2,1,1,B02
200800055480,0,10,0,2,0,1,14,A01
200800055481,0,7,0,0,9,3,0,A01
200800055482,0,7,0,0,2,2,19,B02
200800055482,0,7,0,0,2,3,1,A01
200800055483,0,7,0,0,2,1,19,B02
200800055483,0,2,0,0,2,1,1,A01
200800055484,0,7,0,0,2,3,13,A01
200800055484,0,17,0,0,2,3,1,B02
200800055485,0,1,0,0,5,1,1,A01
200800055485,0,1,0,0,5,1,1,B02
200800055485,0,1,0,0,5,1,1,C03
200800055486,0,30,0,0,2,4,1,A01
200800055486,0,7,0,0,2,5,1,B02
200800055487,0,10,0,0,2,1,13,A01
200800055487,0,21,0,0,2,3,1,B02
200800055488,0,33,0,0,0,0,1,A01
200800055489,0,30,0,0,2,1,13,A01
200800055489,0,10,0,0,2,1,1,B02
200800055490,0,30,0,12,0,1,1,A01
200800055491,0,33,0,13,0,1,1,A01
200800055492,0,31,0,13,0,1,1,A01
200800055493,0,2,0,0,2,8,1,A01
200800055493,0,21,0,0,2,3,1,B02
200800055494,0,2,0,0,2,1,15,A01
200800055494,0,7,0,0,2,3,1,B02
200800055495,0,33,0,0,2,2,1,A01
200800055495,0,1,0,0,2,3,15,B02
200800055496,0,2,0,0,2,0,1,A01
200800055496,0,7,0,0,9,6,1,B02
200800055497,0,7,0,0,2,2,15,A01
200800055497,0,2,0,0,2,1,1,B02
200800055498,0,7,0,0,2,1,1,A01
200800055498,0,38,0,0,2,1,15,B02
200800055499,0,36,0,0,2,7,4,A01
200800055499,0,10,0,0,2,2,1,B02
200800055500,0,7,0,13,0,9,1,A01
200800055501,0,7,0,0,2,1,1,A01
200800055501,0,7,0,0,2,1,1,B02
200800055502,0,30,0,1,0,1,1,A01
200800055502,0,30,0,0,0,4,23,B02
200800055503,0,7,0,13,0,3,1,A01
200800055504,0,33,0,0,2,4,16,A01
200800055504,0,33,0,0,2,1,2,B02
200800055505,0,30,0,0,0,0,1,A01
200800055506,0,7,0,0,9,7,1,A01
200800055506,0,7,0,0,2,8,1,B02
200800055506,0,14,0,0,2,8,13,C03
200800055507,0,7,0,8,0,7,1,A01
200800055508,0,7,0,3,2,1,13,A01
200800055508,0,7,0,0,2,1,1,B02
200800055509,0,14,0,0,1,6,1,A01
200800055510,0,2,0,12,0,1,0,A01
200800055511,0,7,0,6,0,2,1,A01
200800055512,0,7,0,0,1,3,1,A01
200800055513,0,7,0,0,2,7,19,A01
200800055513,0,7,0,0,2,2,1,B02
200800055514,0,7,0,2,0,1,1,A01
200800055515,0,7,0,0,0,8,19,A01
200800055515,0,7,0,0,2,1,1,B02
200800055516,0,21,0,6,0,2,1,A01
200800055517,0,7,0,0,2,1,1,A01
200800055517,0,7,0,0,2,1,1,B02
200800055517,0,7,0,0,2,3,19,C03
200800055518,0,2,0,0,2,8,1,B02
200800055518,0,7,0,0,9,8,13,A01
200800055519,0,33,0,0,6,2,2,A01
200800055520,0,7,0,0,2,1,1,B02
200800055520,0,7,0,13,2,2,19,A01
200800055521,0,7,0,13,0,2,1,A01
200800055522,0,31,0,2,0,6,14,A01
200800055523,0,7,0,6,0,1,14,A01
200800055524,0,7,0,0,1,6,15,A01
200800055525,0,3,0,0,2,7,19,A01
200800055525,0,7,0,0,2,1,1,B02
200800055526,0,7,0,0,1,3,1,A01
200800055527,0,7,0,16,0,0,1,A01
200800055528,0,7,0,0,5,1,0,A01
200800055529,0,7,0,0,0,7,15,A01
200800055529,0,30,0,0,2,1,1,B02
200800055530,0,7,0,0,2,2,1,A01
200800055530,0,2,0,0,0,6,1,B02
200800055531,0,7,0,0,2,2,1,A01
200800055531,0,7,0,0,2,2,23,B02
200800055532,0,7,0,13,0,9,1,A01
200800055533,0,33,0,0,2,2,17,A01
200800055533,0,7,0,0,2,8,15,B02
200800055533,0,7,0,0,0,3,2,C03
200800055534,0,10,0,0,2,3,15,A01
200800055534,0,7,0,0,2,3,1,B02
200800055535,0,7,0,0,2,1,1,A01
200800055535,0,7,0,0,2,1,1,B02
200800055536,0,7,0,0,2,1,1,A01
200800055536,0,7,0,0,2,1,5,B02
200800055537,0,33,0,0,2,1,1,A01
200800055537,0,7,0,0,2,7,15,B02
200800055538,0,10,0,0,2,1,1,A01
200800055538,1,7,0,0,2,8,10,B02
200800055539,0,33,0,0,2,7,1,A01
200800055539,0,7,0,0,9,1,1,B02
200800055540,0,31,0,14,2,1,1,A01
200800055540,0,7,0,14,2,1,15,B02
200800055541,0,2,0,0,2,6,10,A01
200800055541,0,7,0,0,2,1,2,B02
200800055542,0,7,0,0,1,3,15,A01
200800055543,0,7,0,0,2,1,1,A01
200800055543,0,1,0,0,2,7,15,B02
200800055544,0,7,0,0,0,8,15,A01
200800055544,0,32,0,0,0,1,17,B02
200800055545,0,30,0,12,0,3,13,A01
200800055546,0,35,0,13,0,2,1,A01
200800055547,0,7,0,0,2,8,15,A01
200800055547,0,33,0,0,2,1,17,B02
200800055548,0,2,0,0,0,4,15,A01
200800055548,0,1,0,0,2,1,1,B02
200800055549,0,33,0,13,0,1,1,A01
200800055550,1,31,0,0,1,0,1,A01
200800055551,0,7,0,2,0,1,14,A01
200800055552,0,7,0,2,6,1,1,A01
200800055553,0,7,0,6,0,1,1,A01
200800055554,0,7,0,0,2,1,1,A01
200800055554,0,7,0,0,2,3,13,B02
200800055555,0,33,0,3,2,9,13,A01
200800055555,0,10,0,0,2,2,1,B02
200800055556,0,7,0,0,0,7,19,A01
200800055556,0,7,0,0,0,1,1,B02
200800055557,0,7,0,0,2,1,13,A01
200800055557,0,10,0,0,0,1,1,B02
200800055558,0,7,0,0,2,1,1,B02
200800055558,0,7,0,0,2,3,13,A01
200800055559,0,7,0,0,1,2,1,A01
200800055560,0,7,0,0,2,7,13,A01
200800055560,0,7,0,0,2,1,1,B02
200800055561,0,7,0,0,2,1,14,A01
200800055561,0,7,0,0,2,1,1,B02
200800055562,0,7,0,2,0,1,13,A01
200800055563,0,7,0,13,0,3,13,A01
200800055564,0,7,0,0,2,3,13,A01
200800055564,0,7,0,0,2,3,1,B02
200800055564,0,7,0,0,2,5,1,C03
200800055565,0,30,0,2,0,0,1,A01
200800055566,0,7,0,0,2,3,13,A01
200800055566,0,7,0,0,2,3,1,B02
200800055567,0,7,0,0,2,3,13,A01
200800055567,0,10,0,0,2,3,1,B02
200800055568,0,7,0,0,2,1,13,A01
200800055568,0,7,0,0,2,3,21,B02
200800055568,0,7,0,0,2,8,21,C03
200800055568,0,7,0,0,2,6,21,D04
200800055569,0,7,0,0,2,2,13,A01
200800055569,0,7,0,0,2,1,1,B02
200800055569,0,7,0,0,2,6,1,C03
200800055569,0,7,0,0,2,1,1,D04
200800055570,0,7,0,0,0,1,1,A01
200800055571,0,7,0,0,2,3,13,A01
200800055571,0,7,0,0,2,3,1,B02
200800055572,0,7,0,0,2,2,19,A01
200800055572,0,33,0,0,2,1,1,B02
200800055573,0,15,0,6,0,0,1,A01
200800055574,0,7,0,2,0,1,1,A01
200800055575,0,7,0,13,0,1,1,A01
200800055576,0,7,0,2,0,8,13,A01
200800055577,0,30,0,13,0,1,1,A01
200800055578,0,7,0,13,0,1,1,A01
200800055579,0,10,0,0,1,4,4,A01
200800055580,0,33,0,0,2,1,17,A01
200800055580,0,10,0,0,0,6,15,B02
200800055581,0,7,0,0,1,4,4,A01
200800055582,0,7,0,13,0,1,14,A01
200800055583,0,2,0,0,5,1,1,A01
200800055584,0,7,0,2,0,1,13,A01
200800055585,0,7,0,0,2,2,13,A01
200800055585,0,7,0,0,2,1,1,B02
200800055586,0,7,0,16,0,1,1,A01
200800055587,0,21,0,0,2,8,1,A01
200800055587,0,30,0,0,2,1,13,B02
200800055588,0,7,0,13,0,1,1,A01
200800055589,0,30,0,0,2,8,1,A01
200800055589,0,7,0,0,2,3,17,B02
200800055590,0,7,0,0,0,9,13,A01
200800055591,0,36,0,0,5,1,1,A01
200800055592,0,33,0,0,5,1,1,A01
200800055593,0,7,0,0,2,1,1,A01
200800055593,0,10,0,0,2,1,1,B02
200800055594,0,33,0,0,2,1,1,A01
200800055594,0,7,0,0,2,8,15,B02
200800055595,0,1,0,6,0,1,15,A01
200800055596,0,10,0,0,2,3,1,A01
200800055596,0,31,0,0,2,1,1,B02
200800055597,0,7,0,2,0,8,1,A01
200800055598,0,7,0,0,2,4,1,A01
200800055598,0,10,0,0,2,1,1,B02
200800055599,0,7,0,5,0,8,1,A01
200800055600,0,10,0,0,2,3,13,A01
200800055600,0,7,0,0,2,3,1,B02
200800055601,0,7,0,13,0,1,14,A01
200800055602,0,7,0,2,0,8,13,A01
200800055603,0,7,0,2,0,8,1,A01
200800055604,0,1,0,16,0,7,0,A01
200800055605,0,7,0,0,2,3,17,A01
200800055605,0,7,0,0,2,3,1,B02
200800055606,0,7,0,0,2,1,13,A01
200800055606,0,7,0,0,2,3,1,B02
200800055607,0,10,0,0,0,1,13,A01
200800055608,0,21,0,0,2,6,15,A01
200800055608,0,33,0,0,2,1,17,B02
200800055609,0,17,0,0,2,3,1,A01
200800055609,0,7,0,0,2,4,1,C03
200800055609,0,7,0,3,2,7,1,D04
200800055609,0,7,0,0,2,4,1,E05
200800055609,0,10,0,0,2,5,0,F06
200800055610,0,7,0,2,0,7,1,A01
200800055611,0,7,0,0,2,7,15,A01
200800055611,0,7,0,0,2,1,1,B02
200800055612,0,33,0,6,0,7,17,A01
200800055613,0,7,0,2,0,8,13,A01
200800055614,0,7,0,0,1,3,1,A01
200800055615,0,7,0,0,0,3,19,B02
200800055615,0,7,0,0,2,2,1,A01
200800055616,0,7,0,13,0,9,1,A01
200800055617,0,7,0,2,0,8,1,A01
200800055618,0,31,0,1,0,7,1,A01
200800055619,0,7,0,0,2,4,0,A01
200800055619,0,7,0,0,2,1,1,B02
200800055620,0,33,0,0,2,3,2,A01
200800055620,0,1,0,0,0,6,2,B02
200800055621,0,15,0,0,2,3,1,A01
200800055621,0,7,0,0,2,8,19,B02
200800055622,0,7,0,0,2,1,2,A01
200800055622,0,7,0,0,2,1,2,B02
200800055622,0,7,0,0,0,4,15,C03
200800055623,0,7,0,0,0,1,1,A01
200800055623,0,10,0,0,0,1,1,B02
200800055624,0,31,0,0,0,7,1,A01
200800055625,0,7,0,13,0,9,1,A01
200800055626,0,7,0,13,0,1,1,A01
200800055627,0,7,0,2,0,8,14,A01
200800055628,0,7,0,13,0,1,1,A01
200800055629,0,7,0,2,0,1,13,A01
200800055630,0,7,0,14,0,1,1,A01
200800055630,0,7,0,14,0,9,1,B02
200800055630,0,3,0,0,0,4,1,C03
200800055631,0,7,0,0,0,3,15,A01
200800055631,0,31,0,0,2,1,17,B02
200800055632,0,7,0,6,0,2,14,A01
200800055633,0,7,0,0,2,1,19,A01
200800055633,0,30,0,0,2,5,19,B02
200800055634,0,10,0,0,2,8,10,A01
200800055634,0,34,0,0,2,1,2,B02
200800055635,0,30,0,0,1,1,11,A01
200800055636,0,7,0,0,1,2,1,A01
200800055637,0,7,0,0,9,1,1,A01
200800055637,0,1,0,0,2,8,19,B02
200800055638,0,10,0,0,0,0,1,A01
200800055639,0,16,0,0,0,0,10,A01
200800055639,0,30,0,1,0,0,1,B02
200800055640,0,30,0,0,2,1,1,A01
200800055640,0,7,0,0,2,3,15,B02
200800055641,0,7,0,2,0,4,1,A01
200800055642,0,31,0,0,0,7,1,B02
200800055642,0,14,0,0,0,0,1,C03
200800055642,0,7,0,16,0,9,1,A01
200800055643,0,7,0,0,1,7,1,A01
200800055644,0,7,0,0,2,5,9,A01
200800055644,0,7,0,0,2,2,1,B02
200800055645,0,33,0,11,0,7,1,A01
200800055646,0,7,0,2,0,8,1,A01
200800055647,0,7,0,0,2,1,1,A01
200800055647,0,7,0,0,2,8,1,B02
200800055648,0,7,0,0,1,5,1,A01
200800055649,0,14,0,0,2,2,2,A01
200800055649,0,7,0,0,2,6,15,B02
200800055650,0,32,0,0,0,8,1,A01
200800055651,0,7,0,0,1,2,1,A01
200800055652,0,33,0,0,0,0,1,A01
200800055652,0,7,0,0,0,0,6,B02
200800055653,0,7,0,0,2,8,9,A01
200800055653,0,31,0,0,2,1,1,B02
200800055654,0,31,0,0,2,2,1,A01
200800055654,0,7,0,0,2,2,15,B02
200800055655,0,7,0,6,0,1,13,A01
200800055656,0,10,0,0,2,3,6,A01
200800055656,0,31,0,0,2,1,17,B02
200800055657,0,2,0,0,1,1,1,A01