Num_Acc,senc,catv,occutc,obs,obsm,choc,manv,num_veh
200800055658,0,31,0,1,0,1,2,A01
200800055658,0,14,0,0,0,4,24,B02
200800055659,0,10,0,0,0,1,1,A01
200800055659,0,10,0,0,0,1,1,B02
200800055659,0,10,0,0,0,4,1,C03
200800055660,0,33,0,13,0,7,1,A01
200800055661,0,7,0,0,2,5,13,A01
200800055661,0,7,0,0,2,1,1,B02
200800055662,0,10,0,2,0,3,13,A01
200800055663,0,7,0,0,2,3,15,A01
200800055663,0,7,0,0,2,1,1,B02
200800055664,0,7,0,0,2,1,1,A01
200800055664,0,7,0,0,2,2,19,B02
200800055665,0,7,0,0,2,7,15,A01
200800055665,0,7,0,0,2,1,1,B02
200800055666,0,33,0,0,6,8,1,A01
200800055667,0,7,0,0,2,1,9,A01
200800055667,0,33,0,0,2,1,1,B02
200800055668,0,7,0,0,2,3,13,A01
200800055668,0,33,0,0,2,1,0,B02
200800055669,0,7,0,0,2,3,15,A01
200800055669,0,1,0,0,2,1,1,B02
200800055670,0,7,0,0,2,3,10,A01
200800055670,0,2,0,0,2,1,13,B02
200800055671,0,33,0,0,5,1,1,A01
200800055672,0,10,0,0,2,3,1,A01
200800055672,0,2,0,0,2,1,1,B02
200800055673,0,33,0,0,6,1,1,A01
200800055674,0,7,0,0,2,3,9,A01
200800055674,0,33,0,0,2,1,1,B02
200800055675,0,7,0,0,2,2,1,A01
200800055675,0,2,0,0,2,1,0,B02
200800055676,0,7,0,6,0,1,0,A01
200800055677,0,7,0,0,1,2,1,A01
200800055678,0,30,0,0,2,1,13,A01
200800055678,0,7,0,0,2,3,1,B02
200800055679,0,7,0,13,0,3,1,A01
200800055680,0,7,0,0,2,1,19,A01
200800055680,0,7,0,0,2,1,1,B02
200800055681,0,7,0,0,1,2,1,A01
200800055682,0,33,0,3,0,1,1,A01
200800055683,0,7,0,0,1,2,1,A01
200800055684,0,7,0,0,2,6,13,A01
200800055685,0,31,0,0,2,1,1,A01
200800055685,0,7,0,0,2,1,15,B02
200800055686,0,30,0,0,2,1,1,A01
200800055686,0,13,0,0,2,1,15,B02
200800055687,0,7,0,6,0,1,1,A01
200800055688,0,7,0,0,2,1,5,A01
200800055688,0,7,0,0,2,1,0,B02
200800055689,0,7,0,0,1,8,1,A01
200800055690,0,7,0,0,2,7,13,A01
200800055690,0,7,0,0,2,1,1,B02
200800055691,0,7,0,0,2,1,9,A01
200800055691,0,7,0,0,2,1,1,B02
200800055692,0,7,0,0,2,1,19,A01
200800055692,0,7,0,0,2,1,1,B02
200800055693,0,7,0,2,0,1,14,A01
200800055694,0,7,0,0,2,7,15,A01
200800055694,0,2,0,0,2,1,1,B02
200800055695,0,7,0,0,2,1,13,A01
200800055695,0,7,0,0,2,1,1,B02
200800055695,0,7,0,0,2,6,1,C03
200800055696,0,7,0,0,2,1,1,A01
200800055696,0,2,0,0,2,1,15,B02
200800055697,0,7,0,2,0,7,1,A01
200800055698,0,7,0,2,0,3,1,A01
200800055699,0,7,0,0,2,2,15,A01
200800055699,0,2,0,0,2,1,1,B02
200800055700,0,33,0,0,9,1,1,A01
200800055701,0,7,0,0,0,3,17,A01
200800055701,0,2,0,0,0,1,1,B02
200800055701,0,7,0,0,2,2,1,C03
200800055702,0,7,0,0,2,2,1,A01
200800055702,0,7,0,0,2,1,1,B02
200800055703,0,33,0,0,2,9,1,A01
200800055703,0,33,0,0,2,1,1,B02
200800055704,0,7,0,2,0,1,13,A01
200800055705,0,1,0,0,2,1,1,A01
200800055705,0,10,0,0,2,8,1,B02
200800055706,0,33,0,0,1,3,13,A01
200800055707,0,7,0,0,2,2,1,A01
200800055707,0,2,0,0,2,8,15,B02
200800055708,0,7,0,0,2,3,1,A01
200800055708,0,7,0,0,2,8,1,B02
200800055709,0,10,0,0,2,3,19,A01
200800055709,0,7,0,0,2,1,1,B02
200800055710,0,7,0,8,0,2,13,A01
200800055711,0,7,0,2,0,1,13,A01
200800055712,0,7,0,0,2,1,1,A01
200800055712,0,7,0,0,2,1,1,B02
200800055713,0,33,0,8,2,1,0,A01
200800055713,0,7,0,0,2,2,19,B02
200800055714,0,7,0,0,2,1,2,A01
200800055714,0,7,0,0,2,4,15,B02
200800055715,0,7,0,0,2,3,1,A01
200800055715,0,7,0,0,2,3,19,B02
200800055716,0,14,0,0,2,1,2,A01
200800055716,0,21,0,0,0,4,15,B02
200800055717,0,10,0,2,0,9,0,A01
200800055718,0,7,0,16,0,9,1,A01
200800055719,0,7,0,0,2,4,23,A01
200800055719,0,7,0,0,2,1,2,B02
200800055719,0,7,0,0,2,4,2,C03
200800055719,0,7,0,0,2,1,0,D04
200800055720,0,7,0,2,0,2,1,A01
200800055721,0,7,0,0,0,1,13,A01
200800055721,0,7,0,0,2,1,0,B02
200800055722,0,7,0,2,0,2,1,A01
200800055723,0,7,0,0,1,1,1,A01
200800055724,0,7,0,2,0,1,1,A01
200800055725,0,7,0,0,2,7,15,A01
200800055725,0,33,0,0,2,1,1,B02
200800055726,0,7,0,0,2,1,1,A01
200800055726,0,7,0,0,2,1,1,B02
200800055727,0,7,0,0,2,3,1,A01
200800055727,0,7,0,0,2,1,1,B02
200800055728,0,7,0,0,2,3,15,A01
200800055728,0,38,0,0,2,2,1,B02
200800055729,0,7,0,0,2,8,15,A01
200800055729,0,7,0,0,2,1,1,B02
200800055730,0,7,0,0,0,8,13,A01
200800055730,0,7,0,0,0,8,1,B02
200800055730,0,1,0,0,0,1,1,C03
200800055731,0,7,0,1,0,1,1,A01
200800055731,0,14,0,0,0,6,24,B02
200800055732,0,7,0,0,2,8,13,A01
200800055732,0,33,0,0,2,1,17,B02
200800055733,0,7,0,0,2,1,20,A01
200800055733,0,31,0,1,0,1,5,B02
200800055734,0,31,0,0,2,1,13,A01
200800055734,0,7,0,0,2,3,1,B02
200800055735,0,33,0,0,2,1,1,A01
200800055735,0,14,0,0,0,3,1,B02
200800055736,0,38,0,0,0,5,1,A01
200800055737,0,7,0,0,2,8,17,A01
200800055737,0,31,0,0,2,8,16,B02
200800055738,0,7,0,0,2,3,13,A01
200800055738,0,7,0,0,2,6,1,B02
200800055738,0,7,0,0,2,8,1,C03
200800055738,0,31,0,0,2,1,1,D04
200800055738,0,7,0,0,2,8,1,E05
200800055739,0,7,0,0,0,4,1,A01
200800055739,0,7,0,0,0,1,2,B02
200800055740,0,10,0,0,2,3,1,A01
200800055740,0,36,0,0,2,3,1,B02
200800055741,0,7,0,1,0,3,1,A01
200800055741,0,7,0,0,2,3,23,B02
200800055742,0,14,0,0,2,1,1,A01
200800055742,0,7,0,0,2,8,1,B02
200800055743,0,7,0,1,0,2,1,A01
200800055743,0,21,0,0,2,2,23,B02
200800055744,0,7,0,0,0,1,1,A01
200800055744,0,7,0,0,0,1,1,B02
200800055745,0,7,0,0,9,1,15,A01
200800055745,0,1,0,0,2,8,1,B02
200800055746,0,7,0,0,0,7,1,A01
200800055746,0,1,0,0,0,0,1,B02
200800055747,0,7,0,9,0,9,0,A01
200800055748,0,7,0,0,2,1,1,A01
200800055748,0,7,0,0,2,8,19,B02
200800055749,0,10,0,0,0,0,1,A01
200800055750,0,33,0,0,2,2,17,A01
200800055750,0,7,0,0,2,3,15,B02
200800055751,0,10,0,0,0,5,1,A01
200800055751,0,1,0,0,2,1,5,B02
200800055752,0,7,0,0,2,8,1,A01
200800055752,0,17,0,0,2,2,1,B02
200800055753,0,7,0,0,2,8,15,A01
200800055753,0,7,0,0,2,2,1,B02
200800055754,0,7,0,0,2,2,15,A01
200800055754,0,2,0,0,2,1,1,B02
200800055755,0,7,0,2,0,7,1,A01
200800055756,0,30,0,6,0,1,19,A01
200800055757,0,7,0,0,2,2,19,A01
200800055757,0,7,0,0,2,1,1,B02
200800055758,0,2,0,0,2,1,16,A01
200800055758,0,7,0,0,2,3,1,B02
200800055759,0,33,0,0,0,0,0,A01
200800055760,0,7,0,0,0,7,9,A01
200800055760,0,33,0,0,0,1,1,B02
200800055761,0,7,0,0,2,3,15,A01
200800055761,0,7,0,2,2,3,17,B02
200800055762,0,7,0,2,0,7,0,A01
200800055763,0,7,0,0,0,4,1,A01
200800055763,0,7,0,0,2,3,1,B02
200800055764,0,7,0,13,0,9,0,A01
200800055765,0,7,0,0,0,2,1,A01
200800055766,0,20,0,2,0,1,1,A01
200800055767,0,10,0,0,2,3,1,A01
200800055767,0,7,0,0,2,1,1,B02
200800055768,0,33,0,2,0,1,1,A01
200800055769,0,7,0,0,2,3,13,A01
200800055769,0,30,0,0,2,3,1,B02
200800055770,0,7,0,0,2,2,1,A01
200800055770,0,7,0,0,2,2,1,B02
200800055771,0,7,0,0,2,3,15,A01
200800055771,0,7,0,0,2,3,1,B02
200800055772,0,7,0,0,2,7,1,A01
200800055772,0,7,0,0,2,1,1,B02
200800055773,0,7,0,0,2,1,13,A01
200800055773,0,7,0,0,2,3,1,B02
200800055773,0,7,0,0,2,2,1,C03
200800055774,0,10,0,0,2,3,15,A01
200800055774,0,33,0,0,2,5,1,B02
200800055775,0,33,0,0,2,1,2,A01
200800055775,0,21,0,0,0,4,1,B02
200800055776,0,7,0,0,2,2,13,A01
200800055776,0,7,0,0,2,1,1,B02
200800055777,0,33,0,0,0,0,17,A01
200800055778,0,10,0,13,0,3,1,A01
200800055779,0,14,0,0,2,0,1,A01
200800055779,0,10,0,0,2,3,1,B02
200800055780,0,2,0,0,2,1,13,A01
200800055780,0,7,0,0,2,1,1,B02
200800055781,0,7,0,13,0,2,1,A01
200800055782,0,7,0,0,2,3,17,A01
200800055782,0,7,0,0,2,3,1,B02
200800055783,0,14,0,0,2,7,13,A01
200800055783,0,14,0,0,2,1,1,B02
200800055783,0,14,0,0,2,3,1,C03
200800055784,0,7,0,0,2,2,1,A01
200800055784,0,2,0,0,0,4,1,B02
200800055785,0,7,0,13,0,2,1,A01
200800055786,0,7,0,1,0,9,0,A01
200800055787,0,7,0,3,0,3,0,A01
200800055788,0,7,0,0,1,1,1,A01
200800055789,0,31,0,0,2,3,15,A01
200800055789,0,33,0,0,2,2,17,B02
200800055790,0,7,0,0,1,1,1,A01
200800055791,0,7,0,13,0,1,21,A01
200800055792,0,7,0,0,0,1,15,A01
200800055792,0,7,0,0,0,3,1,B02
200800055793,0,7,0,0,2,3,1,A01
200800055793,0,7,0,0,2,3,1,B02
200800055794,0,33,0,13,0,0,1,A01
200800055795,0,7,0,4,6,3,1,A01
200800055796,0,7,0,0,2,1,13,A01
200800055796,0,7,0,0,2,8,1,B02
200800055796,0,7,0,0,2,3,1,C03
200800055797,0,7,0,0,1,3,1,A01
200800055798,0,7,0,16,0,9,1,A01
200800055799,0,7,0,2,0,9,1,A01
200800055800,1,30,0,0,1,1,0,A01
200800055801,0,2,0,0,2,4,15,A01
200800055802,0,7,0,2,0,1,1,A01
200800055803,0,7,0,0,0,3,19,B02
200800055803,0,7,0,0,2,2,1,A01
200800055804,0,7,0,0,1,1,1,A01
200800055805,0,7,0,0,2,4,23,A01
200800055805,0,7,0,0,2,3,1,B02
200800055806,0,33,0,8,0,1,1,A01
200800055807,0,33,0,0,2,3,13,A01
200800055807,0,7,0,0,2,3,0,B02
200800055808,0,7,0,3,0,7,1,A01
200800055809,0,7,0,0,2,3,13,A01
200800055809,0,15,0,0,2,8,1,B02
200800055810,0,7,0,13,0,1,1,A01
200800055811,0,7,0,0,9,6,1,A01
200800055811,0,7,0,0,9,2,1,B02
200800055811,0,31,0,0,2,1,1,C03
200800055812,0,7,0,6,0,3,1,A01
200800055813,0,7,0,0,0,1,1,A01
200800055814,0,31,0,15,0,1,17,A01
200800055815,0,7,0,0,2,1,13,A01
200800055815,0,14,0,0,2,3,1,B02
200800055816,0,33,0,0,2,1,1,A01
200800055816,0,7,0,0,2,1,1,B02
200800055816,0,7,0,0,0,4,23,C03
200800055817,0,7,0,6,0,3,1,A01
200800055818,0,7,0,0,2,2,13,A01
200800055818,0,7,0,0,2,1,1,B02
200800055819,0,7,0,0,2,5,15,A01
200800055819,0,2,0,0,2,2,1,B02
200800055820,0,7,0,0,2,3,15,A01
200800055820,0,32,0,0,2,1,1,B02
200800055821,0,7,0,0,2,1,1,B02
200800055821,0,7,0,0,2,3,15,A01
200800055822,0,2,0,0,0,8,17,A01
200800055823,0,7,0,0,2,3,1,A01
200800055823,0,7,0,0,2,2,13,B02
200800055824,0,7,0,0,0,9,1,A01
200800055825,0,2,0,16,0,0,1,A01
200800055826,0,7,0,0,2,1,2,A01
200800055826,0,13,0,0,2,4,2,B02
200800055827,0,7,0,6,0,7,1,A01
200800055828,0,7,0,13,0,0,1,A01
200800055829,0,7,0,0,2,1,13,A01
200800055829,0,7,0,0,2,1,1,B02
200800055830,0,7,0,0,2,1,19,B02
200800055830,0,7,0,0,2,3,1,A01
200800055831,0,7,0,0,2,7,13,A01
200800055831,0,7,0,0,2,1,13,B02
200800055832,0,17,0,0,2,6,17,A01
200800055832,0,7,0,0,2,2,15,B02
200800055833,0,7,0,0,1,1,15,A01
200800055834,0,7,0,6,1,1,1,A01
200800055835,0,7,0,0,2,8,1,A01
200800055835,0,7,0,0,2,8,1,B02
200800055836,0,2,0,2,0,1,14,A01
200800055837,0,2,0,0,2,1,1,A01
200800055837,0,7,0,0,0,3,19,B02
200800055838,0,7,0,0,2,3,17,A01
200800055838,0,7,0,0,2,8,1,B02
200800055838,0,7,0,0,2,1,1,C03
200800055839,0,30,0,0,0,4,0,A01
200800055839,1,7,0,0,2,2,2,B02
200800055840,0,7,0,13,0,1,13,A01
200800055841,0,33,0,16,0,8,1,A01
200800055842,0,7,0,8,0,3,11,A01
200800055843,0,31,0,0,0,0,1,A01
200800055844,0,7,0,2,0,3,14,A01
200800055845,0,10,0,0,2,2,13,A01
200800055845,0,10,0,0,2,2,1,B02
200800055845,0,13,0,0,2,1,1,C03
200800055846,0,2,0,0,2,1,1,A01
200800055846,0,7,0,0,2,3,1,B02
200800055846,0,7,0,0,2,2,1,C03
200800055847,0,7,0,0,2,3,2,A01
200800055847,0,30,0,0,2,7,2,B02
200800055848,0,33,0,0,2,2,17,A01
200800055848,0,14,0,0,2,8,15,B02
200800055849,0,7,0,2,0,3,1,A01
200800055850,0,7,0,0,2,3,1,B02
200800055850,0,7,0,0,2,2,1,A01
200800055851,0,7,0,2,0,7,17,A01
200800055852,0,2,0,0,0,9,1,A01
200800055853,0,7,0,0,1,1,1,A01
200800055854,0,1,0,1,0,1,2,A01
200800055854,0,7,0,0,0,4,2,B02
200800055855,0,7,0,8,0,7,1,A01
200800055856,0,7,0,8,0,1,1,A01
200800055857,0,7,0,6,0,8,1,A01
200800055858,0,7,0,0,2,2,1,A01
200800055858,0,7,0,0,2,7,13,B02
200800055859,0,10,0,0,2,3,13,A01
200800055859,0,7,0,0,2,3,1,B02
200800055860,0,7,0,0,2,6,17,A01
200800055860,0,7,0,0,2,3,1,B02
200800055860,0,7,0,0,2,8,1,C03
200800055861,0,14,0,13,0,2,1,A01
200800055862,0,21,0,0,0,9,0,A01
200800055863,0,7,0,0,2,1,1,A01
200800055863,0,14,0,0,2,3,1,B02
200800055864,0,7,0,0,2,7,11,A01
200800055864,0,2,0,0,2,1,1,B02
200800055865,0,7,0,0,2,6,1,A01
200800055865,0,14,0,0,2,7,12,B02
200800055866,0,7,0,0,2,1,1,A01
200800055866,0,7,0,0,0,4,23,B02
200800055867,0,7,0,0,1,7,1,A01
200800055868,0,7,0,0,2,6,13,A01
200800055868,0,7,0,0,2,3,1,B02
200800055869,0,7,0,0,2,1,13,A01
200800055869,0,7,0,0,2,1,1,B02
200800055870,0,7,0,0,2,2,13,A01
200800055870,0,7,0,0,2,2,1,B02
200800055871,0,7,0,0,1,2,1,A01
200800055872,0,7,0,9,0,2,14,A01
200800055873,0,7,0,0,2,1,2,A01
200800055873,0,7,0,0,2,4,2,B02
200800055874,0,14,0,0,2,1,1,A01
200800055874,0,7,0,0,2,8,15,B02
200800055875,0,7,0,0,2,1,1,A01
200800055875,0,7,0,0,2,1,1,B02
200800055876,0,30,0,0,0,8,1,A01
200800055877,0,10,0,0,2,1,13,A01
200800055877,0,7,0,0,2,1,1,B02
200800055878,0,7,0,0,1,3,1,A01
200800055879,0,33,0,13,0,1,0,A01
200800055880,0,7,0,0,2,1,2,A01
200800055880,0,7,0,0,2,4,23,B02
200800055881,0,3,0,0,1,3,1,A01
200800055882,0,1,0,0,1,1,1,A01
200800055883,0,7,0,0,2,2,2,A01
200800055883,0,20,0,0,0,3,24,B02
200800055884,0,7,0,0,1,2,1,A01
200800055885,0,38,0,0,2,8,1,A01
200800055885,0,7,0,0,2,1,1,B02
200800055886,0,33,0,12,0,1,1,A01
200800055887,0,7,0,0,0,3,15,A01
200800055887,0,7,0,0,2,1,17,B02
200800055888,0,7,0,8,0,8,13,A01
200800055889,0,7,0,0,1,2,1,A01
200800055890,0,7,0,6,0,1,1,A01
200800055891,0,14,0,0,0,0,15,A01
200800055891,0,33,0,16,0,8,21,B02
200800055892,0,7,0,0,2,3,16,A01
200800055892,0,33,0,0,2,7,0,B02
200800055893,0,7,0,0,1,2,1,A01
200800055894,0,7,0,0,2,1,13,A01
200800055894,0,15,0,0,2,1,1,B02
200800055894,0,7,0,0,2,3,1,C03
200800055894,0,7,0,0,2,3,1,D04
200800055894,0,7,0,0,2,1,1,E05
200800055895,0,7,0,0,1,2,0,A01
200800055896,0,7,0,0,0,0,1,A01
200800055897,0,7,0,0,0,3,1,A01
200800055898,0,7,0,0,0,4,23,A01
200800055898,0,2,0,0,0,1,2,B02
200800055899,0,30,0,0,2,1,1,A01
200800055899,0,7,0,0,0,3,15,B02
200800055900,0,7,0,0,2,3,13,A01
200800055901,0,7,0,0,2,3,13,A01
200800055901,0,7,0,0,2,3,1,B02
200800055902,0,7,0,0,2,1,1,A01
200800055902,0,7,0,0,2,3,15,B02
200800055903,0,7,0,6,0,9,13,A01
200800055904,0,7,0,8,0,7,1,A01
200800055905,0,7,0,0,2,1,1,A01
200800055905,0,10,0,0,2,7,19,B02
200800055906,0,7,0,0,9,7,15,A01
200800055906,0,1,0,0,2,8,1,B02
200800055907,0,15,0,0,1,5,16,A01
200800055908,0,7,0,0,2,1,15,A01
200800055908,0,31,0,0,2,1,1,B02
200800055909,0,7,0,2,0,8,1,A01
200800055910,0,33,0,0,0,1,1,A01
200800055911,0,7,0,0,2,2,24,A01
200800055911,0,7,0,1,0,2,1,B02
200800055912,0,7,0,0,2,3,13,A01
200800055912,0,7,0,0,2,3,1,B02
200800055912,0,7,0,0,2,1,1,C03
200800055913,0,7,0,10,0,1,13,A01
200800055914,0,7,0,0,2,1,13,A01
200800055914,0,7,0,0,2,1,1,B02
200800055915,0,7,0,6,0,2,0,A01
200800055916,0,7,0,0,1,2,1,A01
200800055917,0,7,0,16,0,9,13,A01
200800055918,0,7,0,0,2,8,20,A01
200800055918,0,30,0,0,2,1,1,B02
200800055919,0,21,0,0,2,2,15,A01
200800055919,0,7,0,0,2,1,1,B02
200800055920,0,2,0,0,2,1,1,A01
200800055920,0,7,0,0,2,3,2,B02
200800055921,0,7,0,0,2,1,17,A01
200800055921,0,7,0,0,2,1,1,B02
200800055922,0,10,0,0,2,2,5,A01
200800055922,0,33,0,0,2,1,1,B02
200800055923,0,10,0,0,1,5,4,A01
200800055924,0,21,0,0,2,2,15,A01
200800055924,0,1,0,0,2,8,1,B02
200800055925,0,33,0,0,2,1,13,A01
200800055925,0,10,0,0,2,1,1,B02
200800055926,0,30,0,0,2,1,1,A01
200800055926,0,7,0,0,2,3,19,B02
200800055927,0,7,0,0,2,3,19,A01
200800055927,0,14,0,0,2,1,1,B02
200800055928,0,7,0,0,2,5,17,A01
200800055928,0,36,0,0,2,3,15,B02
200800055929,0,33,0,13,0,1,0,A01
200800055930,0,33,0,0,2,1,1,B02
200800055930,0,7,0,0,0,8,16,A01
200800055931,0,7,0,0,1,2,1,A01
200800055932,0,7,0,0,2,1,13,A01
200800055932,0,7,0,0,2,1,0,B02
200800055933,0,7,0,6,0,1,1,A01
200800055934,0,7,0,0,2,7,19,A01
200800055934,0,33,0,0,2,1,1,B02
200800055935,0,7,0,2,0,6,16,A01
200800055936,0,7,0,2,0,3,1,A01
200800055937,0,7,0,0,2,2,13,A01
200800055937,0,7,0,0,2,8,19,B02
200800055938,0,2,0,15,0,1,0,A01
200800055939,0,7,0,2,0,7,1,A01
200800055940,0,7,0,0,2,1,13,A01
200800055940,0,7,0,0,2,8,10,B02
200800055941,0,7,0,2,0,1,1,A01
200800055942,0,7,0,0,2,1,15,A01
200800055942,0,31,0,0,2,1,5,B02
200800055943,0,31,0,0,0,4,2,A01
200800055943,0,7,0,0,2,2,2,B02
200800055944,0,30,0,13,0,1,1,A01
200800055945,0,7,0,0,2,8,13,A01
200800055945,0,7,0,0,2,8,1,B02
200800055945,0,7,0,0,2,1,1,C03
200800055945,0,7,0,0,2,3,1,D04
200800055946,0,7,0,2,0,2,1,A01
200800055947,0,7,0,0,2,3,1,A01
200800055947,0,7,0,0,2,3,1,B02
200800055948,0,31,0,0,2,1,1,A01
200800055948,0,7,0,0,0,8,15,B02
200800055949,0,2,0,0,2,1,1,A01
200800055949,0,7,0,0,2,2,15,B02
200800055950,0,30,0,0,2,2,1,A01
200800055950,0,7,0,0,2,0,9,B02
200800055951,0,7,0,0,0,2,1,A01
200800055952,0,2,0,16,0,1,14,A01
200800055953,0,38,0,0,2,8,1,A01
200800055953,0,10,0,0,2,1,19,B02
200800055954,0,7,0,0,1,4,4,A01
200800055955,0,7,0,0,2,7,15,A01
200800055955,0,31,0,0,2,1,1,B02
200800055956,0,2,0,0,2,9,1,B02
200800055956,0,14,0,0,9,8,9,A01
200800055957,0,30,0,0,6,2,1,A01
200800055958,0,10,0,10,0,1,1,A01
200800055959,0,7,0,0,2,3,1,B02
200800055959,0,33,0,0,2,2,15,A01
200800055960,0,7,0,0,1,2,1,A01
200800055961,0,10,0,8,0,7,0,A01
200800055962,0,7,0,0,2,3,9,A01
200800055962,0,1,0,0,2,1,15,B02
200800055963,1,7,0,0,1,1,1,A01
200800055964,0,7,0,0,2,6,13,A01
200800055964,0,30,0,0,2,1,1,B02
200800055965,0,7,0,0,1,1,1,A01
200800055966,0,7,0,0,0,2,14,A01
200800055967,0,7,0,0,2,7,13,A01
200800055967,0,7,0,0,2,1,1,B02
200800055968,0,7,0,0,1,1,1,A01
200800055969,0,7,0,13,0,1,1,A01
200800055970,0,7,0,2,0,7,1,A01
200800055971,0,7,0,2,0,3,1,A01
200800055972,0,33,0,0,2,8,21,A01
200800055972,1,7,0,0,2,8,13,B02
200800055973,0,2,0,0,2,1,1,A01
200800055973,0,7,0,0,2,2,15,B02
200800055974,0,7,0,0,2,3,15,B02
200800055974,0,7,0,0,2,1,1,A01
200800055975,0,33,0,3,0,2,1,A01
200800055976,0,7,0,0,1,1,1,A01
200800055977,0,7,0,0,2,8,15,A01
200800055977,0,2,0,0,2,3,1,B02
200800055978,0,7,0,2,0,3,1,A01
200800055979,0,7,0,0,2,3,1,A01
200800055979,0,7,0,0,2,5,17,B02
200800055980,0,33,0,0,2,1,1,A01
200800055980,0,7,0,0,2,2,20,B02
200800055981,0,7,0,0,2,7,15,A01
200800055981,0,7,0,0,2,1,1,B02
200800055982,0,7,0,2,0,9,1,A01
200800055983,0,7,0,8,0,2,0,A01
200800055984,0,10,0,0,0,1,1,A01
200800055985,0,7,0,0,2,1,13,A01
200800055985,0,10,0,0,2,1,1,B02
200800055986,0,7,0,0,2,1,1,A01
200800055986,0,2,0,0,2,1,1,B02
200800055987,0,7,0,0,0,3,2,A01
200800055987,0,30,0,0,0,1,2,B02
200800055988,0,7,0,0,2,3,13,A01
200800055988,0,10,0,0,2,3,1,B02
200800055989,0,7,0,0,2,3,15,A01
200800055989,0,31,0,0,2,1,17,B02
200800055990,0,7,0,0,2,1,15,A01
200800055990,0,7,0,0,2,3,1,B02
200800055991,0,7,0,0,2,3,15,A01
200800055991,0,1,0,0,2,8,5,B02
200800055992,0,7,0,0,1,2,0,A01
200800055993,0,7,0,1,2,2,2,A01
200800055993,0,7,0,0,2,6,2,B02
200800055993,0,7,0,0,2,4,2,C03
200800055994,0,7,0,14,0,1,17,A01
200800055995,0,33,0,3,0,2,15,A01
200800055996,0,7,0,8,2,1,5,A01
200800055996,0,7,0,0,2,1,0,B02
200800055996,0,7,0,0,2,1,0,C03
200800055997,0,2,0,0,0,1,0,A01
200800055998,0,33,0,2,6,1,19,A01
200800055999,0,7,0,13,0,9,14,A01
200800056000,0,7,0,0,2,3,1,A01
200800056000,0,2,0,0,2,1,1,B02
200800056001,0,31,0,1,0,1,1,A01
200800056001,0,7,0,1,0,6,0,B02
200800056002,0,7,0,0,2,3,1,A01
200800056002,0,33,0,0,2,1,1,B02
200800056003,0,10,0,0,2,2,15,A01
200800056003,0,7,0,0,2,3,1,B02
200800056004,0,7,0,0,2,3,2,A01
200800056004,0,33,0,0,2,4,2,B02
200800056005,0,7,0,14,0,1,0,A01
200800056006,0,7,0,13,0,9,13,A01
200800056007,0,7,0,0,2,3,19,A01
200800056007,0,33,0,0,2,1,1,B02
200800056008,0,7,0,0,0,6,23,A01
200800056008,0,2,0,1,0,1,2,B02
200800056009,0,33,0,0,2,3,13,A01
200800056009,0,30,0,0,2,3,1,B02
200800056010,0,7,0,0,2,2,1,A01
200800056010,0,7,0,1,0,3,9,B02
200800056011,0,7,0,0,2,1,1,A01
200800056011,0,7,0,0,2,7,1,B02
200800056012,0,7,0,13,2,2,1,A01
200800056012,0,7,0,0,2,6,1,B02
200800056012,0,7,0,13,2,3,1,C03
200800056012,0,7,0,7,0,7,1,D04
200800056013,0,7,0,13,0,3,1,A01
200800056014,0,10,0,0,2,1,21,A01
200800056014,0,7,0,0,2,8,10,B02
200800056015,0,7,0,0,2,1,2,A01
200800056015,0,15,0,0,0,6,2,B02
200800056016,0,7,0,0,1,2,19,A01
200800056017,0,7,0,0,1,2,1,A01
200800056018,0,17,0,0,2,1,21,A01
200800056018,0,10,0,0,2,7,13,B02
200800056019,0,7,0,0,2,3,15,A01
200800056019,0,31,0,0,2,8,1,B02
200800056020,0,17,0,0,2,8,16,A01
200800056020,0,7,0,0,2,8,1,B02
200800056021,0,7,0,0,1,2,16,A01
200800056022,2,7,0,0,9,7,2,A01
200800056022,0,30,0,0,2,0,2,B02
200800056023,0,2,0,0,2,0,0,A01
200800056023,0,7,0,0,0,0,0,B02
200800056024,0,7,0,0,2,3,16,A01
200800056024,0,7,0,0,2,1,1,B02
200800056025,0,7,0,13,0,3,1,A01
200800056026,0,30,0,1,0,1,1,A01
200800056027,0,7,0,0,9,8,1,A01
200800056027,0,33,0,0,2,0,1,B02
200800056028,0,7,0,2,0,8,1,A01
200800056029,0,7,0,16,2,3,19,A01
200800056029,0,7,0,14,2,1,1,B02
200800056030,0,7,0,14,0,1,2,A01
200800056030,0,14,0,0,2,4,23,B02
200800056031,0,7,0,0,1,3,1,A01
200800056032,0,7,0,0,1,7,11,A01
200800056033,0,7,0,13,0,1,1,A01
200800056034,0,33,0,11,0,1,1,A01
200800056035,0,7,0,0,1,3,4,A01
200800056036,0,10,0,8,0,2,1,A01
200800056037,0,7,0,16,0,9,1,A01
200800056038,0,7,0,2,0,3,1,A01
200800056039,0,7,0,2,0,9,13,A01
200800056040,0,7,0,13,0,1,13,A01
200800056041,0,7,0,0,2,7,17,A01
200800056041,0,7,0,0,2,8,1,B02
200800056042,0,7,0,16,0,1,1,A01
200800056043,0,7,0,0,1,1,1,A01
200800056044,0,10,0,13,0,1,13,A01
200800056045,0,30,0,0,2,7,19,A01
200800056045,0,7,0,0,2,1,1,B02