Num_Acc,senc,catv,occutc,obs,obsm,choc,manv,num_veh
200800056792,0,32,0,0,2,1,0,B01
200800056793,0,7,0,0,2,1,13,A01
200800056793,0,7,0,0,2,3,1,B01
200800056794,0,2,0,0,2,1,1,B01
200800056794,0,7,0,0,2,1,15,A01
200800056795,0,7,0,0,2,1,1,A01
200800056795,0,7,0,0,0,5,11,B01
200800056796,0,30,0,0,2,1,2,A01
200800056796,0,38,1,0,0,4,1,B01
200800056797,0,31,0,0,2,3,17,A01
200800056797,0,10,0,0,2,6,15,B01
200800056798,0,7,0,1,1,2,1,A01
200800056798,0,7,0,0,2,3,22,B01
200800056799,0,7,0,1,0,2,1,A01
200800056800,1,2,0,0,1,1,2,A01
200800056801,0,7,0,0,1,1,1,A01
200800056802,1,7,0,0,0,0,15,A01
200800056802,0,2,0,0,2,1,1,B01
200800056803,0,32,0,0,2,1,1,B01
200800056803,0,10,0,0,2,3,15,A01
200800056804,0,7,0,0,2,3,11,A01
200800056804,0,33,0,0,2,2,1,B01
200800056805,0,10,0,0,2,7,15,A01
200800056805,0,33,0,0,2,0,1,B01
200800056806,0,32,0,0,1,8,17,A01
200800056807,0,7,0,0,2,2,12,A01
200800056807,0,1,0,0,2,8,11,B01
200800056808,0,7,0,0,1,2,1,A01
200800056809,1,7,0,0,0,0,9,A01
200800056809,0,30,0,0,0,0,1,B01
200800056810,0,7,0,0,2,1,2,A01
200800056810,0,7,0,0,2,4,2,B01
200800056811,0,7,0,0,2,2,15,A01
200800056811,0,34,0,0,2,1,1,B01
200800056812,0,3,0,0,2,1,1,A01
200800056812,0,7,0,0,1,8,23,B01
200800056813,0,7,0,2,0,7,1,D01
200800056813,0,7,0,0,2,1,1,E01
200800056813,0,10,0,0,2,7,17,A01
200800056813,0,38,30,0,2,8,1,B01
200800056813,0,30,0,0,2,1,1,C01
200800056814,0,33,0,0,2,1,1,B01
200800056814,0,7,0,0,2,8,15,A01
200800056815,0,33,0,0,2,7,15,A01
200800056815,0,32,0,0,2,1,1,B01
200800056816,0,7,0,13,0,1,17,A01
200800056816,0,7,0,0,2,3,1,B01
200800056816,0,14,0,0,2,6,1,C01
200800056817,0,37,1,6,2,3,1,A01
200800056817,0,17,0,6,2,3,1,B01
200800056818,0,1,0,0,2,1,2,A01
200800056818,0,7,0,0,2,4,2,B01
200800056819,0,7,0,0,1,7,1,A01
200800056820,0,7,0,0,2,3,15,A01
200800056820,0,2,0,0,2,1,1,B01
200800056821,0,7,0,0,1,0,0,A01
200800056822,0,7,0,0,2,7,15,A01
200800056822,0,32,0,0,2,1,0,B01
200800056823,0,7,0,0,1,3,1,A01
200800056824,0,7,0,0,2,3,15,A01
200800056824,0,32,0,0,2,1,0,B01
200800056825,0,38,1,0,1,1,1,A01
200800056826,0,7,0,0,2,3,15,A01
200800056826,0,33,0,0,2,1,17,B01
200800056827,0,7,0,0,2,2,1,A01
200800056827,0,7,0,0,2,3,15,B01
200800056828,0,7,0,0,2,4,6,A01
200800056828,0,33,0,0,2,1,1,B01
200800056829,0,7,0,0,2,3,1,A01
200800056829,0,2,0,0,2,1,1,B01
200800056830,0,7,0,0,2,3,9,A01
200800056830,0,31,0,0,2,1,1,B01
200800056831,0,34,0,0,2,1,1,A01
200800056831,0,7,0,0,2,3,15,B01
200800056832,0,34,0,0,1,0,1,A01
200800056833,0,2,0,0,2,1,1,A01
200800056833,0,7,0,0,2,4,15,B01
200800056834,0,31,0,0,1,1,1,A01
200800056835,0,7,0,0,1,1,1,A01
200800056836,0,7,0,0,2,1,1,A01
200800056836,0,30,0,0,2,1,0,B01
200800056837,0,32,0,0,1,1,17,A01
200800056838,0,7,0,0,2,3,0,A01
200800056838,0,32,0,0,2,1,1,B01
200800056839,0,7,0,0,2,3,0,A01
200800056839,0,7,0,0,2,1,0,B01
200800056840,0,3,0,0,2,1,16,B01
200800056840,0,7,0,0,2,1,1,A01
200800056841,0,2,0,0,0,0,14,A01
200800056842,0,1,0,0,2,1,1,A01
200800056842,0,7,0,0,0,5,15,B01
200800056843,0,7,0,0,2,0,0,A01
200800056843,0,7,0,0,2,0,0,B01
200800056844,0,10,0,0,0,0,1,A01
200800056844,0,7,0,0,9,1,2,B01
200800056844,0,2,0,0,2,1,2,C01
200800056845,0,2,0,0,0,0,0,A01
200800056846,0,2,0,0,2,1,2,A01
200800056846,0,7,0,0,0,4,2,B01
200800056847,0,2,0,0,0,0,0,A01
200800056848,0,2,0,13,0,0,0,A01
200800056849,0,30,0,0,0,0,16,A01
200800056850,0,34,0,0,0,0,0,A01
200800056851,0,30,0,0,0,0,1,A01
200800056852,0,2,0,0,2,1,1,A01
200800056852,0,7,0,0,0,4,23,B01
200800056853,0,7,0,0,2,7,1,A01
200800056853,0,1,0,0,2,6,2,B01
200800056854,0,30,0,0,2,2,17,A01
200800056854,0,30,0,0,2,8,16,B01
200800056855,1,7,0,11,2,0,5,A01
200800056855,0,7,0,0,2,6,1,B01
200800056856,0,7,0,0,2,1,1,A01
200800056856,0,30,0,0,0,7,1,B01
200800056857,0,7,0,0,2,1,1,B01
200800056857,0,7,0,0,2,8,9,A01
200800056858,0,31,0,6,0,0,0,A01
200800056859,0,7,0,0,2,1,2,A01
200800056859,0,7,0,0,0,4,2,B01
200800056860,0,30,0,13,0,0,0,A01
200800056861,0,7,0,0,2,4,23,B01
200800056861,0,7,0,0,0,4,23,C01
200800056861,0,7,0,0,2,2,16,A01
200800056862,0,7,0,0,2,1,2,A01
200800056862,0,7,0,0,0,4,2,B01
200800056863,0,33,0,0,2,1,17,A01
200800056863,0,37,1,0,0,8,15,B01
200800056864,0,7,0,0,2,7,15,A01
200800056864,0,7,0,0,2,1,1,B01
200800056864,0,10,0,0,0,3,23,C01
200800056865,0,7,0,6,0,1,14,A01
200800056866,0,7,0,0,0,1,5,A01
200800056866,0,30,0,0,2,1,1,B01
200800056867,0,7,0,0,0,4,2,B01
200800056867,0,10,0,0,2,1,2,A01
200800056868,0,7,0,0,2,7,17,A01
200800056868,0,30,0,0,0,8,1,B01
200800056869,0,7,0,6,0,0,0,A01
200800056870,0,2,0,0,2,1,1,A01
200800056870,0,7,0,0,0,4,23,B01
200800056871,0,2,0,0,0,0,0,A01
200800056872,0,34,0,0,0,0,0,A01
200800056873,0,7,0,0,2,3,13,A01
200800056873,0,7,0,0,0,3,1,B01
200800056874,0,2,0,0,2,1,13,A01
200800056874,0,7,0,0,0,3,1,B01
200800056875,0,7,0,0,0,0,15,A01
200800056875,0,32,0,0,2,1,1,B01
200800056876,0,32,0,0,0,0,13,A01
200800056876,0,2,0,1,0,0,21,B01
200800056877,0,31,0,0,1,0,1,A01
200800056878,0,30,0,0,2,1,0,B01
200800056878,0,10,0,0,2,8,0,A01
200800056879,0,7,0,0,2,3,13,A01
200800056879,0,7,0,0,0,1,1,B01
200800056880,1,7,0,0,1,1,1,A01
200800056881,0,32,0,0,2,1,1,A01
200800056881,0,7,0,0,0,2,15,B01
200800056882,0,7,0,0,1,2,1,A01
200800056883,0,30,0,0,2,1,13,A01
200800056883,0,14,0,0,0,3,1,B01
200800056884,0,7,0,0,2,8,1,A01
200800056884,0,10,0,0,2,3,1,B01
200800056885,0,2,0,0,2,1,17,A01
200800056885,0,7,0,0,2,3,15,B01
200800056886,0,32,0,14,0,1,1,A01
200800056886,0,10,0,0,2,4,2,B01
200800056887,0,7,0,14,0,0,14,A01
200800056888,0,7,0,0,2,3,1,A01
200800056888,0,33,0,0,2,7,0,B01
200800056889,0,7,0,0,1,2,1,A01
200800056890,0,7,0,0,2,1,1,A01
200800056890,0,38,8,0,2,3,1,B01
200800056891,0,7,0,0,2,1,2,A01
200800056891,0,7,0,0,2,4,2,B01
200800056892,0,37,1,0,2,0,15,B01
200800056892,0,33,0,0,2,1,1,A01
200800056893,0,7,0,0,2,3,15,A01
200800056893,0,2,0,0,2,1,1,B01
200800056894,0,7,0,0,1,2,1,A01
200800056895,0,32,0,0,2,1,2,A01
200800056895,0,7,0,0,2,4,2,B01
200800056896,0,7,0,8,0,1,13,A01
200800056897,0,7,0,2,0,1,1,A01
200800056898,0,33,0,0,2,1,1,B01
200800056898,0,7,0,0,2,8,1,A01
200800056899,0,7,0,0,2,0,0,A01
200800056899,0,33,0,0,2,5,1,B01
200800056900,0,7,0,0,2,1,18,A01
200800056900,0,7,0,0,2,4,20,B01
200800056901,0,7,0,8,1,1,0,A01
200800056902,0,33,0,1,2,8,1,B01
200800056902,0,7,0,0,2,6,24,C01
200800056902,0,7,0,0,2,1,1,A01
200800056903,0,2,0,9,0,1,14,A01
200800056904,0,2,0,0,2,1,18,A01
200800056904,0,7,0,0,2,2,14,B01
200800056905,0,31,0,0,2,1,9,A01
200800056905,0,31,0,0,2,4,1,B01
200800056906,0,31,0,0,2,0,9,A01
200800056906,0,7,0,0,2,1,15,B01
200800056907,0,7,0,0,2,3,9,A01
200800056907,0,30,0,0,2,1,1,B01
200800056908,0,7,0,0,2,3,1,B01
200800056908,0,33,0,0,2,1,1,A01
200800056909,0,7,0,14,0,1,1,A01
200800056909,0,7,0,14,2,4,2,B01
200800056909,0,7,0,0,2,6,2,C01
200800056909,0,7,0,14,2,1,1,D01
200800056909,0,7,0,14,0,1,1,E01
200800056910,0,7,0,0,2,0,1,A01
200800056910,0,33,0,0,2,1,11,B01
200800056911,0,32,0,0,2,1,2,A01
200800056911,0,7,0,0,2,5,2,B01
200800056912,0,7,0,0,2,2,15,A01
200800056912,0,2,0,0,2,1,1,B01
200800056913,0,10,0,0,1,1,1,A01
200800056914,0,7,0,0,2,1,1,B01
200800056914,0,14,0,0,2,7,1,A01
200800056915,0,31,0,0,2,0,1,B01
200800056915,0,7,0,0,0,0,1,A01
200800056916,0,14,0,0,2,2,12,A01
200800056916,0,7,0,0,2,8,1,B01
200800056917,0,30,0,0,2,3,1,B01
200800056917,0,7,0,0,2,2,16,A01
200800056918,0,7,0,0,2,3,20,A01
200800056918,0,2,0,0,2,1,1,B01
200800056919,0,7,0,0,2,1,15,A01
200800056919,0,2,0,0,2,1,1,B01
200800056920,0,7,0,0,2,8,9,A01
200800056920,0,2,0,0,2,1,1,B01
200800056921,0,7,0,0,2,1,1,A01
200800056921,0,7,0,6,2,4,1,B01
200800056922,0,31,0,0,2,3,1,A01
200800056922,0,7,0,0,2,3,1,B01
200800056923,0,7,0,0,2,1,2,A01
200800056923,0,7,0,0,2,6,2,B01
200800056923,0,7,0,0,2,4,2,C01
200800056924,0,7,0,0,2,1,1,A01
200800056924,0,32,0,0,2,4,1,B01
200800056924,0,7,0,0,2,4,2,C01
200800056925,0,7,0,0,1,1,1,A01
200800056926,0,7,0,0,2,3,15,A01
200800056926,0,31,0,0,2,1,17,B01
200800056927,0,2,0,0,2,7,1,A01
200800056927,0,7,0,0,2,6,0,B01
200800056928,0,7,0,0,2,2,1,A01
200800056928,0,7,0,0,2,1,1,B01
200800056929,0,10,0,0,1,2,15,A01
200800056930,0,7,0,0,1,1,1,A01
200800056931,0,7,0,0,2,1,15,B01
200800056931,0,2,0,0,2,1,17,A01
200800056932,0,2,0,0,2,1,1,A01
200800056932,0,7,0,0,2,1,1,B01
200800056933,0,30,0,0,1,1,1,A01
200800056934,0,7,0,0,2,6,15,A01
200800056934,0,31,0,0,2,0,17,B01
200800056935,0,10,0,0,2,7,16,A01
200800056935,0,2,0,0,2,1,1,B01
200800056936,0,7,0,0,0,0,15,A01
200800056936,0,31,0,0,1,8,1,B01
200800056937,0,7,0,0,0,0,16,A01
200800056937,0,31,0,0,0,0,7,B01
200800056938,0,7,0,0,2,3,9,A01
200800056938,0,30,0,0,2,1,1,B01
200800056939,0,7,0,0,2,7,0,A01
200800056939,0,31,0,0,2,3,0,B01
200800056940,0,7,0,0,1,1,15,A01
200800056941,0,2,0,0,2,1,1,B01
200800056941,0,2,0,0,2,7,15,A01
200800056942,0,2,0,0,2,1,1,A01
200800056942,0,7,0,0,2,5,1,B01
200800056943,0,31,0,0,2,1,1,A01
200800056943,0,10,0,0,2,6,2,B01
200800056944,0,31,0,0,2,0,0,A01
200800056945,0,7,0,0,2,1,1,A01
200800056945,0,1,0,0,2,0,0,B01
200800056946,0,7,0,0,2,3,15,A01
200800056946,0,33,0,0,2,2,0,B01
200800056947,0,7,0,0,2,1,1,A01
200800056947,0,7,0,0,2,4,2,B01
200800056948,0,7,0,0,2,2,0,A01
200800056948,0,32,0,0,2,0,0,B01
200800056949,0,2,0,0,2,8,18,A01
200800056949,0,7,0,0,2,7,16,B01
200800056950,0,32,0,0,2,1,1,B01
200800056950,0,7,0,0,2,7,1,A01
200800056951,0,7,0,0,2,3,15,A01
200800056951,0,31,0,0,2,1,1,B01
200800056952,0,32,0,0,2,1,1,A01
200800056952,0,7,0,0,2,4,2,B01
200800056953,0,7,0,0,2,2,15,A01
200800056953,0,7,0,0,2,3,1,B01
200800056954,0,7,0,0,2,0,15,A01
200800056955,0,2,0,0,1,1,1,A01
200800056956,0,10,0,0,1,2,1,A01
200800056957,0,7,0,0,2,3,9,A01
200800056957,0,32,0,0,2,1,1,B01
200800056958,0,7,0,1,0,2,1,A01
200800056959,0,31,0,0,2,7,17,A01
200800056959,0,7,0,0,2,2,1,B01
200800056960,0,7,0,0,2,2,1,A01
200800056960,0,7,0,0,2,8,1,B01
200800056961,0,31,0,0,1,5,1,B01
200800056961,0,2,0,0,2,1,1,A01
200800056962,0,34,0,0,2,1,1,A01
200800056962,0,7,0,0,2,2,0,B01
200800056963,0,30,0,0,2,7,0,A01
200800056963,0,7,0,0,2,2,0,B01
200800056964,0,14,0,0,2,5,4,A01
200800056964,0,33,0,0,2,6,1,B01
200800056965,0,7,0,0,2,1,5,A01
200800056965,0,31,0,0,2,1,1,B01
200800056966,0,37,19,0,1,5,16,A01
200800056967,0,10,0,0,2,1,1,B01
200800056967,0,31,0,0,2,1,1,A01
200800056968,0,30,0,0,2,0,2,A01
200800056968,0,7,0,0,2,4,23,B01
200800056969,0,31,0,0,2,1,1,A01
200800056969,0,10,0,0,2,4,2,B01
200800056969,0,7,0,0,0,0,15,C01
200800056970,0,2,0,1,0,1,1,A01
200800056970,0,10,0,0,2,4,24,B01
200800056971,0,7,0,0,1,2,1,A01
200800056972,1,7,0,0,2,7,9,A01
200800056972,0,31,0,0,2,7,1,B01
200800056973,0,7,0,0,1,2,17,A01
200800056974,0,7,0,1,0,2,14,A01
200800056974,0,7,0,0,2,4,0,B01
200800056975,0,7,0,0,2,7,1,A01
200800056975,0,2,0,0,2,7,1,B01
200800056976,0,7,0,0,2,6,15,A01
200800056976,0,2,0,0,2,8,1,B01
200800056977,0,7,0,0,2,3,15,A01
200800056977,0,2,0,0,2,1,1,B01
200800056978,0,33,0,0,2,8,2,A01
200800056978,0,7,0,0,2,2,0,B01
200800056979,0,7,0,0,2,6,0,A01
200800056979,0,30,0,0,2,7,1,B01
200800056980,0,7,0,0,0,0,15,A01
200800056980,0,32,0,0,0,2,1,B01
200800056981,0,2,0,0,2,8,1,A01
200800056981,0,7,0,0,2,0,1,B01
200800056982,0,7,0,0,2,3,15,B01
200800056982,0,2,0,0,2,1,1,A01
200800056983,0,7,0,0,1,0,0,A01
200800056984,0,7,0,0,2,2,16,A01
200800056984,0,31,0,0,2,0,0,B01
200800056985,0,7,0,0,1,2,1,A01
200800056986,0,30,0,16,0,0,1,A01
200800056987,0,30,0,0,2,1,1,A01
200800056987,0,30,0,0,2,7,1,B01
200800056987,0,7,0,0,2,3,1,C01
200800056988,0,7,0,0,2,3,24,A01
200800056988,0,2,0,1,0,1,1,B01
200800056989,0,30,0,0,2,1,1,A01
200800056989,0,7,0,0,2,4,2,B01
200800056990,0,2,0,0,2,0,15,A01
200800056990,0,33,0,0,2,1,1,B01
200800056991,0,7,0,0,0,0,9,A01
200800056991,0,2,0,0,0,8,21,B01
200800056992,0,33,0,14,0,7,1,A01
200800056993,0,7,0,0,2,3,15,A01
200800056993,0,2,0,0,2,2,2,B01
200800056994,0,7,0,0,2,1,2,A01
200800056994,0,7,0,0,2,4,23,B01
200800056995,0,40,0,0,2,2,2,B01
200800056995,0,2,0,0,2,0,2,A01
200800056996,0,7,0,0,1,3,15,A01
200800056997,0,33,0,0,2,7,11,A01
200800056997,0,7,0,0,0,4,1,B01
200800056998,0,32,0,0,1,1,1,A01
200800056999,0,7,0,0,2,2,2,A01
200800056999,0,7,0,0,2,3,2,B01
200800057000,0,30,0,0,1,7,14,A01
200800057000,0,7,0,0,2,1,0,B01
200800057001,0,2,0,0,2,1,7,A01
200800057001,0,7,0,0,2,5,14,B01
200800057002,0,30,0,0,2,1,2,B01
200800057002,0,7,0,0,2,2,9,A01
200800057003,0,7,0,0,2,3,13,A01
200800057003,0,7,0,0,2,3,13,B01
200800057004,0,7,0,1,2,6,13,A01
200800057004,0,7,0,0,2,2,1,B01
200800057005,0,7,0,0,2,1,1,A01
200800057005,0,7,0,0,2,4,23,B01
200800057005,0,7,0,0,2,4,23,C01
200800057005,0,7,0,0,2,4,23,D01
200800057006,0,7,0,0,1,4,4,A01
200800057007,0,7,0,0,2,2,15,A01
200800057007,0,7,0,0,2,3,2,B01
200800057008,0,2,0,14,0,1,2,A01
200800057008,0,7,0,0,2,4,2,B01
200800057009,0,7,0,0,2,1,3,A01
200800057009,0,7,0,0,2,3,1,B01
200800057010,0,2,0,0,2,1,15,A01
200800057010,0,7,0,0,2,3,1,B01
200800057011,0,33,0,0,2,4,1,A01
200800057011,0,10,0,0,2,3,2,B01
200800057012,0,7,0,0,0,0,9,A01
200800057012,0,2,0,6,0,1,1,B01
200800057013,0,7,0,0,2,3,1,B01
200800057013,0,7,0,0,2,3,13,A01
200800057014,0,10,0,0,2,3,17,A01
200800057014,0,7,0,0,2,3,1,B01
200800057014,0,7,0,0,2,8,1,C01
200800057015,0,7,0,0,2,3,5,A01
200800057015,0,7,0,0,2,3,1,B01
200800057016,0,7,0,0,1,3,15,A01
200800057017,0,7,0,0,2,3,17,A01
200800057017,0,2,0,0,2,3,5,B01
200800057018,0,7,0,0,2,1,13,A01
200800057018,0,7,0,0,2,1,1,B01
200800057018,0,7,0,0,2,3,1,C01
200800057019,0,7,0,0,1,1,1,A01
200800057020,0,7,0,0,1,2,15,A01
200800057021,0,31,0,0,2,1,1,A01
200800057021,0,7,0,0,2,4,1,B01
200800057022,0,7,0,0,1,1,23,A01
200800057023,0,7,0,0,9,2,12,A01
200800057023,0,2,0,0,2,1,1,B01
200800057024,0,30,0,0,1,0,2,A01
200800057025,0,7,0,0,1,0,15,A01
200800057026,0,7,0,0,0,3,0,B01
200800057026,0,2,0,0,0,1,0,A01
200800057027,0,7,0,14,0,1,1,A01
200800057027,0,7,0,0,0,4,23,B01
200800057028,0,7,0,0,2,3,9,B01
200800057028,1,7,0,0,2,2,1,A01
200800057029,0,7,0,6,2,1,1,B01
200800057029,0,7,0,6,2,0,1,A01
200800057030,0,2,0,0,0,0,0,A01
200800057031,0,10,0,0,2,0,0,A01
200800057031,0,32,0,0,2,0,0,B01
200800057032,0,7,0,0,1,0,20,A01
200800057033,0,7,0,0,2,3,0,A01
200800057033,0,32,0,0,2,0,0,B01
200800057034,0,7,0,0,1,0,1,A01
200800057035,0,7,0,8,0,0,0,A01
200800057036,0,7,0,8,0,0,0,A01
200800057037,0,7,0,0,0,0,0,A01
200800057038,0,7,0,0,2,5,0,B01
200800057038,1,34,0,0,2,1,0,A01
200800057039,0,7,0,0,2,7,16,B01
200800057039,0,30,0,0,2,8,18,A01
200800057040,0,7,0,0,1,2,1,A01
200800057041,0,7,0,0,2,2,17,B01
200800057041,0,7,0,0,2,1,1,C01
200800057041,0,7,0,0,2,8,19,A01
200800057042,0,33,0,0,0,0,0,B01
200800057042,0,7,0,0,0,0,0,A01
200800057043,1,7,0,0,0,1,2,A01
200800057043,0,7,0,0,0,4,1,B01
200800057044,0,7,0,0,2,7,15,A01
200800057044,0,33,0,0,2,1,1,B01
200800057045,0,7,0,0,2,1,2,A01
200800057045,0,7,0,0,0,4,2,B01
200800057045,0,13,0,0,0,0,2,C01
200800057046,0,7,0,0,2,8,15,A01
200800057046,0,33,0,0,2,1,2,B01
200800057047,0,14,0,0,2,3,9,A01
200800057047,0,31,0,0,2,2,1,B01
200800057048,0,7,0,0,1,1,1,A01
200800057049,0,37,4,0,2,3,1,B01
200800057049,0,33,0,0,2,1,1,A01
200800057050,0,33,0,0,0,6,1,B01
200800057050,0,33,0,0,2,2,0,A01
200800057051,0,7,0,0,0,1,2,A01
200800057051,0,7,0,0,0,7,2,B01
200800057052,0,7,0,15,0,3,14,A01
200800057053,0,10,0,0,0,8,10,A01
200800057053,0,30,0,0,2,1,1,B01
200800057054,0,7,0,0,2,3,1,A01
200800057054,0,30,0,0,2,1,2,B01
200800057055,0,7,0,0,0,2,15,A01
200800057055,0,31,0,0,2,1,2,B01
200800057056,0,7,0,0,2,2,15,A01
200800057056,0,30,0,0,2,2,1,B01
200800057057,0,7,0,0,1,2,0,A01
200800057058,0,7,0,14,0,1,2,A01
200800057059,0,7,0,0,2,3,10,A01
200800057059,0,7,0,0,2,7,1,B01
200800057060,0,7,0,0,1,4,4,A01
200800057061,0,14,0,0,0,0,1,A01
200800057061,0,7,0,0,9,7,1,B01
200800057062,0,7,0,0,2,1,1,A01
200800057062,0,7,0,0,2,4,1,B01
200800057062,0,7,0,0,2,4,23,C01
200800057063,0,7,0,0,0,0,15,A01
200800057064,0,7,0,0,1,4,4,A01
200800057065,1,7,0,0,2,0,1,A01
200800057065,0,1,0,0,2,4,1,B01
200800057066,0,7,0,0,1,8,4,A01
200800057067,0,7,0,0,2,4,1,A01
200800057067,0,1,0,0,2,1,9,B01
200800057068,0,33,0,0,2,1,1,A01
200800057068,0,7,0,0,2,2,15,B01
200800057069,0,10,0,0,2,1,1,A01
200800057069,0,7,0,0,2,4,1,B01
200800057070,0,10,0,0,1,7,1,A01
200800057071,0,7,0,0,2,4,9,B01
200800057071,0,33,0,1,2,1,1,A01
200800057071,0,7,0,0,2,1,1,C01
200800057072,0,7,0,0,1,2,1,A01
200800057073,0,7,0,2,0,9,13,A01
200800057074,0,7,0,0,2,1,11,A01
200800057074,0,7,0,0,2,1,1,B01
200800057074,1,7,0,0,0,0,11,C01
200800057075,0,7,0,3,0,2,15,A01
200800057075,0,33,0,3,2,1,1,B01
200800057076,0,7,0,0,2,7,16,A01
200800057076,0,30,0,0,2,1,1,B01
200800057077,0,36,0,14,2,3,6,A01
200800057077,0,7,0,0,2,6,2,B01
200800057078,0,7,0,0,2,7,0,A01
200800057078,0,17,0,0,2,1,1,B01
200800057079,0,7,0,0,2,1,9,A01
200800057079,0,7,0,0,2,7,1,B01
200800057080,0,7,0,0,2,1,2,A01
200800057080,0,7,0,0,0,4,1,B01
200800057081,0,37,8,0,0,1,2,A01
200800057081,0,7,0,0,0,4,2,B01
200800057082,0,30,0,0,2,5,19,A01
200800057082,0,7,0,0,2,3,2,B01
200800057082,0,7,0,0,2,3,23,C01
200800057083,0,15,0,0,2,1,2,A01
200800057083,0,7,0,0,0,4,2,B01
200800057084,0,7,0,0,2,8,0,A01
200800057084,0,2,0,0,2,1,2,B01
200800057085,0,7,0,0,2,3,15,A01
200800057085,0,1,0,0,2,1,2,B01
200800057086,0,30,0,0,9,1,2,A01
200800057086,0,1,0,0,0,6,15,B01
200800057087,0,33,0,0,2,1,0,A01
200800057088,0,34,0,0,0,2,0,A01
200800057089,0,32,0,0,2,1,17,B01
200800057089,0,7,0,0,2,6,10,A01
200800057090,0,7,0,12,0,1,14,A01
200800057091,0,32,0,0,2,8,21,A01
200800057091,0,7,0,0,2,5,14,B01
200800057092,1,7,0,0,2,5,1,A01
200800057092,0,2,0,0,2,1,2,B01
200800057093,0,7,0,0,0,1,2,A01
200800057093,0,7,0,0,0,4,24,B01
200800057094,1,7,0,0,2,3,5,A01
200800057094,0,2,0,0,2,1,1,B01
200800057095,0,1,0,0,0,0,0,A01
200800057096,0,7,0,0,2,3,15,A01
200800057096,0,30,0,0,2,7,17,B01
200800057097,0,7,0,0,9,1,1,B01
200800057097,0,1,0,0,2,1,1,A01
200800057098,0,34,0,4,0,8,1,A01
200800057099,0,33,0,0,1,2,1,A01
200800057100,0,14,0,0,1,5,4,A01
200800057100,0,7,0,0,1,1,2,B01
200800057101,0,32,0,0,2,1,17,B01
200800057101,0,7,0,0,2,3,15,A01
200800057102,0,30,0,0,2,7,1,B01
200800057102,0,7,0,0,2,3,15,A01
200800057103,0,7,0,0,1,3,2,A01
200800057104,0,7,0,0,1,3,1,A01
200800057105,0,7,0,0,2,3,0,A01
200800057105,0,33,0,0,2,1,1,B01
200800057106,0,30,0,0,2,1,13,A01
200800057106,0,7,0,0,1,1,1,B01
200800057107,1,31,0,0,1,1,1,A01
200800057108,0,7,0,1,1,5,4,A01
200800057109,0,7,0,0,2,2,15,A01
200800057109,0,30,0,0,2,9,1,B01
200800057109,0,7,0,0,2,1,1,C01
200800057110,0,7,0,0,2,8,9,A01
200800057110,0,7,0,0,2,1,1,B01
200800057111,0,2,0,0,2,9,6,A01
200800057111,0,7,0,0,2,1,0,B01
200800057112,0,7,0,6,0,1,1,A01
200800057113,0,33,0,0,1,2,1,A01
200800057114,0,7,0,0,2,1,1,A01
200800057114,0,7,0,0,2,4,1,B01
200800057115,0,33,0,0,2,8,2,A01
200800057115,0,30,0,0,2,8,2,B01
200800057116,0,7,0,0,2,3,10,A01
200800057116,0,32,0,0,2,2,2,B01
200800057117,0,1,0,0,2,4,15,A01
200800057117,0,30,0,0,2,1,1,B01
200800057118,0,7,0,0,2,3,9,A01
200800057118,0,33,0,0,2,1,1,B01
200800057119,0,7,0,2,0,1,19,A01
200800057120,0,34,0,0,2,1,1,A01
200800057120,0,7,0,0,0,6,20,B01
200800057121,0,30,0,0,0,0,1,A01
200800057121,0,7,0,0,2,1,21,B01
200800057121,0,7,0,0,0,1,1,C01
200800057122,0,7,0,0,2,8,15,A01
200800057122,0,30,0,0,2,1,17,B01
200800057123,0,7,0,0,2,3,15,A01
200800057123,0,32,0,0,2,1,1,B01
200800057124,0,2,0,0,1,1,1,A01
200800057125,0,7,0,0,2,3,15,A01
200800057125,0,2,0,1,2,2,17,B01
200800057126,0,7,0,1,2,8,1,B01
200800057126,1,7,0,0,0,0,0,A01
200800057127,0,7,0,0,2,2,15,A01
200800057127,0,7,0,0,2,1,1,B01
200800057128,0,7,0,1,0,1,13,A01
200800057129,0,7,0,0,2,1,15,A01
200800057129,0,32,0,0,2,1,1,B01
200800057130,0,7,0,0,2,7,19,A01
200800057130,0,32,0,0,2,1,1,B01
200800057131,0,7,0,0,1,1,1,A01
200800057132,0,7,0,0,2,2,10,A01
200800057132,0,7,0,0,2,9,2,B01
200800057133,0,7,0,0,2,0,2,A01
200800057133,0,7,0,0,2,0,2,B01
200800057134,0,30,0,0,2,8,18,A01
200800057134,0,7,0,0,1,2,1,B01
200800057135,0,30,0,0,1,1,2,A01
200800057136,0,7,0,0,2,1,1,A01
200800057136,0,33,0,0,2,4,23,B01
200800057136,0,33,0,0,0,4,23,C01
200800057137,0,7,0,0,2,1,1,A01
200800057137,0,7,0,0,2,4,23,B01
200800057137,0,7,0,0,2,4,23,C01
200800057138,0,7,0,0,0,0,0,A01
200800057139,2,7,0,0,2,8,15,A01
200800057139,0,33,0,0,2,1,2,B01
200800057140,0,32,0,0,1,1,1,A01
200800057141,0,34,0,0,2,5,2,A01
200800057141,0,7,0,0,0,5,2,B01
200800057142,0,7,0,4,0,0,0,A01
200800057143,0,7,0,0,2,1,9,A01
200800057143,0,31,0,0,2,9,1,B01
200800057143,0,7,0,0,2,1,23,C01
200800057144,0,7,0,0,1,1,1,A01