Num_Acc,senc,catv,occutc,obs,obsm,choc,manv,num_veh
200800057496,0,7,0,0,2,3,19,A01
200800057496,0,2,0,0,2,1,1,B01
200800057497,0,7,0,0,2,1,2,A01
200800057497,0,7,0,0,2,4,23,B01
200800057498,0,7,0,0,2,5,15,A01
200800057498,0,7,0,0,2,2,1,B01
200800057499,0,1,0,0,2,1,0,A01
200800057499,0,7,0,0,2,3,1,B01
200800057500,0,1,0,0,2,1,15,B01
200800057500,0,7,0,0,2,2,1,A01
200800057501,0,7,0,0,1,1,1,A01
200800057502,0,31,0,1,0,3,21,A01
200800057502,0,7,0,0,0,0,2,D01
200800057503,0,2,0,0,2,1,2,A01
200800057503,0,7,0,0,2,4,2,B01
200800057504,0,7,0,0,2,1,2,A01
200800057504,0,7,0,0,2,4,2,B01
200800057504,0,7,0,0,2,4,1,C01
200800057505,0,7,0,0,2,6,0,A01
200800057505,0,33,0,0,2,1,1,B01
200800057506,0,7,0,0,2,2,1,A01
200800057506,0,34,0,0,2,1,2,B01
200800057507,0,7,0,0,2,2,1,A01
200800057507,0,7,0,0,2,3,15,B01
200800057508,0,2,0,0,2,1,2,A01
200800057508,0,7,0,0,2,4,2,B01
200800057509,0,7,0,0,1,1,1,A01
200800057510,0,7,0,0,2,1,1,B01
200800057510,0,7,0,8,2,8,1,A01
200800057511,0,7,0,0,2,1,2,A01
200800057511,0,7,0,0,2,4,23,B01
200800057512,0,7,0,0,2,2,15,A01
200800057512,0,2,0,0,2,1,1,B01
200800057513,0,2,0,0,2,1,1,A01
200800057513,0,7,0,0,2,3,15,B01
200800057514,0,7,0,0,2,2,15,A01
200800057514,0,2,0,0,2,1,1,B01
200800057515,0,2,0,0,2,1,2,A01
200800057515,0,1,0,0,2,4,2,B01
200800057516,0,7,0,0,2,3,19,A01
200800057516,0,2,0,0,2,1,1,B01
200800057517,0,7,0,0,2,1,2,A01
200800057517,0,10,0,0,2,4,23,B01
200800057518,0,7,0,0,2,6,11,A01
200800057518,0,2,0,0,2,2,1,B01
200800057519,0,33,0,0,2,7,21,B01
200800057519,0,7,0,0,2,1,15,A01
200800057520,0,7,0,0,0,6,2,B01
200800057520,0,30,0,0,2,1,2,A01
200800057521,0,7,0,0,2,1,1,A01
200800057521,0,1,0,0,2,8,1,B01
200800057522,0,7,0,0,2,4,1,A01
200800057522,0,7,0,0,2,1,2,B01
200800057523,0,2,0,0,0,1,1,A01
200800057524,0,7,0,0,1,2,1,A01
200800057525,0,1,0,0,2,1,1,A01
200800057525,0,1,0,0,2,0,1,B01
200800057526,0,7,0,13,0,2,1,A01
200800057527,0,10,0,0,1,3,15,A01
200800057528,0,7,0,0,1,7,1,A01
200800057529,0,7,0,0,1,0,1,A01
200800057530,0,30,0,0,0,0,1,A01
200800057531,0,1,0,0,0,0,1,A01
200800057532,0,7,0,9,0,1,1,A01
200800057533,0,10,0,0,2,2,1,B01
200800057533,0,7,0,0,2,1,9,A01
200800057534,1,7,0,0,1,1,1,A01
200800057535,0,7,0,0,1,2,1,A01
200800057536,0,33,0,0,2,1,1,B01
200800057536,0,7,0,0,2,7,15,A01
200800057536,0,7,0,0,2,1,1,C01
200800057537,0,30,0,0,2,0,1,B01
200800057537,0,7,0,0,2,2,9,A01
200800057538,0,7,0,16,0,0,1,A01
200800057539,0,7,0,0,2,4,2,B01
200800057539,0,7,0,0,2,1,2,A01
200800057539,0,7,0,0,2,4,2,C01
200800057540,0,2,0,0,0,0,1,A01
200800057541,0,7,0,0,2,4,2,C01
200800057541,0,7,0,0,2,4,2,B01
200800057541,0,7,0,0,2,1,2,A01
200800057542,0,30,0,0,2,1,2,B01
200800057542,1,7,0,0,0,0,2,A01
200800057543,0,7,0,0,2,4,2,B01
200800057543,0,7,0,0,2,1,2,A01
200800057544,0,33,0,0,0,0,1,A01
200800057545,0,7,0,0,1,1,15,A01
200800057546,0,7,0,0,1,3,1,B01
200800057547,0,2,0,0,2,7,17,A01
200800057547,0,7,0,0,2,6,1,B01
200800057548,0,33,0,13,0,1,1,A01
200800057549,0,7,0,0,2,3,9,A01
200800057549,0,33,0,0,2,2,1,B01
200800057550,0,30,0,0,0,0,1,A01
200800057551,0,7,0,0,2,8,19,A01
200800057551,0,7,0,0,2,1,1,B01
200800057552,0,7,0,0,2,3,9,A01
200800057552,0,33,0,0,2,1,1,B01
200800057553,0,7,0,0,2,1,15,A01
200800057553,0,1,0,0,2,1,1,B01
200800057554,0,7,0,0,2,1,15,A01
200800057554,0,2,0,0,1,1,1,B01
200800057555,0,14,0,0,2,1,1,A01
200800057555,0,7,0,0,2,1,1,B01
200800057556,0,2,0,0,0,7,2,A01
200800057557,0,33,0,0,6,1,1,A01
200800057558,0,2,0,0,2,1,1,A01
200800057558,0,7,0,0,0,2,15,B01
200800057559,0,7,0,0,2,1,15,A01
200800057559,0,33,0,0,2,1,1,B01
200800057560,0,7,0,0,1,1,1,A01
200800057561,0,7,0,0,2,1,13,A01
200800057561,0,14,0,0,2,3,2,B01
200800057562,0,38,1,0,1,2,1,A01
200800057563,0,17,0,0,2,2,12,A01
200800057563,0,7,0,0,2,3,1,B01
200800057564,0,30,0,0,2,1,2,A01
200800057564,0,7,0,0,0,4,23,B01
200800057565,0,31,0,0,2,1,1,B01
200800057565,0,7,0,0,2,8,15,A01
200800057566,0,7,0,0,2,1,2,A01
200800057566,0,7,0,0,2,4,1,B01
200800057566,0,7,0,0,2,1,1,C01
200800057566,0,7,0,0,0,4,23,D01
200800057567,0,7,0,0,2,1,9,A01
200800057567,0,2,0,0,2,2,1,B01
200800057568,0,7,0,8,2,2,1,A01
200800057568,0,7,0,0,2,8,1,B01
200800057569,0,15,0,0,2,5,12,A01
200800057569,0,1,0,0,2,8,1,B01
200800057570,0,7,0,0,2,4,1,A01
200800057570,0,7,0,0,2,2,1,B01
200800057571,0,7,0,0,1,2,1,A01
200800057572,0,30,0,11,0,1,1,A01
200800057573,0,7,0,0,1,2,1,A01
200800057574,1,30,0,0,1,0,0,A01
200800057575,0,7,0,0,2,7,15,A01
200800057575,0,7,0,0,2,1,1,B01
200800057576,0,7,0,0,2,1,2,A01
200800057576,0,7,0,0,0,4,23,B01
200800057577,0,7,0,0,0,1,1,A01
200800057578,0,7,0,0,2,1,1,A01
200800057578,0,7,0,0,2,4,1,B01
200800057579,0,7,0,0,1,1,1,A01
200800057580,0,7,0,0,2,3,15,B01
200800057580,0,7,0,0,2,1,2,A01
200800057581,0,37,1,0,2,2,19,A01
200800057581,0,33,0,0,2,1,1,B01
200800057581,0,14,0,0,0,0,23,D01
200800057582,0,7,0,0,2,1,2,A01
200800057582,0,7,0,0,2,4,2,B01
200800057582,0,7,0,0,2,4,2,C01
200800057582,0,7,0,0,0,4,2,D01
200800057583,0,7,0,0,1,1,1,A01
200800057584,0,32,0,0,1,1,17,A01
200800057585,0,7,0,0,0,0,9,A01
200800057585,0,7,0,0,0,0,9,B01
200800057585,0,7,0,0,0,0,1,C01
200800057586,0,7,0,0,2,3,13,A01
200800057586,0,7,0,0,2,3,1,B01
200800057587,0,30,0,0,2,8,13,A01
200800057587,0,7,0,0,2,7,1,B01
200800057588,0,7,0,0,2,1,15,A01
200800057588,0,30,0,0,2,1,1,B01
200800057589,0,14,0,0,2,1,1,A01
200800057589,0,7,0,0,2,4,1,B01
200800057589,0,7,0,0,0,4,1,C01
200800057590,0,7,0,8,0,8,1,A01
200800057591,1,7,0,0,0,0,0,A01
200800057592,0,10,0,0,1,4,4,A01
200800057593,0,7,0,0,1,1,1,A01
200800057594,0,10,0,6,2,3,15,B01
200800057594,0,1,0,6,2,1,5,A01
200800057595,0,2,0,0,0,1,1,A01
200800057595,0,99,0,0,0,2,0,B01
200800057596,0,7,0,0,2,1,2,A01
200800057596,0,7,0,0,0,4,2,B01
200800057597,0,7,0,13,0,1,0,A01
200800057598,0,31,0,0,2,1,1,B01
200800057598,0,7,0,0,2,2,9,A01
200800057599,0,30,0,0,2,1,2,A01
200800057599,0,7,0,0,2,5,2,B01
200800057600,0,7,0,0,2,3,15,B01
200800057600,0,7,0,0,2,2,1,A01
200800057601,0,7,0,0,2,3,9,A01
200800057601,0,30,0,0,2,2,1,B01
200800057602,0,7,0,0,1,3,1,A01
200800057603,0,1,0,0,2,1,9,A01
200800057603,0,7,0,0,2,2,1,B01
200800057604,0,7,0,0,2,3,15,A01
200800057604,0,7,0,0,2,2,1,B01
200800057605,0,7,0,0,2,8,1,B01
200800057605,0,2,0,0,2,1,1,A01
200800057606,0,7,0,6,2,1,14,A01
200800057607,0,7,0,0,2,1,13,A01
200800057607,0,7,0,0,2,3,23,B01
200800057608,0,30,0,0,1,1,1,A01
200800057609,0,33,0,0,2,1,1,A01
200800057609,0,7,0,0,2,8,15,B01
200800057610,0,7,0,0,2,2,15,A01
200800057610,0,32,0,0,2,1,1,B01
200800057611,0,7,0,6,0,1,0,A01
200800057612,0,7,0,0,1,2,1,A01
200800057613,0,7,0,2,0,1,1,A01
200800057613,0,10,0,0,0,0,15,B01
200800057614,0,1,0,0,2,4,1,A01
200800057614,1,7,0,0,2,0,0,B01
200800057615,0,7,0,0,0,3,1,A01
200800057616,0,7,0,0,2,7,15,A01
200800057616,0,7,0,0,2,1,1,B01
200800057617,0,7,0,2,0,1,1,A01
200800057618,0,7,0,2,0,1,1,A01
200800057619,0,7,0,0,1,0,1,A01
200800057620,0,7,0,0,2,2,15,A01
200800057620,0,30,0,0,2,1,1,B01
200800057621,0,7,0,0,2,3,2,A01
200800057621,0,2,0,0,2,3,1,B01
200800057622,0,33,0,0,2,1,1,A01
200800057622,0,33,0,0,2,4,24,B01
200800057623,0,2,0,0,2,1,1,A01
200800057623,0,7,0,0,2,2,1,B01
200800057624,0,31,0,0,2,1,1,A01
200800057624,0,7,0,0,2,2,15,B01
200800057625,0,7,0,0,2,1,17,A01
200800057625,0,7,0,0,2,8,15,B01
200800057626,0,2,0,0,2,1,0,A01
200800057626,0,7,0,0,2,3,0,B01
200800057627,0,7,0,0,2,3,13,A01
200800057627,0,15,0,0,2,6,1,B01
200800057627,0,7,0,0,2,8,1,C01
200800057628,0,7,0,0,2,3,2,A01
200800057628,0,33,0,0,2,5,2,B01
200800057629,0,33,0,14,0,8,14,A01
200800057630,0,7,0,0,2,4,15,B01
200800057630,0,7,0,0,2,1,2,A01
200800057630,0,7,0,0,2,1,5,C01
200800057631,0,7,0,0,2,1,1,A01
200800057631,0,7,0,0,2,8,1,B01
200800057632,0,7,0,0,2,7,1,A01
200800057632,0,7,0,0,2,1,1,B01
200800057633,0,2,0,0,2,8,1,B01
200800057633,1,7,0,0,2,7,1,A01
200800057634,0,2,0,0,0,0,1,A01
200800057635,0,7,0,0,2,4,15,B01
200800057635,0,7,0,0,2,1,1,A01
200800057636,0,7,0,0,2,1,9,B01
200800057636,0,1,0,0,2,1,1,A01
200800057637,0,7,0,0,2,1,1,B01
200800057637,0,7,0,0,2,3,17,A01
200800057638,0,7,0,6,0,3,2,A01
200800057639,0,10,0,0,2,1,1,A01
200800057639,0,7,0,0,2,4,23,B01
200800057639,0,7,0,0,0,4,23,C01
200800057640,0,7,0,0,0,1,1,A01
200800057641,0,7,0,0,2,2,15,A01
200800057641,0,7,0,0,2,1,1,B01
200800057642,0,33,0,0,2,1,17,A01
200800057642,0,7,0,0,2,3,15,B01
200800057643,0,32,0,0,2,1,1,B01
200800057643,0,7,0,0,2,2,1,A01
200800057644,0,7,0,0,2,3,15,A01
200800057644,0,7,0,0,2,3,1,B01
200800057645,0,7,0,0,1,3,1,A01
200800057646,0,7,0,0,2,1,2,A01
200800057646,0,20,0,0,2,4,2,B01
200800057647,0,30,0,0,2,1,19,A01
200800057647,0,7,0,0,2,1,1,B01
200800057648,0,30,0,0,0,0,1,A01
200800057649,0,2,0,0,2,4,2,B01
200800057650,0,37,1,0,1,2,1,A01
200800057651,0,1,0,0,2,0,0,A01
200800057651,0,7,0,0,2,0,0,B01
200800057652,0,7,0,0,1,1,0,A01
200800057653,0,7,0,0,0,9,0,A01
200800057654,0,7,0,0,1,1,0,A01
200800057655,0,7,0,0,0,0,0,A01
200800057655,0,7,0,0,0,0,0,B01
200800057656,0,30,0,0,2,1,9,A01
200800057656,0,7,0,0,2,3,20,B01
200800057657,0,7,0,0,2,2,15,A01
200800057657,0,31,0,0,2,1,2,B01
200800057658,0,7,0,0,2,1,1,B01
200800057658,0,7,0,0,2,7,19,A01
200800057659,0,7,0,1,0,1,0,A01
200800057660,0,30,0,0,2,1,15,A01
200800057660,0,10,0,0,2,1,1,B01
200800057661,0,7,0,0,2,1,1,A01
200800057661,0,14,0,0,2,4,1,B01
200800057662,0,7,0,0,1,1,1,A01
200800057663,0,7,0,0,1,1,1,A01
200800057664,0,7,0,0,2,2,15,A01
200800057664,0,2,0,0,2,1,1,B01
200800057665,0,7,0,0,1,5,16,A01
200800057666,0,7,0,0,2,4,1,A01
200800057666,0,30,0,0,2,1,18,B01
200800057667,0,7,0,0,2,1,1,A01
200800057667,0,7,0,0,2,4,1,B01
200800057668,0,10,0,0,1,3,15,A01
200800057669,0,30,0,0,2,1,1,A01
200800057669,0,7,0,0,2,4,23,B01
200800057670,0,7,0,0,1,1,1,A01
200800057671,0,7,0,0,1,1,1,A01
200800057672,0,7,0,2,0,2,13,A01
200800057673,0,7,0,0,2,3,15,A01
200800057673,0,7,0,0,2,8,1,B01
200800057674,0,7,0,0,2,3,15,A01
200800057674,0,2,0,0,2,1,17,B01
200800057675,2,7,0,0,2,3,1,A01
200800057675,0,7,0,9,2,8,1,B01
200800057676,0,2,0,0,2,1,9,A01
200800057676,0,7,0,0,2,5,23,B01
200800057677,0,7,0,0,2,7,1,B01
200800057678,0,10,0,6,0,1,1,A01
200800057679,0,7,0,0,2,2,1,A01
200800057679,0,32,0,0,2,7,1,B01
200800057680,0,30,0,0,2,2,1,A01
200800057680,0,7,0,0,2,3,1,B01
200800057681,1,7,0,0,2,0,0,A01
200800057681,0,7,0,0,2,1,1,B01
200800057682,0,7,0,0,1,1,1,A01
200800057683,0,7,0,0,1,1,1,A01
200800057684,0,17,0,0,0,6,19,A01
200800057684,0,2,0,0,2,1,1,B01
200800057685,0,7,0,0,2,3,19,A01
200800057685,0,7,0,0,2,2,1,B01
200800057686,0,10,0,0,9,7,1,A01
200800057686,0,1,0,0,2,4,1,B01
200800057687,1,30,0,0,1,1,0,A01
200800057688,0,31,0,0,2,7,17,A01
200800057688,0,10,0,0,0,3,15,B01
200800057689,0,7,0,0,1,2,1,A01
200800057690,0,7,0,0,0,7,0,A01
200800057690,0,30,0,0,2,1,1,B01
200800057691,0,7,0,0,1,1,1,A01
200800057692,0,32,0,0,2,0,1,B01
200800057692,0,7,0,0,2,0,9,A01
200800057693,0,1,0,0,2,0,1,B01
200800057693,0,7,0,0,2,1,9,A01
200800057694,0,7,0,0,2,1,1,B01
200800057694,0,7,0,0,2,1,1,A01
200800057695,0,7,0,0,2,2,1,B01
200800057695,0,7,0,0,2,2,15,A01
200800057696,0,7,0,0,2,3,1,B01
200800057696,0,30,0,0,2,0,9,A01
200800057697,0,7,0,0,1,3,1,A01
200800057698,0,7,0,0,1,0,0,A01
200800057699,0,3,0,0,2,4,1,B01
200800057699,1,7,0,0,2,3,1,A01
200800057700,0,7,0,0,2,3,1,B01
200800057700,0,7,0,0,2,1,13,A01
200800057701,0,7,0,0,2,8,23,B01
200800057701,0,7,0,0,2,8,0,A01
200800057702,0,7,0,0,1,1,1,A01
200800057703,0,7,0,1,0,1,0,A01
200800057704,0,30,0,0,6,1,1,A01
200800057705,0,7,0,13,0,7,21,A01
200800057706,0,7,0,0,2,3,19,A01
200800057706,0,7,0,0,2,2,1,B01
200800057707,0,7,0,0,1,1,1,A01
200800057708,0,2,0,0,2,1,2,A01
200800057708,0,7,0,0,2,4,2,B01
200800057709,0,7,0,0,2,3,15,A01
200800057709,0,34,0,0,2,1,1,B01
200800057710,0,7,0,0,1,6,4,A01
200800057711,0,33,0,0,2,1,12,A01
200800057711,0,7,0,0,9,5,12,B01
200800057712,0,7,0,0,2,2,1,B01
200800057712,0,7,0,0,2,1,15,A01
200800057713,0,33,0,0,2,2,17,A01
200800057713,0,7,0,0,2,6,15,B01
200800057714,0,7,0,0,2,1,5,A01
200800057714,0,7,0,0,2,1,2,B01
200800057714,0,7,0,0,2,1,2,C01
200800057715,0,7,0,0,2,2,1,B01
200800057715,0,7,0,0,2,1,1,A01
200800057716,0,30,0,0,2,8,17,A01
200800057716,0,7,0,0,2,8,15,B01
200800057717,0,10,0,14,0,1,2,A01
200800057717,0,7,0,0,0,4,23,B01
200800057718,0,37,15,0,1,0,7,A01
200800057719,0,7,0,0,1,4,4,A01
200800057720,0,7,0,0,2,8,16,B01
200800057720,0,7,0,0,2,1,1,A01
200800057721,0,7,0,0,2,1,2,A01
200800057721,0,7,0,0,0,4,1,B01
200800057722,0,7,0,0,2,1,2,A01
200800057722,0,7,0,0,2,4,2,B01
200800057723,0,7,0,6,0,1,0,A01
200800057724,0,7,0,0,9,4,0,B01
200800057724,0,7,0,0,2,2,0,A01
200800057725,0,3,0,0,1,4,4,A01
200800057726,0,7,0,0,2,0,0,A01
200800057726,0,7,0,0,2,0,0,B01
200800057727,0,7,0,0,2,3,2,A01
200800057727,0,7,0,0,2,4,2,B01
200800057727,0,7,0,0,2,5,2,C01
200800057728,0,31,0,0,0,1,0,A01
200800057729,0,7,0,0,2,8,15,B01
200800057729,0,2,0,0,2,7,1,A01
200800057730,0,7,0,0,2,2,15,A01
200800057730,0,7,0,0,2,1,15,B01
200800057731,0,7,0,0,1,0,1,A01
200800057732,0,7,0,0,2,1,13,A01
200800057732,0,7,0,0,2,1,1,B01
200800057733,0,7,0,0,2,1,2,A01
200800057733,0,7,0,0,2,4,1,B01
200800057734,0,7,0,14,0,1,2,A01
200800057734,0,7,0,0,0,4,23,B01
200800057735,0,33,0,0,2,8,21,A01
200800057735,0,7,0,0,2,1,1,B01
200800057736,0,7,0,0,0,1,0,A01
200800057737,0,7,0,0,0,0,1,A01
200800057738,0,7,0,0,1,0,1,A01
200800057739,0,7,0,0,2,8,15,A01
200800057739,0,33,0,0,2,1,1,B01
200800057740,1,7,0,0,2,1,5,A01
200800057740,0,2,0,0,2,1,1,B01
200800057741,0,7,0,11,0,1,1,A01
200800057742,0,7,0,0,1,6,4,A01
200800057743,0,7,0,0,1,2,1,A01
200800057744,0,7,0,0,0,9,21,A01
200800057745,0,7,0,0,2,1,9,B01
200800057745,0,32,0,0,2,7,1,A01
200800057746,0,7,0,0,2,8,1,B01
200800057746,0,7,0,0,2,1,1,A01
200800057747,0,31,0,0,2,1,0,B01
200800057747,0,7,0,0,2,3,1,A01
200800057748,0,7,0,12,0,1,0,A01
200800057749,0,7,0,0,2,6,19,A01
200800057749,0,33,0,0,2,1,17,B01
200800057750,0,7,0,14,0,1,2,A01
200800057750,0,7,0,0,0,4,23,B01
200800057750,0,7,0,0,0,4,23,C01
200800057751,0,7,0,0,0,1,0,A01
200800057752,0,7,0,0,2,4,2,A01
200800057752,0,7,0,0,2,1,2,B01
200800057752,0,10,0,0,2,3,2,C01
200800057752,0,31,0,0,2,1,2,D01
200800057753,0,7,0,0,2,1,19,A01
200800057753,0,7,0,0,2,8,1,B01
200800057754,0,7,0,0,2,1,2,A01
200800057754,0,7,0,0,2,4,2,B01
200800057754,0,7,0,0,2,4,2,C01
200800057755,0,7,0,0,1,2,1,A01
200800057756,0,7,0,2,2,6,1,A01
200800057756,0,15,0,0,2,2,12,B01
200800057757,0,7,0,0,2,1,10,A01
200800057757,0,7,0,0,2,1,21,B01
200800057758,0,7,0,4,0,3,21,A01
200800057759,0,7,0,0,2,3,2,B01
200800057759,0,7,0,0,2,2,1,A01
200800057760,0,7,0,0,1,2,0,A01
200800057761,0,7,0,0,2,3,15,A01
200800057761,0,2,0,0,2,1,17,B01
200800057762,0,2,0,0,2,4,1,A01
200800057762,0,15,0,0,2,1,1,B01
200800057763,0,34,0,0,2,3,17,A01
200800057763,0,30,0,0,2,3,17,B01
200800057764,0,7,0,0,2,1,1,A01
200800057764,0,7,0,0,2,6,0,B01
200800057765,0,32,0,0,2,7,17,A01
200800057765,0,7,0,0,2,8,15,B01
200800057766,0,7,0,0,2,1,0,A01
200800057766,0,1,0,0,2,4,0,B01
200800057767,0,7,0,0,1,1,1,A01
200800057768,0,33,0,0,2,1,1,A01
200800057768,0,7,0,0,2,4,1,B01
200800057769,0,15,0,0,2,3,11,A01
200800057769,0,7,0,0,2,2,2,B01
200800057770,0,7,0,4,0,3,1,A01
200800057771,0,7,0,1,2,9,13,A01
200800057771,0,7,0,0,2,2,5,B01
200800057772,2,10,0,4,0,3,1,A01
200800057773,0,7,0,0,0,0,0,A01
200800057774,0,7,0,0,2,7,16,A01
200800057774,0,30,0,0,2,3,1,B01
200800057775,0,7,0,0,2,2,10,A01
200800057775,0,33,0,0,2,9,1,B01
200800057776,0,7,0,0,2,1,0,A01
200800057776,0,7,0,0,2,4,0,B01
200800057777,0,7,0,0,1,3,1,A01
200800057778,0,7,0,0,2,2,2,A01
200800057778,0,30,0,0,2,4,2,B01
200800057779,0,7,0,0,1,3,1,A01
200800057780,0,7,0,0,1,2,1,A01
200800057781,0,30,0,0,1,2,1,A01
200800057782,0,7,0,0,2,2,15,A01
200800057782,0,33,0,0,2,1,1,B01
200800057782,0,7,0,0,2,1,1,C01
200800057783,0,31,0,0,2,3,0,B01
200800057783,0,7,0,0,2,8,0,A01
200800057784,0,7,0,0,2,1,1,A01
200800057784,0,7,0,0,2,4,1,B01
200800057785,0,7,0,0,2,8,0,B01
200800057785,0,7,0,0,2,1,1,A01
200800057785,0,7,0,0,2,2,1,C01
200800057786,0,7,0,4,0,1,1,A01
200800057787,0,33,0,0,2,2,17,A01
200800057787,0,7,0,0,2,4,2,B01
200800057788,0,99,0,0,2,0,18,A01
200800057788,0,7,0,0,2,2,1,B01
200800057789,0,7,0,0,2,1,15,A01
200800057789,0,32,0,0,2,7,1,B01
200800057790,0,31,0,0,2,1,1,B01
200800057790,0,7,0,0,2,1,15,A01
200800057791,0,7,0,2,0,0,0,A01
200800057792,0,7,0,0,1,3,0,A01
200800057793,0,7,0,0,0,0,0,B01
200800057793,0,33,0,6,0,1,0,A01
200800057794,0,7,0,0,2,7,15,A01
200800057794,0,33,0,0,2,1,1,B01
200800057795,0,31,0,0,2,9,1,A01
200800057795,0,7,0,0,2,7,15,B01
200800057796,0,7,0,0,2,1,1,A01
200800057796,0,7,0,0,2,4,23,B01
200800057797,0,2,0,0,1,1,18,A01
200800057798,0,2,0,0,2,3,1,B01
200800057798,0,7,0,0,2,2,9,A01
200800057799,0,7,0,0,2,3,19,A01
200800057799,0,7,0,0,2,1,1,B01
200800057800,0,7,0,0,2,2,15,A01
200800057800,0,31,0,0,2,1,1,B01
200800057801,0,7,0,0,2,3,9,A01
200800057801,0,14,0,0,2,2,1,B01
200800057802,0,7,0,0,2,3,13,A01
200800057802,0,7,0,0,2,3,2,B01
200800057803,0,33,0,0,1,1,1,A01
200800057804,0,7,0,0,1,4,4,A01
200800057805,0,7,0,4,0,9,1,A01
200800057806,0,37,1,0,2,1,1,A01
200800057806,0,7,0,0,2,1,1,B01
200800057806,0,13,0,0,2,4,1,C01
200800057807,0,30,0,0,2,4,0,B01
200800057807,0,7,0,0,2,1,0,A01
200800057808,0,1,0,0,2,2,19,A01
200800057808,0,2,0,0,9,1,1,B01
200800057809,0,7,0,0,2,1,2,A01
200800057809,0,7,0,0,2,4,2,B01
200800057809,0,7,0,0,2,4,2,C01
200800057809,0,13,0,0,2,4,2,D01
200800057810,0,7,0,0,2,2,16,A01
200800057810,0,30,0,0,2,3,18,B01
200800057811,0,7,0,0,2,3,22,A01
200800057811,0,1,0,0,2,0,1,B01
200800057812,0,33,0,3,0,3,13,A01
200800057813,0,7,0,0,2,2,1,A01
200800057813,0,7,0,0,2,6,2,B01
200800057814,2,7,0,0,2,2,0,A01
200800057814,0,7,0,0,2,6,23,B01
200800057814,0,7,0,0,2,7,0,C01
200800057815,0,7,0,0,2,7,0,A01
200800057815,0,1,0,0,2,1,0,B01
200800057816,0,7,0,0,2,3,0,A01
200800057816,0,33,0,0,2,1,0,B01
200800057817,0,31,0,0,2,1,1,B01
200800057817,0,10,0,0,2,3,15,A01
200800057818,0,33,0,0,2,2,12,A01
200800057818,0,7,0,0,2,3,1,B01
200800057819,0,7,0,0,2,2,1,A01
200800057819,0,32,0,0,2,3,1,B01
200800057820,0,7,0,0,2,3,10,A01
200800057820,0,33,0,0,2,1,1,B01
200800057821,0,7,0,5,0,1,13,A01
200800057821,0,33,0,3,0,1,1,B01
200800057822,0,33,0,0,2,1,1,A01
200800057822,0,7,0,0,2,7,12,B01
200800057823,0,7,0,0,2,1,0,A01
200800057823,0,7,0,0,2,4,0,B01
200800057823,0,7,0,0,2,4,0,C01
200800057824,0,32,0,0,2,1,1,B01
200800057824,0,7,0,0,2,3,9,A01
200800057825,0,7,0,0,2,1,2,A01
200800057825,0,7,0,0,2,4,23,B01
200800057826,0,31,0,0,2,1,1,A01
200800057826,0,7,0,0,2,6,15,B01
200800057827,0,7,0,0,2,1,1,A01
200800057827,0,7,0,0,2,1,1,B01
200800057827,0,7,0,0,2,4,1,C01
200800057828,0,7,0,6,0,1,1,A01
200800057829,0,1,0,0,2,1,15,B01
200800057829,0,7,0,0,2,1,1,A01
200800057830,0,32,0,0,1,0,0,A01
200800057831,0,7,0,0,2,1,1,A01
200800057831,0,7,0,0,2,4,1,B01
200800057832,0,7,0,0,2,1,1,A01
200800057832,0,7,0,0,2,8,1,B01
200800057833,0,7,0,0,2,1,1,B01
200800057833,0,7,0,0,2,1,15,A01
200800057834,0,37,1,0,2,0,0,A01
200800057834,0,2,0,0,0,0,0,B01
200800057835,1,7,0,0,2,0,0,A01
200800057835,0,2,0,0,2,1,0,B01
200800057836,0,7,0,0,2,1,2,A01
200800057836,0,30,0,0,2,4,23,B01
200800057837,0,7,0,0,2,5,15,A01
200800057837,0,33,0,0,2,1,1,B01
200800057838,0,7,0,12,0,1,13,A01
200800057839,0,10,0,0,2,1,1,A01
200800057839,0,10,0,0,2,4,23,B01
200800057840,0,2,0,0,2,3,0,A01
200800057840,0,1,0,0,2,1,0,B01
200800057841,0,7,0,0,2,1,1,A01
200800057841,0,7,0,0,2,1,1,B01
200800057841,0,7,0,0,2,4,1,C01
200800057842,0,10,0,0,1,3,0,A01
200800057843,0,7,0,0,1,2,1,A01
200800057844,0,7,0,0,2,1,1,A01
200800057844,0,2,0,0,2,4,1,B01
200800057845,0,7,0,0,2,3,9,B01
200800057845,0,7,0,0,2,2,1,A01
200800057846,0,7,0,0,2,0,0,B01
200800057846,0,7,0,0,2,2,0,A01
200800057847,0,7,0,0,2,4,2,B01
200800057847,0,7,0,0,2,4,2,C01
200800057847,0,7,0,0,2,1,1,A01
200800057848,0,7,0,0,1,1,1,A01
200800057849,0,7,0,0,1,1,0,A01
200800057850,0,14,0,0,1,1,16,A01
200800057851,0,7,0,0,2,4,2,A01
200800057851,0,1,0,1,0,1,2,B01
200800057852,0,33,0,0,5,1,0,A01
200800057853,0,7,0,0,2,3,13,A01
200800057853,0,31,0,0,2,3,1,B01
200800057854,0,7,0,0,2,1,0,A01
200800057854,0,1,0,0,2,1,0,B01
200800057855,0,7,0,0,2,7,13,A01
200800057855,0,7,0,0,2,4,1,B01
200800057855,1,7,0,0,0,0,0,C01
200800057856,0,7,0,1,0,4,23,B01
200800057856,0,7,0,0,0,6,2,C01
200800057856,0,7,0,1,0,1,2,A01
200800057856,0,7,0,0,2,1,5,D01
200800057857,0,7,0,0,2,1,1,A01
200800057857,0,1,0,0,2,4,1,B01
200800057858,0,30,0,2,0,1,14,A01