Num_Acc,senc,catv,occutc,obs,obsm,choc,manv,num_veh
200800057859,0,33,0,0,1,1,5,A01
200800057860,0,33,0,0,2,8,1,A01
200800057860,0,7,0,0,2,2,16,B01
200800057861,0,7,0,0,1,1,1,A01
200800057862,0,7,0,0,2,3,16,A01
200800057862,0,30,0,0,2,7,1,B01
200800057863,0,7,0,0,1,1,1,A01
200800057864,0,7,0,0,0,0,15,A01
200800057864,0,33,0,0,0,0,1,B01
200800057865,0,7,0,0,2,8,9,A01
200800057865,0,30,0,0,2,2,1,B01
200800057866,0,2,0,0,2,1,17,A01
200800057866,0,7,0,0,2,8,20,B01
200800057867,0,31,0,0,1,3,0,A01
200800057868,0,7,0,0,0,3,1,B01
200800057868,0,7,0,0,2,1,1,A01
200800057869,0,40,0,0,2,1,1,B01
200800057869,0,7,0,0,0,6,15,A01
200800057870,0,40,0,0,0,0,1,B01
200800057870,0,1,0,0,0,0,1,A01
200800057871,0,10,0,0,1,4,4,A01
200800057872,0,7,0,0,0,2,20,A01
200800057872,0,30,0,0,2,1,18,B01
200800057873,0,7,0,0,0,8,15,A01
200800057873,0,14,0,0,2,2,1,B01
200800057874,0,7,0,0,2,2,1,B01
200800057874,0,7,0,0,2,1,16,A01
200800057875,0,7,0,14,0,1,13,A01
200800057876,0,33,0,0,1,0,1,A01
200800057876,0,7,0,0,2,1,1,B01
200800057877,0,31,0,0,2,3,1,A01
200800057877,0,10,0,0,0,2,16,B01
200800057878,0,31,0,0,2,1,1,A01
200800057878,0,7,0,0,0,4,1,B01
200800057879,0,7,0,0,2,3,15,A01
200800057879,0,33,0,0,2,1,1,B01
200800057880,0,7,0,0,2,1,15,A01
200800057880,0,33,0,0,2,1,1,B01
200800057881,0,14,0,0,0,0,16,A01
200800057881,0,1,0,0,2,1,0,B01
200800057882,0,2,0,0,2,1,1,B01
200800057882,0,7,0,0,0,3,15,A01
200800057883,0,7,0,0,0,3,15,A01
200800057883,0,30,0,0,2,1,1,B01
200800057884,0,30,0,0,2,1,17,A01
200800057884,0,1,0,0,0,4,13,B01
200800057885,0,33,0,0,0,7,17,A01
200800057885,0,7,0,0,2,3,17,B01
200800057886,0,7,0,0,0,5,1,B01
200800057886,0,7,0,0,2,3,15,A01
200800057887,0,7,0,0,2,2,1,A01
200800057888,0,7,0,0,0,1,1,B01
200800057888,0,31,0,0,2,3,1,A01
200800057889,0,31,0,0,2,1,1,B01
200800057889,0,7,0,0,2,1,15,A01
200800057890,0,10,0,0,2,1,15,A01
200800057890,0,2,0,0,0,7,1,B01
200800057891,0,30,0,0,2,1,1,A01
200800057891,0,7,0,0,0,4,23,B01
200800057892,0,7,0,0,2,3,13,A01
200800057892,0,7,0,0,2,3,1,B01
200800057893,0,30,0,0,2,1,0,A01
200800057893,0,10,0,0,0,5,1,B01
200800057894,0,40,0,0,1,2,1,A01
200800057895,0,30,0,0,0,3,19,A01
200800057895,0,30,0,0,2,1,1,B01
200800057896,0,2,0,1,0,1,1,A01
200800057897,0,7,0,0,0,0,1,A01
200800057897,1,7,0,0,0,0,0,B01
200800057898,0,33,0,0,2,1,17,A01
200800057898,0,7,0,0,0,8,10,B01
200800057899,0,10,0,0,2,1,1,A01
200800057899,0,7,0,0,0,4,2,B01
200800057900,0,7,0,0,0,7,14,A01
200800057900,0,32,0,0,2,1,1,B01
200800057901,0,33,0,0,2,1,1,A01
200800057901,0,7,0,0,0,4,1,B01
200800057902,0,7,0,0,2,1,15,A01
200800057902,0,7,0,0,0,2,1,B01
200800057903,0,7,0,0,2,1,1,B01
200800057903,0,7,0,0,2,1,15,A01
200800057904,0,2,0,0,2,2,17,A01
200800057904,0,7,0,0,0,8,1,B01
200800057905,0,31,0,0,0,7,1,B01
200800057905,0,7,0,0,2,1,15,A01
200800057906,0,2,0,0,2,1,17,A01
200800057906,0,7,0,0,0,3,1,B01
200800057907,0,7,0,0,2,1,1,A01
200800057907,0,7,0,0,0,4,23,B01
200800057908,0,40,0,0,2,2,1,B01
200800057908,0,7,0,0,0,3,15,A01
200800057909,0,7,0,0,0,2,17,A01
200800057909,0,1,0,0,1,1,2,B01
200800057910,0,32,0,0,2,7,17,A01
200800057910,0,10,0,0,0,6,15,B01
200800057911,0,13,0,0,2,0,1,A01
200800057911,0,7,0,0,0,4,2,B01
200800057912,0,30,0,0,0,0,1,A01
200800057913,0,30,0,0,2,1,1,B01
200800057913,0,7,0,0,0,7,0,A01
200800057914,0,7,0,0,2,2,1,B01
200800057914,0,7,0,0,0,2,1,A01
200800057915,0,30,0,11,0,2,13,A01
200800057916,0,34,0,0,0,8,1,A01
200800057917,0,2,0,9,0,1,15,A01
200800057918,1,7,0,0,1,0,1,A01
200800057919,0,7,0,0,2,1,2,A01
200800057919,0,10,0,0,1,4,23,B01
200800057920,0,40,0,0,1,2,1,A01
200800057921,0,7,0,0,0,8,1,A01
200800057922,0,7,0,0,0,8,23,A01
200800057922,0,1,0,0,2,1,17,B01
200800057923,0,7,0,0,0,3,15,A01
200800057923,0,33,0,0,2,2,17,B01
200800057924,0,37,10,0,2,1,1,B01
200800057924,0,33,0,0,2,2,20,A01
200800057925,0,7,0,0,0,2,15,B01
200800057925,0,2,0,0,2,1,1,A01
200800057926,0,7,0,0,0,7,16,A01
200800057926,0,30,0,0,2,3,18,B01
200800057927,0,7,0,0,1,1,15,A01
200800057928,0,2,0,0,2,1,1,B01
200800057928,0,7,0,0,0,2,1,A01
200800057929,0,30,0,0,0,4,1,A01
200800057929,0,7,0,0,2,1,1,B01
200800057930,0,10,0,0,2,3,15,A01
200800057930,0,33,0,0,0,5,1,B01
200800057931,0,1,0,0,0,7,1,B01
200800057931,0,7,0,0,2,1,16,A01
200800057932,0,7,0,0,2,1,21,A01
200800057932,0,7,0,0,0,3,1,B01
200800057933,0,2,0,0,0,8,1,A01
200800057933,0,7,0,0,2,2,1,B01
200800057934,0,31,0,0,1,1,17,A01
200800057935,0,2,0,0,2,1,1,A01
200800057935,0,7,0,0,0,7,15,B01
200800057936,0,33,0,0,2,1,17,A01
200800057936,0,7,0,0,0,3,15,B01
200800057937,0,7,0,0,1,1,17,A01
200800057938,0,7,0,0,2,1,15,A01
200800057938,0,7,0,0,2,1,1,B01
200800057939,0,33,0,0,2,1,1,B01
200800057939,0,10,0,0,2,1,1,A01
200800057940,0,2,0,0,2,1,2,A01
200800057940,0,7,0,0,0,4,2,B01
200800057941,0,7,0,1,0,6,4,A01
200800057941,0,32,0,0,2,1,1,B01
200800057942,0,7,0,0,0,2,1,A01
200800057942,0,2,0,0,2,1,1,B01
200800057943,1,7,0,0,1,0,15,A01
200800057944,0,30,0,1,0,1,14,A01
200800057945,0,7,0,0,0,0,14,A01
200800057945,0,1,0,0,2,0,1,B01
200800057946,0,1,0,0,0,5,1,B01
200800057946,0,7,0,0,2,3,1,A01
200800057947,0,7,0,0,0,3,1,B01
200800057947,0,7,0,0,2,1,1,A01
200800057948,0,7,0,0,2,1,15,A01
200800057948,0,7,0,0,0,3,1,B01
200800057949,0,1,0,0,1,1,1,A01
200800057950,0,1,0,0,2,1,15,A01
200800057950,0,7,0,0,0,3,1,B01
200800057951,0,7,0,0,1,6,1,A01
200800057952,0,7,0,0,2,1,15,B01
200800057952,0,33,0,0,0,8,1,A01
200800057953,0,31,0,0,2,8,1,A01
200800057953,0,7,0,0,0,5,1,B01
200800057954,0,7,0,0,2,1,15,A01
200800057954,0,30,0,0,2,1,1,B01
200800057955,0,33,0,0,2,1,1,B01
200800057955,0,7,0,0,0,5,15,A01
200800057956,0,10,0,0,0,3,9,A01
200800057956,0,1,0,0,2,2,1,B01
200800057957,0,33,0,0,2,3,1,A01
200800057957,0,7,0,0,0,7,16,B01
200800057958,0,7,0,0,0,3,9,A01
200800057958,0,7,0,0,2,5,1,B01
200800057959,0,33,0,0,1,2,1,A01
200800057960,0,7,0,0,0,8,22,A01
200800057960,0,1,0,1,0,1,1,B01
200800057961,0,7,0,0,2,1,13,A01
200800057961,0,7,0,0,2,1,1,B01
200800057962,1,7,0,0,1,0,1,A01
200800057963,0,2,0,0,2,1,1,A01
200800057963,0,7,0,0,2,7,15,B01
200800057964,0,30,0,0,2,1,1,B01
200800057964,0,7,0,0,0,7,1,A01
200800057965,0,7,0,0,2,1,1,A01
200800057965,0,7,0,0,0,2,1,B01
200800057966,0,7,0,0,2,1,13,A01
200800057966,0,7,0,0,0,7,1,B01
200800057966,0,7,0,0,2,1,1,C01
200800057966,0,7,0,0,2,1,1,D01
200800057967,0,2,0,0,2,1,1,A01
200800057967,0,7,0,0,0,4,1,B01
200800057968,0,2,0,0,2,1,1,B01
200800057968,0,7,0,0,2,3,9,A01
200800057969,0,7,0,0,1,1,1,A01
200800057970,0,2,0,0,0,0,1,A01
200800057971,0,33,0,0,2,1,1,B01
200800057971,0,7,0,0,0,5,15,A01
200800057972,0,2,0,0,2,1,17,B01
200800057972,0,7,0,0,0,3,1,A01
200800057973,0,7,0,0,2,3,1,A01
200800057973,0,30,0,0,2,1,1,B01
200800057974,0,30,0,0,0,0,1,A01
200800057975,0,2,0,0,0,3,1,A01
200800057976,0,7,0,0,2,3,9,A01
200800057976,0,31,0,0,2,1,1,B01
200800057977,0,33,0,0,2,8,1,B01
200800057977,0,7,0,0,2,3,11,A01
200800057978,0,2,0,0,2,1,1,A01
200800057978,0,7,0,0,2,8,15,B01
200800057979,0,7,0,0,1,1,1,A01
200800057979,1,99,0,0,0,0,2,B01
200800057980,0,7,0,12,0,3,0,A01
200800057981,0,7,0,0,1,1,1,A01
200800057982,0,7,0,8,0,1,1,A01
200800057983,0,2,0,14,0,1,21,A01
200800057984,0,2,0,0,2,1,1,A01
200800057984,0,7,0,0,2,4,1,B01
200800057985,0,7,0,0,2,1,1,B01
200800057985,0,7,0,0,2,3,15,A01
200800057986,1,7,0,0,1,1,1,A01
200800057987,0,33,0,0,2,1,0,A01
200800057987,0,7,0,0,2,3,1,B01
200800057988,0,7,0,0,1,1,1,A01
200800057989,0,2,0,0,0,0,0,A01
200800057990,0,7,0,0,2,1,1,A01
200800057990,0,7,0,0,2,1,1,B01
200800057990,0,7,0,0,2,1,1,C01
200800057990,0,7,0,0,2,4,1,D01
200800057991,0,7,0,0,1,1,15,A01
200800057992,0,30,0,0,1,1,1,A01
200800057993,0,30,0,0,1,1,1,A01
200800057994,0,30,0,0,2,1,0,A01
200800057994,0,7,0,0,2,0,1,B01
200800057995,0,7,0,0,2,1,2,A01
200800057995,0,7,0,0,2,4,2,B01
200800057996,0,7,0,0,0,0,0,A01
200800057997,0,7,0,0,2,1,9,A01
200800057997,0,7,0,0,2,2,1,B01
200800057998,1,2,0,0,2,1,9,A01
200800057998,0,7,0,0,2,1,1,B01
200800057999,0,33,0,0,2,1,16,B01
200800057999,0,10,0,0,2,2,9,A01
200800058000,0,7,0,0,1,1,10,A01
200800058001,0,7,0,0,2,1,2,A01
200800058001,0,7,0,0,0,4,2,B01
200800058002,0,7,0,8,2,5,1,A01
200800058002,0,7,0,1,0,0,0,B01
200800058003,0,7,0,0,2,0,0,A01
200800058003,0,30,0,0,2,0,0,B01
200800058004,0,30,0,0,0,0,0,A01
200800058005,0,7,0,0,0,0,0,A01
200800058006,0,7,0,2,0,1,1,A01
200800058007,0,7,0,0,2,8,15,A01
200800058007,0,7,0,0,2,1,1,B01
200800058008,0,7,0,0,1,1,1,A01
200800058009,0,7,0,0,0,8,19,A01
200800058009,0,32,0,0,2,1,1,B01
200800058010,0,10,0,0,1,3,1,A01
200800058011,0,7,0,0,2,1,2,A01
200800058011,0,7,0,0,2,4,2,B01
200800058012,1,7,0,0,1,0,0,A01
200800058013,0,7,0,0,2,3,15,A01
200800058013,0,31,0,0,2,1,1,B01
200800058014,0,34,0,0,2,1,1,A01
200800058014,0,7,0,0,2,8,15,B01
200800058015,0,30,0,0,2,0,1,A01
200800058015,0,7,0,0,2,7,1,B01
200800058016,0,7,0,0,2,1,1,A01
200800058016,0,7,0,0,2,8,1,B01
200800058017,0,7,0,14,2,1,6,A01
200800058017,0,7,0,0,2,6,1,B01
200800058017,0,31,0,0,2,1,1,C01
200800058017,0,7,0,0,2,8,1,D01
200800058018,0,7,0,6,0,3,1,A01
200800058019,0,30,0,0,2,0,0,A01
200800058019,0,7,0,0,9,0,0,B01
200800058020,0,7,0,0,2,3,1,A01
200800058020,0,1,0,0,2,8,5,B01
200800058021,0,7,0,0,9,3,1,A01
200800058021,0,30,0,0,2,1,1,B01
200800058022,0,33,0,0,2,4,2,A01
200800058022,0,7,0,0,2,4,2,B01
200800058023,0,7,0,0,2,3,1,A01
200800058023,0,7,0,0,2,1,1,B01
200800058024,0,7,0,0,2,2,9,A01
200800058024,0,30,0,0,2,7,1,B01
200800058025,0,7,0,0,0,9,1,A01
200800058026,2,30,0,0,1,1,1,A01
200800058027,0,7,0,0,0,3,1,A01
200800058027,0,15,0,0,0,5,24,B01
200800058028,0,40,0,0,1,2,1,A01
200800058029,0,7,0,0,0,1,2,A01
200800058029,0,7,0,0,1,4,2,B01
200800058030,0,32,0,0,2,1,0,A01
200800058030,0,7,0,0,2,7,0,B01
200800058031,0,7,0,0,2,3,10,A01
200800058031,0,33,0,0,2,1,2,B01
200800058032,0,7,0,0,1,0,0,A01
200800058033,1,7,0,0,0,0,0,A01
200800058033,0,33,0,0,2,4,2,B01
200800058034,0,10,0,16,0,3,15,A01
200800058035,0,10,0,0,1,1,1,A01
200800058036,0,7,0,0,2,1,13,A01
200800058036,0,7,0,0,2,1,0,B01
200800058037,0,7,0,0,2,8,15,A01
200800058037,0,7,0,0,2,2,1,B01
200800058038,0,1,0,0,2,3,1,A01
200800058038,0,33,0,0,2,1,1,B01
200800058039,0,7,0,0,2,8,13,A01
200800058039,0,2,0,0,2,1,1,B01
200800058040,0,7,0,0,2,0,11,A01
200800058040,0,32,0,0,2,0,1,B01
200800058041,0,32,0,0,2,1,1,B01
200800058041,1,99,0,0,0,0,0,A01
200800058042,0,7,0,0,2,3,10,A01
200800058042,0,13,0,0,2,2,2,B01
200800058043,0,7,0,8,2,1,1,A01
200800058044,0,7,0,0,2,1,2,B01
200800058044,0,7,0,0,2,1,2,A01
200800058044,0,7,0,0,1,4,2,C01
200800058045,1,7,0,0,0,0,0,A01
200800058046,0,7,0,0,2,1,1,B01
200800058046,0,7,0,0,2,1,1,A01
200800058047,0,7,0,0,0,4,1,B01
200800058047,0,1,0,0,2,1,1,A01
200800058048,0,30,0,0,0,0,1,A01
200800058049,0,31,0,0,2,1,7,A01
200800058049,0,7,0,0,2,3,15,B01
200800058050,0,7,0,8,0,2,1,A01
200800058051,0,30,0,0,2,1,1,A01
200800058051,0,7,0,0,0,4,1,B01
200800058052,0,7,0,0,2,1,1,A01
200800058052,0,1,0,0,0,4,1,B01
200800058053,0,7,0,0,0,8,1,A01
200800058054,0,7,0,0,2,8,1,A01
200800058054,0,7,0,0,2,3,0,B01
200800058055,0,7,0,0,1,2,1,A01
200800058056,0,32,0,0,2,7,0,A01
200800058056,0,7,0,0,0,8,1,B01
200800058057,0,7,0,0,2,1,2,A01
200800058057,0,7,0,0,2,4,2,B01
200800058058,0,34,0,0,0,8,1,A01
200800058059,0,33,0,0,0,8,1,A01
200800058060,0,7,0,0,2,1,1,A01
200800058060,0,7,0,0,2,9,1,B01
200800058060,0,7,0,0,2,4,1,C01
200800058061,0,7,0,0,2,2,2,A01
200800058061,0,7,0,0,2,1,2,B01
200800058062,0,7,0,0,1,2,1,A01
200800058063,1,33,0,0,0,0,0,A01
200800058064,0,33,0,0,2,1,2,A01
200800058064,0,7,0,0,2,6,0,B01
200800058065,0,36,0,0,0,8,1,A01
200800058066,0,7,0,0,2,1,1,B01
200800058066,0,7,0,0,2,2,1,A01
200800058067,0,7,0,0,2,2,9,A01
200800058067,0,33,0,0,2,1,1,B01
200800058068,0,33,0,0,0,0,16,A01
200800058069,0,7,0,0,2,3,15,A01
200800058069,0,33,0,0,2,1,1,B01
200800058070,0,34,0,0,2,1,1,A01
200800058070,0,38,51,0,2,4,1,B01
200800058071,0,31,0,0,2,1,1,B01
200800058071,0,7,0,0,2,3,15,A01
200800058072,0,7,0,0,2,8,10,A01
200800058072,0,33,0,0,2,1,1,B01
200800058073,0,2,0,0,2,1,1,A01
200800058073,0,7,0,0,2,4,2,B01
200800058074,0,33,0,0,2,1,1,B01
200800058074,0,10,0,0,2,8,15,A01
200800058075,0,10,0,0,2,5,15,A01
200800058075,0,31,0,0,2,7,1,B01
200800058076,0,7,0,0,2,3,1,B01
200800058076,0,99,0,0,2,1,1,A01
200800058077,0,7,0,0,2,1,15,A01
200800058077,0,7,0,0,0,3,1,B01
200800058078,0,7,0,0,1,2,1,A01
200800058079,0,10,0,1,0,9,13,A01
200800058080,0,33,0,0,2,7,15,A01
200800058080,0,10,0,0,2,3,0,B01
200800058081,0,7,0,0,2,1,15,A01
200800058081,0,33,0,0,2,7,1,B01
200800058082,0,7,0,0,2,1,15,A01
200800058082,0,1,0,0,2,4,1,B01
200800058083,0,30,0,0,0,1,0,A01
200800058084,0,7,0,0,1,1,1,A01
200800058085,0,7,0,15,0,0,0,A01
200800058086,0,30,0,0,0,0,1,A01
200800058087,0,7,0,11,0,9,17,A01
200800058088,0,7,0,4,0,9,2,A01
200800058089,0,7,0,0,1,3,1,A01
200800058090,0,7,0,0,2,1,1,A01
200800058090,0,30,0,0,2,7,1,B01
200800058091,0,7,0,0,2,4,23,B01
200800058091,0,15,0,0,2,1,2,A01
200800058092,0,7,0,0,2,1,2,A01
200800058092,0,7,0,0,2,4,23,B01
200800058093,0,33,0,0,2,1,13,A01
200800058093,0,7,0,0,2,4,4,B01
200800058094,0,2,0,0,0,0,1,A01
200800058095,0,7,0,13,0,0,13,A01
200800058096,0,30,0,0,0,0,1,A01
200800058097,0,30,0,0,2,1,1,B01
200800058097,0,7,0,0,2,2,19,A01
200800058098,0,7,0,0,2,2,15,A01
200800058098,0,2,0,0,2,1,1,B01
200800058099,0,1,0,0,0,0,1,A01
200800058100,0,7,0,0,2,8,22,A01
200800058100,0,1,0,1,0,1,1,B01
200800058101,0,7,0,0,2,4,14,A01
200800058101,0,1,0,0,2,1,1,B01
200800058102,0,7,0,0,1,3,1,A01
200800058103,0,7,0,0,2,7,15,A01
200800058103,0,30,0,0,2,1,1,B01
200800058104,0,7,0,0,0,0,15,A01
200800058104,0,30,0,0,0,0,1,B01
200800058105,0,7,0,1,0,2,14,A01
200800058106,0,30,0,12,0,0,0,A01
200800058107,0,30,0,14,0,0,1,A01
200800058108,0,32,0,0,0,0,0,A01
200800058109,0,7,0,0,2,3,15,A01
200800058109,0,30,0,0,2,1,1,B01
200800058110,0,37,0,0,1,0,1,A01
200800058111,0,7,0,0,2,7,17,A01
200800058111,0,2,0,0,2,0,1,B01
200800058112,0,7,0,3,0,0,14,A01
200800058113,0,1,0,0,1,0,17,A01
200800058114,0,10,0,0,1,2,1,A01
200800058115,0,17,0,0,2,2,12,A01
200800058115,0,14,0,0,2,1,1,B01
200800058115,0,7,0,0,2,4,1,C01
200800058116,0,33,0,0,2,1,13,A01
200800058117,0,1,0,0,2,0,0,A01
200800058118,0,7,0,0,1,1,1,A01
200800058119,0,7,0,0,2,7,19,A01
200800058119,0,33,0,0,2,1,1,B01
200800058120,1,7,0,0,0,0,15,A01
200800058120,0,2,0,0,0,0,1,B01
200800058121,0,7,0,1,0,1,14,A01
200800058122,0,2,0,0,0,0,0,A01
200800058123,0,7,0,0,1,2,1,A01
200800058124,0,7,0,0,2,4,1,C01
200800058124,0,7,0,0,2,4,1,B01
200800058124,0,7,0,0,2,1,1,A01
200800058125,0,7,0,0,1,1,16,A01
200800058126,0,7,0,0,2,1,15,A01
200800058126,0,7,0,0,2,3,1,B01
200800058127,0,37,0,0,2,2,7,B01
200800058127,0,7,0,0,2,2,16,A01
200800058128,0,15,0,0,2,2,14,A01
200800058128,0,7,0,0,2,3,9,B01
200800058129,0,7,0,6,0,1,0,A01
200800058130,0,10,0,0,2,8,9,A01
200800058130,0,1,0,0,2,1,1,B01
200800058131,0,7,0,13,0,3,16,A01
200800058132,0,30,0,0,0,0,0,A01
200800058133,0,7,0,2,0,0,1,A01
200800058134,0,14,0,0,2,1,1,A01
200800058134,0,7,0,0,2,4,2,B01
200800058134,0,7,0,0,2,4,2,C01
200800058135,0,7,0,0,2,1,1,A01
200800058135,0,7,0,0,2,4,2,B01
200800058135,0,7,0,0,2,4,2,C01
200800058136,0,7,0,9,1,3,12,A01
200800058137,0,7,0,0,1,1,1,A01
200800058138,0,7,0,0,1,1,1,A01
200800058139,0,1,0,0,2,1,1,B01
200800058139,0,2,0,0,2,1,1,A01
200800058140,0,33,0,0,9,0,1,A01
200800058141,0,30,0,11,0,1,1,A01
200800058142,0,7,0,0,2,2,15,A01
200800058142,0,1,0,0,2,1,1,B01
200800058143,0,2,0,0,2,1,1,B01
200800058143,0,7,0,0,2,3,15,A01
200800058144,0,30,0,0,2,1,1,A01
200800058144,0,7,0,0,2,5,1,B01
200800058145,0,7,0,0,2,1,13,A01
200800058145,0,32,0,0,0,1,23,B01
200800058146,0,7,0,0,1,1,1,A01
200800058147,0,7,0,0,2,1,9,A01
200800058147,0,7,0,0,2,5,1,B01
200800058148,0,7,0,0,2,5,1,A01
200800058148,0,7,0,0,2,1,1,B01
200800058149,0,7,0,0,1,1,1,A01
200800058150,0,7,0,6,0,3,13,A01
200800058151,0,7,0,0,1,1,1,A01
200800058152,0,7,0,6,0,7,0,A01
200800058153,0,7,0,0,2,1,13,A01
200800058153,0,7,0,0,2,1,1,B01
200800058154,0,7,0,0,1,1,1,A01
200800058155,0,7,0,0,2,3,1,B01
200800058155,0,2,0,0,2,1,1,A01
200800058156,0,33,0,0,2,1,1,A01
200800058157,0,30,0,6,2,1,1,A01
200800058158,0,7,0,0,1,8,1,A01
200800058159,0,7,0,0,0,1,1,A01
200800058160,0,2,0,0,2,1,1,B01
200800058160,0,38,1,0,2,8,15,A01
200800058161,0,30,0,0,2,1,1,B01
200800058161,0,7,0,0,2,2,15,A01
200800058162,0,7,0,0,0,4,20,A01
200800058162,0,30,0,0,2,1,1,B01
200800058163,0,7,0,0,2,2,1,B01
200800058163,0,7,0,0,2,1,15,A01
200800058164,0,7,0,0,2,3,1,B01
200800058164,0,2,0,0,2,7,1,A01
200800058165,0,7,0,0,1,6,1,A01
200800058166,0,37,0,0,2,7,1,A01
200800058166,0,1,0,0,2,8,1,B01
200800058167,0,10,0,0,2,6,10,A01
200800058167,0,7,0,0,2,2,1,B01
200800058168,0,7,0,0,2,7,1,B01
200800058168,0,30,0,0,2,1,1,A01
200800058169,0,1,0,0,0,0,1,A01
200800058170,0,7,0,0,1,2,2,A01
200800058171,0,7,0,0,2,3,15,A01
200800058171,0,32,0,0,2,2,1,B01
200800058172,0,7,0,0,9,2,15,A01
200800058172,0,1,0,0,2,1,1,B01
200800058173,0,7,0,0,2,8,1,A01
200800058173,0,10,0,0,2,1,1,B01
200800058174,0,7,0,0,2,5,1,A01
200800058174,0,7,0,0,2,2,1,B01
200800058175,0,7,0,0,2,3,15,A01
200800058175,0,7,0,0,2,1,1,B01
200800058176,0,10,0,0,2,1,2,A01
200800058176,0,7,0,0,2,4,2,B01
200800058176,0,7,0,0,2,4,2,C01
200800058176,0,7,0,0,2,4,2,D01
200800058177,0,7,0,0,2,3,15,A01
200800058177,0,33,0,0,2,1,17,B01
200800058178,0,7,0,0,2,1,2,A01
200800058178,0,7,0,0,2,4,2,B01
200800058178,0,7,0,0,2,4,2,C01
200800058179,0,7,0,0,2,4,23,A01
200800058179,0,7,0,0,2,1,1,B01
200800058179,0,10,0,0,2,1,1,C01
200800058180,0,30,0,0,2,1,5,A01
200800058180,0,1,0,0,2,1,1,B01
200800058181,0,7,0,0,2,2,15,A01
200800058181,0,1,0,0,2,7,1,B01
200800058182,0,7,0,0,1,6,4,A01
200800058183,0,30,0,0,2,1,1,A01
200800058183,0,30,0,0,2,4,17,B01
200800058184,0,33,0,0,2,4,2,A01
200800058184,0,7,0,0,2,4,1,B01
200800058185,0,14,0,0,1,1,1,A01
200800058186,0,7,0,0,1,1,1,A01
200800058187,0,7,0,0,2,2,1,A01
200800058187,0,7,0,0,2,9,1,B01
200800058188,0,33,0,0,2,1,1,A01
200800058188,0,7,0,1,2,8,15,B01
200800058189,0,40,0,0,2,1,1,A01
200800058189,0,30,0,0,4,3,1,B01
200800058190,0,7,0,0,2,8,1,A01
200800058190,0,10,0,0,2,4,1,B01
200800058190,0,10,0,0,2,1,1,C01
200800058191,0,7,0,0,1,2,15,A01
200800058192,0,15,0,0,2,6,23,A01
200800058192,0,7,0,0,2,1,12,B01
200800058193,0,32,0,0,2,3,17,A01
200800058193,0,7,0,0,2,6,15,B01
200800058194,0,7,0,0,1,2,1,A01
200800058195,0,7,0,0,1,2,17,A01
200800058196,0,7,0,0,2,3,2,A01
200800058196,0,7,0,0,0,5,2,B01
200800058197,0,31,0,0,2,2,19,A01
200800058197,0,7,0,0,2,3,15,B01
200800058198,0,7,0,0,2,1,15,A01
200800058198,0,2,0,0,2,1,1,B01
200800058199,0,2,0,0,2,9,1,A01
200800058199,0,7,0,0,0,5,1,B01
200800058200,0,7,0,0,1,1,1,A01
200800058201,0,7,0,0,2,8,13,A01
200800058201,0,2,0,0,2,1,17,B01
200800058202,0,7,0,0,2,1,19,A01
200800058202,0,2,0,0,2,8,1,B01
200800058203,0,7,0,0,2,8,22,A01
200800058203,0,1,0,0,2,1,1,B01
200800058204,0,7,0,0,2,1,15,A01
200800058204,0,2,0,0,2,1,1,B01
200800058205,0,33,0,14,2,1,17,A01
200800058205,0,7,0,0,2,3,15,B01
200800058206,0,7,0,16,0,9,0,A01
200800058207,0,7,0,0,2,4,2,B01
200800058207,0,2,0,0,2,1,2,A01
200800058208,0,7,0,0,2,4,2,C01
200800058208,0,7,0,0,2,1,2,B01
200800058208,0,7,0,0,2,1,2,A01
200800058209,0,7,0,0,2,8,15,B01
200800058209,0,33,0,0,2,1,17,A01
200800058210,0,7,0,0,2,2,1,B01
200800058210,0,7,0,0,2,3,15,A01
200800058211,0,7,0,0,2,1,1,B01
200800058211,0,7,0,0,2,2,15,A01
200800058212,0,2,0,0,1,0,0,A01
200800058213,0,7,0,0,2,1,0,B01
200800058213,0,7,0,0,2,1,6,A01
200800058214,0,32,0,0,2,0,0,B01
200800058214,0,7,0,0,2,2,20,A01
200800058215,0,7,0,0,2,3,15,A01
200800058215,0,7,0,0,2,1,1,B01
200800058216,0,7,0,0,0,4,2,B01
200800058216,0,7,0,0,2,1,2,A01
200800058217,0,33,0,0,2,8,17,B01
200800058217,0,10,0,0,2,2,15,A01
200800058218,0,2,0,0,2,1,1,B01
200800058218,0,7,0,0,2,3,15,A01
200800058219,0,7,0,0,2,4,23,B01
200800058219,0,7,0,0,2,1,1,A01
200800058220,0,7,0,0,2,3,1,B01
200800058220,0,7,0,10,2,1,1,A01
200800058221,0,10,0,0,2,4,1,B01
200800058221,0,10,0,0,2,1,2,A01
200800058222,0,7,0,0,2,1,1,A01
200800058222,0,1,0,0,2,4,23,B01
200800058223,0,7,0,0,0,9,1,A01
200800058224,0,7,0,0,2,3,15,A01
200800058224,0,30,0,0,2,1,1,B01
200800058225,0,33,0,0,2,1,1,A01
200800058225,0,10,0,0,0,4,23,B01
200800058226,0,7,0,13,0,7,1,A01
200800058227,0,7,0,0,2,1,2,A01
200800058227,0,7,0,0,2,4,1,B01
200800058228,0,7,0,0,0,3,1,A01
200800058228,0,2,0,0,2,1,1,B01
200800058229,0,7,0,0,2,1,15,B01
200800058229,0,2,0,0,2,7,1,A01
200800058230,0,2,0,0,2,3,6,B01
200800058231,0,7,0,0,0,1,2,A01