Num_Acc,senc,catv,occutc,obs,obsm,choc,manv,num_veh
200800058231,0,7,0,0,2,4,2,B01
200800058231,0,7,0,0,0,4,2,C01
200800058232,0,7,0,0,1,2,1,A01
200800058233,0,7,0,0,2,3,15,A01
200800058233,0,30,0,0,2,1,1,B01
200800058234,0,7,0,0,2,8,22,A01
200800058234,0,1,0,1,0,2,1,B01
200800058235,2,30,0,0,2,2,1,A01
200800058235,0,7,0,0,2,3,1,B01
200800058236,0,3,0,0,2,6,15,B01
200800058236,0,30,0,0,2,1,1,A01
200800058237,0,7,0,0,2,1,1,A01
200800058237,0,7,0,0,2,8,23,B01
200800058238,0,7,0,0,2,8,11,A01
200800058238,0,2,0,0,2,1,1,B01
200800058239,0,7,0,0,2,1,1,B01
200800058239,0,7,0,0,2,7,1,A01
200800058240,0,7,0,0,2,6,1,A01
200800058240,0,1,0,0,2,3,15,B01
200800058241,0,2,0,1,2,1,1,A01
200800058241,0,7,0,0,2,8,24,B01
200800058242,0,34,0,0,2,1,17,A01
200800058242,0,1,0,0,2,8,15,B01
200800058243,0,7,0,0,2,3,15,A01
200800058243,0,30,0,0,2,1,1,B01
200800058244,0,30,0,0,2,2,16,A01
200800058244,0,7,0,0,2,3,1,B01
200800058245,0,7,0,0,1,1,2,A01
200800058246,0,7,0,0,2,3,15,A01
200800058246,0,2,0,0,2,2,17,B01
200800058247,0,30,0,0,2,1,1,A01
200800058247,0,7,0,0,2,4,20,B01
200800058248,0,7,0,0,2,3,9,A01
200800058248,0,2,0,0,2,7,1,B01
200800058249,0,7,0,0,2,2,9,A01
200800058249,0,7,0,0,2,7,1,B01
200800058250,0,7,0,0,1,7,1,A01
200800058251,0,7,0,0,2,8,15,A01
200800058251,0,30,0,0,2,2,17,B01
200800058252,0,7,0,0,1,3,15,A01
200800058253,0,10,0,0,1,1,1,A01
200800058254,0,7,0,0,1,1,1,A01
200800058255,0,7,0,0,1,1,1,A01
200800058256,1,7,0,0,2,0,11,A01
200800058256,0,33,0,0,2,0,1,B01
200800058257,0,7,0,0,2,1,2,A01
200800058257,0,7,0,0,2,4,23,B01
200800058258,0,7,0,1,0,2,1,A01
200800058259,0,7,0,0,1,3,1,A01
200800058260,0,7,0,0,2,3,1,A01
200800058260,0,7,0,0,2,3,1,B01
200800058261,0,7,0,0,2,8,15,B01
200800058261,0,7,0,0,2,1,1,A01
200800058262,0,7,0,0,2,2,9,A01
200800058262,0,7,0,1,0,8,1,B01
200800058263,0,7,0,0,2,3,1,B01
200800058263,0,7,0,0,2,2,1,A01
200800058264,0,7,0,0,1,3,1,A01
200800058265,0,7,0,0,2,1,1,A01
200800058265,0,7,0,0,2,4,1,B01
200800058266,0,30,0,0,1,1,1,A01
200800058267,0,7,0,0,1,7,1,A01
200800058268,0,7,0,0,2,5,15,A01
200800058268,0,7,0,0,2,1,1,B01
200800058269,0,7,0,0,1,3,16,A01
200800058270,0,7,0,0,2,7,17,A01
200800058270,0,1,0,0,0,8,1,B01
200800058271,0,7,0,0,1,1,1,A01
200800058272,0,2,0,0,2,1,21,A01
200800058272,0,7,0,0,0,4,23,B01
200800058273,1,7,0,0,9,4,4,A01
200800058273,0,1,0,0,2,1,15,B01
200800058274,0,33,0,0,2,8,15,B01
200800058274,2,7,0,0,2,1,1,A01
200800058275,0,7,0,0,1,1,1,A01
200800058276,0,7,0,0,2,1,1,A01
200800058276,0,7,0,0,2,4,23,B01
200800058277,0,7,0,0,2,1,15,A01
200800058277,0,7,0,0,2,1,1,B01
200800058278,0,10,0,0,1,2,17,A01
200800058279,0,34,0,0,2,1,1,B01
200800058279,0,7,0,0,2,8,16,A01
200800058280,0,33,0,0,2,7,1,A01
200800058280,0,7,0,0,2,3,1,B01
200800058281,0,7,0,0,2,1,1,A01
200800058281,0,7,0,0,2,4,1,B01
200800058281,0,7,0,0,2,4,1,C01
200800058282,0,7,0,0,0,8,1,B01
200800058282,0,7,0,0,2,3,1,A01
200800058283,0,7,0,0,1,3,1,A01
200800058284,0,7,0,0,9,1,15,A01
200800058284,0,1,0,0,2,1,21,B01
200800058285,0,7,0,0,1,1,1,A01
200800058286,0,7,0,0,2,1,21,A01
200800058286,0,7,0,0,2,4,1,B01
200800058287,0,7,0,0,2,8,15,B01
200800058287,0,2,0,0,2,1,1,A01
200800058288,0,7,0,1,1,5,4,A01
200800058289,0,7,0,0,2,1,2,A01
200800058289,0,7,0,0,0,4,2,B01
200800058290,0,7,0,0,1,2,1,A01
200800058291,0,7,0,0,2,2,15,A01
200800058291,0,2,0,0,2,1,1,B01
200800058292,0,7,0,0,1,2,1,A01
200800058293,0,2,0,0,9,1,17,A01
200800058293,0,2,0,0,9,1,1,B01
200800058294,0,7,0,0,2,3,13,A01
200800058294,0,7,0,0,2,3,1,B01
200800058295,0,7,0,0,1,4,4,A01
200800058296,0,7,0,0,1,3,1,A01
200800058297,0,7,0,0,1,2,2,A01
200800058297,0,1,0,0,2,8,2,B01
200800058298,0,7,0,0,9,3,9,A01
200800058298,0,2,0,0,2,2,1,B01
200800058299,0,30,0,0,2,1,1,A01
200800058299,0,40,0,0,2,2,15,B01
200800058300,0,7,0,0,2,0,10,A01
200800058300,0,2,0,0,2,1,1,B01
200800058301,0,33,0,0,1,1,17,A01
200800058302,0,7,0,0,2,3,24,A01
200800058302,0,1,0,1,0,1,1,B01
200800058303,0,7,0,0,2,1,1,A01
200800058303,0,7,0,0,0,4,1,B01
200800058304,2,35,0,0,1,0,0,A01
200800058305,0,14,0,1,0,0,24,B01
200800058305,0,7,0,0,1,2,24,A01
200800058306,0,99,0,0,2,2,17,A01
200800058306,0,7,0,0,0,0,15,B01
200800058307,0,33,0,14,0,1,13,A01
200800058307,0,7,0,0,2,3,0,B01
200800058308,0,1,0,0,2,1,1,B01
200800058308,0,7,0,0,2,2,5,A01
200800058308,0,1,0,0,2,1,1,C01
200800058309,0,7,0,0,1,1,1,A01
200800058310,0,7,0,0,2,2,2,A01
200800058310,0,2,0,0,2,0,2,B01
200800058311,0,99,0,0,2,8,1,B01
200800058311,0,33,0,0,2,1,1,A01
200800058312,0,7,0,1,2,1,1,A01
200800058312,0,7,0,0,2,1,1,B01
200800058313,0,7,0,10,0,1,1,A01
200800058314,0,7,0,8,0,2,1,A01
200800058315,0,7,0,0,1,1,1,A01
200800058316,0,7,0,9,0,9,1,A01
200800058317,0,1,0,0,2,7,19,A01
200800058317,0,7,0,0,2,1,1,B01
200800058318,0,2,0,0,2,1,1,A01
200800058318,0,7,0,0,0,5,0,B01
200800058319,1,7,0,0,2,1,5,A01
200800058319,0,1,0,0,2,1,1,B01
200800058320,0,7,0,0,2,1,15,A01
200800058320,0,3,0,0,2,1,1,B01
200800058321,1,7,0,0,0,0,0,A01
200800058321,0,1,0,0,2,0,15,B01
200800058322,0,2,0,0,2,1,1,B01
200800058322,0,7,0,0,2,7,1,A01
200800058323,0,7,0,0,1,1,1,A01
200800058324,0,7,0,0,2,2,15,A01
200800058324,0,33,0,0,2,1,1,B01
200800058325,0,7,0,0,2,1,13,A01
200800058325,0,7,0,0,2,1,1,B01
200800058326,0,7,0,0,2,1,6,A01
200800058326,0,1,0,0,2,7,1,B01
200800058327,0,7,0,0,2,5,17,A01
200800058327,0,30,0,0,2,3,1,B01
200800058328,0,7,0,0,2,7,15,A01
200800058328,0,2,0,0,2,1,1,B01
200800058329,0,10,0,0,1,2,1,A01
200800058330,0,30,0,0,2,8,1,A01
200800058330,0,7,0,0,2,1,1,B01
200800058331,0,7,0,0,2,3,4,A01
200800058331,0,2,0,0,2,1,1,B01
200800058332,0,7,0,0,2,7,15,A01
200800058332,0,2,0,0,2,1,18,B01
200800058333,0,99,0,0,2,5,15,A01
200800058333,0,30,0,0,2,1,1,B01
200800058334,0,7,0,0,2,2,16,A01
200800058334,0,1,0,0,2,1,1,B01
200800058335,0,7,0,0,2,8,1,B01
200800058335,0,7,0,0,2,2,1,A01
200800058336,0,99,0,0,1,4,4,A01
200800058337,0,2,0,0,2,2,1,A01
200800058337,0,7,0,0,2,5,1,B01
200800058338,0,7,0,0,1,1,3,A01
200800058339,0,10,0,0,2,2,15,A01
200800058339,0,7,0,0,2,3,1,B01
200800058340,0,31,0,0,2,5,1,B01
200800058340,0,7,0,0,2,1,1,A01
200800058341,0,7,0,13,0,1,1,A01
200800058342,0,33,0,0,2,5,9,B01
200800058342,0,7,0,0,2,5,1,A01
200800058343,0,10,0,0,2,2,15,A01
200800058343,0,2,0,0,2,1,1,B01
200800058344,0,30,0,8,0,1,1,A01
200800058345,0,7,0,0,2,8,24,A01
200800058345,0,1,0,1,0,1,1,B01
200800058346,0,2,0,0,2,1,17,A01
200800058346,0,10,0,0,2,0,13,B01
200800058347,0,10,0,0,2,6,23,A01
200800058347,0,30,0,0,0,1,7,B01
200800058348,0,7,0,13,0,2,1,A01
200800058349,0,7,0,0,1,1,1,A01
200800058350,0,7,0,0,2,7,1,A01
200800058351,0,7,0,0,1,1,1,A01
200800058352,0,7,0,0,2,1,1,A01
200800058352,0,7,0,0,2,4,1,B01
200800058352,0,10,0,0,2,4,1,C01
200800058352,0,7,0,0,2,4,1,D01
200800058353,0,2,0,0,2,9,19,B01
200800058353,0,7,0,0,2,1,15,A01
200800058354,0,7,0,0,2,9,1,A01
200800058354,0,2,0,0,2,1,1,B01
200800058355,0,7,0,0,2,1,1,A01
200800058355,0,7,0,0,2,4,1,B01
200800058356,0,7,0,0,2,1,1,A01
200800058356,0,7,0,0,2,4,1,B01
200800058357,0,2,0,0,2,0,1,A01
200800058357,0,7,0,0,2,8,1,B01
200800058358,0,2,0,0,2,9,2,A01
200800058358,0,7,0,0,2,7,1,B01
200800058359,0,7,0,0,2,1,16,A01
200800058359,0,33,0,0,2,7,18,B01
200800058360,0,7,0,0,1,1,1,A01
200800058361,0,7,0,0,1,1,1,A01
200800058362,0,2,0,0,2,1,1,A01
200800058362,0,7,0,0,2,4,1,B01
200800058363,0,7,0,0,2,1,9,A01
200800058363,0,7,0,0,2,7,1,B01
200800058364,1,7,0,0,1,0,0,A01
200800058365,0,7,0,0,0,4,2,B01
200800058365,0,2,0,1,0,4,2,A01
200800058366,0,7,0,0,4,0,1,A01
200800058366,0,40,0,0,2,1,1,B01
200800058367,0,2,0,0,2,8,1,A01
200800058367,0,15,0,0,2,1,1,B01
200800058368,0,2,0,0,2,1,1,B01
200800058368,0,7,0,0,2,1,1,A01
200800058369,0,10,0,0,2,1,9,A01
200800058369,0,2,0,0,2,1,1,B01
200800058370,0,33,0,0,2,1,1,A01
200800058370,0,7,0,0,2,2,15,B01
200800058371,0,7,0,0,2,1,13,A01
200800058371,0,15,0,0,2,1,24,B01
200800058372,0,2,0,0,2,2,1,A01
200800058372,0,7,0,0,2,8,15,B01
200800058373,0,1,0,0,2,1,2,A01
200800058373,0,7,0,0,2,4,23,B01
200800058374,0,37,0,0,1,2,1,A01
200800058375,0,7,0,0,1,1,1,A01
200800058376,0,7,0,0,1,1,1,A01
200800058377,0,7,0,15,0,3,15,A01
200800058378,0,7,0,0,2,2,1,A01
200800058378,0,7,0,0,2,3,1,B01
200800058379,0,2,0,0,2,1,1,A01
200800058379,0,7,0,0,2,4,1,B01
200800058380,1,7,0,0,1,1,1,A01
200800058381,0,7,0,0,2,8,21,A01
200800058381,0,7,0,0,2,7,1,B01
200800058382,0,2,0,0,2,1,1,B01
200800058382,0,7,0,0,2,3,10,A01
200800058383,0,30,0,0,2,1,15,A01
200800058383,0,32,0,0,2,1,1,B01
200800058384,0,7,0,0,2,1,15,A01
200800058384,0,7,0,0,2,0,1,B01
200800058385,0,1,0,0,2,1,15,B01
200800058385,0,7,0,0,2,3,1,A01
200800058386,0,7,0,0,1,3,15,A01
200800058387,0,1,0,0,1,1,0,A01
200800058388,0,7,0,0,1,1,3,A01
200800058389,0,40,0,0,1,1,1,A01
200800058390,0,7,0,0,2,7,4,A01
200800058390,0,33,0,0,2,1,1,B01
200800058391,0,7,0,0,2,3,16,A01
200800058391,0,33,0,0,2,1,1,B01
200800058392,0,7,0,0,2,1,1,B01
200800058392,0,7,0,0,2,8,1,A01
200800058393,0,2,0,0,2,1,1,A01
200800058393,0,7,0,0,0,2,16,B01
200800058394,0,30,0,0,6,1,0,A01
200800058395,0,2,0,0,2,1,1,A01
200800058395,0,7,0,0,2,1,1,B01
200800058396,0,7,0,0,2,4,23,B01
200800058396,0,32,0,0,2,1,2,A01
200800058397,0,7,0,0,2,1,1,B01
200800058397,0,7,0,0,2,6,9,A01
200800058398,0,7,0,0,2,3,15,A01
200800058398,0,7,0,0,2,3,2,B01
200800058399,0,7,0,0,2,2,15,A01
200800058399,0,30,0,0,2,1,1,B01
200800058400,0,7,0,0,2,3,1,B01
200800058400,0,7,0,0,2,1,1,A01
200800058401,0,33,0,16,0,0,1,A01
200800058402,0,7,0,0,2,2,16,A01
200800058402,0,1,0,0,2,1,1,B01
200800058403,0,7,0,0,2,1,1,B01
200800058403,0,7,0,0,2,7,9,A01
200800058404,0,7,0,0,2,1,1,A01
200800058405,0,33,0,0,0,0,1,A01
200800058405,0,7,0,0,2,0,15,B01
200800058406,0,7,0,0,2,2,15,A01
200800058406,0,2,0,0,2,1,1,B01
200800058407,0,7,0,0,2,1,1,B01
200800058407,0,7,0,0,2,5,10,A01
200800058408,0,30,0,0,0,0,1,A01
200800058409,0,10,0,0,2,1,1,A01
200800058409,0,7,0,0,2,4,1,B01
200800058410,0,7,0,0,1,0,0,A01
200800058411,0,7,0,8,0,5,0,A01
200800058412,0,7,0,0,2,1,0,A01
200800058412,0,7,0,0,2,4,0,B01
200800058413,0,2,0,0,0,0,0,A01
200800058414,0,33,0,0,2,1,1,A01
200800058414,0,7,0,0,2,4,23,B01
200800058415,0,7,0,4,0,1,1,A01
200800058416,0,2,0,0,2,7,17,A01
200800058416,0,37,1,0,2,8,1,B01
200800058417,0,7,0,0,2,7,20,A01
200800058417,0,2,0,0,2,3,1,B01
200800058418,0,7,0,0,0,5,1,B01
200800058418,0,7,0,0,2,2,0,A01
200800058419,0,7,0,0,0,2,15,A01
200800058419,0,30,0,0,2,7,1,B01
200800058420,0,7,0,0,2,3,16,A01
200800058420,0,30,0,0,2,1,1,B01
200800058421,0,7,0,0,2,7,22,A01
200800058421,0,1,0,1,0,1,1,B01
200800058422,0,33,0,0,6,1,1,A01
200800058423,0,7,0,0,2,2,12,A01
200800058423,0,1,0,0,2,1,1,B01
200800058424,0,2,0,0,0,1,1,A01
200800058425,0,7,0,0,2,2,9,A01
200800058425,0,2,0,0,2,1,1,B01
200800058425,0,7,0,0,2,1,13,C01
200800058426,0,7,0,0,1,1,1,A01
200800058427,0,10,0,4,0,1,1,A01
200800058428,0,33,0,3,0,7,1,A01
200800058429,0,2,0,0,0,0,1,A01
200800058430,0,2,0,0,0,1,1,A01
200800058431,0,7,0,0,1,4,4,A01
200800058432,0,7,0,0,2,8,1,B01
200800058432,0,7,0,0,2,1,1,C01
200800058432,0,7,0,0,2,1,15,A01
200800058433,0,32,0,0,0,8,1,A01
200800058434,0,7,0,0,1,0,20,A01
200800058435,0,2,0,14,0,1,1,A01
200800058436,0,1,0,0,0,0,0,A01
200800058437,0,7,0,0,2,3,20,A01
200800058437,0,31,0,0,2,1,1,B01
200800058438,0,7,0,0,0,3,15,A01
200800058438,0,2,0,0,2,1,1,B01
200800058439,0,7,0,9,0,1,1,A01
200800058440,0,2,0,0,2,7,17,A01
200800058440,0,2,0,0,2,8,1,B01
200800058441,0,7,0,0,2,7,15,A01
200800058442,0,31,0,0,0,8,1,A01
200800058443,0,1,0,0,2,1,14,A01
200800058443,0,37,1,0,2,5,1,B01
200800058444,0,7,0,0,2,1,0,A01
200800058444,0,10,0,0,2,4,0,B01
200800058444,0,7,0,0,2,4,1,C01
200800058445,0,7,0,0,2,3,15,A01
200800058445,0,33,0,0,2,3,1,B01
200800058446,0,7,0,0,2,1,2,A01
200800058446,0,7,0,0,0,0,1,B01
200800058447,0,7,0,0,2,1,9,A01
200800058447,0,1,0,0,2,7,1,B01
200800058448,1,7,0,0,2,8,9,A01
200800058448,0,31,0,0,2,1,1,B01
200800058449,0,2,0,0,2,1,1,A01
200800058449,0,7,0,0,2,4,1,B01
200800058450,1,30,0,0,2,0,1,A01
200800058450,0,1,0,0,2,7,15,B01
200800058451,0,7,0,0,2,1,15,A01
200800058451,0,7,0,0,2,1,1,B01
200800058452,0,7,0,0,2,1,1,B01
200800058452,0,7,0,0,2,7,9,A01
200800058453,0,7,0,0,2,2,9,A01
200800058453,0,2,0,0,2,1,1,B01
200800058454,0,1,0,0,0,0,1,A01
200800058455,0,2,0,1,0,1,1,A01
200800058456,0,7,0,0,2,1,1,A01
200800058456,0,7,0,0,2,4,1,B01
200800058456,0,7,0,0,2,1,1,C01
200800058456,0,7,0,0,2,4,1,D01
200800058457,0,7,0,0,1,2,15,A01
200800058458,0,33,0,16,0,1,1,A01
200800058459,0,1,0,0,1,1,5,A01
200800058460,0,7,0,0,2,3,1,A01
200800058460,0,7,0,0,2,3,1,B01
200800058461,0,2,0,0,1,1,1,A01
200800058462,0,7,0,0,2,7,16,A01
200800058462,0,33,0,0,2,0,1,B01
200800058463,0,7,0,0,1,1,15,A01
200800058464,0,7,0,0,2,2,1,A01
200800058464,0,2,0,0,2,1,1,B01
200800058465,0,7,0,0,1,2,1,A01
200800058466,0,7,0,0,2,2,1,B01
200800058466,0,2,0,0,2,1,1,A01
200800058467,0,7,0,0,2,2,1,A01
200800058467,0,2,0,0,2,1,1,B01
200800058468,0,2,0,0,2,1,1,A01
200800058468,0,7,0,0,2,4,2,B01
200800058469,0,10,0,0,2,3,1,A01
200800058469,0,30,0,0,2,7,1,B01
200800058470,0,2,0,0,2,7,2,A01
200800058470,0,7,0,0,2,8,2,B01
200800058471,0,7,0,0,2,4,1,B01
200800058471,0,30,0,0,2,1,1,A01
200800058472,0,2,0,0,2,1,1,A01
200800058472,0,7,0,0,2,4,1,B01
200800058473,0,7,0,0,1,4,4,A01
200800058474,0,7,0,0,2,3,9,A01
200800058474,0,33,0,0,2,1,1,B01
200800058475,0,1,0,0,2,1,2,A01
200800058475,0,7,0,0,2,4,1,B01
200800058476,0,7,0,0,2,1,1,A01
200800058476,0,7,0,0,2,4,23,B01
200800058477,0,7,0,0,2,3,9,A01
200800058477,0,2,0,0,2,2,1,B01
200800058478,0,7,0,0,2,8,1,A01
200800058478,0,7,0,0,2,1,15,B01
200800058479,0,33,0,0,2,1,2,A01
200800058479,0,7,0,0,2,4,1,B01
200800058480,0,7,0,0,2,3,9,A01
200800058480,0,2,0,0,2,1,1,B01
200800058481,0,7,0,0,2,1,1,A01
200800058481,0,7,0,0,2,8,1,B01
200800058482,0,7,0,0,2,1,9,A01
200800058482,0,2,0,0,2,2,1,B01
200800058483,0,7,0,0,2,8,10,A01
200800058483,0,33,0,0,2,1,1,B01
200800058484,0,7,0,0,1,8,1,A01
200800058485,0,30,0,0,2,1,15,A01
200800058485,0,7,0,0,2,1,16,B01
200800058486,0,7,0,0,0,0,1,A01
200800058486,0,2,0,13,0,1,1,B01
200800058487,0,7,0,0,2,7,9,A01
200800058487,0,30,0,0,2,1,1,B01
200800058488,0,7,0,0,2,2,15,A01
200800058488,0,2,0,0,2,1,1,B01
200800058489,0,10,0,6,2,1,1,A01
200800058489,0,7,0,0,2,1,2,B01
200800058490,0,10,0,6,0,1,1,A01
200800058491,0,7,0,0,2,1,9,A01
200800058491,0,7,0,0,2,8,1,B01
200800058492,0,7,0,0,2,1,1,A01
200800058492,0,7,0,0,1,4,1,B01
200800058493,0,33,0,7,0,1,1,A01
200800058494,0,10,0,0,2,3,15,B01
200800058494,0,30,0,0,2,2,15,A01
200800058495,0,2,0,0,2,1,1,A01
200800058495,0,7,0,0,0,3,1,B01
200800058496,0,14,0,0,2,1,2,A01
200800058496,0,10,0,0,0,5,2,B01
200800058497,0,2,0,0,2,8,19,A01
200800058497,0,38,1,0,2,1,1,B01
200800058498,0,7,0,0,2,6,1,A01
200800058498,0,33,0,0,2,1,13,B01
200800058499,0,2,0,0,2,1,2,A01
200800058499,0,1,0,0,2,4,2,B01
200800058500,0,7,0,0,0,9,0,A01
200800058501,0,7,0,0,1,2,1,A01
200800058502,0,31,0,0,1,1,1,A01
200800058503,0,7,0,1,2,5,14,A01
200800058503,0,2,0,0,2,1,1,B01
200800058503,0,7,0,0,2,3,23,C01
200800058503,0,7,0,0,2,6,23,D01
200800058504,0,7,0,0,2,1,2,A01
200800058504,0,7,0,0,2,4,2,B01
200800058504,0,7,0,0,2,4,2,C01
200800058505,0,7,0,0,2,3,1,B01
200800058505,0,1,0,0,2,1,1,A01
200800058506,0,2,0,0,2,7,13,A01
200800058506,0,7,0,0,0,3,15,B01
200800058507,0,7,0,0,1,1,15,A01
200800058508,0,7,0,0,2,2,1,A01
200800058508,0,30,0,0,2,1,1,B01
200800058509,0,1,0,0,2,1,16,B01
200800058509,0,7,0,0,9,3,9,A01
200800058510,0,7,0,0,2,1,1,A01
200800058510,0,7,0,0,2,1,1,B01
200800058511,0,37,0,0,1,3,15,A01
200800058512,0,30,0,0,0,1,16,A01
200800058513,0,2,0,0,2,1,21,A01
200800058513,0,7,0,0,2,4,23,B01
200800058514,0,7,0,0,2,1,21,A01
200800058514,0,7,0,0,2,4,23,B01
200800058514,0,7,0,0,2,4,23,C01
200800058515,0,36,0,11,0,1,21,A01
200800058516,0,14,0,0,2,3,1,B01
200800058516,0,7,0,0,2,1,13,A01
200800058517,0,7,0,0,2,4,23,D01
200800058517,0,7,0,0,2,1,23,C01
200800058517,0,7,0,0,2,4,23,B01
200800058517,0,10,0,0,2,1,1,A01
200800058518,0,7,0,0,2,7,16,A01
200800058518,0,2,0,6,2,1,21,B01
200800058519,0,7,0,0,2,1,1,B01
200800058519,0,7,0,0,2,1,13,A01
200800058520,0,7,0,0,2,1,15,A01
200800058520,0,33,0,0,2,1,1,B01
200800058521,0,2,0,14,0,1,1,A01
200800058522,0,17,0,0,0,5,1,A01
200800058522,0,17,0,0,2,3,2,B01
200800058522,0,7,0,0,2,1,2,C01
200800058523,0,1,0,0,0,1,1,A01
200800058523,1,7,0,0,9,2,12,B01
200800058524,0,7,0,0,0,6,11,B01
200800058524,0,15,0,0,2,1,1,A01
200800058525,0,7,0,0,2,1,13,A01
200800058525,0,7,0,0,2,1,2,B01
200800058526,1,7,0,0,2,1,2,A01
200800058526,0,7,0,0,2,4,2,B01
200800058526,0,7,0,0,2,4,2,C01
200800058527,0,7,0,0,1,1,0,A01
200800058528,0,2,0,0,2,2,2,A01
200800058528,0,7,0,0,0,4,0,B01
200800058529,0,2,0,12,0,2,2,A01
200800058530,0,7,0,0,1,1,12,A01
200800058531,0,1,0,0,2,1,15,A01
200800058531,0,7,0,0,0,7,1,B01
200800058532,0,30,0,0,2,3,1,B01
200800058532,0,7,0,0,0,1,1,A01
200800058533,0,14,0,15,9,8,16,A01
200800058534,0,2,0,0,2,2,2,B01
200800058534,1,7,0,0,2,3,15,A01
200800058535,0,31,0,0,2,2,1,A01
200800058535,0,2,0,0,0,7,1,B01
200800058536,0,1,0,0,2,8,2,A01
200800058536,1,10,0,0,2,5,2,B01
200800058537,0,7,0,0,1,2,15,A01
200800058538,0,7,0,0,2,2,1,A01
200800058538,0,1,0,0,2,2,19,B01
200800058539,0,7,0,1,0,1,1,A01
200800058540,0,7,0,0,2,3,15,A01
200800058540,0,2,0,0,2,1,17,B01
200800058541,1,2,0,0,2,1,1,A01
200800058541,0,1,0,0,2,4,1,B01
200800058542,0,7,0,0,1,8,1,A01
200800058543,0,7,0,15,0,1,16,A01
200800058544,1,7,0,0,2,1,1,A01
200800058544,0,2,0,0,2,2,1,B01
200800058545,1,7,0,0,1,0,0,A01
200800058546,0,7,0,0,2,2,15,A01
200800058546,0,33,0,0,2,1,1,B01
200800058547,0,2,0,0,2,1,17,A01
200800058547,0,7,0,0,2,2,15,B01
200800058548,0,7,0,0,2,3,15,A01
200800058548,0,2,0,0,2,1,1,B01
200800058549,0,7,0,0,1,3,1,A01
200800058550,0,2,0,0,2,8,1,B01
200800058550,0,17,0,0,2,3,15,A01
200800058551,0,7,0,11,0,1,1,A01
200800058552,1,10,0,0,1,1,0,A01
200800058553,0,10,0,0,0,0,11,A01
200800058553,0,2,0,0,0,0,1,B01
200800058554,0,7,0,0,2,1,1,A01
200800058554,0,7,0,0,2,4,2,B01
200800058555,0,7,0,0,1,2,1,A01
200800058556,0,37,10,0,1,2,1,A01
200800058557,0,2,0,0,2,1,17,A01
200800058557,0,7,0,0,2,3,20,B01
200800058558,0,2,0,0,2,1,1,A01
200800058558,0,7,0,0,1,8,15,B01
200800058559,0,7,0,0,2,8,11,A01
200800058559,0,1,0,0,2,7,1,B01
200800058560,0,7,0,0,0,0,10,A01
200800058560,0,33,0,0,0,8,21,B01
200800058561,1,7,0,0,1,1,1,A01
200800058562,0,7,0,0,2,1,1,A01
200800058563,0,7,0,0,2,1,15,A01
200800058563,0,7,0,0,2,8,1,B01
200800058564,1,7,0,0,2,2,14,A01
200800058564,0,7,0,0,2,4,23,B01
200800058565,0,7,0,8,0,1,1,A01
200800058566,0,7,0,0,2,1,15,A01
200800058566,0,7,0,0,2,1,1,B01
200800058567,0,7,0,0,2,1,1,A01
200800058567,0,33,0,0,2,1,1,B01
200800058568,0,7,0,0,2,2,12,A01
200800058568,0,2,0,0,2,0,1,B01
200800058569,0,2,0,0,1,1,1,A01
200800058570,0,7,0,0,1,1,1,A01
200800058571,0,7,0,0,1,6,1,A01
200800058572,0,2,0,0,2,1,1,B01
200800058572,0,7,0,0,0,8,10,A01
200800058573,1,7,0,0,1,0,0,A01
200800058574,0,7,0,0,2,2,9,A01
200800058574,0,2,0,0,2,1,1,B01
200800058575,0,2,0,0,2,1,1,A01
200800058575,0,7,0,0,1,2,1,B01
200800058576,0,30,0,0,2,3,1,B01
200800058576,0,7,0,0,2,6,4,A01
200800058577,0,7,0,0,2,1,1,A01
200800058577,0,14,0,0,2,4,1,B01
200800058578,0,33,0,0,2,7,1,A01
200800058578,0,30,0,0,2,1,1,B01
200800058579,1,7,0,0,0,0,0,A01
200800058579,0,2,0,12,0,7,1,B01
200800058580,0,7,0,0,2,2,15,A01
200800058580,0,30,0,0,2,1,1,B01
200800058581,0,7,0,0,2,1,1,A01
200800058581,0,7,0,0,2,6,1,B01
200800058581,0,7,0,0,2,3,1,C01
200800058582,0,7,0,0,2,1,1,A01
200800058582,0,7,0,0,2,8,1,B01
200800058583,0,1,0,0,2,8,19,A01
200800058583,0,7,0,0,2,1,1,B01
200800058584,0,7,0,0,2,3,1,B01
200800058584,0,2,0,0,2,1,6,A01
200800058585,0,7,0,0,2,1,15,A01
200800058585,0,33,0,0,2,1,1,B01
200800058586,0,7,0,0,1,1,1,A01
200800058587,0,7,0,6,0,1,14,A01
200800058588,1,7,0,0,1,0,0,A01
200800058589,0,7,0,0,2,4,4,A01
200800058589,0,7,0,0,2,2,23,B01
200800058590,0,7,0,0,1,1,1,A01
200800058591,0,7,0,13,0,2,14,A01
200800058592,0,2,0,0,2,7,15,A01
200800058592,0,7,0,0,2,1,1,B01
200800058593,0,7,0,0,1,0,1,A01
200800058594,0,7,0,0,1,1,1,A01
200800058595,0,7,0,13,0,1,1,A01
200800058596,0,7,0,16,0,1,1,A01
200800058597,0,7,0,0,2,1,1,A01
200800058597,0,7,0,0,2,4,1,B01
200800058597,0,7,0,0,2,4,1,C01
200800058598,0,7,0,0,2,1,1,A01
200800058598,0,7,0,0,2,4,23,B01
200800058599,0,7,0,16,0,7,1,A01
200800058600,0,7,0,0,1,1,1,A01
200800058601,0,7,0,0,2,3,1,A01
200800058601,0,7,0,0,2,2,15,B01
200800058602,0,7,0,0,2,8,1,B01
200800058602,0,7,0,0,2,3,1,A01