Num_Acc,senc,catv,occutc,obs,obsm,choc,manv,num_veh
200800058603,0,7,0,0,2,7,1,B01
200800058603,0,3,0,0,2,1,1,A01
200800058604,0,7,0,0,2,3,1,B01
200800058604,0,7,0,0,2,2,1,A01
200800058605,0,1,0,0,0,0,1,A01
200800058606,0,7,0,0,2,1,1,A01
200800058606,0,7,0,0,2,4,23,B01
200800058606,0,7,0,0,2,4,23,C01
200800058607,0,7,0,1,0,6,4,A01
200800058607,0,7,0,0,0,7,23,B01
200800058608,0,7,0,0,2,2,1,C01
200800058608,0,1,0,0,2,1,1,A01
200800058608,0,1,0,0,2,1,1,B01
200800058609,0,1,0,0,2,1,1,B01
200800058609,0,7,0,0,2,8,1,A01
200800058610,0,2,0,0,2,1,18,A01
200800058610,0,7,0,0,2,7,16,B01
200800058611,0,1,0,0,0,0,1,A01
200800058612,0,7,0,0,2,8,1,B01
200800058612,0,2,0,0,2,1,1,A01
200800058613,0,7,0,0,1,1,1,A01
200800058614,0,7,0,2,0,8,1,A01
200800058615,0,7,0,0,1,1,1,A01
200800058616,0,2,0,0,2,1,1,B01
200800058616,0,7,0,0,2,2,1,A01
200800058617,0,2,0,1,0,1,1,A01
200800058618,0,7,0,0,2,2,15,A01
200800058618,0,2,0,0,2,1,1,B01
200800058619,0,33,0,0,0,7,1,A01
200800058620,0,10,0,0,1,3,1,A01
200800058621,0,7,0,0,2,4,23,B01
200800058621,0,30,0,15,0,1,2,A01
200800058622,0,7,0,6,0,1,13,A01
200800058623,0,7,0,0,2,1,2,A01
200800058623,0,7,0,0,2,4,23,C01
200800058623,0,7,0,14,0,1,2,B01
200800058624,0,7,0,0,1,1,1,A01
200800058625,0,33,0,0,2,1,15,B01
200800058625,0,7,0,0,2,1,17,A01
200800058626,0,7,0,0,1,3,1,A01
200800058627,0,7,0,0,2,1,2,A01
200800058627,0,7,0,0,2,4,1,B01
200800058628,0,30,0,0,2,1,2,A01
200800058628,0,7,0,0,2,4,2,B01
200800058629,0,7,0,0,2,8,15,B01
200800058629,0,30,0,0,2,1,17,A01
200800058630,0,1,0,0,2,0,0,B01
200800058630,1,2,0,0,2,0,0,A01
200800058631,0,31,0,0,2,1,1,B01
200800058631,0,7,0,0,2,8,19,A01
200800058632,0,7,0,0,2,4,2,B01
200800058632,0,7,0,0,2,1,2,A01
200800058633,0,7,0,0,2,7,10,A01
200800058633,0,33,0,0,2,1,1,B01
200800058634,0,7,0,2,0,2,1,A01
200800058635,0,7,0,0,1,2,1,A01
200800058636,0,7,0,0,1,1,1,A01
200800058637,0,2,0,0,2,7,1,A01
200800058637,0,2,0,0,2,8,15,B01
200800058638,0,7,0,0,2,7,1,A01
200800058638,0,33,0,0,2,8,18,B01
200800058639,0,7,0,0,2,7,1,B01
200800058639,0,7,0,0,2,1,1,A01
200800058640,0,7,0,0,2,8,1,B01
200800058640,0,7,0,0,2,1,1,A01
200800058641,0,7,0,0,1,2,0,A01
200800058642,0,7,0,0,2,1,19,A01
200800058642,0,33,0,0,2,7,1,B01
200800058643,0,7,0,0,2,4,1,A01
200800058643,2,7,0,0,2,2,17,B01
200800058644,0,7,0,0,2,1,17,A01
200800058644,0,7,0,0,2,1,1,B01
200800058645,0,7,0,0,2,1,13,A01
200800058645,0,7,0,0,2,1,1,B01
200800058646,0,7,0,0,2,2,1,A01
200800058646,0,1,0,0,2,2,14,B01
200800058647,0,10,0,0,2,6,10,A01
200800058647,0,2,0,0,2,1,1,B01
200800058648,0,7,0,1,9,0,0,A01
200800058648,0,1,0,0,0,0,1,B01
200800058649,0,7,0,0,1,2,1,A01
200800058650,0,7,0,0,1,2,1,A01
200800058651,0,17,0,0,2,6,10,A01
200800058651,0,2,0,0,2,1,1,B01
200800058652,0,7,0,0,2,3,1,B01
200800058652,0,7,0,0,2,1,9,A01
200800058653,0,7,0,0,2,4,1,A01
200800058653,0,7,0,0,2,1,2,B01
200800058654,0,7,0,0,1,2,16,A01
200800058655,0,7,0,0,2,1,17,A01
200800058655,0,7,0,0,2,2,0,B01
200800058656,0,17,0,0,2,2,23,B01
200800058656,0,31,0,0,2,1,17,A01
200800058657,0,7,0,0,1,3,1,A01
200800058658,0,30,0,0,2,1,14,B01
200800058658,0,7,0,0,2,6,1,A01
200800058659,0,7,0,8,0,1,1,A01
200800058660,0,7,0,7,0,1,1,A01
200800058661,0,7,0,0,0,0,17,A01
200800058661,0,33,0,0,0,0,1,B01
200800058662,0,7,0,0,2,1,1,B01
200800058662,0,7,0,0,2,2,15,A01
200800058663,0,7,0,0,2,3,15,A01
200800058663,0,33,0,0,2,1,1,B01
200800058664,1,7,0,0,0,0,0,A01
200800058665,0,7,0,0,2,3,2,A01
200800058665,0,7,0,0,2,5,2,B01
200800058666,0,7,0,0,2,1,2,A01
200800058666,0,7,0,0,2,1,2,B01
200800058666,0,7,0,0,2,4,2,C01
200800058667,0,2,0,0,2,4,1,A01
200800058667,0,7,0,0,0,6,1,B01
200800058668,0,7,0,0,9,2,15,A01
200800058668,0,1,0,0,2,7,1,B01
200800058669,0,7,0,0,2,1,2,A01
200800058669,0,7,0,0,2,4,23,B01
200800058669,0,7,0,0,0,4,23,C01
200800058670,0,7,0,0,2,1,20,A01
200800058670,0,1,0,0,2,8,1,B01
200800058671,0,2,0,0,0,0,1,B01
200800058671,0,7,0,0,0,0,1,A01
200800058672,0,7,0,0,2,1,2,A01
200800058672,0,7,0,0,2,4,2,B01
200800058672,0,7,0,0,2,1,21,C01
200800058673,0,10,0,0,2,3,9,A01
200800058673,0,31,0,0,2,2,1,B01
200800058674,0,2,0,1,0,1,6,A01
200800058674,0,7,0,0,2,7,24,B01
200800058675,2,7,0,0,2,1,1,B01
200800058675,0,30,0,0,2,4,16,A01
200800058676,0,2,0,0,2,1,17,A01
200800058676,0,1,0,0,2,8,15,B01
200800058677,0,7,0,13,0,0,1,A01
200800058678,0,7,0,0,2,8,20,A01
200800058678,0,33,0,0,2,1,21,B01
200800058679,0,7,0,0,2,3,1,B01
200800058679,0,7,0,0,2,2,1,A01
200800058680,0,30,0,0,2,1,17,A01
200800058680,0,7,0,0,2,8,15,B01
200800058681,0,7,0,0,2,1,13,A01
200800058681,0,7,0,0,2,3,1,B01
200800058682,0,7,0,0,2,1,2,A01
200800058682,0,7,0,0,2,4,23,B01
200800058683,0,7,0,0,2,3,15,A01
200800058683,0,2,0,0,2,1,1,B01
200800058684,0,7,0,0,2,1,2,A01
200800058684,0,7,0,0,2,4,2,B01
200800058684,0,7,0,0,2,4,2,C01
200800058685,0,7,0,0,2,3,15,A01
200800058685,0,7,0,0,2,1,1,B01
200800058686,0,7,0,0,2,1,1,A01
200800058686,0,7,0,0,2,1,1,B01
200800058686,0,7,0,0,2,4,21,C01
200800058687,0,7,0,0,1,1,9,A01
200800058688,0,1,0,0,2,1,1,B01
200800058688,0,7,0,0,2,1,9,A01
200800058689,0,2,0,0,2,1,1,A01
200800058689,0,7,0,0,2,4,23,B01
200800058690,0,2,0,11,0,1,0,A01
200800058691,0,2,0,0,0,0,0,A01
200800058692,1,7,0,14,0,0,0,A01
200800058692,0,1,0,0,0,4,23,B01
200800058693,0,7,0,0,2,0,0,B01
200800058693,0,2,0,0,2,1,1,A01
200800058694,0,2,0,0,1,7,17,A01
200800058694,0,7,0,0,2,3,15,B01
200800058695,0,2,0,0,2,0,15,B01
200800058695,0,7,0,0,2,0,0,A01
200800058696,0,2,0,0,2,0,17,B01
200800058696,0,7,0,0,2,0,1,A01
200800058696,0,7,0,0,2,0,1,C01
200800058697,0,7,0,0,0,1,1,A01
200800058698,0,7,0,0,0,1,1,A01
200800058698,0,1,0,0,2,8,19,B01
200800058699,0,7,0,0,2,1,13,A01
200800058699,0,7,0,0,2,1,1,B01
200800058700,0,7,0,0,0,8,1,A01
200800058700,0,1,0,1,0,1,1,B01
200800058701,0,30,0,0,2,1,1,B01
200800058701,0,7,0,0,2,3,19,A01
200800058702,0,7,0,0,2,7,16,A01
200800058702,0,30,0,0,2,8,2,B01
200800058703,0,7,0,0,2,1,15,A01
200800058703,0,7,0,0,2,1,1,B01
200800058704,0,7,0,0,1,1,1,A01
200800058705,0,7,0,0,1,1,1,A01
200800058706,0,7,0,0,2,1,10,A01
200800058706,0,2,0,0,2,3,1,B01
200800058707,0,2,0,0,1,1,18,A01
200800058708,0,7,0,0,2,3,0,A01
200800058708,0,30,0,0,2,1,1,B01
200800058709,0,7,0,0,2,2,1,A01
200800058709,0,30,0,0,2,1,1,C01
200800058709,0,30,0,0,2,1,1,B01
200800058710,0,1,0,0,0,6,19,B01
200800058710,0,7,0,0,2,2,17,A01
200800058711,0,7,0,0,1,1,2,A01
200800058712,0,7,0,0,2,3,0,B01
200800058712,0,7,0,0,2,1,0,A01
200800058713,0,7,0,8,0,1,1,A01
200800058714,0,7,0,15,2,1,1,B01
200800058714,0,30,0,0,2,8,0,A01
200800058715,0,7,0,0,1,2,1,A01
200800058716,0,7,0,0,1,1,1,A01
200800058717,0,30,0,0,2,1,1,A01
200800058717,0,7,0,0,2,4,1,B01
200800058718,0,33,0,0,2,8,15,A01
200800058718,0,7,0,0,2,2,16,B01
200800058719,1,30,0,0,1,1,1,A01
200800058720,0,7,0,0,1,2,1,A01
200800058721,0,30,0,0,2,1,13,A01
200800058721,0,7,0,0,2,3,1,B01
200800058722,0,7,0,12,0,5,1,A01
200800058723,0,10,0,0,2,1,20,A01
200800058723,0,33,0,0,2,3,1,B01
200800058724,1,7,0,0,2,3,1,A01
200800058724,0,1,0,0,2,1,1,B01
200800058725,0,7,0,0,2,8,15,A01
200800058725,0,7,0,0,2,3,1,B01
200800058726,0,1,0,0,2,0,1,A01
200800058726,0,7,0,0,2,7,1,B01
200800058727,0,30,0,0,2,0,15,A01
200800058727,0,10,0,0,0,0,23,B01
200800058728,0,7,0,0,2,3,1,A01
200800058728,0,33,0,0,2,0,1,B01
200800058729,0,33,0,0,2,1,1,B01
200800058729,0,7,0,0,2,8,15,A01
200800058730,0,30,0,0,2,8,1,B01
200800058730,0,7,0,0,2,1,15,A01
200800058731,0,10,0,0,1,4,4,A01
200800058732,0,7,0,0,2,1,2,A01
200800058732,0,38,1,0,2,5,2,B01
200800058733,0,7,0,0,2,8,1,B01
200800058733,0,33,0,9,0,8,23,C01
200800058733,0,10,0,0,2,1,1,A01
200800058734,0,7,0,0,1,1,13,A01
200800058735,0,7,0,0,2,1,1,A01
200800058736,0,7,0,0,2,5,15,A01
200800058736,0,2,0,0,2,1,1,B01
200800058737,0,7,0,0,2,1,1,A01
200800058737,0,7,0,0,2,1,1,B01
200800058738,0,7,0,0,2,1,1,B01
200800058738,0,7,0,0,2,8,9,A01
200800058739,0,37,1,0,2,5,7,A01
200800058739,0,1,0,0,2,1,1,B01
200800058740,0,7,0,0,2,1,1,A01
200800058740,0,31,0,0,2,4,1,B01
200800058741,0,30,0,0,2,1,1,A01
200800058741,0,7,0,0,2,4,1,B01
200800058742,0,1,0,0,2,5,15,B01
200800058742,0,7,0,0,2,2,1,A01
200800058743,0,7,0,0,2,1,1,A01
200800058743,0,7,0,0,2,4,1,B01
200800058744,0,37,46,0,2,5,2,B01
200800058744,0,30,0,0,2,1,1,A01
200800058745,0,7,0,0,2,3,1,A01
200800058745,0,7,0,0,2,1,1,B01
200800058746,0,7,0,0,2,1,15,A01
200800058746,0,33,0,0,2,1,1,B01
200800058747,0,7,0,0,1,1,2,A01
200800058748,0,7,0,0,1,7,10,A01
200800058749,0,7,0,0,1,0,0,A01
200800058750,0,7,0,0,2,1,15,A01
200800058750,0,1,0,0,2,1,2,B01
200800058751,0,7,0,0,1,1,16,A01
200800058752,0,7,0,0,2,8,1,A01
200800058752,0,2,0,0,2,1,1,B01
200800058753,0,7,0,0,2,4,10,A01
200800058753,0,2,0,0,2,1,1,B01
200800058754,0,7,0,0,1,3,15,A01
200800058755,0,7,0,0,2,1,15,A01
200800058755,0,2,0,0,2,1,1,B01
200800058756,0,7,0,2,0,2,1,A01
200800058757,0,2,0,1,0,2,1,A01
200800058758,0,7,0,8,0,9,1,A01
200800058759,0,7,0,0,2,3,10,A01
200800058759,0,30,0,0,2,7,17,B01
200800058760,0,7,0,0,2,7,15,A01
200800058760,0,31,0,0,2,1,1,B01
200800058760,0,7,0,0,9,1,23,C01
200800058761,0,7,0,0,2,7,1,A01
200800058761,0,10,0,0,2,3,1,B01
200800058762,0,30,0,0,2,1,1,A01
200800058762,0,1,0,0,2,6,11,B01
200800058763,0,7,0,0,1,1,1,A01
200800058764,0,7,0,0,2,0,1,A01
200800058765,0,2,0,1,2,1,1,A01
200800058766,0,7,0,0,2,1,1,A01
200800058766,0,30,0,0,2,2,1,B01
200800058767,0,7,0,0,2,8,9,A01
200800058767,0,7,0,0,2,1,1,B01
200800058768,0,7,0,0,1,1,15,A01
200800058769,1,7,0,0,1,1,1,A01
200800058770,0,7,0,0,1,2,1,A01
200800058771,0,7,0,0,2,1,1,B01
200800058771,0,7,0,0,2,1,1,A01
200800058772,0,37,0,0,1,7,1,B01
200800058773,0,7,0,0,1,4,4,A01
200800058774,0,7,0,6,2,1,1,A01
200800058774,0,7,0,0,0,0,1,B01
200800058775,0,7,0,0,2,8,9,A01
200800058775,0,33,0,0,2,1,1,B01
200800058776,0,7,0,0,1,2,16,A01
200800058777,0,7,0,0,1,3,15,A01
200800058778,0,2,0,0,2,7,0,A01
200800058778,0,7,0,0,0,0,0,B01
200800058779,0,7,0,0,2,3,13,A01
200800058779,0,1,0,0,2,1,1,B01
200800058780,0,1,0,1,2,3,19,A01
200800058780,0,7,0,0,2,1,1,B01
200800058781,0,7,0,0,2,3,15,B01
200800058781,0,34,0,0,2,1,2,A01
200800058782,0,7,0,0,2,1,10,A01
200800058782,0,2,0,0,2,1,1,B01
200800058783,0,7,0,0,2,8,1,B01
200800058783,0,2,0,0,2,1,1,A01
200800058784,0,1,0,0,2,1,1,B01
200800058784,0,7,0,0,2,3,1,A01
200800058785,0,33,0,0,2,1,1,A01
200800058785,0,14,0,0,2,5,15,B01
200800058786,0,7,0,0,2,8,9,A01
200800058786,0,33,0,0,2,1,1,B01
200800058787,0,7,0,0,2,3,15,A01
200800058787,0,2,0,0,2,1,1,B01
200800058788,0,7,0,0,1,1,1,A01
200800058789,0,7,0,0,2,6,20,A01
200800058789,0,30,0,0,2,1,1,B01
200800058790,0,7,0,0,2,1,2,A01
200800058790,0,7,0,0,2,4,3,B01
200800058791,0,7,0,0,2,1,11,A01
200800058791,0,7,0,0,2,1,23,B01
200800058791,0,7,0,0,2,1,23,C01
200800058791,0,7,0,0,2,1,23,D01
200800058791,0,7,0,0,2,4,23,E01
200800058792,0,2,0,0,2,1,2,A01
200800058793,0,7,0,0,2,5,15,A01
200800058793,0,1,0,0,2,1,1,B01
200800058794,0,7,0,0,1,1,16,A01
200800058795,0,10,0,0,1,1,1,A01
200800058796,0,7,0,0,2,1,1,A01
200800058796,0,7,0,0,2,2,1,B01
200800058797,1,99,0,0,0,0,1,A01
200800058798,0,30,0,0,2,1,9,A01
200800058798,0,7,0,0,2,1,1,B01
200800058799,0,7,0,0,2,2,15,A01
200800058799,0,1,0,0,2,1,1,B01
200800058800,0,30,0,1,0,1,1,A01
200800058801,0,7,0,0,1,1,1,A01
200800058802,1,7,0,0,1,1,0,A01
200800058803,0,7,0,0,2,7,15,A01
200800058803,0,30,0,0,2,1,6,B01
200800058804,0,1,0,0,1,1,1,A01
200800058805,0,7,0,0,2,3,2,B01
200800058805,0,7,0,0,2,1,15,A01
200800058806,0,7,0,0,2,7,16,A01
200800058806,0,2,0,0,2,0,8,B01
200800058807,0,7,0,0,0,7,1,A01
200800058807,0,33,0,0,2,8,1,B01
200800058808,0,7,0,0,1,1,9,A01
200800058809,0,34,0,0,6,1,1,A01
200800058810,0,33,0,9,0,1,1,A01
200800058811,0,2,0,0,2,1,1,A01
200800058811,0,1,0,0,2,1,1,B01
200800058812,0,2,0,0,2,3,1,A01
200800058812,0,7,0,0,2,2,16,B01
200800058813,0,7,0,8,0,9,2,A01
200800058814,0,34,0,0,1,6,1,A01
200800058815,0,7,0,0,1,1,1,A01
200800058816,0,7,0,0,2,4,20,A01
200800058816,0,2,0,0,2,1,1,B01
200800058817,0,7,0,0,1,1,2,A01
200800058818,0,2,0,0,2,1,1,A01
200800058818,0,7,0,0,2,4,1,B01
200800058819,0,7,0,0,2,6,15,A01
200800058819,0,33,0,0,2,1,17,B01
200800058820,0,7,0,0,2,1,10,A01
200800058820,0,2,0,0,2,1,1,B01
200800058821,0,7,0,0,2,3,1,B01
200800058821,0,2,0,0,2,1,1,A01
200800058822,0,7,0,0,2,1,2,A01
200800058822,0,7,0,0,2,4,1,B01
200800058823,0,7,0,0,0,9,1,A01
200800058824,0,1,0,0,2,1,5,A01
200800058824,0,7,0,0,2,3,15,B01
200800058825,0,7,0,0,2,2,15,A01
200800058825,0,33,0,0,2,1,1,B01
200800058826,0,33,0,9,0,1,1,A01
200800058827,0,7,0,6,0,1,1,A01
200800058828,0,7,0,0,2,1,1,A01
200800058828,0,1,0,0,2,7,19,B01
200800058829,0,7,0,0,2,1,15,A01
200800058829,0,2,0,0,2,1,1,B01
200800058830,0,7,0,0,1,1,1,A01
200800058831,0,7,0,0,1,1,1,A01
200800058832,0,7,0,1,0,1,23,A01
200800058832,0,7,0,0,0,8,24,B01
200800058833,0,30,0,0,0,1,1,A01
200800058833,0,7,0,0,2,3,15,B01
200800058834,0,7,0,0,2,1,1,A01
200800058834,0,33,0,0,0,8,15,B01
200800058835,0,2,0,0,2,1,1,A01
200800058835,0,7,0,0,0,4,1,B01
200800058836,0,7,0,0,2,7,1,B01
200800058836,0,7,0,14,2,1,1,A01
200800058837,0,31,0,0,2,0,17,A01
200800058837,0,7,0,0,2,3,1,B01
200800058838,0,7,0,0,2,1,2,A01
200800058838,0,7,0,0,2,4,1,B01
200800058839,0,7,0,0,1,3,1,A01
200800058840,0,7,0,1,2,1,1,A01
200800058841,0,7,0,0,2,7,16,A01
200800058841,0,7,0,1,2,9,1,B01
200800058842,0,7,0,14,2,1,16,A01
200800058842,0,7,0,0,2,1,1,B01
200800058843,0,7,0,0,1,0,1,A01
200800058844,0,7,0,0,2,5,15,A01
200800058844,0,2,0,0,2,1,1,B01
200800058845,0,7,0,1,2,1,1,A01
200800058846,0,7,0,0,1,1,0,A01
200800058847,0,7,0,14,2,1,10,A01
200800058847,0,32,0,0,2,1,1,B01
200800058848,0,7,0,14,2,1,16,A01
200800058848,0,2,0,0,2,7,1,B01
200800058849,0,7,0,0,1,0,1,A01
200800058850,0,7,0,14,2,0,2,A01
200800058850,0,1,0,14,2,0,23,B01
200800058851,0,7,0,0,2,2,15,A01
200800058851,0,33,0,0,2,1,1,B01
200800058852,0,7,0,0,1,0,15,A01
200800058853,0,7,0,1,1,0,1,A01
200800058854,0,7,0,0,1,2,1,A01
200800058855,0,7,0,0,1,1,1,A01
200800058856,0,37,0,0,1,0,15,A01
200800058857,0,1,0,0,2,0,1,B01
200800058857,0,7,0,14,2,1,1,A01
200800058858,0,7,0,0,1,0,1,A01
200800058859,0,7,0,9,0,1,1,A01
200800058860,0,7,0,13,0,9,1,A01
200800058861,0,7,0,1,0,1,1,A01
200800058862,0,7,0,0,2,1,1,B01
200800058862,0,7,0,14,2,7,1,A01
200800058863,0,15,0,0,2,2,14,A01
200800058863,0,7,0,0,2,9,1,B01
200800058864,0,7,0,0,2,1,2,A01
200800058865,0,7,0,1,1,0,1,A01
200800058866,0,7,0,0,2,1,2,A01
200800058867,0,7,0,14,2,0,1,A01
200800058867,0,2,0,0,2,1,1,B01
200800058868,0,7,0,0,2,1,2,A01
200800058868,0,7,0,0,1,4,23,B01
200800058869,0,7,0,0,1,0,1,A01
200800058870,0,7,0,1,2,0,15,A01
200800058871,0,7,0,0,1,7,15,A01
200800058872,0,33,0,1,2,9,1,A01
200800058873,0,7,0,0,1,0,1,A01
200800058874,0,2,0,0,1,1,1,A01
200800058875,0,2,0,0,1,7,1,A01
200800058876,0,7,0,0,1,0,1,A01
200800058877,0,7,0,0,1,0,1,A01
200800058878,0,7,0,5,0,1,1,A01
200800058879,0,7,0,0,1,8,1,A01
200800058880,0,7,0,14,2,3,15,A01
200800058880,0,32,0,0,2,8,1,B01
200800058881,0,7,0,0,2,1,15,A01
200800058881,0,2,0,0,2,1,1,B01
200800058882,0,7,0,0,1,1,1,A01
200800058883,0,13,0,0,2,2,1,A01
200800058883,0,7,0,0,2,4,24,B01
200800058884,0,7,0,0,1,0,1,A01
200800058885,0,7,0,1,2,7,1,B01
200800058885,0,7,0,14,2,1,1,A01
200800058886,0,7,0,0,1,1,1,A01
200800058887,0,7,0,13,0,9,1,A01
200800058888,0,7,0,14,2,8,15,A01
200800058888,0,7,0,0,2,8,1,B01
200800058889,0,7,0,0,1,2,1,A01
200800058890,0,7,0,0,1,1,1,A01
200800058891,0,7,0,0,2,1,15,A01
200800058891,0,2,0,0,2,8,1,B01
200800058892,0,7,0,0,2,3,9,A01
200800058892,0,3,0,0,2,2,1,B01
200800058893,0,7,0,0,2,3,13,A01
200800058893,0,7,0,0,2,3,1,B01
200800058893,0,7,0,1,0,6,0,C01
200800058894,0,33,0,0,0,8,15,A01
200800058894,0,33,0,0,2,2,21,B01
200800058895,0,7,0,0,1,4,4,A01
200800058896,0,7,0,0,0,0,15,B01
200800058896,0,7,0,0,0,1,0,A01
200800058897,0,7,0,0,1,3,1,A01
200800058898,0,7,0,0,2,1,13,A01
200800058898,0,7,0,0,2,1,1,B01
200800058899,0,7,0,0,0,3,9,A01
200800058899,0,7,0,0,0,3,1,B01
200800058900,0,33,0,11,0,8,0,A01
200800058900,0,7,0,0,0,1,0,B01
200800058901,0,7,0,0,2,1,13,A01
200800058901,0,7,0,0,2,1,1,B01
200800058901,0,7,0,10,0,2,14,C01
200800058902,0,7,0,0,2,8,13,A01
200800058902,0,10,0,2,2,7,17,B01
200800058903,0,7,0,0,2,6,16,A01
200800058903,0,7,0,0,2,1,1,B01
200800058904,0,30,0,0,2,1,1,A01
200800058904,0,7,0,0,2,4,15,B01
200800058905,0,7,0,0,2,7,9,A01
200800058905,0,33,0,0,2,1,1,B01
200800058906,0,7,0,0,2,2,1,B01
200800058906,1,7,0,0,2,1,0,A01
200800058907,0,7,0,0,2,1,1,A01
200800058907,0,7,0,0,2,4,1,B01
200800058908,0,7,0,0,1,4,4,A01
200800058909,0,33,0,0,0,0,15,A01
200800058910,0,30,0,0,2,1,17,A01
200800058910,0,7,0,0,2,8,20,B01
200800058911,0,30,0,0,2,3,1,A01
200800058911,0,32,0,0,2,7,16,B01
200800058912,0,7,0,0,2,8,22,A01
200800058912,0,1,0,1,0,1,1,B01
200800058913,0,7,0,2,0,1,1,A01
200800058914,0,33,0,0,1,1,1,A01
200800058915,0,7,0,0,2,1,0,A01
200800058915,0,2,0,0,2,1,0,B01
200800058916,1,99,0,0,1,1,11,A01
200800058917,0,30,0,0,2,1,1,A01
200800058917,0,7,0,0,2,2,16,B01
200800058918,0,7,0,0,2,1,1,A01
200800058918,0,7,0,0,2,4,0,B01
200800058919,0,7,0,0,2,5,20,A01
200800058919,0,30,0,1,2,1,1,B01
200800058920,0,7,0,0,2,1,0,A01
200800058920,0,7,0,0,2,1,1,B01
200800058921,0,30,0,0,1,1,1,A01
200800058922,0,7,0,0,1,1,1,A01
200800058923,0,7,0,0,2,4,1,B01
200800058923,0,7,0,0,2,3,1,A01
200800058924,0,7,0,0,2,7,15,A01
200800058924,0,33,0,0,2,1,1,B01
200800058925,0,7,0,0,2,3,16,A01
200800058925,0,2,0,0,2,8,1,B01
200800058926,0,7,0,0,1,3,1,A01
200800058927,0,7,0,0,2,8,22,B01
200800058927,0,20,0,0,2,7,1,A01
200800058928,0,7,0,0,1,2,15,A01
200800058928,0,7,0,0,2,1,1,B01
200800058929,0,7,0,0,2,1,13,A01
200800058929,0,7,0,0,2,1,1,B01
200800058930,0,7,0,0,2,2,15,A01
200800058930,0,7,0,0,2,1,1,B01
200800058931,0,10,0,0,1,1,1,A01
200800058932,0,7,0,0,2,3,9,A01
200800058932,0,31,0,0,1,0,1,B01
200800058933,0,7,0,0,2,3,23,B01
200800058933,0,30,0,0,2,3,13,A01
200800058934,0,7,0,0,2,1,13,A01
200800058934,0,7,0,8,2,1,1,B01
200800058935,0,7,0,0,2,0,1,A01
200800058935,0,30,0,0,2,1,15,B01
200800058936,0,30,0,0,1,1,17,A01
200800058937,0,7,0,15,0,1,1,A01
200800058938,0,30,0,0,2,1,1,B01
200800058938,0,7,0,0,2,2,15,A01
200800058939,0,30,0,0,2,1,1,B01
200800058939,0,7,0,0,2,3,9,A01
200800058940,0,1,0,0,2,7,1,B01
200800058940,0,10,0,0,2,1,9,A01
200800058941,0,7,0,0,2,2,15,A01
200800058941,0,31,0,0,2,1,1,B01
200800058942,0,7,0,0,2,1,9,A01
200800058942,0,2,0,0,2,7,1,B01
200800058943,0,7,0,0,2,3,1,B01
200800058943,0,33,0,0,2,4,1,A01
200800058944,0,7,0,0,2,1,9,B01
200800058944,0,7,0,2,2,7,1,A01
200800058945,1,1,0,0,1,1,1,A01
200800058946,0,7,0,0,1,2,1,A01
200800058947,0,7,0,0,2,3,0,A01
200800058947,0,33,0,0,2,1,5,B01
200800058948,0,7,0,0,2,3,1,B01
200800058948,0,30,0,0,2,1,1,A01
200800058949,1,30,0,0,0,0,0,A01
200800058950,0,2,0,0,0,7,1,A01
200800058951,0,7,0,0,2,4,1,B01
200800058951,0,7,0,0,2,1,2,A01
200800058952,0,1,0,0,0,1,2,A01
200800058952,0,7,0,0,0,5,2,B01
200800058953,0,30,0,0,2,1,1,A01
200800058953,0,14,0,0,0,2,1,B01
200800058954,0,7,0,0,2,8,11,A01
200800058954,0,33,0,0,2,1,17,B01
200800058955,0,7,0,0,2,3,15,B01
200800058955,0,2,0,0,2,1,1,A01
200800058956,0,30,0,0,0,8,1,A01
200800058956,0,10,0,0,9,1,1,B01
200800058957,0,33,0,11,2,6,13,A01
200800058957,0,7,0,0,0,6,2,B01
200800058958,0,7,0,0,1,3,1,A01
200800058959,0,7,0,0,2,3,1,B01
200800058959,0,33,0,0,2,1,1,A01
200800058960,0,7,0,0,1,2,1,A01
200800058961,0,2,0,0,2,1,0,A01
200800058961,0,7,0,0,0,3,20,B01
200800058962,2,7,0,0,2,2,16,A01
200800058962,0,7,0,0,2,3,23,B01
200800058963,0,7,0,0,2,1,2,A01
200800058963,0,7,0,0,2,4,2,B01
200800058964,1,7,0,0,1,0,1,A01
200800058965,0,7,0,0,2,1,11,A01
200800058965,0,10,0,0,2,3,1,B01
200800058965,0,7,0,0,2,6,20,C01
200800058966,0,7,0,0,1,2,1,A01
200800058967,0,7,0,0,2,0,13,A01
200800058967,0,30,0,0,2,1,1,B01
200800058968,0,2,0,0,2,1,1,B01
200800058968,0,7,0,0,2,2,1,A01
200800058969,0,7,0,0,1,1,1,A01
200800058970,0,2,0,0,0,0,0,A01
200800058971,0,33,0,0,0,0,14,A01
200800058972,0,7,0,0,1,2,1,A01
200800058973,0,31,0,1,0,1,13,C01
200800058974,0,1,0,0,2,1,15,A01
200800058974,0,7,0,0,2,1,15,B01
200800058975,0,21,0,0,2,1,16,A01
200800058975,0,2,0,0,2,1,1,B01
200800058976,0,7,0,0,2,1,10,A01
200800058976,0,2,0,0,2,1,1,B01
200800058977,0,7,0,0,2,3,13,A01
200800058977,0,7,0,9,2,1,1,B01
200800058978,0,7,0,6,0,1,0,A01
200800058979,0,7,0,0,2,2,15,A01
200800058979,0,2,0,0,2,1,1,B01
200800058980,0,1,0,0,2,1,15,B01
200800058980,0,7,0,0,2,1,1,A01
200800058981,0,10,0,1,0,1,0,A01
200800058982,0,2,0,0,2,5,1,A01