Num_Acc,senc,catv,occutc,obs,obsm,choc,manv,num_veh
200800058982,0,7,0,0,2,1,0,B01
200800058983,1,30,0,0,1,0,1,A01
200800058984,0,7,0,5,0,9,0,A01
200800058985,0,7,0,0,2,1,1,A01
200800058985,0,2,0,0,2,7,15,B01
200800058986,0,7,0,0,2,7,0,A01
200800058986,0,7,0,0,2,1,1,B01
200800058987,0,10,0,0,1,1,1,A01
200800058988,0,7,0,2,0,1,14,A01
200800058989,0,7,0,0,1,1,1,A01
200800058990,0,7,0,0,2,6,15,A01
200800058990,0,33,0,0,1,1,1,B01
200800058991,0,30,0,0,2,1,1,A01
200800058991,0,7,0,0,2,4,20,B01
200800058992,0,7,0,0,1,4,20,A01
200800058993,0,7,0,0,1,1,1,A01
200800058994,0,7,0,0,1,1,16,A01
200800058995,0,10,0,0,2,5,10,A01
200800058995,0,33,0,0,2,1,1,B01
200800058996,0,7,0,0,1,1,1,A01
200800058997,0,7,0,0,1,1,1,A01
200800058998,0,7,0,0,2,1,15,A01
200800058998,0,7,0,0,2,1,1,B01
200800058999,0,7,0,0,2,3,1,B01
200800058999,0,7,0,0,2,7,1,A01
200800059000,0,2,0,0,2,1,1,B01
200800059000,0,7,0,0,9,3,15,A01
200800059001,0,30,0,0,2,1,2,A01
200800059001,0,7,0,0,9,6,2,B01
200800059002,0,7,0,0,2,1,2,A01
200800059002,0,7,0,0,2,4,2,B01
200800059003,0,7,0,0,9,2,15,A01
200800059003,0,2,0,0,2,1,1,B01
200800059004,0,7,0,6,1,1,21,A01
200800059004,0,7,0,0,0,0,15,B01
200800059005,0,7,0,14,0,9,1,A01
200800059006,0,30,0,0,2,1,1,A01
200800059006,0,7,0,0,9,2,1,B01
200800059007,0,7,0,0,1,3,1,A01
200800059008,0,7,0,8,0,8,1,A01
200800059009,0,33,0,9,0,1,1,A01
200800059010,0,7,0,0,0,0,0,A01
200800059010,0,1,0,0,2,4,1,B01
200800059011,0,7,0,0,2,4,4,A01
200800059011,0,7,0,0,2,1,1,B01
200800059012,0,33,0,0,0,8,1,A01
200800059012,0,7,0,0,2,2,23,B01
200800059012,0,7,0,0,2,6,2,C01
200800059013,0,10,0,0,2,5,0,A01
200800059013,0,1,0,0,2,5,19,B01
200800059014,0,7,0,0,1,1,0,A01
200800059015,0,7,0,0,2,0,0,A01
200800059015,0,30,0,0,2,1,1,B01
200800059016,0,7,0,0,1,1,1,A01
200800059017,0,7,0,0,2,1,1,A01
200800059017,0,7,0,0,2,4,23,B01
200800059017,0,7,0,0,2,4,23,C01
200800059018,0,2,0,0,2,4,1,A01
200800059018,0,7,0,0,0,4,2,B01
200800059019,0,7,0,0,2,1,1,A01
200800059019,0,7,0,0,2,5,1,B01
200800059020,0,10,0,0,2,8,15,A01
200800059020,0,34,0,0,2,1,1,B01
200800059021,0,7,0,0,2,1,2,A01
200800059021,0,7,0,0,2,4,2,B01
200800059022,0,7,0,0,2,2,1,B01
200800059022,0,10,0,0,2,1,1,A01
200800059023,0,7,0,0,2,1,1,A01
200800059023,0,7,0,0,2,4,1,B01
200800059023,0,38,1,0,2,4,1,C01
200800059024,0,2,0,0,2,1,1,B01
200800059024,0,2,0,0,2,8,1,A01
200800059025,1,7,0,0,2,1,0,A01
200800059025,0,7,0,0,0,4,2,B01
200800059026,0,7,0,0,9,2,20,A01
200800059026,0,1,0,0,2,1,21,B01
200800059027,0,2,0,0,0,2,1,A01
200800059028,0,7,0,0,2,8,10,A01
200800059028,0,7,0,0,0,2,1,B01
200800059029,0,31,0,0,1,1,1,A01
200800059030,0,34,0,0,2,0,1,A01
200800059031,0,7,0,0,2,1,15,A01
200800059031,0,7,0,0,2,1,1,B01
200800059032,0,7,0,0,1,3,1,A01
200800059033,0,7,0,0,2,1,1,B01
200800059033,0,7,0,0,2,7,1,A01
200800059034,0,7,0,0,2,1,1,A01
200800059034,0,7,0,0,2,4,1,B01
200800059035,0,7,0,0,2,3,15,A01
200800059035,0,7,0,0,2,1,1,B01
200800059036,0,7,0,0,2,1,2,A01
200800059036,0,7,0,0,2,4,2,B01
200800059036,0,7,0,0,0,4,2,C01
200800059037,0,33,0,0,2,8,3,A01
200800059037,0,7,0,0,2,3,9,B01
200800059038,0,1,0,0,0,0,1,A01
200800059039,0,7,0,0,2,3,1,B01
200800059039,0,7,0,0,2,1,1,A01
200800059040,0,7,0,0,2,7,1,B01
200800059040,0,32,0,0,2,1,1,A01
200800059041,0,7,0,0,2,3,13,A01
200800059041,0,33,0,0,2,7,1,B01
200800059042,0,10,0,0,2,2,15,A01
200800059042,0,7,0,0,2,3,1,B01
200800059043,0,2,0,0,2,1,0,A01
200800059043,0,7,0,0,9,6,0,B01
200800059044,0,7,0,0,2,8,15,A01
200800059044,0,2,0,0,2,6,15,B01
200800059045,0,7,0,0,2,1,15,A01
200800059045,0,32,0,0,2,7,0,B01
200800059046,0,7,0,0,1,1,1,A01
200800059047,0,31,0,0,1,0,1,A01
200800059048,0,7,0,0,2,1,2,A01
200800059048,0,7,0,0,2,4,2,B01
200800059048,0,7,0,0,0,4,3,C01
200800059049,0,7,0,6,0,1,0,A01
200800059050,0,7,0,0,1,1,1,A01
200800059051,0,13,0,0,2,1,1,A01
200800059051,0,7,0,0,2,1,1,F01
200800059051,0,7,0,0,2,4,1,B01
200800059051,0,7,0,0,2,4,1,C01
200800059051,0,7,0,0,2,4,1,D01
200800059051,0,7,0,0,2,4,1,E01
200800059052,0,7,0,0,2,1,13,A01
200800059052,0,33,0,0,2,1,0,B01
200800059053,0,1,0,0,2,1,15,B01
200800059053,0,7,0,0,0,0,0,A01
200800059054,0,7,0,0,1,1,1,A01
200800059055,0,7,0,0,1,8,1,A01
200800059056,0,31,0,0,0,0,1,A01
200800059057,0,7,0,0,2,3,15,A01
200800059057,0,32,0,0,2,1,1,B01
200800059058,0,7,0,0,2,3,15,A01
200800059058,0,33,0,1,2,1,1,B01
200800059059,0,7,0,0,2,1,2,A01
200800059059,0,7,0,0,1,4,2,B01
200800059060,0,33,0,0,2,1,2,A01
200800059060,0,7,0,0,0,4,1,B01
200800059061,0,7,0,0,2,3,16,B01
200800059061,0,7,0,0,2,2,15,A01
200800059062,0,2,0,0,2,1,2,A01
200800059062,0,13,0,0,2,4,2,B01
200800059063,0,7,0,0,2,8,9,A01
200800059063,0,32,0,0,2,1,3,B01
200800059064,0,7,0,0,2,1,15,A01
200800059064,0,7,0,0,2,1,1,B01
200800059065,0,7,0,0,2,8,20,A01
200800059065,0,7,0,0,2,1,1,B01
200800059066,0,7,0,0,2,4,2,A01
200800059066,0,7,0,0,2,4,2,B01
200800059066,0,7,0,0,2,1,2,C01
200800059067,0,7,0,0,2,3,2,A01
200800059067,0,7,0,0,2,1,2,B01
200800059067,0,7,0,0,2,4,2,C01
200800059068,0,7,0,0,2,2,1,A01
200800059068,0,7,0,0,2,3,1,B01
200800059069,0,30,0,0,2,1,11,A01
200800059069,0,7,0,0,9,3,9,B01
200800059070,0,7,0,0,1,1,1,A01
200800059071,0,7,0,0,2,1,2,A01
200800059071,0,7,0,0,2,6,2,B01
200800059072,0,38,15,0,1,1,1,A01
200800059073,0,7,0,0,2,8,9,A01
200800059073,0,7,0,0,2,1,1,B01
200800059074,0,7,0,0,2,3,6,A01
200800059074,0,7,0,0,2,3,1,B01
200800059075,0,14,0,0,2,3,1,B01
200800059075,0,7,0,0,2,7,15,A01
200800059076,0,7,0,13,0,1,1,A01
200800059077,0,7,0,0,2,5,15,A01
200800059077,0,2,0,0,2,1,1,B01
200800059078,0,7,0,0,2,3,20,A01
200800059078,0,33,0,0,2,2,1,B01
200800059079,0,15,0,0,2,1,1,A01
200800059079,0,7,0,0,2,4,1,B01
200800059080,0,2,0,0,2,1,2,B01
200800059080,0,7,0,0,2,7,13,A01
200800059081,0,1,0,0,2,7,1,B01
200800059081,0,7,0,0,2,3,9,A01
200800059082,0,2,0,0,2,1,1,A01
200800059082,0,7,0,0,2,5,1,B01
200800059083,0,7,0,0,2,4,15,A01
200800059083,0,33,0,0,2,1,1,B01
200800059084,0,10,0,0,2,3,9,A01
200800059084,0,30,0,0,2,1,1,B01
200800059085,0,2,0,0,2,1,17,B01
200800059085,0,7,0,0,2,3,0,A01
200800059086,0,30,0,0,2,1,17,A01
200800059086,0,7,0,0,2,3,15,B01
200800059087,0,10,0,0,2,3,9,A01
200800059087,0,30,0,0,2,7,1,B01
200800059088,0,7,0,0,2,3,15,A01
200800059088,0,30,0,0,2,1,1,B01
200800059089,0,7,0,0,2,7,15,A01
200800059089,0,33,0,0,2,1,1,B01
200800059090,0,31,0,0,2,1,17,A01
200800059090,0,7,0,0,2,3,15,B01
200800059091,0,7,0,0,2,7,15,A01
200800059091,0,2,0,0,2,1,1,B01
200800059092,0,30,0,0,2,4,1,B01
200800059092,0,7,0,0,2,3,0,A01
200800059093,0,2,0,0,2,1,1,B01
200800059093,0,7,0,0,2,2,13,A01
200800059094,0,7,0,0,9,8,9,B01
200800059094,0,1,0,0,2,1,1,A01
200800059095,0,7,0,0,2,4,2,D01
200800059095,0,7,0,0,2,9,2,C01
200800059095,0,7,0,0,2,9,2,B01
200800059095,0,7,0,0,2,1,2,A01
200800059096,0,34,0,0,2,1,17,B01
200800059096,0,7,0,0,2,3,15,A01
200800059097,0,7,0,0,2,6,1,B01
200800059097,0,7,0,0,2,1,1,A01
200800059098,0,31,0,0,2,3,1,B01
200800059098,0,7,0,0,2,3,1,A01
200800059099,0,7,0,0,9,8,15,B01
200800059099,0,2,0,0,2,7,17,A01
200800059100,0,7,0,0,9,7,18,B01
200800059100,0,32,0,0,2,8,18,A01
200800059101,0,30,0,0,2,1,17,B01
200800059101,0,7,0,0,9,1,15,A01
200800059102,0,30,0,0,2,1,0,A01
200800059102,0,7,0,0,2,1,15,B01
200800059103,0,7,0,0,1,1,1,A01
200800059104,0,7,0,0,1,4,20,A01
200800059105,0,2,0,0,2,1,0,B01
200800059105,0,7,0,0,2,3,20,A01
200800059106,0,7,0,0,2,1,13,A01
200800059106,0,7,0,0,2,1,13,B01
200800059106,0,7,0,0,2,1,1,C01
200800059107,0,7,0,0,2,1,2,A01
200800059107,0,7,0,0,2,9,2,B01
200800059107,0,7,0,0,2,4,1,C01
200800059108,0,7,0,0,2,0,1,A01
200800059108,0,7,0,0,2,2,15,B01
200800059109,0,7,0,0,2,3,15,A01
200800059109,0,33,0,8,2,1,1,B01
200800059110,0,7,0,0,1,1,1,A01
200800059111,0,7,0,0,2,3,9,B01
200800059111,0,30,0,0,2,1,5,A01
200800059112,0,10,0,0,2,2,0,A01
200800059112,0,7,0,0,2,1,1,B01
200800059113,0,30,0,0,2,1,2,A01
200800059113,0,7,0,0,2,4,2,B01
200800059114,0,7,0,0,9,4,4,A01
200800059115,0,17,0,0,2,2,16,A01
200800059115,0,1,0,0,2,1,1,B01
200800059116,0,7,0,0,1,2,1,A01
200800059117,0,7,0,0,2,1,2,A01
200800059117,0,7,0,0,2,4,2,B01
200800059117,0,7,0,0,2,4,2,C01
200800059117,0,7,0,0,2,4,1,D01
200800059118,0,2,0,0,2,1,2,A01
200800059118,0,7,0,0,2,6,15,B01
200800059119,0,7,0,0,2,6,1,B01
200800059119,0,7,0,0,2,1,1,A01
200800059120,0,7,0,0,2,8,11,A01
200800059120,0,30,0,0,2,7,1,B01
200800059121,0,7,0,0,1,3,1,A01
200800059122,0,7,0,0,1,1,13,A01
200800059123,0,7,0,0,2,2,2,A01
200800059123,0,2,0,0,2,9,2,B01
200800059123,0,7,0,0,2,4,1,C01
200800059124,0,30,0,0,2,1,17,A01
200800059124,0,7,0,0,2,8,15,B01
200800059125,0,7,0,0,2,1,1,A01
200800059125,0,7,0,0,2,8,20,B01
200800059125,0,7,0,0,2,4,1,C01
200800059126,0,2,0,0,2,1,15,A01
200800059126,0,7,0,0,2,3,1,B01
200800059127,0,10,0,0,2,2,15,A01
200800059127,0,2,0,0,2,1,1,B01
200800059128,0,1,0,0,2,1,15,A01
200800059128,0,7,0,0,2,1,15,B01
200800059129,0,7,0,0,2,3,1,A01
200800059129,0,1,0,0,2,2,1,B01
200800059130,0,7,0,0,2,1,13,A01
200800059130,0,1,0,0,2,3,1,B01
200800059131,0,2,0,0,2,1,18,A01
200800059131,0,7,0,0,2,2,15,B01
200800059132,0,7,0,0,2,2,15,A01
200800059132,0,7,0,0,2,1,1,B01
200800059133,0,7,0,0,2,1,2,A01
200800059133,0,7,0,0,2,4,1,B01
200800059134,0,7,0,0,2,1,1,A01
200800059134,0,7,0,0,2,4,1,B01
200800059134,0,7,0,0,2,4,1,C01
200800059135,0,7,0,0,2,1,0,A01
200800059135,0,7,0,0,2,3,8,B01
200800059136,0,2,0,0,2,0,18,A01
200800059136,0,7,0,0,2,0,1,B01
200800059137,0,7,0,0,2,8,22,A01
200800059137,0,30,0,0,2,1,1,B01
200800059138,0,7,0,0,2,6,2,A01
200800059138,0,7,0,0,2,4,2,B01
200800059138,0,7,0,0,2,4,1,C01
200800059139,0,7,0,0,2,1,1,A01
200800059139,0,7,0,0,2,4,23,B01
200800059139,0,7,0,0,2,4,23,C01
200800059140,0,7,0,0,2,1,2,A01
200800059140,0,7,0,0,2,4,2,B01
200800059140,0,7,0,0,2,4,2,C01
200800059141,0,10,0,0,1,0,1,B01
200800059141,0,7,0,0,2,0,5,A01
200800059142,0,7,0,0,1,1,1,A01
200800059143,0,7,0,0,2,8,15,B01
200800059143,0,30,0,0,2,1,17,A01
200800059144,0,7,0,1,2,4,2,B01
200800059144,0,33,0,0,2,1,1,A01
200800059145,0,7,0,0,2,3,9,A01
200800059145,0,32,0,0,2,1,1,B01
200800059146,0,7,0,0,2,4,15,A01
200800059146,0,34,0,0,2,1,1,B01
200800059147,0,7,0,0,2,7,1,B01
200800059147,0,7,0,0,2,1,5,A01
200800059148,0,7,0,0,2,8,1,B01
200800059148,0,7,0,0,2,3,13,A01
200800059149,0,7,0,0,2,8,15,A01
200800059149,0,30,0,0,2,1,1,B01
200800059150,0,30,0,0,2,1,1,B01
200800059150,0,7,0,0,2,2,16,A01
200800059151,0,7,0,2,0,9,1,A01
200800059152,0,7,0,0,2,4,1,B01
200800059152,0,7,0,0,2,1,2,A01
200800059153,0,7,0,0,2,0,1,B01
200800059153,0,2,0,0,2,8,11,A01
200800059154,0,2,0,0,2,1,1,A01
200800059154,0,7,0,0,2,3,19,B01
200800059155,0,7,0,0,2,2,0,A01
200800059155,0,30,0,0,2,1,1,B01
200800059156,0,33,0,0,1,1,1,A01
200800059157,0,30,0,0,2,1,1,B01
200800059157,0,7,0,0,2,1,15,A01
200800059158,0,10,0,0,1,1,15,A01
200800059159,0,2,0,0,2,1,17,A01
200800059159,0,7,0,0,2,3,15,B01
200800059160,0,7,0,0,2,3,2,A01
200800059160,0,7,0,0,2,3,5,B01
200800059161,0,7,0,0,1,2,15,A01
200800059162,0,2,0,0,0,2,1,B01
200800059162,0,7,0,0,2,3,20,A01
200800059163,0,33,0,0,2,7,1,B01
200800059163,0,7,0,0,2,1,19,A01
200800059164,0,7,0,0,9,2,1,A01
200800059165,0,7,0,0,1,1,1,A01
200800059166,0,7,0,0,1,4,20,A01
200800059167,0,7,0,0,2,1,1,C01
200800059167,0,7,0,0,2,1,1,B01
200800059167,0,7,0,0,2,1,13,A01
200800059168,0,1,0,0,1,1,2,A01
200800059169,0,30,0,0,2,1,1,B01
200800059169,0,7,0,0,2,3,10,A01
200800059170,0,7,0,2,1,1,1,B01
200800059170,0,1,0,0,0,8,19,A01
200800059171,0,7,0,0,2,4,2,C01
200800059171,0,7,0,0,2,4,2,B01
200800059171,0,7,0,0,2,1,2,A01
200800059172,0,7,0,0,0,4,1,B01
200800059172,0,7,0,0,2,1,2,A01
200800059173,0,2,0,0,2,1,1,B01
200800059173,0,7,0,0,2,4,1,A01
200800059174,0,38,14,0,2,3,16,A01
200800059174,0,2,0,0,2,1,16,B01
200800059175,0,1,0,0,2,2,1,B01
200800059175,0,7,0,0,2,3,16,A01
200800059176,0,7,0,0,2,1,1,B01
200800059176,0,7,0,0,2,1,1,A01
200800059177,0,14,0,0,2,1,1,A01
200800059177,0,7,0,0,2,4,2,B01
200800059178,0,7,0,0,2,1,1,B01
200800059178,0,7,0,0,2,1,1,A01
200800059179,0,16,0,0,2,5,17,B01
200800059179,0,2,0,0,2,8,1,A01
200800059180,0,7,0,0,2,0,19,A01
200800059181,0,7,0,0,2,1,0,C01
200800059181,0,7,0,0,2,1,0,B01
200800059181,0,7,0,0,2,3,0,A01
200800059182,0,7,0,0,1,1,1,A01
200800059183,0,7,0,0,1,1,1,A01
200800059184,0,7,0,0,1,1,1,A01
200800059185,2,7,0,0,2,2,1,A01
200800059185,0,7,0,0,2,3,0,B01
200800059186,0,7,0,0,2,3,19,A01
200800059186,0,34,0,0,2,1,0,B01
200800059187,0,7,0,0,2,4,2,B01
200800059187,0,30,0,0,2,1,2,A01
200800059188,0,7,0,0,2,2,15,A01
200800059188,0,7,0,0,2,3,1,B01
200800059189,0,7,0,0,2,3,0,B01
200800059189,0,7,0,0,2,1,13,A01
200800059190,0,7,0,0,2,8,14,A01
200800059190,0,33,0,0,2,7,17,B01
200800059191,0,30,0,1,0,1,1,A01
200800059191,0,7,0,0,2,2,23,B01
200800059191,0,7,0,0,2,8,23,C01
200800059192,0,30,0,0,2,7,17,A01
200800059192,0,7,0,0,2,8,15,B01
200800059193,0,7,0,0,2,3,19,B01
200800059193,0,2,0,0,2,9,21,A01
200800059194,0,7,0,0,2,2,15,A01
200800059194,0,7,0,0,2,3,21,B01
200800059195,0,7,0,0,2,1,1,A01
200800059195,0,7,0,0,2,1,1,B01
200800059196,1,32,0,0,1,0,1,A01
200800059197,0,7,0,0,2,0,10,A01
200800059197,0,2,0,0,2,1,1,B01
200800059198,0,7,0,0,2,2,15,A01
200800059198,0,33,0,0,2,1,1,B01
200800059199,0,10,0,0,2,1,1,A01
200800059199,0,10,0,0,2,4,1,B01
200800059200,0,1,0,0,2,2,1,A01
200800059200,0,7,0,0,2,2,1,B01
200800059201,0,7,0,0,2,0,22,A01
200800059201,0,1,0,1,2,0,1,B01
200800059202,0,40,0,0,1,0,1,A01
200800059203,0,7,0,0,2,3,10,A01
200800059203,0,2,0,0,2,1,1,B01
200800059204,0,7,0,1,0,1,1,A01
200800059205,0,10,0,0,1,1,15,A01
200800059206,0,7,0,0,2,1,1,A01
200800059206,0,7,0,0,2,4,15,B01
200800059207,0,1,0,0,2,1,1,A01
200800059207,0,7,0,0,2,3,15,B01
200800059208,0,7,0,16,0,1,18,A01
200800059209,0,7,0,0,2,1,15,A01
200800059209,0,1,0,0,2,2,1,B01
200800059210,0,31,0,0,2,1,1,B01
200800059210,0,7,0,0,2,7,1,A01
200800059211,0,7,0,0,2,1,15,A01
200800059211,0,7,0,0,2,1,15,B01
200800059212,0,1,0,0,2,1,19,A01
200800059212,0,7,0,0,2,7,1,B01
200800059213,0,33,0,0,1,1,1,A01
200800059214,0,2,0,0,2,1,15,A01
200800059214,0,7,0,0,2,2,1,B01
200800059215,0,7,0,0,4,3,15,A01
200800059216,0,2,0,1,2,1,0,A01
200800059216,0,2,0,0,2,8,1,B01
200800059217,0,7,0,0,2,1,1,A01
200800059217,0,7,0,0,2,4,1,B01
200800059218,0,7,0,0,2,1,1,B01
200800059218,0,7,0,0,2,1,15,A01
200800059219,0,1,0,0,2,1,19,A01
200800059219,0,7,0,0,2,1,1,B01
200800059220,0,33,0,15,0,1,1,A01
200800059221,0,7,0,0,2,3,1,A01
200800059221,0,7,0,0,2,1,1,B01
200800059222,0,1,0,0,2,7,1,B01
200800059222,0,7,0,0,2,1,1,A01
200800059223,0,7,0,0,2,6,9,A01
200800059223,0,14,0,0,2,2,1,B01
200800059224,0,7,0,0,2,2,15,A01
200800059224,0,1,0,0,2,1,1,B01
200800059225,0,1,0,0,2,1,15,A01
200800059225,0,7,0,0,2,7,1,B01
200800059226,0,7,0,0,2,2,15,A01
200800059226,0,7,0,0,2,1,1,B01
200800059227,0,7,0,0,1,1,1,A01
200800059228,0,7,0,0,1,1,15,A01
200800059229,0,7,0,0,2,1,1,A01
200800059229,0,7,0,0,2,4,1,B01
200800059230,0,2,0,0,2,1,19,B01
200800059230,0,40,0,0,2,1,1,A01
200800059231,0,7,0,0,1,1,1,A01
200800059232,0,30,0,0,2,1,5,A01
200800059232,0,40,0,0,2,1,1,B01
200800059233,0,1,0,0,2,8,1,A01
200800059233,0,7,0,0,2,1,1,B01
200800059234,0,7,0,0,2,3,1,B01
200800059234,0,2,0,0,2,1,1,A01
200800059235,0,30,0,0,2,1,16,A01
200800059235,0,7,0,0,2,1,16,B01
200800059236,0,7,0,0,2,1,1,A01
200800059236,0,7,0,0,2,2,15,B01
200800059237,0,7,0,0,2,1,13,A01
200800059237,0,7,0,0,2,8,1,B01
200800059237,0,7,0,0,2,8,1,C01
200800059237,0,7,0,0,2,8,1,D01
200800059237,0,7,0,0,2,1,1,E01
200800059238,0,7,0,15,0,1,0,A01
200800059239,0,7,0,0,2,1,15,A01
200800059239,0,7,0,0,2,1,1,B01
200800059239,0,7,0,0,2,1,15,C01
200800059240,0,7,0,0,2,0,15,A01
200800059240,0,1,0,0,2,0,1,B01
200800059241,0,7,0,0,2,8,1,B01
200800059241,0,7,0,1,2,1,1,A01
200800059242,0,7,0,0,2,6,15,B01
200800059242,0,30,0,0,2,1,1,A01
200800059243,0,7,0,0,2,3,16,A01
200800059243,0,2,0,0,2,1,1,B01
200800059244,0,1,0,0,2,1,1,A01
200800059244,0,7,0,0,2,0,15,B01
200800059245,0,7,0,0,2,6,15,A01
200800059245,0,30,0,0,2,1,1,B01
200800059246,0,7,0,0,2,2,10,A01
200800059246,0,31,0,0,2,1,1,B01
200800059247,0,10,0,0,0,5,0,B01
200800059247,0,33,0,0,2,1,0,A01
200800059248,0,7,0,0,2,1,1,A01
200800059248,0,30,0,0,2,1,1,B01
200800059249,1,30,0,0,1,0,1,A01
200800059250,0,7,0,0,2,3,15,A01
200800059250,0,31,0,0,2,1,1,B01
200800059251,0,7,0,0,1,4,4,A01
200800059252,0,7,0,0,1,1,1,A01
200800059253,0,7,0,0,2,1,15,A01
200800059253,0,1,0,0,2,2,19,B01
200800059254,1,7,0,0,0,0,21,B01
200800059254,0,7,0,15,9,1,21,A01
200800059255,0,33,0,0,2,1,1,B01
200800059255,0,7,0,0,2,6,15,A01
200800059256,0,7,0,0,2,1,1,A01
200800059256,0,7,0,0,2,4,1,B01
200800059257,0,7,0,0,1,2,1,A01
200800059258,0,7,0,0,2,4,1,A01
200800059258,0,7,0,0,2,1,1,B01
200800059259,0,7,0,0,1,1,15,A01
200800059260,0,7,0,0,2,1,15,A01
200800059260,0,1,0,0,2,1,1,B01
200800059261,0,7,0,0,2,3,15,A01
200800059261,0,2,0,1,2,7,1,B01
200800059262,0,1,0,0,2,1,1,A01
200800059262,0,7,0,0,2,8,1,B01
200800059263,0,7,0,0,2,2,15,A01
200800059263,0,2,0,0,2,1,1,B01
200800059264,0,10,0,1,0,2,1,A01
200800059265,0,7,0,3,2,2,1,A01
200800059265,0,7,0,0,2,2,1,B01
200800059266,0,7,0,0,2,1,0,A01
200800059266,0,7,0,0,2,1,0,B01
200800059267,0,7,0,0,1,1,15,A01
200800059268,0,7,0,2,2,2,21,A01
200800059268,0,7,0,0,2,6,1,B01
200800059269,0,7,0,0,1,1,1,A01
200800059270,0,7,0,0,2,1,1,A01
200800059270,0,7,0,0,2,4,2,B01
200800059270,0,7,0,0,2,4,2,C01
200800059271,0,7,0,0,2,7,1,A01
200800059271,0,1,0,0,2,1,1,B01
200800059272,0,7,0,0,1,1,1,A01
200800059273,0,7,0,0,2,1,1,A01
200800059273,0,7,0,0,2,4,0,B01
200800059273,0,7,0,0,2,1,2,C01
200800059274,0,7,0,2,1,1,14,A01
200800059275,0,36,0,0,4,1,2,A01
200800059275,0,38,0,0,2,3,2,B01
200800059276,0,7,0,15,2,7,2,B01
200800059276,0,7,0,0,2,1,1,A01
200800059277,0,7,0,0,2,3,0,A01
200800059277,0,1,0,1,0,6,1,B01
200800059278,0,1,0,0,2,7,21,A01
200800059278,0,7,0,0,0,8,1,B01
200800059279,0,7,0,0,1,5,4,A01
200800059280,0,7,0,0,0,3,0,A01
200800059280,0,7,0,0,0,3,0,B01
200800059281,0,2,0,0,1,1,0,A01
200800059282,0,7,0,1,2,1,0,A01
200800059283,0,1,0,0,2,4,2,B01
200800059283,0,7,0,0,9,2,2,A01
200800059284,0,7,0,0,2,5,1,B01
200800059285,1,3,0,0,1,0,0,A01
200800059286,0,7,0,0,2,3,1,B01
200800059286,0,2,0,0,2,1,1,A01
200800059287,0,7,0,0,2,8,1,B01
200800059287,0,7,0,8,2,1,1,A01
200800059288,0,7,0,0,1,1,1,A01
200800059289,0,7,0,1,0,4,21,B01
200800059289,0,7,0,0,2,8,23,A01
200800059290,0,7,0,0,1,1,1,A01
200800059291,0,2,0,0,0,0,0,A01
200800059291,1,7,0,0,2,1,13,B01
200800059292,0,7,0,0,2,1,2,A01
200800059292,0,7,0,0,1,4,1,B01
200800059293,0,7,0,0,0,4,2,B01
200800059293,0,2,0,0,2,1,2,A01
200800059294,0,2,0,0,2,1,1,A01
200800059295,0,7,0,0,2,7,10,B01
200800059295,0,33,0,0,2,1,21,A01
200800059296,0,7,0,0,1,7,1,A01
200800059297,0,7,0,0,1,3,1,A01
200800059298,0,7,0,0,1,1,1,A01
200800059299,0,7,0,0,2,1,2,A01
200800059299,0,7,0,0,0,4,2,B01
200800059300,0,30,0,0,0,8,1,A01
200800059300,0,7,0,0,0,2,1,B01
200800059301,0,7,0,0,0,7,15,A01
200800059301,0,31,0,0,2,1,1,B01
200800059302,0,7,0,0,0,2,9,A01
200800059302,0,7,0,0,2,3,1,B01
200800059303,0,7,0,0,1,1,1,A01
200800059304,0,7,0,0,2,8,15,B01
200800059304,0,31,0,0,2,1,17,A01
200800059305,0,7,0,0,2,3,15,A01
200800059305,0,2,0,0,2,1,1,B01
200800059306,0,7,0,0,1,1,17,A01
200800059307,0,7,0,0,1,1,0,A01
200800059308,0,7,0,0,2,8,24,B01
200800059308,0,33,0,1,0,1,1,A01
200800059309,0,2,0,0,0,0,1,A01
200800059310,0,7,0,0,1,2,1,A01
200800059311,0,7,0,1,0,3,20,A01
200800059311,0,30,0,0,0,2,21,B01
200800059312,0,7,0,0,2,1,13,A01
200800059312,0,7,0,0,2,3,1,B01
200800059313,0,7,0,12,0,1,1,A01
200800059314,0,7,0,0,2,1,9,A01
200800059314,0,33,0,0,2,1,17,B01
200800059315,0,30,0,0,2,8,18,A01
200800059315,0,7,0,0,9,7,9,B01
200800059316,0,7,0,9,0,1,14,A01
200800059317,0,7,0,0,2,2,15,A01
200800059317,0,2,0,0,2,1,1,B01
200800059318,0,7,0,0,2,1,0,A01
200800059318,0,7,0,0,2,8,15,B01
200800059319,0,7,0,0,1,1,1,A01
200800059320,0,7,0,0,2,3,15,B01
200800059320,0,7,0,0,2,2,2,A01
200800059321,0,7,0,0,1,1,1,A01
200800059322,0,7,0,0,2,2,10,A01
200800059322,0,7,0,0,2,3,1,B01
200800059323,0,7,0,0,2,2,15,A01
200800059323,0,7,0,0,2,1,1,B01
200800059324,0,7,0,14,0,9,1,A01
200800059325,0,33,0,0,2,1,1,B01
200800059325,0,7,0,0,2,6,1,A01
200800059326,1,7,0,0,1,0,0,A01
200800059327,0,7,0,0,1,2,0,A01
200800059328,0,7,0,0,2,1,15,A01
200800059328,2,7,0,0,2,1,1,B01
200800059329,0,7,0,0,1,3,1,A01
200800059330,0,99,0,0,2,3,15,A01
200800059330,0,99,0,0,2,2,1,B01
200800059331,0,30,0,0,2,7,17,A01
200800059331,0,7,0,0,2,8,15,B01
200800059332,0,30,0,0,2,2,1,B01