Num_Acc,senc,catv,occutc,obs,obsm,choc,manv,num_veh
200800059332,1,7,0,0,0,0,0,A01
200800059333,0,7,0,0,2,1,2,A01
200800059333,0,10,0,0,2,4,1,B01
200800059334,0,38,0,0,1,2,1,A01
200800059335,1,7,0,0,1,3,15,A01
200800059336,0,7,0,0,2,1,15,A01
200800059336,0,7,0,0,2,7,1,B01
200800059337,0,7,0,0,2,3,1,B01
200800059337,0,7,0,0,2,3,1,A01
200800059338,0,1,0,0,2,1,1,B01
200800059338,0,7,0,0,2,5,1,A01
200800059339,0,7,0,0,2,1,15,A01
200800059339,0,33,0,0,2,1,1,B01
200800059340,0,7,0,0,2,8,0,A01
200800059340,0,31,0,0,2,7,1,B01
200800059341,0,7,0,0,1,2,1,A01
200800059342,0,10,0,0,2,8,10,A01
200800059342,0,31,0,0,2,1,1,B01
200800059343,0,7,0,0,2,1,2,A01
200800059343,0,14,0,0,2,4,2,B01
200800059343,0,7,0,0,2,4,2,C01
200800059344,0,7,0,0,1,2,0,A01
200800059345,0,7,0,0,2,8,20,A01
200800059345,0,32,0,0,2,1,1,B01
200800059345,0,7,0,0,2,6,24,C01
200800059346,0,7,0,0,2,6,20,A01
200800059346,0,31,0,0,2,1,1,B01
200800059347,0,7,0,15,2,2,0,B01
200800059347,0,7,0,0,2,3,0,A01
200800059348,1,7,0,0,1,0,1,A01
200800059349,0,7,0,0,1,1,1,A01
200800059350,0,7,0,0,2,3,10,A01
200800059350,0,32,0,0,2,1,1,B01
200800059351,0,7,0,0,5,3,5,A01
200800059351,0,7,0,0,0,8,5,B01
200800059352,0,7,0,0,0,7,15,A01
200800059352,0,34,0,0,2,3,1,B01
200800059353,0,7,0,0,2,1,1,A01
200800059353,0,7,0,0,2,4,1,B01
200800059353,0,7,0,0,2,4,1,C01
200800059353,0,7,0,0,2,3,1,D01
200800059354,0,10,0,0,2,3,15,A01
200800059354,0,7,0,0,2,8,1,B01
200800059355,0,7,0,0,2,3,1,B01
200800059355,0,7,0,0,2,1,1,A01
200800059356,0,7,0,0,1,1,1,A01
200800059357,0,7,0,0,2,8,1,B01
200800059357,0,7,0,0,2,1,1,A01
200800059358,0,7,0,0,9,2,1,B01
200800059358,0,1,0,0,2,0,15,A01
200800059359,0,7,0,0,2,4,5,A01
200800059359,0,7,0,0,2,1,1,B01
200800059360,1,7,0,0,1,4,4,A01
200800059361,0,7,0,0,1,1,1,A01
200800059362,0,33,0,0,2,1,1,A01
200800059362,0,7,0,0,2,2,10,B01
200800059363,0,7,0,0,1,7,1,A01
200800059364,0,7,0,0,1,0,1,A01
200800059365,0,7,0,12,0,3,1,A01
200800059366,0,7,0,13,0,9,1,A01
200800059367,0,33,0,0,2,1,1,B01
200800059367,0,10,0,0,2,6,10,A01
200800059368,0,7,0,0,2,3,1,B01
200800059368,0,7,0,0,2,2,1,A01
200800059369,0,7,0,0,2,1,13,A01
200800059369,0,7,0,0,2,1,1,B01
200800059370,0,7,0,0,2,5,15,A01
200800059370,0,7,0,0,2,1,1,B01
200800059371,0,10,0,0,2,1,1,C01
200800059371,0,7,0,0,2,1,16,A01
200800059371,0,7,0,0,2,3,1,B01
200800059372,1,7,0,0,0,4,0,C01
200800059372,0,7,0,0,2,1,2,A01
200800059372,0,7,0,0,0,4,2,B01
200800059373,0,7,0,0,2,1,2,A01
200800059373,0,7,0,0,0,4,1,B01
200800059374,0,7,0,0,2,3,23,B01
200800059374,0,7,0,0,2,3,0,A01
200800059375,0,7,0,0,2,1,0,A01
200800059375,0,30,0,0,2,8,16,B01
200800059376,0,30,0,0,0,0,2,A01
200800059377,0,7,0,0,0,7,15,A01
200800059377,0,2,0,0,2,1,1,B01
200800059378,0,7,0,0,1,1,1,A01
200800059379,0,7,0,0,1,1,16,A01
200800059380,0,7,0,0,2,1,2,A01
200800059380,0,7,0,0,2,4,2,B01
200800059380,0,7,0,0,2,4,2,C01
200800059381,0,7,0,0,1,1,1,A01
200800059382,0,30,0,0,2,1,1,A01
200800059382,0,10,0,0,0,1,23,B01
200800059383,0,10,0,0,2,2,17,A01
200800059383,0,1,0,0,0,4,1,B01
200800059384,0,7,0,8,0,8,1,A01
200800059385,1,7,0,0,1,0,0,A01
200800059386,0,2,0,16,0,1,1,A01
200800059387,0,2,0,14,0,1,1,A01
200800059388,0,7,0,0,2,1,1,A01
200800059388,0,7,0,0,0,4,23,B01
200800059389,0,40,0,0,1,1,1,A01
200800059390,0,2,0,16,0,1,1,A01
200800059391,0,33,0,0,2,8,17,A01
200800059391,0,7,0,0,0,8,1,B01
200800059392,0,2,0,16,0,1,1,A01
200800059393,0,10,0,0,1,1,15,A01
200800059394,0,7,0,0,1,1,1,A01
200800059395,0,31,0,0,2,8,16,A01
200800059395,0,7,0,0,0,8,16,B01
200800059396,0,7,0,16,0,9,1,A01
200800059397,0,7,0,0,2,3,15,A01
200800059397,0,2,0,0,0,2,1,B01
200800059398,0,7,0,0,1,4,20,A01
200800059399,0,2,0,0,2,8,1,A01
200800059399,0,7,0,0,0,7,16,B01
200800059400,0,7,0,0,2,1,1,A01
200800059400,0,33,0,0,0,7,1,B01
200800059401,0,7,0,0,2,3,1,A01
200800059401,0,33,0,0,0,1,1,B01
200800059402,0,7,0,0,0,7,1,A01
200800059402,0,2,0,0,2,1,1,B01
200800059403,0,7,0,0,2,8,15,A01
200800059403,0,2,0,0,0,2,17,B01
200800059404,0,2,0,16,0,7,1,A01
200800059405,0,7,0,0,1,3,1,A01
200800059406,1,7,0,0,2,0,0,A01
200800059406,0,7,0,0,0,8,15,B01
200800059407,0,7,0,0,1,1,1,A01
200800059408,0,7,0,0,1,4,4,A01
200800059409,0,7,0,0,2,1,0,A01
200800059409,0,7,0,0,2,1,0,B01
200800059410,0,99,0,0,1,1,1,A01
200800059411,0,7,0,0,2,2,0,A01
200800059411,0,2,0,0,0,1,1,B01
200800059412,0,30,0,0,2,1,18,A01
200800059412,1,7,0,0,0,0,16,B01
200800059413,0,7,0,0,1,4,4,A01
200800059414,0,7,0,0,1,1,1,A01
200800059415,0,2,0,0,0,1,1,B01
200800059415,0,7,0,0,2,1,5,A01
200800059416,0,7,0,8,0,0,1,B01
200800059416,0,7,0,0,2,1,1,A01
200800059416,0,7,0,0,0,1,23,C01
200800059417,0,7,0,0,2,1,15,A01
200800059417,0,1,0,0,0,1,1,B01
200800059418,0,7,0,0,2,2,15,A01
200800059418,0,2,0,0,2,1,8,B01
200800059419,0,30,0,0,2,1,1,A01
200800059419,0,14,0,0,2,2,1,B01
200800059420,0,33,0,0,2,7,0,B01
200800059420,0,10,0,0,2,3,17,A01
200800059421,0,30,0,0,2,1,1,A01
200800059421,0,7,0,0,2,2,16,B01
200800059422,0,10,0,0,2,7,15,A01
200800059422,0,30,0,0,2,1,1,B01
200800059423,0,7,0,0,2,8,15,A01
200800059423,0,33,0,0,2,1,1,B01
200800059424,0,10,0,0,1,0,16,A01
200800059425,0,10,0,0,2,3,17,A01
200800059425,0,10,0,0,2,3,1,B01
200800059425,0,10,0,0,2,8,1,C01
200800059426,0,7,0,0,1,7,1,A01
200800059427,0,30,0,0,1,1,18,A01
200800059428,0,7,0,0,1,2,1,A01
200800059429,0,7,0,14,0,1,6,A01
200800059430,0,7,0,0,9,4,1,B01
200800059430,0,30,0,0,2,1,1,A01
200800059431,0,30,0,0,1,1,1,A01
200800059432,0,7,0,0,1,1,1,A01
200800059433,0,7,0,0,0,1,15,B01
200800059433,0,30,0,0,2,8,1,A01
200800059434,0,1,0,0,2,4,1,B01
200800059434,0,7,0,0,2,1,9,A01
200800059435,0,7,0,0,1,1,1,A01
200800059436,0,33,0,0,0,8,10,A01
200800059437,0,7,0,5,0,8,1,A01
200800059438,0,2,0,0,2,1,1,B01
200800059438,0,7,0,0,2,3,15,A01
200800059439,0,30,0,8,0,1,0,A01
200800059440,0,14,0,13,2,1,21,B01
200800059440,0,7,0,15,2,1,13,A01
200800059441,0,7,0,0,1,0,1,A01
200800059442,0,7,0,0,1,4,4,A01
200800059443,0,7,0,0,2,1,1,A01
200800059443,0,7,0,0,2,4,1,B01
200800059444,0,7,0,0,2,3,15,A01
200800059444,0,30,0,0,2,1,1,B01
200800059445,0,7,0,0,1,1,1,A01
200800059446,0,2,0,0,0,0,1,A01
200800059447,0,7,0,0,2,3,19,B01
200800059447,0,2,0,0,2,1,1,A01
200800059448,1,7,0,0,1,1,15,A01
200800059449,2,30,0,0,2,1,1,A01
200800059449,0,7,0,0,2,1,1,B01
200800059450,0,30,0,0,9,4,1,A01
200800059450,1,31,0,0,2,1,1,B01
200800059451,1,7,0,0,1,0,0,A01
200800059452,1,7,0,0,1,1,1,A01
200800059453,0,7,0,2,2,2,15,A01
200800059453,0,2,0,0,2,1,1,B01
200800059454,0,7,0,0,2,1,1,B01
200800059454,0,30,0,0,2,1,5,A01
200800059455,0,7,0,1,2,3,13,A01
200800059455,0,2,0,0,2,2,13,B01
200800059456,0,7,0,0,2,1,2,A01
200800059456,0,7,0,1,2,7,2,B01
200800059457,0,7,0,0,2,7,15,A01
200800059457,0,32,0,0,2,1,1,B01
200800059458,0,31,0,0,0,0,1,A01
200800059459,0,7,0,0,1,9,0,A01
200800059460,0,2,0,0,2,1,0,A01
200800059460,0,7,0,0,2,2,2,B01
200800059461,0,30,0,8,0,3,1,A01
200800059462,0,7,0,0,1,3,1,A01
200800059463,0,7,0,2,1,1,17,A01
200800059463,0,7,0,0,2,8,15,B01
200800059464,0,30,0,0,2,1,13,A01
200800059464,0,7,0,0,2,8,15,B01
200800059465,0,30,0,1,0,1,1,A01
200800059466,0,7,0,0,2,2,15,A01
200800059466,0,1,0,0,2,1,19,B01
200800059467,0,1,0,0,2,0,0,A01
200800059468,0,7,0,0,1,1,1,A01
200800059468,0,7,0,0,2,4,1,B01
200800059468,0,7,0,0,2,4,1,C01
200800059469,0,30,0,0,2,2,17,A01
200800059469,0,7,0,0,2,8,15,B01
200800059470,0,7,0,0,1,2,1,A01
200800059471,0,7,0,2,1,1,1,A01
200800059472,0,30,0,0,0,8,1,B01
200800059472,0,7,0,0,2,3,1,A01
200800059473,0,7,0,8,0,1,13,A01
200800059474,0,7,0,0,2,6,11,A01
200800059474,0,31,0,0,2,7,1,B01
200800059475,0,7,0,0,1,2,0,A01
200800059476,0,7,0,0,1,1,1,A01
200800059477,0,7,0,0,1,1,1,A01
200800059478,0,7,0,0,2,2,15,A01
200800059478,0,33,0,0,2,1,1,B01
200800059479,0,10,0,0,2,2,12,A01
200800059479,0,10,0,0,2,2,1,B01
200800059479,0,7,0,0,2,6,1,C01
200800059480,0,7,0,0,2,2,20,A01
200800059480,0,2,0,0,2,2,1,B01
200800059481,0,7,0,0,1,7,1,A01
200800059482,0,7,0,0,2,2,0,A01
200800059482,0,33,0,0,2,1,1,B01
200800059483,0,7,0,0,1,2,1,A01
200800059484,0,7,0,0,2,3,15,B01
200800059484,0,2,0,0,2,7,17,A01
200800059485,0,7,0,12,2,2,1,B01
200800059485,0,7,0,0,2,8,8,A01
200800059486,0,7,0,0,2,2,1,A01
200800059486,0,7,0,0,0,3,20,B01
200800059486,0,7,0,0,0,0,1,C01
200800059487,0,30,0,1,0,1,2,A01
200800059488,0,7,0,0,2,8,9,A01
200800059488,0,2,0,0,2,1,1,B01
200800059488,0,7,0,0,2,8,1,C01
200800059489,0,2,0,0,2,1,1,A01
200800059489,0,7,0,0,2,6,23,B01
200800059490,0,7,0,0,2,1,1,A01
200800059490,0,7,0,0,2,4,2,B01
200800059491,0,7,0,0,1,2,0,A01
200800059492,1,7,0,0,0,0,0,A01
200800059492,0,30,0,8,2,1,21,B01
200800059493,0,7,0,0,2,7,14,A01
200800059493,0,30,0,0,2,3,1,B01
200800059494,0,7,0,0,1,1,15,A01
200800059495,0,7,0,0,1,3,1,A01
200800059496,0,32,0,0,2,1,17,A01
200800059496,0,7,0,0,1,3,1,B01
200800059497,0,33,0,0,0,3,9,A01
200800059498,1,7,0,0,2,0,0,A01
200800059498,0,30,0,1,0,1,1,B01
200800059499,2,7,0,2,0,2,1,A01
200800059500,0,7,0,5,0,8,2,A01
200800059501,0,7,0,0,1,2,1,A01
200800059502,0,31,0,0,2,1,1,B01
200800059502,0,7,0,0,2,3,16,A01
200800059503,0,7,0,0,1,1,1,A01
200800059504,0,33,0,0,2,1,1,A01
200800059504,0,7,0,0,2,8,0,B01
200800059505,0,2,0,0,2,6,6,A01
200800059505,0,7,0,0,9,6,1,B01
200800059506,0,7,0,0,2,2,1,A01
200800059506,0,7,0,0,1,4,23,B01
200800059507,0,30,0,0,2,1,17,A01
200800059507,0,7,0,0,9,3,15,B01
200800059508,0,32,0,1,2,1,17,A01
200800059508,0,7,0,0,2,8,15,B01
200800059509,0,7,0,0,2,4,2,A01
200800059509,0,7,0,0,2,4,2,B01
200800059509,0,10,0,0,2,1,2,C01
200800059510,0,7,0,0,1,2,1,A01
200800059511,0,7,0,13,0,0,1,A01
200800059512,0,7,0,13,0,1,1,A01
200800059513,0,7,0,0,2,2,9,A01
200800059513,0,7,0,0,2,3,1,B01
200800059514,0,2,0,15,0,7,0,A01
200800059515,0,1,0,0,2,8,15,B01
200800059515,0,33,0,0,9,1,17,A01
200800059516,0,10,0,0,2,0,1,D01
200800059516,0,10,0,0,2,3,1,C01
200800059516,0,7,0,0,2,6,2,B01
200800059516,0,33,0,0,2,1,21,A01
200800059517,0,7,0,8,0,1,6,A01
200800059518,0,2,0,0,2,1,1,B01
200800059518,0,7,0,0,2,7,15,A01
200800059519,0,2,0,0,2,4,15,B01
200800059519,0,7,0,0,2,1,2,A01
200800059520,0,7,0,0,9,2,15,A01
200800059520,0,33,0,0,2,7,21,B01
200800059521,0,7,0,0,2,1,1,A01
200800059521,0,1,0,0,0,0,1,B01
200800059522,0,7,0,0,2,1,5,A01
200800059522,0,7,0,0,2,1,1,B01
200800059523,0,33,0,2,0,0,1,A01
200800059524,0,7,0,0,2,1,16,A01
200800059524,0,7,0,0,2,3,1,B01
200800059525,0,30,0,0,2,8,0,A01
200800059525,0,7,0,0,2,3,1,B01
200800059526,0,7,0,0,2,3,11,A01
200800059526,0,33,0,0,2,3,1,B01
200800059527,0,7,0,0,1,3,1,A01
200800059528,1,7,0,0,1,2,1,A01
200800059529,0,7,0,0,2,2,15,B01
200800059529,0,30,0,0,2,1,1,A01
200800059530,1,7,0,0,1,3,1,A01
200800059531,0,2,0,0,2,1,1,B01
200800059531,0,7,0,0,2,8,15,A01
200800059532,0,33,0,0,2,1,2,B01
200800059532,0,7,0,11,0,8,10,A01
200800059533,0,33,0,0,2,1,0,B01
200800059533,0,7,0,0,2,3,19,A01
200800059534,0,7,0,0,1,5,4,A01
200800059535,0,7,0,0,2,7,1,B01
200800059535,0,7,0,0,2,2,1,C01
200800059535,0,7,0,0,2,1,1,A01
200800059536,0,7,0,8,0,1,2,A01
200800059537,0,7,0,13,0,1,2,A01
200800059538,0,7,0,8,0,1,1,A01
200800059539,0,7,0,0,2,6,11,A01
200800059539,0,7,0,0,2,9,17,B01
200800059540,0,30,0,0,2,1,2,B01
200800059540,0,7,0,0,2,2,2,A01
200800059541,0,7,0,0,0,1,1,A01
200800059541,0,7,0,15,2,1,1,B01
200800059542,0,7,0,0,0,1,1,A01
200800059542,0,7,0,0,0,4,1,B01
200800059543,0,7,0,0,0,0,0,A01
200800059543,0,2,0,0,0,0,0,B01
200800059544,0,7,0,0,2,3,1,A01
200800059544,0,7,0,0,2,5,15,B01
200800059545,0,37,72,0,2,8,0,B01
200800059545,0,14,0,0,2,4,4,A01
200800059546,0,7,0,0,2,1,15,A01
200800059546,0,7,0,0,0,7,1,B01
200800059547,0,10,0,1,1,9,13,A01
200800059548,0,7,0,0,0,6,2,B01
200800059548,0,7,0,0,2,2,2,A01
200800059549,0,7,0,0,2,2,1,B01
200800059549,0,7,0,0,2,1,9,A01
200800059550,0,1,0,0,2,1,12,B01
200800059550,0,7,0,0,0,2,15,A01
200800059551,0,2,0,0,0,1,1,B01
200800059551,0,7,0,0,0,2,0,A01
200800059552,0,7,0,1,0,4,2,B01
200800059552,0,2,0,0,2,1,2,A01
200800059553,0,7,0,0,1,2,1,A01
200800059554,0,30,0,1,0,3,13,A01
200800059555,0,30,0,3,0,1,1,A01
200800059556,0,7,0,2,0,1,1,A01
200800059557,0,37,4,0,1,2,2,A01
200800059558,0,7,0,0,9,1,1,A01
200800059558,0,1,0,0,2,8,15,B01
200800059559,0,7,0,0,1,1,1,A01
200800059560,0,7,0,8,0,1,1,A01
200800059561,0,7,0,0,2,1,1,A01
200800059561,0,14,0,2,2,3,2,B01
200800059562,0,7,0,0,0,4,20,A01
200800059563,0,7,0,0,2,2,19,A01
200800059563,0,31,0,0,2,1,1,B01
200800059564,0,7,0,0,2,3,1,A01
200800059564,0,7,0,0,2,8,9,B01
200800059565,0,7,0,14,0,9,0,A01
200800059566,0,7,0,0,1,2,1,A01
200800059567,0,7,0,0,1,1,1,A01
200800059568,0,2,0,0,1,1,1,A01
200800059569,0,13,0,0,2,3,1,A01
200800059569,0,7,0,0,0,8,1,B01
200800059570,0,2,0,12,0,2,2,A01
200800059571,0,7,0,0,1,3,1,A01
200800059572,0,7,0,0,1,1,1,A01
200800059573,0,10,0,0,1,2,1,A01
200800059574,0,7,0,0,0,3,15,A01
200800059574,0,33,0,0,2,1,1,B01
200800059575,0,7,0,0,2,1,1,A01
200800059575,0,7,0,0,2,4,1,B01
200800059575,0,7,0,0,2,5,23,C01
200800059575,0,7,0,0,2,3,1,D01
200800059576,0,7,0,0,2,2,1,A01
200800059577,0,7,0,0,2,2,15,A01
200800059577,0,7,0,0,2,2,1,B01
200800059578,0,33,0,0,6,1,1,A01
200800059579,0,7,0,1,0,1,1,A01
200800059579,0,17,0,0,0,4,23,B01
200800059580,0,7,0,0,2,3,15,A01
200800059580,0,31,0,0,2,1,1,B01
200800059581,0,7,0,0,1,1,1,A01
200800059582,0,7,0,0,2,1,1,A01
200800059582,0,7,0,0,2,4,23,F01
200800059582,0,7,0,0,2,9,2,B01
200800059582,0,7,0,0,2,4,23,G01
200800059582,0,7,0,0,2,9,2,C01
200800059582,0,7,0,0,2,9,2,D01
200800059582,0,7,0,0,2,4,2,E01
200800059583,0,7,0,0,2,1,1,B01
200800059583,0,31,0,0,2,7,1,A01
200800059584,0,20,0,0,2,2,14,A01
200800059584,0,33,0,0,2,1,1,B01
200800059585,0,7,0,0,2,1,15,A01
200800059585,0,2,0,0,2,1,17,B01
200800059586,0,2,0,0,2,2,2,A01
200800059586,0,7,0,0,2,8,15,B01
200800059587,0,7,0,0,0,4,1,C01
200800059587,0,7,0,0,2,1,12,A01
200800059587,0,7,0,0,2,4,1,B01
200800059588,0,1,0,0,1,1,1,A01
200800059589,0,7,0,3,0,1,0,A01
200800059590,0,30,0,12,0,1,21,A01
200800059591,0,7,0,0,2,2,16,A01
200800059591,0,1,0,0,2,1,19,B01
200800059592,0,30,0,0,2,1,2,A01
200800059592,0,30,0,0,2,5,16,B01
200800059593,0,7,0,0,2,1,15,A01
200800059593,0,20,0,0,0,6,1,B01
200800059594,0,7,0,0,2,3,9,A01
200800059594,0,33,0,0,2,7,1,B01
200800059595,0,10,0,1,1,4,4,A01
200800059595,0,7,0,0,0,4,23,B01
200800059596,0,37,0,0,1,5,1,A01
200800059597,0,37,1,0,1,0,16,A01
200800059598,0,10,0,0,2,2,17,A01
200800059598,0,33,0,0,2,1,18,B01
200800059599,0,7,0,0,9,8,24,A01
200800059599,0,1,0,1,0,1,1,B01
200800059600,0,2,0,0,2,7,18,A01
200800059600,0,7,0,0,2,1,9,B01
200800059601,0,7,0,0,0,2,0,A01
200800059602,0,33,0,0,2,1,2,A01
200800059602,0,7,0,0,2,7,19,B01
200800059603,0,7,0,0,2,1,13,A01
200800059603,0,7,0,0,2,1,1,B01
200800059604,0,32,0,7,0,1,1,A01
200800059605,0,7,0,0,2,1,15,B01
200800059605,0,2,0,0,2,1,16,A01
200800059606,0,7,0,0,2,1,0,A01
200800059606,0,37,1,0,0,6,23,B01
200800059607,0,7,0,0,2,4,4,A01
200800059607,0,2,0,0,2,1,1,B01
200800059608,0,7,0,0,0,5,15,A01
200800059608,0,7,0,0,2,1,1,B01
200800059609,0,7,0,0,0,8,15,A01
200800059609,0,33,0,0,2,1,1,B01
200800059610,0,33,0,0,2,1,1,A01
200800059610,0,7,0,0,0,5,1,B01
200800059611,0,7,0,2,0,0,0,A01
200800059612,1,7,0,0,2,3,1,A01
200800059612,0,7,0,0,2,3,1,B01
200800059613,0,7,0,0,2,3,13,A01
200800059613,0,7,0,0,2,1,1,B01
200800059614,0,10,0,0,2,1,1,A01
200800059614,0,7,0,0,2,4,1,B01
200800059614,0,7,0,0,0,4,1,C01
200800059615,0,7,0,0,2,1,1,A01
200800059615,0,7,0,0,0,4,23,B01
200800059615,0,7,0,0,0,4,23,C01
200800059616,0,33,0,0,2,1,17,A01
200800059616,0,7,0,0,2,3,15,B01
200800059617,0,33,0,0,2,1,17,A01
200800059617,0,7,0,0,2,3,15,B01
200800059618,0,10,0,0,2,7,16,A01
200800059618,0,1,0,0,0,8,16,B01
200800059619,0,1,0,0,0,3,11,A01
200800059619,0,7,0,0,2,2,17,B01
200800059620,0,7,0,0,2,5,15,A01
200800059620,0,33,0,0,2,1,1,B01
200800059620,0,7,0,0,0,3,1,C01
200800059621,0,7,0,6,2,3,0,A01
200800059621,0,7,0,0,2,1,2,B01
200800059622,0,7,0,0,1,4,4,A01
200800059623,0,30,0,0,2,2,1,B01
200800059623,1,3,0,0,2,8,1,A01
200800059624,0,7,0,0,1,3,0,A01
200800059624,0,7,0,0,2,2,1,B01
200800059625,0,7,0,8,0,1,2,A01
200800059626,0,7,0,0,1,1,1,A01
200800059627,0,7,0,0,2,2,9,A01
200800059627,0,2,0,0,0,0,1,B01
200800059628,0,7,0,12,0,1,1,A01
200800059629,0,7,0,3,0,1,1,A01
200800059630,0,2,0,16,0,7,1,A01
200800059631,0,13,0,0,2,1,1,A01
200800059631,0,7,0,0,0,4,23,B01
200800059632,0,7,0,0,2,3,1,B01
200800059632,0,7,0,0,2,2,9,A01
200800059633,0,7,0,0,2,3,2,A01
200800059633,0,1,0,0,0,4,2,B01
200800059634,0,7,0,0,2,1,1,B01
200800059634,0,7,0,0,2,6,1,A01
200800059635,0,7,0,0,2,1,1,A01
200800059635,0,7,0,0,2,1,1,B01
200800059636,0,15,0,0,2,2,0,C01
200800059636,0,10,0,0,2,1,0,B01
200800059636,0,7,0,0,0,8,0,A01
200800059637,0,2,0,0,2,1,3,A01
200800059637,0,7,0,0,2,2,1,B01
200800059638,0,7,0,0,1,1,1,A01
200800059639,1,7,0,0,2,1,1,A01
200800059639,0,7,0,0,0,4,1,B01
200800059640,0,7,0,0,0,8,0,B01
200800059640,0,7,0,1,0,9,1,A01
200800059641,0,15,0,6,0,4,2,A01
200800059641,0,7,0,0,9,2,1,B01
200800059642,0,33,0,0,2,3,17,A01
200800059642,0,7,0,0,2,2,1,B01
200800059642,0,7,0,0,2,3,1,C01
200800059643,0,33,0,0,0,7,1,A01
200800059644,0,2,0,0,0,7,0,A01
200800059645,0,7,0,0,1,8,1,A01
200800059645,0,7,0,0,1,3,23,B01
200800059646,0,2,0,0,0,0,0,A01
200800059647,0,7,0,0,2,3,19,A01
200800059647,0,7,0,0,2,2,21,B01
200800059648,0,31,0,0,0,0,16,A01
200800059649,0,7,0,2,0,1,14,A01
200800059650,0,10,0,0,2,1,2,A01
200800059650,0,7,0,0,2,4,2,B01
200800059650,0,7,0,0,2,4,2,C01
200800059651,0,14,0,0,2,7,12,A01
200800059651,0,7,0,15,2,8,1,B01
200800059652,0,1,0,0,1,1,15,A01
200800059653,0,7,0,0,2,8,0,A01
200800059653,0,33,0,0,2,7,1,B01
200800059654,0,33,0,16,9,8,1,A01
200800059655,0,7,0,0,1,1,0,A01
200800059656,0,7,0,0,2,7,1,A01
200800059656,0,30,0,0,2,8,1,B01
200800059657,0,7,0,0,1,2,2,A01
200800059658,0,2,0,0,0,8,0,A01
200800059659,0,7,0,6,0,1,0,A01
200800059660,0,7,0,0,2,4,2,A01
200800059660,0,7,0,0,2,9,2,B01
200800059660,0,7,0,0,2,9,2,C01
200800059660,0,7,0,0,2,9,2,D01
200800059660,0,7,0,0,2,9,2,E01
200800059661,0,7,0,0,1,3,17,A01
200800059662,0,31,0,0,0,8,2,A01
200800059663,0,7,0,0,2,3,15,A01
200800059663,0,30,0,0,2,1,1,B01
200800059664,0,10,0,0,2,8,1,B01
200800059664,0,32,0,0,2,1,1,A01
200800059665,0,7,0,0,2,6,15,A01
200800059665,0,32,0,0,2,1,1,B01
200800059666,0,33,0,0,1,1,2,A01
200800059667,0,33,0,0,2,1,1,A01
200800059667,0,7,0,0,2,6,1,B01
200800059668,0,10,0,0,2,7,15,A01
200800059668,0,31,0,0,2,1,1,B01
200800059669,0,7,0,0,2,3,15,A01
200800059669,0,30,0,0,2,0,17,B01
200800059670,0,7,0,3,0,9,11,A01
200800059671,0,30,0,12,0,2,1,A01
200800059672,0,7,0,0,2,1,1,A01
200800059672,0,7,0,0,2,3,9,B01
200800059673,1,7,0,0,2,1,13,A01
200800059673,0,7,0,0,2,1,15,B01
200800059674,0,7,0,0,2,1,16,A01
200800059674,0,7,0,0,2,1,1,B01
200800059675,1,7,0,0,1,1,2,A01
200800059676,0,7,0,0,2,1,1,A01
200800059676,0,7,0,0,2,9,1,B01
200800059676,0,14,0,0,0,4,0,C01
200800059677,0,7,0,0,2,1,1,A01
200800059677,0,7,0,1,0,4,23,B01
200800059678,0,7,0,0,2,1,1,A01
200800059678,0,7,0,0,0,5,1,B01
200800059679,0,10,0,0,2,8,5,A01
200800059679,0,33,0,0,2,1,17,B01
200800059679,0,7,0,0,2,6,21,C01
200800059679,0,7,0,0,2,2,21,D01
200800059680,0,7,0,0,2,3,1,A01
200800059680,0,15,0,0,0,6,1,B01
200800059681,0,7,0,0,1,1,1,A01
200800059682,0,7,0,0,2,8,15,A01
200800059682,0,33,0,0,2,7,1,B01
200800059683,0,7,0,0,2,2,2,A01
200800059683,0,33,0,0,0,6,2,B01
200800059684,0,33,0,0,2,1,17,A01
200800059684,1,30,0,0,2,1,1,B01
200800059685,0,7,0,1,0,1,1,A01
200800059686,0,7,0,0,2,3,13,A01
200800059686,0,7,0,0,2,3,1,B01
200800059687,0,7,0,0,2,1,2,A01
200800059687,0,7,0,0,1,4,2,B01
200800059687,0,7,0,0,2,4,2,C01
200800059688,0,7,0,0,2,1,0,A01
200800059688,0,1,0,0,2,0,0,B01
200800059689,0,7,0,0,2,8,15,B01
200800059689,0,2,0,0,2,1,17,A01
200800059690,0,7,0,12,0,2,1,A01
200800059691,0,7,0,0,1,3,20,A01
200800059692,0,7,0,0,2,1,1,A01
200800059692,0,7,0,0,2,1,1,B01
200800059693,0,7,0,0,2,1,16,B01
200800059693,0,7,0,0,2,2,1,A01
200800059694,0,32,0,0,2,1,2,A01
200800059694,0,1,0,0,2,8,15,B01
200800059695,0,7,0,0,2,3,19,A01
200800059695,0,7,0,0,2,2,1,B01
200800059696,0,7,0,0,2,1,1,A01
200800059696,0,1,0,0,2,8,19,B01
200800059697,0,1,0,0,1,1,1,A01
200800059698,0,7,0,0,2,1,1,B01
200800059698,0,7,0,0,2,7,1,A01
200800059699,0,7,0,0,2,7,15,A01
200800059699,0,30,0,0,2,1,1,B01
200800059700,0,2,0,0,2,1,1,A01
200800059700,0,7,0,0,2,4,1,B01
200800059701,0,7,0,0,2,2,17,A01
200800059701,0,30,0,0,2,8,15,B01
200800059702,0,7,0,0,2,5,20,A01
200800059702,0,2,0,0,2,1,1,B01
200800059703,0,7,0,0,2,3,19,A01