Num_Acc,senc,catv,occutc,obs,obsm,choc,manv,num_veh
200800059703,0,2,0,0,2,1,1,B01
200800059704,0,7,0,0,2,2,1,A01
200800059704,0,1,0,0,0,1,19,B01
200800059705,0,7,0,0,0,3,13,A01
200800059705,0,33,0,0,2,1,1,B01
200800059706,0,34,0,0,2,1,1,B01
200800059706,0,7,0,0,0,8,10,A01
200800059707,0,7,0,0,2,1,15,A01
200800059707,0,30,0,0,2,1,1,B01
200800059708,0,2,0,0,2,1,1,A01
200800059708,0,7,0,0,2,6,15,B01
200800059709,0,7,0,0,1,2,15,A01
200800059710,0,1,0,0,2,1,1,B01
200800059710,0,7,0,0,2,3,15,A01
200800059711,0,2,0,0,2,1,5,A01
200800059711,0,7,0,0,2,2,1,B01
200800059712,0,2,0,0,2,1,17,A01
200800059712,0,7,0,0,2,8,15,B01
200800059713,0,30,0,0,0,8,15,A01
200800059713,0,2,0,0,2,1,17,B01
200800059714,0,7,0,0,2,3,1,B01
200800059714,0,7,0,7,2,1,1,A01
200800059715,0,7,0,6,0,1,15,A01
200800059716,0,7,0,0,2,8,1,B01
200800059716,0,7,0,0,2,1,1,A01
200800059717,0,7,0,0,2,1,1,A01
200800059717,2,7,0,0,2,1,1,B01
200800059718,0,7,0,0,2,1,1,A01
200800059718,0,7,0,0,2,1,1,B01
200800059719,0,7,0,0,2,3,1,A01
200800059720,0,2,0,0,2,1,1,A01
200800059720,0,7,0,0,2,7,16,B01
200800059721,0,7,0,0,2,3,10,A01
200800059721,0,30,0,0,2,1,1,B01
200800059722,0,20,0,0,2,7,1,A01
200800059723,0,7,0,0,2,3,19,A01
200800059723,0,2,0,0,2,3,1,B01
200800059724,0,7,0,0,2,1,1,A01
200800059724,0,7,0,0,2,1,1,B01
200800059725,0,10,0,0,2,3,1,A01
200800059726,1,7,0,0,2,0,0,A01
200800059727,0,7,0,0,2,1,15,A01
200800059727,0,1,0,0,2,1,1,B01
200800059728,0,7,0,0,2,7,1,A01
200800059729,0,33,0,0,2,1,1,A01
200800059730,0,33,0,0,2,1,21,A01
200800059730,0,1,0,0,2,0,19,B01
200800059730,0,7,0,0,2,8,23,C01
200800059731,0,7,0,0,2,7,10,A01
200800059731,0,33,0,0,2,1,1,B01
200800059732,0,7,0,0,2,3,15,A01
200800059732,0,7,0,0,2,2,1,B01
200800059733,0,33,0,0,2,1,1,A01
200800059733,0,7,0,0,2,8,15,B01
200800059734,0,7,0,0,2,1,1,A01
200800059734,0,7,0,0,2,4,23,B01
200800059734,0,7,0,0,2,4,23,C01
200800059735,0,33,0,0,2,4,1,A01
200800059735,0,33,0,0,2,1,1,B01
200800059736,0,33,0,0,2,8,1,A01
200800059737,0,33,0,0,2,1,1,A01
200800059737,0,7,0,0,2,4,1,B01
200800059738,0,7,0,0,2,8,10,A01
200800059738,0,7,0,0,2,1,17,B01
200800059739,1,7,0,0,2,0,0,B01
200800059739,0,2,0,0,2,1,1,A01
200800059740,0,7,0,0,2,3,0,A01
200800059740,0,1,0,0,2,1,0,B01
200800059741,0,7,0,0,2,1,15,A01
200800059741,0,2,0,0,2,8,1,B01
200800059742,0,7,0,0,2,3,9,A01
200800059742,0,33,0,0,2,1,1,B01
200800059743,0,2,0,0,2,1,1,B01
200800059743,0,7,0,0,2,7,1,A01
200800059744,0,7,0,0,2,1,1,A01
200800059744,1,7,0,0,2,1,0,B01
200800059745,0,7,0,0,1,1,1,A01
200800059746,0,7,0,0,2,7,1,B01
200800059746,0,1,0,0,2,1,19,A01
200800059747,0,7,0,0,1,5,4,A01
200800059748,0,2,0,0,2,2,1,B01
200800059748,0,7,0,0,2,3,15,A01
200800059749,0,7,0,0,1,1,1,A01
200800059750,0,7,0,0,2,7,16,A01
200800059750,0,2,0,0,2,3,16,B01
200800059751,0,33,0,0,2,7,9,A01
200800059751,0,7,0,0,2,3,1,B01
200800059752,0,1,0,1,0,0,0,A01
200800059753,0,7,0,0,2,1,19,A01
200800059753,0,2,0,0,2,7,1,B01
200800059754,0,7,0,0,0,9,1,A01
200800059755,0,7,0,0,1,2,1,A01
200800059756,0,7,0,0,2,7,16,A01
200800059756,0,7,0,3,2,1,1,B01
200800059757,0,7,0,0,2,1,17,A01
200800059757,0,7,0,0,2,1,1,B01
200800059757,0,7,0,0,2,3,1,C01
200800059758,0,7,0,0,1,0,1,A01
200800059759,0,33,0,0,2,1,1,A01
200800059759,0,7,0,0,2,3,9,B01
200800059760,0,10,0,0,2,1,1,A01
200800059760,0,7,0,0,2,3,1,B01
200800059761,0,7,0,2,0,1,1,A01
200800059762,0,7,0,2,0,3,2,A01
200800059762,0,7,0,2,2,0,2,B01
200800059763,0,7,0,0,1,3,2,A01
200800059764,0,2,0,0,2,1,1,B01
200800059764,0,7,0,0,2,1,19,A01
200800059765,0,7,0,0,2,1,1,A01
200800059765,0,7,0,0,2,4,1,B01
200800059766,0,2,0,0,2,1,19,A01
200800059766,0,7,0,0,2,8,19,B01
200800059767,0,7,0,0,1,8,2,A01
200800059768,0,2,0,13,0,1,1,A01
200800059769,0,7,0,0,2,1,15,A01
200800059769,0,7,0,0,2,8,1,B01
200800059770,0,1,0,0,2,3,15,B01
200800059770,0,34,0,0,2,1,1,A01
200800059771,0,33,0,0,0,1,0,A01
200800059772,0,13,0,0,2,1,1,A01
200800059772,0,7,0,0,2,1,15,B01
200800059773,0,7,0,0,2,1,1,A01
200800059774,0,2,0,0,2,1,1,A01
200800059774,0,7,0,0,2,6,0,B01
200800059775,0,7,0,0,2,1,1,A01
200800059775,0,1,0,0,2,8,17,B01
200800059776,0,7,0,13,0,1,1,A01
200800059777,0,7,0,0,1,1,1,A01
200800059778,0,7,0,0,0,7,15,A01
200800059778,0,32,0,0,2,1,1,B01
200800059779,0,30,0,0,2,1,2,A01
200800059779,0,7,0,0,2,6,2,B01
200800059780,0,7,0,0,0,3,1,B01
200800059780,0,33,0,0,2,1,1,A01
200800059780,0,33,0,6,0,1,1,C01
200800059781,0,33,0,0,2,1,11,A01
200800059781,0,7,0,0,2,3,0,B01
200800059782,0,33,0,0,2,8,1,B01
200800059782,0,7,0,0,0,7,15,A01
200800059783,0,7,0,0,2,1,1,B01
200800059783,0,7,0,0,2,1,5,A01
200800059784,0,7,0,0,2,1,1,B01
200800059784,0,7,0,0,2,1,17,A01
200800059785,0,1,0,1,0,1,13,A01
200800059785,0,7,0,0,0,6,23,B01
200800059786,0,7,0,0,0,1,1,B01
200800059786,0,7,0,0,0,1,1,A01
200800059787,0,33,0,0,0,7,0,A01
200800059788,0,1,0,0,2,5,19,A01
200800059788,0,7,0,0,2,2,1,B01
200800059789,0,30,0,0,2,0,9,B01
200800059789,0,2,0,0,2,0,2,A01
200800059790,0,30,0,12,0,0,13,A01
200800059791,0,7,0,0,1,0,4,A01
200800059792,0,33,0,0,2,1,1,B01
200800059792,0,7,0,0,2,2,15,A01
200800059793,0,7,0,1,1,2,17,A01
200800059794,0,32,0,0,0,8,3,A01
200800059795,0,31,0,0,2,1,1,B01
200800059795,0,7,0,0,9,7,15,A01
200800059796,0,1,0,0,2,1,19,A01
200800059796,0,7,0,0,2,2,1,B01
200800059797,0,33,0,0,2,1,1,A01
200800059797,0,7,0,0,2,3,15,B01
200800059798,0,34,0,0,2,1,2,A01
200800059798,0,7,0,0,0,4,2,B01
200800059798,0,7,0,0,0,3,0,C01
200800059799,0,7,0,0,2,7,0,B01
200800059799,0,7,0,0,2,3,1,A01
200800059800,0,7,0,8,0,2,1,A01
200800059801,0,7,0,0,2,8,19,A01
200800059801,0,7,0,0,2,1,1,B01
200800059802,0,2,0,0,2,1,1,B01
200800059802,0,7,0,0,2,5,15,A01
200800059803,0,30,0,0,0,7,1,A01
200800059804,0,7,0,0,2,7,9,A01
200800059804,0,2,0,0,2,0,1,B01
200800059805,0,7,0,0,2,1,16,A01
200800059805,0,7,0,0,2,1,1,B01
200800059806,0,7,0,0,2,1,1,A01
200800059806,0,7,0,0,2,4,1,B01
200800059807,0,7,0,0,2,1,1,A01
200800059807,0,7,0,0,2,4,1,B01
200800059808,0,32,0,0,2,1,2,B01
200800059808,0,7,0,15,0,1,14,A01
200800059809,0,33,0,0,1,1,1,A01
200800059810,0,7,0,0,2,4,11,B01
200800059810,0,33,0,0,2,1,1,A01
200800059811,0,7,0,0,1,3,15,A01
200800059812,0,7,0,0,2,4,1,B01
200800059812,0,34,0,0,2,8,2,A01
200800059813,0,33,0,0,0,1,0,B01
200800059813,0,7,0,0,0,6,0,A01
200800059814,0,33,0,0,2,4,2,B01
200800059814,0,7,0,0,2,2,2,A01
200800059815,1,7,0,0,2,7,2,A01
200800059815,0,30,0,0,2,7,2,B01
200800059816,0,7,0,0,0,4,2,B01
200800059816,0,7,0,0,2,1,2,A01
200800059817,0,7,0,0,2,2,9,A01
200800059817,0,17,0,0,2,6,13,B01
200800059818,0,7,0,0,1,2,1,A01
200800059819,0,32,0,0,6,0,1,A01
200800059820,0,10,0,0,0,0,2,C01
200800059820,0,7,0,0,0,8,2,B01
200800059820,0,33,0,0,2,1,2,A01
200800059821,0,32,0,0,2,4,9,B01
200800059821,0,7,0,0,2,1,1,A01
200800059822,1,7,0,0,2,6,15,A01
200800059822,0,30,0,0,2,1,1,B01
200800059823,0,7,0,0,1,1,1,A01
200800059824,0,7,0,0,2,4,2,C01
200800059824,0,7,0,0,2,4,2,B01
200800059824,0,10,0,0,2,1,2,A01
200800059825,0,1,0,0,2,1,2,B01
200800059825,0,7,0,0,9,5,1,A01
200800059826,0,7,0,0,1,4,4,A01
200800059827,2,7,0,0,2,1,16,A01
200800059827,0,2,0,0,2,6,23,B01
200800059828,0,30,0,0,2,3,21,B01
200800059828,0,7,0,0,2,2,1,A01
200800059829,0,2,0,0,2,2,1,B01
200800059829,0,7,0,0,2,3,10,A01
200800059830,0,7,0,0,0,0,15,A01
200800059830,0,33,0,1,0,1,1,B01
200800059831,0,31,0,0,2,1,12,B01
200800059831,0,7,0,0,0,3,20,A01
200800059832,0,7,0,0,0,0,0,A01
200800059833,0,7,0,0,0,4,1,C01
200800059833,0,7,0,0,0,0,0,B01
200800059833,0,7,0,0,0,0,0,A01
200800059834,0,7,0,0,2,4,1,B01
200800059834,0,7,0,0,2,1,2,A01
200800059835,0,2,0,0,1,1,16,A01
200800059836,0,2,0,0,1,1,1,A01
200800059837,0,30,0,0,2,1,1,B01
200800059837,0,7,0,0,2,2,15,A01
200800059838,0,32,0,0,0,1,0,B01
200800059838,0,7,0,0,0,2,11,A01
200800059839,0,37,15,0,1,2,1,A01
200800059840,0,10,0,0,0,0,24,B01
200800059840,0,7,0,0,1,2,1,A01
200800059841,0,30,0,0,2,1,9,A01
200800059841,0,7,0,0,0,7,2,B01
200800059842,0,30,0,1,0,0,0,A01
200800059843,0,7,0,0,0,3,9,B01
200800059843,0,2,0,0,2,1,1,A01
200800059844,0,7,0,0,0,4,1,B01
200800059844,0,7,0,0,2,1,1,A01
200800059845,0,10,0,0,2,6,1,B01
200800059845,0,30,0,0,2,3,1,A01
200800059846,0,7,0,0,0,1,11,A01
200800059847,0,2,0,0,2,8,1,B01
200800059847,0,7,0,0,2,3,15,A01
200800059848,0,33,0,0,2,1,23,B01
200800059848,0,7,0,0,2,8,1,A01
200800059849,0,37,0,0,1,3,24,B01
200800059849,0,37,0,0,1,8,1,A01
200800059850,0,34,0,0,1,3,2,A01
200800059851,0,7,0,0,2,2,19,A01
200800059851,0,7,0,0,2,3,1,B01
200800059851,0,10,0,0,2,6,23,C01
200800059852,0,7,0,0,2,0,15,A01
200800059852,0,33,0,0,2,1,0,B01
200800059853,0,7,0,0,2,3,1,A01
200800059853,0,7,0,0,2,5,16,B01
200800059854,0,7,0,0,2,7,16,A01
200800059854,0,2,0,0,2,3,16,B01
200800059855,0,2,0,0,2,1,0,A01
200800059855,0,37,1,0,2,3,0,B01
200800059856,0,7,0,0,2,1,1,B01
200800059856,0,2,0,0,2,1,7,A01
200800059857,0,7,0,0,2,3,15,A01
200800059857,0,33,0,0,2,1,1,B01
200800059858,0,7,0,0,2,4,0,A01
200800059858,0,7,0,0,2,1,0,B01
200800059859,2,7,0,0,2,2,15,A01
200800059859,0,7,0,7,2,1,1,B01
200800059860,0,7,0,0,2,2,3,A01
200800059860,0,7,0,0,2,6,1,B01
200800059861,0,7,0,0,2,7,1,A01
200800059861,0,30,0,0,2,1,0,B01
200800059862,0,7,0,0,2,1,1,A01
200800059862,0,7,0,0,2,2,15,B01
200800059863,0,7,0,8,0,1,14,A01
200800059864,0,31,0,0,2,1,1,B01
200800059864,0,7,0,0,2,7,21,C01
200800059864,0,7,0,0,2,3,19,A01
200800059865,1,31,0,0,2,1,1,A01
200800059865,0,1,0,0,2,8,1,B01
200800059866,0,7,0,0,2,3,1,A01
200800059866,0,30,0,0,2,1,1,B01
200800059867,0,7,0,0,1,2,1,A01
200800059868,0,7,0,0,2,8,15,A01
200800059868,0,33,0,0,2,7,17,B01
200800059869,0,7,0,0,1,1,1,A01
200800059870,0,7,0,0,2,3,1,A01
200800059870,0,7,0,0,2,3,1,B01
200800059871,0,7,0,0,2,3,15,A01
200800059871,0,2,0,0,2,8,1,B01
200800059872,0,7,0,0,2,3,15,A01
200800059872,0,31,0,0,2,8,1,B01
200800059873,0,7,0,0,0,3,9,A01
200800059873,0,33,0,0,1,1,17,B01
200800059874,0,7,0,0,1,1,1,A01
200800059875,0,30,0,0,2,7,9,A01
200800059875,1,7,0,0,0,7,1,B01
200800059876,0,33,0,1,0,7,1,A01
200800059877,0,30,0,0,2,1,17,A01
200800059877,0,7,0,0,2,1,11,B01
200800059878,0,7,0,0,2,2,9,A01
200800059878,0,1,0,0,2,7,19,B01
200800059879,0,7,0,9,0,1,1,A01
200800059880,0,7,0,0,1,1,20,A01
200800059881,0,7,0,0,2,3,9,A01
200800059881,0,31,0,0,2,1,2,B01
200800059882,0,7,0,0,2,8,2,A01
200800059882,0,31,0,0,2,1,2,B01
200800059883,0,1,0,1,0,1,14,A01
200800059884,0,7,0,0,1,3,2,A01
200800059885,0,7,0,0,1,1,1,A01
200800059886,0,7,0,0,2,1,2,A01
200800059886,0,7,0,0,2,4,2,B01
200800059886,0,10,0,0,2,4,2,C01
200800059887,0,7,0,0,2,1,15,A01
200800059887,0,7,0,0,2,1,1,B01
200800059888,0,7,0,0,2,3,19,A01
200800059888,0,34,0,0,2,7,16,B01
200800059889,0,7,0,0,2,2,16,A01
200800059889,0,30,0,0,2,1,1,B01
200800059890,0,7,0,0,2,1,15,A01
200800059890,0,7,0,0,2,1,1,B01
200800059891,0,2,0,16,0,1,1,A01
200800059892,0,10,0,15,0,9,13,A01
200800059893,0,2,0,0,2,2,19,A01
200800059893,0,7,0,0,2,3,19,B01
200800059894,0,31,0,0,2,1,1,A01
200800059894,0,7,0,0,2,7,16,B01
200800059895,0,7,0,0,2,1,1,A01
200800059895,0,33,0,0,2,4,2,B01
200800059896,0,7,0,0,2,5,15,A01
200800059896,0,30,0,0,2,3,1,B01
200800059897,0,7,0,0,1,1,1,A01
200800059898,0,7,0,0,1,1,19,A01
200800059899,0,32,0,0,2,1,17,A01
200800059899,0,7,0,0,2,3,15,B01
200800059900,0,7,0,0,2,1,1,A01
200800059900,0,7,0,0,2,4,2,B01
200800059900,0,7,0,0,2,4,2,C01
200800059901,0,7,0,0,2,1,1,A01
200800059901,0,7,0,0,2,4,2,B01
200800059901,0,7,0,0,2,4,2,C01
200800059902,0,7,0,0,1,1,1,A01
200800059903,0,7,0,0,2,8,19,A01
200800059903,0,33,0,0,2,1,1,B01
200800059904,0,7,0,0,2,8,22,A01
200800059904,0,1,0,0,2,1,1,B01
200800059905,0,7,0,12,2,3,13,A01
200800059905,0,10,0,0,2,3,1,B01
200800059906,0,7,0,8,0,3,1,A01
200800059907,0,30,0,16,0,7,2,A01
200800059908,0,37,40,0,1,1,1,A01
200800059909,0,7,0,0,2,3,1,B01
200800059909,0,7,0,0,2,0,1,A01
200800059910,0,7,0,0,2,7,1,A01
200800059910,0,7,0,0,2,1,1,B01
200800059911,0,7,0,0,1,2,15,A01
200800059912,0,7,0,0,2,1,1,A01
200800059912,0,30,0,0,2,4,0,B01
200800059913,0,17,0,0,2,6,0,A01
200800059913,0,7,0,0,2,7,1,B01
200800059914,0,10,0,0,1,7,2,A01
200800059915,0,7,0,0,1,1,2,A01
200800059916,0,7,0,6,0,1,2,A01
200800059917,0,7,0,0,2,2,1,A01
200800059918,0,32,0,0,0,0,1,A01
200800059919,0,10,0,0,2,1,2,A01
200800059919,0,7,0,0,2,4,1,B01
200800059919,0,10,0,0,2,4,1,C01
200800059920,0,7,0,0,2,1,2,A01
200800059920,0,7,0,0,2,4,2,B01
200800059921,0,7,0,0,2,1,2,A01
200800059921,0,7,0,0,2,4,2,B01
200800059921,0,7,0,0,2,4,2,C01
200800059921,0,7,0,0,2,4,2,D01
200800059922,0,7,0,0,2,1,2,A01
200800059922,0,7,0,0,2,4,1,B01
200800059923,0,7,0,0,0,1,1,A01
200800059924,0,7,0,0,2,1,1,A01
200800059925,0,7,0,0,1,1,15,A01
200800059926,0,2,0,0,2,1,1,B01
200800059926,0,7,0,0,2,2,15,A01
200800059927,0,7,0,0,2,3,1,B01
200800059927,0,1,0,0,2,1,1,A01
200800059928,0,33,0,0,2,1,2,B01
200800059928,0,7,0,0,2,8,15,A01
200800059929,0,1,0,0,0,0,1,A01
200800059930,0,7,0,0,2,1,1,B01
200800059930,0,10,0,0,2,8,15,A01
200800059931,0,32,0,0,2,1,2,A01
200800059931,0,7,0,0,2,4,1,B01
200800059932,0,30,0,0,2,1,2,B01
200800059932,0,7,0,0,2,2,2,A01
200800059933,0,2,0,0,2,1,2,A01
200800059933,0,7,0,0,2,3,2,B01
200800059934,0,7,0,0,2,3,11,A01
200800059934,0,33,0,0,2,7,1,B01
200800059935,0,7,0,0,2,8,11,A01
200800059935,0,7,0,0,2,8,11,B01
200800059936,0,7,0,0,1,8,23,B01
200800059936,0,7,0,0,1,1,15,A01
200800059937,0,14,0,0,2,2,12,A01
200800059937,0,7,0,0,2,8,1,B01
200800059938,0,7,0,7,0,1,0,A01
200800059939,0,7,0,0,2,4,2,A01
200800059939,0,7,0,0,2,4,23,B01
200800059939,0,7,0,0,2,1,1,C01
200800059940,0,10,0,0,2,4,4,A01
200800059940,0,7,0,0,2,5,0,B01
200800059941,0,2,0,1,0,1,1,A01
200800059942,0,30,0,0,2,1,17,A01
200800059942,0,7,0,0,2,8,15,B01
200800059943,0,7,0,0,2,9,1,A01
200800059944,0,32,0,16,0,8,2,A01
200800059945,0,7,0,0,2,1,2,A01
200800059945,0,7,0,0,2,1,2,B01
200800059945,0,7,0,0,2,4,2,C01
200800059946,0,33,0,0,1,8,2,A01
200800059947,0,7,0,0,2,1,15,A01
200800059947,0,30,0,0,2,1,1,B01
200800059948,0,33,0,0,0,0,1,A01
200800059949,0,7,0,9,0,1,5,A01
200800059950,0,33,0,0,2,1,2,B01
200800059950,0,7,0,0,2,8,15,A01
200800059951,0,7,0,0,2,2,15,A01
200800059951,0,7,0,0,2,1,1,B01
200800059952,0,7,0,0,2,4,2,A01
200800059952,0,7,0,0,2,8,2,B01
200800059953,0,7,0,0,2,1,2,A01
200800059953,0,7,0,0,2,4,2,B01
200800059954,0,20,0,0,1,2,20,A01
200800059955,0,30,0,16,0,1,2,A01
200800059956,0,7,0,13,0,1,2,A01
200800059957,0,7,0,16,0,1,2,A01
200800059958,0,7,0,0,2,8,2,A01
200800059958,0,30,0,0,2,1,2,B01
200800059959,0,30,0,0,2,1,2,A01
200800059959,0,7,0,0,2,4,2,B01
200800059960,0,7,0,0,1,3,16,A01
200800059961,0,7,0,0,1,1,1,A01
200800059962,0,7,0,0,2,1,1,B01
200800059962,0,7,0,0,2,7,15,A01
200800059963,0,30,0,11,0,1,2,A01
200800059964,0,7,0,0,1,1,17,A01
200800059965,0,7,0,0,2,1,15,A01
200800059966,0,2,0,0,0,9,1,A01
200800059967,0,7,0,0,2,3,15,A01
200800059967,0,7,0,0,2,3,1,B01
200800059968,0,7,0,0,0,1,1,A01
200800059969,0,7,0,0,2,3,0,A01
200800059969,0,10,0,0,2,3,1,B01
200800059970,0,7,0,0,2,3,15,B01
200800059970,0,10,0,0,2,1,1,A01
200800059970,0,37,20,0,2,1,23,C01
200800059971,0,7,0,0,2,1,1,A01
200800059971,0,7,0,0,2,1,0,B01
200800059971,0,7,0,0,2,4,1,C01
200800059972,0,7,0,0,2,1,1,A01
200800059972,0,7,0,0,2,4,0,B01
200800059973,0,7,0,1,0,1,1,A01
200800059974,1,7,0,0,1,0,1,A01
200800059975,0,7,0,0,2,3,19,A01
200800059975,0,2,0,0,2,2,17,B01
200800059976,0,7,0,0,1,1,1,A01
200800059977,0,7,0,0,2,3,9,A01
200800059977,0,1,0,0,2,1,1,B01
200800059977,0,1,0,0,2,1,1,C01
200800059978,0,2,0,0,2,8,1,A01
200800059978,0,7,0,0,2,3,1,B01
200800059979,0,7,0,0,2,1,1,A01
200800059979,0,7,0,0,2,3,0,B01
200800059980,0,10,0,0,2,3,13,A01
200800059980,0,7,0,0,2,3,1,B01
200800059981,0,7,0,0,1,7,1,A01
200800059982,0,7,0,0,1,3,1,A01
200800059983,0,7,0,0,2,1,1,A01
200800059983,0,7,0,0,2,4,1,B01
200800059984,0,7,0,0,1,3,15,A01
200800059985,0,7,0,0,1,1,1,A01
200800059986,0,33,0,8,0,1,1,A01
200800059987,0,7,0,0,2,3,19,A01
200800059987,0,7,0,0,2,7,1,B01
200800059988,0,7,0,0,2,3,19,A01
200800059988,0,7,0,0,2,2,1,B01
200800059989,0,2,0,0,2,1,1,B01
200800059989,0,7,0,0,2,1,1,A01
200800059990,0,1,0,0,0,0,1,A01
200800059991,0,7,0,0,9,2,0,B01
200800059991,0,1,0,0,2,1,1,A01
200800059992,0,2,0,0,2,2,5,A01
200800059992,0,10,0,0,2,7,15,B01
200800059993,0,7,0,0,0,1,0,A01
200800059993,0,1,0,0,0,4,0,B01
200800059994,0,7,0,0,0,3,20,A01
200800059994,0,7,0,0,0,2,16,B01
200800059995,0,1,0,0,0,0,1,A01
200800059996,0,7,0,0,0,0,0,A01
200800059997,0,7,0,0,2,2,0,A01
200800059997,0,7,0,0,2,8,0,B01
200800059998,0,7,0,0,2,5,15,A01
200800059998,0,7,0,0,2,2,1,B01
200800059999,0,7,0,0,0,4,2,C01
200800059999,0,7,0,0,0,0,2,B01
200800059999,0,7,0,0,0,1,2,A01
200800060000,0,7,0,12,0,3,6,A01
200800060001,0,99,0,0,2,2,15,A01
200800060001,0,7,0,0,2,1,1,B01
200800060002,0,7,0,0,0,7,15,A01
200800060002,0,7,0,0,0,2,1,B01
200800060003,0,7,0,0,2,7,0,B01
200800060003,0,7,0,0,2,1,0,A01
200800060004,0,7,0,0,1,7,2,A01
200800060005,0,7,0,0,1,3,15,A01
200800060006,0,10,0,0,2,8,11,A01
200800060006,0,2,0,0,2,7,17,B01
200800060007,0,7,0,0,0,1,0,A01
200800060007,0,7,0,0,0,3,1,B01
200800060008,0,2,0,0,2,7,2,B01
200800060008,0,7,0,0,2,3,11,A01
200800060009,0,7,0,0,2,4,2,C01
200800060009,0,7,0,0,2,1,2,A01
200800060009,0,7,0,0,2,4,2,B01
200800060010,0,7,0,12,0,9,0,A01
200800060011,0,10,0,0,0,1,2,A01
200800060011,0,7,0,0,2,4,2,B01
200800060011,0,7,0,0,1,4,2,C01
200800060012,0,7,0,0,1,1,0,A01
200800060013,0,32,0,0,0,8,1,A01
200800060014,0,7,0,0,0,1,1,A01
200800060015,0,30,0,0,2,1,2,A01
200800060015,0,7,0,0,2,4,11,B01
200800060016,0,7,0,0,2,5,1,B01
200800060016,0,2,0,0,2,1,1,A01
200800060017,0,7,0,8,2,1,13,A01
200800060017,0,33,0,0,2,1,1,B01
200800060018,0,33,0,0,2,1,11,A01
200800060018,0,10,0,0,2,6,11,B01
200800060019,0,31,0,0,2,1,21,B01
200800060019,0,7,0,0,2,2,15,A01
200800060020,0,32,0,0,2,1,2,A01
200800060020,0,7,0,0,0,6,15,B01
200800060021,0,7,0,0,2,2,1,B01
200800060021,0,30,0,0,2,1,1,A01
200800060022,0,7,0,0,1,1,1,A01
200800060023,0,7,0,0,2,2,9,A01
200800060023,0,2,0,0,2,7,1,B01
200800060024,0,7,0,0,2,3,14,A01
200800060024,0,7,0,0,2,3,13,B01
200800060025,0,2,0,0,2,2,9,A01
200800060025,0,7,0,0,2,3,1,B01
200800060026,0,7,0,0,2,3,5,A01
200800060026,0,7,0,0,2,3,1,B01
200800060027,0,2,0,0,2,1,1,B01
200800060027,0,7,0,1,2,2,9,A01
200800060028,0,30,0,1,2,1,1,B01
200800060028,0,7,0,1,2,3,9,A01
200800060029,0,2,0,16,0,0,1,A01
200800060030,0,31,0,0,1,1,1,A01
200800060031,0,32,0,0,2,2,6,A01
200800060031,0,7,0,0,2,3,15,B01
200800060032,0,35,0,0,2,1,5,A01
200800060032,0,7,0,0,2,1,1,B01
200800060033,0,7,0,0,1,1,1,A01
200800060034,0,7,0,0,9,2,15,A01
200800060034,0,33,0,0,2,9,17,B01
200800060035,0,7,0,0,2,1,1,B01
200800060035,0,7,0,0,2,6,9,A01
200800060036,0,7,0,0,1,1,1,A01
200800060037,0,7,0,0,0,0,0,A01
200800060037,0,30,0,0,0,0,0,B01
200800060038,0,13,0,0,2,8,1,A01
200800060038,0,32,0,0,2,1,0,B01
200800060039,1,7,0,0,1,2,1,A01
200800060040,0,7,0,0,1,1,1,A01
200800060041,0,7,0,0,2,2,1,B01
200800060041,0,1,0,0,2,1,1,A01
200800060042,0,7,0,6,0,1,1,A01
200800060043,0,7,0,0,2,1,1,A01
200800060043,0,33,0,0,2,4,1,B01
200800060044,0,7,0,0,2,8,1,A01
200800060044,0,7,0,0,2,3,1,C01
200800060044,0,10,0,0,2,1,1,B01
200800060045,0,7,0,0,2,2,1,B01
200800060045,0,32,0,0,2,3,9,A01
200800060046,0,7,0,0,1,2,15,A01
200800060047,0,7,0,4,0,2,0,A01
200800060048,0,7,0,4,0,3,1,A01
200800060049,0,7,0,0,0,0,1,A01
200800060050,0,2,0,0,2,1,18,A01
200800060050,0,7,0,0,2,2,20,B01
200800060051,0,7,0,0,2,3,20,A01
200800060051,0,7,0,0,2,3,1,B01
200800060052,0,7,0,0,1,2,1,A01
200800060053,0,7,0,0,9,3,1,A01
200800060054,0,7,0,0,2,2,1,B01
200800060054,0,30,0,0,2,1,1,A01
200800060055,0,7,0,9,0,3,13,A01
200800060056,0,7,0,0,2,6,15,B01
200800060056,0,33,0,0,2,1,17,A01
200800060057,0,7,0,3,0,3,15,A01
200800060058,0,7,0,0,2,3,15,B01
200800060058,0,7,0,0,2,3,1,A01
200800060059,0,7,0,0,2,2,19,B01
200800060059,0,99,0,0,2,1,0,A01
200800060060,0,7,0,0,2,4,23,B01
200800060060,0,7,0,1,0,1,2,A01
200800060061,0,7,0,0,0,4,1,B01
200800060061,0,7,0,0,2,1,1,A01
200800060062,0,2,0,0,9,3,1,B01
200800060062,0,1,0,0,2,8,15,A01
200800060063,0,7,0,0,2,3,0,A01
200800060063,0,31,0,0,2,7,0,B01
200800060064,0,31,0,0,0,1,1,A01
200800060065,0,7,0,0,2,3,0,B01
200800060065,0,30,0,0,2,7,0,A01
200800060066,0,7,0,0,1,0,0,A01
200800060067,0,37,0,0,1,2,0,A01
200800060068,0,7,0,0,0,3,1,A01
200800060069,1,10,0,0,2,2,1,A01
200800060069,0,7,0,0,0,3,20,B01
200800060070,0,7,0,0,9,1,0,A01
200800060070,0,1,0,0,2,1,19,B01
200800060071,0,34,0,0,2,1,0,A01
200800060071,0,7,0,0,2,5,0,B01
200800060072,0,7,0,0,9,1,1,A01