Num_Acc,senc,catv,occutc,obs,obsm,choc,manv,num_veh
200800060072,0,1,0,0,2,7,1,B01
200800060073,0,10,0,0,2,8,11,A01
200800060073,0,33,0,0,2,7,1,B01
200800060074,0,7,0,0,1,2,0,A01
200800060075,0,33,0,0,2,1,1,A01
200800060075,0,7,0,0,2,6,10,B01
200800060076,0,7,0,0,1,1,1,A01
200800060077,0,7,0,0,2,3,20,A01
200800060077,0,30,0,1,2,3,17,B01
200800060078,0,10,0,0,2,0,1,A01
200800060078,0,7,0,1,9,9,20,B01
200800060079,0,7,0,0,2,1,9,A01
200800060079,0,13,0,0,2,1,1,B01
200800060080,0,7,0,0,2,7,13,A01
200800060080,0,1,0,0,2,8,2,B01
200800060081,0,7,0,1,0,2,1,A01
200800060082,0,7,0,0,2,2,18,A01
200800060082,0,31,0,0,2,8,12,B01
200800060083,0,7,0,0,2,3,9,A01
200800060083,0,33,0,0,2,1,1,B01
200800060084,0,33,0,0,0,0,1,A01
200800060085,0,7,0,0,2,6,2,A01
200800060085,0,33,0,0,2,1,2,B01
200800060086,0,7,0,0,2,4,16,A01
200800060086,0,2,0,0,2,1,2,B01
200800060087,0,7,0,0,2,7,20,A01
200800060087,0,2,0,0,2,3,1,B01
200800060088,0,33,0,0,0,8,1,A01
200800060089,0,7,0,0,2,8,10,A01
200800060089,0,7,0,0,2,1,1,B01
200800060090,0,7,0,0,2,3,16,A01
200800060090,0,7,0,0,2,8,1,B01
200800060091,0,7,0,0,2,3,15,A01
200800060091,0,32,0,0,2,3,1,B01
200800060092,0,7,0,0,2,2,15,A01
200800060092,0,33,0,0,2,7,1,B01
200800060093,0,7,0,0,2,1,1,A01
200800060093,0,1,0,0,2,1,1,B01
200800060094,0,7,0,0,2,1,15,A01
200800060094,0,31,0,0,2,1,1,B01
200800060095,0,7,0,0,2,1,15,A01
200800060095,0,1,0,0,2,1,1,B01
200800060096,0,30,0,0,2,1,2,A01
200800060096,0,7,0,0,2,4,2,B01
200800060097,0,7,0,0,0,1,1,B01
200800060097,0,7,0,15,2,1,19,A01
200800060098,0,7,0,0,2,3,16,B01
200800060098,0,30,0,0,2,1,17,A01
200800060098,0,7,0,0,2,1,2,C01
200800060099,0,2,0,0,2,1,1,B01
200800060099,0,7,0,0,2,2,15,A01
200800060100,0,7,0,0,2,7,19,A01
200800060100,0,34,0,0,2,1,1,B01
200800060101,0,7,0,0,2,8,0,B01
200800060101,0,2,0,0,2,0,0,A01
200800060102,0,7,0,0,1,1,1,A01
200800060103,0,7,0,0,1,3,1,A01
200800060104,0,7,0,0,2,5,2,A01
200800060104,0,33,0,7,2,3,2,B01
200800060105,0,7,0,0,2,2,2,A01
200800060105,0,7,0,12,2,6,2,B01
200800060106,0,10,0,0,1,1,1,A01
200800060107,0,7,0,0,1,2,1,A01
200800060108,0,7,0,0,1,1,1,A01
200800060109,0,10,0,0,2,5,10,A01
200800060109,0,34,0,0,2,1,21,B01
200800060110,0,7,0,0,0,4,1,B01
200800060110,0,7,0,0,2,1,1,A01
200800060111,0,7,0,0,1,4,4,A01
200800060112,0,10,0,0,2,3,9,A01
200800060112,0,30,0,0,2,1,1,B01
200800060113,0,7,0,0,9,3,1,A01
200800060113,0,1,0,14,0,3,1,B01
200800060114,0,7,0,0,1,1,0,A01
200800060115,0,7,0,0,2,4,0,B01
200800060115,0,31,0,0,2,1,2,A01
200800060116,0,7,0,0,1,1,17,A01
200800060117,0,15,0,0,1,7,16,A01
200800060117,0,1,0,0,2,1,0,B01
200800060118,0,1,0,0,2,0,9,A01
200800060118,0,32,0,0,9,7,21,B01
200800060119,0,7,0,0,2,4,23,C01
200800060119,0,10,0,0,2,1,0,A01
200800060119,0,7,0,0,2,4,23,B01
200800060120,0,10,0,0,2,3,15,A01
200800060120,0,30,0,0,2,1,0,B01
200800060121,0,7,0,0,2,8,15,A01
200800060121,0,1,0,0,2,1,1,B01
200800060122,2,7,0,0,1,1,0,A01
200800060123,0,32,0,0,2,7,0,A01
200800060123,1,30,0,0,2,0,0,B01
200800060124,1,7,0,0,1,1,1,A01
200800060125,0,7,0,0,2,3,9,A01
200800060125,0,31,0,0,2,1,0,B01
200800060126,1,7,0,0,1,2,1,A01
200800060127,0,7,0,0,2,4,2,B01
200800060127,0,38,55,0,2,1,2,A01
200800060128,0,38,48,0,2,1,2,A01
200800060128,0,7,0,0,2,5,15,B01
200800060129,0,7,0,0,2,5,23,B01
200800060129,0,7,0,0,2,3,2,A01
200800060130,0,10,0,0,0,1,1,A01
200800060131,0,7,0,0,1,2,16,A01
200800060132,0,7,0,0,2,3,1,A01
200800060132,0,7,0,0,2,2,1,B01
200800060133,0,7,0,0,1,1,1,A01
200800060134,0,32,0,0,1,1,1,A01
200800060135,0,7,0,0,2,4,0,A01
200800060135,0,2,0,0,2,1,0,B01
200800060136,0,37,12,0,9,7,1,A01
200800060137,0,32,0,0,2,1,1,A01
200800060137,1,7,0,0,2,8,15,B01
200800060138,0,10,0,0,1,1,1,A01
200800060139,0,32,0,0,2,7,1,A01
200800060139,0,7,0,0,2,7,1,B01
200800060140,0,33,0,0,2,1,1,A01
200800060140,0,7,0,0,2,3,15,B01
200800060141,1,33,0,0,1,1,17,A01
200800060142,0,2,0,0,2,0,1,B01
200800060142,1,7,0,0,2,0,15,A01
200800060143,0,7,0,0,2,8,9,A01
200800060143,0,2,0,0,2,1,1,B01
200800060144,0,7,0,0,2,2,0,A01
200800060144,0,32,0,0,2,8,19,B01
200800060145,0,7,0,0,2,1,2,A01
200800060145,0,7,0,0,2,4,23,B01
200800060146,0,1,0,0,0,1,2,B01
200800060146,0,7,0,0,0,0,15,A01
200800060147,0,30,0,0,2,0,2,A01
200800060147,0,7,0,0,0,3,7,B01
200800060148,0,7,0,0,1,1,15,A01
200800060149,0,7,0,0,0,8,24,A01
200800060149,0,20,0,0,0,2,1,B01
200800060150,0,31,0,0,2,1,6,A01
200800060150,0,7,0,0,2,3,15,B01
200800060151,0,7,0,0,1,1,0,A01
200800060152,0,7,0,0,2,3,9,A01
200800060152,0,30,0,0,2,7,17,B01
200800060153,0,10,0,0,2,8,10,A01
200800060153,0,33,0,0,2,1,1,B01
200800060154,0,32,0,0,2,2,17,A01
200800060154,0,34,0,0,2,8,23,B01
200800060155,0,10,0,14,2,5,1,B01
200800060155,0,7,0,0,2,1,1,A01
200800060156,0,7,0,0,2,1,2,A01
200800060156,0,7,0,0,2,4,2,B01
200800060157,0,33,0,0,2,1,2,A01
200800060157,0,7,0,0,2,4,2,B01
200800060158,0,7,0,0,2,3,15,A01
200800060158,0,32,0,0,2,2,17,B01
200800060159,0,99,0,0,2,3,2,A01
200800060159,0,33,0,0,2,1,1,B01
200800060160,0,7,0,0,0,6,23,A01
200800060160,0,7,0,14,2,4,23,B01
200800060160,0,7,0,0,2,1,2,C01
200800060161,0,2,0,1,2,7,1,A01
200800060161,0,7,0,0,2,2,9,B01
200800060162,0,33,0,0,2,1,1,A01
200800060162,0,10,0,0,2,4,24,B01
200800060163,0,7,0,0,2,3,10,A01
200800060163,0,33,0,0,2,7,17,B01
200800060164,0,10,0,0,2,2,1,A01
200800060164,0,32,0,0,2,8,1,B01
200800060165,0,10,0,0,2,3,10,A01
200800060165,0,33,0,0,2,1,2,B01
200800060166,0,7,0,0,1,4,20,A01
200800060167,0,32,0,0,1,1,1,A01
200800060168,0,7,0,0,1,7,2,A01
200800060169,1,10,0,0,1,4,4,A01
200800060170,0,7,0,0,2,3,15,A01
200800060170,0,30,0,0,2,7,2,B01
200800060171,0,7,0,0,2,1,15,A01
200800060171,0,7,0,0,2,3,2,B01
200800060172,0,7,0,0,2,1,2,A01
200800060172,0,7,0,0,2,4,2,B01
200800060173,0,7,0,0,2,6,15,A01
200800060173,0,33,0,0,2,1,1,B01
200800060174,0,7,0,0,2,3,11,A01
200800060174,0,33,0,0,2,7,1,B01
200800060175,0,7,0,0,2,2,17,A01
200800060175,0,7,0,0,2,6,2,B01
200800060176,0,7,0,0,2,3,1,B01
200800060176,1,32,0,0,2,1,15,A01
200800060177,0,33,0,0,2,1,1,B01
200800060177,0,7,0,0,2,2,15,A01
200800060178,0,7,0,0,2,4,2,A01
200800060178,0,7,0,1,0,1,2,B01
200800060179,0,30,0,0,2,1,1,B01
200800060179,0,7,0,0,2,3,9,A01
200800060180,0,7,0,0,1,2,1,A01
200800060181,0,7,0,0,1,4,4,A01
200800060182,0,7,0,0,2,1,16,B01
200800060182,0,7,0,0,2,7,1,A01
200800060183,0,31,0,0,2,1,1,A01
200800060183,0,7,0,0,2,7,15,B01
200800060184,1,7,0,0,2,1,1,A01
200800060184,0,7,0,0,2,8,1,B01
200800060185,0,7,0,0,2,1,15,A01
200800060185,0,31,0,0,2,8,1,B01
200800060186,1,7,0,0,1,2,1,A01
200800060187,0,33,0,0,2,7,15,A01
200800060187,0,7,0,0,2,3,1,B01
200800060188,0,31,0,9,2,9,1,A01
200800060188,0,7,0,0,2,8,20,B01
200800060189,0,7,0,0,2,8,15,A01
200800060189,0,33,0,0,2,3,2,B01
200800060190,0,33,0,0,2,1,17,A01
200800060190,0,10,0,0,2,3,1,B01
200800060190,0,7,0,0,2,3,15,C01
200800060191,0,31,0,0,0,1,1,A01
200800060192,0,31,0,0,2,3,8,A01
200800060192,0,7,0,0,2,2,15,B01
200800060193,0,7,0,0,2,5,15,A01
200800060193,0,31,0,0,2,8,2,B01
200800060194,0,7,0,0,2,7,15,A01
200800060194,0,2,0,0,2,1,2,B01
200800060195,0,2,0,0,2,0,17,A01
200800060195,0,2,0,0,2,8,9,B01
200800060196,0,7,0,0,1,8,16,A01
200800060197,0,31,0,0,0,8,2,A01
200800060198,0,2,0,0,2,8,1,B01
200800060198,0,7,0,0,2,7,2,A01
200800060199,1,99,0,0,1,0,0,A01
200800060200,0,7,0,0,2,5,16,A01
200800060200,0,2,0,0,2,2,1,B01
200800060201,0,7,0,0,2,2,15,A01
200800060201,0,31,0,0,2,1,1,B01
200800060202,0,2,0,0,2,1,1,A01
200800060202,0,7,0,0,2,8,15,B01
200800060203,0,7,0,0,2,6,7,A01
200800060203,0,7,0,0,2,7,1,C01
200800060203,0,7,0,0,2,3,1,B01
200800060204,0,7,0,0,2,5,9,A01
200800060204,0,33,0,0,2,1,1,B01
200800060205,0,7,0,0,2,7,15,A01
200800060205,0,30,0,0,2,1,18,B01
200800060206,0,30,0,0,2,8,18,A01
200800060206,0,7,0,0,2,8,1,B01
200800060207,0,30,0,0,2,1,17,B01
200800060207,0,7,0,0,2,8,15,A01
200800060208,0,32,0,0,1,1,1,A01
200800060209,0,7,0,0,2,3,10,A01
200800060209,0,32,0,0,2,1,17,B01
200800060210,0,31,0,0,2,1,1,A01
200800060210,0,1,0,0,2,8,1,B01
200800060211,0,2,0,0,2,1,1,A01
200800060211,0,7,0,0,2,1,15,B01
200800060212,0,30,0,8,0,0,1,A01
200800060213,0,7,0,0,2,8,15,A01
200800060213,0,30,0,0,2,1,17,B01
200800060214,0,7,0,0,2,7,16,A01
200800060214,0,30,0,0,2,3,1,B01
200800060215,0,34,0,1,0,1,1,A01
200800060215,0,17,0,0,0,4,24,B01
200800060216,0,1,0,0,2,8,21,A01
200800060216,0,7,0,0,2,7,1,B01
200800060217,0,30,0,0,1,3,1,A01
200800060218,0,7,0,1,0,1,0,A01
200800060219,0,7,0,0,2,7,16,A01
200800060219,0,33,0,0,2,1,1,B01
200800060220,1,30,0,0,1,3,1,A01
200800060221,0,7,0,0,1,4,4,A01
200800060222,0,7,0,0,0,4,1,A01
200800060223,0,7,0,0,1,3,1,A01
200800060224,0,30,0,0,2,1,1,A01
200800060224,1,10,0,0,2,4,16,B01
200800060224,0,7,0,0,2,7,1,C01
200800060225,0,7,0,1,0,1,1,A01
200800060226,0,7,0,0,2,8,19,A01
200800060226,0,37,10,0,2,3,1,B01
200800060227,0,7,0,0,2,3,15,B01
200800060227,0,2,0,0,2,1,1,A01
200800060228,0,32,0,0,2,1,1,B01
200800060228,0,7,0,0,2,2,15,A01
200800060229,0,1,0,0,2,1,1,B01
200800060229,0,10,0,0,2,4,16,A01
200800060230,0,30,0,0,2,3,1,A01
200800060230,0,31,0,0,2,1,1,B01
200800060231,0,7,0,0,2,6,10,B01
200800060231,0,30,0,0,2,1,1,A01
200800060232,0,7,0,0,2,0,13,B01
200800060232,0,30,0,0,2,1,1,A01
200800060233,0,7,0,0,1,1,16,A01
200800060234,0,7,0,0,1,4,4,A01
200800060235,0,10,0,0,1,1,15,A01
200800060236,0,31,0,0,2,1,11,A01
200800060236,0,7,0,0,2,3,20,B01
200800060237,0,7,0,0,1,3,0,A01
200800060238,0,7,0,0,1,1,0,A01
200800060239,0,7,0,0,1,3,11,A01
200800060240,0,7,0,0,2,3,0,B01
200800060240,0,2,0,0,2,3,6,A01
200800060241,1,32,0,0,2,0,17,A01
200800060241,0,33,0,0,2,8,17,B01
200800060242,0,7,0,0,2,4,4,A01
200800060242,0,1,0,0,2,1,1,B01
200800060243,0,7,0,0,2,2,15,A01
200800060243,0,2,0,0,2,1,1,B01
200800060244,0,7,0,0,2,1,1,A01
200800060244,0,7,0,15,2,4,1,B01
200800060245,0,2,0,1,0,1,1,A01
200800060246,0,2,0,0,2,1,17,A01
200800060246,0,7,0,0,2,3,15,B01
200800060247,0,33,0,0,2,1,1,A01
200800060247,0,7,0,0,2,3,15,B01
200800060248,0,7,0,14,0,0,0,A01
200800060249,0,33,0,0,0,1,1,A01
200800060249,0,7,0,0,0,4,1,B01
200800060250,0,7,0,0,0,0,0,A01
200800060251,0,10,0,0,0,0,0,A01
200800060251,0,32,0,0,0,0,0,B01
200800060252,0,32,0,0,0,1,1,A01
200800060252,0,7,0,0,0,4,0,B01
200800060252,0,7,0,0,0,4,0,C01
200800060253,0,32,0,0,0,0,0,A01
200800060253,0,7,0,0,0,0,10,B01
200800060254,0,7,0,0,0,0,16,A01
200800060255,0,30,0,0,0,0,1,A01
200800060255,0,7,0,0,0,4,1,B01
200800060256,0,37,2,0,0,1,1,A01
200800060256,0,13,0,0,0,4,1,B01
200800060257,0,10,0,0,0,0,0,A01
200800060257,0,37,2,0,0,2,1,B01
200800060258,0,30,0,0,0,0,1,B01
200800060258,0,7,0,0,0,0,16,A01
200800060259,0,7,0,0,0,1,1,A01
200800060259,0,32,0,0,0,4,1,B01
200800060260,0,7,0,0,0,4,4,A01
200800060260,0,32,0,0,0,0,1,B01
200800060261,0,7,0,0,0,0,1,B01
200800060261,0,1,0,0,0,0,16,C01
200800060261,0,7,0,0,0,3,15,A01
200800060262,0,7,0,0,0,7,15,B01
200800060262,0,7,0,0,0,1,16,A01
200800060263,0,30,0,0,0,1,1,A01
200800060263,0,10,0,0,0,4,23,B01
200800060264,0,7,0,0,0,1,1,A01
200800060264,0,33,0,0,0,8,1,B01
200800060265,0,7,0,0,0,1,1,A01
200800060266,0,7,0,0,0,3,1,A01
200800060266,0,32,0,0,0,0,1,B01
200800060267,0,7,0,0,0,1,1,B01
200800060267,0,10,0,0,0,1,1,A01
200800060268,0,7,0,0,0,2,15,A01
200800060268,0,32,0,0,0,0,1,B01
200800060269,1,32,0,0,0,0,1,A01
200800060270,0,7,0,0,0,3,11,A01
200800060270,0,32,0,0,0,0,1,B01
200800060271,0,7,0,0,0,0,15,A01
200800060271,0,33,0,0,0,0,1,B01
200800060272,0,7,0,0,2,3,0,A01
200800060272,0,33,0,0,2,2,0,B01
200800060273,0,7,0,0,1,2,1,A01
200800060274,2,7,0,0,2,1,0,A01
200800060274,0,32,0,0,2,1,0,B01
200800060275,0,2,0,0,1,1,0,A01
200800060275,0,7,0,0,0,0,4,B01
200800060276,0,7,0,0,2,8,15,A01
200800060276,0,31,0,0,2,1,1,B01
200800060277,0,7,0,0,2,2,0,A01
200800060277,0,31,0,0,2,8,0,B01
200800060278,0,7,0,0,2,2,5,A01
200800060278,0,2,0,0,2,1,1,B01
200800060279,0,1,0,0,9,7,0,A01
200800060279,0,1,0,0,9,7,0,B01
200800060280,0,7,0,0,1,1,1,A01
200800060281,0,33,0,0,2,1,2,A01
200800060281,0,33,0,0,2,4,2,B01
200800060281,0,7,0,0,2,1,1,C01
200800060282,1,7,0,0,1,0,0,A01
200800060283,0,31,0,0,2,2,16,A01
200800060283,0,1,0,0,2,3,1,B01
200800060284,0,7,0,0,2,3,0,A01
200800060284,0,34,0,0,2,2,1,B01
200800060285,0,7,0,0,0,0,4,A01
200800060285,0,33,0,0,0,0,21,B01
200800060286,0,7,0,0,9,8,24,A01
200800060286,0,1,0,1,0,1,1,B01
200800060287,0,31,0,0,0,0,1,A01
200800060288,0,7,0,0,2,3,0,A01
200800060288,0,33,0,0,2,2,0,B01
200800060289,0,33,0,0,2,2,0,A01
200800060289,0,7,0,0,2,8,0,B01
200800060289,0,7,0,0,0,0,0,C01
200800060290,0,32,0,15,0,0,0,A01
200800060291,0,32,0,0,1,1,0,A01
200800060292,0,31,0,0,2,1,2,A01
200800060292,0,7,0,0,2,5,16,B01
200800060293,0,34,0,0,2,1,17,A01
200800060293,0,7,0,0,2,3,15,B01
200800060294,0,34,0,0,2,1,17,A01
200800060294,0,7,0,0,2,3,15,B01
200800060295,0,7,0,0,1,4,4,A01
200800060296,0,14,0,0,2,1,1,A01
200800060296,0,10,0,0,2,4,1,B01
200800060297,0,7,0,0,2,3,11,A01
200800060297,0,33,0,1,2,8,21,B01
200800060298,0,2,0,0,0,9,21,A01
200800060298,0,7,0,0,0,0,20,B01
200800060299,0,33,0,0,0,7,1,A01
200800060300,0,7,0,0,2,6,9,A01
200800060300,0,31,0,0,2,1,1,B01
200800060301,0,2,0,0,1,1,18,A01
200800060302,0,1,0,0,2,8,1,B01
200800060302,0,7,0,0,2,1,1,A01
200800060303,0,7,0,0,2,8,11,A01
200800060303,0,33,0,0,2,7,2,B01
200800060303,0,7,0,0,2,8,23,C01
200800060304,0,7,0,0,2,7,15,A01
200800060304,0,34,0,0,2,1,2,B01
200800060305,0,7,0,0,1,8,1,A01
200800060306,0,7,0,0,2,7,9,A01
200800060306,0,31,0,0,2,0,2,B01
200800060307,0,33,0,0,2,0,1,A01
200800060307,0,7,0,0,2,1,1,B01
200800060308,0,7,0,0,2,4,16,A01
200800060308,0,10,0,0,2,1,16,B01
200800060309,0,7,0,0,2,7,15,A01
200800060309,0,30,0,0,2,1,2,B01
200800060310,0,30,0,0,2,1,18,A01
200800060310,0,7,0,0,2,7,16,B01
200800060311,0,7,0,0,2,3,15,A01
200800060311,0,31,0,0,2,7,17,B01
200800060312,0,7,0,0,1,1,1,A01
200800060313,0,30,0,0,2,1,1,A01
200800060313,0,7,0,0,2,7,20,B01
200800060314,0,33,0,0,1,1,1,A01
200800060315,0,10,0,0,2,1,16,A01
200800060315,0,2,0,0,2,8,2,B01
200800060316,0,32,0,0,2,1,17,A01
200800060316,0,7,0,0,2,3,15,B01
200800060317,0,30,0,0,2,1,13,A01
200800060317,0,10,0,0,2,3,1,B01
200800060317,0,2,0,0,2,1,1,C01
200800060318,0,7,0,0,2,7,23,A01
200800060318,0,2,0,0,2,1,18,B01
200800060319,0,7,0,0,2,1,2,A01
200800060319,0,7,0,0,2,4,2,B01
200800060320,0,2,0,0,0,0,1,A01
200800060321,0,1,0,0,0,0,1,A01
200800060322,0,7,0,0,2,1,2,A01
200800060322,0,7,0,0,2,4,2,B01
200800060323,0,2,0,0,2,1,1,A01
200800060323,0,7,0,0,2,3,9,B01
200800060324,0,7,0,0,1,1,1,A01
200800060325,0,7,0,0,2,8,9,A01
200800060325,0,31,0,0,2,1,1,B01
200800060326,0,33,0,0,0,0,1,A01
200800060327,0,30,0,0,2,1,1,A01
200800060327,0,7,0,0,2,4,1,B01
200800060328,0,7,0,0,2,3,15,B01
200800060328,0,2,0,0,2,1,1,A01
200800060329,0,7,0,0,1,3,1,A01
200800060330,0,7,0,11,0,1,1,A01
200800060331,0,7,0,0,2,3,13,A01
200800060331,0,33,0,0,2,8,1,B01
200800060332,0,33,0,0,0,0,15,A01
200800060333,0,7,0,0,1,3,1,A01
200800060334,0,7,0,0,2,1,2,A01
200800060334,0,33,0,0,2,4,2,B01
200800060335,0,2,0,0,0,7,2,A01
200800060336,0,30,0,0,0,8,1,A01
200800060337,0,7,0,0,1,1,1,A01
200800060338,0,7,0,0,2,1,2,A01
200800060338,0,7,0,0,2,4,0,B01
200800060339,0,32,0,0,2,2,0,A01
200800060339,0,7,0,0,2,3,0,B01
200800060340,0,7,0,0,2,1,2,A01
200800060340,0,7,0,0,2,4,2,B01
200800060340,0,7,0,0,2,4,2,C01
200800060341,0,7,0,0,2,4,2,A01
200800060341,0,7,0,0,2,1,2,B01
200800060342,0,7,0,0,2,7,6,A01
200800060342,0,37,2,0,2,3,0,B01
200800060343,0,7,0,0,2,2,0,A01
200800060343,0,33,0,0,2,3,0,B01
200800060344,0,7,0,1,0,2,2,A01
200800060344,0,10,0,0,2,8,0,B01
200800060345,0,7,0,0,2,1,1,A01
200800060345,0,31,0,0,2,1,1,B01
200800060346,0,7,0,0,2,6,15,A01
200800060346,0,32,0,0,2,1,1,B01
200800060347,1,10,0,0,2,4,11,A01
200800060347,0,2,0,0,2,1,21,B01
200800060348,0,10,0,0,2,3,1,B01
200800060348,2,30,0,0,2,1,1,A01
200800060349,0,7,0,0,2,8,2,B01
200800060349,0,7,0,0,2,1,2,A01
200800060350,0,7,0,0,1,1,15,A01
200800060351,0,10,0,0,0,0,11,A01
200800060351,0,31,0,0,2,0,21,B01
200800060352,0,33,0,0,0,7,0,A01
200800060353,0,33,0,0,0,2,1,A01
200800060354,0,32,0,14,0,1,0,A01
200800060355,0,32,0,0,0,0,0,A01
200800060356,0,30,0,12,0,1,0,A01
200800060357,0,7,0,0,1,2,2,A01
200800060358,1,30,0,0,1,0,0,A01
200800060359,0,7,0,0,1,1,0,A01
200800060360,0,7,0,0,2,8,1,B01
200800060360,0,30,0,0,2,3,1,A01
200800060361,0,7,0,0,2,1,1,B01
200800060361,2,7,0,0,2,1,15,A01
200800060362,0,32,0,0,1,1,1,A01
200800060363,0,7,0,0,0,2,9,A01
200800060363,0,33,0,0,2,1,2,B01
200800060364,0,7,0,0,0,8,2,A01
200800060364,0,32,0,0,0,7,2,B01
200800060365,0,3,0,0,0,1,5,A01
200800060365,0,7,0,0,0,3,15,B01
200800060366,0,7,0,0,0,4,23,B01
200800060366,0,14,0,0,2,1,2,A01
200800060367,0,7,0,0,2,3,15,A01
200800060367,0,7,0,0,2,2,1,B01
200800060368,0,7,0,0,0,5,20,A01
200800060368,0,1,0,0,2,1,1,B01
200800060369,0,7,0,2,0,3,0,A01
200800060370,0,30,0,0,0,0,21,A01
200800060371,0,7,0,0,2,6,11,A01
200800060371,0,30,0,0,2,1,1,B01
200800060372,0,37,1,0,1,8,1,A01
200800060373,0,7,0,0,2,3,1,B01
200800060373,0,7,0,0,2,7,2,A01
200800060374,0,7,0,0,2,4,9,A01
200800060374,0,37,1,0,2,2,9,B01
200800060375,0,33,0,0,2,7,0,A01
200800060375,0,7,0,0,2,1,1,B01
200800060376,0,7,0,0,2,5,15,A01
200800060376,0,30,0,0,2,1,1,B01
200800060377,0,10,0,0,2,1,16,A01
200800060377,0,7,0,0,2,1,0,B01
200800060378,0,10,0,2,1,7,0,A01
200800060378,0,1,0,2,2,1,1,B01
200800060379,0,7,0,0,0,3,15,B01
200800060379,0,7,0,0,2,1,1,A01
200800060380,0,7,0,0,2,3,15,B01
200800060380,0,7,0,0,2,2,1,A01
200800060381,1,7,0,0,1,0,0,A01
200800060382,0,7,0,0,2,2,2,A01
200800060382,0,7,0,0,2,7,2,B01
200800060383,1,7,0,0,1,0,0,A01
200800060384,1,7,0,0,1,0,0,A01
200800060385,0,7,0,0,2,8,9,A01
200800060385,0,7,0,0,2,1,2,B01
200800060386,0,10,0,0,1,2,1,A01
200800060387,0,7,0,0,2,1,1,A01
200800060387,0,7,0,0,2,1,0,B01
200800060388,0,10,0,0,9,2,16,A01
200800060388,0,34,0,0,2,1,7,B01
200800060389,0,10,0,0,1,1,7,A01
200800060390,0,40,0,0,0,2,0,A01
200800060391,0,7,0,3,0,3,2,A01
200800060392,0,7,0,0,4,3,2,A01
200800060393,0,7,0,0,1,1,1,A01
200800060394,0,7,0,0,1,2,0,A01
200800060395,0,7,0,0,1,8,0,A01
200800060396,0,10,0,0,0,3,0,B01
200800060396,0,34,0,0,2,1,1,A01
200800060397,0,1,0,0,2,0,1,A01
200800060397,0,7,0,0,2,0,9,B01
200800060398,0,34,0,0,5,1,2,A01
200800060399,0,14,0,0,9,0,16,A01
200800060399,0,1,0,0,2,0,2,B01
200800060400,0,13,0,0,2,7,12,A01
200800060400,0,34,0,0,2,1,2,B01
200800060401,0,7,0,0,1,4,20,A01
200800060402,0,30,0,0,0,1,2,A01
200800060402,0,1,0,0,0,4,0,B01
200800060403,0,33,0,0,0,9,0,A01
200800060404,0,7,0,0,2,1,2,A01
200800060404,0,7,0,0,2,4,2,B01
200800060404,0,7,0,0,2,4,2,C01
200800060404,0,7,0,0,2,4,2,D01
200800060405,0,7,0,0,1,2,1,A01
200800060406,0,7,0,0,1,1,0,A01
200800060407,0,7,0,0,1,2,0,A01
200800060408,0,7,0,0,1,1,1,A01
200800060409,0,7,0,0,0,5,23,B01
200800060409,1,99,0,0,2,3,21,A01
200800060410,0,7,0,0,1,3,1,A01
200800060411,1,7,0,0,1,0,0,A01
200800060412,0,7,0,0,1,0,1,A01
200800060413,1,7,0,0,0,0,0,A01
200800060413,0,7,0,0,2,1,1,B01
200800060413,0,13,0,1,0,0,0,C01
200800060414,0,99,0,3,0,3,1,A01
200800060415,0,7,0,0,0,4,0,A01
200800060415,0,7,0,0,0,4,0,B01
200800060415,0,7,0,0,0,1,0,C01
200800060416,0,10,0,0,1,3,0,A01
200800060417,0,7,0,0,1,0,15,A01
200800060418,0,37,0,0,2,0,0,A01
200800060418,1,10,0,0,2,0,0,B01
200800060419,0,13,0,0,0,4,0,A01
200800060419,0,7,0,1,0,1,0,B01
200800060420,2,7,0,2,2,1,2,A01
200800060420,0,7,0,0,2,3,2,B01
200800060421,0,7,0,0,2,4,1,B01
200800060421,0,34,0,0,2,1,1,A01
200800060422,0,7,0,0,1,4,4,A01
200800060423,0,7,0,0,2,3,13,B01
200800060423,0,2,0,0,2,1,17,A01
200800060424,0,1,0,0,2,1,17,B01
200800060424,0,7,0,0,2,3,13,A01
200800060425,0,33,0,0,1,1,21,A01
200800060426,0,7,0,0,2,3,13,B01
200800060426,0,34,0,0,2,1,17,A01
200800060427,0,7,0,6,0,1,1,A01
200800060428,0,7,0,0,2,2,1,A01
200800060428,0,7,0,0,2,3,1,B01
200800060429,0,7,0,0,2,1,1,B01
200800060429,0,7,0,0,2,1,1,A01
200800060430,0,7,0,0,2,4,2,C01
200800060430,0,3,0,0,2,1,2,B01
200800060430,0,7,0,0,2,1,2,A01
200800060431,0,32,0,1,0,1,1,B01
200800060431,0,7,0,1,0,3,9,A01
200800060432,0,7,0,0,0,8,24,C01
200800060432,0,32,0,1,0,1,11,B01
200800060432,0,7,0,1,2,4,12,A01
200800060433,0,30,0,0,0,0,0,A01
200800060434,0,13,0,0,2,6,0,B01
200800060434,0,1,0,0,2,1,0,A01
200800060435,0,7,0,0,2,1,15,B01
200800060435,0,7,0,0,2,2,1,A01
200800060436,0,7,0,0,0,8,16,C01
200800060436,0,7,0,0,0,3,15,B01
200800060436,0,7,0,0,0,1,1,A01
200800060437,0,32,0,0,1,1,1,A01
200800060438,0,7,0,0,1,3,1,A01
200800060439,0,7,0,0,0,7,0,A01
200800060440,0,7,0,0,1,3,9,A01