Num_Acc,senc,catv,occutc,obs,obsm,choc,manv,num_veh
200800060441,0,30,0,0,2,0,0,A01
200800060441,0,7,0,0,2,1,15,B01
200800060442,0,7,0,0,2,3,15,A01
200800060442,0,33,0,0,2,1,1,B01
200800060443,0,7,0,0,0,3,9,A01
200800060443,0,2,0,0,0,1,1,B01
200800060444,0,2,0,0,2,3,2,A01
200800060444,0,7,0,0,2,2,15,B01
200800060445,0,7,0,0,2,3,1,B01
200800060445,0,7,0,0,2,2,1,A01
200800060446,0,32,0,0,1,7,2,A01
200800060447,0,7,0,0,0,3,2,A01
200800060448,0,7,0,0,1,4,4,A01
200800060449,0,7,0,0,1,2,1,A01
200800060450,0,7,0,0,2,3,10,A01
200800060450,0,33,0,0,2,2,2,B01
200800060451,0,7,0,0,2,2,15,A01
200800060451,0,2,0,0,2,1,1,B01
200800060452,0,2,0,0,2,0,9,A01
200800060452,0,37,0,0,0,0,2,B01
200800060453,1,7,0,0,2,2,21,A01
200800060453,0,30,0,0,0,6,23,B01
200800060454,0,2,0,0,0,0,0,A01
200800060455,0,7,0,0,1,2,0,A01
200800060456,0,32,0,0,2,3,2,B01
200800060456,0,10,0,0,0,2,2,A01
200800060457,0,7,0,0,1,8,1,A01
200800060458,0,7,0,0,2,1,5,A01
200800060458,0,32,0,0,2,1,0,B01
200800060459,0,7,0,0,0,1,0,A01
200800060459,0,32,0,1,0,3,0,B01
200800060460,1,7,0,0,1,2,0,A01
200800060461,0,10,0,0,2,1,2,A01
200800060461,0,7,0,0,2,4,2,B01
200800060461,0,37,1,15,0,6,2,C01
200800060462,0,7,0,0,1,2,1,A01
200800060463,0,7,0,0,1,2,1,A01
200800060464,0,7,0,0,1,1,11,A01
200800060465,0,7,0,0,2,8,11,B01
200800060465,0,2,0,0,2,7,1,A01
200800060466,0,7,0,5,2,1,1,A01
200800060466,0,10,0,0,2,3,1,B01
200800060467,0,34,0,0,1,1,17,A01
200800060468,0,32,0,0,2,1,1,A01
200800060468,0,7,0,0,2,3,1,B01
200800060469,0,7,0,0,0,2,1,B01
200800060469,0,30,0,0,0,1,1,A01
200800060470,0,32,0,0,2,1,1,C01
200800060470,0,7,0,0,2,3,1,B01
200800060470,0,7,0,0,2,3,1,A01
200800060471,0,33,0,0,2,8,0,B01
200800060471,0,7,0,0,2,1,15,A01
200800060472,0,7,0,0,0,6,4,A01
200800060472,1,7,0,0,0,0,0,B01
200800060473,0,30,0,0,2,7,17,A01
200800060473,0,7,0,0,0,0,0,B01
200800060474,0,7,0,0,9,4,4,A01
200800060474,0,1,0,0,2,0,17,B01
200800060475,0,7,0,0,2,4,4,A01
200800060475,0,7,0,1,2,8,1,B01
200800060476,0,32,0,0,2,1,1,B01
200800060476,0,7,0,0,2,6,15,A01
200800060477,0,7,0,1,0,2,2,A01
200800060478,0,1,0,0,1,1,0,A01
200800060479,0,7,0,0,2,5,16,A01
200800060479,0,32,0,0,2,5,18,B01
200800060480,0,7,0,0,0,2,10,A01
200800060480,0,32,0,0,2,1,1,B01
200800060481,0,7,0,0,0,2,16,A01
200800060481,0,1,0,0,0,1,1,B01
200800060482,0,7,0,0,0,5,4,A01
200800060482,0,33,0,0,0,7,24,B01
200800060483,0,7,0,0,2,7,15,A01
200800060483,0,32,0,0,0,0,15,B01
200800060484,0,7,0,0,2,3,16,B01
200800060484,0,34,0,0,0,1,1,A01
200800060485,0,10,0,0,2,6,11,A01
200800060485,0,7,0,0,2,0,1,B01
200800060486,0,33,0,0,1,1,1,A01
200800060487,0,7,0,0,1,8,2,A01
200800060488,0,7,0,0,1,1,15,A01
200800060489,0,32,0,0,2,1,1,B01
200800060489,0,7,0,0,2,2,15,A01
200800060490,0,7,0,0,2,3,13,A01
200800060490,0,7,0,0,2,1,2,B01
200800060491,0,7,0,0,9,3,9,A01
200800060491,0,34,0,0,2,5,2,B01
200800060492,0,7,0,9,0,1,1,A01
200800060493,0,7,0,0,1,2,1,A01
200800060494,0,30,0,0,2,8,1,B01
200800060494,1,7,0,0,9,7,17,A01
200800060495,0,7,0,0,0,1,2,A01
200800060495,0,2,0,0,0,7,2,B01
200800060496,0,7,0,0,2,3,1,B01
200800060496,0,7,0,0,2,3,13,A01
200800060497,0,30,0,0,2,1,2,A01
200800060497,0,7,0,0,2,4,2,B01
200800060498,0,2,0,14,2,7,2,A01
200800060498,0,7,0,0,2,8,2,B01
200800060498,0,7,0,0,2,3,0,C01
200800060499,0,7,0,0,1,2,1,A01
200800060500,1,7,0,0,2,1,15,A01
200800060500,0,1,0,0,0,1,1,B01
200800060501,0,7,0,0,0,0,15,A01
200800060501,0,31,0,0,2,8,21,B01
200800060502,0,7,0,0,1,1,0,A01
200800060503,2,7,0,0,2,1,18,A01
200800060503,0,7,0,0,2,3,16,B01
200800060504,0,2,0,0,0,0,0,A01
200800060505,0,7,0,0,2,7,1,A01
200800060505,0,7,0,0,2,3,1,B01
200800060506,0,7,0,0,2,3,1,A01
200800060506,0,7,0,0,2,1,11,B01
200800060507,0,10,0,0,1,6,4,A01
200800060508,0,7,0,0,0,5,15,B01
200800060508,0,7,0,0,0,1,1,A01
200800060508,0,7,0,0,0,3,1,C01
200800060509,0,37,0,0,1,1,1,A01
200800060510,0,7,0,0,2,3,15,A01
200800060510,0,2,0,0,2,1,17,B01
200800060511,0,37,0,0,1,2,1,A01
200800060512,0,7,0,0,0,3,0,A01
200800060512,0,7,0,0,0,3,0,B01
200800060513,0,7,0,0,2,3,2,B01
200800060513,0,7,0,0,2,1,1,C01
200800060513,0,7,0,0,2,5,15,D01
200800060513,1,7,0,0,2,1,2,A01
200800060514,0,7,0,0,0,7,1,A01
200800060515,0,30,0,0,2,1,17,A01
200800060515,0,13,0,0,2,3,1,B01
200800060516,0,30,0,0,0,1,2,A01
200800060516,0,7,0,0,0,3,2,B01
200800060517,0,7,0,0,0,1,2,A01
200800060517,0,7,0,0,0,4,2,B01
200800060518,0,7,0,0,0,6,2,A01
200800060518,0,30,0,0,2,1,17,B01
200800060519,0,7,0,0,2,3,0,A01
200800060519,1,7,0,0,0,0,10,B01
200800060520,0,7,0,0,1,2,1,A01
200800060521,0,7,0,0,1,1,15,A01
200800060522,0,37,1,0,1,2,16,A01
200800060523,0,14,0,0,1,1,1,A01
200800060524,0,2,0,0,2,6,11,A01
200800060524,0,7,0,0,2,2,1,B01
200800060525,0,7,0,0,1,2,1,A01
200800060526,0,7,0,0,1,2,1,A01
200800060527,0,31,0,0,2,1,1,A01
200800060527,0,7,0,0,2,2,16,B01
200800060528,0,7,0,0,1,8,1,A01
200800060529,0,33,0,0,2,1,1,B01
200800060529,0,13,0,0,2,2,1,A01
200800060530,0,30,0,0,2,1,5,A01
200800060530,0,7,0,0,2,3,1,B01
200800060531,0,17,0,0,2,3,1,A01
200800060531,0,7,0,0,2,6,1,B01
200800060532,0,1,0,0,2,1,1,A01
200800060532,0,10,0,0,2,3,1,B01
200800060533,0,30,0,0,1,7,0,A01
200800060534,0,34,0,0,0,4,2,B01
200800060534,0,7,0,0,2,1,2,A01
200800060535,0,7,0,0,2,2,1,B01
200800060535,0,7,0,0,2,1,17,A01
200800060536,0,7,0,0,2,4,2,C01
200800060536,0,7,0,0,2,1,2,B01
200800060536,0,7,0,0,2,1,2,A01
200800060537,0,7,0,0,1,5,0,A01
200800060538,0,7,0,0,0,1,1,A01
200800060539,0,7,0,0,1,2,1,A01
200800060540,0,7,0,0,2,1,1,B01
200800060540,0,7,0,0,2,8,1,A01
200800060541,0,7,0,0,1,2,1,A01
200800060542,0,33,0,0,0,1,1,A01
200800060542,1,7,0,0,0,0,0,B01
200800060543,0,34,0,0,0,0,0,B01
200800060543,0,2,0,0,0,0,0,A01
200800060544,0,7,0,0,2,1,1,B01
200800060544,0,7,0,0,2,1,1,A01
200800060545,0,7,0,0,2,9,9,B01
200800060545,0,15,0,0,2,2,2,A01
200800060546,0,10,0,0,2,7,1,B01
200800060546,0,10,0,0,2,1,1,A01
200800060547,0,32,0,0,2,8,1,B01
200800060547,0,7,0,0,2,7,12,A01
200800060548,2,30,0,0,1,1,1,A01
200800060549,0,33,0,0,2,1,17,B01
200800060549,0,7,0,0,2,6,10,A01
200800060550,0,7,0,0,1,3,15,A01
200800060551,0,7,0,0,2,3,1,A01
200800060551,0,7,0,0,0,8,15,B01
200800060552,0,7,0,0,2,7,0,B01
200800060552,0,30,0,0,2,1,0,A01
200800060553,0,30,0,0,2,3,1,B01
200800060553,0,7,0,0,0,3,1,A01
200800060554,0,10,0,0,2,2,9,A01
200800060554,0,33,0,0,2,1,1,B01
200800060555,0,7,0,0,2,1,1,A01
200800060555,0,7,0,0,0,1,1,B01
200800060556,0,32,0,0,2,2,17,A01
200800060556,0,7,0,0,2,6,2,B01
200800060557,0,32,0,0,0,7,17,B01
200800060557,0,7,0,0,0,1,9,A01
200800060558,0,7,0,0,2,8,9,A01
200800060558,0,30,0,0,2,1,0,B01
200800060559,0,2,0,0,2,1,1,B01
200800060559,1,7,0,0,0,0,0,A01
200800060560,0,7,0,0,1,2,17,A01
200800060561,0,7,0,0,0,0,1,A01
200800060561,0,30,0,0,0,0,2,B01
200800060562,0,7,0,0,1,3,1,A01
200800060563,0,7,0,0,0,4,1,B01
200800060563,0,7,0,1,0,1,2,A01
200800060564,0,7,0,0,2,3,1,A01
200800060564,0,33,0,0,0,7,19,B01
200800060565,0,30,0,0,2,3,13,A01
200800060565,0,7,0,0,2,7,1,B01
200800060566,0,7,0,0,2,3,1,A01
200800060566,0,33,0,0,2,7,0,B01
200800060567,0,7,0,0,2,1,2,A01
200800060567,0,7,0,0,0,4,23,B01
200800060568,0,32,0,0,1,0,2,A01
200800060569,0,99,0,0,2,1,1,B01
200800060569,0,7,0,16,2,8,10,A01
200800060570,0,7,0,0,1,1,1,A01
200800060571,0,7,0,0,2,1,9,A01
200800060571,0,7,0,0,2,2,1,B01
200800060572,0,33,0,0,0,6,2,B01
200800060572,1,7,0,0,2,0,2,A01
200800060573,0,33,0,0,2,2,1,A01
200800060573,0,7,0,0,2,6,11,B01
200800060574,0,7,0,0,2,1,9,B01
200800060574,0,7,0,0,2,3,11,A01
200800060574,0,7,0,0,0,8,2,C01
200800060575,0,7,0,0,0,7,15,A01
200800060575,0,33,0,0,2,1,1,B01
200800060576,0,7,0,0,2,2,12,A01
200800060576,0,33,0,0,2,2,2,B01
200800060577,2,10,0,0,2,1,1,A01
200800060577,0,7,0,0,2,7,1,B01
200800060578,0,7,0,0,0,1,1,B01
200800060578,0,7,0,0,0,8,1,A01
200800060579,1,10,0,0,2,1,2,A01
200800060579,0,7,0,8,2,5,2,B01
200800060580,0,7,0,0,1,8,1,A01
200800060581,0,7,0,0,2,3,1,B01
200800060581,0,30,0,0,2,1,1,A01
200800060582,0,33,0,4,0,0,2,A01
200800060583,1,7,0,0,0,0,0,A01
200800060584,0,2,0,0,0,8,21,A01
200800060585,0,7,0,0,0,0,0,B01
200800060585,0,32,0,0,0,0,11,A01
200800060586,0,34,0,0,2,2,0,B01
200800060586,0,7,0,0,2,3,2,A01
200800060587,0,7,0,0,1,8,21,A01
200800060588,0,7,0,0,2,4,0,C01
200800060588,0,7,0,0,0,4,2,B01
200800060588,0,7,0,0,2,1,2,A01
200800060589,0,1,0,0,0,1,0,A01
200800060590,0,7,0,0,0,0,9,A01
200800060590,0,2,0,0,2,0,21,B01
200800060591,0,10,0,0,1,2,1,A01
200800060592,0,7,0,0,2,1,1,A01
200800060592,0,7,0,0,0,4,1,B01
200800060593,0,37,0,0,2,2,15,A01
200800060593,0,7,0,0,2,7,1,B01
200800060594,0,7,0,6,0,1,1,A01
200800060595,0,2,0,0,2,7,17,A01
200800060595,0,7,0,0,2,3,15,B01
200800060596,0,7,0,0,2,1,9,A01
200800060596,0,7,0,0,0,4,1,B01
200800060597,0,7,0,0,2,3,2,A01
200800060597,0,1,0,0,2,4,2,B01
200800060598,0,7,0,2,0,1,16,A01
200800060599,0,33,0,0,2,1,1,B01
200800060599,1,7,0,0,2,0,15,A01
200800060600,0,7,0,0,1,2,1,A01
200800060601,0,30,0,0,2,1,1,A01
200800060601,0,10,0,0,2,3,1,B01
200800060602,0,7,0,0,2,3,1,B01
200800060602,0,30,0,0,2,2,1,A01
200800060603,0,33,0,0,0,0,1,A01
200800060604,0,7,0,0,2,1,2,A01
200800060604,0,7,0,0,2,4,9,B01
200800060605,0,2,0,0,2,2,2,B01
200800060605,0,7,0,0,2,1,1,A01
200800060606,0,7,0,0,2,1,1,A01
200800060606,0,7,0,0,0,4,1,B01
200800060607,0,7,0,0,0,2,19,A01
200800060607,0,7,0,0,0,1,1,B01
200800060608,0,7,0,0,1,2,1,A01
200800060609,0,7,0,0,2,8,15,A01
200800060609,0,7,0,0,2,1,1,B01
200800060610,0,7,0,1,0,2,1,A01
200800060611,0,7,0,0,2,1,17,A01
200800060611,0,7,0,0,2,1,1,B01
200800060612,0,7,0,2,1,1,15,A01
200800060613,0,2,0,0,2,8,17,A01
200800060613,0,13,0,0,2,0,1,B01
200800060614,0,10,0,0,2,0,1,B01
200800060615,0,7,0,0,1,2,1,A01
200800060616,0,7,0,0,2,0,16,A01
200800060616,0,2,0,0,2,1,1,B01
200800060617,0,7,0,0,2,8,1,A01
200800060617,0,33,0,1,2,8,1,B01
200800060618,0,2,0,0,2,1,0,A01
200800060618,0,10,0,0,2,4,1,B01
200800060618,0,7,0,0,2,4,1,C01
200800060618,0,7,0,0,2,0,1,D01
200800060619,0,7,0,0,2,4,1,A01
200800060619,0,7,0,0,2,1,1,B01
200800060620,0,7,0,0,2,6,17,A01
200800060620,0,33,0,0,2,2,1,B01
200800060621,0,7,0,0,2,3,1,B01
200800060621,0,7,0,0,2,1,1,A01
200800060622,0,7,0,0,2,1,1,A01
200800060622,0,30,0,0,2,2,1,B01
200800060623,0,34,0,0,2,1,3,A01
200800060623,0,7,0,0,2,4,1,B01
200800060624,1,7,0,0,1,0,0,A01
200800060625,0,7,0,0,2,1,0,A01
200800060625,0,13,0,0,2,5,1,B01
200800060626,0,31,0,0,2,8,1,A01
200800060626,0,7,0,0,2,5,12,B01
200800060627,0,7,0,0,2,6,10,A01
200800060627,0,30,0,0,2,1,1,B01
200800060628,0,7,0,0,0,3,15,A01
200800060628,0,2,0,0,2,7,21,B01
200800060629,0,7,0,0,0,6,10,A01
200800060629,0,2,0,0,0,2,1,B01
200800060630,0,1,0,0,2,8,2,B01
200800060630,0,7,0,0,2,2,2,A01
200800060631,0,7,0,0,2,1,0,A01
200800060631,0,7,0,0,2,3,0,B01
200800060632,0,7,0,0,1,6,4,A01
200800060633,0,99,0,0,0,8,2,A01
200800060633,0,1,0,0,0,0,17,B01
200800060634,0,7,0,0,2,3,1,B01
200800060634,0,30,0,0,2,1,1,A01
200800060635,0,10,0,0,2,1,15,A01
200800060635,0,7,0,0,2,3,1,B01
200800060636,0,32,0,0,0,1,0,A01
200800060636,0,1,0,0,9,1,19,B01
200800060637,0,32,0,0,2,1,17,A01
200800060637,0,7,0,0,2,3,15,B01
200800060638,0,7,0,0,1,3,0,A01
200800060639,0,7,0,0,1,1,0,A01
200800060640,0,7,0,0,2,6,0,B01
200800060640,0,7,0,0,2,1,0,A01
200800060641,0,7,0,0,2,3,10,A01
200800060641,0,33,0,0,2,1,1,B01
200800060642,0,7,0,0,2,1,1,A01
200800060642,0,32,0,0,2,4,1,B01
200800060643,0,7,0,0,2,3,15,B01
200800060643,0,1,0,0,2,1,1,A01
200800060644,0,17,0,0,2,3,0,A01
200800060644,0,7,0,0,2,8,0,B01
200800060645,0,30,0,0,2,1,0,A01
200800060645,0,7,0,0,2,2,0,B01
200800060646,0,1,0,0,2,1,1,A01
200800060646,0,7,0,0,2,2,15,B01
200800060647,0,10,0,0,2,1,15,A01
200800060647,0,10,0,0,2,2,1,B01
200800060648,0,7,0,0,2,6,15,B01
200800060648,0,33,0,0,2,8,17,A01
200800060649,0,99,0,14,2,5,1,B01
200800060649,0,7,0,0,2,1,0,A01
200800060650,0,99,0,0,1,4,4,A01
200800060651,0,7,0,0,2,1,2,A01
200800060651,0,7,0,0,0,4,2,B01
200800060652,0,34,0,0,2,1,2,A01
200800060652,0,7,0,0,2,3,2,B01
200800060653,0,7,0,0,1,3,16,A01
200800060654,0,7,0,0,2,1,1,A01
200800060654,0,2,0,0,2,1,1,B01
200800060655,0,31,0,11,0,1,1,A01
200800060656,0,33,0,0,0,0,0,A01
200800060657,0,7,0,0,2,2,10,A01
200800060657,0,7,0,0,2,1,1,B01
200800060658,0,7,0,0,2,3,0,A01
200800060658,0,33,0,0,2,2,0,B01
200800060659,0,32,0,0,2,1,2,A01
200800060660,0,7,0,0,2,1,2,A01
200800060660,0,34,0,0,2,1,2,B01
200800060661,0,13,0,0,2,8,2,A01
200800060661,0,33,0,0,2,1,2,B01
200800060662,0,30,0,0,2,1,1,A01
200800060662,0,7,0,0,2,5,1,B01
200800060663,0,2,0,0,1,0,0,A01
200800060664,0,7,0,0,2,7,9,A01
200800060664,0,31,0,0,2,7,19,B01
200800060665,0,7,0,0,2,8,9,A01
200800060665,0,33,0,0,2,8,2,B01
200800060666,0,7,0,6,0,1,14,A01
200800060667,0,14,0,0,2,6,11,A01
200800060667,0,7,0,0,2,2,1,B01
200800060668,0,10,0,0,1,4,4,A01
200800060669,0,7,0,0,2,1,20,A01
200800060669,0,32,0,0,2,1,1,B01
200800060670,1,7,0,0,2,1,3,A01
200800060670,0,7,0,12,2,2,1,B01
200800060671,0,7,0,0,0,0,1,A01
200800060672,0,7,0,0,1,4,4,A01
200800060673,0,7,0,0,2,2,9,A01
200800060673,0,33,0,0,2,5,0,B01
200800060674,1,7,0,0,1,1,0,A01
200800060675,0,7,0,0,1,3,19,A01
200800060676,0,7,0,0,1,4,20,A01
200800060677,0,37,2,0,2,3,16,B01
200800060677,0,7,0,0,2,5,15,A01
200800060678,0,34,0,0,0,1,2,A01
200800060679,0,7,0,0,2,8,9,A01
200800060679,0,31,0,0,2,8,1,B01
200800060680,0,2,0,0,2,1,1,A01
200800060680,0,33,0,0,2,1,1,B01
200800060681,0,7,0,0,2,1,2,A01
200800060681,0,7,0,0,2,4,2,B01
200800060682,0,7,0,0,2,3,2,A01
200800060682,0,7,0,0,2,4,2,B01
200800060682,0,7,0,0,2,4,2,C01
200800060683,0,7,0,0,0,3,10,A01
200800060683,0,7,0,0,0,6,1,B01
200800060684,0,2,0,6,0,2,0,A01
200800060684,0,7,0,0,2,5,24,B01
200800060685,0,7,0,0,1,2,1,A01
200800060686,0,7,0,0,2,1,2,A01
200800060686,0,7,0,0,0,4,2,B01
200800060687,0,10,0,0,0,4,4,A01
200800060688,0,7,0,0,0,8,11,A01
200800060688,0,33,0,0,0,7,17,B01
200800060689,0,7,0,0,2,2,15,A01
200800060689,0,32,0,0,2,1,2,B01
200800060690,0,7,0,0,1,1,0,A01
200800060691,0,10,0,0,1,2,16,A01
200800060692,0,7,0,0,2,4,2,A01
200800060692,0,7,0,0,2,1,2,B01
200800060693,0,7,0,0,2,1,2,A01
200800060693,0,7,0,0,0,2,15,B01
200800060694,0,7,0,0,2,1,0,A01
200800060694,0,32,0,0,2,1,1,B01
200800060695,0,10,0,0,2,1,1,A01
200800060695,0,10,0,0,2,4,23,B01
200800060695,0,10,0,0,2,4,23,C01
200800060696,0,7,0,0,1,3,21,A01
200800060697,0,7,0,0,2,6,4,A01
200800060697,0,30,0,0,2,1,1,B01
200800060698,0,7,0,15,0,1,0,A01
200800060699,1,15,0,0,9,7,17,A01
200800060699,0,1,0,0,9,8,2,B01
200800060700,0,7,0,0,2,3,15,A01
200800060700,0,33,0,1,2,1,1,B01
200800060701,0,7,0,0,2,5,2,A01
200800060701,0,33,0,0,2,8,2,B01
200800060702,0,10,0,0,9,8,1,A01
200800060702,0,1,0,0,2,8,5,B01
200800060703,0,7,0,0,0,5,10,A01
200800060703,0,34,0,0,2,1,1,B01
200800060704,0,7,0,0,0,1,2,A01
200800060704,0,7,0,0,0,4,2,B01
200800060705,0,7,0,0,1,2,2,A01
200800060706,0,7,0,0,2,7,12,A01
200800060706,0,32,0,0,0,8,1,B01
200800060707,0,7,0,0,2,1,9,A01
200800060707,0,7,0,0,2,8,1,B01
200800060708,0,37,0,0,0,6,15,B01
200800060708,0,7,0,0,2,3,15,A01
200800060709,0,7,0,0,2,7,0,B01
200800060709,0,7,0,0,2,3,0,A01
200800060710,0,7,0,0,2,1,15,A01
200800060710,0,7,0,0,2,8,23,B01
200800060711,0,7,0,0,1,8,2,A01
200800060712,0,7,0,0,2,1,1,A01
200800060712,0,1,0,0,0,4,0,B01
200800060713,0,7,0,0,2,1,15,A01
200800060713,0,33,0,0,2,6,0,B01
200800060714,0,7,0,0,2,2,11,A01
200800060714,0,32,0,0,2,2,1,B01
200800060715,0,31,0,0,2,1,0,B01
200800060715,0,7,0,0,2,3,15,A01
200800060716,0,33,0,3,0,7,2,A01
200800060717,0,33,0,0,0,1,18,A01
200800060717,0,7,0,0,0,7,15,B01
200800060718,0,7,0,0,1,2,1,A01
200800060719,0,7,0,0,9,3,16,A01
200800060719,0,1,0,0,2,8,0,B01
200800060720,0,33,0,0,1,1,1,A01
200800060721,0,2,0,0,2,7,1,A01
200800060721,0,7,0,0,2,3,15,B01
200800060722,0,7,0,0,1,3,2,A01
200800060723,0,33,0,0,2,8,9,A01
200800060723,0,7,0,0,2,2,1,B01
200800060724,0,33,0,0,1,3,1,A01
200800060725,0,7,0,0,2,1,2,A01
200800060725,0,7,0,0,2,4,2,B01
200800060726,0,7,0,0,0,3,11,A01
200800060726,0,7,0,0,0,2,1,B01
200800060726,0,7,0,0,0,0,23,C01
200800060727,0,32,0,0,2,1,3,A01
200800060727,0,7,0,0,2,5,1,C01
200800060727,0,7,0,0,2,6,0,B01
200800060728,0,7,0,0,2,1,20,A01
200800060728,0,32,0,0,2,2,1,B01
200800060729,0,7,0,0,1,1,1,A01
200800060730,0,7,0,0,2,8,22,A01
200800060730,0,1,0,0,2,1,1,B01
200800060731,0,32,0,0,1,1,1,A01
200800060732,0,7,0,0,2,5,12,A01
200800060732,0,2,0,0,2,1,1,B01
200800060733,0,7,0,0,1,1,9,A01
200800060734,0,7,0,0,1,2,1,A01
200800060735,0,7,0,0,1,1,20,A01
200800060736,0,30,0,0,0,7,0,A01
200800060737,0,7,0,0,2,1,1,A01
200800060737,0,7,0,0,2,6,1,B01
200800060738,0,7,0,0,1,1,1,A01
200800060739,0,33,0,0,2,1,1,B01
200800060739,0,7,0,0,2,6,5,A01
200800060740,0,37,2,0,0,0,21,A01
200800060741,0,7,0,0,2,0,21,A01
200800060741,0,1,0,0,2,1,13,B01
200800060742,0,7,0,0,1,1,1,A01
200800060743,0,34,0,0,2,8,1,B01
200800060743,0,7,0,0,2,1,11,A01
200800060744,0,7,0,0,1,3,1,A01
200800060745,0,33,0,4,2,7,1,A01
200800060745,0,7,0,0,2,3,1,B01
200800060746,0,10,0,0,2,2,15,A01
200800060746,0,31,0,0,2,1,1,B01
200800060747,0,7,0,9,2,1,1,A01
200800060747,0,7,0,0,2,3,1,B01
200800060748,0,30,0,0,9,1,1,A01
200800060749,0,7,0,0,2,1,1,A01
200800060749,0,7,0,0,2,5,1,B01
200800060750,0,14,0,0,2,1,1,A01
200800060750,0,1,0,0,2,7,16,B01
200800060751,0,10,0,0,2,2,15,A01
200800060751,0,2,0,0,2,1,1,B01
200800060752,0,7,0,0,1,3,1,A01
200800060753,0,7,0,0,9,8,15,A01
200800060753,0,32,0,0,2,2,2,B01
200800060754,0,7,0,0,1,2,2,A01
200800060755,0,2,0,0,2,1,1,A01
200800060755,0,7,0,0,2,6,15,B01
200800060756,0,7,0,0,1,3,1,A01
200800060757,0,7,0,0,2,7,1,A01
200800060757,0,10,0,0,2,1,1,B01
200800060758,0,7,0,0,0,1,2,A01
200800060758,0,7,0,0,0,4,16,B01
200800060759,0,2,0,0,2,1,2,A01
200800060759,0,7,0,0,0,4,20,B01
200800060760,0,7,0,0,2,2,15,B01
200800060760,0,31,0,0,2,1,1,A01
200800060761,2,7,0,0,2,2,15,A01
200800060761,0,2,0,0,2,3,1,B01
200800060762,0,7,0,0,2,7,19,A01
200800060762,0,7,0,0,2,1,1,B01
200800060763,0,7,0,0,1,1,15,A01
200800060764,0,33,0,0,2,1,2,A01
200800060764,0,7,0,0,0,0,23,B01
200800060765,0,7,0,0,1,3,21,A01
200800060766,0,30,0,0,1,1,1,A01
200800060767,0,37,1,0,2,3,1,A01
200800060767,0,7,0,0,2,8,0,B01
200800060768,0,7,0,0,2,1,15,B01
200800060768,0,2,0,0,2,1,1,A01
200800060769,0,1,0,0,2,3,1,B01
200800060769,0,7,0,0,9,2,1,A01
200800060770,0,33,0,0,0,3,15,A01
200800060771,0,34,0,0,0,2,1,A01
200800060772,0,2,0,0,2,1,1,A01
200800060772,0,7,0,0,2,3,1,B01
200800060773,0,7,0,8,2,6,1,B01
200800060773,0,7,0,0,2,1,1,A01
200800060774,0,7,0,0,1,2,1,A01
200800060775,0,7,0,0,2,5,15,A01
200800060775,0,33,0,0,2,1,1,B01
200800060776,0,33,0,0,0,2,1,A01
200800060777,0,1,0,16,0,1,16,A01
200800060778,0,33,0,0,1,2,1,A01
200800060779,0,7,0,0,2,3,15,A01
200800060779,0,33,0,12,2,1,2,B01
200800060780,0,7,0,0,1,1,15,A01
200800060781,0,33,0,1,0,8,0,A01
200800060782,0,31,0,0,2,2,1,A01
200800060782,0,10,0,0,2,0,1,B01
200800060782,0,10,0,0,2,3,1,C01
200800060783,0,7,0,1,0,9,1,A01
200800060784,0,2,0,0,2,1,1,A01
200800060784,0,7,0,0,2,4,1,B01
200800060785,0,7,0,0,2,2,1,A01
200800060785,0,7,0,0,2,5,15,B01
200800060786,0,7,0,0,2,8,15,A01
200800060786,0,33,0,0,2,1,1,B01
200800060787,0,10,0,0,2,1,2,A01
200800060787,0,7,0,0,2,4,2,B01
200800060788,0,7,0,0,2,1,2,A01
200800060788,0,7,0,0,2,3,1,C01
200800060788,0,7,0,0,2,5,1,B01
200800060789,0,7,0,10,0,3,2,A01
200800060790,0,1,0,0,2,8,19,A01
200800060790,0,7,0,0,2,1,1,B01
200800060791,0,7,0,0,2,5,15,A01
200800060791,0,33,0,0,2,1,2,B01
200800060792,0,7,0,0,2,1,0,A01
200800060792,0,30,0,0,2,3,1,B01
200800060793,0,7,0,0,1,2,1,A01
200800060794,0,33,0,0,2,3,1,A01
200800060794,0,7,0,0,0,0,15,B01
200800060795,0,7,0,0,1,1,1,A01
200800060796,0,7,0,0,1,3,1,A01
200800060797,0,7,0,0,2,8,1,B01
200800060797,0,30,0,0,2,1,1,A01
200800060798,1,7,0,0,2,1,1,A01
200800060798,0,7,0,0,2,4,1,B01
200800060799,0,33,0,0,2,1,1,A01
200800060800,0,17,0,1,0,5,15,A01
200800060800,0,7,0,0,2,3,24,B01
200800060801,0,10,0,0,2,1,15,A01
200800060801,0,33,0,0,2,1,1,B01
200800060802,0,7,0,0,0,1,0,A01
200800060802,0,7,0,0,0,4,0,B01
200800060803,0,31,0,0,1,1,0,A01
200800060804,0,7,0,0,1,2,1,A01
200800060805,0,7,0,0,2,1,15,A01
200800060805,0,33,0,0,2,1,1,B01
200800060806,0,2,0,0,2,7,1,B01
200800060806,0,7,0,0,2,1,1,A01
200800060807,0,33,0,0,2,1,2,A01
200800060807,0,7,0,0,2,4,1,B01
200800060808,0,31,0,0,1,2,1,A01
200800060809,0,2,0,9,0,7,1,A01
200800060810,0,7,0,0,2,2,15,A01
200800060810,0,32,0,0,2,8,1,B01
200800060811,0,2,0,1,0,0,0,A01
200800060812,0,33,0,1,2,2,2,A01
200800060812,0,10,0,0,2,3,2,B01