Num_Acc,senc,catv,occutc,obs,obsm,choc,manv,num_veh
200800060812,0,7,0,0,2,3,0,C01
200800060813,0,7,0,0,2,1,2,A01
200800060813,0,7,0,0,2,4,2,B01
200800060814,0,32,0,0,2,1,1,B01
200800060814,0,7,0,0,2,3,9,A01
200800060815,0,37,44,0,1,3,1,A01
200800060816,0,7,0,0,2,6,2,B01
200800060816,0,7,0,0,2,2,2,A01
200800060817,0,7,0,0,2,7,15,A01
200800060817,0,32,0,0,2,1,1,B01
200800060818,0,7,0,8,0,1,0,A01
200800060819,0,7,0,0,1,8,1,A01
200800060820,0,32,0,0,2,1,17,A01
200800060820,0,7,0,0,2,3,23,B01
200800060820,0,7,0,0,2,8,1,C01
200800060821,0,37,1,0,2,1,1,B01
200800060821,0,30,0,0,2,8,16,A01
200800060822,0,7,0,0,2,1,15,A01
200800060822,0,33,0,0,2,1,1,B01
200800060823,0,7,0,0,2,1,1,A01
200800060823,0,7,0,0,2,4,2,B01
200800060824,0,10,0,0,2,2,12,A01
200800060824,0,33,0,1,2,9,14,B01
200800060825,0,2,0,0,0,0,1,A01
200800060826,0,7,0,0,2,1,1,A01
200800060826,0,7,0,0,2,4,2,B01
200800060827,0,7,0,0,2,1,1,B01
200800060827,0,7,0,0,2,1,1,C01
200800060827,0,7,0,0,2,3,15,A01
200800060828,0,7,0,0,1,4,4,A01
200800060829,0,2,0,0,2,1,17,A01
200800060829,0,7,0,0,2,8,15,B01
200800060830,0,30,0,0,1,1,1,A01
200800060831,0,30,0,0,2,1,15,A01
200800060831,0,7,0,0,2,1,1,B01
200800060832,0,33,0,0,2,7,17,A01
200800060832,0,7,0,0,0,8,15,B01
200800060833,0,10,0,0,2,1,16,B01
200800060833,0,7,0,6,2,3,1,A01
200800060834,0,7,0,0,2,3,15,A01
200800060834,0,30,0,0,2,1,1,B01
200800060835,0,2,0,0,2,1,17,A01
200800060835,0,7,0,0,2,3,15,B01
200800060836,0,7,0,0,1,1,6,A01
200800060837,0,7,0,0,1,1,1,A01
200800060838,0,7,0,4,0,1,13,A01
200800060839,0,31,0,11,0,1,1,A01
200800060840,0,7,0,0,2,8,1,B01
200800060840,0,7,0,0,2,2,1,A01
200800060841,0,7,0,0,2,4,10,A01
200800060841,0,30,0,0,2,1,1,B01
200800060841,0,10,0,0,2,7,1,C01
200800060842,0,7,0,0,2,2,1,A01
200800060842,0,7,0,0,2,3,1,B01
200800060843,0,10,0,0,2,1,1,A01
200800060843,0,7,0,0,2,4,1,B01
200800060843,0,7,0,0,2,4,1,C01
200800060843,0,7,0,0,2,4,1,D01
200800060844,0,33,0,0,2,8,1,A01
200800060844,0,7,0,0,2,0,1,B01
200800060845,0,7,0,0,1,3,16,A01
200800060846,0,7,0,0,2,3,9,B01
200800060846,0,30,0,0,2,7,3,A01
200800060847,1,7,0,0,2,0,17,A01
200800060847,0,7,0,0,2,8,1,B01
200800060847,0,7,0,0,2,2,16,C01
200800060848,0,7,0,0,2,1,15,A01
200800060848,0,2,0,0,0,1,1,B01
200800060849,0,7,0,0,1,2,1,A01
200800060850,0,31,0,0,1,1,1,A01
200800060851,1,7,0,0,2,3,1,A01
200800060851,0,7,0,0,2,3,1,B01
200800060852,0,7,0,0,2,3,1,A01
200800060852,0,32,0,0,2,3,1,B01
200800060853,0,7,0,0,2,3,2,A01
200800060853,0,30,0,0,2,2,2,B01
200800060854,0,7,0,0,1,3,1,A01
200800060855,0,7,0,0,1,1,16,A01
200800060856,0,37,0,0,0,3,9,A01
200800060856,0,7,0,0,2,5,12,B01
200800060857,0,7,0,0,2,1,1,A01
200800060857,0,7,0,0,2,4,1,B01
200800060857,0,7,0,0,0,4,1,C01
200800060858,0,10,0,0,0,0,9,A01
200800060858,0,32,0,0,0,0,21,B01
200800060859,0,7,0,0,1,1,1,A01
200800060860,0,31,0,0,2,0,1,A01
200800060860,0,1,0,0,0,0,0,B01
200800060861,0,31,0,0,2,1,2,A01
200800060861,0,7,0,0,2,1,15,B01
200800060862,0,7,0,0,2,4,2,A01
200800060862,0,33,0,0,2,1,1,B01
200800060863,0,7,0,0,1,1,15,A01
200800060864,1,7,0,0,2,1,1,A01
200800060864,0,7,0,0,0,4,1,B01
200800060865,0,30,0,0,2,3,17,A01
200800060865,0,7,0,0,2,8,15,B01
200800060866,0,30,0,0,2,0,1,A01
200800060866,0,7,0,0,2,0,0,B01
200800060867,0,7,0,0,1,7,17,A01
200800060868,0,7,0,0,1,2,1,A01
200800060869,0,7,0,0,1,2,1,A01
200800060870,0,7,0,0,1,5,4,A01
200800060871,0,7,0,0,2,2,17,A01
200800060871,0,7,0,0,2,1,1,B01
200800060871,0,7,0,0,2,1,1,C01
200800060872,0,7,0,0,2,6,0,A01
200800060872,0,7,0,0,2,0,0,B01
200800060873,0,31,0,0,2,4,1,A01
200800060873,0,7,0,0,2,1,2,B01
200800060874,0,32,0,0,0,8,1,A01
200800060875,0,7,0,0,2,1,15,A01
200800060875,0,2,0,0,2,8,1,B01
200800060876,0,7,0,0,2,1,9,A01
200800060876,0,30,0,0,2,7,1,B01
200800060877,0,1,0,0,2,1,1,B01
200800060877,0,7,0,0,2,1,15,A01
200800060878,0,30,0,0,0,8,16,A01
200800060879,0,7,0,8,0,2,1,A01
200800060880,0,2,0,0,2,1,1,A01
200800060880,0,7,0,0,2,3,1,B01
200800060881,0,33,0,0,2,1,1,A01
200800060881,0,7,0,0,2,8,1,B01
200800060882,0,37,0,0,1,2,15,A01
200800060883,0,7,0,0,1,4,4,A01
200800060884,0,7,0,0,2,2,6,A01
200800060884,0,7,0,0,2,3,1,B01
200800060885,0,33,0,0,2,1,1,B01
200800060885,0,7,0,0,2,6,1,A01
200800060886,0,1,0,0,2,1,12,A01
200800060886,0,10,0,0,0,8,1,B01
200800060887,0,7,0,0,1,0,1,A01
200800060888,0,7,0,0,1,2,1,A01
200800060889,0,7,0,0,0,1,1,A01
200800060889,0,7,0,0,2,4,15,B01
200800060890,0,7,0,0,2,3,1,A01
200800060890,0,7,0,0,2,1,1,B01
200800060891,0,7,0,0,2,1,1,B01
200800060891,0,7,0,0,2,2,1,A01
200800060892,0,7,0,0,0,1,1,A01
200800060892,0,7,0,15,0,4,1,B01
200800060893,0,7,0,0,1,1,1,A01
200800060894,0,30,0,0,0,0,0,A01
200800060895,0,7,0,0,2,1,2,A01
200800060895,0,7,0,0,2,4,2,B01
200800060896,0,30,0,0,2,1,17,A01
200800060896,0,7,0,0,2,3,1,B01
200800060896,0,30,0,0,2,4,17,C01
200800060896,0,7,0,0,2,6,1,D01
200800060897,0,7,0,0,1,2,1,A01
200800060898,0,7,0,13,0,1,1,A01
200800060899,0,7,0,0,2,3,10,A01
200800060899,0,31,0,0,2,1,17,B01
200800060900,0,7,0,0,2,6,15,A01
200800060900,0,2,0,0,2,2,1,B01
200800060901,0,30,0,0,2,1,1,A01
200800060901,0,7,0,0,2,3,23,B01
200800060901,0,7,0,0,1,1,1,C01
200800060902,0,7,0,0,2,2,9,A01
200800060902,0,7,0,1,2,3,1,B01
200800060903,0,30,0,0,2,1,17,A01
200800060903,0,7,0,0,2,3,15,B01
200800060904,0,7,0,0,2,7,15,A01
200800060904,0,30,0,0,2,1,1,B01
200800060905,0,7,0,0,1,1,1,A01
200800060906,2,7,0,0,2,1,2,A01
200800060906,0,33,0,0,2,1,2,B01
200800060906,0,7,0,0,2,4,2,C01
200800060907,0,37,6,0,2,1,2,A01
200800060907,0,7,0,0,2,4,15,B01
200800060907,0,7,0,0,2,1,1,C01
200800060908,0,7,0,0,2,1,16,A01
200800060908,0,7,0,0,2,2,1,B01
200800060909,0,7,0,0,2,7,9,A01
200800060909,0,33,0,0,2,1,1,B01
200800060910,0,7,0,0,2,1,13,A01
200800060910,0,7,0,0,2,3,0,B01
200800060911,0,7,0,1,2,8,1,B01
200800060911,0,7,0,0,2,1,1,A01
200800060912,0,32,0,0,2,0,13,A01
200800060912,0,33,0,0,2,7,1,B01
200800060913,0,7,0,0,2,5,15,A01
200800060913,0,31,0,0,2,1,1,B01
200800060914,0,7,0,0,2,1,2,A01
200800060914,0,7,0,0,2,4,2,B01
200800060915,0,30,0,0,1,1,1,A01
200800060916,0,7,0,0,1,1,1,A01
200800060917,0,7,0,0,1,4,0,A01
200800060918,0,7,0,13,0,1,14,A01
200800060919,0,33,0,0,2,1,3,A01
200800060919,0,33,0,0,2,0,2,B01
200800060919,0,7,0,0,0,6,2,C01
200800060920,0,34,0,0,2,3,3,A01
200800060920,0,7,0,0,2,5,1,B01
200800060921,0,7,0,3,2,4,1,A01
200800060921,0,7,0,0,2,3,1,B01
200800060922,0,7,0,3,0,1,0,A01
200800060923,0,7,0,3,0,3,13,A01
200800060924,0,7,0,0,2,4,2,A01
200800060924,0,7,0,0,2,4,2,B01
200800060924,0,7,0,0,2,1,2,C01
200800060925,0,10,0,0,0,4,2,A01
200800060925,0,33,0,0,2,1,2,B01
200800060926,0,33,0,0,2,1,0,A01
200800060927,0,7,0,3,2,8,2,A01
200800060927,0,17,0,0,2,2,12,B01
200800060928,0,33,0,0,0,1,2,A01
200800060928,0,99,0,0,0,4,1,B01
200800060929,0,7,0,0,0,5,2,A01
200800060929,0,7,0,0,2,3,2,B01
200800060930,0,33,0,4,0,1,1,A01
200800060931,0,10,0,0,0,0,23,A01
200800060931,0,7,0,0,2,4,23,B01
200800060931,0,7,0,1,0,1,1,C01
200800060932,0,32,0,0,0,0,0,A01
200800060932,0,33,0,0,0,0,0,B01
200800060933,0,33,0,0,0,0,3,A01
200800060933,0,15,0,0,9,0,1,B01
200800060934,0,99,0,4,2,3,2,A01
200800060934,0,7,0,0,2,3,2,B01
200800060935,0,7,0,0,2,8,11,A01
200800060935,0,33,0,0,2,2,3,B01
200800060935,0,7,0,0,2,5,1,C01
200800060936,0,7,0,0,2,0,2,A01
200800060936,0,7,0,0,2,0,2,B01
200800060937,0,7,0,0,2,4,2,A01
200800060937,0,7,0,0,2,4,2,B01
200800060937,0,7,0,0,2,4,2,C01
200800060937,0,7,0,0,2,1,2,D01
200800060938,0,7,0,4,0,3,1,A01
200800060939,0,14,0,0,2,4,23,A01
200800060939,0,7,0,0,2,4,23,B01
200800060939,0,7,0,0,2,1,2,C01
200800060940,0,7,0,4,0,1,11,A01
200800060941,0,7,0,0,2,1,1,A01
200800060941,0,7,0,0,2,1,2,B01
200800060942,0,17,0,0,2,1,12,A01
200800060942,0,7,0,4,2,6,1,B01
200800060942,0,7,0,0,0,4,1,C01
200800060942,0,33,0,0,2,1,2,D01
200800060943,0,15,0,0,2,6,1,A01
200800060943,0,7,0,0,2,9,9,B01
200800060944,0,33,0,0,2,0,3,A01
200800060945,0,33,0,0,0,0,0,A01
200800060946,0,15,0,0,0,0,2,A01
200800060947,0,7,0,0,2,0,17,A01
200800060947,0,7,0,0,2,0,2,B01
200800060947,0,7,0,0,9,0,21,C01
200800060948,0,7,0,3,0,3,12,A01
200800060948,0,7,0,0,0,4,0,B01
200800060948,0,7,0,1,0,1,2,C01
200800060949,0,33,0,0,0,3,3,A01
200800060949,0,7,0,0,0,7,0,B01
200800060950,0,15,0,0,2,2,12,A01
200800060950,0,7,0,0,0,6,2,B01
200800060951,0,7,0,0,2,1,2,A01
200800060951,0,7,0,0,2,4,2,B01
200800060951,0,7,0,0,0,4,2,C01
200800060952,0,7,0,3,0,2,19,A01
200800060953,0,15,0,0,2,2,12,A01
200800060953,0,7,0,0,2,8,1,B01
200800060953,0,15,0,0,2,3,13,C01
200800060953,0,7,0,4,2,3,1,D01
200800060953,0,32,0,0,2,1,1,E01
200800060954,0,7,0,0,0,0,0,A01
200800060955,0,7,0,0,2,1,0,A01
200800060955,0,7,0,0,2,1,2,B01
200800060955,0,7,0,0,2,4,2,C01
200800060956,0,33,0,0,0,8,2,A01
200800060957,0,7,0,0,2,7,12,A01
200800060957,0,33,0,0,2,8,21,B01
200800060958,0,7,0,4,0,1,1,A01
200800060959,0,7,0,3,2,2,9,A01
200800060959,0,7,0,0,2,1,2,B01
200800060960,0,7,0,13,0,0,2,A01
200800060961,0,17,0,0,2,2,12,A01
200800060961,0,7,0,0,2,3,1,B01
200800060962,0,7,0,4,0,1,1,A01
200800060963,0,7,0,0,2,3,2,A01
200800060963,0,33,0,0,2,2,2,B01
200800060964,0,10,0,0,1,3,13,B01
200800060965,0,7,0,16,0,2,0,A01
200800060966,0,7,0,4,0,2,0,A01
200800060967,0,7,0,0,2,6,1,A01
200800060967,0,7,0,0,2,1,12,B01
200800060968,0,33,0,0,2,7,1,A01
200800060968,0,10,0,0,2,7,1,B01
200800060968,1,10,0,0,0,0,0,C01
200800060969,0,32,0,0,2,7,3,A01
200800060969,0,7,0,0,2,3,11,B01
200800060970,0,10,0,0,2,1,2,A01
200800060970,0,7,0,0,2,4,2,B01
200800060970,0,7,0,0,2,4,2,C01
200800060970,0,7,0,0,2,4,2,D01
200800060970,0,7,0,0,2,1,2,E01
200800060971,0,10,0,0,2,1,2,A01
200800060971,0,7,0,0,2,2,1,B01
200800060971,0,7,0,0,2,6,1,C01
200800060972,0,7,0,0,0,1,0,A01
200800060972,0,7,0,0,2,1,1,B01
200800060973,0,10,0,0,2,2,1,A01
200800060973,0,32,0,0,2,8,3,B01
200800060974,0,7,0,0,2,1,1,A01
200800060974,0,7,0,0,2,3,1,B01
200800060974,0,33,0,0,2,4,1,C01
200800060974,0,7,0,0,2,4,1,D01
200800060975,0,7,0,0,2,3,2,A01
200800060975,1,15,0,0,0,0,0,B01
200800060976,0,7,0,3,0,9,14,A01
200800060977,0,7,0,4,0,3,2,A01
200800060978,0,33,0,0,2,2,3,A01
200800060978,1,15,0,0,2,8,1,B01
200800060979,0,7,0,0,0,4,1,A01
200800060979,0,7,0,0,2,1,0,B01
200800060980,0,7,0,5,2,8,1,A01
200800060980,1,99,0,0,0,0,0,B01
200800060980,0,7,0,0,0,3,1,C01
200800060981,0,7,0,4,0,1,2,A01
200800060981,0,17,0,0,0,1,2,B01
200800060982,0,7,0,3,0,1,0,A01
200800060983,0,33,0,0,2,8,17,A01
200800060984,0,7,0,0,2,2,1,A01
200800060984,0,7,0,0,2,3,5,B01
200800060984,0,7,0,0,2,6,1,C01
200800060984,0,7,0,0,2,7,1,D01
200800060985,0,7,0,0,2,6,11,A01
200800060985,0,33,0,0,2,2,0,B01
200800060985,0,7,0,0,0,4,0,C01
200800060986,0,7,0,3,0,1,0,A01
200800060987,0,33,0,0,2,2,9,A01
200800060987,0,7,0,0,2,2,1,B01
200800060988,0,7,0,0,2,1,2,A01
200800060988,0,7,0,0,0,6,2,B01
200800060989,0,33,0,0,0,8,0,A01
200800060990,0,33,0,0,2,7,0,A01
200800060990,0,7,0,0,2,5,12,B01
200800060991,0,7,0,0,2,2,11,A01
200800060991,0,7,0,0,2,4,1,B01
200800060991,0,7,0,0,0,4,1,C01
200800060991,0,33,0,0,2,1,3,D01
200800060992,0,7,0,3,0,7,1,A01
200800060993,0,31,0,0,0,8,2,A01
200800060994,0,7,0,4,0,2,0,A01
200800060995,0,15,0,4,0,2,2,A01
200800060996,0,7,0,0,2,1,0,A01
200800060996,0,7,0,0,2,4,0,B01
200800060997,0,33,0,3,0,8,9,A01
200800060998,0,33,0,0,0,7,21,A01
200800060999,0,7,0,0,1,3,2,A01
200800061000,0,33,0,0,2,3,3,A01
200800061000,0,7,0,0,0,2,12,B01
200800061001,0,7,0,0,2,8,11,A01
200800061001,0,33,0,0,2,2,3,B01
200800061002,0,7,0,0,0,1,0,A01
200800061003,0,33,0,0,2,3,3,A01
200800061003,0,7,0,0,2,5,1,B01
200800061003,0,7,0,0,2,3,1,C01
200800061004,0,7,0,0,2,5,12,A01
200800061004,0,31,0,0,2,8,1,B01
200800061005,0,33,0,0,2,8,0,A01
200800061005,0,7,0,0,2,8,0,B01
200800061005,0,7,0,0,2,8,2,C01
200800061006,0,7,0,0,2,3,2,A01
200800061007,0,7,0,0,2,1,2,A01
200800061007,0,7,0,0,0,4,2,B01
200800061008,0,33,0,0,2,2,3,A01
200800061008,0,7,0,0,2,8,11,B01
200800061009,0,10,0,0,2,1,2,A01
200800061009,0,32,0,0,2,4,2,B01
200800061009,0,7,0,0,2,1,2,C01
200800061009,0,7,0,0,2,3,1,D01
200800061010,0,32,0,0,2,3,3,A01
200800061010,0,7,0,0,2,2,1,B01
200800061011,0,7,0,0,0,9,0,A01
200800061012,0,33,0,0,2,1,2,A01
200800061012,0,7,0,0,2,4,2,B01
200800061013,0,7,0,0,2,1,1,A01
200800061013,0,7,0,0,0,4,1,B01
200800061014,0,7,0,4,0,3,21,A01
200800061015,0,7,0,0,2,2,12,A01
200800061015,0,7,0,0,2,1,17,B01
200800061015,0,7,0,0,2,3,1,C01
200800061016,0,7,0,4,0,3,13,A01
200800061017,0,32,0,0,2,8,2,A01
200800061017,0,7,0,0,2,5,2,B01
200800061018,0,7,0,0,0,1,0,A01
200800061018,0,7,0,0,0,4,0,B01
200800061018,0,7,0,0,0,4,0,C01
200800061018,0,7,0,0,0,4,0,D01
200800061019,0,33,0,3,0,3,1,A01
200800061020,0,34,0,0,2,2,3,A01
200800061020,0,10,0,0,0,0,14,B01
200800061020,0,7,0,0,0,6,1,C01
200800061021,0,7,0,0,2,1,11,A01
200800061021,0,10,0,0,2,8,2,B01
200800061021,0,10,0,0,2,7,12,C01
200800061022,0,32,0,0,2,3,3,A01
200800061022,0,7,0,0,2,2,12,B01
200800061023,0,7,0,0,2,1,1,A01
200800061023,0,7,0,0,0,4,2,B01
200800061024,0,33,0,0,2,5,0,A01
200800061024,0,7,0,0,0,5,2,B01
200800061025,0,7,0,0,0,3,21,A01
200800061026,0,32,0,0,2,1,3,A01
200800061026,0,7,0,0,0,6,11,B01
200800061027,0,7,0,4,0,1,2,A01
200800061028,0,31,0,0,0,7,3,A01
200800061028,0,10,0,0,0,0,14,B01
200800061029,0,33,0,0,0,0,3,A01
200800061030,0,7,0,0,0,9,12,A01
200800061031,0,7,0,0,2,3,9,A01
200800061031,0,7,0,0,2,3,9,B01
200800061031,0,10,0,1,0,2,2,C01
200800061032,0,10,0,0,2,7,2,A01
200800061032,0,34,0,0,0,0,21,B01
200800061033,0,7,0,4,0,3,0,A01
200800061034,0,7,0,0,2,1,2,B01
200800061034,0,7,0,0,0,4,2,A01
200800061035,0,10,0,0,0,6,2,B01
200800061035,0,33,0,0,2,3,2,A01
200800061036,0,33,0,0,0,0,1,A01
200800061037,0,7,0,0,0,6,2,A01
200800061037,0,33,0,0,2,1,2,B01
200800061038,0,15,0,0,2,8,2,B01
200800061038,0,7,0,0,2,2,12,A01
200800061039,0,32,0,0,2,1,2,C01
200800061039,0,32,0,0,0,4,2,B01
200800061039,0,7,0,0,0,5,2,A01
200800061040,0,7,0,0,2,0,0,B01
200800061040,0,7,0,0,0,0,0,C01
200800061040,0,7,0,0,0,4,0,D01
200800061040,0,7,0,0,2,9,0,A01
200800061041,0,7,0,0,0,9,14,A01
200800061042,0,7,0,4,0,1,13,A01
200800061043,0,33,0,0,0,8,0,A01
200800061044,0,7,0,4,0,2,0,A01
200800061045,0,7,0,0,9,2,12,B01
200800061045,0,32,0,0,2,1,3,A01
200800061046,0,33,0,3,0,3,2,A01
200800061047,0,10,0,0,0,4,1,B01
200800061047,0,33,0,0,2,1,3,A01
200800061048,0,7,0,0,2,5,2,B01
200800061048,0,7,0,0,2,3,0,C01
200800061048,0,7,0,0,2,6,2,A01
200800061049,0,33,0,0,0,8,0,A01
200800061050,0,33,0,4,0,7,2,A01
200800061051,0,7,0,0,2,1,1,A01
200800061051,0,7,0,0,2,4,1,B01
200800061051,0,7,0,0,2,4,1,C01
200800061052,0,7,0,3,0,3,1,A01
200800061053,0,7,0,4,0,3,0,A01
200800061054,0,31,0,0,0,8,16,A01
200800061055,0,7,0,0,0,1,2,A01
200800061056,0,2,0,0,2,1,2,C01
200800061056,0,7,0,0,2,5,2,B01
200800061056,0,37,1,0,2,8,2,A01
200800061057,0,33,0,0,0,7,16,A01
200800061058,0,33,0,14,0,1,1,A01
200800061059,0,33,0,0,0,2,3,A01
200800061060,0,7,0,0,2,7,14,B01
200800061060,0,33,0,0,2,8,1,A01
200800061061,0,7,0,0,0,5,2,B01
200800061061,0,33,0,0,2,1,2,A01
200800061062,0,7,0,0,2,8,1,B01
200800061062,0,33,0,0,2,7,3,A01
200800061063,0,31,0,3,0,8,13,A01
200800061064,0,7,0,0,2,4,23,A01
200800061064,0,7,0,0,2,1,2,C01
200800061064,0,7,0,0,2,4,23,B01
200800061065,0,14,0,0,2,2,12,A01
200800061065,0,7,0,0,2,5,2,C01
200800061065,0,7,0,0,2,6,2,B01
200800061066,0,7,0,0,0,6,11,A01
200800061066,0,33,0,0,2,1,3,B01
200800061067,0,7,0,0,0,1,2,A01
200800061068,0,1,0,0,0,4,2,B01
200800061068,0,7,0,0,1,3,1,A01
200800061069,0,32,0,0,0,8,3,A01
200800061070,0,7,0,0,0,5,1,A01
200800061071,0,7,0,0,2,6,9,B01
200800061071,0,33,0,0,2,1,1,A01
200800061072,0,7,0,0,2,3,1,A01
200800061073,0,33,0,0,0,8,1,A01
200800061074,0,7,0,0,2,3,9,B01
200800061074,0,33,0,0,2,7,1,A01
200800061075,0,32,0,0,2,1,2,A01
200800061076,0,14,0,0,0,9,2,A01
200800061077,0,33,0,0,2,0,21,B01
200800061077,0,7,0,4,2,3,0,A01
200800061078,0,10,0,0,2,1,2,C01
200800061078,0,7,0,0,2,4,2,B01
200800061078,0,7,0,0,0,4,2,A01
200800061079,0,7,0,3,0,2,1,A01
200800061080,0,14,0,0,2,1,1,B01
200800061080,0,7,0,0,2,4,12,A01
200800061081,0,7,0,0,2,1,1,A01
200800061081,0,7,0,0,0,6,1,C01
200800061081,0,7,0,0,0,5,1,B01
200800061082,0,34,0,0,2,8,2,B01
200800061082,0,7,0,0,2,7,12,A01
200800061083,0,33,0,0,0,8,21,A01
200800061084,0,7,0,0,2,4,2,C01
200800061084,0,7,0,0,2,4,2,B01
200800061084,0,10,0,0,2,1,1,A01
200800061085,0,7,0,4,0,6,0,A01
200800061086,0,34,0,0,2,3,3,B01
200800061086,0,7,0,0,2,2,9,A01
200800061087,0,7,0,0,2,1,2,B01
200800061087,0,7,0,0,0,4,1,A01
200800061088,0,7,0,0,2,4,1,B01
200800061088,0,7,0,0,2,1,1,A01
200800061089,0,15,0,0,0,1,0,A01
200800061090,0,14,0,0,0,4,2,A01
200800061090,0,7,0,0,2,1,2,B01
200800061091,0,32,0,16,0,2,1,A01
200800061092,0,7,0,4,0,1,0,A01
200800061093,0,7,0,0,2,1,0,B01
200800061093,0,7,0,0,2,4,0,A01
200800061094,0,7,0,0,2,4,2,C01
200800061094,0,7,0,0,2,1,2,B01
200800061094,0,7,0,0,2,1,2,A01
200800061095,0,33,0,0,0,8,1,A01
200800061096,0,7,0,3,2,8,1,B01
200800061096,0,10,0,0,2,2,12,A01
200800061096,0,7,0,0,2,8,1,C01
200800061097,0,7,0,0,2,7,5,C01
200800061097,0,15,0,0,2,1,2,B01
200800061097,0,7,0,4,2,3,11,A01
200800061098,0,34,0,0,0,3,0,A01
200800061098,0,7,0,0,0,5,0,B01
200800061099,0,31,0,0,0,1,1,A01
200800061100,0,7,0,4,0,1,0,A01
200800061101,0,14,0,0,2,1,1,A01
200800061101,0,7,0,0,2,4,1,B01
200800061101,0,7,0,0,2,0,0,C01
200800061102,0,7,0,0,2,8,11,A01
200800061102,0,2,0,0,2,7,17,B01
200800061103,0,7,0,0,2,8,1,B01
200800061103,0,7,0,0,2,1,1,A01
200800061104,0,7,0,0,2,9,13,A01
200800061104,0,7,0,0,2,6,1,B01
200800061105,0,34,0,0,2,0,17,A01
200800061105,0,7,0,0,2,3,13,B01
200800061106,0,7,0,0,1,0,1,A01
200800061107,0,7,0,0,2,1,2,A01
200800061107,0,7,0,0,2,0,2,B01
200800061108,0,7,0,0,2,3,0,A01
200800061108,0,32,0,0,2,1,0,B01
200800061109,0,14,0,0,2,5,1,A01
200800061109,0,7,0,0,1,3,24,B01
200800061110,0,7,0,0,2,1,1,A01
200800061110,0,7,0,4,4,4,2,B01
200800061111,0,7,0,0,2,3,17,A01
200800061111,0,31,0,0,2,0,0,B01
200800061112,0,34,0,0,0,0,0,A01
200800061112,0,7,0,0,2,3,1,B01
200800061113,0,7,0,0,2,4,13,A01
200800061113,0,7,0,0,2,1,1,B01
200800061114,0,7,0,0,1,0,0,A01
200800061114,0,7,0,0,2,2,1,B01
200800061115,0,2,0,0,2,0,5,A01
200800061115,0,2,0,0,2,0,1,B01
200800061116,0,33,0,0,2,1,13,A01
200800061116,0,7,0,0,2,1,1,B01
200800061117,0,31,0,0,2,0,9,A01
200800061117,0,7,0,0,2,3,1,B01
200800061118,0,31,0,0,2,0,13,A01
200800061118,0,37,1,0,2,1,1,B01
200800061119,0,7,0,0,2,1,2,A01
200800061119,0,7,0,14,2,4,2,B01
200800061120,0,31,0,0,2,8,2,A01
200800061120,0,7,0,0,2,4,16,B01
200800061121,0,7,0,0,2,0,2,A01
200800061121,0,30,0,0,2,0,2,B01
200800061122,0,7,0,0,2,3,2,A01
200800061122,0,7,0,0,2,4,2,B01
200800061123,0,7,0,0,2,1,1,A01
200800061123,0,7,0,0,2,4,1,B01
200800061124,0,7,0,0,2,7,15,A01
200800061124,0,33,0,0,2,1,1,B01
200800061125,0,7,0,0,2,1,2,A01
200800061125,0,7,0,0,1,4,2,B01
200800061126,0,32,0,0,1,1,1,A01
200800061127,0,33,0,0,2,8,0,A01
200800061127,0,7,0,0,2,7,14,B01
200800061128,0,1,0,0,2,7,1,B01
200800061128,1,7,0,0,2,1,0,A01
200800061129,0,7,0,0,0,4,1,A01
200800061129,0,99,0,0,0,1,1,B01
200800061130,0,7,0,0,2,1,1,A01
200800061130,0,7,0,6,2,8,1,B01
200800061131,0,7,0,0,2,1,1,A01
200800061131,0,7,0,4,2,6,1,B01
200800061132,0,1,0,0,1,1,1,A01
200800061133,0,7,0,0,2,3,0,B01
200800061133,0,30,0,0,2,3,1,A01
200800061134,0,7,0,0,0,8,15,A01
200800061134,0,30,0,0,0,2,17,B01
200800061135,0,99,0,0,1,3,15,A01
200800061136,0,7,0,4,0,3,2,A01
200800061136,0,7,0,0,0,8,2,B01
200800061137,1,10,0,0,1,1,1,A01
200800061138,0,7,0,4,0,0,0,A01
200800061139,0,17,0,0,2,1,2,A01
200800061139,0,10,0,0,2,4,2,B01
200800061139,0,14,0,0,0,4,2,C01
200800061140,0,33,0,0,2,0,0,A01
200800061140,0,7,0,0,0,0,1,B01
200800061141,0,17,0,0,2,0,12,A01
200800061141,0,7,0,0,0,0,1,B01
200800061142,0,7,0,13,0,0,13,A01
200800061143,0,7,0,4,0,0,13,A01
200800061144,0,7,0,13,0,0,0,A01
200800061145,0,7,0,4,0,0,0,A01
200800061146,0,17,0,0,2,8,11,A01
200800061146,0,7,0,0,2,7,1,B01
200800061147,0,10,0,0,2,1,2,A01
200800061147,0,10,0,0,2,4,2,B01
200800061147,0,7,0,0,2,4,2,C01
200800061147,0,7,0,0,0,4,2,D01
200800061148,0,7,0,4,0,0,0,A01
200800061149,0,7,0,0,2,1,2,A01
200800061149,0,10,0,0,0,4,2,B01
200800061150,0,7,0,4,0,0,14,A01
200800061151,1,7,0,0,1,0,9,A01
200800061152,0,7,0,0,2,8,11,A01
200800061152,0,7,0,0,2,7,14,B01
200800061153,0,33,0,0,2,1,2,A01
200800061153,0,33,0,0,0,4,2,B01
200800061154,0,7,0,4,0,0,14,A01
200800061155,0,7,0,13,0,0,0,A01
200800061156,0,7,0,3,0,0,0,A01
200800061157,0,7,0,0,2,1,2,A01
200800061157,0,7,0,0,0,4,2,B01