Num_Acc,senc,catv,occutc,obs,obsm,choc,manv,num_veh
200800061158,0,7,0,0,2,1,2,A01
200800061158,0,7,0,0,0,4,2,B01
200800061159,0,7,0,4,0,0,0,A01
200800061159,0,7,0,0,2,0,0,B01
200800061160,0,7,0,0,2,1,2,A01
200800061160,0,7,0,0,0,4,2,B01
200800061161,0,7,0,3,0,0,17,A01
200800061162,0,10,0,0,2,1,2,A01
200800061162,0,7,0,0,2,4,2,B01
200800061162,0,10,0,0,0,4,2,C01
200800061163,0,7,0,3,0,0,0,A01
200800061164,0,7,0,3,0,5,0,A01
200800061164,0,17,0,0,2,1,0,B01
200800061164,0,7,0,0,2,1,0,C01
200800061165,0,7,0,0,2,1,2,A01
200800061165,0,7,0,0,0,4,2,B01
200800061166,0,17,0,0,2,0,12,A01
200800061166,0,7,0,4,0,4,1,B01
200800061166,0,7,0,0,9,0,1,C01
200800061167,0,17,0,0,2,7,12,A01
200800061167,0,7,0,3,0,8,1,B01
200800061168,0,7,0,0,2,1,2,A01
200800061168,0,7,0,0,2,4,2,B01
200800061168,0,7,0,0,0,4,2,C01
200800061169,0,7,0,3,0,0,0,A01
200800061170,0,7,0,0,1,1,1,A01
200800061171,0,17,0,0,2,2,0,A01
200800061171,0,7,0,0,0,4,2,F01
200800061171,0,7,0,0,0,4,2,B01
200800061171,0,17,0,0,2,1,2,C01
200800061171,0,7,0,0,2,4,2,D01
200800061171,0,7,0,0,2,4,2,E01
200800061172,0,7,0,0,2,1,2,A01
200800061172,0,7,0,0,2,4,2,B01
200800061172,0,7,0,0,0,4,2,C01
200800061173,0,17,0,0,2,2,12,A01
200800061173,0,7,0,0,2,3,1,B01
200800061174,0,7,0,0,2,1,2,A01
200800061174,0,7,0,0,0,4,2,B01
200800061175,0,7,0,4,0,0,14,A01
200800061176,0,10,0,4,0,0,13,A01
200800061177,0,7,0,0,2,4,2,A01
200800061177,0,7,0,0,2,1,2,B01
200800061177,0,7,0,0,2,1,2,C01
200800061177,0,7,0,0,2,1,2,D01
200800061177,0,7,0,0,2,1,2,E01
200800061178,0,7,0,0,2,1,2,A01
200800061178,0,7,0,0,2,4,2,B01
200800061178,0,7,0,0,2,1,2,C01
200800061179,0,7,0,3,0,0,0,A01
200800061180,0,7,0,7,0,0,14,A01
200800061181,0,17,0,0,2,7,12,A01
200800061181,0,7,0,0,2,8,1,B01
200800061182,0,7,0,3,0,0,14,A01
200800061182,0,10,0,4,0,0,21,B01
200800061183,0,14,0,0,2,3,11,A01
200800061183,0,7,0,0,2,7,1,B01
200800061184,0,33,0,0,0,0,0,A01
200800061185,0,7,0,0,2,0,11,A01
200800061185,0,7,0,0,2,0,0,B01
200800061185,0,7,0,0,2,0,0,C01
200800061185,0,10,0,0,2,0,0,D01
200800061185,0,10,0,0,2,0,0,E01
200800061186,0,7,0,0,2,1,2,A01
200800061186,0,7,0,0,2,4,2,B01
200800061186,0,7,0,0,2,4,2,C01
200800061186,0,7,0,0,2,4,2,D01
200800061186,0,7,0,0,0,4,2,E01
200800061187,0,33,0,0,2,0,0,A01
200800061187,0,7,0,0,2,0,0,B01
200800061187,0,7,0,0,2,0,0,C01
200800061188,0,7,0,4,0,0,14,A01
200800061189,0,10,0,0,2,1,5,A01
200800061189,0,37,1,0,2,1,1,B01
200800061190,0,7,0,0,0,0,12,A01
200800061190,0,7,0,0,2,0,1,B01
200800061191,0,17,0,0,2,0,12,A01
200800061191,0,7,0,0,2,0,1,B01
200800061191,0,7,0,0,2,0,1,C01
200800061192,0,7,0,0,2,1,2,A01
200800061192,0,7,0,0,2,4,2,B01
200800061192,0,7,0,0,0,4,2,C01
200800061193,0,7,0,0,2,1,2,A01
200800061193,0,7,0,0,2,4,2,B01
200800061193,0,10,0,0,2,4,2,C01
200800061193,0,7,0,0,2,4,2,D01
200800061193,0,7,0,0,2,4,2,E01
200800061194,0,17,0,0,2,0,2,A01
200800061194,0,7,0,0,2,4,2,B01
200800061194,0,7,0,0,2,4,2,C01
200800061194,0,7,0,0,2,4,2,D01
200800061194,0,7,0,0,2,4,2,E01
200800061195,0,7,0,0,2,7,1,B01
200800061195,0,32,0,0,2,1,1,A01
200800061196,0,10,0,0,1,0,1,A01
200800061197,0,7,0,0,1,6,4,A01
200800061198,0,7,0,0,1,2,1,A01
200800061199,0,7,0,0,2,2,15,B01
200800061199,0,10,0,1,2,3,1,A01
200800061200,0,33,0,12,0,1,1,A01
200800061201,0,7,0,0,2,4,23,A01
200800061201,0,1,0,1,0,1,1,B01
200800061202,0,1,0,0,1,0,1,A01
200800061203,0,7,0,0,2,3,1,B01
200800061203,0,33,0,0,2,1,1,A01
200800061204,0,7,0,0,2,3,22,A01
200800061204,0,1,0,1,0,1,1,B01
200800061205,0,7,0,0,1,1,15,A01
200800061206,0,7,0,0,1,1,15,A01
200800061207,0,7,0,8,0,1,1,A01
200800061208,0,14,0,0,2,1,1,B01
200800061208,0,30,0,0,2,1,1,A01
200800061209,0,37,0,1,2,1,1,B01
200800061209,0,7,0,0,2,1,1,A01
200800061210,0,7,0,0,2,7,16,A01
200800061210,0,37,0,0,2,3,1,B01
200800061211,0,7,0,0,1,1,1,A01
200800061212,0,33,0,0,1,9,1,A01
200800061213,0,7,0,0,1,0,0,A01
200800061214,0,30,0,1,0,8,1,A01
200800061214,1,7,0,0,2,0,0,B01
200800061215,0,7,0,0,2,1,19,B01
200800061215,0,7,0,0,0,4,0,C01
200800061215,0,7,0,0,2,7,0,D01
200800061215,0,33,0,0,2,1,1,A01
200800061216,0,7,0,0,0,6,0,C01
200800061216,0,7,0,0,2,1,2,A01
200800061216,0,7,0,0,2,4,23,B01
200800061217,0,10,0,0,0,0,1,A01
200800061218,0,33,0,4,0,8,1,A01
200800061219,0,7,0,0,2,1,1,A01
200800061219,0,7,0,0,0,4,23,B01
200800061220,0,7,0,4,0,2,2,A01
200800061221,0,7,0,0,2,4,1,B01
200800061221,0,7,0,0,2,2,1,A01
200800061221,0,7,0,0,2,1,1,C01
200800061222,0,10,0,0,2,1,2,A01
200800061222,0,7,0,0,2,4,1,B01
200800061222,0,7,0,0,2,4,1,C01
200800061222,0,7,0,0,0,4,1,D01
200800061223,0,33,0,0,0,1,1,A01
200800061224,0,33,0,0,2,7,14,A01
200800061224,0,7,0,0,0,6,2,B01
200800061225,0,10,0,0,2,1,1,A01
200800061225,0,7,0,0,0,4,1,B01
200800061226,0,33,0,3,0,8,2,A01
200800061227,1,17,0,0,2,0,0,A01
200800061227,0,7,0,0,0,4,1,B01
200800061228,0,7,0,0,2,2,12,A01
200800061228,0,7,0,0,0,3,2,B01
200800061229,0,10,0,0,2,1,1,A01
200800061229,0,7,0,0,0,4,1,B01
200800061230,0,33,0,0,2,7,1,A01
200800061230,0,7,0,0,2,8,1,B01
200800061231,0,17,0,0,2,1,2,A01
200800061231,0,10,0,0,2,4,2,B01
200800061231,0,7,0,0,0,4,2,C01
200800061232,0,7,0,4,0,1,0,A01
200800061233,0,17,0,0,2,2,12,A01
200800061233,0,7,0,3,2,8,2,B01
200800061233,0,16,0,0,2,2,2,C01
200800061234,0,7,0,0,2,1,1,A01
200800061234,0,7,0,0,0,4,1,B01
200800061235,0,31,0,0,2,1,3,A01
200800061235,0,7,0,0,0,4,11,B01
200800061235,0,7,0,0,0,4,2,C01
200800061236,0,7,0,4,2,1,2,A01
200800061236,0,17,0,4,0,3,1,B01
200800061237,0,33,0,0,2,7,12,A01
200800061237,0,33,0,3,0,2,2,B01
200800061238,0,7,0,4,0,1,1,A01
200800061239,0,33,0,0,2,7,2,A01
200800061239,0,7,0,0,0,4,2,B01
200800061240,0,7,0,4,0,3,1,A01
200800061241,0,33,0,0,0,8,2,A01
200800061242,0,7,0,3,0,2,1,A01
200800061243,0,7,0,4,0,2,2,A01
200800061244,0,7,0,4,0,1,1,A01
200800061245,0,17,0,0,0,4,23,B01
200800061245,0,7,0,0,2,1,2,A01
200800061246,0,7,0,4,0,1,1,A01
200800061247,0,7,0,4,0,1,2,A01
200800061248,0,7,0,0,2,3,11,A01
200800061248,0,7,0,0,0,5,1,B01
200800061249,0,1,0,0,9,1,0,B01
200800061249,0,1,0,0,9,1,0,A01
200800061250,0,7,0,0,0,7,20,B01
200800061250,0,7,0,0,2,3,7,A01
200800061251,0,7,0,4,0,1,13,A01
200800061252,0,10,0,0,2,1,1,B01
200800061252,0,7,0,0,0,4,1,A01
200800061253,0,7,0,4,0,6,1,B01
200800061253,0,17,0,0,2,2,12,A01
200800061254,0,7,0,3,0,2,1,A01
200800061255,0,7,0,3,2,2,2,A01
200800061255,0,7,0,0,2,3,13,B01
200800061256,0,7,0,3,0,1,1,B01
200800061256,0,17,0,0,2,6,13,A01
200800061257,0,7,0,0,2,7,17,A01
200800061257,0,7,0,0,0,6,1,B01
200800061258,0,17,0,0,2,2,12,A01
200800061258,0,7,0,4,0,3,1,B01
200800061259,0,7,0,0,2,7,15,A01
200800061259,0,7,0,0,2,1,1,B01
200800061260,0,33,0,0,2,1,1,B01
200800061260,0,7,0,0,2,3,15,A01
200800061261,0,2,0,0,2,1,17,A01
200800061261,1,7,0,0,0,0,17,C01
200800061261,0,7,0,0,2,6,15,B01
200800061262,0,7,0,0,9,8,2,A01
200800061262,0,1,0,0,2,7,12,B01
200800061263,0,32,0,0,1,1,1,A01
200800061264,0,7,0,0,4,8,15,A01
200800061264,0,40,0,0,2,1,1,B01
200800061265,0,33,0,0,2,7,1,A01
200800061265,0,7,0,0,9,3,2,B01
200800061266,0,7,0,0,2,1,2,A01
200800061266,0,7,0,0,2,4,23,B01
200800061267,0,30,0,0,2,1,2,A01
200800061267,0,7,0,0,9,4,23,B01
200800061268,0,7,0,0,9,2,1,B01
200800061268,0,30,0,0,2,1,1,A01
200800061269,0,7,0,0,2,3,15,A01
200800061269,0,7,0,0,2,1,2,B01
200800061270,0,30,0,0,2,1,5,A01
200800061270,0,7,0,0,9,2,1,B01
200800061271,0,7,0,0,2,3,2,A01
200800061271,0,7,0,0,2,5,23,B01
200800061271,0,7,0,0,2,1,2,C01
200800061272,0,14,0,0,1,3,15,A01
200800061273,0,37,46,0,2,1,0,B01
200800061273,0,7,0,0,2,3,1,A01
200800061274,0,32,0,0,2,1,17,A01
200800061274,0,7,0,0,2,3,15,B01
200800061275,0,7,0,0,2,2,1,A01
200800061275,0,7,0,0,2,3,1,B01
200800061276,0,7,0,0,2,8,20,A01
200800061276,0,7,0,0,2,2,2,B01
200800061277,0,32,0,0,2,2,8,A01
200800061277,0,7,0,0,2,8,15,B01
200800061278,0,30,0,0,2,1,1,A01
200800061278,0,7,0,0,2,6,1,B01
200800061279,0,2,0,0,2,3,2,A01
200800061279,1,32,0,0,2,2,2,B01
200800061280,0,7,0,0,2,1,9,A01
200800061280,0,30,0,0,2,1,1,B01
200800061281,0,7,0,0,2,1,2,A01
200800061281,0,7,0,0,2,4,2,B01
200800061282,0,7,0,0,1,1,1,A01
200800061283,0,7,0,0,2,3,10,A01
200800061283,0,7,0,0,2,5,1,B01
200800061283,0,32,0,0,2,1,1,C01
200800061283,0,7,0,0,2,1,2,D01
200800061284,0,7,0,0,2,1,0,A01
200800061284,0,7,0,0,2,8,2,B01
200800061285,0,7,0,0,2,1,2,A01
200800061285,0,7,0,0,0,4,2,B01
200800061286,0,7,0,0,2,1,15,A01
200800061286,0,33,0,0,2,1,1,B01
200800061287,0,7,0,14,0,1,1,A01
200800061288,0,7,0,0,0,7,15,A01
200800061289,0,30,0,6,2,1,17,A01
200800061289,0,7,0,0,2,8,15,B01
200800061290,0,7,0,0,1,0,15,A01
200800061291,0,7,0,0,1,2,1,A01
200800061292,0,7,0,0,1,1,15,A01
200800061293,0,7,0,0,1,3,15,A01
200800061294,0,7,0,0,2,2,14,A01
200800061294,0,7,0,0,2,6,1,B01
200800061295,0,7,0,4,0,1,1,A01
200800061296,0,7,0,1,0,2,1,A01
200800061296,0,14,0,0,0,6,24,B01
200800061297,0,7,0,0,2,1,2,A01
200800061297,0,7,0,0,2,4,2,B01
200800061297,0,10,0,0,2,4,2,C01
200800061297,0,7,0,0,2,4,2,D01
200800061298,0,7,0,0,2,1,2,A01
200800061298,0,7,0,0,2,4,1,B01
200800061298,0,7,0,0,2,1,1,C01
200800061299,0,10,0,0,2,1,1,B01
200800061299,0,7,0,0,2,7,1,A01
200800061300,0,7,0,4,0,1,2,A01
200800061301,0,14,0,0,2,7,12,A01
200800061301,0,7,0,6,2,8,1,B01
200800061301,0,7,0,0,9,1,1,C01
200800061302,0,7,0,0,0,8,9,A01
200800061303,0,14,0,0,2,2,21,A01
200800061303,0,14,0,0,2,6,24,B01
200800061303,0,10,0,3,2,7,17,C01
200800061304,0,7,0,3,0,8,0,A01
200800061305,0,7,0,4,0,4,0,A01
200800061306,0,7,0,4,0,1,16,A01
200800061307,0,17,0,6,0,1,1,A01
200800061308,0,7,0,4,0,0,1,A01
200800061309,0,33,0,14,0,1,0,A01
200800061310,0,7,0,4,2,7,17,A01
200800061310,0,7,0,4,2,8,1,B01
200800061311,0,17,0,13,0,1,1,A01
200800061312,0,7,0,0,2,5,1,A01
200800061312,0,7,0,0,0,6,1,B01
200800061312,0,7,0,0,0,8,1,C01
200800061313,0,10,0,0,2,1,2,E01
200800061313,0,10,0,0,2,1,2,D01
200800061313,0,10,0,0,2,4,2,C01
200800061313,0,7,0,0,2,4,1,B01
200800061313,0,10,0,0,0,4,1,A01
200800061314,0,7,0,0,2,4,1,D01
200800061314,0,7,0,0,2,4,1,E01
200800061314,0,7,0,0,2,2,21,A01
200800061314,0,7,0,0,2,8,1,B01
200800061314,0,7,0,0,2,8,1,C01
200800061315,0,33,0,0,0,7,1,A01
200800061316,0,7,0,0,0,1,2,A01
200800061317,0,17,0,0,2,2,12,A01
200800061317,0,7,0,0,2,6,0,B01
200800061318,0,7,0,0,2,1,2,A01
200800061318,0,7,0,0,0,4,2,B01
200800061319,0,7,0,0,0,3,13,A01
200800061320,0,7,0,3,0,1,15,A01
200800061321,0,7,0,0,0,4,0,B01
200800061321,0,7,0,0,2,1,2,A01
200800061322,0,7,0,0,0,6,18,A01
200800061322,0,7,0,0,2,2,1,B01
200800061323,1,10,0,0,1,1,15,A01
200800061324,0,31,0,0,2,1,1,A01
200800061324,0,7,0,0,2,6,15,B01
200800061325,0,7,0,0,1,1,1,A01
200800061326,0,2,0,0,2,7,1,B01
200800061326,0,7,0,0,2,2,9,A01
200800061327,0,2,0,0,0,2,0,A01
200800061328,0,7,0,1,0,1,2,A01
200800061328,0,7,0,0,2,4,2,B01
200800061328,1,7,0,0,2,1,2,C01
200800061329,0,32,0,0,2,1,0,A01
200800061329,0,7,0,0,2,6,15,B01
200800061330,0,33,0,0,2,1,1,A01
200800061330,0,7,0,0,2,2,11,B01
200800061331,0,7,0,0,2,3,21,A01
200800061331,0,7,0,0,2,2,2,B01
200800061331,0,7,0,0,0,5,23,C01
200800061331,0,7,0,0,0,6,23,D01
200800061332,0,7,0,3,0,3,1,A01
200800061333,0,33,0,3,0,0,12,A01
200800061334,0,7,0,4,0,8,2,A01
200800061335,1,7,0,0,2,1,2,A01
200800061335,0,7,0,0,2,4,2,B01
200800061336,0,7,0,0,2,1,1,A01
200800061336,0,10,0,0,0,4,23,B01
200800061337,0,10,0,0,2,3,11,A01
200800061337,0,32,0,0,0,5,3,B01
200800061338,0,7,0,0,2,1,2,A01
200800061338,0,7,0,0,2,4,2,B01
200800061338,0,7,0,0,0,4,2,C01
200800061339,0,7,0,0,0,4,1,A01
200800061339,0,10,0,0,2,1,1,B01
200800061339,0,7,0,0,2,2,1,C01
200800061340,0,7,0,0,0,6,23,A01
200800061340,0,7,0,0,2,2,2,B01
200800061340,0,7,0,0,2,1,2,C01
200800061341,0,7,0,3,0,1,12,A01
200800061341,1,7,0,0,0,0,12,B01
200800061342,0,7,0,0,2,1,2,B01
200800061342,0,7,0,0,2,1,2,C01
200800061342,0,7,0,0,2,4,0,A01
200800061343,0,7,0,0,0,4,23,A01
200800061343,0,7,0,0,2,1,23,B01
200800061343,0,7,0,0,2,1,2,C01
200800061344,0,7,0,0,2,5,2,A01
200800061344,0,7,0,0,2,1,2,B01
200800061345,0,7,0,4,0,4,1,A01
200800061345,0,7,0,0,2,1,1,B01
200800061346,0,7,0,0,0,4,1,A01
200800061346,0,33,0,0,2,1,2,B01
200800061347,0,10,0,0,2,8,11,A01
200800061347,0,10,0,0,2,1,1,B01
200800061348,0,7,0,0,0,4,11,A01
200800061348,0,7,0,0,2,1,17,B01
200800061349,0,7,0,0,0,4,1,A01
200800061349,1,7,0,0,2,1,1,B01
200800061350,0,7,0,0,2,3,11,A01
200800061350,0,33,0,0,0,7,1,B01
200800061351,0,7,0,4,0,3,1,A01
200800061352,0,7,0,0,0,6,0,A01
200800061352,0,32,0,1,0,1,0,B01
200800061352,1,15,0,0,2,0,0,C01
200800061353,0,7,0,3,0,8,0,A01
200800061354,0,7,0,0,2,0,2,A01
200800061354,0,7,0,0,2,0,2,B01
200800061355,0,7,0,3,0,7,0,A01
200800061356,0,7,0,0,0,4,23,A01
200800061356,0,7,0,0,2,1,2,B01
200800061357,0,7,0,4,0,2,1,A01
200800061358,0,31,0,0,0,0,1,A01
200800061359,0,7,0,0,2,4,2,A01
200800061359,1,7,0,1,0,1,2,B01
200800061360,0,7,0,1,0,3,2,A01
200800061361,0,7,0,0,0,5,1,A01
200800061361,0,7,0,0,2,1,12,B01
200800061362,0,7,0,0,0,6,2,A01
200800061362,0,7,0,0,2,2,2,B01
200800061363,0,7,0,0,2,4,0,A01
200800061363,0,7,0,0,2,1,2,B01
200800061363,0,7,0,0,2,4,2,C01
200800061363,0,7,0,0,2,1,1,D01
200800061364,0,7,0,0,0,4,1,A01
200800061364,0,10,0,0,2,4,1,B01
200800061364,0,7,0,0,2,1,1,C01
200800061365,0,7,0,0,2,6,0,A01
200800061365,0,7,0,1,2,2,0,B01
200800061366,0,10,0,0,0,4,2,A01
200800061366,0,10,0,0,2,1,2,B01
200800061366,0,10,0,0,2,3,2,C01
200800061367,0,7,0,0,0,4,2,A01
200800061367,0,7,0,1,0,1,2,B01
200800061368,0,10,0,0,2,1,1,A01
200800061368,0,10,0,0,2,1,5,B01
200800061369,0,7,0,0,0,8,0,A01
200800061369,0,7,0,0,2,1,0,B01
200800061370,0,10,0,3,2,1,0,A01
200800061370,0,10,0,0,2,4,1,B01
200800061371,0,7,0,4,0,8,1,A01
200800061372,0,7,0,0,0,4,1,A01
200800061372,0,7,0,0,2,1,2,B01
200800061373,0,7,0,0,2,1,1,A01
200800061373,0,7,0,0,2,4,1,B01
200800061373,0,7,0,0,2,4,1,C01
200800061374,0,7,0,0,0,4,1,A01
200800061374,0,10,0,0,2,2,2,B01
200800061375,0,7,0,0,0,8,1,A01
200800061375,0,15,0,0,2,2,12,B01
200800061376,0,33,0,0,0,4,1,A01
200800061376,0,7,0,0,2,2,12,B01
200800061377,0,7,0,0,0,1,2,A01
200800061378,0,7,0,3,2,5,21,A01
200800061378,0,32,0,0,2,8,11,B01
200800061378,0,7,0,0,2,6,1,C01
200800061378,0,7,0,0,2,8,1,D01
200800061379,0,7,0,0,0,4,2,A01
200800061379,0,7,0,0,2,1,2,B01
200800061380,0,7,0,0,0,4,2,A01
200800061380,0,7,0,0,2,4,2,B01
200800061380,0,7,0,0,2,4,2,C01
200800061380,0,7,0,0,2,1,2,D01
200800061381,0,7,0,10,0,1,1,A01
200800061382,0,7,0,3,0,7,1,A01
200800061383,0,7,0,0,0,9,1,A01
200800061383,1,7,0,0,0,0,18,B01
200800061384,0,7,0,0,0,5,2,A01
200800061384,0,33,0,0,2,1,2,B01
200800061385,0,10,0,0,2,5,1,A01
200800061386,0,7,0,2,0,1,14,A01
200800061387,0,7,0,3,0,3,1,A01
200800061388,0,7,0,14,0,1,21,A01
200800061388,0,10,0,14,0,1,21,B01
200800061389,0,7,0,0,0,0,23,A01
200800061389,0,7,0,0,0,6,2,B01
200800061389,0,7,0,0,2,1,2,C01
200800061389,0,7,0,0,0,4,2,D01
200800061390,0,13,0,0,0,4,1,A01
200800061391,0,7,0,8,0,1,1,A01
200800061392,0,7,0,13,0,2,1,A01
200800061393,0,7,0,13,0,8,1,A01
200800061393,2,7,0,3,2,7,17,B01
200800061394,0,7,0,0,0,4,1,A01
200800061394,0,7,0,0,2,1,2,B01
200800061395,0,7,0,0,2,4,1,A01
200800061395,0,7,0,14,0,1,1,B01
200800061396,0,7,0,0,0,4,1,A01
200800061396,0,7,0,0,2,1,1,B01
200800061397,0,7,0,0,0,4,0,A01
200800061397,0,7,0,1,2,1,0,B01
200800061398,0,7,0,0,0,4,2,A01
200800061398,0,7,0,0,2,1,2,B01
200800061399,0,10,0,0,0,4,1,A01
200800061399,0,7,0,0,2,1,2,B01
200800061400,0,33,0,0,0,7,1,A01
200800061401,0,7,0,0,0,4,0,A01
200800061401,0,7,0,0,2,1,2,B01
200800061401,0,7,0,0,2,1,2,C01
200800061401,0,7,0,0,2,1,2,D01
200800061402,0,7,0,4,2,1,1,A01
200800061403,0,7,0,3,2,1,1,A01
200800061404,0,7,0,0,0,1,1,A01
200800061405,0,7,0,8,0,3,8,A01
200800061406,0,32,0,0,2,1,2,A01
200800061406,0,7,0,0,2,4,2,B01
200800061407,0,7,0,0,2,4,2,B01
200800061407,0,32,0,0,2,5,2,A01
200800061408,0,2,0,12,0,1,14,A01
200800061409,0,10,0,0,2,1,2,A01
200800061409,0,7,0,0,2,4,2,B01
200800061410,0,34,0,12,0,8,14,A01
200800061411,0,30,0,0,1,2,1,A01
200800061412,0,7,0,0,2,3,15,A01
200800061412,0,33,0,0,2,7,17,B01
200800061413,0,10,0,0,2,2,15,A01
200800061413,0,33,0,0,2,1,1,B01
200800061414,0,32,0,0,0,2,1,A01
200800061415,0,2,0,0,2,1,0,B01
200800061415,0,7,0,0,9,1,15,A01
200800061416,0,34,0,0,1,1,1,A01
200800061417,0,10,0,0,2,2,1,A01
200800061417,0,33,0,0,2,1,1,B01
200800061418,0,10,0,0,1,2,1,A01
200800061419,0,7,0,0,2,1,15,A01
200800061419,0,30,0,1,2,8,1,B01
200800061420,0,34,0,0,2,3,1,B01
200800061420,0,7,0,0,2,2,16,A01
200800061421,0,32,0,0,2,3,1,A01
200800061421,1,7,0,0,0,0,0,B01
200800061422,0,2,0,0,0,8,1,A01
200800061422,1,7,0,0,0,0,0,B01
200800061423,0,30,0,0,0,8,1,A01
200800061424,0,37,0,0,0,0,21,A01
200800061425,0,33,0,15,1,1,1,A01
200800061426,0,34,0,0,0,0,21,A01
200800061427,0,30,0,0,0,0,5,A01
200800061428,0,32,0,0,2,5,1,B01
200800061428,0,7,0,0,2,2,1,A01
200800061429,0,30,0,0,2,6,7,A01
200800061429,0,10,0,0,2,2,16,B01
200800061430,0,32,0,0,2,3,7,A01
200800061430,0,7,0,0,2,2,16,B01
200800061431,0,32,0,0,9,0,9,A01
200800061432,0,33,0,0,2,3,7,A01
200800061432,0,2,0,0,2,2,16,B01
200800061433,0,32,0,0,0,0,21,A01
200800061434,0,2,0,0,2,3,1,B01
200800061434,0,7,0,0,2,1,1,A01
200800061435,0,13,0,0,1,0,15,A01
200800061436,0,2,0,0,2,1,17,A01
200800061436,0,7,0,0,2,6,15,B01
200800061437,0,30,0,0,2,1,2,A01
200800061437,0,33,0,0,2,2,16,B01
200800061438,0,7,0,0,1,6,20,A01
200800061439,0,33,0,0,2,1,1,B01
200800061439,0,7,0,0,2,6,10,A01
200800061440,0,7,0,11,0,3,13,A01
200800061441,0,10,0,0,2,4,23,B01
200800061441,0,7,0,0,2,4,23,C01
200800061441,0,10,0,0,2,1,2,A01
200800061442,0,33,0,0,0,0,21,A01
200800061443,0,1,0,0,2,1,2,A01
200800061443,0,7,0,0,2,5,20,B01
200800061444,0,33,0,0,9,0,1,A01
200800061444,0,30,0,0,2,0,1,B01
200800061445,0,33,0,0,2,4,9,A01
200800061445,0,30,0,0,2,1,9,B01
200800061446,0,1,0,0,1,1,21,A01
200800061447,1,32,0,0,1,0,0,A01
200800061448,0,33,0,0,2,3,1,B01
200800061448,0,7,0,0,2,5,16,A01
200800061449,0,1,0,0,1,7,1,A01
200800061450,0,1,0,0,2,1,1,A01
200800061450,1,13,0,0,2,0,1,B01
200800061451,0,7,0,0,2,2,2,A01
200800061451,0,7,0,0,2,6,2,B01
200800061452,1,7,0,0,1,0,15,A01
200800061453,0,1,0,0,1,8,1,A01
200800061454,0,7,0,0,2,2,7,A01
200800061454,0,30,0,0,2,0,12,B01
200800061455,0,30,0,0,2,1,1,A01
200800061455,0,1,0,0,2,0,19,B01
200800061456,0,33,0,0,1,2,1,A01
200800061457,0,33,0,12,0,8,13,A01
200800061458,0,7,0,0,2,7,2,B01
200800061458,0,31,0,0,2,8,12,A01
200800061459,0,37,15,0,1,2,1,A01
200800061460,0,33,0,0,2,5,2,A01
200800061460,0,7,0,0,2,4,2,B01
200800061461,0,33,0,0,2,1,2,A01
200800061461,0,7,0,0,2,5,23,B01
200800061462,0,2,0,0,1,0,1,A01
200800061463,0,30,0,0,2,1,2,A01
200800061463,0,32,0,0,2,4,2,B01
200800061464,0,7,0,0,1,1,9,A01
200800061465,0,1,0,0,0,8,0,B01
200800061465,0,7,0,0,0,3,0,A01
200800061466,0,7,0,0,0,5,2,B01
200800061466,0,2,0,0,2,3,2,A01
200800061467,1,7,0,0,2,6,11,A01
200800061467,0,34,0,0,2,2,2,B01
200800061468,0,7,0,0,2,3,15,B01
200800061468,0,32,0,0,2,2,7,A01
200800061469,0,32,0,0,2,8,13,A01
200800061469,0,31,0,0,2,7,1,B01
200800061470,0,7,0,0,2,2,15,A01
200800061470,0,33,0,0,2,1,1,B01
200800061471,0,1,0,0,2,1,1,A01
200800061471,0,1,0,0,2,1,15,B01
200800061472,0,32,0,0,2,7,2,B01
200800061472,0,7,0,0,2,3,13,A01
200800061473,0,32,0,0,2,0,7,A01
200800061473,0,7,0,0,2,0,16,B01
200800061474,0,7,0,0,2,1,1,B01
200800061474,0,10,0,15,2,5,1,A01
200800061475,0,7,0,6,0,1,13,A01
200800061476,0,32,0,0,0,0,1,A01
200800061477,0,33,0,0,1,3,1,A01
200800061478,0,7,0,0,2,7,22,A01
200800061478,0,2,0,0,2,1,18,B01
200800061479,0,7,0,0,2,1,1,A01
200800061479,0,34,0,0,2,0,18,B01
200800061480,0,7,0,0,2,3,9,A01
200800061480,0,30,0,0,2,2,1,B01
200800061481,0,7,0,0,2,7,1,B01
200800061481,0,30,0,0,0,2,1,A01
200800061482,0,7,0,0,2,3,0,B01
200800061482,0,2,0,0,2,7,17,A01
200800061483,0,33,0,0,2,1,1,B01
200800061483,0,1,0,0,2,7,1,A01
200800061484,0,7,0,0,2,7,15,A01
200800061484,0,32,0,0,2,2,1,B01
200800061485,0,33,0,0,0,7,1,A01
200800061486,0,2,0,0,0,0,21,A01
200800061487,0,30,0,0,2,1,2,A01
200800061487,0,7,0,0,2,6,23,B01
200800061488,0,30,0,0,0,8,1,A01
200800061489,0,32,0,0,0,7,1,A01
200800061490,0,7,0,0,2,3,13,A01
200800061490,0,32,0,0,2,5,1,B01
200800061491,0,7,0,0,2,5,1,A01
200800061491,0,31,0,0,2,1,1,B01
200800061492,0,30,0,0,1,2,1,A01
200800061493,0,7,0,0,1,1,1,A01
200800061494,0,7,0,0,2,0,15,A01
200800061494,0,32,0,0,2,8,1,B01
200800061495,0,33,0,0,0,0,1,A01
200800061496,0,7,0,0,2,0,22,A01
200800061496,0,1,0,0,2,0,1,B01
200800061497,0,10,0,8,1,2,15,A01
200800061498,0,7,0,0,2,1,15,A01
200800061498,0,31,0,0,2,8,1,B01
200800061499,0,7,0,0,1,6,4,A01