Num_Acc,senc,catv,occutc,obs,obsm,choc,manv,num_veh
200800062610,0,7,0,0,2,2,19,A01
200800062610,0,7,0,0,2,1,1,B02
200800062611,0,7,0,13,0,1,1,A01
200800062612,0,30,0,14,0,1,1,A01
200800062613,0,33,0,13,0,1,1,A01
200800062614,0,7,0,0,2,3,13,A01
200800062614,0,7,0,0,2,3,1,B02
200800062615,0,7,0,0,1,2,1,A01
200800062616,0,7,0,0,2,2,20,A01
200800062616,0,30,0,0,2,1,1,B02
200800062617,0,7,0,0,1,2,21,A01
200800062617,0,7,0,0,0,1,1,B02
200800062618,0,30,0,6,0,1,13,A01
200800062619,0,7,0,0,2,2,2,A01
200800062619,0,1,0,0,2,4,2,B02
200800062620,0,7,0,0,2,2,13,A01
200800062620,0,7,0,0,2,1,1,B02
200800062621,0,7,0,2,0,1,1,A01
200800062622,0,7,0,2,0,3,13,A01
200800062623,0,7,0,0,1,3,1,A01
200800062624,0,7,0,0,0,0,1,A01
200800062624,0,10,0,0,2,3,13,B02
200800062625,0,10,0,8,0,3,1,A01
200800062626,0,30,0,0,2,1,1,B02
200800062626,0,7,0,0,2,8,19,A01
200800062627,0,7,0,2,0,1,1,A01
200800062628,0,7,0,0,1,2,1,A01
200800062629,0,7,0,0,1,3,15,A01
200800062630,0,7,0,13,0,1,13,A01
200800062631,0,7,0,0,2,1,1,A01
200800062631,0,14,0,0,2,3,1,B02
200800062632,0,36,0,13,0,1,1,A01
200800062633,0,7,0,0,1,1,15,A01
200800062634,0,2,0,0,1,0,1,A01
200800062635,0,15,0,0,0,8,15,A01
200800062635,0,30,0,0,0,7,1,B02
200800062636,0,7,0,0,2,1,13,A01
200800062636,0,7,0,0,2,1,1,B02
200800062637,0,7,0,0,2,3,13,A01
200800062637,0,7,0,0,2,3,1,B02
200800062638,0,30,0,6,0,1,1,A01
200800062639,0,7,0,0,2,1,0,A01
200800062639,0,7,0,0,2,1,0,B02
200800062640,0,7,0,0,1,7,1,A01
200800062641,0,7,0,0,2,1,23,A01
200800062641,0,7,0,1,0,1,2,B02
200800062642,0,10,0,0,2,2,14,A01
200800062642,0,17,0,0,0,0,1,B02
200800062643,0,7,0,2,0,7,1,A01
200800062644,0,7,0,0,0,3,15,A01
200800062644,0,2,0,0,0,1,17,B02
200800062645,0,7,0,0,2,3,15,A01
200800062645,0,33,0,0,2,1,17,B02
200800062646,0,7,0,0,2,7,15,A01
200800062646,0,7,0,0,2,1,1,B02
200800062647,0,7,0,0,2,7,19,A01
200800062647,0,2,0,0,2,1,1,B02
200800062648,0,7,0,0,2,2,19,A01
200800062648,0,17,0,0,2,1,1,B02
200800062648,0,7,0,0,2,3,1,C03
200800062649,0,7,0,0,1,2,1,A01
200800062650,0,7,0,15,0,1,1,A01
200800062651,0,38,0,2,0,3,1,A01
200800062652,0,7,0,0,1,3,1,A01
200800062653,0,7,0,0,1,2,1,A01
200800062654,0,30,0,2,0,1,14,A01
200800062655,0,10,0,0,2,3,1,A01
200800062655,0,17,0,0,0,5,23,B02
200800062656,0,7,0,0,2,1,15,A01
200800062656,0,33,0,0,2,7,1,B02
200800062657,0,7,0,0,2,3,19,A01
200800062657,0,3,0,0,2,8,1,B02
200800062658,0,10,0,2,0,1,1,A01
200800062659,0,10,0,0,2,6,23,A01
200800062659,0,7,0,1,0,1,1,B02
200800062660,0,7,0,2,0,2,15,A01
200800062661,0,7,0,2,0,3,13,A01
200800062662,0,7,0,0,2,7,19,A01
200800062662,0,7,0,0,2,1,19,B02
200800062663,0,33,0,0,2,1,1,B02
200800062663,0,7,0,0,2,8,1,A01
200800062664,1,7,0,0,1,6,1,A01
200800062665,0,7,0,0,2,1,1,A01
200800062665,0,10,0,0,2,7,1,B02
200800062666,0,7,0,0,2,3,11,A01
200800062666,0,7,0,0,2,3,1,B02
200800062667,0,7,0,13,0,2,1,A01
200800062668,0,17,0,0,2,1,1,A01
200800062668,0,17,0,0,2,8,15,B02
200800062669,0,7,0,2,0,2,1,A01
200800062670,0,10,0,0,2,1,15,A01
200800062670,0,7,0,0,2,3,1,B02
200800062671,0,31,0,0,2,4,15,A01
200800062671,0,10,0,0,2,2,18,B02
200800062672,0,30,0,10,0,1,13,A01
200800062673,0,7,0,0,1,2,1,A01
200800062674,0,2,0,0,2,1,1,A01
200800062674,0,7,0,0,0,5,23,B02
200800062675,0,30,0,0,2,1,16,B02
200800062675,0,30,0,0,2,2,15,A01
200800062676,0,7,0,2,0,1,19,A01
200800062677,0,7,0,0,2,8,15,A01
200800062677,0,33,0,0,2,1,17,B02
200800062678,0,33,0,13,0,1,1,A01
200800062679,0,33,0,0,0,8,1,A01
200800062680,0,7,0,0,2,3,1,A01
200800062680,0,2,0,0,2,1,13,B02
200800062681,0,7,0,0,1,2,17,A01
200800062682,0,7,0,0,2,6,15,A01
200800062682,0,7,0,0,2,1,1,B02
200800062683,0,7,0,0,2,7,15,A01
200800062683,0,33,0,0,2,1,0,B02
200800062684,0,7,0,0,2,1,1,A01
200800062684,0,7,0,0,2,4,1,B02
200800062684,0,7,0,0,2,4,1,C03
200800062685,0,7,0,0,1,2,1,A01
200800062686,0,30,0,0,2,7,17,A01
200800062686,0,7,0,0,9,8,15,B02
200800062687,0,33,0,0,2,4,1,A01
200800062687,0,33,0,0,2,1,1,B02
200800062688,0,30,0,0,2,1,1,A01
200800062688,0,7,0,0,2,8,15,B02
200800062689,0,7,0,0,2,6,15,A01
200800062689,0,32,0,0,2,1,1,B02
200800062690,0,7,0,0,2,1,17,A01
200800062690,0,7,0,0,2,1,1,B02
200800062691,0,7,0,0,2,2,15,A01
200800062691,0,31,0,0,2,1,1,B02
200800062692,0,7,0,0,1,4,4,A01
200800062693,0,7,0,0,0,3,14,A01
200800062694,0,7,0,0,0,3,13,A01
200800062694,0,7,0,0,0,1,1,B02
200800062694,0,7,0,0,0,1,1,C03
200800062695,0,7,0,0,9,7,17,A01
200800062695,0,1,0,0,2,8,1,B02
200800062696,0,7,0,0,2,1,1,A01
200800062696,0,7,0,0,2,8,19,B02
200800062697,0,7,0,0,2,4,15,A01
200800062697,0,7,0,0,2,4,2,B02
200800062698,0,7,0,0,1,1,1,A01
200800062699,0,7,0,0,2,2,2,A01
200800062699,0,1,0,0,0,4,2,B02
200800062700,0,7,0,0,2,4,1,A01
200800062700,0,7,0,0,2,1,1,B02
200800062701,0,10,0,2,0,1,14,A01
200800062702,0,14,0,0,9,2,1,A01
200800062703,0,7,0,0,2,3,11,A01
200800062703,0,10,0,0,2,1,1,B02
200800062704,0,7,0,6,0,2,1,A01
200800062705,0,7,0,13,0,2,1,A01
200800062706,0,7,0,0,0,4,2,A01
200800062706,0,7,0,0,0,1,1,B02
200800062706,0,7,0,0,2,1,17,C03
200800062707,0,7,0,0,2,1,9,A01
200800062707,0,7,0,0,2,8,1,B02
200800062708,0,7,0,0,2,7,15,A01
200800062708,0,34,0,0,2,1,2,B02
200800062709,0,33,0,8,0,1,1,A01
200800062710,0,7,0,8,0,3,10,A01
200800062711,0,7,0,0,2,1,9,A01
200800062711,0,30,0,0,2,7,0,B02
200800062712,0,7,0,0,2,3,13,A01
200800062712,0,7,0,0,2,3,1,B02
200800062713,0,7,0,6,2,1,5,A01
200800062713,0,7,0,0,2,1,1,B02
200800062714,0,7,0,2,0,1,13,A01
200800062715,0,7,0,6,0,1,14,A01
200800062716,0,33,0,0,1,2,1,A01
200800062717,0,7,0,0,2,3,15,A01
200800062717,0,2,0,0,2,1,1,B02
200800062718,0,7,0,0,2,1,5,A01
200800062718,0,33,0,0,2,1,1,B02
200800062719,0,7,0,0,2,6,19,A01
200800062719,0,7,0,0,2,3,1,B02
200800062720,0,33,0,0,2,1,1,A01
200800062720,0,7,0,13,2,1,1,B02
200800062721,0,7,0,0,2,1,1,A01
200800062721,0,7,0,0,2,1,1,B02
200800062722,0,7,0,0,2,1,1,A01
200800062722,0,7,0,0,2,1,13,B02
200800062723,0,7,0,2,0,3,1,A01
200800062724,0,7,0,0,2,3,9,A01
200800062724,0,1,0,0,2,1,1,B02
200800062725,0,10,0,2,0,1,14,A01
200800062726,0,32,0,0,0,1,13,A01
200800062726,0,7,0,0,0,1,1,B02
200800062727,0,30,0,0,2,1,2,A01
200800062727,0,7,0,0,0,4,23,B02
200800062728,0,7,0,0,1,3,15,A01
200800062729,0,7,0,13,0,2,1,A01
200800062730,0,7,0,0,2,3,1,A01
200800062730,0,7,0,0,2,3,1,B02
200800062731,0,10,0,0,2,1,1,B02
200800062731,0,7,0,6,0,8,1,A01
200800062732,0,7,0,0,2,1,1,A01
200800062732,0,21,0,0,0,4,1,B02
200800062733,0,7,0,0,2,2,15,A01
200800062733,0,7,0,0,2,1,1,B02
200800062734,0,7,0,6,0,1,1,A01
200800062735,0,7,0,0,2,3,1,A01
200800062735,0,7,0,0,2,3,1,B02
200800062736,0,2,0,0,2,1,13,A01
200800062736,0,2,0,0,2,1,1,B02
200800062737,0,33,0,0,6,1,0,A01
200800062738,0,17,0,13,0,3,1,A01
200800062739,0,7,0,0,2,1,1,A01
200800062739,0,7,0,0,2,0,1,B02
200800062739,0,10,0,0,2,3,13,C03
200800062740,0,7,0,1,2,1,13,A01
200800062740,0,30,0,0,2,1,1,B02
200800062741,0,10,0,2,0,1,1,A01
200800062742,0,7,0,2,0,1,1,A01
200800062743,0,7,0,0,2,1,13,A01
200800062743,0,7,0,0,2,8,1,B02
200800062743,0,7,0,0,2,1,1,C03
200800062744,0,14,0,0,2,1,15,A01
200800062744,0,32,0,0,2,1,1,B02
200800062745,0,7,0,2,0,1,21,A01
200800062745,0,7,0,0,0,0,4,B02
200800062746,0,7,0,0,2,1,13,A01
200800062746,0,7,0,0,2,1,1,B02
200800062747,0,2,0,0,2,1,1,A01
200800062747,0,7,0,0,2,5,15,B02
200800062748,0,2,0,2,0,1,1,A01
200800062749,0,10,0,4,2,1,1,A01
200800062749,0,7,0,0,2,3,15,B02
200800062750,0,7,0,0,2,7,18,A01
200800062750,0,7,0,0,2,3,0,B02
200800062751,0,7,0,14,2,2,15,A01
200800062751,0,7,0,14,2,1,1,B02
200800062751,0,7,0,0,2,8,24,C03
200800062752,0,7,0,0,2,3,15,A01
200800062752,0,7,0,0,2,3,1,B02
200800062753,0,7,0,0,0,8,0,A01
200800062754,0,7,0,0,2,3,15,A01
200800062754,0,7,0,0,2,3,1,B02
200800062754,0,7,0,0,2,1,23,C03
200800062755,0,7,0,2,0,1,0,A01
200800062756,0,7,0,2,0,2,0,A01
200800062757,0,7,0,0,2,3,11,A01
200800062757,0,7,0,0,2,3,1,B02
200800062758,0,14,0,2,0,1,1,A01
200800062759,0,7,0,13,0,2,1,A01
200800062760,0,7,0,6,0,3,1,A01
200800062761,0,2,0,14,0,2,1,A01
200800062762,0,7,0,0,2,3,13,A01
200800062762,0,7,0,0,2,3,1,B02
200800062763,0,7,0,0,9,3,15,A01
200800062763,0,31,0,0,2,8,1,B02
200800062764,0,7,0,0,2,7,19,A01
200800062764,0,7,0,0,2,1,1,B02
200800062765,0,7,0,0,2,1,13,A01
200800062765,0,15,0,0,2,3,1,B02
200800062766,0,7,0,0,2,1,13,A01
200800062766,0,7,0,0,2,1,1,B02
200800062767,0,3,0,0,2,1,13,A01
200800062767,0,7,0,0,2,3,1,B02
200800062767,0,7,0,0,2,3,1,C03
200800062768,0,33,0,0,2,7,17,A01
200800062768,0,7,0,0,2,3,15,B02
200800062769,0,2,0,0,2,2,1,A01
200800062769,0,7,0,0,2,5,15,B02
200800062770,0,7,0,0,2,1,15,A01
200800062770,0,2,0,0,2,5,1,B02
200800062771,0,17,0,0,2,1,16,A01
200800062771,0,1,0,0,2,7,1,B02
200800062772,0,7,0,0,9,1,1,A01
200800062772,0,1,0,0,2,8,19,B02
200800062773,0,7,0,0,2,4,1,A01
200800062773,1,7,0,0,2,1,17,B02
200800062774,0,7,0,2,0,1,1,A01
200800062775,0,10,0,0,2,2,19,A01
200800062775,0,7,0,0,2,1,1,B02
200800062776,0,7,0,2,0,7,0,A01
200800062777,0,7,0,1,0,2,14,A01
200800062777,0,10,0,0,2,6,24,B02
200800062778,0,7,0,0,2,3,14,A01
200800062778,0,7,0,0,2,3,13,B02
200800062779,0,7,0,0,1,2,1,A01
200800062780,0,7,0,6,2,1,14,A01
200800062780,0,7,0,0,2,3,1,B02
200800062781,0,7,0,0,2,1,1,A01
200800062781,0,7,0,0,2,8,1,B02
200800062782,0,7,0,2,0,2,14,A01
200800062783,0,7,0,1,2,3,9,A01
200800062783,0,7,0,0,2,1,1,B02
200800062784,0,7,0,0,1,1,1,A01
200800062785,0,7,0,0,2,2,21,A01
200800062785,0,30,0,0,2,1,13,B02
200800062786,0,7,0,0,2,3,5,A01
200800062786,0,7,0,0,2,2,13,B02
200800062787,0,7,0,0,2,1,13,A01
200800062787,0,7,0,0,2,1,1,B02
200800062788,0,10,0,0,2,1,1,A01
200800062788,0,10,0,0,2,1,1,B02
200800062789,0,10,0,0,2,8,13,A01
200800062789,0,10,0,0,2,8,1,B02
200800062790,0,7,0,0,2,3,1,B02
200800062790,0,7,0,0,2,3,21,A01
200800062791,0,7,0,0,1,1,20,A01
200800062792,0,31,0,0,0,7,1,A01
200800062793,0,7,0,0,1,3,15,A01
200800062794,0,7,0,0,2,8,13,A01
200800062794,0,32,0,0,2,7,2,B02
200800062795,0,17,0,4,0,1,1,A01
200800062795,0,7,0,14,0,2,1,B02
200800062795,0,7,0,14,0,1,1,C03
200800062796,0,7,0,0,1,1,1,A01
200800062797,0,1,0,0,2,1,1,B02
200800062797,0,7,0,0,9,3,15,A01
200800062798,0,7,0,0,0,6,23,A01
200800062798,0,2,0,1,0,1,2,B02
200800062799,0,7,0,0,2,3,19,C03
200800062799,0,7,0,0,2,1,1,A01
200800062799,0,15,0,0,2,1,13,B02
200800062800,0,7,0,0,2,3,5,A01
200800062800,0,7,0,0,2,3,1,B02
200800062800,0,7,0,0,2,1,1,C03
200800062801,0,7,0,0,1,1,1,A01
200800062802,0,7,0,0,2,1,15,A01
200800062802,0,31,0,0,2,1,1,B02
200800062803,0,14,0,0,0,0,0,A01
200800062804,0,7,0,0,2,3,15,A01
200800062804,0,30,0,0,2,1,1,B02
200800062805,0,7,0,0,1,2,1,A01
200800062806,0,7,0,0,2,2,1,A01
200800062806,0,10,0,0,2,1,19,B02
200800062807,0,1,0,0,2,1,1,B02
200800062807,0,10,0,0,2,2,1,A01
200800062808,0,7,0,0,2,1,13,A01
200800062808,0,14,0,0,2,2,21,B02
200800062809,0,10,0,0,2,8,19,A01
200800062809,0,7,0,0,2,1,0,B02
200800062810,0,7,0,1,0,3,0,A01
200800062811,0,10,0,13,0,3,2,A01
200800062812,0,7,0,0,1,2,1,A01
200800062813,0,7,0,0,2,8,15,A01
200800062813,0,30,0,0,2,1,1,B02
200800062814,0,7,0,0,1,7,14,A01
200800062815,0,7,0,0,2,2,1,A01
200800062815,0,7,0,0,2,2,17,B02
200800062816,0,7,0,0,2,3,15,A01
200800062816,0,16,0,0,0,2,1,B02
200800062817,0,7,0,2,0,1,1,A01
200800062818,0,1,0,0,0,1,1,A01
200800062819,0,7,0,0,2,3,1,A01
200800062819,0,33,0,0,2,1,5,B02
200800062820,0,7,0,0,2,3,1,A01
200800062820,0,7,0,0,2,3,1,B02
200800062821,0,7,0,0,0,3,1,A01
200800062821,0,7,0,0,0,3,1,B02
200800062822,0,7,0,13,0,1,0,A01
200800062823,0,7,0,0,1,3,1,A01
200800062824,0,7,0,0,1,0,15,A01
200800062825,0,7,0,0,2,1,0,A01
200800062825,0,7,0,0,2,7,0,B02
200800062826,0,7,0,0,2,1,13,A01
200800062826,0,15,0,0,2,1,1,B02
200800062827,0,7,0,0,1,1,1,A01
200800062828,0,7,0,13,0,1,14,A01
200800062829,0,7,0,13,0,3,2,A01
200800062830,0,7,0,0,2,1,1,A01
200800062830,0,7,0,0,2,8,14,B02
200800062831,0,7,0,0,2,8,13,A01
200800062831,0,7,0,0,2,1,1,B02
200800062832,0,7,0,13,0,2,14,A01
200800062833,0,7,0,0,2,2,13,A01
200800062833,0,7,0,0,2,1,1,B02
200800062833,0,7,0,14,0,3,1,C03
200800062834,0,7,0,0,2,1,19,A01
200800062834,0,7,0,0,2,8,1,B02
200800062835,0,30,0,0,0,1,1,A01
200800062835,0,7,0,1,0,6,24,B02
200800062836,0,7,0,0,2,2,1,A01
200800062836,0,10,0,0,2,3,1,B02
200800062837,0,7,0,0,2,1,1,A01
200800062837,0,7,0,0,2,7,15,B02
200800062838,0,10,0,0,2,3,9,A01
200800062838,0,31,0,0,2,1,1,B02
200800062839,0,7,0,0,2,2,1,A01
200800062839,0,30,0,0,2,1,1,B02
200800062840,0,7,0,0,2,1,0,A01
200800062840,0,7,0,0,2,1,1,B02
200800062841,0,38,0,0,1,2,2,A01
200800062842,0,20,0,6,0,3,15,A01
200800062843,0,7,0,13,0,9,17,A01
200800062844,0,7,0,0,1,2,1,A01
200800062845,0,7,0,0,2,3,13,A01
200800062845,0,7,0,0,2,1,1,B02
200800062845,0,7,0,0,2,1,1,C03
200800062846,0,7,0,13,0,1,13,A01
200800062847,0,7,0,6,0,8,1,A01
200800062848,0,7,0,16,0,9,0,A01
200800062849,0,31,0,0,6,3,1,A01
200800062850,0,7,0,10,0,2,1,A01
200800062851,0,7,0,0,0,9,1,A01
200800062852,0,30,0,0,1,1,1,A01
200800062853,0,31,0,0,6,1,1,A01
200800062854,0,31,0,12,0,1,0,A01
200800062855,0,7,0,0,2,3,13,A01
200800062855,0,7,0,0,2,3,1,B02
200800062856,0,7,0,16,0,9,1,A01
200800062857,0,16,0,6,0,1,1,A01
200800062858,0,30,0,0,2,1,1,B02
200800062858,0,7,0,0,2,3,10,A01
200800062859,0,3,0,0,2,1,16,A01
200800062859,0,17,0,0,2,6,1,B02
200800062860,0,7,0,0,0,9,1,A01
200800062861,0,7,0,0,2,1,2,A01
200800062861,0,31,0,0,2,4,2,B02
200800062861,0,7,0,0,2,4,1,C03
200800062862,0,7,0,0,2,4,2,A01
200800062862,0,7,0,0,2,1,2,B02
200800062862,0,7,0,0,2,1,2,C03
200800062863,0,7,0,0,2,3,15,A01
200800062863,0,7,0,0,2,2,1,B02
200800062863,0,1,0,1,0,1,1,C03
200800062864,0,7,0,9,0,1,11,A01
200800062865,0,7,0,0,2,2,19,B02
200800062865,0,7,0,0,2,2,19,A01
200800062866,0,7,0,0,2,8,13,A01
200800062866,0,7,0,0,2,7,14,B02
200800062867,0,7,0,0,2,1,19,A01
200800062867,0,30,0,0,2,1,2,B02
200800062868,0,7,0,0,2,1,15,A01
200800062868,0,30,0,0,2,1,1,B02
200800062869,0,7,0,0,2,1,1,A01
200800062869,0,7,0,0,2,3,9,B02
200800062870,0,13,0,0,2,8,15,A01
200800062870,0,2,0,0,2,1,1,B02
200800062871,0,20,0,0,2,1,19,A01
200800062871,0,7,0,0,2,2,1,B02
200800062872,0,7,0,0,2,1,5,A01
200800062872,0,7,0,0,2,2,1,B02
200800062872,0,7,0,0,2,2,1,C03
200800062873,0,7,0,0,0,1,13,A01
200800062873,0,7,0,0,0,2,0,B02
200800062874,0,7,0,0,2,7,1,A01
200800062874,0,7,0,0,2,1,1,B02
200800062875,0,30,0,0,2,7,15,A01
200800062875,0,7,0,0,2,1,19,B02
200800062876,0,7,0,0,2,3,13,A01
200800062876,0,7,0,0,2,8,1,B02
200800062876,0,7,0,0,2,1,1,C03
200800062877,0,7,0,0,0,8,15,A01
200800062877,0,30,0,0,2,1,1,B02
200800062878,0,14,0,0,2,5,1,A01
200800062878,0,10,0,0,2,2,1,B02
200800062879,0,7,0,0,2,2,1,A01
200800062879,0,7,0,0,2,3,1,B02
200800062880,0,7,0,0,2,1,13,A01
200800062880,0,7,0,0,2,1,1,B02
200800062881,0,7,0,0,2,1,1,A01
200800062881,0,7,0,0,2,7,19,B02
200800062882,0,2,0,0,2,1,1,A01
200800062882,0,7,0,0,2,3,1,B02
200800062883,1,7,0,0,0,0,13,A01
200800062883,0,7,0,0,2,2,1,B02
200800062883,0,7,0,0,2,1,1,C03
200800062884,0,7,0,0,0,4,1,A01
200800062884,0,32,0,0,2,1,2,B02
200800062885,0,7,0,0,2,1,1,A01
200800062885,0,7,0,0,2,4,1,B02
200800062886,0,7,0,0,2,3,1,A01
200800062886,0,7,0,0,2,3,13,B02
200800062887,0,7,0,2,0,3,1,A01
200800062888,0,7,0,6,0,1,1,A01
200800062889,0,7,0,13,0,9,2,A01
200800062890,0,14,0,0,2,8,1,A01
200800062890,0,1,0,0,2,1,0,B02
200800062891,0,7,0,0,2,2,1,A01
200800062891,0,7,0,0,2,3,1,B02
200800062892,0,7,0,1,0,3,1,A01
200800062892,0,7,0,0,2,3,23,B02
200800062893,0,1,0,0,2,8,19,A01
200800062893,0,7,0,0,9,1,1,B02
200800062894,0,15,0,0,2,3,5,A01
200800062894,0,7,0,0,2,2,0,B02
200800062895,0,7,0,0,2,1,21,A01
200800062895,0,10,0,0,2,1,23,B02
200800062895,0,7,0,0,2,1,1,C03
200800062896,0,7,0,0,1,1,1,A01
200800062897,0,2,0,0,5,2,1,A01
200800062898,0,7,0,0,2,2,1,A01
200800062898,0,2,0,0,2,4,0,B02
200800062899,0,7,0,0,1,2,23,A01
200800062899,0,7,0,1,0,1,2,B02
200800062899,0,17,0,0,2,2,1,C03
200800062900,0,7,0,0,1,1,1,A01
200800062901,0,7,0,8,0,3,13,A01
200800062902,0,7,0,0,2,3,10,A01
200800062902,0,31,0,0,2,2,17,B02
200800062903,0,3,0,0,0,1,13,A01
200800062904,0,7,0,0,2,3,1,A01
200800062904,0,7,0,0,2,3,1,B02
200800062905,0,10,0,0,1,1,1,A01
200800062906,0,7,0,0,0,0,1,A01
200800062906,0,7,0,0,0,0,1,B02
200800062907,0,7,0,0,2,8,19,A01
200800062907,0,30,0,0,2,1,1,B02
200800062908,0,7,0,0,2,1,5,A01
200800062908,0,30,0,0,2,1,1,B02
200800062909,0,14,0,0,1,4,4,A01
200800062910,0,7,0,0,2,2,10,A01
200800062910,0,7,0,0,2,0,1,B02
200800062911,0,10,0,0,2,1,1,A01
200800062911,0,10,0,7,2,5,1,B02
200800062912,0,7,0,6,0,1,1,A01
200800062913,0,7,0,0,0,9,0,A01
200800062914,0,7,0,6,0,1,1,A01
200800062915,0,7,0,0,2,3,21,A01
200800062915,0,7,0,0,2,3,1,B02
200800062916,0,10,0,0,2,1,1,A01
200800062916,0,7,0,0,2,1,1,B02
200800062916,0,7,0,0,0,5,15,C03
200800062916,0,7,0,13,0,7,14,D04
200800062917,0,17,0,0,2,1,2,A01
200800062917,0,7,0,0,0,4,23,B02
200800062918,0,1,0,0,0,4,1,A01
200800062919,0,14,0,0,1,1,0,A01
200800062920,0,36,0,6,0,2,1,A01
200800062921,0,30,0,0,2,1,19,A01
200800062921,0,7,0,0,2,3,1,B02
200800062922,0,7,0,0,2,3,12,A01
200800062922,0,7,0,0,2,5,1,B02
200800062922,0,7,0,14,0,3,1,C03
200800062923,0,2,0,0,0,5,15,A01
200800062923,0,30,0,0,2,1,1,B02
200800062924,0,7,0,0,0,0,0,A01
200800062924,0,7,0,0,2,1,1,B02
200800062925,0,7,0,2,0,2,15,A01
200800062926,0,2,0,0,2,7,17,A01
200800062926,0,20,0,0,2,3,1,B02
200800062927,0,3,0,0,0,1,15,A01
200800062927,0,10,0,0,0,3,0,B02
200800062928,1,7,0,0,1,3,21,A01
200800062929,0,7,0,0,0,0,0,A01
200800062930,0,7,0,0,2,1,1,A01
200800062930,0,7,0,0,2,2,9,B02
200800062931,0,17,0,6,0,3,1,A01
200800062932,0,30,0,0,2,1,2,A01
200800062932,0,7,0,0,2,4,23,B02
200800062933,0,30,0,14,0,1,0,A01
200800062934,0,7,0,6,0,2,1,A01
200800062935,0,7,0,0,2,1,1,A01
200800062935,0,21,0,0,2,1,1,B02
200800062936,0,7,0,0,2,1,13,A01
200800062936,0,7,0,0,2,1,1,B02
200800062937,0,10,0,0,1,2,1,A01
200800062938,0,7,0,0,2,1,1,A01
200800062938,0,2,0,0,2,7,15,B02
200800062939,0,1,0,0,2,7,1,B02
200800062939,0,10,0,0,9,3,9,A01
200800062940,0,10,0,0,1,7,1,A01
200800062941,0,7,0,13,0,1,1,A01
200800062942,0,7,0,0,2,1,13,A01
200800062942,0,10,0,0,2,1,1,B02
200800062943,0,7,0,0,2,3,13,A01
200800062943,0,7,0,0,2,3,1,B02
200800062943,0,7,0,0,2,8,1,C03
200800062944,0,7,0,0,0,2,15,A01
200800062944,0,2,0,0,2,1,23,B02
200800062945,0,7,0,0,2,3,1,A01
200800062945,0,1,0,0,2,1,5,B02
200800062946,0,7,0,0,2,2,1,B02
200800062946,0,2,0,0,2,3,16,A01
200800062947,0,10,0,0,1,2,1,A01
200800062948,0,7,0,0,2,3,13,A01
200800062948,0,30,0,0,2,1,1,B02
200800062949,0,7,0,0,2,2,1,A01
200800062949,0,2,0,0,2,4,1,B02
200800062950,0,7,0,0,2,3,17,A01
200800062950,0,7,0,0,2,3,1,B02
200800062951,0,7,0,0,2,1,13,A01
200800062951,0,7,0,0,2,1,1,B02
200800062952,0,7,0,13,0,2,1,A01
200800062953,0,7,0,0,2,3,1,A01
200800062953,0,7,0,0,2,3,1,B02
200800062954,0,7,0,8,0,3,1,A01
200800062955,0,7,0,6,0,1,0,A01
200800062956,0,7,0,0,0,1,5,A01
200800062956,0,7,0,0,0,1,1,B02
200800062957,0,7,0,13,0,2,1,A01
200800062958,0,3,0,0,2,3,1,A01
200800062958,0,7,0,13,2,2,19,B02
200800062959,0,7,0,0,2,3,1,A01
200800062959,0,7,0,0,2,3,15,B02
200800062960,0,7,0,0,1,7,1,A01
200800062961,0,7,0,2,0,2,1,A01
200800062962,0,7,0,8,0,7,1,A01
200800062963,0,10,0,0,2,3,1,A01
200800062963,0,7,0,0,2,3,1,B02
200800062964,0,7,0,0,2,3,13,A01
200800062964,0,7,0,0,2,1,1,B02
200800062965,0,7,0,0,0,5,15,A01
200800062965,0,30,0,0,2,1,1,B02
200800062966,0,30,0,0,0,0,1,A01
200800062967,0,7,0,0,9,1,15,A01
200800062967,0,1,0,0,2,1,1,B02
200800062968,0,7,0,0,1,4,1,A01
200800062969,0,7,0,8,2,3,13,A01
200800062969,0,7,0,0,0,1,20,B02
200800062970,0,7,0,0,1,3,1,A01
200800062971,0,31,0,0,2,1,1,A01
200800062971,0,7,0,0,2,1,9,B02
200800062972,0,7,0,0,2,1,11,A01
200800062972,0,7,0,0,2,1,1,B02
200800062973,0,7,0,0,1,7,1,A01
200800062974,0,7,0,0,1,1,2,A01
200800062975,0,7,0,16,0,1,1,A01
200800062976,0,7,0,6,0,1,13,A01
200800062976,0,7,0,0,0,0,19,B02
200800062977,0,10,0,0,0,2,1,A01
200800062977,0,10,0,0,0,1,19,B02
200800062978,0,7,0,8,0,1,1,A01
200800062979,0,10,0,0,2,1,13,A01
200800062979,0,30,0,0,2,1,1,B02
200800062980,0,7,0,8,0,9,1,A01
200800062981,0,31,0,0,2,1,13,A01
200800062981,0,10,0,0,2,2,23,B02
200800062982,0,7,0,13,0,1,1,A01
200800062983,0,7,0,0,1,2,1,A01
200800062984,0,10,0,0,2,1,9,A01
200800062984,0,31,0,0,2,2,16,B02
200800062985,0,30,0,0,2,2,17,A01
200800062985,0,7,0,0,2,3,15,B02
200800062985,0,7,0,0,2,3,23,C03
200800062986,0,7,0,13,0,3,1,A01
200800062987,0,7,0,13,0,3,13,A01
200800062988,0,7,0,0,2,3,13,A01
200800062988,0,30,0,0,2,1,1,B02
200800062989,0,7,0,2,0,7,13,A01
200800062990,0,7,0,0,2,1,13,A01