Num_Acc,senc,catv,occutc,obs,obsm,choc,manv,num_veh
200800063378,0,2,0,0,2,3,1,A01
200800063378,0,7,0,8,2,1,1,B02
200800063379,0,7,0,0,2,1,1,A01
200800063379,0,7,0,0,2,3,1,B02
200800063379,0,7,0,0,2,2,1,C03
200800063380,0,7,0,6,0,1,1,A01
200800063381,0,7,0,0,2,8,13,A01
200800063381,0,16,0,0,2,3,1,B02
200800063381,0,17,0,0,2,0,1,C03
200800063382,0,7,0,0,2,1,1,A01
200800063382,0,30,0,0,2,7,15,B02
200800063383,0,33,0,0,1,1,1,A01
200800063384,0,7,0,13,0,1,1,A01
200800063385,0,7,0,0,2,2,1,A01
200800063385,0,7,0,0,2,3,1,B02
200800063386,0,10,0,0,2,1,13,A01
200800063386,0,7,0,0,2,1,1,B02
200800063387,0,10,0,6,0,3,13,A01
200800063388,0,30,0,8,0,1,1,A01
200800063389,0,7,0,13,0,3,1,A01
200800063390,0,2,0,0,2,1,13,A01
200800063390,0,7,0,0,9,2,1,B02
200800063391,0,7,0,0,0,1,13,A01
200800063391,0,7,0,0,0,1,1,B02
200800063392,0,7,0,6,0,9,1,A01
200800063393,0,7,0,0,0,0,0,A01
200800063393,0,7,0,0,2,1,1,B02
200800063394,0,7,0,0,1,8,1,A01
200800063395,0,7,0,0,1,1,1,A01
200800063396,0,7,0,0,2,4,23,A01
200800063396,0,7,0,1,0,1,1,B02
200800063397,0,7,0,0,2,5,19,A01
200800063398,0,7,0,0,2,2,15,A01
200800063398,0,2,0,0,2,1,1,B02
200800063399,0,30,0,0,5,1,1,A01
200800063400,0,7,0,0,2,3,1,A01
200800063400,0,33,0,0,2,3,16,B02
200800063401,0,10,0,0,0,6,23,A01
200800063401,0,7,0,1,0,2,1,B02
200800063401,0,33,0,0,2,1,1,C03
200800063402,0,7,0,0,2,3,1,A01
200800063402,0,7,0,0,2,2,1,B02
200800063403,0,7,0,0,2,3,2,A01
200800063403,0,7,0,0,2,1,21,B02
200800063404,0,7,0,0,2,1,1,A01
200800063404,0,7,0,0,2,4,1,B02
200800063404,0,7,0,0,0,4,1,C03
200800063405,0,7,0,14,2,5,19,A01
200800063405,0,7,0,0,2,2,1,B02
200800063406,0,7,0,13,0,1,1,A01
200800063407,0,2,0,12,0,1,1,A01
200800063408,0,33,0,0,2,1,1,A01
200800063408,0,10,0,0,2,1,15,B02
200800063409,0,7,0,13,0,1,15,A01
200800063410,0,7,0,0,2,2,0,A01
200800063410,0,7,0,0,2,1,2,B02
200800063410,0,7,0,0,2,3,2,C03
200800063411,0,33,0,6,0,1,1,A01
200800063412,0,14,0,0,2,3,1,A01
200800063412,0,7,0,0,2,3,5,B02
200800063413,0,7,0,13,0,2,1,A01
200800063414,0,14,0,0,2,3,13,A01
200800063414,0,14,0,0,2,3,1,B02
200800063415,0,7,0,11,2,1,1,A01
200800063415,0,7,0,0,2,1,0,B02
200800063416,0,10,0,0,2,2,1,A01
200800063416,0,37,0,0,2,8,16,B02
200800063417,0,7,0,0,2,2,17,A01
200800063417,0,1,0,0,2,3,13,B02
200800063418,0,7,0,0,0,0,0,A01
200800063419,0,7,0,0,1,2,1,A01
200800063420,0,14,0,0,2,5,22,A01
200800063420,0,7,0,1,0,2,1,B02
200800063421,0,7,0,0,1,1,1,A01
200800063422,0,14,0,13,0,1,1,A01
200800063423,0,14,0,0,1,2,2,A01
200800063424,0,7,0,0,1,1,1,A01
200800063425,0,7,0,0,0,0,0,A01
200800063425,0,7,0,0,0,6,1,B02
200800063426,2,7,0,0,2,6,10,A01
200800063426,0,7,0,0,2,3,1,B02
200800063427,0,14,0,0,2,7,1,A01
200800063427,0,2,0,0,2,1,1,B02
200800063428,0,30,0,0,2,4,1,A01
200800063428,0,7,0,0,2,1,1,B02
200800063429,1,17,0,0,2,1,2,A01
200800063429,0,7,0,0,2,6,2,B02
200800063429,0,7,0,0,2,1,5,C03
200800063429,0,17,0,0,2,8,5,D04
200800063429,0,14,0,0,9,3,2,E05
200800063430,2,7,0,0,2,1,17,A01
200800063430,0,7,0,0,2,3,1,B02
200800063430,0,7,0,0,2,0,1,C03
200800063430,0,7,0,0,2,0,1,D04
200800063431,0,10,0,0,2,1,13,A01
200800063431,0,7,0,0,2,1,1,B02
200800063432,0,7,0,0,2,2,2,A01
200800063432,0,1,0,0,2,4,2,B02
200800063433,0,7,0,0,2,1,2,A01
200800063433,0,3,0,0,2,4,2,B02
200800063434,0,7,0,0,2,3,13,A01
200800063434,0,7,0,0,2,3,0,B02
200800063435,0,7,0,0,2,3,9,A01
200800063435,0,7,0,0,2,2,1,B02
200800063436,0,33,0,13,0,0,1,A01
200800063436,0,7,0,0,9,8,1,B02
200800063437,0,30,0,0,0,1,1,A01
200800063438,0,7,0,13,0,2,1,A01
200800063439,0,7,0,0,2,3,1,A01
200800063439,0,7,0,0,2,1,6,B02
200800063440,0,1,0,0,2,1,5,A01
200800063440,0,7,0,0,9,2,1,B02
200800063441,0,7,0,0,1,3,1,A01
200800063442,0,33,0,0,2,6,13,A01
200800063442,0,7,0,0,2,3,1,B02
200800063443,0,14,0,0,2,3,5,A01
200800063443,0,7,0,0,2,3,0,B02
200800063444,0,7,0,16,0,1,1,A01
200800063445,0,7,0,10,0,1,17,A01
200800063446,0,32,0,6,0,1,1,A01
200800063447,0,7,0,3,0,9,1,A01
200800063448,0,7,0,0,2,5,5,A01
200800063448,0,10,0,0,2,1,1,B02
200800063449,0,7,0,0,2,1,15,A01
200800063449,0,7,0,0,2,2,1,B02
200800063450,0,7,0,0,2,8,5,A01
200800063450,0,7,0,0,2,2,1,B02
200800063451,0,10,0,6,0,6,1,A01
200800063452,0,7,0,0,2,8,23,A01
200800063452,0,7,0,0,2,1,1,B02
200800063453,0,14,0,13,0,1,1,A01
200800063454,0,7,0,6,0,1,1,A01
200800063455,0,7,0,0,2,2,19,A01
200800063455,0,7,0,0,2,1,1,B02
200800063456,0,7,0,0,2,3,17,A01
200800063456,0,33,0,0,2,7,17,B02
200800063457,0,10,0,0,2,8,10,A01
200800063457,0,34,0,0,2,1,1,B02
200800063458,0,7,0,0,1,1,1,A01
200800063459,0,7,0,0,2,8,10,A01
200800063459,0,31,0,0,2,1,2,B02
200800063460,0,7,0,0,2,1,1,A01
200800063460,0,33,0,0,2,4,1,B02
200800063461,0,7,0,0,0,4,15,A01
200800063461,0,17,0,0,2,1,2,B02
200800063462,0,7,0,0,2,3,1,A01
200800063462,0,32,0,0,2,1,5,B02
200800063463,0,7,0,2,0,1,1,A01
200800063464,0,7,0,0,2,1,15,A01
200800063464,0,31,0,0,2,8,1,B02
200800063465,0,7,0,0,9,3,16,A01
200800063465,0,33,0,0,2,1,1,B02
200800063466,0,7,0,8,0,7,13,A01
200800063467,0,30,0,0,2,1,1,A01
200800063467,0,7,0,0,2,8,5,B02
200800063467,0,7,0,0,2,3,1,C03
200800063468,0,7,0,0,2,8,2,A01
200800063468,0,30,0,15,2,1,17,B02
200800063469,0,7,0,6,0,1,1,A01
200800063470,0,7,0,0,0,0,1,A01
200800063471,0,7,0,0,2,7,13,A01
200800063471,0,99,0,0,2,2,1,B02
200800063472,0,7,0,2,0,6,1,A01
200800063473,0,32,0,0,2,7,1,A01
200800063474,0,7,0,5,0,1,0,A01
200800063474,0,7,0,0,9,2,1,B02
200800063475,0,7,0,0,2,3,6,A01
200800063475,0,31,0,0,0,0,1,B02
200800063475,0,31,0,0,2,1,1,C03
200800063476,0,31,0,0,2,1,17,A01
200800063476,0,7,0,0,2,3,15,B02
200800063477,0,7,0,0,0,7,21,A01
200800063477,0,7,0,0,0,3,0,B02
200800063478,0,33,0,0,0,0,1,A01
200800063479,0,7,0,0,2,2,0,A01
200800063479,0,7,0,0,2,2,0,B02
200800063480,0,7,0,0,0,2,2,A01
200800063481,0,2,0,0,0,0,0,A01
200800063482,0,17,0,13,2,0,1,A01
200800063482,0,7,0,0,2,0,1,C03
200800063482,0,7,0,0,0,4,0,D04
200800063482,0,7,0,13,2,0,1,E05
200800063482,0,7,0,13,2,0,1,F06
200800063482,0,7,0,2,2,0,1,G07
200800063482,0,7,0,13,2,0,0,H08
200800063483,0,7,0,14,0,1,1,A01
200800063484,0,7,0,0,0,9,1,A01
200800063485,0,14,0,2,0,2,13,A01
200800063486,0,7,0,6,0,1,1,A01
200800063487,0,7,0,13,0,7,1,A01
200800063488,0,17,0,0,2,7,19,A01
200800063488,0,7,0,0,2,1,1,B02
200800063489,0,15,0,0,0,8,16,A01
200800063490,0,7,0,0,2,1,1,A01
200800063490,0,21,0,0,2,4,1,B02
200800063491,1,7,0,0,1,1,1,A01
200800063492,0,2,0,0,0,7,1,A01
200800063493,0,7,0,13,0,1,1,A01
200800063494,0,7,0,2,0,2,14,A01
200800063495,0,7,0,0,0,7,15,A01
200800063495,0,17,0,0,0,3,1,B02
200800063496,0,7,0,0,2,7,19,A01
200800063496,0,7,0,0,2,1,1,B02
200800063497,0,7,0,6,0,2,14,A01
200800063498,0,7,0,6,0,2,13,A01
200800063499,0,7,0,0,0,3,15,A01
200800063499,0,31,0,0,0,2,1,B02
200800063500,0,7,0,8,0,7,1,A01
200800063501,0,7,0,0,2,1,1,A01
200800063501,0,20,0,0,2,5,19,B02
200800063502,0,33,0,0,0,8,2,A01
200800063503,0,7,0,2,0,2,1,A01
200800063504,0,33,0,0,0,0,1,A01
200800063505,0,7,0,0,2,1,1,A01
200800063505,0,1,0,0,2,4,1,B02
200800063506,0,7,0,6,0,2,1,A01
200800063507,0,7,0,0,2,6,19,A01
200800063507,0,7,0,0,2,3,1,B02
200800063508,0,7,0,0,0,0,0,A01
200800063508,0,7,0,0,2,1,1,B02
200800063509,0,7,0,0,2,1,13,A01
200800063509,0,31,0,0,2,1,1,B02
200800063509,0,7,0,0,2,2,21,C03
200800063509,0,7,0,0,2,8,1,D04
200800063510,0,7,0,0,2,1,1,A01
200800063510,0,7,0,0,2,8,1,B02
200800063511,0,2,0,0,2,8,1,A01
200800063511,0,2,0,0,2,1,1,B02
200800063512,0,30,0,0,2,8,1,B02
200800063512,0,7,0,0,2,1,1,A01
200800063513,0,7,0,0,2,7,19,A01
200800063513,0,7,0,0,2,1,1,B02
200800063514,0,10,0,8,0,3,1,A01
200800063515,0,7,0,0,2,3,17,A01
200800063515,0,7,0,0,2,2,1,B02
200800063516,0,7,0,0,2,7,19,B02
200800063516,0,7,0,0,2,1,1,A01
200800063517,0,7,0,6,0,1,1,A01
200800063518,0,7,0,0,2,1,17,A01
200800063518,0,13,0,0,2,3,16,B02
200800063518,0,7,0,0,2,8,15,C03
200800063519,0,17,0,0,2,1,1,A01
200800063519,0,7,0,0,2,4,23,B02
200800063519,0,7,0,0,2,7,23,C03
200800063520,0,7,0,0,2,7,19,A01
200800063520,0,14,0,0,2,1,1,B02
200800063521,0,7,0,0,2,8,15,A01
200800063521,0,7,0,0,2,3,1,B02
200800063522,0,7,0,0,2,1,1,A01
200800063522,0,7,0,0,2,6,19,B02
200800063523,0,7,0,0,2,1,21,A01
200800063523,0,7,0,0,2,8,19,B02
200800063524,0,7,0,2,0,8,1,A01
200800063525,0,7,0,0,2,3,5,A01
200800063525,0,13,0,0,2,3,1,B02
200800063526,0,30,0,0,0,7,1,A01
200800063527,0,7,0,0,2,2,1,A01
200800063527,0,2,0,0,0,4,1,B02
200800063528,0,7,0,0,2,1,13,A01
200800063528,0,7,0,0,2,8,1,B02
200800063529,0,2,0,12,0,1,1,A01
200800063530,0,7,0,0,2,3,0,A01
200800063530,0,7,0,0,2,3,1,B02
200800063531,0,7,0,2,0,1,1,A01
200800063532,0,7,0,0,1,7,1,A01
200800063533,0,33,0,1,0,0,1,A01
200800063533,0,7,0,0,0,4,24,B02
200800063534,0,7,0,6,0,2,14,A01
200800063535,0,7,0,0,2,2,2,A01
200800063535,0,7,0,0,2,3,1,B02
200800063536,0,7,0,0,2,1,13,A01
200800063536,0,7,0,0,2,2,1,B02
200800063537,0,7,0,6,2,3,13,A01
200800063537,0,17,0,6,2,3,1,B02
200800063537,0,7,0,0,2,1,1,C03
200800063538,0,7,0,0,2,3,15,A01
200800063538,0,2,0,0,2,8,15,B02
200800063539,0,7,0,0,1,1,1,A01
200800063540,0,7,0,0,2,1,1,A01
200800063540,0,7,0,0,2,8,15,B02
200800063541,0,30,0,8,0,7,1,A01
200800063542,0,32,0,0,1,1,1,A01
200800063543,0,7,0,0,1,7,1,A01
200800063544,0,30,0,0,2,8,1,A01
200800063544,0,30,0,0,2,8,1,B02
200800063545,0,7,0,6,0,1,13,A01
200800063546,0,10,0,0,2,1,19,A01
200800063546,0,7,0,0,0,7,1,B02
200800063547,0,7,0,0,2,1,19,A01
200800063547,0,7,0,0,2,7,1,B02
200800063548,0,31,0,0,1,1,1,A01
200800063549,0,30,0,0,2,4,19,B02
200800063549,0,7,0,0,2,1,1,A01
200800063550,0,10,0,0,0,4,2,A01
200800063550,0,7,0,0,0,0,1,B02
200800063551,0,7,0,0,2,8,19,A01
200800063551,0,30,0,0,2,1,1,B02
200800063552,0,7,0,8,0,2,1,A01
200800063553,0,7,0,0,0,2,1,A01
200800063554,0,30,0,0,2,1,17,A01
200800063554,0,7,0,0,0,8,15,B02
200800063555,0,13,0,0,2,3,5,A01
200800063555,0,7,0,0,2,3,0,B02
200800063556,0,7,0,0,0,0,0,A01
200800063557,0,10,0,13,0,1,1,A01
200800063558,0,7,0,0,1,6,20,A01
200800063559,0,31,0,0,2,2,13,A01
200800063559,0,7,0,0,2,2,1,B02
200800063560,0,7,0,0,2,3,16,A01
200800063560,0,7,0,0,2,2,1,B02
200800063561,0,7,0,0,1,2,1,A01
200800063562,0,7,0,0,2,8,1,A01
200800063562,0,7,0,0,2,8,1,B02
200800063563,0,2,0,0,2,1,1,B02
200800063563,0,7,0,0,2,3,15,A01
200800063564,0,30,0,1,0,1,21,A01
200800063564,0,7,0,0,2,7,0,B02
200800063565,0,2,0,0,0,8,1,A01
200800063566,0,7,0,0,2,1,13,A01
200800063566,0,7,0,0,2,1,1,B02
200800063567,0,10,0,0,2,3,15,A01
200800063567,0,33,0,0,2,1,1,B02
200800063568,0,1,0,0,2,7,15,A01
200800063568,0,7,0,13,9,1,1,B02
200800063569,0,7,0,0,1,8,1,A01
200800063570,0,7,0,0,1,3,1,A01
200800063571,0,2,0,0,1,1,1,A01
200800063572,0,7,0,6,0,1,1,A01
200800063573,0,7,0,0,9,3,9,A01
200800063573,0,1,0,0,2,2,15,B02
200800063574,0,7,0,0,2,3,1,A01
200800063574,0,7,0,0,2,3,1,B02
200800063575,0,7,0,4,2,3,0,A01
200800063575,0,10,0,14,0,1,23,B02
200800063575,0,7,0,1,0,8,21,C03
200800063575,0,7,0,0,2,3,0,D04
200800063576,0,7,0,0,0,4,23,A01
200800063576,0,7,0,1,0,1,1,B02
200800063577,0,7,0,4,0,3,13,A01
200800063578,0,7,0,0,2,3,1,A01
200800063578,0,7,0,0,2,1,13,B02
200800063579,0,30,0,0,2,8,19,A01
200800063579,0,7,0,0,2,1,1,B02
200800063580,0,7,0,0,1,2,1,A01
200800063581,0,7,0,0,2,3,15,A01
200800063581,0,30,0,0,2,5,1,B02
200800063582,0,7,0,0,2,1,1,A01
200800063582,0,17,0,0,0,0,19,B02
200800063583,0,7,0,4,0,3,13,A01
200800063584,0,7,0,0,2,2,2,A01
200800063584,0,17,0,0,2,6,2,B02
200800063585,0,7,0,0,2,3,13,A01
200800063585,0,7,0,0,2,5,1,B02
200800063585,0,15,0,0,2,8,1,C03
200800063586,0,7,0,4,0,3,13,A01
200800063587,0,7,0,7,0,1,1,A01
200800063588,0,7,0,4,0,8,1,A01
200800063589,0,17,0,4,0,1,0,A01
200800063590,0,7,0,0,2,1,15,A01
200800063590,0,2,0,0,2,8,1,B02
200800063591,0,15,0,0,0,5,1,A01
200800063591,0,10,0,0,2,3,14,B02
200800063592,0,7,0,0,2,1,2,A01
200800063592,0,14,0,0,0,6,2,B02
200800063593,0,7,0,0,2,5,23,A01
200800063593,0,7,0,0,0,6,23,B02
200800063594,0,10,0,14,0,1,0,A01
200800063594,0,7,0,3,0,1,0,B02
200800063595,0,16,0,3,0,3,1,A01
200800063596,0,7,0,0,2,1,2,A01
200800063596,0,17,0,0,2,4,1,B02
200800063597,0,7,0,0,2,1,1,A01
200800063597,0,7,0,0,2,4,1,B02
200800063597,0,10,0,0,0,4,1,C03
200800063598,0,10,0,0,0,0,21,A01
200800063598,0,31,0,0,0,0,21,B02
200800063599,0,30,0,1,0,1,1,A01
200800063600,0,7,0,0,2,1,13,A01
200800063600,0,7,0,0,2,1,1,B02
200800063601,0,3,0,0,2,2,1,A01
200800063601,0,7,0,0,2,1,15,B02
200800063602,0,7,0,0,2,1,2,A01
200800063602,0,7,0,0,2,4,2,B02
200800063603,0,7,0,0,1,2,1,A01
200800063604,0,7,0,2,0,3,1,A01
200800063605,0,7,0,0,2,1,1,A01
200800063605,0,10,0,0,2,4,1,B02
200800063606,0,7,0,15,0,1,21,A01
200800063607,0,7,0,8,0,1,0,A01
200800063608,0,7,0,0,1,2,1,A01
200800063609,0,7,0,11,2,1,2,A01
200800063609,0,7,0,0,0,4,2,B02
200800063610,0,7,0,4,0,3,0,A01
200800063611,0,7,0,0,2,1,2,A01
200800063611,0,15,0,0,2,4,1,B02
200800063612,0,7,0,0,2,1,2,A01
200800063612,0,10,0,0,2,4,2,B02
200800063612,0,7,0,0,2,4,2,C03
200800063612,0,7,0,0,2,4,2,D04
200800063613,0,31,0,0,1,1,1,A01
200800063614,0,7,0,0,1,2,1,A01
200800063615,0,7,0,0,1,3,1,A01
200800063616,0,7,0,0,2,6,11,A01
200800063616,0,15,0,0,2,2,1,B02
200800063616,0,7,0,0,2,2,1,C03
200800063617,0,2,0,0,2,1,1,A01
200800063617,0,7,0,0,2,3,15,B02
200800063618,0,7,0,0,2,7,1,A01
200800063618,0,1,0,0,2,8,19,B02
200800063619,0,7,0,4,2,1,17,A01
200800063619,0,17,0,0,2,6,1,B02
200800063620,0,7,0,0,0,4,0,A01
200800063620,0,15,0,0,0,8,0,B02
200800063620,0,7,0,0,0,1,0,C03
200800063621,0,7,0,0,2,3,13,A01
200800063621,0,33,0,0,2,1,1,B02
200800063622,0,7,0,0,2,1,1,A01
200800063622,0,2,0,0,2,5,1,B02
200800063623,0,7,0,0,2,1,13,A01
200800063623,0,1,0,0,2,1,1,B02
200800063624,0,7,0,0,1,3,13,A01
200800063625,0,7,0,0,1,3,1,A01
200800063626,0,7,0,0,2,2,2,A01
200800063626,0,7,0,0,2,4,16,B02
200800063627,0,2,0,15,0,1,21,A01
200800063628,0,7,0,0,0,4,23,A01
200800063628,0,7,0,14,0,4,23,B02
200800063628,0,7,0,14,0,1,21,C03
200800063629,0,7,0,3,2,3,1,A01
200800063629,0,7,0,0,0,0,5,B02
200800063630,0,7,0,0,1,3,14,A01
200800063631,0,10,0,13,0,1,14,A01
200800063632,0,7,0,0,4,8,1,A01
200800063632,0,40,0,0,2,1,1,B02
200800063633,0,7,0,1,0,1,2,A01
200800063633,0,14,0,0,0,4,0,C03
200800063634,0,7,0,3,0,1,1,A01
200800063635,0,7,0,3,0,9,0,A01
200800063636,0,17,0,3,0,8,1,A01
200800063636,0,7,0,14,0,1,1,B02
200800063637,0,7,0,0,2,1,2,A01
200800063637,0,7,0,0,2,4,2,B02
200800063638,0,17,0,13,0,3,14,A01
200800063639,0,17,0,0,2,2,12,A01
200800063639,0,7,0,0,2,6,19,B02
200800063639,0,7,0,0,0,0,1,C03
200800063639,0,33,0,0,2,1,1,D04
200800063640,0,7,0,3,0,7,1,A01
200800063641,0,7,0,3,0,4,14,A01
200800063642,0,7,0,16,0,9,1,A01
200800063643,0,7,0,0,2,7,1,A01
200800063643,0,7,0,0,2,1,1,B02
200800063644,0,7,0,6,0,1,1,A01
200800063645,0,7,0,3,2,0,2,A01
200800063645,0,7,0,0,2,3,1,B02
200800063646,0,7,0,0,2,1,17,A01
200800063646,0,7,0,0,2,9,1,B02
200800063647,0,15,0,0,2,1,2,A01
200800063647,0,7,0,0,2,4,23,B02
200800063647,0,7,0,0,2,4,23,C03
200800063647,0,7,0,0,0,4,23,D04
200800063648,0,7,0,0,2,1,13,A01
200800063648,0,7,0,0,2,1,1,B02
200800063648,0,7,0,0,2,8,1,C03
200800063649,0,7,0,0,2,1,2,A01
200800063649,0,17,0,0,2,4,1,B02
200800063650,0,10,0,0,2,2,2,A01
200800063650,0,15,0,0,2,6,2,B02
200800063651,0,7,0,0,1,5,1,A01
200800063652,0,38,0,0,2,5,7,A01
200800063652,0,7,0,0,2,1,1,B02
200800063653,0,7,0,0,1,1,1,A01
200800063654,0,2,0,0,2,7,17,A01
200800063654,0,38,0,0,2,3,15,B02
200800063655,0,7,0,0,1,3,1,A01
200800063656,0,7,0,0,0,0,0,A01
200800063656,0,7,0,0,2,1,1,B02
200800063657,0,7,0,0,0,1,14,A01
200800063658,0,7,0,0,2,3,1,A01
200800063658,0,17,0,0,2,5,0,B02
200800063659,0,31,0,0,2,7,1,A01
200800063659,0,7,0,0,0,4,23,B02
200800063660,0,7,0,0,0,4,2,A01
200800063660,0,7,0,0,2,9,2,B02
200800063660,0,7,0,0,2,1,2,C03
200800063661,0,7,0,8,0,8,1,A01
200800063662,0,33,0,0,0,0,16,A01
200800063663,0,7,0,0,2,3,1,A01
200800063663,0,31,0,0,2,3,15,B02
200800063664,0,7,0,0,2,1,13,A01
200800063664,0,7,0,0,2,1,1,B02
200800063665,0,7,0,0,1,1,1,A01
200800063666,0,7,0,0,2,1,1,A01
200800063666,0,7,0,0,2,8,10,B02
200800063667,0,7,0,0,2,8,9,A01
200800063667,0,7,0,0,2,1,1,B02
200800063668,0,7,0,0,0,2,17,A01
200800063668,0,7,0,0,0,3,1,B02
200800063669,0,17,0,0,2,1,2,A01
200800063669,0,17,0,0,2,4,2,B02
200800063670,0,10,0,0,1,1,5,A01
200800063670,0,10,0,0,2,1,1,B02
200800063670,0,10,0,0,2,1,1,C03
200800063670,0,15,0,0,2,6,1,D04
200800063671,0,10,0,0,0,0,0,A01
200800063671,0,17,0,0,2,4,1,B02
200800063672,0,1,0,8,0,1,1,A01
200800063673,0,7,0,0,0,4,15,A01
200800063673,0,7,0,0,0,1,1,B02
200800063673,0,7,0,0,0,3,2,C03
200800063674,0,35,0,0,2,3,15,A01
200800063674,0,34,0,0,2,1,17,B02
200800063675,0,7,0,0,2,4,0,A01
200800063675,0,7,0,14,0,2,0,B02
200800063676,0,14,0,0,2,1,2,A01
200800063676,0,17,0,0,0,4,2,B02
200800063677,0,7,0,2,0,2,0,A01
200800063678,0,7,0,0,2,1,15,A01
200800063678,0,30,0,0,2,1,1,B02
200800063679,0,33,0,0,0,7,1,A01
200800063680,0,17,0,13,0,7,2,A01
200800063681,0,7,0,0,2,2,13,A01
200800063681,0,7,0,0,2,2,1,B02
200800063682,0,14,0,13,0,2,1,A01
200800063683,0,7,0,0,0,0,0,A01
200800063683,0,7,0,0,2,1,0,B02
200800063684,0,10,0,0,2,1,1,A01
200800063684,0,10,0,0,2,1,5,B02
200800063685,0,7,0,3,2,3,13,A01
200800063685,0,17,0,0,2,7,1,B02
200800063685,0,7,0,3,0,3,13,C03
200800063685,0,7,0,14,0,1,1,D04
200800063685,0,7,0,14,0,1,1,E05
200800063685,0,7,0,14,0,1,1,F06
200800063685,0,7,0,14,0,1,1,G07
200800063685,0,7,0,14,0,1,1,H08
200800063686,0,7,0,13,0,0,17,A01
200800063687,0,7,0,4,0,3,1,A01
200800063688,0,7,0,4,0,3,2,A01
200800063689,0,7,0,0,2,8,13,A01
200800063689,0,7,0,0,2,8,1,B02
200800063689,0,7,0,0,0,0,1,C03
200800063690,0,7,0,5,0,2,1,A01
200800063691,0,7,0,2,0,8,1,A01
200800063692,0,7,0,0,6,1,1,A01
200800063693,0,7,0,16,0,2,1,A01
200800063694,0,10,0,0,0,0,1,A01
200800063694,0,33,0,0,9,1,1,B02
200800063695,0,7,0,0,2,3,1,A01
200800063695,0,7,0,0,2,2,19,B02
200800063696,0,31,0,2,0,2,17,A01
200800063697,0,30,0,0,1,1,2,A01
200800063698,0,30,0,0,2,1,1,A01
200800063698,0,7,0,0,2,3,15,B02
200800063699,0,7,0,13,6,9,21,A01
200800063700,0,7,0,13,0,3,17,A01
200800063701,0,7,0,0,2,1,1,A01
200800063701,0,2,0,0,2,7,15,B02
200800063702,0,7,0,0,2,2,15,A01
200800063702,0,31,0,0,2,1,1,B02
200800063703,0,7,0,0,2,3,15,A01
200800063703,0,7,0,0,2,2,0,B02
200800063704,0,7,0,0,1,7,1,A01
200800063705,0,7,0,6,0,1,1,A01
200800063706,0,7,0,0,2,3,1,A01
200800063706,0,7,0,0,0,5,9,B02
200800063707,0,10,0,13,0,2,1,A01
200800063708,0,7,0,12,0,9,1,A01
200800063709,0,7,0,0,1,2,1,A01
200800063710,0,31,0,0,2,7,2,A01
200800063710,0,7,0,0,2,3,0,B02
200800063711,0,7,0,0,1,0,21,A01
200800063712,0,7,0,0,1,1,1,A01
200800063713,0,2,0,0,2,2,1,A01
200800063713,0,15,0,0,2,8,9,B02
200800063714,0,7,0,0,2,3,13,A01
200800063714,0,10,0,0,2,3,1,B02
200800063715,0,7,0,2,0,8,1,A01
200800063716,0,7,0,0,1,3,1,A01
200800063717,0,7,0,0,1,3,0,A01
200800063718,0,30,0,0,2,1,17,B02
200800063718,0,7,0,0,2,3,15,A01
200800063719,0,7,0,0,2,8,2,A01
200800063719,0,7,0,0,2,1,2,B02
200800063720,0,17,0,0,2,6,1,A01
200800063720,0,2,0,0,2,8,17,B02
200800063721,0,7,0,13,0,1,1,A01
200800063721,0,7,0,13,0,1,1,B02
200800063721,0,7,0,3,0,9,21,C03
200800063721,0,7,0,1,0,1,1,D04
200800063721,0,7,0,1,0,3,21,E05
200800063721,0,7,0,3,0,3,21,F06
200800063722,0,33,0,0,6,1,1,A01
200800063723,0,7,0,0,2,3,17,A01
200800063723,0,10,0,0,2,3,1,B02
200800063724,0,7,0,0,0,7,15,A01
200800063724,0,2,0,0,2,1,1,B02
200800063725,0,33,0,0,2,3,21,A01
200800063726,0,7,0,16,0,2,21,A01
200800063727,0,7,0,0,0,6,19,A01
200800063727,0,33,0,0,2,1,1,B02
200800063728,0,7,0,3,0,1,1,A01
200800063729,0,33,0,0,2,1,1,A01
200800063729,0,7,0,0,2,6,1,B02
200800063730,0,7,0,0,2,1,1,A01
200800063730,0,34,0,0,2,7,1,B02
200800063731,0,7,0,13,0,8,21,A01
200800063732,0,7,0,0,0,4,2,A01
200800063732,0,7,0,0,2,1,2,B02
200800063733,0,7,0,3,0,9,17,A01
200800063734,0,7,0,3,0,3,1,A01
200800063734,0,10,0,1,0,5,24,B02
200800063735,0,7,0,1,0,1,1,A01
200800063735,0,7,0,1,2,6,24,B02
200800063735,0,7,0,3,0,3,1,C03
200800063736,0,7,0,0,0,1,13,A01
200800063737,0,7,0,0,2,8,1,A01
200800063737,0,17,0,0,2,1,1,B02
200800063738,0,10,0,0,2,1,2,A01
200800063738,0,17,0,0,0,4,2,B02
200800063739,0,7,0,13,0,1,1,A01
200800063740,0,7,0,4,0,1,14,A01
200800063741,0,33,0,14,0,1,1,A01
200800063742,0,7,0,13,0,1,1,A01
200800063743,0,32,0,0,1,1,1,A01
200800063744,0,7,0,2,0,1,14,A01
200800063745,0,37,0,0,1,2,1,A01
200800063746,0,7,0,0,0,2,2,A01
200800063746,0,1,0,0,0,6,2,B02
200800063747,0,7,0,0,2,2,1,A01
200800063747,0,30,0,0,2,3,1,B02
200800063748,0,30,0,0,2,1,13,A01
200800063748,0,10,0,0,2,3,1,B02