Num_Acc,senc,catv,occutc,obs,obsm,choc,manv,num_veh
200800063749,0,7,0,0,2,2,15,A01
200800063749,0,2,0,0,2,7,1,B01
200800063750,0,30,0,0,2,1,9,A01
200800063750,0,7,0,0,2,7,1,B01
200800063751,0,7,0,0,1,0,1,A01
200800063752,0,7,0,6,0,1,14,A01
200800063753,0,13,0,0,2,1,1,A01
200800063753,0,7,0,0,2,4,1,B01
200800063754,0,7,0,0,1,2,1,A01
200800063755,0,7,0,0,2,8,9,A01
200800063755,0,30,0,0,2,1,1,B01
200800063756,0,7,0,0,2,1,1,A01
200800063756,0,2,0,0,2,2,1,B01
200800063757,0,7,0,0,2,1,15,A01
200800063757,0,7,0,0,2,1,1,B01
200800063758,0,7,0,0,1,2,1,A01
200800063759,0,30,0,0,0,0,1,A01
200800063760,0,7,0,0,2,1,1,A01
200800063760,0,7,0,0,2,4,23,B01
200800063760,0,7,0,0,2,4,23,C01
200800063761,0,7,0,0,1,1,15,A01
200800063762,0,37,0,1,0,2,1,A01
200800063763,0,30,0,13,0,7,1,A01
200800063764,0,17,0,13,0,7,1,A01
200800063765,0,2,0,0,0,1,1,A01
200800063766,1,7,0,0,2,4,4,A01
200800063766,0,30,0,0,2,1,23,B01
200800063767,0,31,0,0,2,1,1,A01
200800063767,0,7,0,0,2,4,23,B01
200800063768,0,32,0,0,0,8,1,A01
200800063769,0,7,0,2,0,3,1,A01
200800063770,0,7,0,11,2,3,1,B01
200800063770,0,7,0,0,2,1,1,A01
200800063771,0,2,0,0,2,1,1,A01
200800063771,0,7,0,0,2,1,1,B01
200800063772,0,7,0,0,2,1,1,A01
200800063772,0,7,0,0,2,4,23,B01
200800063773,0,7,0,0,2,4,1,A01
200800063773,0,33,0,0,2,1,1,B01
200800063774,0,30,0,0,0,7,1,A01
200800063775,0,7,0,12,0,1,1,A01
200800063776,0,7,0,0,2,8,1,B01
200800063776,0,7,0,0,2,1,1,A01
200800063777,0,30,0,12,0,8,1,A01
200800063778,0,1,0,0,2,1,1,A01
200800063778,0,20,0,0,2,8,15,B01
200800063779,0,1,0,0,2,7,1,B01
200800063779,0,7,0,0,2,3,1,A01
200800063780,0,7,0,12,0,1,1,A01
200800063781,1,7,0,0,2,0,1,A01
200800063781,0,30,0,0,2,7,1,B01
200800063782,0,7,0,0,2,1,1,B01
200800063782,0,7,0,0,2,1,1,A01
200800063783,0,1,0,0,1,1,1,A01
200800063784,0,7,0,0,2,1,1,A01
200800063784,0,7,0,0,2,4,23,B01
200800063785,0,1,0,0,2,5,1,B01
200800063785,0,7,0,0,2,1,1,A01
200800063786,0,7,0,0,2,1,15,A01
200800063786,0,31,0,0,2,3,1,B01
200800063787,0,7,0,0,2,1,1,A01
200800063787,0,1,0,0,2,1,1,B01
200800063788,0,7,0,0,1,1,16,A01
200800063789,0,1,0,0,2,0,0,A01
200800063789,0,7,0,0,2,0,0,B01
200800063790,0,1,0,0,2,8,1,A01
200800063790,0,7,0,0,2,7,16,B01
200800063791,0,7,0,0,2,1,1,B01
200800063791,0,7,0,0,2,1,15,A01
200800063792,0,7,0,0,2,1,10,A01
200800063793,0,1,0,0,2,1,9,A01
200800063793,0,7,0,0,2,1,1,B01
200800063794,0,7,0,0,2,8,1,B01
200800063794,0,7,0,0,2,1,1,A01
200800063795,0,1,0,0,1,1,1,A01
200800063796,0,7,0,0,2,1,15,A01
200800063796,0,7,0,0,2,3,1,B01
200800063797,0,7,0,0,1,1,1,A01
200800063798,0,7,0,0,2,0,9,A01
200800063798,0,2,0,0,0,3,2,B01
200800063799,0,10,0,0,2,1,1,B01
200800063799,0,7,0,0,2,1,15,A01
200800063800,0,37,10,0,2,2,7,B01
200800063800,0,7,0,0,2,5,16,A01
200800063801,0,7,0,0,2,8,11,A01
200800063801,0,2,0,0,2,7,12,B01
200800063802,0,7,0,0,2,1,2,A01
200800063802,0,7,0,0,2,6,20,B01
200800063803,0,7,0,0,2,1,1,A01
200800063803,0,7,0,0,2,5,1,B01
200800063804,0,7,0,0,2,1,2,A01
200800063804,0,7,0,0,2,4,1,B01
200800063805,0,7,0,0,1,1,15,A01
200800063806,0,7,0,0,2,3,9,A01
200800063806,0,7,0,0,2,8,1,B01
200800063806,0,7,0,0,2,1,1,C01
200800063807,0,2,0,0,2,3,1,A01
200800063807,1,7,0,0,2,5,12,B01
200800063808,0,7,0,0,1,3,1,A01
200800063809,0,7,0,0,0,1,1,A01
200800063810,0,7,0,0,2,5,12,A01
200800063810,0,7,0,0,2,1,1,B01
200800063811,0,1,0,0,2,1,1,A01
200800063811,0,7,0,0,2,8,1,B01
200800063812,0,7,0,0,2,1,1,A01
200800063812,0,7,0,0,2,4,23,B01
200800063812,0,7,0,0,2,4,23,C01
200800063813,0,7,0,0,2,2,1,B01
200800063813,0,7,0,0,2,3,15,A01
200800063814,1,7,0,0,1,1,1,A01
200800063815,0,32,0,0,2,1,0,A01
200800063815,0,7,0,0,2,1,1,B01
200800063816,0,7,0,0,2,1,15,A01
200800063816,0,40,0,0,2,8,1,B01
200800063817,0,7,0,1,2,2,1,A01
200800063817,0,7,0,0,2,2,1,B01
200800063818,0,7,0,0,1,1,1,A01
200800063819,0,7,0,0,1,7,1,A01
200800063820,0,7,0,0,1,1,1,A01
200800063821,0,7,0,6,0,1,1,A01
200800063822,0,7,0,8,2,2,1,B01
200800063822,0,7,0,0,2,1,15,A01
200800063823,0,1,0,0,2,1,9,A01
200800063823,0,7,0,0,2,5,1,B01
200800063824,0,7,0,0,2,3,15,A01
200800063824,0,7,0,0,2,3,16,B01
200800063825,0,7,0,0,2,1,1,A01
200800063825,0,7,0,0,1,1,1,B01
200800063826,0,7,0,2,0,1,1,A01
200800063827,0,7,0,0,1,1,1,A01
200800063828,0,2,0,12,0,1,14,A01
200800063829,0,14,0,0,2,1,2,A01
200800063829,0,7,0,0,2,4,2,B01
200800063830,0,7,0,0,2,6,1,A01
200800063830,0,30,0,0,2,1,15,B01
200800063831,0,7,0,0,2,1,2,A01
200800063831,0,7,0,0,2,4,2,B01
200800063832,0,2,0,0,2,1,2,A01
200800063832,0,7,0,0,2,6,2,B01
200800063833,0,30,0,12,0,9,14,A01
200800063834,0,7,0,3,0,1,13,A01
200800063835,0,7,0,0,2,0,20,A01
200800063835,0,2,0,0,2,1,1,B01
200800063836,0,2,0,0,0,0,0,A01
200800063837,0,7,0,0,2,2,1,B01
200800063837,0,1,0,0,2,1,1,A01
200800063838,0,2,0,0,2,0,1,B01
200800063838,1,7,0,0,2,0,0,A01
200800063839,0,7,0,1,0,3,15,A01
200800063840,0,1,0,1,0,0,1,A01
200800063841,0,1,0,0,2,3,1,B01
200800063841,0,7,0,0,2,1,15,A01
200800063842,0,33,0,0,2,1,1,B01
200800063842,0,7,0,0,2,5,1,A01
200800063843,0,7,0,0,2,4,16,B01
200800063843,0,2,0,0,2,1,18,A01
200800063844,0,7,0,0,2,2,0,A01
200800063844,0,2,0,0,2,0,1,B01
200800063845,0,2,0,0,2,0,0,B01
200800063845,0,7,0,0,2,0,0,A01
200800063846,0,2,0,1,0,0,0,A01
200800063847,0,7,0,15,0,1,1,A01
200800063848,0,7,0,0,0,3,15,A01
200800063848,0,7,0,0,2,2,2,B01
200800063849,0,7,0,1,0,1,1,A01
200800063850,0,30,0,0,2,1,1,A01
200800063850,0,7,0,0,2,4,1,B01
200800063851,0,7,0,0,1,2,15,A01
200800063852,0,7,0,13,2,6,1,B01
200800063852,0,7,0,0,2,1,1,A01
200800063853,0,7,0,0,1,1,1,A01
200800063854,0,7,0,0,1,4,4,A01
200800063855,0,7,0,0,2,1,15,A01
200800063855,0,33,0,0,2,1,1,B01
200800063856,0,7,0,0,2,1,1,A01
200800063856,0,1,0,0,2,5,1,B01
200800063857,0,7,0,0,2,1,1,B01
200800063857,0,2,0,0,2,1,1,A01
200800063858,0,7,0,11,0,1,1,A01
200800063859,0,30,0,0,0,7,1,A01
200800063860,0,7,0,3,0,1,1,A01
200800063861,0,10,0,0,2,3,1,B01
200800063861,0,7,0,0,2,2,1,A01
200800063862,0,7,0,6,2,1,21,A01
200800063863,0,2,0,0,2,1,21,B01
200800063863,0,7,0,0,2,6,19,A01
200800063864,0,37,6,0,2,1,21,B01
200800063864,0,7,0,14,0,1,5,A01
200800063865,0,7,0,0,1,1,1,A01
200800063866,0,7,0,0,2,4,2,B01
200800063866,0,7,0,14,0,1,2,A01
200800063867,0,7,0,0,2,8,23,B01
200800063867,0,7,0,14,0,1,0,A01
200800063867,0,7,0,0,2,1,23,C01
200800063868,0,7,0,0,2,8,15,A01
200800063868,0,31,0,0,2,1,17,B01
200800063869,0,7,0,0,2,0,15,A01
200800063869,0,7,0,0,2,1,1,B01
200800063870,0,7,0,0,2,3,1,A01
200800063870,0,1,0,0,2,4,1,B01
200800063871,0,7,0,0,1,2,0,A01
200800063872,0,7,0,0,1,1,1,A01
200800063873,0,7,0,0,1,1,1,A01
200800063874,0,7,0,0,1,4,4,A01
200800063875,0,7,0,0,1,2,1,A01
200800063876,0,7,0,0,1,1,1,A01
200800063877,0,7,0,0,1,2,1,A01
200800063878,0,7,0,0,2,1,2,A01
200800063878,0,7,0,0,2,4,2,B01
200800063879,0,7,0,2,0,1,1,A01
200800063880,0,7,0,0,1,1,1,A01
200800063881,0,7,0,0,2,1,15,A01
200800063881,0,33,0,0,2,1,1,B01
200800063882,0,7,0,0,2,1,1,A01
200800063883,0,7,0,0,1,3,10,A01
200800063883,0,7,0,0,2,2,1,B01
200800063884,0,2,0,0,2,0,15,A01
200800063884,0,7,0,0,2,3,1,B01
200800063885,0,7,0,0,2,7,15,A01
200800063885,0,30,0,9,2,1,1,B01
200800063886,0,7,0,9,0,1,1,A01
200800063887,0,7,0,0,1,1,1,A01
200800063888,0,7,0,0,2,1,1,B01
200800063888,0,7,0,0,1,1,1,C01
200800063888,0,7,0,0,2,3,16,A01
200800063889,0,7,0,0,1,1,1,A01
200800063890,0,7,0,0,2,3,9,A01
200800063890,0,37,3,0,2,2,1,B01
200800063891,0,1,0,0,2,1,9,A01
200800063891,0,7,0,0,2,1,1,B01
200800063892,0,7,0,0,1,1,1,A01
200800063893,0,7,0,0,2,3,15,A01
200800063893,0,2,0,0,2,1,1,B01
200800063894,0,2,0,0,2,1,16,A01
200800063894,0,7,0,0,2,3,10,B01
200800063895,0,7,0,0,1,2,1,A01
200800063896,0,33,0,0,0,0,1,A01
200800063897,0,7,0,8,0,1,13,A01
200800063898,0,7,0,0,1,1,1,A01
200800063899,0,7,0,0,1,3,1,A01
200800063900,0,7,0,0,0,9,1,A01
200800063901,0,32,0,1,0,8,2,B01
200800063902,0,7,0,0,2,1,5,A01
200800063902,0,7,0,0,2,1,1,B01
200800063903,0,7,0,12,2,3,9,A01
200800063903,0,30,0,0,2,1,1,B01
200800063904,0,21,0,0,1,0,1,A01
200800063905,0,7,0,2,0,0,0,A01
200800063906,0,10,0,0,1,3,1,A01
200800063907,0,10,0,0,9,1,2,A01
200800063907,0,99,0,0,0,4,2,B01
200800063908,0,7,0,0,2,8,15,B01
200800063908,0,7,0,0,2,3,1,A01
200800063909,0,30,0,0,2,1,1,A01
200800063910,0,7,0,0,2,0,0,A01
200800063910,0,7,0,0,2,0,0,B01
200800063911,0,7,0,0,2,0,0,A01
200800063911,0,7,0,0,2,1,0,B01
200800063912,1,7,0,0,2,8,15,A01
200800063912,0,2,0,0,2,0,16,B01
200800063913,0,7,0,0,2,1,0,A01
200800063913,0,7,0,0,2,1,0,B01
200800063914,2,7,0,1,0,1,1,A01
200800063915,0,30,0,0,2,1,17,A01
200800063915,0,3,0,0,0,8,15,B01
200800063916,0,7,0,0,1,1,15,A01
200800063917,0,7,0,6,2,1,1,B01
200800063917,0,7,0,0,2,2,23,C01
200800063917,0,7,0,6,2,2,1,A01
200800063918,0,31,0,0,2,1,17,A01
200800063918,0,7,0,1,2,8,15,B01
200800063919,0,2,0,0,2,7,1,A01
200800063919,0,7,0,0,0,1,23,B01
200800063920,0,7,0,0,2,1,1,A01
200800063920,0,7,0,0,2,4,1,B01
200800063921,0,33,0,1,0,1,1,B01
200800063921,0,7,0,0,2,8,22,A01
200800063922,0,7,0,8,0,8,1,A01
200800063923,0,2,0,8,0,0,0,A01
200800063924,0,33,0,8,9,0,1,A01
200800063925,0,32,0,0,0,1,1,A01
200800063926,0,7,0,10,0,9,1,A01
200800063927,0,7,0,0,2,2,1,A01
200800063927,0,7,0,0,2,6,15,B01
200800063928,0,7,0,0,2,3,9,A01
200800063928,0,30,0,0,2,1,1,B01
200800063929,0,7,0,6,0,1,15,A01
200800063930,0,7,0,9,2,1,1,B01
200800063930,0,7,0,0,2,1,1,A01
200800063931,0,2,0,0,2,8,10,A01
200800063931,0,7,0,0,2,2,1,B01
200800063932,0,30,0,0,2,1,17,A01
200800063932,0,7,0,0,2,2,15,B01
200800063933,0,7,0,0,2,1,1,A01
200800063933,0,7,0,0,2,4,1,B01
200800063933,0,7,0,0,2,4,1,C01
200800063933,0,7,0,0,2,7,1,D01
200800063934,0,7,0,0,2,3,16,A01
200800063934,0,7,0,0,2,1,2,B01
200800063935,0,7,0,0,1,4,4,A01
200800063936,0,2,0,0,2,1,1,A01
200800063937,0,7,0,0,2,2,19,A01
200800063937,0,30,0,0,2,1,1,B01
200800063938,0,7,0,0,1,1,1,A01
200800063939,0,7,0,0,2,3,17,A01
200800063939,0,2,0,0,2,1,1,B01
200800063940,0,2,0,0,2,1,1,A01
200800063940,0,7,0,0,2,3,15,B01
200800063941,0,2,0,0,2,4,1,A01
200800063941,1,7,0,0,2,1,1,B01
200800063942,0,30,0,0,2,0,1,A01
200800063942,1,7,0,0,2,7,1,B01
200800063943,0,7,0,0,2,3,1,A01
200800063943,0,7,0,0,2,4,1,B01
200800063944,0,7,0,0,2,5,15,A01
200800063944,0,33,0,0,2,1,1,B01
200800063945,0,7,0,0,2,1,1,A01
200800063945,0,1,0,0,2,1,1,B01
200800063946,1,7,0,0,1,1,1,A01
200800063947,0,7,0,0,2,1,1,B01
200800063947,0,7,0,0,2,1,1,A01
200800063948,0,7,0,0,1,1,1,A01
200800063949,0,7,0,0,1,1,1,A01
200800063950,0,7,0,0,2,1,1,B01
200800063950,0,7,0,0,2,2,15,A01
200800063951,0,7,0,0,2,1,16,A01
200800063951,0,1,0,0,2,8,19,B01
200800063952,0,7,0,0,2,6,9,A01
200800063952,0,32,0,0,2,1,1,B01
200800063953,0,7,0,0,0,0,15,B01
200800063953,0,33,0,0,0,0,21,A01
200800063954,0,7,0,0,2,4,23,A01
200800063954,0,2,0,0,2,1,1,B01
200800063955,0,7,0,0,2,1,2,B01
200800063955,0,2,0,0,2,7,2,A01
200800063956,0,2,0,0,1,1,17,A01
200800063957,0,7,0,0,2,1,1,A01
200800063957,0,2,0,0,2,1,1,B01
200800063958,0,7,0,0,1,1,2,A01
200800063959,0,7,0,6,0,9,1,A01
200800063960,0,30,0,0,1,1,1,A01
200800063961,0,7,0,0,2,4,20,A01
200800063961,0,1,0,0,2,1,1,B01
200800063962,0,2,0,0,0,8,2,A01
200800063963,0,7,0,2,2,1,2,B01
200800063963,0,7,0,0,2,7,1,A01
200800063964,0,7,0,0,1,1,15,A01
200800063965,0,7,0,0,2,5,15,A01
200800063965,0,7,0,0,2,1,1,B01
200800063966,0,35,0,0,0,7,1,A01
200800063967,0,7,0,4,0,1,2,A01
200800063968,0,7,0,0,2,1,15,A01
200800063968,0,2,0,0,2,1,1,B01
200800063969,0,7,0,0,2,2,15,A01
200800063969,0,7,0,0,2,1,1,B01
200800063970,0,7,0,0,2,1,15,B01
200800063970,0,33,0,0,2,1,1,A01
200800063971,0,7,0,1,0,1,1,A01
200800063972,0,2,0,0,2,1,1,B01
200800063972,0,7,0,0,2,3,15,A01
200800063973,0,7,0,0,2,8,1,A01
200800063973,0,7,0,0,2,1,1,B01
200800063974,0,7,0,0,2,1,15,A01
200800063974,0,2,0,0,2,1,1,B01
200800063975,2,7,0,0,2,1,2,A01
200800063975,0,7,0,0,2,6,1,B01
200800063975,0,7,0,0,2,4,1,C01
200800063976,0,7,0,0,2,1,1,A01
200800063976,0,7,0,0,2,4,1,B01
200800063977,0,7,0,0,2,1,1,A01
200800063977,0,7,0,0,2,4,1,B01
200800063978,0,1,0,0,2,7,19,A01
200800063978,0,7,0,0,2,1,15,B01
200800063979,0,7,0,1,1,1,1,A01
200800063980,0,7,0,9,0,1,1,A01
200800063981,0,7,0,0,2,8,20,A01
200800063981,0,7,0,0,2,3,1,B01
200800063982,0,7,0,0,2,2,1,B01
200800063982,0,7,0,0,2,4,16,A01
200800063983,0,7,0,0,1,1,1,A01
200800063984,0,7,0,0,2,1,1,A01
200800063985,0,7,0,0,1,1,1,A01
200800063986,0,2,0,0,2,1,15,B01
200800063986,0,7,0,0,2,1,1,A01
200800063987,0,7,0,0,9,2,15,A01
200800063987,0,1,0,0,2,1,1,B01
200800063988,0,7,0,0,1,2,9,A01
200800063989,0,7,0,0,1,1,1,A01
200800063990,0,7,0,0,2,8,10,A01
200800063990,0,2,0,0,2,1,17,B01
200800063991,0,7,0,0,1,0,0,A01
200800063992,0,7,0,5,2,3,15,A01
200800063992,0,7,0,0,2,1,1,B01
200800063993,0,33,0,0,0,0,2,A01
200800063994,0,32,0,0,2,8,2,B01
200800063994,0,7,0,0,2,3,15,A01
200800063995,0,7,0,6,1,9,1,A01
200800063996,0,7,0,0,1,1,1,A01
200800063997,0,31,0,0,1,1,1,A01
200800063998,0,30,0,0,2,1,6,A01
200800063998,0,7,0,0,0,3,15,B01
200800063999,1,7,0,14,2,1,1,A01
200800063999,0,7,0,0,2,2,15,B01
200800064000,0,7,0,1,0,9,1,A01
200800064001,0,7,0,14,2,1,1,A01
200800064001,0,7,0,0,2,0,1,B01
200800064002,0,7,0,1,2,1,15,A01
200800064002,0,7,0,0,2,1,1,B01
200800064003,0,7,0,1,2,1,0,A01
200800064004,0,7,0,0,2,1,1,A01
200800064005,0,30,0,0,2,1,1,B01
200800064005,0,7,0,0,2,1,15,A01
200800064006,0,31,0,0,2,1,1,B01
200800064006,0,7,0,0,2,1,15,A01
200800064007,0,7,0,0,2,9,1,B01
200800064007,0,7,0,14,2,3,15,A01
200800064007,0,7,0,14,2,8,23,C01
200800064008,0,7,0,0,2,3,15,A01
200800064008,0,2,0,0,2,8,1,B01
200800064009,0,33,0,0,1,3,1,A01
200800064010,0,7,0,14,2,3,15,A01
200800064010,0,30,0,0,2,9,1,B01
200800064011,0,7,0,14,2,1,1,A01
200800064011,0,7,0,0,2,9,1,B01
200800064012,0,7,0,0,1,0,1,A01
200800064013,0,7,0,0,2,1,2,A01
200800064013,0,7,0,0,2,4,15,B01
200800064014,0,7,0,0,1,3,1,A01
200800064015,0,7,0,0,2,1,1,A01
200800064015,0,7,0,0,2,1,1,B01
200800064016,0,7,0,0,1,0,1,A01
200800064017,0,7,0,0,1,0,1,A01
200800064018,0,7,0,0,1,1,1,A01
200800064019,0,7,0,14,2,0,9,A01
200800064019,0,31,0,0,2,8,1,B01
200800064020,0,7,0,0,1,0,15,A01
200800064021,0,2,0,0,0,8,16,A01
200800064022,0,7,0,0,2,0,1,A01
200800064022,0,2,0,0,2,7,2,B01
200800064023,0,7,0,0,2,0,16,A01
200800064023,0,2,0,0,2,0,1,B01
200800064024,0,7,0,14,2,0,1,A01
200800064025,0,7,0,0,2,9,15,A01
200800064025,0,7,0,0,2,3,1,B01
200800064026,0,1,0,0,2,1,5,A01
200800064026,0,7,0,0,2,3,1,B01
200800064027,0,7,0,0,1,0,15,A01
200800064028,0,7,0,0,1,0,15,A01
200800064029,0,7,0,0,1,1,1,A01
200800064030,0,7,0,1,1,8,1,A01
200800064031,0,7,0,0,1,0,16,A01
200800064032,0,7,0,6,0,1,1,A01
200800064033,0,7,0,0,1,2,1,A01
200800064034,0,30,0,0,2,1,1,A01
200800064034,0,7,0,0,2,4,2,B01
200800064035,0,7,0,1,1,1,1,A01
200800064036,0,2,0,0,1,1,17,A01
200800064037,0,7,0,0,2,8,0,A01
200800064037,0,7,0,0,2,8,1,B01
200800064038,0,7,0,0,2,1,6,A01
200800064038,0,7,0,0,2,1,1,B01
200800064039,0,7,0,0,2,3,0,A01
200800064039,0,7,0,0,0,8,0,B01
200800064040,1,7,0,0,0,0,0,B01
200800064040,0,7,0,0,0,3,0,A01
200800064041,0,7,0,8,0,1,1,A01
200800064042,0,7,0,0,1,5,2,A01
200800064043,1,7,0,0,1,2,15,A01
200800064044,0,7,0,0,0,1,1,A01
200800064045,1,7,0,0,9,0,0,A01
200800064046,0,7,0,0,1,1,15,A01
200800064047,0,7,0,0,1,1,15,A01
200800064048,0,7,0,0,0,1,2,A01
200800064048,0,7,0,0,0,4,2,B01
200800064049,0,7,0,1,0,3,1,A01
200800064049,0,7,0,1,0,5,24,B01
200800064050,0,7,0,0,2,2,15,A01
200800064050,0,2,0,0,2,1,1,B01
200800064051,0,7,0,0,1,3,1,A01
200800064052,0,7,0,0,1,3,15,A01
200800064053,0,38,1,0,2,1,1,A01
200800064053,0,7,0,0,2,3,15,B01
200800064054,0,7,0,0,0,3,0,A01
200800064054,0,2,0,0,0,1,0,B01
200800064055,0,7,0,0,2,2,1,A01
200800064055,0,1,0,0,2,8,15,B01
200800064056,0,30,0,0,2,1,1,A01
200800064056,0,7,0,0,2,3,9,B01
200800064057,0,2,0,0,1,1,0,A01
200800064058,0,7,0,0,1,3,13,A01
200800064059,0,10,0,0,2,1,1,B01
200800064059,0,7,0,0,2,7,19,A01
200800064060,0,7,0,0,2,2,10,A01
200800064060,0,2,0,0,2,1,1,B01
200800064061,0,10,0,0,2,2,15,A01
200800064061,0,31,0,0,2,1,1,B01
200800064062,0,7,0,0,1,4,4,A01
200800064063,0,36,0,1,2,1,17,A01
200800064063,0,7,0,0,2,8,1,B01
200800064064,1,33,0,0,1,2,1,A01
200800064064,0,7,0,0,2,3,1,B01
200800064065,0,17,0,0,2,1,13,A01
200800064065,0,17,0,7,2,1,1,B01
200800064066,0,1,0,0,2,4,16,A01
200800064066,0,7,0,0,2,7,1,B01
200800064067,0,7,0,0,2,3,15,B01
200800064067,0,7,0,0,2,2,1,A01
200800064068,0,7,0,0,1,2,16,A01
200800064069,0,33,0,0,2,7,17,A01
200800064069,0,7,0,0,2,8,15,B01
200800064070,0,7,0,0,2,1,1,A01
200800064070,0,7,0,0,2,4,1,B01
200800064070,0,7,0,0,2,4,1,C01
200800064071,0,7,0,0,2,1,1,B01
200800064071,0,7,0,0,2,5,1,A01
200800064072,0,2,0,0,1,1,1,A01
200800064073,1,7,0,0,1,1,9,A01
200800064074,0,7,0,0,2,1,1,A01
200800064074,0,7,0,0,2,4,1,B01
200800064075,0,7,0,0,1,1,1,A01
200800064076,1,31,0,0,1,1,1,A01
200800064077,0,31,0,0,0,8,15,A01
200800064078,0,7,0,0,2,1,2,A01
200800064078,0,10,0,0,2,4,23,B01
200800064079,0,7,0,0,2,6,1,B01
200800064079,0,30,0,0,2,1,1,A01
200800064080,0,7,0,0,2,7,15,A01
200800064080,0,33,0,0,2,1,1,B01
200800064081,0,7,0,0,2,2,1,B01
200800064081,0,13,0,9,2,3,9,A01
200800064082,0,7,0,0,0,3,0,A01
200800064082,0,33,0,0,2,1,2,B01
200800064083,0,2,0,0,0,8,1,A01
200800064084,0,7,0,0,9,3,1,A01
200800064084,0,1,0,0,2,4,1,B01
200800064085,0,15,0,15,0,2,14,A01
200800064086,0,7,0,0,9,3,1,B01
200800064086,0,2,0,1,2,1,1,A01
200800064087,0,2,0,12,0,1,1,A01
200800064088,0,30,0,12,0,8,9,A01
200800064089,0,7,0,0,2,5,1,A01
200800064089,0,7,0,0,2,3,1,C01
200800064089,0,7,0,0,2,1,0,B01
200800064090,0,7,0,0,2,3,5,C01
200800064090,0,7,0,0,2,3,3,B01
200800064090,0,7,0,0,2,3,17,A01
200800064091,0,30,0,0,2,1,1,A01
200800064091,0,7,0,0,2,3,1,B01
200800064092,0,10,0,0,2,1,2,A01
200800064092,0,15,0,0,0,4,23,B01
200800064093,2,7,0,0,2,2,11,A01
200800064093,0,30,0,0,2,1,1,B01
200800064094,1,7,0,0,1,0,2,A01
200800064095,0,2,0,0,2,1,6,A01
200800064095,0,7,0,0,2,3,0,B01
200800064096,0,7,0,0,1,1,1,A01
200800064097,0,10,0,0,2,1,1,A01
200800064097,0,30,0,0,2,1,0,B01
200800064098,1,7,0,0,2,1,15,A01
200800064098,0,3,0,0,2,3,1,B01
200800064099,0,7,0,0,2,1,15,A01
200800064099,0,7,0,0,2,3,1,B01
200800064100,0,10,0,0,2,1,1,B01
200800064100,0,7,0,0,2,3,9,A01
200800064101,0,3,0,0,2,1,11,A01
200800064101,0,7,0,0,2,1,1,B01
200800064102,1,99,0,0,2,0,0,A01
200800064102,0,1,0,0,0,4,1,B01
200800064103,0,30,0,0,2,1,1,A01
200800064103,0,7,0,0,2,2,16,B01
200800064104,0,7,0,9,0,1,1,A01
200800064105,0,7,0,0,1,3,1,A01
200800064106,0,30,0,0,1,1,1,A01
200800064107,0,14,0,0,5,1,1,B01
200800064107,0,7,0,0,5,1,1,A01
200800064108,0,7,0,0,2,1,17,A01
200800064108,0,2,0,0,2,4,15,B01
200800064108,0,30,0,0,2,4,15,C01
200800064109,0,7,0,0,1,1,1,A01
200800064110,0,7,0,0,2,1,15,A01
200800064110,0,30,0,0,2,1,1,B01
200800064111,0,30,0,0,2,1,1,A01
200800064111,0,1,0,0,2,0,0,B01
200800064112,0,7,0,0,9,1,9,A01
200800064112,0,2,0,0,2,1,1,B01
200800064113,0,30,0,0,2,1,1,A01
200800064113,0,7,0,0,2,1,15,B01
200800064114,0,7,0,0,2,1,1,A01
200800064114,0,7,0,0,2,4,1,B01
200800064114,0,7,0,0,2,4,1,C01
200800064114,0,7,0,0,2,4,1,D01
200800064115,0,7,0,0,2,7,1,A01
200800064115,0,7,0,0,2,1,1,B01
200800064116,0,7,0,3,2,1,2,A01
200800064116,0,7,0,0,2,4,2,B01
200800064117,0,2,0,0,2,1,1,B01
200800064117,0,7,0,0,9,3,15,A01
200800064118,0,7,0,0,2,1,2,A01
200800064118,0,7,0,0,0,4,2,B01
200800064119,0,7,0,0,1,1,1,A01
200800064120,0,7,0,6,0,1,0,A01
200800064121,0,2,0,0,5,1,0,A01
200800064122,0,7,0,0,2,1,0,B01
200800064122,0,33,0,0,2,7,0,A01
200800064123,0,10,0,0,2,8,9,A01
200800064123,0,1,0,0,2,1,0,B01
200800064124,0,30,0,0,2,1,1,A01
200800064124,0,30,0,0,2,1,1,B01
200800064125,0,33,0,15,0,1,17,A01
200800064126,0,99,0,0,1,4,4,A01
200800064127,0,7,0,0,2,8,1,B01
200800064127,0,7,0,0,2,1,1,A01
200800064128,0,7,0,6,0,1,14,A01
200800064129,0,10,0,0,2,6,11,A01
200800064129,0,7,0,0,2,3,1,B01
200800064130,0,7,0,0,1,1,1,A01
200800064131,0,7,0,0,2,2,15,A01
200800064131,0,32,0,0,2,1,1,B01
200800064132,0,10,0,0,1,2,1,A01
200800064133,0,7,0,0,2,5,15,A01
200800064133,0,33,0,0,2,1,1,B01
200800064134,0,30,0,0,1,1,1,A01
200800064135,0,31,0,0,2,1,1,A01
200800064135,0,37,10,0,2,4,23,B01
200800064136,0,7,0,0,2,1,10,A01
200800064136,0,7,0,0,2,1,1,B01
200800064136,0,7,0,0,2,4,0,C01
200800064137,0,7,0,0,2,1,1,A01
200800064137,0,7,0,0,2,7,1,B01
200800064138,0,7,0,0,2,3,15,A01
200800064138,0,2,0,0,2,2,17,B01
200800064139,0,7,0,0,0,0,1,A01
200800064139,0,2,0,0,0,0,1,B01
200800064140,0,7,0,1,0,1,14,A01
200800064141,0,32,0,0,2,1,17,A01
200800064141,0,7,0,0,2,6,22,B01