Num_Acc,senc,catv,occutc,obs,obsm,choc,manv,num_veh
200800064142,0,7,0,0,2,3,1,B01
200800064142,0,30,0,0,2,1,15,A01
200800064143,0,30,0,0,1,1,16,A01
200800064144,0,7,0,0,2,8,1,B01
200800064144,0,7,0,0,2,2,19,A01
200800064145,0,30,0,11,0,1,1,A01
200800064146,0,2,0,0,2,1,13,A01
200800064146,0,7,0,0,2,1,1,B01
200800064147,0,7,0,0,2,3,19,B01
200800064147,0,30,0,0,2,1,1,A01
200800064148,0,7,0,6,0,1,0,A01
200800064149,0,7,0,0,2,3,2,B01
200800064149,0,7,0,0,2,2,11,A01
200800064150,0,7,0,0,1,7,1,A01
200800064151,0,7,0,0,2,1,1,C01
200800064151,0,7,0,0,2,4,0,A01
200800064151,0,7,0,0,2,4,1,B01
200800064152,0,30,0,12,0,0,1,A01
200800064153,0,7,0,0,2,1,1,B01
200800064153,0,7,0,0,2,0,0,A01
200800064154,0,30,0,0,2,1,1,B01
200800064154,0,7,0,0,2,1,15,A01
200800064155,0,2,0,0,2,1,1,A01
200800064155,0,30,0,0,2,7,1,B01
200800064156,0,7,0,0,2,8,1,B01
200800064156,0,7,0,0,2,2,15,A01
200800064156,0,7,0,0,2,4,13,C01
200800064157,0,2,0,0,2,1,1,B01
200800064157,0,7,0,0,0,3,15,A01
200800064158,0,7,0,6,0,1,0,A01
200800064159,0,7,0,0,2,7,16,B01
200800064159,0,30,0,0,2,8,1,A01
200800064160,0,30,0,0,2,1,17,B01
200800064160,0,7,0,0,2,8,20,A01
200800064161,0,7,0,0,1,2,1,A01
200800064162,0,7,0,0,2,1,1,B01
200800064162,0,7,0,0,2,1,1,A01
200800064163,0,2,0,0,0,1,15,B01
200800064163,0,7,0,0,0,2,17,A01
200800064164,0,7,0,4,0,8,0,A01
200800064165,0,7,0,0,2,3,15,A01
200800064165,0,30,0,0,2,6,1,B01
200800064166,0,7,0,0,1,1,16,A01
200800064167,0,7,0,0,2,3,15,A01
200800064167,0,31,0,0,2,1,17,B01
200800064168,0,7,0,0,2,3,9,A01
200800064168,0,7,0,0,2,2,1,B01
200800064169,0,7,0,0,2,3,15,B01
200800064169,0,7,0,0,2,2,17,A01
200800064170,0,7,0,0,1,8,15,A01
200800064171,0,7,0,0,2,1,0,B01
200800064171,1,7,0,0,2,4,10,A01
200800064171,0,7,0,0,2,1,2,C01
200800064172,0,7,0,0,1,1,1,A01
200800064173,0,30,0,0,2,3,17,A01
200800064173,0,7,0,0,2,1,16,B01
200800064173,0,7,0,0,2,1,1,C01
200800064174,0,7,0,0,2,1,1,A01
200800064174,0,1,0,0,2,4,1,B01
200800064175,0,7,0,0,1,1,1,A01
200800064176,0,32,0,0,2,1,21,B01
200800064176,0,7,0,0,2,3,15,A01
200800064177,0,7,0,0,2,3,21,B01
200800064177,0,7,0,0,2,3,13,A01
200800064177,0,7,0,0,2,3,21,C01
200800064178,0,7,0,0,2,3,21,B01
200800064178,0,30,0,0,2,1,1,A01
200800064179,0,30,0,0,2,2,23,A01
200800064179,0,2,0,0,2,1,1,B01
200800064180,0,7,0,0,0,5,2,A01
200800064180,0,2,0,0,2,1,2,B01
200800064181,0,7,0,0,2,1,15,A01
200800064181,0,7,0,0,2,1,1,B01
200800064182,0,7,0,16,2,3,1,A01
200800064182,2,7,0,16,2,1,13,B01
200800064183,0,2,0,0,0,3,2,B01
200800064183,0,30,0,0,0,3,15,A01
200800064184,0,7,0,0,2,8,15,A01
200800064184,0,7,0,0,2,2,1,B01
200800064185,0,7,0,0,2,3,16,B01
200800064185,0,7,0,0,2,2,1,A01
200800064186,0,1,0,0,2,1,1,A01
200800064186,0,7,0,0,2,5,15,B01
200800064187,0,7,0,0,2,4,1,B01
200800064187,0,7,0,0,2,3,1,C01
200800064187,0,7,0,0,2,6,1,D01
200800064187,0,7,0,0,2,1,1,A01
200800064188,0,30,0,0,2,1,1,B01
200800064188,0,7,0,0,2,2,1,A01
200800064189,0,10,0,0,2,1,1,A01
200800064189,0,10,0,0,2,4,1,B01
200800064190,0,7,0,0,2,2,1,A01
200800064190,0,2,0,0,2,8,16,B01
200800064191,0,7,0,0,2,2,1,A01
200800064191,0,31,0,0,2,2,1,B01
200800064192,0,7,0,0,2,1,1,A01
200800064192,0,7,0,0,2,4,1,B01
200800064193,0,2,0,0,2,1,1,A01
200800064193,0,7,0,0,2,2,17,B01
200800064194,0,1,0,0,2,2,1,A01
200800064194,0,7,0,0,2,1,1,B01
200800064195,0,30,0,0,2,1,1,A01
200800064195,0,7,0,0,2,5,1,B01
200800064196,0,7,0,0,1,1,1,A01
200800064197,0,1,0,0,2,8,19,A01
200800064197,0,33,0,0,2,1,15,B01
200800064198,0,7,0,0,2,1,1,A01
200800064198,0,7,0,0,2,4,1,B01
200800064199,1,30,0,0,1,0,1,A01
200800064200,0,7,0,0,1,2,1,A01
200800064201,0,32,0,0,2,6,1,B01
200800064201,0,7,0,0,2,1,1,A01
200800064202,0,7,0,0,2,3,16,B01
200800064202,0,2,0,0,2,1,1,A01
200800064203,0,7,0,0,2,3,15,A01
200800064203,0,1,0,0,2,1,1,B01
200800064204,0,7,0,0,4,8,15,A01
200800064204,0,40,0,0,2,2,1,B01
200800064205,0,2,0,0,2,1,1,A01
200800064205,0,1,0,0,2,1,1,B01
200800064206,0,7,0,0,2,1,15,A01
200800064206,0,1,0,0,2,7,1,B01
200800064207,0,7,0,9,0,1,17,A01
200800064208,0,7,0,1,0,2,1,A01
200800064209,0,7,0,0,1,1,15,A01
200800064210,0,7,0,1,0,1,1,A01
200800064210,0,7,0,0,2,4,1,B01
200800064211,0,14,0,0,2,2,1,A01
200800064211,0,7,0,0,2,6,9,B01
200800064212,0,7,0,0,2,8,20,A01
200800064212,0,30,0,0,2,1,1,B01
200800064213,0,7,0,0,2,1,1,A01
200800064213,0,7,0,0,2,4,1,B01
200800064214,0,7,0,0,2,8,1,A01
200800064214,0,2,0,0,2,1,1,B01
200800064215,0,30,0,0,1,1,1,A01
200800064216,0,2,0,0,2,1,1,A01
200800064216,0,7,0,0,2,4,1,B01
200800064217,0,7,0,0,2,3,15,A01
200800064217,0,7,0,0,2,6,1,B01
200800064218,0,7,0,0,2,2,15,A01
200800064218,0,33,0,0,2,1,1,B01
200800064219,0,2,0,0,2,1,1,B01
200800064219,0,7,0,0,2,8,1,A01
200800064220,0,7,0,0,2,0,16,A01
200800064220,0,1,0,0,2,0,1,B01
200800064221,0,2,0,0,2,2,2,A01
200800064221,0,7,0,0,2,3,15,B01
200800064222,0,7,0,0,2,4,1,A01
200800064222,0,7,0,0,0,3,1,B01
200800064222,0,33,0,0,2,1,1,C01
200800064223,0,2,0,0,2,1,1,A01
200800064223,0,7,0,0,2,6,1,B01
200800064224,0,15,0,0,2,7,16,A01
200800064224,0,7,0,0,2,8,16,B01
200800064225,0,10,0,0,2,6,4,A01
200800064225,0,7,0,0,2,1,12,B01
200800064226,0,30,0,0,2,1,16,A01
200800064226,0,7,0,0,2,2,1,B01
200800064227,0,7,0,0,1,1,1,A01
200800064228,0,7,0,0,2,1,1,A01
200800064228,0,7,0,0,2,7,1,B01
200800064229,0,7,0,0,0,4,4,A01
200800064229,0,33,0,0,2,1,1,B01
200800064230,0,7,0,0,2,2,1,A01
200800064230,0,2,0,0,2,1,1,B01
200800064231,0,7,0,0,1,2,1,A01
200800064232,0,7,0,1,2,3,1,A01
200800064232,0,7,0,0,2,1,1,B01
200800064233,0,7,0,0,1,2,1,A01
200800064234,0,2,0,0,2,1,1,A01
200800064234,0,7,0,0,0,0,1,B01
200800064235,0,7,0,0,9,3,10,A01
200800064235,0,2,0,0,2,1,1,B01
200800064236,0,7,0,8,0,1,1,A01
200800064237,0,7,0,1,0,1,19,A01
200800064238,0,32,0,0,2,1,1,B01
200800064238,0,7,0,0,2,8,1,A01
200800064239,0,10,0,0,2,1,1,A01
200800064239,0,7,0,0,2,4,23,B01
200800064240,0,7,0,0,1,3,15,A01
200800064241,0,7,0,7,0,1,0,A01
200800064242,0,7,0,0,0,1,0,A01
200800064243,0,7,0,0,1,3,1,A01
200800064244,0,32,0,0,2,1,1,A01
200800064244,0,7,0,0,2,2,1,B01
200800064245,0,7,0,0,2,3,9,A01
200800064245,0,2,0,0,2,1,17,B01
200800064246,0,30,0,1,0,1,16,A01
200800064247,0,7,0,0,1,0,0,A01
200800064248,0,2,0,0,2,1,17,A01
200800064248,0,7,0,0,2,8,15,B01
200800064249,0,7,0,16,0,0,21,D01
200800064249,0,7,0,0,2,3,13,A01
200800064249,0,7,0,0,2,8,1,B01
200800064249,0,7,0,0,2,8,1,C01
200800064250,0,2,0,0,2,1,1,B01
200800064250,0,7,0,0,2,6,1,A01
200800064251,0,7,0,16,0,1,13,A01
200800064252,0,7,0,0,1,2,1,A01
200800064253,0,7,0,2,0,1,1,A01
200800064254,0,30,0,13,0,1,1,A01
200800064255,0,7,0,0,2,0,12,A01
200800064255,0,2,0,0,2,0,1,B01
200800064256,0,33,0,0,2,8,1,B01
200800064256,0,7,0,0,2,2,9,A01
200800064257,0,7,0,0,2,2,1,A01
200800064257,0,2,0,0,2,4,23,B01
200800064258,0,7,0,0,1,0,1,A01
200800064259,0,2,0,0,1,1,17,A01
200800064259,0,10,0,0,2,8,1,B01
200800064260,0,7,0,0,2,1,1,A01
200800064260,0,10,0,0,2,0,1,B01
200800064261,0,31,0,0,0,0,1,A01
200800064262,0,7,0,2,0,1,13,A01
200800064263,0,30,0,0,1,1,17,A01
200800064264,0,2,0,0,2,7,15,A01
200800064264,0,7,0,0,2,1,1,B01
200800064265,0,10,0,0,2,4,2,B01
200800064265,0,30,0,0,2,1,2,A01
200800064266,0,7,0,0,2,3,15,B01
200800064266,0,2,0,0,2,3,17,A01
200800064267,0,7,0,0,1,1,15,A01
200800064268,0,7,0,0,9,3,15,B01
200800064268,0,2,0,0,2,2,15,A01
200800064269,0,7,0,0,2,4,1,B01
200800064269,0,7,0,0,2,1,2,A01
200800064270,0,7,0,0,2,2,1,A01
200800064270,0,7,0,0,2,8,10,B01
200800064271,0,7,0,0,2,2,12,A01
200800064271,0,7,0,0,2,3,1,B01
200800064272,0,7,0,0,2,6,1,B01
200800064272,0,7,0,0,2,1,1,A01
200800064273,0,7,0,0,2,2,15,A01
200800064273,0,7,0,0,2,1,1,B01
200800064274,0,7,0,0,1,1,1,A01
200800064275,0,7,0,0,2,3,9,A01
200800064275,0,7,0,0,2,1,0,B01
200800064276,0,7,0,0,2,3,15,A01
200800064276,0,1,0,0,2,0,1,B01
200800064277,0,7,0,0,2,1,0,A01
200800064277,0,7,0,0,2,4,23,B01
200800064278,0,30,0,0,2,1,2,A01
200800064278,0,7,0,0,2,5,16,B01
200800064279,1,7,0,0,2,0,17,A01
200800064279,0,30,0,0,2,4,2,B01
200800064280,0,7,0,0,2,1,1,A01
200800064280,0,7,0,0,2,8,9,B01
200800064281,0,7,0,0,2,3,15,B01
200800064281,0,30,0,0,2,8,1,A01
200800064282,0,2,0,0,2,1,17,A01
200800064282,0,7,0,0,2,8,0,B01
200800064283,0,7,0,0,1,1,1,A01
200800064284,0,37,0,0,2,2,16,A01
200800064284,0,1,0,0,2,7,1,B01
200800064285,0,7,0,0,2,1,2,A01
200800064285,0,7,0,0,2,1,1,B01
200800064285,0,7,0,0,2,4,1,C01
200800064286,0,7,0,0,2,7,16,A01
200800064286,0,1,0,0,2,1,1,B01
200800064287,0,7,0,0,2,1,1,A01
200800064287,0,7,0,0,2,6,1,B01
200800064287,0,7,0,0,2,1,1,C01
200800064288,0,7,0,0,2,1,10,A01
200800064288,0,30,0,0,2,8,1,B01
200800064289,0,1,0,0,2,1,1,B01
200800064289,0,7,0,0,2,2,1,A01
200800064290,0,7,0,0,2,3,15,B01
200800064290,0,33,0,0,2,1,17,A01
200800064291,0,7,0,0,1,1,2,A01
200800064292,0,7,0,0,1,1,1,A01
200800064293,0,30,0,0,0,7,1,A01
200800064294,0,30,0,0,2,1,1,B01
200800064294,0,7,0,0,2,1,19,A01
200800064295,0,7,0,0,2,4,2,B01
200800064295,0,7,0,0,2,1,2,A01
200800064296,0,7,0,0,0,3,1,A01
200800064296,0,1,0,0,2,1,1,B01
200800064297,0,7,0,0,2,8,1,B01
200800064297,0,13,0,0,2,7,14,A01
200800064298,0,7,0,0,2,3,1,B01
200800064298,0,1,0,0,2,1,1,A01
200800064299,0,7,0,0,0,7,15,A01
200800064299,0,30,0,0,2,1,1,B01
200800064300,0,30,0,0,2,1,1,B01
200800064300,0,7,0,0,2,4,15,A01
200800064301,1,7,0,0,0,0,0,B01
200800064301,0,2,0,0,2,1,0,A01
200800064302,0,7,0,0,2,2,15,A01
200800064302,0,32,0,0,2,1,1,B01
200800064303,0,7,0,0,1,2,1,A01
200800064304,0,7,0,0,2,1,1,A01
200800064304,0,7,0,0,0,4,1,B01
200800064305,0,7,0,15,2,1,2,A01
200800064305,0,7,0,0,2,6,1,B01
200800064306,0,7,0,0,1,3,16,A01
200800064307,0,10,0,0,2,3,15,B01
200800064307,0,32,0,0,2,1,1,A01
200800064308,0,33,0,11,2,0,1,A01
200800064308,1,7,0,0,2,0,11,B01
200800064309,0,7,0,0,2,5,1,C01
200800064309,0,33,0,0,2,1,7,A01
200800064309,0,7,0,0,2,6,15,B01
200800064310,0,7,0,8,0,1,1,A01
200800064311,0,30,0,0,2,1,18,A01
200800064311,0,7,0,0,2,7,16,B01
200800064312,0,7,0,0,2,7,15,A01
200800064312,0,33,0,0,2,1,1,B01
200800064313,0,7,0,0,2,2,16,A01
200800064313,0,30,0,0,2,8,1,B01
200800064314,0,10,0,0,1,3,1,A01
200800064315,0,33,0,0,2,1,3,A01
200800064315,0,7,0,0,9,6,1,B01
200800064316,0,37,1,0,1,2,7,A01
200800064317,0,2,0,0,2,8,14,A01
200800064317,0,7,0,0,2,3,1,B01
200800064318,0,2,0,0,2,3,18,A01
200800064318,0,7,0,0,0,2,16,B01
200800064319,0,30,0,0,2,1,1,B01
200800064319,0,7,0,0,0,3,15,A01
200800064320,0,7,0,0,2,2,15,A01
200800064320,0,7,0,0,2,2,1,B01
200800064321,0,7,0,0,2,3,13,A01
200800064321,0,7,0,1,2,3,1,B01
200800064322,0,10,0,0,1,1,2,A01
200800064323,0,7,0,0,2,1,15,A01
200800064323,0,2,0,0,2,1,1,B01
200800064324,0,7,0,0,2,2,15,A01
200800064324,0,7,0,0,2,1,1,B01
200800064325,0,7,0,0,2,1,13,A01
200800064325,0,7,0,0,2,1,1,B01
200800064326,0,7,0,0,2,7,0,B01
200800064326,0,30,0,0,2,1,0,A01
200800064327,0,7,0,0,1,1,1,A01
200800064328,0,7,0,0,2,8,15,A01
200800064328,0,7,0,0,2,1,1,B01
200800064329,0,7,0,0,1,1,0,A01
200800064330,0,30,0,0,0,1,16,A01
200800064331,0,10,0,0,1,2,16,A01
200800064332,0,7,0,11,2,3,13,A01
200800064332,0,10,0,0,2,1,1,B01
200800064333,0,7,0,0,2,2,10,A01
200800064333,0,33,0,0,2,1,1,B01
200800064334,0,30,0,0,2,7,17,A01
200800064334,0,7,0,0,2,8,15,B01
200800064335,0,30,0,0,1,1,1,A01
200800064336,0,7,0,0,2,1,2,A01
200800064336,0,7,0,0,2,4,0,B01
200800064336,0,7,0,0,2,4,2,C01
200800064337,0,7,0,0,1,1,15,A01
200800064338,1,7,0,0,1,2,1,A01
200800064339,0,7,0,0,2,1,13,A01
200800064339,0,15,0,0,2,1,1,B01
200800064340,0,30,0,0,2,1,1,B01
200800064340,0,7,0,0,2,8,15,A01
200800064341,0,7,0,0,0,0,1,A01
200800064342,0,7,0,0,2,5,15,A01
200800064342,0,34,0,0,2,1,1,B01
200800064343,0,7,0,0,2,1,9,A01
200800064343,0,33,0,0,2,7,1,B01
200800064344,0,10,0,0,2,7,13,A01
200800064344,0,7,0,0,0,3,0,B01
200800064345,0,30,0,0,2,0,13,A01
200800064345,0,7,0,0,2,1,1,B01
200800064346,0,7,0,0,0,9,14,A01
200800064347,0,7,0,0,2,3,9,A01
200800064347,0,7,0,0,2,7,16,B01
200800064348,0,7,0,0,0,5,1,B01
200800064348,0,7,0,0,2,1,1,A01
200800064349,0,7,0,0,2,2,17,A01
200800064349,0,7,0,0,2,8,1,B01
200800064350,0,7,0,0,2,1,2,A01
200800064350,0,7,0,0,2,4,23,B01
200800064350,0,7,0,0,2,4,23,C01
200800064351,2,7,0,0,2,3,16,A01
200800064351,0,33,0,0,2,1,1,B01
200800064352,0,2,0,0,1,3,1,A01
200800064353,0,30,0,0,2,3,15,B01
200800064353,0,7,0,0,2,2,17,A01
200800064354,0,7,0,2,0,3,1,A01
200800064355,0,7,0,2,0,2,0,A01
200800064356,0,7,0,6,0,8,16,A01
200800064357,0,7,0,0,2,3,15,A01
200800064357,0,33,0,0,2,1,1,B01
200800064358,0,7,0,0,2,7,16,A01
200800064358,0,32,0,0,2,1,1,B01
200800064359,0,7,0,0,0,6,11,A01
200800064359,0,33,0,0,2,1,1,B01
200800064360,0,7,0,0,1,3,1,A01
200800064361,0,7,0,0,2,2,15,A01
200800064361,0,33,0,0,2,8,1,B01
200800064362,0,7,0,0,2,6,16,B01
200800064362,0,2,0,0,2,1,15,A01
200800064363,0,7,0,0,1,1,1,A01
200800064364,0,7,0,0,1,2,15,A01
200800064365,0,7,0,0,1,1,1,A01
200800064366,0,30,0,0,2,1,17,A01
200800064366,0,7,0,0,2,8,15,B01
200800064367,1,33,0,0,2,1,2,A01
200800064367,0,7,0,0,2,6,15,B01
200800064368,0,1,0,0,2,0,0,B01
200800064368,0,7,0,0,0,8,0,A01
200800064369,0,1,0,0,2,2,7,A01
200800064369,0,7,0,1,9,3,8,B01
200800064370,0,31,0,0,1,1,1,A01
200800064371,0,7,0,0,1,0,0,A01
200800064372,0,2,0,0,2,7,5,A01
200800064372,0,7,0,0,2,3,15,B01
200800064373,0,7,0,2,0,9,14,A01
200800064374,0,7,0,0,2,8,13,A01
200800064374,0,10,0,0,2,8,1,B01
200800064375,0,33,0,0,2,1,17,A01
200800064375,0,7,0,0,0,3,15,B01
200800064376,0,7,0,0,2,1,2,A01
200800064376,0,7,0,0,2,4,2,B01
200800064376,0,7,0,0,2,4,2,C01
200800064376,0,7,0,0,2,4,23,D01
200800064377,0,7,0,0,2,1,2,A01
200800064377,0,7,0,0,2,9,2,B01
200800064377,0,7,0,0,2,4,2,C01
200800064378,0,7,0,0,2,1,1,A01
200800064378,0,7,0,0,2,4,2,B01
200800064379,0,2,0,0,2,1,1,A01
200800064379,0,7,0,0,2,4,2,B01
200800064380,0,7,0,0,2,2,15,A01
200800064380,0,2,0,0,0,1,1,B01
200800064381,0,2,0,0,2,7,2,B01
200800064381,0,7,0,0,2,3,2,A01
200800064382,0,7,0,3,0,3,1,A01
200800064383,0,1,0,0,2,1,1,A01
200800064383,0,7,0,0,2,8,1,B01
200800064384,0,7,0,0,2,2,15,A01
200800064384,0,10,0,0,2,3,16,B01
200800064385,0,32,0,0,2,4,1,B01
200800064385,1,10,0,0,2,1,9,A01
200800064386,0,7,0,0,2,1,1,A01
200800064386,0,7,0,0,2,4,2,B01
200800064386,0,7,0,0,2,4,2,C01
200800064387,0,1,0,0,2,8,19,A01
200800064387,0,7,0,0,2,1,1,B01
200800064388,0,7,0,0,2,1,2,A01
200800064388,0,7,0,0,2,4,23,B01
200800064388,0,7,0,0,2,4,23,C01
200800064389,0,7,0,0,2,3,19,A01
200800064389,0,1,0,0,2,1,15,B01
200800064390,0,1,0,0,1,1,1,A01
200800064391,0,7,0,6,0,3,0,A01
200800064392,0,7,0,0,1,1,1,A01
200800064393,0,7,0,0,2,1,1,A01
200800064393,0,7,0,0,2,4,2,B01
200800064393,0,7,0,0,2,4,2,C01
200800064393,0,7,0,0,2,4,2,D01
200800064393,0,7,0,0,2,4,2,E01
200800064394,0,37,22,0,1,1,1,A01
200800064395,0,7,0,0,2,4,1,A01
200800064395,0,7,0,0,2,1,2,B01
200800064395,0,7,0,0,2,1,2,C01
200800064396,0,10,0,0,1,1,1,A01
200800064397,0,7,0,0,2,1,1,A01
200800064397,0,7,0,0,2,4,2,B01
200800064397,0,7,0,0,2,4,2,C01
200800064397,0,7,0,0,2,4,2,D01
200800064398,0,15,0,0,0,7,1,A01
200800064399,0,7,0,0,1,1,1,A01
200800064400,0,10,0,0,2,2,15,A01
200800064400,0,30,0,0,2,1,1,B01
200800064401,0,7,0,0,2,1,12,A01
200800064401,0,7,0,0,2,5,1,B01
200800064402,0,10,0,0,1,4,4,A01
200800064403,0,7,0,0,2,1,1,A01
200800064403,0,7,0,0,2,4,2,B01
200800064403,0,7,0,0,2,4,23,C01
200800064404,0,7,0,0,2,1,9,A01
200800064404,0,7,0,0,2,4,1,B01
200800064405,0,10,0,0,2,1,15,A01
200800064405,0,7,0,0,1,4,2,B01
200800064406,0,32,0,0,2,1,1,A01
200800064406,0,7,0,0,2,7,16,B01
200800064407,0,7,0,0,2,2,16,A01
200800064407,0,1,0,0,2,4,0,B01
200800064408,0,7,0,8,0,1,1,A01
200800064409,0,7,0,0,2,1,9,A01
200800064409,0,7,0,0,2,2,1,B01
200800064410,0,7,0,15,0,1,1,A01
200800064411,0,7,0,0,1,3,15,A01
200800064412,0,7,0,0,2,1,2,A01
200800064412,0,7,0,0,2,4,1,B01
200800064413,0,10,0,0,0,7,14,A01
200800064414,0,7,0,0,2,3,9,A01
200800064414,0,32,0,0,2,1,1,B01
200800064415,0,30,0,0,2,3,1,B01
200800064415,0,7,0,0,2,3,15,A01
200800064416,0,7,0,0,2,1,2,A01
200800064416,0,7,0,0,2,4,2,B01
200800064416,0,7,0,0,2,4,1,C01
200800064417,0,2,0,0,2,0,15,A01
200800064417,0,7,0,0,2,2,15,B01
200800064418,0,30,0,0,2,2,16,A01
200800064418,0,7,0,0,2,3,1,B01
200800064419,0,7,0,0,2,2,15,A01
200800064419,0,30,0,0,2,1,1,B01
200800064420,0,7,0,9,0,1,1,A01
200800064421,0,1,0,0,1,1,1,A01
200800064422,0,7,0,9,0,3,1,A01
200800064423,0,10,0,0,2,2,1,B01
200800064423,0,7,0,0,2,3,1,A01
200800064424,0,7,0,0,2,1,2,A01
200800064424,0,10,0,0,2,4,2,B01
200800064424,0,7,0,0,2,4,1,C01
200800064425,0,14,0,0,2,1,1,A01
200800064425,0,7,0,0,2,0,15,B01
200800064426,0,30,0,0,2,8,16,B01
200800064426,1,7,0,0,2,4,4,A01
200800064427,0,7,0,0,2,2,15,A01
200800064427,0,2,0,0,2,1,16,B01
200800064428,0,7,0,0,2,1,15,A01
200800064428,0,30,0,0,2,1,1,B01
200800064429,0,7,0,0,2,6,9,A01
200800064429,0,1,0,0,0,7,1,B01
200800064430,0,7,0,0,2,2,17,A01
200800064430,0,7,0,0,2,1,1,B01
200800064431,0,7,0,0,2,1,9,A01
200800064431,0,30,0,0,2,2,1,B01
200800064432,0,7,0,1,2,3,16,A01
200800064432,0,7,0,0,2,2,1,B01
200800064433,0,7,0,0,2,5,16,A01
200800064433,0,2,0,0,2,3,1,B01
200800064434,0,7,0,0,2,6,9,A01
200800064434,0,30,0,0,2,4,1,B01
200800064435,0,7,0,0,1,1,1,A01
200800064436,0,10,0,0,2,1,1,A01
200800064436,0,7,0,0,2,4,1,B01
200800064437,0,7,0,0,9,2,17,A01
200800064437,0,1,0,0,2,8,15,B01
200800064438,0,30,0,0,2,1,1,A01
200800064438,0,7,0,0,2,7,15,B01
200800064439,0,7,0,0,2,1,1,B01
200800064439,0,7,0,0,2,1,15,A01
200800064440,0,7,0,0,2,4,4,A01
200800064440,0,1,0,0,2,7,23,B01
200800064441,0,2,0,0,2,1,5,A01
200800064441,0,7,0,0,2,1,1,B01
200800064442,0,7,0,0,1,1,1,A01
200800064443,0,2,0,0,0,7,23,B01
200800064443,0,10,0,0,2,8,16,A01
200800064444,0,7,0,1,2,1,15,A01
200800064444,0,7,0,0,2,1,1,B01
200800064444,0,7,0,0,2,1,24,C01
200800064445,0,7,0,0,2,7,22,A01
200800064445,0,31,0,9,0,8,18,B01
200800064446,0,7,0,8,0,1,1,A01
200800064447,0,7,0,0,1,1,1,A01
200800064448,0,7,0,0,2,5,15,A01
200800064448,0,7,0,0,2,1,1,B01
200800064449,0,7,0,4,0,1,14,A01
200800064450,0,7,0,0,2,3,9,A01
200800064450,0,30,0,0,2,1,21,B01
200800064451,0,7,0,0,1,1,1,A01
200800064452,0,7,0,0,2,2,1,A01
200800064452,0,7,0,0,2,6,1,B01
200800064453,0,7,0,0,0,4,15,B01
200800064453,0,30,0,0,2,1,1,A01
200800064454,0,7,0,0,1,4,20,A01
200800064455,0,2,0,0,2,3,1,A01
200800064455,0,13,0,0,2,2,1,B01
200800064456,0,7,0,1,2,1,16,B01
200800064456,0,7,0,0,2,1,1,A01
200800064457,0,7,0,8,0,1,14,A01
200800064458,0,2,0,0,0,7,1,A01
200800064459,0,7,0,0,2,1,2,A01
200800064459,0,7,0,0,0,4,2,B01
200800064460,0,15,0,0,2,6,19,A01
200800064460,0,1,0,0,2,1,19,B01
200800064461,0,33,0,11,0,9,0,A01
200800064462,0,7,0,0,2,5,15,A01
200800064462,0,33,0,0,2,1,1,B01
200800064463,0,7,0,0,2,3,1,A01
200800064463,0,10,0,0,2,1,1,B01
200800064464,0,7,0,0,0,0,15,B01
200800064464,0,30,0,0,0,0,1,A01
200800064465,0,7,0,0,1,2,1,A01
200800064466,0,7,0,0,2,3,1,B01
200800064466,0,7,0,0,2,3,15,A01
200800064467,0,7,0,0,1,2,15,A01
200800064468,0,1,0,0,2,8,15,B01
200800064468,0,7,0,0,2,3,1,A01
200800064469,0,7,0,0,2,7,15,A01
200800064469,0,2,0,0,2,1,1,B01
200800064470,0,10,0,0,2,1,0,A01
200800064470,0,7,0,0,2,1,0,B01
200800064471,0,7,0,0,1,1,1,A01
200800064472,0,7,0,0,2,1,1,A01
200800064472,0,30,0,0,2,5,1,B01
200800064473,0,7,0,0,2,2,1,A01
200800064473,0,7,0,0,2,3,1,B01
200800064474,0,7,0,0,2,2,2,A01
200800064474,0,7,0,0,2,6,2,B01
200800064475,0,14,0,0,2,2,16,A01
200800064475,0,1,0,0,2,0,16,B01
200800064476,0,7,0,0,2,3,1,A01
200800064476,0,7,0,0,2,2,1,B01
200800064477,0,7,0,0,2,8,1,B01
200800064477,0,7,0,0,2,3,1,A01
200800064478,0,7,0,0,1,3,15,A01
200800064479,0,7,0,0,2,6,9,A01
200800064479,0,31,0,0,2,1,1,B01
200800064480,0,7,0,0,1,8,17,A01
200800064481,0,7,0,0,2,1,15,A01
200800064481,0,2,0,0,2,9,1,B01
200800064482,0,7,0,0,1,2,1,A01
200800064483,0,7,0,7,0,1,1,A01
200800064484,0,7,0,0,1,3,0,A01
200800064485,0,7,0,0,2,8,19,A01
200800064485,0,33,0,0,2,1,0,B01
200800064486,0,7,0,0,1,1,1,A01
200800064487,0,7,0,0,2,3,15,A01
200800064487,0,31,0,0,2,1,1,B01
200800064488,0,7,0,0,1,2,15,A01
200800064489,0,7,0,0,2,1,15,A01
200800064489,0,2,0,0,2,1,1,B01
200800064490,0,7,0,0,1,1,0,A01
200800064491,0,7,0,0,9,7,1,A01
200800064491,0,1,0,0,2,8,15,B01
200800064492,0,7,0,0,2,7,1,B01
200800064492,0,7,0,0,2,3,1,A01
200800064493,0,7,0,0,2,1,1,B01
200800064493,0,7,0,0,2,1,5,A01
200800064494,0,7,0,0,2,3,9,B01
200800064494,0,32,0,0,2,1,1,A01
200800064495,0,31,0,0,2,1,2,B01
200800064495,0,7,0,0,2,4,1,A01
200800064496,0,7,0,0,2,4,23,B01
200800064496,0,7,0,0,2,1,2,A01
200800064497,0,7,0,0,2,4,23,B01