Num_Acc,senc,catv,occutc,obs,obsm,choc,manv,num_veh
200800064497,0,2,0,0,2,1,2,A01
200800064498,0,7,0,0,2,3,2,B01
200800064498,0,7,0,0,2,1,2,A01
200800064499,0,7,0,0,1,1,1,A01
200800064500,0,7,0,0,2,1,2,C01
200800064500,0,7,0,0,2,4,1,B01
200800064500,0,7,0,0,2,4,2,A01
200800064501,0,7,0,0,0,9,1,A01
200800064502,0,7,0,0,1,1,1,A01
200800064503,0,7,0,0,2,8,16,B01
200800064503,0,7,0,0,2,2,1,A01
200800064504,0,7,0,0,2,4,23,B01
200800064504,0,7,0,0,2,1,2,A01
200800064505,0,30,0,0,0,1,1,A01
200800064506,0,7,0,0,1,1,1,A01
200800064507,0,30,0,0,0,7,23,B01
200800064507,0,7,0,0,2,2,15,A01
200800064508,0,1,0,0,2,4,1,A01
200800064508,0,7,0,0,2,1,1,B01
200800064509,0,30,0,0,2,1,15,A01
200800064509,0,7,0,0,2,2,1,B01
200800064510,0,7,0,0,1,1,0,A01
200800064511,0,7,0,0,2,1,1,B01
200800064511,0,7,0,0,2,1,15,A01
200800064512,0,33,0,0,2,1,0,B01
200800064512,0,7,0,0,2,8,0,A01
200800064513,0,10,0,0,2,3,13,A01
200800064513,0,7,0,0,2,1,0,B01
200800064514,0,10,0,0,1,7,1,A01
200800064515,0,7,0,6,0,7,11,A01
200800064516,0,33,0,0,2,1,1,A01
200800064516,0,7,0,0,2,2,15,B01
200800064517,0,7,0,1,0,1,1,A01
200800064518,0,1,0,0,2,7,0,A01
200800064518,0,2,0,0,2,1,1,B01
200800064519,0,7,0,0,2,2,1,A01
200800064519,0,7,0,0,2,3,1,B01
200800064520,0,7,0,0,2,1,2,A01
200800064520,0,7,0,0,0,4,2,B01
200800064521,0,2,0,0,2,1,0,B01
200800064521,0,7,0,0,2,3,1,A01
200800064522,0,7,0,0,2,3,9,A01
200800064522,0,2,0,0,2,1,1,B01
200800064523,0,7,0,0,2,2,1,B01
200800064523,0,7,0,0,2,3,1,A01
200800064524,0,7,0,0,2,2,1,B01
200800064524,0,7,0,1,2,3,9,A01
200800064525,0,7,0,0,2,1,1,B01
200800064525,0,7,0,0,2,8,9,A01
200800064526,0,7,0,0,1,1,1,A01
200800064527,0,7,0,0,2,3,16,A01
200800064527,0,7,0,8,1,5,1,B01
200800064528,0,7,0,0,2,8,12,A01
200800064528,0,7,0,0,2,3,1,B01
200800064529,0,7,0,0,1,2,1,A01
200800064530,0,7,0,0,9,6,1,A01
200800064530,0,32,0,0,2,1,1,B01
200800064531,0,7,0,0,9,8,15,A01
200800064531,0,30,0,0,2,1,1,B01
200800064532,0,7,0,0,2,1,1,A01
200800064532,0,7,0,0,2,3,1,B01
200800064533,0,30,0,0,9,1,1,A01
200800064533,0,37,0,1,6,4,1,B01
200800064534,0,7,0,0,2,3,16,A01
200800064534,0,7,0,0,2,3,1,B01
200800064535,0,7,0,0,0,8,9,B01
200800064535,0,7,0,0,2,2,1,A01
200800064536,0,7,0,0,2,4,1,A01
200800064536,0,7,0,0,2,1,2,B01
200800064537,1,7,0,0,2,8,9,A01
200800064537,0,1,0,0,2,1,1,B01
200800064538,0,7,0,0,1,7,16,A01
200800064539,0,7,0,0,2,1,1,A01
200800064539,0,7,0,0,2,1,1,B01
200800064540,0,30,0,0,4,3,7,A01
200800064540,0,40,0,0,2,2,7,B01
200800064541,0,7,0,0,2,4,1,A01
200800064541,1,7,0,0,2,1,1,B01
200800064542,0,33,0,0,2,1,1,A01
200800064542,0,7,0,0,9,4,23,B01
200800064543,0,31,0,0,2,2,17,A01
200800064543,0,7,0,0,0,6,15,B01
200800064544,0,7,0,0,2,2,15,A01
200800064544,0,7,0,0,2,3,1,B01
200800064545,0,7,0,0,2,1,9,A01
200800064545,0,7,0,0,2,1,1,B01
200800064546,0,7,0,0,2,3,16,A01
200800064546,0,7,0,0,2,1,1,B01
200800064547,0,7,0,0,1,7,1,A01
200800064548,0,7,0,0,1,1,15,A01
200800064549,0,30,0,1,0,1,1,A01
200800064550,0,7,0,0,2,1,2,A01
200800064550,0,7,0,0,0,4,2,B01
200800064551,0,7,0,0,1,1,1,A01
200800064552,0,7,0,0,1,3,1,A01
200800064553,0,7,0,0,1,3,1,A01
200800064554,0,7,0,0,2,1,1,A01
200800064554,0,7,0,0,2,4,23,B01
200800064554,0,7,0,0,2,4,23,C01
200800064554,0,7,0,0,2,4,23,D01
200800064555,0,7,0,0,1,2,1,A01
200800064556,0,30,0,0,2,7,1,B01
200800064556,0,7,0,0,2,2,9,A01
200800064557,0,7,0,0,9,8,22,A01
200800064557,0,1,0,1,0,7,1,B01
200800064558,0,7,0,0,9,1,13,A01
200800064558,0,30,0,0,2,1,1,B01
200800064559,0,7,0,0,1,1,19,A01
200800064560,0,7,0,0,2,3,16,A01
200800064560,0,7,0,0,2,5,1,B01
200800064561,0,7,0,0,1,3,1,A01
200800064562,0,7,0,0,9,8,0,A01
200800064562,0,2,0,0,2,1,1,B01
200800064563,0,7,0,0,2,1,1,A01
200800064563,0,7,0,0,2,4,1,B01
200800064564,0,7,0,3,0,1,1,A01
200800064565,0,7,0,0,2,8,13,A01
200800064565,0,33,0,0,2,1,1,B01
200800064566,0,33,0,0,2,1,18,A01
200800064566,0,7,0,0,2,2,15,B01
200800064567,0,7,0,0,2,1,6,A01
200800064567,0,1,0,0,0,7,6,B01
200800064567,0,7,0,0,2,1,6,C01
200800064568,0,7,0,0,2,3,1,A01
200800064568,0,1,0,0,2,4,1,B01
200800064569,0,33,0,0,2,1,1,A01
200800064569,0,7,0,0,2,1,15,B01
200800064570,1,7,0,0,0,0,0,A01
200800064571,0,7,0,0,2,3,20,A01
200800064571,0,33,0,0,2,0,1,B01
200800064572,0,7,0,0,0,8,15,A01
200800064572,0,7,0,0,2,1,1,B01
200800064573,0,2,0,0,0,0,1,A01
200800064574,0,7,0,0,2,2,15,A01
200800064574,0,30,0,0,2,8,15,B01
200800064575,0,7,0,0,2,7,15,A01
200800064575,0,2,0,0,2,2,1,B01
200800064575,0,7,0,0,2,3,1,C01
200800064576,0,7,0,0,2,3,13,A01
200800064576,0,7,0,0,2,3,1,B01
200800064577,0,7,0,0,2,3,17,A01
200800064577,0,33,0,0,2,7,0,B01
200800064578,0,31,0,0,2,2,15,A01
200800064578,0,7,0,0,2,6,1,B01
200800064579,0,7,0,0,2,3,10,A01
200800064579,0,33,0,0,2,1,17,B01
200800064580,0,40,0,0,1,2,1,A01
200800064581,0,2,0,0,2,3,1,A01
200800064581,0,7,0,0,2,3,15,B01
200800064582,0,10,0,0,1,2,1,A01
200800064583,0,7,0,0,2,5,1,A01
200800064583,0,33,0,0,2,1,1,B01
200800064584,0,7,0,0,2,1,15,A01
200800064584,0,31,0,0,2,1,1,B01
200800064585,0,32,0,0,2,1,1,A01
200800064585,0,7,0,0,2,7,15,B01
200800064586,0,7,0,0,1,1,1,A01
200800064587,0,10,0,0,2,1,2,A01
200800064587,0,10,0,0,2,4,0,B01
200800064587,0,7,0,0,2,4,2,C01
200800064588,0,31,0,0,2,2,17,A01
200800064588,0,7,0,0,2,3,15,B01
200800064589,0,37,0,0,1,2,0,A01
200800064590,1,7,0,0,1,1,1,A01
200800064591,0,7,0,0,2,3,20,A01
200800064591,0,7,0,0,2,2,1,B01
200800064592,0,2,0,0,1,1,1,A01
200800064593,0,7,0,0,2,0,0,A01
200800064593,0,2,0,0,2,1,0,B01
200800064594,0,7,0,0,1,2,1,A01
200800064595,0,7,0,0,1,3,1,A01
200800064596,0,7,0,0,2,7,15,A01
200800064596,0,30,0,0,2,1,15,B01
200800064597,1,7,0,0,1,0,0,A01
200800064598,0,7,0,0,2,8,22,A01
200800064598,0,1,0,1,0,1,1,B01
200800064599,0,7,0,0,2,2,2,A01
200800064599,0,7,0,0,2,4,2,B01
200800064599,0,10,0,0,2,5,2,C01
200800064600,0,33,0,0,2,7,1,A01
200800064600,0,7,0,0,0,8,1,B01
200800064600,0,7,0,0,0,1,1,C01
200800064601,0,7,0,0,0,7,0,A01
200800064602,0,1,0,0,2,0,1,A01
200800064603,1,7,0,0,2,2,1,A01
200800064604,1,7,0,0,1,0,1,A01
200800064605,0,7,0,0,2,1,1,A01
200800064605,0,7,0,0,2,4,1,B01
200800064606,0,2,0,0,2,1,15,A01
200800064606,0,33,0,0,2,1,1,B01
200800064607,0,31,0,1,0,1,1,A01
200800064608,0,7,0,3,0,9,1,A01
200800064609,0,7,0,0,4,7,10,A01
200800064609,0,2,0,0,2,9,1,B01
200800064610,0,7,0,0,2,3,15,B01
200800064610,0,30,0,0,2,1,1,A01
200800064611,0,30,0,0,2,1,1,A01
200800064611,0,7,0,0,9,6,1,B01
200800064612,0,7,0,0,1,3,1,A01
200800064613,0,7,0,0,9,2,1,A01
200800064613,0,1,0,0,2,0,0,B01
200800064614,0,2,0,0,2,1,1,B01
200800064614,0,7,0,0,2,3,16,A01
200800064615,0,30,0,0,2,8,0,B01
200800064615,0,7,0,0,2,3,15,A01
200800064616,0,7,0,0,0,8,16,B01
200800064616,0,33,0,0,2,1,1,A01
200800064617,0,30,0,0,2,1,13,A01
200800064617,0,7,0,0,2,1,1,B01
200800064618,0,7,0,0,2,1,1,A01
200800064618,0,7,0,0,2,4,15,B01
200800064619,0,7,0,0,1,2,0,A01
200800064620,0,37,0,0,2,7,15,A01
200800064620,0,37,0,0,2,6,23,B01
200800064621,0,7,0,0,1,2,1,A01
200800064622,0,2,0,0,1,1,0,A01
200800064623,0,7,0,0,2,1,15,B01
200800064623,0,2,0,0,2,1,1,A01
200800064624,0,30,0,0,2,2,1,B01
200800064624,0,7,0,0,2,6,16,A01
200800064625,0,7,0,0,2,8,15,A01
200800064625,0,40,0,0,2,1,1,B01
200800064626,0,33,0,0,2,1,9,A01
200800064626,0,10,0,0,2,4,9,B01
200800064627,0,7,0,0,2,2,19,A01
200800064627,0,33,0,0,2,1,1,B01
200800064628,0,7,0,0,1,1,1,A01
200800064629,0,7,0,8,0,1,14,A01
200800064630,0,7,0,0,2,1,2,A01
200800064630,0,7,0,0,2,4,16,B01
200800064631,0,7,0,0,2,6,10,A01
200800064631,0,2,0,0,2,1,1,B01
200800064632,0,7,0,0,2,3,15,A01
200800064632,0,2,0,0,2,1,17,B01
200800064633,0,7,0,0,2,2,15,A01
200800064633,0,2,0,0,2,1,1,B01
200800064634,0,7,0,6,2,1,1,B01
200800064634,0,7,0,6,2,3,1,A01
200800064635,0,7,0,0,1,1,1,A01
200800064636,0,10,0,0,2,1,15,A01
200800064636,0,10,0,0,2,3,1,B01
200800064637,0,7,0,0,2,3,0,A01
200800064637,0,2,0,0,2,1,0,B01
200800064638,0,7,0,0,2,5,15,A01
200800064638,0,33,0,0,2,1,1,B01
200800064639,0,7,0,0,2,1,15,A01
200800064639,0,7,0,0,2,6,1,B01
200800064639,0,7,0,0,2,3,1,C01
200800064639,0,7,0,0,2,1,1,D01
200800064640,0,2,0,0,2,1,17,A01
200800064640,0,7,0,0,2,2,15,B01
200800064641,0,7,0,0,0,1,1,A01
200800064641,0,7,0,0,0,4,1,B01
200800064641,0,7,0,0,0,4,1,C01
200800064641,0,10,0,0,2,4,1,D01
200800064641,0,7,0,0,2,4,1,E01
200800064642,0,7,0,0,1,7,1,A01
200800064643,0,10,0,0,2,2,15,A01
200800064643,0,33,0,0,2,1,1,B01
200800064644,0,7,0,13,0,1,1,A01
200800064645,0,31,0,0,2,1,5,A01
200800064645,0,7,0,0,2,3,1,B01
200800064646,0,7,0,0,1,0,17,A01
200800064647,0,7,0,0,1,2,1,A01
200800064648,0,33,0,0,2,1,1,A01
200800064648,0,7,0,0,2,1,15,B01
200800064649,0,7,0,0,2,7,15,A01
200800064649,0,33,0,0,2,1,1,B01
200800064650,0,2,0,0,2,1,1,A01
200800064650,0,7,0,0,2,5,15,B01
200800064651,0,2,0,0,2,8,15,A01
200800064651,0,7,0,0,2,1,13,B01
200800064652,0,7,0,0,2,3,13,A01
200800064652,0,7,0,0,2,3,0,B01
200800064653,0,7,0,0,2,1,5,A01
200800064653,0,7,0,0,2,1,5,B01
200800064654,0,7,0,0,9,3,9,A01
200800064654,0,1,0,0,2,1,1,B01
200800064655,0,7,0,1,0,0,15,A01
200800064655,0,7,0,0,2,1,1,B01
200800064656,0,7,0,0,0,3,0,A01
200800064657,0,7,0,10,0,1,1,A01
200800064658,0,7,0,0,2,8,1,B01
200800064658,0,7,0,0,2,7,1,A01
200800064659,0,7,0,0,2,3,9,A01
200800064659,0,2,0,0,2,1,1,B01
200800064660,0,7,0,0,1,2,1,A01
200800064661,0,7,0,0,2,3,15,A01
200800064661,0,2,0,0,2,1,17,B01
200800064662,0,1,0,0,0,0,0,A01
200800064663,0,7,0,0,0,0,1,A01
200800064664,0,33,0,0,0,8,1,A01
200800064665,0,7,0,0,2,1,2,A01
200800064665,0,7,0,0,2,4,2,B01
200800064666,0,30,0,0,0,7,0,A01
200800064667,0,7,0,0,2,1,2,A01
200800064667,0,7,0,0,2,4,2,B01
200800064667,0,7,0,0,0,4,0,C01
200800064668,0,7,0,0,2,1,1,A01
200800064668,0,30,0,0,2,7,1,B01
200800064669,0,7,0,0,2,1,1,A01
200800064669,0,7,0,0,2,8,1,B01
200800064670,0,7,0,0,2,1,1,A01
200800064670,0,7,0,0,2,1,1,B01
200800064671,0,7,0,0,1,1,1,A01
200800064672,0,7,0,0,2,3,15,A01
200800064672,0,30,0,0,2,1,17,B01
200800064673,0,1,0,0,0,0,0,A01
200800064674,0,7,0,0,2,1,1,A01
200800064674,0,7,0,0,2,6,10,B01
200800064675,0,1,0,0,0,1,1,A01
200800064676,0,2,0,0,2,4,1,A01
200800064676,0,7,0,0,0,1,1,B01
200800064676,0,3,0,0,2,4,1,C01
200800064677,0,7,0,0,1,1,1,A01
200800064678,0,7,0,0,1,0,0,A01
200800064679,0,30,0,12,0,0,1,A01
200800064680,0,7,0,0,1,2,0,A01
200800064681,0,1,0,0,0,0,0,A01
200800064682,0,7,0,0,2,7,15,A01
200800064682,0,30,0,0,2,3,1,B01
200800064683,0,2,0,0,0,0,1,A01
200800064684,0,2,0,0,0,0,1,A01
200800064685,0,7,0,0,2,1,1,A01
200800064685,0,7,0,0,2,4,1,B01
200800064686,0,7,0,0,2,2,15,A01
200800064686,0,2,0,0,2,1,1,B01
200800064687,0,7,0,0,2,1,1,A01
200800064687,0,7,0,0,2,3,1,B01
200800064688,0,7,0,0,1,1,1,A01
200800064689,0,2,0,0,0,0,0,A01
200800064690,0,2,0,0,2,0,1,B01
200800064691,0,1,0,0,2,3,15,A01
200800064691,0,3,0,0,2,2,1,B01
200800064692,0,7,0,0,2,1,2,A01
200800064692,0,7,0,0,2,4,2,B01
200800064692,0,7,0,0,2,1,2,C01
200800064693,0,7,0,16,0,7,1,A01
200800064694,1,99,0,0,1,0,1,A01
200800064695,0,10,0,0,1,1,1,A01
200800064696,0,10,0,0,0,0,9,A01
200800064696,0,30,0,0,0,7,1,B01
200800064697,0,10,0,0,2,1,16,A01
200800064697,0,1,0,0,2,7,7,B01
200800064698,0,2,0,0,0,7,1,A01
200800064699,0,2,0,0,0,1,1,A01
200800064700,0,7,0,0,2,1,1,A01
200800064700,0,7,0,0,2,4,23,B01
200800064701,0,33,0,0,0,7,1,A01
200800064702,1,31,0,0,2,1,17,A01
200800064702,0,2,0,0,0,4,1,B01
200800064703,0,7,0,0,1,1,1,A01
200800064704,0,7,0,0,2,7,16,A01
200800064704,0,2,0,0,2,1,1,B01
200800064705,0,7,0,1,0,1,1,A01
200800064706,0,7,0,13,0,1,1,A01
200800064707,0,7,0,0,1,2,15,A01
200800064708,1,7,0,0,0,0,1,A01
200800064708,0,33,0,12,0,1,1,B01
200800064709,0,7,0,0,2,1,2,A01
200800064709,0,10,0,0,2,4,1,B01
200800064710,0,2,0,0,2,3,1,A01
200800064710,0,7,0,0,2,2,1,B01
200800064711,0,7,0,0,2,6,1,A01
200800064711,1,7,0,0,2,3,1,B01
200800064712,0,7,0,0,2,1,1,A01
200800064712,0,7,0,0,2,4,1,B01
200800064713,0,7,0,0,2,3,15,A01
200800064713,0,33,0,0,2,1,1,B01
200800064714,0,7,0,1,0,2,14,A01
200800064715,0,7,0,0,1,1,1,A01
200800064716,0,1,0,0,2,1,1,A01
200800064716,0,7,0,0,2,7,1,B01
200800064717,0,33,0,0,2,1,2,A01
200800064717,0,7,0,0,2,4,1,B01
200800064718,0,7,0,15,0,2,14,A01
200800064719,0,2,0,0,2,4,1,A01
200800064720,0,7,0,0,1,2,1,A01
200800064721,0,7,0,0,1,1,1,A01
200800064722,0,7,0,0,1,3,16,A01
200800064723,0,30,0,0,2,1,2,A01
200800064723,0,7,0,0,2,4,23,B01
200800064724,0,7,0,0,2,1,1,A01
200800064724,0,7,0,0,2,4,1,B01
200800064724,0,7,0,0,2,4,15,C01
200800064725,0,7,0,15,0,2,1,A01
200800064726,0,7,0,0,2,1,15,A01
200800064726,0,2,0,0,2,1,1,B01
200800064727,0,2,0,0,2,2,0,B01
200800064727,0,7,0,0,2,8,0,A01
200800064728,1,7,0,0,1,1,4,A01
200800064729,0,7,0,0,1,3,1,A01
200800064730,0,7,0,0,2,5,15,A01
200800064730,0,31,0,0,2,1,1,B01
200800064731,0,33,0,0,2,0,17,A01
200800064731,0,7,0,0,2,8,15,B01
200800064732,0,99,0,0,2,1,17,A01
200800064732,0,7,0,0,2,4,15,B01
200800064733,0,7,0,0,1,2,1,A01
200800064734,0,30,0,0,1,1,1,A01
200800064735,0,7,0,0,9,8,0,A01
200800064735,0,30,0,0,2,1,0,B01
200800064736,0,7,0,0,2,7,15,B01
200800064736,0,2,0,0,2,1,1,A01
200800064736,0,7,0,0,0,5,24,C01
200800064737,0,2,0,0,2,1,1,A01
200800064738,0,7,0,0,2,2,1,A01
200800064738,0,31,0,1,2,1,1,B01
200800064738,0,7,0,0,9,4,24,C01
200800064739,0,7,0,0,1,1,1,A01
200800064740,0,30,0,0,0,7,16,A01
200800064741,0,7,0,0,2,4,23,B01
200800064741,0,10,0,0,2,1,1,A01
200800064742,0,30,0,0,2,7,11,B01
200800064742,0,7,0,0,2,8,11,A01
200800064743,0,7,0,0,2,1,1,A01
200800064743,0,7,0,0,2,8,1,B01
200800064744,0,7,0,0,2,7,1,B01
200800064744,0,7,0,0,2,1,1,A01
200800064745,0,7,0,0,2,4,23,B01
200800064745,0,7,0,1,2,1,14,A01
200800064746,0,7,0,0,2,1,0,B01
200800064746,0,33,0,0,2,1,0,A01
200800064747,0,33,0,0,2,1,2,B01
200800064747,0,37,1,0,2,3,9,A01
200800064748,0,7,0,0,2,4,2,B01
200800064748,0,7,0,0,2,1,2,A01
200800064749,0,7,0,0,1,0,0,A01
200800064750,0,7,0,0,2,2,15,A01
200800064750,0,7,0,0,2,1,1,B01
200800064751,0,7,0,6,0,3,1,A01
200800064752,0,7,0,0,1,2,1,A01
200800064753,1,7,0,0,2,1,1,A01
200800064753,0,7,0,0,2,4,2,B01
200800064753,0,7,0,0,2,4,2,C01
200800064754,0,7,0,0,2,0,16,B01
200800064754,0,7,0,0,2,2,0,A01
200800064755,0,7,0,0,1,7,1,A01
200800064756,0,7,0,0,2,1,1,A01
200800064756,0,7,0,0,2,3,9,B01
200800064757,0,1,0,0,1,1,1,A01
200800064758,0,7,0,0,1,1,9,A01
200800064759,0,7,0,0,2,8,1,B01
200800064759,0,7,0,0,2,1,1,A01
200800064760,0,7,0,0,2,8,10,A01
200800064760,0,2,0,0,2,1,1,B01
200800064761,0,7,0,0,0,4,2,A01
200800064761,0,7,0,0,2,1,2,B01
200800064762,0,34,0,0,2,3,12,A01
200800064762,0,7,0,0,2,2,1,B01
200800064763,0,37,1,0,0,0,0,A01
200800064763,0,7,0,0,0,0,1,B01
200800064764,0,7,0,0,2,1,0,A01
200800064764,0,7,0,0,2,2,0,B01
200800064765,0,7,0,0,1,2,1,A01
200800064766,0,33,0,0,1,3,15,A01
200800064767,0,2,0,0,2,1,1,B01
200800064767,0,7,0,0,9,1,10,A01
200800064768,0,7,0,0,0,0,0,A01
200800064769,0,2,0,0,2,1,1,A01
200800064769,0,7,0,0,0,3,4,B01
200800064770,0,7,0,0,1,2,9,A01
200800064771,0,7,0,0,2,1,0,B01
200800064771,0,7,0,0,2,2,2,A01
200800064772,0,7,0,0,2,4,2,B01
200800064772,0,13,0,0,2,1,2,A01
200800064773,0,33,0,1,1,1,2,A01
200800064774,0,33,0,0,1,1,2,A01
200800064775,0,7,0,0,0,0,0,A01
200800064775,0,32,0,0,0,0,0,B01
200800064776,0,7,0,0,2,6,19,B01
200800064776,0,7,0,0,2,1,1,A01
200800064777,0,7,0,0,1,3,15,A01
200800064778,0,7,0,0,0,6,4,A01
200800064778,0,30,0,0,2,7,1,B01
200800064779,0,40,0,0,1,7,1,A01
200800064780,0,33,0,0,2,1,0,B01
200800064780,0,7,0,0,2,3,15,A01
200800064781,0,7,0,0,2,4,15,B01
200800064781,0,32,0,0,2,1,1,A01
200800064782,1,7,0,8,1,1,14,A01
200800064783,0,7,0,0,2,5,15,B01
200800064783,0,7,0,1,2,1,1,A01
200800064784,1,7,0,0,1,1,1,A01
200800064785,0,30,0,0,1,1,17,A01
200800064786,0,7,0,0,1,1,17,A01
200800064787,0,7,0,0,1,2,1,A01
200800064788,0,33,0,0,2,5,16,B01
200800064788,0,7,0,0,2,3,1,A01
200800064789,0,7,0,1,0,1,0,A01
200800064790,0,7,0,0,0,4,0,B01
200800064790,0,7,0,0,0,1,1,A01
200800064791,0,37,1,0,1,6,1,A01
200800064792,0,32,0,0,2,6,2,B01
200800064792,0,7,0,0,2,2,9,A01
200800064793,0,7,0,0,0,2,1,A01
200800064794,0,7,0,0,2,3,9,B01
200800064794,2,7,0,9,2,1,2,A01
200800064795,0,7,0,0,1,4,4,A01
200800064796,1,99,0,0,1,1,1,A01
200800064797,0,7,0,0,0,8,10,A01
200800064797,0,30,0,0,2,1,0,B01
200800064798,0,30,0,0,0,2,1,A01
200800064799,0,32,0,0,1,2,1,A01
200800064800,0,33,0,0,0,8,1,A01
200800064801,0,7,0,0,2,6,15,A01
200800064801,0,2,0,0,2,1,1,B01
200800064802,0,2,0,0,2,1,1,A01
200800064802,0,7,0,0,0,3,1,B01
200800064803,0,7,0,2,0,1,0,A01
200800064804,0,7,0,0,2,1,15,A01
200800064804,0,32,0,0,0,1,1,B01
200800064805,0,7,0,0,1,3,1,A01
200800064806,0,7,0,0,2,2,1,B01
200800064806,0,7,0,1,2,3,9,A01
200800064807,0,1,0,0,2,2,15,B01
200800064807,0,7,0,0,2,1,1,A01
200800064808,0,7,0,0,2,1,16,B01
200800064808,0,7,0,0,2,2,2,A01
200800064809,0,7,0,0,1,3,1,A01
200800064810,0,2,0,0,2,1,17,B01
200800064810,0,7,0,0,2,8,15,A01
200800064811,0,30,0,0,2,0,0,B01
200800064811,0,7,0,0,2,2,15,A01
200800064812,0,7,0,0,2,3,20,B01
200800064812,0,32,0,0,2,1,1,A01
200800064813,0,7,0,0,2,3,1,B01
200800064813,0,7,0,0,2,1,15,A01
200800064814,0,7,0,0,1,1,1,A01
200800064815,0,7,0,0,1,1,17,A01
200800064816,0,2,0,0,2,1,1,B01
200800064816,0,7,0,0,2,7,15,A01
200800064817,0,7,0,0,1,1,1,A01
200800064818,0,7,0,13,0,1,1,A01
200800064819,0,7,0,0,2,3,2,B01
200800064819,0,7,0,0,0,4,2,A01
200800064820,0,7,0,0,2,3,15,B01
200800064820,0,33,0,0,2,1,17,A01
200800064821,0,7,0,0,0,1,1,A01
200800064822,0,7,0,0,1,1,1,A01
200800064823,0,7,0,0,2,5,1,A01
200800064823,0,7,0,0,2,3,1,B01
200800064824,0,7,0,0,1,2,16,A01
200800064825,0,7,0,0,2,6,15,A01
200800064825,2,7,0,0,2,3,0,B01
200800064826,0,7,0,0,2,1,2,C01
200800064826,0,7,0,0,2,3,1,B01
200800064826,2,7,0,0,2,3,13,A01
200800064827,0,7,0,0,2,8,1,A01
200800064827,0,7,0,0,0,7,1,B01
200800064828,0,10,0,0,1,1,0,A01
200800064829,0,7,0,0,2,2,15,A01
200800064829,0,33,0,0,2,1,1,B01
200800064830,0,7,0,0,1,2,1,A01
200800064831,0,7,0,0,0,6,11,A01
200800064831,0,34,0,0,0,1,1,B01
200800064832,0,7,0,0,2,8,15,A01
200800064832,0,30,0,0,2,1,17,B01
200800064833,0,7,0,0,2,8,15,A01
200800064833,0,33,0,0,2,8,1,B01
200800064834,0,7,0,12,0,2,0,A01
200800064834,0,1,0,0,2,5,19,B01
200800064835,0,7,0,0,2,3,0,B01
200800064835,0,7,0,0,2,2,1,A01
200800064836,0,7,0,6,2,4,16,A01
200800064836,0,7,0,0,2,4,16,B01
200800064836,0,7,0,0,2,8,23,C01
200800064837,0,7,0,0,2,4,20,A01
200800064837,0,7,0,0,2,2,2,B01
200800064838,0,7,0,0,2,3,11,A01
200800064838,0,32,0,0,2,1,3,B01
200800064838,0,7,0,0,2,5,2,C01
200800064839,0,7,0,1,0,3,15,A01
200800064839,0,33,0,0,0,3,21,B01
200800064840,0,7,0,0,0,0,0,B01
200800064840,0,7,0,0,0,0,0,A01
200800064841,0,30,0,0,0,0,16,A01
200800064842,0,7,0,0,2,3,15,A01
200800064842,0,2,0,0,2,0,0,B01
200800064843,0,7,0,0,0,0,0,A01
200800064843,0,2,0,0,0,0,0,B01
200800064844,0,7,0,0,1,1,0,A01
200800064845,0,7,0,0,2,3,1,B01
200800064845,0,7,0,0,2,2,1,A01
200800064846,0,7,0,0,2,8,0,A01
200800064846,1,7,0,0,2,1,0,B01
200800064847,0,33,0,0,1,1,0,A01
200800064847,0,2,0,0,2,1,21,B01
200800064848,0,7,0,0,2,1,0,A01
200800064848,0,7,0,0,2,2,1,B01
200800064849,0,30,0,0,2,9,18,A01
200800064849,0,7,0,0,2,7,23,B01
200800064850,1,7,0,0,2,3,0,A01
200800064850,0,33,0,0,2,6,3,B01
200800064851,0,7,0,0,2,1,15,A01
200800064851,0,33,0,0,2,3,1,B01
200800064852,0,7,0,0,2,8,1,B01
200800064852,0,14,0,0,2,1,1,A01
200800064852,0,7,0,0,2,8,1,C01
200800064853,0,7,0,0,0,0,15,A01
200800064853,0,30,0,0,2,0,21,B01
200800064854,0,30,0,0,2,1,2,A01
200800064854,0,7,0,0,2,6,2,B01
200800064855,0,7,0,0,1,0,0,A01
200800064856,0,7,0,0,0,0,15,A01
200800064856,0,1,0,0,2,1,17,B01
200800064857,0,7,0,0,0,2,9,A01
200800064857,0,33,0,0,0,3,1,B01
200800064858,0,7,0,6,0,3,14,A01
200800064859,1,10,0,0,0,2,9,A01
200800064859,0,33,0,0,0,3,1,B01
200800064860,0,7,0,0,2,2,0,A01
200800064860,0,2,0,0,2,1,1,B01
200800064861,0,7,0,0,2,2,9,A01
200800064861,0,7,0,0,2,1,2,B01
200800064862,0,7,0,0,2,2,14,A01
200800064862,0,32,0,0,2,3,1,B01
200800064863,0,7,0,15,2,1,13,A01
200800064864,0,10,0,1,0,6,0,B01
200800064864,1,7,0,1,0,1,0,A01
200800064865,0,7,0,0,2,0,15,A01
200800064865,0,33,0,0,2,1,1,B01
200800064866,0,7,0,0,2,4,2,A01
200800064866,0,7,0,0,2,1,2,B01
200800064867,0,99,0,0,2,3,10,A01
200800064867,0,20,0,0,2,2,2,B01
200800064868,0,7,0,0,9,1,2,A01
200800064868,0,1,0,0,2,7,0,B01
200800064869,0,7,0,0,2,3,1,A01
200800064869,0,34,0,0,2,1,13,B01
200800064870,0,7,0,0,0,3,24,A01
200800064870,0,32,0,1,0,7,21,B01
200800064871,0,10,0,0,2,2,1,A01
200800064871,0,10,0,0,2,1,1,B01
200800064872,0,30,0,0,0,0,1,A01