Num_Acc,senc,catv,occutc,obs,obsm,choc,manv,num_veh
200800064873,0,37,15,3,0,7,9,A01
200800064874,0,33,0,0,2,1,11,A01
200800064874,1,7,0,0,2,0,21,B01
200800064875,0,7,0,12,2,1,15,A01
200800064875,0,7,0,0,2,8,5,B01
200800064876,0,7,0,0,0,0,19,A01
200800064876,0,7,0,0,2,0,0,B01
200800064877,0,7,0,0,1,4,20,A01
200800064878,0,7,0,0,2,2,1,A01
200800064879,0,37,0,0,1,1,1,A01
200800064880,0,2,0,0,2,0,0,A01
200800064880,1,7,0,0,2,0,0,B01
200800064881,0,7,0,0,2,8,1,B01
200800064881,0,7,0,0,2,1,1,A01
200800064882,0,7,0,0,1,3,15,A01
200800064883,0,7,0,0,2,2,15,A01
200800064883,0,2,0,0,2,1,1,B01
200800064884,0,7,0,0,1,4,4,A01
200800064885,0,7,0,0,2,5,9,A01
200800064885,0,33,0,0,2,3,1,B01
200800064886,0,38,1,0,2,1,1,A01
200800064886,0,7,0,0,2,4,1,B01
200800064886,0,10,0,0,2,4,1,C01
200800064887,0,7,0,0,2,1,15,A01
200800064887,0,30,0,0,2,3,1,B01
200800064888,0,33,0,0,2,7,17,A01
200800064888,0,10,0,0,2,8,11,B01
200800064889,0,7,0,0,2,3,1,B01
200800064889,0,7,0,0,2,1,1,A01
200800064890,0,7,0,0,2,2,15,A01
200800064890,0,34,0,0,2,1,1,B01
200800064891,0,34,0,0,2,2,17,A01
200800064891,0,7,0,0,2,8,15,B01
200800064892,0,7,0,0,0,0,0,A01
200800064893,1,10,0,0,0,0,0,A01
200800064893,0,32,0,0,2,5,0,B01
200800064894,0,33,0,0,0,2,1,B01
200800064894,0,33,0,0,2,3,17,A01
200800064895,1,7,0,0,2,0,10,A01
200800064895,0,32,0,0,2,1,1,B01
200800064896,0,7,0,0,0,7,15,B01
200800064896,0,7,0,0,0,1,0,A01
200800064897,0,7,0,0,0,3,19,A01
200800064897,0,7,0,0,0,2,0,B01
200800064898,0,7,0,0,2,8,15,B01
200800064898,0,7,0,7,2,1,17,A01
200800064899,0,1,0,1,0,1,1,B01
200800064899,0,7,0,0,9,8,0,A01
200800064900,0,32,0,0,1,1,1,A01
200800064901,0,7,0,0,0,2,2,B01
200800064901,0,2,0,0,0,1,2,A01
200800064902,0,7,0,0,1,1,14,A01
200800064903,0,32,0,0,0,3,2,B01
200800064903,0,7,0,0,0,2,1,A01
200800064904,0,10,0,0,2,1,2,A01
200800064904,0,10,0,0,2,4,2,B01
200800064905,2,7,0,0,2,3,0,A01
200800064905,0,7,0,0,2,1,2,B01
200800064906,0,7,0,4,0,3,1,A01
200800064907,0,34,0,0,0,4,0,B01
200800064907,0,7,0,0,0,4,0,A01
200800064908,0,7,0,0,1,1,1,A01
200800064909,1,99,0,0,0,0,0,A01
200800064910,0,7,0,0,0,3,5,B01
200800064910,0,7,0,0,0,3,5,A01
200800064911,0,7,0,0,0,3,0,B01
200800064911,0,7,0,15,2,6,0,A01
200800064912,0,7,0,0,1,8,1,A01
200800064913,0,10,0,1,0,3,22,B01
200800064914,0,7,0,0,0,5,12,A01
200800064914,0,33,0,0,2,1,1,B01
200800064915,0,7,0,0,1,2,1,A01
200800064916,0,31,0,0,2,1,1,B01
200800064916,0,32,0,0,2,6,1,A01
200800064917,0,7,0,0,0,0,0,B01
200800064917,0,7,0,0,0,0,0,A01
200800064918,0,7,0,0,2,3,10,A01
200800064918,0,7,0,0,2,2,2,B01
200800064919,0,30,0,0,0,0,0,A01
200800064920,0,7,0,0,2,1,9,A01
200800064920,0,7,0,0,2,8,9,B01
200800064921,0,33,0,0,2,2,0,A01
200800064921,1,99,0,0,2,0,0,B01
200800064922,0,2,0,0,2,5,17,A01
200800064922,0,7,0,0,2,3,9,B01
200800064923,0,7,0,0,2,1,2,A01
200800064923,0,33,0,0,0,4,23,B01
200800064924,0,7,0,0,1,1,16,A01
200800064925,0,7,0,0,0,0,0,A01
200800064926,0,7,0,0,0,3,1,B01
200800064926,0,7,0,0,0,1,1,A01
200800064927,0,7,0,0,0,8,15,B01
200800064927,0,30,0,0,0,1,17,A01
200800064928,0,7,0,0,1,2,1,A01
200800064929,1,15,0,0,1,2,1,A01
200800064930,0,7,0,0,0,3,1,B01
200800064930,0,30,0,14,1,1,1,A01
200800064931,0,7,0,0,1,1,0,A01
200800064932,0,30,0,0,2,7,2,A01
200800064932,0,14,0,0,0,6,1,B01
200800064933,0,14,0,0,0,4,9,B01
200800064933,0,33,0,0,2,1,1,A01
200800064934,0,7,0,0,1,3,1,A01
200800064935,0,7,0,0,1,2,1,A01
200800064936,0,7,0,2,0,8,0,A01
200800064937,0,7,0,0,1,3,1,A01
200800064938,0,7,0,0,1,3,2,A01
200800064939,0,7,0,0,1,3,1,A01
200800064940,0,7,0,0,1,2,15,A01
200800064941,0,7,0,0,2,2,0,A01
200800064941,0,33,0,0,0,4,2,B01
200800064942,0,10,0,0,1,0,1,A01
200800064943,0,7,0,0,1,7,1,A01
200800064944,0,10,0,0,2,8,1,A01
200800064944,0,33,0,0,2,1,1,B01
200800064945,0,7,0,0,0,1,1,B01
200800064945,0,7,0,15,0,5,1,A01
200800064946,0,7,0,0,0,5,2,B01
200800064946,0,2,0,0,2,1,1,A01
200800064947,0,13,0,0,1,2,0,B01
200800064948,0,7,0,0,0,1,0,B01
200800064948,0,7,0,0,0,3,5,A01
200800064949,0,30,0,0,2,1,1,A01
200800064949,0,33,0,0,2,1,1,B01
200800064950,0,7,0,0,1,2,21,A01
200800064951,0,7,0,0,2,4,23,C01
200800064951,0,7,0,0,2,1,23,B01
200800064951,0,10,0,0,2,1,23,A01
200800064952,0,7,0,0,2,1,1,A01
200800064952,0,7,0,0,2,7,1,B01
200800064953,0,7,0,0,0,4,2,B01
200800064953,0,7,0,0,0,1,2,A01
200800064954,1,7,0,0,1,1,1,A01
200800064955,0,7,0,0,0,4,0,B01
200800064955,0,7,0,1,0,1,0,A01
200800064956,0,13,0,0,2,8,2,B01
200800064956,0,7,0,1,0,2,12,A01
200800064957,0,7,0,0,1,1,1,A01
200800064958,0,7,0,0,1,1,2,A01
200800064959,0,7,0,0,2,2,1,B01
200800064959,0,7,0,0,2,1,1,A01
200800064960,0,7,0,0,1,3,1,A01
200800064961,0,7,0,0,2,1,1,A01
200800064961,0,7,0,0,2,2,15,B01
200800064962,0,2,0,0,2,1,1,B01
200800064962,0,7,0,0,2,7,0,A01
200800064963,0,7,0,1,0,2,0,A01
200800064964,0,7,0,0,0,1,1,B01
200800064964,0,7,0,0,0,1,1,A01
200800064965,0,7,0,2,0,1,1,A01
200800064966,0,7,0,15,0,1,0,A01
200800064967,0,31,0,0,1,5,9,B01
200800064967,0,7,0,0,2,3,9,A01
200800064968,0,7,0,0,1,0,2,A01
200800064969,0,7,0,15,9,1,15,A01
200800064970,0,7,0,0,2,3,16,A01
200800064970,0,7,0,0,2,2,23,B01
200800064971,0,33,0,0,2,8,1,B01
200800064971,0,7,0,0,2,1,15,A01
200800064972,0,15,0,0,0,3,1,B01
200800064972,0,7,0,0,0,7,12,A01
200800064973,0,7,0,0,2,4,1,A01
200800064973,0,7,0,0,2,1,1,B01
200800064974,0,7,0,0,2,8,15,A01
200800064974,0,31,0,0,2,1,1,B01
200800064975,0,32,0,0,2,1,17,A01
200800064975,0,1,0,0,2,4,1,B01
200800064976,0,33,0,0,2,0,0,A01
200800064976,0,7,0,0,2,2,16,B01
200800064977,0,7,0,0,1,1,1,A01
200800064978,0,7,0,0,1,3,15,A01
200800064979,0,7,0,0,2,3,15,A01
200800064979,0,7,0,0,2,3,1,B01
200800064980,0,7,0,0,1,1,1,A01
200800064981,0,7,0,0,2,3,15,A01
200800064981,0,31,0,0,2,3,1,B01
200800064982,0,7,0,0,2,6,10,A01
200800064982,0,2,0,0,2,1,17,B01
200800064983,0,7,0,0,2,3,15,A01
200800064983,0,30,0,0,2,1,1,B01
200800064984,0,7,0,0,2,3,15,A01
200800064984,0,34,0,0,2,3,1,B01
200800064985,1,10,0,0,2,8,2,A01
200800064985,0,30,0,14,2,7,2,B01
200800064986,0,7,0,0,2,6,10,A01
200800064986,0,33,0,0,2,1,17,B01
200800064987,0,7,0,0,2,1,0,B01
200800064987,0,7,0,0,2,7,15,A01
200800064988,0,7,0,0,2,4,0,B01
200800064988,1,7,0,0,2,0,0,A01
200800064989,0,13,0,9,2,1,16,A01
200800064989,0,7,0,0,2,3,23,B01
200800064989,0,7,0,0,2,8,23,C01
200800064989,0,7,0,0,2,3,23,D01
200800064990,2,7,0,0,2,2,16,A01
200800064990,0,7,0,0,2,1,1,B01
200800064991,0,7,0,0,1,1,15,A01
200800064992,0,7,0,0,2,1,1,A01
200800064992,0,7,0,0,2,6,1,B01
200800064993,0,7,0,0,0,3,2,A01
200800064994,0,7,0,8,1,1,0,A01
200800064995,0,7,0,0,1,1,0,A01
200800064996,0,7,0,1,2,1,0,A01
200800064996,0,7,0,0,2,1,0,B01
200800064996,0,37,2,0,2,1,0,C01
200800064997,0,7,0,0,2,1,0,A01
200800064997,0,7,0,0,2,4,0,B01
200800064998,1,7,0,0,2,7,14,A01
200800064998,0,32,0,0,2,2,2,B01
200800064998,0,7,0,0,0,8,1,C01
200800064999,0,7,0,0,2,1,1,A01
200800064999,0,2,0,0,2,4,11,B01
200800065000,0,7,0,0,2,3,9,A01
200800065000,0,37,5,0,2,1,1,B01
200800065001,0,7,0,0,2,4,2,A01
200800065001,0,7,0,0,2,1,2,B01
200800065002,0,33,0,0,2,7,2,A01
200800065002,0,7,0,0,2,2,2,B01
200800065003,0,7,0,0,1,2,2,A01
200800065004,0,31,0,0,2,1,3,A01
200800065004,0,7,0,0,2,1,1,B01
200800065005,0,7,0,0,0,5,12,A01
200800065005,0,33,0,0,2,1,2,B01
200800065006,1,2,0,0,1,0,0,A01
200800065007,1,7,0,0,1,1,0,A01
200800065008,1,7,0,0,0,0,11,A01
200800065008,0,33,0,0,0,0,1,B01
200800065009,0,37,2,0,2,1,23,B01
200800065009,0,14,0,0,2,4,4,A01
200800065010,0,33,0,0,2,1,1,A01
200800065010,0,7,0,0,2,4,1,B01
200800065011,0,7,0,0,2,1,9,A01
200800065011,0,7,0,0,2,1,1,B01
200800065012,1,7,0,0,2,1,0,A01
200800065012,0,34,0,0,2,7,0,B01
200800065013,0,32,0,0,1,1,1,A01
200800065014,0,7,0,14,0,1,1,A01
200800065014,0,7,0,0,2,4,1,B01
200800065014,0,7,0,0,0,4,2,C01
200800065015,0,7,0,0,2,8,1,B01
200800065015,0,7,0,0,2,1,1,A01
200800065016,0,2,0,0,2,1,0,A01
200800065016,0,30,0,0,2,2,1,B01
200800065017,0,2,0,2,0,9,1,A01
200800065018,1,32,0,15,1,0,0,A01
200800065019,0,7,0,0,0,1,1,A01
200800065019,0,30,0,0,0,1,0,B01
200800065020,0,10,0,0,2,5,1,A01
200800065020,0,33,0,0,2,1,1,B01
200800065021,0,7,0,0,9,5,15,A01
200800065021,0,1,0,0,2,1,1,B01
200800065022,0,37,0,0,1,2,7,A01
200800065023,0,33,0,0,2,1,17,A01
200800065023,1,7,0,0,0,0,17,B01
200800065024,0,99,0,0,9,3,15,B01
200800065024,0,7,0,0,1,2,0,A01
200800065025,0,7,0,0,2,7,10,A01
200800065025,0,33,0,0,2,1,1,B01
200800065026,0,7,0,0,2,1,2,A01
200800065026,0,31,0,0,0,4,23,B01
200800065027,0,32,0,16,0,0,1,A01
200800065028,0,99,0,0,0,0,2,A01
200800065028,0,7,0,0,0,8,2,B01
200800065029,0,7,0,0,0,1,2,A01
200800065029,0,7,0,0,1,4,2,B01
200800065030,0,30,0,0,2,1,2,A01
200800065030,0,7,0,0,0,4,23,B01
200800065030,0,7,0,0,2,3,5,C01
200800065031,0,14,0,12,0,5,1,A01
200800065032,0,7,0,0,1,1,2,A01
200800065033,0,31,0,0,2,0,1,A01
200800065033,0,7,0,0,2,3,1,B01
200800065034,0,37,30,0,2,1,1,A01
200800065034,0,7,0,0,2,3,16,B01
200800065035,0,2,0,0,0,0,21,A01
200800065036,0,7,0,0,1,3,1,A01
200800065037,0,33,0,0,2,3,18,A01
200800065037,0,7,0,0,2,2,16,B01
200800065038,0,7,0,4,0,6,11,A01
200800065038,0,7,0,0,2,2,1,B01
200800065039,0,7,0,6,9,1,0,A01
200800065040,0,14,0,0,2,2,2,A01
200800065041,0,7,0,0,0,8,2,A01
200800065041,0,7,0,0,0,1,19,B01
200800065042,0,7,0,0,2,2,12,A01
200800065042,0,30,0,0,2,8,1,B01
200800065043,0,7,0,0,1,3,15,A01
200800065044,0,7,0,0,2,1,9,A01
200800065044,0,33,0,0,0,8,1,B01
200800065045,0,13,0,0,1,8,16,A01
200800065046,0,7,0,0,1,1,1,A01
200800065047,0,33,0,14,0,1,6,A01
200800065048,0,7,0,0,1,2,15,A01
200800065049,0,7,0,4,0,3,13,A01
200800065050,1,7,0,0,1,2,0,A01
200800065051,0,7,0,1,0,1,1,A01
200800065052,1,7,0,0,0,1,0,A01
200800065053,0,34,0,0,2,7,17,A01
200800065053,0,7,0,0,2,1,1,B01
200800065054,0,7,0,0,0,2,0,A01
200800065054,0,32,0,0,0,1,2,B01
200800065055,0,30,0,0,0,1,1,B01
200800065055,0,7,0,0,0,5,15,A01
200800065056,0,32,0,0,0,6,9,A01
200800065057,0,7,0,1,2,1,1,B01
200800065057,0,7,0,0,2,3,1,A01
200800065058,0,7,0,0,1,1,1,A01
200800065059,0,7,0,0,2,8,20,A01
200800065059,0,33,0,0,2,5,1,B01
200800065060,0,33,0,0,2,8,1,A01
200800065060,0,7,0,0,2,6,11,B01
200800065061,0,7,0,0,1,1,20,A01
200800065062,0,2,0,0,2,0,1,B01
200800065062,0,7,0,0,2,2,1,A01
200800065063,0,10,0,0,0,1,15,A01
200800065064,0,7,0,0,1,2,20,A01
200800065065,0,2,0,0,1,1,1,A01
200800065066,0,7,0,0,1,2,1,A01
200800065067,0,7,0,0,2,6,1,B01
200800065067,0,7,0,0,2,3,9,A01
200800065068,0,7,0,0,1,2,1,A01
200800065069,0,33,0,0,2,2,1,A01
200800065069,0,7,0,0,9,0,15,B01
200800065070,0,7,0,0,1,5,1,A01
200800065071,0,2,0,8,2,9,17,A01
200800065071,0,7,0,0,2,3,15,B01
200800065072,0,7,0,0,2,3,15,A01
200800065072,0,32,0,0,2,9,1,B01
200800065073,0,31,0,16,0,7,1,A01
200800065074,0,7,0,0,2,1,16,B01
200800065074,0,7,0,0,2,1,1,A01
200800065075,1,10,0,0,1,0,16,A01
200800065076,0,33,0,0,2,1,1,B01
200800065076,0,13,0,0,0,1,15,A01
200800065077,0,7,0,0,2,8,10,A01
200800065077,0,33,0,0,2,1,1,B01
200800065078,0,7,0,0,1,1,15,A01
200800065079,0,30,0,0,9,1,1,A01
200800065080,0,7,0,0,1,1,1,A01
200800065081,0,2,0,0,2,1,1,A01
200800065082,0,7,0,0,1,1,1,A01
200800065083,0,7,0,0,1,1,1,A01
200800065084,0,7,0,0,2,1,1,B01
200800065084,0,30,0,0,2,7,1,A01
200800065085,1,7,0,0,0,0,0,A01
200800065086,0,7,0,0,2,1,1,A01
200800065086,0,7,0,0,2,5,5,B01
200800065087,0,7,0,0,0,4,1,A01
200800065087,0,7,0,0,2,1,2,B01
200800065088,0,7,0,0,1,1,1,A01
200800065089,0,7,0,7,0,1,9,A01
200800065090,0,7,0,0,2,1,0,A01
200800065090,0,7,0,0,0,4,2,B01
200800065091,0,7,0,0,0,7,1,B01
200800065091,0,2,0,0,2,1,1,A01
200800065092,0,7,0,0,1,1,12,A01
200800065093,0,7,0,0,2,3,15,A01
200800065093,0,30,0,0,2,2,17,B01
200800065094,0,7,0,2,0,2,1,A01
200800065095,0,7,0,0,1,3,9,A01
200800065096,0,7,0,0,2,1,2,A01
200800065096,0,7,0,0,2,4,2,B01
200800065096,0,7,0,0,0,4,23,C01
200800065097,0,10,0,0,2,2,12,A01
200800065097,0,7,0,0,2,6,15,B01
200800065098,0,7,0,0,0,7,15,A01
200800065098,0,33,0,0,2,1,1,B01
200800065099,0,7,0,0,1,2,16,A01
200800065100,2,7,0,0,0,0,0,A01
200800065100,0,7,0,0,2,4,2,B01
200800065100,0,7,0,0,2,4,2,C01
200800065100,0,10,0,0,2,4,2,D01
200800065101,0,2,0,0,1,1,1,B01
200800065102,0,7,0,0,1,0,15,A01
200800065103,0,33,0,0,0,8,1,A01
200800065104,0,7,0,0,1,0,15,A01
200800065105,0,7,0,0,1,3,2,A01
200800065106,1,7,0,0,1,0,10,A01
200800065107,0,7,0,12,0,0,1,A01
200800065108,0,7,0,0,2,3,22,A01
200800065108,0,1,0,1,0,1,21,B01
200800065109,0,7,0,0,1,1,1,A01
200800065110,0,2,0,0,0,1,1,A01
200800065111,0,33,0,0,2,1,1,B01
200800065111,0,7,0,0,2,2,2,A01
200800065112,0,7,0,15,0,1,20,A01
200800065113,0,7,0,0,1,0,4,A01
200800065114,0,7,0,0,2,3,21,A01
200800065114,0,33,0,0,2,5,1,B01
200800065115,0,33,0,0,1,1,1,A01
200800065116,0,30,0,0,2,8,2,A01
200800065116,0,7,0,0,2,5,16,B01
200800065117,0,99,0,0,2,1,1,A01
200800065117,0,7,0,0,2,7,1,B01
200800065118,0,7,0,0,2,1,15,A01
200800065118,0,33,0,0,2,1,2,B01
200800065119,1,7,0,0,1,0,1,A01
200800065120,1,7,0,0,1,1,0,A01
200800065121,0,7,0,0,2,3,15,A01
200800065121,0,32,0,0,2,1,23,B01
200800065122,0,7,0,0,2,7,15,A01
200800065122,0,7,0,0,2,2,1,B01
200800065123,0,30,0,0,2,1,2,A01
200800065123,0,7,0,0,0,6,2,B01
200800065124,0,30,0,0,2,1,18,A01
200800065124,0,7,0,0,2,3,1,B01
200800065125,0,2,0,0,2,1,1,B01
200800065125,0,10,0,0,2,3,1,A01
200800065126,1,7,0,0,2,3,0,A01
200800065126,0,1,0,0,2,0,1,B01
200800065127,0,1,0,0,2,1,1,A01
200800065127,0,7,0,0,2,1,1,B01
200800065128,0,7,0,0,2,2,17,A01
200800065128,0,7,0,0,2,3,15,B01
200800065129,0,7,0,0,2,2,16,A01
200800065129,0,30,0,0,2,8,1,B01
200800065130,0,33,0,8,2,1,1,A01
200800065130,0,10,0,8,2,2,16,B01
200800065131,0,7,0,0,2,1,1,A01
200800065131,0,7,0,0,2,4,1,B01
200800065132,0,7,0,0,1,3,1,A01
200800065133,0,7,0,0,2,3,4,A01
200800065133,0,31,0,0,2,1,1,B01
200800065134,0,7,0,0,2,3,1,A01
200800065134,0,7,0,0,2,5,23,B01
200800065135,1,7,0,0,2,2,12,A01
200800065135,0,2,0,0,2,8,1,B01
200800065136,0,7,0,0,2,2,15,A01
200800065136,0,7,0,0,2,1,1,B01
200800065137,0,7,0,0,2,0,16,A01
200800065137,0,37,25,0,2,0,17,B01
200800065138,0,7,0,0,1,3,1,A01
200800065139,0,7,0,1,0,3,13,A01
200800065140,1,7,0,0,1,0,0,A01
200800065141,0,7,0,0,2,3,1,B01
200800065141,0,7,0,0,2,5,15,A01
200800065142,0,7,0,0,2,1,1,A01
200800065142,0,7,0,0,2,4,2,B01
200800065142,0,7,0,0,2,4,0,C01
200800065143,0,31,0,8,0,7,1,A01
200800065144,0,7,0,0,2,7,10,A01
200800065144,0,31,0,0,2,1,1,B01
200800065145,0,34,0,0,0,0,1,A01
200800065146,0,31,0,0,0,0,1,A01
200800065147,0,7,0,0,2,8,1,B01
200800065147,0,2,0,0,2,1,1,A01
200800065148,0,7,0,1,0,1,1,A01
200800065149,0,33,0,0,1,1,1,A01
200800065150,0,7,0,0,0,9,17,A01
200800065151,0,7,0,0,2,5,1,B01
200800065151,0,2,0,0,2,1,1,A01
200800065152,0,7,0,0,2,3,1,A01
200800065152,0,10,0,0,2,2,1,B01
200800065153,0,1,0,0,2,7,19,B01
200800065153,0,7,0,0,2,1,1,A01
200800065154,0,7,0,0,2,1,1,B01
200800065154,0,7,0,0,2,1,15,A01
200800065155,0,30,0,0,0,6,0,A01
200800065156,0,7,0,6,0,1,13,A01
200800065157,0,7,0,0,1,1,1,A01
200800065158,0,33,0,7,0,1,13,A01
200800065159,0,30,0,1,2,1,13,A01
200800065159,0,7,0,0,2,6,1,B01
200800065160,2,7,0,0,2,1,1,A01
200800065160,0,7,0,0,2,4,1,B01
200800065161,0,7,0,0,2,7,1,B01
200800065161,0,7,0,0,2,1,1,A01
200800065162,0,7,0,0,1,1,1,A01
200800065163,0,7,0,0,1,2,15,A01
200800065164,0,10,0,0,2,3,16,A01
200800065164,0,7,0,0,2,8,1,B01
200800065165,2,7,0,0,2,1,5,A01
200800065165,0,99,0,0,2,1,1,B01
200800065166,0,7,0,0,1,6,4,A01
200800065167,0,7,0,0,2,1,1,B01
200800065167,0,7,0,1,0,2,0,A01
200800065168,0,7,0,0,1,1,1,A01
200800065169,0,7,0,0,2,3,15,B01
200800065169,0,7,0,0,2,1,1,A01
200800065170,0,7,0,0,2,2,0,A01
200800065171,0,7,0,0,2,2,16,A01
200800065171,0,30,0,0,2,1,1,B01
200800065172,0,7,0,3,2,9,0,A01
200800065172,0,7,0,0,2,1,0,B01
200800065172,0,15,0,0,0,8,0,C01
200800065173,0,7,0,0,1,2,1,A01
200800065174,0,7,0,0,2,1,2,A01
200800065174,0,7,0,0,2,4,2,B01
200800065175,0,7,0,0,2,1,15,B01
200800065175,0,7,0,1,2,1,17,A01
200800065176,0,7,0,0,2,2,15,A01
200800065176,0,2,0,0,2,1,1,B01
200800065177,0,7,0,3,9,0,19,A01
200800065177,0,7,0,0,1,2,1,B01
200800065178,0,7,0,0,9,1,1,A01
200800065178,0,1,0,0,0,4,1,B01
200800065179,0,7,0,0,2,2,15,B01
200800065179,0,7,0,6,0,3,9,A01
200800065180,1,7,0,0,2,5,0,A01
200800065180,0,7,0,0,2,5,1,B01
200800065181,0,7,0,0,0,8,9,A01
200800065181,0,30,0,0,4,1,17,B01
200800065182,0,10,0,0,2,6,10,A01
200800065182,0,10,0,0,2,1,1,B01
200800065183,0,7,0,0,1,2,1,A01
200800065184,0,7,0,1,0,1,1,A01
200800065184,0,7,0,0,0,1,23,B01
200800065185,0,30,0,0,2,0,1,A01
200800065185,0,10,0,0,2,0,13,B01
200800065186,0,7,0,0,2,0,13,A01
200800065186,0,7,0,0,2,3,11,B01
200800065186,0,7,0,0,2,0,1,C01
200800065187,0,7,0,0,1,1,1,A01
200800065188,0,31,0,0,2,1,1,B01
200800065188,0,7,0,0,0,1,9,A01
200800065189,0,7,0,0,2,8,1,B01
200800065189,0,7,0,0,2,2,1,A01
200800065189,0,7,0,0,2,3,0,C01
200800065190,0,7,0,0,2,5,15,A01
200800065190,0,7,0,0,2,2,2,B01
200800065191,0,7,0,0,2,1,1,A01
200800065191,0,14,0,0,0,4,1,B01
200800065192,0,2,0,0,0,1,15,A01
200800065192,0,7,0,0,0,6,15,B01
200800065193,0,7,0,0,2,1,15,A01
200800065193,0,33,0,0,2,2,1,B01
200800065194,0,7,0,0,2,1,15,A01
200800065194,0,1,0,0,2,2,1,B01
200800065195,0,7,0,0,1,1,1,A01
200800065196,0,7,0,0,2,6,1,A01
200800065196,0,10,0,0,2,3,1,B01
200800065197,0,7,0,0,2,2,15,A01
200800065197,0,7,0,0,2,3,21,B01
200800065198,0,7,0,0,9,7,1,A01
200800065198,0,1,0,0,2,1,1,B01
200800065199,0,2,0,8,0,1,11,A01
200800065200,0,7,0,1,0,2,2,A01
200800065200,0,7,0,0,2,2,2,B01
200800065201,0,37,10,0,2,1,9,B01
200800065201,0,7,0,0,2,1,16,A01
200800065202,0,7,0,0,0,3,22,A01
200800065202,0,1,0,1,0,1,1,B01
200800065202,0,7,0,0,9,0,0,C01
200800065203,0,31,0,0,0,0,2,B01
200800065203,0,7,0,0,0,0,9,A01
200800065204,1,10,0,0,1,0,1,A01
200800065205,1,7,0,0,1,0,4,A01
200800065206,0,2,0,0,2,1,6,A01
200800065206,0,7,0,0,2,3,15,B01
200800065207,0,32,0,0,2,3,0,A01
200800065207,0,13,0,0,2,5,0,B01
200800065208,0,30,0,0,2,1,18,A01
200800065208,0,7,0,0,2,7,16,B01
200800065209,0,7,0,0,2,8,15,B01
200800065209,0,30,0,0,2,1,1,A01
200800065210,1,33,0,0,1,0,0,A01
200800065211,0,7,0,0,1,1,1,A01
200800065212,0,7,0,12,2,4,23,A01
200800065212,0,7,0,12,2,2,1,B01
200800065213,0,7,0,1,1,0,0,A01
200800065214,0,7,0,2,0,1,1,A01
200800065215,0,30,0,0,2,1,15,A01
200800065215,0,37,15,0,2,3,1,B01
200800065216,0,7,0,0,1,2,16,A01
200800065217,0,7,0,0,2,4,4,A01
200800065217,0,30,0,0,2,1,1,B01
200800065218,0,32,0,0,1,1,1,A01
200800065219,0,7,0,0,2,1,1,B01
200800065219,0,7,0,0,2,5,1,A01
200800065220,0,1,0,0,2,4,19,A01
200800065220,0,7,0,0,2,3,1,B01
200800065221,0,7,0,0,2,1,1,A01
200800065221,0,7,0,0,2,8,1,B01
200800065222,0,7,0,0,2,1,10,A01
200800065222,0,1,0,0,2,1,1,B01
200800065223,0,7,0,0,2,1,2,A01
200800065223,0,33,0,0,2,4,2,B01
200800065224,1,7,0,0,2,2,8,C01
200800065224,0,37,1,0,2,3,1,A01
200800065224,0,37,1,0,2,8,1,B01
200800065225,0,1,0,0,2,1,1,B01
200800065225,0,7,0,0,2,1,1,A01
200800065226,0,7,0,0,2,2,1,A01
200800065226,0,1,0,0,2,1,1,B01
200800065227,0,7,0,0,2,2,12,A01
200800065227,0,7,0,0,2,1,1,B01
200800065228,0,37,0,0,1,2,1,A01
200800065229,0,7,0,0,1,3,1,A01
200800065230,0,7,0,0,1,0,1,A01
200800065231,0,7,0,15,2,2,14,A01
200800065232,0,7,0,0,2,3,15,A01
200800065232,0,2,0,0,2,1,1,B01
200800065233,0,10,0,0,0,0,1,A01
200800065234,0,7,0,0,1,2,1,A01
200800065235,0,7,0,3,2,1,13,A01
200800065235,0,7,0,0,2,1,1,B01
200800065236,0,7,0,0,9,1,1,A01
200800065236,0,1,0,0,2,8,19,B01
200800065237,0,7,0,0,1,1,1,A01
200800065238,0,7,0,0,2,1,1,B01
200800065238,0,1,0,0,2,6,19,A01
200800065239,0,7,0,0,1,3,1,A01
200800065240,0,7,0,14,0,1,1,A01
200800065241,0,7,0,0,2,1,2,A01
200800065241,0,7,0,0,2,4,2,B01
200800065242,0,33,0,0,2,3,1,B01
200800065242,0,7,0,0,2,7,19,A01
200800065243,0,30,0,0,2,1,17,A01
200800065243,0,7,0,0,0,8,1,B01
200800065244,0,10,0,0,2,1,1,B01
200800065244,0,30,0,0,0,8,15,A01
200800065244,0,30,0,0,0,8,23,C01
200800065245,0,7,0,0,2,1,2,A01
200800065245,0,7,0,0,0,4,2,B01
200800065246,0,7,0,15,0,1,1,A01
200800065247,0,2,0,0,2,2,1,B01
200800065247,0,7,0,0,2,3,15,A01
200800065248,0,7,0,0,1,2,1,A01
200800065249,0,2,0,0,2,1,1,A01
200800065249,0,7,0,0,0,6,1,B01
200800065250,0,10,0,0,2,1,1,A01
200800065250,0,7,0,0,0,4,1,B01
200800065251,0,7,0,0,1,1,1,A01
200800065252,0,15,0,0,2,0,1,A01
200800065252,0,7,0,0,0,8,1,B01
200800065253,0,7,0,0,1,3,1,A01
200800065254,0,7,0,0,2,3,15,A01
200800065254,0,2,0,0,0,1,1,B01
200800065255,0,7,0,8,2,1,1,A01
200800065255,0,37,1,0,0,2,1,B01
200800065256,0,2,0,0,0,7,1,A01
200800065256,0,7,0,0,2,1,1,B01
200800065257,0,7,0,0,2,1,1,A01
200800065257,0,7,0,0,2,1,1,B01