Num_Acc,senc,catv,occutc,obs,obsm,choc,manv,num_veh
200800065257,0,7,0,0,0,4,1,C01
200800065258,0,2,0,16,0,8,1,A01
200800065259,0,7,0,0,2,3,9,A01
200800065259,0,7,0,0,0,2,1,B01
200800065260,0,7,0,0,2,1,1,A01
200800065260,0,7,0,0,0,7,1,B01
200800065261,0,2,0,0,2,1,16,A01
200800065261,0,7,0,0,0,7,16,B01
200800065262,0,10,0,0,1,1,1,A01
200800065263,0,7,0,0,2,3,1,A01
200800065263,0,7,0,0,2,8,15,B01
200800065264,0,30,0,0,2,3,13,A01
200800065264,0,7,0,0,2,3,1,B01
200800065265,0,33,0,0,2,8,1,B01
200800065265,0,2,0,0,2,1,1,A01
200800065266,0,30,0,0,0,0,0,A01
200800065267,0,7,0,0,2,1,2,A01
200800065267,0,7,0,0,0,4,2,B01
200800065268,0,30,0,0,2,1,1,A01
200800065268,0,7,0,0,2,3,15,B01
200800065269,0,7,0,0,2,4,4,A01
200800065269,0,2,0,0,2,1,0,B01
200800065270,0,7,0,0,2,3,17,A01
200800065270,0,32,0,0,0,1,17,B01
200800065271,0,7,0,0,1,1,1,A01
200800065272,0,7,0,0,1,1,1,A01
200800065273,0,7,0,0,0,3,15,A01
200800065273,0,31,0,0,2,1,21,B01
200800065274,0,7,0,0,2,1,16,A01
200800065274,0,1,0,0,2,8,5,B01
200800065275,0,7,0,0,2,2,1,A01
200800065275,0,7,0,0,2,0,15,B01
200800065275,0,7,0,0,2,1,1,C01
200800065276,0,30,0,1,0,0,2,A01
200800065277,0,10,0,0,2,1,2,A01
200800065277,0,7,0,0,2,4,2,B01
200800065278,0,7,0,0,1,1,2,A01
200800065279,0,7,0,0,1,1,1,A01
200800065280,0,30,0,14,2,1,1,B01
200800065280,0,7,0,0,2,3,20,A01
200800065281,0,7,0,0,0,3,15,A01
200800065281,0,32,0,0,2,1,0,B01
200800065282,0,7,0,13,0,1,14,A01
200800065283,0,30,0,14,0,1,1,A01
200800065284,0,7,0,0,2,8,1,A01
200800065285,0,2,0,0,0,0,0,A01
200800065286,0,7,0,0,2,3,0,A01
200800065286,0,2,0,0,2,1,1,B01
200800065287,1,7,0,0,9,0,0,A01
200800065288,1,31,0,0,2,1,1,A01
200800065288,0,7,0,0,9,5,1,B01
200800065289,0,7,0,0,1,7,15,A01
200800065290,0,7,0,0,2,1,1,B01
200800065290,0,7,0,0,2,3,1,A01
200800065291,1,7,0,0,1,7,1,A01
200800065292,2,36,0,0,2,3,1,A01
200800065292,0,7,0,0,2,8,1,B01
200800065293,0,30,0,14,0,1,1,A01
200800065293,0,7,0,0,0,5,23,B01
200800065294,0,7,0,0,1,1,13,A01
200800065295,0,7,0,1,2,2,1,B01
200800065295,0,2,0,0,2,8,15,A01
200800065296,1,7,0,0,2,1,1,B01
200800065296,0,7,0,0,2,7,1,A01
200800065297,0,2,0,0,2,1,7,A01
200800065297,0,7,0,0,2,3,15,B01
200800065298,0,2,0,0,0,0,0,A01
200800065299,0,7,0,15,0,2,1,A01
200800065300,0,7,0,0,2,2,15,A01
200800065300,0,7,0,0,2,2,1,B01
200800065301,0,10,0,0,1,2,1,A01
200800065302,0,7,0,0,2,3,1,A01
200800065302,0,7,0,0,2,1,1,B01
200800065302,0,7,0,0,2,1,2,C01
200800065303,0,1,0,0,2,0,0,A01
200800065303,1,7,0,0,2,0,0,B01
200800065304,1,7,0,0,1,1,0,A01
200800065305,0,7,0,0,2,1,2,A01
200800065305,0,7,0,0,2,6,23,B01
200800065306,0,7,0,0,9,2,0,A01
200800065306,0,30,0,0,2,7,1,B01
200800065307,0,30,0,0,2,1,5,A01
200800065307,0,7,0,0,2,2,9,B01
200800065308,0,2,0,0,2,1,1,A01
200800065308,0,7,0,0,2,3,1,B01
200800065309,0,7,0,0,2,3,1,B01
200800065309,0,7,0,0,2,3,13,A01
200800065310,0,7,0,0,0,9,1,A01
200800065311,0,33,0,11,0,1,0,A01
200800065312,0,7,0,13,0,9,1,A01
200800065313,0,33,0,0,2,1,1,B01
200800065313,0,7,0,0,2,2,11,A01
200800065314,0,7,0,0,1,1,0,A01
200800065315,0,7,0,0,2,2,2,A01
200800065315,0,1,0,0,2,6,2,B01
200800065316,0,33,0,0,1,8,1,A01
200800065316,0,7,0,0,9,3,5,B01
200800065316,0,7,0,0,2,3,5,C01
200800065317,0,7,0,2,0,8,1,A01
200800065318,0,7,0,2,0,8,1,A01
200800065319,0,7,0,0,2,6,15,A01
200800065319,0,30,0,0,2,1,17,B01
200800065320,0,15,0,0,2,3,22,A01
200800065320,0,1,0,1,0,1,17,B01
200800065321,0,7,0,0,2,5,15,A01
200800065321,0,33,0,0,2,1,1,B01
200800065322,0,30,0,0,2,1,1,B01
200800065322,0,7,0,0,2,1,15,A01
200800065323,0,7,0,0,0,1,1,B01
200800065323,0,7,0,0,0,1,17,A01
200800065324,0,7,0,6,0,1,14,A01
200800065325,0,30,0,0,2,1,1,A01
200800065325,0,7,0,0,0,4,1,B01
200800065326,0,7,0,0,2,7,9,A01
200800065326,0,7,0,0,2,1,1,B01
200800065327,0,7,0,0,2,1,13,A01
200800065327,0,15,0,0,2,3,1,B01
200800065328,0,7,0,0,0,0,0,A01
200800065328,0,7,0,0,0,0,0,B01
200800065328,0,7,0,0,0,0,0,C01
200800065329,0,7,0,0,2,1,1,A01
200800065329,0,7,0,0,2,4,1,B01
200800065329,0,7,0,0,2,4,1,C01
200800065330,0,30,0,0,2,3,1,A01
200800065330,0,7,0,0,2,0,1,B01
200800065331,0,37,2,0,1,6,1,A01
200800065332,0,7,0,0,2,1,1,B01
200800065332,2,7,0,12,2,8,1,A01
200800065333,0,99,0,0,2,3,23,A01
200800065333,0,33,0,14,0,1,21,B01
200800065334,0,33,0,12,0,7,1,A01
200800065335,0,7,0,0,2,1,5,A01
200800065335,0,7,0,0,2,1,1,B01
200800065336,0,7,0,0,1,1,1,A01
200800065337,0,33,0,0,9,8,1,A01
200800065338,0,7,0,0,0,3,15,A01
200800065338,0,2,0,0,2,1,2,B01
200800065339,0,7,0,0,0,5,9,A01
200800065339,0,32,0,0,0,9,2,B01
200800065340,0,7,0,0,2,1,0,A01
200800065340,0,7,0,0,2,1,1,B01
200800065341,0,7,0,0,1,1,1,A01
200800065342,0,7,0,0,1,2,1,A01
200800065343,0,7,0,0,2,3,15,A01
200800065343,0,31,0,0,2,8,1,B01
200800065344,0,17,0,0,0,6,2,B01
200800065344,0,7,0,4,2,2,3,A01
200800065345,0,7,0,0,1,1,2,A01
200800065346,0,2,0,0,2,1,1,B01
200800065346,0,7,0,0,2,1,9,A01
200800065347,0,2,0,0,2,1,1,B01
200800065347,0,7,0,0,2,3,1,A01
200800065348,0,7,0,0,2,2,12,A01
200800065348,0,33,0,0,2,8,1,B01
200800065349,0,7,0,0,2,1,2,A01
200800065349,0,7,0,0,2,4,2,B01
200800065349,0,7,0,0,0,4,2,C01
200800065350,0,2,0,0,2,0,3,A01
200800065351,0,1,0,0,2,7,0,A01
200800065351,0,7,0,0,2,8,1,B01
200800065352,0,7,0,0,1,1,15,A01
200800065353,0,7,0,0,1,1,21,A01
200800065354,0,7,0,0,2,5,15,A01
200800065354,0,33,0,0,2,3,1,B01
200800065355,0,7,0,0,2,2,15,A01
200800065355,0,33,0,0,2,1,1,B01
200800065356,0,13,0,0,0,0,0,C01
200800065356,0,32,0,12,0,0,13,B01
200800065356,0,7,0,0,0,0,13,A01
200800065357,0,7,0,11,0,1,21,A01
200800065358,0,7,0,14,0,1,0,A01
200800065358,0,7,0,0,0,4,23,B01
200800065359,0,7,0,0,2,1,0,B01
200800065359,0,7,0,0,2,7,0,A01
200800065360,0,7,0,0,1,1,1,A01
200800065361,0,7,0,8,0,5,21,A01
200800065362,0,10,0,0,2,1,1,A01
200800065362,0,7,0,0,0,3,1,B01
200800065363,0,1,0,0,0,1,1,A01
200800065363,0,7,0,0,2,1,15,B01
200800065364,0,7,0,0,0,4,0,A01
200800065364,0,31,0,0,2,1,2,B01
200800065365,0,7,0,0,1,2,1,A01
200800065366,0,7,0,4,0,9,16,A01
200800065367,0,7,0,0,2,8,15,A01
200800065367,0,2,0,0,2,1,1,B01
200800065368,0,10,0,0,2,3,15,A01
200800065368,0,7,0,0,2,1,1,B01
200800065369,0,7,0,0,2,4,2,D01
200800065369,0,10,0,0,2,1,2,A01
200800065369,0,7,0,0,2,4,2,B01
200800065369,0,7,0,0,2,4,2,C01
200800065370,0,7,0,0,1,3,1,A01
200800065371,0,7,0,0,0,4,23,B01
200800065371,0,10,0,0,2,1,2,A01
200800065371,0,10,0,0,2,4,23,C01
200800065372,0,13,0,0,1,7,1,A01
200800065373,0,30,0,0,2,1,15,A01
200800065373,0,7,0,0,2,1,1,B01
200800065374,0,7,0,0,2,1,13,A01
200800065374,0,7,0,0,2,1,1,B01
200800065375,0,7,0,0,1,2,1,A01
200800065376,0,7,0,0,2,1,15,A01
200800065376,0,7,0,0,2,5,1,B01
200800065377,0,33,0,3,0,1,13,A01
200800065378,0,7,0,0,2,8,10,A01
200800065378,0,33,0,0,2,1,1,B01
200800065379,0,7,0,0,2,1,15,A01
200800065379,0,30,0,0,2,1,1,B01
200800065380,0,7,0,0,2,1,1,A01
200800065380,0,7,0,0,2,4,2,B01
200800065380,1,7,0,0,2,4,2,C01
200800065381,0,7,0,0,1,1,1,A01
200800065382,0,7,0,0,1,1,1,A01
200800065383,0,7,0,0,2,3,1,A01
200800065383,0,7,0,0,2,2,1,B01
200800065384,0,33,0,0,0,8,16,A01
200800065385,0,7,0,0,2,1,2,A01
200800065385,0,7,0,0,2,4,2,B01
200800065386,0,7,0,0,1,1,1,A01
200800065387,0,7,0,15,0,1,2,A01
200800065388,0,7,0,0,1,3,1,A01
200800065389,0,7,0,6,0,1,1,A01
200800065390,0,7,0,0,2,2,15,A01
200800065390,0,2,0,0,2,1,1,B01
200800065391,0,7,0,0,2,3,15,A01
200800065391,0,2,0,0,2,1,1,B01
200800065392,0,7,0,0,1,8,1,A01
200800065393,0,7,0,0,1,1,1,A01
200800065394,0,7,0,0,1,1,1,A01
200800065395,0,7,0,0,2,1,2,A01
200800065395,0,7,0,0,2,4,2,B01
200800065395,0,7,0,0,2,4,2,C01
200800065396,0,7,0,12,0,2,1,A01
200800065397,0,7,0,0,2,3,15,A01
200800065397,0,7,0,0,2,3,1,B01
200800065398,0,7,0,0,2,1,2,A01
200800065398,0,7,0,0,2,4,1,B01
200800065399,0,7,0,0,1,2,1,A01
200800065400,0,7,0,0,2,2,15,A01
200800065400,0,7,0,0,2,3,1,B01
200800065401,0,7,0,0,1,3,2,A01
200800065402,0,7,0,12,0,0,1,A01
200800065403,0,30,0,0,2,7,1,B01
200800065403,0,7,0,0,2,3,15,A01
200800065404,0,7,0,0,1,4,1,A01
200800065405,0,7,0,0,2,8,10,A01
200800065405,0,33,0,0,2,1,1,B01
200800065406,0,30,0,0,2,1,1,A01
200800065406,0,7,0,0,2,4,1,B01
200800065407,0,33,0,0,1,1,1,A01
200800065408,0,7,0,0,2,3,15,A01
200800065408,0,31,0,0,2,7,23,B01
200800065409,0,7,0,0,2,3,10,A01
200800065409,0,2,0,0,2,1,1,B01
200800065410,0,37,1,0,1,2,1,A01
200800065411,0,7,0,0,1,1,15,A01
200800065412,0,7,0,0,0,0,9,C01
200800065412,0,31,0,0,2,8,1,A01
200800065412,0,7,0,0,2,8,1,B01
200800065413,0,33,0,0,1,1,1,A01
200800065414,0,7,0,0,2,2,15,A01
200800065414,0,30,0,0,2,1,1,B01
200800065415,0,7,0,0,2,7,15,A01
200800065415,0,7,0,0,2,2,1,B01
200800065416,0,2,0,0,2,1,17,A01
200800065416,0,10,0,0,2,8,15,B01
200800065417,0,7,0,0,2,1,15,A01
200800065417,0,30,0,0,2,1,1,B01
200800065418,0,15,0,0,2,3,2,B01
200800065418,0,7,0,0,2,1,2,A01
200800065419,0,7,0,0,0,9,1,A01
200800065420,0,2,0,0,2,1,2,A01
200800065420,0,7,0,0,0,5,1,B01
200800065421,0,7,0,0,2,7,15,A01
200800065421,0,33,0,0,2,1,1,B01
200800065422,0,7,0,0,1,2,1,A01
200800065423,0,33,0,0,2,1,1,A01
200800065423,0,7,0,0,0,1,9,B01
200800065424,0,33,0,0,0,0,1,A01
200800065425,0,7,0,0,2,8,15,A01
200800065425,0,2,0,0,2,1,1,B01
200800065426,0,7,0,0,2,0,12,A01
200800065426,0,2,0,0,2,1,1,B01
200800065427,0,7,0,0,2,3,15,B01
200800065427,0,2,0,0,2,1,15,A01
200800065428,0,7,0,0,2,2,1,B01
200800065428,0,7,0,0,2,3,1,A01
200800065429,0,7,0,0,2,8,15,A01
200800065429,0,7,0,0,2,1,1,B01
200800065430,0,1,0,0,1,1,1,A01
200800065431,0,7,0,8,0,7,1,A01
200800065432,0,7,0,0,2,2,15,A01
200800065432,0,2,0,0,2,7,1,B01
200800065433,0,7,0,0,2,1,1,A01
200800065433,0,7,0,0,2,2,1,B01
200800065434,0,7,0,0,2,1,15,A01
200800065434,0,7,0,0,2,3,1,B01
200800065435,0,7,0,0,0,7,1,A01
200800065436,0,7,0,0,2,6,19,A01
200800065436,0,7,0,0,2,1,1,B01
200800065437,0,2,0,0,0,7,1,A01
200800065438,0,7,0,0,0,8,16,A01
200800065439,0,14,0,0,1,1,15,A01
200800065440,1,7,0,0,2,8,16,A01
200800065440,0,2,0,0,2,1,1,B01
200800065440,0,2,0,0,2,1,1,C01
200800065441,0,7,0,0,2,1,16,A01
200800065441,0,2,0,0,2,1,16,B01
200800065442,0,7,0,0,1,1,1,A01
200800065443,0,7,0,9,0,1,1,A01
200800065444,0,2,0,0,2,8,1,B01
200800065444,0,7,0,0,2,1,15,A01
200800065445,0,30,0,0,2,1,1,A01
200800065445,0,38,0,0,2,4,23,B01
200800065446,0,10,0,0,2,1,1,A01
200800065446,0,7,0,0,2,4,23,B01
200800065447,0,7,0,0,2,0,4,A01
200800065448,0,7,0,0,1,1,1,A01
200800065449,0,30,0,0,2,1,9,A01
200800065449,0,7,0,0,2,2,0,B01
200800065450,0,7,0,0,2,6,15,A01
200800065450,0,2,0,0,2,1,1,B01
200800065451,0,7,0,0,2,1,1,A01
200800065451,0,7,0,0,2,4,23,B01
200800065452,0,2,0,0,2,0,1,A01
200800065452,1,7,0,0,0,0,1,B01
200800065453,0,7,0,0,2,1,15,A01
200800065453,0,1,0,0,2,1,1,B01
200800065454,0,7,0,0,2,1,1,A01
200800065454,0,7,0,0,2,1,1,B01
200800065455,0,7,0,0,2,3,1,B01
200800065455,0,2,0,0,2,1,1,A01
200800065456,0,2,0,0,2,1,1,B01
200800065456,0,7,0,0,2,4,1,A01
200800065457,0,7,0,0,2,2,1,A01
200800065457,0,7,0,0,2,8,11,B01
200800065458,0,7,0,0,2,2,16,A01
200800065458,0,2,0,0,2,8,1,B01
200800065459,0,7,0,0,1,2,2,A01
200800065460,0,7,0,0,2,3,9,A01
200800065460,0,2,0,0,2,1,1,B01
200800065461,0,7,0,0,2,3,9,A01
200800065461,0,31,0,0,2,1,1,B01
200800065462,0,7,0,0,0,9,1,A01
200800065463,0,33,0,11,0,1,1,A01
200800065464,0,7,0,0,2,2,1,B01
200800065464,0,7,0,0,2,1,1,A01
200800065465,0,7,0,0,1,1,16,A01
200800065466,0,7,0,0,1,5,4,A01
200800065467,0,7,0,13,0,1,0,A01
200800065468,0,7,0,0,1,1,0,A01
200800065469,0,7,0,0,1,1,0,A01
200800065470,0,7,0,0,2,8,0,A01
200800065470,0,33,0,0,2,1,0,B01
200800065471,0,7,0,8,0,1,0,A01
200800065472,0,7,0,0,1,1,0,A01
200800065473,0,7,0,0,1,5,16,A01
200800065474,0,30,0,0,2,1,1,A01
200800065475,0,7,0,0,2,1,10,A01
200800065475,0,2,0,0,2,1,0,B01
200800065476,0,7,0,0,0,4,2,B01
200800065476,0,2,0,0,2,1,2,A01
200800065477,0,30,0,13,0,0,16,A01
200800065478,0,7,0,0,1,2,1,A01
200800065479,0,7,0,0,0,8,1,B01
200800065479,1,7,0,0,2,3,16,A01
200800065480,0,7,0,0,2,2,15,A01
200800065480,0,31,0,0,2,2,1,B01
200800065481,0,7,0,15,2,6,1,A01
200800065481,0,37,1,9,2,1,20,B01
200800065482,0,7,0,0,1,2,1,A01
200800065483,0,7,0,0,2,3,1,A01
200800065483,0,33,0,0,2,7,1,B01
200800065484,0,14,0,0,1,1,1,A01
200800065485,0,10,0,0,1,1,1,A01
200800065486,0,33,0,0,2,0,0,B01
200800065486,0,30,0,0,2,4,0,A01
200800065487,0,7,0,0,2,4,0,B01
200800065487,0,2,0,0,2,1,1,A01
200800065488,0,7,0,0,2,5,1,B01
200800065488,0,2,0,0,2,1,1,A01
200800065489,0,7,0,0,2,1,1,B01
200800065489,0,7,0,0,2,1,13,A01
200800065490,0,7,0,0,2,3,15,A01
200800065490,0,30,0,0,2,1,1,B01
200800065491,0,7,0,6,0,1,1,A01
200800065492,0,7,0,0,2,2,2,A01
200800065492,0,30,0,0,2,4,2,B01
200800065492,0,7,0,0,2,4,2,C01
200800065493,0,7,0,0,2,3,9,A01
200800065493,0,33,0,0,2,1,1,B01
200800065494,0,7,0,0,2,8,1,B01
200800065494,0,2,0,0,2,1,1,A01
200800065495,0,7,0,0,2,2,1,B01
200800065495,0,30,0,0,2,8,19,A01
200800065496,0,7,0,0,2,2,9,A01
200800065496,0,31,0,0,2,8,0,B01
200800065497,0,2,0,0,2,1,1,B01
200800065497,0,2,0,0,2,2,1,A01
200800065498,0,7,0,0,1,2,16,A01
200800065499,0,2,0,3,0,1,1,A01
200800065500,0,7,0,0,2,3,9,A01
200800065500,0,33,0,0,2,1,1,B01
200800065501,0,30,0,0,2,8,1,B01
200800065501,0,7,0,0,2,3,15,A01
200800065502,0,7,0,0,2,3,15,A01
200800065502,0,30,0,0,2,1,1,B01
200800065503,0,30,0,0,2,1,2,B01
200800065503,0,20,0,0,2,4,4,A01
200800065504,0,30,0,0,2,1,0,B01
200800065504,0,7,0,0,2,1,15,A01
200800065505,0,2,0,0,2,1,1,B01
200800065505,0,99,0,0,9,7,15,A01
200800065506,0,2,0,0,2,1,1,B01
200800065506,0,7,0,0,2,3,10,A01
200800065507,0,7,0,0,2,6,15,B01
200800065507,0,7,0,0,2,2,2,A01
200800065508,0,10,0,0,2,5,2,B01
200800065508,0,33,0,0,2,5,2,A01
200800065509,0,7,0,0,2,2,2,B01
200800065509,0,7,0,0,2,3,10,A01
200800065510,0,30,0,1,0,1,1,A01
200800065511,0,33,0,0,2,1,1,B01
200800065511,0,7,0,0,2,3,15,A01
200800065512,0,7,0,0,2,1,1,B01
200800065512,0,30,0,0,2,1,5,A01
200800065513,0,33,0,0,2,1,1,B01
200800065513,0,7,0,0,0,7,15,A01
200800065514,0,7,0,0,2,3,15,B01
200800065514,0,3,0,0,2,1,1,A01
200800065515,0,7,0,2,2,1,24,E01
200800065515,0,7,0,1,0,6,24,D01
200800065515,0,38,2,0,9,8,2,C01
200800065515,0,7,0,0,2,1,2,B01
200800065515,0,2,0,0,2,2,17,A01
200800065516,0,10,0,0,2,3,15,B01
200800065516,0,32,0,0,2,1,17,A01
200800065517,0,2,0,0,2,1,1,B01
200800065517,0,7,0,0,0,7,16,A01
200800065518,0,33,0,0,2,2,0,B01
200800065518,0,7,0,0,2,3,9,A01
200800065519,0,7,0,0,2,8,1,B01
200800065519,0,7,0,0,2,1,15,A01
200800065520,0,7,0,0,2,3,23,C01
200800065520,0,1,0,0,2,0,19,B01
200800065520,0,7,0,8,2,1,0,A01
200800065521,0,7,0,0,1,8,1,A01
200800065522,0,30,0,0,2,1,1,B01
200800065522,0,10,0,0,2,5,4,A01
200800065523,0,1,0,0,1,7,17,A01
200800065524,0,32,0,0,2,4,1,B01
200800065524,0,7,0,0,2,1,2,A01
200800065525,0,7,0,0,0,0,0,B01
200800065525,0,30,0,0,2,8,0,A01
200800065526,0,7,0,2,0,2,1,A01
200800065527,0,30,0,0,2,1,1,B01
200800065527,0,7,0,0,2,2,15,A01
200800065528,0,7,0,0,2,4,23,B01
200800065528,2,34,0,0,2,3,2,A01
200800065529,0,7,0,0,0,4,2,B01
200800065529,0,7,0,0,2,1,2,A01
200800065530,0,7,0,0,0,4,23,B01
200800065530,0,15,0,14,0,1,2,A01
200800065531,0,7,0,0,1,2,1,A01
200800065532,0,7,0,0,2,1,1,A01
200800065532,0,7,0,0,2,5,16,B01
200800065533,0,7,0,0,1,1,0,A01
200800065534,0,7,0,0,2,8,1,B01
200800065534,0,7,0,0,2,2,1,A01
200800065535,0,7,0,0,1,2,1,A01
200800065536,0,7,0,0,2,1,0,A01
200800065536,0,7,0,0,2,7,0,B01
200800065537,0,7,0,0,2,2,1,A01
200800065537,0,7,0,0,2,3,1,B01
200800065538,0,7,0,0,2,3,9,A01
200800065538,0,30,0,0,2,7,1,B01
200800065539,0,7,0,0,2,7,15,A01
200800065539,0,2,0,0,2,1,1,B01
200800065540,0,7,0,1,2,1,1,A01
200800065540,0,7,0,1,2,2,15,B01
200800065541,0,7,0,0,2,1,15,A01
200800065541,0,30,0,0,2,3,1,B01
200800065542,0,7,0,0,1,1,0,A01
200800065543,0,7,0,0,2,4,23,A01
200800065543,0,2,0,0,2,1,1,B01
200800065544,0,37,15,0,1,5,20,A01
200800065545,0,7,0,0,2,3,15,A01
200800065545,0,2,0,0,2,1,17,B01
200800065546,0,7,0,0,1,3,1,A01
200800065547,0,7,0,1,0,2,17,A01
200800065547,0,15,0,0,2,6,23,B01
200800065548,0,7,0,0,0,0,0,A01
200800065549,0,7,0,0,2,1,1,B01
200800065549,0,7,0,0,2,1,19,A01
200800065550,0,10,0,0,2,1,2,A01
200800065550,0,7,0,0,2,4,15,B01
200800065550,0,7,0,0,2,8,1,C01
200800065551,0,15,0,0,2,3,1,A01
200800065551,0,17,0,0,2,8,21,B01
200800065552,0,7,0,6,5,1,21,A01
200800065553,0,7,0,0,2,1,1,A01
200800065553,0,7,0,0,2,3,1,B01
200800065554,0,7,0,0,2,8,1,A01
200800065554,0,2,0,0,2,8,1,B01
200800065555,0,7,0,0,2,3,1,B01
200800065555,0,10,0,0,2,2,9,A01
200800065556,0,7,0,0,2,2,19,A01
200800065556,0,2,0,0,2,1,1,B01
200800065557,0,7,0,0,1,2,0,A01
200800065558,0,10,0,0,2,8,9,A01
200800065558,0,2,0,0,2,1,17,B01
200800065559,0,7,0,0,2,7,15,A01
200800065559,0,30,0,0,2,7,17,B01
200800065560,0,7,0,0,1,4,4,A01
200800065561,0,7,0,0,0,2,1,B01
200800065561,0,7,0,0,2,1,9,A01
200800065561,0,7,0,0,2,3,23,C01
200800065562,0,7,0,8,0,1,2,A01
200800065563,1,7,0,0,1,1,17,A01
200800065564,0,7,0,0,1,3,2,A01
200800065565,1,7,0,0,2,2,5,A01
200800065565,0,1,0,0,2,4,15,B01
200800065566,0,2,0,14,0,1,1,A01
200800065567,0,3,0,0,2,1,11,A01
200800065567,0,2,0,0,2,1,2,B01
200800065568,0,7,0,0,2,3,2,A01
200800065568,0,1,0,0,2,0,2,B01
200800065569,0,2,0,1,0,8,1,A01
200800065569,1,7,0,0,2,2,22,B01
200800065570,0,7,0,0,9,3,9,A01
200800065570,0,1,0,0,2,0,0,B01
200800065571,0,7,0,0,2,1,17,A01
200800065571,0,14,0,0,2,6,23,B01
200800065572,0,7,0,0,2,2,2,A01
200800065572,0,7,0,0,2,6,2,B01
200800065573,0,7,0,0,1,2,15,A01
200800065574,0,7,0,0,2,2,15,A01
200800065574,0,32,0,0,2,1,1,B01
200800065575,0,7,0,0,2,1,15,B01
200800065575,0,7,0,0,2,2,1,A01
200800065576,0,7,0,0,2,3,15,A01
200800065576,0,7,0,0,2,3,1,B01
200800065577,0,30,0,0,2,7,1,A01
200800065577,0,7,0,0,2,3,20,B01
200800065578,0,7,0,0,2,2,19,B01
200800065578,0,7,0,0,2,1,19,A01
200800065579,0,7,0,0,2,1,15,A01
200800065579,0,7,0,0,2,1,1,B01
200800065580,0,7,0,0,2,3,1,B01
200800065580,0,7,0,0,2,1,15,A01
200800065581,0,7,0,0,2,3,11,A01
200800065581,0,31,0,0,2,1,1,B01
200800065582,0,10,0,0,2,2,19,B01
200800065582,0,2,0,0,2,8,19,A01
200800065583,0,7,0,0,2,2,1,B01
200800065583,0,7,0,0,2,3,19,A01
200800065584,0,7,0,0,2,2,12,A01
200800065584,0,7,0,0,2,3,16,B01
200800065585,0,7,0,0,2,1,1,A01
200800065585,0,7,0,0,2,3,23,C01
200800065585,0,7,0,0,2,2,15,B01
200800065586,0,7,0,0,1,2,1,A01
200800065587,0,7,0,0,2,1,2,A01
200800065587,0,7,0,0,2,1,2,B01
200800065588,0,7,0,0,2,6,2,B01
200800065588,0,7,0,0,2,1,15,A01
200800065589,0,7,0,0,2,1,2,A01
200800065589,0,10,0,0,2,4,23,B01
200800065590,0,7,0,0,2,1,2,A01
200800065590,0,7,0,0,2,4,23,B01
200800065590,1,7,0,0,2,4,0,C01
200800065590,0,10,0,0,2,1,2,D01
200800065590,0,7,0,0,2,1,2,E01
200800065591,0,2,0,0,2,1,0,A01
200800065592,0,30,0,16,0,7,2,A01
200800065593,0,7,0,0,2,1,2,B01
200800065593,0,7,0,0,2,1,15,A01
200800065594,0,7,0,0,2,1,2,A01
200800065594,0,7,0,0,2,4,2,B01
200800065594,0,7,0,0,2,4,2,C01
200800065595,0,7,0,0,2,1,1,B01
200800065595,2,10,0,0,2,3,15,A01
200800065596,0,7,0,0,0,1,1,A01
200800065596,0,7,0,0,2,4,1,B01
200800065597,0,30,0,0,9,0,1,A01
200800065598,0,14,0,0,2,7,12,A01
200800065598,0,7,0,0,2,8,2,B01
200800065599,0,7,0,7,0,9,0,A01
200800065600,0,2,0,0,1,1,1,A01
200800065601,0,31,0,0,0,1,1,A01
200800065602,0,17,0,0,2,7,15,A01
200800065602,0,7,0,0,2,7,15,B01
200800065603,0,30,0,0,2,1,17,A01
200800065603,0,7,0,0,2,3,15,B01
200800065604,0,7,0,0,2,1,1,A01
200800065604,0,7,0,0,2,9,0,B01
200800065604,0,7,0,0,2,4,1,C01
200800065605,0,7,0,0,1,1,1,A01
200800065606,0,30,0,0,2,1,0,A01
200800065607,0,30,0,0,0,0,1,A01
200800065608,0,7,0,0,2,1,1,B01
200800065608,0,7,0,0,2,1,15,A01
200800065609,0,7,0,0,1,1,1,A01
200800065610,0,7,0,0,2,1,2,A01
200800065610,0,7,0,0,2,4,2,B01
200800065610,0,10,0,0,2,4,23,C01
200800065611,1,7,0,0,1,1,1,A01
200800065612,0,7,0,0,2,1,1,A01
200800065612,0,7,0,0,2,1,1,B01
200800065613,0,14,0,0,2,2,16,A01
200800065613,0,7,0,0,2,3,2,B01
200800065614,0,7,0,0,2,1,1,A01
200800065614,0,7,0,0,2,0,1,B01
200800065615,0,7,0,0,2,1,1,A01
200800065615,0,7,0,0,2,9,1,B01
200800065615,0,7,0,0,2,4,1,C01
200800065616,0,7,0,0,2,1,1,A01
200800065616,0,7,0,0,2,9,2,B01
200800065616,0,7,0,0,2,4,2,C01
200800065617,0,7,0,0,2,1,2,A01
200800065617,0,7,0,0,2,4,1,B01
200800065618,0,7,0,0,0,9,1,A01
200800065619,0,7,0,0,2,8,11,A01
200800065619,0,7,0,0,2,1,1,B01
200800065620,0,10,0,0,2,9,1,A01
200800065621,0,30,0,0,0,0,15,A01
200800065622,0,7,0,0,1,3,1,A01
200800065623,0,7,0,6,0,9,1,A01
200800065624,0,33,0,0,2,1,1,B01
200800065624,0,7,0,0,2,6,9,A01
200800065625,0,7,0,0,1,1,1,A01
200800065626,0,7,0,0,2,2,2,B01
200800065626,0,1,0,0,0,4,2,A01
200800065627,0,7,0,0,2,8,15,B01