Num_Acc,senc,catv,occutc,obs,obsm,choc,manv,num_veh
200800065627,0,2,0,0,2,1,17,A01
200800065628,0,7,0,0,2,6,1,B01
200800065628,0,7,0,0,2,1,9,A01
200800065629,0,7,0,0,1,1,1,A01
200800065630,0,7,0,0,1,3,1,A01
200800065631,0,7,0,0,1,1,1,A01
200800065632,0,7,0,3,2,8,11,A01
200800065632,0,14,0,0,2,7,1,B01
200800065633,0,10,0,0,1,4,4,A01
200800065634,0,7,0,0,2,2,0,B01
200800065634,0,1,0,0,2,0,5,A01
200800065635,0,31,0,1,2,1,18,A01
200800065635,0,7,0,0,0,2,1,B01
200800065636,0,7,0,16,0,0,0,A01
200800065637,0,7,0,0,2,8,11,B01
200800065637,0,7,0,0,2,2,2,A01
200800065638,0,37,1,0,1,1,7,A01
200800065639,0,7,0,0,2,8,1,A01
200800065639,0,2,0,0,2,1,1,B01
200800065640,0,7,0,0,2,2,15,A01
200800065640,0,7,0,0,0,8,1,B01
200800065641,0,2,0,0,1,1,1,A01
200800065642,0,7,0,0,2,1,2,A01
200800065642,0,7,0,0,0,4,2,B01
200800065643,0,7,0,0,0,3,15,A01
200800065643,0,7,0,0,2,3,21,B01
200800065644,0,7,0,0,2,2,0,B01
200800065644,0,7,0,0,2,5,0,A01
200800065645,0,7,0,0,2,3,9,A01
200800065645,0,7,0,0,2,1,9,B01
200800065646,0,7,0,0,1,1,2,A01
200800065647,0,1,0,0,2,2,1,B01
200800065647,0,7,0,0,2,3,3,A01
200800065648,0,7,0,0,0,4,2,A01
200800065648,0,7,0,0,2,1,2,B01
200800065648,0,7,0,0,2,1,2,C01
200800065648,0,7,0,0,2,1,2,D01
200800065649,0,7,0,0,2,1,0,A01
200800065649,0,7,0,0,2,0,0,B01
200800065649,0,7,0,0,2,3,1,C01
200800065650,2,7,0,9,0,2,1,A01
200800065651,0,7,0,0,1,2,1,A01
200800065652,1,10,0,0,1,1,0,A01
200800065653,0,7,0,0,2,1,2,A01
200800065653,0,7,0,0,2,4,1,B01
200800065654,0,7,0,0,2,1,2,A01
200800065654,0,7,0,0,2,4,1,B01
200800065655,1,7,0,0,2,1,2,A01
200800065655,0,7,0,15,2,4,1,B01
200800065656,0,7,0,0,1,2,1,A01
200800065657,0,10,0,0,2,1,2,A01
200800065657,0,7,0,0,2,4,1,B01
200800065658,0,7,0,0,2,8,15,A01
200800065658,0,33,0,0,2,1,17,B01
200800065659,0,37,0,0,1,2,1,A01
200800065660,0,7,0,0,2,4,20,A01
200800065660,0,30,0,0,2,1,1,B01
200800065661,0,7,0,0,2,7,1,B01
200800065661,0,14,0,0,2,3,1,A01
200800065662,0,10,0,0,1,7,16,A01
200800065663,0,32,0,0,2,1,1,B01
200800065663,0,7,0,0,2,3,15,A01
200800065664,0,10,0,0,2,1,13,A01
200800065664,0,7,0,0,2,3,1,B01
200800065665,0,7,0,1,0,1,1,A01
200800065666,0,10,0,0,2,2,1,A01
200800065666,0,7,0,0,2,3,1,B01
200800065667,0,7,0,0,2,3,1,A01
200800065667,0,7,0,0,2,7,1,B01
200800065668,0,7,0,0,2,3,0,A01
200800065668,0,30,0,0,2,1,1,B01
200800065669,0,36,0,2,0,2,1,A01
200800065670,0,7,0,4,0,3,13,A01
200800065671,0,7,0,0,1,7,0,A01
200800065672,0,7,0,0,2,1,2,A01
200800065672,0,7,0,0,2,4,2,B01
200800065673,0,30,0,0,0,0,1,A01
200800065674,0,15,0,0,2,7,1,A01
200800065674,0,1,0,0,2,1,1,B01
200800065675,0,7,0,0,0,9,1,A01
200800065676,0,7,0,0,0,0,0,A01
200800065677,0,10,0,0,2,1,1,A01
200800065677,0,10,0,0,2,4,1,B01
200800065678,0,7,0,0,2,6,15,A01
200800065678,0,33,0,0,2,1,17,B01
200800065679,0,7,0,0,2,1,1,B01
200800065679,0,7,0,0,2,7,10,A01
200800065680,0,7,0,0,2,7,15,A01
200800065680,0,7,0,0,2,1,1,B01
200800065681,0,7,0,0,2,6,1,B01
200800065681,0,7,0,0,2,2,5,A01
200800065682,0,7,0,0,2,1,15,A01
200800065682,0,7,0,0,2,1,0,B01
200800065683,0,7,0,12,0,1,0,A01
200800065684,0,7,0,0,2,1,1,A01
200800065684,0,7,0,0,2,3,15,B01
200800065685,0,7,0,0,2,1,1,B01
200800065685,0,7,0,0,2,7,15,A01
200800065686,0,2,0,0,1,1,1,A01
200800065687,0,7,0,15,0,1,1,B01
200800065687,1,7,0,0,0,0,15,A01
200800065688,0,7,0,0,1,2,1,A01
200800065689,0,7,0,0,1,3,15,A01
200800065690,0,7,0,0,1,3,0,A01
200800065691,0,7,0,0,1,3,9,A01
200800065692,0,10,0,0,2,3,1,A01
200800065692,0,14,0,0,0,6,9,B01
200800065693,0,7,0,0,0,0,15,A01
200800065693,0,33,0,8,0,0,21,B01
200800065694,0,7,0,0,2,1,5,A01
200800065694,0,7,0,0,2,1,5,B01
200800065695,0,34,0,0,2,3,1,B01
200800065695,0,7,0,0,2,7,6,A01
200800065696,0,38,2,0,2,0,2,A01
200800065696,0,34,0,0,2,0,17,B01
200800065697,1,7,0,0,2,2,15,A01
200800065697,0,1,0,0,2,1,1,B01
200800065698,0,2,0,0,2,1,1,A01
200800065698,0,7,0,0,2,7,1,B01
200800065699,0,7,0,0,9,3,15,B01
200800065699,0,1,0,0,2,1,2,A01
200800065700,0,7,0,0,2,7,1,A01
200800065700,0,7,0,0,2,1,1,B01
200800065701,0,7,0,0,9,2,0,A01
200800065701,0,1,0,0,2,1,1,B01
200800065702,0,7,0,0,0,1,9,A01
200800065703,0,30,0,0,2,1,17,A01
200800065703,0,7,0,0,2,3,15,B01
200800065704,0,7,0,0,2,7,1,A01
200800065704,0,7,0,0,2,1,1,B01
200800065705,0,7,0,0,2,1,1,A01
200800065705,0,7,0,0,2,4,1,B01
200800065706,0,7,0,0,2,3,20,A01
200800065706,0,33,0,0,2,3,17,B01
200800065707,0,7,0,0,2,2,10,A01
200800065707,0,33,0,0,2,8,2,B01
200800065708,0,7,0,0,2,3,15,A01
200800065708,0,30,0,0,2,2,17,B01
200800065709,0,7,0,0,0,2,15,A01
200800065709,0,2,0,0,2,1,1,B01
200800065710,0,2,0,0,2,1,17,A01
200800065710,0,7,0,0,0,3,9,B01
200800065711,0,7,0,0,1,2,16,A01
200800065712,0,7,0,0,1,2,16,A01
200800065712,0,1,0,0,2,1,5,B01
200800065713,0,10,0,0,2,0,1,A01
200800065713,0,7,0,0,2,9,9,B01
200800065714,0,34,0,0,2,0,2,A01
200800065714,0,2,0,0,2,0,2,B01
200800065715,0,7,0,0,0,9,1,A01
200800065716,0,10,0,8,0,1,0,A01
200800065717,0,30,0,0,2,1,1,A01
200800065717,0,7,0,0,2,4,2,B01
200800065718,0,31,0,11,0,1,1,A01
200800065719,0,7,0,0,0,9,1,A01
200800065720,0,7,0,0,1,3,1,A01
200800065721,0,1,0,0,0,0,1,A01
200800065722,0,7,0,0,2,1,1,A01
200800065722,0,7,0,0,2,6,1,B01
200800065722,0,2,0,0,2,4,1,C01
200800065723,0,7,0,0,2,1,0,A01
200800065723,0,33,0,0,2,3,1,B01
200800065724,0,7,0,0,2,3,5,A01
200800065724,0,7,0,0,2,4,1,B01
200800065724,0,7,0,0,2,1,0,C01
200800065725,0,7,0,15,0,1,1,A01
200800065726,0,2,0,0,2,1,2,A01
200800065726,0,10,0,0,2,4,2,B01
200800065727,0,10,0,0,2,1,19,A01
200800065727,0,7,0,0,2,8,1,B01
200800065728,0,7,0,0,1,0,1,A01
200800065729,2,7,0,0,1,1,1,A01
200800065730,1,7,0,0,2,0,1,A01
200800065730,0,1,0,0,2,0,19,B01
200800065731,0,37,17,0,2,3,13,A01
200800065731,0,7,0,0,2,3,1,B01
200800065732,0,7,0,0,2,0,1,A01
200800065732,0,7,0,0,2,0,1,F01
200800065732,0,7,0,0,2,4,2,B01
200800065732,0,7,0,0,2,4,2,C01
200800065732,0,7,0,0,2,6,1,D01
200800065732,0,7,0,0,2,4,1,E01
200800065733,0,7,0,6,2,2,19,A01
200800065733,0,7,0,0,2,3,1,B01
200800065734,0,7,0,0,1,0,1,A01
200800065735,0,7,0,0,2,3,19,A01
200800065735,0,7,0,6,2,1,10,B01
200800065736,0,31,0,0,2,1,1,B01
200800065736,0,7,0,0,2,2,1,A01
200800065737,1,7,0,0,2,1,2,A01
200800065737,0,7,0,0,2,4,1,B01
200800065737,0,10,0,0,2,6,1,C01
200800065738,0,7,0,0,2,4,23,B01
200800065738,0,30,0,0,2,1,2,A01
200800065739,0,7,0,0,2,1,15,A01
200800065739,0,2,0,0,2,3,1,B01
200800065740,0,7,0,11,2,1,1,A01
200800065740,0,7,0,0,2,1,1,B01
200800065741,0,10,0,0,2,1,15,A01
200800065741,0,30,0,0,2,1,1,B01
200800065742,0,7,0,0,2,2,15,A01
200800065742,0,33,0,0,2,1,1,B01
200800065743,0,7,0,0,1,2,1,A01
200800065744,0,7,0,0,1,3,1,A01
200800065745,0,7,0,0,2,8,0,A01
200800065745,0,7,0,0,2,3,0,B01
200800065746,0,7,0,0,2,2,9,A01
200800065746,0,32,0,0,2,1,1,B01
200800065747,0,1,0,0,2,8,0,A01
200800065747,0,7,0,0,1,7,0,B01
200800065748,0,7,0,0,2,1,1,A01
200800065748,0,10,0,0,2,5,4,B01
200800065748,0,7,0,0,2,3,15,C01
200800065749,0,7,0,0,2,1,15,A01
200800065749,0,32,0,0,2,3,0,B01
200800065750,0,7,0,0,2,3,15,A01
200800065750,0,2,0,0,2,1,1,B01
200800065751,0,7,0,0,2,1,2,A01
200800065751,0,7,0,0,2,4,2,B01
200800065752,0,7,0,0,1,1,1,A01
200800065753,0,7,0,0,1,1,0,A01
200800065754,0,7,0,0,2,1,15,A01
200800065754,0,31,0,0,2,7,1,B01
200800065755,0,32,0,0,2,8,18,A01
200800065755,0,14,0,0,2,7,2,B01
200800065756,0,33,0,0,9,0,0,A01
200800065756,0,30,0,0,2,3,11,B01
200800065757,0,7,0,0,2,3,15,A01
200800065757,0,33,0,0,2,7,17,B01
200800065758,0,33,0,0,2,1,1,B01
200800065758,0,10,0,0,2,1,2,A01
200800065759,0,7,0,0,2,3,13,A01
200800065759,0,14,0,0,2,2,2,B01
200800065760,0,33,0,0,2,7,1,A01
200800065760,0,7,0,0,2,3,15,B01
200800065761,0,30,0,0,2,4,2,B01
200800065761,1,7,0,0,2,1,2,A01
200800065762,0,7,0,0,1,1,1,A01
200800065763,0,33,0,0,1,1,1,A01
200800065764,0,7,0,0,9,7,15,A01
200800065764,0,30,0,0,2,1,2,B01
200800065765,0,30,0,0,2,1,2,A01
200800065765,0,7,0,0,9,1,2,B01
200800065766,0,32,0,0,1,1,2,A01
200800065767,0,33,0,0,2,1,17,A01
200800065767,0,7,0,0,9,3,9,B01
200800065768,0,7,0,0,9,2,2,B01
200800065768,0,30,0,0,2,1,5,A01
200800065769,0,7,0,0,9,3,13,A01
200800065769,0,2,0,0,2,2,17,B01
200800065770,0,7,0,0,9,8,22,A01
200800065770,0,1,0,0,2,4,2,B01
200800065771,0,30,0,0,9,1,13,A01
200800065771,0,30,0,0,9,1,2,B01
200800065772,0,7,0,0,1,1,15,A01
200800065773,0,7,0,0,0,0,22,A01
200800065773,0,2,0,12,0,0,21,B01
200800065774,0,30,0,0,0,1,0,A01
200800065775,0,7,0,0,2,7,10,A01
200800065775,0,32,0,0,2,1,1,B01
200800065776,0,7,0,0,2,1,2,A01
200800065776,0,7,0,0,2,4,2,B01
200800065777,0,1,0,0,2,1,2,A01
200800065777,0,7,0,0,2,6,2,B01
200800065778,0,7,0,6,2,3,2,A01
200800065778,0,7,0,0,2,5,2,B01
200800065779,1,20,0,0,0,0,0,A01
200800065779,0,33,0,0,2,7,0,B01
200800065780,0,7,0,0,2,6,10,A01
200800065780,0,33,0,0,2,1,1,B01
200800065781,0,30,0,0,2,8,21,A01
200800065781,0,7,0,0,2,8,16,B01
200800065782,0,7,0,8,2,3,1,A01
200800065782,0,7,0,0,2,1,1,B01
200800065783,0,30,0,12,0,0,0,A01
200800065784,0,30,0,0,2,8,3,A01
200800065784,0,10,0,0,2,2,1,B01
200800065785,0,7,0,0,2,1,15,A01
200800065785,0,10,0,0,2,3,1,B01
200800065786,0,32,0,0,2,8,11,A01
200800065786,0,10,0,0,2,7,1,B01
200800065787,0,2,0,0,2,1,1,A01
200800065787,0,1,0,0,2,8,11,B01
200800065788,0,7,0,0,2,2,1,A01
200800065788,0,7,0,0,2,1,1,B01
200800065789,0,32,0,0,2,2,17,A01
200800065789,0,7,0,0,9,3,15,B01
200800065790,0,7,0,0,1,2,2,A01
200800065791,0,7,0,0,1,4,4,A01
200800065792,0,32,0,0,1,1,2,A01
200800065793,0,2,0,0,1,1,1,A01
200800065794,0,10,0,0,2,8,1,B01
200800065794,0,33,0,0,2,1,6,A01
200800065795,0,7,0,0,2,1,1,B01
200800065795,0,7,0,0,2,3,1,A01
200800065796,0,31,0,0,2,7,2,A01
200800065796,0,7,0,0,2,8,15,B01
200800065797,0,31,0,0,2,1,19,B01
200800065797,0,7,0,0,2,2,15,A01
200800065798,0,7,0,0,2,7,1,A01
200800065798,0,1,0,0,2,8,15,B01
200800065799,0,2,0,0,1,1,2,A01
200800065799,0,10,0,0,1,5,2,B01
200800065800,0,2,0,0,2,9,1,A01
200800065800,0,7,0,0,2,1,15,B01
200800065801,0,7,0,0,2,3,1,A01
200800065801,0,7,0,0,2,8,9,B01
200800065802,0,7,0,0,1,1,1,A01
200800065803,0,7,0,0,1,1,1,A01
200800065804,0,7,0,0,2,1,1,A01
200800065804,0,7,0,0,2,3,9,B01
200800065805,0,14,0,0,2,7,15,A01
200800065805,0,33,0,0,2,1,1,B01
200800065806,0,20,0,0,2,2,9,B01
200800065806,0,34,0,0,9,8,1,A01
200800065807,0,7,0,0,2,0,1,B01
200800065807,0,33,0,0,2,0,1,A01
200800065808,0,32,0,0,2,1,1,B01
200800065808,0,7,0,0,2,6,10,A01
200800065809,0,34,0,0,2,1,17,B01
200800065809,0,7,0,0,2,8,23,A01
200800065810,0,33,0,14,0,9,0,A01
200800065811,0,7,0,0,2,2,9,B01
200800065811,0,33,0,0,2,2,3,A01
200800065812,0,34,0,0,2,7,0,B01
200800065812,0,7,0,0,2,3,0,A01
200800065813,0,30,0,14,0,0,1,A01
200800065814,0,7,0,0,2,4,0,B01
200800065814,0,33,0,0,2,3,0,A01
200800065815,0,30,0,0,2,1,1,B01
200800065815,0,7,0,0,2,3,2,A01
200800065816,0,7,0,1,0,3,1,A01
200800065817,0,30,0,15,0,1,0,A01
200800065818,0,7,0,0,9,6,0,B01
200800065818,0,2,0,0,2,1,0,A01
200800065819,0,2,0,0,9,1,0,B01
200800065819,0,2,0,0,9,7,0,A01
200800065820,0,34,0,0,1,1,0,A01
200800065821,0,7,0,0,2,3,10,A01
200800065821,0,32,0,0,2,2,0,B01
200800065822,0,7,0,0,9,2,1,A01
200800065823,0,7,0,0,9,1,0,B01
200800065823,0,30,0,0,2,1,0,A01
200800065824,0,7,0,0,2,1,10,A01
200800065824,0,30,0,0,2,6,0,B01
200800065825,0,7,0,0,1,1,15,A01
200800065826,0,7,0,3,0,3,14,A01
200800065827,0,30,0,0,2,1,1,A01
200800065827,0,7,0,0,2,3,0,B01
200800065828,0,7,0,0,1,1,1,A01
200800065829,0,7,0,0,1,3,15,A01
200800065830,0,7,0,0,2,8,22,A01
200800065830,0,7,0,0,2,2,1,B01
200800065831,0,7,0,0,1,1,15,A01
200800065832,0,7,0,0,2,1,1,A01
200800065832,0,7,0,0,2,4,1,B01
200800065833,0,33,0,0,0,0,1,A01
200800065834,0,7,0,0,0,3,0,A01
200800065834,0,33,0,0,0,0,0,B01
200800065835,0,7,0,0,0,0,15,A01
200800065836,0,7,0,0,0,0,1,A01
200800065837,0,32,0,0,0,0,17,A01
200800065837,0,7,0,0,0,0,1,B01
200800065838,0,7,0,0,0,0,16,A01
200800065838,0,1,0,0,0,0,1,B01
200800065839,0,7,0,0,0,1,15,A01
200800065839,0,32,0,0,0,8,1,B01
200800065840,0,7,0,0,0,6,1,A01
200800065840,0,7,0,0,0,3,1,B01
200800065841,0,2,0,0,0,0,1,B01
200800065841,0,7,0,0,0,3,1,A01
200800065842,0,7,0,0,0,1,1,A01
200800065842,0,32,0,0,0,3,16,B01
200800065843,0,7,0,0,0,1,1,A01
200800065843,0,7,0,0,0,3,15,B01
200800065844,0,7,0,0,0,0,1,A01
200800065844,0,32,0,0,0,0,1,B01
200800065845,0,7,0,0,0,3,9,A01
200800065845,0,33,0,0,0,0,1,B01
200800065846,0,30,0,0,0,1,1,A01
200800065847,0,7,0,0,0,0,24,A01
200800065847,0,1,0,0,0,0,1,B01
200800065848,0,33,0,0,2,1,1,A01
200800065848,0,7,0,0,2,5,1,B01
200800065849,0,7,0,0,2,1,5,A01
200800065849,0,7,0,0,2,1,1,B01
200800065850,0,2,0,0,2,0,0,B01
200800065850,0,14,0,0,2,0,9,A01
200800065851,0,7,0,1,0,1,12,A01
200800065851,0,10,0,0,2,4,24,B01
200800065852,0,7,0,0,2,1,15,B01
200800065852,0,33,0,0,2,1,1,A01
200800065853,0,7,0,0,2,1,2,A01
200800065853,0,7,0,15,0,4,15,B01
200800065854,0,7,0,0,2,1,14,A01
200800065854,0,7,0,0,0,5,1,B01
200800065854,0,7,0,0,2,4,23,C01
200800065854,0,7,0,0,2,4,23,D01
200800065854,0,7,0,0,0,4,23,E01
200800065855,0,7,0,0,1,7,1,A01
200800065856,0,7,0,0,2,1,1,A01
200800065856,0,30,0,0,2,4,23,B01
200800065857,0,31,0,0,2,1,2,A01
200800065857,0,7,0,0,0,4,23,B01
200800065858,0,7,0,12,0,2,1,A01
200800065859,0,7,0,0,2,2,2,A01
200800065859,0,7,0,0,2,4,2,B01
200800065859,0,10,0,0,2,4,2,C01
200800065860,0,37,0,0,2,5,1,B01
200800065860,1,14,0,0,2,6,16,A01
200800065861,0,31,0,0,2,1,17,B01
200800065861,0,7,0,0,2,2,15,A01
200800065862,1,7,0,0,1,2,1,A01
200800065863,1,7,0,0,2,1,0,A01
200800065863,0,7,0,0,2,4,23,B01
200800065863,0,7,0,0,2,4,23,C01
200800065864,1,37,16,0,2,6,15,A01
200800065864,0,7,0,0,2,7,23,B01
200800065864,0,7,0,0,2,5,23,C01
200800065865,0,7,0,0,2,3,22,A01
200800065865,0,1,0,1,0,1,1,B01
200800065866,0,7,0,0,1,1,1,A01
200800065867,0,33,0,15,2,1,17,A01
200800065867,0,7,0,0,2,3,15,B01
200800065868,0,17,0,0,2,7,10,A01
200800065868,0,7,0,0,2,1,1,B01
200800065869,0,3,0,1,0,1,1,A01
200800065870,0,7,0,0,2,8,10,A01
200800065870,0,31,0,0,2,1,17,B01
200800065871,0,2,0,0,0,0,1,A01
200800065872,0,31,0,1,0,1,1,A01
200800065873,0,7,0,0,1,1,1,A01
200800065874,0,7,0,0,2,1,2,A01
200800065874,0,7,0,0,2,4,2,B01
200800065875,0,2,0,0,0,0,2,A01
200800065876,0,30,0,0,2,1,17,A01
200800065876,0,37,0,0,2,6,15,B01
200800065877,0,30,0,0,2,2,0,A01
200800065878,0,7,0,0,2,5,10,A01
200800065878,0,33,0,0,2,1,1,B01
200800065879,0,7,0,0,1,1,2,A01
200800065880,0,7,0,0,2,4,2,B01
200800065880,0,7,0,0,2,1,2,A01
200800065881,0,31,0,0,0,0,21,A01
200800065882,0,7,0,0,1,1,9,A01
200800065883,0,7,0,0,1,1,1,A01
200800065884,0,30,0,0,1,1,1,A01
200800065885,0,7,0,0,2,2,1,A01
200800065886,0,7,0,0,2,5,1,A01
200800065886,0,7,0,0,2,1,1,B01
200800065887,0,33,0,0,2,0,1,A01
200800065887,0,1,0,0,0,0,19,B01
200800065888,0,7,0,0,2,2,15,A01
200800065888,0,30,0,0,2,1,2,B01
200800065889,0,10,0,2,2,1,1,A01
200800065889,0,7,0,0,2,8,19,B01
200800065890,0,7,0,0,1,2,4,A01
200800065891,0,7,0,14,0,1,16,A01
200800065891,0,7,0,0,2,4,23,B01
200800065892,0,34,0,0,0,7,0,A01
200800065893,0,7,0,0,0,2,10,A01
200800065893,0,31,0,0,2,1,1,B01
200800065894,0,7,0,0,0,4,11,A01
200800065894,0,34,0,0,2,1,1,B01
200800065895,0,10,0,0,1,4,4,A01
200800065896,0,32,0,0,1,1,16,A01
200800065897,0,14,0,0,0,0,20,A01
200800065897,0,2,0,0,2,8,21,B01
200800065898,0,7,0,4,0,1,1,A01
200800065899,0,7,0,0,2,7,1,B01
200800065899,0,7,0,0,2,5,1,C01
200800065899,0,7,0,0,2,1,1,A01
200800065900,0,1,0,0,2,1,1,A01
200800065901,0,7,0,0,1,2,9,A01
200800065902,0,37,1,0,1,2,2,A01
200800065903,0,1,0,1,0,2,2,A01
200800065904,0,7,0,0,1,1,1,A01
200800065905,0,30,0,0,2,4,2,A01
200800065905,0,7,0,0,9,3,2,B01
200800065906,0,7,0,0,2,5,1,B01
200800065906,0,2,0,0,2,1,0,A01
200800065907,0,7,0,6,0,1,0,A01
200800065907,0,10,0,0,0,3,0,B01
200800065908,0,7,0,0,2,1,2,A01
200800065908,0,7,0,0,2,1,2,B01
200800065909,0,30,0,0,2,1,5,A01
200800065909,0,33,0,0,2,1,1,B01
200800065910,0,34,0,0,2,7,3,A01
200800065910,0,7,0,0,9,2,9,B01
200800065911,1,7,0,0,1,6,16,A01
200800065912,0,33,0,0,0,2,15,A01
200800065912,0,14,0,0,0,8,15,B01
200800065913,0,33,0,0,2,2,1,A01
200800065913,1,99,0,0,0,7,15,B01
200800065914,0,7,0,2,0,1,1,A01
200800065915,0,10,0,0,0,5,0,A01
200800065915,0,2,0,0,2,1,2,B01
200800065916,0,31,0,0,0,7,1,B01
200800065916,0,7,0,0,0,6,11,A01
200800065917,0,33,0,0,2,7,1,B01
200800065917,0,7,0,0,2,3,1,A01
200800065918,0,7,0,0,0,8,1,A01
200800065918,0,33,0,0,2,1,1,B01
200800065919,0,7,0,0,2,1,2,A01
200800065919,0,7,0,0,0,4,1,B01
200800065920,0,38,1,0,2,1,1,A01
200800065920,0,7,0,1,0,0,0,B01
200800065920,0,7,0,0,0,0,0,C01
200800065921,0,7,0,9,2,1,1,A01
200800065921,0,7,0,9,2,1,15,B01
200800065922,0,7,0,1,0,2,1,A01
200800065923,0,7,0,0,2,1,2,A01
200800065923,0,15,0,0,2,4,10,B01
200800065924,0,7,0,0,1,1,1,A01
200800065925,0,10,0,0,1,1,1,A01
200800065926,0,7,0,0,2,2,15,A01
200800065926,0,30,0,0,2,1,1,B01
200800065927,0,7,0,2,0,1,5,A01
200800065928,0,7,0,1,0,1,0,A01
200800065929,0,1,0,0,2,1,1,B01
200800065929,0,10,0,0,2,3,15,A01
200800065930,0,7,0,2,0,1,13,A01
200800065931,0,30,0,0,0,8,15,A01
200800065932,0,7,0,8,0,8,1,A01
200800065933,0,7,0,0,2,8,9,A01
200800065933,0,7,0,0,2,1,1,B01
200800065934,0,30,0,0,2,1,15,A01
200800065934,0,7,0,0,2,1,15,B01
200800065935,0,30,0,0,2,1,1,A01
200800065935,0,7,0,0,2,4,1,B01
200800065936,0,10,0,0,2,8,15,A01
200800065936,0,31,0,0,2,7,1,B01
200800065937,0,7,0,0,2,3,9,A01
200800065937,0,1,0,0,2,1,1,B01
200800065938,0,7,0,0,1,8,4,A01
200800065939,0,7,0,0,1,4,4,A01
200800065940,0,2,0,0,2,1,2,A01
200800065940,0,7,0,0,2,4,23,B01
200800065941,0,32,0,0,2,1,5,A01
200800065941,0,7,0,0,2,3,1,B01
200800065942,0,7,0,0,2,0,15,A01
200800065942,0,1,0,0,2,1,0,B01
200800065943,0,2,0,0,2,1,1,A01
200800065943,0,7,0,0,2,7,1,B01
200800065944,0,31,0,0,0,8,1,A01
200800065945,0,7,0,7,0,2,14,A01
200800065946,0,7,0,0,2,3,1,A01
200800065946,0,1,0,0,2,1,15,B01
200800065947,0,7,0,0,0,0,0,A01
200800065948,0,7,0,0,2,5,4,A01
200800065948,0,1,0,0,2,1,1,B01
200800065949,0,2,0,0,2,1,2,A01
200800065949,0,37,0,0,2,4,23,B01
200800065950,0,7,0,0,2,1,13,A01
200800065950,0,7,0,0,2,1,1,B01
200800065951,0,7,0,0,2,8,15,A01
200800065951,0,30,0,0,2,1,1,B01
200800065952,0,7,0,0,2,3,17,A01
200800065952,0,2,0,0,2,8,1,B01
200800065953,0,7,0,2,0,0,1,A01
200800065954,0,2,0,0,2,1,13,A01
200800065954,0,2,0,0,2,1,1,B01
200800065955,0,7,0,4,0,3,13,A01
200800065956,0,7,0,0,1,3,1,A01
200800065957,0,7,0,0,1,1,1,A01
200800065958,1,7,0,0,1,1,1,A01
200800065959,0,7,0,0,2,1,2,A01
200800065959,0,7,0,0,2,4,23,B01
200800065960,0,30,0,0,0,7,1,A01
200800065961,0,7,0,0,1,3,1,A01
200800065962,0,7,0,6,2,2,1,B01
200800065962,0,7,0,0,2,3,1,A01
200800065963,0,7,0,0,2,8,9,A01
200800065963,0,30,0,0,2,1,17,B01
200800065964,0,7,0,0,2,2,15,A01
200800065964,0,7,0,0,2,1,1,B01
200800065965,0,7,0,0,2,1,1,A01
200800065965,0,7,0,0,2,4,1,B01
200800065966,0,7,0,0,2,1,1,A01
200800065966,0,7,0,0,2,4,1,B01
200800065966,0,7,0,0,2,4,1,C01
200800065966,0,7,0,0,2,4,1,D01
200800065967,0,1,0,0,0,0,0,A01
200800065968,0,7,0,0,2,2,2,A01
200800065968,0,1,0,0,2,4,1,B01
200800065969,0,7,0,1,0,2,1,A01
200800065969,0,7,0,0,2,6,23,B01
200800065970,0,30,0,0,2,1,1,A01
200800065970,0,7,0,0,2,3,1,B01
200800065971,0,7,0,0,2,5,15,A01
200800065971,0,33,0,0,2,1,4,B01
200800065972,0,30,0,0,2,1,1,B01
200800065972,0,7,0,0,2,5,4,A01
200800065973,0,30,0,0,0,0,1,A01
200800065974,0,2,0,0,0,0,15,A01
200800065975,0,30,0,0,2,1,1,A01
200800065975,0,7,0,0,2,4,1,B01
200800065976,0,2,0,0,2,1,1,A01
200800065976,0,30,0,0,2,4,1,B01
200800065977,0,7,0,0,2,7,1,A01
200800065977,0,7,0,0,2,1,1,B01
200800065977,0,7,0,0,2,1,1,C01
200800065978,0,7,0,0,1,1,1,A01
200800065979,0,7,0,0,2,5,15,A01
200800065979,0,7,0,0,2,3,1,B01
200800065980,0,30,0,0,2,1,1,B01
200800065980,0,7,0,0,2,8,9,A01
200800065981,0,7,0,0,1,1,15,A01
200800065982,0,2,0,0,2,1,2,A01
200800065982,0,7,0,0,0,4,1,B01
200800065983,0,7,0,0,1,1,1,A01
200800065984,0,7,0,0,2,3,11,A01
200800065984,0,30,0,0,0,8,15,B01
200800065985,0,7,0,6,0,1,1,A01
200800065986,0,7,0,0,2,1,2,A01
200800065986,0,7,0,0,0,4,1,B01
200800065987,0,10,0,0,2,4,2,B01
200800065987,0,10,0,1,0,1,2,A01
200800065988,0,2,0,0,2,1,1,B01
200800065988,0,7,0,0,2,1,15,A01
200800065989,0,7,0,8,0,1,1,A01
200800065990,0,7,0,0,2,1,2,A01
200800065990,0,7,0,0,2,4,1,B01
200800065990,0,7,0,0,2,4,1,C01
200800065991,0,2,0,0,2,8,2,A01
200800065991,0,2,0,0,2,7,2,B01
200800065992,0,7,0,0,0,8,10,A01
200800065992,0,31,0,0,2,1,1,B01
200800065993,0,7,0,8,2,1,2,A01
200800065993,0,7,0,0,0,5,23,B01
200800065994,0,7,0,0,2,7,15,A01
200800065994,0,33,0,0,2,1,1,B01
200800065995,0,7,0,0,1,1,1,A01
200800065996,0,7,0,0,1,1,1,A01