Num_Acc,senc,catv,occutc,obs,obsm,choc,manv,num_veh
200800065997,0,7,0,0,2,1,2,A01
200800065997,0,7,0,0,2,4,2,B01
200800065998,0,7,0,0,2,1,15,A01
200800065998,0,2,0,0,2,1,1,B01
200800065999,0,7,0,0,2,7,0,B01
200800065999,0,7,0,0,2,1,9,A01
200800066000,0,7,0,1,0,0,13,A01
200800066001,0,7,0,0,2,8,9,A01
200800066001,0,7,0,0,2,3,1,B01
200800066002,0,7,0,0,1,3,1,A01
200800066003,0,2,0,0,2,7,18,A01
200800066003,0,7,0,0,2,2,16,B01
200800066004,0,7,0,0,2,0,1,B01
200800066004,0,7,0,0,2,3,1,A01
200800066005,1,7,0,0,2,0,1,A01
200800066005,0,2,0,0,2,7,1,B01
200800066006,0,7,0,0,2,1,2,A01
200800066006,0,7,0,0,2,4,2,B01
200800066007,0,7,0,0,2,7,9,A01
200800066007,0,7,0,0,2,3,1,B01
200800066008,0,7,0,0,2,1,2,A01
200800066008,0,7,0,0,2,4,2,B01
200800066008,0,7,0,0,2,4,2,C01
200800066009,0,10,0,0,2,1,2,A01
200800066009,0,7,0,0,2,4,2,B01
200800066009,0,7,0,0,2,4,2,C01
200800066010,0,7,0,0,2,2,15,A01
200800066010,0,33,0,0,2,8,1,B01
200800066011,0,7,0,0,1,0,1,A01
200800066012,0,7,0,0,1,1,1,A01
200800066013,0,7,0,0,2,1,1,B01
200800066013,0,2,0,0,2,7,1,A01
200800066014,0,7,0,0,1,2,2,A01
200800066015,0,7,0,0,0,4,2,C01
200800066015,0,7,0,0,2,4,2,B01
200800066015,0,10,0,0,2,1,2,A01
200800066016,0,7,0,0,2,1,2,A01
200800066016,0,7,0,0,2,4,1,B01
200800066016,0,7,0,0,2,1,2,C01
200800066017,0,7,0,0,2,2,0,A01
200800066017,0,17,0,0,2,4,1,B01
200800066018,0,7,0,0,2,3,12,A01
200800066018,0,7,0,0,2,5,1,B01
200800066018,0,7,0,0,2,4,1,C01
200800066018,0,7,0,0,2,4,1,D01
200800066019,0,10,0,0,2,1,2,A01
200800066019,0,7,0,0,2,4,2,B01
200800066020,0,33,0,0,2,1,1,A01
200800066020,0,7,0,0,2,2,15,B01
200800066021,0,7,0,2,0,1,13,A01
200800066022,0,7,0,0,2,6,15,A01
200800066022,0,32,0,0,2,1,1,B01
200800066023,0,7,0,0,2,2,1,B01
200800066023,0,7,0,0,2,3,11,A01
200800066024,0,7,0,9,2,5,16,A01
200800066024,0,37,3,0,2,1,1,B01
200800066025,0,7,0,0,2,1,2,A01
200800066025,0,7,0,0,2,4,2,B01
200800066025,0,7,0,0,2,4,2,C01
200800066026,0,7,0,0,2,5,16,A01
200800066026,0,2,0,0,2,3,1,B01
200800066027,0,7,0,0,1,1,1,A01
200800066028,0,7,0,0,2,1,15,B01
200800066028,0,2,0,0,2,2,1,A01
200800066029,0,7,0,0,2,1,15,A01
200800066029,0,7,0,0,2,3,1,B01
200800066030,0,7,0,0,2,1,2,A01
200800066030,0,1,0,0,2,4,2,B01
200800066031,0,7,0,0,2,1,15,A01
200800066031,0,7,0,0,2,1,1,B01
200800066032,0,7,0,0,2,1,1,A01
200800066032,0,7,0,0,2,1,1,B01
200800066033,0,7,0,0,1,2,15,A01
200800066034,0,7,0,1,0,2,1,A01
200800066035,0,7,0,0,2,5,11,A01
200800066035,0,1,0,0,2,0,1,B01
200800066036,0,7,0,0,2,1,2,A01
200800066036,0,7,0,0,2,4,2,B01
200800066036,0,7,0,0,2,4,2,C01
200800066037,0,7,0,0,1,1,1,A01
200800066038,0,7,0,0,2,1,2,A01
200800066038,0,7,0,0,2,4,2,B01
200800066038,0,7,0,0,2,4,2,C01
200800066038,0,7,0,0,2,4,2,D01
200800066039,0,7,0,0,2,2,15,A01
200800066039,0,1,0,0,2,1,1,B01
200800066040,1,7,0,0,1,0,1,A01
200800066041,0,7,0,0,1,3,1,A01
200800066042,0,13,0,0,1,4,4,A01
200800066043,0,7,0,0,2,1,9,A01
200800066043,0,7,0,0,2,2,1,B01
200800066044,0,10,0,0,2,8,11,A01
200800066044,0,10,0,8,2,1,1,B01
200800066044,0,10,0,0,0,0,9,C01
200800066045,0,7,0,0,2,3,1,A01
200800066045,0,1,0,0,2,1,19,B01
200800066046,0,2,0,0,2,1,2,A01
200800066046,0,7,0,0,2,4,1,B01
200800066047,0,7,0,0,2,2,1,B01
200800066047,2,7,0,0,2,3,5,A01
200800066048,0,2,0,0,2,8,1,A01
200800066048,0,17,0,0,2,1,1,B01
200800066049,0,7,0,0,2,1,1,A01
200800066049,0,7,0,0,2,8,1,B01
200800066050,0,2,0,0,2,1,1,B01
200800066050,0,7,0,0,2,2,15,A01
200800066051,0,14,0,0,2,1,2,A01
200800066051,0,31,0,0,2,4,1,B01
200800066052,0,7,0,0,0,0,10,A01
200800066052,0,31,0,0,0,0,1,B01
200800066053,0,10,0,0,2,1,1,A01
200800066053,0,7,0,0,2,4,23,B01
200800066053,0,7,0,0,2,4,23,C01
200800066054,0,7,0,0,2,8,16,C01
200800066054,0,10,0,0,2,1,1,A01
200800066054,0,7,0,0,2,4,23,B01
200800066055,1,10,0,0,2,0,0,A01
200800066055,0,2,0,0,2,4,0,B01
200800066056,0,7,0,0,1,1,16,A01
200800066057,0,1,0,0,1,1,1,A01
200800066058,0,7,0,0,2,1,1,A01
200800066058,0,2,0,0,2,2,1,B01
200800066059,0,7,0,0,2,1,2,A01
200800066059,0,7,0,0,2,4,23,B01
200800066060,0,7,0,0,1,3,19,A01
200800066061,0,7,0,0,2,0,19,A01
200800066061,0,1,0,0,2,1,15,B01
200800066062,0,7,0,0,2,1,2,A01
200800066062,0,7,0,0,2,4,1,B01
200800066063,0,7,0,0,2,1,1,A01
200800066063,0,2,0,0,2,9,1,B01
200800066063,0,10,0,0,2,6,1,C01
200800066064,0,7,0,0,0,0,0,A01
200800066064,0,30,0,0,0,0,21,B01
200800066065,0,7,0,0,2,3,23,B01
200800066065,0,30,0,0,2,8,5,A01
200800066066,0,7,0,0,9,2,0,B01
200800066066,0,30,0,0,2,1,19,A01
200800066067,0,7,0,0,1,7,2,A01
200800066068,0,2,0,0,0,8,1,A01
200800066069,1,7,0,0,1,2,0,A01
200800066070,0,2,0,0,2,8,18,A01
200800066070,0,7,0,0,2,2,16,B01
200800066071,0,7,0,0,1,4,23,B01
200800066071,0,7,0,0,2,1,2,A01
200800066072,0,7,0,0,2,8,24,A01
200800066072,0,1,0,1,0,1,1,B01
200800066073,0,7,0,0,0,1,1,A01
200800066074,0,2,0,0,2,1,2,B01
200800066074,1,7,0,0,0,0,0,A01
200800066075,0,30,0,0,0,4,1,B01
200800066075,0,7,0,0,2,3,9,A01
200800066076,0,2,0,0,0,7,1,A01
200800066077,0,7,0,0,2,1,1,A01
200800066077,0,1,0,0,0,8,0,B01
200800066078,0,30,0,0,2,1,11,A01
200800066078,0,7,0,0,2,1,1,B01
200800066079,0,30,0,1,0,0,1,A01
200800066079,0,17,0,0,0,4,24,B01
200800066080,0,7,0,0,2,1,9,A01
200800066080,0,1,0,0,0,4,1,B01
200800066081,0,7,0,0,2,6,9,A01
200800066081,0,33,0,1,2,1,1,B01
200800066082,0,7,0,0,2,1,5,A01
200800066082,0,7,0,0,2,2,0,B01
200800066082,0,7,0,0,2,3,0,C01
200800066083,0,7,0,0,0,7,1,A01
200800066084,0,1,0,0,1,0,21,A01
200800066085,0,1,0,0,0,0,1,A01
200800066086,0,7,0,0,2,3,1,B01
200800066086,0,2,0,0,2,1,19,A01
200800066087,0,2,0,0,0,8,1,A01
200800066088,0,7,0,13,2,1,1,A01
200800066088,0,7,0,0,2,4,15,B01
200800066089,0,2,0,0,2,7,17,A01
200800066089,0,7,0,0,2,3,10,B01
200800066090,0,7,0,0,2,5,1,A01
200800066090,0,7,0,0,2,1,1,B01
200800066091,0,7,0,0,2,1,21,A01
200800066091,0,7,0,0,2,1,1,B01
200800066092,0,7,0,0,2,6,15,A01
200800066092,0,2,0,0,2,1,1,B01
200800066093,0,7,0,0,2,1,1,A01
200800066093,0,7,0,0,2,3,1,B01
200800066094,0,7,0,0,2,1,9,A01
200800066094,0,7,0,0,2,2,1,B01
200800066095,0,7,0,0,2,2,1,A01
200800066095,0,30,0,0,2,4,1,B01
200800066096,0,7,0,2,0,1,16,A01
200800066097,0,7,0,0,1,1,1,A01
200800066098,0,2,0,0,2,1,1,A01
200800066098,0,7,0,0,0,5,1,B01
200800066099,0,30,0,0,0,0,1,A01
200800066100,0,7,0,8,0,2,1,A01
200800066101,0,30,0,11,0,1,1,A01
200800066102,0,1,0,0,2,4,2,B01
200800066102,0,7,0,0,2,2,2,A01
200800066103,0,7,0,0,1,2,1,A01
200800066104,0,7,0,4,0,3,1,A01
200800066105,0,7,0,8,0,1,1,A01
200800066106,0,7,0,0,2,1,2,A01
200800066106,0,7,0,0,0,4,1,B01
200800066107,0,7,0,0,0,4,2,B01
200800066107,0,7,0,0,2,1,2,A01
200800066108,0,33,0,0,2,1,1,B01
200800066108,0,7,0,0,2,8,0,A01
200800066109,1,99,0,0,1,0,0,A01
200800066110,0,7,0,0,1,3,1,A01
200800066111,0,2,0,0,2,8,9,A01
200800066111,0,7,0,0,2,3,1,B01
200800066112,0,7,0,0,2,1,1,B01
200800066112,0,7,0,0,0,8,15,A01
200800066113,0,7,0,0,0,7,15,A01
200800066113,0,2,0,0,2,1,1,B01
200800066114,0,7,0,0,2,1,11,A01
200800066114,0,33,0,0,2,9,5,B01
200800066115,0,7,0,0,0,8,0,A01
200800066115,0,33,0,0,2,1,1,B01
200800066116,1,7,0,0,2,3,1,B01
200800066116,0,30,0,0,2,1,1,A01
200800066117,0,7,0,0,2,1,2,A01
200800066117,0,7,0,0,2,4,23,B01
200800066117,0,7,0,0,2,4,23,C01
200800066118,0,7,0,0,0,5,1,B01
200800066118,0,30,0,0,2,1,2,A01
200800066119,0,30,0,0,2,8,13,A01
200800066119,0,7,0,0,2,7,13,B01
200800066120,0,7,0,2,0,1,1,A01
200800066121,0,7,0,0,2,1,1,A01
200800066121,0,7,0,0,2,4,1,B01
200800066121,0,7,0,0,2,4,0,C01
200800066122,0,7,0,0,2,1,1,B01
200800066122,0,7,0,0,2,7,0,A01
200800066123,0,7,0,0,1,1,0,A01
200800066124,0,32,0,0,2,0,0,A01
200800066124,0,7,0,0,2,7,9,B01
200800066124,0,7,0,0,0,0,0,C01
200800066125,0,7,0,4,2,9,1,A01
200800066125,0,14,0,0,2,2,1,B01
200800066126,0,7,0,0,2,3,9,A01
200800066126,0,2,0,0,2,1,1,B01
200800066127,0,7,0,3,0,0,14,A01
200800066128,0,7,0,0,0,4,1,D01
200800066128,0,7,0,0,2,4,2,C01
200800066128,0,7,0,0,2,4,2,B01
200800066128,0,7,0,0,2,1,2,A01
200800066129,0,30,0,0,2,1,1,B01
200800066129,0,7,0,0,0,3,15,A01
200800066130,0,7,0,0,0,8,1,B01
200800066130,0,7,0,0,2,1,1,A01
200800066131,0,7,0,15,2,8,1,B01
200800066131,0,7,0,0,2,1,19,A01
200800066132,0,7,0,0,1,1,1,A01
200800066133,0,7,0,0,2,3,19,A01
200800066133,0,7,0,0,2,2,1,B01
200800066134,0,7,0,0,2,4,1,B01
200800066134,0,7,0,0,2,1,2,A01
200800066134,0,7,0,0,2,4,1,C01
200800066135,0,7,0,0,2,4,15,B01
200800066135,0,7,0,0,2,1,1,A01
200800066135,0,7,0,0,2,1,1,D01
200800066135,0,7,0,0,2,4,18,C01
200800066136,0,7,0,6,0,2,1,A01
200800066137,0,10,0,0,1,1,1,A01
200800066138,0,7,0,0,1,1,1,A01
200800066139,0,2,0,0,0,0,1,B01
200800066139,0,7,0,0,0,0,16,A01
200800066140,0,7,0,0,1,1,0,A01
200800066141,0,7,0,0,2,3,16,A01
200800066141,0,7,0,0,2,3,1,B01
200800066142,0,2,0,0,1,1,1,A01
200800066143,0,7,0,0,2,1,5,A01
200800066143,0,7,0,0,2,1,1,B01
200800066144,0,7,0,0,9,0,1,A01
200800066145,0,7,0,8,0,1,1,A01
200800066146,0,7,0,0,1,1,20,A01
200800066147,0,7,0,0,2,1,2,A01
200800066147,0,7,0,0,2,4,2,B01
200800066147,0,7,0,0,0,5,2,C01
200800066148,0,2,0,0,2,1,1,A01
200800066148,0,7,0,0,2,1,1,B01
200800066149,0,99,0,0,2,3,15,A01
200800066149,0,31,0,0,2,1,1,B01
200800066150,0,7,0,0,2,1,1,B01
200800066150,0,37,1,0,2,3,17,A01
200800066151,0,7,0,0,2,3,1,B01
200800066151,0,7,0,0,2,3,15,A01
200800066152,0,7,0,6,0,1,1,A01
200800066153,0,7,0,0,2,3,15,A01
200800066153,0,1,0,0,2,1,1,B01
200800066154,0,7,0,0,2,1,15,A01
200800066154,0,14,0,0,2,3,5,B01
200800066155,0,33,0,0,2,1,1,B01
200800066155,0,7,0,0,2,8,19,A01
200800066156,0,7,0,8,0,0,1,A01
200800066157,0,2,0,0,1,1,16,A01
200800066158,0,7,0,0,2,7,15,A01
200800066158,0,33,0,0,2,1,0,B01
200800066159,0,7,0,0,1,1,1,A01
200800066160,0,1,0,0,2,1,1,A01
200800066160,0,1,0,0,2,4,1,B01
200800066161,1,7,0,0,1,0,1,A01
200800066162,0,1,0,0,2,1,1,B01
200800066162,0,7,0,0,2,7,1,A01
200800066163,0,7,0,0,2,1,1,A01
200800066163,0,7,0,0,0,4,1,B01
200800066164,0,7,0,0,1,2,1,A01
200800066165,0,3,0,0,1,0,0,A01
200800066166,0,7,0,0,1,1,15,A01
200800066167,0,7,0,0,1,1,1,A01
200800066168,0,7,0,0,1,1,1,A01
200800066169,0,31,0,0,2,1,1,A01
200800066169,0,7,0,0,0,4,23,B01
200800066170,0,7,0,0,1,3,1,A01
200800066171,0,7,0,0,2,7,15,A01
200800066171,0,2,0,0,2,1,1,B01
200800066172,0,7,0,0,2,8,9,A01
200800066172,0,10,0,0,2,1,1,B01
200800066173,0,7,0,0,2,1,2,A01
200800066173,0,7,0,0,0,4,1,B01
200800066174,0,30,0,0,1,1,1,A01
200800066175,1,7,0,0,0,0,0,A01
200800066175,0,7,0,0,2,2,1,B01
200800066176,0,7,0,0,2,1,1,A01
200800066177,0,7,0,6,2,1,0,A01
200800066177,0,7,0,0,2,6,1,B01
200800066177,0,7,0,0,2,6,1,C01
200800066177,0,7,0,0,2,6,0,D01
200800066177,0,7,0,0,2,0,1,E01
200800066178,0,7,0,4,0,2,1,A01
200800066179,0,7,0,1,2,1,1,A01
200800066179,0,7,0,0,0,4,23,B01
200800066179,0,7,0,0,0,7,1,C01
200800066180,0,7,0,0,2,3,15,A01
200800066180,0,30,0,0,2,1,1,B01
200800066181,0,7,0,0,0,4,23,A01
200800066181,2,7,0,0,2,1,2,B01
200800066182,0,7,0,0,2,1,13,A01
200800066182,0,7,0,0,2,1,1,B01
200800066183,0,7,0,0,2,1,15,A01
200800066183,0,7,0,0,0,1,1,B01
200800066184,0,10,0,0,1,4,4,A01
200800066185,0,7,0,13,0,3,1,A01
200800066186,0,7,0,0,2,7,1,A01
200800066186,0,7,0,0,2,1,1,B01
200800066187,0,7,0,13,2,1,1,A01
200800066187,0,7,0,3,2,4,2,B01
200800066188,0,33,0,0,0,0,1,B01
200800066188,1,7,0,0,9,0,15,A01
200800066189,0,7,0,0,1,2,1,A01
200800066190,0,7,0,5,0,1,1,A01
200800066191,0,10,0,3,0,3,1,A01
200800066192,0,7,0,0,1,3,1,A01
200800066193,0,7,0,0,2,1,6,A01
200800066193,0,7,0,0,2,1,1,B01
200800066194,0,7,0,0,1,2,9,A01
200800066195,0,7,0,0,9,3,0,A01
200800066195,0,33,0,0,2,1,0,B01
200800066196,0,7,0,0,2,2,2,A01
200800066196,0,7,0,0,2,4,9,B01
200800066197,0,30,0,0,2,7,1,B01
200800066197,0,7,0,0,2,6,9,A01
200800066198,0,7,0,0,2,4,2,B01
200800066198,0,10,0,0,2,1,2,A01
200800066199,0,32,0,0,2,1,1,B01
200800066199,0,7,0,0,2,1,15,A01
200800066200,0,7,0,7,2,1,2,A01
200800066200,0,7,0,0,2,4,1,B01
200800066201,0,7,0,0,2,1,1,B01
200800066201,0,7,0,0,2,2,15,A01
200800066202,0,7,0,0,2,3,1,C01
200800066202,0,33,0,0,2,0,1,B01
200800066202,0,7,0,0,2,5,15,A01
200800066203,0,30,0,0,2,1,2,A01
200800066203,0,7,0,0,2,4,2,B01
200800066204,0,7,0,2,0,0,1,A01
200800066205,0,2,0,0,2,0,2,B01
200800066205,0,7,0,0,2,3,9,A01
200800066206,0,7,0,0,2,8,1,B01
200800066206,0,7,0,0,2,1,5,A01
200800066207,0,7,0,0,1,4,4,A01
200800066208,0,7,0,0,2,3,1,A01
200800066208,0,7,0,0,2,1,1,B01
200800066209,0,7,0,13,0,1,14,A01
200800066210,0,7,0,0,1,2,1,A01
200800066211,0,10,0,0,2,1,2,A01
200800066211,0,7,0,0,2,6,15,B01
200800066212,0,7,0,0,1,1,1,A01
200800066213,0,7,0,0,0,0,0,A01
200800066214,0,30,0,0,0,0,14,A01
200800066215,0,7,0,0,2,0,15,A01
200800066215,0,7,0,0,2,0,1,B01
200800066216,0,7,0,3,0,1,6,A01
200800066217,0,2,0,0,2,7,2,A01
200800066217,0,7,0,0,2,6,2,B01
200800066218,0,7,0,0,2,3,1,B01
200800066218,0,30,0,0,2,1,1,A01
200800066219,0,7,0,0,2,3,9,A01
200800066219,0,7,0,0,2,2,1,B01
200800066220,0,7,0,0,2,1,1,B01
200800066220,0,7,0,0,2,1,1,A01
200800066221,0,7,0,0,2,1,1,B01
200800066221,0,7,0,0,2,7,19,A01
200800066222,0,7,0,0,2,1,1,B01
200800066222,0,10,0,0,2,3,19,A01
200800066223,0,32,0,0,2,3,2,A01
200800066223,0,7,0,0,9,4,12,B01
200800066224,0,7,0,0,2,1,2,A01
200800066224,0,7,0,0,2,4,2,B01
200800066224,0,7,0,0,2,4,2,C01
200800066224,0,7,0,0,2,4,2,D01
200800066225,0,2,0,0,2,0,1,A01
200800066226,0,1,0,0,2,7,1,B01
200800066226,1,7,0,0,2,0,1,A01
200800066227,0,7,0,0,2,1,1,A01
200800066227,0,7,0,0,2,1,9,B01
200800066228,0,7,0,0,2,4,2,B01
200800066228,0,7,0,0,2,1,2,A01
200800066229,0,7,0,0,1,0,9,A01
200800066230,0,7,0,0,2,4,1,A01
200800066230,0,7,0,0,2,3,11,B01
200800066231,0,7,0,0,2,3,1,B01
200800066231,0,7,0,0,2,1,1,A01
200800066232,0,7,0,0,2,8,0,A01
200800066232,0,33,0,0,2,7,1,B01
200800066232,0,7,0,0,2,3,1,C01
200800066232,0,7,0,0,2,8,1,D01
200800066233,0,33,0,13,0,1,1,A01
200800066234,0,7,0,0,2,1,15,A01
200800066234,0,7,0,0,2,7,1,B01
200800066235,0,1,0,0,1,1,1,A01
200800066236,0,7,0,0,2,7,15,A01
200800066236,0,33,0,0,2,1,1,B01
200800066237,0,33,0,0,2,1,1,A01
200800066237,0,7,0,0,2,8,17,B01
200800066238,0,33,0,0,2,1,2,A01
200800066238,0,30,0,0,2,1,0,B01
200800066238,0,30,0,0,0,1,0,C01
200800066239,0,7,0,0,2,2,2,A01
200800066239,0,7,0,0,2,8,2,B01
200800066240,1,7,0,0,2,5,19,A01
200800066240,0,32,0,0,2,1,1,B01
200800066241,0,7,0,0,6,1,1,A01
200800066242,0,7,0,0,2,3,10,A01
200800066242,0,7,0,0,2,2,1,B01
200800066243,0,7,0,6,0,1,17,A01
200800066244,0,7,0,0,1,2,16,A01
200800066245,0,7,0,0,2,1,2,A01
200800066245,0,7,0,0,2,9,2,B01
200800066245,0,7,0,0,2,4,2,C01
200800066246,0,7,0,0,2,1,2,A01
200800066246,0,7,0,0,2,9,2,B01
200800066246,0,7,0,0,2,4,2,C01
200800066247,0,33,0,0,1,0,1,A01
200800066248,0,30,0,0,0,0,1,A01
200800066249,0,7,0,0,2,3,15,A01
200800066249,0,2,0,0,2,1,1,B01
200800066250,0,2,0,0,2,7,1,A01
200800066250,0,7,0,0,2,3,11,B01
200800066251,0,7,0,0,2,1,2,A01
200800066251,0,7,0,0,2,4,2,B01
200800066252,0,7,0,0,1,0,17,A01
200800066253,0,32,0,0,2,1,17,A01
200800066253,0,7,0,0,2,1,15,B01
200800066254,0,7,0,0,0,0,0,A01
200800066254,0,33,0,8,0,1,21,B01
200800066255,0,7,0,0,2,3,19,A01
200800066255,0,7,0,0,2,2,1,B01
200800066256,0,7,0,14,0,1,2,A01
200800066256,0,7,0,0,0,4,23,B01
200800066257,0,7,0,0,2,8,1,B01
200800066257,0,7,0,0,2,1,1,A01
200800066258,0,7,0,0,2,1,1,B01
200800066258,0,32,0,0,2,7,1,A01
200800066259,0,7,0,0,1,3,1,A01
200800066260,0,7,0,0,1,1,1,A01
200800066261,0,1,0,0,2,1,0,A01
200800066261,0,10,0,0,9,1,1,B01
200800066262,0,2,0,0,2,1,1,B01
200800066262,1,7,0,0,2,3,1,A01
200800066263,1,7,0,1,1,3,1,A01
200800066263,0,7,0,0,2,3,23,B01
200800066263,0,7,0,0,2,3,1,C01
200800066264,0,7,0,0,2,2,1,B01
200800066264,0,7,0,1,2,1,1,A01
200800066265,0,7,0,0,2,1,1,B01
200800066265,0,7,0,0,2,8,6,A01
200800066266,0,33,0,0,2,1,1,A01
200800066266,0,7,0,0,0,7,16,B01
200800066267,0,32,0,0,2,7,13,A01
200800066267,0,7,0,0,2,3,1,B01
200800066268,0,31,0,0,2,4,1,B01
200800066268,0,7,0,0,2,1,1,A01
200800066269,0,2,0,14,0,0,1,A01
200800066269,0,7,0,0,2,6,1,B01
200800066270,0,7,0,0,2,8,13,A01
200800066270,0,31,0,0,2,7,1,B01
200800066271,0,7,0,14,2,1,1,A01
200800066271,0,7,0,14,0,9,1,B01
200800066271,0,10,0,0,2,4,1,C01
200800066272,0,7,0,13,0,1,14,A01
200800066273,0,7,0,2,0,7,14,A01
200800066274,0,7,0,2,0,1,14,A01
200800066275,0,15,0,0,1,1,2,A01
200800066276,0,7,0,0,2,7,16,A01
200800066276,0,30,0,0,2,1,1,B01
200800066277,0,7,0,0,2,2,1,A01
200800066277,0,7,0,0,2,3,1,B01
200800066278,0,37,30,0,2,1,1,A01
200800066278,0,7,0,0,2,4,1,B01
200800066279,0,7,0,0,0,3,22,A01
200800066279,0,30,0,1,0,3,17,B01
200800066280,0,7,0,0,2,2,14,A01
200800066281,0,10,0,0,0,2,16,A01
200800066281,0,40,0,0,2,3,1,B01
200800066282,0,17,0,0,2,1,15,A01
200800066282,0,7,0,0,2,1,1,B01
200800066283,0,7,0,0,2,3,16,A01
200800066283,0,30,0,0,0,5,1,B01
200800066284,0,34,0,0,2,1,1,B01
200800066284,0,7,0,0,0,5,15,A01
200800066285,0,30,0,0,1,3,0,A01
200800066286,0,7,0,0,2,1,2,A01
200800066286,0,7,0,0,0,4,1,B01
200800066287,0,7,0,0,1,3,15,A01
200800066288,0,32,0,0,2,1,1,A01
200800066288,0,1,0,0,0,2,19,B01
200800066289,0,7,0,8,0,2,1,A01
200800066289,0,7,0,0,2,1,1,B01
200800066290,0,7,0,0,1,1,1,A01
200800066291,0,14,0,0,2,1,1,A01
200800066291,0,7,0,0,0,4,2,B01
200800066292,1,7,0,0,1,1,1,A01
200800066293,0,31,0,0,2,1,1,B01
200800066293,0,7,0,0,0,3,1,A01
200800066294,0,7,0,0,2,1,1,B01
200800066294,0,7,0,0,2,1,15,A01
200800066295,0,7,0,0,0,8,24,A01
200800066295,0,1,0,1,0,1,1,B01
200800066296,0,7,0,8,1,1,15,A01
200800066297,0,7,0,0,0,2,1,B01
200800066297,0,7,0,0,2,1,1,A01
200800066298,1,7,0,0,1,0,13,A01
200800066298,0,33,0,0,0,3,15,B01
200800066298,0,7,0,0,0,0,1,C01
200800066299,0,30,0,6,0,2,5,A01
200800066299,0,7,0,0,2,1,21,B01
200800066300,0,7,0,0,2,1,1,B01
200800066300,0,7,0,0,0,3,15,A01
200800066301,0,7,0,0,2,1,1,A01
200800066301,0,7,0,0,0,4,1,B01
200800066302,0,30,0,0,0,4,1,B01
200800066302,0,7,0,0,2,3,16,A01
200800066303,0,7,0,0,0,3,1,B01
200800066303,0,7,0,0,2,1,1,A01
200800066304,0,7,0,1,0,1,15,A01
200800066305,0,7,0,0,0,7,15,A01
200800066305,0,30,0,0,2,1,1,B01
200800066306,0,31,0,0,2,2,1,B01
200800066306,0,7,0,0,0,3,9,A01
200800066307,0,7,0,0,0,3,15,A01
200800066307,0,33,0,0,2,1,1,B01
200800066308,0,7,0,0,9,7,10,A01
200800066308,0,33,0,12,0,0,1,B01
200800066309,0,14,0,0,2,1,1,A01
200800066309,0,1,0,0,2,7,19,B01
200800066310,0,10,0,0,1,3,15,A01
200800066311,0,7,0,8,0,3,1,A01
200800066312,0,7,0,0,1,8,1,A01
200800066312,0,7,0,0,1,3,1,B01
200800066313,0,7,0,0,2,8,1,B01
200800066313,0,10,0,0,2,1,1,A01
200800066314,0,7,0,0,1,2,1,A01
200800066315,0,7,0,0,0,0,1,A01
200800066316,0,7,0,0,2,5,15,A01
200800066316,0,30,0,0,2,1,0,B01
200800066317,0,7,0,0,2,8,15,A01
200800066317,0,33,0,0,2,1,17,B01
200800066318,0,7,0,0,2,8,0,A01
200800066318,0,7,0,0,2,2,0,B01
200800066319,2,7,0,0,1,0,0,A01
200800066320,0,10,0,0,2,3,0,A01
200800066320,0,7,0,8,2,6,1,B01
200800066321,0,7,0,0,2,4,1,A01
200800066321,0,7,0,0,2,1,1,B01
200800066322,0,7,0,0,1,2,1,A01
200800066323,0,7,0,0,2,1,1,A01
200800066323,0,7,0,0,2,3,1,B01
200800066324,0,33,0,8,0,1,13,A01
200800066325,0,40,0,0,1,2,1,A01
200800066326,0,10,0,0,1,3,15,A01
200800066327,0,7,0,0,2,1,2,A01
200800066327,0,7,0,0,2,4,2,B01
200800066328,0,7,0,0,2,1,2,A01
200800066328,0,7,0,4,0,4,1,B01
200800066328,0,7,0,0,2,4,9,C01
200800066329,0,7,0,0,2,3,15,A01
200800066329,0,2,0,0,2,1,1,B01
200800066330,0,33,0,12,9,9,0,A01
200800066331,0,32,0,0,2,0,1,B01
200800066331,0,7,0,0,2,8,15,A01
200800066332,0,7,0,0,2,2,1,A01
200800066332,0,7,0,0,2,4,1,B01
200800066333,0,30,0,0,2,2,1,A01
200800066333,0,7,0,0,2,5,1,B01
200800066334,0,2,0,0,2,2,17,A01
200800066334,0,10,0,0,2,8,15,B01
200800066335,1,10,0,0,0,0,0,A01
200800066335,0,10,0,0,2,4,1,B01
200800066336,0,7,0,0,2,1,2,A01
200800066336,0,7,0,0,2,4,2,B01
200800066337,0,2,0,0,2,8,1,A01
200800066337,0,7,0,0,2,5,1,B01
200800066338,0,7,0,0,2,1,15,A01
200800066338,0,2,0,0,2,8,1,B01
200800066339,0,7,0,0,1,3,15,A01
200800066340,0,7,0,1,2,2,15,A01
200800066340,0,31,0,0,0,0,0,B01
200800066341,0,7,0,0,1,1,1,A01
200800066342,0,31,0,1,2,2,11,A01
200800066342,0,7,0,0,2,3,13,B01
200800066343,0,7,0,0,2,1,15,A01
200800066343,0,30,0,0,2,1,17,B01
200800066344,2,7,0,0,1,1,0,A01
200800066345,0,31,0,1,2,0,17,A01
200800066345,0,7,0,0,2,3,15,B01
200800066346,2,30,0,12,1,1,7,A01
200800066347,0,7,0,0,1,3,15,A01
200800066348,0,30,0,0,2,8,18,A01
200800066348,0,7,0,0,2,3,1,B01
200800066349,0,2,0,0,2,1,2,B01
200800066349,1,7,0,0,2,3,11,A01
200800066350,0,7,0,0,2,8,1,A01
200800066350,0,7,0,0,2,8,1,B01
200800066351,0,2,0,0,2,1,1,A01
200800066351,0,99,0,0,0,0,0,B01
200800066352,0,34,0,0,0,0,0,B01