Num_Acc,senc,catv,occutc,obs,obsm,choc,manv,num_veh
200800066352,0,99,0,0,2,0,0,A01
200800066353,0,33,0,0,2,8,0,B01
200800066353,0,7,0,0,2,1,15,A01
200800066354,0,7,0,0,1,2,1,A01
200800066355,0,7,0,0,2,1,0,A01
200800066355,0,7,0,0,2,7,0,B01
200800066356,0,7,0,0,2,9,0,A01
200800066356,0,7,0,0,2,0,0,B01
200800066356,0,7,0,0,2,0,0,C01
200800066357,0,7,0,0,2,3,15,A01
200800066357,0,30,0,0,2,1,1,B01
200800066358,0,7,0,0,2,1,2,A01
200800066358,0,7,0,0,2,4,2,B01
200800066359,0,33,0,0,0,7,0,A01
200800066359,0,7,0,0,2,1,0,B01
200800066360,0,34,0,0,1,3,1,A01
200800066361,0,7,0,9,0,1,1,A01
200800066362,0,30,0,1,1,0,1,A01
200800066363,0,7,0,0,2,3,15,A01
200800066363,0,33,0,0,2,1,1,B01
200800066364,0,33,0,0,2,1,1,A01
200800066364,0,10,0,0,2,7,1,B01
200800066365,0,7,0,0,2,7,1,B01
200800066365,0,30,0,0,2,8,13,A01
200800066366,0,7,0,0,2,7,2,A01
200800066367,0,7,0,0,2,1,1,A01
200800066367,0,7,0,0,2,2,2,B01
200800066368,0,7,0,0,0,0,24,A01
200800066368,0,10,0,0,0,0,11,B01
200800066368,0,7,0,0,2,6,2,C01
200800066368,0,33,0,0,2,4,2,D01
200800066368,0,33,0,0,2,1,0,E01
200800066369,0,7,0,0,2,1,1,B01
200800066369,0,7,0,0,2,1,9,A01
200800066370,0,7,0,0,2,2,2,A01
200800066370,0,7,0,5,2,8,1,B01
200800066371,0,7,0,0,1,1,1,A01
200800066372,0,32,0,0,2,9,2,A01
200800066372,0,7,0,0,2,4,2,B01
200800066373,0,7,0,0,2,1,2,A01
200800066373,0,7,0,0,2,9,2,B01
200800066373,0,7,0,0,2,4,2,C01
200800066374,0,7,0,0,2,1,1,A01
200800066374,0,7,0,0,2,4,2,B01
200800066374,0,7,0,0,2,4,2,C01
200800066375,0,7,0,0,1,2,2,A01
200800066376,0,7,0,0,2,1,2,A01
200800066376,0,7,0,0,2,9,10,B01
200800066377,0,7,0,0,2,7,16,A01
200800066377,0,33,0,0,2,1,1,B01
200800066378,0,7,0,0,2,3,9,A01
200800066378,0,31,0,0,2,2,17,B01
200800066379,0,7,0,0,2,1,1,A01
200800066379,0,7,0,0,2,1,1,B01
200800066379,0,7,0,0,2,8,1,C01
200800066380,0,33,0,0,1,1,17,A01
200800066381,0,32,0,0,2,7,1,B01
200800066381,0,10,0,0,2,1,1,A01
200800066382,0,30,0,0,2,1,1,B01
200800066382,0,7,0,0,2,2,1,A01
200800066383,0,34,0,0,2,1,1,A01
200800066383,0,7,0,0,2,6,16,B01
200800066384,0,7,0,0,2,6,15,B01
200800066384,0,2,0,0,0,1,17,A01
200800066385,0,7,0,0,0,3,0,A01
200800066386,2,7,0,0,2,2,1,A01
200800066386,0,7,0,0,2,6,1,B01
200800066387,0,7,0,0,2,3,13,A01
200800066387,0,31,0,0,2,7,2,B01
200800066388,1,7,0,0,0,0,0,A01
200800066389,0,10,0,0,2,6,11,A01
200800066389,0,30,0,0,2,1,0,B01
200800066390,0,7,0,0,2,1,0,A01
200800066390,0,7,0,0,2,4,0,B01
200800066390,0,7,0,0,2,4,0,C01
200800066390,0,7,0,0,0,4,0,D01
200800066391,0,7,0,0,2,1,2,A01
200800066391,0,7,0,0,2,4,2,B01
200800066391,0,7,0,0,2,4,2,C01
200800066392,0,7,0,0,2,1,0,B01
200800066392,0,7,0,0,2,3,0,C01
200800066392,0,7,0,0,2,6,0,A01
200800066393,0,7,0,0,2,1,2,A01
200800066393,0,33,0,0,2,9,2,B01
200800066394,0,7,0,0,2,3,1,A01
200800066394,0,30,0,0,2,1,0,B01
200800066394,0,7,0,0,2,3,1,C01
200800066395,0,7,0,0,9,9,0,A01
200800066396,0,7,0,0,0,0,0,A01
200800066397,0,7,0,0,2,3,1,B01
200800066397,0,7,0,0,2,2,5,A01
200800066398,0,7,0,0,2,3,15,A01
200800066398,0,33,0,0,2,1,1,B01
200800066399,0,7,0,0,2,8,15,B01
200800066399,0,32,0,0,2,1,17,A01
200800066400,0,7,0,0,2,2,0,A01
200800066400,0,2,0,0,2,0,0,B01
200800066401,1,7,0,0,1,0,5,A01
200800066402,0,7,0,0,2,6,0,B01
200800066402,0,2,0,0,2,1,9,A01
200800066403,0,7,0,0,2,1,15,A01
200800066403,0,7,0,0,2,1,1,B01
200800066404,0,7,0,0,2,3,0,A01
200800066404,0,7,0,0,2,2,0,B01
200800066405,0,7,0,0,2,2,0,A01
200800066405,0,1,0,0,2,1,0,B01
200800066406,0,7,0,0,1,7,0,A01
200800066407,0,7,0,0,2,3,12,A01
200800066407,0,7,0,0,2,8,11,B01
200800066408,0,7,0,0,1,2,0,A01
200800066409,0,7,0,0,2,3,0,A01
200800066409,0,31,0,0,2,8,0,B01
200800066410,0,33,0,0,2,1,0,A01
200800066410,0,7,0,0,2,1,0,B01
200800066411,0,31,0,0,2,8,1,B01
200800066411,0,7,0,0,2,0,15,A01
200800066412,0,7,0,0,2,3,0,A01
200800066412,0,30,0,0,2,2,2,B01
200800066413,0,33,0,0,1,4,1,A01
200800066413,0,7,0,0,2,0,1,B01
200800066414,1,7,0,0,2,6,2,B01
200800066414,0,7,0,0,2,3,1,A01
200800066415,0,7,0,0,1,0,0,A01
200800066416,0,7,0,0,2,1,2,A01
200800066416,0,7,0,0,2,5,2,B01
200800066416,0,7,0,0,2,4,2,C01
200800066416,0,7,0,0,2,4,2,D01
200800066417,0,1,0,0,2,1,2,B01
200800066417,0,7,0,0,2,3,11,A01
200800066418,0,7,0,0,2,1,10,A01
200800066418,0,33,0,0,2,1,1,B01
200800066419,0,7,0,0,2,1,2,A01
200800066419,0,7,0,0,2,4,2,B01
200800066420,0,7,0,0,2,3,1,A01
200800066420,0,1,0,0,2,1,1,B01
200800066421,0,7,0,0,2,1,1,A01
200800066421,0,7,0,0,2,4,1,B01
200800066422,0,7,0,0,2,3,1,A01
200800066422,0,14,0,0,2,3,2,B01
200800066422,0,7,0,0,2,2,2,C01
200800066423,0,7,0,0,2,8,15,A01
200800066423,0,2,0,0,2,1,17,B01
200800066424,0,7,0,0,2,3,10,A01
200800066424,0,33,0,0,2,1,17,B01
200800066425,0,7,0,0,2,1,1,A01
200800066425,0,7,0,0,2,1,1,B01
200800066426,0,2,0,0,2,7,0,A01
200800066426,0,7,0,0,2,5,0,B01
200800066427,0,30,0,0,2,1,0,A01
200800066427,0,7,0,0,2,4,0,B01
200800066427,0,7,0,0,2,1,0,C01
200800066428,0,7,0,0,0,1,2,A01
200800066428,0,7,0,0,2,4,2,B01
200800066429,0,7,0,0,1,1,15,A01
200800066430,0,2,0,0,2,1,1,A01
200800066430,0,7,0,0,2,1,1,B01
200800066431,0,30,0,1,0,1,0,A01
200800066432,0,7,0,0,2,1,15,A01
200800066432,0,2,0,0,2,1,1,B01
200800066433,0,10,0,0,2,1,1,B01
200800066433,0,7,0,0,2,8,15,A01
200800066434,0,7,0,0,2,2,2,A01
200800066434,0,7,0,0,2,6,1,B01
200800066435,0,7,0,0,2,1,1,A01
200800066435,0,7,0,0,2,1,1,B01
200800066435,0,7,0,0,2,6,1,C01
200800066436,0,2,0,0,0,8,7,B01
200800066436,0,7,0,0,0,0,16,A01
200800066437,0,7,0,0,2,0,14,A01
200800066437,0,33,0,0,2,2,3,B01
200800066438,0,7,0,0,2,1,2,A01
200800066438,0,7,0,0,2,4,2,B01
200800066439,0,7,0,0,2,1,2,A01
200800066439,0,7,0,0,2,4,2,B01
200800066440,0,7,0,0,2,2,2,A01
200800066440,0,7,0,0,2,4,2,B01
200800066441,0,7,0,0,2,3,15,A01
200800066441,0,7,0,0,2,3,1,B01
200800066442,0,7,0,0,2,3,1,A01
200800066442,0,7,0,0,2,1,1,B01
200800066443,0,7,0,0,2,1,0,A01
200800066443,0,33,0,0,2,7,0,B01
200800066443,0,7,0,0,2,2,0,C01
200800066444,0,7,0,0,2,2,13,A01
200800066444,0,30,0,0,2,1,2,B01
200800066445,0,7,0,0,2,1,1,A01
200800066445,0,7,0,0,2,4,2,B01
200800066446,0,7,0,0,2,3,15,A01
200800066446,0,33,0,0,2,1,1,B01
200800066447,0,7,0,0,2,2,15,A01
200800066447,0,7,0,0,2,1,1,B01
200800066448,0,7,0,0,2,1,2,A01
200800066448,0,7,0,0,2,1,2,B01
200800066448,0,10,0,0,2,4,1,C01
200800066449,1,7,0,0,2,0,2,A01
200800066449,0,7,0,0,2,0,1,B01
200800066450,0,1,0,0,2,1,1,A01
200800066450,0,2,0,0,2,1,1,B01
200800066451,0,7,0,4,0,1,1,A01
200800066452,1,7,0,0,2,0,11,A01
200800066452,0,33,0,0,2,7,1,B01
200800066453,0,2,0,0,2,1,1,A01
200800066453,0,7,0,0,2,4,1,B01
200800066454,0,7,0,0,2,1,15,A01
200800066454,0,7,0,0,2,1,1,B01
200800066455,0,7,0,4,0,1,1,A01
200800066456,0,10,0,0,2,7,10,A01
200800066456,0,33,0,0,2,1,1,B01
200800066457,0,2,0,0,2,2,12,A01
200800066457,0,37,2,0,2,3,1,B01
200800066458,0,30,0,0,2,1,0,A01
200800066458,0,10,0,0,2,4,0,B01
200800066459,0,1,0,0,2,1,5,A01
200800066459,0,7,0,0,2,1,1,B01
200800066460,0,31,0,0,2,0,0,B01
200800066461,0,7,0,0,2,2,0,B01
200800066461,0,30,0,0,2,1,0,A01
200800066462,0,7,0,0,2,1,2,A01
200800066462,0,7,0,0,2,4,2,B01
200800066463,0,7,0,0,2,1,1,A01
200800066463,0,7,0,0,2,4,23,B01
200800066464,0,2,0,0,2,1,1,B01
200800066464,0,7,0,0,2,3,1,A01
200800066465,0,10,0,0,2,2,0,A01
200800066465,0,7,0,0,2,6,1,B01
200800066466,0,7,0,0,1,1,1,A01
200800066467,1,7,0,0,1,0,0,A01
200800066468,0,7,0,0,2,3,0,B01
200800066468,0,2,0,0,2,1,0,A01
200800066469,0,37,1,0,0,0,1,A01
200800066470,0,7,0,5,2,1,1,A01
200800066470,0,7,0,0,0,1,1,B01
200800066470,0,34,0,0,0,1,23,C01
200800066471,0,7,0,0,0,7,1,B01
200800066471,0,2,0,0,2,1,0,A01
200800066472,0,7,0,12,0,3,1,A01
200800066473,0,7,0,0,2,2,15,A01
200800066473,0,30,0,0,2,1,1,B01
200800066474,0,33,0,0,2,2,17,B01
200800066474,0,7,0,0,2,3,15,A01
200800066475,0,7,0,0,2,3,15,B01
200800066475,0,2,0,0,2,1,11,A01
200800066476,0,7,0,6,0,1,14,A01
200800066477,0,7,0,0,2,1,1,A01
200800066477,0,2,0,0,2,8,9,B01
200800066478,0,20,0,0,2,1,5,A01
200800066478,0,7,0,0,2,1,1,B01
200800066479,0,10,0,0,2,1,1,A01
200800066479,0,1,0,0,2,4,1,B01
200800066480,0,34,0,0,2,1,1,A01
200800066480,0,33,0,0,2,7,15,B01
200800066481,0,2,0,0,0,0,1,A01
200800066481,0,7,0,0,0,0,15,B01
200800066482,0,7,0,0,2,8,9,A01
200800066482,0,30,0,0,2,1,1,B01
200800066483,0,34,0,1,2,7,1,A01
200800066483,0,7,0,0,2,1,1,B01
200800066484,0,31,0,0,2,7,1,A01
200800066484,0,7,0,0,2,3,1,B01
200800066485,0,2,0,0,2,1,15,A01
200800066485,0,7,0,0,2,8,10,B01
200800066486,0,32,0,0,2,1,1,B01
200800066486,0,7,0,0,2,1,15,A01
200800066487,0,32,0,0,1,1,1,A01
200800066488,0,33,0,0,2,6,0,A01
200800066488,0,7,0,0,2,1,0,B01
200800066489,0,7,0,0,2,8,10,A01
200800066489,0,30,0,0,2,1,1,B01
200800066490,0,7,0,0,0,0,0,A01
200800066490,0,7,0,0,2,3,1,B01
200800066491,0,7,0,15,2,8,1,A01
200800066491,0,7,0,0,2,1,1,B01
200800066492,0,7,0,0,2,3,19,A01
200800066492,0,30,0,0,2,2,19,B01
200800066493,0,10,0,0,2,4,4,A01
200800066493,0,7,0,0,2,2,1,B01
200800066494,0,7,0,0,2,2,10,A01
200800066494,0,31,0,0,2,8,1,B01
200800066495,0,32,0,0,1,2,1,A01
200800066496,1,7,0,0,1,0,0,A01
200800066497,0,7,0,0,0,0,0,A01
200800066498,0,7,0,0,0,0,0,A01
200800066498,0,30,0,0,0,0,0,B01
200800066499,0,7,0,0,0,0,0,A01
200800066499,0,7,0,0,0,0,0,B01
200800066500,0,7,0,0,0,0,0,A01
200800066500,0,30,0,0,0,0,0,B01
200800066501,0,7,0,0,0,0,0,A01
200800066501,0,30,0,0,0,0,0,B01
200800066502,0,7,0,0,1,4,20,A01
200800066503,0,7,0,0,1,1,1,A01
200800066504,0,30,0,0,2,1,2,A01
200800066504,0,7,0,0,2,5,2,B01
200800066505,0,7,0,0,2,1,9,A01
200800066505,0,1,0,0,2,5,1,B01
200800066506,0,7,0,2,0,1,13,A01
200800066507,0,7,0,0,2,1,2,A01
200800066507,0,7,0,0,2,4,2,B01
200800066508,0,7,0,0,2,2,15,A01
200800066508,0,7,0,8,2,1,1,B01
200800066509,0,33,0,0,2,1,17,A01
200800066509,0,7,0,0,2,1,0,B01
200800066509,0,7,0,0,9,1,1,C01
200800066510,0,7,0,0,1,1,16,A01
200800066511,0,10,0,0,2,3,9,A01
200800066511,0,7,0,0,2,1,1,B01
200800066512,0,7,0,0,2,1,1,A01
200800066512,0,7,0,0,2,1,13,B01
200800066513,0,38,1,0,2,3,0,A01
200800066513,0,17,0,0,2,2,0,B01
200800066514,0,7,0,8,0,1,0,A01
200800066515,0,7,0,0,2,2,19,A01
200800066515,0,33,0,0,2,1,1,B01
200800066516,0,7,0,0,1,1,1,A01
200800066517,0,7,0,0,2,1,9,A01
200800066517,0,7,0,0,2,2,1,B01
200800066518,0,33,0,1,0,2,14,A01
200800066519,0,7,0,0,1,3,1,A01
200800066520,0,7,0,0,2,1,15,A01
200800066520,0,33,0,0,2,1,1,B01
200800066521,0,2,0,0,2,1,1,B01
200800066521,0,7,0,0,2,1,15,A01
200800066522,0,7,0,0,2,1,0,A01
200800066522,0,2,0,0,2,1,0,B01
200800066523,0,7,0,4,0,0,1,A01
200800066524,0,33,0,0,2,7,1,A01
200800066524,0,7,0,0,2,8,11,B01
200800066525,0,7,0,0,2,3,16,A01
200800066525,0,7,0,0,2,2,1,B01
200800066526,0,14,0,0,2,0,0,A01
200800066526,0,7,0,0,2,4,0,B01
200800066527,0,7,0,0,1,2,1,A01
200800066528,0,7,0,0,2,1,1,A01
200800066528,0,7,0,0,2,4,1,B01
200800066528,0,7,0,0,2,4,1,C01
200800066529,0,7,0,0,2,3,9,A01
200800066529,0,31,0,2,2,5,1,B01
200800066530,0,2,0,1,0,1,1,A01
200800066531,0,7,0,0,2,7,15,A01
200800066531,0,2,0,0,2,0,1,B01
200800066532,0,32,0,1,0,0,17,A01
200800066533,0,7,0,0,2,3,1,A01
200800066533,0,7,0,0,2,4,13,B01
200800066534,0,7,0,0,2,1,1,B01
200800066534,0,31,0,0,2,7,16,A01
200800066535,0,7,0,0,2,1,2,A01
200800066535,0,7,0,0,2,4,1,B01
200800066536,0,7,0,0,2,1,1,A01
200800066536,0,37,0,0,2,4,1,B01
200800066537,0,7,0,0,2,1,0,A01
200800066537,0,33,0,0,2,1,0,B01
200800066538,0,7,0,0,2,1,1,A01
200800066538,0,7,0,0,2,0,1,B01
200800066539,0,7,0,0,2,1,15,A01
200800066539,0,7,0,0,2,2,0,B01
200800066540,0,1,0,0,2,1,5,A01
200800066540,0,7,0,0,2,3,1,B01
200800066541,0,7,0,6,0,1,1,A01
200800066542,0,33,0,13,0,0,0,A01
200800066543,0,2,0,0,1,1,18,A01
200800066544,0,7,0,0,2,8,19,A01
200800066544,0,7,0,0,2,1,1,B01
200800066545,0,2,0,0,2,1,15,A01
200800066545,0,7,0,0,2,3,1,B01
200800066546,0,7,0,0,2,2,17,A01
200800066546,0,7,0,0,2,6,1,B01
200800066546,0,7,0,0,0,2,1,C01
200800066547,0,14,0,0,2,2,1,B01
200800066547,0,7,0,0,2,1,1,A01
200800066548,0,7,0,0,1,1,1,A01
200800066549,0,7,0,6,0,3,1,A01
200800066550,0,7,0,0,2,3,19,A01
200800066550,0,33,0,0,2,1,2,B01
200800066551,0,7,0,13,0,2,1,A01
200800066552,0,7,0,13,0,1,14,A01
200800066553,0,7,0,0,1,2,1,A01
200800066554,0,7,0,1,0,1,1,A01
200800066554,0,7,0,0,0,4,23,B01
200800066555,0,7,0,8,0,1,13,A01
200800066556,0,2,0,0,2,7,1,B01
200800066556,0,7,0,0,2,3,9,A01
200800066557,0,7,0,0,2,1,1,B01
200800066557,0,30,0,0,2,2,15,A01
200800066558,0,7,0,12,2,3,1,B01
200800066558,0,7,0,0,2,2,15,A01
200800066559,0,10,0,0,1,6,15,A01
200800066560,0,7,0,10,2,1,1,A01
200800066560,0,7,0,0,2,1,1,B01
200800066561,0,7,0,13,0,2,2,A01
200800066562,0,7,0,0,0,3,1,B01
200800066562,0,7,0,0,2,3,19,A01
200800066563,0,7,0,12,0,0,1,A01
200800066564,0,7,0,13,2,2,19,A01
200800066564,0,7,0,0,2,1,1,B01
200800066565,0,7,0,0,2,2,15,A01
200800066565,0,33,0,0,2,1,1,B01
200800066566,0,7,0,0,2,1,1,B01
200800066566,0,1,0,1,2,8,15,A01
200800066567,0,7,0,0,2,1,13,A01
200800066567,0,7,0,0,2,1,1,B01
200800066568,0,30,0,0,2,4,21,A01
200800066568,0,7,0,0,0,4,23,B01
200800066569,0,7,0,0,9,3,17,A01
200800066569,0,1,0,0,2,1,17,B01
200800066570,0,7,0,0,1,1,1,A01
200800066571,0,7,0,0,2,1,1,A01
200800066571,0,7,0,0,2,1,1,B01
200800066571,0,32,0,0,2,1,1,C01
200800066572,0,7,0,3,1,4,1,A01
200800066573,0,34,0,0,2,3,1,B01
200800066573,0,30,0,0,2,3,0,A01
200800066574,0,31,0,12,0,1,17,A01
200800066575,1,7,0,0,0,0,0,A01
200800066575,0,30,0,0,2,1,1,B01
200800066576,0,7,0,0,2,1,1,B01
200800066576,0,30,0,0,2,1,15,A01
200800066577,0,7,0,0,2,0,15,A01
200800066577,0,30,0,0,2,8,1,B01
200800066578,0,7,0,0,2,1,2,A01
200800066578,0,10,0,0,2,4,2,B01
200800066579,0,7,0,0,1,2,1,A01
200800066580,0,7,0,0,2,3,15,A01
200800066580,0,7,0,0,2,3,2,B01
200800066581,0,1,0,0,1,1,1,A01
200800066582,0,7,0,0,0,7,15,A01
200800066582,0,30,0,0,2,1,1,B01
200800066583,0,2,0,0,2,1,1,A01
200800066583,0,7,0,0,2,3,15,B01
200800066584,0,7,0,0,2,6,11,A01
200800066584,0,31,0,0,2,1,1,B01
200800066585,0,7,0,0,2,2,15,A01
200800066585,0,33,0,0,2,1,1,B01
200800066586,0,7,0,0,2,3,16,B01
200800066586,0,30,0,0,2,1,1,A01
200800066587,2,7,0,11,2,1,2,A01
200800066587,0,7,0,0,2,4,2,B01
200800066588,0,7,0,0,1,1,1,A01
200800066589,0,7,0,0,2,1,15,A01
200800066589,0,7,0,0,2,3,1,B01
200800066589,0,10,0,0,2,3,1,C01
200800066590,0,2,0,0,2,2,17,A01
200800066590,0,7,0,0,2,3,15,B01
200800066591,0,7,0,0,2,3,15,B01
200800066591,0,30,0,0,2,1,1,A01
200800066592,0,7,0,0,2,8,15,A01
200800066592,0,30,0,0,2,7,1,B01
200800066593,0,7,0,0,2,8,15,A01
200800066593,0,30,0,0,2,1,1,B01
200800066594,0,7,0,0,2,2,15,A01
200800066594,0,7,0,1,2,3,1,B01
200800066595,0,10,0,0,2,3,15,B01
200800066595,0,30,0,0,2,1,1,A01
200800066596,0,2,0,0,2,1,1,B01
200800066596,0,1,0,0,2,4,1,A01
200800066597,0,10,0,0,2,8,10,A01
200800066597,0,7,0,0,1,1,1,B01
200800066598,0,7,0,0,2,2,5,A01
200800066598,0,7,0,0,2,1,1,B01
200800066599,0,7,0,0,2,1,2,A01
200800066599,0,7,0,0,2,4,2,B01
200800066600,0,7,0,0,1,2,1,A01
200800066601,0,30,0,0,2,1,2,A01
200800066601,0,38,1,0,2,5,2,B01
200800066602,0,99,0,0,2,0,16,A01
200800066602,0,7,0,0,2,3,15,B01
200800066603,1,7,0,1,1,2,11,A01
200800066604,0,7,0,0,2,3,15,A01
200800066604,0,30,0,0,2,1,1,B01
200800066605,0,7,0,0,2,1,1,A01
200800066605,0,2,0,0,2,1,0,B01
200800066606,0,7,0,0,2,1,0,A01
200800066607,0,7,0,0,2,5,1,C01
200800066607,0,7,0,0,2,1,0,B01
200800066607,0,7,0,0,2,1,1,A01
200800066608,0,7,0,0,2,1,15,A01
200800066608,0,30,0,0,2,1,1,B01
200800066609,0,7,0,0,2,2,15,A01
200800066609,0,2,0,0,2,1,7,B01
200800066610,0,7,0,0,2,2,1,A01
200800066610,0,32,0,0,2,3,10,B01
200800066611,0,7,0,0,2,1,0,A01
200800066611,0,7,0,0,2,1,0,B01
200800066612,0,7,0,0,1,2,1,A01
200800066613,0,2,0,0,2,1,17,A01
200800066613,0,7,0,0,2,6,15,B01
200800066614,0,7,0,6,0,1,0,A01
200800066615,0,7,0,0,2,7,15,A01
200800066615,0,30,0,0,2,1,17,B01
200800066616,0,7,0,0,2,8,15,A01
200800066616,0,2,0,0,2,1,1,B01
200800066617,0,2,0,0,2,1,17,A01
200800066617,0,7,0,0,0,6,23,B01
200800066618,0,33,0,0,0,0,1,A01
200800066619,0,7,0,0,0,7,15,A01
200800066619,0,2,0,0,2,1,1,B01
200800066620,0,31,0,0,0,0,0,A01
200800066621,0,10,0,0,2,8,9,A01
200800066621,0,32,0,0,2,2,1,B01
200800066622,1,7,0,0,0,4,15,A01
200800066622,0,30,0,0,2,1,1,B01
200800066623,0,7,0,0,2,1,5,A01
200800066623,0,7,0,0,2,1,1,B01
200800066624,0,2,0,0,0,0,14,A01
200800066625,0,2,0,0,2,1,17,A01
200800066625,0,7,0,0,2,8,15,B01
200800066626,0,1,0,0,0,0,0,A01
200800066627,0,7,0,0,2,1,15,A01
200800066627,0,1,0,0,0,8,1,B01
200800066628,0,33,0,0,0,0,17,A01
200800066629,0,30,0,0,0,0,0,A01
200800066630,0,7,0,0,2,3,16,A01
200800066630,0,7,0,0,2,3,1,B01
200800066631,0,30,0,0,0,0,0,A01
200800066632,0,31,0,0,0,0,0,A01
200800066633,0,7,0,0,2,1,2,A01
200800066633,0,7,0,0,0,4,2,B01
200800066634,0,32,0,0,2,1,1,B01
200800066634,0,7,0,0,2,3,9,A01
200800066635,0,7,0,0,2,1,13,A01
200800066635,0,7,0,0,0,3,1,B01
200800066636,0,7,0,12,2,9,13,A01
200800066636,0,7,0,0,0,8,1,B01
200800066637,0,7,0,12,0,7,14,A01
200800066638,0,7,0,0,2,3,9,A01
200800066638,0,31,0,0,2,7,17,B01
200800066639,0,30,0,0,2,1,2,A01
200800066639,0,7,0,0,2,4,2,B01
200800066640,0,7,0,11,0,3,6,A01
200800066641,0,30,0,0,1,1,1,A01
200800066642,0,7,0,0,2,2,1,A01
200800066642,0,32,0,0,2,1,1,B01
200800066643,0,30,0,0,2,1,2,A01
200800066643,0,7,0,0,2,6,23,B01
200800066644,0,2,0,0,0,0,16,A01
200800066645,0,37,25,0,2,5,1,A01
200800066645,0,31,0,0,2,5,1,B01
200800066645,1,7,0,0,2,3,1,C01
200800066646,0,33,0,0,0,0,1,A01
200800066646,1,7,0,0,0,0,0,B01
200800066647,0,7,0,0,2,1,2,A01
200800066647,0,7,0,0,2,4,23,B01
200800066647,0,7,0,0,2,4,23,C01
200800066648,1,7,0,0,2,0,15,A01
200800066648,0,31,0,0,2,8,1,B01
200800066649,0,2,0,1,2,3,1,A01
200800066649,1,7,0,0,2,0,0,B01
200800066650,0,7,0,1,2,3,2,A01
200800066650,0,7,0,1,2,3,23,B01
200800066651,0,2,0,0,2,4,1,A01
200800066651,0,7,0,0,2,4,1,B01
200800066652,0,34,0,0,2,1,1,B01
200800066652,0,10,0,0,2,1,1,A01
200800066653,0,7,0,0,2,6,9,A01
200800066653,0,33,0,0,2,1,17,B01
200800066654,0,32,0,0,2,6,15,A01
200800066654,0,7,0,0,2,2,1,B01
200800066655,0,7,0,0,1,1,1,A01
200800066656,0,10,0,0,1,3,1,A01
200800066657,0,7,0,0,2,1,2,A01
200800066657,0,33,0,0,2,4,23,B01
200800066657,0,10,0,0,2,4,23,C01
200800066658,0,30,0,0,2,1,1,A01
200800066658,0,7,0,0,2,4,2,B01
200800066659,0,33,0,0,1,0,2,A01
200800066660,0,10,0,0,1,4,4,A01
200800066661,0,7,0,0,1,1,2,A01
200800066662,0,37,0,0,1,1,1,A01
200800066663,0,7,0,0,2,1,1,B01
200800066663,0,3,0,0,2,3,1,A01
200800066664,0,10,0,0,1,4,4,A01
200800066665,0,33,0,0,1,7,21,A01
200800066666,0,7,0,1,0,1,1,A01
200800066667,0,7,0,0,2,7,0,B01
200800066667,0,2,0,0,2,1,1,A01
200800066668,0,2,0,0,2,1,13,A01
200800066668,0,7,0,0,2,1,1,B01
200800066669,0,7,0,0,1,1,1,A01
200800066670,0,2,0,0,0,8,1,A01
200800066670,0,7,0,0,0,0,1,B01
200800066671,0,1,0,0,2,1,1,A01
200800066671,0,7,0,0,2,1,1,B01
200800066672,0,2,0,0,2,1,2,A01
200800066672,0,2,0,0,2,4,2,B01
200800066672,0,7,0,0,0,0,10,C01
200800066673,0,7,0,0,2,1,15,B01
200800066673,0,7,0,0,2,1,1,A01
200800066673,0,7,0,0,2,3,1,C01
200800066674,2,7,0,0,2,1,1,A01
200800066674,0,7,0,0,2,4,1,B01
200800066674,0,7,0,0,2,7,1,C01
200800066675,0,7,0,0,2,1,1,A01
200800066675,0,7,0,0,2,4,2,B01
200800066676,0,7,0,0,2,2,9,B01
200800066676,0,30,0,0,2,7,1,A01
200800066677,0,31,0,0,1,1,1,A01
200800066678,0,7,0,0,2,8,1,B01
200800066678,0,7,0,0,2,1,1,A01
200800066679,0,32,0,0,2,1,13,A01
200800066679,0,7,0,0,0,0,0,B01
200800066680,0,7,0,0,2,1,0,A01
200800066680,0,7,0,0,2,3,0,B01
200800066681,0,7,0,0,1,1,1,A01
200800066682,0,2,0,0,1,1,1,A01
200800066683,0,31,0,0,2,1,1,A01
200800066683,0,10,0,0,2,7,10,B01
200800066684,0,7,0,8,0,1,1,A01
200800066685,0,2,0,0,0,0,1,A01
200800066686,0,7,0,0,1,1,1,A01
200800066687,0,7,0,0,2,7,16,A01
200800066687,0,32,0,0,2,3,1,B01
200800066688,0,31,0,0,2,1,1,A01
200800066688,0,7,0,0,2,4,11,B01
200800066689,0,1,0,0,2,0,18,A01
200800066689,0,7,0,0,2,2,23,B01
200800066690,0,7,0,0,2,3,1,A01
200800066690,0,7,0,0,2,7,9,B01
200800066691,0,2,0,0,1,1,1,A01
200800066692,0,7,0,0,2,1,1,A01
200800066692,0,7,0,0,0,0,0,B01
200800066693,0,31,0,0,0,7,1,A01
200800066694,0,33,0,14,0,1,21,A01
200800066694,0,7,0,0,2,4,2,B01
200800066695,0,31,0,0,2,1,1,A01
200800066695,0,7,0,0,2,3,13,B01
200800066696,0,7,0,0,2,6,15,A01
200800066696,0,37,1,0,2,2,1,B01
200800066697,0,33,0,3,2,7,17,A01
200800066697,0,7,0,0,2,8,1,B01
200800066698,0,10,0,0,1,3,0,A01
200800066699,0,7,0,14,0,1,1,A01
200800066699,0,7,0,14,2,4,2,B01
200800066699,0,7,0,0,2,4,2,C01
200800066700,0,7,0,0,2,2,1,B01
200800066700,0,32,0,0,2,1,1,A01
200800066701,0,7,0,6,0,1,1,A01