Num_Acc,senc,catv,occutc,obs,obsm,choc,manv,num_veh
200800066702,0,7,0,0,1,2,1,A01
200800066703,0,32,0,14,0,1,2,A01
200800066703,0,33,0,0,0,7,23,B01
200800066704,0,33,0,0,2,3,1,B01
200800066704,0,7,0,0,2,2,9,A01
200800066705,0,7,0,0,2,5,12,A01
200800066705,0,33,0,0,2,3,1,B01
200800066706,0,31,0,0,1,1,1,A01
200800066707,0,7,0,0,2,1,1,A01
200800066707,0,10,0,0,2,4,1,B01
200800066708,0,10,0,0,1,1,21,A01
200800066709,1,7,0,0,2,1,1,A01
200800066709,0,7,0,0,2,4,2,B01
200800066709,0,7,0,0,2,4,2,C01
200800066710,0,10,0,0,2,2,9,A01
200800066710,0,33,0,0,2,0,2,B01
200800066711,0,10,0,0,2,3,15,A01
200800066711,0,30,0,0,2,1,1,B01
200800066712,0,7,0,0,2,1,15,A01
200800066712,0,7,0,14,2,1,1,B01
200800066712,0,7,0,0,2,3,23,C01
200800066713,0,32,0,0,2,2,16,A01
200800066713,0,7,0,0,2,4,16,B01
200800066714,0,7,0,0,2,3,13,A01
200800066714,0,30,0,0,2,0,0,B01
200800066715,0,7,0,0,2,1,0,A01
200800066715,0,7,0,0,2,4,0,B01
200800066716,1,7,0,0,0,0,0,A01
200800066716,0,30,0,0,2,7,1,B01
200800066716,0,7,0,0,2,3,1,C01
200800066717,0,7,0,0,1,1,1,A01
200800066718,0,7,0,0,2,3,0,A01
200800066718,0,33,0,0,0,6,0,B01
200800066719,0,7,0,0,2,8,15,A01
200800066719,0,33,0,0,2,2,1,B01
200800066720,0,2,0,0,1,1,1,A01
200800066721,0,7,0,7,0,1,1,A01
200800066722,0,33,0,0,2,8,1,A01
200800066722,0,7,0,0,2,6,2,B01
200800066723,0,31,0,0,2,1,5,A01
200800066723,0,7,0,0,2,1,1,B01
200800066724,0,32,0,0,2,1,3,A01
200800066724,0,7,0,0,2,7,1,B01
200800066724,0,13,0,0,0,0,0,C01
200800066725,0,7,0,0,2,8,15,A01
200800066725,0,31,0,0,2,1,17,B01
200800066726,0,7,0,0,2,2,21,A01
200800066726,0,37,1,0,2,3,2,B01
200800066727,0,2,0,0,2,8,0,A01
200800066727,0,2,0,0,2,8,0,B01
200800066727,0,7,0,0,2,3,1,C01
200800066728,0,31,0,0,2,1,17,A01
200800066728,0,7,0,0,2,8,15,B01
200800066729,0,2,0,0,2,3,13,A01
200800066729,0,7,0,0,2,5,1,B01
200800066730,0,7,0,0,2,1,2,A01
200800066730,0,7,0,0,2,4,2,B01
200800066731,0,30,0,0,2,6,14,A01
200800066731,0,7,0,0,2,2,1,B01
200800066732,0,2,0,1,2,7,1,B01
200800066732,0,7,0,0,2,1,1,A01
200800066733,0,2,0,0,2,7,1,B01
200800066733,0,7,0,0,2,0,1,A01
200800066734,0,31,0,0,2,2,2,A01
200800066734,0,7,0,0,2,4,2,B01
200800066735,0,7,0,0,2,1,2,A01
200800066735,0,7,0,0,2,4,2,B01
200800066736,0,31,0,0,1,0,2,A01
200800066737,0,33,0,0,2,1,1,A01
200800066737,0,7,0,0,2,8,10,B01
200800066738,0,1,0,0,0,0,0,A01
200800066738,0,1,0,0,0,0,0,B01
200800066739,0,33,0,0,2,1,1,A01
200800066739,0,7,0,0,2,5,23,B01
200800066740,0,2,0,0,2,8,0,A01
200800066740,0,7,0,0,1,5,0,B01
200800066741,0,30,0,0,0,1,0,A01
200800066742,0,7,0,0,2,6,5,A01
200800066742,0,2,0,0,2,3,5,B01
200800066743,0,13,0,0,2,1,2,A01
200800066743,0,7,0,0,2,4,2,B01
200800066743,0,7,0,0,2,4,2,C01
200800066744,0,7,0,7,0,1,13,A01
200800066745,0,7,0,0,2,0,11,A01
200800066745,0,33,0,1,2,0,2,B01
200800066746,0,7,0,0,2,6,15,A01
200800066746,0,31,0,0,2,1,1,B01
200800066747,0,10,0,0,2,3,15,B01
200800066747,0,31,0,0,2,1,1,A01
200800066748,0,7,0,2,0,1,1,A01
200800066749,0,33,0,0,2,1,0,A01
200800066749,0,7,0,0,2,3,0,B01
200800066750,0,30,0,0,1,3,2,A01
200800066751,0,7,0,0,2,6,24,A01
200800066751,0,7,0,1,0,2,1,B01
200800066752,0,7,0,0,2,0,9,A01
200800066752,0,2,0,0,2,0,1,B01
200800066753,0,99,0,0,2,2,1,A01
200800066753,0,7,0,0,2,8,9,B01
200800066754,0,7,0,0,2,1,9,A01
200800066754,0,30,0,0,2,8,1,B01
200800066755,0,1,0,0,2,8,0,B01
200800066755,0,7,0,0,2,1,1,A01
200800066756,0,7,0,0,1,7,20,A01
200800066757,0,7,0,0,1,4,4,A01
200800066758,0,7,0,0,1,4,4,A01
200800066759,0,2,0,0,2,2,1,B01
200800066759,0,7,0,0,2,2,15,A01
200800066760,0,7,0,0,1,3,17,A01
200800066761,0,2,0,0,2,1,2,A01
200800066761,0,7,0,0,0,4,1,B01
200800066762,0,33,0,0,0,0,0,A01
200800066763,0,30,0,0,2,1,2,A01
200800066763,0,7,0,0,0,4,2,B01
200800066764,0,7,0,0,2,2,1,A01
200800066764,0,7,0,0,0,6,1,B01
200800066765,0,7,0,0,1,1,1,A01
200800066766,0,7,0,0,2,7,15,A01
200800066766,0,33,0,0,2,1,1,B01
200800066767,0,7,0,0,1,1,15,A01
200800066768,0,7,0,0,2,7,15,A01
200800066768,0,30,0,0,2,1,1,B01
200800066769,0,1,0,0,1,1,0,A01
200800066770,0,13,0,0,0,4,23,A01
200800066770,0,7,0,0,2,1,21,B01
200800066771,0,7,0,0,2,4,4,A01
200800066771,0,1,0,0,0,1,23,B01
200800066772,0,7,0,0,2,2,15,A01
200800066772,0,2,0,0,2,1,1,B01
200800066773,0,2,0,0,2,8,17,A01
200800066773,0,7,0,0,2,1,15,B01
200800066774,0,7,0,0,2,1,2,B01
200800066774,0,7,0,0,2,8,19,A01
200800066775,0,7,0,0,2,8,10,A01
200800066775,0,33,0,0,2,0,1,B01
200800066776,0,7,0,0,2,0,0,A01
200800066776,0,31,0,0,2,0,0,B01
200800066777,0,7,0,0,2,1,0,A01
200800066778,0,7,0,0,2,0,0,A01
200800066778,0,7,0,0,2,0,0,B01
200800066779,0,7,0,0,2,2,1,A01
200800066779,0,32,0,0,2,0,15,B01
200800066780,0,7,0,0,2,2,1,B01
200800066780,0,32,0,0,2,0,13,A01
200800066781,0,7,0,0,9,0,4,A01
200800066781,0,1,0,0,0,0,0,B01
200800066782,0,33,0,0,0,0,0,A01
200800066783,0,7,0,0,2,0,0,A01
200800066783,0,33,0,0,0,0,20,B01
200800066784,0,7,0,0,1,0,20,A01
200800066785,0,32,0,0,2,0,2,A01
200800066785,0,7,0,0,2,0,0,B01
200800066786,0,7,0,0,2,0,0,A01
200800066786,0,7,0,0,2,0,0,B01
200800066787,0,2,0,0,0,0,0,A01
200800066788,0,7,0,0,2,0,1,B01
200800066788,0,7,0,6,2,1,1,A01
200800066789,0,7,0,0,2,0,0,A01
200800066790,0,7,0,0,2,0,2,A01
200800066790,0,7,0,0,2,1,2,B01
200800066790,0,7,0,0,2,4,2,C01
200800066791,0,7,0,0,2,0,0,A01
200800066791,0,7,0,0,2,0,0,B01
200800066792,0,7,0,0,1,0,1,A01
200800066793,0,7,0,0,2,1,1,B01
200800066793,0,7,0,0,2,8,19,A01
200800066794,0,7,0,0,1,1,1,A01
200800066795,0,7,0,0,2,2,15,A01
200800066795,0,30,0,0,2,1,1,B01
200800066796,0,10,0,0,0,4,2,B01
200800066796,0,7,0,0,0,0,5,A01
200800066796,0,30,0,0,2,1,2,C01
200800066797,0,7,0,0,2,8,15,A01
200800066797,0,2,0,0,2,1,17,B01
200800066798,0,7,0,0,1,2,1,A01
200800066799,0,7,0,0,2,8,1,A01
200800066799,0,31,0,0,2,2,2,B01
200800066800,0,7,0,0,0,1,1,A01
200800066801,0,33,0,0,2,1,13,A01
200800066801,0,7,0,0,9,3,1,B01
200800066802,0,33,0,0,2,7,2,B01
200800066803,0,7,0,4,2,1,13,A01
200800066803,0,7,0,4,2,4,1,B01
200800066804,0,7,0,0,1,1,0,A01
200800066805,0,32,0,0,1,1,1,A01
200800066806,1,7,0,0,1,0,0,A01
200800066807,0,7,0,0,1,1,1,A01
200800066808,0,7,0,0,2,1,11,A01
200800066808,0,7,0,0,2,1,1,B01
200800066809,0,7,0,2,0,1,1,A01
200800066810,0,14,0,0,2,1,1,A01
200800066810,0,7,0,0,2,4,23,B01
200800066811,0,7,0,2,0,8,17,A01
200800066811,0,7,0,0,5,2,1,B01
200800066812,0,30,0,0,2,1,17,A01
200800066812,0,7,0,0,2,1,1,B01
200800066813,0,7,0,0,2,8,9,A01
200800066813,0,30,0,0,2,1,1,B01
200800066814,0,31,0,0,1,1,17,A01
200800066815,0,7,0,0,2,2,17,A01
200800066815,0,7,0,0,1,8,15,B01
200800066816,0,7,0,7,0,3,1,A01
200800066817,0,7,0,0,1,1,1,A01
200800066818,0,7,0,0,2,2,2,A01
200800066818,0,1,0,0,2,1,13,B01
200800066819,0,31,0,0,2,1,1,B01
200800066819,0,7,0,0,2,8,13,A01
200800066820,0,7,0,15,0,9,17,A01
200800066821,1,7,0,0,1,0,0,A01
200800066822,0,7,0,0,1,1,1,A01
200800066822,0,7,0,0,1,1,1,B01
200800066823,0,7,0,2,0,1,0,A01
200800066824,0,7,0,14,0,1,1,A01
200800066825,0,7,0,0,1,4,4,A01
200800066826,0,2,0,0,2,1,1,B01
200800066826,0,7,0,0,0,8,1,A01
200800066827,0,7,0,0,2,1,0,A01
200800066827,0,7,0,0,2,1,0,B01
200800066828,0,7,1,6,0,2,17,A01
200800066828,0,7,0,14,0,1,21,B01
200800066829,0,99,0,8,0,1,0,A01
200800066830,0,7,0,0,2,3,15,A01
200800066830,0,33,0,0,2,1,1,B01
200800066831,0,7,0,0,2,1,2,A01
200800066831,0,7,0,0,0,4,12,B01
200800066832,0,10,0,0,0,1,5,A01
200800066832,0,10,0,0,0,2,23,B01
200800066833,0,7,0,0,2,3,16,A01
200800066833,0,7,0,0,2,1,1,B01
200800066834,0,34,0,0,2,9,5,A01
200800066834,0,10,0,0,2,1,1,B01
200800066835,2,7,0,0,2,1,2,A01
200800066835,0,7,0,0,2,4,2,B01
200800066835,0,7,0,0,2,4,2,C01
200800066835,0,7,0,0,2,4,2,D01
200800066836,0,7,0,0,1,1,1,A01
200800066837,0,7,0,0,0,1,0,A01
200800066837,0,31,0,0,0,1,23,B01
200800066838,0,30,0,0,1,1,17,A01
200800066839,0,7,0,0,0,3,1,A01
200800066839,0,32,0,0,0,3,0,B01
200800066840,0,7,0,0,1,1,1,B01
200800066840,0,7,0,0,2,2,1,A01
200800066841,0,2,0,0,2,2,2,A01
200800066841,0,7,0,0,2,3,2,B01
200800066842,1,7,0,0,0,0,0,A01
200800066842,0,34,0,0,0,4,2,B01
200800066843,0,7,0,0,1,2,7,A01
200800066844,0,32,0,0,2,1,0,A01
200800066844,0,7,0,0,2,8,1,B01
200800066845,0,7,0,0,2,1,1,B01
200800066845,0,32,0,1,2,8,1,A01
200800066846,0,2,0,0,0,8,2,A01
200800066847,0,7,0,0,0,1,2,A01
200800066847,0,30,0,0,0,4,2,B01
200800066848,0,7,0,0,2,2,22,A01
200800066848,0,1,0,1,0,1,1,B01
200800066849,0,7,0,1,2,3,1,A01
200800066849,0,7,0,1,0,2,2,B01
200800066850,0,7,0,0,2,2,2,A01
200800066850,0,34,0,0,2,5,2,B01
200800066851,0,7,0,0,2,2,1,B01
200800066851,0,7,0,0,2,3,1,A01
200800066852,0,7,0,0,2,2,19,A01
200800066852,0,34,0,0,2,0,1,B01
200800066853,0,7,0,0,1,2,1,A01
200800066854,0,32,0,0,2,0,7,A01
200800066854,0,7,0,0,2,2,15,B01
200800066855,0,7,0,0,1,5,1,B01
200800066855,0,7,0,0,2,1,15,A01
200800066856,0,7,0,15,0,1,1,A01
200800066857,0,7,0,0,1,1,2,A01
200800066858,0,33,0,0,2,0,1,B01
200800066858,0,7,0,0,2,7,16,A01
200800066859,0,30,0,0,0,8,1,A01
200800066860,0,7,0,0,2,1,2,A01
200800066860,0,7,0,0,2,4,2,B01
200800066860,0,7,0,0,0,4,2,C01
200800066861,1,7,0,1,0,1,0,A01
200800066862,0,7,0,0,2,1,9,A01
200800066862,0,33,0,0,2,7,1,B01
200800066863,0,7,0,0,2,2,19,A01
200800066863,0,30,0,0,2,1,1,B01
200800066864,0,7,0,0,2,4,1,A01
200800066864,0,7,0,1,2,4,1,B01
200800066864,1,7,0,0,2,1,1,C01
200800066865,0,7,0,1,0,0,0,A01
200800066865,0,7,0,0,0,0,0,B01
200800066866,0,7,0,0,0,1,0,A01
200800066866,0,7,0,0,2,4,2,B01
200800066867,0,30,0,0,2,1,1,A01
200800066867,0,33,0,0,2,3,1,B01
200800066868,0,7,0,0,2,3,13,A01
200800066868,0,7,0,0,2,8,1,B01
200800066869,0,7,0,0,2,1,2,A01
200800066869,0,7,0,0,0,4,23,B01
200800066870,1,7,0,1,0,0,0,A01
200800066871,2,7,0,0,2,1,0,A01
200800066871,0,7,0,0,2,9,0,B01
200800066872,0,7,0,0,0,2,24,B01
200800066872,2,7,0,1,0,2,1,A01
200800066873,0,7,0,0,2,5,16,B01
200800066873,1,7,0,0,2,0,1,A01
200800066874,0,10,0,0,2,3,15,A01
200800066874,0,31,0,0,2,1,1,B01
200800066875,0,10,0,0,2,3,13,A01
200800066875,0,32,0,0,2,1,1,B01
200800066876,0,7,0,0,0,2,20,A01
200800066876,0,10,0,0,2,2,1,B01
200800066877,0,10,0,0,2,8,15,A01
200800066877,0,32,0,0,2,1,17,B01
200800066878,0,7,0,0,1,2,1,A01
200800066879,0,32,0,0,0,0,0,A01
200800066880,0,7,0,0,2,1,1,A01
200800066880,0,7,0,0,2,1,1,B01
200800066880,0,7,0,0,2,4,23,C01
200800066881,0,30,0,0,2,1,1,A01
200800066881,0,1,0,0,2,4,23,B01
200800066882,0,33,0,0,2,1,17,A01
200800066882,0,7,0,0,2,8,15,B01
200800066883,0,30,0,0,2,0,0,A01
200800066883,0,7,0,0,2,6,15,B01
200800066884,0,30,0,0,0,1,1,A01
200800066884,0,7,0,0,0,2,16,B01
200800066885,0,7,0,0,2,1,2,A01
200800066885,0,37,0,0,2,4,2,B01
200800066886,0,7,0,0,0,6,1,A01
200800066886,0,33,0,0,0,1,1,B01
200800066887,0,7,0,0,2,1,15,A01
200800066887,0,34,0,0,2,3,1,B01
200800066888,0,7,0,0,2,3,0,A01
200800066888,0,32,0,0,2,1,0,B01
200800066889,0,7,0,0,2,5,5,A01
200800066889,0,15,0,0,2,3,2,B01
200800066890,0,7,0,8,0,2,1,A01
200800066891,0,7,0,0,2,0,15,A01
200800066891,0,30,0,0,2,1,1,B01
200800066892,0,33,0,0,0,0,1,A01
200800066893,0,7,0,0,2,3,1,A01
200800066893,0,7,0,0,2,3,1,B01
200800066894,0,33,0,13,0,2,16,A01
200800066895,0,33,0,0,0,8,0,A01
200800066895,0,33,0,14,0,1,0,B01
200800066896,1,7,0,0,1,1,2,A01
200800066897,0,7,0,0,2,4,2,B01
200800066897,1,10,0,0,2,1,2,A01
200800066898,0,7,0,0,1,1,1,A01
200800066899,0,30,0,0,2,7,17,A01
200800066899,0,7,0,0,2,3,15,B01
200800066900,0,7,0,0,2,3,16,A01
200800066900,0,33,0,0,2,7,1,B01
200800066901,0,33,0,14,0,9,1,A01
200800066902,0,7,0,0,2,3,0,B01
200800066902,0,7,0,0,2,2,0,A01
200800066903,0,7,0,0,1,3,20,A01
200800066904,0,7,0,0,1,1,19,A01
200800066905,0,31,0,0,2,1,2,A01
200800066905,0,7,0,0,2,4,0,B01
200800066906,0,7,0,0,2,4,2,A01
200800066906,1,7,0,0,2,1,2,B01
200800066907,0,7,0,0,2,1,2,A01
200800066907,0,7,0,0,2,4,2,B01
200800066908,0,7,0,0,2,2,0,A01
200800066908,0,7,0,0,2,1,0,B01
200800066909,0,1,0,0,2,8,1,A01
200800066909,1,7,0,0,2,7,17,B01
200800066910,0,7,0,8,0,3,13,A01
200800066910,1,7,0,0,0,0,0,B01
200800066911,0,33,0,0,2,1,5,A01
200800066911,0,33,0,0,2,1,2,B01
200800066912,0,7,0,1,2,7,0,A01
200800066912,0,10,0,0,2,1,1,B01
200800066913,0,7,0,0,2,1,2,A01
200800066913,0,7,0,0,0,4,0,B01
200800066914,0,7,0,0,1,3,1,A01
200800066915,0,7,0,0,9,8,0,A01
200800066916,0,10,0,0,1,3,1,A01
200800066917,0,30,0,0,2,4,1,A01
200800066917,1,7,0,0,0,1,1,B01
200800066918,0,7,0,0,2,3,9,A01
200800066918,0,30,0,0,0,0,0,B01
200800066918,0,2,0,0,2,1,1,C01
200800066919,0,7,0,0,2,3,15,A01
200800066919,0,32,0,0,2,1,1,B01
200800066920,0,7,0,0,2,3,15,A01
200800066920,0,31,0,1,2,8,1,B01
200800066920,0,7,0,0,2,3,24,C01
200800066921,0,7,0,0,2,3,15,A01
200800066921,0,33,0,0,2,2,1,B01
200800066922,0,2,0,0,2,5,1,A01
200800066922,2,34,0,0,0,0,0,B01
200800066923,0,7,0,0,2,1,9,A01
200800066923,0,33,0,0,2,1,21,B01
200800066924,1,7,0,0,1,1,1,A01
200800066925,0,32,0,0,2,8,1,A01
200800066925,1,7,0,0,2,0,12,B01
200800066926,0,7,0,14,0,1,2,A01
200800066926,0,13,0,0,2,6,23,B01
200800066927,0,2,0,0,2,1,16,A01
200800066927,0,7,0,0,2,5,1,B01
200800066928,0,7,0,0,2,0,2,A01
200800066928,0,7,0,0,0,5,2,B01
200800066929,0,2,0,0,2,1,1,A01
200800066929,1,7,0,0,0,1,1,B01
200800066930,2,7,0,0,1,2,1,A01
200800066931,0,32,0,0,2,3,17,B01
200800066931,1,7,0,0,2,6,10,A01
200800066932,0,30,0,0,2,3,2,A01
200800066932,1,7,0,0,2,0,16,B01
200800066933,0,7,0,0,2,2,1,A01
200800066933,0,30,0,0,2,1,1,B01
200800066934,0,7,0,0,2,1,0,A01
200800066934,0,7,0,0,2,1,1,B01
200800066935,0,7,0,0,0,3,10,A01
200800066935,0,33,0,0,0,1,17,B01
200800066936,0,7,0,0,9,2,1,A01
200800066936,0,2,0,0,0,0,0,B01
200800066937,0,7,0,1,0,2,14,A01
200800066938,0,33,0,1,2,1,17,A01
200800066938,0,7,0,0,2,8,15,B01
200800066939,0,7,0,0,2,1,17,A01
200800066939,0,1,0,0,2,4,15,B01
200800066940,0,7,0,0,2,1,1,A01
200800066940,0,7,0,0,2,4,1,B01
200800066940,0,7,0,0,2,4,1,C01
200800066941,0,14,0,1,0,2,14,A01
200800066942,0,32,0,0,2,1,1,A01
200800066942,0,7,0,0,2,3,9,B01
200800066943,0,7,0,0,2,8,1,A01
200800066944,0,10,0,0,2,1,2,A01
200800066944,0,7,0,0,2,9,2,B01
200800066944,0,7,0,0,2,4,2,C01
200800066945,0,34,0,5,0,0,13,A01
200800066946,0,7,0,0,9,3,1,A01
200800066947,0,30,0,0,2,1,1,A01
200800066947,0,7,0,0,2,2,16,B01
200800066948,0,30,0,0,2,1,0,A01
200800066948,0,7,0,1,2,3,0,B01
200800066949,0,14,0,0,2,5,14,A01
200800066949,0,7,0,12,2,8,2,B01
200800066950,1,7,0,0,0,1,0,A01
200800066950,0,7,0,0,2,0,0,B01
200800066951,0,30,0,12,0,0,9,A01
200800066952,1,7,0,0,0,1,0,A01
200800066953,0,10,0,0,1,4,4,A01
200800066954,0,7,0,0,2,3,15,A01
200800066954,0,33,0,0,2,2,2,B01
200800066955,0,32,0,0,2,3,2,A01
200800066955,0,33,0,0,2,5,2,B01
200800066956,0,2,0,0,1,1,1,A01
200800066957,0,30,0,0,2,9,1,A01
200800066957,0,7,0,0,2,3,9,B01
200800066958,0,33,0,0,2,1,1,A01
200800066958,0,7,0,0,2,3,15,B01
200800066959,0,31,0,0,2,1,7,A01
200800066959,0,7,0,0,0,5,11,B01
200800066960,0,32,0,0,1,1,1,A01
200800066961,0,32,0,0,2,2,9,A01
200800066961,0,7,0,0,2,1,2,B01
200800066962,0,33,0,0,2,1,3,A01
200800066962,0,7,0,0,2,6,9,B01
200800066963,0,7,0,0,2,2,2,A01
200800066963,0,31,0,0,0,4,2,B01
200800066964,0,7,0,0,4,3,9,A01
200800066964,0,7,0,0,0,0,0,B01
200800066965,0,7,0,0,1,1,1,A01
200800066966,0,7,0,0,1,1,1,A01
200800066967,0,30,0,0,0,0,1,A01
200800066968,0,7,0,0,1,1,0,A01
200800066969,0,7,0,0,2,1,2,A01
200800066969,0,7,0,0,2,4,2,B01
200800066970,0,7,0,6,0,1,1,A01
200800066971,1,7,0,0,1,2,2,A01
200800066972,0,7,0,0,2,1,1,B01
200800066972,0,7,0,1,0,5,21,A01
200800066973,0,32,0,0,0,0,1,A01
200800066973,0,7,0,0,0,0,0,B01
200800066974,0,7,0,0,0,0,9,A01
200800066974,0,32,0,0,2,7,0,B01
200800066975,0,7,0,0,1,7,1,A01
200800066976,2,7,0,0,2,3,13,A01
200800066976,0,32,0,0,2,1,1,B01
200800066977,0,7,0,0,2,2,1,A01
200800066977,0,7,0,0,2,6,1,B01
200800066978,0,30,0,0,2,1,2,A01
200800066978,0,7,0,0,2,3,13,B01
200800066979,0,7,0,0,2,3,16,B01
200800066979,0,7,0,0,2,1,1,A01
200800066980,0,30,0,0,2,1,17,A01
200800066980,0,10,0,0,9,1,15,B01
200800066981,0,7,0,0,2,5,4,A01
200800066981,0,34,0,0,2,1,2,B01
200800066982,0,7,0,0,1,2,1,A01
200800066983,0,7,0,1,0,0,0,A01
200800066983,0,15,0,0,0,1,0,B01
200800066984,0,7,0,1,0,1,0,B01
200800066984,1,7,0,0,0,1,0,A01
200800066985,0,7,0,12,4,2,0,A01
200800066985,0,40,0,14,2,3,0,B01
200800066986,0,30,0,0,2,1,17,A01
200800066986,0,7,0,0,0,6,15,B01
200800066987,1,7,0,0,0,0,0,A01
200800066987,0,30,0,0,0,1,0,B01
200800066988,0,7,0,0,2,1,15,A01
200800066988,0,31,0,0,2,1,1,B01
200800066989,0,34,0,0,2,1,1,B01
200800066989,0,30,0,0,2,7,16,A01
200800066990,0,7,0,0,9,0,1,A01
200800066990,0,1,0,0,2,0,9,B01
200800066991,0,32,0,1,2,1,15,A01
200800066991,0,37,0,0,2,6,24,B01
200800066992,1,30,0,1,0,1,5,A01
200800066992,0,30,0,0,2,1,1,B01
200800066993,0,7,0,0,2,1,2,A01
200800066993,0,32,0,0,2,4,1,B01
200800066994,0,30,0,0,2,1,15,A01
200800066994,0,7,0,0,2,3,15,B01
200800066995,0,7,0,0,2,1,1,A01
200800066995,0,7,0,0,2,3,1,B01
200800066996,0,7,0,0,2,3,11,A01
200800066996,0,30,0,0,2,1,17,B01
200800066997,0,3,0,0,1,4,4,A01
200800066998,0,33,0,0,0,0,1,A01
200800066999,0,37,46,0,2,1,2,A01
200800066999,0,7,0,0,2,2,19,B01
200800067000,0,7,0,0,2,0,9,A01
200800067000,0,33,0,0,2,0,0,B01
200800067001,1,7,0,0,1,3,1,A01
200800067002,0,7,0,0,0,4,0,A01
200800067002,0,2,0,0,2,1,0,B01
200800067003,0,7,0,0,0,3,2,A01
200800067003,0,34,0,14,2,2,2,B01
200800067004,0,7,0,0,0,0,4,A01
200800067004,0,1,0,0,0,0,1,B01
200800067005,0,7,0,0,0,0,0,A01
200800067005,0,7,0,0,2,1,1,B01
200800067006,0,34,0,0,2,1,3,A01
200800067006,0,7,0,0,0,6,9,B01
200800067007,0,7,0,6,0,1,1,A01
200800067008,0,32,0,0,0,0,2,A01
200800067009,0,33,0,0,1,1,1,A01
200800067010,0,14,0,0,2,6,15,A01
200800067010,0,32,0,0,2,8,1,B01
200800067011,0,7,0,0,2,1,2,A01
200800067011,0,7,0,0,0,4,2,B01
200800067012,0,32,0,14,0,1,17,B01
200800067012,0,7,0,14,0,3,15,A01
200800067013,0,7,0,0,2,2,1,A01
200800067013,0,7,0,0,2,1,1,B01
200800067014,0,7,0,0,2,3,6,A01
200800067014,0,30,0,0,2,1,2,B01
200800067015,0,7,0,0,2,6,1,A01
200800067015,0,2,0,1,0,1,1,B01
200800067016,0,7,0,0,0,1,1,A01
200800067017,0,32,0,0,1,0,0,A01
200800067018,0,7,0,0,1,1,1,A01
200800067019,0,30,0,0,1,1,1,A01
200800067020,0,34,0,0,1,7,1,A01
200800067021,0,7,0,0,0,1,13,A01
200800067021,0,33,0,0,2,1,13,B01
200800067022,0,7,0,0,0,3,1,A01
200800067022,0,7,0,0,0,2,1,B01
200800067023,0,7,0,0,2,3,15,A01
200800067023,0,34,0,0,2,2,21,B01
200800067024,0,34,0,0,2,1,21,A01
200800067024,0,7,0,0,2,6,0,B01
200800067025,0,7,0,0,2,2,2,A01
200800067025,0,30,0,0,2,4,2,B01
200800067026,0,2,0,0,1,1,1,A01
200800067027,0,32,0,1,0,1,0,A01
200800067028,0,7,0,0,2,0,1,A01
200800067028,0,30,0,0,2,0,1,B01
200800067029,0,7,0,0,1,5,1,A01
200800067030,0,7,0,0,2,3,13,A01
200800067030,0,7,0,0,2,6,1,B01
200800067031,0,7,0,0,2,1,1,A01
200800067031,0,7,0,15,0,7,15,B01
200800067032,0,7,0,0,1,1,1,A01
200800067033,0,10,0,0,1,2,1,A01
200800067034,0,7,0,2,0,1,13,A01
200800067035,0,7,0,13,0,1,0,A01
200800067036,0,7,0,0,2,1,17,A01
200800067036,0,7,0,0,2,1,21,B01
200800067037,0,7,0,0,2,8,9,A01
200800067037,0,7,0,0,2,1,1,B01
200800067038,0,30,0,0,0,1,9,A01
200800067038,0,7,0,0,0,3,1,B01
200800067039,0,7,0,14,0,3,1,A01
200800067039,0,7,0,0,0,8,23,B01
200800067040,0,7,0,0,2,1,2,A01
200800067040,0,7,0,0,2,4,2,C01
200800067040,0,7,0,0,2,4,2,B01
200800067040,0,7,0,0,2,4,2,D01
200800067041,0,7,0,0,2,1,2,A01
200800067041,0,7,0,0,2,4,0,B01
200800067042,0,7,0,0,1,2,1,A01
200800067043,0,38,0,2,0,1,0,A01
200800067044,0,7,0,0,2,1,0,A01
200800067044,0,7,0,0,2,6,0,B01
200800067045,0,7,0,0,2,0,9,A01
200800067045,0,32,0,0,2,1,1,B01
200800067046,0,7,0,0,2,2,15,A01
200800067046,0,7,0,0,2,1,1,B01
200800067047,1,7,0,0,2,0,0,A01
200800067047,0,7,0,0,2,4,1,B01
200800067048,0,7,0,0,2,1,2,A01
200800067048,0,7,0,0,0,4,2,B01
200800067049,0,7,0,0,2,1,19,A01
200800067049,0,7,0,0,0,7,1,B01
200800067050,0,7,0,0,1,2,1,A01
200800067051,0,7,0,0,2,1,1,A01
200800067051,0,7,0,0,2,8,1,B01
200800067052,0,7,0,0,1,2,2,A01
200800067053,0,7,0,0,1,8,1,A01
200800067054,0,7,0,0,1,2,1,A01
200800067055,0,7,0,0,2,1,19,A01
200800067055,0,7,0,15,0,8,1,B01
200800067056,0,7,0,0,2,3,13,A01
200800067056,0,7,0,0,0,8,1,B01
200800067057,1,7,0,0,1,0,1,A01
200800067058,0,7,0,0,2,3,0,A01
200800067058,0,7,0,0,2,3,0,B01
200800067059,0,15,0,0,2,7,12,A01
200800067059,0,7,0,0,0,0,0,B01
200800067060,0,7,0,0,2,2,9,A01
200800067060,0,7,0,0,2,6,1,B01
200800067060,0,7,0,0,0,4,1,C01
200800067061,0,7,0,0,0,6,1,B01
200800067061,0,15,0,0,2,1,1,A01
200800067062,0,7,0,2,0,2,14,A01
200800067063,0,7,0,15,0,2,1,A01
200800067064,2,7,0,14,0,1,1,A01
200800067064,0,1,0,0,0,4,23,B01
200800067065,0,7,0,0,1,2,1,A01