Num_Acc,senc,catv,occutc,obs,obsm,choc,manv,num_veh
200800067066,0,7,0,0,2,3,1,B01
200800067066,0,30,0,0,2,1,1,A01
200800067067,0,30,0,0,2,1,5,A01
200800067067,0,7,0,0,2,1,1,B01
200800067068,0,2,0,14,0,1,0,A01
200800067068,0,10,0,0,0,1,23,B01
200800067069,0,2,0,0,2,1,15,A01
200800067069,0,7,0,0,2,1,1,B01
200800067070,0,10,0,0,2,8,1,B01
200800067070,0,30,0,0,2,1,1,A01
200800067071,0,33,0,0,2,1,1,A01
200800067071,0,7,0,0,0,0,2,B01
200800067071,0,10,0,0,0,5,1,C01
200800067072,0,37,1,0,1,3,0,V01
200800067073,0,7,0,0,2,1,2,A01
200800067073,0,33,0,0,2,4,2,B01
200800067074,0,2,0,0,2,3,1,B01
200800067074,0,30,0,0,2,1,1,A01
200800067075,0,7,0,0,1,7,1,A01
200800067076,0,7,0,0,1,1,1,A01
200800067077,0,7,0,0,1,1,1,A01
200800067078,0,7,0,0,2,3,1,A01
200800067078,0,30,0,0,2,9,1,B01
200800067079,0,7,0,0,1,0,1,A01
200800067080,0,7,0,0,2,3,11,A01
200800067080,0,33,0,0,2,1,1,B01
200800067081,0,7,0,0,2,3,5,A01
200800067081,0,7,0,0,2,1,1,B01
200800067082,0,7,0,16,1,1,2,A01
200800067083,0,7,0,0,2,8,10,A01
200800067083,0,2,0,0,2,1,1,B01
200800067084,0,7,0,0,2,8,15,B01
200800067084,0,33,0,0,2,1,1,A01
200800067085,0,32,0,0,2,3,16,A01
200800067085,0,7,0,0,2,2,1,B01
200800067086,0,7,0,1,2,1,1,A01
200800067086,0,1,0,0,2,4,1,B01
200800067087,0,33,0,9,0,1,1,A01
200800067088,0,2,0,0,2,1,1,A01
200800067088,0,7,0,0,2,3,0,B01
200800067089,0,7,0,0,1,3,1,A01
200800067090,0,32,0,0,2,0,1,A01
200800067090,0,1,0,0,0,1,14,B01
200800067091,0,33,0,0,2,1,1,C01
200800067091,0,7,0,0,2,3,13,A01
200800067091,0,7,0,0,0,7,21,B01
200800067092,0,7,0,0,2,1,1,A01
200800067092,0,33,0,0,0,4,23,B01
200800067093,0,31,0,0,2,1,17,A01
200800067093,0,7,0,0,0,3,15,B01
200800067094,0,7,0,0,2,7,15,A01
200800067094,0,31,0,0,2,1,1,B01
200800067095,0,2,0,0,0,3,1,B01
200800067095,0,7,0,0,2,1,1,A01
200800067096,1,10,0,0,2,1,23,A01
200800067096,0,7,0,0,0,4,23,B01
200800067097,0,7,0,0,2,5,16,A01
200800067097,0,2,0,0,2,1,1,B01
200800067098,0,2,0,0,2,1,2,A01
200800067098,0,7,0,0,0,4,23,B01
200800067099,0,7,0,0,0,2,15,A01
200800067099,0,32,0,0,2,1,1,B01
200800067100,0,10,0,0,2,1,2,A01
200800067100,0,33,0,5,2,4,23,B01
200800067101,0,7,0,0,0,2,15,A01
200800067101,0,33,0,0,2,1,1,B01
200800067102,0,7,0,0,1,7,1,A01
200800067103,0,33,0,0,2,1,2,A01
200800067103,0,7,0,0,0,4,1,B01
200800067104,0,7,0,0,1,2,1,A01
200800067105,0,7,0,0,0,0,1,B01
200800067105,0,7,0,0,2,1,1,A01
200800067106,0,7,0,0,2,1,15,A01
200800067106,0,33,0,0,2,1,1,B01
200800067107,0,1,0,0,2,1,15,B01
200800067107,0,10,0,0,0,0,15,A01
200800067108,0,7,0,0,0,3,10,A01
200800067108,0,33,0,0,2,1,1,B01
200800067109,0,3,0,0,1,1,1,A01
200800067110,0,10,0,0,2,2,2,A01
200800067110,0,7,0,0,0,4,16,B01
200800067111,0,10,0,0,0,8,10,A01
200800067111,0,7,0,0,2,2,1,B01
200800067112,0,10,0,0,2,2,16,A01
200800067112,0,1,0,0,2,3,1,B01
200800067113,0,1,0,0,1,1,1,A01
200800067114,0,30,0,0,1,1,17,A01
200800067115,0,7,0,0,2,1,2,A01
200800067115,0,7,0,0,0,4,23,B01
200800067116,0,7,0,0,2,6,9,A01
200800067116,0,31,0,0,2,1,1,B01
200800067117,0,1,0,0,2,1,1,A01
200800067117,0,1,0,0,2,1,15,B01
200800067118,0,7,0,0,2,2,15,A01
200800067118,0,2,0,0,2,1,1,B01
200800067119,0,10,0,0,0,6,15,A01
200800067119,0,7,0,0,2,1,1,B01
200800067120,0,7,0,0,1,2,15,A01
200800067121,0,2,0,0,2,1,1,A01
200800067121,0,7,0,0,2,7,16,B01
200800067122,0,30,0,0,2,1,1,A01
200800067122,0,7,0,0,0,5,15,B01
200800067123,0,7,0,0,2,0,2,A01
200800067123,0,1,0,0,0,0,2,B01
200800067124,0,1,0,0,9,1,1,A01
200800067124,0,1,0,0,9,1,1,B01
200800067125,1,7,0,0,1,1,1,A01
200800067126,0,37,0,0,0,0,0,A01
200800067127,0,7,0,11,0,2,6,A01
200800067128,0,7,0,0,2,1,15,A01
200800067128,0,7,0,0,2,1,1,B01
200800067129,0,7,0,0,1,2,1,A01
200800067130,0,7,0,0,1,1,1,A01
200800067131,0,10,0,0,0,7,15,A01
200800067131,0,30,0,0,2,1,1,B01
200800067132,0,30,0,0,0,0,1,B01
200800067132,0,7,0,0,2,2,1,A01
200800067133,0,34,0,0,2,1,1,A01
200800067133,0,7,0,0,0,5,14,B01
200800067134,0,14,0,0,1,8,1,A01
200800067135,0,2,0,0,2,7,17,A01
200800067135,0,7,0,0,0,3,23,B01
200800067135,0,7,0,1,0,5,15,C01
200800067136,0,2,0,0,2,7,1,A01
200800067136,0,7,0,0,2,1,15,B01
200800067137,0,7,0,0,2,1,2,A01
200800067137,0,10,0,0,0,4,1,B01
200800067138,0,10,0,0,0,6,20,A01
200800067138,0,2,0,0,2,1,1,B01
200800067139,0,1,0,0,2,1,19,A01
200800067139,0,7,0,0,0,3,1,B01
200800067140,0,7,0,0,0,3,16,B01
200800067140,0,2,0,0,2,1,1,A01
200800067141,0,2,0,0,2,1,1,B01
200800067141,0,30,0,0,0,2,1,A01
200800067142,0,14,0,0,1,7,16,A01
200800067143,0,7,0,0,2,2,1,B01
200800067143,0,7,0,0,0,3,1,A01
200800067144,0,7,0,15,1,2,10,A01
200800067145,0,10,0,0,0,0,5,A01
200800067145,0,7,0,0,0,4,23,B01
200800067145,0,7,0,0,2,1,1,C01
200800067146,0,2,0,0,2,3,18,A01
200800067146,0,7,0,0,0,7,16,B01
200800067147,0,10,0,0,1,6,4,A01
200800067148,0,31,0,0,0,0,1,B01
200800067148,0,7,0,0,2,2,15,A01
200800067149,0,7,0,0,2,8,1,A01
200800067149,0,33,0,0,2,1,1,B01
200800067150,0,7,0,0,2,3,20,A01
200800067150,0,2,0,0,2,1,2,B01
200800067151,0,7,0,0,1,7,2,A01
200800067152,0,2,0,0,2,1,15,A01
200800067152,0,7,0,0,0,2,1,B01
200800067153,0,7,0,0,0,5,15,A01
200800067153,0,32,0,0,2,1,1,B01
200800067154,0,7,0,0,2,3,1,B01
200800067154,0,7,0,0,0,9,1,A01
200800067155,0,30,0,0,2,1,1,A01
200800067155,0,7,0,0,0,0,15,B01
200800067156,0,7,0,0,0,5,1,B01
200800067156,0,2,0,0,2,1,1,A01
200800067157,0,7,0,0,9,3,1,A01
200800067157,0,1,0,0,2,1,1,B01
200800067158,1,7,0,0,1,0,1,A01
200800067159,0,2,0,1,2,1,21,B01
200800067159,0,7,0,0,0,0,15,A01
200800067160,0,7,0,0,2,2,15,A01
200800067160,0,30,0,0,2,1,1,B01
200800067161,0,7,0,0,2,2,1,A01
200800067161,0,14,0,0,2,6,11,B01
200800067162,0,2,0,12,0,1,1,A01
200800067163,0,10,0,0,1,1,1,A01
200800067164,0,32,0,0,1,1,1,A01
200800067165,0,2,0,0,0,7,1,A01
200800067166,0,7,0,0,0,3,15,B01
200800067166,0,1,0,0,2,1,1,A01
200800067167,0,7,0,0,0,0,10,A01
200800067167,0,33,0,0,2,1,17,B01
200800067168,0,7,0,0,0,4,4,A01
200800067168,0,7,0,0,2,1,1,B01
200800067169,0,31,0,0,2,1,1,B01
200800067169,0,7,0,0,0,2,15,A01
200800067170,1,7,0,1,2,0,0,A01
200800067170,0,7,0,0,2,1,0,B01
200800067171,0,7,0,0,2,3,9,A01
200800067171,0,7,0,0,0,2,2,B01
200800067172,0,2,0,0,2,1,15,A01
200800067172,0,7,0,0,2,1,1,B01
200800067173,0,7,0,0,1,1,1,A01
200800067174,0,7,0,6,0,1,1,A01
200800067175,0,31,0,0,0,7,1,A01
200800067176,0,2,0,0,2,1,1,B01
200800067176,0,7,0,0,2,2,15,A01
200800067177,0,30,0,0,1,1,1,A01
200800067178,0,7,0,0,2,1,1,A01
200800067178,0,7,0,0,2,7,15,B01
200800067179,0,7,0,6,2,8,13,A01
200800067179,0,7,0,0,2,8,1,B01
200800067180,0,7,0,0,2,1,1,A01
200800067180,0,7,0,0,2,4,1,B01
200800067181,0,33,0,0,2,8,1,A01
200800067181,0,7,0,0,9,1,1,B01
200800067182,0,34,0,14,0,2,1,A01
200800067182,0,7,0,0,9,3,1,B01
200800067183,0,7,0,15,0,1,1,A01
200800067184,0,7,0,0,9,7,2,A01
200800067184,0,1,0,0,2,8,2,B01
200800067185,0,7,0,9,0,8,0,A01
200800067186,0,7,0,11,0,1,1,A01
200800067187,2,7,0,8,1,1,0,A01
200800067188,0,7,0,0,2,7,15,A01
200800067188,0,7,0,0,2,1,1,B01
200800067189,1,10,0,0,1,0,0,A01
200800067190,1,7,0,0,1,0,0,A01
200800067191,0,7,0,0,2,1,1,A01
200800067191,0,1,0,0,2,4,1,B01
200800067192,0,7,0,0,1,1,1,A01
200800067193,0,7,0,0,1,1,1,A01
200800067194,0,7,0,0,1,1,1,A01
200800067195,0,7,0,0,2,7,1,B01
200800067195,0,7,0,0,2,1,1,A01
200800067196,0,7,0,10,0,1,1,A01
200800067197,0,7,0,0,2,8,13,A01
200800067197,0,33,0,0,2,3,1,B01
200800067198,0,7,0,5,0,2,14,A01
200800067199,0,30,0,1,0,1,1,A01
200800067200,0,7,0,0,2,3,15,A01
200800067200,0,33,0,0,2,0,1,B01
200800067201,0,2,0,0,2,1,1,B01
200800067201,0,7,0,0,2,2,17,A01
200800067201,0,10,0,0,2,3,1,C01
200800067202,0,2,0,0,1,1,21,A01
200800067203,0,7,0,0,2,1,2,A01
200800067203,0,7,0,0,0,4,2,B01
200800067204,0,7,0,0,1,2,16,A01
200800067205,0,7,0,0,2,3,1,A01
200800067205,0,7,0,0,2,2,1,B01
200800067206,0,33,0,0,0,7,1,A01
200800067207,0,7,0,8,0,1,1,A01
200800067208,0,7,0,8,0,1,1,A01
200800067209,0,7,0,15,2,1,2,A01
200800067209,0,7,0,0,0,0,0,B01
200800067209,0,7,0,0,2,6,2,C01
200800067210,0,7,0,0,2,6,19,A01
200800067210,0,7,0,0,0,0,0,B01
200800067211,0,10,0,0,2,1,13,A01
200800067211,0,7,0,0,2,8,1,B01
200800067212,0,7,0,14,2,1,9,A01
200800067212,0,7,0,0,2,3,1,B01
200800067213,0,7,0,0,2,0,13,A01
200800067213,0,7,0,0,2,0,1,B01
200800067214,0,10,0,0,1,0,0,A01
200800067215,0,7,0,0,2,0,2,A01
200800067215,0,7,0,0,2,0,2,B01
200800067216,0,10,0,0,2,1,2,A01
200800067216,0,7,0,0,2,0,2,B01
200800067216,0,7,0,0,2,0,2,C01
200800067217,0,7,0,0,2,0,9,A01
200800067217,0,7,0,0,2,3,1,B01
200800067218,1,7,0,0,2,6,17,A01
200800067218,0,33,0,0,2,0,17,B01
200800067219,0,7,0,0,2,0,2,A01
200800067219,0,7,0,0,2,0,2,B01
200800067219,0,7,0,0,4,0,2,C01
200800067220,0,7,0,0,1,0,1,A01
200800067221,0,7,0,0,1,0,1,A01
200800067222,0,7,0,0,2,1,1,A01
200800067222,0,7,0,0,2,4,1,B01
200800067222,0,7,0,0,0,4,1,C01
200800067223,0,7,0,15,0,0,1,A01
200800067224,0,7,0,0,1,1,1,A01
200800067225,0,7,0,14,0,1,1,A01
200800067226,0,7,0,0,2,2,2,A01
200800067226,0,7,0,0,2,4,2,B01
200800067227,0,7,0,0,2,8,15,A01
200800067227,0,33,0,0,2,1,1,B01
200800067228,0,2,0,0,2,1,1,A01
200800067228,0,7,0,0,2,7,2,B01
200800067229,0,33,0,0,0,0,2,A01
200800067230,0,33,0,0,2,1,1,A01
200800067231,0,33,0,0,2,2,14,A01
200800067231,0,7,0,0,2,3,14,B01
200800067232,0,10,0,14,0,4,2,A01
200800067232,0,10,0,0,9,4,2,B01
200800067233,0,7,0,0,2,2,12,A01
200800067233,0,31,0,0,2,1,3,B01
200800067233,0,10,0,0,0,5,1,C01
200800067234,0,33,0,0,0,0,21,A01
200800067235,0,33,0,0,2,1,3,A01
200800067235,0,7,0,0,2,3,13,B01
200800067235,0,7,0,0,2,5,2,C01
200800067235,0,7,0,0,2,6,2,D01
200800067236,0,17,0,0,2,2,12,A01
200800067236,0,7,0,0,2,6,1,B01
200800067237,1,7,0,0,0,0,0,A01
200800067237,0,33,0,0,0,0,0,B01
200800067238,0,33,0,0,2,7,2,A01
200800067238,0,10,0,0,2,2,12,B01
200800067239,0,31,0,0,0,3,2,A01
200800067240,0,31,0,0,2,1,2,A01
200800067240,0,7,0,0,0,4,1,B01
200800067241,0,13,0,14,0,1,1,A01
200800067241,0,7,0,0,0,4,0,B01
200800067242,0,33,0,0,2,1,3,A01
200800067242,0,32,0,0,2,4,3,B01
200800067242,0,7,0,0,2,7,1,C01
200800067242,0,7,0,0,2,4,1,D01
200800067243,0,7,0,0,2,1,1,A01
200800067243,0,7,0,0,0,4,1,B01
200800067244,0,7,0,0,2,3,1,A01
200800067244,0,7,0,0,2,5,2,B01
200800067245,0,7,0,5,0,1,14,A01
200800067246,0,7,0,0,2,1,2,A01
200800067246,0,7,0,0,0,4,2,B01
200800067247,0,7,0,0,2,1,16,A01
200800067247,0,7,0,0,0,5,9,B01
200800067248,0,7,0,3,0,1,12,A01
200800067249,0,7,0,0,2,1,2,A01
200800067249,0,7,0,0,0,4,2,B01
200800067250,0,7,0,4,0,2,1,A01
200800067251,0,7,0,4,2,1,13,A01
200800067251,0,7,0,0,2,2,0,B01
200800067252,0,17,0,0,2,3,2,A01
200800067252,0,7,0,0,0,4,2,F01
200800067252,0,7,0,0,2,4,2,B01
200800067252,0,7,0,0,2,4,2,C01
200800067252,0,7,0,0,2,4,2,D01
200800067252,0,7,0,0,2,4,2,E01
200800067253,0,7,0,4,2,7,1,B01
200800067253,0,17,0,0,2,1,12,A01
200800067254,0,7,0,0,2,5,1,B01
200800067254,0,7,0,0,2,6,11,A01
200800067255,0,7,0,4,0,8,1,A01
200800067255,1,13,0,0,2,0,12,B01
200800067256,0,7,0,0,2,8,3,A01
200800067256,0,13,0,0,0,7,1,B01
200800067257,0,7,0,0,2,1,1,A01
200800067257,0,7,0,0,0,4,2,B01
200800067258,0,7,0,4,0,3,21,A01
200800067259,0,7,0,3,0,1,13,A01
200800067260,0,7,0,4,0,1,1,A01
200800067261,0,7,0,0,2,1,2,A01
200800067261,0,7,0,0,0,4,2,B01
200800067262,0,10,0,0,0,1,0,A01
200800067262,0,10,0,0,0,4,0,B01
200800067262,0,10,0,0,0,6,0,C01
200800067263,0,15,0,0,2,1,2,A01
200800067263,0,99,0,0,2,8,2,B01
200800067263,0,15,0,0,0,3,2,C01
200800067264,0,7,0,0,2,6,11,A01
200800067264,0,17,0,0,2,2,1,B01
200800067265,0,7,0,0,2,1,13,B01
200800067265,0,7,0,0,2,1,19,A01
200800067266,0,7,0,3,2,2,1,A01
200800067266,0,14,0,0,2,2,1,B01
200800067267,0,15,0,0,2,1,2,A01
200800067267,0,7,0,0,2,4,2,B01
200800067267,0,7,0,0,2,4,2,C01
200800067267,0,7,0,0,0,4,2,D01
200800067268,0,10,0,0,0,1,2,A01
200800067268,0,7,0,0,0,4,2,B01
200800067268,0,7,0,0,0,4,2,C01
200800067269,0,7,0,3,0,2,1,A01
200800067270,0,7,0,0,2,1,13,A01
200800067270,0,7,0,0,0,3,1,B01
200800067271,0,7,0,0,2,1,2,A01
200800067271,0,7,0,0,0,4,2,B01
200800067272,0,7,0,3,0,3,1,A01
200800067273,0,7,0,3,2,1,2,A01
200800067273,0,7,0,0,0,4,2,B01
200800067274,0,7,0,0,2,1,2,A01
200800067274,0,7,0,3,0,4,2,B01
200800067274,0,7,0,0,0,0,2,C01
200800067275,0,7,0,0,0,4,2,A01
200800067275,0,7,0,0,2,9,2,B01
200800067275,0,7,0,0,2,1,2,C01
200800067276,0,14,0,15,2,1,2,A01
200800067276,0,7,0,15,2,9,2,B01
200800067276,0,7,0,0,2,9,2,C01
200800067276,0,7,0,15,2,4,2,D01
200800067277,0,7,0,0,2,1,0,A01
200800067277,0,7,0,3,0,0,0,B01
200800067278,0,10,0,0,2,1,2,A01
200800067278,0,7,0,0,2,1,2,B01
200800067278,0,7,0,0,9,4,2,C01
200800067279,0,7,0,0,0,4,2,B01
200800067279,0,7,0,0,2,1,2,A01
200800067280,0,7,0,0,2,7,9,A01
200800067280,0,7,0,0,2,6,1,B01
200800067280,0,14,0,0,2,2,1,C01
200800067281,0,7,0,3,0,3,1,A01
200800067282,0,32,0,0,0,7,1,A01
200800067283,0,10,0,0,2,1,2,A01
200800067283,0,7,0,0,0,4,2,B01
200800067283,0,7,0,0,0,4,2,C01
200800067284,0,7,0,0,2,4,1,B01
200800067284,0,7,0,0,2,1,12,A01
200800067285,0,7,0,0,2,1,2,A01
200800067285,0,7,0,0,2,4,0,B01
200800067285,0,7,0,0,0,4,0,C01
200800067286,0,7,0,0,2,1,2,A01
200800067286,0,7,0,0,9,4,2,B01
200800067287,0,7,0,0,0,9,1,A01
200800067288,0,7,0,0,2,1,2,A01
200800067288,0,7,0,0,0,4,2,B01
200800067289,0,32,0,4,2,0,21,A01
200800067289,1,7,0,0,0,0,11,B01
200800067290,0,7,0,0,2,2,11,A01
200800067290,0,7,0,0,0,4,1,B01
200800067291,0,7,0,0,2,1,2,A01
200800067291,0,7,0,0,0,4,23,B01
200800067292,0,7,0,4,2,1,2,A01
200800067292,0,7,0,4,0,4,2,B01
200800067292,0,7,0,0,0,6,0,C01
200800067293,0,7,0,3,0,3,1,A01
200800067293,0,7,0,1,0,3,2,B01
200800067294,0,7,0,4,0,2,16,A01
200800067295,0,17,0,0,2,7,1,A01
200800067295,0,7,0,15,2,8,2,B01
200800067296,0,7,0,0,2,1,0,B01
200800067296,0,7,0,0,2,2,1,A01
200800067297,0,7,0,0,1,0,1,A01
200800067298,0,10,0,0,0,9,1,A01
200800067299,0,7,0,0,2,3,13,A01
200800067299,0,37,1,0,2,3,1,B01
200800067300,0,7,0,0,1,1,2,A01
200800067301,0,34,0,0,1,1,1,A01
200800067302,0,7,0,0,0,5,23,A01
200800067302,0,7,0,1,0,1,2,B01
200800067302,0,7,0,0,2,1,2,C01
200800067302,0,7,0,0,2,3,2,D01
200800067303,0,2,0,0,0,0,0,A01
200800067304,0,7,0,0,2,6,11,A01
200800067304,0,33,0,0,2,2,17,B01
200800067305,0,33,0,10,0,7,21,A01
200800067306,0,33,0,0,0,0,3,A01
200800067307,0,7,0,0,2,6,11,A01
200800067307,0,33,0,0,2,2,1,B01
200800067308,0,33,0,0,0,1,3,A01
200800067308,0,10,0,0,0,4,11,B01
200800067309,0,2,0,0,2,1,1,A01
200800067309,0,7,0,0,2,3,1,B01
200800067310,0,32,0,0,0,8,1,A01
200800067311,0,30,0,4,0,8,13,A01
200800067312,0,30,0,0,2,6,18,A01
200800067312,0,7,0,0,2,7,22,B01
200800067313,0,32,0,0,2,5,14,A01
200800067313,0,7,0,0,2,3,1,B01
200800067314,0,30,0,0,1,1,1,A01
200800067315,0,32,0,12,0,3,18,A01
200800067316,0,7,0,0,2,1,2,A01
200800067316,0,7,0,0,2,4,23,B01
200800067316,0,7,0,0,2,4,23,C01
200800067317,0,1,0,0,2,4,2,A01
200800067317,1,7,0,15,2,1,2,B01
200800067318,0,7,0,14,0,8,14,A01
200800067319,0,7,0,0,2,1,2,A01
200800067319,0,7,0,0,2,4,2,B01
200800067320,0,30,0,0,2,8,1,A01
200800067320,0,7,0,0,2,1,1,B01
200800067321,0,31,0,0,0,0,1,A01
200800067322,0,32,0,1,0,1,14,A01
200800067323,0,31,0,0,2,1,2,A01
200800067323,0,7,0,0,2,6,23,B01
200800067324,0,7,0,0,2,5,1,B01
200800067324,0,2,0,0,2,1,1,A01
200800067325,0,7,0,0,1,2,15,A01
200800067326,0,7,0,0,0,1,1,A01
200800067327,0,7,0,0,1,4,1,A01
200800067328,0,33,0,0,0,0,1,A01
200800067329,0,7,0,0,2,3,1,A01
200800067329,0,32,0,0,2,1,1,B01
200800067330,0,7,0,0,1,3,1,A01
200800067331,0,7,0,0,1,1,15,A01
200800067332,0,1,0,0,2,1,1,A01
200800067332,0,7,0,0,2,5,1,B01
200800067333,0,7,0,0,2,2,1,A01
200800067333,0,33,0,0,2,8,1,B01
200800067334,0,7,0,0,2,3,15,B01
200800067334,0,7,0,0,2,1,1,A01
200800067335,0,7,0,0,2,0,10,A01
200800067335,0,30,0,0,2,1,1,B01
200800067336,0,7,0,0,2,1,1,A01
200800067336,0,7,0,0,2,5,1,B01
200800067337,0,7,0,0,1,1,1,A01
200800067338,0,10,0,0,2,1,15,A01
200800067338,0,33,0,4,2,7,1,B01
200800067339,0,7,0,4,0,3,13,A01
200800067340,0,33,0,0,2,1,3,A01
200800067340,0,10,0,0,2,6,13,B01
200800067340,0,7,0,0,2,2,1,C01
200800067341,0,7,0,0,2,2,12,A01
200800067341,0,33,0,4,2,1,3,B01
200800067342,0,7,0,0,0,4,24,B01
200800067342,0,31,0,1,1,1,13,A01
200800067343,0,2,0,0,1,1,1,A01
200800067344,0,34,0,14,0,1,1,A01
200800067345,0,31,0,0,1,1,2,A01
200800067346,0,7,0,0,2,3,22,A01
200800067346,0,1,0,1,0,1,21,B01
200800067347,0,32,0,0,2,1,1,B01
200800067347,0,10,0,0,0,7,1,A01
200800067348,1,7,0,0,1,5,20,A01
200800067349,0,7,0,0,1,2,15,A01
200800067350,0,32,0,0,0,1,18,B01
200800067350,0,7,0,0,2,5,16,A01
200800067351,1,7,0,0,1,7,1,A01
200800067352,0,37,4,0,2,6,1,A01
200800067352,0,1,0,0,2,2,16,B01
200800067353,0,2,0,0,2,1,1,A01
200800067353,0,1,0,0,2,2,15,B01
200800067354,0,10,0,0,2,2,15,A01
200800067354,0,31,0,0,2,1,1,B01
200800067355,0,2,0,0,2,2,1,A01
200800067355,0,7,0,0,2,8,15,B01
200800067356,0,32,0,0,0,8,2,A01
200800067357,0,7,0,0,2,2,0,A01
200800067357,0,32,0,0,2,1,0,B01
200800067358,0,10,0,0,2,1,1,A01
200800067358,0,7,0,0,2,4,23,B01
200800067358,0,7,0,0,2,4,23,C01
200800067359,0,7,0,0,0,2,2,B01
200800067359,0,32,0,0,0,2,2,A01
200800067360,0,13,0,0,1,0,2,A01
200800067361,0,1,0,0,1,1,1,A01
200800067362,0,2,0,0,1,1,1,A01
200800067363,0,2,0,0,1,3,2,A01
200800067364,0,7,0,0,0,5,1,B01
200800067364,0,32,0,0,0,1,2,A01
200800067365,0,7,0,1,0,1,2,A01
200800067365,0,2,0,0,0,7,24,B01
200800067366,0,10,2,0,2,8,1,A01
200800067366,0,2,0,0,2,7,2,B01
200800067367,0,7,0,0,2,7,12,A01
200800067367,0,33,0,0,2,8,3,B01
200800067368,0,33,0,0,0,3,3,A01
200800067368,0,7,0,0,0,2,12,B01
200800067368,0,7,0,0,0,6,2,C01
200800067369,0,7,0,0,2,3,11,A01
200800067369,0,33,0,0,2,7,1,B01
200800067370,0,14,0,0,2,0,23,A01
200800067370,0,1,0,0,2,9,17,B01
200800067371,0,7,0,0,2,3,15,A01
200800067371,0,30,0,0,2,2,17,B01
200800067372,0,7,0,0,2,2,1,B01
200800067372,0,33,0,0,2,1,1,A01
200800067373,0,7,0,0,2,2,16,A01
200800067373,0,32,0,0,2,3,16,B01
200800067374,0,2,0,0,2,1,18,A01
200800067374,0,7,0,0,2,5,16,B01
200800067375,1,10,0,0,2,0,1,A01
200800067375,0,30,0,0,2,6,9,B01
200800067376,0,7,0,0,2,2,15,A01
200800067376,0,30,0,0,2,3,1,B01
200800067377,0,30,0,0,0,8,1,A01
200800067378,0,30,0,0,0,0,1,A01
200800067379,0,33,0,0,2,3,1,A01
200800067379,0,7,0,0,2,3,10,B01
200800067380,0,30,0,0,2,2,1,B01
200800067380,0,7,0,0,2,3,1,A01
200800067381,0,30,0,0,2,3,21,B01
200800067381,0,30,0,0,2,1,2,A01
200800067382,0,2,0,0,0,6,1,A01
200800067383,0,1,0,1,0,1,13,A01
200800067384,0,7,0,0,2,6,22,A01
200800067384,0,1,0,0,2,1,1,B01
200800067385,0,7,0,0,2,8,10,A01
200800067385,0,33,0,0,2,7,1,B01
200800067386,0,2,0,0,0,8,1,A01
200800067387,0,7,0,1,2,8,1,B01
200800067387,0,7,0,0,2,1,1,A01
200800067388,0,7,0,1,1,2,1,A01
200800067389,0,32,0,0,2,7,17,A01
200800067389,0,30,0,0,2,3,15,B01
200800067390,0,7,0,0,2,3,9,A01
200800067390,0,32,0,0,2,1,1,B01
200800067391,0,7,0,0,2,2,15,A01
200800067391,0,7,0,0,2,1,1,B01
200800067392,0,13,0,6,2,1,2,A01
200800067392,0,7,0,0,2,1,2,B01
200800067393,0,7,0,0,1,2,15,A01
200800067394,0,7,0,0,2,8,1,B01
200800067394,0,30,0,0,2,1,1,A01
200800067395,0,7,0,0,0,7,1,A01
200800067396,0,30,0,0,2,4,13,A01
200800067396,0,32,0,0,2,0,1,B01
200800067397,0,33,0,0,2,0,17,A01
200800067397,0,7,0,0,2,3,1,B01
200800067398,0,7,0,4,0,1,13,A01
200800067399,0,7,0,0,1,3,1,A01
200800067400,0,7,0,0,2,6,1,B01
200800067400,0,7,0,15,2,7,1,A01
200800067401,0,33,0,0,1,1,1,A01
200800067402,0,7,0,0,2,1,2,A01
200800067402,0,10,0,0,2,4,2,B01
200800067402,0,7,0,0,2,8,1,C01
200800067403,0,7,0,0,2,6,1,B01
200800067403,0,7,0,0,2,0,0,A01
200800067404,0,15,0,0,2,2,12,B01
200800067404,0,7,0,4,2,8,1,A01
200800067405,0,7,0,0,0,4,2,B01
200800067405,0,7,0,0,2,1,2,A01
200800067405,0,10,0,0,2,1,2,C01
200800067406,0,10,0,0,2,8,1,B01
200800067406,0,31,0,0,2,2,3,A01
200800067407,0,33,0,0,0,7,0,A01
200800067408,0,31,0,0,2,7,3,B01
200800067408,0,7,0,0,0,6,11,A01
200800067409,0,33,0,6,2,1,1,B01
200800067409,0,10,0,0,2,8,11,A01
200800067410,0,33,0,0,2,1,2,A01
200800067410,0,10,0,0,2,6,1,B01
200800067411,0,14,0,0,0,0,0,C01
200800067411,0,14,0,0,0,0,0,B01
200800067411,0,7,0,0,0,0,0,A01
200800067412,0,10,0,0,2,4,1,B01
200800067412,0,7,0,0,0,8,1,A01
200800067413,0,33,0,0,2,2,1,B01
200800067413,0,7,0,0,2,3,11,A01
200800067414,0,10,0,0,2,4,1,B01
200800067414,0,33,0,0,2,1,3,A01
200800067415,0,7,0,1,1,1,14,A01
200800067415,0,7,0,4,0,8,1,B01
200800067416,0,7,0,0,2,1,2,C01
200800067416,0,7,0,0,2,1,2,H01
200800067416,0,7,0,0,2,1,2,B01
200800067416,0,7,0,0,2,1,2,G01
200800067416,0,7,0,0,2,1,0,A01
200800067416,0,7,0,0,2,1,2,F01
200800067416,0,7,0,0,2,1,2,E01
200800067416,0,7,0,0,2,1,2,D01
200800067417,1,7,0,0,2,0,0,A01