Num_Acc,senc,catv,occutc,obs,obsm,choc,manv,num_veh
200800067417,0,7,0,0,2,6,1,B01
200800067418,0,7,0,0,2,0,0,A01
200800067418,0,7,0,0,2,0,0,B01
200800067419,0,7,0,13,0,8,0,A01
200800067420,0,7,0,3,0,0,0,A01
200800067421,0,7,0,4,0,0,0,A01
200800067422,0,7,0,0,2,1,2,A01
200800067422,0,7,0,0,0,4,2,B01
200800067423,0,33,0,0,2,0,21,A01
200800067423,0,7,0,0,0,0,11,B01
200800067424,1,17,0,0,2,0,0,A01
200800067424,0,7,0,0,2,0,1,B01
200800067424,0,7,0,0,0,0,1,C01
200800067425,0,7,0,0,2,0,11,A01
200800067425,0,7,0,0,2,0,1,B01
200800067425,0,10,0,0,2,0,1,C01
200800067426,0,7,0,0,2,0,14,A01
200800067426,0,7,0,0,2,0,1,B01
200800067427,0,7,0,4,0,8,13,A01
200800067428,0,7,0,3,0,0,0,A01
200800067429,0,7,0,4,0,0,0,A01
200800067430,0,7,0,3,0,0,0,A01
200800067431,0,7,0,4,0,0,0,A01
200800067432,0,17,0,0,0,2,12,A01
200800067432,0,7,0,0,2,6,1,B01
200800067433,0,17,0,4,2,0,0,A01
200800067433,0,7,0,0,2,0,1,B01
200800067433,0,7,0,0,9,7,0,C01
200800067433,0,7,0,0,9,1,0,D01
200800067433,0,7,0,0,9,1,0,E01
200800067434,0,7,0,4,0,0,0,A01
200800067435,0,7,0,0,0,9,0,A01
200800067436,0,7,0,0,2,1,2,A01
200800067436,0,7,0,0,2,4,2,B01
200800067436,0,17,0,0,0,4,2,C01
200800067437,0,10,0,13,0,9,0,A01
200800067438,0,17,0,0,2,1,2,A01
200800067438,0,7,0,0,2,4,2,B01
200800067439,0,7,0,4,0,9,0,A01
200800067439,0,7,0,4,0,0,0,B01
200800067439,0,7,0,0,2,0,0,C01
200800067440,0,7,0,0,2,3,13,A01
200800067440,0,16,0,0,0,2,1,B01
200800067440,0,10,0,0,0,2,1,C01
200800067441,0,7,0,0,0,7,1,A01
200800067441,0,17,0,0,2,8,11,B01
200800067442,0,17,0,0,0,0,0,A01
200800067443,0,7,0,4,0,0,0,A01
200800067444,0,7,0,3,0,0,0,A01
200800067445,0,7,0,3,0,0,0,A01
200800067446,0,7,0,0,2,1,2,A01
200800067446,0,7,0,0,2,4,2,B01
200800067446,0,7,0,0,2,1,2,C01
200800067446,0,7,0,0,2,4,2,D01
200800067447,0,17,0,0,2,1,2,A01
200800067447,0,7,0,0,2,4,2,B01
200800067447,0,7,0,0,2,4,2,C01
200800067448,0,7,0,0,2,1,2,A01
200800067448,0,17,0,0,2,4,2,B01
200800067449,0,17,0,0,2,0,0,A01
200800067449,0,7,0,0,2,0,0,B01
200800067449,0,7,0,0,2,0,0,C01
200800067450,0,7,0,0,2,1,2,A01
200800067450,0,10,0,0,2,4,2,B01
200800067451,0,17,0,0,0,0,0,A01
200800067451,0,7,0,0,2,0,0,B01
200800067451,0,17,0,0,2,0,0,C01
200800067451,0,7,0,0,2,0,0,D01
200800067452,0,7,0,0,2,1,2,A01
200800067452,0,7,0,0,2,4,2,B01
200800067452,0,7,0,0,2,4,2,C01
200800067453,0,7,0,4,0,0,0,A01
200800067454,0,7,0,0,2,1,2,A01
200800067454,0,7,0,0,2,4,2,B01
200800067455,0,7,0,0,2,0,0,A01
200800067455,0,10,0,0,2,0,0,B01
200800067456,0,7,0,4,0,9,0,A01
200800067457,0,7,0,0,0,0,0,A01
200800067458,0,7,0,4,0,0,0,A01
200800067459,0,7,0,0,0,0,0,A01
200800067460,0,7,0,0,0,0,0,A01
200800067461,0,7,0,0,0,0,0,A01
200800067462,0,7,0,4,0,9,0,A01
200800067463,0,17,0,0,2,0,11,A01
200800067463,0,7,0,0,2,0,1,B01
200800067464,0,10,0,13,0,9,0,A01
200800067465,0,17,0,0,2,0,11,A01
200800067465,0,7,0,0,2,0,1,B01
200800067465,0,7,0,0,2,0,1,C01
200800067466,0,7,0,3,0,0,14,A01
200800067467,0,7,0,3,0,0,0,A01
200800067468,0,7,0,4,0,0,0,A01
200800067469,0,7,0,3,0,0,14,A01
200800067470,0,33,0,0,0,0,0,A01
200800067471,0,7,0,3,0,1,2,A01
200800067472,0,7,0,4,0,1,2,A01
200800067473,0,10,0,4,0,2,1,A01
200800067474,0,7,0,2,0,7,1,A01
200800067475,0,7,0,4,0,3,2,A01
200800067476,0,7,0,0,2,3,2,B01
200800067476,0,7,0,4,2,2,2,A01
200800067477,0,7,0,3,0,3,1,A01
200800067478,0,7,0,4,0,6,2,A01
200800067479,0,7,0,0,0,8,1,B01
200800067479,0,17,0,0,2,1,11,A01
200800067480,0,7,0,4,0,1,2,A01
200800067480,0,7,0,0,2,3,2,B01
200800067481,0,17,0,0,2,7,12,A01
200800067481,0,10,0,0,0,8,1,B01
200800067482,0,7,0,8,0,2,2,A01
200800067483,0,17,0,0,2,2,1,A01
200800067483,0,7,0,0,2,5,1,B01
200800067483,0,10,0,0,0,7,1,C01
200800067483,0,7,0,0,0,1,1,D01
200800067484,0,7,0,0,2,1,2,A01
200800067484,0,7,0,0,0,4,2,B01
200800067485,0,33,0,0,0,8,2,A01
200800067486,0,17,0,0,2,2,12,A01
200800067486,0,7,0,0,0,5,1,B01
200800067487,0,7,0,4,0,1,2,A01
200800067488,0,7,0,4,0,2,2,A01
200800067489,0,7,0,4,0,1,2,A01
200800067490,0,17,0,0,2,2,1,A01
200800067490,0,7,0,0,0,8,1,B01
200800067490,0,7,0,0,2,2,1,C01
200800067491,0,7,0,0,2,4,1,A01
200800067491,0,7,0,0,2,4,0,B01
200800067492,0,7,0,0,2,1,2,A01
200800067492,0,7,0,0,0,4,2,B01
200800067493,0,17,0,0,2,2,1,A01
200800067493,0,7,0,4,2,6,9,B01
200800067494,0,7,0,4,0,1,2,A01
200800067495,0,13,0,4,2,1,2,A01
200800067495,0,7,0,3,0,4,3,B01
200800067496,0,7,0,0,2,1,2,A01
200800067496,0,7,0,0,0,4,1,B01
200800067497,0,7,0,0,2,1,1,A01
200800067497,0,7,0,0,2,4,2,B01
200800067497,0,7,0,0,2,4,2,C01
200800067497,1,7,0,0,0,4,2,D01
200800067498,0,7,0,4,2,1,2,A01
200800067498,0,7,0,0,0,4,2,B01
200800067499,0,17,0,0,2,1,2,A01
200800067499,0,17,0,0,2,4,2,B01
200800067499,0,7,0,0,0,4,2,C01
200800067500,0,7,0,0,2,1,1,A01
200800067500,0,7,0,3,0,5,1,B01
200800067501,0,7,0,4,0,1,2,A01
200800067502,0,7,0,3,0,2,1,A01
200800067503,0,7,0,4,0,1,0,A01
200800067504,0,7,0,0,0,2,1,A01
200800067504,0,7,0,0,2,6,11,B01
200800067505,0,7,0,0,2,1,5,A01
200800067505,0,7,0,0,2,1,2,B01
200800067506,0,7,0,0,0,4,23,A01
200800067506,0,10,0,0,2,3,21,B01
200800067507,0,7,0,0,0,4,1,A01
200800067507,0,7,0,0,2,1,2,B01
200800067508,0,7,0,0,0,4,1,A01
200800067508,0,7,0,0,2,1,1,B01
200800067508,0,7,0,0,2,1,1,C01
200800067509,0,7,0,0,0,4,1,A01
200800067509,0,7,0,0,0,3,1,B01
200800067509,0,7,0,0,2,2,21,C01
200800067510,0,7,0,0,2,5,11,A01
200800067510,0,33,0,0,2,1,1,B01
200800067511,0,7,0,0,2,3,1,B01
200800067511,0,10,0,0,2,3,5,A01
200800067512,0,7,0,0,0,1,1,A01
200800067513,0,7,0,0,0,4,2,B01
200800067513,0,7,0,0,2,1,1,A01
200800067514,0,7,0,4,0,1,1,A01
200800067515,0,7,0,3,2,0,0,A01
200800067515,0,15,0,0,2,9,0,B01
200800067516,0,7,0,0,2,5,21,A01
200800067516,0,15,0,0,0,6,11,B01
200800067517,0,7,0,0,0,4,2,C01
200800067517,0,17,0,0,2,1,2,A01
200800067517,0,7,0,0,2,4,2,B01
200800067518,0,7,0,0,2,1,2,A01
200800067518,0,7,0,0,1,4,2,B01
200800067518,0,7,0,0,0,4,2,C01
200800067519,0,7,0,0,2,4,2,A01
200800067519,0,7,0,0,2,1,2,B01
200800067520,0,10,0,0,2,4,2,A01
200800067520,0,10,0,0,2,2,2,B01
200800067521,0,7,0,3,0,6,0,A01
200800067522,0,7,0,0,2,1,1,B01
200800067522,0,7,0,0,0,4,1,A01
200800067523,0,7,0,3,0,8,1,A01
200800067524,0,14,0,0,0,6,23,A01
200800067524,0,10,0,0,2,1,1,F01
200800067524,0,14,0,1,1,2,14,B01
200800067524,0,13,0,0,2,1,1,C01
200800067524,0,7,0,4,0,4,23,D01
200800067524,0,7,0,4,2,4,23,E01
200800067525,0,10,0,14,0,3,2,B01
200800067525,0,10,0,3,0,2,2,A01
200800067526,0,7,0,0,2,4,1,A01
200800067526,0,7,0,0,2,1,1,B01
200800067527,0,7,0,0,0,6,1,A01
200800067527,0,10,0,0,2,2,21,B01
200800067528,0,7,0,0,1,2,1,A01
200800067528,0,7,0,0,2,1,1,B01
200800067529,0,7,0,15,0,6,1,A01
200800067530,0,7,0,4,2,2,1,A01
200800067530,0,10,0,4,0,3,1,B01
200800067530,0,7,0,0,0,0,1,C01
200800067531,0,7,0,4,0,3,1,A01
200800067532,0,7,0,0,0,4,0,A01
200800067532,0,7,0,0,2,1,1,B01
200800067533,0,7,0,0,2,5,1,A01
200800067533,0,33,0,0,2,3,1,B01
200800067534,0,10,0,13,0,9,1,A01
200800067535,0,34,0,0,9,0,1,A01
200800067536,0,7,0,0,0,4,1,A01
200800067536,0,7,0,0,2,2,2,B01
200800067537,0,7,0,0,0,9,0,A01
200800067537,0,7,0,0,2,1,0,B01
200800067538,0,7,0,0,1,0,0,A01
200800067538,0,7,0,0,1,3,1,B01
200800067539,0,7,0,0,0,4,1,A01
200800067539,0,7,0,0,2,1,1,B01
200800067540,2,7,0,3,2,3,23,A01
200800067540,0,7,0,0,2,3,1,B01
200800067541,0,31,0,0,0,8,1,A01
200800067542,0,7,0,0,0,1,1,A01
200800067542,0,99,0,0,2,1,2,B01
200800067542,0,99,0,0,2,1,2,C01
200800067543,0,7,0,0,0,4,11,A01
200800067543,0,7,0,0,2,1,1,B01
200800067543,0,7,0,0,2,1,1,C01
200800067544,0,7,0,0,0,6,0,A01
200800067544,0,33,0,0,2,2,3,B01
200800067545,0,33,0,3,0,1,1,A01
200800067545,1,99,0,0,2,0,14,B01
200800067546,0,7,0,0,0,9,0,A01
200800067547,0,7,0,0,2,7,1,A01
200800067547,0,32,0,0,2,8,1,B01
200800067548,0,7,0,4,0,3,0,A01
200800067549,0,7,0,0,2,4,1,A01
200800067549,0,7,0,0,0,1,1,B01
200800067550,0,34,0,16,0,8,2,A01
200800067551,0,7,0,0,0,4,1,A01
200800067551,0,7,0,0,2,4,1,B01
200800067551,0,7,0,0,2,4,1,C01
200800067551,0,7,0,0,2,4,1,D01
200800067552,0,7,0,4,0,1,11,A01
200800067553,0,7,0,0,2,2,1,B01
200800067553,0,7,0,0,2,2,5,A01
200800067554,0,7,0,0,2,8,19,A01
200800067554,0,7,0,0,2,7,1,B01
200800067555,0,7,0,3,0,1,0,A01
200800067556,0,10,0,0,0,4,1,A01
200800067556,0,7,0,0,2,6,12,B01
200800067556,0,7,0,0,2,4,1,C01
200800067556,0,10,0,0,2,1,1,D01
200800067557,0,14,0,3,0,3,1,A01
200800067558,0,7,0,0,0,4,2,A01
200800067558,0,7,0,0,2,4,2,B01
200800067558,0,10,0,0,2,1,2,C01
200800067559,0,7,0,0,0,6,1,A01
200800067560,0,7,0,4,0,2,14,A01
200800067561,0,7,0,0,2,4,1,A01
200800067561,0,10,0,0,2,1,2,B01
200800067562,0,7,0,4,0,1,1,A01
200800067563,0,10,0,0,0,4,2,A01
200800067563,0,7,0,0,2,1,0,F01
200800067563,0,10,0,0,2,4,2,B01
200800067563,0,7,0,0,2,4,0,G01
200800067563,0,7,0,0,2,1,21,C01
200800067563,0,7,0,0,2,1,0,H01
200800067563,0,7,0,0,2,4,0,D01
200800067563,0,7,0,0,2,3,0,E01
200800067564,0,7,0,4,0,1,0,A01
200800067565,0,33,0,3,0,0,2,A01
200800067566,0,7,0,4,0,4,1,A01
200800067567,0,33,0,4,0,7,1,A01
200800067567,0,7,0,0,2,8,1,B01
200800067567,0,33,0,0,2,2,3,C01
200800067567,0,33,0,0,2,1,1,D01
200800067568,0,33,0,0,2,1,3,A01
200800067568,0,7,0,0,2,8,12,B01
200800067569,0,7,0,0,2,5,0,A01
200800067569,0,33,0,0,2,0,0,B01
200800067570,0,7,0,0,2,6,2,A01
200800067570,0,33,0,0,2,7,3,B01
200800067571,0,15,0,0,2,2,14,A01
200800067571,0,7,0,0,2,6,2,B01
200800067572,0,7,0,12,0,2,14,A01
200800067573,0,33,0,0,2,6,2,A01
200800067573,0,7,0,0,2,2,2,B01
200800067574,0,7,0,0,2,1,2,C01
200800067574,0,7,0,0,0,0,2,B01
200800067574,0,33,0,0,0,0,2,D01
200800067574,0,33,0,0,0,0,2,A01
200800067575,0,7,0,4,0,1,1,A01
200800067576,0,14,0,0,2,4,2,A01
200800067576,0,17,0,1,2,1,2,B01
200800067577,0,10,0,0,2,4,2,A01
200800067577,0,7,0,0,2,1,2,B01
200800067578,0,7,0,5,0,1,1,A01
200800067579,0,7,0,0,2,6,13,A01
200800067579,0,2,0,0,2,7,2,B01
200800067580,0,33,0,0,2,3,3,A01
200800067580,0,7,0,0,2,2,12,B01
200800067580,0,7,0,0,2,4,1,C01
200800067580,0,7,0,0,2,4,1,D01
200800067581,0,7,0,0,0,4,1,A01
200800067581,0,33,0,0,2,1,1,B01
200800067582,0,34,0,0,2,3,11,A01
200800067582,0,7,0,0,2,2,2,B01
200800067583,0,7,0,0,0,4,2,A01
200800067583,0,33,0,0,2,1,2,B01
200800067584,0,7,0,0,2,8,11,A01
200800067584,0,33,0,0,2,2,3,B01
200800067585,0,33,0,0,0,3,1,A01
200800067586,0,7,0,2,0,1,0,A01
200800067587,0,33,0,0,2,1,0,A01
200800067587,0,7,0,0,0,4,0,B01
200800067588,0,33,0,0,2,1,1,A01
200800067588,0,7,0,0,0,4,11,B01
200800067589,0,7,0,0,0,0,12,A01
200800067589,0,7,0,4,2,1,21,B01
200800067590,0,7,0,3,2,6,1,A01
200800067590,0,17,0,0,2,2,12,B01
200800067590,0,7,0,0,9,1,1,C01
200800067591,0,7,0,13,0,1,14,A01
200800067592,0,7,0,0,2,2,14,A01
200800067592,0,17,0,0,0,6,1,B01
200800067593,0,7,0,0,2,4,2,A01
200800067593,0,7,0,0,2,4,2,B01
200800067593,0,7,0,0,2,1,2,C01
200800067594,0,13,0,0,0,0,12,A01
200800067594,0,7,0,0,0,0,0,B01
200800067595,0,7,0,0,2,6,12,A01
200800067595,0,7,0,0,2,5,1,B01
200800067595,0,33,0,0,2,1,3,C01
200800067596,0,7,0,12,0,9,15,A01
200800067597,0,7,0,3,0,3,1,A01
200800067598,0,7,0,4,0,5,1,A01
200800067599,0,7,0,3,0,1,13,A01
200800067600,0,7,0,0,2,1,21,C01
200800067600,0,7,0,0,2,1,14,B01
200800067600,0,7,0,0,2,4,24,A01
200800067601,0,7,0,4,0,3,1,A01
200800067602,0,7,0,13,0,5,1,A01
200800067603,0,7,0,4,0,1,16,A01
200800067604,0,7,0,4,0,3,2,A01
200800067605,0,10,0,0,0,9,2,A01
200800067606,0,10,0,0,0,1,2,C01
200800067606,0,7,0,0,0,9,2,B01
200800067606,0,7,0,0,0,4,2,A01
200800067607,0,7,0,4,0,1,1,A01
200800067608,0,7,0,2,0,1,2,A01
200800067609,0,32,0,0,0,0,3,A01
200800067610,0,7,0,0,2,2,1,C01
200800067610,0,7,0,0,2,6,1,B01
200800067610,0,10,0,0,0,6,1,A01
200800067611,0,7,0,0,2,8,18,B01
200800067611,0,15,0,0,2,2,15,A01
200800067612,0,15,0,0,0,3,2,A01
200800067613,0,7,0,0,0,4,0,B01
200800067613,0,33,0,0,2,1,2,A01
200800067614,0,7,0,0,2,3,0,B01
200800067614,0,7,0,0,2,6,2,A01
200800067615,0,7,0,0,0,4,1,B01
200800067615,0,7,0,0,2,1,1,A01
200800067616,0,7,0,0,0,4,2,B01
200800067616,0,7,0,0,2,1,2,A01
200800067617,0,15,0,13,0,1,11,A01
200800067618,0,32,0,0,0,1,1,A01
200800067619,0,7,0,4,0,3,1,A01
200800067620,0,7,0,0,2,1,1,B01
200800067620,0,10,0,0,0,6,1,A01
200800067621,0,7,0,5,0,2,0,A01
200800067622,0,7,0,0,0,7,1,B01
200800067622,0,7,0,4,2,3,11,A01
200800067623,0,7,0,0,0,4,1,A01
200800067623,0,7,0,0,2,1,1,B01
200800067623,0,7,0,0,2,1,1,C01
200800067624,0,7,0,0,1,1,0,A01
200800067625,0,7,0,4,0,3,21,A01
200800067625,0,7,0,0,1,3,21,B01
200800067626,0,7,0,11,0,3,0,A01
200800067627,0,7,0,13,2,1,2,A01
200800067628,0,7,0,0,2,4,1,A01
200800067628,0,7,0,0,2,1,2,B01
200800067629,0,7,0,0,2,1,2,A01
200800067629,0,7,0,0,2,4,2,B01
200800067629,0,7,0,0,2,4,2,C01
200800067630,0,7,0,3,0,1,1,A01
200800067631,0,7,0,0,2,6,13,A01
200800067631,0,7,0,0,2,2,1,B01
200800067632,0,7,0,0,0,8,0,A01
200800067632,0,33,0,0,0,7,1,B01
200800067633,0,7,0,0,2,7,14,A01
200800067633,0,7,0,0,2,8,13,B01
200800067634,0,7,0,0,0,4,2,A01
200800067634,0,7,0,0,2,1,2,B01
200800067635,0,7,0,0,0,4,0,B01
200800067635,0,32,0,0,2,1,0,A01
200800067636,0,7,0,0,0,2,1,B01
200800067636,0,32,0,0,2,3,0,A01
200800067637,0,15,0,0,2,2,12,B01
200800067637,0,7,0,0,2,8,0,A01
200800067638,0,33,0,0,0,2,1,A01
200800067638,1,7,0,0,2,6,11,B01
200800067639,0,7,0,4,0,3,11,A01
200800067640,0,7,0,0,2,1,1,A01
200800067641,0,7,0,0,2,1,1,A01
200800067641,0,7,0,0,0,4,1,B01
200800067642,0,7,0,0,2,2,0,B01
200800067642,0,7,0,4,2,6,1,A01
200800067643,0,7,0,0,2,3,1,B01
200800067643,0,7,0,16,0,1,1,A01
200800067644,0,7,0,0,0,3,11,B01
200800067644,0,33,0,0,0,2,1,A01
200800067645,0,10,0,0,0,6,2,C01
200800067645,0,7,0,0,2,2,2,A01
200800067645,0,10,0,0,0,4,2,B01
200800067646,0,7,0,0,0,9,21,A01
200800067647,0,10,0,0,0,4,2,D01
200800067647,0,10,0,0,2,1,2,C01
200800067647,0,10,0,0,0,6,1,B01
200800067647,0,10,0,0,2,1,17,A01
200800067648,0,14,0,0,2,2,12,B01
200800067648,0,7,0,0,2,8,1,A01
200800067649,0,7,0,0,2,4,2,B01
200800067649,0,17,0,0,0,4,2,A01
200800067649,0,14,0,0,2,1,2,C01
200800067650,1,99,0,0,0,0,0,A01
200800067651,0,7,0,4,0,2,0,A01
200800067652,0,7,0,0,2,8,1,B01
200800067652,0,31,0,0,2,7,3,A01
200800067653,0,7,0,0,0,6,2,B01
200800067653,0,7,0,0,2,2,11,A01
200800067654,0,7,0,0,2,2,1,C01
200800067654,0,7,0,0,2,8,9,B01
200800067654,0,17,0,0,2,2,9,A01
200800067655,0,99,0,0,2,3,2,C01
200800067655,0,7,0,0,2,5,1,B01
200800067655,0,7,0,0,0,4,1,A01
200800067656,0,7,0,0,0,4,1,B01
200800067656,0,33,0,0,2,1,12,A01
200800067657,0,7,0,0,2,4,2,B01
200800067657,0,33,0,0,2,1,2,A01
200800067658,0,7,0,0,2,1,2,B01
200800067658,0,7,0,4,0,4,2,A01
200800067659,0,7,0,3,2,2,0,B01
200800067659,0,7,0,3,2,3,0,A01
200800067660,0,7,0,0,2,1,6,A01
200800067660,0,7,0,0,2,8,1,C01
200800067660,0,7,0,0,2,8,1,B01
200800067661,0,7,0,4,0,3,1,A01
200800067662,0,7,0,4,0,3,1,A01
200800067663,0,7,0,0,2,3,1,B01
200800067663,0,7,0,0,2,5,3,A01
200800067664,0,7,0,4,2,1,13,A01
200800067664,0,7,0,0,2,3,1,B01
200800067665,0,7,0,13,2,7,17,A01
200800067665,0,7,0,13,2,8,0,B01
200800067666,0,7,0,0,2,3,2,A01
200800067666,0,7,0,0,0,4,2,B01
200800067666,0,7,0,0,2,1,2,C01
200800067667,0,10,0,0,2,1,2,A01
200800067667,0,10,0,0,2,4,2,B01
200800067667,0,10,0,0,2,4,2,C01
200800067668,0,33,0,0,2,1,21,A01
200800067668,0,7,0,0,2,5,1,B01
200800067669,0,33,0,0,2,3,3,A01
200800067669,0,7,0,0,0,5,12,B01
200800067670,0,7,0,0,2,1,1,A01
200800067670,0,7,0,0,0,4,14,B01
200800067671,0,7,0,3,0,1,12,A01
200800067671,1,10,0,0,0,0,11,B01
200800067672,0,33,0,0,2,3,3,A01
200800067672,0,7,0,0,2,2,12,B01
200800067672,0,7,0,0,2,5,23,C01
200800067672,0,7,0,0,2,5,2,D01
200800067673,0,7,0,4,0,2,1,A01
200800067674,0,31,0,0,2,7,3,A01
200800067674,0,7,0,0,2,8,11,B01
200800067674,0,7,0,0,0,5,1,C01
200800067675,0,7,0,0,2,1,2,A01
200800067675,0,10,0,0,0,4,2,B01
200800067676,0,7,0,0,2,2,9,A01
200800067676,0,7,0,0,2,1,1,B01
200800067677,0,7,0,0,2,5,12,A01
200800067677,0,31,0,0,2,1,16,B01
200800067678,0,7,0,4,0,6,1,A01
200800067678,1,7,0,3,2,1,2,B01
200800067679,0,7,0,0,2,2,17,A01
200800067679,0,7,0,0,0,6,1,B01
200800067680,0,32,0,0,2,1,1,A01
200800067680,0,7,0,0,0,6,1,B01
200800067681,0,7,0,0,2,2,2,A01
200800067681,0,7,0,6,2,6,2,B01
200800067681,0,7,0,0,2,1,14,C01
200800067682,0,10,0,0,2,7,1,A01
200800067682,0,14,0,6,2,8,1,B01
200800067683,0,7,0,0,2,3,2,A01
200800067683,0,7,0,0,0,5,0,B01
200800067684,0,7,0,0,2,1,2,A01
200800067684,0,7,0,0,0,4,1,B01
200800067685,0,32,0,0,2,2,3,A01
200800067685,0,10,0,0,2,8,9,B01
200800067686,0,33,0,0,2,1,3,A01
200800067686,0,7,0,0,2,5,11,B01
200800067687,0,33,0,0,0,1,3,A01
200800067687,0,33,0,0,0,0,3,B01
200800067687,0,33,0,1,0,0,3,C01
200800067688,0,31,0,0,2,2,3,A01
200800067688,0,7,0,0,0,8,2,B01
200800067688,0,31,0,0,0,4,12,C01
200800067689,0,34,0,0,0,8,1,A01
200800067690,0,7,0,0,2,1,1,A01
200800067690,0,7,0,0,0,4,23,B01
200800067690,0,7,0,0,0,1,2,C01
200800067691,0,7,0,0,0,0,12,A01
200800067691,0,34,0,0,0,0,21,B01
200800067692,0,7,0,0,2,2,0,A01
200800067692,0,7,0,0,2,3,1,B01
200800067693,0,33,0,0,2,2,21,A01
200800067693,0,7,0,0,2,6,11,B01
200800067694,0,7,0,0,2,6,1,B01
200800067694,0,7,0,4,2,1,17,A01
200800067695,0,7,0,4,0,1,1,A01
200800067696,0,7,0,16,0,9,0,A01
200800067697,0,7,0,4,0,1,1,A01
200800067698,0,37,1,0,2,8,1,B01
200800067698,0,7,0,0,2,1,1,A01
200800067699,0,7,0,4,0,1,1,A01
200800067700,0,7,0,4,2,1,2,B01
200800067700,0,7,0,4,2,4,1,A01
200800067701,0,33,0,0,0,0,3,A01
200800067702,0,7,0,3,0,3,13,A01
200800067703,0,10,0,0,2,3,1,B01
200800067703,0,7,0,0,2,7,12,A01
200800067704,0,7,0,4,0,2,21,C01
200800067704,0,7,0,0,0,3,1,B01
200800067704,0,7,0,4,2,1,17,A01
200800067705,0,7,0,8,9,1,0,A01
200800067706,0,32,0,0,2,2,2,B01
200800067706,0,7,0,0,2,6,2,A01
200800067707,0,31,0,0,2,2,3,B01
200800067707,0,7,0,0,2,6,1,A01
200800067708,0,32,0,0,2,7,3,B01
200800067708,0,7,0,0,0,0,12,A01
200800067708,0,7,0,0,2,8,0,C01
200800067709,0,7,0,16,0,9,2,A01
200800067710,0,10,0,0,0,0,0,A01
200800067710,0,33,0,0,0,0,0,B01
200800067711,0,15,0,0,2,2,1,B01
200800067711,0,7,0,0,2,3,0,A01
200800067712,0,7,0,0,2,2,1,B01
200800067712,0,7,0,0,2,4,1,A01
200800067713,0,7,0,0,0,0,0,A01
200800067714,0,33,0,0,0,3,3,A01
200800067715,0,7,0,0,2,8,1,B01
200800067715,0,30,0,0,2,7,17,A01
200800067716,0,33,0,0,2,1,3,B01
200800067716,0,7,0,0,2,6,11,A01
200800067717,0,17,0,0,0,7,2,C01
200800067717,0,7,0,0,2,8,13,B01
200800067717,0,7,0,0,0,6,2,A01
200800067718,0,7,0,0,0,4,1,C01
200800067718,0,7,0,0,0,4,1,B01
200800067718,0,7,0,0,2,1,1,A01
200800067719,0,33,0,0,0,7,1,B01
200800067719,0,7,0,0,2,8,11,A01
200800067720,0,33,0,0,0,0,21,A01
200800067721,0,7,0,0,0,4,0,A01
200800067721,0,32,0,0,2,1,21,B01
200800067722,0,7,0,0,2,1,2,A01
200800067722,0,7,0,0,2,4,1,B01
200800067722,0,7,0,0,0,4,1,C01
200800067723,0,33,0,0,2,8,21,A01
200800067724,0,30,0,0,1,1,18,A01
200800067725,0,1,0,0,2,0,1,B01
200800067725,0,7,0,0,2,0,1,A01
200800067726,0,7,0,0,2,2,12,A01
200800067726,0,33,0,0,0,1,1,B01
200800067727,0,7,0,0,2,6,1,B01
200800067727,0,7,0,0,2,3,1,A01
200800067728,0,7,0,0,2,3,2,B01
200800067728,0,7,0,0,2,1,2,A01
200800067729,0,7,0,0,1,1,1,A01
200800067730,0,7,0,0,2,1,10,A01
200800067730,0,33,0,0,2,1,2,B01
200800067731,0,10,0,0,1,2,1,A01
200800067732,0,7,0,0,2,6,13,A01
200800067732,0,30,0,0,2,1,2,B01
200800067733,0,7,0,0,2,8,1,B01
200800067733,0,30,0,0,2,0,1,A01
200800067734,0,7,0,7,0,1,0,A01
200800067735,0,1,0,0,4,4,15,A01
200800067735,0,40,0,0,2,1,1,B01
200800067736,0,7,0,0,1,1,1,A01
200800067737,0,33,0,0,2,3,1,B01
200800067737,0,7,0,0,2,2,1,A01
200800067738,0,33,0,0,2,1,2,A01
200800067738,0,10,0,0,2,2,16,B01
200800067739,0,37,0,0,1,2,1,A01
200800067740,0,7,0,0,1,1,1,A01
200800067741,0,7,0,11,0,1,21,A01
200800067742,0,7,0,0,1,3,1,A01
200800067743,0,7,0,7,0,1,1,A01
200800067744,0,7,0,0,2,1,1,B01
200800067744,0,7,0,0,2,1,1,A01
200800067745,0,7,0,0,2,2,1,B01
200800067745,0,33,0,0,2,1,1,A01
200800067746,0,7,0,0,2,1,1,B01
200800067746,0,7,0,0,2,2,1,A01
200800067747,0,7,0,0,2,5,4,A01
200800067747,0,30,0,0,2,3,1,B01
200800067748,0,7,0,0,2,1,2,A01
200800067748,0,7,0,0,2,4,2,B01
200800067749,0,7,0,0,9,4,4,A01
200800067749,0,2,0,0,2,1,1,B01
200800067750,0,7,0,1,0,3,1,A01
200800067751,0,7,0,0,9,1,1,A01
200800067751,0,1,0,0,2,1,1,B01
200800067752,0,7,0,8,2,2,15,A01
200800067752,0,7,0,0,2,1,1,B01
200800067753,0,7,0,1,0,1,1,A01
200800067753,0,7,0,8,2,4,23,B01
200800067754,0,7,0,0,2,1,21,A01
200800067754,0,10,0,0,0,4,23,B01
200800067755,0,7,0,0,1,2,15,A01
200800067756,0,7,0,0,1,4,4,A01
200800067757,0,33,0,0,2,2,13,A01
200800067757,0,7,0,0,2,1,0,B01
200800067758,0,7,0,0,9,2,11,B01
200800067758,0,1,0,0,2,0,1,A01
200800067759,0,31,0,0,2,1,17,A01