Num_Acc,senc,catv,occutc,obs,obsm,choc,manv,num_veh
200800067759,0,7,0,0,2,8,15,B01
200800067760,0,7,0,0,2,3,2,A01
200800067760,0,32,0,0,2,2,8,B01
200800067761,0,7,0,0,2,2,15,B01
200800067761,0,33,0,0,2,1,17,A01
200800067762,0,32,0,12,0,1,1,A01
200800067763,0,7,0,0,0,3,15,A01
200800067763,0,2,0,0,2,2,1,B01
200800067764,0,10,0,4,0,2,1,A01
200800067765,0,7,0,0,2,4,23,B01
200800067765,0,7,0,0,2,1,2,A01
200800067766,0,32,0,0,2,7,5,A01
200800067766,0,7,0,0,2,8,15,B01
200800067767,0,33,0,1,0,6,7,A01
200800067768,0,30,0,0,2,1,17,A01
200800067768,0,7,0,0,2,6,9,B01
200800067769,0,2,0,0,2,1,2,A01
200800067769,0,7,0,0,2,6,2,B01
200800067770,0,7,0,1,0,7,14,A01
200800067771,0,7,0,0,2,1,2,A01
200800067771,0,7,0,0,2,4,23,B01
200800067771,0,7,0,0,2,4,23,C01
200800067772,0,30,0,12,2,2,17,A01
200800067772,0,7,0,0,2,3,15,B01
200800067773,0,7,0,0,2,2,15,A01
200800067773,0,30,0,0,2,3,1,B01
200800067774,0,32,0,7,0,3,1,A01
200800067775,0,32,0,0,2,7,14,A01
200800067775,0,7,0,0,2,8,1,B01
200800067775,0,7,0,0,2,7,1,C01
200800067776,0,7,0,0,2,8,15,A01
200800067776,0,2,0,0,2,2,1,B01
200800067777,0,7,0,0,2,2,1,A01
200800067777,0,10,0,0,2,3,1,B01
200800067778,0,31,0,0,0,7,1,A01
200800067779,0,31,0,0,1,3,1,A01
200800067780,0,30,0,0,2,3,1,A01
200800067780,0,7,0,0,2,3,15,B01
200800067781,0,34,0,0,2,0,17,A01
200800067781,0,7,0,0,2,0,13,B01
200800067782,0,7,0,0,1,2,1,A01
200800067783,0,7,0,0,1,2,7,A01
200800067784,0,7,0,0,2,2,17,A01
200800067784,0,1,0,0,2,6,13,B01
200800067785,0,30,0,0,0,8,21,A01
200800067786,0,7,0,12,0,2,13,A01
200800067787,0,7,0,0,2,3,9,A01
200800067787,0,32,0,0,2,1,1,B01
200800067788,0,7,0,0,2,7,15,A01
200800067788,0,30,0,0,2,1,1,B01
200800067789,0,7,0,0,2,6,9,A01
200800067789,0,32,0,0,2,2,17,B01
200800067790,0,31,0,1,0,7,15,A01
200800067791,0,30,0,0,1,1,1,A01
200800067792,0,10,0,0,2,7,1,A01
200800067792,0,1,0,0,2,8,21,B01
200800067793,0,7,0,0,2,3,2,A01
200800067793,0,7,0,0,2,5,23,B01
200800067794,0,7,0,0,2,1,2,A01
200800067794,0,7,0,0,2,4,2,B01
200800067795,0,31,0,0,2,3,2,A01
200800067795,0,2,0,0,2,0,15,B01
200800067796,0,7,0,0,2,2,12,A01
200800067796,0,31,0,0,2,3,3,B01
200800067797,0,2,0,0,1,1,1,A01
200800067798,0,31,0,0,2,1,2,A01
200800067798,0,14,0,0,2,4,23,B01
200800067799,0,7,0,0,2,1,15,A01
200800067799,0,33,0,0,2,1,1,B01
200800067800,0,7,0,0,1,0,15,A01
200800067801,0,7,0,0,2,3,10,A01
200800067801,0,32,0,0,2,8,1,B01
200800067802,0,2,0,0,2,8,1,B01
200800067802,0,32,0,0,2,8,17,A01
200800067803,0,7,0,0,2,1,2,A01
200800067803,0,33,0,0,2,4,2,B01
200800067804,0,7,0,0,2,2,12,A01
200800067804,0,1,0,0,2,3,1,B01
200800067805,0,33,0,0,2,1,1,B01
200800067805,0,7,0,0,2,2,1,A01
200800067806,0,32,0,0,2,7,17,A01
200800067806,0,7,0,0,2,6,15,B01
200800067807,0,31,0,0,2,1,1,B01
200800067807,0,7,0,0,2,2,15,A01
200800067808,0,7,0,0,1,3,1,A01
200800067809,0,7,0,0,2,1,16,A01
200800067809,0,7,0,0,2,8,7,B01
200800067809,0,7,0,0,2,5,1,C01
200800067810,0,32,0,0,0,0,21,A01
200800067811,0,30,0,0,2,3,2,A01
200800067811,0,7,0,0,2,5,23,B01
200800067812,0,10,0,0,1,3,15,A01
200800067813,0,7,0,0,2,1,2,A01
200800067813,0,7,0,0,2,4,2,B01
200800067814,0,7,0,0,2,0,1,B01
200800067814,0,2,0,0,2,0,1,A01
200800067815,0,7,0,0,2,2,16,A01
200800067815,0,32,0,0,2,3,7,B01
200800067816,0,10,0,0,1,2,1,A01
200800067817,0,33,0,0,2,5,2,B01
200800067817,0,32,0,0,2,1,2,A01
200800067818,0,30,0,0,2,1,1,B01
200800067818,0,7,0,0,2,2,15,A01
200800067819,0,7,0,7,0,3,13,A01
200800067820,0,7,0,0,2,8,22,A01
200800067820,0,1,0,0,2,1,1,B01
200800067821,0,7,0,0,2,6,10,A01
200800067821,0,32,0,0,2,2,17,B01
200800067822,0,7,0,0,1,5,4,A01
200800067823,1,30,0,0,1,1,1,A01
200800067824,0,10,0,11,0,1,14,A01
200800067825,0,7,0,0,2,5,23,B01
200800067825,0,33,0,0,2,1,3,A01
200800067826,0,31,0,0,2,1,3,A01
200800067826,0,10,0,0,2,5,1,B01
200800067826,0,17,0,0,2,0,1,C01
200800067827,0,33,0,0,0,7,21,A01
200800067828,0,1,0,0,1,1,16,A01
200800067829,0,7,0,0,1,3,1,A01
200800067830,0,7,0,0,2,3,15,A01
200800067830,0,2,0,0,2,5,17,B01
200800067831,0,7,0,0,1,2,16,A01
200800067832,0,7,0,0,2,6,4,A01
200800067832,0,33,0,0,2,2,23,B01
200800067832,0,7,0,0,2,5,23,C01
200800067833,0,7,0,0,1,4,4,A01
200800067834,1,30,0,0,1,0,1,A01
200800067835,0,7,0,0,2,2,5,A01
200800067835,0,32,0,0,2,7,1,B01
200800067836,0,37,60,0,1,7,16,A01
200800067837,0,7,0,0,2,2,9,A01
200800067837,0,31,0,0,2,3,1,B01
200800067838,0,10,0,0,2,7,15,A01
200800067838,0,10,0,0,2,2,1,B01
200800067839,0,32,0,0,2,1,1,B01
200800067839,0,7,0,0,2,6,11,A01
200800067840,0,32,0,0,2,1,1,A01
200800067840,0,7,0,0,2,6,10,B01
200800067841,0,2,0,0,0,7,1,A01
200800067842,0,7,0,0,2,6,1,B01
200800067842,0,30,0,0,2,1,1,A01
200800067843,0,10,0,0,1,1,15,A01
200800067844,0,7,0,0,2,6,15,B01
200800067844,0,2,0,0,2,1,2,A01
200800067845,0,30,0,11,0,1,17,A01
200800067846,0,10,0,0,2,1,9,B01
200800067846,0,1,0,8,2,8,1,A01
200800067847,0,7,0,0,2,7,16,B01
200800067847,0,30,0,0,2,1,1,A01
200800067848,0,30,0,14,0,1,1,A01
200800067849,0,1,0,14,0,7,1,A01
200800067850,0,2,0,0,0,7,1,A01
200800067851,0,7,0,0,1,3,1,A01
200800067852,0,33,0,0,0,0,1,A01
200800067853,0,32,0,14,0,2,21,A01
200800067854,0,7,0,0,1,1,1,A01
200800067855,0,7,0,0,2,1,1,B01
200800067855,0,10,0,0,2,6,1,A01
200800067856,0,1,0,12,2,1,1,B01
200800067856,0,7,0,0,2,7,22,A01
200800067857,0,30,0,0,1,2,16,A01
200800067858,0,7,0,0,1,1,1,A01
200800067859,0,7,0,0,2,3,15,A01
200800067859,0,33,0,0,2,1,17,B01
200800067860,0,7,0,4,0,6,14,A01
200800067861,0,32,0,0,1,2,17,A01
200800067862,0,32,0,0,0,0,1,A01
200800067863,0,34,0,0,1,1,1,A01
200800067864,0,2,0,0,2,7,18,A01
200800067864,0,13,0,0,2,4,1,B01
200800067865,0,7,0,0,2,7,12,A01
200800067865,0,33,0,0,2,8,1,B01
200800067866,0,7,0,0,2,2,12,A01
200800067866,0,34,0,0,2,6,3,B01
200800067867,0,32,0,15,2,2,17,A01
200800067867,0,10,0,0,2,3,15,B01
200800067868,0,7,0,2,2,7,1,B01
200800067868,0,7,0,15,2,2,1,A01
200800067869,0,7,0,0,1,4,20,A01
200800067870,0,7,0,0,2,3,15,A01
200800067870,0,32,0,0,2,8,1,B01
200800067871,0,2,0,0,2,8,1,B01
200800067871,0,32,0,0,2,1,1,A01
200800067872,0,10,0,0,2,5,9,A01
200800067872,0,30,0,0,2,0,1,B01
200800067873,0,32,0,0,2,7,7,A01
200800067873,0,7,0,0,2,7,16,B01
200800067874,0,30,0,0,0,0,1,A01
200800067875,0,32,0,0,0,7,21,A01
200800067876,0,33,0,0,0,3,1,A01
200800067877,0,7,0,0,2,2,1,A01
200800067877,0,7,0,0,2,2,1,B01
200800067878,0,7,0,0,2,3,15,B01
200800067878,0,33,0,0,2,2,1,A01
200800067879,0,32,0,0,0,0,21,A01
200800067880,0,7,0,0,2,1,15,A01
200800067880,0,31,0,0,2,8,1,B01
200800067881,0,7,0,0,2,4,4,A01
200800067881,0,7,0,0,2,1,23,B01
200800067882,0,7,0,0,2,1,2,A01
200800067882,0,7,0,0,2,4,23,B01
200800067883,0,30,0,1,0,1,14,A01
200800067884,0,33,0,0,0,1,21,A01
200800067885,0,7,0,4,0,3,13,A01
200800067886,0,32,0,0,1,0,1,A01
200800067887,0,30,0,0,2,2,1,B01
200800067887,0,10,0,0,2,3,9,A01
200800067888,0,2,0,0,2,7,15,A01
200800067888,0,7,0,0,2,2,1,B01
200800067889,0,32,0,0,2,1,2,A01
200800067889,0,32,0,0,2,4,15,B01
200800067890,0,7,0,0,2,2,1,A01
200800067890,0,33,0,0,2,1,1,B01
200800067891,0,30,0,0,1,1,1,A01
200800067892,0,32,0,0,1,7,1,A01
200800067893,0,31,0,0,0,3,21,A01
200800067894,0,7,0,0,2,2,15,A01
200800067894,0,30,0,0,2,1,1,B01
200800067895,0,10,0,7,0,1,7,A01
200800067896,0,33,0,0,2,1,13,A01
200800067896,0,7,0,0,2,3,1,B01
200800067897,0,10,0,0,2,3,15,B01
200800067897,0,2,0,0,2,1,1,A01
200800067898,1,7,0,0,1,0,16,A01
200800067899,0,30,0,0,2,1,7,B01
200800067899,0,10,0,0,2,2,16,A01
200800067900,0,31,0,0,2,1,3,A01
200800067900,0,32,0,0,2,4,1,B01
200800067900,1,32,0,0,2,0,3,C01
200800067901,0,31,0,0,2,1,11,A01
200800067901,0,7,0,0,2,4,1,B01
200800067902,0,7,0,0,2,3,15,B01
200800067902,0,30,0,0,2,2,17,A01
200800067903,0,30,0,0,0,7,1,A01
200800067904,0,7,0,0,2,1,2,A01
200800067904,0,7,0,0,2,8,23,B01
200800067905,0,32,0,0,0,0,1,A01
200800067906,0,7,0,0,1,3,1,A01
200800067907,0,7,0,0,2,0,14,A01
200800067907,0,31,0,0,2,0,1,B01
200800067908,0,32,0,0,2,8,1,A01
200800067908,1,7,0,0,2,7,15,B01
200800067909,0,7,0,0,2,7,15,A01
200800067909,0,30,0,0,2,1,1,B01
200800067910,0,7,0,1,0,1,13,A01
200800067911,0,7,0,0,1,2,1,A01
200800067912,0,7,0,0,2,8,23,B01
200800067912,0,7,0,14,2,2,14,A01
200800067913,1,7,0,0,1,0,7,A01
200800067914,0,7,0,0,2,1,1,A01
200800067914,0,10,0,0,2,8,1,B01
200800067915,0,31,0,0,0,3,1,A01
200800067916,0,7,0,0,2,3,15,A01
200800067916,0,2,0,0,2,1,1,B01
200800067917,0,7,0,0,2,4,23,B01
200800067917,0,1,0,0,2,1,2,A01
200800067918,0,31,0,0,2,2,1,B01
200800067918,0,7,0,0,2,3,1,A01
200800067918,0,37,29,0,2,3,1,C01
200800067919,0,32,0,12,0,1,14,A01
200800067920,0,7,0,0,2,1,2,A01
200800067920,0,32,0,0,2,4,23,B01
200800067921,0,32,0,0,0,0,1,A01
200800067922,0,33,0,0,2,1,1,A01
200800067922,1,7,0,0,2,0,11,B01
200800067923,0,7,0,7,0,1,13,A01
200800067924,0,7,0,0,1,3,15,A01
200800067925,2,7,0,0,2,1,7,A01
200800067925,0,7,0,0,2,4,7,B01
200800067926,0,7,0,11,0,1,13,A01
200800067927,0,7,0,0,1,4,4,A01
200800067928,0,33,0,0,1,3,1,A01
200800067929,0,7,0,0,1,4,4,A01
200800067930,0,7,0,0,2,3,0,B01
200800067930,0,7,0,1,2,3,13,A01
200800067931,0,7,0,0,2,1,1,B01
200800067931,0,7,0,0,2,1,1,A01
200800067932,0,7,0,0,2,3,15,B01
200800067932,0,32,0,0,2,2,1,A01
200800067933,0,2,0,0,2,1,1,B01
200800067933,0,10,2,0,2,8,9,A01
200800067934,0,7,0,0,2,2,10,A01
200800067934,0,30,0,0,2,1,1,B01
200800067935,0,30,0,0,2,3,1,A01
200800067935,0,7,0,0,2,3,15,B01
200800067936,0,7,0,0,1,1,1,A01
200800067937,0,32,0,0,1,1,1,A01
200800067938,0,7,0,0,2,3,9,A01
200800067938,0,31,0,0,2,1,1,B01
200800067939,1,7,0,0,2,0,14,A01
200800067939,0,33,0,0,2,7,3,B01
200800067940,0,7,0,0,2,3,15,A01
200800067940,0,32,0,0,2,7,1,B01
200800067941,0,7,0,0,2,1,2,A01
200800067941,0,7,0,0,2,4,2,B01
200800067942,1,31,0,0,2,1,1,A01
200800067942,0,1,0,0,2,8,19,B01
200800067943,0,32,0,0,2,3,1,B01
200800067943,0,7,0,0,2,3,1,A01
200800067944,0,7,0,0,2,1,1,A01
200800067944,0,37,1,0,2,3,1,B01
200800067945,0,1,0,0,0,0,1,A01
200800067946,0,32,0,14,0,1,21,A01
200800067947,0,1,0,0,1,7,17,A01
200800067948,0,7,0,0,2,3,7,B01
200800067948,0,33,0,0,2,7,16,A01
200800067949,0,7,0,0,1,8,1,A01
200800067950,0,37,3,0,2,6,7,B01
200800067950,0,2,0,0,2,2,14,A01
200800067951,0,7,0,0,2,6,15,A01
200800067951,0,31,0,0,2,1,1,B01
200800067952,0,30,0,0,2,8,1,B01
200800067952,0,7,0,0,2,1,1,A01
200800067953,0,32,0,0,0,7,1,A01
200800067954,0,2,0,0,0,1,16,A01
200800067955,0,7,0,0,2,4,2,B01
200800067955,0,2,0,0,2,1,23,A01
200800067956,0,7,0,0,1,1,16,A01
200800067957,0,7,0,0,1,3,1,A01
200800067958,0,7,0,8,0,1,14,A01
200800067959,0,7,0,0,2,3,9,A01
200800067959,0,30,0,0,2,1,1,B01
200800067960,0,7,0,0,2,2,15,A01
200800067960,0,2,0,0,2,1,7,B01
200800067961,0,33,0,0,2,7,3,A01
200800067961,0,10,0,0,2,3,1,B01
200800067961,1,7,0,0,2,3,11,C01
200800067962,0,7,0,0,2,1,2,A01
200800067962,0,7,0,0,2,9,23,B01
200800067962,0,7,0,0,2,4,23,C01
200800067963,0,32,0,0,0,8,21,A01
200800067964,0,37,0,0,1,7,7,A01
200800067965,0,7,0,0,1,3,1,A01
200800067966,0,2,0,0,2,3,18,A01
200800067966,0,7,0,0,2,2,16,B01
200800067967,0,32,0,0,1,1,1,A01
200800067968,1,2,0,0,1,0,1,A01
200800067969,0,31,0,0,2,1,1,B01
200800067969,1,7,0,0,2,3,1,A01
200800067970,0,7,0,0,2,2,15,A01
200800067970,0,1,0,0,2,1,1,B01
200800067971,0,10,0,0,2,0,20,B01
200800067971,0,30,0,0,2,0,2,A01
200800067972,0,7,0,0,1,7,1,A01
200800067973,0,30,0,0,0,3,1,A01
200800067974,0,7,0,0,2,3,13,A01
200800067974,0,32,0,0,2,2,5,B01
200800067975,0,7,0,0,2,2,15,A01
200800067975,0,30,0,0,2,1,1,B01
200800067976,0,7,0,0,2,7,15,A01
200800067976,0,32,0,0,2,1,1,B01
200800067977,0,7,0,0,2,8,1,B01
200800067977,0,2,0,0,2,1,1,A01
200800067978,0,32,0,0,1,1,1,A01
200800067979,0,30,0,0,0,0,1,A01
200800067980,0,7,0,0,2,1,1,A01
200800067980,0,7,0,1,2,3,1,B01
200800067981,1,7,0,0,2,0,16,A01
200800067981,0,7,0,0,2,4,1,B01
200800067982,0,33,0,0,2,1,1,A01
200800067982,0,7,0,0,2,3,15,B01
200800067983,0,7,0,0,2,3,15,A01
200800067983,0,32,0,0,2,8,1,B01
200800067984,0,7,0,0,1,2,15,A01
200800067985,0,32,0,1,2,6,1,B01
200800067985,0,7,0,0,2,1,1,A01
200800067986,0,33,0,0,1,1,1,A01
200800067987,0,33,0,9,0,1,13,A01
200800067988,0,32,0,0,2,1,17,A01
200800067988,0,7,0,0,2,1,1,B01
200800067989,0,7,0,0,2,6,2,B01
200800067989,0,32,0,0,2,1,2,A01
200800067990,0,33,0,5,0,3,21,A01
200800067991,0,7,0,0,2,1,2,A01
200800067991,0,7,0,0,2,4,2,B01
200800067992,0,7,0,0,2,2,2,A01
200800067992,0,10,0,0,2,1,23,B01
200800067992,0,10,0,0,2,4,23,D01
200800067992,0,7,0,0,2,4,23,C01
200800067993,0,33,0,0,2,1,12,A01
200800067993,0,7,0,0,2,3,2,B01
200800067993,0,7,0,0,2,5,2,C01
200800067994,0,7,0,4,2,3,18,A01
200800067994,0,17,0,0,2,2,12,B01
200800067995,0,32,0,0,1,6,1,A01
200800067996,0,1,0,0,1,1,1,A01
200800067997,0,7,0,0,2,5,2,A01
200800067997,0,1,0,0,2,1,2,B01
200800067998,0,7,0,4,0,2,13,A01
200800067999,0,14,0,0,1,6,20,A01
200800068000,0,33,0,0,2,1,2,A01
200800068000,0,7,0,0,2,5,2,B01
200800068001,0,38,1,0,2,3,10,A01
200800068001,0,2,0,0,2,2,1,B01
200800068002,1,34,0,0,1,0,7,A01
200800068003,0,37,10,0,0,0,1,A01
200800068004,0,33,0,0,2,1,2,A01
200800068004,0,7,0,0,2,5,2,B01
200800068005,2,7,0,0,1,0,1,A01
200800068006,0,7,0,0,1,2,1,A01
200800068007,0,33,0,12,0,8,15,A01
200800068008,0,7,0,0,1,3,15,A01
200800068009,0,2,0,0,2,8,1,B01
200800068009,0,30,0,0,2,8,7,A01
200800068010,0,33,0,0,1,1,1,A01
200800068011,0,30,0,0,2,2,1,A01
200800068011,0,7,0,0,2,3,13,B01
200800068012,0,7,0,12,2,3,1,A01
200800068012,0,10,0,7,2,2,1,B01
200800068013,0,14,0,0,2,2,12,A01
200800068013,0,7,0,0,2,6,1,B01
200800068013,0,7,0,0,2,1,1,C01
200800068013,0,10,0,0,2,8,1,D01
200800068014,0,7,0,4,2,6,2,A01
200800068014,0,32,0,0,2,1,2,B01
200800068015,0,32,0,1,9,2,2,A01
200800068015,0,7,0,0,0,2,0,B01
200800068016,0,34,0,0,1,3,1,A01
200800068017,0,33,0,0,0,3,0,A01
200800068018,0,7,0,0,2,8,23,A01
200800068018,1,7,0,14,0,0,0,B01
200800068019,0,7,0,0,2,3,15,B01
200800068019,0,30,0,0,2,1,17,A01
200800068020,0,7,0,0,2,7,1,A01
200800068020,0,32,0,0,2,1,2,B01
200800068021,0,7,0,0,2,7,14,A01
200800068021,0,33,0,0,2,3,0,B01
200800068022,0,30,0,0,0,4,2,B01
200800068022,0,2,0,0,2,5,2,A01
200800068023,0,30,0,0,2,5,1,B01
200800068023,1,7,0,0,9,5,1,A01
200800068024,0,7,0,0,2,1,0,A01
200800068024,0,7,0,0,2,3,1,B01
200800068025,0,7,0,0,0,8,2,B01
200800068025,0,32,0,0,2,7,17,A01
200800068026,0,32,0,0,0,1,0,A01
200800068026,0,10,0,0,2,8,22,B01
200800068027,0,7,0,0,2,2,18,A01
200800068027,0,37,5,0,2,3,1,B01
200800068028,0,32,0,0,2,4,2,B01
200800068028,0,32,0,0,2,1,2,A01
200800068029,0,7,0,0,2,8,10,A01
200800068029,0,33,0,0,2,1,0,B01
200800068030,0,7,0,8,0,3,13,A01
200800068031,0,33,0,0,0,3,17,A01
200800068031,0,10,0,0,0,3,2,B01
200800068032,0,30,0,0,2,2,1,B01
200800068032,0,7,0,0,2,3,10,A01
200800068033,0,7,0,0,0,3,1,A01
200800068034,0,7,0,0,0,4,2,B01
200800068034,0,33,0,0,2,1,2,A01
200800068035,0,31,0,0,2,1,2,A01
200800068035,0,7,0,0,2,4,2,B01
200800068036,0,33,0,0,2,1,1,A01
200800068036,0,7,0,0,2,3,15,B01
200800068037,0,30,0,0,0,0,13,A01
200800068038,0,32,0,0,0,0,21,A01
200800068039,0,7,0,0,2,2,1,A01
200800068039,0,7,0,0,2,8,9,B01
200800068040,0,30,0,0,2,1,1,A01
200800068040,0,7,0,0,2,2,9,B01
200800068041,0,7,0,0,1,1,1,A01
200800068042,1,30,0,0,1,0,1,A01
200800068043,0,7,0,0,2,2,2,A01
200800068043,0,32,0,0,2,6,2,B01
200800068043,0,13,0,0,2,6,1,C01
200800068044,0,7,0,0,1,7,1,A01
200800068045,0,37,0,0,1,2,7,A01
200800068046,0,30,0,0,0,0,21,A01
200800068047,0,7,0,0,2,3,1,B01
200800068047,0,30,0,0,2,2,1,A01
200800068048,0,32,0,0,0,3,1,A01
200800068049,1,7,0,0,1,1,1,A01
200800068050,0,7,0,0,2,3,9,A01
200800068050,0,33,0,0,2,2,1,B01
200800068051,0,7,0,0,2,4,2,B01
200800068051,0,7,0,0,2,1,2,A01
200800068052,0,1,0,0,2,2,1,B01
200800068052,0,7,0,0,2,8,22,A01
200800068053,0,30,0,0,0,0,1,A01
200800068054,0,7,0,0,1,2,0,A01
200800068055,0,33,0,0,1,1,1,A01
200800068056,0,7,0,0,2,2,14,A01
200800068056,0,2,0,0,2,0,1,B01
200800068057,0,2,0,0,2,1,15,A01
200800068057,0,7,0,0,2,5,1,B01
200800068058,0,7,0,0,2,1,2,A01
200800068058,0,7,0,0,2,4,23,B01
200800068059,1,10,0,0,1,3,1,A01
200800068060,0,7,0,0,2,0,22,A01
200800068060,1,2,0,0,2,0,1,B01
200800068061,0,31,0,0,1,6,17,A01
200800068062,0,7,0,0,2,7,15,B01
200800068062,0,2,0,0,2,1,1,A01
200800068063,0,7,0,0,2,3,1,A01
200800068063,0,31,0,1,2,8,1,B01
200800068064,0,7,0,0,2,2,1,A01
200800068064,0,7,0,0,2,1,1,B01
200800068065,0,30,0,0,0,0,16,A01
200800068066,0,7,0,0,2,3,7,A01
200800068066,0,7,0,0,2,5,16,B01
200800068067,0,32,0,0,2,6,23,B01
200800068067,0,13,0,0,2,2,2,A01
200800068068,1,10,0,0,2,0,14,A01
200800068068,0,32,0,0,2,8,1,B01
200800068069,0,31,0,0,2,2,17,A01
200800068069,0,7,0,0,2,6,15,B01
200800068070,0,10,0,0,2,1,15,B01
200800068070,0,30,0,0,2,1,1,A01
200800068071,0,30,0,0,2,1,15,A01
200800068071,0,32,0,0,2,1,1,B01
200800068072,1,7,0,0,1,2,1,A01
200800068073,0,7,0,0,2,8,10,A01
200800068073,0,31,0,0,2,1,1,B01
200800068074,0,7,0,4,2,6,1,B01
200800068074,0,17,0,0,2,2,12,A01
200800068075,0,33,0,0,2,2,7,A01
200800068075,0,10,0,0,2,3,15,B01
200800068076,0,7,0,0,2,8,2,B01
200800068076,0,10,0,0,2,4,2,C01
200800068076,0,2,0,0,2,7,3,A01
200800068076,0,10,0,0,2,1,2,D01
200800068076,1,7,0,0,2,0,14,E01
200800068077,0,10,0,0,1,6,4,A01
200800068078,0,7,0,0,2,8,22,A01
200800068078,0,1,0,0,2,1,1,B01
200800068079,0,32,0,0,2,8,1,A01
200800068079,0,13,0,0,2,7,16,B01
200800068080,0,7,0,0,2,2,16,B01
200800068080,0,31,0,0,2,0,7,A01
200800068081,0,7,0,0,2,4,2,B01
200800068081,0,2,0,0,2,1,2,A01
200800068082,0,33,0,0,2,1,1,B01
200800068082,0,7,0,0,2,4,10,A01
200800068083,0,1,0,0,2,8,1,A01
200800068083,1,30,0,0,2,2,12,B01
200800068084,0,32,0,0,2,8,1,B01
200800068084,0,7,0,0,2,3,17,A01
200800068085,0,7,0,0,2,2,1,A01
200800068085,0,30,0,0,2,3,1,B01
200800068086,0,30,0,0,0,2,1,A01
200800068087,0,40,0,0,1,1,1,A01
200800068088,0,10,0,0,2,1,2,A01
200800068088,0,7,0,0,2,4,2,B01
200800068088,0,7,0,0,2,4,2,C01
200800068089,0,30,0,0,0,0,1,A01
200800068090,0,7,0,0,2,4,23,A01
200800068090,1,7,0,0,2,1,2,B01
200800068091,0,1,0,0,2,4,16,B01
200800068091,0,14,0,0,2,3,18,A01
200800068092,0,7,0,3,2,2,14,A01
200800068092,0,7,0,4,2,6,1,B01
200800068092,0,7,0,0,2,1,1,C01
200800068093,0,33,0,0,2,3,3,A01
200800068093,0,10,0,0,2,2,1,B01
200800068093,0,7,0,0,2,6,1,C01
200800068094,0,33,0,0,2,1,21,A01
200800068094,1,14,0,0,2,8,1,B01
200800068095,0,7,0,0,2,7,12,A01
200800068095,0,34,0,0,2,8,3,B01
200800068096,0,31,0,0,2,1,3,A01
200800068096,0,31,0,0,2,9,3,B01
200800068096,0,33,0,0,2,4,3,C01
200800068097,0,33,0,0,2,3,3,A01
200800068097,0,7,0,0,2,7,1,B01
200800068098,0,2,0,0,2,2,2,A01
200800068098,0,7,0,0,0,5,23,B01
200800068099,0,7,0,0,2,2,1,A01
200800068099,0,7,0,0,2,3,1,B01
200800068100,0,30,0,0,0,7,1,A01
200800068101,1,7,0,0,1,1,0,A01
200800068102,2,7,0,0,2,1,2,A01
200800068102,1,13,0,0,0,4,2,B01
200800068103,0,33,0,0,1,1,1,A01
200800068104,0,32,0,0,2,7,21,B01
200800068104,0,7,0,0,2,3,20,A01
200800068105,0,7,0,0,2,3,2,A01
200800068105,0,7,0,0,0,5,1,B01
200800068106,0,2,0,0,0,4,12,B01
200800068106,0,10,0,0,0,1,2,A01
200800068107,0,7,0,0,1,2,1,A01
200800068108,0,30,0,0,0,1,1,A01
200800068108,0,7,0,0,0,4,1,B01
200800068109,0,30,0,0,2,8,21,A01
200800068110,0,7,0,0,2,3,11,A01
200800068110,0,2,0,0,2,1,1,B01
200800068111,0,10,0,4,0,9,0,A01
200800068112,0,30,0,0,1,1,1,A01
200800068113,0,7,0,0,2,4,2,A01
200800068113,0,31,0,0,2,1,2,B01
200800068113,0,7,0,0,2,1,2,C01
200800068113,0,7,0,0,2,4,2,D01
200800068114,0,7,0,0,9,3,1,A01
200800068114,0,34,0,0,2,2,2,B01
200800068115,0,32,0,8,0,1,13,A01
200800068116,0,7,0,0,2,1,15,A01
200800068116,0,33,0,0,2,8,2,B01
200800068117,0,32,0,0,2,7,16,A01
200800068117,0,7,0,0,2,3,1,B01
200800068118,0,7,0,0,2,5,1,B01
200800068118,0,7,0,0,2,1,2,A01
200800068119,0,32,0,0,2,1,8,A01
200800068119,0,7,0,0,2,2,15,B01
200800068120,0,7,0,0,0,3,2,A01
200800068120,0,7,0,1,0,7,2,B01
200800068121,0,31,0,0,0,7,1,A01
200800068122,0,7,0,0,2,1,0,A01
200800068122,0,30,0,0,2,1,0,B01
200800068123,0,7,0,0,2,3,2,A01
200800068123,0,33,0,0,2,3,15,B01
200800068124,0,30,0,0,2,8,1,A01
200800068124,0,7,0,0,2,2,12,B01
200800068125,0,2,0,0,2,1,1,A01
200800068125,0,7,0,0,2,3,15,B01
200800068126,0,33,0,0,2,1,2,A01
200800068126,0,7,0,0,2,4,2,B01
200800068127,0,32,0,0,1,1,2,A01
200800068128,0,7,0,0,2,1,1,B01
200800068128,0,30,0,0,2,5,5,A01
200800068129,0,10,0,0,2,1,2,A01
200800068129,0,10,0,0,2,4,23,B01
200800068129,0,7,0,0,2,4,23,C01
200800068130,0,7,0,0,9,8,2,A01
200800068130,0,1,0,0,2,1,2,B01
200800068131,0,32,0,0,2,0,2,A01
200800068131,0,13,0,0,2,0,2,B01
200800068132,0,10,0,0,0,6,1,A01
200800068132,0,2,0,0,0,1,2,B01
200800068133,0,30,0,1,0,1,21,A01