Num_Acc,senc,catv,occutc,obs,obsm,choc,manv,num_veh
200800068507,0,7,0,0,0,0,0,A01
200800068507,0,10,0,0,2,6,20,B02
200800068508,0,7,0,0,1,3,1,A01
200800068509,0,21,0,0,0,0,2,A01
200800068509,0,7,0,0,0,1,0,C03
200800068510,0,33,0,0,2,4,1,A01
200800068510,0,7,0,0,2,1,1,B02
200800068511,0,7,0,0,2,8,19,B02
200800068511,0,7,0,0,2,1,1,A01
200800068512,0,7,0,0,2,2,1,A01
200800068512,0,10,0,0,2,3,1,B02
200800068513,0,7,0,0,1,1,1,A01
200800068514,0,10,0,0,1,2,0,A01
200800068515,0,14,0,0,0,2,1,A01
200800068515,0,7,0,0,0,1,0,B02
200800068516,0,15,0,0,0,3,13,A01
200800068516,0,10,0,0,2,1,5,B02
200800068516,0,7,0,0,2,1,5,C03
200800068517,0,33,0,0,0,8,1,A01
200800068518,0,7,0,0,2,8,15,A01
200800068518,0,7,0,0,2,1,16,B02
200800068519,0,7,0,2,0,6,1,A01
200800068520,0,2,0,0,1,1,1,A01
200800068521,0,2,0,0,2,1,1,A01
200800068521,0,7,0,0,0,7,20,B02
200800068522,0,33,0,0,2,7,16,A01
200800068522,0,7,0,0,2,3,1,B02
200800068523,0,7,0,0,1,4,4,A01
200800068524,0,7,0,2,0,1,14,A01
200800068525,0,7,0,2,0,1,13,A01
200800068526,0,7,0,0,1,3,1,A01
200800068526,0,7,0,0,0,3,23,B02
200800068527,0,7,0,0,2,3,2,A01
200800068527,0,7,0,0,2,6,2,B02
200800068528,0,7,0,0,1,2,1,A01
200800068529,0,7,0,6,0,1,15,A01
200800068530,0,7,0,0,1,7,1,A01
200800068531,0,30,0,12,0,0,1,A01
200800068532,0,7,0,5,0,2,1,A01
200800068533,0,7,0,2,0,8,1,A01
200800068534,0,7,0,1,0,2,1,A01
200800068534,0,7,0,0,0,1,0,B02
200800068535,0,7,0,0,2,1,1,B02
200800068535,0,1,0,0,2,7,5,A01
200800068536,0,7,0,0,0,1,1,A01
200800068536,0,7,0,0,0,1,13,B02
200800068537,0,7,0,2,0,9,14,A01
200800068538,0,7,0,0,2,3,17,A01
200800068538,0,7,0,0,2,3,1,B02
200800068538,0,7,0,0,9,1,1,C03
200800068539,0,7,0,2,0,5,1,A01
200800068540,0,10,0,0,1,1,1,A01
200800068541,0,7,0,13,0,1,1,A01
200800068542,0,17,0,2,0,7,1,A01
200800068543,0,7,0,0,1,2,1,A01
200800068544,0,10,0,0,2,3,13,A01
200800068544,0,7,0,0,2,3,1,B02
200800068545,0,7,0,2,0,7,1,A01
200800068546,0,7,0,2,0,2,14,A01
200800068547,0,7,0,0,2,8,13,A01
200800068547,0,7,0,0,2,3,1,B02
200800068548,0,7,0,16,0,9,1,A01
200800068549,0,7,0,0,2,3,1,B02
200800068549,0,7,0,0,2,2,15,A01
200800068550,0,7,0,0,6,2,1,A01
200800068551,0,7,0,0,0,1,1,A01
200800068552,0,7,0,0,1,2,15,A01
200800068553,0,7,0,0,1,8,21,A01
200800068554,0,7,0,2,0,2,1,A01
200800068555,0,7,0,0,2,1,2,A01
200800068555,0,7,0,0,2,4,15,B02
200800068556,0,10,0,1,1,2,14,A01
200800068557,0,7,0,6,0,2,1,A01
200800068558,0,7,0,2,0,1,14,A01
200800068559,0,7,0,0,2,1,13,A01
200800068559,0,7,0,0,2,1,21,B02
200800068560,0,7,0,0,1,2,1,A01
200800068561,0,7,0,0,2,1,19,A01
200800068561,0,7,0,0,2,7,1,B02
200800068562,0,33,0,0,0,7,16,A01
200800068563,0,7,0,0,2,1,1,A01
200800068563,0,7,0,0,2,8,19,B02
200800068564,0,1,0,0,2,6,15,A01
200800068564,0,7,0,0,9,3,1,B02
200800068565,0,31,0,0,0,1,1,A01
200800068565,0,7,0,0,2,2,13,B02
200800068566,0,30,0,0,2,1,0,A01
200800068566,0,7,0,0,2,6,0,B02
200800068567,0,10,0,0,2,3,1,A01
200800068567,0,7,0,0,2,3,1,B02
200800068568,0,7,0,8,0,1,13,A01
200800068569,0,7,0,0,9,3,15,A01
200800068569,0,1,0,0,2,4,1,B02
200800068570,0,10,0,0,2,7,1,A01
200800068570,0,7,0,0,2,3,1,B02
200800068571,0,7,0,0,0,9,14,A01
200800068572,0,7,0,0,2,8,1,A01
200800068572,0,17,0,0,2,1,1,B02
200800068573,0,7,0,6,0,8,14,A01
200800068574,0,7,0,0,0,1,19,A01
200800068574,0,7,0,0,0,1,1,B02
200800068575,0,7,0,6,0,1,1,A01
200800068576,0,7,0,6,0,1,1,A01
200800068577,0,13,0,0,2,1,21,A01
200800068577,0,17,0,0,2,2,19,B02
200800068578,0,7,0,8,0,8,1,A01
200800068579,0,7,0,14,0,8,1,A01
200800068579,0,7,0,0,0,9,1,B02
200800068579,0,7,0,14,2,7,1,C03
200800068579,0,13,0,0,2,1,1,D04
200800068580,0,7,0,0,2,3,15,A01
200800068580,0,2,0,0,2,8,2,B02
200800068581,0,7,0,0,2,7,1,A01
200800068581,0,7,0,0,2,1,1,B02
200800068582,0,7,0,0,2,3,13,A01
200800068582,0,10,0,0,2,3,1,B02
200800068583,0,7,0,0,2,1,1,A01
200800068583,0,7,0,0,2,1,1,B02
200800068584,0,7,0,0,0,2,0,A01
200800068585,0,10,0,2,0,1,2,A01
200800068586,0,7,0,2,0,3,1,A01
200800068587,0,10,0,0,0,9,1,A01
200800068588,0,7,0,0,0,9,13,A01
200800068589,0,7,0,0,2,6,11,A01
200800068589,0,7,0,0,2,1,1,B02
200800068590,0,7,0,0,2,2,13,A01
200800068590,0,7,0,0,2,2,1,B02
200800068591,0,7,0,16,0,3,0,A01
200800068592,0,15,0,0,2,1,2,A01
200800068592,0,7,0,0,9,8,15,B02
200800068593,0,7,0,0,1,1,1,A01
200800068594,0,30,0,0,0,1,0,A01
200800068595,0,31,0,0,2,1,1,A01
200800068595,0,7,0,0,2,3,1,B02
200800068596,0,14,0,5,0,1,6,A01
200800068597,0,7,0,0,2,1,1,A01
200800068597,0,1,0,0,2,4,1,B02
200800068598,0,3,0,6,1,2,14,A01
200800068599,0,7,0,3,0,1,1,A01
200800068600,0,7,0,0,1,2,1,A01
200800068601,0,30,0,0,0,7,1,A01
200800068602,0,7,0,0,2,1,1,A01
200800068602,0,21,0,0,0,5,19,B02
200800068603,0,7,0,1,0,3,13,A01
200800068604,0,7,0,5,2,1,1,A01
200800068604,0,7,0,0,2,1,1,B02
200800068605,0,7,0,2,0,8,21,A01
200800068606,0,7,0,16,0,1,1,A01
200800068607,0,14,0,0,0,6,15,A01
200800068607,0,7,0,0,2,1,17,B02
200800068608,0,7,0,6,0,9,17,A01
200800068609,0,33,0,0,2,3,2,A01
200800068609,0,7,0,0,2,5,16,B02
200800068610,0,7,0,0,2,2,15,A01
200800068610,0,33,0,0,2,1,0,B02
200800068611,0,7,0,0,1,2,1,A01
200800068612,0,7,0,1,0,3,13,A01
200800068612,0,10,0,0,2,3,23,B02
200800068613,0,7,0,0,1,2,1,A01
200800068614,0,7,0,0,2,1,1,A01
200800068614,0,7,0,0,2,1,1,B02
200800068615,0,7,0,0,2,1,20,A01
200800068615,0,31,0,0,2,1,13,B02
200800068616,0,7,0,5,2,1,17,A01
200800068616,0,7,0,0,2,8,15,B02
200800068617,0,10,0,1,0,2,1,A01
200800068617,0,14,0,0,0,6,23,B02
200800068618,0,7,0,13,0,9,1,A01
200800068619,0,10,0,2,0,9,1,A01
200800068620,0,10,0,3,0,3,1,A01
200800068621,0,10,0,0,2,3,1,A01
200800068621,0,10,0,0,2,1,1,B02
200800068622,0,7,0,0,1,3,1,A01
200800068623,0,7,0,13,0,1,13,A01
200800068624,0,14,0,0,0,2,2,A01
200800068624,0,30,0,0,0,6,2,B02
200800068625,0,7,0,8,0,8,14,A01
200800068626,0,7,0,0,2,3,15,A01
200800068626,0,2,0,0,2,1,1,B02
200800068627,0,14,0,0,1,4,0,A01
200800068628,0,7,0,0,2,7,13,A01
200800068628,0,7,0,0,2,1,1,B02
200800068629,0,7,0,0,2,3,1,A01
200800068629,0,20,0,0,2,3,1,B02
200800068630,0,7,0,0,2,1,1,A01
200800068630,0,7,0,0,2,1,13,B02
200800068631,0,13,0,0,2,3,1,A01
200800068631,0,7,0,0,2,3,13,B02
200800068632,0,2,0,1,0,1,1,A01
200800068633,0,30,0,0,2,1,0,A01
200800068633,0,10,0,0,2,8,0,B02
200800068634,0,10,0,0,2,3,1,A01
200800068634,0,7,0,0,2,2,0,B02
200800068635,0,7,0,8,2,8,1,A01
200800068635,0,7,0,0,2,1,15,B02
200800068636,0,7,0,0,2,7,1,A01
200800068636,0,7,0,0,2,2,1,B02
200800068637,0,7,0,0,2,3,23,A01
200800068637,0,31,0,1,0,1,5,B02
200800068638,0,7,0,6,0,1,1,A01
200800068639,2,7,0,6,0,1,19,A01
200800068640,0,7,0,0,2,1,1,A01
200800068640,0,7,0,0,2,1,1,B02
200800068641,0,7,0,0,2,1,1,B02
200800068641,0,7,0,0,2,3,1,A01
200800068642,0,30,0,0,1,1,1,A01
200800068643,0,7,0,8,0,6,21,A01
200800068644,0,7,0,0,0,8,1,A01
200800068644,0,7,0,0,0,1,1,B02
200800068645,0,15,0,0,2,3,1,A01
200800068645,0,7,0,0,0,6,1,B02
200800068646,0,7,0,16,0,1,1,A01
200800068647,0,7,0,0,2,3,0,A01
200800068647,0,30,0,0,2,1,13,B02
200800068648,0,7,0,0,1,2,1,A01
200800068649,0,7,0,8,0,6,1,A01
200800068650,0,7,0,13,0,9,1,A01
200800068651,0,7,0,0,2,3,1,A01
200800068651,0,7,0,0,2,1,1,B02
200800068652,0,7,0,0,2,1,1,A01
200800068652,0,7,0,0,2,6,1,B02
200800068652,0,10,0,0,2,1,11,C03
200800068653,0,7,0,8,0,2,1,A01
200800068654,0,7,0,0,0,7,15,A01
200800068654,0,2,0,0,0,3,1,B02
200800068655,0,7,0,8,0,1,14,A01
200800068656,0,7,0,0,1,1,1,A01
200800068657,0,7,0,6,0,3,1,A01
200800068658,0,7,0,0,2,1,13,B02
200800068658,0,14,0,0,2,1,1,A01
200800068659,0,2,0,0,0,2,15,A01
200800068659,0,7,0,0,0,3,1,B02
200800068660,0,7,0,0,0,8,0,A01
200800068660,0,31,0,0,0,1,1,B02
200800068661,0,7,0,13,0,1,1,A01
200800068662,0,7,0,0,1,2,1,A01
200800068663,0,7,0,0,2,8,19,A01
200800068664,0,7,0,0,2,8,15,A01
200800068664,0,33,0,0,2,1,1,B02
200800068665,0,10,0,10,0,3,1,A01
200800068666,0,7,0,0,1,3,1,A01
200800068667,0,7,0,0,2,2,13,A01
200800068667,0,7,0,6,2,2,1,B02
200800068668,0,7,0,0,2,8,13,A01
200800068668,0,7,0,0,2,8,2,B02
200800068669,0,7,0,0,2,3,15,A01
200800068669,0,17,0,0,2,2,0,B02
200800068670,0,10,0,0,1,3,1,A01
200800068671,0,7,0,2,0,1,14,A01
200800068672,0,7,0,0,0,1,1,A01
200800068673,0,7,0,14,0,1,1,A01
200800068673,0,7,0,0,2,4,1,B02
200800068673,0,10,0,0,2,5,1,C03
200800068674,0,7,0,0,2,8,15,A01
200800068674,0,17,0,0,2,2,1,B02
200800068674,0,7,0,0,1,1,1,C03
200800068675,0,7,0,0,2,3,13,A01
200800068675,0,7,0,0,2,3,1,B02
200800068676,0,7,0,0,2,1,17,A01
200800068676,0,7,0,0,2,3,15,B02
200800068677,0,7,0,0,2,3,2,A01
200800068677,0,7,0,0,2,3,13,B02
200800068678,0,33,0,0,1,5,9,A01
200800068679,0,7,0,0,2,2,16,A01
200800068679,0,7,0,0,2,1,1,B02
200800068680,0,7,0,0,6,3,1,A01
200800068681,0,7,0,0,0,0,0,A01
200800068681,0,20,0,0,2,1,0,B02
200800068682,0,7,0,0,2,7,19,A01
200800068682,0,33,0,0,2,1,1,B02
200800068683,0,7,0,0,0,2,19,A01
200800068683,0,2,0,0,2,1,1,B02
200800068684,0,7,0,0,2,9,17,A01
200800068684,0,7,0,0,2,2,1,B02
200800068684,0,15,0,0,0,8,1,C03
200800068685,0,7,0,0,2,1,1,A01
200800068685,0,7,0,0,2,4,2,B02
200800068685,0,7,0,0,2,4,15,C03
200800068685,0,7,0,0,2,3,1,D04
200800068686,0,7,0,0,2,1,17,A01
200800068686,0,10,0,0,2,3,1,B02
200800068687,0,7,0,0,1,2,1,A01
200800068688,0,7,0,0,2,6,15,A01
200800068688,0,7,0,0,2,1,1,B02
200800068688,0,10,0,0,2,1,21,C03
200800068689,0,2,0,0,1,3,1,A01
200800068690,0,7,0,0,2,1,5,A01
200800068690,0,17,0,0,2,3,1,B02
200800068691,0,7,0,0,2,7,2,A01
200800068691,0,1,0,0,2,3,2,B02
200800068692,0,7,0,0,0,2,1,A01
200800068692,0,7,0,0,0,1,1,B02
200800068693,0,3,0,0,0,8,19,A01
200800068693,0,7,0,0,2,1,1,B02
200800068694,0,33,0,0,2,1,13,A01
200800068694,0,7,0,0,2,3,1,B02
200800068695,0,7,0,0,0,7,19,A01
200800068695,0,7,0,0,2,1,1,B02
200800068696,0,7,0,0,2,7,19,A01
200800068696,0,33,0,0,2,1,1,B02
200800068697,0,7,0,0,1,1,1,A01
200800068698,0,7,0,0,0,2,15,A01
200800068698,0,31,0,0,2,1,1,B02
200800068699,0,7,0,0,2,2,2,A01
200800068699,0,1,0,0,0,4,2,B02
200800068700,0,7,0,0,1,2,16,A01
200800068701,0,7,0,13,0,1,0,A01
200800068702,0,7,0,0,2,2,1,A01
200800068702,0,30,0,0,2,4,15,B02
200800068703,0,7,0,6,0,1,1,A01
200800068704,0,7,0,0,2,1,15,A01
200800068704,0,33,0,0,2,1,1,B02
200800068704,0,7,0,0,2,2,23,C03
200800068705,0,7,0,0,1,3,1,A01
200800068706,0,33,0,0,2,1,2,A01
200800068706,0,7,0,0,2,5,15,B02
200800068707,0,7,0,0,2,3,17,A01
200800068707,0,7,0,0,2,1,1,B02
200800068708,0,7,0,0,2,3,17,A01
200800068708,0,31,0,0,2,1,1,B02
200800068709,0,7,0,13,2,9,13,A01
200800068709,0,7,0,0,2,1,1,B02
200800068710,0,7,0,6,0,9,13,A01
200800068711,0,7,0,0,2,2,13,A01
200800068711,0,3,0,0,2,1,1,B02
200800068712,0,7,0,0,2,1,13,A01
200800068712,0,7,0,0,2,1,1,B02
200800068713,0,14,0,0,2,5,15,A01
200800068713,0,31,0,0,0,1,0,B02
200800068714,0,7,0,0,2,1,5,A01
200800068714,0,7,0,0,2,1,1,B02
200800068715,0,21,0,0,2,1,15,A01
200800068715,0,7,0,0,2,3,1,B02
200800068716,0,7,0,0,2,1,24,A01
200800068716,0,7,0,1,0,1,1,B02
200800068717,0,10,0,0,2,3,1,A01
200800068717,0,17,0,0,2,8,1,B02
200800068718,0,33,0,3,0,0,1,A01
200800068719,0,7,0,6,0,1,1,A01
200800068720,0,7,0,12,0,2,14,A01
200800068721,0,7,0,0,2,3,1,A01
200800068721,0,7,0,0,2,3,1,B02
200800068722,0,10,0,0,2,3,15,A01
200800068722,0,33,0,0,2,1,1,B02
200800068723,0,7,0,0,2,3,9,A01
200800068723,0,2,0,0,2,1,1,B02
200800068724,0,7,0,0,1,2,15,A01
200800068725,0,7,0,0,2,3,13,A01
200800068725,0,7,0,0,0,3,1,B02
200800068725,0,7,0,0,0,0,0,C03
200800068726,0,7,0,2,0,4,1,A01
200800068727,0,7,0,0,2,1,19,A01
200800068727,0,7,0,0,2,2,1,B02
200800068728,0,7,0,2,0,9,1,A01
200800068729,0,7,0,0,0,9,1,A01
200800068730,0,7,0,0,2,1,15,A01
200800068730,0,7,0,0,2,1,1,B02
200800068731,0,7,0,2,0,1,19,A01
200800068732,0,7,0,0,1,3,1,A01
200800068733,0,7,0,0,2,2,15,A01
200800068733,0,1,0,0,2,8,1,B02
200800068734,0,15,0,0,2,3,1,A01
200800068734,0,17,0,0,2,3,1,B02
200800068734,0,10,0,0,2,3,23,C03
200800068735,0,33,0,0,2,1,21,A01
200800068735,0,7,0,0,2,1,17,B02
200800068736,0,7,0,0,2,1,1,A01
200800068736,0,7,0,0,2,6,1,B02
200800068736,0,7,0,0,2,4,1,C03
200800068736,0,7,0,0,2,1,1,D04
200800068737,0,7,0,0,2,3,1,A01
200800068737,0,7,0,0,2,3,14,B02
200800068737,0,7,0,0,2,8,1,C03
200800068737,0,2,0,0,9,7,2,D04
200800068738,0,10,0,0,2,3,15,B02
200800068738,0,33,0,0,2,1,1,A01
200800068739,0,33,0,12,0,1,1,A01
200800068740,0,7,0,0,1,3,1,A01
200800068741,0,3,0,13,0,4,2,A01
200800068741,0,10,0,0,2,1,2,B02
200800068742,0,7,0,2,0,7,1,A01
200800068743,0,33,0,14,0,1,17,A01
200800068743,0,7,0,0,2,6,23,B02
200800068743,0,7,0,0,9,1,21,C03
200800068744,0,7,0,0,1,2,2,A01
200800068745,0,3,0,3,0,1,2,A01
200800068746,0,7,0,13,0,1,1,A01
200800068747,0,7,0,0,1,2,1,A01
200800068748,0,7,0,0,2,1,1,A01
200800068748,0,7,0,0,2,8,19,B02
200800068749,0,7,0,0,2,7,2,A01
200800068749,0,2,0,0,2,4,2,B02
200800068750,0,7,0,0,2,1,15,A01
200800068750,0,32,0,0,2,7,1,B02
200800068751,0,10,0,0,2,3,1,A01
200800068751,0,33,0,0,2,1,1,B02
200800068752,0,7,0,6,0,1,14,A01
200800068753,0,7,0,0,1,1,1,A01
200800068754,0,7,0,0,2,2,15,A01
200800068754,0,2,0,0,2,1,1,B02
200800068755,0,7,0,0,2,1,1,B02
200800068755,0,7,0,0,2,8,19,A01
200800068756,0,7,0,0,2,2,15,A01
200800068756,0,7,0,0,2,2,1,B02
200800068757,0,3,0,0,1,2,1,A01
200800068758,0,7,0,0,9,3,2,A01
200800068758,0,1,0,0,2,4,15,B02
200800068759,0,7,0,6,0,1,1,A01
200800068760,0,7,0,0,1,2,1,A01
200800068761,0,10,0,0,1,3,1,A01
200800068762,0,7,0,15,2,1,1,A01
200800068762,0,7,0,0,2,2,19,B02
200800068763,0,7,0,0,2,3,13,A01
200800068763,0,15,0,0,2,3,1,B02
200800068764,0,10,0,0,2,3,13,A01
200800068764,0,31,0,0,2,3,1,B02
200800068765,0,7,0,3,0,2,1,A01
200800068766,0,7,0,0,0,3,1,A01
200800068766,0,7,0,0,0,3,13,B02
200800068767,0,7,0,0,2,1,0,A01
200800068767,0,7,0,0,2,1,0,B02
200800068768,0,7,0,0,2,3,19,A01
200800068768,0,7,0,0,2,3,1,B02
200800068769,0,7,0,2,0,1,1,A01
200800068770,0,10,0,0,2,3,15,A01
200800068770,0,2,0,0,2,1,1,B02
200800068771,0,2,0,0,2,3,5,A01
200800068771,0,7,0,0,2,3,1,B02
200800068772,0,7,0,13,0,9,1,A01
200800068773,0,7,0,0,2,2,19,A01
200800068773,0,7,0,0,2,1,1,B02
200800068774,0,7,0,0,2,1,5,A01
200800068774,0,7,0,0,2,1,1,B02
200800068775,0,33,0,11,0,7,1,A01
200800068775,0,7,0,0,2,8,1,B02
200800068776,0,7,0,0,2,2,5,A01
200800068776,0,7,0,0,2,3,1,B02
200800068777,0,31,0,0,2,1,5,A01
200800068777,0,7,0,0,2,3,5,B02
200800068778,0,7,0,8,0,1,1,A01
200800068779,0,7,0,0,2,3,13,A01
200800068779,0,7,0,0,2,3,1,B02
200800068780,0,7,0,0,2,9,1,A01
200800068780,0,7,0,0,2,2,1,B02
200800068780,0,7,0,0,2,1,1,C03
200800068781,0,7,0,2,0,2,1,A01
200800068782,0,31,0,0,0,0,1,A01
200800068783,0,7,0,0,2,1,1,A01
200800068783,0,7,0,0,2,6,19,B02
200800068784,0,30,0,13,0,1,1,A01
200800068785,0,7,0,13,0,3,1,A01
200800068786,0,7,0,0,2,1,2,A01
200800068786,0,21,0,0,0,6,2,B02
200800068787,0,7,0,0,2,1,1,A01
200800068787,0,7,0,0,2,2,15,B02
200800068788,0,30,0,0,2,1,1,A01
200800068788,0,7,0,0,2,3,15,B02
200800068789,0,7,0,16,0,9,13,A01
200800068790,0,7,0,0,2,8,10,A01
200800068790,0,33,0,0,2,1,0,B02
200800068791,0,7,0,13,0,2,1,A01
200800068792,0,7,0,0,1,2,1,A01
200800068793,0,7,0,0,2,1,15,A01
200800068793,0,2,0,0,2,1,1,B02
200800068794,0,7,0,0,2,3,15,A01
200800068794,0,33,0,0,2,1,1,B02
200800068795,0,7,0,0,2,5,15,A01
200800068795,0,7,0,0,2,6,1,B02
200800068795,0,31,0,0,2,1,2,C03
200800068796,0,7,0,6,0,3,13,A01
200800068797,0,7,0,0,2,8,19,A01
200800068798,0,30,0,15,0,1,1,A01
200800068799,0,30,0,11,0,1,1,A01
200800068800,0,7,0,13,0,3,1,A01
200800068801,0,7,0,0,1,1,15,A01
200800068802,0,7,0,0,2,3,15,A01
200800068802,0,30,0,0,2,1,1,B02
200800068803,0,7,0,0,2,8,1,A01
200800068803,0,7,0,0,2,1,1,B02
200800068804,0,7,0,0,2,1,13,A01
200800068804,0,10,0,0,2,1,1,B02
200800068805,0,7,0,0,2,1,13,A01
200800068805,0,7,0,0,2,1,1,B02
200800068806,0,7,0,0,1,1,1,A01
200800068807,0,33,0,0,0,0,0,A01
200800068808,0,30,0,0,2,0,17,A01
200800068808,0,7,0,0,2,8,15,B02
200800068809,0,10,0,0,2,7,1,A01
200800068809,0,2,0,0,2,1,1,B02
200800068810,0,7,0,0,0,0,1,A01
200800068811,0,7,0,1,2,7,19,A01
200800068811,0,10,0,0,2,1,0,B02
200800068812,0,33,0,0,0,0,1,A01
200800068813,0,7,0,13,0,1,1,A01
200800068814,0,7,0,0,2,8,19,A01
200800068814,0,33,0,0,2,1,1,B02
200800068815,0,7,0,0,2,2,15,A01
200800068815,0,30,0,0,2,1,1,B02
200800068816,0,7,0,0,2,3,15,A01
200800068816,0,30,0,0,2,1,1,B02
200800068817,0,7,0,2,0,3,1,A01
200800068818,0,7,0,0,1,2,1,A01
200800068819,0,7,0,2,0,7,13,A01
200800068820,0,7,0,8,0,1,14,A01
200800068821,1,7,0,0,1,1,11,A01
200800068822,0,7,0,8,0,7,1,A01
200800068823,0,38,0,2,0,2,13,A01
200800068824,0,7,0,16,0,0,1,A01
200800068825,0,15,0,0,0,4,23,A01
200800068825,0,7,0,0,2,4,1,B02
200800068825,0,7,0,0,2,1,0,C03
200800068826,0,10,0,13,0,3,17,A01
200800068827,0,7,0,0,0,6,4,A01
200800068827,0,31,0,0,2,1,2,B02
200800068828,0,7,0,0,2,3,1,A01
200800068828,0,2,0,0,2,1,11,B02
200800068829,0,7,0,0,2,3,1,A01
200800068829,0,7,0,0,2,3,1,B02
200800068830,0,7,0,0,2,3,13,A01
200800068830,0,7,0,0,2,3,1,B02
200800068831,0,7,0,0,1,3,1,A01
200800068832,0,7,0,0,2,1,9,A01
200800068832,0,15,0,0,2,7,1,B02
200800068833,0,7,0,6,0,1,13,A01
200800068834,0,10,0,0,2,3,5,A01
200800068834,0,14,0,0,2,3,0,B02
200800068835,0,7,0,0,2,3,1,A01
200800068835,0,7,0,0,2,2,9,B02
200800068836,0,7,0,0,0,1,1,A01
200800068837,0,7,0,0,2,1,15,A01
200800068837,0,33,0,0,2,1,1,B02
200800068838,0,7,0,0,2,3,13,A01
200800068838,0,14,0,0,2,3,1,B02
200800068839,0,15,0,0,0,0,23,A01
200800068839,0,10,0,1,0,1,1,B02
200800068840,0,7,0,0,2,1,13,A01
200800068840,0,17,0,0,2,3,21,B02
200800068841,0,7,0,0,2,1,23,A01
200800068841,0,30,0,0,2,7,1,B02
200800068841,0,7,0,0,2,1,15,C03
200800068842,0,7,0,0,2,3,13,A01
200800068842,0,7,0,0,2,3,1,B02
200800068843,0,33,0,0,2,1,13,A01
200800068843,0,7,0,0,2,8,15,B02
200800068844,0,7,0,0,2,2,15,A01
200800068844,0,7,0,0,2,1,1,B02
200800068845,0,7,0,0,2,3,1,A01
200800068845,0,7,0,0,2,3,1,B02
200800068846,0,7,0,0,0,0,1,A01
200800068846,0,7,0,0,2,3,9,B02
200800068847,0,7,0,13,0,1,1,A01
200800068848,0,7,0,0,0,9,1,A01
200800068849,0,10,0,0,2,1,19,B02
200800068849,0,7,0,0,2,8,19,A01
200800068850,0,7,0,0,2,2,1,A01
200800068850,0,1,0,0,2,8,19,B02
200800068851,0,7,0,13,0,3,1,A01
200800068852,0,7,0,13,0,3,13,A01
200800068853,0,7,0,0,2,3,13,A01
200800068853,0,15,0,0,2,3,1,B02
200800068854,0,7,0,2,0,1,13,A01
200800068855,0,7,0,0,2,3,13,A01
200800068855,0,10,0,0,2,3,1,B02
200800068856,0,17,0,2,0,1,13,A01
200800068857,0,7,0,0,2,2,17,A01
200800068857,0,30,0,0,2,8,1,B02
200800068858,0,7,0,0,2,1,13,A01
200800068858,0,7,0,0,2,1,21,B02
200800068859,0,7,0,0,1,3,1,A01
200800068860,0,7,0,0,2,1,1,A01
200800068860,0,10,0,0,2,1,1,B02
200800068861,0,7,0,2,0,3,1,A01
200800068862,0,7,0,2,0,5,1,A01
200800068863,0,2,0,0,2,7,17,A01
200800068863,0,10,0,0,2,3,15,B02
200800068864,0,30,0,0,1,1,1,A01
200800068865,0,7,0,0,2,2,17,A01
200800068865,0,33,0,0,2,2,1,B02
200800068865,0,7,0,0,0,0,1,C03
200800068865,0,7,0,0,0,0,1,D04
200800068866,0,7,0,0,2,3,1,A01
200800068866,0,2,0,0,2,1,13,B02
200800068867,0,30,0,0,2,1,1,A01
200800068867,0,7,0,0,2,2,15,B02
200800068868,0,7,0,6,0,2,1,A01
200800068869,0,10,0,0,2,5,15,A01
200800068869,0,33,0,0,2,2,1,B02
200800068870,0,7,0,0,0,1,1,A01
200800068871,0,7,0,2,0,3,1,A01
200800068872,0,10,0,0,2,1,1,A01
200800068872,0,7,0,0,0,0,0,B02
200800068873,0,7,0,0,1,1,1,A01
200800068874,0,7,0,0,1,2,1,A01
200800068875,0,7,0,0,2,1,1,A01
200800068875,0,30,0,0,2,4,15,B02
200800068876,0,30,0,8,0,1,14,A01
200800068877,0,7,0,0,2,1,17,A01
200800068877,0,30,0,0,2,8,15,B02
200800068878,0,7,0,13,0,3,1,A01
200800068879,0,7,0,0,1,3,1,A01
200800068880,0,7,0,6,0,8,1,A01
200800068881,0,31,0,0,2,1,1,A01
200800068881,0,7,0,0,2,2,15,B02
200800068882,0,7,0,0,2,1,13,A01
200800068882,0,7,0,0,2,1,1,B02
200800068883,0,7,0,0,2,2,17,A01
200800068883,0,2,0,0,2,1,1,B02
200800068883,0,7,0,14,0,1,1,C03
200800068884,0,30,0,0,2,1,1,A01
200800068884,0,21,0,0,0,4,1,B02
200800068885,0,7,0,0,2,1,1,A01
200800068885,0,7,0,0,2,3,1,B02
200800068886,0,1,0,0,2,1,13,A01
200800068886,0,7,0,0,9,3,1,B02
200800068887,0,7,0,2,2,3,1,A01
200800068887,0,7,0,0,2,3,1,B02
200800068888,0,7,0,0,2,2,13,A01
200800068888,0,7,0,0,2,3,1,B02
200800068888,0,7,0,0,2,2,1,C03
200800068889,0,7,0,0,2,2,15,A01
200800068889,0,2,0,0,2,1,1,B02
200800068890,0,7,0,6,0,1,1,A01
200800068891,0,7,0,0,0,2,1,A01
200800068892,0,7,0,2,0,7,1,A01
200800068893,0,7,0,0,5,1,1,A01
200800068894,0,2,0,0,2,2,1,B02
200800068894,0,7,0,0,2,3,1,A01
200800068895,0,10,0,0,1,3,1,A01
200800068896,0,14,0,0,2,8,1,A01
200800068896,0,7,0,0,2,1,1,B02
200800068896,0,7,0,0,2,8,1,C03
200800068896,0,7,0,0,2,8,1,D04
200800068897,0,7,0,0,2,2,1,A01