Num_Acc,senc,catv,occutc,obs,obsm,choc,manv,num_veh
200800068897,0,7,0,0,2,2,5,B02
200800068898,0,10,0,2,0,7,1,A01
200800068899,0,10,0,0,2,3,17,A01
200800068899,0,10,0,13,2,3,1,B02
200800068899,0,10,0,0,2,8,1,C03
200800068900,0,7,0,0,2,1,1,A01
200800068900,0,2,0,0,2,4,1,B02
200800068901,0,7,0,13,0,1,1,A01
200800068902,0,7,0,0,2,1,6,A01
200800068902,0,7,0,0,2,1,1,B02
200800068903,0,7,0,0,1,1,1,A01
200800068904,0,7,0,8,0,1,1,A01
200800068904,0,2,0,8,0,1,1,B02
200800068905,0,7,0,0,2,2,20,A01
200800068905,0,30,0,0,2,1,1,B02
200800068906,0,37,0,0,1,7,9,A01
200800068907,0,7,0,0,1,3,1,A01
200800068908,0,7,0,2,0,1,14,A01
200800068909,0,31,0,0,0,0,1,A01
200800068910,0,7,0,0,2,1,13,A01
200800068910,0,7,0,0,2,1,1,B02
200800068911,0,7,0,0,0,8,17,A01
200800068911,0,30,0,0,0,8,0,B02
200800068912,0,7,0,6,0,1,13,A01
200800068913,0,7,0,2,0,9,1,A01
200800068914,0,7,0,0,1,0,1,A01
200800068915,0,10,0,0,2,3,19,A01
200800068915,0,33,0,0,2,1,1,B02
200800068916,0,7,0,13,0,2,14,A01
200800068917,0,7,0,0,2,1,0,A01
200800068917,0,31,0,0,2,4,1,B02
200800068918,0,7,0,13,0,9,14,A01
200800068919,0,10,0,13,0,2,1,A01
200800068920,0,7,0,11,0,1,1,A01
200800068921,0,7,0,0,1,2,1,A01
200800068922,0,7,0,0,2,3,15,A01
200800068922,0,30,0,14,0,1,17,B02
200800068923,0,7,0,0,2,2,2,A01
200800068923,0,2,0,0,2,4,2,B02
200800068924,0,7,0,16,0,1,1,A01
200800068925,0,7,0,2,0,1,1,A01
200800068926,0,7,0,0,2,2,13,A01
200800068926,0,7,0,0,2,5,1,B02
200800068926,0,7,0,0,2,3,1,C03
200800068927,0,7,0,0,2,3,0,A01
200800068927,0,7,0,0,2,3,0,B02
200800068927,0,7,0,0,2,1,0,C03
200800068928,0,7,0,1,0,1,1,A01
200800068928,0,7,0,0,0,4,23,B02
200800068929,0,7,0,0,2,2,19,B02
200800068929,0,7,0,0,2,8,1,A01
200800068930,0,7,0,0,2,8,15,A01
200800068930,0,30,0,0,0,1,1,B02
200800068931,0,7,0,0,9,2,15,A01
200800068931,0,1,0,0,2,1,1,B02
200800068932,0,7,0,0,2,1,1,A01
200800068932,0,21,0,0,0,4,1,B02
200800068933,0,7,0,0,2,3,19,A01
200800068933,0,2,0,0,2,1,1,B02
200800068934,0,7,0,8,0,7,1,A01
200800068935,0,30,0,0,2,1,5,A01
200800068935,0,7,0,0,2,1,15,B02
200800068936,0,7,0,2,0,1,1,A01
200800068937,0,30,0,1,0,1,1,A01
200800068937,0,7,0,0,0,5,23,B02
200800068938,0,7,0,0,2,8,1,A01
200800068938,0,7,0,0,2,8,13,B02
200800068939,0,7,0,0,9,2,1,A01
200800068939,0,1,0,0,2,1,19,B02
200800068940,0,7,0,0,2,3,13,A01
200800068940,0,7,0,0,2,3,1,B02
200800068941,0,7,0,13,2,2,1,A01
200800068941,0,7,0,0,2,3,1,B02
200800068942,0,7,0,0,1,2,1,A01
200800068943,0,7,0,2,0,2,1,A01
200800068944,0,2,0,0,2,1,1,A01
200800068944,0,7,0,0,2,3,1,B02
200800068945,0,7,0,0,2,7,13,A01
200800068945,0,7,0,0,2,1,1,B02
200800068946,0,7,0,16,0,2,1,A01
200800068947,0,7,0,0,0,6,15,A01
200800068947,0,1,0,0,0,7,1,B02
200800068948,0,31,0,0,2,1,1,A01
200800068948,0,7,0,0,0,6,15,B02
200800068949,0,7,0,5,0,3,1,A01
200800068950,0,7,0,1,0,2,1,A01
200800068950,0,14,0,0,0,6,23,B02
200800068951,0,7,0,0,0,0,1,A01
200800068952,0,33,0,0,2,4,21,A01
200800068952,1,7,0,0,9,1,1,B02
200800068953,0,7,0,0,2,2,13,A01
200800068953,0,7,0,0,2,2,17,B02
200800068954,0,7,0,2,0,1,1,A01
200800068955,0,7,0,0,0,8,19,A01
200800068955,0,2,0,0,0,1,1,B02
200800068956,0,30,0,0,0,7,1,A01
200800068957,0,7,0,2,0,2,1,A01
200800068958,0,7,0,0,2,8,1,A01
200800068958,0,7,0,0,2,3,1,B02
200800068959,0,7,0,0,1,1,1,A01
200800068960,0,7,0,8,0,2,1,A01
200800068960,0,7,0,1,0,2,1,B02
200800068961,0,7,0,0,2,3,1,A01
200800068961,0,10,0,0,2,6,15,B02
200800068962,0,7,0,0,2,1,13,A01
200800068962,0,15,0,0,2,1,1,B02
200800068963,0,7,0,2,0,3,1,A01
200800068964,0,7,0,8,0,2,1,A01
200800068965,0,7,0,0,1,2,21,A01
200800068966,0,7,0,0,2,2,1,A01
200800068966,0,7,0,0,2,3,1,B02
200800068967,0,7,0,0,2,1,17,A01
200800068967,0,2,0,0,2,1,1,B02
200800068968,0,36,0,0,0,7,1,A01
200800068969,0,7,0,0,1,2,1,A01
200800068970,0,7,0,13,0,1,2,A01
200800068971,0,7,0,16,0,9,17,A01
200800068972,0,10,0,0,9,2,17,A01
200800068972,0,1,0,0,2,8,15,B02
200800068973,0,7,0,2,0,2,13,A01
200800068974,0,7,0,0,0,4,1,A01
200800068974,0,7,0,0,2,1,21,B02
200800068974,0,7,0,0,2,3,1,C03
200800068975,0,7,0,2,0,7,13,A01
200800068976,0,30,0,0,0,8,1,A01
200800068977,0,2,0,0,0,8,1,A01
200800068978,0,7,0,0,2,3,13,A01
200800068978,0,7,0,0,2,3,1,B02
200800068978,0,7,0,14,0,1,1,C03
200800068979,0,7,0,0,2,2,1,A01
200800068979,0,7,0,0,2,3,15,B02
200800068980,0,7,0,0,2,6,16,A01
200800068980,0,2,0,0,2,7,1,B02
200800068981,0,33,0,0,2,1,17,A01
200800068981,0,10,0,0,2,3,1,B02
200800068982,0,10,0,0,0,0,0,A01
200800068982,0,7,0,3,0,7,1,B02
200800068983,0,7,0,2,0,8,17,A01
200800068984,0,7,0,2,0,3,14,A01
200800068985,0,1,0,0,2,7,1,A01
200800068985,0,7,0,0,9,1,15,B02
200800068986,0,7,0,6,0,8,13,A01
200800068987,0,7,0,0,2,1,1,A01
200800068987,0,7,0,0,2,7,19,B02
200800068988,0,7,0,0,2,3,13,A01
200800068988,0,10,0,0,2,3,1,B02
200800068989,0,7,0,0,2,3,2,A01
200800068989,0,7,0,0,2,5,15,B02
200800068990,0,7,0,0,2,8,13,A01
200800068990,0,7,0,0,2,8,1,B02
200800068991,0,2,0,0,0,7,1,A01
200800068992,0,30,0,13,0,8,14,A01
200800068993,0,7,0,0,1,1,1,A01
200800068994,0,7,0,2,0,8,0,A01
200800068995,0,7,0,16,0,9,13,A01
200800068996,0,7,0,16,0,0,1,A01
200800068997,0,7,0,0,2,3,13,A01
200800068997,0,15,0,0,2,3,1,B02
200800068998,0,7,0,0,1,3,1,A01
200800068999,0,7,0,2,0,1,1,A01
200800069000,0,31,0,0,0,8,1,A01
200800069001,0,7,0,0,2,1,1,A01
200800069001,0,7,0,0,0,4,1,B02
200800069002,0,7,0,0,2,1,13,A01
200800069002,0,10,0,0,2,1,1,B02
200800069003,0,7,0,0,1,2,1,A01
200800069004,0,30,0,0,0,9,17,A01
200800069004,0,7,0,0,0,0,15,B02
200800069004,0,7,0,0,9,3,1,C03
200800069005,0,7,0,0,2,1,2,A01
200800069005,0,7,0,0,2,4,2,B02
200800069006,0,7,0,0,2,2,15,A01
200800069006,0,2,0,0,2,1,1,B02
200800069007,0,7,0,0,2,1,17,A01
200800069007,0,10,0,0,2,3,1,B02
200800069008,0,7,0,0,2,1,13,A01
200800069008,0,17,0,0,2,3,1,B02
200800069009,0,7,0,2,0,1,1,A01
200800069010,0,7,0,0,2,3,13,A01
200800069010,0,31,0,0,2,1,13,B02
200800069011,0,7,0,0,2,3,5,A01
200800069011,0,7,0,0,2,3,17,B02
200800069011,0,10,0,0,2,2,1,C03
200800069012,0,7,0,2,0,1,1,A01
200800069013,0,7,0,2,0,6,14,A01
200800069014,0,7,0,0,0,7,19,A01
200800069014,0,7,0,0,2,1,1,B02
200800069015,0,7,0,0,2,3,1,A01
200800069015,0,7,0,0,2,3,1,B02
200800069016,0,7,0,0,2,3,0,A01
200800069016,0,7,0,0,2,3,0,B02
200800069017,0,1,0,0,0,0,0,A01
200800069018,0,7,0,0,1,2,1,A01
200800069019,0,7,0,13,0,1,1,A01
200800069020,0,7,0,15,0,1,1,A01
200800069021,0,7,0,0,1,4,20,A01
200800069022,0,15,0,0,2,2,1,A01
200800069022,0,7,0,0,2,8,19,C03
200800069023,0,7,0,0,0,9,1,A01
200800069024,0,7,0,0,2,1,13,A01
200800069024,0,14,0,0,2,3,1,B02
200800069025,0,7,0,13,0,0,0,A01
200800069026,0,7,0,0,2,2,2,A01
200800069026,0,2,0,0,2,8,23,B02
200800069026,0,2,0,0,2,8,23,C03
200800069027,0,7,0,2,0,1,13,A01
200800069028,0,31,0,2,0,1,1,A01
200800069029,0,7,0,0,2,1,1,A01
200800069029,0,7,0,0,2,1,1,B02
200800069030,0,7,0,0,2,3,13,A01
200800069030,0,7,0,0,2,3,1,B02
200800069031,0,7,0,0,2,1,13,A01
200800069031,0,7,0,0,2,1,21,B02
200800069031,0,7,0,0,2,1,1,C03
200800069032,0,7,0,0,2,3,13,A01
200800069032,0,17,0,0,2,3,1,B02
200800069033,0,7,0,0,2,1,15,A01
200800069033,0,30,0,0,2,1,1,B02
200800069034,0,7,0,0,1,1,1,A01
200800069035,0,7,0,0,1,1,1,A01
200800069036,0,10,0,0,2,3,1,A01
200800069036,0,10,0,0,0,8,1,B02
200800069036,0,10,0,0,0,1,1,C03
200800069037,0,7,0,0,0,2,1,A01
200800069037,0,7,0,0,0,1,1,B02
200800069038,0,7,0,2,0,8,14,A01
200800069039,0,7,0,1,0,1,1,A01
200800069040,0,7,0,2,0,3,1,A01
200800069041,0,7,0,0,9,2,2,A01
200800069041,0,1,0,0,2,4,2,B02
200800069042,0,7,0,2,0,1,14,A01
200800069043,0,7,0,0,1,3,1,A01
200800069044,0,7,0,6,1,1,13,A01
200800069045,0,7,0,0,2,2,13,A01
200800069045,0,7,0,0,2,1,1,B02
200800069046,0,10,0,0,2,1,1,A01
200800069046,0,10,0,0,2,1,1,B02
200800069047,0,7,0,0,0,0,1,A01
200800069047,0,7,0,0,2,2,0,B02
200800069048,0,7,0,16,0,9,1,A01
200800069049,0,7,0,0,2,6,13,A01
200800069049,0,7,0,0,2,3,1,B02
200800069050,0,7,0,0,2,2,15,A01
200800069050,0,33,0,0,2,2,21,B02
200800069051,0,7,0,0,1,3,1,A01
200800069052,0,7,0,0,2,3,1,A01
200800069052,0,7,0,0,2,3,17,B02
200800069053,0,7,0,0,2,2,15,A01
200800069053,0,7,0,0,2,1,1,B02
200800069053,0,7,0,0,2,1,21,C03
200800069054,0,10,0,0,2,7,13,A01
200800069054,0,10,0,0,2,1,1,B02
200800069055,0,10,0,0,2,1,13,A01
200800069055,0,10,0,0,2,1,1,B02
200800069056,0,7,0,0,2,1,13,A01
200800069056,0,7,0,0,2,1,1,B02
200800069057,0,10,0,0,2,3,13,A01
200800069057,0,17,0,0,2,3,1,B02
200800069058,0,7,0,0,0,0,1,A01
200800069059,0,7,0,13,0,1,1,A01
200800069060,0,7,0,0,6,2,1,A01
200800069061,0,7,0,13,0,6,1,A01
200800069062,0,7,0,0,0,9,14,A01
200800069063,0,7,0,0,2,3,13,A01
200800069063,0,7,0,0,2,1,1,B02
200800069064,0,7,0,0,2,2,13,A01
200800069064,0,14,0,0,2,2,1,B02
200800069065,0,33,0,0,5,1,1,A01
200800069066,0,7,0,13,0,1,13,A01
200800069067,0,33,0,3,2,9,1,A01
200800069067,0,7,0,0,2,1,1,B02
200800069068,0,7,0,0,2,2,17,A01
200800069068,0,7,0,0,2,6,15,B02
200800069069,0,7,0,2,0,1,19,A01
200800069070,0,10,0,0,1,1,1,A01
200800069071,0,30,0,0,2,1,1,A01
200800069071,0,10,0,0,2,8,9,B02
200800069072,0,7,0,2,0,3,0,A01
200800069073,0,7,0,0,0,0,0,A01
200800069073,0,7,0,0,2,1,1,B02
200800069074,0,10,0,2,0,1,1,A01
200800069075,0,7,0,8,0,1,1,A01
200800069076,0,7,0,0,1,2,20,A01
200800069077,0,32,0,0,2,1,1,A01
200800069077,0,7,0,0,2,3,15,B02
200800069078,0,7,0,6,2,7,13,A01
200800069078,0,7,0,0,2,1,1,B02
200800069079,0,7,0,6,0,1,1,A01
200800069080,0,7,0,2,0,1,14,A01
200800069081,0,7,0,10,0,2,1,A01
200800069082,0,7,0,2,0,3,14,A01
200800069083,0,10,0,0,2,2,13,A01
200800069083,0,10,0,0,2,3,1,B02
200800069084,0,15,0,0,0,6,20,A01
200800069084,0,7,0,0,2,3,1,B02
200800069085,0,7,0,2,0,1,1,A01
200800069086,0,7,0,0,2,8,19,A01
200800069086,0,7,0,0,2,1,1,B02
200800069087,0,7,0,0,2,3,15,A01
200800069087,0,33,0,0,2,1,1,B02
200800069088,0,33,0,13,0,0,1,A01
200800069089,0,7,0,3,2,7,1,A01
200800069089,0,7,0,0,0,4,1,B02
200800069090,0,7,0,15,0,3,1,A01
200800069091,0,7,0,2,0,1,1,A01
200800069092,0,7,0,0,1,1,1,A01
200800069093,0,7,0,0,2,7,15,A01
200800069093,0,7,0,0,2,1,1,B02
200800069094,0,7,0,0,2,8,19,A01
200800069094,0,7,0,0,2,1,1,B02
200800069095,0,10,0,2,0,3,1,A01
200800069096,0,7,0,13,0,7,21,A01
200800069097,0,7,0,2,0,7,1,A01
200800069098,0,7,0,0,2,2,15,A01
200800069098,0,30,0,0,2,1,1,B02
200800069099,0,7,0,2,0,7,13,A01
200800069100,0,30,0,0,2,2,1,A01
200800069100,0,33,0,0,2,2,17,B02
200800069101,0,33,0,0,2,9,17,A01
200800069101,0,7,0,0,2,3,15,B02
200800069102,0,7,0,6,0,1,13,A01
200800069103,0,7,0,16,0,0,1,A01
200800069104,0,7,0,0,1,1,1,A01
200800069105,0,7,0,2,0,1,1,A01
200800069106,0,7,0,0,0,6,0,A01
200800069106,0,7,0,0,9,3,1,B02
200800069106,0,2,0,0,2,1,2,C03
200800069107,0,33,0,7,0,1,1,A01
200800069108,0,30,0,0,2,7,1,A01
200800069108,0,7,0,0,2,1,9,B02
200800069109,0,33,0,0,2,2,17,A01
200800069109,0,7,0,0,2,3,15,B02
200800069110,0,7,0,0,2,4,2,A01
200800069110,0,7,0,0,0,0,0,B02
200800069111,0,31,0,14,0,1,1,A01
200800069112,0,30,0,0,2,1,1,A01
200800069112,0,7,0,0,0,3,16,B02
200800069113,0,10,0,0,2,1,1,A01
200800069113,0,10,0,0,0,4,1,B02
200800069113,0,10,0,0,2,1,1,C03
200800069114,0,10,0,0,1,7,1,A01
200800069115,0,7,0,0,0,3,13,A01
200800069115,0,7,0,0,0,3,1,B02
200800069116,0,7,0,0,2,7,19,A01
200800069116,0,7,0,0,2,1,1,B02
200800069117,0,7,0,0,2,2,10,A01
200800069117,0,7,0,0,2,1,1,B02
200800069117,0,7,0,6,2,1,1,C03
200800069118,0,7,0,0,2,3,15,B02
200800069118,0,1,0,0,2,1,1,A01
200800069119,0,7,0,0,1,2,1,A01
200800069120,0,7,0,14,0,1,2,A01
200800069120,0,7,0,0,2,4,2,B02
200800069120,0,7,0,0,2,4,2,C03
200800069120,0,7,0,0,2,4,2,D04
200800069120,0,7,0,0,2,4,2,E05
200800069121,0,7,0,0,2,1,5,A01
200800069121,0,2,0,0,2,1,1,B02
200800069122,0,7,0,0,2,1,13,A01
200800069122,0,7,0,0,2,1,0,B02
200800069123,0,7,0,0,2,3,15,A01
200800069123,0,7,0,0,2,3,1,B02
200800069124,0,7,0,2,0,1,1,A01
200800069125,1,7,0,0,1,2,1,A01
200800069126,2,7,0,0,0,1,0,A01
200800069126,0,7,0,0,0,4,1,B02
200800069126,0,7,0,0,0,4,1,C03
200800069127,0,7,0,8,0,3,1,A01
200800069128,0,10,0,0,2,3,1,A01
200800069128,0,7,0,0,2,3,1,B02
200800069129,0,7,0,3,0,2,1,A01
200800069130,0,7,0,0,1,4,4,A01
200800069131,0,7,0,0,2,3,15,A01
200800069131,0,7,0,0,2,3,1,B02
200800069132,0,7,0,0,1,1,1,A01
200800069133,0,7,0,0,1,3,1,A01
200800069134,0,7,0,0,0,5,19,A01
200800069134,0,7,0,0,2,1,1,B02
200800069135,0,7,0,2,0,1,1,A01
200800069136,0,7,0,0,2,7,1,A01
200800069136,0,14,0,0,2,1,1,B02
200800069137,0,7,0,2,0,1,2,A01
200800069138,0,7,0,0,0,1,13,A01
200800069138,0,17,0,0,0,3,1,B02
200800069139,0,7,0,0,0,1,23,A01
200800069139,0,7,0,0,0,1,1,B02
200800069140,0,7,0,0,1,1,1,A01
200800069141,0,7,0,11,0,3,1,A01
200800069142,0,10,0,2,0,1,0,A01
200800069143,0,30,0,0,0,1,1,A01
200800069144,0,10,0,0,2,9,1,A01
200800069144,0,7,0,0,2,9,1,B02
200800069145,0,7,0,2,0,3,19,A01
200800069146,0,7,0,0,1,2,1,A01
200800069147,0,14,0,0,0,7,1,A01
200800069148,0,7,0,0,9,8,15,A01
200800069148,0,30,0,0,2,1,0,B02
200800069149,0,7,0,0,2,2,19,A01
200800069149,0,7,0,0,2,1,1,B02
200800069150,0,10,0,3,2,1,13,A01
200800069150,0,7,0,0,2,2,21,B02
200800069151,0,7,0,0,2,3,15,A01
200800069151,0,7,0,0,2,1,1,B02
200800069152,0,7,0,0,2,2,15,A01
200800069152,0,32,0,0,2,1,1,B02
200800069153,0,7,0,0,2,1,13,A01
200800069153,0,7,0,0,2,2,1,B02
200800069154,0,7,0,0,2,3,9,A01
200800069154,0,2,0,0,2,1,0,B02
200800069155,0,15,0,0,1,8,1,A01
200800069156,0,7,0,0,2,3,13,A01
200800069156,0,7,0,0,2,3,1,B02
200800069157,0,30,0,0,0,1,1,A01
200800069158,0,7,0,0,0,8,15,A01
200800069158,0,33,0,0,2,1,17,B02
200800069159,0,7,0,0,2,7,15,A01
200800069159,0,33,0,0,2,1,1,B02
200800069160,0,7,0,6,0,1,14,A01
200800069161,0,7,0,0,1,2,1,A01
200800069162,0,7,0,0,2,1,1,A01
200800069162,0,7,0,0,2,1,1,B02
200800069163,0,7,0,0,2,1,1,A01
200800069163,0,7,0,0,2,1,1,B02
200800069164,0,7,0,0,2,3,19,A01
200800069164,0,30,0,0,2,1,1,B02
200800069165,0,10,0,0,0,1,1,A01
200800069165,0,7,0,0,0,1,5,B02
200800069166,0,7,0,0,2,2,21,A01
200800069166,0,1,0,0,0,0,13,B02
200800069167,0,33,0,0,2,1,1,A01
200800069167,0,7,0,0,2,3,15,B02
200800069168,0,7,0,0,2,3,1,A01
200800069168,0,10,0,0,2,8,1,B02
200800069168,0,7,0,0,2,3,13,C03
200800069169,0,7,0,0,2,3,17,A01
200800069169,0,30,0,0,2,1,1,B02
200800069170,0,7,0,0,2,1,23,A01
200800069170,0,1,0,0,2,7,1,B02
200800069171,0,7,0,0,9,1,1,A01
200800069171,0,1,0,0,2,8,1,B02
200800069172,0,14,0,0,2,1,1,A01
200800069172,0,10,0,0,2,4,23,B02
200800069173,0,7,0,0,2,7,16,A01
200800069173,0,30,0,0,2,1,18,B02
200800069174,0,7,0,0,1,6,20,A01
200800069175,0,7,0,0,2,2,15,A01
200800069175,0,7,0,0,2,2,1,B02
200800069176,0,7,0,0,2,2,12,A01
200800069176,0,7,0,0,2,8,1,B02
200800069177,0,7,0,0,2,1,1,A01
200800069177,0,7,0,0,2,1,15,B02
200800069178,0,7,0,0,2,3,0,A01
200800069178,0,7,0,0,2,1,0,B02
200800069178,0,7,0,0,2,1,13,C03
200800069179,0,7,0,0,2,1,1,A01
200800069179,0,7,0,0,2,3,15,B02
200800069180,0,7,0,0,1,4,4,A01
200800069181,0,33,0,13,0,1,1,A01
200800069182,0,7,0,11,0,9,1,A01
200800069183,0,7,0,0,2,2,19,A01
200800069183,0,7,0,0,2,3,1,B02
200800069184,0,7,0,0,2,1,1,A01
200800069184,0,7,0,0,2,1,1,B02
200800069185,0,7,0,2,6,2,1,A01
200800069186,0,7,0,15,0,4,1,A01
200800069187,0,7,0,0,1,3,15,A01
200800069188,0,7,0,0,2,8,13,A01
200800069188,0,10,0,0,2,3,1,B02
200800069189,0,7,0,6,0,1,14,A01
200800069190,0,7,0,0,2,1,19,A01
200800069190,0,7,0,0,2,8,1,B02
200800069191,0,7,0,0,2,1,13,A01
200800069191,0,7,0,0,2,1,1,B02
200800069192,0,7,0,0,1,1,1,A01
200800069193,0,2,0,0,2,1,1,A01
200800069193,0,7,0,0,2,2,19,B02
200800069194,0,7,0,6,0,1,1,A01
200800069195,0,7,0,0,2,1,1,A01
200800069195,0,7,0,0,2,3,15,B02
200800069196,0,7,0,0,2,2,13,A01
200800069196,0,7,0,0,2,1,1,B02
200800069197,0,7,0,0,2,1,1,A01
200800069197,0,2,0,0,2,1,13,B02
200800069198,0,3,0,2,0,8,1,A01
200800069199,0,7,0,8,0,8,1,A01
200800069200,0,7,0,0,9,0,16,A01
200800069200,0,1,0,0,0,0,1,B02
200800069201,0,7,0,0,1,3,1,A01
200800069202,0,7,0,1,0,1,14,A01
200800069203,0,7,0,0,1,3,1,A01
200800069204,0,7,0,0,0,3,0,A01
200800069204,0,7,0,0,0,6,13,B02
200800069205,0,7,0,2,0,3,1,A01
200800069206,0,7,0,0,2,1,13,A01
200800069206,0,7,0,0,0,8,1,B02
200800069206,0,7,0,0,2,8,1,C03
200800069206,0,7,0,0,2,2,1,D04
200800069207,0,7,0,0,2,8,1,A01
200800069207,0,7,0,0,2,1,1,B02
200800069208,0,10,0,0,2,1,13,A01
200800069208,0,14,0,0,2,1,1,B02
200800069209,0,7,0,0,2,2,13,A01
200800069209,0,7,0,0,2,1,0,B02
200800069210,0,7,0,0,2,6,5,A01
200800069210,0,7,0,0,2,1,1,B02
200800069211,0,15,0,0,2,8,5,A01
200800069211,0,7,0,0,2,3,5,B02
200800069212,0,7,0,14,0,1,13,A01
200800069213,0,7,0,0,2,6,1,A01
200800069214,0,10,0,3,2,1,17,A01
200800069214,0,7,0,0,2,1,1,B02
200800069215,0,7,0,0,2,2,13,A01
200800069215,0,7,0,0,2,2,1,B02
200800069216,0,7,0,0,2,1,13,A01
200800069216,0,7,0,0,2,1,1,B02
200800069217,0,7,0,13,0,0,1,A01
200800069218,0,14,0,0,2,1,1,A01
200800069218,0,7,0,0,2,4,2,B02
200800069219,0,7,0,0,2,4,19,A01
200800069219,0,7,0,0,2,1,1,B02
200800069220,0,7,0,0,1,4,20,A01
200800069221,0,7,0,0,1,1,2,A01
200800069222,0,7,0,6,2,3,1,A01
200800069222,0,7,0,0,2,3,1,B02
200800069223,0,7,0,4,0,2,1,A01
200800069224,0,7,0,0,0,3,19,A01
200800069224,0,7,0,0,0,2,0,B02
200800069225,0,7,0,0,2,3,1,A01
200800069225,0,7,0,0,2,2,15,B02
200800069226,0,7,0,0,2,1,1,A01
200800069226,1,7,0,0,2,7,1,B02
200800069227,0,7,0,0,2,8,13,A01
200800069227,0,17,0,0,2,8,1,B02
200800069227,0,7,0,0,2,0,21,C03
200800069228,0,7,0,0,2,3,17,A01
200800069228,0,2,0,0,2,1,1,B02
200800069229,0,13,0,0,1,6,4,A01
200800069230,0,7,0,16,0,9,16,A01
200800069231,0,7,0,2,0,7,1,A01
200800069232,0,7,0,0,0,0,0,A01
200800069233,0,7,0,2,0,8,13,A01
200800069234,0,7,0,0,0,7,15,A01
200800069234,0,7,0,0,0,1,1,B02
200800069235,0,7,0,0,2,3,13,A01
200800069235,0,3,0,0,2,3,1,B02
200800069236,0,7,0,0,2,3,13,A01
200800069236,0,7,0,0,2,3,1,B02
200800069237,0,7,0,8,0,8,1,A01
200800069238,0,7,0,0,2,1,2,A01
200800069238,0,7,0,0,2,4,2,B02
200800069239,0,10,0,0,2,1,1,A01
200800069239,0,10,0,0,2,1,13,B02
200800069240,0,7,0,0,1,2,1,A01
200800069241,0,7,0,0,2,1,13,A01
200800069241,0,99,0,2,2,3,1,B02
200800069241,0,7,0,14,2,1,1,C03
200800069241,0,7,0,0,2,5,21,D04
200800069242,0,10,0,0,2,1,15,A01
200800069242,0,1,0,0,2,1,1,B02
200800069243,0,38,0,0,1,7,1,A01
200800069244,0,7,0,0,2,3,1,A01
200800069244,0,10,0,0,0,8,19,B02
200800069245,0,7,0,0,2,8,15,B02
200800069245,0,7,0,0,2,1,1,A01
200800069246,0,10,0,13,0,1,16,A01
200800069247,0,7,0,0,2,1,2,A01
200800069247,0,7,0,0,2,4,2,B02
200800069247,0,10,0,0,2,4,2,C03
200800069248,0,7,0,0,2,2,15,A01
200800069248,0,7,0,0,2,1,1,B02
200800069249,0,1,0,13,0,0,1,A01
200800069250,0,33,0,0,2,7,17,A01
200800069250,0,7,0,0,2,8,13,B02
200800069251,0,7,0,0,2,1,17,A01
200800069251,0,21,0,0,2,3,15,B02
200800069252,0,7,0,0,1,1,1,A01
200800069253,0,7,0,0,0,2,1,A01
200800069254,0,7,0,0,2,1,17,A01
200800069254,0,7,0,0,2,1,1,B02
200800069254,0,7,0,13,0,2,1,C03
200800069255,0,30,0,0,1,1,13,A01
200800069256,0,7,0,0,0,1,1,A01
200800069256,0,7,0,0,0,7,1,B02
200800069257,0,7,0,3,0,9,19,A01
200800069258,0,7,0,0,2,1,1,A01
200800069258,0,7,0,0,2,6,2,B02
200800069258,0,7,0,0,0,5,15,C03
200800069259,0,7,0,0,0,0,1,A01
200800069260,0,7,0,4,0,7,1,A01
200800069261,0,7,0,0,2,3,13,A01
200800069261,0,7,0,0,2,3,1,B02
200800069262,0,7,0,0,2,8,19,A01
200800069262,0,7,0,0,2,3,1,B02
200800069263,0,10,0,0,1,2,1,A01
200800069264,0,7,0,2,0,9,1,A01
200800069265,0,30,0,0,6,8,1,A01
200800069265,0,7,0,0,0,2,1,B02
200800069266,0,7,0,0,2,3,1,A01
200800069266,0,7,0,0,2,3,1,B02
200800069267,0,7,0,0,2,3,15,A01
200800069267,0,30,0,0,2,1,1,B02
200800069268,0,7,0,2,0,2,1,A01
200800069269,0,7,0,2,0,2,1,A01
200800069270,0,7,0,0,0,0,0,A01
200800069270,0,7,0,0,2,3,1,B02
200800069271,0,7,0,6,0,2,1,A01
200800069272,0,7,0,3,0,1,1,A01
200800069273,0,7,0,2,0,7,1,A01
200800069274,0,10,0,0,2,1,1,B02
200800069274,0,7,0,0,2,5,15,A01
200800069275,0,7,0,0,1,1,1,A01
200800069276,0,7,0,0,1,1,1,A01
200800069277,0,7,0,0,0,8,1,A01
200800069277,0,7,0,0,2,9,2,B02
200800069278,0,7,0,0,0,8,1,A01
200800069278,0,7,0,14,0,1,1,B02
200800069279,0,7,0,1,0,2,1,A01
200800069280,0,10,0,0,2,3,1,A01
200800069280,0,7,0,0,2,3,1,B02
200800069281,0,7,0,2,0,8,1,A01
200800069282,0,7,0,2,0,8,1,A01
200800069283,0,7,0,0,1,3,1,A01
200800069284,0,7,0,0,1,3,0,A01
200800069285,0,7,0,0,2,1,1,A01
200800069285,0,7,0,0,2,1,1,B02
200800069286,0,7,0,0,2,3,1,A01
200800069286,0,7,0,0,2,3,1,B02
200800069287,0,7,0,15,2,3,13,A01
200800069287,0,7,0,3,2,3,1,B02
200800069288,0,7,0,0,2,2,1,A01
200800069288,0,7,0,0,2,3,1,B02
200800069289,0,7,0,13,0,2,0,A01
200800069290,0,7,0,0,0,1,1,A01