Num_Acc,senc,catv,occutc,obs,obsm,choc,manv,num_veh
200800069291,0,7,0,0,2,2,15,A01
200800069291,0,31,0,0,2,1,1,B02
200800069292,0,7,0,0,2,7,1,A01
200800069292,0,7,0,0,2,1,1,B02
200800069293,0,7,0,14,0,1,21,A01
200800069293,0,15,0,3,0,1,1,B02
200800069294,0,7,0,8,0,1,21,A01
200800069295,0,7,0,0,2,3,1,A01
200800069295,0,7,0,0,2,3,1,B02
200800069296,0,7,0,0,2,3,13,A01
200800069296,0,7,0,0,2,1,1,B02
200800069297,0,7,0,2,0,1,1,A01
200800069298,0,10,0,0,2,1,13,A01
200800069298,0,14,0,0,2,1,1,B02
200800069299,0,3,0,0,1,3,15,A01
200800069300,0,7,0,0,1,1,1,A01
200800069301,0,7,0,0,9,1,1,A01
200800069301,0,1,0,0,0,4,1,B02
200800069301,0,1,0,0,0,4,1,C03
200800069302,0,7,0,2,0,6,1,A01
200800069303,0,7,0,11,0,2,1,A01
200800069304,0,7,0,2,0,9,13,A01
200800069305,0,7,0,16,0,9,14,A01
200800069306,0,10,0,0,1,2,14,A01
200800069307,0,14,0,13,0,1,1,A01
200800069308,0,7,0,0,0,9,1,A01
200800069309,0,7,0,0,2,3,15,A01
200800069309,0,7,0,0,2,3,1,B02
200800069310,0,7,0,0,1,1,1,A01
200800069311,0,7,0,0,1,2,1,A01
200800069312,0,7,0,6,0,8,1,A01
200800069313,0,33,0,0,0,7,13,A01
200800069314,0,7,0,0,2,1,5,A01
200800069314,0,7,0,0,2,1,1,B02
200800069315,0,7,0,2,0,2,1,A01
200800069316,0,7,0,13,0,1,1,A01
200800069317,0,7,0,0,2,2,15,A01
200800069317,0,2,0,0,2,1,1,B02
200800069318,0,10,0,0,1,3,1,A01
200800069319,0,7,0,0,2,3,1,A01
200800069319,0,7,0,0,2,3,1,B02
200800069320,0,2,0,0,2,1,1,A01
200800069320,0,7,0,0,2,8,15,B02
200800069321,0,7,0,1,1,2,1,A01
200800069322,0,7,0,2,0,3,1,A01
200800069323,0,30,0,12,0,7,1,A01
200800069324,0,10,0,0,1,3,1,A01
200800069325,0,7,0,0,2,1,5,A01
200800069325,0,7,0,0,2,8,1,B02
200800069326,0,7,0,0,0,3,13,A01
200800069326,0,7,0,0,2,3,1,B02
200800069326,0,7,0,0,2,2,21,C03
200800069327,0,7,0,0,2,1,1,A01
200800069327,0,7,0,0,2,1,5,B02
200800069328,0,7,0,0,1,2,1,A01
200800069329,0,7,0,0,2,3,23,B02
200800069329,0,7,0,8,2,7,19,C03
200800069329,0,7,0,0,2,1,1,A01
200800069330,0,7,0,0,1,1,1,A01
200800069331,0,7,0,0,1,2,2,A01
200800069332,0,7,0,0,2,2,15,A01
200800069332,0,3,0,0,2,1,1,B02
200800069333,0,7,0,0,1,1,13,A01
200800069334,0,10,0,0,2,1,13,A01
200800069334,0,7,0,0,2,1,1,B02
200800069335,0,10,0,0,0,0,1,A01
200800069336,0,7,0,2,2,3,13,A01
200800069336,0,7,0,0,2,8,1,B02
200800069337,0,7,0,2,0,1,1,A01
200800069338,0,7,0,0,1,2,1,A01
200800069339,0,7,0,2,0,4,1,A01
200800069340,0,7,0,0,1,1,0,A01
200800069341,0,7,0,3,0,2,1,A01
200800069342,0,7,0,2,0,3,14,A01
200800069343,0,10,0,10,0,2,14,A01
200800069344,0,2,0,1,0,1,14,A01
200800069345,0,7,0,0,2,1,0,A01
200800069345,0,7,0,0,2,1,0,B02
200800069346,0,7,0,2,0,2,1,A01
200800069347,0,7,0,2,2,3,13,A01
200800069347,0,7,0,0,2,3,21,B02
200800069348,0,7,0,13,0,7,1,A01
200800069349,0,7,0,0,1,1,1,A01
200800069350,0,7,0,0,2,1,15,A01
200800069350,0,30,0,0,2,1,1,B02
200800069351,0,30,0,0,0,0,1,A01
200800069351,0,7,0,0,9,1,1,B02
200800069351,0,7,0,0,9,1,1,C03
200800069351,0,7,0,0,9,1,1,D04
200800069352,0,7,0,0,0,0,0,A01
200800069352,0,7,0,0,2,8,1,B02
200800069353,0,7,0,0,1,2,1,A01
200800069354,0,7,0,2,6,3,1,A01
200800069355,0,3,0,0,2,2,15,A01
200800069355,0,7,0,0,0,0,0,B02
200800069356,0,7,0,0,1,1,0,A01
200800069357,0,7,0,0,1,2,1,A01
200800069358,0,7,0,0,0,6,15,A01
200800069358,0,33,0,0,2,1,17,B02
200800069358,0,33,0,0,2,0,17,C03
200800069359,0,7,0,0,1,2,1,A01
200800069360,0,30,0,0,2,1,17,A01
200800069360,0,7,0,0,0,6,10,B02
200800069361,0,7,0,0,2,1,1,A01
200800069361,0,7,0,0,2,7,19,B02
200800069362,0,7,0,2,0,3,13,A01
200800069363,0,7,0,2,0,1,1,A01
200800069364,0,7,0,6,0,1,1,A01
200800069365,0,7,0,0,2,8,13,A01
200800069365,0,17,0,0,2,8,1,B02
200800069365,0,7,0,0,0,0,1,C03
200800069365,0,7,0,0,0,0,1,D04
200800069366,0,7,0,0,0,8,19,A01
200800069366,0,7,0,0,2,2,1,B02
200800069367,0,7,0,13,0,2,1,A01
200800069368,0,7,0,0,2,1,5,A01
200800069368,0,31,0,0,2,1,1,B02
200800069369,0,7,0,13,0,2,1,A01
200800069370,0,7,0,0,9,1,2,A01
200800069370,0,1,0,0,0,4,2,B02
200800069371,1,7,0,0,2,3,15,A01
200800069371,0,30,0,0,2,8,1,B02
200800069372,0,20,0,0,0,4,1,A01
200800069372,0,10,0,0,2,1,1,B02
200800069373,0,7,0,0,0,1,1,A01
200800069374,0,7,0,2,0,8,1,A01
200800069375,0,7,0,0,0,9,13,A01
200800069376,0,10,0,0,2,2,2,A01
200800069376,0,2,0,0,2,8,2,B02
200800069377,0,7,0,13,0,2,1,A01
200800069378,0,7,0,16,0,7,20,A01
200800069379,0,7,0,11,0,3,3,A01
200800069380,0,7,0,0,2,3,13,A01
200800069380,0,2,0,0,2,1,1,B02
200800069381,0,7,0,13,0,1,1,A01
200800069382,0,7,0,0,2,1,15,A01
200800069382,0,30,0,0,0,8,21,B02
200800069383,0,7,0,6,0,1,13,A01
200800069384,0,7,0,0,1,2,1,A01
200800069385,0,13,0,0,2,1,13,A01
200800069385,0,13,0,0,2,1,1,B02
200800069386,0,7,0,4,2,1,1,A01
200800069386,0,7,0,4,0,4,1,B02
200800069386,0,7,0,3,2,1,1,C03
200800069387,0,17,0,0,2,1,1,A01
200800069387,0,7,0,0,2,1,13,B02
200800069388,0,2,0,0,1,1,18,A01
200800069389,0,7,0,6,9,3,13,A01
200800069390,0,7,0,0,2,3,1,A01
200800069390,0,7,0,0,2,3,1,B02
200800069391,0,7,0,13,0,2,1,A01
200800069392,0,31,0,0,2,2,1,A01
200800069392,0,1,0,0,0,4,1,B02
200800069393,0,7,0,0,0,1,17,A01
200800069393,0,7,0,0,0,1,1,B02
200800069394,0,7,0,2,0,3,1,A01
200800069395,0,7,0,13,0,1,1,A01
200800069396,0,10,0,0,2,4,1,A01
200800069396,0,33,0,0,2,1,1,B02
200800069397,0,2,0,6,0,1,13,A01
200800069398,0,7,0,0,0,0,0,A01
200800069399,0,10,0,0,1,2,1,A01
200800069400,0,7,0,0,2,1,13,A01
200800069400,0,10,0,0,2,1,1,B02
200800069401,0,7,0,8,0,2,0,A01
200800069402,0,7,0,13,0,1,14,A01
200800069403,0,7,0,0,1,2,1,A01
200800069404,0,7,0,0,1,2,1,A01
200800069405,0,30,0,1,0,1,1,A01
200800069406,0,7,0,3,2,1,2,A01
200800069406,0,7,0,0,2,4,1,B02
200800069407,0,7,0,4,0,3,1,A01
200800069408,0,7,0,0,2,1,1,A01
200800069408,0,10,0,0,2,3,15,B02
200800069409,0,7,0,0,2,1,1,B02
200800069409,0,7,0,0,2,1,13,A01
200800069410,0,7,0,0,2,1,1,A01
200800069410,0,2,0,0,2,7,19,B02
200800069411,0,16,0,0,2,2,19,B02
200800069411,0,7,0,0,0,8,1,A01
200800069412,0,7,0,0,2,2,15,A01
200800069412,0,2,0,0,2,1,1,B02
200800069413,0,7,0,0,0,4,1,A01
200800069413,0,7,0,0,2,1,1,B02
200800069414,0,17,0,0,2,1,1,B02
200800069414,0,7,0,0,2,1,13,A01
200800069415,0,31,0,0,2,1,1,A01
200800069415,0,10,0,0,2,3,1,B02
200800069415,0,7,0,0,2,1,1,C03
200800069416,0,7,0,0,2,1,13,A01
200800069416,0,7,0,0,2,3,1,B02
200800069417,0,7,0,0,2,1,13,A01
200800069417,0,7,0,13,2,0,21,B02
200800069417,0,7,0,0,2,1,1,C03
200800069418,0,7,0,0,2,7,1,A01
200800069418,0,7,0,0,2,1,1,B02
200800069419,0,7,0,13,0,1,1,A01
200800069420,0,7,0,0,2,1,15,A01
200800069420,0,30,0,0,2,3,1,B02
200800069421,0,7,0,8,0,1,1,A01
200800069422,0,7,0,0,1,3,1,A01
200800069423,0,7,0,13,0,1,1,A01
200800069424,0,7,0,2,0,7,1,A01
200800069425,0,7,0,13,0,1,13,A01
200800069426,0,7,0,13,0,1,1,A01
200800069427,0,7,0,2,0,8,1,A01
200800069428,0,30,0,0,2,1,1,A01
200800069428,0,7,0,0,2,8,15,B02
200800069429,0,7,0,0,2,1,1,A01
200800069429,0,7,0,0,2,2,19,B02
200800069430,0,33,0,0,2,1,17,A01
200800069430,0,7,0,0,2,8,15,B02
200800069431,0,30,0,0,2,1,1,A01
200800069431,0,7,0,0,0,7,19,B02
200800069432,0,7,0,0,2,1,17,A01
200800069432,0,7,0,0,2,1,1,B02
200800069433,0,7,0,0,2,1,1,A01
200800069433,0,7,0,0,2,4,15,B02
200800069434,0,7,0,2,0,9,1,A01
200800069435,0,7,0,13,0,1,1,A01
200800069436,0,10,0,0,2,3,15,A01
200800069436,0,10,0,0,2,3,0,B02
200800069437,0,10,0,0,2,3,17,A01
200800069437,0,2,0,0,2,1,1,B02
200800069438,0,10,0,0,2,3,19,A01
200800069438,0,10,0,0,2,1,1,B02
200800069439,0,7,0,8,0,1,1,A01
200800069440,0,38,0,13,0,7,1,A01
200800069441,0,30,0,1,0,1,1,A01
200800069442,0,7,0,0,2,1,13,A01
200800069442,0,7,0,0,2,1,1,B02
200800069443,0,7,0,2,0,7,0,A01
200800069444,0,7,0,6,0,7,1,A01
200800069445,0,7,0,0,2,3,13,A01
200800069445,0,17,0,0,2,8,1,B02
200800069446,0,7,0,0,2,1,1,A01
200800069446,0,7,0,0,2,4,23,B02
200800069447,0,7,0,2,0,7,17,A01
200800069448,0,7,0,0,2,1,15,A01
200800069448,0,7,0,0,2,1,1,B02
200800069449,0,7,0,0,2,1,1,A01
200800069449,0,7,0,0,2,8,1,B02
200800069450,0,7,0,2,0,2,0,A01
200800069451,0,7,0,1,0,0,14,A01
200800069451,0,10,0,0,2,4,24,B02
200800069452,0,17,0,0,2,8,10,A01
200800069452,0,7,0,0,2,1,1,B02
200800069453,0,7,0,0,9,0,2,A01
200800069454,0,7,0,13,0,9,1,A01
200800069455,0,7,0,16,0,9,0,A01
200800069456,0,7,0,0,1,6,4,A01
200800069457,1,14,0,0,2,8,13,A01
200800069457,0,7,0,0,2,7,17,B02
200800069457,0,7,0,0,2,1,1,C03
200800069458,0,7,0,0,1,1,1,A01
200800069459,0,7,0,0,2,3,0,A01
200800069459,0,7,0,0,2,3,0,B02
200800069460,0,7,0,0,2,1,5,A01
200800069460,0,7,0,0,2,1,1,B02
200800069460,0,7,0,0,2,1,2,C03
200800069461,0,33,0,0,2,1,17,A01
200800069461,0,7,0,0,2,6,15,B02
200800069462,0,1,0,0,0,0,1,A01
200800069463,0,10,0,0,2,2,13,A01
200800069463,0,7,0,0,2,1,1,B02
200800069464,0,14,0,0,2,3,1,A01
200800069464,0,10,0,0,2,3,13,B02
200800069465,0,7,0,0,2,1,1,A01
200800069465,0,7,0,0,2,3,1,B02
200800069466,0,7,0,0,2,3,15,A01
200800069466,0,2,0,0,2,1,1,B02
200800069467,0,7,0,0,2,1,13,A01
200800069467,0,17,0,0,2,1,1,B02
200800069468,0,7,0,6,0,1,13,A01
200800069469,1,7,0,0,1,2,0,A01
200800069470,0,7,0,0,1,2,1,A01
200800069471,0,7,0,0,1,1,1,A01
200800069472,0,7,0,0,2,5,1,A01
200800069472,0,7,0,0,2,1,1,B02
200800069473,0,10,0,0,2,1,13,A01
200800069473,0,7,0,0,2,1,1,B02
200800069474,0,7,0,0,2,7,1,A01
200800069474,0,7,0,0,2,1,1,B02
200800069475,0,7,0,6,0,7,19,A01
200800069476,0,7,0,2,0,1,14,A01
200800069477,0,7,0,0,2,1,1,A01
200800069477,0,7,0,0,2,1,1,B02
200800069478,0,7,0,0,2,1,1,B02
200800069478,0,7,0,0,2,7,19,A01
200800069479,0,7,0,0,1,3,1,A01
200800069480,0,33,0,0,0,7,1,A01
200800069481,0,3,0,6,0,9,1,A01
200800069482,0,7,0,0,2,1,5,A01
200800069482,0,7,0,0,2,1,1,B02
200800069483,0,7,0,0,2,1,1,A01
200800069483,0,7,0,0,2,5,1,B02
200800069484,0,7,0,0,2,3,13,A01
200800069484,0,7,0,0,2,3,1,B02
200800069485,0,7,0,0,2,1,1,A01
200800069485,0,7,0,0,2,4,2,B02
200800069486,0,7,0,4,0,3,1,A01
200800069487,0,7,0,3,0,2,14,A01
200800069487,0,7,0,0,9,2,1,B02
200800069488,0,7,0,4,0,3,1,A01
200800069489,0,7,0,0,0,6,10,A01
200800069489,0,33,0,0,2,1,1,B02
200800069490,0,7,0,0,1,1,1,A01
200800069491,0,7,0,0,0,4,16,A01
200800069491,0,7,0,0,2,1,2,B02
200800069491,0,8,0,0,2,1,2,C03
200800069492,0,7,0,4,0,3,0,A01
200800069493,0,7,0,0,0,1,1,A01
200800069494,0,7,0,0,2,1,17,A01
200800069494,0,7,0,0,2,8,1,B02
200800069494,0,7,0,0,2,1,1,C03
200800069495,0,7,0,0,1,1,1,A01
200800069496,0,7,0,16,0,1,1,A01
200800069497,0,10,0,0,1,3,1,A01
200800069498,0,7,0,0,2,1,13,A01
200800069498,0,7,0,0,2,1,1,B02
200800069499,0,7,0,0,2,8,19,A01
200800069499,0,7,0,0,2,1,1,B02
200800069500,0,7,0,0,2,2,15,A01
200800069500,0,2,0,0,2,1,1,B02
200800069501,0,7,0,0,2,8,15,A01
200800069501,0,33,0,0,2,1,1,B02
200800069502,0,7,0,0,2,3,17,A01
200800069502,0,10,0,0,2,3,1,B02
200800069503,0,1,0,2,0,1,1,A01
200800069504,0,7,0,0,2,1,1,A01
200800069504,0,7,0,6,2,8,0,B02
200800069505,0,7,0,2,0,1,1,A01
200800069506,0,7,0,10,0,8,1,A01
200800069507,0,7,0,0,2,1,13,A01
200800069507,0,31,0,0,2,1,1,B02
200800069508,0,14,0,0,2,2,1,A01
200800069508,0,30,0,0,2,1,15,B02
200800069509,0,33,0,0,2,1,17,A01
200800069509,0,7,0,0,0,8,13,B02
200800069510,0,7,0,11,2,1,13,A01
200800069510,0,7,0,0,2,1,21,B02
200800069511,0,10,0,0,2,5,15,A01
200800069511,0,33,0,0,2,7,1,B02
200800069512,0,33,0,0,1,1,1,A01
200800069512,0,7,0,0,2,3,1,B02
200800069513,0,7,0,12,0,4,13,A01
200800069514,0,7,0,0,0,7,2,A01
200800069515,0,7,0,2,0,2,0,A01
200800069516,0,7,0,2,0,2,14,A01
200800069517,0,7,0,0,2,2,13,A01
200800069517,0,7,0,0,0,2,1,B02
200800069518,0,7,0,2,0,9,1,A01
200800069519,0,10,0,0,2,2,1,A01
200800069519,0,30,0,0,2,3,23,B02
200800069520,0,7,0,0,0,0,1,A01
200800069520,0,7,0,0,0,1,23,B02
200800069521,0,20,0,2,0,7,14,A01
200800069522,0,7,0,0,2,0,15,A01
200800069522,0,2,0,0,2,1,1,B02
200800069523,0,17,0,3,0,3,11,A01
200800069524,0,36,0,0,2,1,13,A01
200800069524,0,7,0,0,2,3,14,B02
200800069525,0,7,0,0,2,1,1,A01
200800069525,0,7,0,0,2,7,19,B02
200800069526,0,7,0,13,0,3,13,A01
200800069527,0,10,0,0,2,3,13,A01
200800069527,0,15,0,0,2,3,1,B02
200800069528,0,7,0,0,0,7,15,A01
200800069528,0,33,0,0,0,7,1,B02
200800069529,0,31,0,0,0,1,1,A01
200800069530,0,7,0,13,0,9,13,A01
200800069531,0,7,0,0,2,2,2,A01
200800069531,0,7,0,0,2,4,0,B02
200800069531,0,7,0,0,2,4,0,C03
200800069532,0,30,0,0,2,1,1,A01
200800069532,0,7,0,0,2,3,15,B02
200800069533,0,10,0,0,0,0,9,A01
200800069533,0,33,0,0,0,8,3,B02
200800069534,0,7,0,0,2,8,1,A01
200800069534,0,31,0,0,2,7,12,B02
200800069535,0,7,0,0,1,3,1,A01
200800069536,0,7,0,0,1,8,1,A01
200800069537,0,7,0,0,1,1,1,A01
200800069538,0,7,0,0,1,2,1,A01
200800069539,0,7,0,0,2,8,19,A01
200800069539,0,30,0,0,2,1,1,B02
200800069540,0,33,0,0,0,8,17,A01
200800069541,0,10,0,0,1,4,4,A01
200800069542,0,7,0,0,0,4,1,A01
200800069542,1,7,0,0,2,1,1,B02
200800069543,0,7,0,0,0,3,19,A01
200800069543,0,7,0,0,2,1,1,B02
200800069544,0,7,0,0,2,3,19,A01
200800069544,0,30,0,0,2,1,0,B02
200800069545,0,10,0,0,0,3,5,A01
200800069545,0,33,0,0,0,8,1,B02
200800069545,0,33,0,0,0,1,1,C03
200800069546,0,7,0,13,0,3,2,A01
200800069547,0,7,0,0,2,2,19,A01
200800069547,0,7,0,0,2,3,15,B02
200800069548,0,7,0,0,1,2,1,A01
200800069549,0,7,0,1,0,8,1,A01
200800069549,0,7,0,0,0,8,23,B02
200800069550,0,33,0,0,2,2,17,A01
200800069550,0,7,0,0,2,8,15,B02
200800069551,0,15,0,0,0,8,13,A01
200800069552,0,33,0,0,2,1,17,A01
200800069552,0,7,0,0,0,3,0,B02
200800069552,0,7,0,0,0,1,0,C03
200800069553,0,10,0,0,2,3,17,A01
200800069553,0,10,0,15,2,1,1,B02
200800069554,0,7,0,6,0,7,13,A01
200800069555,0,7,0,0,2,8,9,A01
200800069555,0,1,0,0,2,2,1,B02
200800069556,0,7,0,0,2,1,2,A01
200800069556,0,7,0,0,0,4,2,B02
200800069557,0,7,0,0,0,7,13,A01
200800069558,0,7,0,2,0,3,1,A01
200800069559,0,33,0,0,2,1,17,A01
200800069559,0,7,0,0,2,1,1,B02
200800069559,0,10,0,0,9,3,1,C03
200800069560,0,7,0,0,0,0,15,A01
200800069560,0,33,0,14,0,1,21,B02
200800069561,0,2,0,3,0,1,1,A01
200800069562,0,7,0,0,2,1,15,A01
200800069562,0,7,0,0,2,1,1,B02
200800069563,0,7,0,0,2,3,1,A01
200800069563,0,7,0,0,2,6,9,B02
200800069564,0,1,0,0,2,1,19,A01
200800069564,0,7,0,0,2,1,1,B02
200800069565,0,31,0,0,2,1,13,A01
200800069565,0,7,0,0,0,1,1,B02
200800069566,0,7,0,0,2,1,1,A01
200800069566,0,10,0,0,0,4,15,B02
200800069567,0,7,0,0,2,2,15,A01
200800069567,0,31,0,0,2,1,1,B02
200800069568,2,7,0,2,0,1,13,A01
200800069569,0,33,0,0,2,1,1,A01
200800069569,0,7,0,0,2,5,1,B02
200800069570,0,7,0,0,2,1,1,A01
200800069570,0,7,0,0,2,3,1,B02
200800069570,0,7,0,0,2,1,1,C03
200800069571,0,7,0,0,2,7,11,A01
200800069571,0,10,0,0,2,2,1,B02
200800069572,0,10,0,0,0,4,1,A01
200800069572,0,7,0,0,2,1,1,B02
200800069573,0,7,0,0,2,3,17,A01
200800069573,0,2,0,0,2,1,1,B02
200800069574,0,30,0,0,2,2,15,A01
200800069574,0,7,0,0,2,1,1,B02
200800069575,0,7,0,0,2,1,1,A01
200800069575,0,7,0,0,2,1,17,B02
200800069576,0,30,0,13,0,1,1,A01
200800069577,0,7,0,0,2,3,1,A01
200800069577,0,7,0,0,2,3,1,B02
200800069578,0,7,0,0,2,2,19,A01
200800069578,0,33,0,0,2,1,1,B02
200800069579,0,7,0,0,2,8,9,A01
200800069579,0,33,0,0,2,7,1,B02
200800069580,2,7,0,0,2,1,2,A01
200800069580,0,7,0,0,0,4,2,B02
200800069581,0,7,0,6,0,0,14,A01
200800069582,0,7,0,0,0,2,13,A01
200800069582,0,7,0,0,2,1,1,B02
200800069583,0,7,0,0,2,1,15,A01
200800069583,0,7,0,0,2,2,1,B02
200800069584,0,7,0,0,2,8,13,A01
200800069584,0,37,0,0,2,3,1,B02
200800069585,0,7,0,0,2,3,1,A01
200800069585,0,31,0,0,2,1,1,B02
200800069586,0,7,0,6,0,7,14,A01
200800069587,0,7,0,0,2,3,13,A01
200800069587,0,10,0,0,2,1,1,B02
200800069588,0,7,0,0,1,2,1,A01
200800069589,0,10,0,6,2,1,1,A01
200800069589,0,7,0,0,2,3,1,B02
200800069590,0,7,0,0,1,1,1,A01
200800069591,0,7,0,0,2,7,19,A01
200800069591,0,7,0,0,2,1,1,B02
200800069592,0,10,0,0,2,2,19,A01
200800069592,0,33,0,0,2,1,1,B02
200800069593,0,7,0,13,0,2,1,A01
200800069594,0,7,0,0,2,8,19,A01
200800069594,0,30,0,0,2,1,1,B02
200800069595,0,7,0,10,0,1,1,A01
200800069596,0,7,0,0,1,4,1,A01
200800069597,0,7,0,13,0,9,14,A01
200800069598,0,7,0,0,2,1,5,A01
200800069598,0,7,0,0,2,1,1,B02
200800069599,0,14,0,13,0,3,1,A01
200800069600,0,15,0,0,1,5,2,A01
200800069601,1,99,0,0,1,0,0,A01
200800069602,0,7,0,0,2,1,13,A01
200800069602,0,7,0,0,2,3,1,B02
200800069602,0,14,0,0,2,1,1,C03
200800069603,0,7,0,13,0,2,1,A01
200800069604,0,7,0,0,2,1,1,A01
200800069604,0,17,0,0,2,2,15,B02
200800069605,0,7,0,13,0,1,1,A01
200800069606,0,7,0,0,2,3,13,A01
200800069606,0,2,0,0,2,2,2,B02
200800069607,0,7,0,0,2,7,15,A01
200800069607,0,31,0,0,2,8,1,B02
200800069608,0,7,0,16,0,1,14,A01
200800069609,0,7,0,13,0,2,14,A01
200800069610,0,7,0,2,0,2,14,A01
200800069611,0,7,0,2,0,1,13,A01
200800069612,0,7,0,0,1,2,1,A01
200800069613,0,7,0,0,2,3,1,B02
200800069613,0,7,0,0,2,2,15,A01
200800069614,0,30,0,0,2,1,1,A01
200800069614,0,7,0,0,2,1,1,B02
200800069615,0,7,0,0,2,2,1,A01
200800069615,0,1,0,0,0,4,1,B02
200800069616,0,7,0,0,2,3,1,A01
200800069616,0,15,0,0,2,5,23,B02
200800069617,0,7,0,16,0,1,11,A01
200800069618,0,7,0,3,2,7,1,A01
200800069618,0,7,0,0,2,3,1,B02
200800069618,0,7,0,0,2,3,1,C03
200800069619,0,10,0,0,2,3,13,A01
200800069619,0,10,0,0,2,8,1,B02
200800069620,0,7,0,0,2,4,23,A01
200800069620,0,7,0,1,0,2,1,B02
200800069621,0,7,0,0,1,3,13,A01
200800069622,0,7,0,0,2,2,1,A01
200800069622,0,7,0,6,2,3,1,B02
200800069623,0,7,0,0,2,1,9,A01
200800069623,0,7,0,0,2,2,1,B02
200800069624,0,7,0,0,0,3,0,A01
200800069624,0,7,0,0,0,2,0,B02
200800069625,0,7,0,0,2,2,13,A01
200800069625,0,7,0,0,2,1,1,B02
200800069626,0,7,0,0,1,3,1,A01
200800069627,0,7,0,0,1,1,1,A01
200800069628,0,7,0,0,1,3,1,A01
200800069629,0,7,0,0,0,3,15,A01
200800069630,0,7,0,0,0,3,1,A01
200800069630,0,14,0,0,0,3,0,B02
200800069630,0,7,0,0,0,1,0,C03
200800069631,0,7,0,2,0,7,13,A01
200800069632,0,7,0,0,2,1,15,A01
200800069632,0,7,0,0,2,1,1,B02
200800069633,0,7,0,0,1,1,1,A01
200800069634,0,7,0,0,2,1,23,C03
200800069634,0,7,0,0,2,2,15,A01
200800069634,0,7,0,0,2,1,1,B02
200800069635,0,33,0,0,2,1,11,A01
200800069635,0,7,0,0,2,3,19,B02
200800069636,0,7,0,0,2,2,17,A01
200800069636,0,7,0,0,2,2,1,B02
200800069637,0,7,0,2,0,1,1,A01
200800069638,0,2,0,0,2,1,0,A01
200800069638,0,7,0,0,2,3,0,B02
200800069639,0,7,0,5,0,9,13,A01
200800069640,0,7,0,0,2,1,2,A01
200800069640,0,7,0,0,2,4,2,B02
200800069641,0,7,0,0,1,1,1,A01
200800069642,0,7,0,0,2,7,13,A01
200800069642,0,7,0,0,2,1,1,B02
200800069643,0,30,0,0,0,6,13,A01
200800069643,0,7,0,0,2,2,1,B02
200800069644,0,7,0,8,0,3,1,A01
200800069645,0,7,0,0,2,1,2,A01
200800069645,0,7,0,0,2,4,2,B02
200800069646,0,7,0,6,0,3,13,A01
200800069647,0,2,0,13,0,1,1,A01
200800069648,0,7,0,1,0,1,13,A01
200800069648,0,7,0,0,2,1,23,B02
200800069648,0,7,0,0,2,8,0,C03
200800069649,0,7,0,0,2,3,1,A01
200800069649,0,7,0,0,2,3,1,B02
200800069650,0,7,0,0,2,5,15,A01
200800069650,0,33,0,0,2,1,1,B02
200800069651,0,7,0,0,0,3,13,A01
200800069651,0,7,0,0,0,3,1,B02
200800069652,0,14,0,0,2,3,13,A01
200800069652,0,14,0,0,2,3,0,B02
200800069653,0,33,0,0,0,1,1,A01
200800069654,0,33,0,0,2,1,17,A01
200800069654,0,10,0,0,0,6,15,B02
200800069655,0,10,0,0,2,3,1,A01
200800069655,0,7,0,0,2,3,13,B02
200800069656,0,7,0,0,2,2,1,A01
200800069656,0,7,0,0,2,1,0,B02
200800069657,0,7,0,0,0,0,0,A01
200800069657,0,7,0,0,2,1,1,B02
200800069658,0,7,0,0,2,1,2,A01
200800069658,0,7,0,0,0,4,2,B02
200800069659,0,7,0,9,0,1,1,A01
200800069660,0,15,0,0,2,1,0,A01
200800069660,0,7,0,0,2,8,0,B02
200800069661,0,7,0,0,2,1,15,A01
200800069661,0,30,0,0,2,1,1,B02
200800069662,0,7,0,0,2,1,19,A01
200800069662,0,7,0,0,1,7,1,B02
200800069663,0,30,0,12,0,1,1,A01
200800069664,0,7,0,2,0,1,1,A01
200800069665,0,2,0,0,2,8,1,A01
200800069665,0,7,0,0,2,6,15,B02
200800069666,0,14,0,0,0,4,23,A01
200800069666,0,7,0,1,0,1,2,B02
200800069667,0,7,0,0,0,7,13,A01
200800069667,0,7,0,0,2,1,0,B02
200800069668,0,7,0,0,2,7,15,A01
200800069668,0,2,0,0,2,1,1,B02
200800069669,0,7,0,0,0,4,2,A01
200800069669,0,30,0,0,2,1,2,B02
200800069670,0,7,0,6,0,4,1,A01
200800069670,0,7,0,0,2,1,1,B02
200800069671,0,2,0,0,2,2,1,A01
200800069671,0,7,0,0,2,8,16,B02
200800069672,0,7,0,0,2,1,5,A01
200800069672,0,7,0,0,2,1,5,B02
200800069673,0,7,0,0,2,1,13,A01
200800069673,0,7,0,0,2,3,1,B02
200800069673,0,7,0,0,2,3,1,C03
200800069674,0,7,0,0,2,6,1,A01
200800069674,0,7,0,0,2,7,17,B02
200800069674,0,33,0,0,2,9,3,C03
200800069675,0,7,0,4,0,9,1,A01
200800069676,0,2,0,1,0,1,1,A01
200800069676,0,7,0,1,0,5,24,B02
200800069677,0,7,0,0,2,3,10,A01
200800069677,0,34,0,0,2,1,1,B02
200800069678,0,7,0,0,1,1,1,A01
200800069679,0,7,0,0,2,2,1,A01
200800069679,0,7,0,0,2,8,15,B02
200800069680,0,7,0,0,0,3,15,A01
200800069680,0,2,0,0,0,0,0,B02
200800069681,0,7,0,0,0,0,1,A01
200800069682,0,7,0,0,1,1,1,A01
200800069683,0,10,0,2,0,1,19,A01
200800069684,0,7,0,0,2,3,1,A01