Num_Acc,senc,catv,occutc,obs,obsm,choc,manv,num_veh
200800070427,0,7,0,0,2,0,0,B01
200800070428,1,7,0,0,0,0,0,A01
200800070428,0,2,0,0,0,0,0,B01
200800070429,0,7,0,0,0,0,0,A01
200800070430,0,7,0,0,0,0,0,A01
200800070431,0,2,0,1,2,6,9,A01
200800070431,0,7,0,0,2,1,1,B01
200800070432,0,7,0,0,1,7,1,A01
200800070433,0,7,0,0,1,1,1,A01
200800070434,0,7,0,0,1,2,1,A01
200800070435,0,7,0,0,1,2,1,A01
200800070436,0,7,0,0,2,3,17,A01
200800070436,0,2,0,0,2,1,1,B01
200800070436,0,10,0,0,0,0,23,C01
200800070437,0,10,0,2,0,2,1,A01
200800070438,0,7,0,0,2,1,2,A01
200800070438,0,7,0,0,2,4,2,B01
200800070439,0,33,0,0,2,1,5,A01
200800070439,0,7,0,0,2,1,0,B01
200800070440,1,7,0,0,1,1,0,A01
200800070441,0,30,0,0,2,2,1,A01
200800070441,0,7,0,0,9,1,9,B01
200800070442,0,7,0,0,0,1,0,A01
200800070442,0,99,0,0,0,4,0,B01
200800070443,0,7,0,0,0,1,1,A01
200800070444,0,7,0,0,2,8,1,B01
200800070444,0,7,0,0,2,3,1,C01
200800070445,0,33,0,0,2,1,17,A01
200800070445,0,7,0,0,2,3,1,B01
200800070445,0,10,0,0,2,0,15,C01
200800070446,0,7,0,6,0,1,0,A01
200800070447,1,7,0,0,1,0,0,A01
200800070448,0,7,0,0,1,2,0,A01
200800070449,0,7,0,13,0,1,0,A01
200800070450,0,7,0,0,2,5,15,A01
200800070450,0,33,0,0,2,1,2,B01
200800070451,0,7,0,0,2,3,9,A01
200800070451,0,33,0,0,2,8,1,B01
200800070452,0,7,0,0,2,1,1,A01
200800070452,0,7,0,0,0,4,23,B01
200800070453,0,32,0,0,0,8,15,A01
200800070454,0,2,0,10,0,1,13,A01
200800070455,0,2,0,0,2,1,1,A01
200800070455,0,10,0,0,2,3,16,B01
200800070456,0,7,0,6,0,1,1,A01
200800070457,0,30,0,0,2,1,1,A01
200800070457,0,7,0,0,2,1,15,B01
200800070458,0,10,0,0,2,3,15,A01
200800070458,0,1,0,0,2,1,1,B01
200800070459,1,7,0,0,1,3,1,A01
200800070460,0,7,0,0,2,2,9,A01
200800070460,0,7,0,0,2,2,1,B01
200800070461,0,37,15,0,1,1,1,A01
200800070462,0,2,0,0,2,1,1,B01
200800070462,0,7,0,0,2,2,1,A01
200800070463,0,7,0,0,2,4,10,A01
200800070463,0,7,0,0,2,3,1,B01
200800070464,0,33,0,0,2,1,2,A01
200800070464,0,7,0,0,0,6,1,B01
200800070465,0,33,0,11,0,1,1,A01
200800070466,0,7,0,0,2,3,1,A01
200800070466,0,7,0,0,2,3,1,B01
200800070467,0,7,0,0,0,4,2,A01
200800070467,0,7,0,0,2,1,2,B01
200800070468,0,7,0,0,2,2,15,A01
200800070468,0,2,0,0,2,1,1,B01
200800070469,0,7,0,0,1,0,1,A01
200800070470,0,7,0,0,2,1,16,A01
200800070470,0,7,0,0,2,5,1,B01
200800070471,0,33,0,0,2,1,1,A01
200800070471,0,7,0,0,2,3,1,B01
200800070472,0,7,0,4,0,3,0,A01
200800070473,0,7,0,0,1,2,0,A01
200800070474,0,32,0,0,2,1,1,A01
200800070474,0,7,0,0,2,1,0,B01
200800070475,0,7,0,0,0,1,1,A01
200800070476,0,7,0,1,0,1,20,A01
200800070476,0,7,0,0,0,3,24,B01
200800070477,0,7,0,0,2,1,1,A01
200800070477,0,7,0,0,0,4,1,B01
200800070478,0,7,0,0,1,4,20,A01
200800070479,0,7,0,0,0,9,1,A01
200800070480,0,7,0,0,0,3,0,A01
200800070480,0,30,0,0,2,1,1,B01
200800070481,0,7,0,12,0,1,1,A01
200800070482,0,33,0,0,1,2,2,A01
200800070483,0,33,0,0,2,1,0,B01
200800070483,1,99,0,0,0,0,0,A01
200800070484,0,7,0,0,2,7,16,A01
200800070484,0,33,0,0,2,1,1,B01
200800070485,0,7,0,0,2,1,19,A01
200800070485,0,7,0,0,2,7,1,B01
200800070486,1,7,0,0,1,7,1,A01
200800070487,0,34,0,0,1,0,1,A01
200800070488,0,34,0,0,2,1,7,A01
200800070488,0,7,0,0,2,7,15,B01
200800070489,0,33,0,0,2,0,1,A01
200800070489,0,7,0,0,1,2,19,B01
200800070490,0,1,0,0,2,1,0,A01
200800070490,0,7,0,0,9,3,0,B01
200800070491,0,33,0,0,1,7,1,A01
200800070492,0,7,0,0,1,1,15,A01
200800070493,0,40,0,0,2,1,1,B01
200800070493,0,33,0,0,4,3,1,A01
200800070494,0,7,0,0,2,1,2,A01
200800070494,0,7,0,0,0,4,2,B01
200800070495,0,31,0,0,2,8,21,A01
200800070495,0,30,0,0,2,0,1,B01
200800070496,1,7,0,0,0,0,0,A01
200800070496,0,7,0,0,2,4,2,B01
200800070496,0,7,0,0,0,4,2,C01
200800070497,0,7,0,0,0,8,15,A01
200800070497,0,30,0,0,2,3,1,B01
200800070498,0,7,0,0,1,0,20,A01
200800070499,0,7,0,0,1,1,1,A01
200800070500,0,7,0,0,0,3,16,A01
200800070500,0,33,0,0,2,1,3,B01
200800070501,0,7,0,0,1,8,0,A01
200800070502,0,7,0,0,2,7,1,A01
200800070503,0,34,0,0,1,1,0,A01
200800070504,0,32,0,0,1,1,17,A01
200800070505,0,33,0,0,2,1,1,A01
200800070505,0,7,0,0,0,6,13,B01
200800070506,0,7,0,0,2,2,20,A01
200800070506,0,7,0,1,2,9,21,B01
200800070506,0,7,0,0,2,2,2,C01
200800070507,0,30,0,0,2,3,0,A01
200800070507,0,30,0,0,2,3,0,B01
200800070507,0,30,0,0,2,1,0,C01
200800070508,0,7,0,0,2,1,1,A01
200800070508,0,7,0,0,2,9,1,B01
200800070508,0,7,0,0,0,4,1,C01
200800070509,0,32,0,0,1,8,1,A01
200800070510,0,30,0,0,2,1,1,A01
200800070510,0,7,0,0,2,2,1,B01
200800070511,0,7,0,0,2,3,15,A01
200800070511,0,7,0,0,2,7,1,B01
200800070512,0,10,0,0,2,3,16,A01
200800070512,0,2,0,0,2,3,16,B01
200800070513,0,2,0,0,2,1,17,A01
200800070513,0,10,0,0,2,3,13,B01
200800070514,0,7,0,0,0,8,1,B01
200800070514,0,7,0,0,2,1,1,A01
200800070515,0,7,0,0,2,1,2,A01
200800070515,0,7,0,0,2,4,2,B01
200800070516,0,7,0,0,1,3,1,A01
200800070517,0,30,0,0,2,9,2,B01
200800070517,1,7,0,0,0,0,0,A01
200800070518,0,30,0,0,2,1,17,A01
200800070518,0,7,0,0,2,3,2,B01
200800070519,0,7,0,0,2,3,19,A01
200800070519,0,34,0,0,2,1,17,B01
200800070520,0,7,0,0,2,2,15,A01
200800070520,0,7,0,0,2,3,1,B01
200800070521,0,7,0,0,2,3,11,A01
200800070521,0,30,0,0,2,7,1,B01
200800070522,0,32,0,0,2,1,1,A01
200800070522,0,7,0,0,0,8,15,B01
200800070523,0,7,0,12,0,2,14,A01
200800070524,0,33,0,0,2,8,12,A01
200800070524,0,34,0,0,2,8,1,B01
200800070525,0,7,0,0,0,6,10,A01
200800070525,0,30,0,0,2,2,17,B01
200800070526,0,30,0,0,2,4,2,A01
200800070526,0,7,0,0,2,1,2,B01
200800070527,0,7,0,0,1,1,1,A01
200800070528,0,7,0,0,2,8,1,C01
200800070528,0,99,0,0,2,4,1,B01
200800070528,0,7,0,0,2,2,2,A01
200800070529,0,7,0,0,1,7,1,A01
200800070530,0,7,0,0,1,1,2,A01
200800070531,0,7,0,0,2,3,1,D01
200800070531,0,7,0,0,2,8,1,C01
200800070531,0,7,0,0,2,8,1,B01
200800070531,0,7,0,0,2,3,13,A01
200800070532,0,14,0,0,1,3,1,A01
200800070533,0,7,0,0,2,3,1,B01
200800070533,0,2,0,0,2,1,1,A01
200800070534,0,32,0,0,0,1,1,B01
200800070534,0,7,0,0,0,3,0,A01
200800070535,0,2,0,0,2,1,1,B01
200800070535,0,7,0,0,2,6,9,A01
200800070536,0,30,0,0,0,0,0,A01
200800070537,0,7,0,0,1,3,1,A01
200800070538,0,30,0,0,2,1,1,B01
200800070538,0,7,0,0,2,2,15,A01
200800070539,0,7,0,0,0,2,2,A01
200800070539,0,7,0,0,0,3,2,B01
200800070540,0,13,0,0,0,0,0,A01
200800070541,0,7,0,0,1,1,1,A01
200800070542,0,7,0,0,2,3,0,A01
200800070542,0,7,0,4,2,8,1,B01
200800070543,0,7,0,0,2,1,10,A01
200800070543,0,33,0,1,2,6,1,B01
200800070543,0,7,0,0,2,8,24,C01
200800070544,0,7,0,0,2,7,12,A01
200800070544,0,32,0,0,2,3,1,B01
200800070545,0,7,0,0,2,8,2,A01
200800070545,0,7,0,0,2,4,1,B01
200800070546,0,7,0,0,2,2,17,A01
200800070546,0,7,0,7,0,8,15,B01
200800070547,0,7,0,0,2,2,15,A01
200800070547,0,32,0,0,2,1,2,B01
200800070548,0,7,0,0,0,7,15,A01
200800070548,0,34,0,0,2,1,1,B01
200800070549,1,7,0,0,2,1,2,A01
200800070549,0,7,0,1,2,4,2,B01
200800070550,0,34,0,0,2,1,9,A01
200800070550,0,7,0,2,2,3,1,B01
200800070551,0,2,0,0,1,1,21,A01
200800070552,0,7,0,0,2,8,15,A01
200800070552,0,32,0,0,2,1,17,B01
200800070553,0,31,0,0,2,1,17,A01
200800070553,0,7,0,0,2,8,15,B01
200800070554,0,7,0,0,1,3,15,A01
200800070554,0,33,0,0,2,1,1,B01
200800070555,0,7,0,0,1,2,1,A01
200800070556,0,7,0,0,2,1,6,A01
200800070556,0,7,0,0,2,7,2,B01
200800070557,0,31,0,0,2,1,17,A01
200800070557,0,7,0,0,2,1,1,B01
200800070557,0,15,0,0,0,0,2,C01
200800070558,0,7,0,0,2,1,2,A01
200800070558,0,7,0,0,2,1,2,B01
200800070559,0,7,0,0,2,3,15,A01
200800070559,0,33,0,0,2,1,17,B01
200800070560,0,7,0,0,2,1,12,A01
200800070560,0,7,0,0,2,1,0,B01
200800070561,1,7,0,1,0,0,0,A01
200800070561,0,2,0,8,2,5,1,B01
200800070562,0,30,0,0,0,4,1,A01
200800070562,1,7,0,0,0,1,0,B01
200800070563,0,30,0,0,2,1,0,A01
200800070563,0,32,0,0,2,4,2,B01
200800070563,0,7,0,0,2,8,1,C01
200800070564,0,2,0,14,2,1,9,A01
200800070564,0,7,0,14,2,3,0,B01
200800070565,0,13,0,0,1,4,4,A01
200800070566,0,7,0,0,1,3,0,A01
200800070567,0,33,0,0,2,1,2,A01
200800070567,0,7,0,0,2,5,2,B01
200800070568,1,7,0,0,0,0,0,A01
200800070569,0,31,0,0,2,0,1,A01
200800070569,1,7,0,2,1,1,0,B01
200800070570,0,32,0,0,0,8,2,A01
200800070571,0,7,0,0,2,1,2,A01
200800070571,0,7,0,0,2,4,2,B01
200800070572,0,7,0,0,0,1,2,A01
200800070572,0,10,0,0,0,1,2,B01
200800070572,0,7,0,0,0,4,2,C01
200800070573,0,1,0,0,2,8,15,A01
200800070573,0,7,0,0,2,1,1,B01
200800070574,0,33,0,0,2,3,1,B01
200800070574,0,7,0,0,2,0,15,A01
200800070575,0,7,0,0,2,7,1,B01
200800070575,0,99,0,0,2,3,16,A01
200800070576,0,7,0,0,2,2,5,A01
200800070576,0,7,0,0,2,1,1,B01
200800070577,0,20,0,0,2,0,0,A01
200800070577,0,7,0,0,2,0,0,B01
200800070578,0,7,0,0,2,1,0,A01
200800070578,0,7,0,0,2,4,0,B01
200800070578,0,7,0,0,0,4,0,C01
200800070579,0,33,0,0,1,1,0,A01
200800070580,1,7,0,0,2,0,19,A01
200800070580,0,32,0,0,2,1,1,B01
200800070581,0,10,0,0,2,7,0,A01
200800070581,0,7,0,0,2,1,0,B01
200800070582,0,7,0,0,2,4,23,A01
200800070582,1,13,0,0,2,1,2,B01
200800070583,0,7,0,0,0,3,23,B01
200800070583,0,7,0,0,0,1,23,C01
200800070583,1,7,0,0,0,0,0,A01
200800070584,0,33,0,0,2,8,15,A01
200800070584,1,7,0,0,0,0,0,B01
200800070585,0,7,0,0,1,1,9,A01
200800070586,0,99,0,0,2,3,21,B01
200800070586,0,7,0,0,2,9,0,A01
200800070587,0,7,0,0,0,2,0,A01
200800070587,0,30,0,0,2,0,1,B01
200800070588,1,7,0,0,2,8,0,A01
200800070588,0,30,0,1,2,0,1,B01
200800070589,0,7,0,0,1,2,1,A01
200800070590,0,7,0,0,2,2,0,A01
200800070590,0,32,0,0,2,1,0,B01
200800070591,0,2,0,0,2,1,2,A01
200800070591,1,7,0,0,2,8,10,B01
200800070592,0,31,0,0,2,9,2,A01
200800070592,0,7,0,0,2,2,9,B01
200800070592,0,7,0,0,2,1,2,C01
200800070593,0,7,0,6,2,2,17,A01
200800070593,0,7,0,6,2,8,15,B01
200800070594,0,7,0,0,2,1,1,A01
200800070594,0,34,0,0,0,4,1,B01
200800070595,0,30,0,0,2,0,17,A01
200800070595,0,7,0,0,2,3,23,B01
200800070596,0,7,0,0,2,3,13,A01
200800070596,0,7,0,1,2,3,1,B01
200800070597,0,7,0,0,1,1,1,A01
200800070598,0,30,0,0,2,8,7,A01
200800070598,0,7,0,0,2,7,1,B01
200800070599,0,32,0,15,0,1,1,A01
200800070600,0,33,0,0,2,2,21,A01
200800070600,0,7,0,0,2,6,1,B01
200800070601,0,7,0,1,2,2,17,A01
200800070601,0,7,0,0,0,3,0,B01
200800070602,0,7,0,0,2,3,0,A01
200800070602,0,7,0,0,2,2,1,B01
200800070603,0,33,0,0,2,7,17,A01
200800070603,0,7,0,0,2,8,15,B01
200800070604,0,30,0,0,2,7,2,A01
200800070604,0,7,0,0,0,5,2,B01
200800070605,0,7,0,0,0,8,9,A01
200800070605,0,2,0,0,2,3,1,B01
200800070606,0,7,0,0,2,6,13,A01
200800070606,0,30,0,0,2,2,17,B01
200800070607,0,7,0,0,2,1,1,A01
200800070607,0,7,0,0,2,4,1,B01
200800070608,1,7,0,0,2,0,16,B01
200800070608,0,7,0,0,2,8,15,A01
200800070609,0,7,0,0,0,1,2,A01
200800070609,0,7,0,0,0,4,2,B01
200800070610,0,32,0,0,0,8,20,A01
200800070611,0,7,0,0,2,1,2,A01
200800070611,0,7,0,0,0,4,23,B01
200800070612,1,7,0,1,0,0,0,A01
200800070613,0,33,0,0,2,4,1,A01
200800070613,0,32,0,0,2,1,2,B01
200800070613,0,7,0,0,2,8,7,C01
200800070614,0,7,0,0,0,0,20,A01
200800070614,0,32,0,0,2,0,2,B01
200800070615,0,33,0,0,0,4,1,A01
200800070615,0,10,0,0,2,3,0,B01
200800070616,0,30,0,0,2,1,13,A01
200800070616,0,7,0,0,2,1,1,B01
200800070617,0,7,0,0,0,1,2,A01
200800070617,0,7,0,0,2,4,23,B01
200800070617,0,7,0,0,0,4,23,C01
200800070618,0,32,0,0,0,8,24,A01
200800070619,0,7,0,0,1,2,2,A01
200800070620,0,7,0,0,2,1,1,A01
200800070620,0,7,0,0,2,4,23,B01
200800070620,0,7,0,0,2,4,2,C01
200800070620,0,7,0,0,0,4,23,D01
200800070621,0,10,0,0,2,8,15,A01
200800070621,0,34,0,0,2,7,17,B01
200800070622,1,7,0,0,1,0,17,A01
200800070623,0,7,0,0,1,1,15,A01
200800070624,0,7,0,0,2,3,5,A01
200800070624,0,7,0,0,2,8,1,B01
200800070625,0,7,0,0,0,9,0,A01
200800070626,0,30,0,0,2,1,2,A01
200800070626,0,7,0,0,2,5,2,B01
200800070627,0,7,0,1,4,3,15,A01
200800070627,0,32,0,0,2,1,17,B01
200800070628,0,10,0,0,2,6,15,A01
200800070628,0,10,0,0,2,1,1,B01
200800070629,0,7,0,0,2,1,1,A01
200800070629,0,7,0,8,0,4,1,B01
200800070630,0,7,0,0,2,3,13,A01
200800070630,0,7,0,0,2,1,1,B01
200800070631,0,7,0,2,0,9,5,A01
200800070632,0,7,0,0,2,1,2,A01
200800070632,0,7,0,0,2,6,2,B01
200800070633,0,32,0,0,0,1,1,A01
200800070634,0,10,0,0,2,3,15,A01
200800070634,0,31,0,0,2,1,19,B01
200800070635,0,7,0,0,1,1,1,A01
200800070636,0,7,0,0,2,3,15,A01
200800070636,0,34,0,0,2,4,1,B01
200800070637,0,32,0,0,2,1,1,A01
200800070637,0,7,0,0,0,5,15,B01
200800070638,0,7,0,0,2,2,15,B01
200800070638,0,31,0,0,2,0,0,A01
200800070639,0,7,0,0,2,1,9,A01
200800070639,0,7,0,0,0,4,1,B01
200800070640,0,7,0,0,0,3,2,A01
200800070640,0,34,0,0,0,4,2,B01
200800070641,0,7,0,0,0,4,12,A01
200800070641,0,33,0,0,2,1,1,B01
200800070642,0,34,0,0,0,7,1,A01
200800070643,0,7,0,0,2,1,1,A01
200800070643,0,7,0,0,2,4,1,B01
200800070644,0,7,0,0,2,1,2,A01
200800070644,0,7,0,0,2,3,2,B01
200800070645,0,7,0,2,0,1,1,A01
200800070646,0,10,0,0,2,1,2,A01
200800070646,0,10,0,0,2,4,23,B01
200800070646,0,17,0,0,0,4,2,C01
200800070647,0,7,0,13,0,0,2,A01
200800070648,0,7,0,8,0,8,13,A01
200800070649,0,7,0,0,0,8,19,A01
200800070649,0,7,0,0,2,3,1,B01
200800070650,0,13,0,0,2,3,1,A01
200800070650,0,7,0,0,2,3,1,B01
200800070650,0,7,0,0,2,1,1,C01
200800070651,0,7,0,0,2,3,1,A01
200800070651,0,7,0,0,2,1,1,B01
200800070652,0,7,0,0,2,3,11,A01
200800070652,0,14,0,0,2,2,1,B01
200800070653,0,7,0,0,2,8,19,A01
200800070653,0,7,0,0,2,1,2,B01
200800070654,0,7,0,0,2,1,2,B01
200800070654,0,13,0,0,2,7,9,A01
200800070655,1,13,0,0,1,1,1,A01
200800070656,0,7,0,0,2,1,2,A01
200800070656,0,7,0,0,2,4,2,B01
200800070656,0,7,0,0,0,4,2,C01
200800070657,0,7,0,0,2,2,15,A01
200800070657,0,7,0,0,2,1,1,B01
200800070658,0,7,0,0,2,1,2,A01
200800070658,0,10,0,0,2,4,1,B01
200800070659,0,7,0,0,2,1,20,A01
200800070659,0,2,0,0,2,1,1,B01
200800070660,0,7,0,0,1,1,1,A01
200800070661,0,7,0,2,0,1,14,A01
200800070662,0,7,0,0,1,1,1,A01
200800070663,0,31,0,0,0,1,1,A01
200800070663,0,7,0,0,0,1,23,B01
200800070664,0,7,0,0,1,2,1,A01
200800070665,0,2,0,1,0,1,1,A01
200800070666,0,7,0,3,2,1,1,B01
200800070666,1,7,0,0,0,0,13,A01
200800070667,0,7,0,0,2,3,13,A01
200800070667,0,7,0,0,2,3,1,B01
200800070668,0,7,0,0,0,0,9,A01
200800070668,0,7,0,13,0,1,1,B01
200800070669,0,10,0,0,2,7,12,A01
200800070669,0,1,0,0,0,8,1,B01
200800070670,0,7,0,0,0,6,1,B01
200800070670,0,2,0,0,2,1,1,A01
200800070671,0,7,0,0,2,2,16,A01
200800070671,0,7,0,0,2,1,1,B01
200800070672,0,7,0,0,1,4,4,A01
200800070673,0,7,0,0,1,1,15,A01
200800070674,0,7,0,0,2,3,15,A01
200800070674,0,2,0,0,2,1,1,B01
200800070675,0,14,0,0,1,1,9,A01
200800070676,0,7,0,0,1,0,2,A01
200800070677,0,7,0,0,1,1,2,A01
200800070678,0,7,0,0,1,1,1,A01
200800070679,0,10,0,6,0,1,1,A01
200800070680,0,7,0,0,1,1,1,A01
200800070681,0,14,0,0,2,6,9,A01
200800070681,0,33,0,0,2,8,1,B01
200800070682,0,7,0,0,0,9,1,A01
200800070683,0,7,0,1,0,9,1,A01
200800070684,0,7,0,2,0,3,15,A01
200800070685,0,7,0,2,0,1,1,A01
200800070686,0,14,0,0,2,4,4,A01
200800070686,0,7,0,0,2,6,16,B01
200800070687,2,10,0,0,2,1,1,A01
200800070687,0,7,0,0,2,8,1,B01
200800070688,0,7,0,0,2,3,15,A01
200800070688,0,33,0,0,2,1,1,B01
200800070689,0,10,0,0,2,3,1,A01
200800070689,0,1,0,0,2,2,1,B01
200800070690,0,7,0,0,2,1,1,A01
200800070690,0,7,0,0,2,4,20,B01
200800070691,0,7,0,0,1,2,1,A01
200800070692,0,1,0,0,0,7,1,A01
200800070693,0,7,0,0,2,1,5,A01
200800070693,0,7,0,0,2,1,1,B01
200800070694,0,7,0,0,2,1,15,A01
200800070694,0,30,0,0,2,1,1,B01
200800070695,0,7,0,0,0,4,1,A01
200800070695,0,14,0,0,2,1,2,B01
200800070696,0,7,0,0,2,1,1,A01
200800070696,0,1,0,0,2,0,9,B01
200800070697,0,33,0,0,0,7,1,A01
200800070698,0,7,0,0,2,2,17,A01
200800070698,0,30,0,0,2,8,1,B01
200800070699,0,7,0,8,0,1,0,A01
200800070700,0,7,0,0,0,8,13,A01
200800070701,0,7,0,2,0,1,1,A01
200800070702,0,2,0,0,2,1,1,B01
200800070702,0,7,0,0,2,3,15,A01
200800070703,0,7,0,0,2,1,1,A01
200800070703,0,1,0,0,2,7,19,B01
200800070704,0,30,0,0,2,3,18,A01
200800070704,0,7,0,0,2,5,1,B01
200800070705,0,30,0,0,0,8,1,A01
200800070706,0,7,0,0,1,1,0,A01
200800070707,0,7,0,0,2,1,2,A01
200800070707,0,7,0,0,2,4,2,B01
200800070707,0,7,0,0,2,4,2,C01
200800070707,0,7,0,0,2,4,2,D01
200800070708,0,7,0,0,2,3,9,B01
200800070708,0,30,0,0,2,5,1,A01
200800070709,0,10,0,6,2,8,1,B01
200800070709,0,7,0,0,2,1,1,A01
200800070710,0,2,0,0,2,8,9,B01
200800070710,0,7,0,0,2,1,1,A01
200800070711,0,7,0,0,2,1,2,A01
200800070711,0,33,0,0,2,4,2,B01
200800070712,0,7,0,0,2,2,17,A01
200800070712,0,1,0,0,2,6,1,B01
200800070713,0,7,0,0,2,3,15,A01
200800070713,0,30,0,0,2,7,1,B01
200800070714,0,7,0,0,1,3,17,A01
200800070715,0,7,0,0,2,7,1,A01
200800070715,0,7,0,0,2,1,1,B01
200800070716,0,7,0,2,0,1,1,A01
200800070717,0,7,0,0,2,8,1,A01
200800070717,0,1,0,0,2,1,19,B01
200800070718,0,2,0,0,1,1,0,A01
200800070719,0,7,0,6,0,2,14,A01
200800070720,0,7,0,0,2,6,11,A01
200800070720,0,2,0,0,2,2,17,B01
200800070721,0,7,0,0,2,7,15,A01
200800070721,0,2,0,0,2,1,1,B01
200800070722,0,7,0,3,0,4,21,A01
200800070723,0,31,0,8,0,1,14,A01
200800070724,0,7,0,0,2,1,5,A01
200800070724,0,7,0,0,2,3,1,B01
200800070724,0,7,0,14,0,0,1,C01
200800070725,0,7,0,8,0,1,14,A01
200800070726,0,7,0,8,0,1,14,A01
200800070727,0,30,0,0,0,7,1,A01
200800070728,0,7,0,0,2,4,11,A01
200800070728,0,33,0,0,2,1,1,B01
200800070729,0,7,0,6,0,1,14,A01
200800070730,0,7,0,0,2,6,20,A01
200800070730,0,2,0,0,2,2,1,B01
200800070731,0,7,0,8,0,3,1,A01
200800070732,0,7,0,0,2,1,1,A01
200800070732,0,7,0,0,2,7,1,B01
200800070733,0,7,0,0,0,1,1,A01
200800070734,0,10,0,0,0,7,1,A01
200800070735,0,7,0,0,2,8,10,A01
200800070735,0,7,0,0,2,1,1,B01
200800070736,0,7,0,0,2,1,1,A01
200800070736,0,7,0,0,2,4,1,B01
200800070737,0,7,0,0,2,1,1,A01
200800070737,0,7,0,0,2,4,24,B01
200800070738,0,30,0,0,2,1,1,A01
200800070738,0,7,0,0,2,4,1,B01
200800070739,0,2,0,0,2,1,1,B01
200800070739,0,7,0,0,2,5,1,A01
200800070740,0,7,0,0,1,1,1,A01
200800070741,0,7,0,0,2,1,1,A01
200800070741,0,7,0,0,2,4,15,B01
200800070742,0,7,0,0,0,1,1,A01
200800070742,0,7,0,0,0,4,1,B01
200800070742,0,7,0,0,0,4,1,C01
200800070743,0,7,0,0,2,3,15,A01
200800070743,0,30,0,0,2,1,1,B01
200800070744,0,7,0,0,2,1,1,A01
200800070744,0,7,0,0,2,4,2,B01
200800070745,0,7,0,0,1,2,1,A01
200800070746,0,7,0,0,2,3,15,A01
200800070746,0,7,0,0,2,1,1,B01
200800070747,0,33,0,0,2,1,1,A01
200800070747,0,7,0,0,2,5,15,B01
200800070748,0,7,0,0,2,1,13,A01
200800070748,0,7,0,0,2,1,1,B01
200800070749,0,7,0,0,2,1,13,A01
200800070749,0,7,0,0,2,1,1,B01
200800070750,0,7,0,0,0,1,1,A01
200800070751,0,7,0,0,2,1,1,A01
200800070751,0,7,0,0,2,4,1,B01
200800070751,0,7,0,0,2,4,1,C01
200800070751,0,7,0,0,2,4,1,D01
200800070752,0,7,0,13,0,2,1,A01
200800070753,0,7,0,0,2,1,1,A01
200800070753,0,7,0,0,2,4,1,B01
200800070754,0,7,0,0,1,1,1,A01
200800070755,0,7,0,0,2,3,9,A01
200800070755,0,7,0,0,2,2,1,B01
200800070756,0,31,0,0,0,7,16,A01
200800070757,0,7,0,0,1,2,1,A01
200800070758,0,7,0,0,2,8,9,A01
200800070758,0,37,26,0,2,2,16,B01
200800070759,0,7,0,0,2,1,2,A01
200800070759,0,7,0,0,2,4,2,B01
200800070759,0,7,0,0,2,4,0,C01
200800070760,1,7,0,0,1,0,15,A01
200800070761,0,33,0,0,2,1,1,A01
200800070761,0,7,0,0,0,2,15,B01
200800070762,0,7,0,0,2,1,15,A01
200800070762,0,7,0,0,2,1,1,B01
200800070763,0,33,0,0,1,0,2,A01
200800070764,0,7,0,0,2,3,1,A01
200800070764,0,7,0,0,2,3,1,B01
200800070765,0,7,0,0,1,1,1,A01
200800070766,0,30,0,0,2,4,9,B01
200800070766,0,7,0,0,2,3,9,A01
200800070767,0,7,0,0,2,8,15,A01
200800070767,0,7,0,0,2,1,1,B01
200800070768,0,7,0,0,1,3,15,A01
200800070769,0,7,0,13,0,1,1,A01
200800070770,0,7,0,2,0,8,1,A01
200800070771,0,7,0,6,0,1,1,A01
200800070772,0,7,0,0,1,1,1,A01
200800070773,0,7,0,13,0,2,1,A01
200800070774,0,7,0,0,1,2,1,A01
200800070775,0,7,0,0,2,3,0,A01
200800070775,0,14,0,0,2,0,0,B01
200800070776,0,7,0,0,1,2,1,A01
200800070777,0,7,0,0,2,1,2,A01
200800070777,0,7,0,0,2,4,2,B01
200800070778,0,2,0,0,1,1,1,A01
200800070779,0,2,0,0,2,1,17,A01
200800070779,0,2,0,0,2,9,15,B01
200800070780,0,7,0,0,2,2,11,A01
200800070780,0,7,0,0,2,6,2,B01
200800070781,0,7,0,0,2,2,9,A01
200800070781,0,7,0,0,2,1,0,B01
200800070782,0,7,0,0,1,1,1,A01
200800070783,0,7,0,0,0,9,1,A01
200800070784,0,38,3,13,0,2,1,A01
200800070785,0,7,0,7,2,5,12,A01
200800070785,0,7,0,0,2,3,1,B01
200800070786,0,7,0,0,2,1,2,A01
200800070786,0,7,0,0,2,4,2,B01
200800070786,0,7,0,0,2,4,2,C01
200800070787,0,7,0,0,2,1,2,A01
200800070787,0,7,0,0,2,4,23,B01
200800070787,0,7,0,0,2,4,23,C01
200800070787,0,7,0,0,2,4,23,D01
200800070788,0,14,0,0,1,3,1,A01
200800070789,0,10,0,0,1,7,1,A01
200800070790,0,7,0,0,2,3,15,A01
200800070790,0,7,0,0,2,1,1,B01
200800070791,0,7,0,0,2,1,2,A01
200800070791,0,7,0,0,2,4,23,B01
200800070792,0,1,0,0,2,3,9,A01
200800070792,0,10,0,0,2,2,1,B01
200800070793,0,2,0,1,0,1,13,A01
200800070794,0,7,0,0,1,2,1,A01
200800070795,0,7,0,0,2,8,1,B01
200800070795,0,1,0,0,2,1,1,A01
200800070796,0,10,0,0,2,2,1,B01
200800070796,0,2,0,0,2,2,1,A01
200800070797,0,7,0,0,2,2,20,A01