Num_Acc,senc,catv,occutc,obs,obsm,choc,manv,num_veh
200800071160,0,7,0,0,2,8,1,B01
200800071161,0,7,0,2,0,1,1,A01
200800071162,0,7,0,0,2,1,2,A01
200800071162,0,7,0,0,2,4,23,B01
200800071163,0,7,0,0,2,1,17,A01
200800071163,0,7,0,0,2,1,1,B01
200800071164,0,7,0,0,1,1,1,A01
200800071165,0,7,0,0,2,1,1,A01
200800071165,0,7,0,0,2,1,1,B01
200800071166,0,7,0,9,0,1,1,A01
200800071167,0,7,0,0,2,0,0,A01
200800071167,0,30,0,0,2,0,0,B01
200800071168,0,7,0,0,2,0,0,B01
200800071168,0,7,0,0,2,0,0,A01
200800071169,0,7,0,0,2,1,2,A01
200800071169,0,7,0,0,2,4,1,B01
200800071170,0,2,0,0,0,8,0,A01
200800071170,1,7,0,0,1,2,1,B01
200800071171,0,33,0,0,1,1,1,A01
200800071172,0,33,0,7,0,1,14,A01
200800071173,0,7,0,8,0,2,14,A01
200800071174,0,7,0,0,0,9,0,A01
200800071175,0,7,0,0,2,1,13,A01
200800071175,0,7,0,0,2,1,1,B01
200800071175,0,14,0,0,2,1,1,C01
200800071176,0,7,0,0,2,0,15,A01
200800071176,0,2,0,0,2,0,1,B01
200800071177,0,7,0,0,2,3,1,B01
200800071177,0,7,0,0,2,2,2,A01
200800071178,0,7,0,0,1,1,0,A01
200800071179,2,7,0,0,2,1,0,A01
200800071179,0,2,0,0,0,4,0,B01
200800071180,0,7,0,13,0,9,1,A01
200800071181,0,7,0,0,2,1,1,A01
200800071181,0,7,0,0,0,4,1,B01
200800071182,0,32,0,0,2,1,18,A01
200800071182,0,7,0,0,0,7,22,B01
200800071183,0,37,0,0,1,2,16,A01
200800071184,0,7,0,0,2,1,1,A01
200800071184,0,7,0,0,0,4,1,B01
200800071184,0,7,0,0,0,4,1,C01
200800071185,0,7,0,0,2,1,1,B01
200800071185,0,32,0,0,2,7,1,A01
200800071186,0,7,0,0,2,5,15,A01
200800071186,0,33,0,0,2,3,1,B01
200800071187,0,30,0,0,1,1,1,A01
200800071188,0,1,0,0,2,1,1,A01
200800071188,0,7,0,0,2,4,1,B01
200800071189,0,7,0,0,2,2,15,A01
200800071189,0,31,0,0,2,1,1,B01
200800071190,0,7,0,0,2,1,9,A01
200800071190,0,30,0,0,2,7,1,B01
200800071191,0,7,0,0,2,3,9,A01
200800071191,0,33,0,0,2,5,1,B01
200800071192,0,7,0,0,2,9,15,A01
200800071192,0,7,0,0,2,1,2,B01
200800071192,0,7,0,0,2,1,2,C01
200800071193,0,7,0,0,1,2,1,A01
200800071194,0,30,0,0,2,7,2,B01
200800071194,0,7,0,0,2,1,1,A01
200800071195,0,30,0,0,1,3,1,A01
200800071196,0,7,0,6,0,1,17,A01
200800071197,0,7,0,0,2,1,1,B01
200800071197,0,30,0,0,2,7,1,A01
200800071198,0,7,0,0,1,1,1,A01
200800071199,0,7,0,0,2,8,13,A01
200800071199,0,33,0,0,2,1,1,B01
200800071200,0,33,0,0,0,1,1,A01
200800071201,0,34,0,0,1,1,1,A01
200800071202,0,7,0,6,0,1,1,A01
200800071203,0,7,0,0,2,1,2,A01
200800071203,0,10,0,0,0,4,2,B01
200800071204,0,7,0,0,2,2,9,A01
200800071204,0,10,0,0,2,1,1,B01
200800071205,0,7,0,15,0,3,16,A01
200800071206,0,7,0,0,1,1,1,A01
200800071207,0,7,0,0,1,1,15,A01
200800071208,0,40,0,0,1,0,1,A01
200800071209,0,7,0,0,2,8,11,A01
200800071209,0,7,0,0,2,2,1,B01
200800071210,0,7,0,0,2,1,9,A01
200800071210,0,2,0,0,0,7,1,B01
200800071211,0,7,0,0,2,8,10,A01
200800071211,0,32,0,0,2,1,1,B01
200800071212,0,7,0,0,2,1,1,A01
200800071212,0,7,0,0,2,4,1,B01
200800071213,0,7,0,0,2,8,1,A01
200800071213,0,7,0,0,2,1,1,B01
200800071214,0,7,0,0,1,2,1,A01
200800071215,0,7,0,0,2,1,9,A01
200800071215,0,30,0,0,2,7,16,B01
200800071216,0,7,0,0,2,7,16,A01
200800071216,0,33,0,0,2,1,1,B01
200800071217,0,30,0,0,2,1,1,A01
200800071217,0,7,0,0,0,7,23,B01
200800071218,0,7,0,0,1,2,1,A01
200800071219,0,7,0,0,1,4,4,A01
200800071220,0,31,0,0,2,0,0,A01
200800071220,0,10,0,0,0,3,23,B01
200800071221,0,7,0,0,2,8,15,A01
200800071221,0,30,0,0,2,2,17,B01
200800071222,0,14,0,9,2,3,21,B01
200800071222,0,10,0,0,2,2,6,A01
200800071223,0,7,0,0,2,1,15,A01
200800071223,0,7,0,0,2,1,1,B01
200800071224,0,33,0,0,2,1,1,A01
200800071224,0,7,0,0,2,5,15,B01
200800071225,0,32,0,0,2,1,1,A01
200800071225,0,7,0,0,2,1,15,B01
200800071226,0,37,1,0,2,6,19,A01
200800071226,0,30,0,0,2,1,1,B01
200800071227,0,10,0,0,2,2,1,B01
200800071227,0,2,0,0,2,1,1,A01
200800071228,0,7,0,0,2,1,13,A01
200800071228,0,7,0,0,2,1,1,B01
200800071228,0,7,0,0,2,1,1,C01
200800071229,0,7,0,0,1,1,15,A01
200800071230,0,7,0,0,2,3,17,A01
200800071230,0,7,0,0,2,3,1,B01
200800071230,0,7,0,0,2,1,1,C01
200800071230,0,14,0,0,2,3,2,D01
200800071231,0,2,0,0,2,1,16,A01
200800071231,0,7,0,0,2,3,1,B01
200800071232,0,7,0,0,0,0,0,A01
200800071233,0,2,0,0,0,0,1,A01
200800071234,0,7,0,0,2,6,10,A01
200800071234,0,2,0,0,2,1,1,B01
200800071235,0,7,0,9,2,6,1,B01
200800071235,1,7,0,0,2,2,12,A01
200800071236,1,7,0,0,2,0,1,A01
200800071236,0,2,0,0,2,8,1,B01
200800071237,0,15,0,0,2,2,12,A01
200800071237,0,7,0,0,2,8,1,B01
200800071238,0,7,0,0,2,8,9,A01
200800071238,0,32,0,0,2,1,1,B01
200800071239,0,7,0,0,1,2,1,A01
200800071240,0,2,0,0,1,1,7,A01
200800071241,0,7,0,13,0,2,1,A01
200800071242,0,1,0,0,2,1,15,A01
200800071242,0,7,0,0,2,5,1,B01
200800071243,0,30,0,0,2,1,18,A01
200800071243,0,7,0,0,2,7,16,B01
200800071244,0,30,0,0,0,0,1,A01
200800071245,0,2,0,0,0,0,1,A01
200800071246,0,7,0,1,0,1,1,A01
200800071247,0,7,0,0,1,1,17,A01
200800071248,0,30,0,0,0,0,15,A01
200800071249,0,7,0,0,1,1,1,A01
200800071250,0,7,0,1,0,1,1,A01
200800071251,0,7,0,0,1,1,1,A01
200800071252,0,7,0,0,1,1,16,A01
200800071253,0,7,0,6,0,3,6,A01
200800071254,0,7,0,7,0,1,14,A01
200800071255,0,2,0,16,0,2,0,A01
200800071256,0,1,0,0,2,0,1,B01
200800071256,0,7,0,0,2,0,9,A01
200800071257,0,7,0,0,2,2,15,A01
200800071257,0,1,0,0,2,1,7,B01
200800071258,0,1,0,0,2,0,0,B01
200800071258,0,7,0,0,2,0,0,A01
200800071259,0,15,0,0,2,2,12,A01
200800071259,0,7,0,4,2,0,1,B01
200800071260,0,7,0,7,0,0,16,A01
200800071261,0,7,0,7,0,1,16,A01
200800071262,0,7,0,0,2,7,15,A01
200800071262,0,2,0,0,2,1,1,B01
200800071263,0,7,0,4,2,3,1,B01
200800071263,0,15,0,0,2,2,12,A01
200800071264,0,38,0,0,1,0,0,A01
200800071265,0,7,0,0,0,0,1,B01
200800071265,0,2,0,0,0,1,15,A01
200800071266,0,10,0,0,2,2,1,A01
200800071266,0,2,0,0,2,3,1,B01
200800071267,0,7,0,9,0,1,13,A01
200800071268,0,7,0,0,1,0,0,A01
200800071269,0,30,0,0,1,1,1,A01
200800071270,0,7,0,0,1,4,4,A01
200800071271,1,7,0,0,1,0,0,A01
200800071272,0,33,0,4,0,3,1,A01
200800071273,0,7,0,0,2,2,15,A01
200800071273,0,7,0,0,2,1,1,B01
200800071274,0,7,0,15,0,9,17,A01
200800071275,0,7,0,6,0,3,1,A01
200800071276,0,7,0,9,0,2,1,A01
200800071277,0,7,0,0,2,3,9,A01
200800071277,0,1,0,0,2,1,17,B01
200800071278,0,7,0,0,1,3,1,A01
200800071279,0,7,0,0,2,5,15,A01
200800071279,0,33,0,0,2,1,0,B01
200800071280,0,30,0,0,2,7,9,A01
200800071280,0,7,0,0,2,3,9,B01
200800071281,0,7,0,7,2,1,1,A01
200800071281,0,7,0,0,2,8,1,B01
200800071282,0,7,0,0,2,8,16,B01
200800071282,0,7,0,0,2,1,1,A01
200800071283,0,7,0,0,2,1,1,A01
200800071283,0,7,0,0,2,1,1,B01
200800071284,0,7,0,0,1,1,1,A01
200800071285,0,7,0,0,2,1,2,A01
200800071285,0,7,0,0,2,4,2,B01
200800071285,0,7,0,0,0,4,2,C01
200800071286,0,31,0,1,2,7,1,A01
200800071286,0,7,0,0,0,0,20,B01
200800071287,0,2,0,0,0,7,1,A01
200800071288,0,2,0,0,0,8,1,A01
200800071289,0,7,0,0,2,1,15,A01
200800071289,0,30,0,0,2,3,1,B01
200800071290,0,7,0,0,2,1,2,A01
200800071290,0,30,0,0,0,4,2,B01
200800071291,0,7,0,13,0,8,13,A01
200800071292,0,7,0,0,2,1,2,A01
200800071292,0,7,0,0,0,4,2,B01
200800071293,0,33,0,0,2,1,1,A01
200800071293,0,7,0,0,2,4,23,B01
200800071294,0,7,0,9,0,1,1,A01
200800071295,0,7,0,0,2,1,9,A01
200800071295,0,2,0,0,2,7,1,B01
200800071296,0,7,0,0,0,0,0,A01
200800071297,0,7,0,0,1,1,1,A01
200800071298,0,1,0,0,2,1,1,A01
200800071298,0,7,0,0,2,3,0,B01
200800071299,0,7,0,0,1,2,1,A01
200800071300,0,30,0,0,2,1,17,A01
200800071300,0,7,0,0,2,4,15,B01
200800071301,0,7,0,0,2,7,1,A01
200800071301,0,7,0,0,2,1,1,B01
200800071301,0,7,0,0,2,1,1,C01
200800071302,0,7,0,0,1,1,11,A01
200800071303,1,7,0,0,1,0,1,A01
200800071304,0,7,0,0,2,4,2,A01
200800071304,1,7,0,0,2,1,2,B01
200800071305,0,7,0,0,2,1,15,A01
200800071305,0,33,0,0,2,1,1,B01
200800071306,0,37,3,0,2,2,1,A01
200800071306,1,7,0,0,2,1,1,B01
200800071307,1,7,0,0,1,1,1,A01
200800071308,0,7,0,0,1,1,1,A01
200800071309,0,7,0,0,2,8,15,A01
200800071309,0,10,0,0,2,1,1,B01
200800071310,0,7,0,0,9,1,15,A01
200800071310,0,1,0,0,2,8,16,B01
200800071311,0,7,0,0,1,4,4,A01
200800071312,0,7,0,0,2,1,13,A01
200800071312,0,7,0,0,2,1,1,B01
200800071313,0,1,0,0,2,8,1,B01
200800071313,0,37,1,0,2,3,1,A01
200800071314,0,7,0,0,2,4,23,A01
200800071314,0,30,0,0,2,1,2,B01
200800071315,0,7,0,0,2,1,15,A01
200800071315,1,7,0,0,0,0,0,B01
200800071316,2,7,0,1,2,1,2,A01
200800071316,0,7,0,0,2,4,23,B01
200800071317,0,7,0,8,2,1,1,A01
200800071317,0,7,0,8,2,1,15,B01
200800071318,0,3,0,0,1,2,0,A01
200800071319,0,7,0,8,2,3,6,A01
200800071319,0,7,0,12,2,8,13,B01
200800071320,0,7,0,0,2,3,0,B01
200800071320,0,30,0,0,2,1,0,A01
200800071321,0,7,0,0,2,3,0,A01
200800071321,0,2,0,0,2,1,0,B01
200800071322,0,7,0,0,2,2,1,A01
200800071322,0,7,0,0,2,3,23,B01
200800071323,0,7,0,0,2,1,1,A01
200800071323,0,7,0,0,2,4,23,B01
200800071324,0,7,0,0,1,3,0,A01
200800071325,0,7,0,0,2,1,2,A01
200800071325,0,7,0,0,2,4,1,B01
200800071326,0,10,0,0,2,3,15,A01
200800071326,0,30,0,0,2,1,1,B01
200800071327,0,7,0,0,2,1,2,A01
200800071327,0,7,0,0,2,4,2,B01
200800071328,0,7,0,0,1,0,1,A01
200800071329,0,33,0,0,2,1,1,B01
200800071329,0,7,0,0,2,5,19,A01
200800071330,0,7,0,0,0,0,1,A01
200800071331,0,7,0,0,0,0,1,A01
200800071332,0,7,0,8,0,1,1,A01
200800071333,0,7,0,0,2,3,1,B01
200800071333,0,7,0,0,2,7,1,A01
200800071334,0,2,0,0,2,7,19,B01
200800071334,0,7,0,0,2,1,1,A01
200800071335,0,7,0,0,2,1,1,C01
200800071335,0,7,0,0,2,4,1,B01
200800071335,0,7,0,0,2,1,2,A01
200800071336,0,7,0,0,2,2,16,B01
200800071336,0,7,0,0,2,1,1,A01
200800071337,0,7,0,0,1,1,0,A01
200800071338,0,7,0,0,2,6,0,B01
200800071338,0,7,0,0,2,3,9,A01
200800071339,1,7,0,0,0,0,0,A01
200800071340,0,7,0,0,1,2,16,A01
200800071341,0,3,0,0,2,1,10,A01
200800071341,0,33,0,0,2,1,1,B01
200800071342,0,7,0,0,2,1,0,B01
200800071342,0,7,0,0,2,5,2,A01
200800071343,0,2,0,0,2,1,1,B01
200800071343,0,7,0,0,2,1,15,A01
200800071344,0,7,0,0,1,1,15,A01
200800071345,0,30,0,1,2,1,17,A01
200800071345,0,13,0,0,2,3,1,B01
200800071345,0,7,0,0,2,3,24,C01
200800071346,0,7,0,13,0,9,14,A01
200800071347,0,7,0,0,2,2,15,A01
200800071347,0,7,0,0,2,1,1,B01
200800071348,0,7,0,0,2,9,1,A01
200800071348,0,7,0,0,2,3,2,B01
200800071348,0,7,0,0,0,4,1,C01
200800071348,0,7,0,0,2,5,1,D01
200800071349,0,7,0,0,1,3,1,A01
200800071350,0,7,0,0,2,1,2,A01
200800071350,0,7,0,0,2,4,2,B01
200800071351,0,7,0,0,2,1,1,A01
200800071351,0,7,0,0,2,4,1,B01
200800071352,0,7,0,1,0,1,1,A01
200800071352,0,7,0,0,2,3,24,B01
200800071352,0,7,0,0,2,4,23,C01
200800071353,0,7,0,0,1,1,1,A01
200800071354,0,7,0,6,2,7,1,B01
200800071354,0,7,0,0,2,8,1,A01
200800071355,0,7,0,3,0,1,1,A01
200800071355,1,7,0,0,0,0,17,B01
200800071356,0,10,0,0,2,3,1,B01
200800071356,0,7,0,0,2,7,15,A01
200800071357,0,7,0,0,2,3,9,A01
200800071357,0,1,0,0,2,1,1,B01
200800071358,0,7,0,0,2,1,2,A01
200800071358,0,7,0,0,2,4,2,B01
200800071358,0,7,0,0,0,4,2,C01
200800071359,0,7,0,0,1,3,1,A01
200800071360,0,1,0,0,2,0,15,B01
200800071360,0,7,0,0,2,2,1,A01
200800071361,0,10,0,0,2,2,15,A01
200800071361,0,7,0,0,2,2,1,B01
200800071362,0,7,0,0,4,8,15,A01
200800071362,0,40,0,0,2,2,1,B01
200800071363,0,10,0,0,1,4,4,A01
200800071364,0,7,0,0,2,3,15,A01
200800071364,0,31,0,0,2,8,1,B01
200800071365,0,7,0,0,1,2,1,A01
200800071366,0,7,0,0,0,3,1,A01
200800071367,0,7,0,0,0,9,1,A01
200800071368,0,7,0,0,2,1,2,A01
200800071368,0,7,0,0,0,4,2,B01
200800071369,0,7,0,0,1,1,15,A01
200800071370,0,40,0,0,1,7,1,A01
200800071371,0,7,0,0,2,2,1,B01
200800071371,0,7,0,0,2,8,1,A01
200800071372,0,10,0,15,2,3,13,A01
200800071372,0,7,0,0,2,3,1,B01
200800071373,0,7,0,1,0,2,21,A01
200800071374,0,7,0,0,1,1,1,A01
200800071375,0,7,0,0,2,8,17,B01
200800071375,0,7,0,0,2,1,21,A01
200800071376,0,7,0,8,0,1,13,A01
200800071377,0,7,0,0,1,3,0,A01
200800071378,0,7,0,0,2,3,2,A01
200800071378,0,7,0,0,2,5,2,B01
200800071379,0,7,0,0,2,5,12,A01
200800071379,0,30,0,0,0,3,1,B01
200800071380,0,7,0,0,2,2,9,A01
200800071380,0,7,0,0,2,1,13,B01
200800071380,0,7,0,0,2,3,1,C01
200800071381,0,7,0,0,1,3,1,A01
200800071382,0,40,0,0,1,2,1,A01
200800071383,0,7,0,0,1,1,2,A01
200800071383,0,7,0,0,2,4,2,B01
200800071384,0,7,0,0,2,8,1,A01
200800071384,0,7,0,0,2,1,1,B01
200800071385,0,2,0,12,0,1,15,A01
200800071386,0,7,0,0,1,5,4,A01
200800071387,0,30,0,0,2,1,2,A01
200800071387,0,10,0,0,2,4,1,B01
200800071388,0,31,0,16,0,0,1,A01
200800071389,0,7,0,0,2,7,1,A01
200800071389,0,7,0,0,2,1,1,B01
200800071390,0,30,0,0,2,1,2,A01
200800071390,0,7,0,0,9,4,2,B01
200800071391,0,7,0,0,2,1,15,A01
200800071391,0,7,0,0,2,3,1,B01
200800071392,0,7,0,6,0,1,1,A01
200800071393,0,7,0,15,2,1,1,A01
200800071393,0,7,0,0,2,7,23,B01
200800071393,0,7,0,0,0,1,24,C01
200800071394,0,7,0,0,1,1,1,A01
200800071395,0,7,0,0,1,3,16,A01
200800071396,0,7,0,2,1,1,1,A01
200800071397,0,10,0,0,1,8,1,A01
200800071398,0,30,0,0,1,1,1,A01
200800071399,0,30,0,12,0,7,1,A01
200800071400,0,30,0,0,2,1,2,A01
200800071400,0,7,0,0,2,4,2,B01
200800071401,0,7,0,0,2,1,2,A01
200800071401,0,1,0,0,2,0,2,B01
200800071402,0,7,0,0,2,3,9,B01
200800071402,0,7,0,0,2,2,1,A01
200800071403,0,7,0,0,2,3,1,A01
200800071403,0,33,0,0,2,7,18,B01
200800071404,0,32,0,0,2,3,1,A01
200800071405,0,40,0,0,1,3,1,A01
200800071405,0,40,0,0,1,1,1,B01
200800071406,1,30,0,0,1,0,0,A01
200800071407,0,7,0,0,1,1,1,A01
200800071408,0,7,0,0,1,2,16,A01
200800071409,0,7,0,0,1,2,1,A01
200800071410,0,7,0,0,2,1,13,A01
200800071410,0,7,0,0,2,1,1,B01
200800071411,0,7,0,0,2,2,15,A01
200800071411,0,2,0,0,2,1,1,B01
200800071412,0,7,0,0,2,8,1,B01
200800071412,0,7,0,0,2,1,1,A01
200800071412,0,7,0,0,2,2,23,C01
200800071413,0,40,0,0,1,1,1,A01
200800071414,0,7,0,0,2,3,15,A01
200800071414,0,2,0,0,2,1,1,B01
200800071415,0,7,0,0,2,7,1,B01
200800071415,0,10,0,0,2,2,1,A01
200800071416,0,32,0,0,2,1,1,A01
200800071416,0,7,0,0,2,4,20,B01
200800071417,0,30,0,0,2,1,1,A01
200800071417,0,99,0,0,2,3,9,B01
200800071418,0,10,0,0,2,1,2,A01
200800071418,0,17,0,0,2,1,2,B01
200800071418,0,10,0,0,0,4,1,C01
200800071418,0,7,0,0,2,4,1,D01
200800071419,0,7,0,0,2,6,13,A01
200800071419,0,33,0,0,2,1,1,B01
200800071420,0,7,0,6,0,7,0,A01
200800071421,0,7,0,0,2,0,11,A01
200800071421,0,33,0,0,2,7,1,B01
200800071422,0,33,0,0,2,1,1,A01
200800071422,0,7,0,0,2,7,15,B01
200800071423,0,7,0,0,1,3,1,A01
200800071424,0,7,0,0,1,1,1,A01
200800071425,0,7,0,0,1,1,1,A01
200800071426,0,32,0,0,0,0,1,A01
200800071427,1,7,0,0,0,0,20,A01
200800071427,0,32,0,0,0,0,21,B01
200800071428,0,1,0,0,2,7,1,B01
200800071428,0,7,0,0,2,3,1,A01
200800071429,2,7,0,0,2,2,15,A01
200800071429,0,30,0,0,2,1,1,B01
200800071430,0,30,0,0,2,1,1,A01
200800071430,0,7,0,0,2,7,15,B01
200800071431,2,7,0,0,2,2,17,A01
200800071431,0,7,0,0,2,3,1,B01
200800071432,0,7,0,0,2,1,6,A01
200800071432,0,34,0,0,2,2,1,B01
200800071433,0,33,0,0,2,7,17,A01
200800071433,0,7,0,0,2,8,15,B01
200800071434,0,7,0,0,1,3,1,A01
200800071435,0,7,0,0,2,4,1,A01
200800071435,0,7,0,0,2,4,1,B01
200800071435,0,7,0,0,2,1,1,C01
200800071436,0,7,0,8,2,2,15,A01
200800071436,0,10,0,0,2,1,1,B01
200800071437,1,7,0,0,2,3,18,A01
200800071437,0,7,0,0,2,5,16,B01
200800071438,0,7,0,0,1,1,1,A01
200800071439,0,7,0,0,2,1,2,A01
200800071439,0,7,0,0,2,4,2,B01
200800071440,0,30,0,0,2,1,1,A01
200800071440,0,7,0,0,2,5,0,B01
200800071441,0,7,0,0,2,3,15,A01
200800071441,0,34,0,0,2,1,1,B01
200800071442,0,7,0,0,1,2,1,A01
200800071443,0,33,0,0,2,1,17,A01
200800071443,0,7,0,0,2,8,15,B01
200800071444,0,7,0,0,2,3,5,A01
200800071444,0,33,0,0,2,1,1,B01
200800071445,0,32,0,0,1,1,0,A01
200800071446,0,7,0,0,1,3,0,A01
200800071447,0,1,0,0,2,1,1,B01
200800071447,0,7,0,0,2,1,15,A01
200800071448,0,7,0,0,2,8,1,A01
200800071448,0,40,0,0,2,1,1,B01
200800071449,0,30,0,0,2,0,1,A01
200800071450,0,2,0,0,2,1,5,A01
200800071450,0,7,0,0,2,2,1,B01
200800071451,0,7,0,0,2,3,15,A01
200800071451,0,33,0,0,2,1,17,B01
200800071452,0,30,0,0,2,3,1,B01
200800071452,0,7,0,0,2,3,15,A01
200800071453,0,10,0,0,1,4,4,A01
200800071454,0,7,0,0,2,5,15,A01
200800071454,0,30,0,0,2,1,1,B01
200800071455,0,7,0,0,2,5,15,A01
200800071455,0,30,0,0,2,1,1,B01
200800071456,0,7,0,0,1,5,15,A01
200800071457,0,7,0,0,0,0,0,A01
200800071458,0,7,0,0,2,6,13,A01
200800071458,0,33,0,0,2,1,17,B01
200800071459,0,30,0,0,0,0,3,A01
200800071460,0,7,0,3,2,6,1,A01
200800071460,0,7,0,14,9,1,1,B01
200800071461,0,7,0,0,2,8,1,B01
200800071461,0,7,0,0,2,1,1,A01
200800071462,0,7,0,0,2,1,0,A01
200800071462,0,7,0,0,2,1,0,B01
200800071462,0,7,0,0,2,4,0,C01
200800071463,0,7,0,0,1,1,1,A01
200800071464,0,7,0,0,1,1,0,A01
200800071465,1,7,0,0,1,1,1,A01
200800071466,1,7,0,0,2,0,19,A01
200800071466,0,2,0,0,2,1,1,B01
200800071467,0,33,0,0,2,7,0,B01
200800071467,0,7,0,0,2,1,0,A01
200800071468,0,33,0,0,2,1,1,A01
200800071468,0,7,0,0,2,4,1,B01
200800071469,0,33,0,0,1,8,1,A01
200800071470,0,7,0,0,2,3,9,A01
200800071470,0,2,0,0,2,1,9,B01
200800071471,0,7,0,0,2,5,1,A01
200800071471,0,7,0,0,2,1,1,B01
200800071472,0,7,0,0,2,5,16,B01
200800071472,0,2,0,0,2,1,1,A01
200800071473,0,7,0,0,1,1,0,A01
200800071474,0,1,0,0,2,1,0,B01
200800071474,0,7,0,0,2,0,0,A01
200800071475,0,7,0,0,1,1,1,A01
200800071476,0,7,0,0,1,2,1,A01
200800071477,0,7,0,0,2,1,9,A01
200800071477,0,31,0,0,2,1,17,B01
200800071478,0,7,0,0,2,1,1,B01
200800071478,0,7,0,0,2,1,2,C01
200800071478,0,7,0,12,2,7,13,A01
200800071479,0,7,0,0,1,1,0,A01
200800071480,0,7,0,0,2,1,2,A01
200800071480,0,7,0,0,2,4,2,B01
200800071480,0,7,0,0,2,4,1,C01
200800071481,0,2,0,0,1,1,17,A01
200800071482,0,7,0,1,1,1,1,A01
200800071483,0,7,0,2,0,1,13,A01
200800071484,0,7,0,0,2,6,15,A01
200800071484,0,7,0,0,2,1,1,B01
200800071485,0,7,0,13,0,0,14,A01
200800071486,0,7,0,6,0,1,14,A01
200800071487,0,7,0,1,1,1,1,A01
200800071488,0,7,0,0,2,1,2,A01
200800071488,0,7,0,0,2,4,1,B01
200800071489,0,7,0,0,2,1,15,A01
200800071489,0,7,0,0,2,1,1,B01
200800071490,0,7,0,0,1,1,1,A01
200800071491,0,7,0,0,2,4,1,B01
200800071491,0,7,0,0,2,1,9,A01
200800071492,0,7,0,0,2,2,15,B01
200800071492,0,7,0,0,2,5,21,A01
200800071492,0,7,0,0,2,3,1,C01
200800071493,0,7,0,0,2,1,2,A01
200800071493,0,7,0,0,2,4,1,B01
200800071493,0,7,0,0,2,4,1,C01
200800071494,0,7,0,0,1,1,1,A01
200800071495,0,7,0,2,0,1,13,A01
200800071496,0,7,0,0,2,3,1,B01
200800071496,0,1,0,0,2,1,0,A01
200800071497,0,7,0,0,2,8,9,A01
200800071497,0,7,0,0,2,1,1,B01
200800071498,0,7,0,8,0,8,13,A01
200800071499,0,30,0,0,0,0,0,A01
200800071500,0,7,0,0,1,1,1,A01
200800071501,0,7,0,0,2,1,1,A01
200800071501,0,7,0,0,2,6,1,B01
200800071502,0,7,0,0,2,1,1,A01
200800071502,0,7,0,0,2,4,16,B01
200800071503,0,7,0,11,1,1,16,A01
200800071504,0,2,0,0,0,0,1,A01
200800071505,0,7,0,0,1,1,1,A01
200800071506,0,7,0,0,1,2,1,A01
200800071507,0,7,0,0,1,1,1,A01
200800071508,0,7,0,0,2,0,0,A01
200800071508,0,1,0,0,2,1,0,B01
200800071509,0,7,0,0,1,6,2,A01
200800071510,0,7,0,2,2,2,5,A01
200800071510,0,7,0,0,2,1,1,B01
200800071511,0,2,0,0,2,1,1,B01
200800071511,0,7,0,0,2,6,1,A01
200800071512,0,7,0,0,2,2,15,A01
200800071512,0,30,0,0,2,1,1,B01
200800071513,0,38,1,0,0,0,0,A01
200800071514,0,7,0,3,0,3,1,A01
200800071515,0,7,0,13,0,1,1,A01
200800071516,0,7,0,13,0,1,1,A01
200800071517,0,7,0,0,2,8,9,A01
200800071517,0,1,0,1,2,1,15,B01
200800071518,0,7,0,0,2,1,1,B01
200800071518,0,7,0,1,2,7,9,A01
200800071519,0,7,0,0,2,1,9,A01
200800071519,0,7,0,0,2,7,1,B01
200800071520,0,2,0,0,0,0,1,A01
200800071521,0,1,0,0,0,0,1,A01
200800071522,0,7,0,0,0,7,1,A01
200800071523,0,7,0,0,0,1,1,A01
200800071524,0,2,0,0,2,1,9,B01
200800071524,1,7,0,0,2,0,9,A01
200800071525,0,33,0,0,6,1,1,A01
200800071526,0,33,0,0,0,3,1,A01
200800071527,0,30,0,0,0,0,1,A01
200800071528,0,2,0,0,0,0,1,A01
200800071529,0,7,0,0,1,1,1,A01
200800071530,0,33,0,0,0,1,1,B01
200800071531,0,7,0,0,2,4,9,A01
200800071531,0,7,0,0,2,7,1,B01
200800071532,0,7,0,0,1,0,15,A01
200800071533,0,7,0,0,2,2,22,A01
200800071533,0,1,0,0,2,1,1,B01
200800071534,0,7,0,0,2,1,1,A01
200800071534,0,1,0,0,2,1,1,B01
200800071535,0,7,0,0,1,6,1,A01
200800071536,0,7,0,0,2,1,1,A01
200800071536,0,7,0,0,2,4,23,B01
200800071536,0,7,0,0,2,4,23,C01
200800071537,0,7,0,0,2,1,1,A01
200800071537,0,7,0,0,2,8,1,B01
200800071538,0,7,0,15,0,1,1,A01
200800071539,0,7,0,13,0,1,1,A01
200800071540,0,7,0,0,2,3,0,A01
200800071540,0,2,0,0,2,1,0,B01
200800071541,0,2,0,12,0,1,1,A01
200800071542,0,7,0,0,2,3,15,A01
200800071542,0,7,0,15,2,3,1,B01
200800071543,0,2,0,0,2,1,1,B01
200800071543,0,7,0,0,2,3,9,A01
200800071544,0,7,0,0,2,7,15,A01
200800071544,0,1,0,0,2,1,1,B01
200800071545,0,7,0,0,1,1,15,A01
200800071546,0,33,0,0,2,8,1,B01
200800071546,0,7,0,0,2,3,15,A01
200800071547,0,2,0,0,2,1,1,A01
200800071547,0,7,0,0,2,3,15,B01
200800071548,0,10,0,0,2,3,15,A01
200800071548,0,2,0,0,0,0,1,B01
200800071549,1,7,0,0,1,2,13,A01
200800071550,0,37,17,0,2,3,1,B01
200800071550,0,7,0,0,2,2,9,A01
200800071551,0,2,0,0,2,2,17,A01