Num_Acc,senc,catv,occutc,obs,obsm,choc,manv,num_veh
200800071551,0,7,0,0,2,0,1,B01
200800071552,0,7,0,0,0,1,1,A01
200800071553,0,7,0,0,2,2,1,A01
200800071553,0,1,0,0,2,1,19,B01
200800071554,0,1,0,0,2,0,9,A01
200800071554,0,7,0,0,2,2,1,B01
200800071555,0,10,0,9,0,1,0,A01
200800071556,0,7,0,0,1,2,1,A01
200800071557,0,30,0,0,2,1,1,B01
200800071557,1,7,0,0,2,2,1,A01
200800071558,0,7,0,0,2,1,15,A01
200800071558,0,33,0,0,2,1,1,B01
200800071559,0,7,0,0,1,1,0,A01
200800071560,0,7,0,0,2,1,1,A01
200800071560,0,1,0,0,2,4,19,B01
200800071561,0,10,0,0,2,1,1,A01
200800071561,0,7,0,0,2,1,1,B01
200800071562,0,30,0,16,0,0,1,A01
200800071563,0,14,0,2,0,1,14,A01
200800071564,0,7,0,0,1,1,15,A01
200800071565,0,33,0,6,0,1,10,A01
200800071566,0,7,0,0,2,1,1,A01
200800071566,0,10,0,0,2,1,1,B01
200800071567,0,7,0,0,1,1,1,A01
200800071568,0,7,0,0,1,2,1,A01
200800071569,0,33,0,0,2,1,2,A01
200800071569,0,10,0,0,2,6,1,B01
200800071570,0,7,0,0,1,4,4,A01
200800071571,0,7,0,0,1,3,1,A01
200800071572,0,7,0,0,0,0,19,A01
200800071572,0,31,0,16,0,7,1,B01
200800071573,0,7,0,0,1,2,14,A01
200800071574,0,7,0,0,2,1,1,A01
200800071574,0,7,0,0,2,4,1,B01
200800071574,0,7,0,0,2,4,1,C01
200800071575,0,7,0,0,1,3,1,A01
200800071576,0,7,0,12,0,3,13,A01
200800071577,0,7,0,1,1,2,14,A01
200800071578,0,30,0,0,0,0,0,A01
200800071578,0,2,0,16,0,0,0,B01
200800071579,0,7,0,6,0,1,14,A01
200800071580,0,7,0,0,2,1,1,B01
200800071580,0,7,0,0,2,3,1,A01
200800071581,0,30,0,0,2,1,15,A01
200800071581,0,7,0,0,2,1,1,B01
200800071582,0,2,0,12,0,2,14,A01
200800071583,0,99,0,0,2,3,9,A01
200800071583,0,2,0,0,2,2,1,B01
200800071584,0,7,0,0,2,7,15,A01
200800071584,0,30,0,0,9,1,1,B01
200800071585,0,7,0,0,2,3,0,A01
200800071585,0,30,0,0,2,1,0,B01
200800071586,0,7,0,13,0,2,1,A01
200800071587,0,7,0,0,2,1,1,B01
200800071587,0,7,0,0,2,8,15,A01
200800071588,0,7,0,0,2,3,5,A01
200800071588,0,14,0,0,2,3,17,B01
200800071589,0,7,0,0,9,1,15,A01
200800071589,0,32,0,0,2,1,1,B01
200800071590,0,7,0,0,0,6,15,B01
200800071590,0,7,0,15,2,1,2,A01
200800071591,0,7,0,0,1,1,1,A01
200800071592,0,7,0,0,9,2,9,A01
200800071592,0,1,0,0,0,4,23,B01
200800071593,0,33,0,0,2,7,1,A01
200800071593,0,7,0,0,2,8,2,B01
200800071594,0,7,0,0,2,8,1,B01
200800071594,0,10,0,0,2,1,19,A01
200800071595,1,7,0,0,1,2,0,A01
200800071596,0,7,0,0,2,2,15,A01
200800071596,0,7,0,0,2,3,1,B01
200800071597,0,7,0,0,2,3,9,A01
200800071597,0,2,0,0,2,1,15,B01
200800071598,0,7,0,0,2,1,15,A01
200800071598,0,2,0,0,2,1,1,B01
200800071599,0,7,0,0,1,1,1,A01
200800071600,0,7,0,0,2,3,0,A01
200800071600,0,30,0,0,2,8,0,B01
200800071601,0,1,0,0,2,2,1,B01
200800071601,0,7,0,0,9,2,9,A01
200800071602,0,7,0,0,2,4,2,A01
200800071602,0,30,0,0,2,4,1,B01
200800071602,0,37,0,0,2,6,1,C01
200800071603,0,7,0,0,2,8,15,A01
200800071603,0,2,0,0,2,2,17,B01
200800071604,0,7,0,0,2,8,15,B01
200800071604,0,7,0,0,2,2,21,A01
200800071605,0,33,0,0,0,2,1,A01
200800071606,0,7,0,0,2,1,1,A01
200800071606,0,7,0,0,0,4,1,B01
200800071607,0,7,0,0,2,4,23,B01
200800071607,0,10,0,0,2,1,1,A01
200800071608,0,7,0,0,2,1,1,A01
200800071608,0,7,0,0,2,4,23,B01
200800071609,0,7,0,0,2,3,21,B01
200800071609,0,31,0,0,0,7,13,A01
200800071610,0,7,0,0,1,2,2,A01
200800071611,0,7,0,0,1,1,0,A01
200800071612,0,7,0,0,9,1,15,A01
200800071612,0,1,0,0,2,0,2,B01
200800071613,0,7,0,0,2,8,2,B01
200800071613,0,2,0,0,2,7,2,A01
200800071614,0,7,0,0,2,1,1,A01
200800071614,0,7,0,0,2,1,1,B01
200800071615,0,7,0,0,0,3,1,A01
200800071615,0,7,0,0,0,1,13,B01
200800071616,0,7,0,0,2,1,13,A01
200800071616,0,7,0,0,2,2,1,B01
200800071617,0,7,0,0,1,2,1,A01
200800071618,0,30,0,0,2,1,1,B01
200800071618,0,7,0,0,2,7,1,A01
200800071619,0,7,0,0,1,3,4,A01
200800071620,0,7,0,0,2,1,1,A01
200800071620,0,10,0,0,2,1,1,B01
200800071621,0,7,0,0,2,8,9,A01
200800071621,0,7,0,0,2,1,1,B01
200800071622,0,7,0,0,1,1,1,A01
200800071623,0,7,0,0,1,1,1,A01
200800071624,0,7,0,0,2,1,2,A01
200800071625,0,7,0,0,2,4,2,A01
200800071625,0,7,0,0,2,1,2,B01
200800071626,0,2,0,0,2,1,2,A01
200800071626,0,7,0,0,2,6,2,B01
200800071627,0,7,0,0,1,1,15,A01
200800071628,0,7,0,0,2,1,1,B01
200800071628,0,7,0,0,2,1,13,A01
200800071629,0,7,0,0,2,1,1,A01
200800071629,0,7,0,0,2,4,23,B01
200800071630,1,7,0,0,1,4,4,A01
200800071631,0,7,0,0,1,3,15,A01
200800071632,0,1,0,0,2,7,1,B01
200800071632,0,7,0,0,2,8,18,A01
200800071633,0,7,0,0,1,3,15,A01
200800071634,0,7,0,0,2,1,15,A01
200800071634,0,7,0,0,2,1,1,B01
200800071635,0,10,0,2,0,2,1,A01
200800071636,0,14,0,0,1,4,4,A01
200800071637,0,10,0,0,1,1,1,A01
200800071638,0,7,0,0,1,1,1,A01
200800071639,0,7,0,0,2,8,10,A01
200800071639,0,2,0,0,2,1,1,B01
200800071640,0,7,0,0,2,1,1,A01
200800071640,0,7,0,0,2,4,2,B01
200800071641,0,7,0,0,2,3,9,A01
200800071641,0,7,0,0,2,1,1,B01
200800071642,0,7,0,0,2,8,15,A01
200800071642,0,2,0,0,2,1,1,B01
200800071643,0,7,0,9,0,1,1,A01
200800071644,0,7,0,2,0,1,1,A01
200800071645,0,7,0,0,2,7,15,A01
200800071645,0,7,0,0,2,3,1,B01
200800071646,0,7,0,0,1,3,15,A01
200800071646,0,2,0,0,2,3,1,B01
200800071647,0,7,0,0,2,7,1,A01
200800071647,0,7,0,0,2,1,15,B01
200800071647,0,7,0,0,2,1,1,C01
200800071648,0,7,0,0,1,2,1,A01
200800071649,0,3,0,0,2,3,9,A01
200800071649,0,7,0,0,2,5,1,B01
200800071650,0,7,0,0,2,1,2,A01
200800071650,0,7,0,0,2,4,2,B01
200800071651,0,7,0,0,2,1,2,A01
200800071651,0,7,0,0,2,4,1,B01
200800071652,0,7,0,0,2,1,15,A01
200800071652,0,7,0,0,2,1,1,B01
200800071653,0,7,0,0,2,7,1,B01
200800071653,0,7,0,0,2,3,1,A01
200800071654,0,7,0,0,2,2,1,A01
200800071654,0,7,0,0,2,2,15,B01
200800071655,0,7,0,0,1,1,2,A01
200800071656,0,2,0,0,2,2,13,A01
200800071656,0,7,0,0,2,3,15,B01
200800071657,0,7,0,0,1,1,15,A01
200800071658,0,7,0,0,2,3,15,A01
200800071658,0,2,0,0,0,8,1,B01
200800071659,0,7,0,0,2,1,1,A01
200800071659,0,7,0,0,0,4,23,B01
200800071660,0,7,0,0,1,3,1,A01
200800071661,0,7,0,0,2,7,15,A01
200800071661,0,7,0,0,2,1,1,B01
200800071662,0,7,0,0,1,1,15,A01
200800071663,0,7,0,0,1,1,1,A01
200800071664,0,30,0,0,1,1,14,A01
200800071665,0,7,0,0,2,2,1,A01
200800071665,0,7,0,0,2,6,1,B01
200800071666,0,7,0,0,1,1,1,A01
200800071667,0,7,0,0,1,1,1,A01
200800071668,0,17,0,0,2,1,1,A01
200800071668,0,10,0,0,2,4,1,B01
200800071669,0,7,0,0,2,3,1,A01
200800071669,0,7,0,0,2,3,1,B01
200800071670,0,7,0,0,1,1,1,A01
200800071671,0,7,0,0,2,1,15,A01
200800071671,0,7,0,0,2,3,1,B01
200800071672,0,7,0,0,2,1,1,A01
200800071672,0,1,0,0,2,4,1,B01
200800071673,0,7,0,0,2,1,9,A01
200800071673,0,7,0,0,2,1,1,B01
200800071674,0,2,0,15,0,1,14,A01
200800071675,0,7,0,13,0,2,14,A01
200800071676,0,7,0,0,2,7,0,A01
200800071676,0,7,0,0,2,1,0,B01
200800071677,0,7,0,10,0,3,1,A01
200800071678,0,2,0,0,0,8,1,A01
200800071679,0,2,0,0,1,1,1,A01
200800071680,0,2,0,0,2,1,18,A01
200800071680,0,7,0,0,2,2,15,B01
200800071681,0,30,0,0,2,7,1,B01
200800071681,1,7,0,0,2,0,1,A01
200800071682,0,33,0,0,2,8,1,A01
200800071682,0,7,0,0,2,2,15,B01
200800071683,0,7,0,8,0,2,1,A01
200800071684,0,7,0,16,0,9,1,A01
200800071685,0,7,0,13,0,7,1,A01
200800071686,0,7,0,0,2,7,16,A01
200800071686,0,1,0,0,2,8,1,B01
200800071687,0,7,0,0,2,3,1,A01
200800071687,0,34,0,0,2,4,23,B01
200800071688,0,7,0,0,2,6,23,A01
200800071688,0,7,0,0,2,1,1,B01
200800071689,0,7,0,0,2,3,15,A01
200800071689,0,2,0,0,2,1,1,B01
200800071690,0,30,0,0,0,0,1,A01
200800071691,0,30,0,0,2,1,1,A01
200800071691,0,7,0,0,2,1,1,B01
200800071692,0,7,0,0,2,3,1,A01
200800071692,0,7,0,8,2,1,15,B01
200800071692,0,7,0,0,2,1,1,C01
200800071693,0,7,0,0,2,2,15,A01
200800071693,0,2,0,0,2,1,1,B01
200800071694,0,7,0,8,0,1,1,A01
200800071695,0,7,0,0,2,1,1,A01
200800071695,0,7,0,0,2,4,1,B01
200800071696,0,7,0,0,2,3,1,B01
200800071696,0,7,0,0,2,2,1,A01
200800071697,0,2,0,0,2,1,1,A01
200800071697,0,7,0,0,2,8,19,B01
200800071698,0,7,0,2,0,1,1,A01
200800071699,0,7,0,0,2,1,1,A01
200800071699,0,7,0,0,2,4,1,B01
200800071700,0,7,0,0,1,3,1,A01
200800071701,0,7,0,0,1,2,15,A01
200800071702,0,7,0,1,0,3,1,A01
200800071703,0,7,0,0,2,1,15,A01
200800071703,0,30,0,0,2,3,1,B01
200800071704,0,7,0,0,1,1,1,A01
200800071705,0,7,0,0,2,7,22,A01
200800071705,0,1,0,0,0,0,1,B01
200800071706,0,7,0,0,2,2,15,A01
200800071706,0,30,0,0,2,1,1,B01
200800071707,0,30,0,0,0,8,1,A01
200800071708,0,7,0,0,1,1,1,A01
200800071709,0,7,0,0,2,3,15,A01
200800071709,0,33,0,0,2,3,1,B01
200800071710,0,37,0,0,1,2,1,A01
200800071711,0,7,0,0,1,1,16,A01
200800071712,0,7,0,0,1,1,1,A01
200800071713,0,7,0,14,0,1,2,A01
200800071713,0,7,0,0,2,4,23,B01
200800071714,0,1,0,0,2,8,19,B01
200800071714,0,7,0,0,2,1,1,A01
200800071715,0,2,0,0,2,1,0,B01
200800071715,0,7,0,0,2,3,15,A01
200800071716,0,7,0,0,1,1,1,A01
200800071717,0,1,0,0,2,1,1,B01
200800071717,0,7,0,0,2,3,9,A01
200800071718,0,7,0,0,1,1,1,A01
200800071719,0,7,0,14,0,1,1,A01
200800071719,0,7,0,0,2,4,1,C01
200800071719,0,7,0,0,2,4,1,B01
200800071719,0,7,0,0,2,4,1,D01
200800071720,0,7,0,0,2,1,2,A01
200800071720,0,7,0,0,2,4,23,B01
200800071720,0,7,0,0,2,4,23,C01
200800071721,0,7,0,1,0,1,2,A01
200800071721,0,7,0,1,0,9,2,B01
200800071721,0,7,0,0,0,4,2,C01
200800071722,0,7,0,0,1,1,1,A01
200800071723,0,7,0,0,1,1,1,A01
200800071724,0,10,0,0,2,2,1,A01
200800071724,0,7,0,0,2,6,1,B01
200800071725,0,7,0,0,2,2,15,A01
200800071725,0,2,0,0,2,8,16,B01
200800071726,0,7,0,0,2,2,15,A01
200800071726,0,7,0,0,2,1,1,B01
200800071727,0,7,0,0,2,4,2,A01
200800071727,1,7,0,0,2,1,2,B01
200800071728,0,2,0,0,2,7,1,B01
200800071728,0,10,0,0,2,3,9,A01
200800071729,0,30,0,0,2,1,1,A01
200800071729,0,7,0,0,2,1,15,B01
200800071730,0,7,0,0,2,1,2,A01
200800071730,0,7,0,0,2,4,1,B01
200800071731,0,7,0,0,0,2,0,A01
200800071732,0,7,0,0,2,3,9,A01
200800071732,0,2,0,0,2,2,1,B01
200800071733,0,7,0,0,1,2,1,A01
200800071734,0,7,0,0,2,2,2,A01
200800071734,0,7,0,0,2,5,1,B01
200800071735,0,7,0,0,1,1,1,A01
200800071736,0,37,20,0,1,2,1,A01
200800071737,0,7,0,0,1,3,1,A01
200800071738,0,7,0,0,1,3,15,A01
200800071739,0,7,0,0,2,6,9,A01
200800071739,0,37,1,0,2,1,1,B01
200800071740,0,2,0,0,2,1,1,B01
200800071740,0,7,0,0,2,1,1,A01
200800071741,0,7,0,0,2,1,9,A01
200800071741,0,7,0,0,2,2,1,B01
200800071742,0,37,2,0,1,1,1,A01
200800071743,0,7,0,0,1,7,1,A01
200800071744,0,7,0,0,2,3,9,A01
200800071744,0,2,0,0,2,1,1,B01
200800071745,0,7,0,0,1,2,1,A01
200800071746,0,7,0,0,1,1,1,A01
200800071747,0,7,0,0,2,8,15,A01
200800071747,0,7,0,0,2,1,1,B01
200800071748,0,7,0,0,2,1,2,A01
200800071748,0,7,0,0,0,4,2,B01
200800071749,0,7,0,0,1,0,16,A01
200800071750,0,7,0,0,2,2,1,A01
200800071750,0,7,0,0,2,3,15,B01
200800071751,0,7,0,0,2,8,1,A01
200800071751,0,33,0,0,2,2,1,B01
200800071752,0,2,0,0,0,2,1,A01
200800071753,0,2,0,0,0,0,0,A01
200800071754,0,2,0,0,0,0,0,A01
200800071755,0,10,0,0,1,1,1,A01
200800071756,0,2,0,0,0,6,1,A01
200800071757,0,7,0,0,0,4,1,B01
200800071757,0,7,0,0,2,1,1,A01
200800071758,0,10,0,0,1,1,1,A01
200800071759,0,7,0,0,1,1,1,A01
200800071760,0,7,0,1,0,0,0,A01
200800071761,0,2,0,0,2,0,1,A01
200800071761,0,7,0,0,2,0,1,B01
200800071762,0,2,0,0,2,0,1,B01
200800071762,0,7,0,0,2,0,1,A01
200800071763,0,7,0,0,2,0,16,B01
200800071763,0,7,0,0,2,0,1,A01
200800071764,0,7,0,0,2,2,15,A01
200800071764,0,7,0,0,2,1,1,B01
200800071765,0,2,0,0,0,0,0,A01
200800071766,0,7,0,0,1,2,1,A01
200800071767,0,10,0,0,1,0,1,A01
200800071768,0,7,0,0,1,5,1,A01
200800071769,0,7,0,0,2,2,15,A01
200800071769,0,1,0,0,2,1,1,B01
200800071770,0,7,0,0,2,3,15,A01
200800071770,0,7,0,0,2,1,1,B01
200800071771,0,7,0,0,2,8,19,A01
200800071771,0,7,0,0,2,1,1,B01
200800071772,0,7,0,0,0,3,1,B01
200800071772,0,17,0,0,0,2,1,A01
200800071773,0,7,0,0,1,2,1,A01
200800071774,0,7,0,0,1,3,1,A01
200800071775,0,30,0,0,2,4,23,B01
200800071775,0,7,0,0,2,4,23,C01
200800071775,0,7,0,0,2,4,4,A01
200800071776,0,7,0,0,2,2,1,B01
200800071776,0,2,0,0,2,1,1,A01
200800071777,0,7,0,0,0,0,16,A01
200800071777,0,30,0,12,0,1,1,B01
200800071778,0,7,0,0,1,1,1,A01
200800071779,0,7,0,0,2,1,15,A01
200800071779,0,7,0,0,2,8,1,B01
200800071780,0,7,0,0,1,1,1,A01
200800071781,0,7,0,0,1,1,1,A01
200800071782,0,30,0,0,2,1,17,A01
200800071782,0,7,0,0,2,3,15,B01
200800071783,0,33,0,0,2,4,23,B01
200800071783,1,7,0,0,2,1,1,A01
200800071784,0,2,0,0,1,1,1,A01
200800071785,0,7,0,0,2,3,1,A01
200800071785,0,7,0,0,2,6,15,B01
200800071786,1,7,0,0,2,8,1,A01
200800071786,0,31,0,0,2,1,1,C01
200800071786,0,31,0,0,2,0,1,B01
200800071787,0,7,0,0,2,2,15,A01
200800071787,0,1,0,0,2,1,1,B01
200800071788,0,7,0,0,1,1,1,A01
200800071789,0,7,0,1,0,1,14,A01
200800071790,1,7,0,0,2,1,1,A01
200800071790,0,7,0,0,2,4,1,B01
200800071791,1,7,0,12,2,1,0,A01
200800071791,0,7,0,0,2,6,1,B01
200800071791,0,7,0,0,2,1,1,C01
200800071792,1,7,0,0,2,1,1,A01
200800071792,0,2,0,0,2,8,15,B01
200800071793,0,7,0,0,2,1,9,A01
200800071793,0,7,0,0,2,7,1,B01
200800071794,0,7,0,0,2,1,15,A01
200800071794,0,7,0,0,2,1,16,B01
200800071795,0,10,0,0,1,1,16,A01
200800071796,0,7,0,0,9,1,1,B01
200800071796,0,1,0,0,2,1,0,A01
200800071797,0,7,0,0,2,1,1,A01
200800071797,0,7,0,0,0,4,2,B01
200800071798,0,7,0,0,1,0,1,A01
200800071799,0,2,0,0,0,0,3,A01
200800071800,0,15,0,0,2,7,1,A01
200800071800,0,1,0,0,2,8,1,B01
200800071801,0,10,0,0,1,4,20,A01
200800071802,0,7,0,0,2,7,1,B01
200800071802,0,7,0,0,2,1,1,A01
200800071803,0,7,0,0,2,1,2,B01
200800071803,0,2,0,0,2,1,2,C01
200800071803,0,7,0,0,2,1,9,A01
200800071804,0,7,0,0,2,1,1,B01
200800071804,0,7,0,0,2,3,15,A01
200800071805,0,10,0,0,0,0,4,A01
200800071806,0,37,46,0,1,1,8,A01
200800071807,0,2,0,0,2,1,1,A01
200800071807,0,7,0,0,2,4,1,B01
200800071808,0,7,0,0,2,9,1,B01
200800071808,0,7,0,0,2,8,19,A01
200800071809,0,15,0,3,0,1,1,A01
200800071810,0,7,0,0,2,8,15,A01
200800071810,0,7,0,0,2,1,1,B01
200800071811,0,1,0,0,2,0,1,A01
200800071811,0,1,0,0,2,0,1,B01
200800071812,0,37,4,0,1,7,7,A01
200800071813,0,7,0,0,9,2,15,A01
200800071813,0,2,0,0,2,1,1,B01
200800071814,0,7,0,0,4,8,1,A01
200800071814,0,19,0,0,2,1,1,B01
200800071815,0,7,0,0,1,1,15,A01
200800071816,0,7,0,0,2,8,15,A01
200800071816,0,7,0,0,2,1,1,B01
200800071817,0,7,0,0,1,1,1,A01
200800071818,0,7,0,0,2,8,1,B01
200800071818,0,7,0,0,2,2,9,A01
200800071819,0,7,0,0,2,2,1,A01
200800071819,0,7,0,0,2,1,1,B01
200800071820,0,7,0,0,2,3,15,A01
200800071820,0,2,0,0,2,1,17,B01
200800071821,0,7,0,0,2,1,2,B01
200800071821,0,7,0,0,2,4,1,A01
200800071822,0,7,0,14,0,1,1,A01
200800071822,0,7,0,0,2,4,23,B01
200800071823,0,7,0,0,2,8,24,A01
200800071823,0,1,0,1,0,1,1,B01
200800071824,0,7,0,0,2,1,15,A01
200800071824,0,7,0,0,2,3,1,B01
200800071825,0,7,0,0,1,1,1,A01
200800071826,0,7,0,0,2,1,15,A01
200800071826,0,1,0,0,2,1,1,B01
200800071827,0,7,0,0,2,1,13,A01
200800071827,0,7,0,0,2,1,1,B01
200800071828,0,7,0,0,1,1,1,A01
200800071829,0,7,0,0,1,1,2,A01
200800071830,0,7,0,0,2,1,2,B01
200800071830,0,7,0,0,2,1,2,A01
200800071831,0,7,0,0,9,2,15,A01
200800071831,0,2,0,0,2,1,1,B01
200800071832,0,7,0,0,1,3,1,A01
200800071833,0,2,0,0,2,1,1,B01
200800071833,0,7,0,0,2,7,15,A01
200800071834,0,7,0,1,2,8,1,B01
200800071834,0,10,0,0,0,4,24,C01
200800071834,0,7,0,0,2,1,1,A01
200800071835,0,30,0,0,2,2,12,A01
200800071835,0,7,0,0,2,6,1,B01
200800071836,0,7,0,0,2,8,15,A01
200800071836,0,14,0,0,2,1,1,B01
200800071837,0,10,0,0,2,4,1,A01
200800071837,0,7,0,0,2,1,1,B01
200800071838,0,7,0,14,0,1,1,A01
200800071838,0,7,0,14,2,9,23,B01
200800071838,0,7,0,0,2,4,23,C01
200800071839,0,7,0,0,2,1,1,A01
200800071839,0,7,0,0,2,4,1,B01
200800071840,0,7,0,0,2,3,24,A01
200800071840,0,1,0,1,0,0,2,B01
200800071841,0,7,0,0,1,1,1,A01
200800071842,0,30,0,0,2,1,1,B01
200800071842,1,7,0,0,2,0,12,A01
200800071843,0,7,0,0,1,1,0,A01
200800071844,1,7,0,0,1,1,15,A01
200800071845,0,7,0,4,0,3,1,A01
200800071846,0,2,0,1,0,1,1,A01
200800071847,0,7,0,0,2,7,15,A01
200800071847,0,33,0,0,2,1,1,B01
200800071848,0,10,0,0,2,1,15,B01
200800071848,0,7,0,15,2,9,1,A01
200800071849,0,7,0,0,2,1,1,B01
200800071849,0,7,0,0,2,7,1,A01
200800071850,0,7,0,3,2,3,1,A01
200800071850,0,7,0,0,2,2,15,B01
200800071851,0,7,0,0,2,2,15,A01
200800071851,0,2,0,0,2,1,1,B01
200800071852,0,7,0,0,2,1,15,A01
200800071852,0,33,0,0,2,1,2,B01
200800071853,0,7,0,0,2,1,15,A01
200800071853,0,33,0,0,2,1,1,B01
200800071854,0,7,0,0,2,1,1,B01
200800071854,0,10,0,0,2,2,1,A01
200800071855,1,7,0,0,0,0,2,B01
200800071855,0,3,0,0,2,1,2,A01
200800071856,0,7,0,0,1,1,1,A01
200800071857,1,7,0,0,1,0,1,A01
200800071858,0,7,0,0,1,1,1,A01
200800071859,0,7,0,0,2,3,1,B01
200800071859,0,37,1,0,2,2,1,A01
200800071860,0,7,0,0,0,9,1,A01
200800071861,0,7,0,0,2,1,2,B01
200800071861,0,7,0,0,2,1,2,A01
200800071862,0,7,0,0,2,1,13,A01
200800071862,0,7,0,0,2,1,1,B01
200800071863,0,7,0,0,0,1,1,A01
200800071863,0,7,0,0,2,1,1,B01
200800071864,0,7,0,0,1,1,1,A01
200800071864,0,7,0,0,2,3,1,B01
200800071865,0,7,0,2,0,1,0,A01
200800071866,0,10,0,0,1,3,1,A01
200800071867,0,7,0,0,1,0,4,A01
200800071868,0,7,0,0,2,0,15,A01
200800071868,0,30,0,0,2,7,1,B01
200800071869,0,7,0,0,1,1,15,A01
200800071870,0,7,0,0,2,1,1,A01
200800071871,0,7,0,0,2,1,1,B01
200800071871,0,7,0,14,2,1,1,A01
200800071872,0,35,0,0,0,1,1,A01
200800071873,0,7,0,0,2,1,10,A01
200800071873,0,2,0,0,2,9,1,B01
200800071874,0,7,0,0,1,2,1,A01
200800071875,0,7,0,0,1,0,16,A01
200800071876,0,7,0,2,2,9,1,A01
200800071876,0,7,0,0,2,9,1,B01
200800071877,0,7,0,0,2,1,0,A01
200800071877,0,31,0,0,2,4,2,B01
200800071878,0,7,0,0,2,0,1,A01
200800071878,0,1,0,0,2,4,19,B01
200800071879,0,16,0,0,2,0,16,A01
200800071879,0,1,0,0,2,9,16,B01
200800071880,0,7,0,0,2,2,15,A01
200800071880,0,7,0,0,2,1,1,B01
200800071881,0,2,0,0,2,4,1,B01
200800071881,1,7,0,0,1,1,2,A01
200800071882,0,7,0,0,1,0,1,A01
200800071883,0,7,0,0,2,1,1,B01
200800071883,0,7,0,7,2,8,1,A01
200800071884,0,7,0,0,2,1,15,A01
200800071884,0,2,0,0,2,9,1,B01
200800071885,0,7,0,0,2,9,2,A01
200800071885,0,7,0,0,2,6,23,B01
200800071885,0,7,0,0,2,9,2,C01
200800071885,0,7,0,0,2,2,2,D01
200800071886,0,7,0,0,1,0,15,A01
200800071887,0,7,0,0,2,0,1,A01
200800071888,0,7,0,0,1,0,15,A01
200800071888,0,1,0,0,2,4,1,B01
200800071889,0,2,0,0,2,0,1,A01
200800071889,0,7,0,0,2,1,15,B01
200800071890,0,7,0,0,2,1,0,A01
200800071890,0,2,0,0,2,8,0,B01
200800071891,0,7,0,0,1,1,1,A01
200800071892,0,7,0,0,2,1,15,A01
200800071892,0,2,0,0,2,4,1,B01
200800071893,0,30,0,0,2,8,13,A01
200800071893,0,7,0,0,2,7,1,B01
200800071894,0,7,0,0,2,1,20,A01
200800071894,0,7,0,0,2,1,1,B01
200800071895,0,2,0,0,2,1,0,B01
200800071895,0,7,0,0,2,3,0,A01
200800071896,0,7,0,0,1,2,0,A01
200800071897,0,7,0,0,2,1,1,A01
200800071897,0,1,0,0,2,8,0,B01
200800071898,0,7,0,0,1,3,16,A01
200800071899,1,7,0,0,0,0,0,A01
200800071900,0,7,0,0,1,2,1,A01
200800071901,0,7,0,0,2,5,15,B01
200800071901,0,31,0,0,2,1,2,A01
200800071902,0,7,0,0,1,2,16,A01
200800071903,0,7,0,0,0,2,21,A01
200800071904,0,7,0,0,1,5,1,A01
200800071905,0,30,0,0,2,8,1,A01
200800071905,0,7,0,0,2,1,1,B01
200800071906,0,7,0,0,1,1,1,A01
200800071907,0,7,0,0,2,7,1,B01
200800071907,0,7,0,0,2,8,9,A01
200800071908,0,30,0,0,2,1,0,A01
200800071908,0,7,0,0,2,1,1,B01
200800071909,0,7,0,0,2,1,9,A01
200800071909,0,7,0,0,2,1,1,B01
200800071910,0,7,0,0,1,1,1,A01
200800071911,0,7,0,0,2,1,1,B01
200800071911,2,7,0,0,2,1,5,A01
200800071912,0,7,0,0,2,2,0,A01
200800071912,0,7,0,0,2,6,23,B01
200800071913,1,7,0,0,2,3,4,A01
200800071913,0,7,0,0,2,2,1,B01
200800071914,0,7,0,0,2,4,2,C01
200800071914,0,30,0,0,2,1,1,A01
200800071914,0,7,0,0,2,4,2,B01
200800071915,0,1,0,0,2,4,19,A01
200800071915,0,7,0,0,2,1,1,B01
200800071916,0,30,0,0,2,1,0,B01
200800071916,0,7,0,0,2,3,16,A01
200800071917,0,7,0,0,2,1,15,A01
200800071917,0,7,0,0,2,1,1,B01
200800071918,0,7,0,0,2,8,10,A01
200800071918,0,30,0,0,2,1,1,B01
200800071919,0,7,0,0,1,1,1,A01
200800071920,0,7,0,0,1,1,1,A01
200800071921,0,7,0,0,0,1,0,A01
200800071921,0,7,0,0,2,1,2,C01
200800071921,0,7,0,0,2,6,2,B01
200800071922,0,7,0,0,1,7,1,A01
200800071923,0,31,0,0,2,1,1,A01
200800071923,0,7,0,0,9,1,20,B01
200800071924,0,10,0,0,2,7,19,A01
200800071924,0,7,0,0,2,1,1,B01
200800071925,0,7,0,0,9,3,23,C01
200800071925,0,2,0,13,2,1,0,A01
200800071925,0,7,0,0,9,3,9,B01
200800071926,0,7,0,0,2,2,15,A01
200800071926,0,2,0,0,2,1,1,B01
200800071927,0,7,0,0,2,1,16,A01
200800071928,0,30,0,0,1,1,1,A01
200800071929,0,30,0,0,2,7,1,A01
200800071929,0,7,0,0,2,1,1,B01
200800071930,0,7,0,0,2,3,17,A01
200800071930,0,15,0,0,2,3,1,B01
200800071930,0,15,0,0,2,3,21,C01
200800071931,0,7,0,0,2,1,17,A01
200800071931,0,7,0,0,2,6,23,B01
200800071931,0,7,0,0,2,1,1,C01
200800071931,0,7,0,0,2,3,1,D01
200800071932,0,7,0,0,1,1,1,A01
200800071933,0,7,0,0,1,3,1,A01
200800071934,0,7,0,0,2,3,15,A01
200800071934,0,2,0,0,2,1,1,B01
200800071935,0,7,0,0,2,3,1,A01
200800071935,0,7,0,0,2,1,15,B01
200800071936,0,7,0,0,1,3,1,A01
200800071937,0,7,0,0,1,3,1,A01