Num_Acc,senc,catv,occutc,obs,obsm,choc,manv,num_veh
200800072708,0,7,0,0,1,1,1,A01
200800072709,0,7,0,0,1,1,0,A01
200800072710,1,7,0,0,2,5,9,A01
200800072710,0,7,0,0,0,5,1,B01
200800072711,0,7,0,0,2,3,1,B01
200800072711,0,7,0,0,2,8,1,A01
200800072712,0,7,0,6,0,1,16,A01
200800072713,0,7,0,0,0,1,0,A01
200800072713,0,7,0,0,2,1,0,B01
200800072713,0,7,0,0,2,1,0,C01
200800072714,0,7,0,0,2,1,0,A01
200800072714,0,7,0,0,2,1,0,B01
200800072715,0,7,0,0,2,1,0,A01
200800072715,0,7,0,0,2,1,0,B01
200800072716,0,7,0,0,1,8,0,A01
200800072717,0,7,0,0,2,4,0,A01
200800072717,0,7,0,0,2,4,0,B01
200800072718,0,7,0,0,9,1,2,A01
200800072718,0,1,0,0,2,4,2,B01
200800072719,0,7,0,6,0,1,0,A01
200800072720,0,7,0,0,2,2,16,B01
200800072720,0,33,0,0,2,2,19,A01
200800072721,0,7,0,0,2,4,0,A01
200800072721,0,33,0,0,2,1,0,B01
200800072722,0,2,0,0,2,1,2,A01
200800072722,0,7,0,0,2,4,2,B01
200800072723,0,2,0,0,2,1,2,A01
200800072723,0,7,0,0,2,4,2,B01
200800072724,0,10,0,0,1,1,1,A01
200800072725,0,7,0,2,0,0,1,A01
200800072726,0,31,0,0,1,1,1,A01
200800072727,0,7,0,0,0,1,1,A01
200800072728,0,15,0,7,4,2,23,A01
200800072728,0,39,0,1,0,2,1,B01
200800072729,0,2,0,0,0,7,1,A01
200800072730,0,31,0,0,2,5,9,A01
200800072730,0,7,0,0,2,1,1,B01
200800072731,0,7,0,2,0,1,1,A01
200800072732,0,7,0,0,2,7,1,B01
200800072732,0,7,0,0,2,1,15,A01
200800072733,0,2,0,1,2,6,1,B01
200800072733,0,7,0,0,2,6,1,A01
200800072734,0,7,0,0,1,3,15,A01
200800072735,0,7,0,0,2,1,1,A01
200800072735,0,7,0,0,2,4,15,B01
200800072735,0,10,0,0,2,8,1,C01
200800072736,0,10,0,13,0,9,1,A01
200800072737,0,7,0,0,2,1,2,A01
200800072737,0,7,0,0,2,4,1,B01
200800072738,0,10,0,0,1,0,23,A01
200800072739,0,7,0,0,1,1,1,A01
200800072740,0,7,0,0,2,2,15,A01
200800072740,0,10,0,0,2,1,1,B01
200800072741,0,7,0,0,1,1,16,A01
200800072742,0,7,0,0,2,1,2,A01
200800072742,0,7,0,0,2,4,2,B01
200800072743,0,7,0,4,0,1,0,A01
200800072744,0,7,0,0,1,3,2,A01
200800072745,0,7,0,0,2,2,11,A01
200800072745,0,7,0,0,2,1,1,B01
200800072746,0,10,0,0,2,1,1,A01
200800072746,0,7,0,2,2,5,2,B01
200800072747,0,7,0,0,1,2,1,A01
200800072748,0,7,0,0,1,1,16,A01
200800072749,0,33,0,0,9,8,15,A01
200800072750,0,14,0,0,2,1,5,A01
200800072750,0,7,0,0,2,1,1,B01
200800072751,0,7,0,1,0,9,1,A01
200800072752,0,2,0,0,2,1,1,A01
200800072752,0,7,0,0,2,2,16,B01
200800072753,0,7,0,0,1,3,0,A01
200800072754,0,10,0,0,1,1,1,A01
200800072755,0,10,0,0,1,1,15,A01
200800072756,0,10,0,0,2,1,1,A01
200800072756,0,10,0,0,2,3,15,B01
200800072757,0,7,0,0,1,8,15,A01
200800072758,0,30,0,0,2,2,0,B01
200800072758,0,7,0,0,2,7,15,A01
200800072759,0,7,0,0,1,4,1,A01
200800072760,0,7,0,0,1,1,1,A01
200800072761,0,7,0,0,2,7,0,A01
200800072762,0,33,0,0,2,1,1,A01
200800072762,0,7,0,0,2,4,23,B01
200800072763,0,7,0,0,2,3,13,A01
200800072763,0,30,0,0,2,7,2,B01
200800072764,0,7,0,0,2,3,10,A01
200800072764,0,31,0,0,2,1,3,B01
200800072765,0,7,0,0,1,7,2,A01
200800072766,0,32,0,0,2,1,0,A01
200800072766,0,7,0,0,2,1,1,B01
200800072767,0,7,0,0,2,1,1,A01
200800072767,0,7,0,0,2,4,1,B01
200800072767,0,7,0,0,2,4,2,C01
200800072768,0,31,0,0,2,7,2,B01
200800072768,0,7,0,0,2,1,9,A01
200800072769,0,7,0,0,2,5,17,A01
200800072769,0,7,0,0,2,3,15,B01
200800072770,0,7,0,0,1,2,1,A01
200800072771,0,7,0,0,1,1,15,A01
200800072772,0,10,0,0,1,1,1,A01
200800072773,0,10,0,0,2,8,10,A01
200800072773,0,31,0,0,2,1,2,B01
200800072774,0,7,0,0,1,3,15,A01
200800072775,0,10,0,0,1,4,4,A01
200800072776,0,7,0,0,2,2,15,A01
200800072776,0,32,0,0,2,1,1,B01
200800072777,0,7,0,0,2,8,22,A01
200800072777,0,30,0,1,0,1,21,B01
200800072778,0,10,0,0,2,2,0,B01
200800072778,0,1,0,0,2,3,18,A01
200800072779,0,7,0,0,2,1,5,A01
200800072779,0,33,0,0,2,1,2,B01
200800072780,0,7,0,0,2,1,1,A01
200800072780,0,7,0,0,2,4,23,B01
200800072780,0,7,0,0,2,4,23,C01
200800072781,0,7,0,0,1,7,16,A01
200800072782,0,10,0,0,1,0,1,A01
200800072783,1,33,0,0,1,0,5,A01
200800072784,0,7,0,0,1,1,1,A01
200800072785,0,7,0,2,0,1,1,A01
200800072786,0,7,0,1,1,3,1,A01
200800072787,0,7,0,0,2,1,5,A01
200800072787,0,7,0,0,2,2,1,B01
200800072788,0,7,0,0,1,5,1,A01
200800072789,0,7,0,0,1,1,1,A01
200800072790,0,7,0,0,2,2,1,A01
200800072790,0,7,0,0,2,3,15,B01
200800072791,0,7,0,0,2,7,16,A01
200800072791,0,34,0,0,2,1,16,B01
200800072792,0,30,0,0,2,8,16,A01
200800072792,0,7,0,0,2,2,2,B01
200800072793,0,7,0,0,2,3,16,A01
200800072793,0,33,0,0,2,7,16,B01
200800072794,0,7,0,0,1,3,15,A01
200800072795,0,7,0,0,1,4,2,A01
200800072795,0,32,0,0,2,1,2,B01
200800072796,0,7,0,0,2,3,15,A01
200800072796,0,2,0,0,2,1,2,B01
200800072797,0,7,0,0,2,1,15,B01
200800072797,0,33,0,0,2,1,17,A01
200800072798,0,7,0,0,1,1,2,A01
200800072799,0,7,0,0,2,3,10,A01
200800072799,0,33,0,0,2,3,17,B01
200800072800,0,37,1,0,1,1,2,A01
200800072801,0,7,0,0,1,1,15,A01
200800072802,0,30,0,0,2,3,1,A01
200800072802,0,7,0,0,2,2,19,B01
200800072803,0,7,0,0,2,1,1,A01
200800072803,0,7,0,0,2,7,19,B01
200800072804,0,7,0,0,2,1,1,A01
200800072804,0,7,0,0,2,1,1,B01
200800072805,0,7,0,0,1,1,1,A01
200800072806,0,30,0,0,0,0,21,A01
200800072806,0,1,0,0,0,0,1,B01
200800072807,0,7,0,0,2,1,2,A01
200800072807,0,7,0,0,2,4,2,B01
200800072808,0,7,0,0,2,1,2,A01
200800072808,0,7,0,0,2,1,23,B01
200800072808,0,7,0,0,2,4,23,C01
200800072809,1,13,0,0,2,0,15,A01
200800072809,0,7,0,0,2,8,1,B01
200800072810,0,37,62,0,1,3,1,A01
200800072811,0,2,0,0,2,1,1,B01
200800072811,0,7,0,0,2,2,15,A01
200800072812,0,33,0,0,1,7,1,A01
200800072813,0,7,0,0,2,8,15,A01
200800072813,0,31,0,0,2,1,1,B01
200800072814,0,2,0,0,0,8,1,A01
200800072815,0,7,0,0,2,8,15,A01
200800072815,0,33,0,0,2,1,15,B01
200800072816,0,7,0,1,2,3,2,B01
200800072816,0,2,0,0,2,1,2,A01
200800072817,0,7,0,0,1,1,15,A01
200800072818,0,7,0,0,2,1,2,A01
200800072818,0,7,0,0,0,4,2,B01
200800072819,0,7,0,0,2,4,4,A01
200800072819,0,31,0,0,2,1,1,B01
200800072820,0,33,0,12,0,7,1,A01
200800072821,0,7,0,9,0,1,1,A01
200800072822,0,7,0,0,1,1,1,A01
200800072823,0,33,0,0,2,1,1,A01
200800072824,0,7,0,0,1,1,1,A01
200800072825,0,7,0,0,1,1,15,A01
200800072826,0,7,0,0,2,7,15,A01
200800072826,0,31,0,0,2,1,1,B01
200800072827,0,7,0,0,2,1,2,A01
200800072827,0,7,0,0,2,4,2,B01
200800072828,0,7,0,0,2,7,15,A01
200800072828,0,31,0,0,2,1,1,B01
200800072829,0,7,0,0,1,2,1,A01
200800072830,0,7,0,0,1,3,15,A01
200800072831,0,7,0,0,2,5,0,A01
200800072831,0,2,0,0,2,7,1,B01
200800072832,0,1,0,0,2,7,19,A01
200800072832,0,7,0,0,2,1,1,B01
200800072833,0,7,0,0,2,1,1,A01
200800072833,0,7,0,0,0,4,23,B01
200800072834,0,7,0,0,1,2,1,A01
200800072835,0,7,0,0,2,5,12,A01
200800072835,0,32,0,0,2,3,1,B01
200800072836,0,10,0,0,1,5,4,A01
200800072837,0,32,0,0,2,3,18,A01
200800072837,0,10,0,0,2,5,16,B01
200800072838,0,7,0,0,2,1,1,A01
200800072838,0,7,0,0,0,4,23,B01
200800072839,0,7,0,1,0,1,14,A01
200800072840,0,99,0,0,1,1,0,A01
200800072841,0,32,0,0,2,0,23,B01
200800072841,0,7,0,0,2,7,2,A01
200800072842,0,7,0,0,1,2,2,A01
200800072843,0,34,0,0,2,1,1,B01
200800072843,0,7,0,0,2,3,10,A01
200800072844,0,33,0,0,2,1,1,B01
200800072844,0,7,0,0,2,5,12,A01
200800072845,1,2,0,0,1,0,1,A01
200800072846,0,7,0,0,1,1,0,A01
200800072847,0,2,0,0,2,1,0,B01
200800072847,0,7,0,0,2,5,0,A01
200800072848,0,7,0,0,2,0,0,A01
200800072848,0,2,0,1,0,1,1,B01
200800072849,0,34,0,14,0,7,1,B01
200800072849,1,99,0,0,0,0,0,A01
200800072850,0,7,0,0,0,0,16,B01
200800072850,0,33,0,14,0,0,18,A01
200800072851,0,32,0,0,2,8,0,B01
200800072851,0,7,0,0,2,7,0,A01
200800072852,0,2,0,0,0,8,2,A01
200800072853,0,7,0,0,2,1,1,B01
200800072853,0,10,0,0,0,4,1,A01
200800072854,0,2,0,0,0,1,1,A01
200800072855,0,33,0,0,0,8,0,A01
200800072856,0,37,10,0,1,1,1,A01
200800072857,0,7,0,0,2,1,1,A01
200800072857,0,7,0,0,2,3,1,B01
200800072858,0,7,0,0,2,2,0,B01
200800072858,0,7,0,9,2,3,0,A01
200800072859,0,7,0,0,1,0,1,A01
200800072860,0,2,0,1,1,2,0,A01
200800072860,0,7,0,0,0,8,0,B01
200800072861,0,7,0,0,1,1,11,A01
200800072862,0,31,0,1,2,1,1,A01
200800072862,0,10,0,11,2,4,23,B01
200800072863,0,2,0,0,1,1,0,A01
200800072864,0,7,0,0,2,3,1,A01
200800072864,0,34,0,0,2,2,2,B01
200800072865,0,7,0,0,1,1,1,A01
200800072866,0,7,0,0,2,7,1,A01
200800072866,0,33,0,0,2,1,1,B01
200800072867,0,7,0,0,2,2,16,A01
200800072867,0,30,0,0,2,6,1,B01
200800072868,0,33,0,0,1,1,0,A01
200800072869,0,7,0,8,0,1,1,A01
200800072870,0,7,0,3,0,1,1,A01
200800072871,0,32,0,0,2,8,1,B01
200800072871,0,7,0,0,2,4,4,A01
200800072872,0,33,0,0,2,1,1,A01
200800072872,0,7,0,0,2,3,1,B01
200800072873,0,7,0,0,1,4,4,A01
200800072874,0,7,0,0,1,1,1,A01
200800072875,0,20,0,0,0,0,23,A01
200800072875,0,1,0,0,0,0,1,B01
200800072876,0,7,0,0,0,3,10,A01
200800072876,0,7,0,0,0,1,1,B01
200800072877,0,31,0,0,0,0,1,A01
200800072878,0,7,0,0,0,0,0,A01
200800072879,0,7,0,0,0,1,1,A01
200800072880,0,7,0,0,0,1,1,A01
200800072880,0,7,0,0,0,4,23,B01
200800072881,0,7,0,0,0,3,9,A01
200800072881,0,34,0,0,0,0,1,B01
200800072882,0,10,0,0,0,8,15,A01
200800072882,0,32,0,0,0,0,1,B01
200800072883,0,37,2,0,0,8,11,A01
200800072883,0,14,0,0,0,7,1,B01
200800072884,0,33,0,0,0,0,0,A01
200800072884,0,10,0,0,0,4,23,B01
200800072885,0,7,0,0,0,0,0,A01
200800072885,0,32,0,0,0,0,1,B01
200800072886,0,7,0,0,0,0,16,A01
200800072887,0,7,0,0,0,1,0,A01
200800072887,0,7,0,0,0,5,1,B01
200800072888,0,34,0,0,2,4,2,B01
200800072888,0,7,0,0,2,3,2,A01
200800072889,0,7,0,0,2,2,1,A01
200800072889,0,7,0,0,2,3,23,C01
200800072889,0,7,0,9,2,6,1,B01
200800072890,0,7,0,0,2,1,1,A01
200800072890,0,7,0,0,2,4,2,B01
200800072890,0,37,0,0,2,4,2,C01
200800072891,0,32,0,0,2,4,14,A01
200800072891,0,15,0,0,2,1,1,B01
200800072892,0,7,0,0,2,5,16,A01
200800072892,0,1,0,0,2,1,1,B01
200800072893,0,34,0,0,2,0,1,A01
200800072894,0,7,0,0,2,1,15,A01
200800072894,0,32,0,0,2,1,1,B01
200800072895,0,33,0,0,2,7,0,A01
200800072895,0,7,0,0,2,6,11,B01
200800072896,0,7,0,0,2,6,1,A01
200800072896,0,32,0,0,2,7,1,B01
200800072897,0,7,0,0,2,1,2,A01
200800072897,0,30,0,0,2,4,2,B01
200800072898,0,7,0,0,1,1,16,A01
200800072899,0,7,0,0,2,2,1,A01
200800072899,0,30,0,0,2,1,1,B01
200800072900,0,7,0,0,2,8,15,A01
200800072900,0,34,0,0,2,7,1,B01
200800072901,0,13,0,0,2,7,12,A01
200800072901,0,7,0,0,2,8,1,B01
200800072902,0,7,0,8,0,3,0,A01
200800072903,0,33,0,0,2,1,1,B01
200800072903,0,7,0,0,2,4,12,A01
200800072904,0,7,0,0,1,7,1,A01
200800072905,0,7,0,0,2,7,15,A01
200800072905,0,2,0,0,2,1,1,B01
200800072906,0,30,0,0,2,1,0,A01
200800072906,0,7,0,0,2,3,0,B01
200800072907,0,2,0,0,0,7,1,A01
200800072908,0,7,0,0,1,2,1,A01
200800072909,0,7,0,0,1,3,15,A01
200800072910,0,7,0,0,2,1,1,A01
200800072910,0,10,0,0,2,1,23,B01
200800072910,0,7,0,0,2,4,23,C01
200800072911,0,32,0,0,0,7,21,A01
200800072912,0,7,0,1,0,1,21,A01
200800072913,0,2,0,0,2,1,17,A01
200800072913,0,7,0,0,2,3,15,B01
200800072914,0,32,0,0,2,1,1,A01
200800072914,0,10,0,0,2,4,23,B01
200800072915,0,7,0,0,1,4,4,A01
200800072916,0,7,0,0,1,2,16,A01
200800072917,0,7,0,0,2,6,22,A01
200800072917,0,34,0,0,2,1,1,B01
200800072918,0,14,0,0,2,4,4,A01
200800072918,0,2,0,0,2,1,1,B01
200800072919,0,7,0,0,1,1,1,A01
200800072920,0,31,0,0,2,3,17,A01
200800072920,0,32,0,0,2,3,17,B01
200800072921,0,7,0,0,2,4,23,B01
200800072921,0,7,0,0,2,4,23,C01
200800072921,1,7,0,0,2,1,0,A01
200800072922,0,7,0,0,1,2,1,A01
200800072923,0,32,0,0,1,7,18,A01
200800072924,0,1,0,0,2,1,1,A01
200800072924,0,7,0,0,2,8,22,B01
200800072925,0,7,0,0,1,1,1,A01
200800072926,0,30,0,0,2,1,17,A01
200800072926,0,7,0,0,2,3,15,B01
200800072927,0,2,0,0,2,1,1,A01
200800072927,0,7,0,0,2,7,15,B01
200800072928,0,2,0,0,2,1,17,A01
200800072928,0,7,0,0,2,3,15,B01
200800072929,0,33,0,0,2,1,17,A01
200800072929,0,7,0,0,2,8,2,B01
200800072930,0,7,0,0,2,2,15,A01
200800072930,0,31,0,0,2,7,17,B01
200800072931,0,10,0,0,0,0,14,A01
200800072931,0,2,0,12,0,1,2,B01
200800072932,0,10,0,0,2,3,17,A01
200800072932,0,31,0,0,2,7,17,B01
200800072932,0,7,0,0,2,8,1,C01
200800072932,0,7,0,0,2,8,23,D01
200800072933,0,31,0,0,1,1,17,A01
200800072934,1,7,0,0,2,7,12,A01
200800072934,0,31,0,0,2,8,1,B01
200800072935,0,7,0,1,2,0,14,A01
200800072935,0,30,0,0,2,1,1,B01
200800072936,0,7,0,15,0,1,1,A01
200800072937,0,7,0,0,0,0,15,A01
200800072937,0,2,0,0,0,0,0,B01
200800072938,0,7,0,0,0,3,10,A01
200800072938,0,33,0,0,0,0,1,B01
200800072939,0,7,0,0,2,8,16,B01
200800072939,0,33,0,0,2,8,1,A01
200800072940,0,30,0,0,0,5,2,A01
200800072941,0,37,0,0,2,2,1,A01
200800072941,0,7,0,0,2,6,16,B01
200800072942,0,2,0,0,0,6,16,A01
200800072943,0,7,0,0,2,4,2,A01
200800072943,0,34,0,0,2,1,2,B01
200800072944,0,7,0,0,2,4,9,A01
200800072944,0,7,0,0,2,1,1,B01
200800072945,0,33,0,0,2,1,1,A01
200800072945,0,7,0,0,2,4,1,B01
200800072946,0,7,0,0,2,3,10,A01
200800072946,0,33,0,0,2,1,1,B01
200800072947,0,32,0,0,2,1,1,A01
200800072947,0,1,0,0,2,0,19,B01
200800072948,0,7,0,0,2,1,15,A01
200800072948,0,33,0,0,2,7,1,B01
200800072949,0,7,0,0,2,3,9,A01
200800072949,0,30,0,0,2,1,1,B01
200800072950,0,7,0,0,2,3,23,A01
200800072950,0,2,0,0,2,1,1,B01
200800072951,0,30,0,1,2,1,17,A01
200800072951,0,7,0,0,2,3,15,B01
200800072952,0,7,0,0,2,2,1,A01
200800072952,0,7,0,15,2,4,1,B01
200800072953,0,7,0,0,1,8,11,A01
200800072954,0,33,0,0,2,1,1,A01
200800072954,0,7,0,0,2,5,10,B01
200800072955,0,33,0,15,0,6,2,A01
200800072955,0,7,0,0,0,5,2,B01
200800072956,0,10,0,9,0,1,0,A01
200800072957,0,7,0,0,0,8,11,A01
200800072957,0,32,0,0,2,1,3,B01
200800072958,0,7,0,0,2,1,15,B01
200800072958,0,2,0,0,2,1,1,A01
200800072959,0,7,0,0,0,0,0,A01
200800072960,0,34,0,0,2,0,1,A01
200800072960,0,7,0,0,2,3,1,B01
200800072961,1,7,0,0,1,2,1,A01
200800072962,0,7,0,0,2,1,19,A01
200800072962,0,7,0,9,2,2,1,B01
200800072963,0,7,0,0,2,2,1,B01
200800072963,0,32,0,0,2,1,1,A01
200800072964,0,7,0,0,0,1,2,B01
200800072964,0,7,0,0,0,2,10,A01
200800072965,0,7,0,1,0,3,1,A01
200800072966,0,2,0,0,0,0,0,A01
200800072966,0,7,0,0,9,3,15,B01
200800072967,0,7,0,0,1,1,2,A01
200800072968,0,7,0,8,0,1,19,A01
200800072969,0,7,0,0,1,3,2,A01
200800072970,0,7,0,0,2,3,15,A01
200800072970,0,32,0,0,2,1,2,B01
200800072971,0,30,0,0,0,7,0,A01
200800072972,0,30,0,0,1,1,1,A01
200800072973,0,7,0,0,1,1,1,A01
200800072974,0,7,0,4,0,1,0,A01
200800072975,0,2,0,0,0,0,0,A01
200800072976,0,30,0,0,0,0,2,A01
200800072976,0,7,0,0,0,0,13,B01
200800072977,0,7,0,0,1,2,0,A01
200800072978,0,7,0,0,1,1,1,A01
200800072979,0,7,0,0,2,0,1,B01
200800072979,0,10,0,0,2,7,1,A01
200800072980,0,7,0,0,1,5,4,A01
200800072981,0,7,0,0,2,3,0,B01
200800072981,0,33,0,0,2,7,0,A01
200800072982,0,7,0,1,0,4,14,A01
200800072983,0,7,0,0,1,2,1,A01
200800072984,0,7,0,16,0,9,0,A01
200800072985,0,7,0,0,2,1,2,B01
200800072985,0,7,0,0,2,8,15,A01
200800072986,2,7,0,5,1,2,0,A01
200800072987,0,7,0,0,1,4,4,A01
200800072988,0,7,0,0,1,1,1,A01
200800072989,0,33,0,0,0,1,10,A01
200800072990,0,10,0,0,2,1,2,A01
200800072990,0,7,0,0,2,4,1,B01
200800072990,0,7,0,0,2,4,1,C01
200800072990,0,7,0,0,2,4,1,D01
200800072990,0,7,0,0,0,0,1,E01
200800072991,0,34,0,0,2,1,1,B01
200800072991,0,7,0,0,2,3,15,A01
200800072992,0,1,0,0,2,2,1,A01
200800072992,0,7,0,0,9,2,2,B01
200800072993,0,10,0,0,1,4,4,A01
200800072994,0,10,0,0,1,3,1,A01
200800072995,0,37,1,0,1,2,1,A01
200800072996,0,37,0,0,1,2,0,A01
200800072997,0,7,0,0,2,3,10,A01
200800072997,0,7,0,0,2,1,1,B01
200800072998,0,7,0,0,2,1,1,A01
200800072998,2,7,0,0,2,1,21,B01
200800072999,0,7,0,0,2,6,15,B01
200800072999,0,2,0,0,2,1,17,A01
200800073000,0,10,0,0,0,3,2,B01
200800073000,0,30,0,0,2,3,2,A01
200800073001,0,7,0,0,1,2,1,A01
200800073002,0,7,0,9,0,1,0,A01
200800073003,0,7,0,0,0,5,15,A01
200800073003,0,7,0,0,0,3,1,B01
200800073003,0,33,0,0,0,1,1,C01
200800073004,0,7,0,0,0,1,11,B01
200800073004,0,7,0,1,0,1,17,A01
200800073005,0,7,0,0,1,0,0,A01
200800073006,0,7,0,0,1,1,1,A01
200800073007,1,7,0,0,1,1,1,A01
200800073008,0,7,0,0,2,8,13,B01
200800073008,0,14,0,0,2,7,1,C01
200800073008,0,7,0,0,2,8,11,A01
200800073009,0,7,0,0,9,2,1,A01
200800073009,0,1,0,0,2,1,1,B01
200800073010,1,99,0,0,1,0,0,A01
200800073011,0,7,0,0,2,6,1,B01
200800073011,0,30,0,0,2,1,0,A01
200800073012,0,7,0,0,2,2,0,A01
200800073012,0,7,0,0,2,1,0,B01
200800073013,0,7,0,0,0,1,19,A01
200800073013,0,7,0,0,2,3,21,B01
200800073014,0,7,0,0,0,1,0,A01
200800073014,0,37,1,0,0,4,2,B01
200800073015,0,7,0,0,1,1,0,A01
200800073016,0,7,0,0,0,1,0,A01
200800073017,0,7,0,0,2,3,2,A01
200800073017,0,7,0,0,0,6,2,B01
200800073018,1,7,0,0,0,0,0,A01
200800073019,0,7,0,0,1,7,0,A01
200800073020,0,7,0,0,4,3,11,A01
200800073020,0,40,0,0,2,2,1,B01
200800073021,0,7,0,0,2,2,1,B01
200800073021,0,7,0,0,2,1,19,A01
200800073022,0,7,0,0,1,4,4,A01
200800073023,0,7,0,0,2,4,1,B01
200800073023,0,7,0,0,2,1,1,A01
200800073024,0,7,0,0,1,1,1,A01
200800073025,0,7,0,0,2,4,1,C01
200800073025,0,7,0,0,2,4,1,B01
200800073025,0,7,0,0,2,1,1,A01
200800073026,0,7,0,12,1,1,1,A01
200800073027,0,1,0,0,2,4,1,B01
200800073027,0,7,0,0,9,1,1,A01
200800073028,1,10,0,0,0,0,17,A01
200800073028,0,7,0,3,0,1,21,B01
200800073029,0,7,0,0,2,6,15,B01
200800073029,0,32,0,0,2,2,2,A01
200800073030,0,37,1,0,2,6,1,B01
200800073030,0,7,0,0,2,1,1,A01
200800073031,0,7,0,0,1,1,2,A01
200800073032,0,33,0,0,2,1,1,B01
200800073032,0,7,0,0,2,2,15,A01
200800073033,0,31,0,0,2,1,2,B01
200800073033,0,7,0,0,2,2,15,A01
200800073034,0,31,0,0,2,4,0,B01
200800073034,0,7,0,0,0,1,2,A01
200800073035,0,7,0,0,2,2,2,B01
200800073035,0,7,0,0,0,8,11,A01
200800073036,0,32,0,0,0,1,2,B01
200800073036,0,7,0,0,0,1,15,A01
200800073037,0,7,0,0,1,1,1,A01
200800073038,0,2,0,0,1,1,1,A01
200800073039,0,10,0,0,2,1,1,A01
200800073039,0,10,0,0,2,6,1,B01
200800073040,0,7,0,6,2,2,1,A01
200800073040,0,7,0,6,2,1,1,B01
200800073041,0,7,0,0,2,3,1,B01
200800073041,0,7,0,0,2,8,9,A01
200800073042,0,7,0,0,0,8,15,A01
200800073042,0,2,0,0,0,7,17,B01
200800073043,0,1,0,0,2,8,1,B01
200800073043,0,7,0,0,1,2,1,A01
200800073044,0,30,0,15,0,1,0,A01
200800073045,0,31,0,0,0,0,21,B01
200800073045,0,7,0,0,0,0,15,A01
200800073046,0,7,0,0,0,1,1,A01
200800073046,0,1,0,0,0,8,0,B01
200800073047,0,10,0,0,1,3,2,A01
200800073048,0,7,0,0,0,1,11,A01
200800073048,0,31,0,0,2,1,1,B01
200800073049,0,2,0,0,2,1,17,B01
200800073049,0,7,0,0,2,8,11,A01
200800073050,0,99,0,8,2,0,2,A01
200800073050,0,7,0,0,2,1,15,B01
200800073051,0,7,0,15,1,2,0,A01
200800073052,0,10,0,0,2,3,10,A01
200800073052,0,30,0,0,2,1,2,B01
200800073053,0,2,0,0,2,1,1,B01
200800073053,0,7,0,0,2,3,0,A01
200800073054,0,2,0,0,2,1,1,B01
200800073054,0,10,0,0,2,2,15,A01
200800073055,0,7,0,0,2,6,1,B01
200800073055,0,7,0,0,2,3,1,A01
200800073056,0,7,0,9,0,7,21,A01
200800073057,0,32,0,0,0,1,1,B01
200800073057,0,7,0,0,0,5,11,A01
200800073058,0,7,0,0,2,4,2,B01
200800073058,0,7,0,0,2,1,2,A01
200800073059,0,7,0,0,1,2,1,A01
200800073060,0,7,0,0,2,3,2,B01
200800073060,0,31,0,0,2,1,1,A01
200800073061,0,7,0,0,2,1,1,A01
200800073062,0,7,0,0,0,0,0,B01
200800073062,0,2,0,0,0,3,0,A01
200800073063,0,7,0,0,2,3,16,A01
200800073063,0,37,15,0,2,2,1,B01
200800073064,0,33,0,0,1,1,1,A01
200800073065,0,1,0,0,2,1,13,A01
200800073065,0,37,1,0,2,3,5,B01
200800073066,0,10,0,0,2,3,9,A01
200800073066,0,33,0,0,2,1,1,B01
200800073067,0,7,0,0,1,2,1,A01
200800073068,0,7,0,16,0,1,13,A01
200800073069,0,1,0,0,0,3,1,B01
200800073069,0,7,0,0,0,0,2,A01
200800073070,0,7,0,0,0,2,5,A01
200800073070,0,30,0,0,0,0,21,B01
200800073071,0,7,0,0,0,1,15,A01
200800073072,0,30,0,0,0,1,17,A01
200800073072,0,7,0,0,0,8,9,B01
200800073073,0,7,0,0,9,8,10,A01
200800073073,0,32,0,0,2,1,1,B01
200800073074,0,7,0,0,1,2,1,A01
200800073075,0,30,0,0,2,1,2,A01
200800073075,0,7,0,0,9,5,15,B01
200800073076,0,7,0,0,1,3,1,A01
200800073077,0,7,0,0,2,1,1,A01
200800073077,0,7,0,0,2,6,2,B01
200800073078,0,7,0,0,2,7,15,A01
200800073078,0,7,0,0,2,2,1,B01
200800073079,0,7,0,0,1,4,4,A01
200800073080,0,7,0,0,1,3,15,A01
200800073081,0,10,0,8,1,2,13,A01
200800073082,0,7,0,0,2,5,9,A01
200800073082,0,7,0,0,2,3,0,B01
200800073083,0,7,0,0,2,2,11,A01
200800073083,0,2,0,0,2,1,1,B01
200800073084,0,7,0,0,1,2,16,A01
200800073085,0,30,0,0,0,3,15,A01
200800073086,0,7,0,0,2,3,9,A01
200800073086,0,32,0,0,2,5,15,B01
200800073087,0,7,0,0,0,4,2,B01
200800073087,0,7,0,0,2,1,2,A01
200800073088,0,7,0,0,1,2,16,A01
200800073089,0,7,0,0,1,2,0,A01
200800073090,0,7,0,0,9,8,15,B01
200800073090,0,30,0,0,2,1,1,A01
200800073091,0,7,0,0,2,1,0,A01
200800073091,0,7,0,0,2,1,9,B01
200800073092,0,7,0,0,0,0,0,A01
200800073093,0,7,0,0,0,4,2,B01
200800073093,0,7,0,0,0,1,2,A01
200800073094,0,7,0,8,0,1,1,A01
200800073095,0,13,0,0,2,1,2,A01
200800073095,0,7,0,0,2,4,2,B01
200800073096,0,30,0,1,2,8,0,A01
200800073096,0,7,0,0,2,2,0,B01
200800073097,0,30,0,0,9,1,1,A01
200800073097,0,1,0,0,2,1,1,B01
200800073097,0,1,0,0,2,1,1,C01
200800073098,0,7,0,0,2,3,11,A01
200800073098,0,30,0,0,2,3,1,B01