Num_Acc,senc,catv,occutc,obs,obsm,choc,manv,num_veh
200800073099,1,7,0,0,2,0,0,A01
200800073099,0,7,0,0,2,0,0,C01
200800073099,0,7,0,0,2,3,0,B01
200800073100,0,7,0,0,1,3,1,A01
200800073101,0,7,0,0,2,5,12,A01
200800073101,0,7,0,0,2,3,11,B01
200800073102,0,10,0,0,2,1,6,A01
200800073102,0,7,0,0,2,1,1,B01
200800073103,0,7,0,0,2,8,15,A01
200800073103,0,33,0,0,2,7,17,B01
200800073104,0,7,0,0,1,1,1,A01
200800073105,0,7,0,0,2,1,2,A01
200800073105,0,10,0,0,2,4,23,B01
200800073106,0,30,0,0,2,1,2,A01
200800073107,0,7,0,0,2,8,0,A01
200800073107,0,7,0,0,2,3,0,B01
200800073108,0,7,0,0,2,4,0,C01
200800073108,0,7,0,0,2,4,0,B01
200800073108,0,7,0,0,2,1,0,A01
200800073109,0,7,0,15,0,9,0,A01
200800073110,0,37,1,0,1,8,0,A01
200800073111,0,7,0,2,0,8,2,A01
200800073112,0,7,0,0,1,3,1,A01
200800073113,0,7,0,0,2,3,1,B01
200800073113,1,7,0,0,0,0,0,A01
200800073114,0,7,0,0,2,1,15,A01
200800073114,0,2,0,0,2,1,0,B01
200800073115,0,40,0,0,1,2,1,A01
200800073116,2,7,0,1,2,1,2,A01
200800073116,0,7,0,0,0,6,2,B01
200800073117,0,7,0,8,0,9,0,A01
200800073118,0,7,0,9,0,1,2,A01
200800073119,0,32,0,0,2,7,14,A01
200800073119,0,7,0,0,9,3,0,B01
200800073120,1,33,0,0,1,1,3,A01
200800073121,0,30,0,0,2,8,1,A01
200800073121,0,7,0,0,2,1,2,B01
200800073122,0,37,1,1,0,1,2,A01
200800073122,0,7,0,0,0,4,7,B01
200800073123,0,7,0,0,2,2,2,A01
200800073123,0,7,0,0,2,4,2,B01
200800073124,0,7,0,0,1,1,2,A01
200800073125,0,7,0,0,0,0,1,A01
200800073125,0,32,0,0,2,0,1,B01
200800073126,0,7,0,0,2,4,0,B01
200800073126,0,7,0,0,2,1,0,A01
200800073127,0,7,0,0,1,8,1,A01
200800073128,0,30,0,0,2,1,2,A01
200800073128,0,7,0,0,0,5,23,B01
200800073129,0,7,0,0,1,1,1,A01
200800073130,0,7,0,0,2,1,0,B01
200800073130,0,7,0,0,2,3,0,A01
200800073131,0,34,0,0,2,1,2,B01
200800073131,0,7,0,0,0,3,10,A01
200800073132,0,32,0,0,0,0,0,A01
200800073133,0,30,0,0,0,0,0,B01
200800073133,0,7,0,0,2,7,16,A01
200800073134,1,7,0,0,0,0,0,A01
200800073135,0,7,0,0,0,4,2,B01
200800073135,0,7,0,0,2,1,2,A01
200800073136,0,7,0,1,0,1,1,A01
200800073137,1,7,0,0,0,0,0,A01
200800073137,0,33,0,0,0,0,2,B01
200800073138,0,2,0,0,2,3,1,B01
200800073138,0,7,0,0,2,2,12,A01
200800073139,0,7,0,0,2,9,0,B01
200800073139,0,7,0,0,2,1,0,A01
200800073139,0,7,0,0,0,4,0,C01
200800073140,0,7,0,0,1,1,2,A01
200800073141,0,37,0,0,1,1,16,A01
200800073142,0,10,0,0,2,3,15,A01
200800073142,0,32,0,0,2,1,17,B01
200800073143,0,7,0,0,1,1,1,A01
200800073144,0,7,0,0,2,2,2,A01
200800073144,0,32,0,0,0,2,0,B01
200800073145,0,7,0,0,2,5,0,A01
200800073145,0,7,0,0,2,3,0,B01
200800073146,0,7,0,0,2,3,15,A01
200800073147,0,10,0,0,1,2,2,A01
200800073148,0,7,0,6,2,2,2,B01
200800073148,0,7,0,0,2,1,9,A01
200800073149,0,7,0,0,2,1,9,A01
200800073149,0,7,0,8,2,1,2,B01
200800073150,0,7,0,0,2,4,2,C01
200800073150,1,7,0,0,0,2,2,B01
200800073150,0,2,0,14,2,0,2,A01
200800073151,1,7,0,0,0,0,0,A01
200800073152,0,7,0,0,0,4,23,B01
200800073152,0,7,0,0,2,1,1,A01
200800073153,0,1,0,0,2,1,1,B01
200800073153,0,7,0,0,9,3,15,A01
200800073154,1,7,0,0,0,0,2,A01
200800073154,0,33,0,4,0,0,2,B01
200800073155,0,7,0,0,1,2,16,A01
200800073156,0,7,0,0,2,2,1,A01
200800073156,0,7,0,0,2,3,1,B01
200800073157,0,7,0,0,2,1,2,A01
200800073157,0,7,0,0,2,3,2,B01
200800073158,0,7,0,0,1,2,1,A01
200800073159,0,7,0,8,1,1,1,A01
200800073160,0,34,0,0,2,1,2,A01
200800073160,0,7,0,0,0,4,2,B01
200800073161,0,7,0,0,0,0,15,A01
200800073161,0,31,0,0,0,8,2,B01
200800073162,0,7,0,0,2,1,13,A01
200800073162,0,7,0,0,2,1,2,B01
200800073162,0,7,0,0,2,7,2,C01
200800073163,0,7,0,0,2,2,2,A01
200800073163,0,7,0,0,0,5,23,B01
200800073164,0,10,0,0,9,0,0,A01
200800073164,0,1,0,0,2,0,21,B01
200800073165,0,7,0,0,2,1,2,A01
200800073165,0,7,0,0,0,4,2,B01
200800073166,0,7,0,0,2,3,17,A01
200800073166,0,30,0,0,2,1,1,B01
200800073167,0,7,0,0,2,2,1,A01
200800073167,0,32,0,0,2,1,1,B01
200800073168,0,7,0,0,2,2,2,A01
200800073168,0,7,0,0,2,6,2,B01
200800073169,0,7,0,0,1,1,0,A01
200800073170,0,14,0,0,1,2,1,A01
200800073171,1,7,0,6,2,1,0,A01
200800073171,0,7,0,0,2,1,1,B01
200800073172,0,7,0,0,2,8,4,A01
200800073172,0,7,0,0,2,1,2,B01
200800073173,0,7,0,0,2,2,15,A01
200800073173,0,33,0,0,2,1,1,B01
200800073174,0,2,0,0,2,0,7,A01
200800073174,0,7,0,0,2,7,12,B01
200800073175,0,32,0,0,2,1,1,B01
200800073175,0,7,0,0,2,3,1,A01
200800073176,0,7,0,4,0,9,1,A01
200800073177,0,1,0,0,2,1,1,A01
200800073177,1,7,0,0,2,2,15,B01
200800073178,0,7,0,0,2,2,2,B01
200800073178,0,7,0,0,2,3,9,A01
200800073179,0,7,0,0,2,5,10,A01
200800073179,0,2,0,0,2,1,1,B01
200800073180,0,7,0,0,2,3,0,A01
200800073180,0,7,0,0,2,1,0,B01
200800073181,0,7,0,0,2,1,0,A01
200800073181,0,7,0,0,2,3,0,B01
200800073182,0,10,0,0,1,4,4,A01
200800073183,0,99,0,0,2,3,10,A01
200800073183,0,37,10,0,2,2,1,B01
200800073184,0,2,0,0,2,7,11,A01
200800073184,0,10,0,0,2,6,1,B01
200800073185,0,7,0,0,2,3,15,A01
200800073185,0,37,0,0,2,3,2,B01
200800073186,0,7,0,0,2,6,1,A01
200800073186,0,33,0,0,2,1,1,B01
200800073187,0,7,0,0,0,1,2,A01
200800073187,0,7,0,0,0,4,2,B01
200800073188,0,7,0,0,1,3,1,A01
200800073189,0,30,0,0,0,0,0,A01
200800073190,0,33,0,0,2,6,11,A01
200800073190,0,7,0,0,2,1,2,B01
200800073191,0,7,0,1,0,5,2,B01
200800073191,0,7,0,0,2,1,2,A01
200800073192,0,7,0,4,2,9,0,A01
200800073192,0,7,0,0,0,8,0,B01
200800073193,0,7,0,0,2,5,0,A01
200800073193,0,7,0,0,2,1,0,B01
200800073194,0,7,0,0,2,8,0,A01
200800073194,0,7,0,0,2,1,0,B01
200800073195,0,7,0,0,2,8,0,A01
200800073195,0,7,0,0,2,1,0,B01
200800073196,0,7,0,0,2,1,0,A01
200800073196,0,7,0,0,2,1,0,B01
200800073197,0,7,0,0,1,1,0,A01
200800073198,0,7,0,0,2,1,2,A01
200800073198,0,7,0,0,2,1,2,B01
200800073199,0,99,0,0,0,4,2,A01
200800073199,0,99,0,0,2,1,2,B01
200800073200,0,7,0,0,2,1,6,A01
200800073200,0,7,0,0,2,1,1,B01
200800073200,0,7,0,0,2,1,1,C01
200800073201,0,7,0,0,2,1,13,A01
200800073201,0,7,0,0,2,1,0,B01
200800073201,0,7,0,0,2,1,0,C01
200800073201,0,7,0,0,0,6,0,D01
200800073201,0,7,0,0,2,6,0,E01
200800073202,0,30,0,0,2,1,0,A01
200800073202,0,7,0,0,2,4,0,B01
200800073203,0,10,0,0,1,0,4,A01
200800073204,0,1,0,0,0,1,2,B01
200800073204,0,7,0,0,9,1,2,A01
200800073205,0,7,0,0,2,3,15,A01
200800073205,0,34,0,0,2,1,1,B01
200800073206,0,2,0,0,0,8,0,A01
200800073207,0,7,0,0,2,1,16,A01
200800073207,0,33,0,0,2,5,1,B01
200800073208,0,7,0,0,1,1,1,A01
200800073209,0,7,0,0,1,2,0,A01
200800073210,0,7,0,0,1,2,3,A01
200800073211,0,7,0,6,0,1,1,A01
200800073212,0,7,0,0,2,3,15,A01
200800073212,0,33,0,0,2,3,2,B01
200800073213,0,34,0,0,2,0,2,A01
200800073213,0,7,0,0,0,0,2,B01
200800073214,0,7,0,0,1,1,16,A01
200800073215,0,32,0,0,2,1,1,B01
200800073215,0,7,0,0,0,1,11,A01
200800073216,0,7,0,0,1,2,15,A01
200800073217,0,7,0,0,0,0,2,A01
200800073217,0,32,0,0,0,0,3,B01
200800073217,0,10,0,0,0,0,2,C01
200800073218,0,7,0,0,0,5,0,A01
200800073218,0,33,0,0,2,1,1,B01
200800073219,0,7,0,0,1,3,15,A01
200800073220,0,10,0,0,1,0,16,A01
200800073221,2,7,0,0,0,1,0,A01
200800073222,0,7,0,0,2,1,0,B01
200800073222,0,7,0,0,2,1,24,C01
200800073222,0,7,0,1,2,7,0,A01
200800073223,0,7,0,0,2,3,1,A01
200800073223,0,14,0,0,2,5,23,B01
200800073224,0,7,0,0,0,1,1,A01
200800073225,0,7,0,0,2,1,2,A01
200800073225,0,7,0,0,2,4,2,B01
200800073225,0,7,0,0,0,4,2,C01
200800073226,0,7,0,0,0,7,0,A01
200800073226,0,31,0,0,2,3,0,B01
200800073227,1,7,0,0,2,5,4,A01
200800073227,0,33,0,0,2,1,1,B01
200800073228,0,7,0,6,0,3,1,A01
200800073229,0,31,0,0,2,8,1,A01
200800073229,0,10,0,0,2,7,1,B01
200800073230,0,7,0,4,0,1,1,A01
200800073231,0,7,0,0,1,3,12,A01
200800073232,0,7,0,0,2,1,1,A01
200800073232,0,7,0,0,0,8,1,B01
200800073233,0,10,0,0,2,3,0,A01
200800073233,0,1,0,0,0,0,0,B01
200800073234,0,7,0,0,2,2,15,A01
200800073234,0,7,0,8,2,1,1,B01
200800073235,0,7,0,0,0,0,16,A01
200800073235,0,1,0,0,2,0,1,B01
200800073236,0,7,0,0,1,3,1,A01
200800073237,0,2,0,0,0,1,1,A01
200800073238,0,7,0,14,0,1,2,A01
200800073238,0,7,0,0,2,4,23,B01
200800073239,0,37,1,0,2,1,11,A01
200800073239,0,33,0,0,2,1,1,B01
200800073240,0,10,0,0,1,7,1,A01
200800073241,1,99,0,0,0,0,0,B01
200800073241,0,2,0,0,9,1,1,A01
200800073242,0,7,0,0,1,1,1,A01
200800073243,0,10,0,0,1,3,1,A01
200800073244,0,31,0,1,0,1,12,A01
200800073245,0,10,0,0,1,7,16,A01
200800073246,0,7,0,0,2,8,13,A01
200800073246,0,7,0,0,2,1,1,B01
200800073247,0,7,0,0,9,5,15,A01
200800073247,0,34,0,0,2,9,1,B01
200800073248,0,7,0,2,0,1,1,A01
200800073249,0,7,0,0,2,1,2,A01
200800073249,0,7,0,0,2,4,1,B01
200800073250,0,10,0,0,2,7,15,A01
200800073250,0,30,0,0,2,8,1,B01
200800073251,0,30,0,0,2,1,13,A01
200800073251,0,7,0,0,2,1,1,B01
200800073252,0,32,0,0,2,1,21,A01
200800073252,0,1,0,0,2,1,14,B01
200800073253,0,31,0,0,2,8,1,B01
200800073253,0,10,0,0,2,1,1,A01
200800073254,0,30,0,0,2,9,17,A01
200800073254,0,37,0,0,2,8,9,B01
200800073254,0,7,0,0,2,6,1,C01
200800073254,0,7,0,0,2,1,1,D01
200800073254,0,7,0,0,2,6,1,E01
200800073255,0,33,0,0,2,1,1,A01
200800073255,0,7,0,0,2,2,15,B01
200800073256,0,7,0,0,2,3,15,A01
200800073256,0,33,0,0,2,2,1,B01
200800073257,0,7,0,0,2,2,15,A01
200800073257,0,32,0,0,2,1,2,B01
200800073258,0,7,0,0,1,2,1,A01
200800073259,0,10,0,0,2,1,1,A01
200800073259,0,7,0,0,2,4,1,B01
200800073260,0,7,0,0,1,3,15,A01
200800073261,0,2,0,1,2,9,17,A01
200800073261,0,7,0,0,2,3,17,B01
200800073262,0,10,0,0,2,1,1,B01
200800073262,0,7,0,0,2,9,1,A01
200800073263,0,2,0,0,2,3,17,A01
200800073263,0,10,0,0,2,3,15,B01
200800073264,0,7,0,0,1,1,1,A01
200800073265,0,7,0,0,2,2,15,A01
200800073265,0,7,0,0,2,3,2,B01
200800073266,0,33,0,0,1,1,1,A01
200800073267,0,32,0,0,2,1,1,A01
200800073267,0,7,0,0,0,2,16,B01
200800073268,0,37,1,0,2,5,17,A01
200800073268,0,1,0,0,2,8,1,B01
200800073269,0,7,0,0,2,3,16,A01
200800073269,0,7,0,0,2,3,1,B01
200800073270,0,7,0,1,2,1,1,A01
200800073270,0,7,0,0,2,3,15,B01
200800073271,0,7,0,1,0,1,2,A01
200800073271,0,7,0,0,2,3,2,B01
200800073272,0,10,0,0,2,3,10,A01
200800073272,0,34,0,9,2,1,1,B01
200800073273,0,7,0,12,0,2,21,D01
200800073273,0,7,0,0,2,3,2,B01
200800073273,0,7,0,0,2,6,2,C01
200800073273,0,7,0,0,2,9,6,A01
200800073274,0,7,0,1,0,1,14,A01
200800073275,0,7,0,0,2,1,2,A01
200800073275,0,7,0,0,0,4,2,B01
200800073275,0,7,0,0,0,4,2,C01
200800073276,0,7,0,6,0,1,0,A01
200800073277,0,7,0,0,2,0,1,A01
200800073277,0,7,0,0,2,4,1,B01
200800073278,0,7,0,0,2,1,12,A01
200800073278,0,7,0,0,2,4,1,B01
200800073279,1,7,0,0,2,1,0,A01
200800073279,0,2,0,0,2,4,1,B01
200800073280,0,2,0,0,2,1,1,A01
200800073280,0,7,0,0,2,8,1,B01
200800073281,0,30,0,0,1,1,1,A01
200800073282,0,7,0,0,1,0,0,A01
200800073283,0,7,0,1,0,1,0,A01
200800073284,0,7,0,0,2,3,0,B01
200800073284,0,32,0,0,2,3,0,A01
200800073285,0,7,0,0,2,7,0,A01
200800073285,0,7,0,0,2,3,1,B01
200800073286,0,7,0,1,2,1,0,A01
200800073286,0,7,0,0,2,5,0,B01
200800073287,0,7,0,0,1,0,4,A01
200800073288,0,7,0,0,2,7,1,B01
200800073288,0,7,0,0,2,1,1,A01
200800073289,0,7,0,0,1,1,1,A01
200800073290,0,32,0,0,0,8,16,A01
200800073291,0,7,0,8,2,1,17,A01
200800073291,0,7,0,0,2,3,15,B01
200800073292,0,7,0,0,2,1,9,A01
200800073292,0,32,0,0,2,1,17,B01
200800073293,0,2,0,16,0,1,1,A01
200800073294,0,7,0,0,1,7,1,A01
200800073295,0,7,0,0,2,1,1,A01
200800073295,0,7,0,0,2,4,2,B01
200800073296,0,7,0,0,2,1,1,A01
200800073296,0,7,0,0,2,2,15,B01
200800073297,1,10,0,0,1,0,0,A01
200800073298,0,7,0,0,2,2,16,A01
200800073298,0,7,0,0,2,1,1,B01
200800073299,0,7,0,7,0,9,6,A01
200800073300,0,7,0,0,1,1,15,A01
200800073301,0,2,0,0,2,1,17,A01
200800073301,0,7,0,0,2,3,1,B01
200800073302,0,30,0,0,2,0,1,A01
200800073302,0,7,0,0,2,3,1,B01
200800073303,0,7,0,0,1,3,1,A01
200800073304,0,7,0,0,1,3,15,A01
200800073305,1,7,0,0,2,1,1,A01
200800073305,0,7,0,0,2,4,23,B01
200800073305,0,7,0,0,2,4,23,C01
200800073305,0,7,0,0,2,4,23,D01
200800073305,0,7,0,0,2,4,23,E01
200800073306,1,30,0,0,1,0,1,A01
200800073307,0,2,0,9,0,1,17,A01
200800073308,0,33,0,0,2,3,1,A01
200800073308,0,7,0,0,2,4,1,B01
200800073309,0,7,0,1,0,0,0,A01
200800073310,0,7,0,0,2,7,15,A01
200800073310,0,33,0,0,2,1,1,B01
200800073311,0,30,0,0,2,0,1,B01
200800073311,0,7,0,0,2,3,17,A01
200800073312,0,7,0,0,2,3,1,B01
200800073312,0,30,0,0,2,1,1,A01
200800073313,0,7,0,14,0,1,1,A01
200800073314,0,7,0,0,1,2,0,A01
200800073315,0,7,0,0,2,1,1,B01
200800073315,0,7,0,0,2,3,1,A01
200800073316,1,7,0,0,2,1,19,N01
200800073316,0,7,0,0,0,7,1,A01
200800073317,0,7,0,0,0,4,1,A01
200800073317,1,7,0,0,2,1,1,B01
200800073318,0,7,0,0,0,4,2,A01
200800073318,0,10,0,0,2,1,2,B01
200800073319,0,33,0,0,2,1,1,A01
200800073319,0,7,0,0,0,2,15,B01
200800073320,0,30,0,9,0,1,1,A01
200800073321,0,1,0,14,0,1,0,A01
200800073322,0,30,0,0,1,1,1,A01
200800073323,0,7,0,0,2,1,2,A01
200800073323,0,1,0,0,2,1,2,B01
200800073324,0,30,0,9,0,1,1,A01
200800073325,0,30,0,14,0,0,1,A01
200800073326,0,10,0,12,0,1,1,A01
200800073327,0,10,0,0,2,1,2,A01
200800073327,0,10,0,0,0,4,2,B01
200800073328,0,7,0,0,1,1,1,A01
200800073329,0,7,0,0,2,1,13,A01
200800073329,0,7,0,1,2,1,1,B01
200800073330,0,7,0,0,1,1,1,A01
200800073331,1,7,0,0,0,0,15,A01
200800073331,0,7,0,0,2,5,15,B01
200800073332,0,7,0,0,2,8,9,B01
200800073332,0,33,0,0,2,1,1,A01
200800073333,0,7,0,0,2,1,15,B01
200800073333,0,2,0,0,2,1,15,A01
200800073334,0,7,0,0,2,1,1,A01
200800073334,0,7,0,0,2,4,1,B01
200800073335,0,7,0,13,0,1,1,A01
200800073336,0,7,0,0,2,3,15,B01
200800073336,0,2,0,0,2,2,17,A01
200800073336,0,7,0,1,0,8,24,C01
200800073337,0,7,0,0,2,3,1,A01
200800073337,0,7,0,0,2,2,1,B01
200800073338,0,30,0,0,2,1,1,B01
200800073338,0,7,0,0,2,2,1,A01
200800073339,0,30,0,0,2,1,0,B01
200800073339,0,7,0,0,2,1,1,A01
200800073340,0,7,0,0,1,3,1,A01
200800073341,0,7,0,0,1,3,1,A01
200800073342,0,2,0,0,2,1,15,B01
200800073342,0,7,0,0,2,8,1,A01
200800073343,0,7,0,0,1,1,1,A01
200800073344,0,7,0,0,1,2,1,A01
200800073345,0,7,0,0,1,3,1,A01
200800073346,0,7,0,0,2,1,11,A01
200800073346,0,7,0,0,2,4,1,B01
200800073347,0,7,0,0,2,1,1,A01
200800073347,0,10,0,14,2,6,1,B01
200800073348,0,7,0,6,0,1,0,A01
200800073349,0,7,0,0,2,1,15,A01
200800073349,0,33,0,0,2,1,1,B01
200800073349,0,7,0,0,2,1,1,C01
200800073350,0,2,0,0,2,1,17,A01
200800073350,0,7,0,0,2,3,15,B01
200800073351,0,7,0,0,1,1,1,A01
200800073352,0,33,0,0,1,2,1,A01
200800073353,0,32,0,0,1,1,1,A01
200800073354,0,7,0,0,2,3,9,A01
200800073354,0,31,0,0,2,7,1,B01
200800073355,0,7,0,0,2,1,1,A01
200800073355,0,7,0,0,2,4,1,B01
200800073356,0,10,0,0,1,3,1,A01
200800073357,0,33,0,0,2,7,17,A01
200800073357,0,7,0,0,2,1,9,B01
200800073358,0,7,0,0,2,1,13,A01
200800073358,0,7,0,0,2,1,1,B01
200800073359,0,7,0,0,2,1,1,A01
200800073359,0,7,0,0,2,4,23,B01
200800073360,0,7,0,0,2,3,1,B01
200800073360,0,7,0,2,2,2,1,A01
200800073361,0,7,0,0,1,1,23,B01
200800073361,0,10,0,0,1,4,4,A01
200800073362,0,7,0,0,2,1,1,B01
200800073362,0,7,0,0,2,1,5,A01
200800073363,0,7,0,0,1,0,0,A01
200800073364,0,30,0,0,2,1,1,B01
200800073364,0,7,0,0,2,2,1,A01
200800073365,0,7,0,0,2,1,2,A01
200800073365,0,7,0,0,2,4,2,B01
200800073365,0,7,0,0,2,0,2,C01
200800073365,0,7,0,0,2,4,2,D01
200800073366,0,32,0,0,1,0,1,A01
200800073367,0,7,0,0,2,1,9,A01
200800073367,0,7,0,0,2,3,1,B01
200800073368,1,7,0,0,2,0,2,A01
200800073368,0,7,0,0,2,4,2,B01
200800073369,0,7,0,0,1,0,0,A01
200800073370,0,7,0,0,2,1,15,A01
200800073370,0,7,0,0,2,1,1,B01
200800073371,0,7,0,1,0,1,19,A01
200800073371,0,7,0,0,2,7,24,B01
200800073372,0,7,0,0,2,1,1,A01
200800073372,0,7,0,0,2,4,1,B01
200800073373,0,7,0,0,2,1,1,A01
200800073373,0,7,0,0,2,4,1,B01
200800073374,0,13,0,14,0,9,1,A01
200800073375,0,7,0,6,0,9,1,A01
200800073376,0,10,0,0,1,4,4,A01
200800073377,0,7,0,0,2,8,1,B01
200800073377,0,7,0,0,2,1,1,A01
200800073378,0,7,0,14,0,0,1,A01
200800073379,0,99,0,0,2,0,1,A01
200800073379,0,7,0,0,2,0,0,B01
200800073380,0,7,0,1,0,1,1,A01
200800073381,0,7,0,15,0,0,1,A01
200800073382,0,7,0,14,2,0,6,A01
200800073382,0,7,0,0,2,3,1,B01
200800073383,0,7,0,0,1,2,2,A01
200800073384,0,7,0,0,1,5,4,A01
200800073385,0,7,0,0,2,9,6,A01
200800073385,0,10,0,0,2,3,1,B01
200800073385,0,7,0,0,2,6,2,C01
200800073386,0,7,0,0,2,2,15,A01
200800073386,0,2,0,0,2,1,1,B01
200800073387,0,7,0,0,1,4,4,A01
200800073388,0,10,0,0,1,2,1,A01
200800073389,0,7,0,0,2,1,1,A01
200800073389,0,7,0,0,2,8,1,B01
200800073390,0,7,0,15,0,1,2,A01
200800073391,0,7,0,0,2,1,2,A01
200800073391,0,7,0,0,2,4,0,B01
200800073392,0,38,63,0,2,1,5,A01
200800073392,0,7,0,0,2,1,1,B01
200800073393,0,38,1,0,1,5,20,A01
200800073394,0,7,0,0,2,8,1,A01
200800073394,0,37,0,0,2,2,1,B01
200800073395,0,30,0,0,2,1,1,B01
200800073395,0,7,0,0,2,3,9,A01
200800073396,0,7,0,0,1,1,1,A01
200800073397,0,32,0,0,1,0,0,A01
200800073398,0,7,0,0,2,3,0,A01
200800073398,0,7,0,0,2,3,9,B01
200800073399,0,7,0,0,2,1,1,A01
200800073399,0,10,0,0,2,6,1,B01
200800073400,0,7,0,0,2,8,22,A01
200800073400,0,1,0,0,2,1,1,B01
200800073401,0,10,0,0,1,0,0,A01
200800073402,0,32,0,0,2,8,1,A01
200800073402,1,7,0,0,2,0,1,B01
200800073403,0,7,0,0,1,1,15,A01
200800073404,0,30,0,0,2,1,16,A01
200800073404,0,7,0,0,2,7,15,B01
200800073405,0,7,0,0,2,8,22,A01
200800073405,0,30,0,1,0,1,2,B01
200800073406,0,7,0,0,2,8,2,A01
200800073406,0,34,0,0,2,1,2,B01
200800073407,0,10,0,0,2,0,10,A01
200800073407,0,2,0,0,2,1,2,B01
200800073408,0,10,0,0,1,1,0,A01
200800073409,0,7,0,0,2,9,1,B01
200800073409,0,7,0,0,2,1,1,A01
200800073410,0,13,0,0,2,2,22,A01
200800073410,0,1,0,1,2,1,1,B01
200800073411,0,13,0,0,1,4,4,A01
200800073412,0,7,0,0,1,1,1,A01
200800073413,1,7,0,0,2,3,13,A01
200800073413,0,31,0,0,2,5,1,B01
200800073414,0,13,0,0,1,2,16,A01
200800073415,0,10,0,0,2,8,10,A01
200800073415,0,33,0,0,2,1,1,B01
200800073416,0,7,0,0,2,3,15,A01
200800073416,0,32,0,0,2,7,1,B01
200800073417,0,10,0,0,1,0,1,A01
200800073418,0,7,0,0,1,1,1,A01
200800073419,0,37,0,0,2,1,1,B01
200800073419,0,7,0,0,2,3,1,A01
200800073420,0,7,0,0,1,1,1,A01
200800073421,0,30,0,0,0,9,1,A01
200800073422,0,7,0,0,0,0,1,A01
200800073423,0,7,0,0,2,1,20,A01
200800073423,0,32,0,0,2,1,1,B01
200800073424,0,33,0,0,2,1,1,A01
200800073424,0,7,0,0,2,5,1,B01
200800073424,0,7,0,0,2,4,1,C01
200800073425,0,7,0,0,1,1,1,A01
200800073426,0,37,61,0,1,2,1,A01
200800073427,0,32,0,0,2,8,1,A01
200800073427,0,7,0,0,2,2,20,B01
200800073428,0,32,0,12,2,1,1,A01
200800073428,0,7,0,0,2,1,15,B01
200800073429,0,33,0,0,2,1,1,B01
200800073429,0,7,0,0,2,2,15,A01
200800073430,0,7,0,0,1,4,4,A01
200800073431,2,7,0,0,1,1,19,A01
200800073432,0,10,0,0,1,1,15,A01
200800073433,0,37,15,0,1,2,16,A01
200800073434,0,30,0,14,0,1,0,A01
200800073435,0,7,0,0,2,3,1,A01
200800073435,0,1,0,0,2,4,19,B01
200800073436,0,7,0,0,1,4,20,A01
200800073437,0,7,0,0,2,1,1,A01
200800073437,0,7,0,0,2,1,1,B01
200800073437,0,7,0,0,2,4,23,C01
200800073438,0,7,0,0,2,2,1,A01
200800073438,0,37,5,0,0,6,2,B01
200800073439,0,2,0,0,2,1,1,A01
200800073439,0,7,0,0,0,4,1,B01
200800073440,0,7,0,0,2,1,15,A01
200800073440,0,33,0,0,2,1,1,B01
200800073441,0,7,0,0,2,3,11,A01
200800073441,0,33,0,0,2,7,1,B01
200800073442,0,7,0,0,0,3,0,A01
200800073442,0,7,0,0,0,3,0,B01
200800073443,0,15,0,0,1,6,4,A01
200800073444,0,30,0,0,0,3,15,A01
200800073445,0,7,0,0,2,6,11,A01
200800073445,0,7,0,0,2,5,1,C01
200800073445,0,2,0,0,2,1,3,B01
200800073446,0,7,0,0,1,1,1,A01
200800073447,0,32,0,0,1,3,1,A01
200800073448,0,32,0,0,0,0,21,A01
200800073449,0,2,0,0,0,0,21,A01
200800073450,0,32,0,0,0,0,1,A01
200800073451,0,32,0,0,0,7,1,A01
200800073452,0,30,0,0,2,7,1,A01
200800073452,0,32,0,0,2,1,1,B01
200800073453,0,7,0,0,2,3,10,A01
200800073453,0,32,0,0,2,1,1,B01
200800073454,0,31,0,0,0,8,1,A01
200800073455,0,7,0,0,2,2,15,A01
200800073455,0,1,0,0,2,1,7,B01
200800073456,0,7,0,0,1,1,1,A01
200800073457,0,7,0,0,2,1,15,A01
200800073457,0,30,0,0,2,3,1,B01
200800073458,2,7,0,11,0,2,1,A01
200800073459,0,30,0,0,2,1,1,B01
200800073459,0,1,0,0,2,8,1,A01
200800073460,0,30,0,0,2,1,2,A01
200800073460,0,7,0,0,2,4,23,B01
200800073461,0,32,0,0,1,0,1,A01
200800073462,0,32,0,0,2,1,1,B01
200800073462,0,10,0,0,2,2,15,A01
200800073463,0,31,0,0,2,4,23,B01
200800073463,0,7,0,0,2,1,2,A01
200800073464,0,32,0,0,0,8,1,A01
200800073465,0,30,0,0,2,8,18,A01
200800073465,0,7,0,0,2,5,16,B01
200800073466,0,2,0,0,0,8,1,A01
200800073467,0,32,0,0,0,0,21,A01
200800073468,0,30,0,0,0,0,1,A01
200800073469,0,32,0,0,1,1,1,A01
200800073470,0,10,0,0,2,5,15,A01
200800073470,0,30,0,0,2,1,1,B01
200800073471,1,7,0,0,2,5,15,A01
200800073471,0,2,0,0,2,5,1,B01
200800073472,0,7,0,0,1,2,16,A01
200800073473,0,7,0,1,0,3,13,A01
200800073474,0,7,0,0,2,1,1,B01
200800073474,0,7,0,0,2,7,15,A01
200800073475,0,7,0,0,2,1,10,A01
200800073475,0,33,0,0,2,1,17,B01
200800073476,0,7,0,0,2,1,5,A01
200800073476,0,7,0,0,2,4,4,B01
200800073477,0,7,0,0,2,0,15,B01
200800073477,0,32,0,0,2,1,1,A01
200800073478,0,7,0,0,2,2,2,A01
200800073478,0,7,0,0,2,4,23,B01