Num_Acc,senc,catv,occutc,obs,obsm,choc,manv,num_veh
200800073478,0,7,0,0,2,4,23,C01
200800073478,0,7,0,0,2,4,23,D01
200800073479,0,7,0,0,2,6,1,B01
200800073479,0,15,0,0,2,6,12,A01
200800073480,0,7,0,0,2,6,1,B01
200800073480,0,15,0,0,2,2,1,A01
200800073481,0,7,0,0,2,6,11,B01
200800073481,0,32,0,0,2,6,3,A01
200800073482,0,33,0,0,2,7,5,A01
200800073482,0,7,0,0,2,3,15,B01
200800073483,0,1,0,0,2,4,14,A01
200800073483,0,1,0,0,2,1,7,B01
200800073484,0,32,0,15,0,0,16,A01
200800073485,0,10,0,0,2,5,22,A01
200800073485,0,30,0,0,2,3,18,B01
200800073486,0,32,0,0,0,7,1,A01
200800073487,0,7,0,0,2,3,1,B01
200800073487,0,7,0,0,2,7,1,A01
200800073488,0,32,0,0,0,0,21,A01
200800073489,0,2,0,11,0,3,17,A01
200800073490,0,2,0,0,2,2,17,A01
200800073490,0,7,0,0,2,3,9,B01
200800073491,0,30,0,0,2,1,13,A01
200800073491,0,7,0,0,2,8,1,B01
200800073492,0,32,0,0,2,1,1,A01
200800073492,0,7,0,0,2,3,10,B01
200800073493,0,7,0,0,2,8,1,A01
200800073493,2,7,0,0,2,8,1,B01
200800073494,0,7,0,0,2,1,2,A01
200800073494,0,32,0,0,2,4,23,B01
200800073495,0,7,0,0,2,3,15,A01
200800073495,0,30,0,0,2,8,15,B01
200800073496,0,7,0,0,2,8,11,A01
200800073496,0,33,0,4,2,7,1,B01
200800073497,0,33,0,0,0,8,14,A01
200800073498,0,1,0,0,2,1,17,B01
200800073498,0,14,0,0,2,3,22,A01
200800073499,0,32,0,0,2,8,3,A01
200800073499,1,7,0,0,2,2,14,B01
200800073500,1,30,0,0,2,0,1,B01
200800073500,0,1,0,0,2,1,1,A01
200800073501,0,30,0,0,2,1,2,A01
200800073501,0,7,0,0,2,4,2,B01
200800073502,0,7,0,0,2,3,22,A01
200800073502,0,1,0,0,2,1,1,B01
200800073503,0,7,0,0,2,2,15,A01
200800073503,0,30,0,0,2,1,1,B01
200800073504,0,31,0,0,1,7,16,A01
200800073505,0,7,0,0,2,1,1,B01
200800073505,0,30,0,0,2,2,1,A01
200800073506,0,7,0,11,0,3,14,A01
200800073507,0,7,0,0,2,2,15,A01
200800073507,0,32,0,0,2,1,1,B01
200800073508,0,33,0,0,2,8,1,B01
200800073508,0,7,0,0,2,2,14,A01
200800073509,0,1,0,14,0,1,1,A01
200800073510,0,33,0,0,0,8,1,A01
200800073511,0,10,0,0,1,4,4,A01
200800073512,0,7,0,0,2,1,2,B01
200800073512,0,7,0,0,2,1,2,A01
200800073513,0,10,0,0,2,8,15,B01
200800073513,0,33,0,1,2,1,17,A01
200800073514,0,10,0,0,2,5,1,A01
200800073514,0,30,0,0,2,1,1,B01
200800073515,0,7,0,0,2,2,1,B01
200800073515,0,30,0,0,2,3,13,A01
200800073516,0,7,0,1,2,1,15,B01
200800073516,0,7,0,0,2,1,1,A01
200800073517,0,32,0,0,1,1,1,A01
200800073518,0,7,0,0,2,1,15,A01
200800073518,0,33,0,0,2,3,1,B01
200800073519,0,7,0,0,2,3,15,A01
200800073519,0,30,0,0,2,8,1,B01
200800073520,0,2,0,11,0,1,17,A01
200800073521,0,10,0,14,2,1,1,B01
200800073521,0,7,0,0,2,2,1,A01
200800073522,0,33,0,0,1,3,1,A01
200800073523,0,7,0,0,2,5,1,A01
200800073523,0,7,0,0,2,3,1,B01
200800073524,0,7,0,0,2,8,11,A01
200800073524,0,31,0,0,2,7,3,B01
200800073525,0,30,0,0,1,1,1,A01
200800073526,0,7,0,0,2,6,22,A01
200800073526,0,1,0,0,2,7,17,B01
200800073527,0,1,0,0,2,8,1,B01
200800073527,0,13,0,0,2,2,14,A01
200800073528,0,30,0,0,2,1,17,A01
200800073528,0,7,0,0,2,3,15,B01
200800073529,0,7,0,7,0,1,21,A01
200800073530,0,7,0,0,2,3,16,A01
200800073530,0,7,0,0,2,2,7,B01
200800073531,0,7,0,0,2,1,15,A01
200800073531,0,10,0,8,2,1,1,B01
200800073532,0,31,0,0,2,3,18,A01
200800073532,0,31,0,0,2,5,14,B01
200800073533,0,34,0,0,0,0,21,A01
200800073534,0,33,0,0,0,4,1,A01
200800073535,0,32,0,0,1,2,15,A01
200800073536,0,32,0,0,2,1,2,B01
200800073536,0,32,0,0,2,4,2,A01
200800073537,0,7,0,0,1,1,15,A01
200800073538,1,7,0,0,1,4,4,B01
200800073539,0,31,0,0,2,7,17,A01
200800073539,0,7,0,0,2,8,13,B01
200800073540,0,1,0,8,1,3,1,A01
200800073541,0,7,0,14,0,6,14,A01
200800073542,0,30,0,0,1,1,1,A01
200800073543,0,33,0,0,0,1,3,A01
200800073544,0,33,0,0,0,1,1,A01
200800073545,0,2,0,14,0,0,14,A01
200800073546,0,34,0,0,2,1,2,A01
200800073546,0,7,0,0,2,4,23,B01
200800073547,0,7,0,0,2,3,15,A01
200800073547,0,30,0,0,2,2,1,B01
200800073548,0,34,0,0,2,8,1,B01
200800073548,0,7,0,0,2,8,22,A01
200800073549,0,7,0,0,1,1,1,A01
200800073550,0,32,0,0,2,8,18,A01
200800073550,0,7,0,0,2,2,16,B01
200800073551,0,10,0,0,2,1,1,A01
200800073551,0,2,0,0,2,7,1,B01
200800073552,0,7,0,0,1,2,1,A01
200800073553,0,7,0,0,2,1,16,B01
200800073553,0,1,0,0,2,2,7,A01
200800073554,0,1,0,0,2,1,2,A01
200800073554,0,1,0,0,2,4,2,B01
200800073555,0,7,0,0,2,2,9,A01
200800073555,0,37,1,0,2,5,1,B01
200800073556,0,7,0,11,0,3,15,A01
200800073557,0,7,0,0,2,3,10,A01
200800073557,0,33,0,1,2,1,1,B01
200800073558,0,7,0,0,1,2,1,A01
200800073559,0,32,0,0,2,7,1,A01
200800073559,0,7,0,0,2,1,1,B01
200800073560,0,7,0,0,1,4,4,A01
200800073561,0,7,0,0,1,3,1,A01
200800073562,0,7,0,0,2,3,13,A01
200800073562,0,32,0,0,2,5,17,B01
200800073563,0,7,0,0,2,1,1,A01
200800073563,0,7,0,0,2,6,1,B01
200800073563,0,7,0,0,2,6,1,C01
200800073564,0,30,0,0,1,2,1,A01
200800073565,0,7,0,0,2,1,1,A01
200800073565,0,37,1,0,2,7,1,B01
200800073566,0,17,0,0,2,7,12,A01
200800073566,0,7,0,12,2,8,1,B01
200800073567,0,2,0,0,2,7,9,A01
200800073567,0,7,0,0,2,3,1,B01
200800073568,0,7,0,0,2,1,2,A01
200800073568,0,7,0,0,2,4,23,B01
200800073568,0,7,0,0,2,4,23,C01
200800073569,0,7,0,0,1,1,1,A01
200800073570,0,30,0,0,0,8,1,A01
200800073571,0,7,0,0,1,1,1,A01
200800073572,0,32,0,0,0,8,1,A01
200800073573,0,7,0,0,1,2,1,A01
200800073574,0,10,0,0,2,3,15,B01
200800073574,0,2,0,0,2,7,15,A01
200800073575,0,7,0,0,1,8,1,A01
200800073576,0,10,0,8,0,1,1,A01
200800073577,0,1,0,0,2,1,5,A01
200800073577,0,7,0,0,2,6,1,B01
200800073578,0,7,0,0,2,8,15,B01
200800073578,0,34,0,0,2,1,17,A01
200800073579,0,10,0,0,2,3,15,A01
200800073579,0,33,0,0,2,3,1,B01
200800073580,0,7,0,0,1,4,4,A01
200800073581,0,34,0,0,0,3,15,A01
200800073582,0,7,0,0,1,1,15,A01
200800073583,0,32,0,0,1,8,1,A01
200800073584,0,32,0,0,0,2,1,A01
200800073585,0,32,0,0,2,1,1,A01
200800073585,1,7,0,0,2,7,12,B01
200800073586,0,7,0,0,2,3,1,B01
200800073586,0,33,0,0,2,1,1,A01
200800073587,0,32,0,0,1,0,1,A01
200800073588,0,31,0,0,2,8,1,A01
200800073588,1,7,0,0,2,0,12,B01
200800073589,0,34,0,0,2,3,1,A01
200800073589,1,32,0,0,2,2,13,B01
200800073590,0,7,0,0,2,4,2,A01
200800073590,0,32,0,0,2,1,2,B01
200800073591,0,7,0,0,2,1,2,A01
200800073591,0,7,0,0,2,4,2,B01
200800073592,0,30,0,0,2,7,1,B01
200800073592,0,7,0,0,2,2,16,A01
200800073593,0,30,0,0,2,7,17,B01
200800073593,0,7,0,0,2,3,15,A01
200800073594,0,7,0,0,1,2,1,A01
200800073595,0,7,0,0,2,8,22,A01
200800073595,0,1,0,0,2,1,1,B01
200800073596,0,7,0,0,2,3,10,A01
200800073596,0,32,0,0,2,7,17,B01
200800073597,0,7,0,0,2,7,22,A01
200800073597,0,33,0,0,2,1,3,B01
200800073597,0,7,0,0,2,6,1,C01
200800073598,0,7,0,0,2,3,11,A01
200800073598,0,33,0,0,2,2,1,B01
200800073599,0,7,0,0,2,6,11,A01
200800073599,0,31,0,0,2,2,3,B01
200800073600,0,10,0,0,2,3,15,A01
200800073600,0,33,0,0,2,7,1,B01
200800073601,0,30,0,0,2,8,11,A01
200800073601,0,7,0,0,2,5,12,B01
200800073602,0,34,0,0,1,7,1,A01
200800073603,0,7,0,0,2,2,9,A01
200800073603,0,33,0,0,2,1,1,B01
200800073603,0,7,0,0,2,3,1,C01
200800073604,0,1,0,0,2,7,1,A01
200800073604,0,7,0,0,2,3,1,B01
200800073605,0,30,0,0,2,0,1,A01
200800073605,0,1,0,0,2,0,1,B01
200800073606,1,7,0,0,1,1,1,A01
200800073607,0,1,0,0,2,2,7,B01
200800073607,0,2,0,8,2,8,18,A01
200800073608,0,7,0,0,2,2,1,A01
200800073608,0,1,0,0,2,8,1,B01
200800073609,0,7,0,0,2,3,17,A01
200800073609,0,31,0,0,2,3,1,B01
200800073610,0,7,0,0,2,3,15,B01
200800073610,0,30,0,0,2,3,1,A01
200800073611,0,7,0,0,2,5,1,A01
200800073611,0,33,0,0,2,2,1,B01
200800073612,0,32,0,0,1,1,17,A01
200800073613,0,2,0,0,0,2,16,A01
200800073614,0,31,0,0,2,0,13,A01
200800073614,0,15,0,0,2,1,1,B01
200800073615,1,30,0,0,1,0,16,A01
200800073616,0,31,0,0,0,8,21,A01
200800073617,1,33,0,0,1,1,7,A01
200800073618,0,33,0,0,2,1,17,A01
200800073618,0,14,0,0,2,3,1,B01
200800073619,0,32,0,0,2,2,1,A01
200800073619,0,30,0,1,2,1,1,B01
200800073620,0,7,0,0,2,2,1,A01
200800073620,0,7,0,0,2,6,1,B01
200800073620,0,7,0,0,2,4,23,C01
200800073621,2,30,0,0,1,1,1,A01
200800073622,0,1,0,0,0,0,1,A01
200800073623,0,10,0,0,1,4,4,A01
200800073624,0,33,0,7,0,7,21,A01
200800073625,0,7,0,0,2,7,11,A01
200800073625,0,31,0,0,2,8,1,B01
200800073626,0,31,0,0,2,1,2,A01
200800073626,0,7,0,0,2,6,2,B01
200800073627,0,14,0,0,2,5,1,B01
200800073627,0,33,0,14,2,5,18,A01
200800073628,0,32,0,0,2,1,1,A01
200800073628,0,1,0,1,2,4,11,B01
200800073629,0,33,0,0,1,3,1,A01
200800073630,0,7,0,0,2,4,23,B01
200800073630,0,7,0,0,2,1,2,A01
200800073631,0,7,0,0,2,4,2,B01
200800073631,0,7,0,0,2,1,23,A01
200800073632,0,10,0,0,1,2,1,A01
200800073633,0,2,0,0,1,2,17,A01
200800073634,0,33,0,0,1,1,1,A01
200800073635,0,7,0,0,2,1,2,A01
200800073635,0,7,0,0,2,4,23,B01
200800073635,0,7,0,0,2,4,23,C01
200800073636,0,30,0,0,2,3,1,B01
200800073636,0,7,0,0,2,2,1,A01
200800073637,0,7,0,0,2,3,9,A01
200800073637,0,2,0,0,2,1,1,B01
200800073638,0,7,0,0,2,6,9,A01
200800073638,0,32,0,0,2,8,1,B01
200800073639,0,7,0,0,1,1,15,A01
200800073640,0,7,0,0,2,1,15,A01
200800073640,0,33,0,0,2,2,1,B01
200800073641,0,7,0,0,2,8,10,A01
200800073641,0,32,0,0,2,1,1,B01
200800073642,0,34,0,0,1,3,1,A01
200800073643,0,7,0,0,1,1,17,A01
200800073644,0,33,0,0,1,1,17,A01
200800073645,0,31,0,0,2,8,1,A01
200800073645,0,7,0,0,2,7,12,B01
200800073646,0,10,0,14,0,1,1,A01
200800073647,0,7,0,0,2,3,13,A01
200800073647,0,13,0,0,2,2,1,B01
200800073647,0,10,0,0,2,3,1,C01
200800073648,0,10,0,0,2,1,2,A01
200800073648,0,7,0,0,2,4,23,B01
200800073648,0,7,0,0,2,4,23,C01
200800073649,0,33,0,0,2,2,2,A01
200800073649,0,10,0,0,2,6,2,B01
200800073650,0,7,0,0,2,2,1,A01
200800073650,0,32,0,0,2,3,18,B01
200800073651,0,7,0,0,2,2,15,A01
200800073651,0,33,0,0,2,1,1,B01
200800073652,1,7,0,0,2,0,1,B01
200800073652,0,31,0,0,2,1,1,A01
200800073653,0,31,0,0,0,1,1,A01
200800073654,0,2,0,0,0,0,1,A01
200800073655,0,7,0,0,2,5,15,A01
200800073655,0,33,0,0,2,1,1,B01
200800073656,0,33,0,0,0,0,21,A01
200800073657,1,30,0,0,1,0,1,A01
200800073658,0,10,0,0,1,3,1,A01
200800073659,0,10,0,0,2,3,15,A01
200800073659,0,31,0,0,2,3,17,B01
200800073660,0,30,0,0,2,1,2,A01
200800073660,0,7,0,0,2,6,23,B01
200800073661,0,33,0,0,1,1,1,A01
200800073662,0,33,0,0,0,6,1,A01
200800073663,0,7,0,0,2,5,15,A01
200800073663,0,33,0,0,2,1,1,B01
200800073664,0,32,0,0,2,1,1,A01
200800073664,0,7,0,0,2,3,1,B01
200800073665,0,32,0,0,2,2,15,B01
200800073665,0,37,40,0,2,6,15,A01
200800073666,0,31,0,0,2,1,17,A01
200800073666,0,1,0,0,2,8,1,B01
200800073667,0,30,0,8,1,3,5,A01
200800073668,0,7,0,4,0,1,14,A01
200800073669,0,7,0,0,2,1,2,A01
200800073669,0,7,0,0,2,4,2,B01
200800073670,0,7,0,0,2,3,11,A01
200800073670,0,33,0,0,2,7,3,B01
200800073670,0,10,0,0,2,6,1,C01
200800073671,0,33,0,0,2,8,1,B01
200800073671,0,7,0,0,2,7,12,A01
200800073672,0,30,0,0,0,0,21,A01
200800073673,0,10,0,0,1,2,15,A01
200800073674,0,7,0,0,2,1,2,A01
200800073674,0,33,0,0,2,4,2,B01
200800073675,0,7,0,0,1,2,1,A01
200800073676,0,30,0,0,0,7,1,A01
200800073677,0,7,0,0,2,7,16,A01
200800073677,0,7,0,0,2,3,7,B01
200800073678,0,30,0,0,0,0,21,A01
200800073679,0,7,0,14,0,2,1,A01
200800073680,0,32,0,0,0,0,17,A01
200800073681,0,7,0,11,0,1,14,A01
200800073682,0,37,2,0,1,3,7,A01
200800073683,0,7,0,0,1,8,1,A01
200800073684,0,7,0,0,2,1,2,A01
200800073684,0,7,0,0,2,4,2,B01
200800073685,0,7,0,0,1,2,1,A01
200800073686,0,7,0,0,2,1,2,A01
200800073686,0,7,0,0,2,4,23,B01
200800073687,0,10,0,0,2,3,1,A01
200800073687,0,33,0,0,2,1,1,B01
200800073688,0,37,3,0,2,0,1,A01
200800073688,0,30,0,0,2,0,18,B01
200800073689,0,7,0,0,2,4,1,D01
200800073689,0,10,0,0,2,1,1,E01
200800073689,0,13,0,0,2,7,11,A01
200800073689,0,7,0,0,2,3,1,B01
200800073689,0,7,0,4,2,9,1,C01
200800073690,1,7,0,0,2,0,18,A01
200800073690,0,33,0,3,2,6,1,B01
200800073691,0,7,0,4,2,4,2,A01
200800073691,1,7,0,0,2,1,2,B01
200800073692,0,33,0,0,2,1,2,A01
200800073692,0,7,0,0,2,7,23,B01
200800073692,0,7,0,0,2,7,23,C01
200800073693,0,30,0,0,0,1,1,A01
200800073694,0,32,0,0,0,0,16,A01
200800073695,0,7,0,0,2,4,2,A01
200800073695,1,10,0,0,2,1,2,C01
200800073695,0,7,0,0,2,4,2,B01
200800073696,0,2,0,0,2,1,1,B01
200800073696,0,7,0,0,2,2,10,A01
200800073697,0,30,0,8,0,3,1,A01
200800073698,0,7,0,1,0,6,13,A01
200800073699,0,31,0,0,0,1,1,A01
200800073700,0,7,0,1,0,1,14,A01
200800073701,0,32,0,0,0,0,1,A01
200800073702,0,2,0,1,2,7,5,A01
200800073702,0,7,0,0,2,2,1,B01
200800073703,0,7,0,0,2,1,2,A01
200800073703,0,7,0,1,2,4,2,B01
200800073704,0,7,0,0,2,3,1,B01
200800073704,0,7,0,9,2,2,1,A01
200800073705,0,10,0,0,2,2,1,A01
200800073705,0,1,0,0,2,1,19,B01
200800073706,0,30,0,0,2,1,9,A01
200800073706,0,7,0,0,2,7,1,B01
200800073707,0,31,0,0,2,7,1,B01
200800073707,1,7,0,0,2,0,1,A01
200800073708,0,7,0,0,2,3,16,A01
200800073708,0,7,0,0,2,5,23,B01
200800073709,0,7,0,0,2,0,15,B01
200800073709,0,32,0,0,2,7,1,A01
200800073710,2,7,0,5,0,1,14,A01
200800073711,0,31,0,9,0,1,14,A01
200800073712,0,31,0,0,0,8,1,A01
200800073713,0,32,0,0,0,1,1,A01
200800073714,0,30,0,0,2,2,17,A01
200800073714,1,7,0,0,2,0,13,B01
200800073715,0,34,0,0,2,7,17,A01
200800073715,0,33,0,0,2,8,23,B01
200800073715,0,7,0,0,2,3,23,C01
200800073716,0,30,0,0,2,1,5,A01
200800073716,0,7,0,0,2,6,15,B01
200800073717,1,7,0,0,1,0,1,A01
200800073718,0,30,0,0,2,8,1,A01
200800073718,1,7,0,0,2,2,17,B01
200800073719,0,1,0,0,0,0,1,A01
200800073720,0,32,0,0,2,2,17,A01
200800073720,1,7,0,0,2,0,15,B01
200800073721,0,7,0,0,2,2,15,A01
200800073721,0,7,0,0,2,1,1,B01
200800073722,0,2,0,0,2,1,13,A01
200800073722,0,7,0,0,2,1,1,B01
200800073723,0,7,0,0,1,2,16,A01
200800073724,0,7,0,0,2,5,22,B01
200800073724,0,1,0,0,2,1,18,A01
200800073725,0,7,0,0,2,3,10,A01
200800073725,0,31,0,0,2,7,17,B01
200800073726,0,31,0,1,1,1,17,A01
200800073727,0,32,0,1,0,5,13,A01
200800073728,0,32,0,0,2,8,1,B01
200800073728,0,7,0,0,2,2,16,A01
200800073729,0,1,0,0,2,4,14,A01
200800073729,0,7,0,0,2,1,1,B01
200800073730,0,7,0,0,1,3,15,A01
200800073731,0,2,0,15,0,2,14,A01
200800073732,0,33,0,0,2,2,3,A01
200800073732,1,7,0,0,2,3,11,C01
200800073732,0,7,0,0,2,2,1,B01
200800073733,0,34,0,0,2,1,16,A01
200800073733,0,30,0,0,2,8,23,B01
200800073734,0,7,0,0,2,4,4,A01
200800073734,0,32,0,0,2,0,1,B01
200800073735,0,7,0,0,1,3,1,A01
200800073736,1,7,0,0,1,1,1,A01
200800073737,0,33,0,0,2,0,2,B01
200800073737,0,7,0,0,2,0,2,A01
200800073738,0,31,0,0,0,0,21,A01
200800073739,0,2,0,0,0,0,1,A01
200800073740,0,34,0,0,0,0,21,A01
200800073741,0,30,0,0,1,1,1,A01
200800073742,0,7,0,7,1,1,13,A01
200800073743,0,30,0,0,0,0,1,A01
200800073744,0,30,0,0,0,0,1,A01
200800073745,0,32,0,14,0,8,21,A01
200800073746,0,7,0,0,2,4,23,C01
200800073746,0,7,0,0,2,1,2,A01
200800073746,0,7,0,0,2,4,2,B01
200800073747,0,32,0,0,0,0,21,A01
200800073748,0,7,0,0,2,1,2,A01
200800073748,0,30,0,0,2,4,23,B01
200800073749,0,30,0,0,1,1,1,A01
200800073750,0,7,0,0,1,1,1,A01
200800073751,0,31,0,0,1,1,17,A01
200800073752,0,30,0,0,2,1,2,A01
200800073752,0,10,0,0,2,4,23,B01
200800073753,0,33,0,0,1,1,1,A01
200800073754,0,1,0,0,2,1,2,A01
200800073754,0,7,0,0,2,4,23,B01
200800073755,0,3,0,0,2,2,1,A01
200800073755,0,33,0,0,2,1,1,B01
200800073756,1,10,0,0,1,1,15,A01
200800073757,0,30,0,0,0,0,1,A01
200800073758,0,30,0,0,1,1,1,A01
200800073759,0,7,0,0,2,2,10,A01
200800073759,0,2,0,0,2,8,17,B01
200800073760,0,7,0,0,1,1,15,A01
200800073761,0,32,0,0,0,0,1,A01
200800073762,0,30,0,0,0,8,1,A01
200800073763,0,32,0,12,0,7,1,A01
200800073764,0,7,0,0,2,3,1,B01
200800073764,0,30,0,0,2,2,17,A01
200800073765,0,10,0,0,1,1,9,A01
200800073766,0,33,0,0,1,1,17,A01
200800073767,0,7,0,4,0,9,14,A01
200800073768,0,7,0,0,2,2,12,A01
200800073768,0,31,0,0,2,6,3,B01
200800073769,0,37,1,0,1,3,1,A01
200800073770,0,1,0,0,2,1,7,A01
200800073770,0,10,0,0,2,8,22,B01
200800073771,0,2,0,0,1,1,1,A01
200800073772,0,33,0,0,0,0,1,A01
200800073773,0,32,0,14,0,0,7,A01
200800073774,0,32,0,14,0,1,14,A01
200800073775,0,37,46,9,1,2,7,A01
200800073776,0,30,0,0,2,6,11,A01
200800073776,0,7,0,0,2,2,1,B01
200800073777,0,34,0,0,1,8,1,A01
200800073778,0,7,0,0,1,2,1,A01
200800073779,0,7,0,0,1,6,4,A01
200800073780,0,3,0,14,0,3,14,A01
200800073781,0,32,0,0,1,5,7,A01
200800073782,0,33,0,0,0,2,9,A01
200800073783,0,33,0,0,2,1,5,A01
200800073783,0,7,0,0,2,3,13,B01
200800073784,0,10,0,0,2,1,2,A01
200800073784,0,10,0,0,2,4,2,B01
200800073785,0,33,0,0,2,1,14,A01
200800073785,0,7,0,0,2,5,1,B01
200800073786,0,2,0,0,0,7,1,A01
200800073787,0,10,0,0,2,7,12,A01
200800073787,0,1,0,0,2,7,7,B01
200800073788,0,33,0,0,2,1,5,B01
200800073788,0,7,0,0,2,6,10,A01
200800073789,0,2,0,0,2,0,11,A01
200800073789,0,33,0,0,2,0,1,B01
200800073790,1,3,0,0,2,0,15,A01
200800073790,0,32,0,0,2,7,1,B01
200800073791,0,2,0,0,2,1,2,A01
200800073791,0,7,0,0,2,6,23,B01
200800073792,0,34,0,15,0,1,14,A01
200800073793,0,13,0,0,1,7,1,A01
200800073794,0,30,0,0,2,1,2,A01
200800073794,0,7,0,0,2,4,23,B01
200800073795,0,7,0,0,2,8,22,A01
200800073795,0,1,0,0,2,4,1,B01
200800073796,0,30,0,0,2,1,1,B01
200800073796,0,7,0,0,2,2,9,A01
200800073797,0,7,0,0,1,3,15,A01
200800073798,0,33,0,0,2,7,16,A01
200800073798,0,7,0,0,2,3,1,B01
200800073799,0,1,0,8,2,1,1,B01
200800073799,0,7,0,0,2,0,22,A01
200800073800,0,7,0,0,2,3,1,C01
200800073800,0,10,0,0,2,7,2,B01
200800073800,0,32,0,0,2,1,2,A01
200800073801,0,7,0,0,2,1,1,B01
200800073801,0,7,0,0,2,7,1,A01
200800073802,0,32,0,0,1,3,1,A01
200800073803,0,33,0,0,2,1,1,A01
200800073803,0,7,0,15,2,5,15,B01
200800073804,0,33,0,0,2,7,18,A01
200800073804,0,7,0,0,2,2,1,B01
200800073805,0,7,0,0,2,1,2,A01
200800073805,0,7,0,0,2,4,16,B01
200800073806,0,7,0,0,2,7,1,A01
200800073806,0,30,0,0,2,1,1,B01
200800073807,0,7,0,12,0,2,14,A01
200800073808,0,7,0,0,1,5,20,A01
200800073809,0,30,0,0,2,1,1,B01
200800073809,0,32,0,0,2,8,21,A01
200800073810,0,7,0,0,1,1,15,A01
200800073811,0,7,0,0,1,1,17,A01
200800073812,0,7,0,0,2,2,1,A01
200800073812,0,31,0,0,2,6,11,B01
200800073813,0,13,0,0,2,7,1,A01
200800073813,0,7,0,0,2,1,1,B01
200800073814,0,7,0,0,1,3,1,A01
200800073815,0,10,0,0,1,3,1,A01
200800073816,0,31,0,0,0,8,3,A01
200800073817,0,7,0,0,2,0,22,A01
200800073817,0,30,0,0,2,0,7,B01
200800073817,0,37,0,0,2,0,23,C01
200800073818,0,7,0,0,2,3,22,A01
200800073818,0,2,0,0,2,7,1,B01
200800073819,0,2,0,0,2,0,1,A01
200800073819,0,7,0,0,2,0,13,B01
200800073820,0,32,0,0,0,0,1,A01
200800073821,0,7,0,0,2,3,22,A01
200800073821,0,37,5,0,2,5,17,B01
200800073822,0,33,0,0,2,2,17,A01
200800073822,0,7,0,0,2,3,13,B01
200800073823,0,7,0,0,2,1,1,A01
200800073823,0,32,0,0,2,2,1,B01
200800073824,0,13,0,6,0,4,1,A01
200800073825,0,7,0,0,2,2,17,A01
200800073825,0,38,10,0,2,8,15,B01
200800073826,0,7,0,0,2,3,22,A01
200800073826,0,1,0,14,2,1,1,B01
200800073827,0,30,0,14,0,2,2,A01
200800073828,0,31,0,0,0,8,17,A01
200800073829,0,33,0,0,2,1,17,A01
200800073829,0,10,0,0,2,8,10,B01
200800073830,0,2,0,14,2,2,18,A01
200800073830,0,7,0,0,2,5,23,B01
200800073831,0,2,0,0,2,1,17,A01
200800073831,0,7,0,0,2,3,15,B01
200800073832,0,7,0,0,1,2,15,A01
200800073833,0,1,0,0,0,0,21,A01
200800073834,0,33,0,0,2,7,1,B01
200800073834,0,7,0,0,2,8,11,A01
200800073835,0,33,0,0,2,1,1,B01
200800073835,0,7,0,0,2,6,15,A01
200800073836,0,30,0,0,2,1,11,A01
200800073836,0,7,0,0,2,5,1,B01
200800073837,0,34,0,0,2,8,15,B01
200800073837,0,2,0,0,2,1,1,A01
200800073838,0,2,0,0,0,7,1,A01
200800073839,0,7,0,0,2,2,12,A01
200800073839,0,31,0,0,2,3,1,B01
200800073840,0,7,0,0,2,2,22,A01
200800073840,0,31,0,0,2,1,1,B01
200800073841,0,7,0,0,2,1,2,A01
200800073841,0,7,0,0,2,4,23,B01
200800073842,0,2,0,0,2,3,7,A01
200800073842,0,37,0,0,2,5,17,B01
200800073843,0,7,0,0,2,2,20,A01
200800073843,0,32,0,0,2,1,1,B01
200800073844,0,31,0,0,1,0,1,A01
200800073845,0,37,1,0,1,2,16,A01
200800073846,0,30,0,0,0,0,1,A01
200800073847,0,3,0,0,2,7,9,A01
200800073847,0,2,0,0,2,1,1,B01
200800073848,0,7,0,0,1,4,4,A01
200800073849,0,33,0,0,0,8,1,A01
200800073850,0,32,0,0,1,1,1,A01
200800073851,0,33,0,0,2,7,1,B01
200800073851,0,7,0,0,2,7,12,A01
200800073852,0,7,0,0,2,1,12,A01
200800073852,0,33,0,0,2,8,3,B01
200800073852,0,7,0,0,2,6,2,C01
200800073853,0,2,0,0,2,2,2,A01
200800073853,0,10,0,0,2,0,2,B01
200800073854,0,32,0,0,0,7,21,A01
200800073855,0,2,0,0,0,7,1,A01
200800073856,0,30,0,0,0,8,1,A01
200800073857,0,7,0,0,1,2,15,A01
200800073858,0,7,0,0,2,3,15,B01
200800073858,0,32,0,0,2,5,5,A01
200800073859,0,33,0,0,2,1,1,A01
200800073859,1,7,0,0,2,5,14,B01
200800073860,0,7,0,15,2,3,1,A01
200800073860,0,7,0,0,2,1,1,B01
200800073861,0,20,0,0,1,4,4,A01
200800073862,0,7,0,0,2,3,10,A01
200800073862,0,7,0,0,2,2,1,B01
200800073863,0,30,0,0,2,2,2,A01
200800073863,0,10,0,0,2,4,23,B01
200800073864,0,7,0,0,2,4,22,A01
200800073864,0,32,0,0,2,7,5,C01
200800073864,0,7,0,0,2,4,2,B01
200800073864,1,7,0,0,2,0,2,D01
200800073865,0,7,0,0,2,0,22,A01
200800073865,0,30,0,0,2,7,1,B01
200800073866,0,10,0,0,1,3,1,A01