Num_Acc,senc,catv,occutc,obs,obsm,choc,manv,num_veh
200800074236,0,7,0,0,0,7,1,B01
200800074237,0,7,0,0,0,6,1,C01
200800074237,0,7,0,0,2,2,12,A01
200800074237,0,7,0,3,2,6,1,B01
200800074238,0,7,0,0,9,1,1,C01
200800074238,0,7,0,0,2,1,11,A01
200800074238,0,7,0,3,0,2,1,B01
200800074239,0,7,0,0,0,6,2,A01
200800074239,0,7,0,0,2,2,2,B01
200800074240,0,7,0,0,2,4,2,B01
200800074240,0,7,0,0,2,1,2,C01
200800074240,0,7,0,0,0,4,2,A01
200800074241,0,7,0,13,0,1,1,A01
200800074242,0,7,0,0,2,1,2,A01
200800074242,0,7,0,0,2,4,2,B01
200800074243,0,7,0,3,0,2,12,A01
200800074243,0,7,0,0,2,3,21,B01
200800074244,0,7,0,2,2,1,1,A01
200800074244,0,15,0,3,0,2,1,B01
200800074245,0,10,0,13,0,1,1,A01
200800074246,0,7,0,0,2,1,14,A01
200800074246,0,10,0,0,0,4,20,B01
200800074247,0,14,0,4,2,3,13,A01
200800074247,0,10,0,3,2,7,17,B01
200800074248,0,10,0,0,2,1,2,A01
200800074248,0,7,0,0,2,4,2,B01
200800074248,0,7,0,0,2,4,2,C01
200800074249,0,7,0,4,0,3,1,A01
200800074250,1,10,0,0,2,1,2,A01
200800074250,0,7,0,0,2,4,2,B01
200800074250,0,38,1,0,2,4,2,C01
200800074251,0,7,0,4,0,7,2,A01
200800074252,0,7,0,4,0,1,1,A01
200800074253,0,15,0,0,2,2,12,A01
200800074253,0,7,0,0,2,6,1,B01
200800074254,0,10,0,0,2,4,2,C01
200800074254,0,7,0,0,2,4,2,B01
200800074254,0,7,0,0,2,1,2,A01
200800074255,0,7,0,0,2,1,2,A01
200800074255,0,17,0,0,0,4,2,B01
200800074256,0,7,0,0,2,4,9,A01
200800074256,0,17,0,0,2,1,2,B01
200800074257,0,7,0,4,0,3,16,A01
200800074258,0,17,0,0,2,2,12,A01
200800074258,0,7,0,0,2,3,1,B01
200800074259,0,7,0,4,0,8,1,A01
200800074260,0,7,0,0,2,2,11,A01
200800074260,0,7,0,0,2,1,21,B01
200800074260,0,15,0,0,2,3,1,C01
200800074261,0,7,0,0,1,2,21,A01
200800074262,0,32,0,0,2,1,2,A01
200800074262,0,7,0,0,2,6,2,B01
200800074263,0,7,0,0,2,8,0,B01
200800074263,0,7,0,0,2,1,1,A01
200800074264,0,15,0,0,2,2,2,A01
200800074264,0,7,0,0,0,6,2,B01
200800074265,0,7,0,0,2,1,14,A01
200800074265,0,10,0,0,0,8,1,B01
200800074266,0,10,0,3,0,1,14,A01
200800074267,0,7,0,0,2,3,2,B01
200800074267,0,7,0,0,0,0,1,A01
200800074268,0,7,0,0,2,1,2,B01
200800074268,0,7,0,0,0,4,1,A01
200800074269,0,33,0,0,0,0,1,A01
200800074270,0,7,0,0,2,1,2,D01
200800074270,0,7,0,0,2,1,2,C01
200800074270,0,7,0,0,2,2,2,B01
200800074270,0,10,0,0,0,4,2,A01
200800074271,0,7,0,4,0,1,1,A01
200800074272,0,10,0,5,2,1,1,B01
200800074272,0,7,0,0,2,1,12,A01
200800074273,0,7,0,0,1,2,1,A01
200800074274,0,7,0,0,2,8,1,E01
200800074274,0,7,0,0,2,4,23,D01
200800074274,0,33,0,1,2,1,2,C01
200800074274,0,7,0,0,2,1,2,B01
200800074274,0,7,0,0,0,4,1,A01
200800074275,0,7,0,0,2,6,1,A01
200800074275,1,99,0,0,2,7,12,B01
200800074276,0,33,0,0,0,3,21,A01
200800074276,0,33,0,0,0,3,21,B01
200800074277,0,7,0,3,0,3,1,A01
200800074278,0,7,0,0,2,1,2,B01
200800074278,0,7,0,0,0,4,1,A01
200800074279,0,7,0,0,0,4,1,A01
200800074279,0,7,0,0,2,1,1,B01
200800074280,0,7,0,0,2,4,2,A01
200800074280,0,7,0,0,2,1,2,B01
200800074280,0,7,0,0,2,1,2,C01
200800074281,0,7,0,0,0,5,9,A01
200800074281,0,32,0,0,2,1,18,B01
200800074282,0,33,0,16,0,7,1,A01
200800074283,0,10,0,0,2,1,2,C01
200800074283,0,7,0,0,2,4,1,B01
200800074283,0,7,0,0,0,4,1,A01
200800074284,0,7,0,3,0,4,1,A01
200800074285,0,7,0,0,2,1,2,C01
200800074285,0,7,0,0,2,1,2,B01
200800074285,0,7,0,0,0,4,2,A01
200800074286,0,7,0,3,0,1,0,A01
200800074287,0,7,0,0,0,5,1,A01
200800074287,0,7,0,0,2,1,2,B01
200800074288,0,31,0,0,2,3,2,B01
200800074288,0,7,0,0,2,2,19,A01
200800074289,0,7,0,0,0,4,1,A01
200800074289,0,7,0,0,2,1,2,B01
200800074290,0,7,0,0,0,0,1,A01
200800074290,0,10,0,0,2,2,12,B01
200800074291,0,7,0,0,2,6,0,B01
200800074291,0,7,0,0,2,3,0,A01
200800074291,0,7,0,4,2,2,0,C01
200800074292,0,7,0,0,9,2,12,A01
200800074292,0,33,0,0,2,4,1,B01
200800074292,0,7,0,4,2,3,21,C01
200800074293,0,7,0,0,0,6,1,A01
200800074293,0,7,0,16,2,2,2,B01
200800074294,0,7,0,4,2,6,1,B01
200800074294,0,7,0,0,2,1,1,A01
200800074295,0,34,0,0,0,0,2,A01
200800074296,0,7,0,0,2,6,2,A01
200800074296,0,7,0,1,2,2,2,B01
200800074296,0,7,0,0,2,8,1,C01
200800074297,0,7,0,0,2,1,1,C01
200800074297,0,7,0,0,2,1,1,B01
200800074297,0,7,0,0,9,4,1,A01
200800074298,0,7,0,3,0,3,0,A01
200800074299,0,7,0,3,0,4,1,A01
200800074300,0,33,0,0,0,8,0,A01
200800074301,0,7,0,0,0,9,2,A01
200800074302,0,31,0,0,0,7,1,A01
200800074303,0,7,0,0,2,5,2,B01
200800074303,0,7,0,4,2,3,2,A01
200800074303,0,7,0,0,2,1,2,C01
200800074304,0,7,0,0,2,1,2,A01
200800074304,0,7,0,0,2,4,2,B01
200800074304,0,7,0,0,2,4,2,C01
200800074305,0,7,0,0,0,4,1,D01
200800074305,0,7,0,0,2,4,2,C01
200800074305,0,7,0,0,2,4,2,B01
200800074305,0,10,0,0,2,1,2,A01
200800074306,0,33,0,0,2,2,3,B01
200800074306,0,7,0,0,0,8,1,A01
200800074307,0,33,0,0,2,7,1,C01
200800074307,0,99,0,0,0,6,1,B01
200800074307,0,7,0,0,2,8,11,A01
200800074308,0,33,0,0,0,0,0,A01
200800074309,0,17,0,0,2,2,2,A01
200800074309,0,7,0,0,2,6,2,B01
200800074310,0,33,0,0,0,0,11,B01
200800074310,0,7,0,0,2,6,11,A01
200800074311,0,10,0,0,2,6,11,B01
200800074311,0,7,0,4,2,5,1,A01
200800074312,0,34,0,0,2,8,2,A01
200800074312,0,7,0,0,2,4,11,B01
200800074313,0,7,0,0,0,2,1,A01
200800074314,0,7,0,0,2,1,1,B01
200800074314,0,7,0,0,2,4,1,C01
200800074314,0,7,0,0,2,1,1,D01
200800074314,0,7,0,0,2,4,1,A01
200800074315,0,7,0,4,0,1,0,A01
200800074316,0,7,0,4,0,3,0,A01
200800074317,0,7,0,4,0,1,1,A01
200800074318,0,7,0,0,0,9,0,A01
200800074319,0,32,0,0,2,1,1,B01
200800074319,0,7,0,0,2,7,14,A01
200800074320,0,33,0,0,0,8,3,A01
200800074321,0,7,0,0,1,0,0,B01
200800074321,0,7,0,0,2,0,0,A01
200800074321,0,15,0,0,2,1,0,C01
200800074322,0,7,0,0,2,3,0,B01
200800074322,0,7,0,0,2,3,5,A01
200800074323,0,7,0,0,2,1,1,B01
200800074323,0,10,0,0,0,4,23,A01
200800074324,0,33,0,0,2,7,2,B01
200800074324,0,7,0,0,2,8,11,A01
200800074325,0,7,0,0,2,7,1,B01
200800074325,0,10,0,0,2,2,1,A01
200800074325,0,7,0,0,2,1,1,C01
200800074326,0,7,0,0,0,4,0,B01
200800074326,0,7,0,0,2,1,0,A01
200800074327,0,7,0,0,2,4,1,C01
200800074327,0,7,0,4,2,3,1,B01
200800074327,0,15,0,0,2,2,12,A01
200800074328,0,7,0,6,0,8,13,A01
200800074329,0,10,0,0,2,1,1,B01
200800074329,0,7,0,0,2,1,0,D01
200800074329,0,10,0,0,2,1,1,C01
200800074329,0,7,0,0,2,1,1,A01
200800074330,0,7,0,0,2,6,2,B01
200800074330,0,33,0,0,2,2,2,A01
200800074331,0,7,0,4,0,1,1,A01
200800074332,0,7,0,0,2,1,2,B01
200800074332,0,15,0,0,2,2,12,A01
200800074333,0,7,0,4,2,2,1,B01
200800074333,0,7,0,0,2,8,11,A01
200800074334,0,33,0,0,2,1,1,A01
200800074334,0,10,0,0,2,4,1,B01
200800074335,0,7,0,0,2,8,2,C01
200800074335,0,7,0,0,2,3,11,B01
200800074335,0,33,0,4,2,2,2,A01
200800074336,0,10,0,0,2,3,1,C01
200800074336,0,15,0,0,2,6,1,B01
200800074336,0,7,0,4,2,2,14,A01
200800074337,0,15,0,0,2,1,1,B01
200800074337,0,14,0,4,0,2,1,A01
200800074338,0,31,0,0,2,2,3,B01
200800074338,0,10,0,0,2,8,11,A01
200800074339,0,14,0,0,2,1,2,C01
200800074339,0,10,0,0,2,4,2,B01
200800074339,0,7,0,0,2,4,2,A01
200800074340,0,7,0,0,0,4,2,A01
200800074340,0,7,0,0,2,1,2,C01
200800074340,0,7,0,0,2,1,2,B01
200800074340,0,7,0,0,2,1,2,D01
200800074341,0,7,0,0,2,6,2,C01
200800074341,0,7,0,0,2,4,2,B01
200800074341,0,33,0,0,2,1,2,A01
200800074342,0,7,0,0,2,3,0,D01
200800074342,0,7,0,0,2,1,2,C01
200800074342,0,33,0,0,2,7,2,B01
200800074342,0,7,0,0,0,4,2,A01
200800074343,0,7,0,0,2,4,2,B01
200800074343,0,7,0,0,2,1,2,A01
200800074344,0,32,0,0,2,4,18,A01
200800074344,0,33,0,0,2,1,18,B01
200800074345,0,7,0,0,0,3,0,A01
200800074346,0,7,0,0,2,1,1,B01
200800074346,0,7,0,0,0,4,1,A01
200800074347,0,32,0,0,2,7,3,A01
200800074347,0,7,0,0,2,8,14,B01
200800074348,0,33,0,0,2,3,2,B01
200800074348,0,7,0,0,2,2,14,A01
200800074349,0,7,0,0,0,4,2,A01
200800074349,0,7,0,0,2,1,2,B01
200800074350,0,7,0,10,0,1,1,A01
200800074351,0,7,0,0,2,4,1,B01
200800074351,0,7,0,0,2,7,1,A01
200800074352,0,33,0,0,0,8,2,A01
200800074353,0,10,0,0,2,1,2,C01
200800074353,0,7,0,0,2,1,2,B01
200800074353,0,7,0,0,2,4,2,A01
200800074354,0,7,0,0,2,7,1,B01
200800074354,0,7,0,0,2,8,13,A01
200800074355,0,7,0,4,2,7,1,B01
200800074355,0,14,0,0,2,6,21,A01
200800074356,0,7,0,0,6,1,2,A01
200800074357,0,7,0,0,0,6,1,A01
200800074358,0,7,0,0,0,9,2,A01
200800074359,0,7,0,0,2,1,2,B01
200800074359,0,7,0,0,2,4,1,A01
200800074360,0,7,0,0,2,4,1,B01
200800074360,0,31,0,0,2,1,0,A01
200800074361,0,13,0,0,2,1,2,B01
200800074361,0,7,0,0,2,4,2,A01
200800074362,0,7,0,0,2,1,1,B01
200800074362,0,7,0,0,2,4,1,A01
200800074363,0,7,0,10,0,8,13,A01
200800074364,0,7,0,0,2,4,2,B01
200800074364,0,7,0,0,2,1,2,A01
200800074365,0,7,0,12,1,6,2,B01
200800074365,0,7,0,12,0,6,1,A01
200800074366,0,32,0,0,0,7,11,A01
200800074367,0,7,0,0,2,8,2,A01
200800074368,0,7,0,0,0,9,1,A01
200800074369,0,7,0,13,0,4,21,A01
200800074370,0,31,0,0,2,3,3,A01
200800074370,0,7,0,0,2,5,12,B01
200800074371,0,7,0,0,2,1,2,A01
200800074371,0,7,0,0,2,4,2,B01
200800074371,0,7,0,0,2,4,2,C01
200800074371,0,7,0,0,2,4,2,D01
200800074371,0,7,0,0,0,4,2,E01
200800074372,0,33,0,0,2,7,3,A01
200800074372,0,10,0,0,2,6,12,B01
200800074373,0,33,0,16,0,0,1,A01
200800074374,0,31,0,0,2,1,2,A01
200800074374,0,33,0,0,0,4,23,B01
200800074375,0,7,0,12,0,3,2,A01
200800074376,0,33,0,0,2,2,3,A01
200800074376,0,7,0,0,2,3,11,B01
200800074377,0,33,0,0,2,1,3,A01
200800074377,0,7,0,0,2,5,12,B01
200800074378,0,10,0,0,2,1,2,A01
200800074378,0,7,0,0,2,4,2,B01
200800074379,0,7,0,0,2,0,21,A01
200800074380,0,7,0,4,0,0,21,A01
200800074380,0,7,0,0,2,0,0,B01
200800074380,1,7,0,0,0,0,0,C01
200800074381,0,7,0,14,0,1,1,A01
200800074381,0,7,0,0,2,4,2,B01
200800074381,0,7,0,0,0,4,2,C01
200800074381,0,7,0,0,0,4,2,D01
200800074382,0,33,0,0,2,7,2,A01
200800074383,0,7,0,0,2,6,2,A01
200800074383,0,7,0,0,2,1,2,B01
200800074383,0,7,0,0,2,5,2,C01
200800074384,0,7,0,0,2,1,2,A01
200800074384,0,7,0,0,0,4,2,B01
200800074385,0,7,0,0,2,1,2,A01
200800074385,0,7,0,0,0,4,2,B01
200800074386,1,7,0,0,2,5,12,A01
200800074386,0,31,0,0,2,3,17,B01
200800074387,0,34,0,0,0,0,0,A01
200800074388,0,7,0,0,2,6,11,A01
200800074388,0,7,0,0,2,2,2,B01
200800074389,0,7,0,4,2,0,0,A01
200800074390,0,7,0,4,0,2,1,A01
200800074391,0,7,0,0,2,1,1,A01
200800074391,0,7,0,0,0,4,23,B01
200800074392,0,7,0,0,2,2,9,A01
200800074392,0,7,0,0,2,2,17,B01
200800074393,0,14,0,0,2,1,0,A01
200800074393,0,7,0,0,2,8,2,B01
200800074394,0,33,0,0,2,3,3,A01
200800074394,0,7,0,0,2,2,12,B01
200800074395,0,32,0,0,2,2,17,A01
200800074395,0,38,50,0,2,6,1,B01
200800074396,0,7,0,0,0,7,1,A01
200800074397,0,31,0,0,2,8,3,A01
200800074397,0,7,0,0,2,7,12,B01
200800074398,0,7,0,4,0,9,1,A01
200800074399,0,7,0,0,2,0,12,A01
200800074399,0,14,0,0,2,3,1,B01
200800074399,0,7,0,0,2,2,1,C01
200800074400,0,7,0,0,2,5,12,A01
200800074400,0,33,0,0,0,8,2,B01
200800074401,0,7,0,6,0,1,2,A01
200800074402,0,7,0,0,0,0,1,A01
200800074403,0,31,0,0,2,3,3,A01
200800074403,0,10,0,0,2,2,12,B01
200800074404,0,31,0,0,2,1,1,A01
200800074405,0,7,0,0,2,2,17,A01
200800074405,0,7,0,0,2,6,1,B01
200800074406,0,7,0,0,0,0,1,A01
200800074407,0,7,0,4,0,3,0,A01
200800074408,0,32,0,0,2,1,2,A01
200800074408,0,7,0,0,0,6,2,B01
200800074409,0,7,0,0,2,1,2,A01
200800074409,0,7,0,0,2,6,2,B01
200800074409,0,7,0,14,0,3,2,C01
200800074410,0,7,0,0,0,1,0,A01
200800074411,0,7,0,0,2,1,2,A01
200800074411,0,7,0,0,2,4,2,B01
200800074412,0,7,0,14,0,1,12,A01
200800074412,0,7,0,0,2,1,0,B01
200800074413,0,7,0,4,0,9,1,A01
200800074414,0,7,0,4,0,2,2,A01
200800074415,0,7,0,0,0,0,0,A01
200800074416,0,7,0,3,0,3,0,A01
200800074417,0,7,0,0,2,1,2,A01
200800074417,0,7,0,0,0,4,2,B01
200800074418,0,7,0,0,2,2,1,A01
200800074419,0,7,0,4,0,1,1,A01
200800074420,0,7,0,4,0,2,2,A01
200800074421,0,7,0,4,0,9,1,A01
200800074421,0,7,0,0,2,2,1,B01
200800074421,0,7,0,0,2,6,2,C01
200800074421,0,7,0,0,0,5,2,D01
200800074422,0,7,0,2,2,6,1,A01
200800074422,0,7,0,0,2,2,1,B01
200800074423,0,34,0,0,2,1,2,A01
200800074423,0,7,0,0,2,6,11,B01
200800074424,0,34,0,0,2,3,1,A01
200800074424,0,7,0,0,2,5,12,B01
200800074425,0,33,0,0,2,0,2,A01
200800074425,0,7,0,0,0,5,2,B01
200800074426,0,7,0,4,0,1,1,A01
200800074427,0,7,0,0,2,1,21,A01
200800074427,0,7,0,0,2,8,1,B01
200800074428,0,15,0,0,2,2,1,A01
200800074428,0,7,0,0,2,6,2,B01
200800074428,0,7,0,0,2,2,2,C01
200800074429,0,7,0,0,2,6,11,A01
200800074429,0,33,0,0,2,2,3,B01
200800074430,0,7,0,4,2,8,1,A01
200800074430,0,13,0,0,2,2,12,B01
200800074431,0,7,0,0,2,1,1,A01
200800074431,0,7,0,0,2,4,1,B01
200800074432,0,7,0,4,0,1,21,A01
200800074433,0,7,0,0,0,4,2,A01
200800074433,0,7,0,0,2,1,2,B01
200800074434,0,7,0,0,0,5,1,A01
200800074434,0,7,0,0,2,3,12,B01
200800074435,0,7,0,0,2,4,9,A01
200800074435,0,7,0,0,2,1,2,B01
200800074436,0,7,0,0,2,6,9,A01
200800074436,0,33,0,0,2,1,0,B01
200800074437,0,33,0,6,0,3,1,A01
200800074438,0,33,0,4,0,1,1,A01
200800074439,0,7,0,0,0,4,11,A01
200800074439,0,33,0,0,2,1,3,B01
200800074439,0,17,0,0,0,8,23,C01
200800074440,0,33,0,0,2,8,1,B01
200800074440,2,7,0,0,2,1,14,A01
200800074441,0,7,0,0,2,1,2,A01
200800074441,0,7,0,0,0,4,2,B01
200800074442,0,7,0,10,0,1,1,A01
200800074443,0,7,0,0,0,4,2,A01
200800074443,0,7,0,0,2,1,2,B01
200800074444,0,7,0,4,0,1,0,A01
200800074445,0,7,0,0,0,1,1,A01
200800074445,0,7,0,0,0,4,1,B01
200800074445,0,7,0,0,0,4,1,C01
200800074446,0,33,0,0,0,1,3,A01
200800074447,0,7,0,0,0,3,11,A01
200800074447,0,33,0,0,0,7,1,B01
200800074448,0,7,0,0,2,2,11,A01
200800074448,0,17,0,4,2,2,12,B01
200800074449,0,7,0,0,2,8,2,A01
200800074449,0,7,0,0,2,4,2,B01
200800074449,0,7,0,0,2,4,2,C01
200800074449,0,10,0,0,2,5,2,D01
200800074449,0,13,0,0,2,1,2,E01
200800074450,0,7,0,0,2,4,2,A01
200800074450,0,33,0,0,2,1,2,B01
200800074451,0,7,0,3,0,1,0,A01
200800074452,0,7,0,0,2,8,11,A01
200800074452,0,33,0,0,2,1,3,B01
200800074453,0,7,0,4,0,3,2,A01
200800074453,0,7,0,4,2,7,2,B01
200800074453,0,7,0,3,2,3,11,C01
200800074453,0,7,0,0,2,5,2,D01
200800074454,0,7,0,4,0,3,1,A01
200800074455,0,34,0,0,0,0,0,A01
200800074456,0,34,0,0,0,0,2,A01
200800074457,0,7,0,0,2,6,3,A01
200800074457,0,33,0,0,2,1,3,B01
200800074458,0,7,0,0,0,4,2,A01
200800074458,0,7,0,0,2,1,2,B01
200800074459,0,7,0,0,0,0,0,A01
200800074460,0,7,0,4,2,8,1,A01
200800074461,0,7,0,4,0,1,1,A01
200800074462,0,7,0,0,2,1,0,A01
200800074462,0,10,0,0,2,2,0,B01
200800074463,0,33,0,0,0,3,1,B01
200800074463,1,7,0,0,2,5,12,A01
200800074464,0,7,0,0,6,1,21,A01
200800074464,0,7,0,14,0,0,21,B01
200800074465,0,15,0,0,2,2,2,A01
200800074465,0,31,0,0,0,4,2,B01
200800074466,0,7,0,0,2,1,1,A01
200800074466,0,7,0,0,0,4,23,B01
200800074467,0,7,0,1,0,3,2,A01
200800074467,0,7,0,0,0,3,2,B01
200800074468,0,7,0,3,0,3,0,A01
200800074469,0,7,0,0,0,1,1,A01
200800074469,0,7,0,0,0,4,2,B01
200800074469,0,7,0,0,0,4,2,C01
200800074469,0,7,0,0,0,4,2,D01
200800074470,0,33,0,0,2,8,21,A01
200800074470,0,7,0,0,0,4,1,B01
200800074471,0,33,0,0,2,1,3,A01
200800074471,0,7,0,0,2,5,12,B01
200800074472,0,7,0,0,2,1,1,A01
200800074472,0,7,0,0,0,4,2,B01
200800074473,0,7,0,0,2,8,11,A01
200800074473,0,33,0,0,2,7,1,B01
200800074474,0,33,0,14,0,1,0,A01
200800074475,0,7,0,0,2,1,2,A01
200800074475,0,7,0,0,2,4,2,B01
200800074475,0,10,0,0,0,4,0,C01
200800074476,0,10,0,0,2,1,2,A01
200800074476,0,10,0,0,2,1,2,B01
200800074476,0,7,0,0,2,4,2,C01
200800074476,0,7,0,0,0,4,2,D01
200800074477,0,7,0,3,0,1,11,A01
200800074478,0,7,0,1,0,2,2,C01
200800074478,0,7,0,1,0,5,2,B01
200800074478,0,7,0,3,0,8,11,A01
200800074479,0,7,0,3,2,1,2,A01
200800074479,0,10,0,0,2,1,2,B01
200800074479,0,7,0,4,2,4,2,C01
200800074479,0,7,0,0,0,4,2,D01
200800074480,0,7,0,0,2,1,2,A01
200800074480,0,7,0,0,0,4,2,B01
200800074481,0,7,0,0,2,3,2,A01
200800074481,0,7,0,0,0,5,2,B01
200800074482,0,10,0,0,2,1,2,A01
200800074482,0,7,0,0,0,4,2,B01
200800074483,0,16,0,0,2,7,1,A01
200800074483,0,7,0,0,9,8,9,B01
200800074484,0,7,0,0,2,1,2,B01
200800074484,0,7,0,0,2,4,2,C01
200800074484,1,7,0,0,2,1,2,A01
200800074485,0,7,0,0,2,8,2,A01
200800074485,0,7,0,0,0,6,1,B01
200800074486,0,7,0,0,2,2,1,A01
200800074486,0,7,0,0,2,6,1,B01
200800074487,0,10,0,7,0,1,19,A01
200800074488,0,7,0,0,2,7,13,A01
200800074488,0,7,0,0,2,1,1,B02
200800074489,0,7,0,0,2,2,15,A01
200800074489,0,33,0,0,2,1,1,B02
200800074490,0,7,0,0,2,1,13,A01
200800074490,0,14,0,0,2,3,1,B02
200800074491,0,7,0,0,2,2,15,A01
200800074491,0,33,0,0,2,4,1,B02
200800074492,0,14,0,1,1,8,0,A01
200800074492,0,10,0,0,2,7,24,B02
200800074493,0,33,0,0,2,1,1,A01
200800074493,0,7,0,0,2,2,15,B02
200800074494,0,7,0,0,2,3,13,A01
200800074494,0,7,0,0,2,6,1,B02
200800074494,0,7,0,0,2,1,2,C03
200800074494,0,7,0,0,2,1,1,D04
200800074495,0,7,0,0,2,1,1,A01
200800074495,0,30,0,0,2,1,1,B02
200800074496,0,7,0,0,2,1,1,A01
200800074496,0,1,0,0,0,8,19,B02
200800074497,0,7,0,0,2,1,1,A01
200800074497,0,33,0,0,2,1,13,B02
200800074498,0,7,0,0,2,8,1,A01
200800074498,0,10,0,0,2,8,1,B02
200800074499,0,31,0,0,2,1,17,A01
200800074499,0,7,0,0,2,6,1,B02
200800074500,0,7,0,0,2,7,2,A01
200800074500,0,31,0,0,2,3,18,B02
200800074501,0,7,0,0,2,1,5,A01
200800074501,0,7,0,0,2,1,1,B02
200800074502,0,7,0,0,2,1,13,A01
200800074502,0,7,0,0,2,1,1,B02
200800074503,0,1,0,13,0,1,1,A01
200800074504,0,7,0,12,0,9,1,A01
200800074505,0,30,0,0,2,1,15,A01
200800074505,0,31,0,0,2,0,1,B02
200800074505,0,30,0,10,0,5,1,C03
200800074506,0,7,0,2,0,1,1,A01
200800074507,0,17,0,0,2,2,17,A01
200800074507,0,7,0,0,0,0,1,C03
200800074508,0,7,0,13,0,1,1,A01
200800074509,0,7,0,0,2,3,13,A01
200800074509,0,1,0,0,2,1,1,B02
200800074510,0,36,0,0,0,9,1,A01
200800074511,0,10,0,0,2,1,1,A01
200800074511,0,1,0,0,2,8,15,B02
200800074512,0,7,0,13,0,1,1,A01
200800074513,0,7,0,6,2,1,1,A01
200800074513,0,1,0,0,2,1,1,B02
200800074514,0,7,0,0,2,3,9,A01
200800074514,0,7,0,0,2,3,1,B02
200800074515,0,7,0,0,1,3,15,A01
200800074516,0,7,0,0,2,2,17,A01
200800074516,0,7,0,0,2,2,1,B02
200800074517,0,33,0,0,2,1,1,B02
200800074517,0,2,0,0,2,7,19,A01
200800074518,0,7,0,0,1,1,1,A01
200800074519,0,30,0,0,2,1,19,B02
200800074519,0,10,0,0,2,7,1,A01
200800074520,0,10,0,0,0,6,0,B02
200800074520,0,30,0,1,0,1,1,A01
200800074521,0,7,0,0,2,2,1,B02
200800074521,0,7,0,0,2,1,19,A01
200800074522,0,7,0,0,2,1,19,A01
200800074522,0,2,0,0,0,2,3,B02
200800074523,0,1,0,0,2,4,13,A01
200800074523,0,7,0,0,2,2,17,B02
200800074524,0,7,0,0,2,2,2,A01
200800074524,0,1,0,0,2,4,2,B02
200800074524,0,1,0,0,2,4,2,C03
200800074525,0,7,0,13,0,1,1,A01
200800074526,0,7,0,0,2,2,13,A01
200800074526,0,1,0,0,2,3,15,B02
200800074527,0,7,0,0,2,2,1,A01
200800074527,2,7,0,0,2,1,1,B02
200800074528,0,30,0,1,1,1,1,A01
200800074529,0,30,0,0,2,1,1,A01
200800074529,2,7,0,0,2,3,1,B02
200800074530,0,7,0,0,2,1,1,A01
200800074530,0,1,0,0,2,1,13,B02
200800074531,0,33,0,16,0,7,1,A01
200800074532,0,30,0,0,2,0,5,A01
200800074532,0,7,0,0,2,3,1,B02
200800074533,0,7,0,0,2,1,13,A01
200800074533,0,7,0,0,2,1,1,B02
200800074534,1,7,0,0,2,3,13,A01
200800074534,0,7,0,0,2,8,1,B02
200800074535,0,10,0,0,2,3,17,A01
200800074535,0,7,0,0,2,3,0,B02
200800074536,0,7,0,0,2,5,4,A01
200800074536,0,1,0,0,2,7,19,B02
200800074558,0,2,0,0,2,1,1,A01
200800074558,0,7,0,0,0,5,15,B02
200800074559,0,7,0,0,2,2,1,A01
200800074559,0,32,0,0,2,2,5,B02
200800074560,0,7,0,0,2,7,1,B02
200800074560,0,7,0,0,2,1,1,A01
200800074561,0,7,0,0,1,1,1,A01
200800074562,0,7,0,0,2,3,15,A01
200800074562,0,32,0,0,2,7,1,B02
200800074563,0,7,0,3,0,1,1,A01
200800074565,0,7,0,0,2,3,1,A01
200800074565,0,2,0,0,2,1,1,B02
200800074569,0,30,0,1,0,1,2,A01
200800074569,0,7,0,0,2,4,23,B02
200800074570,0,32,0,0,0,8,18,A01
200800074570,0,7,0,0,0,7,16,B02
200800074571,0,10,0,0,2,1,1,A01
200800074571,0,7,0,0,2,4,23,B01
200800074571,0,10,0,0,0,4,23,C01
200800074572,0,7,0,0,2,1,2,A01
200800074572,0,7,0,0,0,4,2,B01
200800074573,0,7,0,0,0,2,2,A01
200800074573,0,7,0,0,0,4,2,B01
200800074573,0,7,0,0,0,4,2,C01
200800074574,0,7,0,6,0,1,1,A01
200800074575,0,7,0,0,2,1,15,A01
200800074575,0,30,0,0,2,1,1,B01
200800074576,0,7,0,0,1,1,1,A01
200800074577,0,7,0,4,0,1,1,A01
200800074578,0,30,0,0,2,1,1,B01
200800074578,0,7,0,0,2,1,15,A01
200800074579,0,7,0,0,2,1,0,A01
200800074579,0,16,0,0,2,1,1,B01
200800074579,0,7,0,0,2,8,1,C01
200800074579,0,7,0,0,2,1,1,D01
200800074580,0,7,0,0,2,7,15,A01
200800074580,0,2,0,0,2,7,1,B01
200800074581,0,2,0,0,1,1,1,A01
200800074582,0,7,0,0,1,1,1,A01
200800074583,0,31,0,0,1,1,1,A01
200800074584,2,7,0,0,2,1,1,A01
200800074584,0,7,0,0,2,1,1,B01
200800074585,0,30,0,0,1,1,1,A01
200800074586,1,2,0,0,1,0,0,A01
200800074587,0,7,0,0,1,1,1,A01
200800074588,0,7,0,0,9,2,19,A01
200800074588,0,2,0,0,2,8,9,B01
200800074589,0,7,0,6,0,1,0,A01
200800074590,0,30,0,0,9,1,1,B01
200800074590,0,1,0,0,2,1,1,A01
200800074591,0,7,0,0,2,0,0,B01
200800074591,1,7,0,0,2,0,0,A01
200800074592,0,7,0,0,0,0,0,C01
200800074592,0,7,0,0,9,6,2,B01
200800074592,0,33,0,0,2,1,1,A01
200800074593,0,30,0,0,2,1,1,B01