Num_Acc,senc,catv,occutc,obs,obsm,choc,manv,num_veh
200800075037,0,1,0,0,2,8,0,A01
200800075037,0,7,0,0,9,2,0,B01
200800075038,0,7,0,0,9,3,0,B01
200800075038,0,1,0,0,2,0,0,A01
200800075039,0,7,0,0,1,0,0,A01
200800075040,0,2,0,0,1,8,0,A01
200800075041,0,7,0,0,2,7,9,A01
200800075041,0,7,0,1,2,1,1,B01
200800075042,0,1,0,0,0,0,0,A01
200800075042,0,7,0,0,9,4,16,B01
200800075043,0,1,0,0,2,1,1,A01
200800075043,0,7,0,0,9,4,1,B01
200800075044,0,14,0,0,9,6,13,A01
200800075044,0,33,0,0,2,7,17,B01
200800075045,0,31,0,0,1,1,1,A01
200800075046,0,7,0,0,9,5,16,A01
200800075046,0,1,0,0,2,1,1,B01
200800075047,0,31,0,0,2,1,17,A01
200800075047,0,37,9,0,9,6,15,B01
200800075048,0,2,0,0,0,7,1,A01
200800075049,0,7,0,0,2,1,15,A01
200800075049,0,7,0,0,2,1,1,B01
200800075050,1,30,0,0,1,1,16,A01
200800075051,0,33,0,0,2,1,1,A01
200800075051,0,7,0,0,9,5,1,B01
200800075052,0,7,0,6,0,3,16,A01
200800075053,1,7,0,0,1,0,1,A01
200800075054,0,2,0,10,0,1,1,A01
200800075055,0,7,0,0,1,1,15,A01
200800075056,0,7,0,3,0,8,1,A01
200800075057,0,32,0,0,2,1,1,A01
200800075057,0,7,0,0,0,4,1,B01
200800075058,0,2,0,3,0,1,1,A01
200800075097,0,30,0,0,2,1,17,A01
200800075097,0,7,0,0,2,1,1,B02
200800075097,0,7,0,0,2,1,1,C03
200800075097,0,7,0,0,2,1,1,D04
200800075098,0,32,0,0,2,1,13,A01
200800075098,0,10,0,0,2,3,15,B02
200800075099,0,36,0,8,0,1,13,A01
200800075100,0,7,0,0,2,1,1,A01
200800075100,0,7,0,0,2,3,1,B02
200800075101,0,7,0,0,2,2,1,A01
200800075101,0,30,0,0,2,6,15,B02
200800075102,0,7,0,0,2,8,13,A01
200800075102,0,7,0,0,2,7,17,B02
200800075103,0,7,0,0,2,4,1,A01
200800075103,0,14,0,0,2,1,1,B02
200800075103,0,7,0,0,2,1,1,C03
200800075104,0,33,0,8,0,1,0,A01
200800075105,0,31,0,0,2,1,1,A01
200800075105,0,14,0,0,2,3,15,B02
200800075106,0,7,0,0,0,1,1,A01
200800075107,0,14,0,0,1,6,1,A01
200800075108,0,31,0,0,1,1,1,A01
200800075109,0,10,0,0,1,2,1,A01
200800075110,0,7,0,0,2,8,19,A01
200800075110,0,33,0,0,2,1,1,B02
200800075111,0,31,0,14,0,1,1,A01
200800075112,0,30,0,0,0,1,0,A01
200800075113,0,7,0,13,0,2,14,A01
200800075114,0,7,0,0,0,0,4,A01
200800075115,0,10,0,0,1,1,1,A01
200800075116,0,33,0,0,2,1,2,A01
200800075116,0,33,0,0,2,4,2,B02
200800075117,0,1,0,0,1,1,1,A01
200800075118,0,31,0,0,1,1,1,A01
200800075119,0,7,0,0,2,7,17,A01
200800075119,0,30,0,0,2,8,1,B02
200800075120,0,2,0,0,2,7,15,A01
200800075120,0,7,0,0,2,1,1,B02
200800075121,0,7,0,0,2,1,1,A01
200800075121,0,7,0,0,2,8,1,B02
200800075122,0,7,0,8,0,1,19,A01
200800075123,0,7,0,0,2,1,17,A01
200800075123,0,7,0,0,0,6,15,B02
200800075124,0,31,0,0,2,1,13,A01
200800075124,0,7,0,0,2,3,1,B02
200800075125,0,7,0,16,0,1,13,A01
200800075126,0,7,0,0,2,1,1,A01
200800075126,0,7,0,0,2,8,15,B02
200800075127,0,7,0,0,2,5,15,A01
200800075127,0,33,0,0,2,1,17,B02
200800075128,0,7,0,0,1,1,1,A01
200800075129,0,7,0,0,0,0,0,A01
200800075129,0,30,0,0,2,7,0,B02
200800075130,2,10,0,0,2,1,19,A01
200800075130,0,7,0,0,1,5,1,B02
200800075130,0,7,0,1,0,8,24,C03
200800075131,0,7,0,0,9,2,14,A01
200800075131,0,1,0,0,2,4,1,B02
200800075132,0,7,0,0,2,1,17,A01
200800075132,0,2,0,0,2,1,1,B02
200800075133,0,30,0,0,0,0,1,A01
200800075134,0,31,0,0,2,1,13,A01
200800075134,0,14,0,0,2,1,1,B02
200800075135,0,7,0,1,0,1,2,A01
200800075136,0,37,0,0,1,2,1,A01
200800075137,0,7,0,0,2,3,0,A01
200800075137,0,14,0,0,2,1,1,B02
200800075138,0,7,0,0,0,8,1,A01
200800075138,0,7,0,12,2,1,21,B02
200800075139,0,7,0,8,0,8,1,A01
200800075140,0,7,0,0,2,1,15,A01
200800075140,0,7,0,0,2,1,1,B02
200800075141,0,7,0,13,0,2,1,A01
200800075142,0,7,0,0,2,4,2,A01
200800075142,0,33,0,0,2,1,2,B02
200800075143,0,33,0,0,2,2,17,A01
200800075143,0,7,0,0,2,8,15,B02
200800075144,0,7,0,0,0,5,13,A01
200800075144,0,7,0,0,2,3,1,B02
200800075145,0,33,0,0,0,8,2,A01
200800075145,0,10,0,0,2,8,1,B02
200800075145,0,15,0,0,0,8,2,C03
200800075146,0,32,0,0,2,1,13,A01
200800075146,0,7,0,0,2,1,1,B02
200800075147,0,7,0,0,2,1,19,A01
200800075147,0,33,0,0,2,1,1,B02
200800075148,0,35,0,0,0,0,1,A01
200800075149,0,7,0,0,2,3,19,A01
200800075149,0,33,0,0,2,1,1,B02
200800075150,0,2,0,6,0,1,13,A01
200800075151,0,33,0,0,2,3,21,A01
200800075151,0,7,0,0,2,7,1,B02
200800075152,0,7,0,0,2,2,16,A01
200800075152,0,31,0,0,2,8,18,B02
200800075153,0,7,0,0,2,2,1,B02
200800075153,0,30,0,0,2,5,1,A01
200800075174,0,7,0,0,2,2,2,A01
200800075174,0,2,0,0,2,4,2,B02
200800075175,0,33,0,0,2,7,17,A01
200800075175,0,7,0,0,0,8,15,B02
200800075182,0,7,0,0,2,3,19,A01
200800075182,0,7,0,0,2,2,1,B02
200800075183,0,10,0,0,0,1,13,A01
200800075183,0,7,0,0,0,3,1,B02
200800075184,0,7,0,0,1,1,1,A01
200800075185,0,31,0,0,1,1,1,A01
200800075186,0,7,0,0,5,3,1,A01
200800075186,0,7,0,0,2,3,1,B02
200800075191,0,33,0,12,0,1,14,A01
200800075192,0,7,0,0,1,3,1,A01
200800075193,0,7,0,3,0,2,14,A01
200800075194,0,33,0,3,0,9,1,A01
200800075195,0,7,0,1,1,3,15,A01
200800075195,0,1,0,0,2,1,0,B02
200800075196,0,7,0,0,0,3,10,A01
200800075196,0,31,0,0,0,1,17,B02
200800075197,0,7,0,13,0,1,13,A01
200800075198,0,7,0,14,0,9,21,A01
200800075203,0,2,0,0,2,1,17,A01
200800075203,0,7,0,0,2,8,15,B02
200800075204,0,30,0,14,0,0,1,A01
200800075205,0,33,0,0,2,1,1,A01
200800075205,0,7,0,0,9,4,1,B02
200800075206,0,7,0,0,9,1,9,A01
200800075206,0,99,0,0,0,4,3,B02
200800075208,0,7,0,0,1,3,1,A01
200800075210,0,7,0,0,2,7,15,A01
200800075210,0,33,0,0,2,1,1,B02
200800075211,0,33,0,0,2,1,1,A01
200800075211,0,7,0,0,2,2,23,B02
200800075213,0,7,0,13,0,9,0,A01
200800075214,0,7,0,0,2,3,15,A01
200800075214,0,33,0,0,2,1,1,B02
200800075215,0,7,0,0,2,1,1,A01
200800075215,0,30,0,0,2,5,10,B02
200800075216,0,7,0,0,2,1,1,A01
200800075216,0,7,0,0,0,1,19,B02
200800075219,0,7,0,0,1,1,0,A01
200800075247,0,10,0,0,0,8,15,A01
200800075247,0,32,0,0,2,1,1,B02
200800075248,0,7,0,8,0,3,13,A01
200800075249,0,7,0,8,2,7,1,A01
200800075249,0,7,0,6,2,3,15,B02
200800075250,0,7,0,0,2,3,13,A01
200800075250,0,7,0,0,2,3,1,B02
200800075251,0,30,0,0,0,0,0,A01
200800075252,0,7,0,6,0,9,14,A01
200800075253,0,7,0,0,0,4,1,A01
200800075253,0,2,0,0,2,1,2,B02
200800075254,0,32,0,0,2,1,1,B02
200800075254,0,7,0,0,2,3,9,A01
200800075255,0,14,0,0,2,2,11,A01
200800075255,0,31,0,0,2,1,1,B02
200800075257,1,37,0,0,1,0,20,A01
200800075258,0,7,0,0,2,8,9,A01
200800075258,0,7,0,0,2,7,1,B02
200800075258,0,33,0,0,2,1,3,C03
200800075259,0,7,0,0,2,2,1,A01
200800075259,0,7,0,0,2,1,1,B02
200800075259,0,7,0,0,2,1,1,C03
200800075259,0,7,0,0,2,5,1,D04
200800075259,0,7,0,0,2,6,1,E05
200800075260,0,7,0,0,2,1,5,A01
200800075260,0,7,0,0,2,1,1,B02
200800075261,1,7,0,0,2,2,9,A01
200800075261,0,30,0,0,2,4,1,B02
200800075262,0,7,0,0,2,3,15,A01
200800075262,0,31,0,0,2,1,17,B02
200800075263,0,7,0,0,1,2,1,A01
200800075264,0,32,0,0,2,1,2,A01
200800075264,0,7,0,0,0,7,16,B02
200800075265,0,1,0,0,2,1,13,A01
200800075265,0,10,0,0,2,3,1,B02
200800075266,0,7,0,0,2,3,13,A01
200800075266,0,10,0,0,2,7,1,B02
200800075267,0,1,0,1,0,1,2,A01
200800075267,0,14,0,0,0,6,24,B02
200800075268,0,2,0,0,2,1,17,A01
200800075268,0,7,0,0,2,1,1,B02
200800075269,0,7,0,13,0,9,13,A01
200800075270,0,7,0,0,2,7,15,A01
200800075270,0,33,0,0,2,1,1,B02
200800075271,0,2,0,0,2,1,1,A01
200800075271,0,10,0,0,0,4,1,B02
200800075272,0,7,0,0,2,3,19,A01
200800075272,0,32,0,0,2,1,1,B02
200800075273,0,33,0,0,2,1,17,A01
200800075273,0,7,0,0,2,6,1,B02
200800075273,0,7,0,13,2,8,1,C03
200800075273,0,7,0,0,2,3,1,D04
200800075273,0,33,0,0,9,1,1,E05
200800075274,0,10,0,0,1,2,1,A01
200800075275,0,14,0,0,1,3,1,A01
200800075276,0,33,0,15,0,3,13,A01
200800075277,0,7,0,0,2,3,10,A01
200800075277,0,30,0,0,2,1,17,B02
200800075278,0,7,0,0,2,7,19,A01
200800075278,0,99,0,0,2,1,1,B02
200800075279,1,30,0,0,1,0,17,A01
200800075280,0,7,0,0,0,9,1,A01
200800075281,0,7,0,0,2,7,15,A01
200800075281,0,7,0,0,2,2,1,B02
200800075282,0,7,0,0,2,3,9,A01
200800075282,0,7,0,0,2,2,1,B02
200800075283,0,7,0,0,2,1,1,B02
200800075283,0,32,0,0,2,6,16,A01
200800075284,0,7,0,0,2,1,13,A01
200800075284,0,7,0,0,2,1,1,B02
200800075285,0,10,0,0,2,3,13,A01
200800075285,0,14,0,0,2,8,1,B02
200800075285,0,7,0,0,2,1,1,C03
200800075285,0,7,0,0,2,1,1,D04
200800075286,0,7,0,0,2,1,1,A01
200800075286,0,7,0,0,2,1,1,B02
200800075287,0,33,0,0,2,8,17,A01
200800075287,0,7,0,0,2,2,15,B02
200800075288,0,7,0,0,2,1,19,A01
200800075288,0,32,0,0,0,6,1,B02
200800075289,0,37,0,0,2,3,1,A01
200800075289,0,7,0,0,0,6,1,B02
200800075290,0,7,0,0,1,2,1,A01
200800075291,0,7,0,0,0,6,15,A01
200800075291,0,33,0,0,2,2,17,B02
200800075292,0,33,0,0,0,1,1,A01
200800075293,0,30,0,0,2,7,13,A01
200800075293,0,10,0,0,2,2,13,B02
200800075294,0,7,0,0,9,2,0,A01
200800075294,0,1,0,0,2,1,13,B02
200800075295,0,7,0,0,2,2,15,A01
200800075295,0,1,0,0,2,1,1,B02
200800075296,0,1,0,0,2,8,9,A01
200800075296,0,10,0,0,2,1,1,B02
200800075297,0,7,0,6,0,3,1,A01
200800075298,0,1,0,0,2,1,5,A01
200800075298,0,7,0,0,2,3,1,B02
200800075299,0,7,0,0,2,7,13,A01
200800075299,0,7,0,0,2,1,1,B02
200800075300,0,7,0,0,9,1,1,A01
200800075300,0,1,0,1,0,1,5,B02
200800075301,0,32,0,14,0,1,1,A01
200800075302,0,7,0,0,0,3,13,A01
200800075302,0,7,0,0,2,3,1,B02
200800075302,0,7,0,0,2,3,1,C03
200800075303,0,10,0,0,2,0,15,A01
200800075303,0,33,0,0,2,1,1,B02
200800075304,0,7,0,0,1,1,1,A01
200800075304,0,7,0,0,1,1,0,B02
200800075305,0,31,0,0,0,1,13,A01
200800075305,0,7,0,0,0,1,1,B02
200800075306,0,10,0,0,2,8,19,A01
200800075306,0,33,0,0,2,8,1,B02
200800075307,0,7,0,0,2,3,13,A01
200800075307,0,30,0,0,2,1,1,B02
200800075308,0,10,0,0,1,2,1,A01
200800075309,0,7,0,0,2,3,19,A01
200800075309,0,13,0,0,2,2,1,B02
200800075310,0,7,0,8,1,3,1,A01
200800075311,0,7,0,0,2,3,15,A01
200800075311,0,31,0,0,2,1,17,B02
200800075312,0,7,0,0,2,3,13,A01
200800075312,0,1,0,0,2,1,17,B02
200800075313,0,7,0,8,0,7,1,A01
200800075314,0,7,0,0,2,0,11,A01
200800075314,0,2,0,8,0,1,1,B02
200800075316,0,31,0,0,0,0,1,A01
200800075316,0,30,0,0,0,0,1,B01
200800075317,0,7,0,0,1,1,0,A01
200800075318,0,7,0,0,1,1,1,A01
200800075319,0,30,0,0,1,1,0,A01
200800075320,0,30,0,0,1,1,1,A01
200800075321,0,7,0,0,1,2,1,A01
200800075322,0,7,0,0,1,0,1,A01
200800075323,0,7,0,6,0,9,1,A01
200800075324,0,7,0,0,0,2,1,B01
200800075324,0,30,0,0,2,4,8,A01
200800075325,0,7,0,0,0,0,0,A01
200800075325,0,31,0,14,2,3,3,B01
200800075326,0,7,0,0,0,5,0,A01
200800075326,0,7,0,0,0,2,0,B01
200800075327,0,7,0,0,1,2,20,A01
200800075328,0,33,0,0,0,0,0,A01
200800075329,0,30,0,0,1,0,0,A01
200800075330,0,7,0,0,0,0,0,A01
200800075330,0,7,0,0,0,0,0,B01
200800075331,0,30,0,0,2,5,0,A01
200800075331,0,7,0,0,0,0,0,B01
200800075332,0,7,0,6,0,1,1,A01
200800075333,0,7,0,6,0,2,1,A01
200800075334,0,7,0,6,0,1,21,A01
200800075335,0,30,0,0,2,1,1,A01
200800075335,0,7,0,0,0,6,0,B01
200800075336,0,7,0,0,9,2,11,A01
200800075336,0,1,0,0,2,1,1,B01
200800075337,0,33,0,0,2,3,17,A01
200800075337,0,7,0,0,2,8,1,B01
200800075337,0,7,0,0,2,8,2,C01
200800075338,0,7,0,15,1,1,11,A01
200800075339,0,2,0,0,2,1,5,A01
200800075339,0,38,1,0,2,3,1,B01
200800075340,0,7,0,0,2,0,19,A01
200800075340,0,7,0,0,2,3,19,B01
200800075341,0,2,0,0,2,6,13,B01
200800075341,0,7,0,0,2,2,14,A01
200800075342,0,7,0,0,2,4,2,A01
200800075342,0,7,0,0,0,4,23,B01
200800075343,0,7,0,0,2,0,0,A01
200800075343,0,32,0,0,2,1,1,B01
200800075344,0,1,0,0,2,1,1,A01
200800075344,0,7,0,0,2,0,1,B01
200800075345,0,7,0,0,2,1,1,A01
200800075345,0,7,0,0,2,7,1,B01
200800075346,0,7,0,0,2,1,0,A01
200800075346,0,7,0,0,2,1,1,B01
200800075346,0,7,0,0,2,1,1,C01
200800075347,0,7,0,0,2,0,0,A01
200800075348,0,7,0,0,2,0,1,A01
200800075348,0,7,0,0,2,0,0,B01
200800075349,0,7,0,0,1,1,9,A01
200800075350,1,7,0,0,2,1,1,A01
200800075350,0,1,0,0,2,8,1,B01
200800075351,0,2,0,0,2,1,2,A01
200800075351,0,7,0,0,2,4,2,B01
200800075352,0,7,0,0,2,4,23,A01
200800075352,0,2,0,0,2,1,2,B01
200800075353,0,7,0,0,0,0,15,A01
200800075353,0,33,0,0,0,0,21,B01
200800075354,0,7,0,0,2,1,1,A01
200800075354,0,7,0,0,2,8,15,B01
200800075355,0,7,0,0,2,3,1,A01
200800075355,0,7,0,0,2,3,1,B01
200800075356,0,31,0,0,0,1,1,A01
200800075357,0,7,0,0,0,9,21,A01
200800075358,0,33,0,7,0,1,0,A01
200800075359,0,7,0,0,1,1,0,A01
200800075360,0,7,0,0,2,6,4,A01
200800075360,0,31,0,0,2,2,1,B01
200800075361,0,7,0,0,1,4,4,A01
200800075362,0,7,0,0,1,7,1,A01
200800075363,0,7,0,12,9,1,0,A01
200800075364,1,7,0,0,1,0,0,A01
200800075365,0,30,0,0,2,1,1,A01
200800075365,0,7,0,0,9,2,0,B01
200800075366,0,33,0,0,2,7,18,A01
200800075366,0,7,0,0,9,8,2,B01
200800075367,0,7,0,0,2,4,2,A01
200800075367,0,7,0,0,2,1,2,B01
200800075368,0,31,0,0,1,1,5,A01
200800075369,0,7,0,0,0,1,0,A01
200800075369,0,13,0,0,2,0,0,B01
200800075370,1,7,0,0,0,0,0,A01
200800075370,0,7,0,0,2,0,0,B01
200800075371,0,7,0,0,2,1,0,A01
200800075371,0,7,0,0,2,0,0,B01
200800075372,0,32,0,0,2,0,0,A01
200800075372,0,7,0,0,9,0,0,B01
200800075373,0,7,0,0,9,0,0,A01
200800075373,0,31,0,0,2,0,0,B01
200800075374,1,2,0,0,9,0,0,A01
200800075374,0,2,0,0,9,0,0,B01
200800075375,0,2,0,0,2,1,0,A01
200800075375,0,7,0,0,9,0,0,B01
200800075376,0,7,0,0,1,1,9,A01
200800075377,0,32,0,1,0,1,15,A01
200800075378,0,7,0,5,0,0,0,A01
200800075379,0,2,0,0,1,1,1,A01
200800075380,0,31,0,0,1,0,0,A01
200800075381,0,7,0,0,2,0,0,A01
200800075381,0,7,0,0,0,0,0,B01
200800075382,0,7,0,0,9,7,16,A01
200800075382,0,30,0,0,1,0,0,B01
200800075383,0,7,0,0,1,1,1,A01
200800075384,0,1,0,0,1,1,2,A01
200800075385,0,7,0,5,0,3,1,A01
200800075386,0,7,0,6,0,2,16,A01
200800075387,0,7,0,0,2,3,13,A01
200800075387,0,7,0,0,2,3,1,B01
200800075388,0,7,0,0,2,8,1,A01
200800075388,0,37,1,0,2,8,1,B01
200800075389,0,30,0,0,2,1,13,A01
200800075389,0,7,0,0,2,3,1,B01
200800075390,0,31,0,0,2,2,13,A01
200800075390,0,7,0,0,2,3,1,B01
200800075391,0,7,0,0,2,1,2,A01
200800075391,0,7,0,0,2,4,2,B01
200800075392,0,32,0,1,0,2,14,A01
200800075393,0,7,0,0,1,2,1,A01
200800075394,0,7,0,6,0,3,13,A01
200800075395,0,7,0,0,2,1,14,A01
200800075395,0,7,0,0,2,4,1,B01
200800075396,0,7,0,0,2,1,1,A01
200800075396,0,7,0,0,2,1,1,B01
200800075397,0,34,0,0,2,1,5,A01
200800075397,0,7,0,0,2,2,1,B01
200800075398,0,7,0,0,2,1,15,A01
200800075398,0,2,0,0,2,1,1,B01
200800075399,0,2,0,0,2,1,1,B01
200800075399,0,10,0,0,2,1,15,A01
200800075400,0,7,0,0,2,4,1,B01
200800075400,0,10,0,0,2,1,1,A01
200800075401,0,2,0,0,1,1,1,A01
200800075402,0,7,0,0,2,2,16,B01
200800075402,0,2,0,0,2,1,1,A01
200800075403,0,2,0,0,2,1,0,B01
200800075403,0,7,0,0,9,1,0,A01
200800075404,0,2,0,0,2,1,1,B01
200800075404,0,7,0,0,2,3,20,A01
200800075405,0,2,0,0,2,1,1,B01
200800075405,0,1,0,0,2,1,5,A01
200800075406,0,7,0,0,2,5,15,A01
200800075406,0,7,0,0,2,1,1,B01
200800075407,0,7,0,0,1,1,1,A01
200800075408,0,10,0,0,1,1,1,A01
200800075409,1,7,0,0,2,1,1,A01
200800075409,0,2,0,0,2,1,9,B01
200800075410,0,2,0,0,2,1,15,B01
200800075410,0,10,0,0,2,8,15,A01
200800075411,0,2,0,0,1,1,1,A01
200800075412,0,2,0,0,2,4,9,B01
200800075412,0,7,0,0,2,7,16,A01
200800075413,1,7,0,0,2,1,1,A01
200800075413,0,2,0,0,2,4,1,B01
200800075414,0,7,0,0,2,0,1,A01
200800075414,1,7,0,0,2,1,1,B01
200800075415,1,2,0,0,1,1,1,A01
200800075416,0,7,0,0,2,1,1,B01
200800075416,0,7,0,0,2,8,9,A01
200800075417,0,7,0,0,2,4,15,B01
200800075417,0,31,0,0,2,1,1,A01
200800075418,0,2,0,0,2,8,13,A01
200800075418,0,7,0,0,2,1,1,B01
200800075419,0,7,0,0,1,1,1,A01
200800075420,0,30,0,0,1,1,10,A01
200800075421,0,2,0,0,0,0,1,A01
200800075421,0,7,0,0,9,5,1,B01
200800075422,0,30,0,0,0,0,1,A01
200800075423,0,7,0,0,9,7,4,A01
200800075423,0,1,0,0,2,1,1,B01
200800075424,0,7,0,0,1,1,1,A01
200800075425,0,7,0,0,9,7,1,A01
200800075425,0,30,0,0,2,8,15,B01
200800075426,0,7,0,0,1,1,1,A01
200800075427,0,7,0,0,9,6,14,A01
200800075427,0,2,0,0,2,1,1,B01
200800075428,0,7,0,0,1,1,1,A01
200800075429,0,30,0,0,2,3,13,A01
200800075429,0,7,0,0,2,3,0,B01
200800075430,0,7,0,0,1,1,1,A01
200800075431,0,7,0,0,2,2,1,B01
200800075431,0,7,0,0,2,3,1,A01
200800075432,0,7,0,6,0,2,1,A01
200800075433,0,7,0,0,1,2,1,A01
200800075434,0,7,0,0,2,7,15,A01
200800075434,0,33,0,0,2,1,1,B01
200800075435,0,7,0,0,2,1,1,A01
200800075435,0,7,0,0,0,4,23,B01
200800075476,0,37,1,0,1,2,1,A01
200800075477,0,7,0,0,2,1,1,A01
200800075477,0,7,0,0,2,2,1,B01
200800075478,0,7,0,1,0,1,14,A01
200800075478,0,7,0,0,0,4,0,B01
200800075479,0,7,0,0,2,2,0,B01
200800075479,0,30,0,0,0,1,13,A01
200800075480,0,7,0,0,2,0,0,A01
200800075480,0,33,0,0,2,0,0,B01
200800075481,0,7,0,0,2,0,1,A01
200800075481,0,7,0,0,2,1,0,B01
200800075482,0,7,0,0,2,1,1,A01
200800075482,0,7,0,0,2,7,1,B01
200800075483,0,33,0,0,1,5,0,A01
200800075484,0,7,0,0,2,8,10,A01
200800075484,0,1,0,0,2,1,17,B01
200800075485,0,7,0,0,1,3,1,A01
200800075486,0,33,0,6,0,1,1,A01
200800075487,0,7,0,0,0,3,10,A01
200800075487,0,31,0,0,0,1,7,B01
200800075488,0,7,0,12,0,1,1,A01
200800075489,0,7,0,13,0,8,1,A01
200800075490,1,7,0,0,0,0,0,A01
200800075490,0,7,0,0,2,8,1,F02
200800075490,0,33,0,0,2,2,17,B01
200800075490,0,7,0,0,2,8,1,G02
200800075490,0,33,0,14,0,1,17,C01
200800075490,0,7,0,0,2,8,1,H02
200800075490,0,33,0,14,0,1,17,D01
200800075490,0,33,0,14,0,1,17,E01
200800075491,0,7,0,0,2,7,1,B01
200800075491,1,2,0,0,2,0,1,A01
200800075492,0,7,0,0,2,2,1,B01
200800075492,0,30,0,0,2,8,1,A01
200800075493,0,7,0,0,0,7,1,A01
200800075493,0,1,0,0,2,1,1,B01
200800075494,0,7,0,4,0,1,2,A01
200800075495,0,33,0,0,2,3,15,A01
200800075495,0,7,0,0,2,1,16,B01
200800075496,0,7,0,0,1,1,21,A01
200800075497,0,7,0,4,0,3,1,A01
200800075498,0,7,0,0,2,1,0,A01
200800075498,0,15,0,0,2,4,0,B01
200800075499,0,7,0,0,2,1,1,A01
200800075500,0,7,0,0,0,0,1,A01
200800075501,0,7,0,0,1,3,1,A01
200800075502,0,32,0,0,2,1,5,A01
200800075502,0,7,0,0,2,1,1,B01
200800075503,0,7,0,0,2,1,1,A01
200800075503,0,1,0,0,2,1,13,B01
200800075504,0,7,0,0,1,2,1,A01
200800075505,0,1,0,0,1,1,1,A01
200800075506,0,7,0,0,2,2,15,A01
200800075506,0,2,0,0,2,1,1,B02
200800075507,0,10,0,0,2,2,19,A01
200800075507,0,31,0,0,2,1,1,B02
200800075508,0,10,0,0,2,3,1,A01
200800075508,0,10,0,0,2,3,1,B02
200800075509,0,33,0,0,2,1,17,A01
200800075509,0,7,0,0,0,3,15,B02
200800075510,0,7,0,0,2,2,19,A01
200800075510,0,10,0,0,2,3,1,B02
200800075511,0,31,0,0,2,1,1,A01
200800075511,0,7,0,0,2,3,1,B02
200800075512,0,30,0,0,2,3,13,A01
200800075512,0,7,0,0,2,3,1,B02
200800075513,0,7,0,0,2,7,15,A01
200800075513,0,33,0,0,2,1,1,B02
200800075514,0,7,0,0,2,1,15,A01
200800075514,0,30,0,0,2,1,1,B02
200800075515,0,30,0,0,2,0,5,A01
200800075515,0,7,0,0,9,3,5,B02
200800075516,0,30,0,0,1,3,1,A01
200800075517,0,7,0,0,2,2,15,A01
200800075517,0,7,0,0,2,3,1,B02
200800075518,0,7,0,0,2,8,10,A01
200800075518,0,7,0,0,2,8,1,B02
200800075519,0,31,0,0,2,1,0,A01
200800075519,0,1,0,0,0,1,0,B02
200800075520,0,7,0,0,2,1,13,A01
200800075520,0,7,0,0,2,1,0,B02
200800075521,0,7,0,0,1,3,1,A01
200800075522,0,7,0,0,2,1,13,A01
200800075522,0,7,0,0,2,1,1,B02
200800075523,0,30,0,0,2,1,13,A01
200800075523,0,7,0,0,2,2,1,B02
200800075524,0,33,0,3,0,1,1,A01
200800075525,0,7,0,0,0,4,15,A01
200800075525,0,17,0,0,2,1,1,B02
200800075525,0,7,0,0,2,1,1,C03
200800075526,0,7,0,0,2,3,15,A01
200800075526,0,33,0,0,2,1,1,B02
200800075527,0,7,0,0,0,3,15,A01
200800075527,0,2,0,0,0,7,17,B02
200800075528,0,7,0,12,0,1,14,A01
200800075529,0,7,0,0,2,1,1,A01
200800075529,0,7,0,0,0,4,1,B02
200800075530,0,7,0,0,1,3,1,A01
200800075531,0,7,0,0,9,2,16,A01
200800075531,0,2,0,0,2,1,1,B02
200800075532,0,33,0,0,2,2,17,A01
200800075532,0,7,0,0,2,3,2,B02
200800075532,0,7,0,0,2,3,1,C03
200800075533,0,7,0,0,0,1,13,A01
200800075534,0,7,0,6,0,1,1,A01
200800075535,0,33,0,1,0,1,1,A01
200800075536,0,7,0,0,2,3,5,A01
200800075536,0,7,0,0,2,6,1,B02
200800075537,0,1,0,0,2,1,13,A01
200800075537,0,10,0,0,2,2,1,B02
200800075538,0,2,0,8,0,1,1,A01
200800075539,0,7,0,0,1,1,1,A01
200800075540,0,7,0,0,2,2,1,A01
200800075540,0,2,0,0,0,1,9,B02
200800075541,0,10,0,0,2,7,16,A01
200800075541,0,1,0,0,2,3,16,B02
200800075542,0,7,0,0,1,1,1,A01
200800075543,0,7,0,0,2,3,1,A01
200800075543,0,7,0,0,2,3,1,B02
200800075544,0,30,0,0,2,4,1,A01
200800075544,0,7,0,0,2,3,1,B02
200800075545,0,33,0,13,0,2,1,A01
200800075545,0,33,0,13,0,2,1,B02
200800075546,0,31,0,0,1,1,1,A01
200800075547,0,7,0,10,0,2,13,A01
200800075548,0,7,0,0,2,8,0,A01
200800075548,0,10,0,0,2,6,2,B02
200800075548,0,33,0,0,2,1,1,C03
200800075549,0,33,0,0,2,1,1,A01
200800075549,0,7,0,0,2,7,15,B02
200800075550,0,7,0,0,1,2,14,A01
200800075551,0,31,0,12,0,7,1,A01
200800075552,0,7,0,7,0,1,1,A01
200800075553,0,1,0,0,2,1,1,A01
200800075553,0,7,0,0,2,3,1,B02
200800075554,0,2,0,0,2,8,2,A01
200800075554,0,7,0,0,2,2,9,B02
200800075555,0,7,0,6,0,1,1,A01
200800075556,0,7,0,0,1,2,1,A01
200800075557,0,7,0,0,2,2,15,A01
200800075557,0,2,0,0,2,1,1,B02
200800075558,0,33,0,0,0,4,2,A01
200800075558,0,33,0,0,2,1,2,B02
200800075558,0,33,0,0,2,5,2,C03
200800075588,0,7,0,0,2,2,15,A01