Num_Acc,senc,catv,occutc,obs,obsm,choc,manv,num_veh
200800075588,0,30,0,0,2,1,1,B02
200800075592,0,7,0,0,2,3,19,A01
200800075592,0,33,0,0,2,1,1,B02
200800075593,0,7,0,0,1,8,17,A01
200800075593,0,7,0,0,1,7,17,B02
200800075594,0,7,0,2,1,1,1,A01
200800075595,0,7,0,0,0,8,15,A01
200800075595,0,33,0,0,2,1,17,B02
200800075599,1,7,0,9,1,2,1,A01
200800075600,0,7,0,0,2,2,0,B01
200800075600,1,33,0,0,2,0,0,A01
200800075601,0,34,0,0,2,1,1,A01
200800075601,0,7,0,0,2,3,15,B01
200800075602,0,7,0,9,0,1,1,A01
200800075603,0,7,0,13,2,6,0,A01
200800075603,0,7,0,0,2,2,11,B01
200800075604,0,7,0,0,2,3,2,A01
200800075604,0,7,0,0,2,6,2,B01
200800075605,0,7,0,16,0,0,1,A01
200800075606,1,7,0,0,2,1,9,A01
200800075606,0,30,0,0,2,1,1,B01
200800075607,0,30,0,0,1,0,0,A01
200800075608,0,7,0,0,0,0,5,A01
200800075608,0,7,0,0,0,0,0,B01
200800075609,0,7,0,0,0,0,0,A01
200800075609,0,7,0,0,0,1,0,B01
200800075610,0,30,0,0,2,1,0,A01
200800075610,0,7,0,0,2,3,0,B01
200800075611,0,7,0,0,0,0,0,A01
200800075611,0,30,0,0,0,0,0,B01
200800075612,0,7,0,1,0,3,14,A01
200800075612,0,7,0,1,2,0,0,B01
200800075612,0,7,0,0,2,0,1,C01
200800075613,0,7,0,0,2,1,1,A01
200800075613,0,7,0,0,2,1,1,B01
200800075614,0,7,0,0,2,1,0,A01
200800075614,0,7,0,0,2,1,0,B01
200800075615,0,7,0,0,1,1,1,A01
200800075616,0,7,0,0,1,1,0,A01
200800075617,0,7,0,0,9,2,0,A01
200800075617,0,1,0,0,2,0,0,B01
200800075618,0,7,0,0,0,0,14,A01
200800075618,0,33,0,10,0,3,14,B01
200800075619,0,7,0,0,1,0,0,A01
200800075620,0,30,0,0,2,3,0,A01
200800075620,0,7,0,0,9,6,0,B01
200800075621,0,7,0,0,2,2,0,A01
200800075621,0,7,0,0,2,5,0,B01
200800075622,0,7,0,0,2,1,2,A01
200800075622,1,7,0,0,0,0,0,B01
200800075623,0,7,0,0,1,1,0,A01
200800075624,0,7,0,0,2,1,0,A01
200800075624,0,7,0,0,9,8,0,B01
200800075625,0,7,0,14,0,0,0,A01
200800075626,0,7,0,0,2,5,16,A01
200800075626,0,33,0,0,0,0,0,B01
200800075627,0,7,0,0,2,1,2,A01
200800075627,0,7,0,0,2,1,2,B01
200800075627,0,7,0,0,2,1,2,C01
200800075627,0,7,0,0,2,1,2,D01
200800075628,0,7,0,0,2,0,0,A01
200800075628,0,2,0,0,2,0,0,B01
200800075629,0,7,0,0,9,8,1,A01
200800075629,0,31,0,0,2,1,2,B01
200800075630,0,1,0,0,9,0,0,A01
200800075630,0,31,0,0,9,0,0,B01
200800075631,0,30,0,0,0,0,0,A01
200800075632,1,32,0,0,0,0,0,A01
200800075632,0,30,0,0,0,0,0,B01
200800075633,0,33,0,0,2,0,0,A01
200800075634,0,2,0,0,2,0,0,A01
200800075634,0,7,0,0,9,0,0,B01
200800075635,0,7,0,0,1,1,1,A01
200800075636,0,7,0,0,2,1,1,A01
200800075636,0,7,0,0,2,8,1,B01
200800075637,0,7,0,0,2,1,1,A01
200800075637,0,7,0,0,2,4,2,B01
200800075637,0,7,0,0,2,4,2,C01
200800075638,0,7,0,0,2,1,19,A01
200800075638,0,7,0,0,2,8,1,B01
200800075639,0,7,0,0,6,1,15,A01
200800075639,0,33,0,0,2,7,1,B01
200800075640,0,2,0,0,0,0,0,A01
200800075641,0,7,0,0,2,1,1,A01
200800075641,0,31,0,0,2,4,2,B01
200800075642,0,7,0,0,1,0,0,A01
200800075643,0,7,0,0,2,1,1,A01
200800075643,0,7,0,0,2,4,2,B01
200800075643,0,7,0,0,2,4,2,C01
200800075644,0,7,0,0,0,0,0,A01
200800075645,0,2,0,0,0,0,0,A01
200800075646,0,2,0,0,2,1,1,A01
200800075646,0,7,0,0,9,8,1,B01
200800075647,0,33,0,0,0,1,0,A01
200800075647,0,7,0,0,2,4,12,B01
200800075648,0,32,0,0,2,1,2,A01
200800075648,0,7,0,0,2,4,2,B01
200800075649,0,7,0,6,0,1,1,A01
200800075650,1,7,0,0,1,0,0,A01
200800075651,0,10,0,0,2,1,2,A01
200800075651,0,7,0,0,2,4,2,B01
200800075651,0,7,0,0,2,1,2,C01
200800075652,0,7,0,16,0,0,0,A01
200800075653,0,10,0,0,2,0,0,A01
200800075653,0,13,0,0,0,0,0,B01
200800075654,0,7,0,16,0,9,0,A01
200800075655,0,33,0,0,2,0,0,A01
200800075655,0,10,0,0,9,8,1,B01
200800075656,0,33,0,6,2,9,0,A01
200800075656,0,7,0,0,2,4,1,B01
200800075657,0,7,0,0,9,7,17,A01
200800075657,0,1,0,0,9,8,1,B01
200800075658,0,33,0,0,2,1,2,A01
200800075658,0,10,0,0,2,5,2,B01
200800075659,0,33,0,0,2,1,2,A01
200800075659,0,7,0,0,2,6,2,B01
200800075660,0,7,0,1,0,1,6,A01
200800075661,0,7,0,0,2,8,0,A01
200800075661,0,33,0,0,2,1,17,B01
200800075661,0,7,0,0,1,8,1,C01
200800075662,0,7,0,0,2,8,0,A01
200800075662,0,33,0,0,2,1,3,B01
200800075663,0,7,0,0,2,3,1,B01
200800075663,0,7,0,0,2,2,1,A01
200800075664,0,7,0,0,2,4,5,A01
200800075664,0,7,0,0,2,1,1,B01
200800075665,0,2,0,0,2,1,1,B01
200800075665,0,7,0,0,2,7,15,A01
200800075666,0,1,0,0,2,1,1,B01
200800075666,0,10,0,0,2,1,9,A01
200800075667,0,7,0,0,1,1,14,C01
200800075667,0,7,0,0,2,1,1,B01
200800075667,0,7,0,0,2,1,13,A01
200800075668,1,2,0,0,2,1,9,A01
200800075668,0,7,0,0,2,1,1,B01
200800075669,0,7,0,0,1,1,1,A01
200800075670,0,10,0,0,2,4,1,B01
200800075670,0,2,0,0,2,1,1,A01
200800075671,0,2,0,0,2,1,17,B01
200800075671,0,7,0,0,2,8,9,A01
200800075672,0,2,0,0,2,1,1,B01
200800075672,0,7,0,0,2,2,20,A01
200800075673,0,2,0,0,2,1,18,B01
200800075673,0,7,0,0,2,1,15,A01
200800075674,0,7,0,0,2,4,23,B01
200800075674,0,2,0,0,2,1,1,A01
200800075675,0,2,0,0,2,1,1,B01
200800075675,1,7,0,0,2,1,10,A01
200800075676,0,7,0,0,9,1,19,A01
200800075676,0,2,0,0,2,6,1,B01
200800075677,0,2,0,0,2,1,1,B01
200800075677,0,7,0,0,9,7,15,A01
200800075678,0,2,0,0,2,1,15,A01
200800075678,0,7,0,0,9,2,1,B01
200800075679,0,7,0,0,1,2,1,A01
200800075679,0,7,0,0,0,0,21,B01
200800075679,0,7,0,0,9,4,1,C01
200800075679,0,33,0,0,2,1,1,D01
200800075680,0,7,0,3,0,7,1,A01
200800075681,0,7,0,0,1,2,1,A01
200800075682,0,30,0,0,2,1,13,A01
200800075682,0,7,0,0,9,3,1,B01
200800075683,0,31,0,0,0,8,1,A01
200800075684,0,7,0,0,9,7,15,A01
200800075684,0,30,0,0,2,1,1,B01
200800075685,0,7,0,0,9,7,1,A01
200800075685,0,30,0,0,2,1,1,B01
200800075686,0,30,0,0,2,1,17,A01
200800075686,0,7,0,0,9,7,15,B01
200800075687,0,30,0,0,2,1,15,A01
200800075687,0,7,0,0,9,6,1,B01
200800075688,0,30,0,15,0,0,1,A01
200800075689,0,7,0,0,2,0,1,A01
200800075689,0,33,0,0,2,1,1,B01
200800075690,0,7,0,0,1,7,1,A01
200800075691,0,7,0,0,2,1,1,A01
200800075691,0,7,0,0,2,4,1,B01
200800075692,0,7,0,0,2,0,1,A01
200800075692,0,7,0,0,2,0,1,B01
200800075693,0,10,0,0,1,4,1,A01
200800075694,0,7,0,0,1,1,1,A01
200800075695,0,7,0,0,1,0,1,A01
200800075696,0,33,0,0,2,1,1,A01
200800075696,0,7,0,0,2,1,1,B01
200800075697,0,7,0,0,1,1,1,A01
200800075698,0,7,0,0,2,0,1,B01
200800075698,0,7,0,15,0,6,15,A01
200800075699,0,13,0,0,2,5,17,A01
200800075699,0,1,0,0,0,8,1,B01
200800075700,0,7,0,0,1,1,1,A01
200800075701,0,7,0,0,2,2,1,B01
200800075701,0,7,0,0,2,3,1,A01
200800075702,0,30,0,0,1,1,1,A01
200800075703,0,32,0,0,0,0,0,A01
200800075704,0,7,0,0,2,3,15,A01
200800075704,0,34,0,0,2,0,0,B01
200800075705,0,2,0,0,2,1,1,B01
200800075705,0,7,0,0,2,6,1,A01
200800075706,0,7,0,0,1,1,1,A01
200800075707,0,7,0,0,1,1,1,A01
200800075750,0,7,0,15,2,7,1,B02
200800075750,0,7,0,0,2,3,15,A01
200800075751,0,38,0,0,2,6,23,A01
200800075751,0,7,0,0,2,8,1,B02
200800075751,0,30,0,0,2,3,13,C03
200800075752,0,7,0,12,2,8,1,A01
200800075752,0,10,0,0,2,3,13,B02
200800075753,0,7,0,0,1,3,1,A01
200800075754,0,7,0,0,0,1,5,A01
200800075754,0,7,0,0,2,1,1,B02
200800075754,0,7,0,0,2,8,1,C03
200800075755,0,33,0,0,2,1,2,A01
200800075755,0,7,0,0,2,4,2,B02
200800075756,0,7,0,0,2,2,1,A01
200800075756,0,7,0,0,2,2,15,B02
200800075757,0,7,0,0,2,1,17,A01
200800075757,0,7,0,0,0,0,0,B02
200800075757,0,34,0,0,2,1,1,C03
200800075758,0,33,0,0,2,1,3,A01
200800075758,0,10,0,0,0,8,15,B02
200800075759,0,7,0,0,2,3,10,A01
200800075760,0,7,0,0,2,1,5,A01
200800075760,0,7,0,0,2,1,1,B02
200800075761,0,10,0,0,2,3,13,A01
200800075761,0,10,0,0,2,3,1,B02
200800075762,0,10,0,0,1,3,1,A01
200800075763,0,1,0,0,2,0,1,B02
200800075763,0,2,0,0,2,0,13,A01
200800075764,0,7,0,0,2,7,13,A01
200800075764,0,14,0,0,2,1,1,B02
200800075765,0,2,0,0,2,3,13,A01
200800075765,0,38,0,0,2,3,1,B02
200800075766,0,7,0,4,0,3,1,A01
200800075767,0,7,0,6,2,1,13,A01
200800075767,0,10,0,0,2,2,1,B02
200800075768,0,7,0,0,2,1,1,A01
200800075768,0,1,0,0,2,3,19,B02
200800075769,0,2,0,0,0,0,0,A01
200800075769,0,10,0,0,2,7,1,B02
200800075770,0,32,0,0,2,3,13,A01
200800075770,0,31,0,0,2,3,17,B02
200800075771,0,30,0,1,0,1,1,A01
200800075772,0,10,0,0,2,1,1,A01
200800075772,0,7,0,0,2,1,1,B02
200800075773,0,30,0,1,0,1,13,A01
200800075773,0,7,0,0,2,2,24,B02
200800075774,0,30,0,0,2,1,19,A01
200800075774,0,7,0,0,2,3,1,B02
200800075775,0,7,0,0,0,8,15,A01
200800075775,0,33,0,0,0,1,1,B02
200800075776,0,7,0,0,0,4,15,A01
200800075776,0,7,0,0,2,1,2,B02
200800075777,0,7,0,0,2,3,13,A01
200800075777,0,2,0,0,2,1,1,B02
200800075778,0,2,0,1,1,7,17,A01
200800075778,0,7,0,0,2,8,15,B02
200800075779,0,7,0,6,2,3,1,A01
200800075779,0,7,0,0,2,2,1,B02
200800075780,0,7,0,0,1,2,0,A01
200800075781,0,7,0,0,1,2,1,A01
200800075782,0,7,0,2,0,1,1,A01
200800075783,0,30,0,0,2,1,1,B02
200800075783,0,7,0,0,2,8,9,A01
200800075784,0,2,0,0,2,1,18,A01
200800075784,0,7,0,0,2,5,15,B02
200800075785,0,7,0,0,2,8,1,A01
200800075785,0,7,0,0,2,3,13,B02
200800075786,0,31,0,0,2,1,17,A01
200800075786,0,7,0,0,2,3,16,B02
200800075787,0,7,0,0,2,3,13,A01
200800075787,0,7,0,0,2,3,1,B02
200800075788,0,7,0,0,2,7,1,A01
200800075788,0,7,0,0,2,1,1,B02
200800075789,0,7,0,13,0,9,1,A01
200800075790,0,10,0,0,2,7,13,A01
200800075790,0,14,0,0,2,1,1,B02
200800075791,0,7,0,13,0,3,1,A01
200800075792,0,7,0,0,0,7,15,A01
200800075792,0,2,0,0,2,1,1,B02
200800075793,0,7,0,0,9,3,15,A01
200800075793,0,1,0,0,2,1,1,B02
200800075794,0,7,0,0,2,3,15,A01
200800075794,0,31,0,0,2,1,17,B02
200800075795,0,30,0,0,2,1,2,A01
200800075795,0,7,0,0,0,4,23,B02
200800075796,0,7,0,0,1,7,1,A01
200800075797,0,15,0,0,2,8,0,A01
200800075797,0,10,0,0,2,8,1,B02
200800075797,0,30,0,0,2,9,17,C03
200800075798,0,33,0,0,2,2,17,A01
200800075799,0,7,0,0,9,2,1,A01
200800075800,0,7,0,2,0,9,14,A01
200800075801,0,7,0,0,1,3,1,A01
200800075802,0,7,0,0,9,0,17,A01
200800075802,0,1,0,0,2,0,1,B02
200800075803,0,7,0,0,2,2,15,A01
200800075803,0,32,0,0,2,1,1,B02
200800075833,0,7,0,6,0,1,1,A01
200800075834,0,7,0,0,1,2,0,A01
200800075839,0,10,0,0,2,1,1,A01
200800075839,0,2,0,0,2,1,13,B02
200800075840,0,7,0,15,0,1,13,A01
200800075841,0,30,0,0,2,1,1,A01
200800075841,0,7,0,0,2,2,15,B02
200800075842,0,7,0,0,2,2,2,A01
200800075842,0,30,0,0,0,4,1,B02
200800075842,0,1,0,0,0,4,1,C03
200800075843,0,7,0,0,2,8,1,A01
200800075843,0,7,0,0,2,1,19,B02
200800075847,0,7,0,0,2,2,1,A01
200800075847,0,2,0,11,2,1,13,B02
200800075848,0,33,0,0,0,8,0,A01
200800075849,0,7,0,0,2,3,15,A01
200800075849,0,31,0,0,2,1,17,B02
200800075852,0,10,0,0,0,4,24,B01
200800075852,0,7,0,1,0,1,24,A01
200800075853,0,32,0,0,2,1,1,A01
200800075853,0,7,0,0,2,8,15,B01
200800075854,0,33,0,0,2,8,5,A01
200800075854,0,10,0,0,2,8,0,B01
200800075855,0,7,0,0,0,2,0,A01
200800075855,0,7,0,0,0,0,0,B01
200800075855,0,7,0,0,0,0,0,C01
200800075856,0,30,0,0,0,7,13,A01
200800075856,0,7,0,0,0,8,13,B01
200800075857,0,7,0,11,2,6,2,A01
200800075857,0,7,0,0,2,3,13,B01
200800075858,0,7,0,0,2,1,9,A01
200800075858,0,2,0,15,2,1,1,B01
200800075859,0,7,0,0,9,2,9,A01
200800075859,0,30,0,0,2,1,9,B01
200800075860,0,7,0,0,2,8,15,A01
200800075860,0,30,0,15,2,3,1,B01
200800075861,0,7,0,0,2,1,1,A01
200800075861,0,7,0,0,2,1,15,B01
200800075862,1,7,0,0,9,9,0,A01
200800075862,0,2,0,14,2,4,2,B01
200800075863,0,7,0,0,2,1,2,A01
200800075863,0,15,0,0,2,4,2,B01
200800075864,0,30,0,0,2,1,9,A01
200800075864,0,7,0,0,9,3,1,B01
200800075865,0,7,0,0,1,8,1,A01
200800075866,0,7,0,0,2,3,3,B01
200800075866,0,7,0,1,2,3,2,A01
200800075867,0,7,0,0,1,0,0,A01
200800075868,1,7,0,0,1,1,1,A01
200800075869,0,7,0,0,2,3,24,A01
200800075869,0,7,0,1,0,3,21,B01
200800075869,0,7,0,0,2,4,21,C01
200800075870,0,7,0,0,2,4,2,B01
200800075870,0,7,0,0,2,4,23,A01
200800075871,0,7,0,0,9,9,6,A01
200800075872,0,7,0,0,1,0,19,A01
200800075873,0,32,0,0,2,0,9,A01
200800075873,0,7,0,0,2,1,19,B01
200800075874,0,32,0,0,0,0,0,A01
200800075875,0,7,0,0,2,1,1,A01
200800075875,0,7,0,0,2,4,2,B01
200800075875,0,7,0,0,2,4,2,C01
200800075876,0,7,0,0,1,1,1,A01
200800075877,0,7,0,0,1,1,1,A01
200800075878,0,30,0,0,9,1,1,A01
200800075878,0,7,0,0,9,4,2,B01
200800075879,0,7,0,0,1,1,1,A01
200800075880,0,33,0,0,0,9,1,A01
200800075881,0,33,0,0,0,0,0,A01
200800075882,0,31,0,0,2,1,2,A01
200800075882,0,7,0,0,9,4,1,B01
200800075883,0,31,0,0,2,0,0,A01
200800075883,0,7,0,0,6,0,24,B01
200800075883,0,7,0,0,9,0,0,C01
200800075884,0,7,0,0,2,1,13,A01
200800075884,0,7,0,0,2,1,1,B01
200800075885,0,13,0,0,9,0,0,A01
200800075885,0,33,0,0,9,0,0,B01
200800075886,0,7,0,0,1,0,0,A01
200800075887,0,7,0,0,1,1,0,A01
200800075888,0,7,0,0,9,4,1,B01
200800075888,0,35,0,0,2,1,0,A01
200800075889,0,7,0,6,0,9,1,A01
200800075890,0,7,0,0,1,1,1,A01
200800075891,0,7,0,0,1,4,4,A01
200800075892,0,32,0,4,0,1,17,A01
200800075893,0,7,0,0,9,0,0,A01
200800075893,0,99,0,0,2,0,0,B01
200800075894,0,7,0,0,2,4,2,A01
200800075894,0,7,0,0,2,1,2,B01
200800075894,0,99,0,0,2,1,2,C01
200800075895,0,7,0,0,0,1,1,A01
200800075895,0,7,0,6,2,4,16,B01
200800075896,0,31,0,0,2,1,2,A01
200800075896,0,7,0,0,2,4,2,B01
200800075897,0,7,0,0,2,8,1,A01
200800075897,2,7,0,0,2,3,13,B01
200800075898,0,32,0,0,2,7,17,A01
200800075898,0,7,0,0,2,8,1,B01
200800075899,0,7,0,0,2,4,2,A01
200800075899,0,7,0,0,2,1,2,B01
200800075899,0,7,0,0,2,4,2,C01
200800075899,0,10,0,0,2,1,2,D01
200800075900,0,33,0,3,0,1,1,A01
200800075901,0,10,0,0,2,1,13,A01
200800075901,0,7,0,0,2,3,1,B01
200800075901,0,7,0,0,2,4,1,C01
200800075901,0,7,0,0,2,4,1,D01
200800075901,0,10,0,0,2,4,1,E01
200800075902,0,33,0,0,9,1,1,A01
200800075902,0,1,0,0,2,0,10,B01
200800075903,0,7,0,0,2,1,2,A01
200800075903,0,7,0,0,2,0,2,B01
200800075904,0,7,0,0,2,3,13,A01
200800075904,0,7,0,0,2,3,13,B01
200800075905,0,10,0,0,1,7,1,A01
200800075906,0,1,0,0,9,1,19,B01
200800075906,0,2,0,0,9,1,1,A01
200800075907,0,7,0,0,1,1,1,A01
200800075908,1,7,0,0,1,1,0,A01
200800075909,0,1,0,0,2,0,15,B01
200800075909,0,3,0,0,9,0,19,A01
200800075910,0,7,0,0,2,1,15,A01
200800075910,0,2,0,0,2,1,1,B01
200800075911,0,7,0,0,1,0,15,A01
200800075912,0,7,0,0,2,1,1,B01
200800075912,0,7,0,0,2,8,9,A01
200800075913,0,1,0,0,2,1,1,C01
200800075913,0,7,0,0,9,1,16,B01
200800075913,0,7,0,0,2,3,15,A01
200800075914,0,2,0,0,1,1,19,A01
200800075915,0,7,0,0,2,1,23,B01
200800075915,0,7,0,0,2,1,1,A01
200800075916,0,1,0,0,2,8,1,B01
200800075916,0,7,0,0,9,1,15,A01
200800075917,0,7,0,0,9,2,15,A01
200800075917,0,2,0,0,2,1,1,B01
200800075918,0,2,0,0,1,1,1,A01
200800075919,0,2,0,0,2,1,17,A01
200800075919,0,7,0,0,2,3,15,B01
200800075920,0,7,0,0,2,1,1,A01
200800075920,0,7,0,0,2,4,15,B01
200800075921,0,2,0,0,9,0,1,B01
200800075921,0,1,0,0,2,0,0,A01
200800075922,0,2,0,0,2,6,1,B01
200800075922,0,7,0,0,9,5,16,A01
200800075923,0,2,0,0,1,1,1,A01
200800075924,0,7,0,0,9,1,1,A01
200800075925,0,2,0,0,2,1,15,B01
200800075925,0,7,0,0,9,3,1,A01
200800075926,0,2,0,0,2,4,3,A01
200800075926,0,7,0,0,2,7,1,B01
200800075927,0,30,0,1,0,1,1,A01
200800075927,0,7,0,0,9,6,20,B01
200800075928,0,7,0,0,2,1,1,A01
200800075928,0,7,0,0,2,4,1,B01
200800075929,0,7,0,0,9,1,15,B01
200800075929,0,30,0,0,2,1,5,A01
200800075930,0,7,0,0,2,1,15,A01
200800075930,0,7,0,0,2,8,1,B01
200800075931,0,30,0,0,2,7,15,A01
200800075931,0,7,0,0,9,3,1,B01
200800075932,0,2,0,0,2,1,1,A01
200800075932,0,7,0,0,9,6,15,B01
200800075933,0,7,0,6,0,1,14,A01
200800075934,0,7,0,0,1,3,1,A01
200800075935,0,30,0,0,2,1,17,A01
200800075935,0,7,0,0,9,8,15,B01
200800075936,0,30,0,1,0,1,1,A01
200800075936,0,7,0,0,9,8,0,B01
200800075936,0,7,0,0,9,6,0,C01
200800075937,0,33,0,5,0,7,17,A01
200800075938,0,7,0,0,1,1,1,A01
200800075939,0,31,0,0,2,1,1,A01
200800075939,0,7,0,0,9,7,16,B01
200800075940,0,33,0,0,0,8,1,A01
200800075941,1,7,0,0,1,0,0,A01
200800075942,1,7,0,0,1,0,0,A01
200800075943,0,7,0,4,0,2,14,A01
200800075944,0,30,0,0,2,1,17,A01
200800075944,0,30,0,0,2,1,1,B01
200800075945,0,7,0,4,9,2,17,A01
200800075946,0,30,0,0,1,1,7,A01
200800075947,0,7,0,0,1,1,1,A01
200800075948,0,30,0,0,2,1,16,A01
200800075948,0,37,0,0,2,1,1,B01
200800075949,0,7,0,0,1,1,1,A01
200800075950,0,14,0,0,1,0,1,A01
200800075951,0,30,0,1,0,1,18,A01
200800075951,0,7,0,0,0,3,24,B01
200800075952,0,7,0,0,2,2,13,A01
200800075952,0,7,0,0,0,6,1,B01
200800075953,0,30,0,3,0,1,1,A01
200800075954,0,7,0,0,2,6,13,A01
200800075954,0,30,0,0,2,1,0,B01
200800075955,0,7,0,12,1,1,9,A01
200800075956,0,7,0,0,0,4,1,A01
200800075956,0,7,0,0,0,1,21,B01
200800075956,0,33,0,0,0,1,21,C01
200800075957,0,7,0,0,2,1,2,A01
200800075957,0,7,0,0,2,1,2,B01
200800075957,0,7,0,0,2,1,2,C01
200800075957,0,7,0,0,2,4,2,D01
200800075958,0,30,0,0,2,3,13,A01
200800075958,0,7,0,0,0,1,1,B01
200800075959,0,33,0,0,1,1,16,A01
200800075959,0,7,0,0,0,0,1,B01
200800075960,0,7,0,0,2,8,9,A01
200800075960,0,33,0,0,2,1,1,B01
200800075961,0,33,0,0,1,1,1,A01
200800075962,0,7,0,0,1,1,15,A01
200800075963,0,33,0,0,0,2,2,A01
200800075963,0,7,0,0,0,4,2,B01
200800075964,0,7,0,0,2,6,11,A01
200800075964,0,33,0,0,2,2,1,B01
200800075965,0,30,0,0,2,1,13,A01
200800075965,0,7,0,0,0,3,1,B01
200800075965,0,32,0,0,0,7,2,C01
200800075966,0,30,0,0,1,1,15,A01
200800075967,0,7,0,0,1,2,21,A01
200800075968,0,7,0,0,1,0,1,A01
200800075969,0,30,0,0,2,1,1,A01
200800075969,0,7,0,0,9,1,1,B01
200800075970,0,7,0,0,0,0,0,B01
200800075971,0,7,0,0,2,1,0,A01
200800075971,0,33,0,0,0,7,0,B01
200800075972,0,7,0,0,0,0,0,A01
200800075972,0,2,0,0,2,1,2,B01
200800075973,1,7,0,6,2,2,11,A01
200800075974,2,7,0,0,0,0,0,A01
200800075975,0,2,0,0,0,0,1,A01
200800075976,0,7,0,0,2,3,15,A01
200800075976,0,30,0,0,2,1,17,B01
200800075977,0,7,0,0,0,6,15,A01
200800075977,0,2,0,0,2,1,17,B01
200800075978,0,7,0,6,0,1,1,A01
200800075979,0,7,0,0,2,3,1,A01
200800075979,0,7,0,0,2,2,16,B01
200800075980,0,2,0,0,2,1,17,A01
200800075980,0,7,0,0,2,3,15,B01
200800075981,0,7,0,0,2,3,16,A01
200800075981,0,34,0,0,2,1,1,B01
200800075982,0,10,0,0,2,1,1,A01
200800075982,0,33,0,0,2,7,1,B01
200800075983,0,7,0,0,1,1,1,A01
200800075984,0,33,0,0,0,8,1,A01
200800076030,0,7,0,0,2,5,1,A01
200800076030,0,7,0,0,2,7,15,B02
200800076031,0,7,0,1,1,2,14,A01
200800076032,0,7,0,0,2,5,15,A01
200800076032,0,33,0,0,2,0,1,B02
200800076033,0,10,0,13,0,0,1,A01
200800076034,0,7,0,0,2,0,0,A01
200800076034,0,7,0,0,2,3,1,B02
200800076035,0,7,0,13,0,3,19,A01
200800076036,0,33,0,0,0,3,1,A01
200800076037,0,31,0,0,0,2,1,A01
200800076038,0,33,0,3,0,3,1,A01
200800076039,0,7,0,8,0,8,1,A01
200800076040,0,7,0,2,0,1,0,A01
200800076041,0,7,0,0,1,7,19,A01
200800076042,0,7,0,0,2,3,1,A01
200800076042,0,1,0,0,2,1,13,B02
200800076043,0,7,0,0,2,3,5,A01
200800076043,0,7,0,0,2,3,1,B02
200800076044,0,7,0,0,2,3,13,A01
200800076044,0,7,0,0,2,3,1,B02
200800076044,0,7,0,0,2,3,1,C03
200800076045,0,7,0,0,2,1,1,A01
200800076045,0,7,0,0,2,1,1,B02
200800076046,0,1,0,0,2,1,13,A01
200800076046,0,7,0,0,9,1,1,B02
200800076047,0,7,0,0,9,0,1,A01
200800076047,0,1,0,13,2,1,21,B02
200800076048,0,7,0,0,1,1,1,A01
200800076048,0,30,0,0,2,1,0,B02
200800076049,0,10,0,0,2,4,1,A01
200800076049,0,10,0,0,2,1,1,B02
200800076050,0,33,0,0,0,8,1,A01
200800076051,0,10,0,0,2,8,1,A01
200800076051,0,10,0,0,2,1,15,B02
200800076052,0,10,0,0,2,5,15,A01
200800076052,0,10,0,0,2,1,1,B02
200800076053,0,30,0,0,9,3,5,A01
200800076053,0,31,0,0,0,1,1,B02
200800076054,0,31,0,0,2,1,1,A01
200800076054,0,34,0,0,2,1,0,B02
200800076055,0,33,0,0,2,1,17,A01
200800076055,0,10,0,0,2,4,1,B02
200800076055,0,10,0,0,1,1,1,C03
200800076056,0,7,0,0,1,2,1,A01
200800076057,0,7,0,0,2,7,15,A01
200800076057,0,30,0,0,2,1,1,B02
200800076058,0,30,0,0,2,1,1,A01
200800076058,0,30,0,0,2,1,11,B02
200800076059,0,33,0,0,2,1,0,A01
200800076059,0,7,0,0,2,7,19,B02
200800076060,0,32,0,13,0,8,14,A01
200800076061,0,7,0,2,0,1,1,A01
200800076062,0,7,0,0,9,1,15,A01
200800076062,0,1,0,0,2,8,1,B02
200800076062,0,1,0,0,2,1,1,C03
200800076063,0,7,0,0,2,7,1,A01
200800076063,0,33,0,0,2,1,19,B02
200800076064,0,7,0,0,2,1,1,A01
200800076064,0,7,0,0,2,1,1,B02
200800076064,0,7,0,14,0,2,1,C03
200800076065,0,30,0,0,2,1,1,A01
200800076065,0,7,0,0,2,8,15,B02
200800076066,0,7,0,13,0,3,19,A01
200800076067,0,7,0,0,2,3,13,A01
200800076067,0,7,0,0,2,6,1,B02
200800076067,0,7,0,0,2,3,1,C03
200800076068,0,7,0,8,0,2,2,A01
200800076069,0,7,0,0,2,1,2,A01
200800076069,0,2,0,0,2,4,15,B02
200800076070,0,7,0,0,2,9,15,A01
200800076070,0,7,0,0,2,1,1,B02
200800076070,0,10,0,0,2,1,1,C03
200800076071,0,7,0,8,0,9,1,A01
200800076072,0,7,0,0,2,2,15,A01
200800076072,0,2,0,0,2,1,1,B02
200800076073,0,7,0,0,9,1,1,A01
200800076074,0,2,0,0,2,1,18,A01
200800076074,0,10,0,0,2,2,13,B02
200800076075,0,30,0,12,0,1,1,A01
200800076076,1,7,0,0,9,2,1,A01
200800076076,0,1,0,0,0,8,15,B02
200800076077,0,7,0,0,2,3,13,A01
200800076077,0,33,0,0,2,8,1,B02
200800076078,1,10,0,0,1,1,1,A01
200800076079,0,7,0,13,0,1,1,A01
200800076080,0,7,0,4,0,8,21,B02
200800076080,0,7,0,0,9,8,1,C03
200800076080,0,7,0,0,9,8,2,D04
200800076081,0,7,0,0,1,1,1,A01