Num_Acc,senc,catv,occutc,obs,obsm,choc,manv,num_veh
200800076082,0,2,0,0,2,8,17,A01
200800076082,0,7,0,0,2,8,15,B02
200800076083,0,7,0,0,2,1,5,A01
200800076083,0,33,0,0,2,1,1,B02
200800076084,0,7,0,0,2,2,5,A01
200800076084,0,7,0,0,2,1,1,B02
200800076085,0,7,0,0,2,3,13,A01
200800076085,0,30,0,0,2,1,1,B02
200800076086,0,30,0,11,0,1,1,A01
200800076087,0,10,0,0,2,7,15,A01
200800076087,0,1,0,0,2,1,1,B02
200800076088,0,36,0,6,0,2,13,A01
200800076089,0,32,0,0,2,1,13,A01
200800076089,0,7,0,0,2,3,1,B02
200800076090,0,1,0,0,2,1,5,A01
200800076090,0,10,0,0,2,3,1,B02
200800076091,0,7,0,0,2,3,13,A01
200800076091,0,7,0,0,2,8,1,B02
200800076130,0,20,0,6,2,1,2,A01
200800076130,0,7,0,0,0,4,15,B02
200800076131,0,7,0,0,1,2,1,A01
200800076133,0,7,0,0,2,3,15,A01
200800076133,0,2,0,0,2,1,17,B02
200800076134,0,7,0,0,0,9,13,A01
200800076135,0,7,0,0,2,3,1,A01
200800076135,0,7,0,0,2,3,1,B02
200800076136,0,7,0,1,2,1,15,A01
200800076136,0,7,0,0,2,1,23,B02
200800076136,0,7,0,0,2,2,1,C03
200800076137,1,7,0,0,1,1,0,A01
200800076137,0,7,0,0,1,7,2,B02
200800076138,2,7,0,1,1,2,1,A01
200800076138,0,7,0,0,0,4,24,B02
200800076139,0,7,0,0,2,4,23,A01
200800076139,0,33,0,0,0,0,0,B02
200800076140,0,7,0,0,0,6,24,A01
200800076140,0,7,0,1,0,8,1,B02
200800076141,0,7,0,0,2,3,1,A01
200800076141,0,7,0,0,2,3,1,B02
200800076142,0,10,0,0,2,3,15,A01
200800076142,0,10,0,0,2,8,1,B02
200800076142,0,31,0,0,2,1,17,C03
200800076143,0,7,0,15,0,4,0,A01
200800076144,0,30,0,0,2,1,13,A01
200800076144,0,2,0,0,2,1,1,B02
200800076145,0,7,0,0,2,1,5,A01
200800076145,0,7,0,0,2,1,1,B02
200800076148,0,15,0,0,2,1,1,A01
200800076148,0,37,6,0,2,4,1,B01
200800076149,0,7,0,0,2,5,15,A01
200800076149,0,7,0,0,2,1,1,B01
200800076149,0,7,0,0,2,3,0,C01
200800076150,0,2,0,0,1,1,14,A01
200800076151,0,7,0,0,0,3,1,A01
200800076151,0,30,0,0,2,1,1,B01
200800076152,0,7,0,1,1,2,19,A01
200800076153,0,7,0,0,1,0,0,A01
200800076154,0,7,0,1,2,1,0,A01
200800076154,0,30,0,0,2,0,0,B01
200800076155,0,7,0,0,2,7,15,A01
200800076155,0,7,0,0,2,1,0,B01
200800076155,0,7,0,0,2,3,24,C01
200800076156,0,7,0,0,1,1,1,A01
200800076157,0,10,0,0,9,0,0,A01
200800076157,0,1,0,0,2,0,0,B01
200800076158,0,30,0,0,2,1,2,A01
200800076158,0,7,0,0,2,1,2,B01
200800076159,0,10,0,0,9,2,2,A01
200800076159,0,2,0,0,2,5,15,B01
200800076160,0,7,0,0,2,8,11,A01
200800076160,0,30,0,0,2,8,11,B01
200800076161,0,7,0,0,2,1,5,A01
200800076161,0,7,0,0,2,1,1,B01
200800076162,0,7,0,0,2,3,9,A01
200800076162,0,7,0,0,2,1,1,B01
200800076163,0,7,0,0,2,7,1,A01
200800076163,0,33,0,0,2,1,1,B01
200800076164,0,33,0,0,2,9,18,A01
200800076164,0,7,0,0,2,2,16,B01
200800076165,0,7,0,14,9,9,1,A01
200800076166,0,7,0,0,2,1,5,A01
200800076166,0,7,0,3,2,1,5,B01
200800076167,0,7,0,0,2,1,0,A01
200800076167,0,30,0,0,2,0,0,B01
200800076168,0,7,0,0,1,0,0,A01
200800076169,0,7,0,0,0,0,0,A01
200800076170,0,7,0,0,0,0,0,A01
200800076171,0,7,0,0,2,0,0,B01
200800076171,0,7,0,0,0,0,0,C01
200800076172,0,33,0,0,1,1,1,A01
200800076173,0,7,0,5,0,1,17,A01
200800076174,0,30,0,0,0,0,0,A01
200800076175,0,32,0,0,0,0,0,A01
200800076176,0,7,0,0,1,1,0,A01
200800076177,0,2,0,0,2,1,1,A01
200800076177,0,7,0,0,9,6,1,B01
200800076178,0,7,0,0,1,1,1,A01
200800076179,0,33,0,0,2,1,0,A01
200800076179,0,7,0,0,2,1,0,B01
200800076180,0,7,0,0,2,7,1,B01
200800076180,0,7,0,0,2,0,0,A01
200800076181,0,7,0,0,2,1,0,A01
200800076181,0,7,0,0,2,4,0,B01
200800076182,0,33,0,0,2,1,3,A01
200800076182,0,7,0,0,2,8,1,B01
200800076183,0,7,0,0,1,2,20,A01
200800076184,0,30,0,0,2,1,13,A01
200800076184,0,7,0,0,2,3,1,B01
200800076185,0,30,0,0,9,1,5,A01
200800076185,0,1,0,0,2,1,1,B01
200800076186,0,2,0,0,2,1,15,A01
200800076186,0,7,0,0,2,3,1,B01
200800076187,0,31,0,0,2,1,1,A01
200800076187,0,7,0,0,2,6,1,B01
200800076188,0,7,0,0,2,1,15,A01
200800076188,0,7,0,0,2,8,1,B01
200800076189,0,7,0,2,0,1,14,A01
200800076190,0,7,0,0,2,5,2,A01
200800076190,0,7,0,0,2,3,2,B01
200800076190,0,7,0,0,2,1,1,C01
200800076191,0,7,0,4,0,7,1,A01
200800076192,0,7,0,0,2,3,11,A01
200800076192,0,33,0,0,2,4,1,B01
200800076193,0,7,0,16,0,1,1,A01
200800076194,0,33,0,0,2,1,0,A01
200800076194,0,7,0,0,2,3,15,B01
200800076195,0,33,0,0,2,1,7,A01
200800076195,0,7,0,0,2,6,7,B01
200800076196,0,7,0,0,2,1,2,A01
200800076196,0,7,0,0,2,4,2,B01
200800076197,0,7,0,0,1,2,1,A01
200800076198,0,7,0,0,2,1,9,A01
200800076198,0,7,0,0,2,1,1,B01
200800076199,0,7,0,0,9,0,15,A01
200800076200,0,7,0,0,9,2,1,B01
200800076200,0,1,0,1,2,8,15,A01
200800076201,0,2,0,0,2,4,1,B01
200800076201,1,10,0,0,2,0,0,A01
200800076202,0,7,0,0,2,8,15,A01
200800076202,0,2,0,0,2,1,1,B01
200800076203,0,2,0,0,2,1,1,B01
200800076203,0,7,0,0,2,1,15,A01
200800076204,0,2,0,0,1,1,17,A01
200800076205,0,33,0,0,2,1,1,B01
200800076205,0,7,0,0,2,3,10,A01
200800076206,0,7,0,0,2,1,9,A01
200800076206,0,7,0,0,2,1,1,B01
200800076207,0,2,0,8,9,1,1,A01
200800076208,0,7,0,0,2,1,1,B01
200800076208,0,7,0,0,2,1,17,A01
200800076209,0,7,0,0,2,1,1,A01
200800076209,0,7,0,0,2,4,1,B01
200800076210,0,33,0,0,2,1,1,B01
200800076210,0,7,0,0,2,2,16,A01
200800076211,2,7,0,0,2,1,1,B01
200800076211,0,2,0,0,2,0,1,A01
200800076212,0,7,0,0,2,1,1,B01
200800076212,0,2,0,0,2,0,0,A01
200800076213,0,7,0,0,1,1,1,A01
200800076214,0,7,0,0,2,1,9,B01
200800076214,0,2,0,0,2,1,1,A01
200800076215,0,7,0,0,2,1,19,B01
200800076215,0,7,0,0,2,2,19,A01
200800076216,0,7,0,0,2,4,1,C01
200800076216,0,7,0,0,2,4,23,B01
200800076216,0,10,0,0,2,1,1,A01
200800076217,0,2,0,0,2,1,19,A01
200800076217,0,7,0,0,9,8,19,B01
200800076218,0,7,0,1,0,4,24,B01
200800076218,0,10,0,1,0,1,0,A01
200800076219,0,7,0,0,1,1,1,A01
200800076220,0,33,0,0,2,1,1,B01
200800076220,0,7,0,0,2,8,10,A01
200800076221,0,7,0,0,2,1,1,A01
200800076221,0,7,0,0,2,4,1,B01
200800076222,0,31,0,0,0,7,1,A01
200800076223,0,30,0,0,2,1,1,A01
200800076223,0,7,0,0,9,8,15,B01
200800076224,0,30,0,0,1,7,1,A01
200800076225,0,7,0,0,1,1,15,A01
200800076226,0,33,0,0,2,1,17,A01
200800076226,0,7,0,0,9,8,15,B01
200800076227,0,30,0,0,0,7,1,A01
200800076228,0,30,0,0,0,8,1,A01
200800076229,0,7,0,0,2,1,1,B01
200800076229,0,7,0,0,2,8,1,A01
200800076230,0,7,0,0,2,1,1,A01
200800076230,0,7,0,0,2,4,23,B01
200800076231,0,7,0,0,1,2,1,A01
200800076232,0,30,0,0,2,1,1,A01
200800076232,0,15,0,0,9,4,23,B01
200800076233,0,31,0,0,2,7,1,B01
200800076233,0,7,0,0,9,1,15,A01
200800076234,0,7,0,8,0,2,14,A01
200800076235,0,10,0,0,9,7,16,A01
200800076235,0,31,0,0,2,1,1,B01
200800076236,0,20,0,0,2,7,20,A01
200800076236,0,7,0,0,9,1,1,B01
200800076237,0,2,0,0,2,7,2,A01
200800076237,0,7,0,0,2,3,2,B01
200800076238,0,7,0,0,2,3,13,A01
200800076238,0,30,0,0,2,1,1,B01
200800076239,0,7,0,0,1,3,2,A01
200800076240,0,7,0,6,2,0,0,A01
200800076240,0,7,0,14,2,1,1,B01
200800076241,0,7,0,11,9,2,0,A01
200800076242,0,7,0,0,1,0,2,A01
200800076243,0,7,0,0,9,2,15,A01
200800076243,0,1,0,0,2,1,1,B01
200800076243,0,1,0,0,2,1,1,C01
200800076244,0,7,0,0,1,1,16,A01
200800076245,0,33,0,0,9,1,2,A01
200800076245,0,1,0,0,9,4,2,B01
200800076246,0,7,0,0,2,3,1,B01
200800076246,0,33,0,0,2,1,1,A01
200800076247,0,7,0,0,2,3,13,A01
200800076247,0,7,0,0,2,3,1,B01
200800076248,0,33,0,14,9,0,1,B01
200800076249,0,7,0,0,9,3,2,A01
200800076249,0,1,0,1,2,1,5,B01
200800076250,0,7,0,0,9,2,15,A01
200800076250,0,2,0,0,2,3,1,B01
200800076251,0,7,0,8,0,8,1,B01
200800076252,0,14,0,0,2,7,14,A01
200800076252,0,7,0,0,2,8,1,B01
200800076253,0,1,0,0,2,3,5,A01
200800076253,0,7,0,0,9,3,1,B01
200800076254,0,7,0,0,2,3,15,B01
200800076254,0,30,0,0,2,3,1,A01
200800076255,0,7,0,0,9,4,23,A01
200800076255,0,1,0,1,2,1,2,B01
200800076256,0,2,0,0,2,2,7,A01
200800076256,0,7,0,0,9,3,15,B01
200800076257,0,7,0,0,1,5,2,A01
200800076258,0,7,0,0,1,3,0,A01
200800076259,1,7,0,0,9,0,0,A01
200800076259,0,30,0,0,2,0,0,B01
200800076260,0,7,0,0,9,7,5,A01
200800076260,0,33,0,0,2,7,5,B01
200800076261,0,2,0,0,2,1,8,A01
200800076261,0,7,0,0,9,1,8,B01
200800076262,0,7,0,0,2,6,2,A01
200800076262,0,7,0,0,2,2,2,B01
200800076263,0,7,0,0,1,1,1,A01
200800076264,0,7,0,0,1,1,1,A01
200800076265,0,10,0,0,2,7,15,A01
200800076265,0,33,0,0,2,1,1,B01
200800076266,0,10,0,0,0,4,23,A01
200800076266,0,7,0,0,2,1,1,B01
200800076267,0,7,0,0,2,1,1,A01
200800076267,0,7,0,0,2,4,11,B01
200800076268,0,7,0,0,2,4,1,A01
200800076268,0,1,0,0,2,1,1,B01
200800076308,0,7,0,0,2,3,13,A01
200800076308,0,7,0,0,2,3,13,B02
200800076309,0,32,0,0,1,1,1,A01
200800076310,0,7,0,0,0,5,1,A01
200800076310,0,31,0,0,0,3,15,B02
200800076311,0,7,0,0,2,2,13,A01
200800076311,0,37,0,0,2,1,1,B02
200800076312,0,7,0,0,2,3,15,A01
200800076312,0,33,0,0,2,1,1,B02
200800076313,0,31,0,0,2,1,1,A01
200800076313,0,2,0,0,2,1,1,B02
200800076314,0,7,0,0,2,8,13,A01
200800076314,0,7,0,0,2,3,1,B02
200800076315,0,7,0,4,2,1,13,A01
200800076316,0,14,0,0,2,8,2,A01
200800076316,0,31,0,0,2,1,2,B02
200800076317,0,7,0,0,2,1,17,B02
200800076317,0,33,0,0,2,2,1,A01
200800076318,0,1,0,0,1,1,1,A01
200800076319,0,10,0,0,2,1,13,A01
200800076319,0,7,0,0,2,1,1,B02
200800076320,0,7,0,0,2,2,9,A01
200800076320,0,33,0,0,2,1,1,B02
200800076321,0,7,0,4,0,2,14,A01
200800076322,0,33,0,0,0,9,16,A01
200800076323,0,7,0,0,1,2,2,A01
200800076324,0,7,0,0,2,1,13,A01
200800076324,0,7,0,0,2,1,1,B02
200800076325,0,2,0,1,0,1,1,A01
200800076326,0,7,0,15,1,2,14,A01
200800076327,0,7,0,2,0,1,14,A01
200800076328,0,7,0,0,2,3,15,A01
200800076328,0,33,0,0,2,1,17,B02
200800076329,0,7,0,0,2,1,13,A01
200800076329,0,10,0,0,2,3,1,B02
200800076330,0,36,0,1,2,2,17,A01
200800076330,0,7,0,0,2,3,1,B02
200800076331,0,7,0,6,0,0,1,A01
200800076332,0,10,0,0,9,6,15,A01
200800076332,0,33,0,0,2,2,17,B02
200800076333,0,7,0,0,2,1,13,A01
200800076333,0,7,0,0,2,6,1,B02
200800076333,0,7,0,0,2,0,1,C03
200800076333,0,7,0,0,2,1,1,D04
200800076334,0,30,0,16,0,9,1,A01
200800076335,0,7,0,0,2,1,13,A01
200800076335,0,7,0,0,2,1,1,B02
200800076335,0,7,0,0,2,1,2,C03
200800076336,0,7,0,0,1,3,1,A01
200800076337,0,7,0,0,0,3,13,A01
200800076337,0,7,0,0,0,3,0,B02
200800076337,0,7,0,0,0,1,2,C03
200800076338,0,30,0,0,2,1,5,A01
200800076338,0,10,0,0,2,1,1,B02
200800076339,0,7,0,0,2,1,5,A01
200800076339,0,7,0,0,2,3,23,B02
200800076340,0,10,0,0,0,0,1,A01
200800076341,0,2,0,0,2,1,1,A01
200800076342,0,7,0,0,2,5,15,A01
200800076342,0,31,0,0,2,1,1,B02
200800076343,0,7,0,0,2,2,13,A01
200800076343,0,7,0,0,2,2,1,B02
200800076344,0,10,0,0,2,1,19,A01
200800076344,0,7,0,0,2,1,1,B02
200800076344,0,13,0,0,2,0,1,C03
200800076345,0,10,0,0,2,1,0,A01
200800076345,0,7,0,0,2,1,1,B02
200800076346,0,7,0,6,0,1,1,A01
200800076347,0,7,0,13,0,1,1,A01
200800076348,0,2,0,0,2,1,19,A01
200800076348,0,7,0,0,2,8,1,B02
200800076349,0,30,0,1,0,2,1,A01
200800076349,0,10,0,0,0,8,23,B02
200800076350,0,30,0,16,0,1,1,A01
200800076351,0,2,0,0,0,0,1,A01
200800076351,0,1,0,0,2,5,15,B02
200800076352,0,7,0,16,0,0,1,A01
200800076353,0,7,0,0,9,3,1,A01
200800076353,0,2,0,0,2,1,1,B02
200800076354,0,30,0,0,0,7,0,A01
200800076354,0,10,0,0,0,0,1,B02
200800076355,0,7,0,0,2,8,10,A01
200800076355,0,33,0,0,2,1,2,B02
200800076356,0,30,0,0,2,1,1,A01
200800076356,0,30,0,0,0,4,15,B02
200800076357,0,7,0,0,1,3,1,A01
200800076358,0,36,0,0,2,2,5,A01
200800076358,0,7,0,0,2,3,1,B02
200800076359,0,7,0,0,2,8,15,A01
200800076359,0,34,0,0,2,2,1,B02
200800076360,0,31,0,0,2,1,17,A01
200800076360,0,7,0,0,2,3,1,B02
200800076361,0,7,0,0,1,2,1,A01
200800076362,0,30,0,0,2,1,15,A01
200800076362,0,7,0,0,2,1,1,B02
200800076363,0,7,0,0,2,3,13,A01
200800076363,0,7,0,0,2,3,1,B02
200800076364,0,7,0,0,0,5,15,A01
200800076364,0,33,0,0,2,1,17,B02
200800076365,0,7,0,0,1,3,1,A01
200800076366,0,7,0,0,1,3,1,A01
200800076390,0,36,0,8,0,1,1,A01
200800076393,0,10,0,0,2,3,13,A01
200800076393,0,33,0,0,2,2,17,B02
200800076396,0,7,0,0,0,9,17,A01
200800076396,0,7,0,0,0,0,1,B02
200800076396,0,7,0,0,0,0,17,C03
200800076397,0,7,0,0,2,2,1,A01
200800076397,0,30,0,0,2,6,1,B02
200800076399,0,7,0,0,2,3,1,A01
200800076399,0,2,0,0,2,1,13,B02
200800076400,0,7,0,0,2,1,13,A01
200800076400,0,7,0,0,2,3,1,B02
200800076400,0,7,0,0,2,1,1,C03
200800076401,0,10,0,3,0,2,1,A01
200800076402,0,7,0,6,0,2,1,A01
200800076403,0,7,0,0,2,7,19,A01
200800076403,0,2,0,0,2,1,21,B02
200800076407,0,35,0,0,1,1,17,A01
200800076408,0,7,0,0,0,0,1,A01
200800076409,0,7,0,0,0,0,0,A01
200800076409,0,2,0,0,0,0,0,B01
200800076410,0,7,0,0,2,1,0,A01
200800076410,0,7,0,0,2,1,1,B01
200800076411,0,7,0,0,2,3,0,A01
200800076411,0,2,0,0,2,0,0,B01
200800076412,0,10,0,0,2,1,2,A01
200800076412,0,7,0,0,2,4,2,B01
200800076413,0,7,0,4,0,3,1,A01
200800076414,0,7,0,0,2,3,11,A01
200800076414,0,33,0,0,2,7,1,B01
200800076414,0,7,0,0,2,5,1,C01
200800076415,1,7,0,0,2,1,12,A01
200800076415,0,7,0,3,2,4,1,B01
200800076416,0,32,0,0,2,1,13,A01
200800076416,0,7,0,0,2,3,1,B01
200800076417,0,7,0,4,0,2,12,A01
200800076418,0,7,0,8,0,1,1,A01
200800076419,0,7,0,0,2,1,2,A01
200800076419,0,7,0,0,2,4,2,B01
200800076420,0,31,0,0,2,8,3,A01
200800076420,0,7,0,0,2,7,23,B01
200800076421,0,7,0,10,0,9,0,A01
200800076422,0,37,1,0,1,2,1,A01
200800076423,0,7,0,3,0,1,14,A01
200800076424,0,7,0,0,0,7,14,A01
200800076425,0,7,0,0,9,8,16,A01
200800076425,0,30,0,0,2,1,1,B01
200800076426,0,7,0,0,9,7,1,A01
200800076426,0,1,0,0,2,8,1,B01
200800076427,0,10,0,0,9,8,10,A01
200800076427,0,31,0,0,2,1,17,B01
200800076428,0,7,0,0,9,8,10,A01
200800076428,0,33,0,0,2,1,17,B01
200800076429,0,33,0,0,2,1,17,A01
200800076429,0,7,0,0,9,8,15,B01
200800076430,0,7,0,0,1,2,1,A01
200800076431,0,7,0,0,0,5,15,B01
200800076431,0,2,0,0,2,1,1,A01
200800076432,0,33,0,0,2,8,2,A01
200800076432,0,7,0,0,2,7,2,B01
200800076433,0,7,0,0,2,0,2,A01
200800076433,0,7,0,0,2,0,2,B01
200800076433,0,7,0,0,2,0,2,C01
200800076434,0,7,0,0,1,0,1,A01
200800076435,0,7,0,16,9,5,15,B01
200800076435,0,33,0,0,2,1,1,C01
200800076436,0,7,0,0,2,4,2,B01
200800076436,0,7,0,0,2,1,2,C01
200800076437,0,7,0,16,0,0,0,A01
200800076438,0,7,0,0,9,7,15,A01
200800076438,0,2,0,0,2,8,1,B01
200800076439,0,7,0,0,1,7,1,A01
200800076440,0,7,0,0,9,3,1,A01
200800076441,0,7,0,0,1,4,4,A01
200800076442,0,2,0,0,1,0,8,A01
200800076443,0,7,0,0,2,2,16,A01
200800076443,0,31,0,0,2,3,18,B01
200800076444,0,7,0,0,2,3,13,A01
200800076444,0,33,0,0,2,1,1,B01
200800076444,0,33,0,0,2,1,1,C01
200800076445,0,7,0,0,6,2,1,A01
200800076445,0,32,0,0,2,7,21,B01
200800076446,0,7,0,0,2,2,2,A01
200800076446,0,7,0,0,2,0,1,B01
200800076447,0,7,0,0,1,0,0,A01
200800076448,0,7,0,0,9,3,12,A01
200800076448,0,31,0,15,2,7,1,B01
200800076449,0,1,0,0,9,0,1,B01
200800076449,1,30,0,0,0,0,1,A01
200800076450,0,1,0,0,2,1,11,A01
200800076450,0,37,0,0,2,1,1,B01
200800076451,0,7,0,0,1,1,1,A01
200800076452,0,7,0,1,1,1,1,A01
200800076453,0,7,0,0,2,8,1,B01
200800076453,0,7,0,0,2,1,1,A01
200800076454,0,33,0,0,0,0,1,A01
200800076455,0,30,0,0,0,0,0,A01
200800076456,0,7,0,0,1,1,1,A01
200800076457,1,32,0,0,1,2,1,A01
200800076458,1,7,0,0,1,0,0,A01
200800076459,0,7,0,0,2,3,22,A01
200800076459,0,1,0,0,2,1,1,B01
200800076478,0,30,0,0,2,1,18,A01
200800076478,0,7,0,0,9,7,20,B01
200800076483,0,30,0,0,1,0,1,A01
200800076484,0,7,0,0,1,1,1,A01
200800076485,0,7,0,0,2,3,1,A01
200800076485,0,33,0,0,0,0,1,B01
200800076486,0,33,0,0,2,1,1,A01
200800076486,0,7,0,0,2,1,1,B01
200800076486,0,7,0,0,2,6,1,C01
200800076487,0,7,0,0,2,2,15,A01
200800076487,0,33,0,0,2,1,18,B01
200800076488,0,2,0,0,2,0,5,A01
200800076488,0,1,0,0,2,0,5,B01
200800076489,0,7,0,0,2,3,5,A01
200800076490,0,7,0,0,2,2,5,A01
200800076490,0,7,0,0,2,7,5,B01
200800076491,0,7,0,0,4,2,5,B01
200800076491,0,2,0,0,2,8,5,A01
200800076492,0,7,0,0,2,1,2,A01
200800076492,0,7,0,0,2,4,2,B01
200800076493,0,7,0,0,1,9,1,A01
200800076494,0,30,0,0,2,0,5,A01
200800076494,0,30,0,0,2,1,5,B01
200800076495,0,7,0,0,2,8,5,A01
200800076495,0,7,0,0,2,8,5,B01
200800076496,0,7,0,2,0,0,1,A01
200800076497,0,7,0,0,1,0,0,A01
200800076498,0,33,0,0,2,3,1,A01
200800076498,0,30,0,0,2,0,0,B01
200800076499,0,1,0,1,2,7,1,A01
200800076499,0,7,0,0,2,7,0,B01
200800076500,0,7,0,0,1,0,4,A01
200800076501,0,33,0,0,0,9,5,A01
200800076501,0,7,0,0,2,2,5,B01
200800076501,0,7,0,0,2,3,1,C01
200800076502,0,7,0,0,0,3,0,A01
200800076502,0,7,0,0,0,1,0,B01
200800076503,0,7,0,1,1,0,0,A01
200800076504,0,7,0,0,2,0,0,A01
200800076504,1,30,0,0,2,0,0,B01
200800076505,0,34,0,0,2,0,0,A01
200800076505,0,7,0,0,2,0,0,B01
200800076506,0,7,0,0,1,1,1,A01
200800076507,0,7,0,0,2,0,0,A01
200800076507,0,7,0,0,2,0,0,B01
200800076507,0,7,0,0,2,0,0,C01
200800076508,0,2,0,0,9,1,1,A01
200800076508,0,99,0,0,2,4,2,B01
200800076508,0,7,0,0,2,0,7,C01
200800076509,0,7,0,0,2,1,1,A01
200800076509,0,7,0,0,2,4,2,B01
200800076510,0,7,0,0,2,1,13,A01
200800076510,0,99,0,0,2,1,1,B01
200800076511,0,7,0,4,0,0,0,A01
200800076512,0,2,0,0,0,0,0,A01
200800076513,0,1,0,0,0,0,0,A01
200800076514,0,7,0,0,2,4,1,A01
200800076514,0,7,0,0,2,1,2,B01
200800076515,0,2,0,0,0,0,0,A01
200800076516,0,33,0,0,2,0,0,B01
200800076516,1,7,0,0,0,0,0,A01
200800076517,0,32,0,0,2,1,19,A01
200800076517,0,7,0,0,9,7,1,B01
200800076518,0,33,0,13,0,0,1,A01
200800076519,0,7,0,0,2,1,2,A01
200800076519,0,7,0,0,2,4,2,B01
200800076519,0,7,0,0,2,4,2,C01
200800076520,1,33,0,0,1,1,1,A01
200800076521,0,7,0,0,2,3,11,A01
200800076521,0,33,0,0,2,2,3,B01
200800076521,0,7,0,0,2,4,23,C01
200800076522,0,7,0,0,2,1,17,A01
200800076522,0,7,0,0,2,8,1,B01
200800076523,0,7,0,0,0,1,2,A01
200800076523,0,10,0,0,2,4,2,B01
200800076523,0,7,0,0,2,1,2,C01
200800076523,0,7,0,0,2,4,2,D01
200800076524,0,7,0,12,0,1,11,A01
200800076524,0,7,0,0,2,2,12,B01
200800076524,0,7,0,0,2,1,0,C01
200800076525,0,7,0,15,2,7,13,A01
200800076525,0,7,0,0,2,1,1,B01
200800076526,0,7,0,0,1,4,4,A01
200800076527,0,7,0,0,2,1,2,A01
200800076527,0,7,0,0,2,4,2,B01
200800076528,0,7,0,0,2,3,13,A01
200800076528,0,7,0,0,2,3,1,B01
200800076529,0,7,0,0,2,2,16,A01
200800076529,0,2,0,0,2,8,0,B01
200800076530,0,34,0,3,0,7,1,A01
200800076531,0,7,0,0,2,1,1,A01
200800076531,0,7,0,0,2,4,2,B01
200800076531,0,7,0,0,2,4,2,C01
200800076532,0,2,0,0,2,2,17,A01
200800076532,0,7,0,0,2,3,1,B01
200800076533,0,7,0,8,0,1,1,A01
200800076534,0,7,0,4,0,1,1,A01
200800076535,0,7,0,0,2,8,18,A01
200800076535,0,7,0,0,2,7,1,B01
200800076536,0,7,0,0,2,1,2,A01
200800076536,0,7,0,0,2,4,2,B01
200800076536,0,7,0,0,2,4,2,C01
200800076536,0,7,0,0,2,4,2,D01
200800076537,0,7,0,0,2,2,15,A01
200800076537,0,33,0,0,2,1,1,B01
200800076538,0,7,0,0,2,1,15,A01
200800076538,0,7,0,0,2,1,1,B01
200800076539,0,7,0,0,2,1,13,A01
200800076539,0,7,0,0,2,1,1,B01
200800076540,0,13,0,0,2,1,2,A01
200800076540,0,7,0,0,2,4,2,B01
200800076541,0,7,0,0,2,1,17,A01
200800076541,0,10,0,0,2,3,1,B01
200800076542,0,7,0,13,0,9,0,A01
200800076543,0,7,0,0,2,2,15,B01
200800076543,0,7,0,3,2,8,1,A01
200800076544,0,7,0,0,2,4,2,C01
200800076544,0,7,0,0,2,4,2,B01
200800076544,0,7,0,0,2,1,2,A01
200800076545,0,10,0,0,2,1,1,B01
200800076545,0,2,0,0,2,1,5,A01
200800076546,0,7,0,0,2,2,16,B01
200800076546,0,2,0,0,2,1,1,A01
200800076546,0,7,0,0,1,3,23,C01
200800076547,0,7,0,0,2,5,15,B01
200800076547,0,33,0,0,2,1,1,A01
200800076548,0,7,0,0,2,2,1,A01
200800076549,0,2,0,1,0,1,1,A01
200800076550,0,2,0,0,2,1,9,A01
200800076550,0,7,0,0,2,3,1,B01
200800076551,0,7,0,0,2,1,15,A01
200800076551,0,2,0,0,2,1,1,B01
200800076552,0,7,0,0,9,3,15,A01
200800076552,0,2,0,0,2,0,1,B01
200800076553,0,7,0,0,2,4,20,A01
200800076553,0,2,0,0,2,1,1,B01
200800076554,0,7,0,0,2,1,1,B01
200800076554,0,7,0,0,2,8,9,A01
200800076555,0,7,0,0,9,1,1,B01
200800076555,0,2,0,0,2,1,5,A01
200800076556,0,1,0,0,2,1,15,A01
200800076556,0,7,0,0,2,3,1,B01
200800076557,0,7,0,0,2,3,1,B01
200800076557,0,7,0,0,2,1,13,A01
200800076558,0,2,0,1,0,1,21,A01
200800076559,0,7,0,0,1,7,1,A01
200800076560,0,30,0,12,0,1,0,A01
200800076561,0,10,0,0,9,7,12,A01
200800076561,0,33,0,0,2,8,1,B01
200800076562,0,7,0,0,2,3,15,A01
200800076562,0,7,0,0,2,8,1,B01
200800076563,0,31,0,0,2,7,15,A01
200800076564,0,7,0,10,0,2,1,A01
200800076565,0,31,0,0,2,7,1,A01
200800076565,0,7,0,0,2,1,15,B02
200800076566,0,7,0,0,2,1,13,A01
200800076566,0,7,0,0,2,1,1,B02
200800076567,0,7,0,0,2,3,13,A01
200800076567,0,7,0,0,2,3,1,B02
200800076568,0,7,0,8,0,9,1,A01
200800076569,0,10,0,0,2,1,13,A01
200800076569,0,10,0,0,2,1,1,B02
200800076569,0,7,0,0,2,1,1,C03
200800076570,0,32,0,0,1,1,1,A01
200800076571,0,30,0,0,2,1,1,A01
200800076571,0,7,0,0,2,8,1,B02
200800076572,0,7,0,0,1,1,0,A01
200800076573,0,32,0,0,0,1,17,A01
200800076573,0,32,0,0,0,1,1,B02
200800076574,0,7,0,0,2,2,15,A01
200800076574,0,2,0,0,2,1,1,B02
200800076575,0,31,0,0,2,1,13,A01
200800076575,0,7,0,0,2,3,1,B02
200800076576,0,2,0,0,2,1,1,A01
200800076576,0,7,0,0,2,5,15,B02
200800076577,0,37,0,0,1,2,2,A01
200800076578,0,1,0,0,2,1,1,A01
200800076578,0,7,0,0,2,2,1,B02