Num_Acc,senc,catv,occutc,obs,obsm,choc,manv,num_veh
200800077086,0,7,0,0,0,0,17,B02
200800077087,0,7,0,0,2,2,1,A01
200800077087,0,2,0,0,2,8,19,B02
200800077088,0,7,0,8,0,8,1,A01
200800077089,0,2,0,0,2,1,1,A01
200800077089,0,2,0,0,2,4,1,B02
200800077090,0,30,0,0,2,1,5,A01
200800077090,0,7,0,0,2,3,1,B02
200800077091,0,30,0,15,0,0,1,A01
200800077092,0,7,0,0,9,2,9,A01
200800077092,0,1,0,0,0,4,0,B02
200800077092,0,1,0,0,0,4,0,C03
200800077093,0,1,0,0,0,4,1,A01
200800077093,0,7,0,0,0,0,0,B02
200800077094,0,7,0,0,1,2,1,A01
200800077095,0,7,0,0,2,1,17,A01
200800077095,0,14,0,0,2,1,5,B02
200800077096,0,33,0,0,1,3,1,A01
200800077097,0,10,0,0,0,3,17,A01
200800077098,0,7,0,0,0,3,19,A01
200800077098,0,32,0,0,2,5,17,B02
200800077099,1,7,0,0,1,2,1,A01
200800077100,0,30,0,0,1,1,1,A01
200800077101,0,30,0,0,1,1,1,A01
200800077102,0,14,0,0,2,3,13,A01
200800077102,0,7,0,0,2,5,1,B02
200800077103,0,10,0,0,2,1,21,A01
200800077103,0,33,0,0,2,1,14,B02
200800077104,0,10,0,0,2,1,13,A01
200800077104,0,7,0,1,2,3,1,B02
200800077104,0,7,0,1,2,9,0,C03
200800077104,0,7,0,1,0,9,0,D04
200800077104,0,7,0,1,0,9,0,E05
200800077105,0,7,0,0,9,2,1,A01
200800077105,0,1,0,0,2,4,2,B02
200800077106,0,2,0,0,2,1,13,B02
200800077106,0,33,0,0,9,1,1,C03
200800077106,0,7,0,0,9,1,15,A01
200800077107,0,7,0,9,0,1,1,A01
200800077108,0,7,0,0,2,1,1,A01
200800077108,0,7,0,0,2,1,1,B02
200800077108,0,7,0,0,2,8,1,C03
200800077109,0,31,0,16,0,7,16,A01
200800077110,0,7,0,0,2,1,5,A01
200800077110,0,7,0,0,2,2,1,B02
200800077110,0,7,0,0,2,1,1,C03
200800077111,1,10,0,0,1,0,0,A01
200800077112,0,7,0,15,0,3,14,A01
200800077113,0,7,0,0,2,3,1,A01
200800077113,0,31,0,0,2,1,13,B02
200800077114,0,30,0,0,2,1,1,A01
200800077114,0,31,0,0,2,0,1,B02
200800077115,0,30,0,0,1,1,1,A01
200800077116,0,30,0,0,1,1,17,A01
200800077117,0,33,0,13,2,7,19,A01
200800077117,0,7,0,0,2,8,1,B02
200800077148,0,7,0,8,0,2,2,A01
200800077149,0,7,0,0,1,3,1,A01
200800077149,1,7,0,0,0,0,0,B02
200800077150,0,7,0,0,2,3,15,A01
200800077150,0,30,0,0,0,1,1,B02
200800077155,0,7,0,0,9,1,1,A01
200800077155,0,1,0,0,2,8,19,B02
200800077156,0,7,0,0,2,2,21,A01
200800077156,0,10,0,0,2,5,15,B02
200800077157,0,7,0,0,2,3,17,A01
200800077157,0,33,0,12,2,3,1,B02
200800077158,0,7,0,0,0,5,15,A01
200800077158,0,2,0,0,2,1,1,B02
200800077159,0,2,0,0,2,2,15,A01
200800077159,0,30,0,0,2,1,1,B02
200800077160,0,7,0,0,2,2,17,A01
200800077160,0,30,0,0,2,4,17,B02
200800077165,0,30,0,0,0,0,1,A01
200800077166,0,10,0,0,2,3,1,A01
200800077166,0,14,0,0,2,8,1,B02
200800077169,0,7,0,0,2,1,4,A01
200800077169,0,14,0,0,2,1,0,B01
200800077170,0,33,0,12,2,0,1,A01
200800077170,0,1,0,0,2,8,1,B01
200800077171,0,7,0,0,2,2,15,A01
200800077171,0,30,0,0,2,8,1,B01
200800077172,0,7,0,0,2,3,15,A01
200800077172,0,30,0,0,2,1,17,B01
200800077173,0,7,0,0,1,3,1,A01
200800077174,0,7,0,0,2,9,1,A01
200800077175,0,7,0,0,0,0,0,A01
200800077175,0,2,0,0,0,0,0,B01
200800077176,0,37,1,1,1,1,1,A01
200800077177,2,7,0,0,1,0,1,A01
200800077177,0,1,0,0,2,7,9,B01
200800077178,0,30,0,0,2,0,0,A01
200800077179,0,7,0,0,0,0,0,A01
200800077179,0,2,0,0,0,2,1,B01
200800077180,0,7,0,0,1,0,0,A01
200800077181,0,7,0,0,1,1,0,A01
200800077182,0,7,0,0,1,0,0,A01
200800077183,0,7,0,0,2,6,23,A01
200800077183,0,7,0,0,2,9,1,B01
200800077183,0,7,0,0,2,1,1,C01
200800077184,0,7,0,0,0,0,0,A01
200800077185,0,2,0,1,2,7,1,A01
200800077185,0,7,0,0,2,2,9,B01
200800077186,0,7,0,0,2,4,1,A01
200800077186,0,7,0,0,2,3,1,B01
200800077186,0,7,0,0,2,1,1,C01
200800077187,0,7,0,1,2,2,9,A01
200800077187,0,7,0,0,2,1,1,B01
200800077188,0,2,0,0,0,0,0,A01
200800077188,0,7,0,0,0,0,0,B01
200800077189,0,7,0,0,0,2,0,A01
200800077189,0,7,0,0,0,1,0,B01
200800077190,0,7,0,0,0,8,10,A01
200800077190,0,33,0,0,2,1,17,B01
200800077191,0,30,0,0,2,1,15,A01
200800077191,0,7,0,0,9,8,16,B01
200800077192,0,10,0,0,2,9,1,B01
200800077193,0,7,0,0,1,1,1,A01
200800077194,1,7,0,0,1,0,1,A01
200800077195,0,14,0,6,0,9,15,A01
200800077196,0,31,0,0,2,1,1,A01
200800077196,0,7,0,0,2,3,15,B01
200800077197,0,7,0,0,2,1,1,A01
200800077198,1,7,0,0,1,0,1,A01
200800077199,0,7,0,0,2,2,15,A01
200800077199,0,30,0,0,2,1,1,B01
200800077200,0,7,0,4,0,1,13,B01
200800077200,2,7,0,4,0,8,1,A01
200800077201,0,7,0,0,2,4,4,A01
200800077201,0,32,0,0,2,1,2,B01
200800077202,0,34,0,0,2,1,13,A01
200800077202,0,7,0,0,2,1,1,B01
200800077203,2,30,0,0,0,0,1,A01
200800077204,0,30,0,0,1,1,1,A01
200800077205,2,30,0,0,0,0,0,A01
200800077206,0,7,0,0,2,1,19,A01
200800077206,0,7,0,0,2,3,1,B01
200800077207,0,7,0,0,2,1,15,A01
200800077207,0,30,0,0,2,1,1,B01
200800077208,0,7,0,0,2,1,0,A01
200800077208,0,7,0,0,2,1,0,B01
200800077209,0,7,0,0,0,4,11,A01
200800077209,0,33,0,0,2,1,11,B01
200800077210,0,7,0,0,2,1,2,A01
200800077210,0,7,0,0,2,4,2,B01
200800077210,0,7,0,0,2,4,2,C01
200800077211,0,7,0,3,0,3,0,A01
200800077212,0,7,0,0,2,8,15,A01
200800077212,0,33,0,0,2,1,17,B01
200800077213,0,33,0,0,2,1,0,A01
200800077213,0,7,0,0,0,4,0,B01
200800077214,0,7,0,1,0,1,2,A01
200800077214,0,7,0,0,0,4,2,B01
200800077215,0,7,0,0,2,1,9,A01
200800077215,0,7,0,0,2,3,1,C01
200800077215,0,7,0,0,9,8,1,B01
200800077216,0,33,0,0,2,1,2,A01
200800077216,0,7,0,0,0,6,2,B01
200800077217,0,7,0,0,2,1,11,A01
200800077217,0,7,0,0,2,2,0,B01
200800077218,0,31,0,0,2,1,2,A01
200800077218,0,7,0,0,0,4,2,B01
200800077219,1,7,0,0,1,0,0,A01
200800077220,0,7,0,0,2,2,0,B01
200800077220,0,7,0,0,0,3,9,A01
200800077221,0,31,0,0,0,1,0,B01
200800077221,0,7,0,0,2,2,9,A01
200800077222,0,14,0,0,2,2,12,A01
200800077222,0,7,0,0,2,4,2,C01
200800077222,0,7,0,0,2,8,1,B01
200800077223,0,1,0,0,2,1,15,A01
200800077223,0,7,0,0,9,1,1,B01
200800077224,0,2,0,0,2,1,1,B01
200800077224,0,7,0,0,0,8,10,A01
200800077225,0,1,0,0,2,5,15,A01
200800077225,1,2,0,0,2,0,17,B01
200800077226,0,2,0,0,2,1,9,A01
200800077226,0,7,0,0,2,1,1,B01
200800077227,0,7,0,0,2,3,15,A01
200800077227,0,7,0,0,0,0,13,B01
200800077228,0,2,0,0,1,1,18,A01
200800077229,0,2,0,0,9,1,1,B01
200800077229,0,7,0,0,9,3,15,A01
200800077230,0,2,0,0,2,1,5,A01
200800077230,0,7,0,0,2,1,1,B01
200800077231,0,1,0,0,2,1,15,A01
200800077231,0,7,0,0,0,2,15,B01
200800077232,0,2,0,0,2,1,1,B01
200800077232,0,7,0,0,2,7,15,A01
200800077233,0,33,0,1,2,1,17,A01
200800077233,0,30,0,1,2,1,1,B01
200800077234,0,2,0,0,0,3,1,B01
200800077234,0,7,0,0,9,3,15,A01
200800077235,0,2,0,0,2,1,13,A01
200800077235,0,2,0,0,2,6,21,B01
200800077236,0,31,0,0,1,7,1,A01
200800077237,0,7,0,0,2,7,15,A01
200800077237,0,2,0,0,2,1,1,B01
200800077238,0,7,0,0,2,1,15,B01
200800077238,0,2,0,0,2,1,1,A01
200800077239,0,7,0,0,2,1,20,A01
200800077239,0,2,0,0,2,1,21,B01
200800077240,0,2,0,0,2,1,1,B01
200800077240,0,7,0,0,2,1,9,A01
200800077241,0,2,0,0,2,0,10,A01
200800077241,0,7,0,0,2,1,1,B01
200800077242,0,2,0,0,2,8,1,B01
200800077242,0,7,0,0,2,7,1,A01
200800077243,0,7,0,0,0,0,14,A01
200800077244,0,30,0,12,0,1,1,A01
200800077245,0,7,0,1,0,3,1,A01
200800077245,0,7,0,0,0,3,23,B01
200800077246,0,7,0,2,0,1,13,A01
200800077247,0,30,0,0,2,1,17,A01
200800077247,0,7,0,0,9,3,1,B01
200800077248,0,30,0,0,0,0,1,A01
200800077249,0,7,0,0,1,6,4,A01
200800077250,0,7,0,0,2,7,2,A01
200800077250,0,1,0,0,2,1,10,B01
200800077251,0,7,0,0,1,7,1,A01
200800077252,0,7,0,0,2,6,15,A01
200800077252,0,30,0,0,2,1,17,B01
200800077253,0,7,0,0,0,0,1,A01
200800077253,0,7,0,12,0,1,21,B01
200800077254,0,14,0,0,1,7,1,A01
200800077255,0,7,0,0,2,2,1,A01
200800077255,0,7,0,0,2,3,1,B01
200800077256,0,7,0,0,2,7,1,A01
200800077256,0,1,0,0,2,8,1,B01
200800077257,0,2,0,0,2,1,1,B01
200800077257,0,7,0,0,2,3,1,A01
200800077258,0,7,0,0,2,4,4,A01
200800077258,0,32,0,0,2,1,1,B01
200800077259,0,10,0,0,2,6,11,A01
200800077259,0,33,0,0,2,1,1,B01
200800077259,0,7,0,0,2,3,23,C01
200800077260,0,31,0,12,0,1,0,A01
200800077261,0,7,0,0,1,1,16,A01
200800077262,0,31,0,0,2,3,1,B01
200800077262,0,7,0,0,2,2,1,A01
200800077263,0,1,0,0,2,1,1,A01
200800077263,0,7,0,0,2,7,1,B01
200800077264,0,7,0,0,2,1,1,A01
200800077264,0,7,0,0,2,1,1,B01
200800077264,0,7,0,0,2,1,1,C01
200800077265,0,7,0,0,2,3,15,A01
200800077265,0,2,0,0,2,1,1,B01
200800077266,0,7,0,0,2,3,17,A01
200800077266,0,2,0,0,2,3,1,B01
200800077267,0,7,0,0,1,1,1,A01
200800077268,2,7,0,0,2,1,13,A01
200800077268,0,7,0,0,2,1,1,B01
200800077269,0,7,0,0,1,1,1,A01
200800077270,1,7,0,0,2,3,13,A01
200800077270,0,33,0,0,2,8,1,B01
200800077271,0,2,0,3,0,2,14,A01
200800077272,0,1,0,0,2,1,19,A01
200800077273,0,7,0,0,9,7,1,B01
200800077273,0,2,0,0,2,1,1,A01
200800077274,0,7,0,0,2,1,13,A01
200800077274,0,10,0,0,2,1,1,B01
200800077275,0,7,0,1,0,2,1,A01
200800077276,0,1,0,0,0,0,1,A01
200800077303,0,34,0,4,0,7,17,A01
200800077304,0,31,0,0,0,0,15,A01
200800077305,0,10,0,0,2,2,19,A01
200800077305,0,7,0,0,2,3,1,B02
200800077306,0,7,0,0,1,2,13,A01
200800077307,0,31,0,0,2,8,1,A01
200800077307,0,38,0,0,2,8,1,B02
200800077308,0,33,0,0,2,1,17,A01
200800077308,0,7,0,0,2,3,0,B02
200800077309,0,7,0,0,0,6,15,A01
200800077309,0,32,0,0,2,1,1,B02
200800077310,0,7,0,0,1,2,0,A01
200800077311,0,7,0,0,2,1,13,A01
200800077311,0,7,0,0,2,3,21,B02
200800077312,0,7,0,0,2,8,13,A01
200800077312,0,32,0,0,2,1,1,B02
200800077313,0,33,0,0,2,1,17,A01
200800077313,0,21,0,0,0,1,1,B02
200800077314,0,31,0,0,2,3,17,A01
200800077314,0,7,0,0,2,3,0,B02
200800077315,0,30,0,0,2,3,17,A01
200800077315,0,7,0,0,2,3,1,B02
200800077316,0,7,0,0,2,1,13,A01
200800077316,0,7,0,0,2,1,1,B02
200800077317,0,7,0,14,0,3,1,A01
200800077317,0,2,0,1,0,1,0,B02
200800077317,0,7,0,1,0,3,24,C03
200800077318,0,30,0,0,0,0,1,A01
200800077319,0,30,0,6,0,0,16,A01
200800077319,0,30,0,6,0,0,16,B02
200800077320,0,7,0,6,0,1,1,A01
200800077321,0,7,0,0,2,3,13,A01
200800077321,0,7,0,0,2,3,1,B02
200800077322,0,33,0,0,5,1,1,A01
200800077322,0,33,0,1,0,1,1,B02
200800077322,0,33,0,1,0,1,1,C03
200800077322,0,7,0,0,0,6,23,D04
200800077322,0,7,0,0,0,2,23,E05
200800077323,0,7,0,0,2,1,17,A01
200800077323,0,7,0,0,2,8,15,B02
200800077324,0,10,0,0,1,3,13,A01
200800077325,0,10,0,0,1,2,1,A01
200800077326,0,7,0,1,0,1,2,A01
200800077326,0,7,0,0,0,4,24,B02
200800077327,0,7,0,1,0,2,14,A01
200800077327,0,7,0,0,0,6,23,B02
200800077328,0,7,0,0,2,1,1,A01
200800077328,0,7,0,0,2,1,1,B02
200800077329,0,30,0,0,2,1,13,A01
200800077329,0,37,0,0,2,1,1,B02
200800077330,0,33,0,0,0,2,17,A01
200800077330,0,10,0,0,0,3,15,B02
200800077331,0,7,0,0,2,2,15,A01
200800077331,0,7,0,0,2,1,1,B02
200800077332,0,10,0,0,1,2,20,A01
200800077333,0,10,0,0,1,3,2,A01
200800077334,0,10,0,0,2,5,15,A01
200800077334,0,33,0,0,2,1,1,B02
200800077335,0,7,0,0,2,1,1,A01
200800077335,0,7,0,14,0,1,3,B02
200800077335,0,7,0,0,2,4,15,C03
200800077336,0,7,0,0,2,2,9,A01
200800077336,0,30,0,0,2,1,1,B02
200800077337,0,2,0,0,0,0,0,A01
200800077338,0,7,0,0,9,1,1,A01
200800077338,0,1,0,0,2,4,1,B02
200800077338,0,1,0,0,2,4,1,C03
200800077339,0,7,0,13,0,8,1,A01
200800077340,0,30,0,0,2,3,1,A01
200800077341,0,7,0,0,2,1,1,A01
200800077341,0,30,0,0,2,8,1,B02
200800077342,0,7,0,2,0,9,13,A01
200800077343,0,7,0,0,2,3,13,A01
200800077343,0,7,0,0,2,3,1,B02
200800077344,0,7,0,0,2,1,13,A01
200800077344,0,7,0,0,2,1,2,B02
200800077345,0,7,0,0,2,2,15,A01
200800077345,0,2,0,0,2,1,1,B02
200800077346,0,7,0,13,0,1,1,A01
200800077347,0,7,0,0,2,3,1,A01
200800077347,0,2,0,0,2,1,13,B02
200800077348,0,10,0,0,0,1,1,A01
200800077348,0,7,0,0,0,1,11,B02
200800077349,0,7,0,10,0,1,1,A01
200800077350,0,30,0,0,9,1,1,A01
200800077350,0,1,0,0,0,4,1,B02
200800077351,0,7,0,8,0,7,1,A01
200800077352,0,1,0,0,2,1,1,A01
200800077352,0,20,0,0,2,6,1,B02
200800077353,0,7,0,9,0,1,1,A01
200800077354,0,30,0,10,0,3,13,A01
200800077355,0,7,0,0,2,3,13,A01
200800077355,0,7,0,0,0,1,1,B02
200800077356,0,33,0,0,2,1,1,A01
200800077356,0,7,0,0,9,1,1,B02
200800077357,0,7,0,6,0,1,13,A01
200800077358,0,7,0,0,2,1,15,A01
200800077358,0,7,0,0,2,1,1,B02
200800077359,0,3,0,0,0,3,15,A01
200800077359,0,33,0,0,2,1,1,B02
200800077360,0,7,0,0,1,3,1,A01
200800077361,0,31,0,8,0,1,1,A01
200800077362,0,7,0,0,1,1,0,A01
200800077363,0,7,0,0,9,1,16,A01
200800077363,0,1,0,0,2,7,1,B02
200800077364,0,7,0,0,2,1,2,A01
200800077364,0,33,0,0,0,4,23,B02
200800077365,0,2,0,1,0,2,1,A01
200800077397,0,10,0,0,1,1,1,A01
200800077406,0,7,0,0,2,3,1,A01
200800077406,0,30,0,0,2,1,13,B02
200800077407,0,7,0,0,2,7,15,A01
200800077407,0,30,0,0,2,1,1,B02
200800077408,0,7,0,0,2,3,13,A01
200800077408,0,7,0,0,2,1,1,B02
200800077409,0,7,0,0,2,3,13,A01
200800077409,0,32,0,0,2,7,3,B02
200800077410,0,7,0,10,1,2,1,A01
200800077413,0,7,0,0,0,9,1,A01
200800077414,0,7,0,0,2,2,1,A01
200800077414,0,30,0,0,2,1,15,B02
200800077417,0,33,0,15,0,7,1,A01
200800077418,0,7,0,0,2,1,17,A01
200800077418,0,1,0,0,2,1,1,B02
200800077421,0,3,0,0,2,1,13,A01
200800077421,0,1,0,0,2,1,0,B01
200800077422,0,14,0,0,2,4,1,A01
200800077422,0,7,0,0,2,1,1,B01
200800077422,0,7,0,0,2,4,1,C01
200800077423,0,7,0,0,2,8,0,A01
200800077423,0,7,0,0,2,1,0,B01
200800077424,0,7,0,0,0,0,0,A01
200800077425,0,7,0,5,0,9,1,A01
200800077426,0,7,0,0,2,2,1,A01
200800077426,0,7,0,0,2,1,9,B01
200800077427,0,7,0,0,2,0,1,A01
200800077427,0,7,0,0,2,1,1,B01
200800077428,0,7,0,0,0,0,0,A01
200800077428,0,7,0,0,0,0,0,B01
200800077428,0,7,0,0,0,0,0,C01
200800077429,0,7,0,0,0,0,0,A01
200800077429,0,7,0,0,0,0,0,B01
200800077429,1,7,0,0,2,0,0,C01
200800077430,0,7,0,0,1,7,1,A01
200800077431,0,7,0,8,0,1,1,A01
200800077432,0,7,0,0,0,0,0,A01
200800077433,0,10,0,0,1,0,0,A01
200800077434,0,7,0,0,1,2,0,A01
200800077435,2,7,0,0,0,4,0,A01
200800077435,0,7,0,0,0,0,0,B01
200800077436,0,2,0,0,0,7,1,A01
200800077437,0,7,0,0,0,2,0,A01
200800077438,0,7,0,0,1,1,1,A01
200800077439,0,7,0,0,0,0,0,A01
200800077439,0,33,0,0,2,9,0,B01
200800077440,0,7,0,0,0,0,0,A01
200800077440,0,1,0,0,0,0,0,B01
200800077441,0,34,0,0,0,0,0,A01
200800077442,0,7,0,0,0,3,9,A01
200800077442,0,7,0,0,0,0,0,B01
200800077443,0,7,0,0,1,3,1,A01
200800077444,0,7,0,0,1,7,1,A01
200800077445,0,7,0,0,1,1,16,A01
200800077446,1,7,0,0,1,0,1,A01
200800077447,0,7,0,13,0,8,13,A01
200800077448,0,32,0,0,2,8,15,A01
200800077449,0,3,0,0,2,3,1,B01
200800077449,0,7,0,0,1,4,4,A01
200800077450,0,32,0,0,2,1,1,A01
200800077450,0,7,0,0,2,2,15,B01
200800077451,0,31,0,0,2,1,1,A01
200800077452,0,7,0,0,2,1,1,B01
200800077452,0,7,0,0,2,1,13,A01
200800077453,0,7,0,0,2,0,11,A01
200800077453,0,31,0,0,2,0,1,B01
200800077454,0,7,0,0,2,1,1,A01
200800077454,0,7,0,0,2,4,15,B01
200800077455,0,7,0,1,0,2,14,A01
200800077456,0,7,0,0,1,1,1,A01
200800077457,0,7,0,6,0,1,13,A01
200800077458,0,33,0,3,0,1,14,A01
200800077459,0,7,0,0,1,1,1,A01
200800077460,2,30,0,0,0,0,0,A01
200800077461,0,31,0,0,2,1,17,A01
200800077461,0,7,0,0,2,7,20,B01
200800077462,0,7,0,0,1,1,1,A01
200800077463,0,7,0,0,1,1,1,A01
200800077464,0,32,0,13,0,1,13,A01
200800077465,0,33,0,0,2,1,1,B01
200800077465,0,7,0,0,2,8,10,A01
200800077466,0,7,0,0,2,8,5,A01
200800077466,0,7,0,0,2,8,5,B01
200800077467,0,7,0,0,0,4,2,A01
200800077467,0,33,0,0,2,1,2,B01
200800077468,1,7,0,0,0,4,2,A01
200800077468,0,7,0,0,2,1,2,B01
200800077468,0,7,0,0,2,4,2,C01
200800077468,0,7,0,0,2,4,2,D01
200800077469,0,31,0,16,0,1,2,A01
200800077470,0,7,0,0,0,4,2,A01
200800077470,0,31,0,0,2,1,2,B01
200800077471,0,7,0,0,2,2,1,A01
200800077471,2,7,0,0,2,3,1,B01
200800077472,0,7,0,6,0,1,0,A01
200800077473,0,7,0,0,2,1,2,A01
200800077473,1,7,0,0,2,4,2,B01
200800077474,0,33,0,0,2,7,0,A01
200800077474,1,7,0,0,2,8,0,B01
200800077475,0,7,0,0,2,1,2,A01
200800077475,0,7,0,0,2,4,2,B01
200800077475,0,7,0,0,2,4,2,C01
200800077476,0,31,0,0,2,8,1,A01
200800077476,0,7,0,0,2,7,0,B01
200800077477,0,7,0,0,2,1,1,A01
200800077477,0,32,0,0,2,4,0,B01
200800077478,0,10,0,0,2,0,0,A01
200800077478,0,7,0,0,2,4,2,B01
200800077478,0,7,0,0,0,4,0,C01
200800077479,0,7,0,0,2,3,1,A01
200800077479,0,7,0,0,0,3,1,B01
200800077480,0,7,0,6,0,1,1,A01
200800077481,0,7,0,5,2,4,11,A01
200800077481,0,7,0,0,2,3,1,B01
200800077482,0,10,0,0,2,2,4,A01
200800077482,0,33,0,0,2,1,1,B01
200800077483,0,7,0,6,0,1,2,A01
200800077484,0,7,0,0,2,4,1,A01
200800077484,0,10,0,0,2,4,0,B01
200800077485,0,33,0,0,0,1,2,A01
200800077486,0,7,0,0,2,1,5,A01
200800077486,0,7,0,3,2,1,5,B01
200800077487,0,7,0,0,2,1,5,A01
200800077487,0,7,0,0,2,1,5,B01
200800077488,0,31,0,0,2,1,5,A01
200800077488,0,31,0,0,2,1,5,B01
200800077489,0,7,0,4,2,1,17,A01
200800077489,0,7,0,4,2,4,1,B01
200800077490,0,7,0,3,0,1,0,A01
200800077491,0,31,0,1,0,6,0,A01
200800077492,0,33,0,2,0,1,1,A01
200800077493,0,7,0,0,2,1,2,A01
200800077493,0,7,0,0,0,4,2,B01
200800077494,0,7,0,0,1,1,1,A01
200800077495,0,33,0,16,0,7,17,A01
200800077496,0,7,0,0,2,1,5,A01
200800077496,0,7,0,0,2,1,0,B01
200800077497,0,7,0,0,9,2,15,A01
200800077497,0,1,0,0,2,1,16,B01
200800077498,0,7,0,0,2,1,2,A01
200800077498,0,7,0,0,2,4,2,B01
200800077499,0,33,0,0,2,1,1,A01
200800077499,0,7,0,0,2,1,1,B01
200800077500,0,7,0,0,9,1,20,A01
200800077501,0,7,0,0,1,7,1,A01
200800077502,0,1,0,0,2,1,9,A01
200800077502,0,10,0,0,9,1,15,B01
200800077503,0,10,0,0,2,1,17,A01
200800077503,0,7,0,0,2,1,1,B01
200800077503,0,7,0,1,2,1,23,C01
200800077503,0,7,0,0,2,1,23,D01
200800077504,0,7,0,0,2,6,9,A01
200800077504,0,2,0,0,2,1,1,B01
200800077505,0,7,0,0,2,7,19,B01
200800077505,0,7,0,0,2,1,19,A01
200800077506,0,2,0,0,2,1,1,A01
200800077507,1,33,0,0,0,0,0,A01
200800077508,0,7,0,0,2,7,10,A01
200800077508,0,2,0,0,2,7,16,B01
200800077509,0,7,0,8,0,1,1,A01
200800077510,0,1,0,0,1,1,1,A01
200800077511,0,7,0,0,2,1,15,A01
200800077511,0,2,0,0,2,1,1,B01
200800077512,0,7,0,0,2,3,19,A01
200800077512,0,7,0,0,2,2,1,B01
200800077513,0,2,0,0,2,1,9,A01
200800077513,1,33,0,0,2,0,1,B01
200800077514,0,7,0,0,2,3,10,A01
200800077514,0,2,0,0,2,1,1,B01
200800077515,0,7,0,0,2,3,15,A01
200800077515,0,2,0,0,2,1,1,B01
200800077516,0,7,0,0,1,1,15,A01
200800077517,0,7,0,0,9,7,1,B01
200800077517,0,2,0,0,2,7,1,A01
200800077518,0,33,0,0,2,1,17,A01
200800077518,0,2,0,0,2,1,9,B01
200800077519,0,10,0,0,2,5,16,A01
200800077519,0,2,0,0,2,1,18,B01
200800077520,0,10,0,0,2,5,16,A01
200800077520,0,1,0,0,2,8,1,B01
200800077521,0,2,0,0,2,1,1,A01
200800077521,0,7,0,0,2,4,0,B01
200800077522,0,2,0,0,2,7,1,A01
200800077522,0,31,0,0,2,8,0,B01
200800077523,0,7,0,0,2,1,1,A01
200800077523,0,7,0,0,2,4,1,B01
200800077524,2,7,0,8,0,1,1,A01
200800077525,0,7,0,0,1,1,1,B01
200800077526,0,2,0,0,2,1,9,A01
200800077526,0,2,0,0,2,1,1,B01
200800077527,0,7,0,0,1,1,1,A01
200800077528,0,1,0,0,1,1,1,A01
200800077529,0,7,0,0,9,1,15,A01
200800077529,0,34,0,0,2,1,1,B01
200800077530,0,7,0,3,0,7,1,A01
200800077531,0,7,0,0,9,2,20,A01
200800077531,0,30,0,1,2,1,1,B01
200800077531,0,7,0,0,9,8,24,C01
200800077532,0,7,0,3,2,3,14,A01
200800077532,0,7,0,0,2,8,1,B01
200800077533,0,7,0,12,0,2,1,A01
200800077534,0,7,0,1,0,3,13,A01
200800077534,0,7,0,0,2,3,24,B01
200800077535,0,7,0,3,2,7,17,A01
200800077535,0,10,0,3,2,8,1,B01
200800077536,0,7,0,0,9,7,20,A01
200800077536,0,30,0,0,2,1,1,B01
200800077537,0,30,0,0,2,1,16,A01
200800077537,0,7,0,0,9,4,1,B01
200800077538,0,7,0,0,2,1,1,A01
200800077538,0,7,0,0,2,4,1,B01
200800077539,0,7,0,0,1,2,1,A01
200800077540,0,7,0,0,2,6,14,B01
200800077540,0,7,0,6,2,3,13,A01
200800077541,0,7,0,0,9,3,12,A01
200800077541,0,1,0,0,2,4,2,B01
200800077542,0,33,0,0,1,0,0,A01
200800077543,0,7,0,0,2,8,9,A01
200800077543,0,99,0,0,2,2,1,B01
200800077544,0,7,0,15,0,0,0,A01
200800077545,0,7,0,0,0,0,0,A01
200800077545,0,7,0,0,0,0,0,B01
200800077546,0,7,0,0,2,6,24,A01
200800077546,0,7,0,1,0,1,14,B01
200800077547,0,7,0,0,2,3,1,A01
200800077547,0,7,0,0,2,3,13,B01
200800077548,0,99,0,13,0,0,1,A01
200800077549,0,33,0,0,1,1,1,A01
200800077550,0,2,0,0,2,1,1,B01
200800077550,0,7,0,0,2,2,1,A01
200800077551,0,7,0,0,2,1,1,A01
200800077551,0,7,0,0,2,4,15,B01
200800077552,0,7,0,0,2,1,1,A01
200800077552,0,31,0,1,2,1,19,B01
200800077553,0,7,0,0,2,6,1,B01
200800077553,0,7,0,0,2,2,1,A01
200800077554,0,30,0,0,2,8,1,A01
200800077554,0,7,0,0,2,2,0,B01
200800077555,0,7,0,0,1,1,0,A01
200800077556,0,33,0,0,2,1,1,A01
200800077556,0,7,0,0,2,4,0,B01
200800077557,0,2,0,0,0,0,0,A01
200800077558,0,2,0,0,2,1,0,A01
200800077558,0,1,0,0,2,1,0,B01
200800077559,0,7,0,0,2,1,1,A01
200800077559,0,7,0,0,2,4,1,B01
200800077560,0,7,0,0,2,0,0,A01
200800077560,0,31,0,0,2,4,0,B01
200800077561,0,7,0,0,1,1,1,A01
200800077562,0,7,0,0,2,6,4,A01
200800077562,0,31,0,0,2,1,1,B01
200800077563,0,7,0,0,2,7,1,A01
200800077563,0,7,0,0,2,1,1,B01
200800077564,0,7,0,0,1,1,1,A01
200800077565,0,7,0,13,0,9,1,A01
200800077566,0,33,0,0,2,1,17,A01
200800077566,0,10,0,0,2,0,15,B01
200800077567,0,7,0,0,2,2,15,A01
200800077567,0,33,0,0,2,1,1,B01
200800077568,0,7,0,0,1,7,1,A01
200800077569,0,2,0,0,2,8,1,B01
200800077569,0,31,0,0,2,1,1,A01